ISO-10303-21;
HEADER;
FILE_DESCRIPTION (( 'STEP AP214' ),
    '1' );
FILE_NAME ('1x3.STEP',
    '2019-03-31T21:23:55',
    ( '' ),
    ( '' ),
    'SwSTEP 2.0',
    'SolidWorks 2014',
    '' );
FILE_SCHEMA (( 'AUTOMOTIVE_DESIGN' ));
ENDSEC;

DATA;
#1 = AXIS2_PLACEMENT_3D ( 'NONE', #857, #1080, #758 ) ;
#2 = EDGE_CURVE ( 'NONE', #1305, #2775, #2489, .T. ) ;
#3 = SURFACE_SIDE_STYLE ('',( #1087 ) ) ;
#4 =( LENGTH_UNIT ( ) NAMED_UNIT ( * ) SI_UNIT ( .MILLI., .METRE. ) );
#5 = CARTESIAN_POINT ( 'NONE',  ( 0.2200000000000013100, -3.000000000000000000, 5.400000000000000400 ) ) ;
#6 =( GEOMETRIC_REPRESENTATION_CONTEXT ( 3 ) GLOBAL_UNCERTAINTY_ASSIGNED_CONTEXT ( ( #1039 ) ) GLOBAL_UNIT_ASSIGNED_CONTEXT ( ( #2725, #1239, #2981 ) ) REPRESENTATION_CONTEXT ( 'NONE', 'WORKASPACE' ) );
#7 = COLOUR_RGB ( '',0.7921568627450980000, 0.8196078431372548800, 0.9333333333333333500 ) ;
#8 = DIRECTION ( 'NONE',  ( 0.7071067811865474600, 0.0000000000000000000, -0.7071067811865474600 ) ) ;
#9 = CARTESIAN_POINT ( 'NONE',  ( 0.3200000000000006200, -3.000000000000000000, 2.319999999999999800 ) ) ;
#10 = VECTOR ( 'NONE', #871, 1000.000000000000000 ) ;
#11 = ADVANCED_FACE ( 'NONE', ( #2499 ), #3071, .T. ) ;
#12 = DIRECTION ( 'NONE',  ( 0.7071067811865474600, -0.0000000000000000000, -0.7071067811865474600 ) ) ;
#13 = SURFACE_STYLE_USAGE ( .BOTH. , #30 ) ;
#14 = PLANE ( 'NONE',  #836 ) ;
#15 = COLOUR_RGB ( '',1.000000000000000000, 1.000000000000000000, 1.000000000000000000 ) ;
#16 = CARTESIAN_POINT ( 'NONE',  ( -0.2199999999999994700, 8.339999999999999900, 2.220000000000000200 ) ) ;
#17 = CARTESIAN_POINT ( 'NONE',  ( -0.2199999999999999700, -3.000000000000000000, 0.3199999999999999500 ) ) ;
#18 = EDGE_LOOP ( 'NONE', ( #2333, #934, #465, #2721 ) ) ;
#19 = MECHANICAL_DESIGN_GEOMETRIC_PRESENTATION_REPRESENTATION (  '', ( #2783 ), #191 ) ;
#20 = EDGE_CURVE ( 'NONE', #225, #2932, #2291, .T. ) ;
#21 = VERTEX_POINT ( 'NONE', #1217 ) ;
#22 = VECTOR ( 'NONE', #2807, 1000.000000000000000 ) ;
#23 = CARTESIAN_POINT ( 'NONE',  ( -0.8700000000000001100, 1.700000000000000000, 1.269999999999999800 ) ) ;
#24 = CARTESIAN_POINT ( 'NONE',  ( -0.2199999999999994700, 8.339999999999999900, 2.220000000000000200 ) ) ;
#25 = ORIENTED_EDGE ( 'NONE', *, *, #742, .F. ) ;
#26 = ORIENTED_EDGE ( 'NONE', *, *, #1606, .F. ) ;
#27 = MECHANICAL_DESIGN_GEOMETRIC_PRESENTATION_REPRESENTATION (  '', ( #2791 ), #201 ) ;
#28 = CARTESIAN_POINT ( 'NONE',  ( 0.8699999999999987700, 1.700000000000000000, -1.270000000000000200 ) ) ;
#29 = EDGE_CURVE ( 'NONE', #2823, #3266, #2294, .T. ) ;
#30 = SURFACE_SIDE_STYLE ('',( #1940 ) ) ;
#31 = PLANE ( 'NONE',  #2511 ) ;
#32 = ORIENTED_EDGE ( 'NONE', *, *, #402, .F. ) ;
#33 = DIRECTION ( 'NONE',  ( 0.0000000000000000000, 1.000000000000000000, 0.0000000000000000000 ) ) ;
#34 = STYLED_ITEM ( 'NONE', ( #2368 ), #1953 ) ;
#35 = AXIS2_PLACEMENT_3D ( 'NONE', #1376, #3126, #1614 ) ;
#36 = AXIS2_PLACEMENT_3D ( 'NONE', #1447, #3197, #1687 ) ;
#37 = FILL_AREA_STYLE_COLOUR ( '', #1306 ) ;
#38 = CARTESIAN_POINT ( 'NONE',  ( -0.8700000000000005500, 1.700000000000000000, -1.270000000000000200 ) ) ;
#39 =( NAMED_UNIT ( * ) PLANE_ANGLE_UNIT ( ) SI_UNIT ( $, .RADIAN. ) );
#40 = PLANE ( 'NONE',  #276 ) ;
#41 = CARTESIAN_POINT ( 'NONE',  ( -0.2199999999999993600, 8.339999999999999900, 2.860000000000000300 ) ) ;
#42 = VECTOR ( 'NONE', #1877, 1000.000000000000000 ) ;
#43 = CARTESIAN_POINT ( 'NONE',  ( 0.8699999999999992200, 0.0000000000000000000, 1.269999999999999400 ) ) ;
#44 = EDGE_CURVE ( 'NONE', #225, #428, #2261, .T. ) ;
#45 = UNCERTAINTY_MEASURE_WITH_UNIT (LENGTH_MEASURE( 1.000000000000000100E-005 ), #1429, 'distance_accuracy_value', 'NONE');
#46 = CARTESIAN_POINT ( 'NONE',  ( -0.7500000000000000000, 0.2999999999999999900, -1.270000000000000500 ) ) ;
#47 = DIRECTION ( 'NONE',  ( -2.492418787322998300E-016, 0.0000000000000000000, -1.000000000000000000 ) ) ;
#48 = CARTESIAN_POINT ( 'NONE',  ( -1.270000000000000500, 1.700000000000000000, -0.8700000000000003300 ) ) ;
#49 = SURFACE_STYLE_FILL_AREA ( #2413 ) ;
#50 = ORIENTED_EDGE ( 'NONE', *, *, #2475, .F. ) ;
#51 = LINE ( 'NONE', #1227, #1163 ) ;
#52 = PLANE ( 'NONE',  #1226 ) ;
#53 = DIRECTION ( 'NONE',  ( -2.492418787322998300E-016, 0.0000000000000000000, -1.000000000000000000 ) ) ;
#54 = ORIENTED_EDGE ( 'NONE', *, *, #193, .T. ) ;
#55 = PRESENTATION_STYLE_ASSIGNMENT (( #1654 ) ) ;
#56 = EDGE_CURVE ( 'NONE', #855, #2823, #2252, .T. ) ;
#57 = MECHANICAL_DESIGN_GEOMETRIC_PRESENTATION_REPRESENTATION (  '', ( #2826 ), #236 ) ;
#58 = DIRECTION ( 'NONE',  ( 1.000000000000000000, -0.0000000000000000000, -2.492418787322999700E-016 ) ) ;
#59 = ORIENTED_EDGE ( 'NONE', *, *, #694, .F. ) ;
#60 = DIRECTION ( 'NONE',  ( 0.7071067811865474600, 0.0000000000000000000, -0.7071067811865474600 ) ) ;
#61 = ORIENTED_EDGE ( 'NONE', *, *, #1540, .F. ) ;
#62 = ORIENTED_EDGE ( 'NONE', *, *, #339, .F. ) ;
#63 = STYLED_ITEM ( 'NONE', ( #1139 ), #1725 ) ;
#64 = VERTEX_POINT ( 'NONE', #973 ) ;
#65 = EDGE_CURVE ( 'NONE', #2205, #1134, #2178, .T. ) ;
#66 = SURFACE_STYLE_FILL_AREA ( #2251 ) ;
#67 = CARTESIAN_POINT ( 'NONE',  ( -0.2199999999999987000, -3.000000000000000000, 5.400000000000000400 ) ) ;
#68 =( NAMED_UNIT ( * ) PLANE_ANGLE_UNIT ( ) SI_UNIT ( $, .RADIAN. ) );
#69 = ORIENTED_EDGE ( 'NONE', *, *, #2157, .F. ) ;
#70 = DIRECTION ( 'NONE',  ( 0.7071067811865475700, -0.0000000000000000000, 0.7071067811865475700 ) ) ;
#71 = SURFACE_STYLE_FILL_AREA ( #560 ) ;
#72 = DIRECTION ( 'NONE',  ( -0.7071067811865474600, -0.0000000000000000000, 0.7071067811865474600 ) ) ;
#73 = MECHANICAL_DESIGN_GEOMETRIC_PRESENTATION_REPRESENTATION (  '', ( #2835 ), #244 ) ;
#74 = EDGE_CURVE ( 'NONE', #1101, #261, #2301, .T. ) ;
#75 =( NAMED_UNIT ( * ) PLANE_ANGLE_UNIT ( ) SI_UNIT ( $, .RADIAN. ) );
#76 = EDGE_CURVE ( 'NONE', #261, #1529, #2167, .T. ) ;
#77 =( NAMED_UNIT ( * ) SI_UNIT ( $, .STERADIAN. ) SOLID_ANGLE_UNIT ( ) );
#78 = VECTOR ( 'NONE', #132, 1000.000000000000100 ) ;
#79 = CARTESIAN_POINT ( 'NONE',  ( 1.269999999999999400, 1.700000000000000000, 1.669999999999999900 ) ) ;
#80 = PRESENTATION_LAYER_ASSIGNMENT (  '', '', ( #3005 ) ) ;
#81 =( NAMED_UNIT ( * ) SI_UNIT ( $, .STERADIAN. ) SOLID_ANGLE_UNIT ( ) );
#82 = STYLED_ITEM ( 'NONE', ( #1653 ), #3012 ) ;
#83 = SURFACE_SIDE_STYLE ('',( #1169 ) ) ;
#84 = EDGE_CURVE ( 'NONE', #3168, #2861, #2218, .T. ) ;
#85 = LINE ( 'NONE', #673, #2676 ) ;
#86 = UNCERTAINTY_MEASURE_WITH_UNIT (LENGTH_MEASURE( 1.000000000000000100E-005 ), #153, 'distance_accuracy_value', 'NONE');
#87 = CARTESIAN_POINT ( 'NONE',  ( -0.3199999999999993400, -3.000000000000000000, 2.760000000000000200 ) ) ;
#88 = ORIENTED_EDGE ( 'NONE', *, *, #1273, .T. ) ;
#89 = VECTOR ( 'NONE', #280, 1000.000000000000100 ) ;
#90 = DIRECTION ( 'NONE',  ( -1.000000000000000000, -0.0000000000000000000, -0.0000000000000000000 ) ) ;
#91 = SURFACE_SIDE_STYLE ('',( #3262 ) ) ;
#92 = STYLED_ITEM ( 'NONE', ( #383 ), #500 ) ;
#93 = DIRECTION ( 'NONE',  ( 0.0000000000000000000, 1.000000000000000000, 0.0000000000000000000 ) ) ;
#94 = ORIENTED_EDGE ( 'NONE', *, *, #526, .F. ) ;
#95 = ORIENTED_EDGE ( 'NONE', *, *, #2786, .T. ) ;
#96 = DIRECTION ( 'NONE',  ( -0.7071067811865474600, 0.0000000000000000000, 0.7071067811865474600 ) ) ;
#97 = ORIENTED_EDGE ( 'NONE', *, *, #2926, .T. ) ;
#98 = EDGE_LOOP ( 'NONE', ( #1587, #3259, #3248, #1672 ) ) ;
#99 = VECTOR ( 'NONE', #3034, 1000.000000000000000 ) ;
#100 = FILL_AREA_STYLE_COLOUR ( '', #1834 ) ;
#101 = ORIENTED_EDGE ( 'NONE', *, *, #2880, .F. ) ;
#102 = ORIENTED_EDGE ( 'NONE', *, *, #748, .F. ) ;
#103 = PRESENTATION_STYLE_ASSIGNMENT (( #2550 ) ) ;
#104 = DIRECTION ( 'NONE',  ( -0.7071067811865474600, 0.0000000000000000000, -0.7071067811865474600 ) ) ;
#105 = VERTEX_POINT ( 'NONE', #485 ) ;
#106 = PRESENTATION_STYLE_ASSIGNMENT (( #2222 ) ) ;
#107 =( GEOMETRIC_REPRESENTATION_CONTEXT ( 3 ) GLOBAL_UNCERTAINTY_ASSIGNED_CONTEXT ( ( #1020 ) ) GLOBAL_UNIT_ASSIGNED_CONTEXT ( ( #243, #1994, #496 ) ) REPRESENTATION_CONTEXT ( 'NONE', 'WORKASPACE' ) );
#108 = CARTESIAN_POINT ( 'NONE',  ( -0.3199999999999987300, -3.000000000000000000, 5.299999999999999800 ) ) ;
#109 = CARTESIAN_POINT ( 'NONE',  ( -0.7500000000000000000, 0.2999999999999999900, 2.220000000000000600 ) ) ;
#110 = FILL_AREA_STYLE_COLOUR ( '', #1426 ) ;
#111 = DIRECTION ( 'NONE',  ( -0.7071067811865475700, 0.0000000000000000000, -0.7071067811865475700 ) ) ;
#112 = DIRECTION ( 'NONE',  ( 0.7071067811865474600, -0.0000000000000000000, 0.7071067811865474600 ) ) ;
#113 = FACE_OUTER_BOUND ( 'NONE', #1168, .T. ) ;
#114 = CARTESIAN_POINT ( 'NONE',  ( 1.270000000000000500, 0.0000000000000000000, 5.949999999999999300 ) ) ;
#115 = SURFACE_STYLE_USAGE ( .BOTH. , #1619 ) ;
#116 = CARTESIAN_POINT ( 'NONE',  ( 0.3200000000000012300, -3.000000000000000000, 4.860000000000000300 ) ) ;
#117 =( NAMED_UNIT ( * ) SI_UNIT ( $, .STERADIAN. ) SOLID_ANGLE_UNIT ( ) );
#118 = AXIS2_PLACEMENT_3D ( 'NONE', #2988, #1502, #3263 ) ;
#119 = CARTESIAN_POINT ( 'NONE',  ( -0.7500000000000000000, 0.0000000000000000000, -1.270000000000000500 ) ) ;
#120 = ORIENTED_EDGE ( 'NONE', *, *, #1497, .F. ) ;
#121 = LINE ( 'NONE', #2160, #1395 ) ;
#122 = DIRECTION ( 'NONE',  ( -0.7071067811865474600, -0.0000000000000000000, -0.7071067811865474600 ) ) ;
#123 = PRESENTATION_STYLE_ASSIGNMENT (( #2832 ) ) ;
#124 = PRESENTATION_LAYER_ASSIGNMENT (  '', '', ( #3054 ) ) ;
#125 = ORIENTED_EDGE ( 'NONE', *, *, #1575, .F. ) ;
#126 =( NAMED_UNIT ( * ) PLANE_ANGLE_UNIT ( ) SI_UNIT ( $, .RADIAN. ) );
#127 = MECHANICAL_DESIGN_GEOMETRIC_PRESENTATION_REPRESENTATION (  '', ( #2896 ), #321 ) ;
#128 = EDGE_CURVE ( 'NONE', #527, #913, #2136, .T. ) ;
#129 = SURFACE_STYLE_USAGE ( .BOTH. , #1637 ) ;
#130 = ORIENTED_EDGE ( 'NONE', *, *, #3150, .F. ) ;
#131 = LINE ( 'NONE', #2061, #1485 ) ;
#132 = DIRECTION ( 'NONE',  ( 0.7071067811865474600, -0.0000000000000000000, -0.7071067811865474600 ) ) ;
#133 = DIRECTION ( 'NONE',  ( -0.0000000000000000000, -1.000000000000000000, -0.0000000000000000000 ) ) ;
#134 = COLOUR_RGB ( '',0.0000000000000000000, 0.03529411764705882300, 0.05882352941176470500 ) ;
#135 = ORIENTED_EDGE ( 'NONE', *, *, #2332, .T. ) ;
#136 = ORIENTED_EDGE ( 'NONE', *, *, #20, .F. ) ;
#137 = PLANE ( 'NONE',  #1982 ) ;
#138 = CARTESIAN_POINT ( 'NONE',  ( 2.530000000000000200, 0.2999999999999999900, 2.009999999999999800 ) ) ;
#139 = FACE_OUTER_BOUND ( 'NONE', #591, .T. ) ;
#140 = EDGE_LOOP ( 'NONE', ( #843, #32, #2531, #95 ) ) ;
#141 = AXIS2_PLACEMENT_3D ( 'NONE', #28, #1783, #290 ) ;
#142 = FILL_AREA_STYLE ('',( #1643 ) ) ;
#143 = FILL_AREA_STYLE ('',( #1153 ) ) ;
#144 = LINE ( 'NONE', #1315, #2060 ) ;
#145 =( LENGTH_UNIT ( ) NAMED_UNIT ( * ) SI_UNIT ( .MILLI., .METRE. ) );
#146 = PLANE ( 'NONE',  #2506 ) ;
#147 = CARTESIAN_POINT ( 'NONE',  ( 0.0000000000000000000, -3.000000000000000000, 0.0000000000000000000 ) ) ;
#148 = AXIS2_PLACEMENT_3D ( 'NONE', #2505, #1018, #2753 ) ;
#149 = CARTESIAN_POINT ( 'NONE',  ( -2.809999999999999200, 1.700000000000000000, 2.809999999999999200 ) ) ;
#150 = DIRECTION ( 'NONE',  ( 0.0000000000000000000, -0.0000000000000000000, -1.000000000000000000 ) ) ;
#151 = CARTESIAN_POINT ( 'NONE',  ( 0.0000000000000000000, 1.700000000000000000, 4.760000000000000700 ) ) ;
#152 = LINE ( 'NONE', #1396, #2873 ) ;
#153 =( LENGTH_UNIT ( ) NAMED_UNIT ( * ) SI_UNIT ( .MILLI., .METRE. ) );
#154 = LINE ( 'NONE', #3160, #78 ) ;
#155 = CARTESIAN_POINT ( 'NONE',  ( 1.269999999999999800, 0.0000000000000000000, 3.409999999999999700 ) ) ;
#156 = EDGE_CURVE ( 'NONE', #1529, #584, #2120, .T. ) ;
#157 =( NAMED_UNIT ( * ) PLANE_ANGLE_UNIT ( ) SI_UNIT ( $, .RADIAN. ) );
#158 = VECTOR ( 'NONE', #1631, 1000.000000000000100 ) ;
#159 = PLANE ( 'NONE',  #690 ) ;
#160 = LINE ( 'NONE', #1468, #2009 ) ;
#161 = FILL_AREA_STYLE_COLOUR ( '', #495 ) ;
#162 = DIRECTION ( 'NONE',  ( 0.0000000000000000000, 0.0000000000000000000, -1.000000000000000000 ) ) ;
#163 = VERTEX_POINT ( 'NONE', #475 ) ;
#164 = FACE_OUTER_BOUND ( 'NONE', #375, .T. ) ;
#165 = PRESENTATION_LAYER_ASSIGNMENT (  '', '', ( #3094 ) ) ;
#166 = VECTOR ( 'NONE', #2366, 1000.000000000000100 ) ;
#167 = CARTESIAN_POINT ( 'NONE',  ( -0.8699999999999987700, 0.0000000000000000000, 6.349999999999999600 ) ) ;
#168 = EDGE_CURVE ( 'NONE', #1302, #1394, #2093, .T. ) ;
#169 = CARTESIAN_POINT ( 'NONE',  ( 0.2200000000000018900, 1.700000000000000000, 4.760000000000000700 ) ) ;
#170 = ORIENTED_EDGE ( 'NONE', *, *, #1987, .T. ) ;
#171 = SURFACE_STYLE_FILL_AREA ( #948 ) ;
#172 = PRESENTATION_STYLE_ASSIGNMENT (( #2409 ) ) ;
#173 = ORIENTED_EDGE ( 'NONE', *, *, #2845, .T. ) ;
#174 = DIRECTION ( 'NONE',  ( -1.000000000000000000, 0.0000000000000000000, -0.0000000000000000000 ) ) ;
#175 = SURFACE_STYLE_FILL_AREA ( #2566 ) ;
#176 = ORIENTED_EDGE ( 'NONE', *, *, #29, .F. ) ;
#177 = VECTOR ( 'NONE', #287, 1000.000000000000000 ) ;
#178 = ADVANCED_FACE ( 'NONE', ( #2025, #2052, #2083 ), #325, .F. ) ;
#179 = FILL_AREA_STYLE_COLOUR ( '', #2081 ) ;
#180 =( NAMED_UNIT ( * ) PLANE_ANGLE_UNIT ( ) SI_UNIT ( $, .RADIAN. ) );
#181 = LINE ( 'NONE', #2057, #220 ) ;
#182 = VERTEX_POINT ( 'NONE', #200 ) ;
#183 = FILL_AREA_STYLE ('',( #466 ) ) ;
#184 = EDGE_LOOP ( 'NONE', ( #3033, #2815, #2649, #979 ) ) ;
#185 = DIRECTION ( 'NONE',  ( -0.7071067811865474600, 0.0000000000000000000, -0.7071067811865474600 ) ) ;
#186 = VECTOR ( 'NONE', #2541, 1000.000000000000100 ) ;
#187 = DIRECTION ( 'NONE',  ( 0.7071067811865474600, 0.0000000000000000000, 0.7071067811865474600 ) ) ;
#188 = VERTEX_POINT ( 'NONE', #710 ) ;
#189 = FACE_OUTER_BOUND ( 'NONE', #1258, .T. ) ;
#190 = PRODUCT_CONTEXT ( 'NONE', #2177, 'mechanical' ) ;
#191 =( GEOMETRIC_REPRESENTATION_CONTEXT ( 3 ) GLOBAL_UNCERTAINTY_ASSIGNED_CONTEXT ( ( #2284 ) ) GLOBAL_UNIT_ASSIGNED_CONTEXT ( ( #2674, #1184, #2933 ) ) REPRESENTATION_CONTEXT ( 'NONE', 'WORKASPACE' ) );
#192 = DIRECTION ( 'NONE',  ( 2.464095846557964400E-016, 0.0000000000000000000, 1.000000000000000000 ) ) ;
#193 = EDGE_CURVE ( 'NONE', #2727, #1846, #1989, .T. ) ;
#194 = PRESENTATION_STYLE_ASSIGNMENT (( #246 ) ) ;
#195 =( LENGTH_UNIT ( ) NAMED_UNIT ( * ) SI_UNIT ( .MILLI., .METRE. ) );
#196 = UNCERTAINTY_MEASURE_WITH_UNIT (LENGTH_MEASURE( 1.000000000000000100E-005 ), #2141, 'distance_accuracy_value', 'NONE');
#197 = STYLED_ITEM ( 'NONE', ( #3018 ), #1462 ) ;
#198 = CARTESIAN_POINT ( 'NONE',  ( -0.3199999999999987300, -3.000000000000000000, 5.299999999999999800 ) ) ;
#199 = DIRECTION ( 'NONE',  ( 2.492418787322998300E-016, 0.0000000000000000000, 1.000000000000000000 ) ) ;
#200 = CARTESIAN_POINT ( 'NONE',  ( -0.2199999999999987000, -3.000000000000000000, 5.400000000000000400 ) ) ;
#201 =( GEOMETRIC_REPRESENTATION_CONTEXT ( 3 ) GLOBAL_UNCERTAINTY_ASSIGNED_CONTEXT ( ( #2967 ) ) GLOBAL_UNIT_ASSIGNED_CONTEXT ( ( #2109, #623, #2358 ) ) REPRESENTATION_CONTEXT ( 'NONE', 'WORKASPACE' ) );
#202 = CARTESIAN_POINT ( 'NONE',  ( -1.269999999999999400, 0.0000000000000000000, 3.409999999999999700 ) ) ;
#203 = EDGE_CURVE ( 'NONE', #21, #1895, #2016, .T. ) ;
#204 = ADVANCED_FACE ( 'NONE', ( #1983 ), #315, .F. ) ;
#205 = AXIS2_PLACEMENT_3D ( 'NONE', #2819, #1325, #3057 ) ;
#206 =( LENGTH_UNIT ( ) NAMED_UNIT ( * ) SI_UNIT ( .MILLI., .METRE. ) );
#207 = PRESENTATION_LAYER_ASSIGNMENT (  '', '', ( #3129 ) ) ;
#208 = PRODUCT_DEFINITION ( 'UNKNOWN', '', #373, #1047 ) ;
#209 = PLANE ( 'NONE',  #1397 ) ;
#210 =( NAMED_UNIT ( * ) PLANE_ANGLE_UNIT ( ) SI_UNIT ( $, .RADIAN. ) );
#211 = FILL_AREA_STYLE ('',( #2953 ) ) ;
#212 = CARTESIAN_POINT ( 'NONE',  ( -0.8699999999999998800, 1.700000000000000000, 1.269999999999999800 ) ) ;
#213 = CARTESIAN_POINT ( 'NONE',  ( 0.3199999999999999500, -3.000000000000000000, -0.2200000000000000800 ) ) ;
#214 = VECTOR ( 'NONE', #728, 1000.000000000000000 ) ;
#215 = PRESENTATION_STYLE_ASSIGNMENT (( #987 ) ) ;
#216 = ADVANCED_FACE ( 'NONE', ( #2048 ), #572, .F. ) ;
#217 = STYLED_ITEM ( 'NONE', ( #2278 ), #1236 ) ;
#218 = CARTESIAN_POINT ( 'NONE',  ( 1.269999999999998700, 1.700000000000000000, -0.8700000000000003300 ) ) ;
#219 = DIRECTION ( 'NONE',  ( 0.7071067811865474600, 0.0000000000000000000, -0.7071067811865474600 ) ) ;
#220 = VECTOR ( 'NONE', #3042, 1000.000000000000000 ) ;
#221 = VERTEX_POINT ( 'NONE', #250 ) ;
#222 = CARTESIAN_POINT ( 'NONE',  ( -0.8699999999999992200, 1.700000000000000000, 3.810000000000000100 ) ) ;
#223 = PLANE ( 'NONE',  #2367 ) ;
#224 = EDGE_CURVE ( 'NONE', #163, #64, #1720, .T. ) ;
#225 = VERTEX_POINT ( 'NONE', #2672 ) ;
#226 = VERTEX_POINT ( 'NONE', #3156 ) ;
#227 = ORIENTED_EDGE ( 'NONE', *, *, #1427, .T. ) ;
#228 = VECTOR ( 'NONE', #2308, 1000.000000000000100 ) ;
#229 = ORIENTED_EDGE ( 'NONE', *, *, #84, .T. ) ;
#230 = DIRECTION ( 'NONE',  ( -0.7071067811865475700, 0.0000000000000000000, 0.7071067811865475700 ) ) ;
#231 = DIRECTION ( 'NONE',  ( -2.492418787322999200E-016, -0.0000000000000000000, -1.000000000000000000 ) ) ;
#232 =( NAMED_UNIT ( * ) PLANE_ANGLE_UNIT ( ) SI_UNIT ( $, .RADIAN. ) );
#233 = EDGE_CURVE ( 'NONE', #1887, #1216, #1749, .T. ) ;
#234 = LINE ( 'NONE', #2800, #824 ) ;
#235 = FILL_AREA_STYLE_COLOUR ( '', #2226 ) ;
#236 =( GEOMETRIC_REPRESENTATION_CONTEXT ( 3 ) GLOBAL_UNCERTAINTY_ASSIGNED_CONTEXT ( ( #2860 ) ) GLOBAL_UNIT_ASSIGNED_CONTEXT ( ( #4, #3214, #1909 ) ) REPRESENTATION_CONTEXT ( 'NONE', 'WORKASPACE' ) );
#237 = ADVANCED_FACE ( 'NONE', ( #1705 ), #2646, .F. ) ;
#238 = DIRECTION ( 'NONE',  ( -0.7071067811865475700, 0.0000000000000000000, 0.7071067811865475700 ) ) ;
#239 = AXIS2_PLACEMENT_3D ( 'NONE', #1078, #2829, #1330 ) ;
#240 = EDGE_CURVE ( 'NONE', #3258, #1394, #1492, .T. ) ;
#241 = DIRECTION ( 'NONE',  ( -1.232047923278982200E-016, 0.0000000000000000000, -1.000000000000000000 ) ) ;
#242 = CARTESIAN_POINT ( 'NONE',  ( 0.8700000000000005500, 0.0000000000000000000, 6.349999999999999600 ) ) ;
#243 =( LENGTH_UNIT ( ) NAMED_UNIT ( * ) SI_UNIT ( .MILLI., .METRE. ) );
#244 =( GEOMETRIC_REPRESENTATION_CONTEXT ( 3 ) GLOBAL_UNCERTAINTY_ASSIGNED_CONTEXT ( ( #2768 ) ) GLOBAL_UNIT_ASSIGNED_CONTEXT ( ( #2423, #931, #2677 ) ) REPRESENTATION_CONTEXT ( 'NONE', 'WORKASPACE' ) );
#245 = EDGE_CURVE ( 'NONE', #527, #467, #1528, .T. ) ;
#246 = SURFACE_STYLE_USAGE ( .BOTH. , #1744 ) ;
#247 = ADVANCED_FACE ( 'NONE', ( #1519 ), #1879, .F. ) ;
#248 = CARTESIAN_POINT ( 'NONE',  ( -0.3199999999999994500, -3.000000000000000000, 2.319999999999999800 ) ) ;
#249 = EDGE_CURVE ( 'NONE', #2775, #1302, #1262, .T. ) ;
#250 = CARTESIAN_POINT ( 'NONE',  ( -0.2199999999999995000, 1.700000000000000000, 2.219999999999999800 ) ) ;
#251 = SURFACE_STYLE_USAGE ( .BOTH. , #1752 ) ;
#252 = DIRECTION ( 'NONE',  ( -1.000000000000000000, 0.0000000000000000000, 2.464095846557964400E-016 ) ) ;
#253 = ORIENTED_EDGE ( 'NONE', *, *, #2825, .F. ) ;
#254 = MECHANICAL_DESIGN_GEOMETRIC_PRESENTATION_REPRESENTATION (  '', ( #3005 ), #431 ) ;
#255 = PRESENTATION_STYLE_ASSIGNMENT (( #1387 ) ) ;
#256 = ORIENTED_EDGE ( 'NONE', *, *, #2948, .T. ) ;
#257 = FACE_OUTER_BOUND ( 'NONE', #580, .T. ) ;
#258 = LINE ( 'NONE', #2321, #1585 ) ;
#259 = FACE_OUTER_BOUND ( 'NONE', #2934, .T. ) ;
#260 = PLANE ( 'NONE',  #1170 ) ;
#261 = VERTEX_POINT ( 'NONE', #1189 ) ;
#262 = VECTOR ( 'NONE', #96, 1000.000000000000100 ) ;
#263 = AXIS2_PLACEMENT_3D ( 'NONE', #1670, #162, #1914 ) ;
#264 =( LENGTH_UNIT ( ) NAMED_UNIT ( * ) SI_UNIT ( .MILLI., .METRE. ) );
#265 = EDGE_CURVE ( 'NONE', #344, #2597, #1254, .T. ) ;
#266 = VERTEX_POINT ( 'NONE', #1928 ) ;
#267 = DIRECTION ( 'NONE',  ( -1.000000000000000000, 0.0000000000000000000, 2.492418787322999700E-016 ) ) ;
#268 = VERTEX_POINT ( 'NONE', #938 ) ;
#269 = CARTESIAN_POINT ( 'NONE',  ( 0.8700000000000005500, 1.700000000000000000, 6.349999999999999600 ) ) ;
#270 = LINE ( 'NONE', #518, #1526 ) ;
#271 = CARTESIAN_POINT ( 'NONE',  ( -0.2199999999999999700, -3.000000000000000000, 0.3199999999999999500 ) ) ;
#272 = ORIENTED_EDGE ( 'NONE', *, *, #1730, .F. ) ;
#273 = VERTEX_POINT ( 'NONE', #1411 ) ;
#274 = ADVANCED_FACE ( 'NONE', ( #1311 ), #1158, .T. ) ;
#275 = LINE ( 'NONE', #1307, #1532 ) ;
#276 = AXIS2_PLACEMENT_3D ( 'NONE', #3053, #1556, #47 ) ;
#277 = ORIENTED_EDGE ( 'NONE', *, *, #2265, .T. ) ;
#278 = DIRECTION ( 'NONE',  ( -2.492418787322999200E-016, -0.0000000000000000000, -1.000000000000000000 ) ) ;
#279 = DIRECTION ( 'NONE',  ( -1.232047923278982200E-016, 0.0000000000000000000, -1.000000000000000000 ) ) ;
#280 = DIRECTION ( 'NONE',  ( -0.7071067811865474600, -0.0000000000000000000, 0.7071067811865474600 ) ) ;
#281 = SURFACE_STYLE_FILL_AREA ( #3269 ) ;
#282 = CARTESIAN_POINT ( 'NONE',  ( 0.2199999999999999700, 8.339999999999999900, -0.3200000000000000600 ) ) ;
#283 = CARTESIAN_POINT ( 'NONE',  ( -0.7500000000000000000, 0.0000000000000000000, -1.270000000000000500 ) ) ;
#284 = CARTESIAN_POINT ( 'NONE',  ( -0.3200000000000000600, -3.000000000000000000, -0.2200000000000000800 ) ) ;
#285 = LINE ( 'NONE', #284, #3046 ) ;
#286 = DIRECTION ( 'NONE',  ( -1.232047923278982200E-016, -0.0000000000000000000, -1.000000000000000000 ) ) ;
#287 = DIRECTION ( 'NONE',  ( -0.0000000000000000000, -1.000000000000000000, -0.0000000000000000000 ) ) ;
#288 = CARTESIAN_POINT ( 'NONE',  ( -0.7499999999999986700, 0.0000000000000000000, 6.349999999999999600 ) ) ;
#289 = VECTOR ( 'NONE', #626, 1000.000000000000000 ) ;
#290 = DIRECTION ( 'NONE',  ( 1.000000000000000000, 0.0000000000000000000, -0.0000000000000000000 ) ) ;
#291 = DIRECTION ( 'NONE',  ( 0.7071067811865474600, 0.0000000000000000000, 0.7071067811865474600 ) ) ;
#292 = SURFACE_SIDE_STYLE ('',( #768 ) ) ;
#293 = CARTESIAN_POINT ( 'NONE',  ( 0.2200000000000013100, -3.000000000000000000, 5.400000000000000400 ) ) ;
#294 = LINE ( 'NONE', #138, #1544 ) ;
#295 = SURFACE_STYLE_FILL_AREA ( #359 ) ;
#296 = DIRECTION ( 'NONE',  ( 0.7071067811865474600, -0.0000000000000000000, -0.7071067811865474600 ) ) ;
#297 = COLOUR_RGB ( '',1.000000000000000000, 1.000000000000000000, 1.000000000000000000 ) ;
#298 = FACE_OUTER_BOUND ( 'NONE', #3083, .T. ) ;
#299 = EDGE_LOOP ( 'NONE', ( #731, #3045, #2563, #1817 ) ) ;
#300 = LINE ( 'NONE', #1474, #528 ) ;
#301 = UNCERTAINTY_MEASURE_WITH_UNIT (LENGTH_MEASURE( 1.000000000000000100E-005 ), #2350, 'distance_accuracy_value', 'NONE');
#302 = DIRECTION ( 'NONE',  ( -2.492418787322999700E-016, 0.0000000000000000000, -1.000000000000000000 ) ) ;
#303 = DIRECTION ( 'NONE',  ( 2.492418787322998300E-016, 0.0000000000000000000, 1.000000000000000000 ) ) ;
#304 = CARTESIAN_POINT ( 'NONE',  ( -0.2199999999999994700, -3.000000000000000000, 2.220000000000000200 ) ) ;
#305 = ORIENTED_EDGE ( 'NONE', *, *, #2088, .F. ) ;
#306 = FACE_OUTER_BOUND ( 'NONE', #184, .T. ) ;
#307 = PRESENTATION_LAYER_ASSIGNMENT (  '', '', ( #3233 ) ) ;
#308 = ORIENTED_EDGE ( 'NONE', *, *, #2099, .T. ) ;
#309 = COLOUR_RGB ( '',1.000000000000000000, 1.000000000000000000, 1.000000000000000000 ) ;
#310 = FILL_AREA_STYLE ('',( #37 ) ) ;
#311 = PLANE ( 'NONE',  #363 ) ;
#312 = ORIENTED_EDGE ( 'NONE', *, *, #1443, .T. ) ;
#313 = EDGE_LOOP ( 'NONE', ( #815, #2029, #1787, #277 ) ) ;
#314 = LINE ( 'NONE', #2192, #386 ) ;
#315 = PLANE ( 'NONE',  #2985 ) ;
#316 = FILL_AREA_STYLE_COLOUR ( '', #343 ) ;
#317 = ORIENTED_EDGE ( 'NONE', *, *, #2317, .T. ) ;
#318 = SURFACE_STYLE_FILL_AREA ( #2498 ) ;
#319 = DIRECTION ( 'NONE',  ( -2.492418787322998300E-016, 0.0000000000000000000, -1.000000000000000000 ) ) ;
#320 = MECHANICAL_DESIGN_GEOMETRIC_PRESENTATION_REPRESENTATION (  '', ( #3054 ), #478 ) ;
#321 =( GEOMETRIC_REPRESENTATION_CONTEXT ( 3 ) GLOBAL_UNCERTAINTY_ASSIGNED_CONTEXT ( ( #1684 ) ) GLOBAL_UNIT_ASSIGNED_CONTEXT ( ( #2906, #1410, #3163 ) ) REPRESENTATION_CONTEXT ( 'NONE', 'WORKASPACE' ) );
#322 = LINE ( 'NONE', #778, #1636 ) ;
#323 = EDGE_CURVE ( 'NONE', #2398, #3041, #1214, .T. ) ;
#324 = PLANE ( 'NONE',  #1379 ) ;
#325 = PLANE ( 'NONE',  #2637 ) ;
#326 = PRESENTATION_LAYER_ASSIGNMENT (  '', '', ( #3250 ) ) ;
#327 = SURFACE_SIDE_STYLE ('',( #2461 ) ) ;
#328 = FACE_OUTER_BOUND ( 'NONE', #1790, .T. ) ;
#329 = STYLED_ITEM ( 'NONE', ( #1197 ), #2960 ) ;
#330 = PRESENTATION_LAYER_ASSIGNMENT (  '', '', ( #3256 ) ) ;
#331 = CARTESIAN_POINT ( 'NONE',  ( -0.3199999999999988400, 8.339999999999999900, 4.860000000000000300 ) ) ;
#332 = DIRECTION ( 'NONE',  ( 0.7071067811865475700, -0.0000000000000000000, 0.7071067811865475700 ) ) ;
#333 = CARTESIAN_POINT ( 'NONE',  ( -0.3199999999999994500, -3.000000000000000000, 2.319999999999999800 ) ) ;
#334 = ORIENTED_EDGE ( 'NONE', *, *, #2035, .F. ) ;
#335 = LINE ( 'NONE', #87, #2243 ) ;
#336 = LINE ( 'NONE', #2616, #1581 ) ;
#337 = VERTEX_POINT ( 'NONE', #169 ) ;
#338 = CARTESIAN_POINT ( 'NONE',  ( 1.266148743960083200E-015, 8.339999999999999900, 5.080000000000000100 ) ) ;
#339 = EDGE_CURVE ( 'NONE', #2861, #2263, #1023, .T. ) ;
#340 = EDGE_LOOP ( 'NONE', ( #737, #1629, #2994, #2131 ) ) ;
#341 = DIRECTION ( 'NONE',  ( -2.492418787322999200E-016, -0.0000000000000000000, -1.000000000000000000 ) ) ;
#342 = CARTESIAN_POINT ( 'NONE',  ( 1.269999999999999800, 1.700000000000000000, 3.409999999999999700 ) ) ;
#343 = COLOUR_RGB ( '',1.000000000000000000, 1.000000000000000000, 1.000000000000000000 ) ;
#344 = VERTEX_POINT ( 'NONE', #202 ) ;
#345 = ORIENTED_EDGE ( 'NONE', *, *, #2756, .F. ) ;
#346 = LINE ( 'NONE', #1283, #1668 ) ;
#347 = MECHANICAL_DESIGN_GEOMETRIC_PRESENTATION_REPRESENTATION (  '', ( #3094 ), #511 ) ;
#348 = SURFACE_STYLE_FILL_AREA ( #2040 ) ;
#349 = ORIENTED_EDGE ( 'NONE', *, *, #1646, .T. ) ;
#350 = ORIENTED_EDGE ( 'NONE', *, *, #2659, .F. ) ;
#351 = EDGE_CURVE ( 'NONE', #188, #2644, #1057, .T. ) ;
#352 = VECTOR ( 'NONE', #2279, 1000.000000000000000 ) ;
#353 =( LENGTH_UNIT ( ) NAMED_UNIT ( * ) SI_UNIT ( .MILLI., .METRE. ) );
#354 = SURFACE_STYLE_USAGE ( .BOTH. , #1832 ) ;
#355 =( LENGTH_UNIT ( ) NAMED_UNIT ( * ) SI_UNIT ( .MILLI., .METRE. ) );
#356 = STYLED_ITEM ( 'NONE', ( #2996 ), #2426 ) ;
#357 = CARTESIAN_POINT ( 'NONE',  ( 0.2200000000000006700, -3.000000000000000000, 2.860000000000000300 ) ) ;
#358 = FILL_AREA_STYLE ('',( #2864 ) ) ;
#359 = FILL_AREA_STYLE ('',( #1716 ) ) ;
#360 = DIRECTION ( 'NONE',  ( 0.0000000000000000000, 1.000000000000000000, 0.0000000000000000000 ) ) ;
#361 = FILL_AREA_STYLE_COLOUR ( '', #2585 ) ;
#362 = EDGE_CURVE ( 'NONE', #430, #3050, #983, .T. ) ;
#363 = AXIS2_PLACEMENT_3D ( 'NONE', #3058, #1562, #53 ) ;
#364 = STYLED_ITEM ( 'NONE', ( #2318 ), #3224 ) ;
#365 = CARTESIAN_POINT ( 'NONE',  ( -1.269999999999999100, 0.0000000000000000000, 4.210000000000000000 ) ) ;
#366 = EDGE_CURVE ( 'NONE', #2484, #2132, #978, .T. ) ;
#367 = SURFACE_STYLE_USAGE ( .BOTH. , #1849 ) ;
#368 = VECTOR ( 'NONE', #2217, 1000.000000000000000 ) ;
#369 = CARTESIAN_POINT ( 'NONE',  ( 0.3200000000000006200, 8.339999999999999900, 2.319999999999999800 ) ) ;
#370 = PRESENTATION_LAYER_ASSIGNMENT (  '', '', ( #34 ) ) ;
#371 = CARTESIAN_POINT ( 'NONE',  ( 0.3200000000000006700, 8.339999999999999900, 2.760000000000000200 ) ) ;
#372 = MECHANICAL_DESIGN_GEOMETRIC_PRESENTATION_REPRESENTATION (  '', ( #3129 ), #546 ) ;
#373 = PRODUCT_DEFINITION_FORMATION_WITH_SPECIFIED_SOURCE ( 'ANY', '', #1815, .NOT_KNOWN. ) ;
#374 = CARTESIAN_POINT ( 'NONE',  ( 0.3200000000000012300, 1.700000000000000000, 4.860000000000000300 ) ) ;
#375 = EDGE_LOOP ( 'NONE', ( #1578, #1942, #2697, #1335, #1327, #1936, #2977, #1784 ) ) ;
#376 = COLOUR_RGB ( '',1.000000000000000000, 1.000000000000000000, 1.000000000000000000 ) ;
#377 = FACE_OUTER_BOUND ( 'NONE', #1624, .T. ) ;
#378 = ORIENTED_EDGE ( 'NONE', *, *, #240, .T. ) ;
#379 = VECTOR ( 'NONE', #2122, 1000.000000000000100 ) ;
#380 = SURFACE_STYLE_FILL_AREA ( #960 ) ;
#381 = CARTESIAN_POINT ( 'NONE',  ( 0.2200000000000012500, -3.000000000000000000, 4.760000000000000700 ) ) ;
#382 =( NAMED_UNIT ( * ) PLANE_ANGLE_UNIT ( ) SI_UNIT ( $, .RADIAN. ) );
#383 = PRESENTATION_STYLE_ASSIGNMENT (( #809 ) ) ;
#384 = ORIENTED_EDGE ( 'NONE', *, *, #203, .T. ) ;
#385 = SURFACE_STYLE_FILL_AREA ( #2051 ) ;
#386 = VECTOR ( 'NONE', #702, 1000.000000000000000 ) ;
#387 = CARTESIAN_POINT ( 'NONE',  ( -0.2199999999999987000, -3.000000000000000000, 5.400000000000000400 ) ) ;
#388 = DIRECTION ( 'NONE',  ( -1.232047923278982200E-016, 0.0000000000000000000, -1.000000000000000000 ) ) ;
#389 = ORIENTED_EDGE ( 'NONE', *, *, #44, .T. ) ;
#390 = ORIENTED_EDGE ( 'NONE', *, *, #996, .T. ) ;
#391 = CARTESIAN_POINT ( 'NONE',  ( 0.2200000000000006700, -3.000000000000000000, 2.860000000000000300 ) ) ;
#392 = ORIENTED_EDGE ( 'NONE', *, *, #2542, .F. ) ;
#393 = AXIS2_PLACEMENT_3D ( 'NONE', #1231, #2966, #1472 ) ;
#394 = CARTESIAN_POINT ( 'NONE',  ( 1.270000000000000000, 0.0000000000000000000, 4.210000000000000000 ) ) ;
#395 = SURFACE_SIDE_STYLE ('',( #2754 ) ) ;
#396 = EDGE_CURVE ( 'NONE', #3050, #682, #1030, .T. ) ;
#397 = DIRECTION ( 'NONE',  ( -1.000000000000000000, -0.0000000000000000000, -0.0000000000000000000 ) ) ;
#398 =( NAMED_UNIT ( * ) PLANE_ANGLE_UNIT ( ) SI_UNIT ( $, .RADIAN. ) );
#399 = DIRECTION ( 'NONE',  ( 0.7071067811865474600, 0.0000000000000000000, 0.7071067811865474600 ) ) ;
#400 = PRESENTATION_STYLE_ASSIGNMENT (( #251 ) ) ;
#401 = FILL_AREA_STYLE_COLOUR ( '', #2293 ) ;
#402 = EDGE_CURVE ( 'NONE', #1086, #1947, #970, .T. ) ;
#403 = DIRECTION ( 'NONE',  ( -2.492418787322999200E-016, -0.0000000000000000000, -1.000000000000000000 ) ) ;
#404 = DIRECTION ( 'NONE',  ( 2.464095846557964400E-016, 0.0000000000000000000, 1.000000000000000000 ) ) ;
#405 = SURFACE_STYLE_USAGE ( .BOTH. , #1886 ) ;
#406 = SURFACE_STYLE_USAGE ( .BOTH. , #1888 ) ;
#407 =( NAMED_UNIT ( * ) SI_UNIT ( $, .STERADIAN. ) SOLID_ANGLE_UNIT ( ) );
#408 = FILL_AREA_STYLE ('',( #883 ) ) ;
#409 = PRESENTATION_LAYER_ASSIGNMENT (  '', '', ( #63 ) ) ;
#410 = DIRECTION ( 'NONE',  ( 0.0000000000000000000, -0.0000000000000000000, -1.000000000000000000 ) ) ;
#411 = EDGE_CURVE ( 'NONE', #576, #1632, #927, .T. ) ;
#412 = DIRECTION ( 'NONE',  ( -1.000000000000000000, 0.0000000000000000000, 2.464095846557964400E-016 ) ) ;
#413 = COLOUR_RGB ( '',0.0000000000000000000, 0.03529411764705882300, 0.05882352941176470500 ) ;
#414 = ORIENTED_EDGE ( 'NONE', *, *, #918, .T. ) ;
#415 = VECTOR ( 'NONE', #2248, 1000.000000000000000 ) ;
#416 = VECTOR ( 'NONE', #93, 1000.000000000000000 ) ;
#417 = DIRECTION ( 'NONE',  ( 2.464095846557964400E-016, 0.0000000000000000000, 1.000000000000000000 ) ) ;
#418 = PLANE ( 'NONE',  #2940 ) ;
#419 = ORIENTED_EDGE ( 'NONE', *, *, #411, .T. ) ;
#420 = PRESENTATION_STYLE_ASSIGNMENT (( #672 ) ) ;
#421 = EDGE_CURVE ( 'NONE', #268, #1901, #893, .T. ) ;
#422 =( NAMED_UNIT ( * ) SI_UNIT ( $, .STERADIAN. ) SOLID_ANGLE_UNIT ( ) );
#423 = CARTESIAN_POINT ( 'NONE',  ( 0.2200000000000006700, -3.000000000000000000, 2.860000000000000300 ) ) ;
#424 = UNCERTAINTY_MEASURE_WITH_UNIT (LENGTH_MEASURE( 1.000000000000000100E-005 ), #1281, 'distance_accuracy_value', 'NONE');
#425 = VERTEX_POINT ( 'NONE', #847 ) ;
#426 = ORIENTED_EDGE ( 'NONE', *, *, #2305, .F. ) ;
#427 = EDGE_CURVE ( 'NONE', #2495, #3008, #819, .T. ) ;
#428 = VERTEX_POINT ( 'NONE', #664 ) ;
#429 = UNCERTAINTY_MEASURE_WITH_UNIT (LENGTH_MEASURE( 1.000000000000000100E-005 ), #719, 'distance_accuracy_value', 'NONE');
#430 = VERTEX_POINT ( 'NONE', #1073 ) ;
#431 =( GEOMETRIC_REPRESENTATION_CONTEXT ( 3 ) GLOBAL_UNCERTAINTY_ASSIGNED_CONTEXT ( ( #784 ) ) GLOBAL_UNIT_ASSIGNED_CONTEXT ( ( #1122, #2872, #1375 ) ) REPRESENTATION_CONTEXT ( 'NONE', 'WORKASPACE' ) );
#432 = FILL_AREA_STYLE_COLOUR ( '', #1933 ) ;
#433 = ORIENTED_EDGE ( 'NONE', *, *, #245, .F. ) ;
#434 = LINE ( 'NONE', #1041, #2419 ) ;
#435 = LINE ( 'NONE', #1807, #1759 ) ;
#436 = FILL_AREA_STYLE ('',( #161 ) ) ;
#437 = PRESENTATION_LAYER_ASSIGNMENT (  '', '', ( #82 ) ) ;
#438 = DIRECTION ( 'NONE',  ( 0.7071067811865474600, -0.0000000000000000000, 0.7071067811865474600 ) ) ;
#439 = CARTESIAN_POINT ( 'NONE',  ( 1.270000000000000000, 1.700000000000000000, 4.210000000000000000 ) ) ;
#440 = EDGE_CURVE ( 'NONE', #2053, #273, #852, .T. ) ;
#441 = PLANE ( 'NONE',  #1697 ) ;
#442 = PRESENTATION_LAYER_ASSIGNMENT (  '', '', ( #92 ) ) ;
#443 = UNCERTAINTY_MEASURE_WITH_UNIT (LENGTH_MEASURE( 1.000000000000000100E-005 ), #264, 'distance_accuracy_value', 'NONE');
#444 = CARTESIAN_POINT ( 'NONE',  ( 0.3200000000000006200, -3.000000000000000000, 2.319999999999999800 ) ) ;
#445 = DIRECTION ( 'NONE',  ( 2.464095846557964400E-016, 0.0000000000000000000, 1.000000000000000000 ) ) ;
#446 = APPLICATION_PROTOCOL_DEFINITION ( 'draft international standard', 'automotive_design', 1998, #1935 ) ;
#447 = CARTESIAN_POINT ( 'NONE',  ( -0.3199999999999991200, 0.2999999999999999900, 4.859999999999998500 ) ) ;
#448 =( NAMED_UNIT ( * ) SI_UNIT ( $, .STERADIAN. ) SOLID_ANGLE_UNIT ( ) );
#449 = ADVANCED_FACE ( 'NONE', ( #842 ), #14, .F. ) ;
#450 = STYLED_ITEM ( 'NONE', ( #400 ), #1042 ) ;
#451 = DIRECTION ( 'NONE',  ( 0.7071067811865474600, 0.0000000000000000000, 0.7071067811865474600 ) ) ;
#452 = FACE_OUTER_BOUND ( 'NONE', #808, .T. ) ;
#453 = COLOUR_RGB ( '',1.000000000000000000, 1.000000000000000000, 1.000000000000000000 ) ;
#454 = DIRECTION ( 'NONE',  ( 0.0000000000000000000, 1.000000000000000000, 0.0000000000000000000 ) ) ;
#455 = PLANE ( 'NONE',  #841 ) ;
#456 = CARTESIAN_POINT ( 'NONE',  ( -0.2199999999999999700, 8.339999999999999900, 0.3199999999999999500 ) ) ;
#457 = ORIENTED_EDGE ( 'NONE', *, *, #1245, .F. ) ;
#458 = EDGE_CURVE ( 'NONE', #3125, #584, #804, .T. ) ;
#459 = VERTEX_POINT ( 'NONE', #2794 ) ;
#460 = VECTOR ( 'NONE', #870, 1000.000000000000100 ) ;
#461 =( NAMED_UNIT ( * ) SI_UNIT ( $, .STERADIAN. ) SOLID_ANGLE_UNIT ( ) );
#462 = SURFACE_STYLE_USAGE ( .BOTH. , #1952 ) ;
#463 = ORIENTED_EDGE ( 'NONE', *, *, #366, .T. ) ;
#464 = SURFACE_STYLE_USAGE ( .BOTH. , #1956 ) ;
#465 = ORIENTED_EDGE ( 'NONE', *, *, #479, .F. ) ;
#466 = FILL_AREA_STYLE_COLOUR ( '', #1900 ) ;
#467 = VERTEX_POINT ( 'NONE', #2528 ) ;
#468 = DIRECTION ( 'NONE',  ( -1.232047923278982200E-016, 0.0000000000000000000, -1.000000000000000000 ) ) ;
#469 = ORIENTED_EDGE ( 'NONE', *, *, #899, .F. ) ;
#470 = ADVANCED_FACE ( 'NONE', ( #772 ), #31, .T. ) ;
#471 = FILL_AREA_STYLE ('',( #1719 ) ) ;
#472 = MECHANICAL_DESIGN_GEOMETRIC_PRESENTATION_REPRESENTATION (  '', ( #3233 ), #632 ) ;
#473 = FILL_AREA_STYLE_COLOUR ( '', #880 ) ;
#474 = CARTESIAN_POINT ( 'NONE',  ( 0.2199999999999999700, -3.000000000000000000, -0.3200000000000000600 ) ) ;
#475 = CARTESIAN_POINT ( 'NONE',  ( -0.8700000000000001100, 1.700000000000000000, 1.269999999999999800 ) ) ;
#476 = DIRECTION ( 'NONE',  ( 0.7071067811865474600, 0.0000000000000000000, -0.7071067811865474600 ) ) ;
#477 = SURFACE_SIDE_STYLE ('',( #2104 ) ) ;
#478 =( GEOMETRIC_REPRESENTATION_CONTEXT ( 3 ) GLOBAL_UNCERTAINTY_ASSIGNED_CONTEXT ( ( #1278 ) ) GLOBAL_UNIT_ASSIGNED_CONTEXT ( ( #2349, #860, #2602 ) ) REPRESENTATION_CONTEXT ( 'NONE', 'WORKASPACE' ) );
#479 = EDGE_CURVE ( 'NONE', #64, #3218, #549, .T. ) ;
#480 = CARTESIAN_POINT ( 'NONE',  ( 0.3200000000000012300, 8.339999999999999900, 4.860000000000000300 ) ) ;
#481 = ADVANCED_FACE ( 'NONE', ( #531 ), #40, .F. ) ;
#482 = DIRECTION ( 'NONE',  ( -0.7071067811865474600, -0.0000000000000000000, -0.7071067811865474600 ) ) ;
#483 = CARTESIAN_POINT ( 'NONE',  ( 0.8700000000000005500, 0.0000000000000000000, 6.349999999999999600 ) ) ;
#484 = COLOUR_RGB ( '',0.7921568627450980000, 0.8196078431372548800, 0.9333333333333333500 ) ;
#485 = CARTESIAN_POINT ( 'NONE',  ( 0.3200000000000006700, -3.000000000000000000, 2.760000000000000200 ) ) ;
#486 = FILL_AREA_STYLE ('',( #1978 ) ) ;
#487 = MECHANICAL_DESIGN_GEOMETRIC_PRESENTATION_REPRESENTATION (  '', ( #3250 ), #646 ) ;
#488 = ORIENTED_EDGE ( 'NONE', *, *, #1600, .F. ) ;
#489 = VECTOR ( 'NONE', #241, 1000.000000000000000 ) ;
#490 = LINE ( 'NONE', #2964, #1739 ) ;
#491 = AXIS2_PLACEMENT_3D ( 'NONE', #391, #2118, #630 ) ;
#492 = MECHANICAL_DESIGN_GEOMETRIC_PRESENTATION_REPRESENTATION (  '', ( #3256 ), #660 ) ;
#493 = DIRECTION ( 'NONE',  ( -0.7071067811865474600, 0.0000000000000000000, -0.7071067811865474600 ) ) ;
#494 = EDGE_LOOP ( 'NONE', ( #1025, #2464, #2781, #2537, #849, #2161, #1265, #2931 ) ) ;
#495 = COLOUR_RGB ( '',0.0000000000000000000, 0.03529411764705882300, 0.05882352941176470500 ) ;
#496 =( NAMED_UNIT ( * ) SI_UNIT ( $, .STERADIAN. ) SOLID_ANGLE_UNIT ( ) );
#497 = CARTESIAN_POINT ( 'NONE',  ( 0.3199999999999999500, -3.000000000000000000, -0.2200000000000000800 ) ) ;
#498 = ORIENTED_EDGE ( 'NONE', *, *, #56, .F. ) ;
#499 = FACE_OUTER_BOUND ( 'NONE', #615, .T. ) ;
#500 = ADVANCED_FACE ( 'NONE', ( #377 ), #562, .T. ) ;
#501 = ORIENTED_EDGE ( 'NONE', *, *, #351, .F. ) ;
#502 =( NAMED_UNIT ( * ) PLANE_ANGLE_UNIT ( ) SI_UNIT ( $, .RADIAN. ) );
#503 = ORIENTED_EDGE ( 'NONE', *, *, #56, .T. ) ;
#504 = ORIENTED_EDGE ( 'NONE', *, *, #1734, .T. ) ;
#505 =( NAMED_UNIT ( * ) PLANE_ANGLE_UNIT ( ) SI_UNIT ( $, .RADIAN. ) );
#506 = ORIENTED_EDGE ( 'NONE', *, *, #1318, .T. ) ;
#507 = EDGE_CURVE ( 'NONE', #3125, #1032, #181, .T. ) ;
#508 = AXIS2_PLACEMENT_3D ( 'NONE', #661, #412, #445 ) ;
#509 = SURFACE_STYLE_FILL_AREA ( #2477 ) ;
#510 = FILL_AREA_STYLE_COLOUR ( '', #1230 ) ;
#511 =( GEOMETRIC_REPRESENTATION_CONTEXT ( 3 ) GLOBAL_UNCERTAINTY_ASSIGNED_CONTEXT ( ( #1510 ) ) GLOBAL_UNIT_ASSIGNED_CONTEXT ( ( #2303, #803, #2553 ) ) REPRESENTATION_CONTEXT ( 'NONE', 'WORKASPACE' ) );
#512 = ADVANCED_FACE ( 'NONE', ( #139 ), #826, .F. ) ;
#513 = STYLED_ITEM ( 'NONE', ( #2456 ), #11 ) ;
#514 =( NAMED_UNIT ( * ) SI_UNIT ( $, .STERADIAN. ) SOLID_ANGLE_UNIT ( ) );
#515 = DIRECTION ( 'NONE',  ( -1.232047923278982200E-016, -0.0000000000000000000, -1.000000000000000000 ) ) ;
#516 = DIRECTION ( 'NONE',  ( 1.000000000000000000, 0.0000000000000000000, -0.0000000000000000000 ) ) ;
#517 = AXIS2_PLACEMENT_3D ( 'NONE', #1727, #230, #1974 ) ;
#518 = CARTESIAN_POINT ( 'NONE',  ( -0.8700000000000005500, 0.0000000000000000000, -1.270000000000000200 ) ) ;
#519 = LINE ( 'NONE', #1882, #1837 ) ;
#520 = CARTESIAN_POINT ( 'NONE',  ( -0.3199999999999994500, 8.339999999999999900, 2.319999999999999800 ) ) ;
#521 = DIRECTION ( 'NONE',  ( -1.000000000000000000, 0.0000000000000000000, 0.0000000000000000000 ) ) ;
#522 = DIRECTION ( 'NONE',  ( -1.000000000000000000, 0.0000000000000000000, 0.0000000000000000000 ) ) ;
#523 = CARTESIAN_POINT ( 'NONE',  ( 0.3200000000000006200, -3.000000000000000000, 2.319999999999999800 ) ) ;
#524 = LINE ( 'NONE', #636, #1124 ) ;
#525 = STYLED_ITEM ( 'NONE', ( #1702 ), #2745 ) ;
#526 = EDGE_CURVE ( 'NONE', #1673, #3008, #3152, .T. ) ;
#527 = VERTEX_POINT ( 'NONE', #831 ) ;
#528 = VECTOR ( 'NONE', #3234, 1000.000000000000000 ) ;
#529 = PRESENTATION_LAYER_ASSIGNMENT (  '', '', ( #197 ) ) ;
#530 = CARTESIAN_POINT ( 'NONE',  ( -0.2199999999999987000, 8.339999999999999900, 5.400000000000000400 ) ) ;
#531 = FACE_OUTER_BOUND ( 'NONE', #18, .T. ) ;
#532 = CARTESIAN_POINT ( 'NONE',  ( -0.2199999999999987000, -3.000000000000000000, 5.400000000000000400 ) ) ;
#533 = EDGE_LOOP ( 'NONE', ( #1224, #345, #50, #838 ) ) ;
#534 = VECTOR ( 'NONE', #633, 1000.000000000000000 ) ;
#535 = PRESENTATION_LAYER_ASSIGNMENT (  '', '', ( #364 ) ) ;
#536 = EDGE_CURVE ( 'NONE', #2410, #576, #3060, .T. ) ;
#537 = UNCERTAINTY_MEASURE_WITH_UNIT (LENGTH_MEASURE( 1.000000000000000100E-005 ), #3146, 'distance_accuracy_value', 'NONE');
#538 = DIRECTION ( 'NONE',  ( -2.492418787322999200E-016, -0.0000000000000000000, -1.000000000000000000 ) ) ;
#539 = EDGE_LOOP ( 'NONE', ( #1794, #2827, #888, #759 ) ) ;
#540 =( LENGTH_UNIT ( ) NAMED_UNIT ( * ) SI_UNIT ( .MILLI., .METRE. ) );
#541 = MECHANICAL_DESIGN_GEOMETRIC_PRESENTATION_REPRESENTATION (  '', ( #34 ), #704 ) ;
#542 = COLOUR_RGB ( '',0.0000000000000000000, 0.03529411764705882300, 0.05882352941176470500 ) ;
#543 = ORIENTED_EDGE ( 'NONE', *, *, #2488, .T. ) ;
#544 = EDGE_LOOP ( 'NONE', ( #2899, #2219, #1667, #506 ) ) ;
#545 = LINE ( 'NONE', #811, #782 ) ;
#546 =( GEOMETRIC_REPRESENTATION_CONTEXT ( 3 ) GLOBAL_UNCERTAINTY_ASSIGNED_CONTEXT ( ( #2155 ) ) GLOBAL_UNIT_ASSIGNED_CONTEXT ( ( #2878, #1385, #3145 ) ) REPRESENTATION_CONTEXT ( 'NONE', 'WORKASPACE' ) );
#547 = DIRECTION ( 'NONE',  ( 0.7071067811865474600, -0.0000000000000000000, 0.7071067811865474600 ) ) ;
#548 = PRODUCT_RELATED_PRODUCT_CATEGORY ( 'part', '', ( #1815 ) ) ;
#549 = LINE ( 'NONE', #1798, #583 ) ;
#550 = ORIENTED_EDGE ( 'NONE', *, *, #2582, .T. ) ;
#551 = COLOUR_RGB ( '',1.000000000000000000, 1.000000000000000000, 1.000000000000000000 ) ;
#552 = CARTESIAN_POINT ( 'NONE',  ( -0.3199999999999988400, -3.000000000000000000, 4.860000000000000300 ) ) ;
#553 = FACE_OUTER_BOUND ( 'NONE', #569, .T. ) ;
#554 = DIRECTION ( 'NONE',  ( 2.464095846557964400E-016, 0.0000000000000000000, 1.000000000000000000 ) ) ;
#555 = FILL_AREA_STYLE ('',( #3030 ) ) ;
#556 = FILL_AREA_STYLE ('',( #2804 ) ) ;
#557 = VECTOR ( 'NONE', #2023, 1000.000000000000000 ) ;
#558 = PRESENTATION_LAYER_ASSIGNMENT (  '', '', ( #217 ) ) ;
#559 = SURFACE_STYLE_USAGE ( .BOTH. , #2044 ) ;
#560 = FILL_AREA_STYLE ('',( #1322 ) ) ;
#561 = EDGE_CURVE ( 'NONE', #1524, #2502, #3104, .T. ) ;
#562 = PLANE ( 'NONE',  #1294 ) ;
#563 = PLANE ( 'NONE',  #239 ) ;
#564 = DIRECTION ( 'NONE',  ( -0.0000000000000000000, -1.000000000000000000, -0.0000000000000000000 ) ) ;
#565 = PRESENTATION_STYLE_ASSIGNMENT (( #367 ) ) ;
#566 = SURFACE_SIDE_STYLE ('',( #385 ) ) ;
#567 = CARTESIAN_POINT ( 'NONE',  ( -1.269999999999999800, 0.0000000000000000000, 1.669999999999999900 ) ) ;
#568 = EDGE_CURVE ( 'NONE', #1212, #1903, #2747, .T. ) ;
#569 = EDGE_LOOP ( 'NONE', ( #130, #2965, #971, #2020 ) ) ;
#570 = LINE ( 'NONE', #1993, #489 ) ;
#571 = STYLED_ITEM ( 'NONE', ( #1663 ), #237 ) ;
#572 = PLANE ( 'NONE',  #735 ) ;
#573 = FILL_AREA_STYLE_COLOUR ( '', #134 ) ;
#574 =( LENGTH_UNIT ( ) NAMED_UNIT ( * ) SI_UNIT ( .MILLI., .METRE. ) );
#575 = COLOUR_RGB ( '',1.000000000000000000, 1.000000000000000000, 1.000000000000000000 ) ;
#576 = VERTEX_POINT ( 'NONE', #1828 ) ;
#577 = COLOUR_RGB ( '',0.0000000000000000000, 0.03529411764705882300, 0.05882352941176470500 ) ;
#578 = SURFACE_STYLE_FILL_AREA ( #555 ) ;
#579 = MECHANICAL_DESIGN_GEOMETRIC_PRESENTATION_REPRESENTATION (  '', ( #63 ), #740 ) ;
#580 = EDGE_LOOP ( 'NONE', ( #2774, #1313, #1596, #2215 ) ) ;
#581 = EDGE_CURVE ( 'NONE', #3075, #801, #2801, .T. ) ;
#582 = DIRECTION ( 'NONE',  ( -0.0000000000000000000, -1.000000000000000000, -0.0000000000000000000 ) ) ;
#583 = VECTOR ( 'NONE', #303, 1000.000000000000000 ) ;
#584 = VERTEX_POINT ( 'NONE', #2586 ) ;
#585 = ORIENTED_EDGE ( 'NONE', *, *, #323, .T. ) ;
#586 = PRESENTATION_STYLE_ASSIGNMENT (( #1835 ) ) ;
#587 = PLANE ( 'NONE',  #2151 ) ;
#588 = PRESENTATION_STYLE_ASSIGNMENT (( #799 ) ) ;
#589 = CARTESIAN_POINT ( 'NONE',  ( -0.3199999999999994500, -3.000000000000000000, 2.319999999999999800 ) ) ;
#590 = ORIENTED_EDGE ( 'NONE', *, *, #168, .T. ) ;
#591 = EDGE_LOOP ( 'NONE', ( #2407, #2570, #773, #1493 ) ) ;
#592 = STYLED_ITEM ( 'NONE', ( #839 ), #2235 ) ;
#593 = EDGE_CURVE ( 'NONE', #1520, #182, #2709, .T. ) ;
#594 = DIRECTION ( 'NONE',  ( 0.0000000000000000000, -1.000000000000000000, 0.0000000000000000000 ) ) ;
#595 = EDGE_CURVE ( 'NONE', #2079, #2884, #2514, .T. ) ;
#596 = DIRECTION ( 'NONE',  ( 0.0000000000000000000, -0.0000000000000000000, -1.000000000000000000 ) ) ;
#597 = DIRECTION ( 'NONE',  ( -0.7071067811865474600, 0.0000000000000000000, 0.7071067811865474600 ) ) ;
#598 = MECHANICAL_DESIGN_GEOMETRIC_PRESENTATION_REPRESENTATION (  '', ( #82 ), #763 ) ;
#599 =( NAMED_UNIT ( * ) SI_UNIT ( $, .STERADIAN. ) SOLID_ANGLE_UNIT ( ) );
#600 = EDGE_CURVE ( 'NONE', #1895, #1721, #3187, .T. ) ;
#601 =( NAMED_UNIT ( * ) PLANE_ANGLE_UNIT ( ) SI_UNIT ( $, .RADIAN. ) );
#602 =( NAMED_UNIT ( * ) SI_UNIT ( $, .STERADIAN. ) SOLID_ANGLE_UNIT ( ) );
#603 = MECHANICAL_DESIGN_GEOMETRIC_PRESENTATION_REPRESENTATION (  '', ( #92 ), #770 ) ;
#604 = LINE ( 'NONE', #2376, #2442 ) ;
#605 = VECTOR ( 'NONE', #2897, 1000.000000000000000 ) ;
#606 = SURFACE_STYLE_USAGE ( .BOTH. , #2098 ) ;
#607 = SURFACE_STYLE_USAGE ( .BOTH. , #2100 ) ;
#608 = ORIENTED_EDGE ( 'NONE', *, *, #1622, .F. ) ;
#609 = FACE_OUTER_BOUND ( 'NONE', #3091, .T. ) ;
#610 = SURFACE_STYLE_FILL_AREA ( #669 ) ;
#611 = CARTESIAN_POINT ( 'NONE',  ( 0.2200000000000006700, 8.339999999999999900, 2.860000000000000300 ) ) ;
#612 = ORIENTED_EDGE ( 'NONE', *, *, #3048, .F. ) ;
#613 = SURFACE_SIDE_STYLE ('',( #2312 ) ) ;
#614 = LINE ( 'NONE', #2372, #1789 ) ;
#615 = EDGE_LOOP ( 'NONE', ( #1793, #726, #1946, #2656 ) ) ;
#616 = PRESENTATION_STYLE_ASSIGNMENT (( #559 ) ) ;
#617 = VECTOR ( 'NONE', #185, 1000.000000000000100 ) ;
#618 = AXIS2_PLACEMENT_3D ( 'NONE', #744, #2497, #1011 ) ;
#619 = ORIENTED_EDGE ( 'NONE', *, *, #1773, .F. ) ;
#620 = ORIENTED_EDGE ( 'NONE', *, *, #1377, .T. ) ;
#621 = CARTESIAN_POINT ( 'NONE',  ( 0.2200000000000013100, 0.2999999999999999300, 5.400000000000000400 ) ) ;
#622 = PRESENTATION_STYLE_ASSIGNMENT (( #2437 ) ) ;
#623 =( NAMED_UNIT ( * ) PLANE_ANGLE_UNIT ( ) SI_UNIT ( $, .RADIAN. ) );
#624 = EDGE_CURVE ( 'NONE', #226, #1520, #2584, .T. ) ;
#625 = VERTEX_POINT ( 'NONE', #1118 ) ;
#626 = DIRECTION ( 'NONE',  ( 0.0000000000000000000, 1.000000000000000000, 0.0000000000000000000 ) ) ;
#627 = LINE ( 'NONE', #2995, #1865 ) ;
#628 = DIRECTION ( 'NONE',  ( 0.0000000000000000000, 1.000000000000000000, 0.0000000000000000000 ) ) ;
#629 = FILL_AREA_STYLE_COLOUR ( '', #1004 ) ;
#630 = DIRECTION ( 'NONE',  ( 0.7071067811865474600, 0.0000000000000000000, -0.7071067811865474600 ) ) ;
#631 = UNCERTAINTY_MEASURE_WITH_UNIT (LENGTH_MEASURE( 1.000000000000000100E-005 ), #1662, 'distance_accuracy_value', 'NONE');
#632 =( GEOMETRIC_REPRESENTATION_CONTEXT ( 3 ) GLOBAL_UNCERTAINTY_ASSIGNED_CONTEXT ( ( #754 ) ) GLOBAL_UNIT_ASSIGNED_CONTEXT ( ( #1269, #3002, #1509 ) ) REPRESENTATION_CONTEXT ( 'NONE', 'WORKASPACE' ) );
#633 = DIRECTION ( 'NONE',  ( -0.0000000000000000000, -1.000000000000000000, -0.0000000000000000000 ) ) ;
#634 =( LENGTH_UNIT ( ) NAMED_UNIT ( * ) SI_UNIT ( .MILLI., .METRE. ) );
#635 = COLOUR_RGB ( '',0.7921568627450980000, 0.8196078431372548800, 0.9333333333333333500 ) ;
#636 = CARTESIAN_POINT ( 'NONE',  ( -0.7499999999999986700, 0.2999999999999999900, 6.349999999999999600 ) ) ;
#637 = DIRECTION ( 'NONE',  ( -0.7071067811865475700, 0.0000000000000000000, 0.7071067811865475700 ) ) ;
#638 = STYLED_ITEM ( 'NONE', ( #622 ), #947 ) ;
#639 = EDGE_CURVE ( 'NONE', #3082, #3089, #2348, .T. ) ;
#640 = LINE ( 'NONE', #2480, #2882 ) ;
#641 = DIRECTION ( 'NONE',  ( 0.7071067811865474600, 0.0000000000000000000, 0.7071067811865474600 ) ) ;
#642 =( NAMED_UNIT ( * ) PLANE_ANGLE_UNIT ( ) SI_UNIT ( $, .RADIAN. ) );
#643 = ORIENTED_EDGE ( 'NONE', *, *, #2265, .F. ) ;
#644 = FILL_AREA_STYLE ('',( #2140 ) ) ;
#645 = ORIENTED_EDGE ( 'NONE', *, *, #265, .F. ) ;
#646 =( GEOMETRIC_REPRESENTATION_CONTEXT ( 3 ) GLOBAL_UNCERTAINTY_ASSIGNED_CONTEXT ( ( #2520 ) ) GLOBAL_UNIT_ASSIGNED_CONTEXT ( ( #1546, #39, #1796 ) ) REPRESENTATION_CONTEXT ( 'NONE', 'WORKASPACE' ) );
#647 = VECTOR ( 'NONE', #2939, 1000.000000000000000 ) ;
#648 =( NAMED_UNIT ( * ) PLANE_ANGLE_UNIT ( ) SI_UNIT ( $, .RADIAN. ) );
#649 =( NAMED_UNIT ( * ) PLANE_ANGLE_UNIT ( ) SI_UNIT ( $, .RADIAN. ) );
#650 = ORIENTED_EDGE ( 'NONE', *, *, #2811, .F. ) ;
#651 = ORIENTED_EDGE ( 'NONE', *, *, #233, .F. ) ;
#652 = VECTOR ( 'NONE', #72, 1000.000000000000100 ) ;
#653 = CARTESIAN_POINT ( 'NONE',  ( -0.2199999999999988100, -3.000000000000000000, 4.760000000000000700 ) ) ;
#654 = SURFACE_STYLE_USAGE ( .BOTH. , #2147 ) ;
#655 = ORIENTED_EDGE ( 'NONE', *, *, #3164, .T. ) ;
#656 = ORIENTED_EDGE ( 'NONE', *, *, #600, .F. ) ;
#657 = PRESENTATION_LAYER_ASSIGNMENT (  '', '', ( #329 ) ) ;
#658 = CARTESIAN_POINT ( 'NONE',  ( -1.269999999999999800, 1.700000000000000000, 1.669999999999999900 ) ) ;
#659 = PRESENTATION_STYLE_ASSIGNMENT (( #2760 ) ) ;
#660 =( GEOMETRIC_REPRESENTATION_CONTEXT ( 3 ) GLOBAL_UNCERTAINTY_ASSIGNED_CONTEXT ( ( #1819 ) ) GLOBAL_UNIT_ASSIGNED_CONTEXT ( ( #2771, #1284, #3022 ) ) REPRESENTATION_CONTEXT ( 'NONE', 'WORKASPACE' ) );
#661 = CARTESIAN_POINT ( 'NONE',  ( -0.3199999999999988400, -3.000000000000000000, 4.860000000000000300 ) ) ;
#662 = ORIENTED_EDGE ( 'NONE', *, *, #479, .T. ) ;
#663 = COLOUR_RGB ( '',0.0000000000000000000, 0.03529411764705882300, 0.05882352941176470500 ) ;
#664 = CARTESIAN_POINT ( 'NONE',  ( 0.3200000000000012800, 8.339999999999999900, 5.299999999999999800 ) ) ;
#665 = SURFACE_SIDE_STYLE ('',( #2164 ) ) ;
#666 = PLANE ( 'NONE',  #2991 ) ;
#667 = DIRECTION ( 'NONE',  ( 0.7071067811865475700, 0.0000000000000000000, -0.7071067811865475700 ) ) ;
#668 = STYLED_ITEM ( 'NONE', ( #736 ), #470 ) ;
#669 = FILL_AREA_STYLE ('',( #432 ) ) ;
#670 = SURFACE_STYLE_FILL_AREA ( #1501 ) ;
#671 = UNCERTAINTY_MEASURE_WITH_UNIT (LENGTH_MEASURE( 1.000000000000000100E-005 ), #145, 'distance_accuracy_value', 'NONE');
#672 = SURFACE_STYLE_USAGE ( .BOTH. , #2165 ) ;
#673 = CARTESIAN_POINT ( 'NONE',  ( -1.270000000000000500, 1.700000000000000000, -0.8700000000000003300 ) ) ;
#674 = PRESENTATION_LAYER_ASSIGNMENT (  '', '', ( #513 ) ) ;
#675 = LINE ( 'NONE', #1704, #3028 ) ;
#676 = SURFACE_SIDE_STYLE ('',( #3064 ) ) ;
#677 = VECTOR ( 'NONE', #3143, 1000.000000000000100 ) ;
#678 = EDGE_LOOP ( 'NONE', ( #1268, #2535, #3260, #1706 ) ) ;
#679 = CARTESIAN_POINT ( 'NONE',  ( -0.3199999999999988400, 1.700000000000000200, 4.860000000000000300 ) ) ;
#680 = SURFACE_STYLE_FILL_AREA ( #3099 ) ;
#681 = DIRECTION ( 'NONE',  ( 0.0000000000000000000, 1.000000000000000000, -0.0000000000000000000 ) ) ;
#682 = VERTEX_POINT ( 'NONE', #2852 ) ;
#683 = SURFACE_SIDE_STYLE ('',( #3084 ) ) ;
#684 =( LENGTH_UNIT ( ) NAMED_UNIT ( * ) SI_UNIT ( .MILLI., .METRE. ) );
#685 = ORIENTED_EDGE ( 'NONE', *, *, #1277, .T. ) ;
#686 = ORIENTED_EDGE ( 'NONE', *, *, #1470, .F. ) ;
#687 = LINE ( 'NONE', #2546, #22 ) ;
#688 = ADVANCED_FACE ( 'NONE', ( #2627 ), #3109, .T. ) ;
#689 = ORIENTED_EDGE ( 'NONE', *, *, #1987, .F. ) ;
#690 = AXIS2_PLACEMENT_3D ( 'NONE', #3190, #1678, #174 ) ;
#691 = CARTESIAN_POINT ( 'NONE',  ( 1.269999999999999800, 1.700000000000000000, 3.409999999999999700 ) ) ;
#692 = ORIENTED_EDGE ( 'NONE', *, *, #2055, .F. ) ;
#693 = LINE ( 'NONE', #1188, #617 ) ;
#694 = EDGE_CURVE ( 'NONE', #2540, #163, #2004, .T. ) ;
#695 = CARTESIAN_POINT ( 'NONE',  ( -0.2199999999999993600, -3.000000000000000000, 2.860000000000000300 ) ) ;
#696 = MECHANICAL_DESIGN_GEOMETRIC_PRESENTATION_REPRESENTATION (  '', ( #197 ), #868 ) ;
#697 = ORIENTED_EDGE ( 'NONE', *, *, #1102, .F. ) ;
#698 = CARTESIAN_POINT ( 'NONE',  ( -0.8700000000000005500, 1.700000000000000000, -1.270000000000000200 ) ) ;
#699 = DIRECTION ( 'NONE',  ( 0.7071067811865474600, 0.0000000000000000000, -0.7071067811865474600 ) ) ;
#700 = CARTESIAN_POINT ( 'NONE',  ( 0.8700000000000005500, 1.700000000000000000, 6.349999999999999600 ) ) ;
#701 = MECHANICAL_DESIGN_GEOMETRIC_PRESENTATION_REPRESENTATION (  '', ( #364 ), #869 ) ;
#702 = DIRECTION ( 'NONE',  ( 0.0000000000000000000, 1.000000000000000000, 0.0000000000000000000 ) ) ;
#703 =( NAMED_UNIT ( * ) SI_UNIT ( $, .STERADIAN. ) SOLID_ANGLE_UNIT ( ) );
#704 =( GEOMETRIC_REPRESENTATION_CONTEXT ( 3 ) GLOBAL_UNCERTAINTY_ASSIGNED_CONTEXT ( ( #1881 ) ) GLOBAL_UNIT_ASSIGNED_CONTEXT ( ( #821, #2562, #1079 ) ) REPRESENTATION_CONTEXT ( 'NONE', 'WORKASPACE' ) );
#705 = CARTESIAN_POINT ( 'NONE',  ( -0.2199999999999988100, -3.000000000000000000, 4.760000000000000700 ) ) ;
#706 =( NAMED_UNIT ( * ) PLANE_ANGLE_UNIT ( ) SI_UNIT ( $, .RADIAN. ) );
#707 = ADVANCED_FACE ( 'NONE', ( #1915 ), #2363, .T. ) ;
#708 = CARTESIAN_POINT ( 'NONE',  ( 0.2200000000000006100, -3.000000000000000000, 2.220000000000000200 ) ) ;
#709 =( NAMED_UNIT ( * ) PLANE_ANGLE_UNIT ( ) SI_UNIT ( $, .RADIAN. ) );
#710 = CARTESIAN_POINT ( 'NONE',  ( -0.3199999999999987300, 0.2999999999999999300, 5.299999999999999800 ) ) ;
#711 = FACE_OUTER_BOUND ( 'NONE', #140, .T. ) ;
#712 = SURFACE_STYLE_USAGE ( .BOTH. , #2214 ) ;
#713 = MECHANICAL_DESIGN_GEOMETRIC_PRESENTATION_REPRESENTATION (  '', ( #217 ), #885 ) ;
#714 = CARTESIAN_POINT ( 'NONE',  ( 0.8699999999999987700, 0.0000000000000000000, -1.270000000000000200 ) ) ;
#715 = CARTESIAN_POINT ( 'NONE',  ( 0.3200000000000006700, -3.000000000000000000, 2.760000000000000200 ) ) ;
#716 = VECTOR ( 'NONE', #2154, 1000.000000000000000 ) ;
#717 = CARTESIAN_POINT ( 'NONE',  ( -1.539999999999999600, 1.700000000000000000, 1.539999999999999600 ) ) ;
#718 = CARTESIAN_POINT ( 'NONE',  ( 0.8699999999999987700, 1.700000000000000000, -1.270000000000000200 ) ) ;
#719 =( LENGTH_UNIT ( ) NAMED_UNIT ( * ) SI_UNIT ( .MILLI., .METRE. ) );
#720 = ORIENTED_EDGE ( 'NONE', *, *, #2836, .T. ) ;
#721 = EDGE_CURVE ( 'NONE', #226, #2761, #1354, .T. ) ;
#722 = COLOUR_RGB ( '',1.000000000000000000, 1.000000000000000000, 1.000000000000000000 ) ;
#723 = ADVANCED_FACE ( 'NONE', ( #328 ), #1144, .F. ) ;
#724 = VERTEX_POINT ( 'NONE', #371 ) ;
#725 = FACE_OUTER_BOUND ( 'NONE', #533, .T. ) ;
#726 = ORIENTED_EDGE ( 'NONE', *, *, #249, .F. ) ;
#727 = FACE_OUTER_BOUND ( 'NONE', #729, .T. ) ;
#728 = DIRECTION ( 'NONE',  ( 2.464095846557964400E-016, 0.0000000000000000000, 1.000000000000000000 ) ) ;
#729 = EDGE_LOOP ( 'NONE', ( #2574, #1741, #384, #2889, #2496, #882, #2290, #2612 ) ) ;
#730 = DIRECTION ( 'NONE',  ( 0.0000000000000000000, -0.0000000000000000000, 1.000000000000000000 ) ) ;
#731 = ORIENTED_EDGE ( 'NONE', *, *, #750, .T. ) ;
#732 = DIRECTION ( 'NONE',  ( 0.7071067811865475700, -0.0000000000000000000, 0.7071067811865475700 ) ) ;
#733 = EDGE_CURVE ( 'NONE', #1013, #2241, #1276, .T. ) ;
#734 = SURFACE_STYLE_USAGE ( .BOTH. , #2233 ) ;
#735 = AXIS2_PLACEMENT_3D ( 'NONE', #2927, #2914, #2193 ) ;
#736 = PRESENTATION_STYLE_ASSIGNMENT (( #2032 ) ) ;
#737 = ORIENTED_EDGE ( 'NONE', *, *, #2035, .T. ) ;
#738 = VECTOR ( 'NONE', #1065, 1000.000000000000100 ) ;
#739 = CARTESIAN_POINT ( 'NONE',  ( -0.3200000000000000600, -3.000000000000000000, -0.2200000000000000800 ) ) ;
#740 =( GEOMETRIC_REPRESENTATION_CONTEXT ( 3 ) GLOBAL_UNCERTAINTY_ASSIGNED_CONTEXT ( ( #1649 ) ) GLOBAL_UNIT_ASSIGNED_CONTEXT ( ( #574, #2313, #827 ) ) REPRESENTATION_CONTEXT ( 'NONE', 'WORKASPACE' ) );
#741 = ADVANCED_FACE ( 'NONE', ( #2311 ), #1644, .T. ) ;
#742 = EDGE_CURVE ( 'NONE', #2775, #1062, #152, .T. ) ;
#743 = DIRECTION ( 'NONE',  ( -1.232047923278982200E-016, -0.0000000000000000000, -1.000000000000000000 ) ) ;
#744 = CARTESIAN_POINT ( 'NONE',  ( 1.269999999999999400, 1.700000000000000000, 1.669999999999999900 ) ) ;
#745 = PLANE ( 'NONE',  #2135 ) ;
#746 = PRESENTATION_STYLE_ASSIGNMENT (( #1233 ) ) ;
#747 = AXIS2_PLACEMENT_3D ( 'NONE', #2937, #1436, #3191 ) ;
#748 = EDGE_CURVE ( 'NONE', #1366, #820, #154, .T. ) ;
#749 = PRESENTATION_STYLE_ASSIGNMENT (( #1733 ) ) ;
#750 = EDGE_CURVE ( 'NONE', #1138, #1525, #2837, .T. ) ;
#751 = DIRECTION ( 'NONE',  ( -0.0000000000000000000, 1.000000000000000000, 0.0000000000000000000 ) ) ;
#752 = CARTESIAN_POINT ( 'NONE',  ( -0.3199999999999987300, -3.000000000000000000, 5.299999999999999800 ) ) ;
#753 = FACE_OUTER_BOUND ( 'NONE', #1822, .T. ) ;
#754 = UNCERTAINTY_MEASURE_WITH_UNIT (LENGTH_MEASURE( 1.000000000000000100E-005 ), #1269, 'distance_accuracy_value', 'NONE');
#755 = STYLED_ITEM ( 'NONE', ( #1696 ), #2702 ) ;
#756 = ADVANCED_FACE ( 'NONE', ( #113 ), #2388, .T. ) ;
#757 = LINE ( 'NONE', #1691, #1360 ) ;
#758 = DIRECTION ( 'NONE',  ( -0.7071067811865474600, 0.0000000000000000000, 0.7071067811865474600 ) ) ;
#759 = ORIENTED_EDGE ( 'NONE', *, *, #507, .T. ) ;
#760 = FILL_AREA_STYLE ('',( #510 ) ) ;
#761 = SURFACE_STYLE_FILL_AREA ( #2019 ) ;
#762 = UNCERTAINTY_MEASURE_WITH_UNIT (LENGTH_MEASURE( 1.000000000000000100E-005 ), #1998, 'distance_accuracy_value', 'NONE');
#763 =( GEOMETRIC_REPRESENTATION_CONTEXT ( 3 ) GLOBAL_UNCERTAINTY_ASSIGNED_CONTEXT ( ( #1471 ) ) GLOBAL_UNIT_ASSIGNED_CONTEXT ( ( #1683, #180, #1924 ) ) REPRESENTATION_CONTEXT ( 'NONE', 'WORKASPACE' ) );
#764 = CARTESIAN_POINT ( 'NONE',  ( 1.266148743960083200E-015, -3.000000000000000000, 5.080000000000000100 ) ) ;
#765 = EDGE_CURVE ( 'NONE', #2132, #1883, #1516, .T. ) ;
#766 = CARTESIAN_POINT ( 'NONE',  ( 0.8699999999999992200, 1.700000000000000000, 1.269999999999999400 ) ) ;
#767 = CARTESIAN_POINT ( 'NONE',  ( 0.7500000000000013300, 0.0000000000000000000, 6.349999999999999600 ) ) ;
#768 = SURFACE_STYLE_FILL_AREA ( #1785 ) ;
#769 = ORIENTED_EDGE ( 'NONE', *, *, #1049, .T. ) ;
#770 =( GEOMETRIC_REPRESENTATION_CONTEXT ( 3 ) GLOBAL_UNCERTAINTY_ASSIGNED_CONTEXT ( ( #2356 ) ) GLOBAL_UNIT_ASSIGNED_CONTEXT ( ( #2556, #1077, #2828 ) ) REPRESENTATION_CONTEXT ( 'NONE', 'WORKASPACE' ) );
#771 = STYLED_ITEM ( 'NONE', ( #959 ), #3274 ) ;
#772 = FACE_OUTER_BOUND ( 'NONE', #1251, .T. ) ;
#773 = ORIENTED_EDGE ( 'NONE', *, *, #224, .F. ) ;
#774 = ORIENTED_EDGE ( 'NONE', *, *, #2983, .F. ) ;
#775 = FACE_OUTER_BOUND ( 'NONE', #3036, .T. ) ;
#776 = FACE_OUTER_BOUND ( 'NONE', #2328, .T. ) ;
#777 = CARTESIAN_POINT ( 'NONE',  ( -0.2199999999999992800, 1.700000000000000000, 4.760000000000000700 ) ) ;
#778 = CARTESIAN_POINT ( 'NONE',  ( -1.270000000000000000, 1.700000000000000000, 0.8699999999999998800 ) ) ;
#779 = VECTOR ( 'NONE', #2022, 1000.000000000000000 ) ;
#780 = ORIENTED_EDGE ( 'NONE', *, *, #1622, .T. ) ;
#781 = ORIENTED_EDGE ( 'NONE', *, *, #323, .F. ) ;
#782 = VECTOR ( 'NONE', #2558, 1000.000000000000000 ) ;
#783 = SURFACE_SIDE_STYLE ('',( #761 ) ) ;
#784 = UNCERTAINTY_MEASURE_WITH_UNIT (LENGTH_MEASURE( 1.000000000000000100E-005 ), #1122, 'distance_accuracy_value', 'NONE');
#785 = VECTOR ( 'NONE', #1774, 1000.000000000000100 ) ;
#786 = CARTESIAN_POINT ( 'NONE',  ( 0.2199999999999999700, -3.000000000000000000, -0.3200000000000000600 ) ) ;
#787 = ORIENTED_EDGE ( 'NONE', *, *, #3048, .T. ) ;
#788 = COLOUR_RGB ( '',1.000000000000000000, 1.000000000000000000, 1.000000000000000000 ) ;
#789 = LINE ( 'NONE', #1775, #1228 ) ;
#790 = PRESENTATION_LAYER_ASSIGNMENT (  '', '', ( #450 ) ) ;
#791 = DIRECTION ( 'NONE',  ( -0.0000000000000000000, -1.000000000000000000, -0.0000000000000000000 ) ) ;
#792 = EDGE_CURVE ( 'NONE', #64, #1449, #1527, .T. ) ;
#793 = CARTESIAN_POINT ( 'NONE',  ( 1.270000000000000000, 1.700000000000000000, 4.210000000000000000 ) ) ;
#794 =( NAMED_UNIT ( * ) SI_UNIT ( $, .STERADIAN. ) SOLID_ANGLE_UNIT ( ) );
#795 = CARTESIAN_POINT ( 'NONE',  ( 0.2200000000000012500, 0.2999999999999999300, 4.760000000000000700 ) ) ;
#796 = DIRECTION ( 'NONE',  ( -1.000000000000000000, 0.0000000000000000000, 0.0000000000000000000 ) ) ;
#797 = CARTESIAN_POINT ( 'NONE',  ( 0.2200000000000000300, 8.339999999999999900, 0.3199999999999999500 ) ) ;
#798 = DIRECTION ( 'NONE',  ( -0.7071067811865474600, -0.0000000000000000000, -0.7071067811865474600 ) ) ;
#799 = SURFACE_STYLE_USAGE ( .BOTH. , #2297 ) ;
#800 = SURFACE_SIDE_STYLE ('',( #856 ) ) ;
#801 = VERTEX_POINT ( 'NONE', #2913 ) ;
#802 = VECTOR ( 'NONE', #2443, 1000.000000000000100 ) ;
#803 =( NAMED_UNIT ( * ) PLANE_ANGLE_UNIT ( ) SI_UNIT ( $, .RADIAN. ) );
#804 = LINE ( 'NONE', #786, #779 ) ;
#805 = SURFACE_STYLE_USAGE ( .BOTH. , #2304 ) ;
#806 = ORIENTED_EDGE ( 'NONE', *, *, #1443, .F. ) ;
#807 = DIRECTION ( 'NONE',  ( 0.0000000000000000000, 1.000000000000000000, 0.0000000000000000000 ) ) ;
#808 = EDGE_LOOP ( 'NONE', ( #2865, #1402, #2027, #2598 ) ) ;
#809 = SURFACE_STYLE_USAGE ( .BOTH. , #2307 ) ;
#810 = LINE ( 'NONE', #1064, #2050 ) ;
#811 = CARTESIAN_POINT ( 'NONE',  ( -0.3199999999999999500, -3.000000000000000000, 0.2199999999999999700 ) ) ;
#812 = STYLED_ITEM ( 'NONE', ( #2211 ), #2184 ) ;
#813 = VECTOR ( 'NONE', #2777, 1000.000000000000000 ) ;
#814 = ORIENTED_EDGE ( 'NONE', *, *, #2276, .F. ) ;
#815 = ORIENTED_EDGE ( 'NONE', *, *, #458, .T. ) ;
#816 = AXIS2_PLACEMENT_3D ( 'NONE', #147, #1892, #410 ) ;
#817 = EDGE_CURVE ( 'NONE', #3166, #859, #1480, .T. ) ;
#818 = CARTESIAN_POINT ( 'NONE',  ( -0.8700000000000001100, 0.0000000000000000000, 1.269999999999999800 ) ) ;
#819 = LINE ( 'NONE', #109, #813 ) ;
#820 = VERTEX_POINT ( 'NONE', #155 ) ;
#821 =( LENGTH_UNIT ( ) NAMED_UNIT ( * ) SI_UNIT ( .MILLI., .METRE. ) );
#822 = FILL_AREA_STYLE_COLOUR ( '', #1676 ) ;
#823 = FACE_OUTER_BOUND ( 'NONE', #3216, .T. ) ;
#824 = VECTOR ( 'NONE', #1543, 1000.000000000000100 ) ;
#825 = DIRECTION ( 'NONE',  ( -1.232047923278982200E-016, 0.0000000000000000000, -1.000000000000000000 ) ) ;
#826 = PLANE ( 'NONE',  #2281 ) ;
#827 =( NAMED_UNIT ( * ) SI_UNIT ( $, .STERADIAN. ) SOLID_ANGLE_UNIT ( ) );
#828 = MECHANICAL_DESIGN_GEOMETRIC_PRESENTATION_REPRESENTATION (  '', ( #329 ), #1008 ) ;
#829 = DIRECTION ( 'NONE',  ( -0.0000000000000000000, -1.000000000000000000, -0.0000000000000000000 ) ) ;
#830 = DIRECTION ( 'NONE',  ( 0.0000000000000000000, 1.000000000000000000, 0.0000000000000000000 ) ) ;
#831 = CARTESIAN_POINT ( 'NONE',  ( 0.3200000000000006200, -3.000000000000000000, 2.319999999999999800 ) ) ;
#832 = PLANE ( 'NONE',  #2244 ) ;
#833 = PRESENTATION_STYLE_ASSIGNMENT (( #2124 ) ) ;
#834 = PLANE ( 'NONE',  #3181 ) ;
#835 = EDGE_LOOP ( 'NONE', ( #2695, #1890, #2639, #102, #1984, #1812, #923, #253, #928, #2334, #2978, #1717 ) ) ;
#836 = AXIS2_PLACEMENT_3D ( 'NONE', #283, #521, #2277 ) ;
#837 = FACE_OUTER_BOUND ( 'NONE', #2362, .T. ) ;
#838 = ORIENTED_EDGE ( 'NONE', *, *, #1266, .T. ) ;
#839 = PRESENTATION_STYLE_ASSIGNMENT (( #1194 ) ) ;
#840 = COLOUR_RGB ( '',1.000000000000000000, 1.000000000000000000, 1.000000000000000000 ) ;
#841 = AXIS2_PLACEMENT_3D ( 'NONE', #213, #1957, #468 ) ;
#842 = FACE_OUTER_BOUND ( 'NONE', #1130, .T. ) ;
#843 = ORIENTED_EDGE ( 'NONE', *, *, #2068, .T. ) ;
#844 = PRESENTATION_STYLE_ASSIGNMENT (( #606 ) ) ;
#845 = MECHANICAL_DESIGN_GEOMETRIC_PRESENTATION_REPRESENTATION (  '', ( #513 ), #1037 ) ;
#846 = CARTESIAN_POINT ( 'NONE',  ( -0.8699999999999987700, 1.700000000000000000, 6.349999999999999600 ) ) ;
#847 = CARTESIAN_POINT ( 'NONE',  ( 0.3199999999999999500, -3.000000000000000000, -0.2200000000000000800 ) ) ;
#848 = VECTOR ( 'NONE', #547, 1000.000000000000100 ) ;
#849 = ORIENTED_EDGE ( 'NONE', *, *, #396, .T. ) ;
#850 = EDGE_LOOP ( 'NONE', ( #2734, #585, #620, #3215 ) ) ;
#851 = LINE ( 'NONE', #23, #177 ) ;
#852 = LINE ( 'NONE', #1870, #785 ) ;
#853 = CARTESIAN_POINT ( 'NONE',  ( 0.7500000000000000000, 0.2999999999999999900, -1.270000000000000500 ) ) ;
#854 = EDGE_LOOP ( 'NONE', ( #1173, #3131, #3251, #1399 ) ) ;
#855 = VERTEX_POINT ( 'NONE', #1639 ) ;
#856 = SURFACE_STYLE_FILL_AREA ( #556 ) ;
#857 = CARTESIAN_POINT ( 'NONE',  ( -0.3199999999999994500, -3.000000000000000000, 2.319999999999999800 ) ) ;
#858 = DIRECTION ( 'NONE',  ( 1.000000000000000000, -0.0000000000000000000, -2.492418787322999700E-016 ) ) ;
#859 = VERTEX_POINT ( 'NONE', #1418 ) ;
#860 =( NAMED_UNIT ( * ) PLANE_ANGLE_UNIT ( ) SI_UNIT ( $, .RADIAN. ) );
#861 = COLOUR_RGB ( '',1.000000000000000000, 1.000000000000000000, 1.000000000000000000 ) ;
#862 =( NAMED_UNIT ( * ) PLANE_ANGLE_UNIT ( ) SI_UNIT ( $, .RADIAN. ) );
#863 = SURFACE_SIDE_STYLE ('',( #2919 ) ) ;
#864 =( LENGTH_UNIT ( ) NAMED_UNIT ( * ) SI_UNIT ( .MILLI., .METRE. ) );
#865 = UNCERTAINTY_MEASURE_WITH_UNIT (LENGTH_MEASURE( 1.000000000000000100E-005 ), #1247, 'distance_accuracy_value', 'NONE');
#866 = PRESENTATION_LAYER_ASSIGNMENT (  '', '', ( #525 ) ) ;
#867 = EDGE_CURVE ( 'NONE', #584, #3078, #3139, .T. ) ;
#868 =( GEOMETRIC_REPRESENTATION_CONTEXT ( 3 ) GLOBAL_UNCERTAINTY_ASSIGNED_CONTEXT ( ( #2949 ) ) GLOBAL_UNIT_ASSIGNED_CONTEXT ( ( #1568, #68, #1814 ) ) REPRESENTATION_CONTEXT ( 'NONE', 'WORKASPACE' ) );
#869 =( GEOMETRIC_REPRESENTATION_CONTEXT ( 3 ) GLOBAL_UNCERTAINTY_ASSIGNED_CONTEXT ( ( #2374 ) ) GLOBAL_UNIT_ASSIGNED_CONTEXT ( ( #1866, #382, #2113 ) ) REPRESENTATION_CONTEXT ( 'NONE', 'WORKASPACE' ) );
#870 = DIRECTION ( 'NONE',  ( -0.7071067811865474600, 0.0000000000000000000, -0.7071067811865474600 ) ) ;
#871 = DIRECTION ( 'NONE',  ( 1.000000000000000000, 0.0000000000000000000, 0.0000000000000000000 ) ) ;
#872 = COLOUR_RGB ( '',1.000000000000000000, 1.000000000000000000, 1.000000000000000000 ) ;
#873 = FILL_AREA_STYLE ('',( #100 ) ) ;
#874 = STYLED_ITEM ( 'NONE', ( #1000 ), #723 ) ;
#875 = COLOUR_RGB ( '',0.0000000000000000000, 0.03529411764705882300, 0.05882352941176470500 ) ;
#876 = UNCERTAINTY_MEASURE_WITH_UNIT (LENGTH_MEASURE( 1.000000000000000100E-005 ), #2201, 'distance_accuracy_value', 'NONE');
#877 = CARTESIAN_POINT ( 'NONE',  ( 1.269999999999999400, 0.0000000000000000000, 1.669999999999999900 ) ) ;
#878 = DIRECTION ( 'NONE',  ( -1.000000000000000000, 0.0000000000000000000, 2.492418787322999200E-016 ) ) ;
#879 = ORIENTED_EDGE ( 'NONE', *, *, #2711, .F. ) ;
#880 = COLOUR_RGB ( '',0.0000000000000000000, 0.03529411764705882300, 0.05882352941176470500 ) ;
#881 = VECTOR ( 'NONE', #404, 1000.000000000000000 ) ;
#882 = ORIENTED_EDGE ( 'NONE', *, *, #2942, .T. ) ;
#883 = FILL_AREA_STYLE_COLOUR ( '', #297 ) ;
#884 = COLOUR_RGB ( '',1.000000000000000000, 1.000000000000000000, 1.000000000000000000 ) ;
#885 =( GEOMETRIC_REPRESENTATION_CONTEXT ( 3 ) GLOBAL_UNCERTAINTY_ASSIGNED_CONTEXT ( ( #1312 ) ) GLOBAL_UNIT_ASSIGNED_CONTEXT ( ( #2472, #981, #2722 ) ) REPRESENTATION_CONTEXT ( 'NONE', 'WORKASPACE' ) );
#886 = VECTOR ( 'NONE', #564, 1000.000000000000000 ) ;
#887 = ORIENTED_EDGE ( 'NONE', *, *, #1897, .T. ) ;
#888 = ORIENTED_EDGE ( 'NONE', *, *, #458, .F. ) ;
#889 = FACE_OUTER_BOUND ( 'NONE', #2842, .T. ) ;
#890 = CARTESIAN_POINT ( 'NONE',  ( -0.3199999999999987300, 8.339999999999999900, 5.299999999999999800 ) ) ;
#891 =( NAMED_UNIT ( * ) SI_UNIT ( $, .STERADIAN. ) SOLID_ANGLE_UNIT ( ) );
#892 = EDGE_CURVE ( 'NONE', #1212, #820, #2601, .T. ) ;
#893 = LINE ( 'NONE', #818, #848 ) ;
#894 = ORIENTED_EDGE ( 'NONE', *, *, #1334, .T. ) ;
#895 = VECTOR ( 'NONE', #2260, 1000.000000000000000 ) ;
#896 = DIRECTION ( 'NONE',  ( 0.0000000000000000000, -1.000000000000000000, 0.0000000000000000000 ) ) ;
#897 = FILL_AREA_STYLE ('',( #1147 ) ) ;
#898 = SURFACE_SIDE_STYLE ('',( #1257 ) ) ;
#899 = EDGE_CURVE ( 'NONE', #1627, #266, #1093, .T. ) ;
#900 = SURFACE_STYLE_USAGE ( .BOTH. , #2392 ) ;
#901 = PRESENTATION_LAYER_ASSIGNMENT (  '', '', ( #571 ) ) ;
#902 = CARTESIAN_POINT ( 'NONE',  ( -0.3199999999999988400, 8.339999999999999900, 4.860000000000000300 ) ) ;
#903 = DIRECTION ( 'NONE',  ( -1.000000000000000000, 0.0000000000000000000, -0.0000000000000000000 ) ) ;
#904 =( NAMED_UNIT ( * ) PLANE_ANGLE_UNIT ( ) SI_UNIT ( $, .RADIAN. ) );
#905 = EDGE_CURVE ( 'NONE', #1655, #1302, #3133, .T. ) ;
#906 = SURFACE_STYLE_USAGE ( .BOTH. , #898 ) ;
#907 = DIRECTION ( 'NONE',  ( -0.7071067811865474600, -0.0000000000000000000, 0.7071067811865474600 ) ) ;
#908 =( LENGTH_UNIT ( ) NAMED_UNIT ( * ) SI_UNIT ( .MILLI., .METRE. ) );
#909 = PRESENTATION_LAYER_ASSIGNMENT (  '', '', ( #592 ) ) ;
#910 = EDGE_CURVE ( 'NONE', #1525, #3089, #3128, .T. ) ;
#911 = DIRECTION ( 'NONE',  ( -0.7071067811865475700, 0.0000000000000000000, -0.7071067811865475700 ) ) ;
#912 = SURFACE_SIDE_STYLE ('',( #49 ) ) ;
#913 = VERTEX_POINT ( 'NONE', #1917 ) ;
#914 = PRESENTATION_STYLE_ASSIGNMENT (( #2609 ) ) ;
#915 = VECTOR ( 'NONE', #2353, 1000.000000000000100 ) ;
#916 = DIRECTION ( 'NONE',  ( -1.000000000000000000, 0.0000000000000000000, 0.0000000000000000000 ) ) ;
#917 = ORIENTED_EDGE ( 'NONE', *, *, #2942, .F. ) ;
#918 = EDGE_CURVE ( 'NONE', #2502, #1754, #919, .T. ) ;
#919 = LINE ( 'NONE', #3184, #647 ) ;
#920 = SURFACE_STYLE_FILL_AREA ( #1094 ) ;
#921 = FILL_AREA_STYLE_COLOUR ( '', #484 ) ;
#922 = VECTOR ( 'NONE', #2544, 1000.000000000000000 ) ;
#923 = ORIENTED_EDGE ( 'NONE', *, *, #1734, .F. ) ;
#924 = AXIS2_PLACEMENT_3D ( 'NONE', #1613, #111, #1852 ) ;
#925 = FACE_OUTER_BOUND ( 'NONE', #3010, .T. ) ;
#926 = SURFACE_STYLE_USAGE ( .BOTH. , #2422 ) ;
#927 = LINE ( 'NONE', #1665, #881 ) ;
#928 = ORIENTED_EDGE ( 'NONE', *, *, #750, .F. ) ;
#929 = EDGE_LOOP ( 'NONE', ( #2738, #176, #498, #3252 ) ) ;
#930 = VECTOR ( 'NONE', #2015, 1000.000000000000000 ) ;
#931 =( NAMED_UNIT ( * ) PLANE_ANGLE_UNIT ( ) SI_UNIT ( $, .RADIAN. ) );
#932 = DIRECTION ( 'NONE',  ( 0.0000000000000000000, 1.000000000000000000, 0.0000000000000000000 ) ) ;
#933 = VECTOR ( 'NONE', #417, 1000.000000000000000 ) ;
#934 = ORIENTED_EDGE ( 'NONE', *, *, #1959, .F. ) ;
#935 = VERTEX_POINT ( 'NONE', #1441 ) ;
#936 = VECTOR ( 'NONE', #2529, 1000.000000000000000 ) ;
#937 = VECTOR ( 'NONE', #916, 1000.000000000000000 ) ;
#938 = CARTESIAN_POINT ( 'NONE',  ( -1.270000000000000000, 0.0000000000000000000, 0.8699999999999998800 ) ) ;
#939 = EDGE_CURVE ( 'NONE', #625, #2893, #693, .T. ) ;
#940 = ORIENTED_EDGE ( 'NONE', *, *, #1318, .F. ) ;
#941 =( LENGTH_UNIT ( ) NAMED_UNIT ( * ) SI_UNIT ( .MILLI., .METRE. ) );
#942 = SURFACE_STYLE_USAGE ( .BOTH. , #2430 ) ;
#943 = VECTOR ( 'NONE', #2517, 1000.000000000000000 ) ;
#944 = VECTOR ( 'NONE', #1007, 1000.000000000000000 ) ;
#945 = AXIS2_PLACEMENT_3D ( 'NONE', #3167, #1651, #150 ) ;
#946 = DIRECTION ( 'NONE',  ( -1.000000000000000000, -0.0000000000000000000, -0.0000000000000000000 ) ) ;
#947 = ADVANCED_FACE ( 'NONE', ( #776 ), #3194, .F. ) ;
#948 = FILL_AREA_STYLE ('',( #179 ) ) ;
#949 = CARTESIAN_POINT ( 'NONE',  ( -0.2199999999999988400, 1.700000000000000000, 5.399999999999999500 ) ) ;
#950 = CARTESIAN_POINT ( 'NONE',  ( 0.3200000000000000100, -3.000000000000000000, 0.2199999999999999700 ) ) ;
#951 =( LENGTH_UNIT ( ) NAMED_UNIT ( * ) SI_UNIT ( .MILLI., .METRE. ) );
#952 = FILL_AREA_STYLE ('',( #961 ) ) ;
#953 = SURFACE_SIDE_STYLE ('',( #2887 ) ) ;
#954 = PLANE ( 'NONE',  #2739 ) ;
#955 = DIRECTION ( 'NONE',  ( 1.000000000000000000, 0.0000000000000000000, -0.0000000000000000000 ) ) ;
#956 = MECHANICAL_DESIGN_GEOMETRIC_PRESENTATION_REPRESENTATION (  '', ( #450 ), #1129 ) ;
#957 = CARTESIAN_POINT ( 'NONE',  ( -0.8699999999999994400, 1.700000000000000000, 3.810000000000000100 ) ) ;
#958 = CARTESIAN_POINT ( 'NONE',  ( -0.3199999999999994500, 1.700000000000000200, 2.319999999999999800 ) ) ;
#959 = PRESENTATION_STYLE_ASSIGNMENT (( #3180 ) ) ;
#960 = FILL_AREA_STYLE ('',( #1927 ) ) ;
#961 = FILL_AREA_STYLE_COLOUR ( '', #1300 ) ;
#962 = VECTOR ( 'NONE', #1486, 1000.000000000000100 ) ;
#963 = EDGE_CURVE ( 'NONE', #1134, #2568, #314, .T. ) ;
#964 = ADVANCED_FACE ( 'NONE', ( #257 ), #455, .T. ) ;
#965 = FACE_OUTER_BOUND ( 'NONE', #3142, .T. ) ;
#966 = DIRECTION ( 'NONE',  ( 0.7071067811865475700, 0.0000000000000000000, -0.7071067811865475700 ) ) ;
#967 = ORIENTED_EDGE ( 'NONE', *, *, #2926, .F. ) ;
#968 = FACE_OUTER_BOUND ( 'NONE', #854, .T. ) ;
#969 = DIRECTION ( 'NONE',  ( -0.7071067811865474600, 0.0000000000000000000, -0.7071067811865474600 ) ) ;
#970 = LINE ( 'NONE', #2047, #886 ) ;
#971 = ORIENTED_EDGE ( 'NONE', *, *, #963, .T. ) ;
#972 = VECTOR ( 'NONE', #3157, 1000.000000000000100 ) ;
#973 = CARTESIAN_POINT ( 'NONE',  ( -1.269999999999999800, 1.700000000000000000, 1.669999999999999900 ) ) ;
#974 = PLANE ( 'NONE',  #618 ) ;
#975 = DIRECTION ( 'NONE',  ( 0.7071067811865475700, -0.0000000000000000000, 0.7071067811865475700 ) ) ;
#976 = VECTOR ( 'NONE', #399, 1000.000000000000100 ) ;
#977 = ORIENTED_EDGE ( 'NONE', *, *, #1433, .T. ) ;
#978 = LINE ( 'NONE', #902, #933 ) ;
#979 = ORIENTED_EDGE ( 'NONE', *, *, #1273, .F. ) ;
#980 = ORIENTED_EDGE ( 'NONE', *, *, #1747, .F. ) ;
#981 =( NAMED_UNIT ( * ) PLANE_ANGLE_UNIT ( ) SI_UNIT ( $, .RADIAN. ) );
#982 = STYLED_ITEM ( 'NONE', ( #659 ), #1522 ) ;
#983 = LINE ( 'NONE', #1181, #976 ) ;
#984 = ORIENTED_EDGE ( 'NONE', *, *, #3158, .T. ) ;
#985 = ADVANCED_FACE ( 'NONE', ( #1275 ), #2468, .F. ) ;
#986 = VECTOR ( 'NONE', #2239, 1000.000000000000000 ) ;
#987 = SURFACE_STYLE_USAGE ( .BOTH. , #2473 ) ;
#988 = DIRECTION ( 'NONE',  ( 0.0000000000000000000, 1.000000000000000000, 0.0000000000000000000 ) ) ;
#989 = DIRECTION ( 'NONE',  ( -0.7071067811865474600, 0.0000000000000000000, 0.7071067811865474600 ) ) ;
#990 = LINE ( 'NONE', #16, #557 ) ;
#991 = CARTESIAN_POINT ( 'NONE',  ( 0.2200000000000012500, -3.000000000000000000, 4.760000000000000700 ) ) ;
#992 = VECTOR ( 'NONE', #3027, 1000.000000000000100 ) ;
#993 =( NAMED_UNIT ( * ) SI_UNIT ( $, .STERADIAN. ) SOLID_ANGLE_UNIT ( ) );
#994 = AXIS2_PLACEMENT_3D ( 'NONE', #2869, #1372, #3117 ) ;
#995 = PRESENTATION_LAYER_ASSIGNMENT (  '', '', ( #638 ) ) ;
#996 = EDGE_CURVE ( 'NONE', #337, #2126, #1960, .T. ) ;
#997 = SURFACE_SIDE_STYLE ('',( #509 ) ) ;
#998 = DIRECTION ( 'NONE',  ( -0.7071067811865474600, -0.0000000000000000000, 0.7071067811865474600 ) ) ;
#999 = DIRECTION ( 'NONE',  ( 2.492418787322998300E-016, 0.0000000000000000000, 1.000000000000000000 ) ) ;
#1000 = PRESENTATION_STYLE_ASSIGNMENT (( #3153 ) ) ;
#1001 = CARTESIAN_POINT ( 'NONE',  ( 0.3200000000000003400, 1.700000000000000000, -3.942553354492747000E-017 ) ) ;
#1002 = CARTESIAN_POINT ( 'NONE',  ( -0.2200000000000000800, -3.000000000000000000, -0.3200000000000000600 ) ) ;
#1003 =( NAMED_UNIT ( * ) PLANE_ANGLE_UNIT ( ) SI_UNIT ( $, .RADIAN. ) );
#1004 = COLOUR_RGB ( '',0.0000000000000000000, 0.03529411764705882300, 0.05882352941176470500 ) ;
#1005 = STYLED_ITEM ( 'NONE', ( #2249 ), #2479 ) ;
#1006 = ADVANCED_FACE ( 'NONE', ( #2070 ), #1242, .T. ) ;
#1007 = DIRECTION ( 'NONE',  ( -0.0000000000000000000, -1.000000000000000000, -0.0000000000000000000 ) ) ;
#1008 =( GEOMETRIC_REPRESENTATION_CONTEXT ( 3 ) GLOBAL_UNCERTAINTY_ASSIGNED_CONTEXT ( ( #3222 ) ) GLOBAL_UNIT_ASSIGNED_CONTEXT ( ( #1875, #398, #2134 ) ) REPRESENTATION_CONTEXT ( 'NONE', 'WORKASPACE' ) );
#1009 = STYLED_ITEM ( 'NONE', ( #3268 ), #1435 ) ;
#1010 = CARTESIAN_POINT ( 'NONE',  ( 0.3199999999999999500, 8.339999999999999900, -0.2200000000000000800 ) ) ;
#1011 = DIRECTION ( 'NONE',  ( 0.7071067811865474600, 0.0000000000000000000, 0.7071067811865474600 ) ) ;
#1012 = SURFACE_SIDE_STYLE ('',( #318 ) ) ;
#1013 = VERTEX_POINT ( 'NONE', #718 ) ;
#1014 = FACE_OUTER_BOUND ( 'NONE', #3003, .T. ) ;
#1015 = LINE ( 'NONE', #3112, #2920 ) ;
#1016 = ORIENTED_EDGE ( 'NONE', *, *, #2418, .T. ) ;
#1017 = VECTOR ( 'NONE', #133, 1000.000000000000000 ) ;
#1018 = DIRECTION ( 'NONE',  ( 0.7071067811865475700, 0.0000000000000000000, -0.7071067811865475700 ) ) ;
#1019 = ORIENTED_EDGE ( 'NONE', *, *, #595, .F. ) ;
#1020 = UNCERTAINTY_MEASURE_WITH_UNIT (LENGTH_MEASURE( 1.000000000000000100E-005 ), #243, 'distance_accuracy_value', 'NONE');
#1021 = ADVANCED_FACE ( 'NONE', ( #711 ), #974, .F. ) ;
#1022 = CARTESIAN_POINT ( 'NONE',  ( 1.269999999999998700, 1.700000000000000000, -0.8700000000000003300 ) ) ;
#1023 = LINE ( 'NONE', #439, #1017 ) ;
#1024 = ORIENTED_EDGE ( 'NONE', *, *, #20, .T. ) ;
#1025 = ORIENTED_EDGE ( 'NONE', *, *, #867, .T. ) ;
#1026 = DIRECTION ( 'NONE',  ( 1.000000000000000000, 0.0000000000000000000, -1.232047923278982200E-016 ) ) ;
#1027 = LINE ( 'NONE', #1112, #2259 ) ;
#1028 = SURFACE_SIDE_STYLE ('',( #66 ) ) ;
#1029 = PRESENTATION_LAYER_ASSIGNMENT (  '', '', ( #668 ) ) ;
#1030 = LINE ( 'NONE', #456, #922 ) ;
#1031 = ORIENTED_EDGE ( 'NONE', *, *, #765, .T. ) ;
#1032 = VERTEX_POINT ( 'NONE', #1002 ) ;
#1033 = LINE ( 'NONE', #3043, #1450 ) ;
#1034 = ORIENTED_EDGE ( 'NONE', *, *, #536, .T. ) ;
#1035 = PRESENTATION_LAYER_ASSIGNMENT (  '', '', ( #2657 ) ) ;
#1036 = SURFACE_STYLE_USAGE ( .BOTH. , #2513 ) ;
#1037 =( GEOMETRIC_REPRESENTATION_CONTEXT ( 3 ) GLOBAL_UNCERTAINTY_ASSIGNED_CONTEXT ( ( #3031 ) ) GLOBAL_UNIT_ASSIGNED_CONTEXT ( ( #3270, #3029, #3212 ) ) REPRESENTATION_CONTEXT ( 'NONE', 'WORKASPACE' ) );
#1038 = DIRECTION ( 'NONE',  ( 0.0000000000000000000, -0.0000000000000000000, -1.000000000000000000 ) ) ;
#1039 = UNCERTAINTY_MEASURE_WITH_UNIT (LENGTH_MEASURE( 1.000000000000000100E-005 ), #2725, 'distance_accuracy_value', 'NONE');
#1040 = CARTESIAN_POINT ( 'NONE',  ( -0.8699999999999992200, 1.700000000000000000, 3.810000000000000100 ) ) ;
#1041 = CARTESIAN_POINT ( 'NONE',  ( -2.269999999999999600, 1.700000000000000000, 2.269999999999999600 ) ) ;
#1042 = ADVANCED_FACE ( 'NONE', ( #823 ), #1267, .T. ) ;
#1043 = CARTESIAN_POINT ( 'NONE',  ( -1.269999999999998700, 1.700000000000000000, 5.950000000000000200 ) ) ;
#1044 = SURFACE_STYLE_FILL_AREA ( #2892 ) ;
#1045 =( LENGTH_UNIT ( ) NAMED_UNIT ( * ) SI_UNIT ( .MILLI., .METRE. ) );
#1046 = DIRECTION ( 'NONE',  ( -0.0000000000000000000, -1.000000000000000000, -0.0000000000000000000 ) ) ;
#1047 = PRODUCT_DEFINITION_CONTEXT ( 'detailed design', #1935, 'design' ) ;
#1048 = MECHANICAL_DESIGN_GEOMETRIC_PRESENTATION_REPRESENTATION (  '', ( #525 ), #1204 ) ;
#1049 = EDGE_CURVE ( 'NONE', #2337, #2053, #1863, .T. ) ;
#1050 = LINE ( 'NONE', #715, #2287 ) ;
#1051 = CARTESIAN_POINT ( 'NONE',  ( 0.3200000000000006700, -3.000000000000000000, 2.760000000000000200 ) ) ;
#1052 = DIRECTION ( 'NONE',  ( 0.0000000000000000000, 1.000000000000000000, 0.0000000000000000000 ) ) ;
#1053 = FILL_AREA_STYLE_COLOUR ( '', #2847 ) ;
#1054 = ORIENTED_EDGE ( 'NONE', *, *, #1966, .F. ) ;
#1055 = CARTESIAN_POINT ( 'NONE',  ( -0.3199999999999988400, -3.000000000000000000, 4.860000000000000300 ) ) ;
#1056 = SURFACE_STYLE_FILL_AREA ( #1911 ) ;
#1057 = LINE ( 'NONE', #2152, #1061 ) ;
#1058 = STYLED_ITEM ( 'NONE', ( #2127 ), #1968 ) ;
#1059 = LINE ( 'NONE', #1871, #534 ) ;
#1060 = AXIS2_PLACEMENT_3D ( 'NONE', #116, #1868, #388 ) ;
#1061 = VECTOR ( 'NONE', #1404, 1000.000000000000100 ) ;
#1062 = VERTEX_POINT ( 'NONE', #269 ) ;
#1063 = FACE_OUTER_BOUND ( 'NONE', #1371, .T. ) ;
#1064 = CARTESIAN_POINT ( 'NONE',  ( 0.8700000000000005500, 1.700000000000000000, 6.349999999999999600 ) ) ;
#1065 = DIRECTION ( 'NONE',  ( 0.7071067811865474600, 0.0000000000000000000, -0.7071067811865474600 ) ) ;
#1066 = VECTOR ( 'NONE', #187, 1000.000000000000100 ) ;
#1067 = EDGE_LOOP ( 'NONE', ( #3009, #1408, #349, #2894 ) ) ;
#1068 = ORIENTED_EDGE ( 'NONE', *, *, #2, .T. ) ;
#1069 = DIRECTION ( 'NONE',  ( 0.0000000000000000000, 1.000000000000000000, 0.0000000000000000000 ) ) ;
#1070 =( NAMED_UNIT ( * ) PLANE_ANGLE_UNIT ( ) SI_UNIT ( $, .RADIAN. ) );
#1071 = ORIENTED_EDGE ( 'NONE', *, *, #694, .T. ) ;
#1072 =( LENGTH_UNIT ( ) NAMED_UNIT ( * ) SI_UNIT ( .MILLI., .METRE. ) );
#1073 = CARTESIAN_POINT ( 'NONE',  ( -0.3199999999999999500, 8.339999999999999900, 0.2199999999999999700 ) ) ;
#1074 =( NAMED_UNIT ( * ) PLANE_ANGLE_UNIT ( ) SI_UNIT ( $, .RADIAN. ) );
#1075 = EDGE_CURVE ( 'NONE', #724, #2568, #2142, .T. ) ;
#1076 = DIRECTION ( 'NONE',  ( -1.232047923278982200E-016, 0.0000000000000000000, -1.000000000000000000 ) ) ;
#1077 =( NAMED_UNIT ( * ) PLANE_ANGLE_UNIT ( ) SI_UNIT ( $, .RADIAN. ) );
#1078 = CARTESIAN_POINT ( 'NONE',  ( 0.7500000000000000000, 0.0000000000000000000, -1.270000000000000500 ) ) ;
#1079 =( NAMED_UNIT ( * ) SI_UNIT ( $, .STERADIAN. ) SOLID_ANGLE_UNIT ( ) );
#1080 = DIRECTION ( 'NONE',  ( -0.7071067811865475700, 0.0000000000000000000, -0.7071067811865475700 ) ) ;
#1081 = EDGE_CURVE ( 'NONE', #425, #1529, #1906, .T. ) ;
#1082 = MECHANICAL_DESIGN_GEOMETRIC_PRESENTATION_REPRESENTATION (  '', ( #571 ), #1255 ) ;
#1083 = CARTESIAN_POINT ( 'NONE',  ( -1.269999999999999100, 1.700000000000000000, 4.210000000000000000 ) ) ;
#1084 = SURFACE_SIDE_STYLE ('',( #175 ) ) ;
#1085 = LINE ( 'NONE', #2424, #2395 ) ;
#1086 = VERTEX_POINT ( 'NONE', #766 ) ;
#1087 = SURFACE_STYLE_FILL_AREA ( #1513 ) ;
#1088 = STYLED_ITEM ( 'NONE', ( #2133 ), #1740 ) ;
#1089 = LINE ( 'NONE', #2594, #2997 ) ;
#1090 = EDGE_CURVE ( 'NONE', #2761, #188, #1272, .T. ) ;
#1091 = VERTEX_POINT ( 'NONE', #2778 ) ;
#1092 = FACE_OUTER_BOUND ( 'NONE', #835, .T. ) ;
#1093 = LINE ( 'NONE', #2671, #937 ) ;
#1094 = FILL_AREA_STYLE ('',( #1053 ) ) ;
#1095 = ORIENTED_EDGE ( 'NONE', *, *, #2080, .T. ) ;
#1096 = DIRECTION ( 'NONE',  ( 0.0000000000000000000, 1.000000000000000000, 0.0000000000000000000 ) ) ;
#1097 = VECTOR ( 'NONE', #2156, 1000.000000000000000 ) ;
#1098 = FILL_AREA_STYLE ('',( #1821 ) ) ;
#1099 = MECHANICAL_DESIGN_GEOMETRIC_PRESENTATION_REPRESENTATION (  '', ( #592 ), #1271 ) ;
#1100 = ORIENTED_EDGE ( 'NONE', *, *, #1570, .T. ) ;
#1101 = VERTEX_POINT ( 'NONE', #1280 ) ;
#1102 = EDGE_CURVE ( 'NONE', #859, #1343, #990, .T. ) ;
#1103 = ORIENTED_EDGE ( 'NONE', *, *, #1897, .F. ) ;
#1104 = ORIENTED_EDGE ( 'NONE', *, *, #1377, .F. ) ;
#1105 = LINE ( 'NONE', #17, #2654 ) ;
#1106 = FILL_AREA_STYLE_COLOUR ( '', #3079 ) ;
#1107 = EDGE_CURVE ( 'NONE', #3166, #221, #789, .T. ) ;
#1108 = CARTESIAN_POINT ( 'NONE',  ( 0.2200000000000006100, 0.2999999999999999300, 2.220000000000000200 ) ) ;
#1109 = SURFACE_STYLE_FILL_AREA ( #2831 ) ;
#1110 = DIRECTION ( 'NONE',  ( -0.0000000000000000000, -1.000000000000000000, -0.0000000000000000000 ) ) ;
#1111 = PRESENTATION_LAYER_ASSIGNMENT (  '', '', ( #755 ) ) ;
#1112 = CARTESIAN_POINT ( 'NONE',  ( 2.810000000000000500, 1.700000000000000000, 2.810000000000000500 ) ) ;
#1113 = STYLED_ITEM ( 'NONE', ( #1289 ), #3095 ) ;
#1114 = DIRECTION ( 'NONE',  ( -0.7071067811865474600, 0.0000000000000000000, -0.7071067811865474600 ) ) ;
#1115 = EDGE_CURVE ( 'NONE', #2923, #2049, #285, .T. ) ;
#1116 = CARTESIAN_POINT ( 'NONE',  ( 0.2200000000000006100, -3.000000000000000000, 2.220000000000000200 ) ) ;
#1117 = PRESENTATION_STYLE_ASSIGNMENT (( #406 ) ) ;
#1118 = CARTESIAN_POINT ( 'NONE',  ( 1.269999999999998700, 0.0000000000000000000, -0.8700000000000003300 ) ) ;
#1119 = UNCERTAINTY_MEASURE_WITH_UNIT (LENGTH_MEASURE( 1.000000000000000100E-005 ), #1729, 'distance_accuracy_value', 'NONE');
#1120 = STYLED_ITEM ( 'NONE', ( #123 ), #512 ) ;
#1121 = PRESENTATION_LAYER_ASSIGNMENT (  '', '', ( #771 ) ) ;
#1122 =( LENGTH_UNIT ( ) NAMED_UNIT ( * ) SI_UNIT ( .MILLI., .METRE. ) );
#1123 = COLOUR_RGB ( '',0.0000000000000000000, 0.03529411764705882300, 0.05882352941176470500 ) ;
#1124 = VECTOR ( 'NONE', #397, 1000.000000000000000 ) ;
#1125 =( NAMED_UNIT ( * ) SI_UNIT ( $, .STERADIAN. ) SOLID_ANGLE_UNIT ( ) );
#1126 = CARTESIAN_POINT ( 'NONE',  ( -2.549999999999999800, 0.2999999999999999900, 0.5299999999999992500 ) ) ;
#1127 = EDGE_LOOP ( 'NONE', ( #1019, #3202, #2685, #1559, #689, #1488, #1755, #608 ) ) ;
#1128 = UNCERTAINTY_MEASURE_WITH_UNIT (LENGTH_MEASURE( 1.000000000000000100E-005 ), #206, 'distance_accuracy_value', 'NONE');
#1129 =( GEOMETRIC_REPRESENTATION_CONTEXT ( 3 ) GLOBAL_UNCERTAINTY_ASSIGNED_CONTEXT ( ( #1788 ) ) GLOBAL_UNIT_ASSIGNED_CONTEXT ( ( #2002, #505, #2250 ) ) REPRESENTATION_CONTEXT ( 'NONE', 'WORKASPACE' ) );
#1130 = EDGE_LOOP ( 'NONE', ( #894, #256, #2973, #1430 ) ) ;
#1131 = LINE ( 'NONE', #1381, #460 ) ;
#1132 = CARTESIAN_POINT ( 'NONE',  ( -0.3200000000000000100, 1.700000000000000000, 7.885106708985486600E-017 ) ) ;
#1133 = EDGE_CURVE ( 'NONE', #2932, #3172, #3209, .T. ) ;
#1134 = VERTEX_POINT ( 'NONE', #2834 ) ;
#1135 = CARTESIAN_POINT ( 'NONE',  ( -0.8700000000000005500, 1.700000000000000000, -1.270000000000000200 ) ) ;
#1136 = SURFACE_STYLE_USAGE ( .BOTH. , #2623 ) ;
#1137 = ORIENTED_EDGE ( 'NONE', *, *, #2197, .F. ) ;
#1138 = VERTEX_POINT ( 'NONE', #1922 ) ;
#1139 = PRESENTATION_STYLE_ASSIGNMENT (( #2059 ) ) ;
#1140 = FILL_AREA_STYLE ('',( #2110 ) ) ;
#1141 = ORIENTED_EDGE ( 'NONE', *, *, #910, .F. ) ;
#1142 = DIRECTION ( 'NONE',  ( 1.000000000000000000, 0.0000000000000000000, 0.0000000000000000000 ) ) ;
#1143 = DIRECTION ( 'NONE',  ( -0.7071067811865474600, 0.0000000000000000000, 0.7071067811865474600 ) ) ;
#1144 = PLANE ( 'NONE',  #2043 ) ;
#1145 = CARTESIAN_POINT ( 'NONE',  ( -0.7499999999999986700, 0.0000000000000000000, 6.349999999999999600 ) ) ;
#1146 = AXIS2_PLACEMENT_3D ( 'NONE', #1753, #252, #2003 ) ;
#1147 = FILL_AREA_STYLE_COLOUR ( '', #2564 ) ;
#1148 = SURFACE_STYLE_FILL_AREA ( #2454 ) ;
#1149 = CARTESIAN_POINT ( 'NONE',  ( 0.3200000000000012300, -3.000000000000000000, 4.860000000000000300 ) ) ;
#1150 = CARTESIAN_POINT ( 'NONE',  ( 0.0000000000000000000, 0.0000000000000000000, 0.0000000000000000000 ) ) ;
#1151 = CARTESIAN_POINT ( 'NONE',  ( -0.3199999999999987300, -3.000000000000000000, 5.299999999999999800 ) ) ;
#1152 = PRESENTATION_LAYER_ASSIGNMENT (  '', '', ( #812 ) ) ;
#1153 = FILL_AREA_STYLE_COLOUR ( '', #2280 ) ;
#1154 = MECHANICAL_DESIGN_GEOMETRIC_PRESENTATION_REPRESENTATION (  '', ( #638 ), #1333 ) ;
#1155 = EDGE_CURVE ( 'NONE', #3082, #1346, #3120, .T. ) ;
#1156 = CARTESIAN_POINT ( 'NONE',  ( 0.3200000000000012300, 0.2999999999999999300, 4.860000000000000300 ) ) ;
#1157 = SURFACE_STYLE_USAGE ( .BOTH. , #2645 ) ;
#1158 = PLANE ( 'NONE',  #508 ) ;
#1159 =( NAMED_UNIT ( * ) PLANE_ANGLE_UNIT ( ) SI_UNIT ( $, .RADIAN. ) );
#1160 = EDGE_LOOP ( 'NONE', ( #504, #1664, #806, #1700 ) ) ;
#1161 = VECTOR ( 'NONE', #2507, 1000.000000000000000 ) ;
#1162 = AXIS2_PLACEMENT_3D ( 'NONE', #1569, #70, #1816 ) ;
#1163 = VECTOR ( 'NONE', #3230, 1000.000000000000000 ) ;
#1164 = DIRECTION ( 'NONE',  ( -1.000000000000000000, 0.0000000000000000000, 2.464095846557964400E-016 ) ) ;
#1165 = ORIENTED_EDGE ( 'NONE', *, *, #2603, .T. ) ;
#1166 = DIRECTION ( 'NONE',  ( 0.7071067811865475700, -0.0000000000000000000, 0.7071067811865475700 ) ) ;
#1167 = VECTOR ( 'NONE', #2704, 1000.000000000000000 ) ;
#1168 = EDGE_LOOP ( 'NONE', ( #2700, #643, #120, #940, #305, #101, #2968, #2018 ) ) ;
#1169 = SURFACE_STYLE_FILL_AREA ( #1589 ) ;
#1170 = AXIS2_PLACEMENT_3D ( 'NONE', #9, #1770, #279 ) ;
#1171 = DIRECTION ( 'NONE',  ( 0.7071067811865474600, -0.0000000000000000000, 0.7071067811865474600 ) ) ;
#1172 = ORIENTED_EDGE ( 'NONE', *, *, #2915, .T. ) ;
#1173 = ORIENTED_EDGE ( 'NONE', *, *, #2146, .T. ) ;
#1174 = FILL_AREA_STYLE ('',( #921 ) ) ;
#1175 = VERTEX_POINT ( 'NONE', #679 ) ;
#1176 =( NAMED_UNIT ( * ) SI_UNIT ( $, .STERADIAN. ) SOLID_ANGLE_UNIT ( ) );
#1177 = ORIENTED_EDGE ( 'NONE', *, *, #3231, .T. ) ;
#1178 = PLANE ( 'NONE',  #747 ) ;
#1179 =( LENGTH_UNIT ( ) NAMED_UNIT ( * ) SI_UNIT ( .MILLI., .METRE. ) );
#1180 = CARTESIAN_POINT ( 'NONE',  ( 1.269999999999999800, 1.700000000000000000, 3.409999999999999700 ) ) ;
#1181 = CARTESIAN_POINT ( 'NONE',  ( -0.3199999999999999500, 8.339999999999999900, 0.2199999999999999700 ) ) ;
#1182 = FACE_OUTER_BOUND ( 'NONE', #2857, .T. ) ;
#1183 = MECHANICAL_DESIGN_GEOMETRIC_PRESENTATION_REPRESENTATION (  '', ( #668 ), #2006 ) ;
#1184 =( NAMED_UNIT ( * ) PLANE_ANGLE_UNIT ( ) SI_UNIT ( $, .RADIAN. ) );
#1185 = MECHANICAL_DESIGN_GEOMETRIC_PRESENTATION_REPRESENTATION (  '', ( #2657 ), #1361 ) ;
#1186 = PLANE ( 'NONE',  #1286 ) ;
#1187 = SURFACE_STYLE_FILL_AREA ( #143 ) ;
#1188 = CARTESIAN_POINT ( 'NONE',  ( 1.269999999999998700, 0.0000000000000000000, -0.8700000000000003300 ) ) ;
#1189 = CARTESIAN_POINT ( 'NONE',  ( 0.3200000000000000100, 8.339999999999999900, 0.2199999999999999700 ) ) ;
#1190 = ADVANCED_FACE ( 'NONE', ( #2726 ), #2432, .T. ) ;
#1191 =( NAMED_UNIT ( * ) SI_UNIT ( $, .STERADIAN. ) SOLID_ANGLE_UNIT ( ) );
#1192 = COLOUR_RGB ( '',1.000000000000000000, 1.000000000000000000, 1.000000000000000000 ) ;
#1193 =( NAMED_UNIT ( * ) PLANE_ANGLE_UNIT ( ) SI_UNIT ( $, .RADIAN. ) );
#1194 = SURFACE_STYLE_USAGE ( .BOTH. , #2693 ) ;
#1195 = CARTESIAN_POINT ( 'NONE',  ( -0.2199999999999999700, 8.339999999999999900, 0.3199999999999999500 ) ) ;
#1196 = VECTOR ( 'NONE', #1143, 1000.000000000000100 ) ;
#1197 = PRESENTATION_STYLE_ASSIGNMENT (( #129 ) ) ;
#1198 = CARTESIAN_POINT ( 'NONE',  ( 0.3200000000000006200, 1.700000000000000000, -3.942553354492750700E-017 ) ) ;
#1199 =( NAMED_UNIT ( * ) SI_UNIT ( $, .STERADIAN. ) SOLID_ANGLE_UNIT ( ) );
#1200 = CARTESIAN_POINT ( 'NONE',  ( -0.8699999999999987700, 1.700000000000000000, 6.349999999999999600 ) ) ;
#1201 = ORIENTED_EDGE ( 'NONE', *, *, #899, .T. ) ;
#1202 = COLOUR_RGB ( '',1.000000000000000000, 1.000000000000000000, 1.000000000000000000 ) ;
#1203 = ORIENTED_EDGE ( 'NONE', *, *, #905, .F. ) ;
#1204 =( GEOMETRIC_REPRESENTATION_CONTEXT ( 3 ) GLOBAL_UNCERTAINTY_ASSIGNED_CONTEXT ( ( #1695 ) ) GLOBAL_UNIT_ASSIGNED_CONTEXT ( ( #2686, #1193, #2941 ) ) REPRESENTATION_CONTEXT ( 'NONE', 'WORKASPACE' ) );
#1205 = VECTOR ( 'NONE', #1611, 1000.000000000000000 ) ;
#1206 = VECTOR ( 'NONE', #3179, 1000.000000000000000 ) ;
#1207 = FILL_AREA_STYLE ('',( #1938 ) ) ;
#1208 = EDGE_CURVE ( 'NONE', #1846, #1721, #2957, .T. ) ;
#1209 = PRESENTATION_STYLE_ASSIGNMENT (( #906 ) ) ;
#1210 = CARTESIAN_POINT ( 'NONE',  ( -0.2199999999999993600, -3.000000000000000000, 2.860000000000000300 ) ) ;
#1211 = STYLED_ITEM ( 'NONE', ( #106 ), #1473 ) ;
#1212 = VERTEX_POINT ( 'NONE', #2950 ) ;
#1213 = ADVANCED_FACE ( 'NONE', ( #298 ), #1465, .T. ) ;
#1214 = LINE ( 'NONE', #149, #1066 ) ;
#1215 = UNCERTAINTY_MEASURE_WITH_UNIT (LENGTH_MEASURE( 1.000000000000000100E-005 ), #2554, 'distance_accuracy_value', 'NONE');
#1216 = VERTEX_POINT ( 'NONE', #2712 ) ;
#1217 = CARTESIAN_POINT ( 'NONE',  ( -0.3199999999999994500, 8.339999999999999900, 2.319999999999999800 ) ) ;
#1218 = ORIENTED_EDGE ( 'NONE', *, *, #2238, .T. ) ;
#1219 = STYLED_ITEM ( 'NONE', ( #833 ), #3239 ) ;
#1220 = SURFACE_STYLE_USAGE ( .BOTH. , #2707 ) ;
#1221 = VECTOR ( 'NONE', #2065, 1000.000000000000000 ) ;
#1222 = DIRECTION ( 'NONE',  ( -0.0000000000000000000, -1.000000000000000000, -0.0000000000000000000 ) ) ;
#1223 = VECTOR ( 'NONE', #1171, 1000.000000000000100 ) ;
#1224 = ORIENTED_EDGE ( 'NONE', *, *, #1115, .T. ) ;
#1225 = SURFACE_STYLE_FILL_AREA ( #486 ) ;
#1226 = AXIS2_PLACEMENT_3D ( 'NONE', #1336, #3066, #1567 ) ;
#1227 = CARTESIAN_POINT ( 'NONE',  ( 1.269999999999999400, 1.700000000000000000, 1.669999999999999900 ) ) ;
#1228 = VECTOR ( 'NONE', #522, 1000.000000000000000 ) ;
#1229 = PRESENTATION_LAYER_ASSIGNMENT (  '', '', ( #874 ) ) ;
#1230 = COLOUR_RGB ( '',1.000000000000000000, 1.000000000000000000, 1.000000000000000000 ) ;
#1231 = CARTESIAN_POINT ( 'NONE',  ( 0.3200000000000006200, -3.000000000000000000, 2.319999999999999800 ) ) ;
#1232 = CARTESIAN_POINT ( 'NONE',  ( 0.2200000000000005800, 1.700000000000000000, 2.220000000000000200 ) ) ;
#1233 = SURFACE_STYLE_USAGE ( .BOTH. , #2718 ) ;
#1234 = FILL_AREA_STYLE_COLOUR ( '', #788 ) ;
#1235 = UNCERTAINTY_MEASURE_WITH_UNIT (LENGTH_MEASURE( 1.000000000000000100E-005 ), #2650, 'distance_accuracy_value', 'NONE');
#1236 = ADVANCED_FACE ( 'NONE', ( #2548 ), #209, .T. ) ;
#1237 = VECTOR ( 'NONE', #1406, 1000.000000000000000 ) ;
#1238 = STYLED_ITEM ( 'NONE', ( #3098 ), #1249 ) ;
#1239 =( NAMED_UNIT ( * ) PLANE_ANGLE_UNIT ( ) SI_UNIT ( $, .RADIAN. ) );
#1240 = CARTESIAN_POINT ( 'NONE',  ( 2.270000000000000900, 1.700000000000000000, 2.270000000000000900 ) ) ;
#1241 = DIRECTION ( 'NONE',  ( -1.000000000000000000, 0.0000000000000000000, -0.0000000000000000000 ) ) ;
#1242 = PLANE ( 'NONE',  #2868 ) ;
#1243 = CARTESIAN_POINT ( 'NONE',  ( -0.2199999999999987000, -3.000000000000000000, 5.400000000000000400 ) ) ;
#1244 = SURFACE_STYLE_FILL_AREA ( #1500 ) ;
#1245 = EDGE_CURVE ( 'NONE', #428, #3172, #2403, .T. ) ;
#1246 = EDGE_LOOP ( 'NONE', ( #488, #2962, #389, #2652 ) ) ;
#1247 =( LENGTH_UNIT ( ) NAMED_UNIT ( * ) SI_UNIT ( .MILLI., .METRE. ) );
#1248 = VECTOR ( 'NONE', #482, 1000.000000000000100 ) ;
#1249 = ADVANCED_FACE ( 'NONE', ( #1182 ), #1971, .T. ) ;
#1250 = DIRECTION ( 'NONE',  ( -1.000000000000000000, 0.0000000000000000000, 0.0000000000000000000 ) ) ;
#1251 = EDGE_LOOP ( 'NONE', ( #2855, #650, #780, #1824 ) ) ;
#1252 = CARTESIAN_POINT ( 'NONE',  ( -0.3200000000000003400, 0.2999999999999999900, -1.270000000000000500 ) ) ;
#1253 = EDGE_CURVE ( 'NONE', #3168, #2076, #2867, .T. ) ;
#1254 = LINE ( 'NONE', #1398, #1223 ) ;
#1255 =( GEOMETRIC_REPRESENTATION_CONTEXT ( 3 ) GLOBAL_UNCERTAINTY_ASSIGNED_CONTEXT ( ( #2752 ) ) GLOBAL_UNIT_ASSIGNED_CONTEXT ( ( #2662, #2455, #2425 ) ) REPRESENTATION_CONTEXT ( 'NONE', 'WORKASPACE' ) );
#1256 = EDGE_LOOP ( 'NONE', ( #2787, #2369, #3178, #2810 ) ) ;
#1257 = SURFACE_STYLE_FILL_AREA ( #952 ) ;
#1258 = EDGE_LOOP ( 'NONE', ( #1104, #543, #1551, #392 ) ) ;
#1259 = ORIENTED_EDGE ( 'NONE', *, *, #1586, .T. ) ;
#1260 = FACE_OUTER_BOUND ( 'NONE', #1310, .T. ) ;
#1261 = AXIS2_PLACEMENT_3D ( 'NONE', #2833, #1345, #3074 ) ;
#1262 = LINE ( 'NONE', #1200, #1308 ) ;
#1263 = UNCERTAINTY_MEASURE_WITH_UNIT (LENGTH_MEASURE( 1.000000000000000100E-005 ), #2974, 'distance_accuracy_value', 'NONE');
#1264 = EDGE_LOOP ( 'NONE', ( #879, #61, #136, #3267, #1854, #781, #1530, #2302 ) ) ;
#1265 = ORIENTED_EDGE ( 'NONE', *, *, #76, .T. ) ;
#1266 = EDGE_CURVE ( 'NONE', #1032, #2923, #1607, .T. ) ;
#1267 = PLANE ( 'NONE',  #1617 ) ;
#1268 = ORIENTED_EDGE ( 'NONE', *, *, #1797, .T. ) ;
#1269 =( LENGTH_UNIT ( ) NAMED_UNIT ( * ) SI_UNIT ( .MILLI., .METRE. ) );
#1270 = ADVANCED_FACE ( 'NONE', ( #2189 ), #1504, .T. ) ;
#1271 =( GEOMETRIC_REPRESENTATION_CONTEXT ( 3 ) GLOBAL_UNCERTAINTY_ASSIGNED_CONTEXT ( ( #2174 ) ) GLOBAL_UNIT_ASSIGNED_CONTEXT ( ( #2945, #1457, #3208 ) ) REPRESENTATION_CONTEXT ( 'NONE', 'WORKASPACE' ) );
#1272 = LINE ( 'NONE', #1252, #1464 ) ;
#1273 = EDGE_CURVE ( 'NONE', #2126, #2179, #3229, .T. ) ;
#1274 = FILL_AREA_STYLE_COLOUR ( '', #2323 ) ;
#1275 = FACE_OUTER_BOUND ( 'NONE', #929, .T. ) ;
#1276 = LINE ( 'NONE', #2640, #1237 ) ;
#1277 = EDGE_CURVE ( 'NONE', #2823, #1305, #627, .T. ) ;
#1278 = UNCERTAINTY_MEASURE_WITH_UNIT (LENGTH_MEASURE( 1.000000000000000100E-005 ), #2349, 'distance_accuracy_value', 'NONE');
#1279 = CARTESIAN_POINT ( 'NONE',  ( -0.2199999999999994700, -3.000000000000000000, 2.220000000000000200 ) ) ;
#1280 = CARTESIAN_POINT ( 'NONE',  ( 0.3200000000000000100, -3.000000000000000000, 0.2199999999999999700 ) ) ;
#1281 =( LENGTH_UNIT ( ) NAMED_UNIT ( * ) SI_UNIT ( .MILLI., .METRE. ) );
#1282 = MECHANICAL_DESIGN_GEOMETRIC_PRESENTATION_REPRESENTATION (  '', ( #755 ), #1432 ) ;
#1283 = CARTESIAN_POINT ( 'NONE',  ( 1.269999999999999400, 1.700000000000000000, 1.669999999999999900 ) ) ;
#1284 =( NAMED_UNIT ( * ) PLANE_ANGLE_UNIT ( ) SI_UNIT ( $, .RADIAN. ) );
#1285 = ADVANCED_FACE ( 'NONE', ( #553 ), #260, .T. ) ;
#1286 = AXIS2_PLACEMENT_3D ( 'NONE', #2187, #681, #2434 ) ;
#1287 = CARTESIAN_POINT ( 'NONE',  ( -0.8700000000000005500, 0.0000000000000000000, -1.270000000000000200 ) ) ;
#1288 = EDGE_CURVE ( 'NONE', #2540, #268, #322, .T. ) ;
#1289 = PRESENTATION_STYLE_ASSIGNMENT (( #464 ) ) ;
#1290 = DIRECTION ( 'NONE',  ( 0.0000000000000000000, 0.0000000000000000000, -1.000000000000000000 ) ) ;
#1291 = DIRECTION ( 'NONE',  ( 0.0000000000000000000, 1.000000000000000000, 0.0000000000000000000 ) ) ;
#1292 = VECTOR ( 'NONE', #1867, 1000.000000000000100 ) ;
#1293 = FACE_OUTER_BOUND ( 'NONE', #494, .T. ) ;
#1294 = AXIS2_PLACEMENT_3D ( 'NONE', #3062, #1565, #60 ) ;
#1295 = MECHANICAL_DESIGN_GEOMETRIC_PRESENTATION_REPRESENTATION (  '', ( #771 ), #1452 ) ;
#1296 = ORIENTED_EDGE ( 'NONE', *, *, #1921, .F. ) ;
#1297 = VECTOR ( 'NONE', #2849, 1000.000000000000000 ) ;
#1298 = PRESENTATION_STYLE_ASSIGNMENT (( #926 ) ) ;
#1299 = CARTESIAN_POINT ( 'NONE',  ( 1.269999999999999100, 1.700000000000000000, 0.8699999999999994400 ) ) ;
#1300 = COLOUR_RGB ( '',1.000000000000000000, 1.000000000000000000, 1.000000000000000000 ) ;
#1301 = CARTESIAN_POINT ( 'NONE',  ( 1.269999999999999100, 0.0000000000000000000, 0.8699999999999994400 ) ) ;
#1302 = VERTEX_POINT ( 'NONE', #2273 ) ;
#1303 = LINE ( 'NONE', #2357, #3127 ) ;
#1304 =( NAMED_UNIT ( * ) SI_UNIT ( $, .STERADIAN. ) SOLID_ANGLE_UNIT ( ) );
#1305 = VERTEX_POINT ( 'NONE', #1043 ) ;
#1306 = COLOUR_RGB ( '',1.000000000000000000, 1.000000000000000000, 1.000000000000000000 ) ;
#1307 = CARTESIAN_POINT ( 'NONE',  ( -1.269999999999999800, 0.0000000000000000000, 1.669999999999999900 ) ) ;
#1308 = VECTOR ( 'NONE', #1222, 1000.000000000000000 ) ;
#1309 = ORIENTED_EDGE ( 'NONE', *, *, #440, .T. ) ;
#1310 = EDGE_LOOP ( 'NONE', ( #2370, #94, #3081, #1034 ) ) ;
#1311 = FACE_OUTER_BOUND ( 'NONE', #1256, .T. ) ;
#1312 = UNCERTAINTY_MEASURE_WITH_UNIT (LENGTH_MEASURE( 1.000000000000000100E-005 ), #2472, 'distance_accuracy_value', 'NONE');
#1313 = ORIENTED_EDGE ( 'NONE', *, *, #76, .F. ) ;
#1314 = CARTESIAN_POINT ( 'NONE',  ( 1.269999999999999400, 1.700000000000000000, 1.669999999999999900 ) ) ;
#1315 = CARTESIAN_POINT ( 'NONE',  ( -1.269999999999998700, 1.700000000000000000, 5.950000000000000200 ) ) ;
#1316 = SURFACE_SIDE_STYLE ('',( #2441 ) ) ;
#1317 = VECTOR ( 'NONE', #1760, 1000.000000000000000 ) ;
#1318 = EDGE_CURVE ( 'NONE', #1445, #1101, #2306, .T. ) ;
#1319 = DIRECTION ( 'NONE',  ( -0.7071067811865474600, 0.0000000000000000000, 0.7071067811865474600 ) ) ;
#1320 = CARTESIAN_POINT ( 'NONE',  ( -0.3199999999999993400, 0.2999999999999999300, 2.760000000000000200 ) ) ;
#1321 = DIRECTION ( 'NONE',  ( 0.0000000000000000000, 1.000000000000000000, 0.0000000000000000000 ) ) ;
#1322 = FILL_AREA_STYLE_COLOUR ( '', #663 ) ;
#1323 =( NAMED_UNIT ( * ) SI_UNIT ( $, .STERADIAN. ) SOLID_ANGLE_UNIT ( ) );
#1324 = PRESENTATION_LAYER_ASSIGNMENT (  '', '', ( #982 ) ) ;
#1325 = DIRECTION ( 'NONE',  ( 0.0000000000000000000, 0.0000000000000000000, 1.000000000000000000 ) ) ;
#1326 = FACE_OUTER_BOUND ( 'NONE', #539, .T. ) ;
#1327 = ORIENTED_EDGE ( 'NONE', *, *, #733, .F. ) ;
#1328 = LINE ( 'NONE', #714, #2559 ) ;
#1329 = UNCERTAINTY_MEASURE_WITH_UNIT (LENGTH_MEASURE( 1.000000000000000100E-005 ), #3093, 'distance_accuracy_value', 'NONE');
#1330 = DIRECTION ( 'NONE',  ( 0.0000000000000000000, 0.0000000000000000000, -1.000000000000000000 ) ) ;
#1331 = MECHANICAL_DESIGN_GEOMETRIC_PRESENTATION_REPRESENTATION (  '', ( #812 ), #1495 ) ;
#1332 = ORIENTED_EDGE ( 'NONE', *, *, #366, .F. ) ;
#1333 =( GEOMETRIC_REPRESENTATION_CONTEXT ( 3 ) GLOBAL_UNCERTAINTY_ASSIGNED_CONTEXT ( ( #1580 ) ) GLOBAL_UNIT_ASSIGNED_CONTEXT ( ( #951, #2698, #1199 ) ) REPRESENTATION_CONTEXT ( 'NONE', 'WORKASPACE' ) );
#1334 = EDGE_CURVE ( 'NONE', #1346, #2647, #2901, .T. ) ;
#1335 = ORIENTED_EDGE ( 'NONE', *, *, #1412, .F. ) ;
#1336 = CARTESIAN_POINT ( 'NONE',  ( 1.269999999999998700, 1.700000000000000000, -0.8700000000000003300 ) ) ;
#1337 = SURFACE_SIDE_STYLE ('',( #1109 ) ) ;
#1338 = ORIENTED_EDGE ( 'NONE', *, *, #561, .F. ) ;
#1339 = ORIENTED_EDGE ( 'NONE', *, *, #892, .F. ) ;
#1340 =( LENGTH_UNIT ( ) NAMED_UNIT ( * ) SI_UNIT ( .MILLI., .METRE. ) );
#1341 = ORIENTED_EDGE ( 'NONE', *, *, #561, .T. ) ;
#1342 = PRESENTATION_LAYER_ASSIGNMENT (  '', '', ( #1005 ) ) ;
#1343 = VERTEX_POINT ( 'NONE', #24 ) ;
#1344 = COLOUR_RGB ( '',1.000000000000000000, 1.000000000000000000, 1.000000000000000000 ) ;
#1345 = DIRECTION ( 'NONE',  ( -1.000000000000000000, 0.0000000000000000000, 2.464095846557964400E-016 ) ) ;
#1346 = VERTEX_POINT ( 'NONE', #1780 ) ;
#1347 = VECTOR ( 'NONE', #1553, 1000.000000000000000 ) ;
#1348 = STYLED_ITEM ( 'NONE', ( #2879 ), #2980 ) ;
#1349 = PRESENTATION_LAYER_ASSIGNMENT (  '', '', ( #1009 ) ) ;
#1350 = SURFACE_SIDE_STYLE ('',( #2732 ) ) ;
#1351 = SURFACE_STYLE_USAGE ( .BOTH. , #2839 ) ;
#1352 = CARTESIAN_POINT ( 'NONE',  ( -0.3199999999999993400, -3.000000000000000000, 2.760000000000000200 ) ) ;
#1353 = SURFACE_STYLE_USAGE ( .BOTH. , #2841 ) ;
#1354 = LINE ( 'NONE', #2117, #289 ) ;
#1355 = CARTESIAN_POINT ( 'NONE',  ( -0.3200000000000000600, 8.339999999999999900, -0.2200000000000000800 ) ) ;
#1356 = CARTESIAN_POINT ( 'NONE',  ( -0.2199999999999993600, -3.000000000000000000, 2.860000000000000300 ) ) ;
#1357 = CARTESIAN_POINT ( 'NONE',  ( -0.3199999999999987300, -3.000000000000000000, 5.299999999999999800 ) ) ;
#1358 = CARTESIAN_POINT ( 'NONE',  ( -0.2199999999999993600, 0.2999999999999999300, 2.860000000000000300 ) ) ;
#1359 = DIRECTION ( 'NONE',  ( -0.7071067811865474600, 0.0000000000000000000, 0.7071067811865474600 ) ) ;
#1360 = VECTOR ( 'NONE', #699, 1000.000000000000100 ) ;
#1361 =( GEOMETRIC_REPRESENTATION_CONTEXT ( 3 ) GLOBAL_UNCERTAINTY_ASSIGNED_CONTEXT ( ( #1263 ) ) GLOBAL_UNIT_ASSIGNED_CONTEXT ( ( #2974, #1476, #3237 ) ) REPRESENTATION_CONTEXT ( 'NONE', 'WORKASPACE' ) );
#1362 = PRESENTATION_STYLE_ASSIGNMENT (( #2525 ) ) ;
#1363 = VECTOR ( 'NONE', #1633, 1000.000000000000000 ) ;
#1364 = ORIENTED_EDGE ( 'NONE', *, *, #1773, .T. ) ;
#1365 = DIRECTION ( 'NONE',  ( -0.7071067811865474600, 0.0000000000000000000, -0.7071067811865474600 ) ) ;
#1366 = VERTEX_POINT ( 'NONE', #2031 ) ;
#1367 = DIRECTION ( 'NONE',  ( 0.0000000000000000000, 1.000000000000000000, 0.0000000000000000000 ) ) ;
#1368 = UNCERTAINTY_MEASURE_WITH_UNIT (LENGTH_MEASURE( 1.000000000000000100E-005 ), #2082, 'distance_accuracy_value', 'NONE');
#1369 = ORIENTED_EDGE ( 'NONE', *, *, #2993, .F. ) ;
#1370 = VECTOR ( 'NONE', #2030, 1000.000000000000100 ) ;
#1371 = EDGE_LOOP ( 'NONE', ( #2536, #3210, #1758, #2776 ) ) ;
#1372 = DIRECTION ( 'NONE',  ( -0.7071067811865475700, 0.0000000000000000000, -0.7071067811865475700 ) ) ;
#1373 = CARTESIAN_POINT ( 'NONE',  ( 1.269999999999999100, 1.700000000000000000, 0.8699999999999994400 ) ) ;
#1374 = VERTEX_POINT ( 'NONE', #1301 ) ;
#1375 =( NAMED_UNIT ( * ) SI_UNIT ( $, .STERADIAN. ) SOLID_ANGLE_UNIT ( ) );
#1376 = CARTESIAN_POINT ( 'NONE',  ( -0.3199999999999999500, -3.000000000000000000, 0.2199999999999999700 ) ) ;
#1377 = EDGE_CURVE ( 'NONE', #3041, #1883, #1563, .T. ) ;
#1378 = CARTESIAN_POINT ( 'NONE',  ( -0.3200000000000000600, -3.000000000000000000, -0.2200000000000000800 ) ) ;
#1379 = AXIS2_PLACEMENT_3D ( 'NONE', #2469, #975, #2719 ) ;
#1380 = AXIS2_PLACEMENT_3D ( 'NONE', #2373, #878, #2629 ) ;
#1381 = CARTESIAN_POINT ( 'NONE',  ( -3.279999999999998900, 0.2999999999999999900, 1.259999999999998700 ) ) ;
#1382 = FILL_AREA_STYLE_COLOUR ( '', #1876 ) ;
#1383 = COLOUR_RGB ( '',0.0000000000000000000, 0.03529411764705882300, 0.05882352941176470500 ) ;
#1384 = PRESENTATION_LAYER_ASSIGNMENT (  '', '', ( #1058 ) ) ;
#1385 =( NAMED_UNIT ( * ) PLANE_ANGLE_UNIT ( ) SI_UNIT ( $, .RADIAN. ) );
#1386 = MECHANICAL_DESIGN_GEOMETRIC_PRESENTATION_REPRESENTATION (  '', ( #874 ), #1550 ) ;
#1387 = SURFACE_STYLE_USAGE ( .BOTH. , #2881 ) ;
#1388 = CARTESIAN_POINT ( 'NONE',  ( 1.269999999999999100, 1.700000000000000000, 0.8699999999999994400 ) ) ;
#1389 = PLANE ( 'NONE',  #2371 ) ;
#1390 = CARTESIAN_POINT ( 'NONE',  ( -0.7499999999999986700, 0.2999999999999999900, 6.349999999999999600 ) ) ;
#1391 = SURFACE_SIDE_STYLE ('',( #1044 ) ) ;
#1392 = PRESENTATION_STYLE_ASSIGNMENT (( #2668 ) ) ;
#1393 = PLANE ( 'NONE',  #1506 ) ;
#1394 = VERTEX_POINT ( 'NONE', #288 ) ;
#1395 = VECTOR ( 'NONE', #2703, 1000.000000000000100 ) ;
#1396 = CARTESIAN_POINT ( 'NONE',  ( 0.8700000000000005500, 1.700000000000000000, 6.349999999999999600 ) ) ;
#1397 = AXIS2_PLACEMENT_3D ( 'NONE', #2979, #1482, #3243 ) ;
#1398 = CARTESIAN_POINT ( 'NONE',  ( -0.8699999999999994400, 0.0000000000000000000, 3.810000000000000100 ) ) ;
#1399 = ORIENTED_EDGE ( 'NONE', *, *, #339, .T. ) ;
#1400 = DIRECTION ( 'NONE',  ( 0.0000000000000000000, 0.0000000000000000000, 1.000000000000000000 ) ) ;
#1401 = EDGE_CURVE ( 'NONE', #221, #3077, #234, .T. ) ;
#1402 = ORIENTED_EDGE ( 'NONE', *, *, #581, .F. ) ;
#1403 = COLOUR_RGB ( '',1.000000000000000000, 1.000000000000000000, 1.000000000000000000 ) ;
#1404 = DIRECTION ( 'NONE',  ( 0.7071067811865474600, 0.0000000000000000000, 0.7071067811865474600 ) ) ;
#1405 = DIRECTION ( 'NONE',  ( 0.0000000000000000000, 1.000000000000000000, 0.0000000000000000000 ) ) ;
#1406 = DIRECTION ( 'NONE',  ( -1.000000000000000000, 0.0000000000000000000, 0.0000000000000000000 ) ) ;
#1407 = ORIENTED_EDGE ( 'NONE', *, *, #2062, .T. ) ;
#1408 = ORIENTED_EDGE ( 'NONE', *, *, #2317, .F. ) ;
#1409 = ORIENTED_EDGE ( 'NONE', *, *, #3242, .T. ) ;
#1410 =( NAMED_UNIT ( * ) PLANE_ANGLE_UNIT ( ) SI_UNIT ( $, .RADIAN. ) );
#1411 = CARTESIAN_POINT ( 'NONE',  ( 0.3200000000000012800, 0.2999999999999999300, 5.299999999999999800 ) ) ;
#1412 = EDGE_CURVE ( 'NONE', #2241, #2446, #1496, .T. ) ;
#1413 = LINE ( 'NONE', #2808, #2658 ) ;
#1414 = FILL_AREA_STYLE_COLOUR ( '', #840 ) ;
#1415 = FILL_AREA_STYLE ('',( #2138 ) ) ;
#1416 = DIRECTION ( 'NONE',  ( -0.7071067811865475700, 0.0000000000000000000, 0.7071067811865475700 ) ) ;
#1417 = PRESENTATION_LAYER_ASSIGNMENT (  '', '', ( #1088 ) ) ;
#1418 = CARTESIAN_POINT ( 'NONE',  ( 0.2200000000000006100, 8.339999999999999900, 2.220000000000000200 ) ) ;
#1419 = EDGE_CURVE ( 'NONE', #1305, #1655, #144, .T. ) ;
#1420 = DIRECTION ( 'NONE',  ( -0.7071067811865474600, 0.0000000000000000000, 0.7071067811865474600 ) ) ;
#1421 = SURFACE_SIDE_STYLE ('',( #2876 ) ) ;
#1422 = CARTESIAN_POINT ( 'NONE',  ( -0.2199999999999993600, -3.000000000000000000, 2.860000000000000300 ) ) ;
#1423 = EDGE_CURVE ( 'NONE', #682, #261, #2742, .T. ) ;
#1424 = CARTESIAN_POINT ( 'NONE',  ( 0.3200000000000006200, 1.700000000000000000, 2.760000000000000200 ) ) ;
#1425 =( NAMED_UNIT ( * ) SI_UNIT ( $, .STERADIAN. ) SOLID_ANGLE_UNIT ( ) );
#1426 = COLOUR_RGB ( '',0.0000000000000000000, 0.03529411764705882300, 0.05882352941176470500 ) ;
#1427 = EDGE_CURVE ( 'NONE', #1754, #1887, #1413, .T. ) ;
#1428 = LINE ( 'NONE', #2946, #2758 ) ;
#1429 =( LENGTH_UNIT ( ) NAMED_UNIT ( * ) SI_UNIT ( .MILLI., .METRE. ) );
#1430 = ORIENTED_EDGE ( 'NONE', *, *, #3086, .F. ) ;
#1431 = LINE ( 'NONE', #1533, #2762 ) ;
#1432 =( GEOMETRIC_REPRESENTATION_CONTEXT ( 3 ) GLOBAL_UNCERTAINTY_ASSIGNED_CONTEXT ( ( #196 ) ) GLOBAL_UNIT_ASSIGNED_CONTEXT ( ( #2141, #648, #2393 ) ) REPRESENTATION_CONTEXT ( 'NONE', 'WORKASPACE' ) );
#1433 = EDGE_CURVE ( 'NONE', #2300, #2573, #2227, .T. ) ;
#1434 = ORIENTED_EDGE ( 'NONE', *, *, #1133, .F. ) ;
#1435 = ADVANCED_FACE ( 'NONE', ( #1995 ), #311, .F. ) ;
#1436 = DIRECTION ( 'NONE',  ( 0.0000000000000000000, 1.000000000000000000, -0.0000000000000000000 ) ) ;
#1437 = SURFACE_SIDE_STYLE ('',( #2320 ) ) ;
#1438 = ORIENTED_EDGE ( 'NONE', *, *, #2836, .F. ) ;
#1439 = VECTOR ( 'NONE', #2417, 1000.000000000000000 ) ;
#1440 = PRESENTATION_LAYER_ASSIGNMENT (  '', '', ( #1113 ) ) ;
#1441 = CARTESIAN_POINT ( 'NONE',  ( -0.2199999999999999700, -3.000000000000000000, 0.3199999999999999500 ) ) ;
#1442 = CARTESIAN_POINT ( 'NONE',  ( 1.270000000000000500, 1.700000000000000000, 5.949999999999999300 ) ) ;
#1443 = EDGE_CURVE ( 'NONE', #1062, #3168, #435, .T. ) ;
#1444 = EDGE_LOOP ( 'NONE', ( #3220, #550, #2539, #2736 ) ) ;
#1445 = VERTEX_POINT ( 'NONE', #1803 ) ;
#1446 = VECTOR ( 'NONE', #791, 1000.000000000000000 ) ;
#1447 = CARTESIAN_POINT ( 'NONE',  ( 0.0000000000000000000, 0.0000000000000000000, 0.0000000000000000000 ) ) ;
#1448 = ORIENTED_EDGE ( 'NONE', *, *, #2406, .F. ) ;
#1449 = VERTEX_POINT ( 'NONE', #567 ) ;
#1450 = VECTOR ( 'NONE', #1800, 1000.000000000000000 ) ;
#1451 = PRESENTATION_LAYER_ASSIGNMENT (  '', '', ( #1120 ) ) ;
#1452 =( GEOMETRIC_REPRESENTATION_CONTEXT ( 3 ) GLOBAL_UNCERTAINTY_ASSIGNED_CONTEXT ( ( #631 ) ) GLOBAL_UNIT_ASSIGNED_CONTEXT ( ( #1662, #157, #1910 ) ) REPRESENTATION_CONTEXT ( 'NONE', 'WORKASPACE' ) );
#1453 = FILL_AREA_STYLE ('',( #2688 ) ) ;
#1454 = PRESENTATION_STYLE_ASSIGNMENT (( #1693 ) ) ;
#1455 = ORIENTED_EDGE ( 'NONE', *, *, #1155, .F. ) ;
#1456 = LINE ( 'NONE', #3238, #2788 ) ;
#1457 =( NAMED_UNIT ( * ) PLANE_ANGLE_UNIT ( ) SI_UNIT ( $, .RADIAN. ) );
#1458 = DIRECTION ( 'NONE',  ( 1.000000000000000000, -0.0000000000000000000, 0.0000000000000000000 ) ) ;
#1459 = UNCERTAINTY_MEASURE_WITH_UNIT (LENGTH_MEASURE( 1.000000000000000100E-005 ), #2955, 'distance_accuracy_value', 'NONE');
#1460 = CARTESIAN_POINT ( 'NONE',  ( -0.8699999999999994400, 1.700000000000000000, 3.810000000000000100 ) ) ;
#1461 = DIRECTION ( 'NONE',  ( -0.7071067811865475700, 0.0000000000000000000, -0.7071067811865475700 ) ) ;
#1462 = ADVANCED_FACE ( 'NONE', ( #2342 ), #324, .T. ) ;
#1463 = CARTESIAN_POINT ( 'NONE',  ( -0.8699999999999987700, 1.700000000000000000, 6.349999999999999600 ) ) ;
#1464 = VECTOR ( 'NONE', #3023, 1000.000000000000000 ) ;
#1465 = PLANE ( 'NONE',  #393 ) ;
#1466 = STYLED_ITEM ( 'NONE', ( #2209 ), #1190 ) ;
#1467 = SURFACE_SIDE_STYLE ('',( #2527 ) ) ;
#1468 = CARTESIAN_POINT ( 'NONE',  ( -0.7500000000000000000, 0.0000000000000000000, -1.270000000000000500 ) ) ;
#1469 =( NAMED_UNIT ( * ) PLANE_ANGLE_UNIT ( ) SI_UNIT ( $, .RADIAN. ) );
#1470 = EDGE_CURVE ( 'NONE', #2850, #105, #1456, .T. ) ;
#1471 = UNCERTAINTY_MEASURE_WITH_UNIT (LENGTH_MEASURE( 1.000000000000000100E-005 ), #1683, 'distance_accuracy_value', 'NONE');
#1472 = DIRECTION ( 'NONE',  ( -1.232047923278982200E-016, 0.0000000000000000000, -1.000000000000000000 ) ) ;
#1473 = ADVANCED_FACE ( 'NONE', ( #189 ), #223, .T. ) ;
#1474 = CARTESIAN_POINT ( 'NONE',  ( -0.3199999999999993400, -3.000000000000000000, 2.760000000000000200 ) ) ;
#1475 = DIRECTION ( 'NONE',  ( 0.0000000000000000000, 1.000000000000000000, 0.0000000000000000000 ) ) ;
#1476 =( NAMED_UNIT ( * ) PLANE_ANGLE_UNIT ( ) SI_UNIT ( $, .RADIAN. ) );
#1477 = FACE_OUTER_BOUND ( 'NONE', #3092, .T. ) ;
#1478 = COLOUR_RGB ( '',0.0000000000000000000, 0.03529411764705882300, 0.05882352941176470500 ) ;
#1479 = ORIENTED_EDGE ( 'NONE', *, *, #1288, .F. ) ;
#1480 = LINE ( 'NONE', #1659, #1206 ) ;
#1481 = VECTOR ( 'NONE', #3195, 1000.000000000000100 ) ;
#1482 = DIRECTION ( 'NONE',  ( 0.0000000000000000000, 0.0000000000000000000, -1.000000000000000000 ) ) ;
#1483 = MECHANICAL_DESIGN_GEOMETRIC_PRESENTATION_REPRESENTATION (  '', ( #982 ), #1638 ) ;
#1484 = ORIENTED_EDGE ( 'NONE', *, *, #1107, .T. ) ;
#1485 = VECTOR ( 'NONE', #582, 1000.000000000000000 ) ;
#1486 = DIRECTION ( 'NONE',  ( -0.7071067811865474600, 0.0000000000000000000, 0.7071067811865474600 ) ) ;
#1487 = SURFACE_STYLE_FILL_AREA ( #1686 ) ;
#1488 = ORIENTED_EDGE ( 'NONE', *, *, #593, .F. ) ;
#1489 = ORIENTED_EDGE ( 'NONE', *, *, #1929, .T. ) ;
#1490 = SURFACE_SIDE_STYLE ('',( #1962 ) ) ;
#1491 = DIRECTION ( 'NONE',  ( 1.000000000000000000, 0.0000000000000000000, -0.0000000000000000000 ) ) ;
#1492 = LINE ( 'NONE', #2137, #1523 ) ;
#1493 = ORIENTED_EDGE ( 'NONE', *, *, #1858, .T. ) ;
#1494 = ADVANCED_FACE ( 'NONE', ( #3144 ), #2975, .T. ) ;
#1495 =( GEOMETRIC_REPRESENTATION_CONTEXT ( 3 ) GLOBAL_UNCERTAINTY_ASSIGNED_CONTEXT ( ( #671 ) ) GLOBAL_UNIT_ASSIGNED_CONTEXT ( ( #145, #1889, #407 ) ) REPRESENTATION_CONTEXT ( 'NONE', 'WORKASPACE' ) );
#1496 = LINE ( 'NONE', #38, #2830 ) ;
#1497 = EDGE_CURVE ( 'NONE', #1101, #425, #2900, .T. ) ;
#1498 =( NAMED_UNIT ( * ) SI_UNIT ( $, .STERADIAN. ) SOLID_ANGLE_UNIT ( ) );
#1499 = CARTESIAN_POINT ( 'NONE',  ( -2.010000000000000200, 0.2999999999999999900, -0.01000000000000046000 ) ) ;
#1500 = FILL_AREA_STYLE ('',( #2987 ) ) ;
#1501 = FILL_AREA_STYLE ('',( #2741 ) ) ;
#1502 = DIRECTION ( 'NONE',  ( -0.7071067811865475700, 0.0000000000000000000, 0.7071067811865475700 ) ) ;
#1503 = MECHANICAL_DESIGN_GEOMETRIC_PRESENTATION_REPRESENTATION (  '', ( #1005 ), #1652 ) ;
#1504 = PLANE ( 'NONE',  #148 ) ;
#1505 = ADVANCED_FACE ( 'NONE', ( #1560 ), #1996, .T. ) ;
#1506 = AXIS2_PLACEMENT_3D ( 'NONE', #2386, #896, #2642 ) ;
#1507 = MECHANICAL_DESIGN_GEOMETRIC_PRESENTATION_REPRESENTATION (  '', ( #1009 ), #3113 ) ;
#1508 = CARTESIAN_POINT ( 'NONE',  ( 0.2200000000000013100, -3.000000000000000000, 5.400000000000000400 ) ) ;
#1509 =( NAMED_UNIT ( * ) SI_UNIT ( $, .STERADIAN. ) SOLID_ANGLE_UNIT ( ) );
#1510 = UNCERTAINTY_MEASURE_WITH_UNIT (LENGTH_MEASURE( 1.000000000000000100E-005 ), #2303, 'distance_accuracy_value', 'NONE');
#1511 = ORIENTED_EDGE ( 'NONE', *, *, #1564, .F. ) ;
#1512 = VECTOR ( 'NONE', #1859, 1000.000000000000100 ) ;
#1513 = FILL_AREA_STYLE ('',( #1274 ) ) ;
#1514 = ORIENTED_EDGE ( 'NONE', *, *, #1253, .T. ) ;
#1515 = LINE ( 'NONE', #1682, #2767 ) ;
#1516 = LINE ( 'NONE', #2148, #1588 ) ;
#1517 = LINE ( 'NONE', #151, #2848 ) ;
#1518 =( NAMED_UNIT ( * ) SI_UNIT ( $, .STERADIAN. ) SOLID_ANGLE_UNIT ( ) );
#1519 = FACE_OUTER_BOUND ( 'NONE', #1160, .T. ) ;
#1520 = VERTEX_POINT ( 'NONE', #752 ) ;
#1521 = COLOUR_RGB ( '',1.000000000000000000, 1.000000000000000000, 1.000000000000000000 ) ;
#1522 = ADVANCED_FACE ( 'NONE', ( #1992 ), #745, .T. ) ;
#1523 = VECTOR ( 'NONE', #1893, 1000.000000000000000 ) ;
#1524 = VERTEX_POINT ( 'NONE', #1766 ) ;
#1525 = VERTEX_POINT ( 'NONE', #767 ) ;
#1526 = VECTOR ( 'NONE', #2521, 1000.000000000000100 ) ;
#1527 = LINE ( 'NONE', #658, #2769 ) ;
#1528 = LINE ( 'NONE', #2171, #1481 ) ;
#1529 = VERTEX_POINT ( 'NONE', #2518 ) ;
#1530 = ORIENTED_EDGE ( 'NONE', *, *, #2062, .F. ) ;
#1531 = AXIS2_PLACEMENT_3D ( 'NONE', #1279, #1290, #1241 ) ;
#1532 = VECTOR ( 'NONE', #1786, 1000.000000000000000 ) ;
#1533 = CARTESIAN_POINT ( 'NONE',  ( 1.269999999999999100, 0.0000000000000000000, 0.8699999999999994400 ) ) ;
#1534 = ORIENTED_EDGE ( 'NONE', *, *, #3016, .F. ) ;
#1535 = CARTESIAN_POINT ( 'NONE',  ( 0.3200000000000012300, -3.000000000000000000, 4.860000000000000300 ) ) ;
#1536 = VECTOR ( 'NONE', #2236, 1000.000000000000100 ) ;
#1537 = DIRECTION ( 'NONE',  ( 0.0000000000000000000, 1.000000000000000000, 0.0000000000000000000 ) ) ;
#1538 = FILL_AREA_STYLE_COLOUR ( '', #884 ) ;
#1539 = STYLED_ITEM ( 'NONE', ( #2638 ), #2764 ) ;
#1540 = EDGE_CURVE ( 'NONE', #2932, #337, #434, .T. ) ;
#1541 = PRESENTATION_LAYER_ASSIGNMENT (  '', '', ( #1211 ) ) ;
#1542 = CARTESIAN_POINT ( 'NONE',  ( -0.3199999999999988400, 8.339999999999999900, 4.860000000000000300 ) ) ;
#1543 = DIRECTION ( 'NONE',  ( -0.7071067811865474600, 0.0000000000000000000, 0.7071067811865474600 ) ) ;
#1544 = VECTOR ( 'NONE', #907, 1000.000000000000100 ) ;
#1545 = PRESENTATION_LAYER_ASSIGNMENT (  '', '', ( #1219 ) ) ;
#1546 =( LENGTH_UNIT ( ) NAMED_UNIT ( * ) SI_UNIT ( .MILLI., .METRE. ) );
#1547 = LINE ( 'NONE', #2716, #2805 ) ;
#1548 = CARTESIAN_POINT ( 'NONE',  ( -1.269999999999998700, 0.0000000000000000000, 5.950000000000000200 ) ) ;
#1549 = MECHANICAL_DESIGN_GEOMETRIC_PRESENTATION_REPRESENTATION (  '', ( #1058 ), #1713 ) ;
#1550 =( GEOMETRIC_REPRESENTATION_CONTEXT ( 3 ) GLOBAL_UNCERTAINTY_ASSIGNED_CONTEXT ( ( #2026 ) ) GLOBAL_UNIT_ASSIGNED_CONTEXT ( ( #1635, #126, #1874 ) ) REPRESENTATION_CONTEXT ( 'NONE', 'WORKASPACE' ) );
#1551 = ORIENTED_EDGE ( 'NONE', *, *, #1600, .T. ) ;
#1552 = VECTOR ( 'NONE', #1963, 1000.000000000000100 ) ;
#1553 = DIRECTION ( 'NONE',  ( 0.0000000000000000000, 1.000000000000000000, 0.0000000000000000000 ) ) ;
#1554 = ORIENTED_EDGE ( 'NONE', *, *, #2123, .F. ) ;
#1555 = ORIENTED_EDGE ( 'NONE', *, *, #421, .T. ) ;
#1556 = DIRECTION ( 'NONE',  ( 1.000000000000000000, 0.0000000000000000000, -2.492418787322998300E-016 ) ) ;
#1557 = PRESENTATION_LAYER_ASSIGNMENT (  '', '', ( #356 ) ) ;
#1558 = LINE ( 'NONE', #333, #1221 ) ;
#1559 = ORIENTED_EDGE ( 'NONE', *, *, #3056, .F. ) ;
#1560 = FACE_OUTER_BOUND ( 'NONE', #3044, .T. ) ;
#1561 = PRESENTATION_LAYER_ASSIGNMENT (  '', '', ( #1238 ) ) ;
#1562 = DIRECTION ( 'NONE',  ( 1.000000000000000000, 0.0000000000000000000, -2.492418787322998300E-016 ) ) ;
#1563 = LINE ( 'NONE', #532, #2139 ) ;
#1564 = EDGE_CURVE ( 'NONE', #935, #3050, #1105, .T. ) ;
#1565 = DIRECTION ( 'NONE',  ( 0.7071067811865475700, -0.0000000000000000000, 0.7071067811865475700 ) ) ;
#1566 = FILL_AREA_STYLE_COLOUR ( '', #1795 ) ;
#1567 = DIRECTION ( 'NONE',  ( 2.492418787322999200E-016, 0.0000000000000000000, 1.000000000000000000 ) ) ;
#1568 =( LENGTH_UNIT ( ) NAMED_UNIT ( * ) SI_UNIT ( .MILLI., .METRE. ) );
#1569 = CARTESIAN_POINT ( 'NONE',  ( -0.8700000000000005500, 1.700000000000000000, -1.270000000000000200 ) ) ;
#1570 = EDGE_CURVE ( 'NONE', #459, #2613, #1756, .T. ) ;
#1571 = STYLED_ITEM ( 'NONE', ( #1454 ), #247 ) ;
#1572 =( NAMED_UNIT ( * ) SI_UNIT ( $, .STERADIAN. ) SOLID_ANGLE_UNIT ( ) );
#1573 = CARTESIAN_POINT ( 'NONE',  ( 1.270000000000000500, 0.0000000000000000000, 5.949999999999999300 ) ) ;
#1574 = MECHANICAL_DESIGN_GEOMETRIC_PRESENTATION_REPRESENTATION (  '', ( #1088 ), #1745 ) ;
#1575 = EDGE_CURVE ( 'NONE', #2644, #2053, #3014, .T. ) ;
#1576 =( LENGTH_UNIT ( ) NAMED_UNIT ( * ) SI_UNIT ( .MILLI., .METRE. ) );
#1577 =( NAMED_UNIT ( * ) PLANE_ANGLE_UNIT ( ) SI_UNIT ( $, .RADIAN. ) );
#1578 = ORIENTED_EDGE ( 'NONE', *, *, #1155, .T. ) ;
#1579 = COLOUR_RGB ( '',1.000000000000000000, 1.000000000000000000, 1.000000000000000000 ) ;
#1580 = UNCERTAINTY_MEASURE_WITH_UNIT (LENGTH_MEASURE( 1.000000000000000100E-005 ), #951, 'distance_accuracy_value', 'NONE');
#1581 = VECTOR ( 'NONE', #2875, 1000.000000000000000 ) ;
#1582 =( NAMED_UNIT ( * ) PLANE_ANGLE_UNIT ( ) SI_UNIT ( $, .RADIAN. ) );
#1583 = STYLED_ITEM ( 'NONE', ( #3122 ), #2246 ) ;
#1584 = ORIENTED_EDGE ( 'NONE', *, *, #2247, .T. ) ;
#1585 = VECTOR ( 'NONE', #830, 1000.000000000000000 ) ;
#1586 = EDGE_CURVE ( 'NONE', #105, #527, #2339, .T. ) ;
#1587 = ORIENTED_EDGE ( 'NONE', *, *, #1564, .T. ) ;
#1588 = VECTOR ( 'NONE', #641, 1000.000000000000100 ) ;
#1589 = FILL_AREA_STYLE ('',( #1106 ) ) ;
#1590 = ORIENTED_EDGE ( 'NONE', *, *, #1885, .F. ) ;
#1591 = EDGE_CURVE ( 'NONE', #1374, #625, #2935, .T. ) ;
#1592 = ORIENTED_EDGE ( 'NONE', *, *, #2508, .F. ) ;
#1593 = LINE ( 'NONE', #552, #1943 ) ;
#1594 = FILL_AREA_STYLE_COLOUR ( '', #15 ) ;
#1595 = DIRECTION ( 'NONE',  ( 0.7071067811865474600, 0.0000000000000000000, 0.7071067811865474600 ) ) ;
#1596 = ORIENTED_EDGE ( 'NONE', *, *, #74, .F. ) ;
#1597 = ORIENTED_EDGE ( 'NONE', *, *, #3173, .T. ) ;
#1598 = LINE ( 'NONE', #293, #2863 ) ;
#1599 = FILL_AREA_STYLE ('',( #3101 ) ) ;
#1600 = EDGE_CURVE ( 'NONE', #2224, #2504, #1598, .T. ) ;
#1601 = CARTESIAN_POINT ( 'NONE',  ( -1.269999999999999100, 1.700000000000000000, 4.210000000000000000 ) ) ;
#1602 = UNCERTAINTY_MEASURE_WITH_UNIT (LENGTH_MEASURE( 1.000000000000000100E-005 ), #1703, 'distance_accuracy_value', 'NONE');
#1603 = ORIENTED_EDGE ( 'NONE', *, *, #3111, .T. ) ;
#1604 = MECHANICAL_DESIGN_GEOMETRIC_PRESENTATION_REPRESENTATION (  '', ( #1113 ), #1771 ) ;
#1605 = CARTESIAN_POINT ( 'NONE',  ( -0.8699999999999992200, 0.0000000000000000000, 3.810000000000000100 ) ) ;
#1606 = EDGE_CURVE ( 'NONE', #1449, #344, #275, .T. ) ;
#1607 = LINE ( 'NONE', #739, #1536 ) ;
#1608 = DIRECTION ( 'NONE',  ( -0.0000000000000000000, -0.0000000000000000000, 1.000000000000000000 ) ) ;
#1609 = MECHANICAL_DESIGN_GEOMETRIC_PRESENTATION_REPRESENTATION (  '', ( #1120 ), #1777 ) ;
#1610 = CARTESIAN_POINT ( 'NONE',  ( -0.3199999999999999500, -3.000000000000000000, 0.2199999999999999700 ) ) ;
#1611 = DIRECTION ( 'NONE',  ( 0.0000000000000000000, 1.000000000000000000, 0.0000000000000000000 ) ) ;
#1612 = DIRECTION ( 'NONE',  ( -0.7071067811865474600, 0.0000000000000000000, 0.7071067811865474600 ) ) ;
#1613 = CARTESIAN_POINT ( 'NONE',  ( -0.3199999999999988400, -3.000000000000000000, 4.860000000000000300 ) ) ;
#1614 = DIRECTION ( 'NONE',  ( 0.7071067811865474600, 0.0000000000000000000, 0.7071067811865474600 ) ) ;
#1615 = PLANE ( 'NONE',  #491 ) ;
#1616 = LINE ( 'NONE', #3245, #2877 ) ;
#1617 = AXIS2_PLACEMENT_3D ( 'NONE', #2509, #1026, #2759 ) ;
#1618 = SURFACE_STYLE_FILL_AREA ( #408 ) ;
#1619 = SURFACE_SIDE_STYLE ('',( #3244 ) ) ;
#1620 = ORIENTED_EDGE ( 'NONE', *, *, #2748, .F. ) ;
#1621 = SURFACE_STYLE_FILL_AREA ( #1722 ) ;
#1622 = EDGE_CURVE ( 'NONE', #2884, #226, #2182, .T. ) ;
#1623 = CARTESIAN_POINT ( 'NONE',  ( -0.9999999999999997800, 1.700000000000000000, 0.9999999999999997800 ) ) ;
#1624 = EDGE_LOOP ( 'NONE', ( #2322, #2607, #2701, #3121 ) ) ;
#1625 = LINE ( 'NONE', #394, #972 ) ;
#1626 =( NAMED_UNIT ( * ) PLANE_ANGLE_UNIT ( ) SI_UNIT ( $, .RADIAN. ) );
#1627 = VERTEX_POINT ( 'NONE', #795 ) ;
#1628 = ORIENTED_EDGE ( 'NONE', *, *, #128, .T. ) ;
#1629 = ORIENTED_EDGE ( 'NONE', *, *, #1419, .F. ) ;
#1630 = DIRECTION ( 'NONE',  ( 0.7071067811865474600, 0.0000000000000000000, -0.7071067811865474600 ) ) ;
#1631 = DIRECTION ( 'NONE',  ( -0.7071067811865474600, 0.0000000000000000000, -0.7071067811865474600 ) ) ;
#1632 = VERTEX_POINT ( 'NONE', #1320 ) ;
#1633 = DIRECTION ( 'NONE',  ( 1.000000000000000000, 0.0000000000000000000, 0.0000000000000000000 ) ) ;
#1634 = PRESENTATION_STYLE_ASSIGNMENT (( #2749 ) ) ;
#1635 =( LENGTH_UNIT ( ) NAMED_UNIT ( * ) SI_UNIT ( .MILLI., .METRE. ) );
#1636 = VECTOR ( 'NONE', #2522, 1000.000000000000000 ) ;
#1637 = SURFACE_SIDE_STYLE ('',( #3200 ) ) ;
#1638 =( GEOMETRIC_REPRESENTATION_CONTEXT ( 3 ) GLOBAL_UNCERTAINTY_ASSIGNED_CONTEXT ( ( #424 ) ) GLOBAL_UNIT_ASSIGNED_CONTEXT ( ( #1281, #3019, #1518 ) ) REPRESENTATION_CONTEXT ( 'NONE', 'WORKASPACE' ) );
#1639 = CARTESIAN_POINT ( 'NONE',  ( -0.8699999999999994400, 1.700000000000000000, 3.810000000000000100 ) ) ;
#1640 =( LENGTH_UNIT ( ) NAMED_UNIT ( * ) SI_UNIT ( .MILLI., .METRE. ) );
#1641 = CARTESIAN_POINT ( 'NONE',  ( -0.2199999999999988100, 8.339999999999999900, 4.760000000000000700 ) ) ;
#1642 = PLANE ( 'NONE',  #945 ) ;
#1643 = FILL_AREA_STYLE_COLOUR ( '', #453 ) ;
#1644 = PLANE ( 'NONE',  #3055 ) ;
#1645 = STYLED_ITEM ( 'NONE', ( #1891 ), #964 ) ;
#1646 = EDGE_CURVE ( 'NONE', #467, #1673, #1033, .T. ) ;
#1647 = SURFACE_STYLE_USAGE ( .BOTH. , #953 ) ;
#1648 = DIRECTION ( 'NONE',  ( -0.0000000000000000000, -1.000000000000000000, -0.0000000000000000000 ) ) ;
#1649 = UNCERTAINTY_MEASURE_WITH_UNIT (LENGTH_MEASURE( 1.000000000000000100E-005 ), #574, 'distance_accuracy_value', 'NONE');
#1650 =( NAMED_UNIT ( * ) SI_UNIT ( $, .STERADIAN. ) SOLID_ANGLE_UNIT ( ) );
#1651 = DIRECTION ( 'NONE',  ( 0.0000000000000000000, -1.000000000000000000, 0.0000000000000000000 ) ) ;
#1652 =( GEOMETRIC_REPRESENTATION_CONTEXT ( 3 ) GLOBAL_UNCERTAINTY_ASSIGNED_CONTEXT ( ( #1931 ) ) GLOBAL_UNIT_ASSIGNED_CONTEXT ( ( #3085, #1577, #77 ) ) REPRESENTATION_CONTEXT ( 'NONE', 'WORKASPACE' ) );
#1653 = PRESENTATION_STYLE_ASSIGNMENT (( #3192 ) ) ;
#1654 = SURFACE_STYLE_USAGE ( .BOTH. , #3174 ) ;
#1655 = VERTEX_POINT ( 'NONE', #1548 ) ;
#1656 = FACE_OUTER_BOUND ( 'NONE', #1127, .T. ) ;
#1657 = VECTOR ( 'NONE', #858, 1000.000000000000000 ) ;
#1658 = PRESENTATION_LAYER_ASSIGNMENT (  '', '', ( #1348 ) ) ;
#1659 = CARTESIAN_POINT ( 'NONE',  ( 0.2200000000000006100, -3.000000000000000000, 2.220000000000000200 ) ) ;
#1660 = SURFACE_SIDE_STYLE ('',( #1487 ) ) ;
#1661 = ORIENTED_EDGE ( 'NONE', *, *, #1929, .F. ) ;
#1662 =( LENGTH_UNIT ( ) NAMED_UNIT ( * ) SI_UNIT ( .MILLI., .METRE. ) );
#1663 = PRESENTATION_STYLE_ASSIGNMENT (( #2682 ) ) ;
#1664 = ORIENTED_EDGE ( 'NONE', *, *, #1253, .F. ) ;
#1665 = CARTESIAN_POINT ( 'NONE',  ( -0.3200000000000002800, 0.2999999999999999900, -1.270000000000000500 ) ) ;
#1666 = DIRECTION ( 'NONE',  ( 1.000000000000000000, 0.0000000000000000000, -0.0000000000000000000 ) ) ;
#1667 = ORIENTED_EDGE ( 'NONE', *, *, #2470, .F. ) ;
#1668 = VECTOR ( 'NONE', #3021, 1000.000000000000100 ) ;
#1669 = DIRECTION ( 'NONE',  ( 0.0000000000000000000, 1.000000000000000000, 0.0000000000000000000 ) ) ;
#1670 = CARTESIAN_POINT ( 'NONE',  ( -0.2200000000000000800, -3.000000000000000000, -0.3200000000000000600 ) ) ;
#1671 = COLOUR_RGB ( '',0.0000000000000000000, 0.03529411764705882300, 0.05882352941176470500 ) ;
#1672 = ORIENTED_EDGE ( 'NONE', *, *, #2880, .T. ) ;
#1673 = VERTEX_POINT ( 'NONE', #304 ) ;
#1674 = VECTOR ( 'NONE', #286, 1000.000000000000000 ) ;
#1675 =( NAMED_UNIT ( * ) PLANE_ANGLE_UNIT ( ) SI_UNIT ( $, .RADIAN. ) );
#1676 = COLOUR_RGB ( '',1.000000000000000000, 1.000000000000000000, 1.000000000000000000 ) ;
#1677 =( NAMED_UNIT ( * ) SI_UNIT ( $, .STERADIAN. ) SOLID_ANGLE_UNIT ( ) );
#1678 = DIRECTION ( 'NONE',  ( 0.0000000000000000000, 0.0000000000000000000, -1.000000000000000000 ) ) ;
#1679 = VECTOR ( 'NONE', #515, 1000.000000000000000 ) ;
#1680 = DIRECTION ( 'NONE',  ( 0.0000000000000000000, 1.000000000000000000, 0.0000000000000000000 ) ) ;
#1681 = STYLED_ITEM ( 'NONE', ( #3105 ), #1006 ) ;
#1682 = CARTESIAN_POINT ( 'NONE',  ( 0.8699999999999998800, 1.700000000000000000, 3.809999999999999600 ) ) ;
#1683 =( LENGTH_UNIT ( ) NAMED_UNIT ( * ) SI_UNIT ( .MILLI., .METRE. ) );
#1684 = UNCERTAINTY_MEASURE_WITH_UNIT (LENGTH_MEASURE( 1.000000000000000100E-005 ), #2906, 'distance_accuracy_value', 'NONE');
#1685 = FILL_AREA_STYLE_COLOUR ( '', #577 ) ;
#1686 = FILL_AREA_STYLE ('',( #2149 ) ) ;
#1687 = DIRECTION ( 'NONE',  ( 1.000000000000000000, 0.0000000000000000000, 0.0000000000000000000 ) ) ;
#1688 = DIRECTION ( 'NONE',  ( -1.000000000000000000, 0.0000000000000000000, 2.464095846557964400E-016 ) ) ;
#1689 = SURFACE_STYLE_USAGE ( .BOTH. , #3203 ) ;
#1690 = ADVANCED_FACE ( 'NONE', ( #2785 ), #2041, .F. ) ;
#1691 = CARTESIAN_POINT ( 'NONE',  ( 0.2200000000000013100, -3.000000000000000000, 5.400000000000000400 ) ) ;
#1692 = DIRECTION ( 'NONE',  ( -0.7071067811865474600, 0.0000000000000000000, -0.7071067811865474600 ) ) ;
#1693 = SURFACE_STYLE_USAGE ( .BOTH. , #1660 ) ;
#1694 = VECTOR ( 'NONE', #219, 1000.000000000000100 ) ;
#1695 = UNCERTAINTY_MEASURE_WITH_UNIT (LENGTH_MEASURE( 1.000000000000000100E-005 ), #2686, 'distance_accuracy_value', 'NONE');
#1696 = PRESENTATION_STYLE_ASSIGNMENT (( #405 ) ) ;
#1697 = AXIS2_PLACEMENT_3D ( 'NONE', #3201, #1688, #192 ) ;
#1698 = SURFACE_STYLE_USAGE ( .BOTH. , #3219 ) ;
#1699 = EDGE_CURVE ( 'NONE', #1091, #430, #545, .T. ) ;
#1700 = ORIENTED_EDGE ( 'NONE', *, *, #1966, .T. ) ;
#1701 = MECHANICAL_DESIGN_GEOMETRIC_PRESENTATION_REPRESENTATION (  '', ( #1211 ), #1860 ) ;
#1702 = PRESENTATION_STYLE_ASSIGNMENT (( #942 ) ) ;
#1703 =( LENGTH_UNIT ( ) NAMED_UNIT ( * ) SI_UNIT ( .MILLI., .METRE. ) );
#1704 = CARTESIAN_POINT ( 'NONE',  ( 0.7500000000000000000, 0.0000000000000000000, -1.270000000000000500 ) ) ;
#1705 = FACE_OUTER_BOUND ( 'NONE', #2784, .T. ) ;
#1706 = ORIENTED_EDGE ( 'NONE', *, *, #892, .T. ) ;
#1707 = VECTOR ( 'NONE', #1630, 1000.000000000000100 ) ;
#1708 = MECHANICAL_DESIGN_GEOMETRIC_PRESENTATION_REPRESENTATION (  '', ( #1219 ), #1864 ) ;
#1709 = VECTOR ( 'NONE', #2708, 1000.000000000000100 ) ;
#1710 = ORIENTED_EDGE ( 'NONE', *, *, #2365, .F. ) ;
#1711 = COLOUR_RGB ( '',0.0000000000000000000, 0.03529411764705882300, 0.05882352941176470500 ) ;
#1712 = ADVANCED_FACE ( 'NONE', ( #3137 ), #563, .F. ) ;
#1713 =( GEOMETRIC_REPRESENTATION_CONTEXT ( 3 ) GLOBAL_UNCERTAINTY_ASSIGNED_CONTEXT ( ( #2420 ) ) GLOBAL_UNIT_ASSIGNED_CONTEXT ( ( #1576, #75, #1827 ) ) REPRESENTATION_CONTEXT ( 'NONE', 'WORKASPACE' ) );
#1714 = VECTOR ( 'NONE', #3165, 1000.000000000000100 ) ;
#1715 = EDGE_LOOP ( 'NONE', ( #1592, #54, #2928, #656 ) ) ;
#1716 = FILL_AREA_STYLE_COLOUR ( '', #875 ) ;
#1717 = ORIENTED_EDGE ( 'NONE', *, *, #1591, .F. ) ;
#1718 = SURFACE_STYLE_FILL_AREA ( #897 ) ;
#1719 = FILL_AREA_STYLE_COLOUR ( '', #2625 ) ;
#1720 = LINE ( 'NONE', #212, #1709 ) ;
#1721 = VERTEX_POINT ( 'NONE', #41 ) ;
#1722 = FILL_AREA_STYLE ('',( #473 ) ) ;
#1723 = DIRECTION ( 'NONE',  ( 0.7071067811865474600, 0.0000000000000000000, -0.7071067811865474600 ) ) ;
#1724 = MECHANICAL_DESIGN_GEOMETRIC_PRESENTATION_REPRESENTATION (  '', ( #356 ), #1873 ) ;
#1725 = ADVANCED_FACE ( 'NONE', ( #1857 ), #1808, .T. ) ;
#1726 = MECHANICAL_DESIGN_GEOMETRIC_PRESENTATION_REPRESENTATION (  '', ( #1238 ), #1878 ) ;
#1727 = CARTESIAN_POINT ( 'NONE',  ( 1.270000000000000000, 1.700000000000000000, 4.210000000000000000 ) ) ;
#1728 = CARTESIAN_POINT ( 'NONE',  ( 1.270000000000000500, 1.700000000000000000, 5.949999999999999300 ) ) ;
#1729 =( LENGTH_UNIT ( ) NAMED_UNIT ( * ) SI_UNIT ( .MILLI., .METRE. ) );
#1730 = EDGE_CURVE ( 'NONE', #2410, #1524, #1558, .T. ) ;
#1731 = CARTESIAN_POINT ( 'NONE',  ( -0.3199999999999987300, -3.000000000000000000, 5.299999999999999800 ) ) ;
#1732 = FACE_BOUND ( 'NONE', #1264, .T. ) ;
#1733 = SURFACE_STYLE_USAGE ( .BOTH. , #3261 ) ;
#1734 = EDGE_CURVE ( 'NONE', #3169, #2076, #2895, .T. ) ;
#1735 = FILL_AREA_STYLE_COLOUR ( '', #1344 ) ;
#1736 = ORIENTED_EDGE ( 'NONE', *, *, #2234, .T. ) ;
#1737 = VECTOR ( 'NONE', #1748, 1000.000000000000000 ) ;
#1738 = AXIS2_PLACEMENT_3D ( 'NONE', #2438, #2402, #2390 ) ;
#1739 = VECTOR ( 'NONE', #1359, 1000.000000000000100 ) ;
#1740 = ADVANCED_FACE ( 'NONE', ( #889 ), #832, .F. ) ;
#1741 = ORIENTED_EDGE ( 'NONE', *, *, #1747, .T. ) ;
#1742 = LINE ( 'NONE', #3183, #3076 ) ;
#1743 = SURFACE_STYLE_FILL_AREA ( #2908 ) ;
#1744 = SURFACE_SIDE_STYLE ('',( #281 ) ) ;
#1745 =( GEOMETRIC_REPRESENTATION_CONTEXT ( 3 ) GLOBAL_UNCERTAINTY_ASSIGNED_CONTEXT ( ( #1329 ) ) GLOBAL_UNIT_ASSIGNED_CONTEXT ( ( #3093, #1582, #81 ) ) REPRESENTATION_CONTEXT ( 'NONE', 'WORKASPACE' ) );
#1746 = PRESENTATION_STYLE_ASSIGNMENT (( #1157 ) ) ;
#1747 = EDGE_CURVE ( 'NONE', #1343, #21, #2571, .T. ) ;
#1748 = DIRECTION ( 'NONE',  ( 1.000000000000000000, 0.0000000000000000000, 0.0000000000000000000 ) ) ;
#1749 = LINE ( 'NONE', #3185, #1714 ) ;
#1750 = ORIENTED_EDGE ( 'NONE', *, *, #1858, .F. ) ;
#1751 = ORIENTED_EDGE ( 'NONE', *, *, #2659, .T. ) ;
#1752 = SURFACE_SIDE_STYLE ('',( #2795 ) ) ;
#1753 = CARTESIAN_POINT ( 'NONE',  ( -0.3199999999999988400, -3.000000000000000000, 4.860000000000000300 ) ) ;
#1754 = VERTEX_POINT ( 'NONE', #1358 ) ;
#1755 = ORIENTED_EDGE ( 'NONE', *, *, #624, .F. ) ;
#1756 = LINE ( 'NONE', #1535, #1674 ) ;
#1757 = AXIS2_PLACEMENT_3D ( 'NONE', #198, #1944, #451 ) ;
#1758 = ORIENTED_EDGE ( 'NONE', *, *, #3164, .F. ) ;
#1759 = VECTOR ( 'NONE', #296, 1000.000000000000100 ) ;
#1760 = DIRECTION ( 'NONE',  ( -1.000000000000000000, -0.0000000000000000000, -0.0000000000000000000 ) ) ;
#1761 = ADVANCED_FACE ( 'NONE', ( #1260 ), #2327, .T. ) ;
#1762 = VECTOR ( 'NONE', #2228, 1000.000000000000000 ) ;
#1763 = SURFACE_STYLE_USAGE ( .BOTH. , #3 ) ;
#1764 = EDGE_CURVE ( 'NONE', #1903, #1086, #346, .T. ) ;
#1765 = DIRECTION ( 'NONE',  ( 0.0000000000000000000, 1.000000000000000000, 0.0000000000000000000 ) ) ;
#1766 = CARTESIAN_POINT ( 'NONE',  ( -0.3199999999999993400, -3.000000000000000000, 2.760000000000000200 ) ) ;
#1767 = STYLED_ITEM ( 'NONE', ( #172 ), #2714 ) ;
#1768 = EDGE_CURVE ( 'NONE', #2224, #225, #1027, .T. ) ;
#1769 = CARTESIAN_POINT ( 'NONE',  ( -0.3199999999999994500, -3.000000000000000000, 2.319999999999999800 ) ) ;
#1770 = DIRECTION ( 'NONE',  ( 1.000000000000000000, 0.0000000000000000000, -1.232047923278982200E-016 ) ) ;
#1771 =( GEOMETRIC_REPRESENTATION_CONTEXT ( 3 ) GLOBAL_UNCERTAINTY_ASSIGNED_CONTEXT ( ( #876 ) ) GLOBAL_UNIT_ASSIGNED_CONTEXT ( ( #2201, #709, #2467 ) ) REPRESENTATION_CONTEXT ( 'NONE', 'WORKASPACE' ) );
#1772 = PLANE ( 'NONE',  #141 ) ;
#1773 = EDGE_CURVE ( 'NONE', #3077, #21, #2930, .T. ) ;
#1774 = DIRECTION ( 'NONE',  ( 0.7071067811865474600, 0.0000000000000000000, -0.7071067811865474600 ) ) ;
#1775 = CARTESIAN_POINT ( 'NONE',  ( 0.0000000000000000000, 1.700000000000000000, 2.220000000000000200 ) ) ;
#1776 = DIRECTION ( 'NONE',  ( -1.232047923278982200E-016, -0.0000000000000000000, -1.000000000000000000 ) ) ;
#1777 =( GEOMETRIC_REPRESENTATION_CONTEXT ( 3 ) GLOBAL_UNCERTAINTY_ASSIGNED_CONTEXT ( ( #2343 ) ) GLOBAL_UNIT_ASSIGNED_CONTEXT ( ( #1340, #3072, #1572 ) ) REPRESENTATION_CONTEXT ( 'NONE', 'WORKASPACE' ) );
#1778 =( GEOMETRIC_REPRESENTATION_CONTEXT ( 3 ) GLOBAL_UNCERTAINTY_ASSIGNED_CONTEXT ( ( #45 ) ) GLOBAL_UNIT_ASSIGNED_CONTEXT ( ( #1429, #3188, #1677 ) ) REPRESENTATION_CONTEXT ( 'NONE', 'WORKASPACE' ) );
#1779 = CARTESIAN_POINT ( 'NONE',  ( -0.3199999999999993400, 8.339999999999999900, 2.760000000000000200 ) ) ;
#1780 = CARTESIAN_POINT ( 'NONE',  ( -0.7500000000000000000, 0.2999999999999999900, -1.270000000000000500 ) ) ;
#1781 = PRESENTATION_STYLE_ASSIGNMENT (( #3038 ) ) ;
#1782 = LINE ( 'NONE', #1151, #3032 ) ;
#1783 = DIRECTION ( 'NONE',  ( 0.0000000000000000000, -0.0000000000000000000, 1.000000000000000000 ) ) ;
#1784 = ORIENTED_EDGE ( 'NONE', *, *, #3096, .T. ) ;
#1785 = FILL_AREA_STYLE ('',( #1538 ) ) ;
#1786 = DIRECTION ( 'NONE',  ( 2.492418787322998300E-016, 0.0000000000000000000, 1.000000000000000000 ) ) ;
#1787 = ORIENTED_EDGE ( 'NONE', *, *, #1081, .F. ) ;
#1788 = UNCERTAINTY_MEASURE_WITH_UNIT (LENGTH_MEASURE( 1.000000000000000100E-005 ), #2002, 'distance_accuracy_value', 'NONE');
#1789 = VECTOR ( 'NONE', #1142, 1000.000000000000000 ) ;
#1790 = EDGE_LOOP ( 'NONE', ( #1985, #1554, #2696, #1016 ) ) ;
#1791 = PRESENTATION_LAYER_ASSIGNMENT (  '', '', ( #1466 ) ) ;
#1792 = DIRECTION ( 'NONE',  ( -0.0000000000000000000, -1.000000000000000000, -0.0000000000000000000 ) ) ;
#1793 = ORIENTED_EDGE ( 'NONE', *, *, #905, .T. ) ;
#1794 = ORIENTED_EDGE ( 'NONE', *, *, #2475, .T. ) ;
#1795 = COLOUR_RGB ( '',1.000000000000000000, 1.000000000000000000, 1.000000000000000000 ) ;
#1796 =( NAMED_UNIT ( * ) SI_UNIT ( $, .STERADIAN. ) SOLID_ANGLE_UNIT ( ) );
#1797 = EDGE_CURVE ( 'NONE', #820, #2102, #2335, .T. ) ;
#1798 = CARTESIAN_POINT ( 'NONE',  ( -1.269999999999999800, 1.700000000000000000, 1.669999999999999900 ) ) ;
#1799 = ORIENTED_EDGE ( 'NONE', *, *, #421, .F. ) ;
#1800 = DIRECTION ( 'NONE',  ( -1.000000000000000000, -0.0000000000000000000, -0.0000000000000000000 ) ) ;
#1801 = UNCERTAINTY_MEASURE_WITH_UNIT (LENGTH_MEASURE( 1.000000000000000100E-005 ), #634, 'distance_accuracy_value', 'NONE');
#1802 = PLANE ( 'NONE',  #205 ) ;
#1803 = CARTESIAN_POINT ( 'NONE',  ( 0.2200000000000000300, -3.000000000000000000, 0.3199999999999999500 ) ) ;
#1804 = DIRECTION ( 'NONE',  ( 1.000000000000000000, 0.0000000000000000000, -2.492418787322998300E-016 ) ) ;
#1805 = PRESENTATION_STYLE_ASSIGNMENT (( #1136 ) ) ;
#1806 = FILL_AREA_STYLE_COLOUR ( '', #1711 ) ;
#1807 = CARTESIAN_POINT ( 'NONE',  ( 1.270000000000000500, 1.700000000000000000, 5.949999999999999300 ) ) ;
#1808 = PLANE ( 'NONE',  #1261 ) ;
#1809 = STYLED_ITEM ( 'NONE', ( #55 ), #2194 ) ;
#1810 = AXIS2_PLACEMENT_3D ( 'NONE', #1460, #3213, #1692 ) ;
#1811 = EDGE_CURVE ( 'NONE', #2446, #801, #270, .T. ) ;
#1812 = ORIENTED_EDGE ( 'NONE', *, *, #3242, .F. ) ;
#1813 = LINE ( 'NONE', #2998, #415 ) ;
#1814 =( NAMED_UNIT ( * ) SI_UNIT ( $, .STERADIAN. ) SOLID_ANGLE_UNIT ( ) );
#1815 = PRODUCT ( '1x3', '1x3', '', ( #190 ) ) ;
#1816 = DIRECTION ( 'NONE',  ( 0.7071067811865474600, 0.0000000000000000000, -0.7071067811865474600 ) ) ;
#1817 = ORIENTED_EDGE ( 'NONE', *, *, #3096, .F. ) ;
#1818 = CARTESIAN_POINT ( 'NONE',  ( -0.8699999999999998800, 1.700000000000000000, 1.269999999999999800 ) ) ;
#1819 = UNCERTAINTY_MEASURE_WITH_UNIT (LENGTH_MEASURE( 1.000000000000000100E-005 ), #2771, 'distance_accuracy_value', 'NONE');
#1820 = LINE ( 'NONE', #67, #2492 ) ;
#1821 = FILL_AREA_STYLE_COLOUR ( '', #2824 ) ;
#1822 = EDGE_LOOP ( 'NONE', ( #814, #378, #2772, #1203, #334, #2121, #645, #26, #1975, #1799, #2404, #2491 ) ) ;
#1823 = VERTEX_POINT ( 'NONE', #3026 ) ;
#1824 = ORIENTED_EDGE ( 'NONE', *, *, #721, .T. ) ;
#1825 = ORIENTED_EDGE ( 'NONE', *, *, #2508, .T. ) ;
#1826 = MECHANICAL_DESIGN_GEOMETRIC_PRESENTATION_REPRESENTATION (  '', ( #1348 ), #1999 ) ;
#1827 =( NAMED_UNIT ( * ) SI_UNIT ( $, .STERADIAN. ) SOLID_ANGLE_UNIT ( ) );
#1828 = CARTESIAN_POINT ( 'NONE',  ( -0.3199999999999993400, 0.2999999999999999900, 2.319999999999999800 ) ) ;
#1829 = COLOUR_RGB ( '',1.000000000000000000, 1.000000000000000000, 1.000000000000000000 ) ;
#1830 = UNCERTAINTY_MEASURE_WITH_UNIT (LENGTH_MEASURE( 1.000000000000000100E-005 ), #353, 'distance_accuracy_value', 'NONE');
#1831 = SURFACE_STYLE_USAGE ( .BOTH. , #83 ) ;
#1832 = SURFACE_SIDE_STYLE ('',( #680 ) ) ;
#1833 = COLOUR_RGB ( '',0.0000000000000000000, 0.03529411764705882300, 0.05882352941176470500 ) ;
#1834 = COLOUR_RGB ( '',1.000000000000000000, 1.000000000000000000, 1.000000000000000000 ) ;
#1835 = SURFACE_STYLE_USAGE ( .BOTH. , #91 ) ;
#1836 = AXIS2_PLACEMENT_3D ( 'NONE', #222, #1965, #476 ) ;
#1837 = VECTOR ( 'NONE', #403, 1000.000000000000000 ) ;
#1838 = PLANE ( 'NONE',  #994 ) ;
#1839 = PLANE ( 'NONE',  #1380 ) ;
#1840 = PLANE ( 'NONE',  #924 ) ;
#1841 = LINE ( 'NONE', #1135, #1196 ) ;
#1842 = COLOUR_RGB ( '',1.000000000000000000, 1.000000000000000000, 1.000000000000000000 ) ;
#1843 = CARTESIAN_POINT ( 'NONE',  ( 1.270000000000000000, 1.700000000000000000, 4.210000000000000000 ) ) ;
#1844 = ORIENTED_EDGE ( 'NONE', *, *, #65, .F. ) ;
#1845 = LINE ( 'NONE', #957, #3204 ) ;
#1846 = VERTEX_POINT ( 'NONE', #2789 ) ;
#1847 = LINE ( 'NONE', #108, #1205 ) ;
#1848 = DIRECTION ( 'NONE',  ( 2.492418787322998300E-016, 0.0000000000000000000, 1.000000000000000000 ) ) ;
#1849 = SURFACE_SIDE_STYLE ('',( #1244 ) ) ;
#1850 = VERTEX_POINT ( 'NONE', #777 ) ;
#1851 = UNCERTAINTY_MEASURE_WITH_UNIT (LENGTH_MEASURE( 1.000000000000000100E-005 ), #2144, 'distance_accuracy_value', 'NONE');
#1852 = DIRECTION ( 'NONE',  ( -0.7071067811865474600, 0.0000000000000000000, 0.7071067811865474600 ) ) ;
#1853 = CARTESIAN_POINT ( 'NONE',  ( -0.8700000000000001100, 1.700000000000000000, 1.269999999999999800 ) ) ;
#1854 = ORIENTED_EDGE ( 'NONE', *, *, #2488, .F. ) ;
#1855 = PRESENTATION_LAYER_ASSIGNMENT (  '', '', ( #1539 ) ) ;
#1856 = ORIENTED_EDGE ( 'NONE', *, *, #193, .F. ) ;
#1857 = FACE_OUTER_BOUND ( 'NONE', #2054, .T. ) ;
#1858 = EDGE_CURVE ( 'NONE', #163, #1901, #851, .T. ) ;
#1859 = DIRECTION ( 'NONE',  ( 0.7071067811865474600, 0.0000000000000000000, 0.7071067811865474600 ) ) ;
#1860 =( GEOMETRIC_REPRESENTATION_CONTEXT ( 3 ) GLOBAL_UNCERTAINTY_ASSIGNED_CONTEXT ( ( #429 ) ) GLOBAL_UNIT_ASSIGNED_CONTEXT ( ( #719, #2476, #993 ) ) REPRESENTATION_CONTEXT ( 'NONE', 'WORKASPACE' ) );
#1861 = ORIENTED_EDGE ( 'NONE', *, *, #2630, .F. ) ;
#1862 = PRESENTATION_STYLE_ASSIGNMENT (( #734 ) ) ;
#1863 = LINE ( 'NONE', #5, #1958 ) ;
#1864 =( GEOMETRIC_REPRESENTATION_CONTEXT ( 3 ) GLOBAL_UNCERTAINTY_ASSIGNED_CONTEXT ( ( #1801 ) ) GLOBAL_UNIT_ASSIGNED_CONTEXT ( ( #634, #2381, #891 ) ) REPRESENTATION_CONTEXT ( 'NONE', 'WORKASPACE' ) );
#1865 = VECTOR ( 'NONE', #2007, 1000.000000000000000 ) ;
#1866 =( LENGTH_UNIT ( ) NAMED_UNIT ( * ) SI_UNIT ( .MILLI., .METRE. ) );
#1867 = DIRECTION ( 'NONE',  ( -0.7071067811865474600, 0.0000000000000000000, -0.7071067811865474600 ) ) ;
#1868 = DIRECTION ( 'NONE',  ( 1.000000000000000000, 0.0000000000000000000, -1.232047923278982200E-016 ) ) ;
#1869 = STYLED_ITEM ( 'NONE', ( #1117 ), #741 ) ;
#1870 = CARTESIAN_POINT ( 'NONE',  ( 3.070000000000000700, 0.2999999999999999900, 2.550000000000000300 ) ) ;
#1871 = CARTESIAN_POINT ( 'NONE',  ( 0.8699999999999987700, 1.700000000000000000, -1.270000000000000200 ) ) ;
#1872 = FILL_AREA_STYLE ('',( #110 ) ) ;
#1873 =( GEOMETRIC_REPRESENTATION_CONTEXT ( 3 ) GLOBAL_UNCERTAINTY_ASSIGNED_CONTEXT ( ( #443 ) ) GLOBAL_UNIT_ASSIGNED_CONTEXT ( ( #264, #2008, #514 ) ) REPRESENTATION_CONTEXT ( 'NONE', 'WORKASPACE' ) );
#1874 =( NAMED_UNIT ( * ) SI_UNIT ( $, .STERADIAN. ) SOLID_ANGLE_UNIT ( ) );
#1875 =( LENGTH_UNIT ( ) NAMED_UNIT ( * ) SI_UNIT ( .MILLI., .METRE. ) );
#1876 = COLOUR_RGB ( '',0.0000000000000000000, 0.03529411764705882300, 0.05882352941176470500 ) ;
#1877 = DIRECTION ( 'NONE',  ( -0.0000000000000000000, -0.0000000000000000000, 1.000000000000000000 ) ) ;
#1878 =( GEOMETRIC_REPRESENTATION_CONTEXT ( 3 ) GLOBAL_UNCERTAINTY_ASSIGNED_CONTEXT ( ( #865 ) ) GLOBAL_UNIT_ASSIGNED_CONTEXT ( ( #1247, #2986, #1498 ) ) REPRESENTATION_CONTEXT ( 'NONE', 'WORKASPACE' ) );
#1879 = PLANE ( 'NONE',  #2750 ) ;
#1880 = DIRECTION ( 'NONE',  ( 0.0000000000000000000, 1.000000000000000000, 0.0000000000000000000 ) ) ;
#1881 = UNCERTAINTY_MEASURE_WITH_UNIT (LENGTH_MEASURE( 1.000000000000000100E-005 ), #821, 'distance_accuracy_value', 'NONE');
#1882 = CARTESIAN_POINT ( 'NONE',  ( 1.270000000000000000, 0.0000000000000000000, 4.210000000000000000 ) ) ;
#1883 = VERTEX_POINT ( 'NONE', #530 ) ;
#1884 = VECTOR ( 'NONE', #2493, 1000.000000000000000 ) ;
#1885 = EDGE_CURVE ( 'NONE', #2094, #1374, #2092, .T. ) ;
#1886 = SURFACE_SIDE_STYLE ('',( #3115 ) ) ;
#1887 = VERTEX_POINT ( 'NONE', #2285 ) ;
#1888 = SURFACE_SIDE_STYLE ('',( #1187 ) ) ;
#1889 =( NAMED_UNIT ( * ) PLANE_ANGLE_UNIT ( ) SI_UNIT ( $, .RADIAN. ) );
#1890 = ORIENTED_EDGE ( 'NONE', *, *, #2068, .F. ) ;
#1891 = PRESENTATION_STYLE_ASSIGNMENT (( #1220 ) ) ;
#1892 = DIRECTION ( 'NONE',  ( 0.0000000000000000000, -1.000000000000000000, 0.0000000000000000000 ) ) ;
#1893 = DIRECTION ( 'NONE',  ( -0.0000000000000000000, -0.0000000000000000000, 1.000000000000000000 ) ) ;
#1894 = ORIENTED_EDGE ( 'NONE', *, *, #3016, .T. ) ;
#1895 = VERTEX_POINT ( 'NONE', #1779 ) ;
#1896 = COLOUR_RGB ( '',1.000000000000000000, 1.000000000000000000, 1.000000000000000000 ) ;
#1897 = EDGE_CURVE ( 'NONE', #105, #1216, #2779, .T. ) ;
#1898 = CARTESIAN_POINT ( 'NONE',  ( -1.269999999999999100, 0.0000000000000000000, 4.210000000000000000 ) ) ;
#1899 = PRESENTATION_LAYER_ASSIGNMENT (  '', '', ( #1571 ) ) ;
#1900 = COLOUR_RGB ( '',0.0000000000000000000, 0.03529411764705882300, 0.05882352941176470500 ) ;
#1901 = VERTEX_POINT ( 'NONE', #2799 ) ;
#1902 = DIRECTION ( 'NONE',  ( -1.000000000000000000, 0.0000000000000000000, 0.0000000000000000000 ) ) ;
#1903 = VERTEX_POINT ( 'NONE', #1314 ) ;
#1904 =( NAMED_UNIT ( * ) PLANE_ANGLE_UNIT ( ) SI_UNIT ( $, .RADIAN. ) );
#1905 = PLANE ( 'NONE',  #263 ) ;
#1906 = LINE ( 'NONE', #2266, #943 ) ;
#1907 = CARTESIAN_POINT ( 'NONE',  ( -0.2200000000000000800, 8.339999999999999900, -0.3200000000000000600 ) ) ;
#1908 = EDGE_CURVE ( 'NONE', #2179, #2484, #2024, .T. ) ;
#1909 =( NAMED_UNIT ( * ) SI_UNIT ( $, .STERADIAN. ) SOLID_ANGLE_UNIT ( ) );
#1910 =( NAMED_UNIT ( * ) SI_UNIT ( $, .STERADIAN. ) SOLID_ANGLE_UNIT ( ) );
#1911 = FILL_AREA_STYLE ('',( #2180 ) ) ;
#1912 = PRESENTATION_LAYER_ASSIGNMENT (  '', '', ( #1583 ) ) ;
#1913 = CARTESIAN_POINT ( 'NONE',  ( 0.2200000000000013100, 1.700000000000000000, 5.400000000000000400 ) ) ;
#1914 = DIRECTION ( 'NONE',  ( -1.000000000000000000, 0.0000000000000000000, -0.0000000000000000000 ) ) ;
#1915 = FACE_OUTER_BOUND ( 'NONE', #2856, .T. ) ;
#1916 = UNCERTAINTY_MEASURE_WITH_UNIT (LENGTH_MEASURE( 1.000000000000000100E-005 ), #2198, 'distance_accuracy_value', 'NONE');
#1917 = CARTESIAN_POINT ( 'NONE',  ( 0.3200000000000006200, 0.2999999999999999300, 2.319999999999999800 ) ) ;
#1918 = EDGE_CURVE ( 'NONE', #2893, #1138, #2691, .T. ) ;
#1919 = APPLICATION_PROTOCOL_DEFINITION ( 'draft international standard', 'automotive_design', 1998, #2177 ) ;
#1920 = AXIS2_PLACEMENT_3D ( 'NONE', #2653, #1164, #2910 ) ;
#1921 = EDGE_CURVE ( 'NONE', #3077, #2727, #687, .T. ) ;
#1922 = CARTESIAN_POINT ( 'NONE',  ( 0.7500000000000000000, 0.0000000000000000000, -1.270000000000000200 ) ) ;
#1923 = SURFACE_STYLE_FILL_AREA ( #211 ) ;
#1924 =( NAMED_UNIT ( * ) SI_UNIT ( $, .STERADIAN. ) SOLID_ANGLE_UNIT ( ) );
#1925 = LINE ( 'NONE', #387, #3198 ) ;
#1926 = STYLED_ITEM ( 'NONE', ( #2114 ), #3196 ) ;
#1927 = FILL_AREA_STYLE_COLOUR ( '', #309 ) ;
#1928 = CARTESIAN_POINT ( 'NONE',  ( -0.2199999999999988100, 0.2999999999999999300, 4.760000000000000700 ) ) ;
#1929 = EDGE_CURVE ( 'NONE', #1175, #2484, #1593, .T. ) ;
#1930 = EDGE_LOOP ( 'NONE', ( #2917, #2415, #2021, #419, #97, #227, #2569, #2859 ) ) ;
#1931 = UNCERTAINTY_MEASURE_WITH_UNIT (LENGTH_MEASURE( 1.000000000000000100E-005 ), #3085, 'distance_accuracy_value', 'NONE');
#1932 = FACE_OUTER_BOUND ( 'NONE', #1444, .T. ) ;
#1933 = COLOUR_RGB ( '',1.000000000000000000, 1.000000000000000000, 1.000000000000000000 ) ;
#1934 = ADVANCED_FACE ( 'NONE', ( #775 ), #1802, .T. ) ;
#1935 = APPLICATION_CONTEXT ( 'automotive_design' ) ;
#1936 = ORIENTED_EDGE ( 'NONE', *, *, #2123, .T. ) ;
#1937 = LINE ( 'NONE', #365, #2600 ) ;
#1938 = FILL_AREA_STYLE_COLOUR ( '', #722 ) ;
#1939 = AXIS2_PLACEMENT_3D ( 'NONE', #2158, #667, #2421 ) ;
#1940 = SURFACE_STYLE_FILL_AREA ( #183 ) ;
#1941 =( NAMED_UNIT ( * ) PLANE_ANGLE_UNIT ( ) SI_UNIT ( $, .RADIAN. ) );
#1942 = ORIENTED_EDGE ( 'NONE', *, *, #3086, .T. ) ;
#1943 = VECTOR ( 'NONE', #1321, 1000.000000000000000 ) ;
#1944 = DIRECTION ( 'NONE',  ( -0.7071067811865475700, 0.0000000000000000000, 0.7071067811865475700 ) ) ;
#1945 = PRESENTATION_STYLE_ASSIGNMENT (( #13 ) ) ;
#1946 = ORIENTED_EDGE ( 'NONE', *, *, #2, .F. ) ;
#1947 = VERTEX_POINT ( 'NONE', #43 ) ;
#1948 = VECTOR ( 'NONE', #291, 1000.000000000000100 ) ;
#1949 = ORIENTED_EDGE ( 'NONE', *, *, #203, .F. ) ;
#1950 =( NAMED_UNIT ( * ) PLANE_ANGLE_UNIT ( ) SI_UNIT ( $, .RADIAN. ) );
#1951 = PRESENTATION_STYLE_ASSIGNMENT (( #1036 ) ) ;
#1952 = SURFACE_SIDE_STYLE ('',( #2204 ) ) ;
#1953 = ADVANCED_FACE ( 'NONE', ( #1063 ), #52, .F. ) ;
#1954 = MECHANICAL_DESIGN_GEOMETRIC_PRESENTATION_REPRESENTATION (  '', ( #1466 ), #2111 ) ;
#1955 =( NAMED_UNIT ( * ) SI_UNIT ( $, .STERADIAN. ) SOLID_ANGLE_UNIT ( ) );
#1956 = SURFACE_SIDE_STYLE ('',( #1923 ) ) ;
#1957 = DIRECTION ( 'NONE',  ( 1.000000000000000000, 0.0000000000000000000, -1.232047923278982200E-016 ) ) ;
#1958 = VECTOR ( 'NONE', #1765, 1000.000000000000000 ) ;
#1959 = EDGE_CURVE ( 'NONE', #3218, #344, #131, .T. ) ;
#1960 = LINE ( 'NONE', #991, #2038 ) ;
#1961 = SURFACE_STYLE_FILL_AREA ( #873 ) ;
#1962 = SURFACE_STYLE_FILL_AREA ( #2982 ) ;
#1963 = DIRECTION ( 'NONE',  ( -0.7071067811865474600, -0.0000000000000000000, -0.7071067811865474600 ) ) ;
#1964 = CARTESIAN_POINT ( 'NONE',  ( -0.3200000000000000600, -3.000000000000000000, -0.2200000000000000800 ) ) ;
#1965 = DIRECTION ( 'NONE',  ( 0.7071067811865475700, -0.0000000000000000000, 0.7071067811865475700 ) ) ;
#1966 = EDGE_CURVE ( 'NONE', #1062, #3169, #810, .T. ) ;
#1967 = FILL_AREA_STYLE ('',( #1234 ) ) ;
#1968 = ADVANCED_FACE ( 'NONE', ( #727 ), #2319, .F. ) ;
#1969 = COLOUR_RGB ( '',1.000000000000000000, 1.000000000000000000, 1.000000000000000000 ) ;
#1970 = EDGE_LOOP ( 'NONE', ( #3035, #1165, #787, #1071, #3217, #662, #1218, #503, #685, #1068, #2458, #312, #229, #1177, #2961, #2610, #3265, #2782, #655, #173 ) ) ;
#1971 = PLANE ( 'NONE',  #2389 ) ;
#1972 = LINE ( 'NONE', #2230, #1248 ) ;
#1973 = STYLED_ITEM ( 'NONE', ( #103 ), #1690 ) ;
#1974 = DIRECTION ( 'NONE',  ( 0.7071067811865474600, 0.0000000000000000000, 0.7071067811865474600 ) ) ;
#1975 = ORIENTED_EDGE ( 'NONE', *, *, #2793, .F. ) ;
#1976 = COLOUR_RGB ( '',1.000000000000000000, 1.000000000000000000, 1.000000000000000000 ) ;
#1977 =( NAMED_UNIT ( * ) SI_UNIT ( $, .STERADIAN. ) SOLID_ANGLE_UNIT ( ) );
#1978 = FILL_AREA_STYLE_COLOUR ( '', #551 ) ;
#1979 = VECTOR ( 'NONE', #554, 1000.000000000000000 ) ;
#1980 = CLOSED_SHELL ( 'NONE', ( #2990, #1270, #964, #1006, #1522, #688, #2702, #2194, #756, #2960 ) ) ;
#1981 = UNCERTAINTY_MEASURE_WITH_UNIT (LENGTH_MEASURE( 1.000000000000000100E-005 ), #355, 'distance_accuracy_value', 'NONE');
#1982 = AXIS2_PLACEMENT_3D ( 'NONE', #653, #2396, #903 ) ;
#1983 = FACE_OUTER_BOUND ( 'NONE', #2296, .T. ) ;
#1984 = ORIENTED_EDGE ( 'NONE', *, *, #2146, .F. ) ;
#1985 = ORIENTED_EDGE ( 'NONE', *, *, #939, .T. ) ;
#1986 = PRESENTATION_LAYER_ASSIGNMENT (  '', '', ( #1645 ) ) ;
#1987 = EDGE_CURVE ( 'NONE', #182, #2337, #1820, .T. ) ;
#1988 = DIRECTION ( 'NONE',  ( 0.7071067811865474600, 0.0000000000000000000, 0.7071067811865474600 ) ) ;
#1989 = LINE ( 'NONE', #717, #1948 ) ;
#1990 = ORIENTED_EDGE ( 'NONE', *, *, #639, .T. ) ;
#1991 = ADVANCED_FACE ( 'NONE', ( #499 ), #3097, .F. ) ;
#1992 = FACE_OUTER_BOUND ( 'NONE', #2822, .T. ) ;
#1993 = CARTESIAN_POINT ( 'NONE',  ( 0.3200000000000006200, 0.2999999999999999900, -1.270000000000000700 ) ) ;
#1994 =( NAMED_UNIT ( * ) PLANE_ANGLE_UNIT ( ) SI_UNIT ( $, .RADIAN. ) );
#1995 = FACE_OUTER_BOUND ( 'NONE', #340, .T. ) ;
#1996 = PLANE ( 'NONE',  #1146 ) ;
#1997 = STYLED_ITEM ( 'NONE', ( #3205 ), #2503 ) ;
#1998 =( LENGTH_UNIT ( ) NAMED_UNIT ( * ) SI_UNIT ( .MILLI., .METRE. ) );
#1999 =( GEOMETRIC_REPRESENTATION_CONTEXT ( 3 ) GLOBAL_UNCERTAINTY_ASSIGNED_CONTEXT ( ( #2621 ) ) GLOBAL_UNIT_ASSIGNED_CONTEXT ( ( #2397, #904, #2660 ) ) REPRESENTATION_CONTEXT ( 'NONE', 'WORKASPACE' ) );
#2000 = CARTESIAN_POINT ( 'NONE',  ( -0.3199999999999987300, 1.700000000000000000, 5.299999999999999800 ) ) ;
#2001 = EDGE_CURVE ( 'NONE', #2597, #3266, #2169, .T. ) ;
#2002 =( LENGTH_UNIT ( ) NAMED_UNIT ( * ) SI_UNIT ( .MILLI., .METRE. ) );
#2003 = DIRECTION ( 'NONE',  ( 2.464095846557964400E-016, 0.0000000000000000000, 1.000000000000000000 ) ) ;
#2004 = LINE ( 'NONE', #1853, #2066 ) ;
#2005 = ADVANCED_FACE ( 'NONE', ( #925 ), #1838, .T. ) ;
#2006 =( GEOMETRIC_REPRESENTATION_CONTEXT ( 3 ) GLOBAL_UNCERTAINTY_ASSIGNED_CONTEXT ( ( #2448 ) ) GLOBAL_UNIT_ASSIGNED_CONTEXT ( ( #540, #2288, #794 ) ) REPRESENTATION_CONTEXT ( 'NONE', 'WORKASPACE' ) );
#2007 = DIRECTION ( 'NONE',  ( 2.492418787322998300E-016, 0.0000000000000000000, 1.000000000000000000 ) ) ;
#2008 =( NAMED_UNIT ( * ) PLANE_ANGLE_UNIT ( ) SI_UNIT ( $, .RADIAN. ) );
#2009 = VECTOR ( 'NONE', #3226, 1000.000000000000000 ) ;
#2010 = CARTESIAN_POINT ( 'NONE',  ( 0.3200000000000006200, 8.339999999999999900, 2.319999999999999800 ) ) ;
#2011 = DIRECTION ( 'NONE',  ( 0.0000000000000000000, 0.0000000000000000000, 1.000000000000000000 ) ) ;
#2012 = LINE ( 'NONE', #2286, #3114 ) ;
#2013 = LINE ( 'NONE', #2622, #677 ) ;
#2014 = PRESENTATION_LAYER_ASSIGNMENT (  '', '', ( #1681 ) ) ;
#2015 = DIRECTION ( 'NONE',  ( 0.0000000000000000000, 1.000000000000000000, 0.0000000000000000000 ) ) ;
#2016 = LINE ( 'NONE', #520, #1979 ) ;
#2017 = CARTESIAN_POINT ( 'NONE',  ( -0.7500000000000000000, 0.2999999999999999900, -1.270000000000000500 ) ) ;
#2018 = ORIENTED_EDGE ( 'NONE', *, *, #1266, .F. ) ;
#2019 = FILL_AREA_STYLE ('',( #2773 ) ) ;
#2020 = ORIENTED_EDGE ( 'NONE', *, *, #1075, .F. ) ;
#2021 = ORIENTED_EDGE ( 'NONE', *, *, #2439, .T. ) ;
#2022 = DIRECTION ( 'NONE',  ( 0.0000000000000000000, 1.000000000000000000, 0.0000000000000000000 ) ) ;
#2023 = DIRECTION ( 'NONE',  ( -1.000000000000000000, -0.0000000000000000000, -0.0000000000000000000 ) ) ;
#2024 = LINE ( 'NONE', #1542, #1370 ) ;
#2025 = FACE_BOUND ( 'NONE', #3047, .T. ) ;
#2026 = UNCERTAINTY_MEASURE_WITH_UNIT (LENGTH_MEASURE( 1.000000000000000100E-005 ), #1635, 'distance_accuracy_value', 'NONE');
#2027 = ORIENTED_EDGE ( 'NONE', *, *, #2603, .F. ) ;
#2028 = VECTOR ( 'NONE', #58, 1000.000000000000000 ) ;
#2029 = ORIENTED_EDGE ( 'NONE', *, *, #156, .F. ) ;
#2030 = DIRECTION ( 'NONE',  ( -0.7071067811865474600, -0.0000000000000000000, 0.7071067811865474600 ) ) ;
#2031 = CARTESIAN_POINT ( 'NONE',  ( 0.8699999999999998800, 0.0000000000000000000, 3.809999999999999600 ) ) ;
#2032 = SURFACE_STYLE_USAGE ( .BOTH. , #292 ) ;
#2033 = CARTESIAN_POINT ( 'NONE',  ( -0.3199999999999988400, -3.000000000000000000, 4.860000000000000300 ) ) ;
#2034 = MECHANICAL_DESIGN_GEOMETRIC_PRESENTATION_REPRESENTATION (  '', ( #1539 ), #2196 ) ;
#2035 = EDGE_CURVE ( 'NONE', #3266, #1655, #1937, .T. ) ;
#2036 = UNCERTAINTY_MEASURE_WITH_UNIT (LENGTH_MEASURE( 1.000000000000000100E-005 ), #1179, 'distance_accuracy_value', 'NONE');
#2037 = CARTESIAN_POINT ( 'NONE',  ( 0.8699999999999987700, 0.0000000000000000000, -1.270000000000000200 ) ) ;
#2038 = VECTOR ( 'NONE', #2728, 1000.000000000000000 ) ;
#2039 = DIRECTION ( 'NONE',  ( -0.0000000000000000000, -1.000000000000000000, -0.0000000000000000000 ) ) ;
#2040 = FILL_AREA_STYLE ('',( #316 ) ) ;
#2041 = PLANE ( 'NONE',  #3162 ) ;
#2042 = STYLED_ITEM ( 'NONE', ( #2408 ), #1991 ) ;
#2043 = AXIS2_PLACEMENT_3D ( 'NONE', #2130, #637, #2385 ) ;
#2044 = SURFACE_SIDE_STYLE ('',( #2608 ) ) ;
#2045 = ORIENTED_EDGE ( 'NONE', *, *, #748, .T. ) ;
#2046 = SURFACE_STYLE_FILL_AREA ( #1207 ) ;
#2047 = CARTESIAN_POINT ( 'NONE',  ( 0.8699999999999992200, 1.700000000000000000, 1.269999999999999400 ) ) ;
#2048 = FACE_OUTER_BOUND ( 'NONE', #2690, .T. ) ;
#2049 = VERTEX_POINT ( 'NONE', #1355 ) ;
#2050 = VECTOR ( 'NONE', #829, 1000.000000000000000 ) ;
#2051 = FILL_AREA_STYLE ('',( #1806 ) ) ;
#2052 = FACE_BOUND ( 'NONE', #1930, .T. ) ;
#2053 = VERTEX_POINT ( 'NONE', #621 ) ;
#2054 = EDGE_LOOP ( 'NONE', ( #2091, #3136, #2168, #1584 ) ) ;
#2055 = EDGE_CURVE ( 'NONE', #1520, #188, #1847, .T. ) ;
#2056 = VECTOR ( 'NONE', #798, 1000.000000000000100 ) ;
#2057 = CARTESIAN_POINT ( 'NONE',  ( -0.2200000000000000800, -3.000000000000000000, -0.3200000000000000600 ) ) ;
#2058 = ORIENTED_EDGE ( 'NONE', *, *, #817, .F. ) ;
#2059 = SURFACE_STYLE_USAGE ( .BOTH. , #327 ) ;
#2060 = VECTOR ( 'NONE', #2039, 1000.000000000000000 ) ;
#2061 = CARTESIAN_POINT ( 'NONE',  ( -1.269999999999999400, 1.700000000000000000, 3.409999999999999700 ) ) ;
#2062 = EDGE_CURVE ( 'NONE', #1175, #2398, #3211, .T. ) ;
#2063 = MECHANICAL_DESIGN_GEOMETRIC_PRESENTATION_REPRESENTATION (  '', ( #1571 ), #2240 ) ;
#2064 = DIRECTION ( 'NONE',  ( 0.7071067811865474600, 0.0000000000000000000, -0.7071067811865474600 ) ) ;
#2065 = DIRECTION ( 'NONE',  ( 2.464095846557964400E-016, 0.0000000000000000000, 1.000000000000000000 ) ) ;
#2066 = VECTOR ( 'NONE', #112, 1000.000000000000100 ) ;
#2067 = STYLED_ITEM ( 'NONE', ( #586 ), #1761 ) ;
#2068 = EDGE_CURVE ( 'NONE', #2102, #1947, #1303, .T. ) ;
#2069 = CARTESIAN_POINT ( 'NONE',  ( 6.330743719800416100E-016, 8.339999999999999900, 2.540000000000000000 ) ) ;
#2070 = FACE_OUTER_BOUND ( 'NONE', #544, .T. ) ;
#2071 = DIRECTION ( 'NONE',  ( 0.0000000000000000000, -1.000000000000000000, 0.0000000000000000000 ) ) ;
#2072 = LINE ( 'NONE', #3149, #158 ) ;
#2073 = DIRECTION ( 'NONE',  ( -0.7071067811865475700, 0.0000000000000000000, -0.7071067811865475700 ) ) ;
#2074 = MECHANICAL_DESIGN_GEOMETRIC_PRESENTATION_REPRESENTATION (  '', ( #1583 ), #2254 ) ;
#2075 = LINE ( 'NONE', #3235, #1694 ) ;
#2076 = VERTEX_POINT ( 'NONE', #114 ) ;
#2077 = LINE ( 'NONE', #3015, #89 ) ;
#2078 =( NAMED_UNIT ( * ) PLANE_ANGLE_UNIT ( ) SI_UNIT ( $, .RADIAN. ) );
#2079 = VERTEX_POINT ( 'NONE', #381 ) ;
#2080 = EDGE_CURVE ( 'NONE', #2971, #1627, #1131, .T. ) ;
#2081 = COLOUR_RGB ( '',1.000000000000000000, 1.000000000000000000, 1.000000000000000000 ) ;
#2082 =( LENGTH_UNIT ( ) NAMED_UNIT ( * ) SI_UNIT ( .MILLI., .METRE. ) );
#2083 = FACE_OUTER_BOUND ( 'NONE', #2846, .T. ) ;
#2084 = EDGE_LOOP ( 'NONE', ( #2253, #2898, #2958, #2530 ) ) ;
#2085 = DIRECTION ( 'NONE',  ( 0.7071067811865474600, 0.0000000000000000000, 0.7071067811865474600 ) ) ;
#2086 = PRESENTATION_LAYER_ASSIGNMENT (  '', '', ( #1767 ) ) ;
#2087 =( NAMED_UNIT ( * ) PLANE_ANGLE_UNIT ( ) SI_UNIT ( $, .RADIAN. ) );
#2088 = EDGE_CURVE ( 'NONE', #935, #1445, #614, .T. ) ;
#2089 = CARTESIAN_POINT ( 'NONE',  ( 0.8700000000000005500, 0.0000000000000000000, 6.349999999999999600 ) ) ;
#2090 = VECTOR ( 'NONE', #454, 1000.000000000000000 ) ;
#2091 = ORIENTED_EDGE ( 'NONE', *, *, #411, .F. ) ;
#2092 = LINE ( 'NONE', #1299, #1446 ) ;
#2093 = LINE ( 'NONE', #242, #2028 ) ;
#2094 = VERTEX_POINT ( 'NONE', #1388 ) ;
#2095 = ORIENTED_EDGE ( 'NONE', *, *, #1334, .F. ) ;
#2096 = PRESENTATION_LAYER_ASSIGNMENT (  '', '', ( #1926 ) ) ;
#2097 = COLOUR_RGB ( '',0.0000000000000000000, 0.03529411764705882300, 0.05882352941176470500 ) ;
#2098 = SURFACE_SIDE_STYLE ('',( #2853 ) ) ;
#2099 = EDGE_CURVE ( 'NONE', #2300, #2205, #2364, .T. ) ;
#2100 = SURFACE_SIDE_STYLE ('',( #295 ) ) ;
#2101 = VECTOR ( 'NONE', #538, 1000.000000000000000 ) ;
#2102 = VERTEX_POINT ( 'NONE', #877 ) ;
#2103 = CARTESIAN_POINT ( 'NONE',  ( -0.2199999999999987000, 8.339999999999999900, 5.400000000000000400 ) ) ;
#2104 = SURFACE_STYLE_FILL_AREA ( #1967 ) ;
#2105 = FILL_AREA_STYLE ('',( #361 ) ) ;
#2106 = STYLED_ITEM ( 'NONE', ( #2428 ), #688 ) ;
#2107 = CARTESIAN_POINT ( 'NONE',  ( 0.8699999999999987700, 0.0000000000000000000, -1.270000000000000200 ) ) ;
#2108 = COLOUR_RGB ( '',1.000000000000000000, 1.000000000000000000, 1.000000000000000000 ) ;
#2109 =( LENGTH_UNIT ( ) NAMED_UNIT ( * ) SI_UNIT ( .MILLI., .METRE. ) );
#2110 = FILL_AREA_STYLE_COLOUR ( '', #2763 ) ;
#2111 =( GEOMETRIC_REPRESENTATION_CONTEXT ( 3 ) GLOBAL_UNCERTAINTY_ASSIGNED_CONTEXT ( ( #2989 ) ) GLOBAL_UNIT_ASSIGNED_CONTEXT ( ( #195, #1941, #448 ) ) REPRESENTATION_CONTEXT ( 'NONE', 'WORKASPACE' ) );
#2112 = UNCERTAINTY_MEASURE_WITH_UNIT (LENGTH_MEASURE( 1.000000000000000100E-005 ), #2483, 'distance_accuracy_value', 'NONE');
#2113 =( NAMED_UNIT ( * ) SI_UNIT ( $, .STERADIAN. ) SOLID_ANGLE_UNIT ( ) );
#2114 = PRESENTATION_STYLE_ASSIGNMENT (( #607 ) ) ;
#2115 = EDGE_CURVE ( 'NONE', #2568, #859, #3037, .T. ) ;
#2116 = CARTESIAN_POINT ( 'NONE',  ( -0.8699999999999992200, 0.0000000000000000000, 3.810000000000000100 ) ) ;
#2117 = CARTESIAN_POINT ( 'NONE',  ( -0.3199999999999988400, -3.000000000000000000, 4.860000000000000300 ) ) ;
#2118 = DIRECTION ( 'NONE',  ( 0.7071067811865475700, -0.0000000000000000000, 0.7071067811865475700 ) ) ;
#2119 = ORIENTED_EDGE ( 'NONE', *, *, #581, .T. ) ;
#2120 = LINE ( 'NONE', #282, #2056 ) ;
#2121 = ORIENTED_EDGE ( 'NONE', *, *, #2001, .F. ) ;
#2122 = DIRECTION ( 'NONE',  ( -0.7071067811865474600, -0.0000000000000000000, -0.7071067811865474600 ) ) ;
#2123 = EDGE_CURVE ( 'NONE', #1013, #2893, #1059, .T. ) ;
#2124 = SURFACE_STYLE_USAGE ( .BOTH. , #395 ) ;
#2125 = UNCERTAINTY_MEASURE_WITH_UNIT (LENGTH_MEASURE( 1.000000000000000100E-005 ), #941, 'distance_accuracy_value', 'NONE');
#2126 = VERTEX_POINT ( 'NONE', #2380 ) ;
#2127 = PRESENTATION_STYLE_ASSIGNMENT (( #3080 ) ) ;
#2128 = CARTESIAN_POINT ( 'NONE',  ( -0.2199999999999987000, 0.2999999999999999300, 5.400000000000000400 ) ) ;
#2129 = VECTOR ( 'NONE', #743, 1000.000000000000000 ) ;
#2130 = CARTESIAN_POINT ( 'NONE',  ( 1.269999999999998700, 1.700000000000000000, -0.8700000000000003300 ) ) ;
#2131 = ORIENTED_EDGE ( 'NONE', *, *, #29, .T. ) ;
#2132 = VERTEX_POINT ( 'NONE', #890 ) ;
#2133 = PRESENTATION_STYLE_ASSIGNMENT (( #1353 ) ) ;
#2134 =( NAMED_UNIT ( * ) SI_UNIT ( $, .STERADIAN. ) SOLID_ANGLE_UNIT ( ) );
#2135 = AXIS2_PLACEMENT_3D ( 'NONE', #271, #2011, #516 ) ;
#2136 = LINE ( 'NONE', #444, #2090 ) ;
#2137 = CARTESIAN_POINT ( 'NONE',  ( -0.7500000000000000000, 0.0000000000000000000, -1.270000000000000500 ) ) ;
#2138 = FILL_AREA_STYLE_COLOUR ( '', #1976 ) ;
#2139 = VECTOR ( 'NONE', #1052, 1000.000000000000000 ) ;
#2140 = FILL_AREA_STYLE_COLOUR ( '', #1192 ) ;
#2141 =( LENGTH_UNIT ( ) NAMED_UNIT ( * ) SI_UNIT ( .MILLI., .METRE. ) );
#2142 = LINE ( 'NONE', #2010, #1679 ) ;
#2143 = PRESENTATION_LAYER_ASSIGNMENT (  '', '', ( #1809 ) ) ;
#2144 =( LENGTH_UNIT ( ) NAMED_UNIT ( * ) SI_UNIT ( .MILLI., .METRE. ) );
#2145 = MECHANICAL_DESIGN_GEOMETRIC_PRESENTATION_REPRESENTATION (  '', ( #1645 ), #2316 ) ;
#2146 = EDGE_CURVE ( 'NONE', #2263, #1366, #1625, .T. ) ;
#2147 = SURFACE_SIDE_STYLE ('',( #1618 ) ) ;
#2148 = CARTESIAN_POINT ( 'NONE',  ( -0.3199999999999987300, 8.339999999999999900, 5.299999999999999800 ) ) ;
#2149 = FILL_AREA_STYLE_COLOUR ( '', #1478 ) ;
#2150 = PLANE ( 'NONE',  #1939 ) ;
#2151 = AXIS2_PLACEMENT_3D ( 'NONE', #338, #2071, #596 ) ;
#2152 = CARTESIAN_POINT ( 'NONE',  ( -3.819999999999999000, 0.2999999999999999900, 1.799999999999998500 ) ) ;
#2153 = FILL_AREA_STYLE ('',( #1414 ) ) ;
#2154 = DIRECTION ( 'NONE',  ( 0.0000000000000000000, 1.000000000000000000, 0.0000000000000000000 ) ) ;
#2155 = UNCERTAINTY_MEASURE_WITH_UNIT (LENGTH_MEASURE( 1.000000000000000100E-005 ), #2878, 'distance_accuracy_value', 'NONE');
#2156 = DIRECTION ( 'NONE',  ( -1.000000000000000000, -0.0000000000000000000, -0.0000000000000000000 ) ) ;
#2157 = EDGE_CURVE ( 'NONE', #2613, #2971, #2453, .T. ) ;
#2158 = CARTESIAN_POINT ( 'NONE',  ( 0.2200000000000012500, -3.000000000000000000, 4.760000000000000700 ) ) ;
#2159 = LINE ( 'NONE', #1126, #1512 ) ;
#2160 = CARTESIAN_POINT ( 'NONE',  ( -0.3200000000000000600, 8.339999999999999900, -0.2200000000000000800 ) ) ;
#2161 = ORIENTED_EDGE ( 'NONE', *, *, #1423, .T. ) ;
#2162 = FACE_OUTER_BOUND ( 'NONE', #850, .T. ) ;
#2163 = FACE_OUTER_BOUND ( 'NONE', #2565, .T. ) ;
#2164 = SURFACE_STYLE_FILL_AREA ( #2153 ) ;
#2165 = SURFACE_SIDE_STYLE ('',( #2405 ) ) ;
#2166 = CARTESIAN_POINT ( 'NONE',  ( -0.2199999999999994700, 0.2999999999999999300, 2.220000000000000200 ) ) ;
#2167 = LINE ( 'NONE', #1010, #2129 ) ;
#2168 = ORIENTED_EDGE ( 'NONE', *, *, #1730, .T. ) ;
#2169 = LINE ( 'NONE', #1605, #262 ) ;
#2170 = DIRECTION ( 'NONE',  ( 0.0000000000000000000, 1.000000000000000000, 0.0000000000000000000 ) ) ;
#2171 = CARTESIAN_POINT ( 'NONE',  ( 0.2200000000000006100, -3.000000000000000000, 2.220000000000000200 ) ) ;
#2172 = VECTOR ( 'NONE', #825, 1000.000000000000000 ) ;
#2173 = ORIENTED_EDGE ( 'NONE', *, *, #3150, .T. ) ;
#2174 = UNCERTAINTY_MEASURE_WITH_UNIT (LENGTH_MEASURE( 1.000000000000000100E-005 ), #2945, 'distance_accuracy_value', 'NONE');
#2175 = ORIENTED_EDGE ( 'NONE', *, *, #1586, .F. ) ;
#2176 = VECTOR ( 'NONE', #796, 1000.000000000000000 ) ;
#2177 = APPLICATION_CONTEXT ( 'automotive_design' ) ;
#2178 = LINE ( 'NONE', #1001, #2172 ) ;
#2179 = VERTEX_POINT ( 'NONE', #1641 ) ;
#2180 = FILL_AREA_STYLE_COLOUR ( '', #376 ) ;
#2181 = ORIENTED_EDGE ( 'NONE', *, *, #2088, .T. ) ;
#2182 = LINE ( 'NONE', #2033, #186 ) ;
#2183 = CARTESIAN_POINT ( 'NONE',  ( -0.7500000000000000000, 0.2999999999999999900, -1.270000000000000500 ) ) ;
#2184 = ADVANCED_FACE ( 'NONE', ( #306 ), #137, .T. ) ;
#2185 = MECHANICAL_DESIGN_GEOMETRIC_PRESENTATION_REPRESENTATION (  '', ( #1681 ), #2347 ) ;
#2186 = PLANE ( 'NONE',  #1757 ) ;
#2187 = CARTESIAN_POINT ( 'NONE',  ( 0.0000000000000000000, 1.700000000000000000, 0.0000000000000000000 ) ) ;
#2188 = FILL_AREA_STYLE ('',( #1685 ) ) ;
#2189 = FACE_OUTER_BOUND ( 'NONE', #313, .T. ) ;
#2190 = FILL_AREA_STYLE_COLOUR ( '', #1202 ) ;
#2191 = CARTESIAN_POINT ( 'NONE',  ( -1.270000000000000500, 1.700000000000000000, -0.8700000000000003300 ) ) ;
#2192 = CARTESIAN_POINT ( 'NONE',  ( 0.3200000000000006200, -3.000000000000000000, 2.319999999999999800 ) ) ;
#2193 = DIRECTION ( 'NONE',  ( 2.492418787322999200E-016, 0.0000000000000000000, 1.000000000000000000 ) ) ;
#2194 = ADVANCED_FACE ( 'NONE', ( #725 ), #666, .T. ) ;
#2195 = FACE_OUTER_BOUND ( 'NONE', #3134, .T. ) ;
#2196 =( GEOMETRIC_REPRESENTATION_CONTEXT ( 3 ) GLOBAL_UNCERTAINTY_ASSIGNED_CONTEXT ( ( #1128 ) ) GLOBAL_UNIT_ASSIGNED_CONTEXT ( ( #206, #1950, #461 ) ) REPRESENTATION_CONTEXT ( 'NONE', 'WORKASPACE' ) );
#2197 = EDGE_CURVE ( 'NONE', #459, #273, #1742, .T. ) ;
#2198 =( LENGTH_UNIT ( ) NAMED_UNIT ( * ) SI_UNIT ( .MILLI., .METRE. ) );
#2199 = LINE ( 'NONE', #2481, #214 ) ;
#2200 = STYLED_ITEM ( 'NONE', ( #1862 ), #1494 ) ;
#2201 =( LENGTH_UNIT ( ) NAMED_UNIT ( * ) SI_UNIT ( .MILLI., .METRE. ) );
#2202 = STYLED_ITEM ( 'NONE', ( #2435 ), #3254 ) ;
#2203 = FILL_AREA_STYLE_COLOUR ( '', #1383 ) ;
#2204 = SURFACE_STYLE_FILL_AREA ( #3221 ) ;
#2205 = VERTEX_POINT ( 'NONE', #1424 ) ;
#2206 = LINE ( 'NONE', #2970, #1552 ) ;
#2207 = VECTOR ( 'NONE', #807, 1000.000000000000000 ) ;
#2208 = AXIS2_PLACEMENT_3D ( 'NONE', #2069, #594, #2331 ) ;
#2209 = PRESENTATION_STYLE_ASSIGNMENT (( #1689 ) ) ;
#2210 = ORIENTED_EDGE ( 'NONE', *, *, #265, .T. ) ;
#2211 = PRESENTATION_STYLE_ASSIGNMENT (( #1647 ) ) ;
#2212 = PRESENTATION_LAYER_ASSIGNMENT (  '', '', ( #1869 ) ) ;
#2213 = VECTOR ( 'NONE', #989, 1000.000000000000100 ) ;
#2214 = SURFACE_SIDE_STYLE ('',( #2282 ) ) ;
#2215 = ORIENTED_EDGE ( 'NONE', *, *, #1497, .T. ) ;
#2216 = ADVANCED_FACE ( 'NONE', ( #1092 ), #1178, .F. ) ;
#2217 = DIRECTION ( 'NONE',  ( 2.464095846557964400E-016, 0.0000000000000000000, 1.000000000000000000 ) ) ;
#2218 = LINE ( 'NONE', #793, #2101 ) ;
#2219 = ORIENTED_EDGE ( 'NONE', *, *, #1423, .F. ) ;
#2220 = FILL_AREA_STYLE_COLOUR ( '', #3103 ) ;
#2221 = SURFACE_STYLE_FILL_AREA ( #1098 ) ;
#2222 = SURFACE_STYLE_USAGE ( .BOTH. , #477 ) ;
#2223 = VECTOR ( 'NONE', #1069, 1000.000000000000000 ) ;
#2224 = VERTEX_POINT ( 'NONE', #1913 ) ;
#2225 = STYLED_ITEM ( 'NONE', ( #1362 ), #2449 ) ;
#2226 = COLOUR_RGB ( '',1.000000000000000000, 1.000000000000000000, 1.000000000000000000 ) ;
#2227 = LINE ( 'NONE', #2534, #1347 ) ;
#2228 = DIRECTION ( 'NONE',  ( -1.232047923278982200E-016, -0.0000000000000000000, -1.000000000000000000 ) ) ;
#2229 = STYLED_ITEM ( 'NONE', ( #194 ), #1270 ) ;
#2230 = CARTESIAN_POINT ( 'NONE',  ( 0.2200000000000012500, 8.339999999999999900, 4.760000000000000700 ) ) ;
#2231 = CARTESIAN_POINT ( 'NONE',  ( 0.3200000000000012300, 8.339999999999999900, 4.860000000000000300 ) ) ;
#2232 = CARTESIAN_POINT ( 'NONE',  ( 0.2200000000000000300, -3.000000000000000000, 0.3199999999999999500 ) ) ;
#2233 = SURFACE_SIDE_STYLE ('',( #1225 ) ) ;
#2234 = EDGE_CURVE ( 'NONE', #1823, #1366, #1515, .T. ) ;
#2235 = ADVANCED_FACE ( 'NONE', ( #2162 ), #2186, .T. ) ;
#2236 = DIRECTION ( 'NONE',  ( -0.7071067811865474600, -0.0000000000000000000, 0.7071067811865474600 ) ) ;
#2237 = CARTESIAN_POINT ( 'NONE',  ( 0.2200000000000006100, -3.000000000000000000, 2.220000000000000200 ) ) ;
#2238 = EDGE_CURVE ( 'NONE', #3218, #855, #1845, .T. ) ;
#2239 = DIRECTION ( 'NONE',  ( -1.232047923278982200E-016, -0.0000000000000000000, -1.000000000000000000 ) ) ;
#2240 =( GEOMETRIC_REPRESENTATION_CONTEXT ( 3 ) GLOBAL_UNCERTAINTY_ASSIGNED_CONTEXT ( ( #2599 ) ) GLOBAL_UNIT_ASSIGNED_CONTEXT ( ( #1640, #1675, #1650 ) ) REPRESENTATION_CONTEXT ( 'NONE', 'WORKASPACE' ) );
#2241 = VERTEX_POINT ( 'NONE', #698 ) ;
#2242 =( NAMED_UNIT ( * ) SI_UNIT ( $, .STERADIAN. ) SOLID_ANGLE_UNIT ( ) );
#2243 = VECTOR ( 'NONE', #360, 1000.000000000000000 ) ;
#2244 = AXIS2_PLACEMENT_3D ( 'NONE', #342, #2073, #597 ) ;
#2245 = LINE ( 'NONE', #3130, #166 ) ;
#2246 = ADVANCED_FACE ( 'NONE', ( #609 ), #2450, .T. ) ;
#2247 = EDGE_CURVE ( 'NONE', #1524, #1632, #300, .T. ) ;
#2248 = DIRECTION ( 'NONE',  ( -1.232047923278982200E-016, 0.0000000000000000000, -1.000000000000000000 ) ) ;
#2249 = PRESENTATION_STYLE_ASSIGNMENT (( #1351 ) ) ;
#2250 =( NAMED_UNIT ( * ) SI_UNIT ( $, .STERADIAN. ) SOLID_ANGLE_UNIT ( ) );
#2251 = FILL_AREA_STYLE ('',( #1735 ) ) ;
#2252 = LINE ( 'NONE', #1040, #2213 ) ;
#2253 = ORIENTED_EDGE ( 'NONE', *, *, #1699, .T. ) ;
#2254 =( GEOMETRIC_REPRESENTATION_CONTEXT ( 3 ) GLOBAL_UNCERTAINTY_ASSIGNED_CONTEXT ( ( #1602 ) ) GLOBAL_UNIT_ASSIGNED_CONTEXT ( ( #1703, #210, #1955 ) ) REPRESENTATION_CONTEXT ( 'NONE', 'WORKASPACE' ) );
#2255 = VECTOR ( 'NONE', #1046, 1000.000000000000000 ) ;
#2256 = ORIENTED_EDGE ( 'NONE', *, *, #1401, .F. ) ;
#2257 = SURFACE_STYLE_FILL_AREA ( #1453 ) ;
#2258 = ORIENTED_EDGE ( 'NONE', *, *, #2582, .F. ) ;
#2259 = VECTOR ( 'NONE', #8, 1000.000000000000100 ) ;
#2260 = DIRECTION ( 'NONE',  ( -0.0000000000000000000, -0.0000000000000000000, 1.000000000000000000 ) ) ;
#2261 = LINE ( 'NONE', #3052, #2223 ) ;
#2262 = EDGE_LOOP ( 'NONE', ( #2416, #1590, #2890, #2636 ) ) ;
#2263 = VERTEX_POINT ( 'NONE', #2952 ) ;
#2264 = VECTOR ( 'NONE', #1776, 1000.000000000000000 ) ;
#2265 = EDGE_CURVE ( 'NONE', #425, #3125, #2206, .T. ) ;
#2266 = CARTESIAN_POINT ( 'NONE',  ( 0.3199999999999999500, -3.000000000000000000, -0.2200000000000000800 ) ) ;
#2267 = VERTEX_POINT ( 'NONE', #218 ) ;
#2268 = UNCERTAINTY_MEASURE_WITH_UNIT (LENGTH_MEASURE( 1.000000000000000100E-005 ), #864, 'distance_accuracy_value', 'NONE');
#2269 = MECHANICAL_DESIGN_GEOMETRIC_PRESENTATION_REPRESENTATION (  '', ( #1767 ), #2429 ) ;
#2270 = ADVANCED_FACE ( 'NONE', ( #968 ), #2715, .F. ) ;
#2271 = EDGE_CURVE ( 'NONE', #1673, #2410, #640, .T. ) ;
#2272 = CARTESIAN_POINT ( 'NONE',  ( 1.269999999999999400, 0.0000000000000000000, 1.669999999999999900 ) ) ;
#2273 = CARTESIAN_POINT ( 'NONE',  ( -0.8699999999999987700, 0.0000000000000000000, 6.349999999999999600 ) ) ;
#2274 = MECHANICAL_DESIGN_GEOMETRIC_PRESENTATION_REPRESENTATION (  '', ( #1926 ), #2436 ) ;
#2275 = PLANE ( 'NONE',  #1162 ) ;
#2276 = EDGE_CURVE ( 'NONE', #3258, #2446, #1328, .T. ) ;
#2277 = DIRECTION ( 'NONE',  ( 0.0000000000000000000, 0.0000000000000000000, 1.000000000000000000 ) ) ;
#2278 = PRESENTATION_STYLE_ASSIGNMENT (( #712 ) ) ;
#2279 = DIRECTION ( 'NONE',  ( 1.000000000000000000, 0.0000000000000000000, -0.0000000000000000000 ) ) ;
#2280 = COLOUR_RGB ( '',1.000000000000000000, 1.000000000000000000, 1.000000000000000000 ) ;
#2281 = AXIS2_PLACEMENT_3D ( 'NONE', #1818, #332, #2064 ) ;
#2282 = SURFACE_STYLE_FILL_AREA ( #471 ) ;
#2283 = STYLED_ITEM ( 'NONE', ( #2391 ), #2723 ) ;
#2284 = UNCERTAINTY_MEASURE_WITH_UNIT (LENGTH_MEASURE( 1.000000000000000100E-005 ), #2674, 'distance_accuracy_value', 'NONE');
#2285 = CARTESIAN_POINT ( 'NONE',  ( 0.2200000000000006700, 0.2999999999999999300, 2.860000000000000300 ) ) ;
#2286 = CARTESIAN_POINT ( 'NONE',  ( 0.2200000000000000300, -3.000000000000000000, 0.3199999999999999500 ) ) ;
#2287 = VECTOR ( 'NONE', #988, 1000.000000000000000 ) ;
#2288 =( NAMED_UNIT ( * ) PLANE_ANGLE_UNIT ( ) SI_UNIT ( $, .RADIAN. ) );
#2289 = LINE ( 'NONE', #2624, #2954 ) ;
#2290 = ORIENTED_EDGE ( 'NONE', *, *, #1075, .T. ) ;
#2291 = LINE ( 'NONE', #1198, #2298 ) ;
#2292 = ORIENTED_EDGE ( 'NONE', *, *, #918, .F. ) ;
#2293 = COLOUR_RGB ( '',1.000000000000000000, 1.000000000000000000, 1.000000000000000000 ) ;
#2294 = LINE ( 'NONE', #1083, #2255 ) ;
#2295 = EDGE_CURVE ( 'NONE', #3172, #2126, #1972, .T. ) ;
#2296 = EDGE_LOOP ( 'NONE', ( #590, #2729, #350, #1141, #3176, #1054, #25, #3007 ) ) ;
#2297 = SURFACE_SIDE_STYLE ('',( #578 ) ) ;
#2298 = VECTOR ( 'NONE', #1076, 1000.000000000000000 ) ;
#2299 = ORIENTED_EDGE ( 'NONE', *, *, #2593, .T. ) ;
#2300 = VERTEX_POINT ( 'NONE', #3257 ) ;
#2301 = LINE ( 'NONE', #950, #2207 ) ;
#2302 = ORIENTED_EDGE ( 'NONE', *, *, #3158, .F. ) ;
#2303 =( LENGTH_UNIT ( ) NAMED_UNIT ( * ) SI_UNIT ( .MILLI., .METRE. ) );
#2304 = SURFACE_SIDE_STYLE ('',( #71 ) ) ;
#2305 = EDGE_CURVE ( 'NONE', #913, #2495, #3161, .T. ) ;
#2306 = LINE ( 'NONE', #2790, #992 ) ;
#2307 = SURFACE_SIDE_STYLE ('',( #348 ) ) ;
#2308 = DIRECTION ( 'NONE',  ( 0.7071067811865474600, -0.0000000000000000000, -0.7071067811865474600 ) ) ;
#2309 = PRESENTATION_LAYER_ASSIGNMENT (  '', '', ( #1973 ) ) ;
#2310 = SURFACE_STYLE_USAGE ( .BOTH. , #566 ) ;
#2311 = FACE_OUTER_BOUND ( 'NONE', #2862, .T. ) ;
#2312 = SURFACE_STYLE_FILL_AREA ( #2105 ) ;
#2313 =( NAMED_UNIT ( * ) PLANE_ANGLE_UNIT ( ) SI_UNIT ( $, .RADIAN. ) );
#2314 = CARTESIAN_POINT ( 'NONE',  ( 0.3200000000000012300, -3.000000000000000000, 4.860000000000000300 ) ) ;
#2315 = MECHANICAL_DESIGN_GEOMETRIC_PRESENTATION_REPRESENTATION (  '', ( #1809 ), #2486 ) ;
#2316 =( GEOMETRIC_REPRESENTATION_CONTEXT ( 3 ) GLOBAL_UNCERTAINTY_ASSIGNED_CONTEXT ( ( #1459 ) ) GLOBAL_UNIT_ASSIGNED_CONTEXT ( ( #2955, #1469, #3228 ) ) REPRESENTATION_CONTEXT ( 'NONE', 'WORKASPACE' ) );
#2317 = EDGE_CURVE ( 'NONE', #467, #2495, #3249, .T. ) ;
#2318 = PRESENTATION_STYLE_ASSIGNMENT (( #115 ) ) ;
#2319 = PLANE ( 'NONE',  #2208 ) ;
#2320 = SURFACE_STYLE_FILL_AREA ( #2938 ) ;
#2321 = CARTESIAN_POINT ( 'NONE',  ( -0.2200000000000000800, -3.000000000000000000, -0.3200000000000000600 ) ) ;
#2322 = ORIENTED_EDGE ( 'NONE', *, *, #440, .F. ) ;
#2323 = COLOUR_RGB ( '',1.000000000000000000, 1.000000000000000000, 1.000000000000000000 ) ;
#2324 = CARTESIAN_POINT ( 'NONE',  ( -0.3199999999999993400, 8.339999999999999900, 2.760000000000000200 ) ) ;
#2325 = PRESENTATION_LAYER_ASSIGNMENT (  '', '', ( #1997 ) ) ;
#2326 = LINE ( 'NONE', #2089, #1657 ) ;
#2327 = PLANE ( 'NONE',  #1 ) ;
#2328 = EDGE_LOOP ( 'NONE', ( #2210, #2818, #2452, #2576 ) ) ;
#2329 = ORIENTED_EDGE ( 'NONE', *, *, #1540, .T. ) ;
#2330 = STYLED_ITEM ( 'NONE', ( #1392 ), #2990 ) ;
#2331 = DIRECTION ( 'NONE',  ( 0.0000000000000000000, -0.0000000000000000000, -1.000000000000000000 ) ) ;
#2332 = EDGE_CURVE ( 'NONE', #273, #2971, #570, .T. ) ;
#2333 = ORIENTED_EDGE ( 'NONE', *, *, #1606, .T. ) ;
#2334 = ORIENTED_EDGE ( 'NONE', *, *, #1918, .F. ) ;
#2335 = LINE ( 'NONE', #2272, #2858 ) ;
#2336 = CARTESIAN_POINT ( 'NONE',  ( -1.270000000000000500, 1.700000000000000000, -0.8700000000000003300 ) ) ;
#2337 = VERTEX_POINT ( 'NONE', #1508 ) ;
#2338 = CLOSED_SHELL ( 'NONE', ( #3239, #2449, #2471, #1690, #237, #3196, #1953, #723, #3012, #2216, #449, #178, #1712, #1021, #3224, #1740, #947, #481, #512, #2270, #216, #247, #204, #1991, #1435, #985, #3254, #1761, #1725, #2980, #1190, #741, #1213, #2246, #1236, #1968, #2005, #2745, #1494, #2714, #2944, #1285, #2503, #11, #2426, #470, #274, #1249, #1934, #500, #707, #2764, #2733, #2479, #2515, #1505, #2235, #1473, #1462, #1042, #3274, #2184 ) ) ;
#2339 = LINE ( 'NONE', #523, #2264 ) ;
#2340 = CARTESIAN_POINT ( 'NONE',  ( -0.3199999999999994500, 8.339999999999999900, 2.319999999999999800 ) ) ;
#2341 = STYLED_ITEM ( 'NONE', ( #588 ), #481 ) ;
#2342 = FACE_OUTER_BOUND ( 'NONE', #1246, .T. ) ;
#2343 = UNCERTAINTY_MEASURE_WITH_UNIT (LENGTH_MEASURE( 1.000000000000000100E-005 ), #1340, 'distance_accuracy_value', 'NONE');
#2344 =( NAMED_UNIT ( * ) SI_UNIT ( $, .STERADIAN. ) SOLID_ANGLE_UNIT ( ) );
#2345 = DIRECTION ( 'NONE',  ( 2.464095846557964400E-016, 0.0000000000000000000, 1.000000000000000000 ) ) ;
#2346 = CARTESIAN_POINT ( 'NONE',  ( -0.2199999999999988100, -3.000000000000000000, 4.760000000000000700 ) ) ;
#2347 =( GEOMETRIC_REPRESENTATION_CONTEXT ( 3 ) GLOBAL_UNCERTAINTY_ASSIGNED_CONTEXT ( ( #1119 ) ) GLOBAL_UNIT_ASSIGNED_CONTEXT ( ( #1729, #232, #1977 ) ) REPRESENTATION_CONTEXT ( 'NONE', 'WORKASPACE' ) );
#2348 = LINE ( 'NONE', #853, #2384 ) ;
#2349 =( LENGTH_UNIT ( ) NAMED_UNIT ( * ) SI_UNIT ( .MILLI., .METRE. ) );
#2350 =( LENGTH_UNIT ( ) NAMED_UNIT ( * ) SI_UNIT ( .MILLI., .METRE. ) );
#2351 = FILL_AREA_STYLE ('',( #3107 ) ) ;
#2352 = SURFACE_STYLE_USAGE ( .BOTH. , #613 ) ;
#2353 = DIRECTION ( 'NONE',  ( 0.7071067811865474600, 0.0000000000000000000, 0.7071067811865474600 ) ) ;
#2354 = LINE ( 'NONE', #1964, #368 ) ;
#2355 = FACE_OUTER_BOUND ( 'NONE', #2084, .T. ) ;
#2356 = UNCERTAINTY_MEASURE_WITH_UNIT (LENGTH_MEASURE( 1.000000000000000100E-005 ), #2556, 'distance_accuracy_value', 'NONE');
#2357 = CARTESIAN_POINT ( 'NONE',  ( 1.269999999999999400, 0.0000000000000000000, 1.669999999999999900 ) ) ;
#2358 =( NAMED_UNIT ( * ) SI_UNIT ( $, .STERADIAN. ) SOLID_ANGLE_UNIT ( ) );
#2359 = EDGE_LOOP ( 'NONE', ( #2058, #1484, #720, #697 ) ) ;
#2360 = CARTESIAN_POINT ( 'NONE',  ( -1.270000000000000000, 1.700000000000000000, 0.8699999999999998800 ) ) ;
#2361 = PRESENTATION_STYLE_ASSIGNMENT (( #462 ) ) ;
#2362 = EDGE_LOOP ( 'NONE', ( #2924, #308, #2173, #917 ) ) ;
#2363 = PLANE ( 'NONE',  #1060 ) ;
#2364 = LINE ( 'NONE', #2628, #1707 ) ;
#2365 = EDGE_CURVE ( 'NONE', #1721, #2573, #2399, .T. ) ;
#2366 = DIRECTION ( 'NONE',  ( 0.7071067811865474600, 0.0000000000000000000, -0.7071067811865474600 ) ) ;
#2367 = AXIS2_PLACEMENT_3D ( 'NONE', #1243, #2984, #1491 ) ;
#2368 = PRESENTATION_STYLE_ASSIGNMENT (( #2310 ) ) ;
#2369 = ORIENTED_EDGE ( 'NONE', *, *, #721, .F. ) ;
#2370 = ORIENTED_EDGE ( 'NONE', *, *, #2439, .F. ) ;
#2371 = AXIS2_PLACEMENT_3D ( 'NONE', #1150, #2902, #1400 ) ;
#2372 = CARTESIAN_POINT ( 'NONE',  ( -0.2199999999999999700, -3.000000000000000000, 0.3199999999999999500 ) ) ;
#2373 = CARTESIAN_POINT ( 'NONE',  ( 1.269999999999999400, 1.700000000000000000, 1.669999999999999900 ) ) ;
#2374 = UNCERTAINTY_MEASURE_WITH_UNIT (LENGTH_MEASURE( 1.000000000000000100E-005 ), #1866, 'distance_accuracy_value', 'NONE');
#2375 = EDGE_LOOP ( 'NONE', ( #1597, #1479, #612, #2119 ) ) ;
#2376 = CARTESIAN_POINT ( 'NONE',  ( 0.2200000000000012500, -3.000000000000000000, 4.760000000000000700 ) ) ;
#2377 = PRESENTATION_LAYER_ASSIGNMENT (  '', '', ( #2042 ) ) ;
#2378 = MECHANICAL_DESIGN_GEOMETRIC_PRESENTATION_REPRESENTATION (  '', ( #1869 ), #2552 ) ;
#2379 = FILL_AREA_STYLE_COLOUR ( '', #1842 ) ;
#2380 = CARTESIAN_POINT ( 'NONE',  ( 0.2200000000000012500, 8.339999999999999900, 4.760000000000000700 ) ) ;
#2381 =( NAMED_UNIT ( * ) PLANE_ANGLE_UNIT ( ) SI_UNIT ( $, .RADIAN. ) );
#2382 = AXIS2_PLACEMENT_3D ( 'NONE', #764, #2516, #1038 ) ;
#2383 = PLANE ( 'NONE',  #1920 ) ;
#2384 = VECTOR ( 'NONE', #1608, 1000.000000000000000 ) ;
#2385 = DIRECTION ( 'NONE',  ( 0.7071067811865474600, 0.0000000000000000000, 0.7071067811865474600 ) ) ;
#2386 = CARTESIAN_POINT ( 'NONE',  ( 0.0000000000000000000, 8.339999999999999900, 0.0000000000000000000 ) ) ;
#2387 = VECTOR ( 'NONE', #2085, 1000.000000000000100 ) ;
#2388 = PLANE ( 'NONE',  #816 ) ;
#2389 = AXIS2_PLACEMENT_3D ( 'NONE', #1731, #238, #1988 ) ;
#2390 = DIRECTION ( 'NONE',  ( -0.7071067811865474600, 0.0000000000000000000, -0.7071067811865474600 ) ) ;
#2391 = PRESENTATION_STYLE_ASSIGNMENT (( #2427 ) ) ;
#2392 = SURFACE_SIDE_STYLE ('',( #2519 ) ) ;
#2393 =( NAMED_UNIT ( * ) SI_UNIT ( $, .STERADIAN. ) SOLID_ANGLE_UNIT ( ) );
#2394 =( NAMED_UNIT ( * ) SI_UNIT ( $, .STERADIAN. ) SOLID_ANGLE_UNIT ( ) );
#2395 = VECTOR ( 'NONE', #932, 1000.000000000000000 ) ;
#2396 = DIRECTION ( 'NONE',  ( 0.0000000000000000000, 0.0000000000000000000, -1.000000000000000000 ) ) ;
#2397 =( LENGTH_UNIT ( ) NAMED_UNIT ( * ) SI_UNIT ( .MILLI., .METRE. ) );
#2398 = VERTEX_POINT ( 'NONE', #2000 ) ;
#2399 = LINE ( 'NONE', #2746, #1737 ) ;
#2400 = UNCERTAINTY_MEASURE_WITH_UNIT (LENGTH_MEASURE( 1.000000000000000100E-005 ), #2549, 'distance_accuracy_value', 'NONE');
#2401 = LINE ( 'NONE', #1610, #915 ) ;
#2402 = DIRECTION ( 'NONE',  ( 0.7071067811865475700, 0.0000000000000000000, -0.7071067811865475700 ) ) ;
#2403 = LINE ( 'NONE', #480, #1762 ) ;
#2404 = ORIENTED_EDGE ( 'NONE', *, *, #3173, .F. ) ;
#2405 = SURFACE_STYLE_FILL_AREA ( #436 ) ;
#2406 = EDGE_CURVE ( 'NONE', #1216, #913, #1813, .T. ) ;
#2407 = ORIENTED_EDGE ( 'NONE', *, *, #2793, .T. ) ;
#2408 = PRESENTATION_STYLE_ASSIGNMENT (( #1831 ) ) ;
#2409 = SURFACE_STYLE_USAGE ( .BOTH. , #665 ) ;
#2410 = VERTEX_POINT ( 'NONE', #248 ) ;
#2411 = ORIENTED_EDGE ( 'NONE', *, *, #1107, .F. ) ;
#2412 = CARTESIAN_POINT ( 'NONE',  ( -0.3200000000000000600, -3.000000000000000000, -0.2200000000000000800 ) ) ;
#2413 = FILL_AREA_STYLE ('',( #2904 ) ) ;
#2414 = PRESENTATION_LAYER_ASSIGNMENT (  '', '', ( #2067 ) ) ;
#2415 = ORIENTED_EDGE ( 'NONE', *, *, #427, .T. ) ;
#2416 = ORIENTED_EDGE ( 'NONE', *, *, #2431, .T. ) ;
#2417 = DIRECTION ( 'NONE',  ( -0.0000000000000000000, -1.000000000000000000, -0.0000000000000000000 ) ) ;
#2418 = EDGE_CURVE ( 'NONE', #2267, #625, #3070, .T. ) ;
#2419 = VECTOR ( 'NONE', #3024, 1000.000000000000100 ) ;
#2420 = UNCERTAINTY_MEASURE_WITH_UNIT (LENGTH_MEASURE( 1.000000000000000100E-005 ), #1576, 'distance_accuracy_value', 'NONE');
#2421 = DIRECTION ( 'NONE',  ( -0.7071067811865474600, 0.0000000000000000000, -0.7071067811865474600 ) ) ;
#2422 = SURFACE_SIDE_STYLE ('',( #610 ) ) ;
#2423 =( LENGTH_UNIT ( ) NAMED_UNIT ( * ) SI_UNIT ( .MILLI., .METRE. ) );
#2424 = CARTESIAN_POINT ( 'NONE',  ( -0.2199999999999988100, -3.000000000000000000, 4.760000000000000700 ) ) ;
#2425 =( NAMED_UNIT ( * ) SI_UNIT ( $, .STERADIAN. ) SOLID_ANGLE_UNIT ( ) );
#2426 = ADVANCED_FACE ( 'NONE', ( #1656 ), #2757, .T. ) ;
#2427 = SURFACE_STYLE_USAGE ( .BOTH. , #676 ) ;
#2428 = PRESENTATION_STYLE_ASSIGNMENT (( #2352 ) ) ;
#2429 =( GEOMETRIC_REPRESENTATION_CONTEXT ( 3 ) GLOBAL_UNCERTAINTY_ASSIGNED_CONTEXT ( ( #2871 ) ) GLOBAL_UNIT_ASSIGNED_CONTEXT ( ( #908, #2665, #1176 ) ) REPRESENTATION_CONTEXT ( 'NONE', 'WORKASPACE' ) );
#2430 = SURFACE_SIDE_STYLE ('',( #1056 ) ) ;
#2431 = EDGE_CURVE ( 'NONE', #1947, #1374, #1431, .T. ) ;
#2432 = PLANE ( 'NONE',  #2626 ) ;
#2433 = FILL_AREA_STYLE ('',( #2190 ) ) ;
#2434 = DIRECTION ( 'NONE',  ( 0.0000000000000000000, 0.0000000000000000000, 1.000000000000000000 ) ) ;
#2435 = PRESENTATION_STYLE_ASSIGNMENT (( #900 ) ) ;
#2436 =( GEOMETRIC_REPRESENTATION_CONTEXT ( 3 ) GLOBAL_UNCERTAINTY_ASSIGNED_CONTEXT ( ( #301 ) ) GLOBAL_UNIT_ASSIGNED_CONTEXT ( ( #2350, #862, #2604 ) ) REPRESENTATION_CONTEXT ( 'NONE', 'WORKASPACE' ) );
#2437 = SURFACE_STYLE_USAGE ( .BOTH. , #683 ) ;
#2438 = CARTESIAN_POINT ( 'NONE',  ( -0.8700000000000001100, 1.700000000000000000, 1.269999999999999800 ) ) ;
#2439 = EDGE_CURVE ( 'NONE', #3008, #576, #2077, .T. ) ;
#2440 = FILL_AREA_STYLE ('',( #401 ) ) ;
#2441 = SURFACE_STYLE_FILL_AREA ( #2802 ) ;
#2442 = VECTOR ( 'NONE', #122, 1000.000000000000100 ) ;
#2443 = DIRECTION ( 'NONE',  ( 0.7071067811865474600, -0.0000000000000000000, -0.7071067811865474600 ) ) ;
#2444 = PRESENTATION_LAYER_ASSIGNMENT (  '', '', ( #2106 ) ) ;
#2445 = PRESENTATION_LAYER_ASSIGNMENT (  '', '', ( #2283 ) ) ;
#2446 = VERTEX_POINT ( 'NONE', #1287 ) ;
#2447 = DIRECTION ( 'NONE',  ( 0.0000000000000000000, 0.0000000000000000000, 1.000000000000000000 ) ) ;
#2448 = UNCERTAINTY_MEASURE_WITH_UNIT (LENGTH_MEASURE( 1.000000000000000100E-005 ), #540, 'distance_accuracy_value', 'NONE');
#2449 = ADVANCED_FACE ( 'NONE', ( #164 ), #1772, .F. ) ;
#2450 = PLANE ( 'NONE',  #2765 ) ;
#2451 = CARTESIAN_POINT ( 'NONE',  ( 0.7500000000000000000, 0.2999999999999999900, -1.270000000000000500 ) ) ;
#2452 = ORIENTED_EDGE ( 'NONE', *, *, #2238, .F. ) ;
#2453 = LINE ( 'NONE', #1149, #2963 ) ;
#2454 = FILL_AREA_STYLE ('',( #2203 ) ) ;
#2455 =( NAMED_UNIT ( * ) PLANE_ANGLE_UNIT ( ) SI_UNIT ( $, .RADIAN. ) );
#2456 = PRESENTATION_STYLE_ASSIGNMENT (( #3061 ) ) ;
#2457 = COLOUR_RGB ( '',1.000000000000000000, 1.000000000000000000, 1.000000000000000000 ) ;
#2458 = ORIENTED_EDGE ( 'NONE', *, *, #742, .T. ) ;
#2459 = CARTESIAN_POINT ( 'NONE',  ( 0.2200000000000012500, -3.000000000000000000, 4.760000000000000700 ) ) ;
#2460 = ORIENTED_EDGE ( 'NONE', *, *, #593, .T. ) ;
#2461 = SURFACE_STYLE_FILL_AREA ( #3063 ) ;
#2462 =( NAMED_UNIT ( * ) SI_UNIT ( $, .STERADIAN. ) SOLID_ANGLE_UNIT ( ) );
#2463 = VECTOR ( 'NONE', #3227, 1000.000000000000100 ) ;
#2464 = ORIENTED_EDGE ( 'NONE', *, *, #2756, .T. ) ;
#2465 = STYLED_ITEM ( 'NONE', ( #2361 ), #1213 ) ;
#2466 = DIRECTION ( 'NONE',  ( 0.7071067811865475700, 0.0000000000000000000, -0.7071067811865475700 ) ) ;
#2467 =( NAMED_UNIT ( * ) SI_UNIT ( $, .STERADIAN. ) SOLID_ANGLE_UNIT ( ) );
#2468 = PLANE ( 'NONE',  #1836 ) ;
#2469 = CARTESIAN_POINT ( 'NONE',  ( 0.2200000000000013100, -3.000000000000000000, 5.400000000000000400 ) ) ;
#2470 = EDGE_CURVE ( 'NONE', #1445, #682, #2012, .T. ) ;
#2471 = ADVANCED_FACE ( 'NONE', ( #452 ), #2275, .F. ) ;
#2472 =( LENGTH_UNIT ( ) NAMED_UNIT ( * ) SI_UNIT ( .MILLI., .METRE. ) );
#2473 = SURFACE_SIDE_STYLE ('',( #1621 ) ) ;
#2474 = VECTOR ( 'NONE', #2345, 1000.000000000000000 ) ;
#2475 = EDGE_CURVE ( 'NONE', #1032, #3078, #258, .T. ) ;
#2476 =( NAMED_UNIT ( * ) PLANE_ANGLE_UNIT ( ) SI_UNIT ( $, .RADIAN. ) );
#2477 = FILL_AREA_STYLE ('',( #3232 ) ) ;
#2478 = MECHANICAL_DESIGN_GEOMETRIC_PRESENTATION_REPRESENTATION (  '', ( #1973 ), #2643 ) ;
#2479 = ADVANCED_FACE ( 'NONE', ( #2163 ), #587, .F. ) ;
#2480 = CARTESIAN_POINT ( 'NONE',  ( -0.3199999999999994500, -3.000000000000000000, 2.319999999999999800 ) ) ;
#2481 = CARTESIAN_POINT ( 'NONE',  ( -0.3200000000000000600, 8.339999999999999900, -0.2200000000000000800 ) ) ;
#2482 = DIRECTION ( 'NONE',  ( 0.7071067811865474600, 0.0000000000000000000, -0.7071067811865474600 ) ) ;
#2483 =( LENGTH_UNIT ( ) NAMED_UNIT ( * ) SI_UNIT ( .MILLI., .METRE. ) );
#2484 = VERTEX_POINT ( 'NONE', #331 ) ;
#2485 = VECTOR ( 'NONE', #493, 1000.000000000000100 ) ;
#2486 =( GEOMETRIC_REPRESENTATION_CONTEXT ( 3 ) GLOBAL_UNCERTAINTY_ASSIGNED_CONTEXT ( ( #86 ) ) GLOBAL_UNIT_ASSIGNED_CONTEXT ( ( #153, #1904, #422 ) ) REPRESENTATION_CONTEXT ( 'NONE', 'WORKASPACE' ) );
#2487 = VECTOR ( 'NONE', #946, 1000.000000000000000 ) ;
#2488 = EDGE_CURVE ( 'NONE', #3041, #2224, #2596, .T. ) ;
#2489 = LINE ( 'NONE', #3193, #2463 ) ;
#2490 = CARTESIAN_POINT ( 'NONE',  ( 1.270000000000000500, 1.700000000000000000, 5.949999999999999300 ) ) ;
#2491 = ORIENTED_EDGE ( 'NONE', *, *, #1811, .F. ) ;
#2492 = VECTOR ( 'NONE', #2583, 1000.000000000000000 ) ;
#2493 = DIRECTION ( 'NONE',  ( 0.0000000000000000000, 1.000000000000000000, 0.0000000000000000000 ) ) ;
#2494 = SURFACE_STYLE_FILL_AREA ( #3040 ) ;
#2495 = VERTEX_POINT ( 'NONE', #1108 ) ;
#2496 = ORIENTED_EDGE ( 'NONE', *, *, #2365, .T. ) ;
#2497 = DIRECTION ( 'NONE',  ( -0.7071067811865475700, 0.0000000000000000000, 0.7071067811865475700 ) ) ;
#2498 = FILL_AREA_STYLE ('',( #235 ) ) ;
#2499 = FACE_OUTER_BOUND ( 'NONE', #2359, .T. ) ;
#2500 = ORIENTED_EDGE ( 'NONE', *, *, #2332, .F. ) ;
#2501 = MECHANICAL_DESIGN_GEOMETRIC_PRESENTATION_REPRESENTATION (  '', ( #1997 ), #2664 ) ;
#2502 = VERTEX_POINT ( 'NONE', #1356 ) ;
#2503 = ADVANCED_FACE ( 'NONE', ( #1932 ), #834, .T. ) ;
#2504 = VERTEX_POINT ( 'NONE', #2590 ) ;
#2505 = CARTESIAN_POINT ( 'NONE',  ( 0.2199999999999999700, -3.000000000000000000, -0.3200000000000000600 ) ) ;
#2506 = AXIS2_PLACEMENT_3D ( 'NONE', #2912, #1416, #3175 ) ;
#2507 = DIRECTION ( 'NONE',  ( -0.0000000000000000000, -1.000000000000000000, -0.0000000000000000000 ) ) ;
#2508 = EDGE_CURVE ( 'NONE', #2727, #1895, #335, .T. ) ;
#2509 = CARTESIAN_POINT ( 'NONE',  ( 0.3200000000000012300, -3.000000000000000000, 4.860000000000000300 ) ) ;
#2510 = UNCERTAINTY_MEASURE_WITH_UNIT (LENGTH_MEASURE( 1.000000000000000100E-005 ), #684, 'distance_accuracy_value', 'NONE');
#2511 = AXIS2_PLACEMENT_3D ( 'NONE', #1055, #2803, #1319 ) ;
#2512 = VECTOR ( 'NONE', #90, 1000.000000000000000 ) ;
#2513 = SURFACE_SIDE_STYLE ('',( #2543 ) ) ;
#2514 = LINE ( 'NONE', #3100, #2512 ) ;
#2515 = ADVANCED_FACE ( 'NONE', ( #1014 ), #1840, .T. ) ;
#2516 = DIRECTION ( 'NONE',  ( 0.0000000000000000000, -1.000000000000000000, 0.0000000000000000000 ) ) ;
#2517 = DIRECTION ( 'NONE',  ( 0.0000000000000000000, 1.000000000000000000, 0.0000000000000000000 ) ) ;
#2518 = CARTESIAN_POINT ( 'NONE',  ( 0.3199999999999999500, 8.339999999999999900, -0.2200000000000000800 ) ) ;
#2519 = SURFACE_STYLE_FILL_AREA ( #644 ) ;
#2520 = UNCERTAINTY_MEASURE_WITH_UNIT (LENGTH_MEASURE( 1.000000000000000100E-005 ), #1546, 'distance_accuracy_value', 'NONE');
#2521 = DIRECTION ( 'NONE',  ( -0.7071067811865474600, 0.0000000000000000000, 0.7071067811865474600 ) ) ;
#2522 = DIRECTION ( 'NONE',  ( -0.0000000000000000000, -1.000000000000000000, -0.0000000000000000000 ) ) ;
#2523 = LINE ( 'NONE', #3151, #1363 ) ;
#2524 = LINE ( 'NONE', #1145, #605 ) ;
#2525 = SURFACE_STYLE_USAGE ( .BOTH. , #783 ) ;
#2526 = ORIENTED_EDGE ( 'NONE', *, *, #1908, .F. ) ;
#2527 = SURFACE_STYLE_FILL_AREA ( #2433 ) ;
#2528 = CARTESIAN_POINT ( 'NONE',  ( 0.2200000000000006100, -3.000000000000000000, 2.220000000000000200 ) ) ;
#2529 = DIRECTION ( 'NONE',  ( -2.492418787322999200E-016, -0.0000000000000000000, -1.000000000000000000 ) ) ;
#2530 = ORIENTED_EDGE ( 'NONE', *, *, #3118, .T. ) ;
#2531 = ORIENTED_EDGE ( 'NONE', *, *, #1764, .F. ) ;
#2532 = VECTOR ( 'NONE', #2619, 1000.000000000000000 ) ;
#2533 = ORIENTED_EDGE ( 'NONE', *, *, #1401, .T. ) ;
#2534 = CARTESIAN_POINT ( 'NONE',  ( 0.2200000000000006700, -3.000000000000000000, 2.860000000000000300 ) ) ;
#2535 = ORIENTED_EDGE ( 'NONE', *, *, #2786, .F. ) ;
#2536 = ORIENTED_EDGE ( 'NONE', *, *, #1591, .T. ) ;
#2537 = ORIENTED_EDGE ( 'NONE', *, *, #362, .T. ) ;
#2538 = FILL_AREA_STYLE_COLOUR ( '', #1123 ) ;
#2539 = ORIENTED_EDGE ( 'NONE', *, *, #817, .T. ) ;
#2540 = VERTEX_POINT ( 'NONE', #2360 ) ;
#2541 = DIRECTION ( 'NONE',  ( -0.7071067811865474600, -0.0000000000000000000, 0.7071067811865474600 ) ) ;
#2542 = EDGE_CURVE ( 'NONE', #1883, #2504, #2681, .T. ) ;
#2543 = SURFACE_STYLE_FILL_AREA ( #760 ) ;
#2544 = DIRECTION ( 'NONE',  ( 1.000000000000000000, 0.0000000000000000000, 0.0000000000000000000 ) ) ;
#2545 = PRESENTATION_LAYER_ASSIGNMENT (  '', '', ( #2200 ) ) ;
#2546 = CARTESIAN_POINT ( 'NONE',  ( -0.3200000000000000100, 1.700000000000000000, 7.885106708985486600E-017 ) ) ;
#2547 = PRESENTATION_LAYER_ASSIGNMENT (  '', '', ( #2202 ) ) ;
#2548 = FACE_OUTER_BOUND ( 'NONE', #1067, .T. ) ;
#2549 =( LENGTH_UNIT ( ) NAMED_UNIT ( * ) SI_UNIT ( .MILLI., .METRE. ) );
#2550 = SURFACE_STYLE_USAGE ( .BOTH. , #800 ) ;
#2551 = MECHANICAL_DESIGN_GEOMETRIC_PRESENTATION_REPRESENTATION (  '', ( #2042 ), #2720 ) ;
#2552 =( GEOMETRIC_REPRESENTATION_CONTEXT ( 3 ) GLOBAL_UNCERTAINTY_ASSIGNED_CONTEXT ( ( #1851 ) ) GLOBAL_UNIT_ASSIGNED_CONTEXT ( ( #2144, #649, #2394 ) ) REPRESENTATION_CONTEXT ( 'NONE', 'WORKASPACE' ) );
#2553 =( NAMED_UNIT ( * ) SI_UNIT ( $, .STERADIAN. ) SOLID_ANGLE_UNIT ( ) );
#2554 =( LENGTH_UNIT ( ) NAMED_UNIT ( * ) SI_UNIT ( .MILLI., .METRE. ) );
#2555 = FACE_OUTER_BOUND ( 'NONE', #678, .T. ) ;
#2556 =( LENGTH_UNIT ( ) NAMED_UNIT ( * ) SI_UNIT ( .MILLI., .METRE. ) );
#2557 = PRESENTATION_LAYER_ASSIGNMENT (  '', '', ( #2225 ) ) ;
#2558 = DIRECTION ( 'NONE',  ( 0.0000000000000000000, 1.000000000000000000, 0.0000000000000000000 ) ) ;
#2559 = VECTOR ( 'NONE', #1250, 1000.000000000000000 ) ;
#2560 = STYLED_ITEM ( 'NONE', ( #255 ), #2944 ) ;
#2561 = PRESENTATION_LAYER_ASSIGNMENT (  '', '', ( #2229 ) ) ;
#2562 =( NAMED_UNIT ( * ) PLANE_ANGLE_UNIT ( ) SI_UNIT ( $, .RADIAN. ) );
#2563 = ORIENTED_EDGE ( 'NONE', *, *, #639, .F. ) ;
#2564 = COLOUR_RGB ( '',1.000000000000000000, 1.000000000000000000, 1.000000000000000000 ) ;
#2565 = EDGE_LOOP ( 'NONE', ( #88, #2687, #463, #1031, #3141, #1603, #2730, #3011 ) ) ;
#2566 = FILL_AREA_STYLE ('',( #573 ) ) ;
#2567 = DIRECTION ( 'NONE',  ( 0.0000000000000000000, 1.000000000000000000, 0.0000000000000000000 ) ) ;
#2568 = VERTEX_POINT ( 'NONE', #369 ) ;
#2569 = ORIENTED_EDGE ( 'NONE', *, *, #233, .T. ) ;
#2570 = ORIENTED_EDGE ( 'NONE', *, *, #792, .F. ) ;
#2571 = LINE ( 'NONE', #2340, #652 ) ;
#2572 = ORIENTED_EDGE ( 'NONE', *, *, #128, .F. ) ;
#2573 = VERTEX_POINT ( 'NONE', #611 ) ;
#2574 = ORIENTED_EDGE ( 'NONE', *, *, #1102, .T. ) ;
#2575 = FILL_AREA_STYLE_COLOUR ( '', #1403 ) ;
#2576 = ORIENTED_EDGE ( 'NONE', *, *, #1959, .T. ) ;
#2577 = CARTESIAN_POINT ( 'NONE',  ( 0.0000000000000000000, 1.700000000000000000, 5.400000000000000400 ) ) ;
#2578 = EDGE_CURVE ( 'NONE', #1086, #2094, #2013, .T. ) ;
#2579 = STYLED_ITEM ( 'NONE', ( #1209 ), #274 ) ;
#2580 = CARTESIAN_POINT ( 'NONE',  ( -0.2199999999999994700, -3.000000000000000000, 2.220000000000000200 ) ) ;
#2581 = MECHANICAL_DESIGN_GEOMETRIC_PRESENTATION_REPRESENTATION (  '', ( #2067 ), #2755 ) ;
#2582 = EDGE_CURVE ( 'NONE', #1134, #3166, #2591, .T. ) ;
#2583 = DIRECTION ( 'NONE',  ( 1.000000000000000000, 0.0000000000000000000, 0.0000000000000000000 ) ) ;
#2584 = LINE ( 'NONE', #2592, #2474 ) ;
#2585 = COLOUR_RGB ( '',1.000000000000000000, 1.000000000000000000, 1.000000000000000000 ) ;
#2586 = CARTESIAN_POINT ( 'NONE',  ( 0.2199999999999999700, 8.339999999999999900, -0.3200000000000000600 ) ) ;
#2587 = STYLED_ITEM ( 'NONE', ( #215 ), #2270 ) ;
#2588 = DIRECTION ( 'NONE',  ( 0.7071067811865475700, 0.0000000000000000000, -0.7071067811865475700 ) ) ;
#2589 = FACE_OUTER_BOUND ( 'NONE', #2262, .T. ) ;
#2590 = CARTESIAN_POINT ( 'NONE',  ( 0.2200000000000013100, 8.339999999999999900, 5.400000000000000400 ) ) ;
#2591 = LINE ( 'NONE', #1623, #1292 ) ;
#2592 = CARTESIAN_POINT ( 'NONE',  ( -0.3199999999999988400, -3.000000000000000000, 4.860000000000000300 ) ) ;
#2593 = EDGE_CURVE ( 'NONE', #182, #2644, #1925, .T. ) ;
#2594 = CARTESIAN_POINT ( 'NONE',  ( -0.2199999999999994700, -3.000000000000000000, 2.220000000000000200 ) ) ;
#2595 = ORIENTED_EDGE ( 'NONE', *, *, #2080, .F. ) ;
#2596 = LINE ( 'NONE', #2577, #1297 ) ;
#2597 = VERTEX_POINT ( 'NONE', #2116 ) ;
#2598 = ORIENTED_EDGE ( 'NONE', *, *, #1412, .T. ) ;
#2599 = UNCERTAINTY_MEASURE_WITH_UNIT (LENGTH_MEASURE( 1.000000000000000100E-005 ), #1640, 'distance_accuracy_value', 'NONE');
#2600 = VECTOR ( 'NONE', #1848, 1000.000000000000000 ) ;
#2601 = LINE ( 'NONE', #1180, #1439 ) ;
#2602 =( NAMED_UNIT ( * ) SI_UNIT ( $, .STERADIAN. ) SOLID_ANGLE_UNIT ( ) );
#2603 = EDGE_CURVE ( 'NONE', #2241, #3075, #1841, .T. ) ;
#2604 =( NAMED_UNIT ( * ) SI_UNIT ( $, .STERADIAN. ) SOLID_ANGLE_UNIT ( ) );
#2605 = ORIENTED_EDGE ( 'NONE', *, *, #1427, .F. ) ;
#2606 = ORIENTED_EDGE ( 'NONE', *, *, #2811, .T. ) ;
#2607 = ORIENTED_EDGE ( 'NONE', *, *, #1049, .F. ) ;
#2608 = SURFACE_STYLE_FILL_AREA ( #310 ) ;
#2609 = SURFACE_STYLE_USAGE ( .BOTH. , #863 ) ;
#2610 = ORIENTED_EDGE ( 'NONE', *, *, #568, .T. ) ;
#2611 =( NAMED_UNIT ( * ) PLANE_ANGLE_UNIT ( ) SI_UNIT ( $, .RADIAN. ) );
#2612 = ORIENTED_EDGE ( 'NONE', *, *, #2115, .T. ) ;
#2613 = VERTEX_POINT ( 'NONE', #2631 ) ;
#2614 = MECHANICAL_DESIGN_GEOMETRIC_PRESENTATION_REPRESENTATION (  '', ( #2106 ), #2797 ) ;
#2615 = MECHANICAL_DESIGN_GEOMETRIC_PRESENTATION_REPRESENTATION (  '', ( #2283 ), #2798 ) ;
#2616 = CARTESIAN_POINT ( 'NONE',  ( 0.2200000000000012500, -3.000000000000000000, 4.760000000000000700 ) ) ;
#2617 = ORIENTED_EDGE ( 'NONE', *, *, #2271, .F. ) ;
#2618 = ORIENTED_EDGE ( 'NONE', *, *, #1208, .F. ) ;
#2619 = DIRECTION ( 'NONE',  ( 2.464095846557964400E-016, 0.0000000000000000000, 1.000000000000000000 ) ) ;
#2620 = CARTESIAN_POINT ( 'NONE',  ( -1.269999999999999400, 1.700000000000000000, 3.409999999999999700 ) ) ;
#2621 = UNCERTAINTY_MEASURE_WITH_UNIT (LENGTH_MEASURE( 1.000000000000000100E-005 ), #2397, 'distance_accuracy_value', 'NONE');
#2622 = CARTESIAN_POINT ( 'NONE',  ( 1.269999999999999100, 1.700000000000000000, 0.8699999999999994400 ) ) ;
#2623 = SURFACE_SIDE_STYLE ('',( #1961 ) ) ;
#2624 = CARTESIAN_POINT ( 'NONE',  ( -0.8699999999999994400, 1.700000000000000000, 3.810000000000000100 ) ) ;
#2625 = COLOUR_RGB ( '',1.000000000000000000, 1.000000000000000000, 1.000000000000000000 ) ;
#2626 = AXIS2_PLACEMENT_3D ( 'NONE', #695, #2447, #955 ) ;
#2627 = FACE_OUTER_BOUND ( 'NONE', #98, .T. ) ;
#2628 = CARTESIAN_POINT ( 'NONE',  ( 1.540000000000000300, 1.700000000000000000, 1.540000000000000300 ) ) ;
#2629 = DIRECTION ( 'NONE',  ( 2.492418787322999200E-016, 0.0000000000000000000, 1.000000000000000000 ) ) ;
#2630 = EDGE_CURVE ( 'NONE', #2502, #2850, #2523, .T. ) ;
#2631 = CARTESIAN_POINT ( 'NONE',  ( 0.3200000000000012300, -3.000000000000000000, 4.860000000000000300 ) ) ;
#2632 = SHAPE_DEFINITION_REPRESENTATION ( #2874, #2723 ) ;
#2633 = CARTESIAN_POINT ( 'NONE',  ( 0.7500000000000000000, 0.0000000000000000000, -1.270000000000000500 ) ) ;
#2634 = LINE ( 'NONE', #423, #716 ) ;
#2635 = EDGE_CURVE ( 'NONE', #2613, #2079, #604, .T. ) ;
#2636 = ORIENTED_EDGE ( 'NONE', *, *, #402, .T. ) ;
#2637 = AXIS2_PLACEMENT_3D ( 'NONE', #46, #751, #730 ) ;
#2638 = PRESENTATION_STYLE_ASSIGNMENT (( #1698 ) ) ;
#2639 = ORIENTED_EDGE ( 'NONE', *, *, #1797, .F. ) ;
#2640 = CARTESIAN_POINT ( 'NONE',  ( 0.8699999999999987700, 1.700000000000000000, -1.270000000000000200 ) ) ;
#2641 = SURFACE_STYLE_FILL_AREA ( #1415 ) ;
#2642 = DIRECTION ( 'NONE',  ( 0.0000000000000000000, -0.0000000000000000000, -1.000000000000000000 ) ) ;
#2643 =( GEOMETRIC_REPRESENTATION_CONTEXT ( 3 ) GLOBAL_UNCERTAINTY_ASSIGNED_CONTEXT ( ( #3088 ) ) GLOBAL_UNIT_ASSIGNED_CONTEXT ( ( #1072, #2813, #1323 ) ) REPRESENTATION_CONTEXT ( 'NONE', 'WORKASPACE' ) );
#2644 = VERTEX_POINT ( 'NONE', #2128 ) ;
#2645 = SURFACE_SIDE_STYLE ('',( #1718 ) ) ;
#2646 = PLANE ( 'NONE',  #1738 ) ;
#2647 = VERTEX_POINT ( 'NONE', #1390 ) ;
#2648 = ORIENTED_EDGE ( 'NONE', *, *, #245, .T. ) ;
#2649 = ORIENTED_EDGE ( 'NONE', *, *, #2993, .T. ) ;
#2650 =( LENGTH_UNIT ( ) NAMED_UNIT ( * ) SI_UNIT ( .MILLI., .METRE. ) );
#2651 = ORIENTED_EDGE ( 'NONE', *, *, #84, .F. ) ;
#2652 = ORIENTED_EDGE ( 'NONE', *, *, #3111, .F. ) ;
#2653 = CARTESIAN_POINT ( 'NONE',  ( -0.3200000000000000600, -3.000000000000000000, -0.2200000000000000800 ) ) ;
#2654 = VECTOR ( 'NONE', #1291, 1000.000000000000000 ) ;
#2655 = CARTESIAN_POINT ( 'NONE',  ( 0.2200000000000006700, -3.000000000000000000, 2.860000000000000300 ) ) ;
#2656 = ORIENTED_EDGE ( 'NONE', *, *, #1419, .T. ) ;
#2657 = STYLED_ITEM ( 'NONE', ( #746 ), #985 ) ;
#2658 = VECTOR ( 'NONE', #3051, 1000.000000000000000 ) ;
#2659 = EDGE_CURVE ( 'NONE', #3089, #2647, #524, .T. ) ;
#2660 =( NAMED_UNIT ( * ) SI_UNIT ( $, .STERADIAN. ) SOLID_ANGLE_UNIT ( ) );
#2661 = DIRECTION ( 'NONE',  ( -0.0000000000000000000, -1.000000000000000000, -0.0000000000000000000 ) ) ;
#2662 =( LENGTH_UNIT ( ) NAMED_UNIT ( * ) SI_UNIT ( .MILLI., .METRE. ) );
#2663 = FILL_AREA_STYLE_COLOUR ( '', #872 ) ;
#2664 =( GEOMETRIC_REPRESENTATION_CONTEXT ( 3 ) GLOBAL_UNCERTAINTY_ASSIGNED_CONTEXT ( ( #1368 ) ) GLOBAL_UNIT_ASSIGNED_CONTEXT ( ( #2082, #601, #2344 ) ) REPRESENTATION_CONTEXT ( 'NONE', 'WORKASPACE' ) );
#2665 =( NAMED_UNIT ( * ) PLANE_ANGLE_UNIT ( ) SI_UNIT ( $, .RADIAN. ) );
#2666 = VECTOR ( 'NONE', #1110, 1000.000000000000000 ) ;
#2667 = DIRECTION ( 'NONE',  ( -0.7071067811865474600, 0.0000000000000000000, 0.7071067811865474600 ) ) ;
#2668 = SURFACE_STYLE_USAGE ( .BOTH. , #912 ) ;
#2669 = VECTOR ( 'NONE', #1595, 1000.000000000000100 ) ;
#2670 = PRESENTATION_LAYER_ASSIGNMENT (  '', '', ( #2330 ) ) ;
#2671 = CARTESIAN_POINT ( 'NONE',  ( -0.7500000000000000000, 0.2999999999999999900, 4.760000000000000700 ) ) ;
#2672 = CARTESIAN_POINT ( 'NONE',  ( 0.3200000000000004000, 1.700000000000000000, 5.300000000000000700 ) ) ;
#2673 = EDGE_CURVE ( 'NONE', #2398, #2132, #1782, .T. ) ;
#2674 =( LENGTH_UNIT ( ) NAMED_UNIT ( * ) SI_UNIT ( .MILLI., .METRE. ) );
#2675 = PRESENTATION_LAYER_ASSIGNMENT (  '', '', ( #2341 ) ) ;
#2676 = VECTOR ( 'NONE', #199, 1000.000000000000000 ) ;
#2677 =( NAMED_UNIT ( * ) SI_UNIT ( $, .STERADIAN. ) SOLID_ANGLE_UNIT ( ) );
#2678 = FILL_AREA_STYLE_COLOUR ( '', #413 ) ;
#2679 = ORIENTED_EDGE ( 'NONE', *, *, #2157, .T. ) ;
#2680 = COLOUR_RGB ( '',0.0000000000000000000, 0.03529411764705882300, 0.05882352941176470500 ) ;
#2681 = LINE ( 'NONE', #2103, #10 ) ;
#2682 = SURFACE_STYLE_USAGE ( .BOTH. , #2956 ) ;
#2683 = EDGE_LOOP ( 'NONE', ( #2411, #2258, #1844, #2814, #1534, #1856, #1296, #2256 ) ) ;
#2684 =( NAMED_UNIT ( * ) PLANE_ANGLE_UNIT ( ) SI_UNIT ( $, .RADIAN. ) );
#2685 = ORIENTED_EDGE ( 'NONE', *, *, #1570, .F. ) ;
#2686 =( LENGTH_UNIT ( ) NAMED_UNIT ( * ) SI_UNIT ( .MILLI., .METRE. ) );
#2687 = ORIENTED_EDGE ( 'NONE', *, *, #1908, .T. ) ;
#2688 = FILL_AREA_STYLE_COLOUR ( '', #2809 ) ;
#2689 = ORIENTED_EDGE ( 'NONE', *, *, #595, .T. ) ;
#2690 = EDGE_LOOP ( 'NONE', ( #1409, #62, #2651, #1514 ) ) ;
#2691 = LINE ( 'NONE', #2037, #2176 ) ;
#2692 = STYLED_ITEM ( 'NONE', ( #749 ), #1021 ) ;
#2693 = SURFACE_SIDE_STYLE ('',( #171 ) ) ;
#2694 = CARTESIAN_POINT ( 'NONE',  ( 0.7500000000000013300, 0.2999999999999999900, 6.349999999999999600 ) ) ;
#2695 = ORIENTED_EDGE ( 'NONE', *, *, #2431, .F. ) ;
#2696 = ORIENTED_EDGE ( 'NONE', *, *, #2845, .F. ) ;
#2697 = ORIENTED_EDGE ( 'NONE', *, *, #2276, .T. ) ;
#2698 =( NAMED_UNIT ( * ) PLANE_ANGLE_UNIT ( ) SI_UNIT ( $, .RADIAN. ) );
#2699 = FILL_AREA_STYLE_COLOUR ( '', #1671 ) ;
#2700 = ORIENTED_EDGE ( 'NONE', *, *, #507, .F. ) ;
#2701 = ORIENTED_EDGE ( 'NONE', *, *, #3056, .T. ) ;
#2702 = ADVANCED_FACE ( 'NONE', ( #2355 ), #2383, .T. ) ;
#2703 = DIRECTION ( 'NONE',  ( -0.7071067811865474600, -0.0000000000000000000, 0.7071067811865474600 ) ) ;
#2704 = DIRECTION ( 'NONE',  ( 0.0000000000000000000, 1.000000000000000000, 0.0000000000000000000 ) ) ;
#2705 = DIRECTION ( 'NONE',  ( 0.7071067811865474600, -0.0000000000000000000, 0.7071067811865474600 ) ) ;
#2706 = CARTESIAN_POINT ( 'NONE',  ( -0.2200000000000000800, 8.339999999999999900, -0.3200000000000000600 ) ) ;
#2707 = SURFACE_SIDE_STYLE ('',( #380 ) ) ;
#2708 = DIRECTION ( 'NONE',  ( -0.7071067811865474600, 0.0000000000000000000, 0.7071067811865474600 ) ) ;
#2709 = LINE ( 'NONE', #1357, #2669 ) ;
#2710 = DIRECTION ( 'NONE',  ( -0.7071067811865474600, 0.0000000000000000000, -0.7071067811865474600 ) ) ;
#2711 = EDGE_CURVE ( 'NONE', #337, #1850, #1517, .T. ) ;
#2712 = CARTESIAN_POINT ( 'NONE',  ( 0.3200000000000006700, 0.2999999999999999300, 2.760000000000000200 ) ) ;
#2713 = MECHANICAL_DESIGN_GEOMETRIC_PRESENTATION_REPRESENTATION (  '', ( #2200 ), #2883 ) ;
#2714 = ADVANCED_FACE ( 'NONE', ( #259 ), #418, .T. ) ;
#2715 = PLANE ( 'NONE',  #517 ) ;
#2716 = CARTESIAN_POINT ( 'NONE',  ( -1.270000000000000500, 0.0000000000000000000, -0.8700000000000003300 ) ) ;
#2717 = MECHANICAL_DESIGN_GEOMETRIC_PRESENTATION_REPRESENTATION (  '', ( #2202 ), #2888 ) ;
#2718 = SURFACE_SIDE_STYLE ('',( #1148 ) ) ;
#2719 = DIRECTION ( 'NONE',  ( 0.7071067811865474600, 0.0000000000000000000, -0.7071067811865474600 ) ) ;
#2720 =( GEOMETRIC_REPRESENTATION_CONTEXT ( 3 ) GLOBAL_UNCERTAINTY_ASSIGNED_CONTEXT ( ( #1830 ) ) GLOBAL_UNIT_ASSIGNED_CONTEXT ( ( #353, #2078, #599 ) ) REPRESENTATION_CONTEXT ( 'NONE', 'WORKASPACE' ) );
#2721 = ORIENTED_EDGE ( 'NONE', *, *, #792, .T. ) ;
#2722 =( NAMED_UNIT ( * ) SI_UNIT ( $, .STERADIAN. ) SOLID_ANGLE_UNIT ( ) );
#2723 = ADVANCED_BREP_SHAPE_REPRESENTATION ( '1x3', ( #3095, #3199, #36 ), #1778 ) ;
#2724 = LINE ( 'NONE', #691, #802 ) ;
#2725 =( LENGTH_UNIT ( ) NAMED_UNIT ( * ) SI_UNIT ( .MILLI., .METRE. ) );
#2726 = FACE_OUTER_BOUND ( 'NONE', #2851, .T. ) ;
#2727 = VERTEX_POINT ( 'NONE', #3170 ) ;
#2728 = DIRECTION ( 'NONE',  ( 0.0000000000000000000, 1.000000000000000000, 0.0000000000000000000 ) ) ;
#2729 = ORIENTED_EDGE ( 'NONE', *, *, #2948, .F. ) ;
#2730 = ORIENTED_EDGE ( 'NONE', *, *, #1245, .T. ) ;
#2731 = MECHANICAL_DESIGN_GEOMETRIC_PRESENTATION_REPRESENTATION (  '', ( #2225 ), #2903 ) ;
#2732 = SURFACE_STYLE_FILL_AREA ( #2838 ) ;
#2733 = ADVANCED_FACE ( 'NONE', ( #3206 ), #159, .T. ) ;
#2734 = ORIENTED_EDGE ( 'NONE', *, *, #2673, .F. ) ;
#2735 = ORIENTED_EDGE ( 'NONE', *, *, #2915, .F. ) ;
#2736 = ORIENTED_EDGE ( 'NONE', *, *, #2115, .F. ) ;
#2737 = SURFACE_STYLE_USAGE ( .BOTH. , #997 ) ;
#2738 = ORIENTED_EDGE ( 'NONE', *, *, #2001, .T. ) ;
#2739 = AXIS2_PLACEMENT_3D ( 'NONE', #2459, #966, #2710 ) ;
#2740 = MECHANICAL_DESIGN_GEOMETRIC_PRESENTATION_REPRESENTATION (  '', ( #2229 ), #2907 ) ;
#2741 = FILL_AREA_STYLE_COLOUR ( '', #1833 ) ;
#2742 = LINE ( 'NONE', #797, #738 ) ;
#2743 =( NAMED_UNIT ( * ) SI_UNIT ( $, .STERADIAN. ) SOLID_ANGLE_UNIT ( ) );
#2744 = FILL_AREA_STYLE_COLOUR ( '', #861 ) ;
#2745 = ADVANCED_FACE ( 'NONE', ( #2959 ), #441, .T. ) ;
#2746 = CARTESIAN_POINT ( 'NONE',  ( -0.2199999999999993600, 8.339999999999999900, 2.860000000000000300 ) ) ;
#2747 = LINE ( 'NONE', #79, #2751 ) ;
#2748 = EDGE_CURVE ( 'NONE', #1823, #1212, #2724, .T. ) ;
#2749 = SURFACE_STYLE_USAGE ( .BOTH. , #1012 ) ;
#2750 = AXIS2_PLACEMENT_3D ( 'NONE', #1442, #1461, #1420 ) ;
#2751 = VECTOR ( 'NONE', #341, 1000.000000000000000 ) ;
#2752 = UNCERTAINTY_MEASURE_WITH_UNIT (LENGTH_MEASURE( 1.000000000000000100E-005 ), #2662, 'distance_accuracy_value', 'NONE');
#2753 = DIRECTION ( 'NONE',  ( -0.7071067811865474600, 0.0000000000000000000, -0.7071067811865474600 ) ) ;
#2754 = SURFACE_STYLE_FILL_AREA ( #1872 ) ;
#2755 =( GEOMETRIC_REPRESENTATION_CONTEXT ( 3 ) GLOBAL_UNCERTAINTY_ASSIGNED_CONTEXT ( ( #1981 ) ) GLOBAL_UNIT_ASSIGNED_CONTEXT ( ( #355, #2087, #602 ) ) REPRESENTATION_CONTEXT ( 'NONE', 'WORKASPACE' ) );
#2756 = EDGE_CURVE ( 'NONE', #3078, #2049, #121, .T. ) ;
#2757 = PLANE ( 'NONE',  #2382 ) ;
#2758 = VECTOR ( 'NONE', #1458, 1000.000000000000000 ) ;
#2759 = DIRECTION ( 'NONE',  ( -1.232047923278982200E-016, 0.0000000000000000000, -1.000000000000000000 ) ) ;
#2760 = SURFACE_STYLE_USAGE ( .BOTH. , #1028 ) ;
#2761 = VERTEX_POINT ( 'NONE', #447 ) ;
#2762 = VECTOR ( 'NONE', #12, 1000.000000000000100 ) ;
#2763 = COLOUR_RGB ( '',1.000000000000000000, 1.000000000000000000, 1.000000000000000000 ) ;
#2764 = ADVANCED_FACE ( 'NONE', ( #1477 ), #954, .T. ) ;
#2765 = AXIS2_PLACEMENT_3D ( 'NONE', #708, #2466, #969 ) ;
#2766 = EDGE_LOOP ( 'NONE', ( #2972, #433, #2175, #686, #1861, #1338, #272, #2617 ) ) ;
#2767 = VECTOR ( 'NONE', #2921, 1000.000000000000000 ) ;
#2768 = UNCERTAINTY_MEASURE_WITH_UNIT (LENGTH_MEASURE( 1.000000000000000100E-005 ), #2423, 'distance_accuracy_value', 'NONE');
#2769 = VECTOR ( 'NONE', #2661, 1000.000000000000000 ) ;
#2770 = ORIENTED_EDGE ( 'NONE', *, *, #2295, .F. ) ;
#2771 =( LENGTH_UNIT ( ) NAMED_UNIT ( * ) SI_UNIT ( .MILLI., .METRE. ) );
#2772 = ORIENTED_EDGE ( 'NONE', *, *, #168, .F. ) ;
#2773 = FILL_AREA_STYLE_COLOUR ( '', #2680 ) ;
#2774 = ORIENTED_EDGE ( 'NONE', *, *, #1081, .T. ) ;
#2775 = VERTEX_POINT ( 'NONE', #1463 ) ;
#2776 = ORIENTED_EDGE ( 'NONE', *, *, #1885, .T. ) ;
#2777 = DIRECTION ( 'NONE',  ( -1.000000000000000000, 0.0000000000000000000, 0.0000000000000000000 ) ) ;
#2778 = CARTESIAN_POINT ( 'NONE',  ( -0.3199999999999999500, -3.000000000000000000, 0.2199999999999999700 ) ) ;
#2779 = LINE ( 'NONE', #1051, #99 ) ;
#2780 = CARTESIAN_POINT ( 'NONE',  ( -0.7500000000000000000, 0.2999999999999999900, 5.400000000000000400 ) ) ;
#2781 = ORIENTED_EDGE ( 'NONE', *, *, #3186, .T. ) ;
#2782 = ORIENTED_EDGE ( 'NONE', *, *, #2578, .T. ) ;
#2783 = STYLED_ITEM ( 'NONE', ( #1298 ), #2733 ) ;
#2784 = EDGE_LOOP ( 'NONE', ( #1555, #1750, #59, #2999 ) ) ;
#2785 = FACE_OUTER_BOUND ( 'NONE', #2375, .T. ) ;
#2786 = EDGE_CURVE ( 'NONE', #1903, #2102, #51, .T. ) ;
#2787 = ORIENTED_EDGE ( 'NONE', *, *, #1090, .F. ) ;
#2788 = VECTOR ( 'NONE', #1723, 1000.000000000000100 ) ;
#2789 = CARTESIAN_POINT ( 'NONE',  ( -0.2199999999999992800, 1.700000000000000000, 2.860000000000000300 ) ) ;
#2790 = CARTESIAN_POINT ( 'NONE',  ( 0.2200000000000000300, -3.000000000000000000, 0.3199999999999999500 ) ) ;
#2791 = STYLED_ITEM ( 'NONE', ( #565 ), #3199 ) ;
#2792 =( NAMED_UNIT ( * ) PLANE_ANGLE_UNIT ( ) SI_UNIT ( $, .RADIAN. ) );
#2793 = EDGE_CURVE ( 'NONE', #1901, #1449, #490, .T. ) ;
#2794 = CARTESIAN_POINT ( 'NONE',  ( 0.3200000000000012800, -3.000000000000000000, 5.299999999999999800 ) ) ;
#2795 = SURFACE_STYLE_FILL_AREA ( #3271 ) ;
#2796 = CARTESIAN_POINT ( 'NONE',  ( 1.269999999999998700, 0.0000000000000000000, -0.8700000000000003300 ) ) ;
#2797 =( GEOMETRIC_REPRESENTATION_CONTEXT ( 3 ) GLOBAL_UNCERTAINTY_ASSIGNED_CONTEXT ( ( #2268 ) ) GLOBAL_UNIT_ASSIGNED_CONTEXT ( ( #864, #2611, #1125 ) ) REPRESENTATION_CONTEXT ( 'NONE', 'WORKASPACE' ) );
#2798 =( GEOMETRIC_REPRESENTATION_CONTEXT ( 3 ) GLOBAL_UNCERTAINTY_ASSIGNED_CONTEXT ( ( #2125 ) ) GLOBAL_UNIT_ASSIGNED_CONTEXT ( ( #941, #2684, #1191 ) ) REPRESENTATION_CONTEXT ( 'NONE', 'WORKASPACE' ) );
#2799 = CARTESIAN_POINT ( 'NONE',  ( -0.8699999999999998800, 0.0000000000000000000, 1.269999999999999800 ) ) ;
#2800 = CARTESIAN_POINT ( 'NONE',  ( 1.000000000000000200, 1.700000000000000000, 1.000000000000000200 ) ) ;
#2801 = LINE ( 'NONE', #2336, #2666 ) ;
#2802 = FILL_AREA_STYLE ('',( #2538 ) ) ;
#2803 = DIRECTION ( 'NONE',  ( -0.7071067811865475700, 0.0000000000000000000, -0.7071067811865475700 ) ) ;
#2804 = FILL_AREA_STYLE_COLOUR ( '', #2097 ) ;
#2805 = VECTOR ( 'NONE', #999, 1000.000000000000000 ) ;
#2806 = PRESENTATION_LAYER_ASSIGNMENT (  '', '', ( #2465 ) ) ;
#2807 = DIRECTION ( 'NONE',  ( 2.464095846557964400E-016, 0.0000000000000000000, 1.000000000000000000 ) ) ;
#2808 = CARTESIAN_POINT ( 'NONE',  ( -0.7500000000000000000, 0.2999999999999999900, 2.860000000000000800 ) ) ;
#2809 = COLOUR_RGB ( '',1.000000000000000000, 1.000000000000000000, 1.000000000000000000 ) ;
#2810 = ORIENTED_EDGE ( 'NONE', *, *, #2055, .T. ) ;
#2811 = EDGE_CURVE ( 'NONE', #2884, #266, #3073, .T. ) ;
#2812 =( NAMED_UNIT ( * ) SI_UNIT ( $, .STERADIAN. ) SOLID_ANGLE_UNIT ( ) );
#2813 =( NAMED_UNIT ( * ) PLANE_ANGLE_UNIT ( ) SI_UNIT ( $, .RADIAN. ) );
#2814 = ORIENTED_EDGE ( 'NONE', *, *, #2099, .F. ) ;
#2815 = ORIENTED_EDGE ( 'NONE', *, *, #2711, .T. ) ;
#2816 = VECTOR ( 'NONE', #438, 1000.000000000000100 ) ;
#2817 = ORIENTED_EDGE ( 'NONE', *, *, #2635, .T. ) ;
#2818 = ORIENTED_EDGE ( 'NONE', *, *, #2976, .F. ) ;
#2819 = CARTESIAN_POINT ( 'NONE',  ( -0.2199999999999987000, -3.000000000000000000, 5.400000000000000400 ) ) ;
#2820 =( NAMED_UNIT ( * ) SI_UNIT ( $, .STERADIAN. ) SOLID_ANGLE_UNIT ( ) );
#2821 = ORIENTED_EDGE ( 'NONE', *, *, #2593, .F. ) ;
#2822 = EDGE_LOOP ( 'NONE', ( #3223, #3049, #1511, #2181 ) ) ;
#2823 = VERTEX_POINT ( 'NONE', #1601 ) ;
#2824 = COLOUR_RGB ( '',0.0000000000000000000, 0.03529411764705882300, 0.05882352941176470500 ) ;
#2825 = EDGE_CURVE ( 'NONE', #1525, #3169, #2326, .T. ) ;
#2826 = STYLED_ITEM ( 'NONE', ( #1945 ), #216 ) ;
#2827 = ORIENTED_EDGE ( 'NONE', *, *, #867, .F. ) ;
#2828 =( NAMED_UNIT ( * ) SI_UNIT ( $, .STERADIAN. ) SOLID_ANGLE_UNIT ( ) );
#2829 = DIRECTION ( 'NONE',  ( 1.000000000000000000, -0.0000000000000000000, 0.0000000000000000000 ) ) ;
#2830 = VECTOR ( 'NONE', #1792, 1000.000000000000000 ) ;
#2831 = FILL_AREA_STYLE ('',( #822 ) ) ;
#2832 = SURFACE_STYLE_USAGE ( .BOTH. , #1084 ) ;
#2833 = CARTESIAN_POINT ( 'NONE',  ( -0.3199999999999994500, -3.000000000000000000, 2.319999999999999800 ) ) ;
#2834 = CARTESIAN_POINT ( 'NONE',  ( 0.3200000000000006200, 1.700000000000000000, 2.319999999999999800 ) ) ;
#2835 = STYLED_ITEM ( 'NONE', ( #420 ), #2216 ) ;
#2836 = EDGE_CURVE ( 'NONE', #221, #1343, #1089, .T. ) ;
#2837 = LINE ( 'NONE', #2633, #42 ) ;
#2838 = FILL_AREA_STYLE ('',( #2575 ) ) ;
#2839 = SURFACE_SIDE_STYLE ('',( #920 ) ) ;
#2840 = DIRECTION ( 'NONE',  ( 0.7071067811865474600, 0.0000000000000000000, 0.7071067811865474600 ) ) ;
#2841 = SURFACE_SIDE_STYLE ('',( #2221 ) ) ;
#2842 = EDGE_LOOP ( 'NONE', ( #2045, #1339, #1620, #1736 ) ) ;
#2843 = SURFACE_STYLE_FILL_AREA ( #1140 ) ;
#2844 = MECHANICAL_DESIGN_GEOMETRIC_PRESENTATION_REPRESENTATION (  '', ( #2330 ), #3013 ) ;
#2845 = EDGE_CURVE ( 'NONE', #2267, #1013, #1015, .T. ) ;
#2846 = EDGE_LOOP ( 'NONE', ( #1990, #1751, #2095, #1455 ) ) ;
#2847 = COLOUR_RGB ( '',1.000000000000000000, 1.000000000000000000, 1.000000000000000000 ) ;
#2848 = VECTOR ( 'NONE', #1902, 1000.000000000000000 ) ;
#2849 = DIRECTION ( 'NONE',  ( 1.000000000000000000, -0.0000000000000000000, 0.0000000000000000000 ) ) ;
#2850 = VERTEX_POINT ( 'NONE', #357 ) ;
#2851 = EDGE_LOOP ( 'NONE', ( #2605, #2292, #3069, #3039 ) ) ;
#2852 = CARTESIAN_POINT ( 'NONE',  ( 0.2200000000000000300, 8.339999999999999900, 0.3199999999999999500 ) ) ;
#2853 = SURFACE_STYLE_FILL_AREA ( #358 ) ;
#2854 = MECHANICAL_DESIGN_GEOMETRIC_PRESENTATION_REPRESENTATION (  '', ( #2341 ), #3020 ) ;
#2855 = ORIENTED_EDGE ( 'NONE', *, *, #3272, .F. ) ;
#2856 = EDGE_LOOP ( 'NONE', ( #2500, #1137, #1100, #2679 ) ) ;
#2857 = EDGE_LOOP ( 'NONE', ( #501, #692, #2460, #2299 ) ) ;
#2858 = VECTOR ( 'NONE', #278, 1000.000000000000000 ) ;
#2859 = ORIENTED_EDGE ( 'NONE', *, *, #2406, .T. ) ;
#2860 = UNCERTAINTY_MEASURE_WITH_UNIT (LENGTH_MEASURE( 1.000000000000000100E-005 ), #4, 'distance_accuracy_value', 'NONE');
#2861 = VERTEX_POINT ( 'NONE', #1843 ) ;
#2862 = EDGE_LOOP ( 'NONE', ( #651, #774, #3132, #887 ) ) ;
#2863 = VECTOR ( 'NONE', #33, 1000.000000000000000 ) ;
#2864 = FILL_AREA_STYLE_COLOUR ( '', #1521 ) ;
#2865 = ORIENTED_EDGE ( 'NONE', *, *, #1811, .T. ) ;
#2866 = DIRECTION ( 'NONE',  ( 0.7071067811865475700, 0.0000000000000000000, -0.7071067811865475700 ) ) ;
#2867 = LINE ( 'NONE', #2490, #944 ) ;
#2868 = AXIS2_PLACEMENT_3D ( 'NONE', #2232, #732, #2482 ) ;
#2869 = CARTESIAN_POINT ( 'NONE',  ( -0.3199999999999994500, -3.000000000000000000, 2.319999999999999800 ) ) ;
#2870 = PLANE ( 'NONE',  #2947 ) ;
#2871 = UNCERTAINTY_MEASURE_WITH_UNIT (LENGTH_MEASURE( 1.000000000000000100E-005 ), #908, 'distance_accuracy_value', 'NONE');
#2872 =( NAMED_UNIT ( * ) PLANE_ANGLE_UNIT ( ) SI_UNIT ( $, .RADIAN. ) );
#2873 = VECTOR ( 'NONE', #3155, 1000.000000000000000 ) ;
#2874 = PRODUCT_DEFINITION_SHAPE ( 'NONE', 'NONE',  #208 ) ;
#2875 = DIRECTION ( 'NONE',  ( 0.0000000000000000000, 1.000000000000000000, 0.0000000000000000000 ) ) ;
#2876 = SURFACE_STYLE_FILL_AREA ( #2916 ) ;
#2877 = VECTOR ( 'NONE', #231, 1000.000000000000000 ) ;
#2878 =( LENGTH_UNIT ( ) NAMED_UNIT ( * ) SI_UNIT ( .MILLI., .METRE. ) );
#2879 = PRESENTATION_STYLE_ASSIGNMENT (( #654 ) ) ;
#2880 = EDGE_CURVE ( 'NONE', #1091, #935, #2401, .T. ) ;
#2881 = SURFACE_SIDE_STYLE ('',( #2843 ) ) ;
#2882 = VECTOR ( 'NONE', #998, 1000.000000000000100 ) ;
#2883 =( GEOMETRIC_REPRESENTATION_CONTEXT ( 3 ) GLOBAL_UNCERTAINTY_ASSIGNED_CONTEXT ( ( #2112 ) ) GLOBAL_UNIT_ASSIGNED_CONTEXT ( ( #2483, #1003, #2743 ) ) REPRESENTATION_CONTEXT ( 'NONE', 'WORKASPACE' ) );
#2884 = VERTEX_POINT ( 'NONE', #2346 ) ;
#2885 = VECTOR ( 'NONE', #1680, 1000.000000000000000 ) ;
#2886 = ORIENTED_EDGE ( 'NONE', *, *, #351, .T. ) ;
#2887 = SURFACE_STYLE_FILL_AREA ( #2440 ) ;
#2888 =( GEOMETRIC_REPRESENTATION_CONTEXT ( 3 ) GLOBAL_UNCERTAINTY_ASSIGNED_CONTEXT ( ( #1235 ) ) GLOBAL_UNIT_ASSIGNED_CONTEXT ( ( #2650, #1159, #2909 ) ) REPRESENTATION_CONTEXT ( 'NONE', 'WORKASPACE' ) );
#2889 = ORIENTED_EDGE ( 'NONE', *, *, #600, .T. ) ;
#2890 = ORIENTED_EDGE ( 'NONE', *, *, #2578, .F. ) ;
#2891 = ORIENTED_EDGE ( 'NONE', *, *, #1090, .T. ) ;
#2892 = FILL_AREA_STYLE ('',( #629 ) ) ;
#2893 = VERTEX_POINT ( 'NONE', #2107 ) ;
#2894 = ORIENTED_EDGE ( 'NONE', *, *, #526, .T. ) ;
#2895 = LINE ( 'NONE', #1573, #228 ) ;
#2896 = STYLED_ITEM ( 'NONE', ( #1746 ), #756 ) ;
#2897 = DIRECTION ( 'NONE',  ( -0.0000000000000000000, -1.000000000000000000, -0.0000000000000000000 ) ) ;
#2898 = ORIENTED_EDGE ( 'NONE', *, *, #3186, .F. ) ;
#2899 = ORIENTED_EDGE ( 'NONE', *, *, #74, .T. ) ;
#2900 = LINE ( 'NONE', #497, #986 ) ;
#2901 = LINE ( 'NONE', #2017, #895 ) ;
#2902 = DIRECTION ( 'NONE',  ( 0.0000000000000000000, 1.000000000000000000, -0.0000000000000000000 ) ) ;
#2903 =( GEOMETRIC_REPRESENTATION_CONTEXT ( 3 ) GLOBAL_UNCERTAINTY_ASSIGNED_CONTEXT ( ( #3106 ) ) GLOBAL_UNIT_ASSIGNED_CONTEXT ( ( #1045, #2792, #1304 ) ) REPRESENTATION_CONTEXT ( 'NONE', 'WORKASPACE' ) );
#2904 = FILL_AREA_STYLE_COLOUR ( '', #1969 ) ;
#2905 = PRESENTATION_LAYER_ASSIGNMENT (  '', '', ( #2560 ) ) ;
#2906 =( LENGTH_UNIT ( ) NAMED_UNIT ( * ) SI_UNIT ( .MILLI., .METRE. ) );
#2907 =( GEOMETRIC_REPRESENTATION_CONTEXT ( 3 ) GLOBAL_UNCERTAINTY_ASSIGNED_CONTEXT ( ( #762 ) ) GLOBAL_UNIT_ASSIGNED_CONTEXT ( ( #1998, #502, #2242 ) ) REPRESENTATION_CONTEXT ( 'NONE', 'WORKASPACE' ) );
#2908 = FILL_AREA_STYLE ('',( #2699 ) ) ;
#2909 =( NAMED_UNIT ( * ) SI_UNIT ( $, .STERADIAN. ) SOLID_ANGLE_UNIT ( ) );
#2910 = DIRECTION ( 'NONE',  ( 2.464095846557964400E-016, 0.0000000000000000000, 1.000000000000000000 ) ) ;
#2911 = DIRECTION ( 'NONE',  ( 0.7071067811865474600, 0.0000000000000000000, -0.7071067811865474600 ) ) ;
#2912 = CARTESIAN_POINT ( 'NONE',  ( -0.3199999999999993400, -3.000000000000000000, 2.760000000000000200 ) ) ;
#2913 = CARTESIAN_POINT ( 'NONE',  ( -1.270000000000000500, 0.0000000000000000000, -0.8700000000000003300 ) ) ;
#2914 = DIRECTION ( 'NONE',  ( -1.000000000000000000, 0.0000000000000000000, 2.492418787322999200E-016 ) ) ;
#2915 = EDGE_CURVE ( 'NONE', #2079, #1627, #336, .T. ) ;
#2916 = FILL_AREA_STYLE ('',( #2663 ) ) ;
#2917 = ORIENTED_EDGE ( 'NONE', *, *, #2305, .T. ) ;
#2918 = PRESENTATION_LAYER_ASSIGNMENT (  '', '', ( #2579 ) ) ;
#2919 = SURFACE_STYLE_FILL_AREA ( #2351 ) ;
#2920 = VECTOR ( 'NONE', #104, 1000.000000000000100 ) ;
#2921 = DIRECTION ( 'NONE',  ( -0.0000000000000000000, -1.000000000000000000, -0.0000000000000000000 ) ) ;
#2922 =( NAMED_UNIT ( * ) PLANE_ANGLE_UNIT ( ) SI_UNIT ( $, .RADIAN. ) );
#2923 = VERTEX_POINT ( 'NONE', #1378 ) ;
#2924 = ORIENTED_EDGE ( 'NONE', *, *, #1433, .F. ) ;
#2925 = CARTESIAN_POINT ( 'NONE',  ( 0.7500000000000013300, 0.0000000000000000000, 6.349999999999999600 ) ) ;
#2926 = EDGE_CURVE ( 'NONE', #1632, #1754, #2159, .T. ) ;
#2927 = CARTESIAN_POINT ( 'NONE',  ( 1.270000000000000000, 1.700000000000000000, 4.210000000000000000 ) ) ;
#2928 = ORIENTED_EDGE ( 'NONE', *, *, #1208, .T. ) ;
#2929 = ORIENTED_EDGE ( 'NONE', *, *, #1921, .T. ) ;
#2930 = LINE ( 'NONE', #1769, #930 ) ;
#2931 = ORIENTED_EDGE ( 'NONE', *, *, #156, .T. ) ;
#2932 = VERTEX_POINT ( 'NONE', #374 ) ;
#2933 =( NAMED_UNIT ( * ) SI_UNIT ( $, .STERADIAN. ) SOLID_ANGLE_UNIT ( ) );
#2934 = EDGE_LOOP ( 'NONE', ( #2618, #1894, #977, #1710 ) ) ;
#2935 = LINE ( 'NONE', #2796, #936 ) ;
#2936 = PRESENTATION_LAYER_ASSIGNMENT (  '', '', ( #2587 ) ) ;
#2937 = CARTESIAN_POINT ( 'NONE',  ( 0.0000000000000000000, 0.0000000000000000000, 0.0000000000000000000 ) ) ;
#2938 = FILL_AREA_STYLE ('',( #2678 ) ) ;
#2939 = DIRECTION ( 'NONE',  ( 0.0000000000000000000, 1.000000000000000000, 0.0000000000000000000 ) ) ;
#2940 = AXIS2_PLACEMENT_3D ( 'NONE', #1422, #3182, #1666 ) ;
#2941 =( NAMED_UNIT ( * ) SI_UNIT ( $, .STERADIAN. ) SOLID_ANGLE_UNIT ( ) );
#2942 = EDGE_CURVE ( 'NONE', #2573, #724, #2245, .T. ) ;
#2943 = FILL_AREA_STYLE_COLOUR ( '', #575 ) ;
#2944 = ADVANCED_FACE ( 'NONE', ( #837 ), #1615, .T. ) ;
#2945 =( LENGTH_UNIT ( ) NAMED_UNIT ( * ) SI_UNIT ( .MILLI., .METRE. ) );
#2946 = CARTESIAN_POINT ( 'NONE',  ( 0.0000000000000000000, 1.700000000000000000, 2.860000000000000300 ) ) ;
#2947 = AXIS2_PLACEMENT_3D ( 'NONE', #1373, #3119, #1612 ) ;
#2948 = EDGE_CURVE ( 'NONE', #2647, #1394, #2524, .T. ) ;
#2949 = UNCERTAINTY_MEASURE_WITH_UNIT (LENGTH_MEASURE( 1.000000000000000100E-005 ), #1568, 'distance_accuracy_value', 'NONE');
#2950 = CARTESIAN_POINT ( 'NONE',  ( 1.269999999999999800, 1.700000000000000000, 3.409999999999999700 ) ) ;
#2951 = LINE ( 'NONE', #1240, #962 ) ;
#2952 = CARTESIAN_POINT ( 'NONE',  ( 1.270000000000000000, 0.0000000000000000000, 4.210000000000000000 ) ) ;
#2953 = FILL_AREA_STYLE_COLOUR ( '', #7 ) ;
#2954 = VECTOR ( 'NONE', #1648, 1000.000000000000000 ) ;
#2955 =( LENGTH_UNIT ( ) NAMED_UNIT ( * ) SI_UNIT ( .MILLI., .METRE. ) );
#2956 = SURFACE_SIDE_STYLE ('',( #1743 ) ) ;
#2957 = LINE ( 'NONE', #1210, #1167 ) ;
#2958 = ORIENTED_EDGE ( 'NONE', *, *, #1115, .F. ) ;
#2959 = FACE_OUTER_BOUND ( 'NONE', #3135, .T. ) ;
#2960 = ADVANCED_FACE ( 'NONE', ( #1293 ), #1393, .F. ) ;
#2961 = ORIENTED_EDGE ( 'NONE', *, *, #2748, .T. ) ;
#2962 = ORIENTED_EDGE ( 'NONE', *, *, #1768, .T. ) ;
#2963 = VECTOR ( 'NONE', #1880, 1000.000000000000000 ) ;
#2964 = CARTESIAN_POINT ( 'NONE',  ( -0.8699999999999998800, 0.0000000000000000000, 1.269999999999999800 ) ) ;
#2965 = ORIENTED_EDGE ( 'NONE', *, *, #65, .T. ) ;
#2966 = DIRECTION ( 'NONE',  ( 1.000000000000000000, 0.0000000000000000000, -1.232047923278982200E-016 ) ) ;
#2967 = UNCERTAINTY_MEASURE_WITH_UNIT (LENGTH_MEASURE( 1.000000000000000100E-005 ), #2109, 'distance_accuracy_value', 'NONE');
#2968 = ORIENTED_EDGE ( 'NONE', *, *, #3118, .F. ) ;
#2969 = MECHANICAL_DESIGN_GEOMETRIC_PRESENTATION_REPRESENTATION (  '', ( #2465 ), #3147 ) ;
#2970 = CARTESIAN_POINT ( 'NONE',  ( 0.2199999999999999700, -3.000000000000000000, -0.3200000000000000600 ) ) ;
#2971 = VERTEX_POINT ( 'NONE', #1156 ) ;
#2972 = ORIENTED_EDGE ( 'NONE', *, *, #1646, .F. ) ;
#2973 = ORIENTED_EDGE ( 'NONE', *, *, #240, .F. ) ;
#2974 =( LENGTH_UNIT ( ) NAMED_UNIT ( * ) SI_UNIT ( .MILLI., .METRE. ) );
#2975 = PLANE ( 'NONE',  #118 ) ;
#2976 = EDGE_CURVE ( 'NONE', #855, #2597, #2289, .T. ) ;
#2977 = ORIENTED_EDGE ( 'NONE', *, *, #1918, .T. ) ;
#2978 = ORIENTED_EDGE ( 'NONE', *, *, #939, .F. ) ;
#2979 = CARTESIAN_POINT ( 'NONE',  ( -0.2199999999999994700, -3.000000000000000000, 2.220000000000000200 ) ) ;
#2980 = ADVANCED_FACE ( 'NONE', ( #965 ), #146, .T. ) ;
#2981 =( NAMED_UNIT ( * ) SI_UNIT ( $, .STERADIAN. ) SOLID_ANGLE_UNIT ( ) );
#2982 = FILL_AREA_STYLE ('',( #2220 ) ) ;
#2983 = EDGE_CURVE ( 'NONE', #2850, #1887, #2634, .T. ) ;
#2984 = DIRECTION ( 'NONE',  ( 0.0000000000000000000, 0.0000000000000000000, 1.000000000000000000 ) ) ;
#2985 = AXIS2_PLACEMENT_3D ( 'NONE', #700, #302, #267 ) ;
#2986 =( NAMED_UNIT ( * ) PLANE_ANGLE_UNIT ( ) SI_UNIT ( $, .RADIAN. ) );
#2987 = FILL_AREA_STYLE_COLOUR ( '', #635 ) ;
#2988 = CARTESIAN_POINT ( 'NONE',  ( -0.3199999999999993400, -3.000000000000000000, 2.760000000000000200 ) ) ;
#2989 = UNCERTAINTY_MEASURE_WITH_UNIT (LENGTH_MEASURE( 1.000000000000000100E-005 ), #195, 'distance_accuracy_value', 'NONE');
#2990 = ADVANCED_FACE ( 'NONE', ( #1326 ), #1905, .T. ) ;
#2991 = AXIS2_PLACEMENT_3D ( 'NONE', #2412, #911, #2667 ) ;
#2992 = FACE_OUTER_BOUND ( 'NONE', #1970, .T. ) ;
#2993 = EDGE_CURVE ( 'NONE', #1850, #2179, #1085, .T. ) ;
#2994 = ORIENTED_EDGE ( 'NONE', *, *, #1277, .F. ) ;
#2995 = CARTESIAN_POINT ( 'NONE',  ( -1.269999999999999100, 1.700000000000000000, 4.210000000000000000 ) ) ;
#2996 = PRESENTATION_STYLE_ASSIGNMENT (( #1763 ) ) ;
#2997 = VECTOR ( 'NONE', #1367, 1000.000000000000000 ) ;
#2998 = CARTESIAN_POINT ( 'NONE',  ( 0.3200000000000001700, 0.2999999999999999900, -1.270000000000000700 ) ) ;
#2999 = ORIENTED_EDGE ( 'NONE', *, *, #1288, .T. ) ;
#3000 = SURFACE_SIDE_STYLE ('',( #2494 ) ) ;
#3001 = FILL_AREA_STYLE_COLOUR ( '', #2108 ) ;
#3002 =( NAMED_UNIT ( * ) PLANE_ANGLE_UNIT ( ) SI_UNIT ( $, .RADIAN. ) );
#3003 = EDGE_LOOP ( 'NONE', ( #1369, #984, #1489, #2526 ) ) ;
#3004 = ORIENTED_EDGE ( 'NONE', *, *, #1575, .T. ) ;
#3005 = STYLED_ITEM ( 'NONE', ( #914 ), #2515 ) ;
#3006 = ORIENTED_EDGE ( 'NONE', *, *, #3272, .T. ) ;
#3007 = ORIENTED_EDGE ( 'NONE', *, *, #249, .T. ) ;
#3008 = VERTEX_POINT ( 'NONE', #2166 ) ;
#3009 = ORIENTED_EDGE ( 'NONE', *, *, #427, .F. ) ;
#3010 = EDGE_LOOP ( 'NONE', ( #1438, #2533, #1364, #980 ) ) ;
#3011 = ORIENTED_EDGE ( 'NONE', *, *, #2295, .T. ) ;
#3012 = ADVANCED_FACE ( 'NONE', ( #1732, #3068, #2992 ), #1186, .T. ) ;
#3013 =( GEOMETRIC_REPRESENTATION_CONTEXT ( 3 ) GLOBAL_UNCERTAINTY_ASSIGNED_CONTEXT ( ( #2036 ) ) GLOBAL_UNIT_ASSIGNED_CONTEXT ( ( #1179, #2922, #1425 ) ) REPRESENTATION_CONTEXT ( 'NONE', 'WORKASPACE' ) );
#3014 = LINE ( 'NONE', #2780, #352 ) ;
#3015 = CARTESIAN_POINT ( 'NONE',  ( 1.260000000000000500, 0.2999999999999999900, 0.7399999999999999900 ) ) ;
#3016 = EDGE_CURVE ( 'NONE', #1846, #2300, #1428, .T. ) ;
#3017 = ORIENTED_EDGE ( 'NONE', *, *, #2673, .T. ) ;
#3018 = PRESENTATION_STYLE_ASSIGNMENT (( #3067 ) ) ;
#3019 =( NAMED_UNIT ( * ) PLANE_ANGLE_UNIT ( ) SI_UNIT ( $, .RADIAN. ) );
#3020 =( GEOMETRIC_REPRESENTATION_CONTEXT ( 3 ) GLOBAL_UNCERTAINTY_ASSIGNED_CONTEXT ( ( #2400 ) ) GLOBAL_UNIT_ASSIGNED_CONTEXT ( ( #2549, #1070, #2812 ) ) REPRESENTATION_CONTEXT ( 'NONE', 'WORKASPACE' ) );
#3021 = DIRECTION ( 'NONE',  ( -0.7071067811865474600, 0.0000000000000000000, -0.7071067811865474600 ) ) ;
#3022 =( NAMED_UNIT ( * ) SI_UNIT ( $, .STERADIAN. ) SOLID_ANGLE_UNIT ( ) );
#3023 = DIRECTION ( 'NONE',  ( 2.464095846557964400E-016, 0.0000000000000000000, 1.000000000000000000 ) ) ;
#3024 = DIRECTION ( 'NONE',  ( -0.7071067811865474600, 0.0000000000000000000, -0.7071067811865474600 ) ) ;
#3025 = PRESENTATION_LAYER_ASSIGNMENT (  '', '', ( #2692 ) ) ;
#3026 = CARTESIAN_POINT ( 'NONE',  ( 0.8699999999999998800, 1.700000000000000000, 3.809999999999999600 ) ) ;
#3027 = DIRECTION ( 'NONE',  ( 0.7071067811865474600, 0.0000000000000000000, -0.7071067811865474600 ) ) ;
#3028 = VECTOR ( 'NONE', #1475, 1000.000000000000000 ) ;
#3029 =( NAMED_UNIT ( * ) PLANE_ANGLE_UNIT ( ) SI_UNIT ( $, .RADIAN. ) );
#3030 = FILL_AREA_STYLE_COLOUR ( '', #542 ) ;
#3031 = UNCERTAINTY_MEASURE_WITH_UNIT (LENGTH_MEASURE( 1.000000000000000100E-005 ), #3270, 'distance_accuracy_value', 'NONE');
#3032 = VECTOR ( 'NONE', #1405, 1000.000000000000000 ) ;
#3033 = ORIENTED_EDGE ( 'NONE', *, *, #996, .F. ) ;
#3034 = DIRECTION ( 'NONE',  ( 0.0000000000000000000, 1.000000000000000000, 0.0000000000000000000 ) ) ;
#3035 = ORIENTED_EDGE ( 'NONE', *, *, #733, .T. ) ;
#3036 = EDGE_LOOP ( 'NONE', ( #125, #2821, #170, #769 ) ) ;
#3037 = LINE ( 'NONE', #3148, #379 ) ;
#3038 = SURFACE_STYLE_USAGE ( .BOTH. , #1316 ) ;
#3039 = ORIENTED_EDGE ( 'NONE', *, *, #2983, .T. ) ;
#3040 = FILL_AREA_STYLE ('',( #3246 ) ) ;
#3041 = VERTEX_POINT ( 'NONE', #949 ) ;
#3042 = DIRECTION ( 'NONE',  ( -1.000000000000000000, -0.0000000000000000000, -0.0000000000000000000 ) ) ;
#3043 = CARTESIAN_POINT ( 'NONE',  ( -0.2199999999999994700, -3.000000000000000000, 2.220000000000000200 ) ) ;
#3044 = EDGE_LOOP ( 'NONE', ( #1661, #1407, #3017, #1332 ) ) ;
#3045 = ORIENTED_EDGE ( 'NONE', *, *, #910, .T. ) ;
#3046 = VECTOR ( 'NONE', #2567, 1000.000000000000000 ) ;
#3047 = EDGE_LOOP ( 'NONE', ( #1095, #1201, #3006, #2891, #2886, #3004, #1309, #135 ) ) ;
#3048 = EDGE_CURVE ( 'NONE', #3075, #2540, #85, .T. ) ;
#3049 = ORIENTED_EDGE ( 'NONE', *, *, #396, .F. ) ;
#3050 = VERTEX_POINT ( 'NONE', #1195 ) ;
#3051 = DIRECTION ( 'NONE',  ( 1.000000000000000000, 0.0000000000000000000, -0.0000000000000000000 ) ) ;
#3052 = CARTESIAN_POINT ( 'NONE',  ( 0.3200000000000012800, -3.000000000000000000, 5.299999999999999800 ) ) ;
#3053 = CARTESIAN_POINT ( 'NONE',  ( -1.269999999999999800, 1.700000000000000000, 1.669999999999999900 ) ) ;
#3054 = STYLED_ITEM ( 'NONE', ( #844 ), #2005 ) ;
#3055 = AXIS2_PLACEMENT_3D ( 'NONE', #2655, #1166, #2911 ) ;
#3056 = EDGE_CURVE ( 'NONE', #2337, #459, #757, .T. ) ;
#3057 = DIRECTION ( 'NONE',  ( 1.000000000000000000, 0.0000000000000000000, -0.0000000000000000000 ) ) ;
#3058 = CARTESIAN_POINT ( 'NONE',  ( -1.269999999999999100, 1.700000000000000000, 4.210000000000000000 ) ) ;
#3059 = VECTOR ( 'NONE', #3090, 1000.000000000000000 ) ;
#3060 = LINE ( 'NONE', #589, #3059 ) ;
#3061 = SURFACE_STYLE_USAGE ( .BOTH. , #3000 ) ;
#3062 = CARTESIAN_POINT ( 'NONE',  ( 0.2200000000000013100, -3.000000000000000000, 5.400000000000000400 ) ) ;
#3063 = FILL_AREA_STYLE ('',( #1566 ) ) ;
#3064 = SURFACE_STYLE_FILL_AREA ( #1174 ) ;
#3065 = MECHANICAL_DESIGN_GEOMETRIC_PRESENTATION_REPRESENTATION (  '', ( #2560 ), #3255 ) ;
#3066 = DIRECTION ( 'NONE',  ( -1.000000000000000000, 0.0000000000000000000, 2.492418787322999200E-016 ) ) ;
#3067 = SURFACE_STYLE_USAGE ( .BOTH. , #1337 ) ;
#3068 = FACE_BOUND ( 'NONE', #2683, .T. ) ;
#3069 = ORIENTED_EDGE ( 'NONE', *, *, #2630, .T. ) ;
#3070 = LINE ( 'NONE', #1022, #1161 ) ;
#3071 = PLANE ( 'NONE',  #1531 ) ;
#3072 =( NAMED_UNIT ( * ) PLANE_ANGLE_UNIT ( ) SI_UNIT ( $, .RADIAN. ) );
#3073 = LINE ( 'NONE', #705, #416 ) ;
#3074 = DIRECTION ( 'NONE',  ( 2.464095846557964400E-016, 0.0000000000000000000, 1.000000000000000000 ) ) ;
#3075 = VERTEX_POINT ( 'NONE', #2191 ) ;
#3076 = VECTOR ( 'NONE', #1669, 1000.000000000000000 ) ;
#3077 = VERTEX_POINT ( 'NONE', #958 ) ;
#3078 = VERTEX_POINT ( 'NONE', #2706 ) ;
#3079 = COLOUR_RGB ( '',0.0000000000000000000, 0.03529411764705882300, 0.05882352941176470500 ) ;
#3080 = SURFACE_STYLE_USAGE ( .BOTH. , #1350 ) ;
#3081 = ORIENTED_EDGE ( 'NONE', *, *, #2271, .T. ) ;
#3082 = VERTEX_POINT ( 'NONE', #2451 ) ;
#3083 = EDGE_LOOP ( 'NONE', ( #1448, #1103, #1259, #1628 ) ) ;
#3084 = SURFACE_STYLE_FILL_AREA ( #2188 ) ;
#3085 =( LENGTH_UNIT ( ) NAMED_UNIT ( * ) SI_UNIT ( .MILLI., .METRE. ) );
#3086 = EDGE_CURVE ( 'NONE', #1346, #3258, #160, .T. ) ;
#3087 = MECHANICAL_DESIGN_GEOMETRIC_PRESENTATION_REPRESENTATION (  '', ( #2579 ), #3273 ) ;
#3088 = UNCERTAINTY_MEASURE_WITH_UNIT (LENGTH_MEASURE( 1.000000000000000100E-005 ), #1072, 'distance_accuracy_value', 'NONE');
#3089 = VERTEX_POINT ( 'NONE', #2694 ) ;
#3090 = DIRECTION ( 'NONE',  ( 0.0000000000000000000, 1.000000000000000000, 0.0000000000000000000 ) ) ;
#3091 = EDGE_LOOP ( 'NONE', ( #426, #2572, #2648, #317 ) ) ;
#3092 = EDGE_LOOP ( 'NONE', ( #2595, #69, #2817, #1172 ) ) ;
#3093 =( LENGTH_UNIT ( ) NAMED_UNIT ( * ) SI_UNIT ( .MILLI., .METRE. ) );
#3094 = STYLED_ITEM ( 'NONE', ( #616 ), #1934 ) ;
#3095 = MANIFOLD_SOLID_BREP ( 'Boss-Extrude2', #1980 ) ;
#3096 = EDGE_CURVE ( 'NONE', #1138, #3082, #675, .T. ) ;
#3097 = PLANE ( 'NONE',  #3240 ) ;
#3098 = PRESENTATION_STYLE_ASSIGNMENT (( #2737 ) ) ;
#3099 = FILL_AREA_STYLE ('',( #1594 ) ) ;
#3100 = CARTESIAN_POINT ( 'NONE',  ( -0.2199999999999988100, -3.000000000000000000, 4.760000000000000700 ) ) ;
#3101 = FILL_AREA_STYLE_COLOUR ( '', #1896 ) ;
#3102 = MECHANICAL_DESIGN_GEOMETRIC_PRESENTATION_REPRESENTATION (  '', ( #2587 ), #6 ) ;
#3103 = COLOUR_RGB ( '',1.000000000000000000, 1.000000000000000000, 1.000000000000000000 ) ;
#3104 = LINE ( 'NONE', #1352, #3236 ) ;
#3105 = PRESENTATION_STYLE_ASSIGNMENT (( #3247 ) ) ;
#3106 = UNCERTAINTY_MEASURE_WITH_UNIT (LENGTH_MEASURE( 1.000000000000000100E-005 ), #1045, 'distance_accuracy_value', 'NONE');
#3107 = FILL_AREA_STYLE_COLOUR ( '', #1579 ) ;
#3108 = FACE_OUTER_BOUND ( 'NONE', #2766, .T. ) ;
#3109 = PLANE ( 'NONE',  #35 ) ;
#3110 = PRESENTATION_LAYER_ASSIGNMENT (  '', '', ( #2783 ) ) ;
#3111 = EDGE_CURVE ( 'NONE', #2504, #428, #2075, .T. ) ;
#3112 = CARTESIAN_POINT ( 'NONE',  ( 1.269999999999998700, 1.700000000000000000, -0.8700000000000003300 ) ) ;
#3113 =( GEOMETRIC_REPRESENTATION_CONTEXT ( 3 ) GLOBAL_UNCERTAINTY_ASSIGNED_CONTEXT ( ( #1215 ) ) GLOBAL_UNIT_ASSIGNED_CONTEXT ( ( #2554, #1074, #2820 ) ) REPRESENTATION_CONTEXT ( 'NONE', 'WORKASPACE' ) );
#3114 = VECTOR ( 'NONE', #1537, 1000.000000000000000 ) ;
#3115 = SURFACE_STYLE_FILL_AREA ( #142 ) ;
#3116 = PRESENTATION_LAYER_ASSIGNMENT (  '', '', ( #2791 ) ) ;
#3117 = DIRECTION ( 'NONE',  ( -0.7071067811865474600, 0.0000000000000000000, 0.7071067811865474600 ) ) ;
#3118 = EDGE_CURVE ( 'NONE', #2923, #1091, #2354, .T. ) ;
#3119 = DIRECTION ( 'NONE',  ( -0.7071067811865475700, 0.0000000000000000000, -0.7071067811865475700 ) ) ;
#3120 = LINE ( 'NONE', #2183, #2487 ) ;
#3121 = ORIENTED_EDGE ( 'NONE', *, *, #2197, .T. ) ;
#3122 = PRESENTATION_STYLE_ASSIGNMENT (( #3225 ) ) ;
#3123 = VECTOR ( 'NONE', #2170, 1000.000000000000000 ) ;
#3124 = EDGE_LOOP ( 'NONE', ( #469, #2735, #2689, #2606 ) ) ;
#3125 = VERTEX_POINT ( 'NONE', #474 ) ;
#3126 = DIRECTION ( 'NONE',  ( -0.7071067811865475700, 0.0000000000000000000, 0.7071067811865475700 ) ) ;
#3127 = VECTOR ( 'NONE', #3138, 1000.000000000000100 ) ;
#3128 = LINE ( 'NONE', #2925, #3123 ) ;
#3129 = STYLED_ITEM ( 'NONE', ( #1805 ), #707 ) ;
#3130 = CARTESIAN_POINT ( 'NONE',  ( 0.2200000000000006700, 8.339999999999999900, 2.860000000000000300 ) ) ;
#3131 = ORIENTED_EDGE ( 'NONE', *, *, #2234, .F. ) ;
#3132 = ORIENTED_EDGE ( 'NONE', *, *, #1470, .T. ) ;
#3133 = LINE ( 'NONE', #167, #2816 ) ;
#3134 = EDGE_LOOP ( 'NONE', ( #1434, #2329, #390, #2770 ) ) ;
#3135 = EDGE_LOOP ( 'NONE', ( #619, #2929, #1825, #1949 ) ) ;
#3136 = ORIENTED_EDGE ( 'NONE', *, *, #536, .F. ) ;
#3137 = FACE_OUTER_BOUND ( 'NONE', #299, .T. ) ;
#3138 = DIRECTION ( 'NONE',  ( -0.7071067811865474600, 0.0000000000000000000, -0.7071067811865474600 ) ) ;
#3139 = LINE ( 'NONE', #1907, #1097 ) ;
#3140 = FILL_AREA_STYLE ('',( #1382 ) ) ;
#3141 = ORIENTED_EDGE ( 'NONE', *, *, #2542, .T. ) ;
#3142 = EDGE_LOOP ( 'NONE', ( #967, #3253, #1341, #414 ) ) ;
#3143 = DIRECTION ( 'NONE',  ( 0.7071067811865474600, -0.0000000000000000000, -0.7071067811865474600 ) ) ;
#3144 = FACE_OUTER_BOUND ( 'NONE', #1715, .T. ) ;
#3145 =( NAMED_UNIT ( * ) SI_UNIT ( $, .STERADIAN. ) SOLID_ANGLE_UNIT ( ) );
#3146 =( LENGTH_UNIT ( ) NAMED_UNIT ( * ) SI_UNIT ( .MILLI., .METRE. ) );
#3147 =( GEOMETRIC_REPRESENTATION_CONTEXT ( 3 ) GLOBAL_UNCERTAINTY_ASSIGNED_CONTEXT ( ( #1916 ) ) GLOBAL_UNIT_ASSIGNED_CONTEXT ( ( #2198, #706, #2462 ) ) REPRESENTATION_CONTEXT ( 'NONE', 'WORKASPACE' ) );
#3148 = CARTESIAN_POINT ( 'NONE',  ( 0.2200000000000006100, 8.339999999999999900, 2.220000000000000200 ) ) ;
#3149 = CARTESIAN_POINT ( 'NONE',  ( 1.270000000000000000, 1.700000000000000000, 4.210000000000000000 ) ) ;
#3150 = EDGE_CURVE ( 'NONE', #2205, #724, #1050, .T. ) ;
#3151 = CARTESIAN_POINT ( 'NONE',  ( -0.2199999999999993600, -3.000000000000000000, 2.860000000000000300 ) ) ;
#3152 = LINE ( 'NONE', #2580, #3189 ) ;
#3153 = SURFACE_STYLE_USAGE ( .BOTH. , #1391 ) ;
#3154 = FILL_AREA_STYLE ('',( #2379 ) ) ;
#3155 = DIRECTION ( 'NONE',  ( 1.000000000000000000, -0.0000000000000000000, -2.492418787322999700E-016 ) ) ;
#3156 = CARTESIAN_POINT ( 'NONE',  ( -0.3199999999999988400, -3.000000000000000000, 4.860000000000000300 ) ) ;
#3157 = DIRECTION ( 'NONE',  ( -0.7071067811865474600, 0.0000000000000000000, -0.7071067811865474600 ) ) ;
#3158 = EDGE_CURVE ( 'NONE', #1850, #1175, #2951, .T. ) ;
#3159 = PRESENTATION_LAYER_ASSIGNMENT (  '', '', ( #2826 ) ) ;
#3160 = CARTESIAN_POINT ( 'NONE',  ( 1.269999999999999800, 0.0000000000000000000, 3.409999999999999700 ) ) ;
#3161 = LINE ( 'NONE', #1499, #2485 ) ;
#3162 = AXIS2_PLACEMENT_3D ( 'NONE', #48, #1804, #319 ) ;
#3163 =( NAMED_UNIT ( * ) SI_UNIT ( $, .STERADIAN. ) SOLID_ANGLE_UNIT ( ) );
#3164 = EDGE_CURVE ( 'NONE', #2094, #2267, #1616, .T. ) ;
#3165 = DIRECTION ( 'NONE',  ( 0.7071067811865474600, 0.0000000000000000000, -0.7071067811865474600 ) ) ;
#3166 = VERTEX_POINT ( 'NONE', #1232 ) ;
#3167 = CARTESIAN_POINT ( 'NONE',  ( 6.330743719800416100E-016, -3.000000000000000000, 2.540000000000000000 ) ) ;
#3168 = VERTEX_POINT ( 'NONE', #1728 ) ;
#3169 = VERTEX_POINT ( 'NONE', #483 ) ;
#3170 = CARTESIAN_POINT ( 'NONE',  ( -0.3199999999999993400, 1.700000000000000000, 2.760000000000000200 ) ) ;
#3171 = PRESENTATION_LAYER_ASSIGNMENT (  '', '', ( #2835 ) ) ;
#3172 = VERTEX_POINT ( 'NONE', #2231 ) ;
#3173 = EDGE_CURVE ( 'NONE', #801, #268, #1547, .T. ) ;
#3174 = SURFACE_SIDE_STYLE ('',( #2641 ) ) ;
#3175 = DIRECTION ( 'NONE',  ( 0.7071067811865474600, 0.0000000000000000000, 0.7071067811865474600 ) ) ;
#3176 = ORIENTED_EDGE ( 'NONE', *, *, #2825, .T. ) ;
#3177 = ORIENTED_EDGE ( 'NONE', *, *, #44, .F. ) ;
#3178 = ORIENTED_EDGE ( 'NONE', *, *, #624, .T. ) ;
#3179 = DIRECTION ( 'NONE',  ( 0.0000000000000000000, 1.000000000000000000, 0.0000000000000000000 ) ) ;
#3180 = SURFACE_STYLE_USAGE ( .BOTH. , #1421 ) ;
#3181 = AXIS2_PLACEMENT_3D ( 'NONE', #1116, #2866, #1365 ) ;
#3182 = DIRECTION ( 'NONE',  ( 0.0000000000000000000, 0.0000000000000000000, 1.000000000000000000 ) ) ;
#3183 = CARTESIAN_POINT ( 'NONE',  ( 0.3200000000000012800, -3.000000000000000000, 5.299999999999999800 ) ) ;
#3184 = CARTESIAN_POINT ( 'NONE',  ( -0.2199999999999993600, -3.000000000000000000, 2.860000000000000300 ) ) ;
#3185 = CARTESIAN_POINT ( 'NONE',  ( 1.800000000000000700, 0.2999999999999999900, 1.280000000000000000 ) ) ;
#3186 = EDGE_CURVE ( 'NONE', #2049, #430, #2199, .T. ) ;
#3187 = LINE ( 'NONE', #2324, #2387 ) ;
#3188 =( NAMED_UNIT ( * ) PLANE_ANGLE_UNIT ( ) SI_UNIT ( $, .RADIAN. ) );
#3189 = VECTOR ( 'NONE', #1096, 1000.000000000000000 ) ;
#3190 = CARTESIAN_POINT ( 'NONE',  ( -0.2199999999999988100, -3.000000000000000000, 4.760000000000000700 ) ) ;
#3191 = DIRECTION ( 'NONE',  ( 0.0000000000000000000, 0.0000000000000000000, 1.000000000000000000 ) ) ;
#3192 = SURFACE_STYLE_USAGE ( .BOTH. , #1437 ) ;
#3193 = CARTESIAN_POINT ( 'NONE',  ( -0.8699999999999987700, 1.700000000000000000, 6.349999999999999600 ) ) ;
#3194 = PLANE ( 'NONE',  #1810 ) ;
#3195 = DIRECTION ( 'NONE',  ( -0.7071067811865474600, -0.0000000000000000000, -0.7071067811865474600 ) ) ;
#3196 = ADVANCED_FACE ( 'NONE', ( #2589 ), #2870, .F. ) ;
#3197 = DIRECTION ( 'NONE',  ( 0.0000000000000000000, 0.0000000000000000000, 1.000000000000000000 ) ) ;
#3198 = VECTOR ( 'NONE', #628, 1000.000000000000000 ) ;
#3199 = MANIFOLD_SOLID_BREP ( 'LPattern13', #2338 ) ;
#3200 = SURFACE_STYLE_FILL_AREA ( #3154 ) ;
#3201 = CARTESIAN_POINT ( 'NONE',  ( -0.3199999999999994500, -3.000000000000000000, 2.319999999999999800 ) ) ;
#3202 = ORIENTED_EDGE ( 'NONE', *, *, #2635, .F. ) ;
#3203 = SURFACE_SIDE_STYLE ('',( #2257 ) ) ;
#3204 = VECTOR ( 'NONE', #2705, 1000.000000000000100 ) ;
#3205 = PRESENTATION_STYLE_ASSIGNMENT (( #354 ) ) ;
#3206 = FACE_OUTER_BOUND ( 'NONE', #3124, .T. ) ;
#3207 = MECHANICAL_DESIGN_GEOMETRIC_PRESENTATION_REPRESENTATION (  '', ( #2692 ), #107 ) ;
#3208 =( NAMED_UNIT ( * ) SI_UNIT ( $, .STERADIAN. ) SOLID_ANGLE_UNIT ( ) );
#3209 = LINE ( 'NONE', #2314, #2885 ) ;
#3210 = ORIENTED_EDGE ( 'NONE', *, *, #2418, .F. ) ;
#3211 = LINE ( 'NONE', #1132, #2532 ) ;
#3212 =( NAMED_UNIT ( * ) SI_UNIT ( $, .STERADIAN. ) SOLID_ANGLE_UNIT ( ) );
#3213 = DIRECTION ( 'NONE',  ( 0.7071067811865475700, 0.0000000000000000000, -0.7071067811865475700 ) ) ;
#3214 =( NAMED_UNIT ( * ) PLANE_ANGLE_UNIT ( ) SI_UNIT ( $, .RADIAN. ) );
#3215 = ORIENTED_EDGE ( 'NONE', *, *, #765, .F. ) ;
#3216 = EDGE_LOOP ( 'NONE', ( #3177, #1024, #3264, #457 ) ) ;
#3217 = ORIENTED_EDGE ( 'NONE', *, *, #224, .T. ) ;
#3218 = VERTEX_POINT ( 'NONE', #2620 ) ;
#3219 = SURFACE_SIDE_STYLE ('',( #2046 ) ) ;
#3220 = ORIENTED_EDGE ( 'NONE', *, *, #963, .F. ) ;
#3221 = FILL_AREA_STYLE ('',( #2943 ) ) ;
#3222 = UNCERTAINTY_MEASURE_WITH_UNIT (LENGTH_MEASURE( 1.000000000000000100E-005 ), #1875, 'distance_accuracy_value', 'NONE');
#3223 = ORIENTED_EDGE ( 'NONE', *, *, #2470, .T. ) ;
#3224 = ADVANCED_FACE ( 'NONE', ( #2555 ), #1839, .F. ) ;
#3225 = SURFACE_STYLE_USAGE ( .BOTH. , #1467 ) ;
#3226 = DIRECTION ( 'NONE',  ( -0.0000000000000000000, -1.000000000000000000, -0.0000000000000000000 ) ) ;
#3227 = DIRECTION ( 'NONE',  ( 0.7071067811865474600, -0.0000000000000000000, 0.7071067811865474600 ) ) ;
#3228 =( NAMED_UNIT ( * ) SI_UNIT ( $, .STERADIAN. ) SOLID_ANGLE_UNIT ( ) );
#3229 = LINE ( 'NONE', #3275, #1317 ) ;
#3230 = DIRECTION ( 'NONE',  ( -0.0000000000000000000, -1.000000000000000000, -0.0000000000000000000 ) ) ;
#3231 = EDGE_CURVE ( 'NONE', #2861, #1823, #2072, .T. ) ;
#3232 = FILL_AREA_STYLE_COLOUR ( '', #1829 ) ;
#3233 = STYLED_ITEM ( 'NONE', ( #1634 ), #1505 ) ;
#3234 = DIRECTION ( 'NONE',  ( 0.0000000000000000000, 1.000000000000000000, 0.0000000000000000000 ) ) ;
#3235 = CARTESIAN_POINT ( 'NONE',  ( 0.2200000000000013100, 8.339999999999999900, 5.400000000000000400 ) ) ;
#3236 = VECTOR ( 'NONE', #2840, 1000.000000000000100 ) ;
#3237 =( NAMED_UNIT ( * ) SI_UNIT ( $, .STERADIAN. ) SOLID_ANGLE_UNIT ( ) );
#3238 = CARTESIAN_POINT ( 'NONE',  ( 0.2200000000000006700, -3.000000000000000000, 2.860000000000000300 ) ) ;
#3239 = ADVANCED_FACE ( 'NONE', ( #753 ), #1389, .F. ) ;
#3240 = AXIS2_PLACEMENT_3D ( 'NONE', #846, #2588, #1114 ) ;
#3241 = PRESENTATION_LAYER_ASSIGNMENT (  '', '', ( #2896 ) ) ;
#3242 = EDGE_CURVE ( 'NONE', #2076, #2263, #519, .T. ) ;
#3243 = DIRECTION ( 'NONE',  ( -1.000000000000000000, 0.0000000000000000000, -0.0000000000000000000 ) ) ;
#3244 = SURFACE_STYLE_FILL_AREA ( #3140 ) ;
#3245 = CARTESIAN_POINT ( 'NONE',  ( 1.269999999999998700, 1.700000000000000000, -0.8700000000000003300 ) ) ;
#3246 = FILL_AREA_STYLE_COLOUR ( '', #2457 ) ;
#3247 = SURFACE_STYLE_USAGE ( .BOTH. , #1490 ) ;
#3248 = ORIENTED_EDGE ( 'NONE', *, *, #1699, .F. ) ;
#3249 = LINE ( 'NONE', #2237, #1884 ) ;
#3250 = STYLED_ITEM ( 'NONE', ( #1781 ), #2471 ) ;
#3251 = ORIENTED_EDGE ( 'NONE', *, *, #3231, .F. ) ;
#3252 = ORIENTED_EDGE ( 'NONE', *, *, #2976, .T. ) ;
#3253 = ORIENTED_EDGE ( 'NONE', *, *, #2247, .F. ) ;
#3254 = ADVANCED_FACE ( 'NONE', ( #3108 ), #1642, .T. ) ;
#3255 =( GEOMETRIC_REPRESENTATION_CONTEXT ( 3 ) GLOBAL_UNCERTAINTY_ASSIGNED_CONTEXT ( ( #537 ) ) GLOBAL_UNIT_ASSIGNED_CONTEXT ( ( #3146, #1626, #117 ) ) REPRESENTATION_CONTEXT ( 'NONE', 'WORKASPACE' ) );
#3256 = STYLED_ITEM ( 'NONE', ( #1951 ), #1285 ) ;
#3257 = CARTESIAN_POINT ( 'NONE',  ( 0.2200000000000006700, 1.700000000000000000, 2.860000000000000300 ) ) ;
#3258 = VERTEX_POINT ( 'NONE', #119 ) ;
#3259 = ORIENTED_EDGE ( 'NONE', *, *, #362, .F. ) ;
#3260 = ORIENTED_EDGE ( 'NONE', *, *, #568, .F. ) ;
#3261 = SURFACE_SIDE_STYLE ('',( #670 ) ) ;
#3262 = SURFACE_STYLE_FILL_AREA ( #1599 ) ;
#3263 = DIRECTION ( 'NONE',  ( 0.7071067811865474600, 0.0000000000000000000, 0.7071067811865474600 ) ) ;
#3264 = ORIENTED_EDGE ( 'NONE', *, *, #1133, .T. ) ;
#3265 = ORIENTED_EDGE ( 'NONE', *, *, #1764, .T. ) ;
#3266 = VERTEX_POINT ( 'NONE', #1898 ) ;
#3267 = ORIENTED_EDGE ( 'NONE', *, *, #1768, .F. ) ;
#3268 = PRESENTATION_STYLE_ASSIGNMENT (( #805 ) ) ;
#3269 = FILL_AREA_STYLE ('',( #2744 ) ) ;
#3270 =( LENGTH_UNIT ( ) NAMED_UNIT ( * ) SI_UNIT ( .MILLI., .METRE. ) );
#3271 = FILL_AREA_STYLE ('',( #3001 ) ) ;
#3272 = EDGE_CURVE ( 'NONE', #266, #2761, #294, .T. ) ;
#3273 =( GEOMETRIC_REPRESENTATION_CONTEXT ( 3 ) GLOBAL_UNCERTAINTY_ASSIGNED_CONTEXT ( ( #2510 ) ) GLOBAL_UNIT_ASSIGNED_CONTEXT ( ( #684, #642, #703 ) ) REPRESENTATION_CONTEXT ( 'NONE', 'WORKASPACE' ) );
#3274 = ADVANCED_FACE ( 'NONE', ( #2195 ), #2150, .T. ) ;
#3275 = CARTESIAN_POINT ( 'NONE',  ( -0.2199999999999988100, 8.339999999999999900, 4.760000000000000700 ) ) ;
ENDSEC;
END-ISO-10303-21;
