ISO-10303-21;
HEADER;
FILE_DESCRIPTION (( 'STEP AP214' ),
    '1' );
FILE_NAME ('1x4.STEP',
    '2019-03-31T21:23:30',
    ( '' ),
    ( '' ),
    'SwSTEP 2.0',
    'SolidWorks 2014',
    '' );
FILE_SCHEMA (( 'AUTOMOTIVE_DESIGN' ));
ENDSEC;

DATA;
#1 = EDGE_CURVE ( 'NONE', #1652, #3672, #80, .T. ) ;
#2 = FILL_AREA_STYLE ('',( #4041 ) ) ;
#3 = FACE_OUTER_BOUND ( 'NONE', #4130, .T. ) ;
#4 = FILL_AREA_STYLE ('',( #4023 ) ) ;
#5 = CARTESIAN_POINT ( 'NONE',  ( -0.3200000000000000600, -3.000000000000000000, -0.2200000000000000800 ) ) ;
#6 = CARTESIAN_POINT ( 'NONE',  ( 0.2200000000000006100, 0.2999999999999999300, 2.220000000000000200 ) ) ;
#7 = DIRECTION ( 'NONE',  ( -1.232047923278982200E-016, 0.0000000000000000000, -1.000000000000000000 ) ) ;
#8 = CARTESIAN_POINT ( 'NONE',  ( -0.2199999999999988100, -3.000000000000000000, 4.760000000000000700 ) ) ;
#9 =( GEOMETRIC_REPRESENTATION_CONTEXT ( 3 ) GLOBAL_UNCERTAINTY_ASSIGNED_CONTEXT ( ( #2261 ) ) GLOBAL_UNIT_ASSIGNED_CONTEXT ( ( #2585, #587, #2947 ) ) REPRESENTATION_CONTEXT ( 'NONE', 'WORKASPACE' ) );
#10 = CARTESIAN_POINT ( 'NONE',  ( -0.3199999999999994500, -3.000000000000000000, 2.319999999999999800 ) ) ;
#11 = PLANE ( 'NONE',  #1030 ) ;
#12 = CARTESIAN_POINT ( 'NONE',  ( 0.2199999999999999700, -3.000000000000000000, -0.3200000000000000600 ) ) ;
#13 = VECTOR ( 'NONE', #1397, 1000.000000000000000 ) ;
#14 =( GEOMETRIC_REPRESENTATION_CONTEXT ( 3 ) GLOBAL_UNCERTAINTY_ASSIGNED_CONTEXT ( ( #3336 ) ) GLOBAL_UNIT_ASSIGNED_CONTEXT ( ( #498, #2856, #843 ) ) REPRESENTATION_CONTEXT ( 'NONE', 'WORKASPACE' ) );
#15 = CARTESIAN_POINT ( 'NONE',  ( -0.3200000000000000600, 8.339999999999999900, -0.2200000000000000800 ) ) ;
#16 = ORIENTED_EDGE ( 'NONE', *, *, #2244, .T. ) ;
#17 = DIRECTION ( 'NONE',  ( -2.492418787322999200E-016, -0.0000000000000000000, -1.000000000000000000 ) ) ;
#18 = FACE_OUTER_BOUND ( 'NONE', #726, .T. ) ;
#19 = SURFACE_STYLE_USAGE ( .BOTH. , #2046 ) ;
#20 = CARTESIAN_POINT ( 'NONE',  ( -1.269999999999998500, 1.700000000000000000, 6.750000000000000000 ) ) ;
#21 = LINE ( 'NONE', #773, #4381 ) ;
#22 =( LENGTH_UNIT ( ) NAMED_UNIT ( * ) SI_UNIT ( .MILLI., .METRE. ) );
#23 = VERTEX_POINT ( 'NONE', #957 ) ;
#24 = EDGE_CURVE ( 'NONE', #2817, #1721, #21, .T. ) ;
#25 = VERTEX_POINT ( 'NONE', #968 ) ;
#26 = ORIENTED_EDGE ( 'NONE', *, *, #310, .F. ) ;
#27 =( GEOMETRIC_REPRESENTATION_CONTEXT ( 3 ) GLOBAL_UNCERTAINTY_ASSIGNED_CONTEXT ( ( #3239 ) ) GLOBAL_UNIT_ASSIGNED_CONTEXT ( ( #967, #3317, #1305 ) ) REPRESENTATION_CONTEXT ( 'NONE', 'WORKASPACE' ) );
#28 = ORIENTED_EDGE ( 'NONE', *, *, #91, .T. ) ;
#29 = VERTEX_POINT ( 'NONE', #941 ) ;
#30 = MECHANICAL_DESIGN_GEOMETRIC_PRESENTATION_REPRESENTATION (  '', ( #3743 ), #256 ) ;
#31 = LINE ( 'NONE', #3076, #1829 ) ;
#32 = DIRECTION ( 'NONE',  ( 0.7071067811865475700, 0.0000000000000000000, -0.7071067811865475700 ) ) ;
#33 = EDGE_CURVE ( 'NONE', #1937, #833, #89, .T. ) ;
#34 = SURFACE_STYLE_USAGE ( .BOTH. , #2061 ) ;
#35 = CARTESIAN_POINT ( 'NONE',  ( 1.269999999999998700, 1.700000000000000000, -0.8700000000000003300 ) ) ;
#36 = VECTOR ( 'NONE', #1020, 1000.000000000000100 ) ;
#37 = ORIENTED_EDGE ( 'NONE', *, *, #2289, .T. ) ;
#38 =( NAMED_UNIT ( * ) PLANE_ANGLE_UNIT ( ) SI_UNIT ( $, .RADIAN. ) );
#39 = EDGE_CURVE ( 'NONE', #3986, #2590, #4377, .T. ) ;
#40 = DIRECTION ( 'NONE',  ( 2.464095846557964400E-016, 0.0000000000000000000, 1.000000000000000000 ) ) ;
#41 = VECTOR ( 'NONE', #3274, 1000.000000000000100 ) ;
#42 = DIRECTION ( 'NONE',  ( -1.000000000000000000, -0.0000000000000000000, -0.0000000000000000000 ) ) ;
#43 = EDGE_CURVE ( 'NONE', #2981, #3820, #4272, .T. ) ;
#44 =( GEOMETRIC_REPRESENTATION_CONTEXT ( 3 ) GLOBAL_UNCERTAINTY_ASSIGNED_CONTEXT ( ( #1959 ) ) GLOBAL_UNIT_ASSIGNED_CONTEXT ( ( #1384, #3744, #1713 ) ) REPRESENTATION_CONTEXT ( 'NONE', 'WORKASPACE' ) );
#45 = SURFACE_STYLE_FILL_AREA ( #2178 ) ;
#46 = LINE ( 'NONE', #3381, #371 ) ;
#47 = PRESENTATION_LAYER_ASSIGNMENT (  '', '', ( #3965 ) ) ;
#48 = FACE_OUTER_BOUND ( 'NONE', #2663, .T. ) ;
#49 = VECTOR ( 'NONE', #1059, 1000.000000000000000 ) ;
#50 = SURFACE_STYLE_USAGE ( .BOTH. , #2077 ) ;
#51 = CARTESIAN_POINT ( 'NONE',  ( 1.270000000000000500, 1.700000000000000000, 5.949999999999999300 ) ) ;
#52 = VECTOR ( 'NONE', #907, 1000.000000000000000 ) ;
#53 = FILL_AREA_STYLE ('',( #3073 ) ) ;
#54 = CARTESIAN_POINT ( 'NONE',  ( -0.2199999999999988400, 1.700000000000000000, 7.299999999999999800 ) ) ;
#55 = ADVANCED_FACE ( 'NONE', ( #4321 ), #415, .F. ) ;
#56 = COLOUR_RGB ( '',0.0000000000000000000, 0.03529411764705882300, 0.05882352941176470500 ) ;
#57 = CARTESIAN_POINT ( 'NONE',  ( 0.2200000000000006700, 1.700000000000000000, 2.860000000000000300 ) ) ;
#58 =( GEOMETRIC_REPRESENTATION_CONTEXT ( 3 ) GLOBAL_UNCERTAINTY_ASSIGNED_CONTEXT ( ( #3739 ) ) GLOBAL_UNIT_ASSIGNED_CONTEXT ( ( #1026, #3374, #1362 ) ) REPRESENTATION_CONTEXT ( 'NONE', 'WORKASPACE' ) );
#59 = SURFACE_STYLE_FILL_AREA ( #2795 ) ;
#60 = CARTESIAN_POINT ( 'NONE',  ( 0.3199999999999999500, -3.000000000000000000, -0.2200000000000000800 ) ) ;
#61 =( NAMED_UNIT ( * ) PLANE_ANGLE_UNIT ( ) SI_UNIT ( $, .RADIAN. ) );
#62 = VECTOR ( 'NONE', #549, 1000.000000000000100 ) ;
#63 = VECTOR ( 'NONE', #683, 1000.000000000000000 ) ;
#64 = DIRECTION ( 'NONE',  ( 0.0000000000000000000, 1.000000000000000000, 0.0000000000000000000 ) ) ;
#65 = DIRECTION ( 'NONE',  ( 0.0000000000000000000, 0.0000000000000000000, 1.000000000000000000 ) ) ;
#66 = EDGE_CURVE ( 'NONE', #604, #1258, #3586, .T. ) ;
#67 = PRESENTATION_STYLE_ASSIGNMENT (( #1642 ) ) ;
#68 = FILL_AREA_STYLE_COLOUR ( '', #3075 ) ;
#69 = DIRECTION ( 'NONE',  ( 1.000000000000000000, 0.0000000000000000000, 0.0000000000000000000 ) ) ;
#70 =( NAMED_UNIT ( * ) PLANE_ANGLE_UNIT ( ) SI_UNIT ( $, .RADIAN. ) );
#71 =( NAMED_UNIT ( * ) SI_UNIT ( $, .STERADIAN. ) SOLID_ANGLE_UNIT ( ) );
#72 = FILL_AREA_STYLE ('',( #3776 ) ) ;
#73 = ORIENTED_EDGE ( 'NONE', *, *, #1533, .F. ) ;
#74 = DIRECTION ( 'NONE',  ( -2.492418787322998300E-016, 0.0000000000000000000, -1.000000000000000000 ) ) ;
#75 = ADVANCED_FACE ( 'NONE', ( #3589 ), #3199, .T. ) ;
#76 = PRESENTATION_LAYER_ASSIGNMENT (  '', '', ( #4228 ) ) ;
#77 = ORIENTED_EDGE ( 'NONE', *, *, #3060, .F. ) ;
#78 = PRESENTATION_LAYER_ASSIGNMENT (  '', '', ( #1554 ) ) ;
#79 = DIRECTION ( 'NONE',  ( -0.7071067811865474600, 0.0000000000000000000, 0.7071067811865474600 ) ) ;
#80 = LINE ( 'NONE', #987, #36 ) ;
#81 = PRESENTATION_LAYER_ASSIGNMENT (  '', '', ( #4004 ) ) ;
#82 = VECTOR ( 'NONE', #868, 1000.000000000000100 ) ;
#83 =( LENGTH_UNIT ( ) NAMED_UNIT ( * ) SI_UNIT ( .MILLI., .METRE. ) );
#84 = VECTOR ( 'NONE', #716, 1000.000000000000000 ) ;
#85 = SURFACE_STYLE_USAGE ( .BOTH. , #2114 ) ;
#86 = VERTEX_POINT ( 'NONE', #490 ) ;
#87 = EDGE_CURVE ( 'NONE', #833, #2201, #3012, .T. ) ;
#88 = CARTESIAN_POINT ( 'NONE',  ( -0.2199999999999980900, -3.000000000000000000, 7.939999999999999500 ) ) ;
#89 = LINE ( 'NONE', #923, #84 ) ;
#90 = VERTEX_POINT ( 'NONE', #521 ) ;
#91 = EDGE_CURVE ( 'NONE', #4029, #3672, #3015, .T. ) ;
#92 = COLOUR_RGB ( '',1.000000000000000000, 1.000000000000000000, 1.000000000000000000 ) ;
#93 = PRESENTATION_STYLE_ASSIGNMENT (( #1337 ) ) ;
#94 = VERTEX_POINT ( 'NONE', #2168 ) ;
#95 = COLOUR_RGB ( '',0.0000000000000000000, 0.03529411764705882300, 0.05882352941176470500 ) ;
#96 = DIRECTION ( 'NONE',  ( 0.0000000000000000000, 1.000000000000000000, -0.0000000000000000000 ) ) ;
#97 = ADVANCED_FACE ( 'NONE', ( #2906 ), #1506, .T. ) ;
#98 = LINE ( 'NONE', #2119, #899 ) ;
#99 = MECHANICAL_DESIGN_GEOMETRIC_PRESENTATION_REPRESENTATION (  '', ( #3802 ), #319 ) ;
#100 = FACE_OUTER_BOUND ( 'NONE', #3202, .T. ) ;
#101 = SURFACE_STYLE_USAGE ( .BOTH. , #2124 ) ;
#102 = CARTESIAN_POINT ( 'NONE',  ( -0.8700000000000005500, 1.700000000000000000, -1.270000000000000200 ) ) ;
#103 = AXIS2_PLACEMENT_3D ( 'NONE', #3074, #1060, #3396 ) ;
#104 = VECTOR ( 'NONE', #1599, 1000.000000000000000 ) ;
#105 = MECHANICAL_DESIGN_GEOMETRIC_PRESENTATION_REPRESENTATION (  '', ( #3806 ), #326 ) ;
#106 = UNCERTAINTY_MEASURE_WITH_UNIT (LENGTH_MEASURE( 1.000000000000000100E-005 ), #269, 'distance_accuracy_value', 'NONE');
#107 = FACE_OUTER_BOUND ( 'NONE', #3722, .T. ) ;
#108 = VECTOR ( 'NONE', #3164, 1000.000000000000100 ) ;
#109 = PRESENTATION_STYLE_ASSIGNMENT (( #2283 ) ) ;
#110 = SURFACE_STYLE_FILL_AREA ( #132 ) ;
#111 =( NAMED_UNIT ( * ) SI_UNIT ( $, .STERADIAN. ) SOLID_ANGLE_UNIT ( ) );
#112 = CARTESIAN_POINT ( 'NONE',  ( -1.269999999999998500, 0.0000000000000000000, 6.750000000000000000 ) ) ;
#113 = DIRECTION ( 'NONE',  ( 2.464095846557964400E-016, 0.0000000000000000000, 1.000000000000000000 ) ) ;
#114 = LINE ( 'NONE', #1095, #1907 ) ;
#115 = LINE ( 'NONE', #526, #2381 ) ;
#116 = MECHANICAL_DESIGN_GEOMETRIC_PRESENTATION_REPRESENTATION (  '', ( #3818 ), #342 ) ;
#117 = PRESENTATION_LAYER_ASSIGNMENT (  '', '', ( #4039 ) ) ;
#118 = ADVANCED_FACE ( 'NONE', ( #1904 ), #4173, .T. ) ;
#119 = EDGE_CURVE ( 'NONE', #29, #1415, #1271, .T. ) ;
#120 = FILL_AREA_STYLE ('',( #3801 ) ) ;
#121 = PRESENTATION_STYLE_ASSIGNMENT (( #50 ) ) ;
#122 =( LENGTH_UNIT ( ) NAMED_UNIT ( * ) SI_UNIT ( .MILLI., .METRE. ) );
#123 = VERTEX_POINT ( 'NONE', #3531 ) ;
#124 =( NAMED_UNIT ( * ) SI_UNIT ( $, .STERADIAN. ) SOLID_ANGLE_UNIT ( ) );
#125 = EDGE_CURVE ( 'NONE', #1457, #86, #1323, .T. ) ;
#126 = ORIENTED_EDGE ( 'NONE', *, *, #2125, .T. ) ;
#127 = CARTESIAN_POINT ( 'NONE',  ( 0.3199999999999999500, -3.000000000000000000, -0.2200000000000000800 ) ) ;
#128 = PLANE ( 'NONE',  #1254 ) ;
#129 = AXIS2_PLACEMENT_3D ( 'NONE', #2767, #765, #3124 ) ;
#130 = ORIENTED_EDGE ( 'NONE', *, *, #951, .F. ) ;
#131 = ORIENTED_EDGE ( 'NONE', *, *, #721, .T. ) ;
#132 = FILL_AREA_STYLE ('',( #492 ) ) ;
#133 = VERTEX_POINT ( 'NONE', #2509 ) ;
#134 = CARTESIAN_POINT ( 'NONE',  ( 0.3200000000000006200, -3.000000000000000000, 2.319999999999999800 ) ) ;
#135 = ORIENTED_EDGE ( 'NONE', *, *, #2864, .T. ) ;
#136 = ORIENTED_EDGE ( 'NONE', *, *, #1671, .T. ) ;
#137 = SURFACE_STYLE_FILL_AREA ( #3847 ) ;
#138 = CARTESIAN_POINT ( 'NONE',  ( 0.7500000000000000000, 0.0000000000000000000, -1.270000000000000500 ) ) ;
#139 = UNCERTAINTY_MEASURE_WITH_UNIT (LENGTH_MEASURE( 1.000000000000000100E-005 ), #318, 'distance_accuracy_value', 'NONE');
#140 = ORIENTED_EDGE ( 'NONE', *, *, #2069, .T. ) ;
#141 = MECHANICAL_DESIGN_GEOMETRIC_PRESENTATION_REPRESENTATION (  '', ( #3843 ), #375 ) ;
#142 = EDGE_LOOP ( 'NONE', ( #2142, #362, #729, #3097 ) ) ;
#143 = ORIENTED_EDGE ( 'NONE', *, *, #2835, .F. ) ;
#144 = LINE ( 'NONE', #387, #2604 ) ;
#145 =( LENGTH_UNIT ( ) NAMED_UNIT ( * ) SI_UNIT ( .MILLI., .METRE. ) );
#146 = ADVANCED_FACE ( 'NONE', ( #1122 ), #2480, .T. ) ;
#147 = COLOUR_RGB ( '',1.000000000000000000, 1.000000000000000000, 1.000000000000000000 ) ;
#148 =( NAMED_UNIT ( * ) PLANE_ANGLE_UNIT ( ) SI_UNIT ( $, .RADIAN. ) );
#149 = ORIENTED_EDGE ( 'NONE', *, *, #3282, .F. ) ;
#150 = VERTEX_POINT ( 'NONE', #2488 ) ;
#151 = EDGE_CURVE ( 'NONE', #1363, #505, #212, .T. ) ;
#152 = LINE ( 'NONE', #2944, #4306 ) ;
#153 = PLANE ( 'NONE',  #2351 ) ;
#154 = LINE ( 'NONE', #769, #1943 ) ;
#155 = PRESENTATION_STYLE_ASSIGNMENT (( #1155 ) ) ;
#156 = LINE ( 'NONE', #1717, #49 ) ;
#157 = SURFACE_SIDE_STYLE ('',( #45 ) ) ;
#158 = DIRECTION ( 'NONE',  ( -0.0000000000000000000, -1.000000000000000000, -0.0000000000000000000 ) ) ;
#159 = FACE_OUTER_BOUND ( 'NONE', #2550, .T. ) ;
#160 = PRESENTATION_LAYER_ASSIGNMENT (  '', '', ( #4080 ) ) ;
#161 = COLOUR_RGB ( '',0.0000000000000000000, 0.03529411764705882300, 0.05882352941176470500 ) ;
#162 = ADVANCED_FACE ( 'NONE', ( #159 ), #153, .F. ) ;
#163 = CARTESIAN_POINT ( 'NONE',  ( 1.270000000000000500, 0.0000000000000000000, 5.949999999999999300 ) ) ;
#164 = AXIS2_PLACEMENT_3D ( 'NONE', #2318, #309, #2664 ) ;
#165 = VECTOR ( 'NONE', #1674, 1000.000000000000000 ) ;
#166 = CARTESIAN_POINT ( 'NONE',  ( 0.3200000000000012300, -3.000000000000000000, 4.860000000000000300 ) ) ;
#167 = COLOUR_RGB ( '',1.000000000000000000, 1.000000000000000000, 1.000000000000000000 ) ;
#168 = SURFACE_STYLE_USAGE ( .BOTH. , #2188 ) ;
#169 = CARTESIAN_POINT ( 'NONE',  ( 1.270000000000000000, 1.700000000000000000, 4.210000000000000000 ) ) ;
#170 = DIRECTION ( 'NONE',  ( -1.000000000000000000, 0.0000000000000000000, -0.0000000000000000000 ) ) ;
#171 = LINE ( 'NONE', #1268, #1960 ) ;
#172 = STYLED_ITEM ( 'NONE', ( #1685 ), #1187 ) ;
#173 = PLANE ( 'NONE',  #4373 ) ;
#174 = EDGE_LOOP ( 'NONE', ( #1192, #2555, #2022, #2033 ) ) ;
#175 = CARTESIAN_POINT ( 'NONE',  ( -0.2199999999999992800, 1.700000000000000000, 4.760000000000000700 ) ) ;
#176 = VERTEX_POINT ( 'NONE', #1140 ) ;
#177 = PRESENTATION_LAYER_ASSIGNMENT (  '', '', ( #4106 ) ) ;
#178 = ORIENTED_EDGE ( 'NONE', *, *, #3957, .T. ) ;
#179 = UNCERTAINTY_MEASURE_WITH_UNIT (LENGTH_MEASURE( 1.000000000000000100E-005 ), #2097, 'distance_accuracy_value', 'NONE');
#180 = FILL_AREA_STYLE ('',( #1532 ) ) ;
#181 = ADVANCED_FACE ( 'NONE', ( #3150 ), #3421, .T. ) ;
#182 = EDGE_CURVE ( 'NONE', #243, #86, #2036, .T. ) ;
#183 = STYLED_ITEM ( 'NONE', ( #2807 ), #2096 ) ;
#184 = EDGE_LOOP ( 'NONE', ( #3782, #514, #3570, #3830 ) ) ;
#185 = LINE ( 'NONE', #4225, #2655 ) ;
#186 = DIRECTION ( 'NONE',  ( 0.0000000000000000000, 0.0000000000000000000, -1.000000000000000000 ) ) ;
#187 = CARTESIAN_POINT ( 'NONE',  ( 0.3200000000000018900, 8.339999999999999900, 7.400000000000000400 ) ) ;
#188 =( GEOMETRIC_REPRESENTATION_CONTEXT ( 3 ) GLOBAL_UNCERTAINTY_ASSIGNED_CONTEXT ( ( #2226 ) ) GLOBAL_UNIT_ASSIGNED_CONTEXT ( ( #4147, #2130, #111 ) ) REPRESENTATION_CONTEXT ( 'NONE', 'WORKASPACE' ) );
#189 = ORIENTED_EDGE ( 'NONE', *, *, #3962, .T. ) ;
#190 = ORIENTED_EDGE ( 'NONE', *, *, #3194, .T. ) ;
#191 = VERTEX_POINT ( 'NONE', #1159 ) ;
#192 = CARTESIAN_POINT ( 'NONE',  ( -0.3199999999999987300, -3.000000000000000000, 5.299999999999999800 ) ) ;
#193 = PLANE ( 'NONE',  #1213 ) ;
#194 = EDGE_LOOP ( 'NONE', ( #2821, #617, #1408, #3094, #1982, #1648, #3670, #3395 ) ) ;
#195 = EDGE_LOOP ( 'NONE', ( #73, #1242, #2838, #3768 ) ) ;
#196 =( NAMED_UNIT ( * ) PLANE_ANGLE_UNIT ( ) SI_UNIT ( $, .RADIAN. ) );
#197 = STYLED_ITEM ( 'NONE', ( #3932 ), #4165 ) ;
#198 = VECTOR ( 'NONE', #1227, 1000.000000000000000 ) ;
#199 = SURFACE_SIDE_STYLE ('',( #2458 ) ) ;
#200 = CARTESIAN_POINT ( 'NONE',  ( 1.270000000000000000, 1.700000000000000000, 4.210000000000000000 ) ) ;
#201 = DIRECTION ( 'NONE',  ( 2.492418787322998300E-016, 0.0000000000000000000, 1.000000000000000000 ) ) ;
#202 = FACE_OUTER_BOUND ( 'NONE', #2717, .T. ) ;
#203 = AXIS2_PLACEMENT_3D ( 'NONE', #2760, #755, #3109 ) ;
#204 = CARTESIAN_POINT ( 'NONE',  ( -0.3199999999999981700, 8.339999999999999900, 7.400000000000000400 ) ) ;
#205 = VECTOR ( 'NONE', #1755, 1000.000000000000000 ) ;
#206 = PRESENTATION_STYLE_ASSIGNMENT (( #792 ) ) ;
#207 = CARTESIAN_POINT ( 'NONE',  ( 1.270000000000000500, 1.700000000000000000, 5.949999999999999300 ) ) ;
#208 = VECTOR ( 'NONE', #3621, 1000.000000000000000 ) ;
#209 = UNCERTAINTY_MEASURE_WITH_UNIT (LENGTH_MEASURE( 1.000000000000000100E-005 ), #3333, 'distance_accuracy_value', 'NONE');
#210 =( LENGTH_UNIT ( ) NAMED_UNIT ( * ) SI_UNIT ( .MILLI., .METRE. ) );
#211 = EDGE_CURVE ( 'NONE', #2886, #1988, #1973, .T. ) ;
#212 = LINE ( 'NONE', #1174, #108 ) ;
#213 = LINE ( 'NONE', #975, #2006 ) ;
#214 = LINE ( 'NONE', #2600, #3587 ) ;
#215 = PRESENTATION_STYLE_ASSIGNMENT (( #2912 ) ) ;
#216 = DIRECTION ( 'NONE',  ( 0.0000000000000000000, 0.0000000000000000000, 1.000000000000000000 ) ) ;
#217 = FACE_OUTER_BOUND ( 'NONE', #657, .T. ) ;
#218 =( GEOMETRIC_REPRESENTATION_CONTEXT ( 3 ) GLOBAL_UNCERTAINTY_ASSIGNED_CONTEXT ( ( #2918 ) ) GLOBAL_UNIT_ASSIGNED_CONTEXT ( ( #1332, #3684, #1663 ) ) REPRESENTATION_CONTEXT ( 'NONE', 'WORKASPACE' ) );
#219 = VECTOR ( 'NONE', #1511, 1000.000000000000100 ) ;
#220 = PRESENTATION_LAYER_ASSIGNMENT (  '', '', ( #4143 ) ) ;
#221 = VECTOR ( 'NONE', #3320, 1000.000000000000000 ) ;
#222 = CARTESIAN_POINT ( 'NONE',  ( -0.8699999999999998800, 0.0000000000000000000, 1.269999999999999800 ) ) ;
#223 = EDGE_CURVE ( 'NONE', #505, #1724, #2141, .T. ) ;
#224 = DIRECTION ( 'NONE',  ( -1.000000000000000000, 0.0000000000000000000, 0.0000000000000000000 ) ) ;
#225 = ORIENTED_EDGE ( 'NONE', *, *, #1485, .T. ) ;
#226 = CARTESIAN_POINT ( 'NONE',  ( 1.270000000000000700, 1.700000000000000000, 6.750000000000000000 ) ) ;
#227 = CARTESIAN_POINT ( 'NONE',  ( -0.8699999999999985500, 1.700000000000000000, 6.349999999999999600 ) ) ;
#228 = EDGE_CURVE ( 'NONE', #2145, #3048, #2198, .T. ) ;
#229 = ORIENTED_EDGE ( 'NONE', *, *, #4196, .T. ) ;
#230 = COLOUR_RGB ( '',0.0000000000000000000, 0.03529411764705882300, 0.05882352941176470500 ) ;
#231 = DIRECTION ( 'NONE',  ( -2.492418787322998300E-016, 0.0000000000000000000, -1.000000000000000000 ) ) ;
#232 = ORIENTED_EDGE ( 'NONE', *, *, #1430, .F. ) ;
#233 = UNCERTAINTY_MEASURE_WITH_UNIT (LENGTH_MEASURE( 1.000000000000000100E-005 ), #2242, 'distance_accuracy_value', 'NONE');
#234 = ORIENTED_EDGE ( 'NONE', *, *, #2111, .F. ) ;
#235 = VERTEX_POINT ( 'NONE', #3562 ) ;
#236 = VERTEX_POINT ( 'NONE', #3906 ) ;
#237 = CARTESIAN_POINT ( 'NONE',  ( -0.8699999999999994400, 1.700000000000000000, 3.810000000000000100 ) ) ;
#238 = STYLED_ITEM ( 'NONE', ( #908 ), #441 ) ;
#239 = STYLED_ITEM ( 'NONE', ( #3120 ), #1501 ) ;
#240 = ORIENTED_EDGE ( 'NONE', *, *, #4068, .T. ) ;
#241 = EDGE_LOOP ( 'NONE', ( #4338, #1708, #3888, #603 ) ) ;
#242 =( NAMED_UNIT ( * ) SI_UNIT ( $, .STERADIAN. ) SOLID_ANGLE_UNIT ( ) );
#243 = VERTEX_POINT ( 'NONE', #1888 ) ;
#244 = SURFACE_STYLE_USAGE ( .BOTH. , #2262 ) ;
#245 = LINE ( 'NONE', #8, #2042 ) ;
#246 = LINE ( 'NONE', #3016, #1935 ) ;
#247 = CARTESIAN_POINT ( 'NONE',  ( -0.3199999999999988400, -3.000000000000000000, 4.860000000000000300 ) ) ;
#248 = STYLED_ITEM ( 'NONE', ( #3430 ), #3221 ) ;
#249 = ORIENTED_EDGE ( 'NONE', *, *, #830, .T. ) ;
#250 =( NAMED_UNIT ( * ) PLANE_ANGLE_UNIT ( ) SI_UNIT ( $, .RADIAN. ) );
#251 = VECTOR ( 'NONE', #2928, 1000.000000000000000 ) ;
#252 = EDGE_CURVE ( 'NONE', #1295, #2601, #1255, .T. ) ;
#253 = LINE ( 'NONE', #3864, #3419 ) ;
#254 = SURFACE_STYLE_FILL_AREA ( #4364 ) ;
#255 = CARTESIAN_POINT ( 'NONE',  ( 1.269999999999999400, 1.700000000000000000, 1.669999999999999900 ) ) ;
#256 =( GEOMETRIC_REPRESENTATION_CONTEXT ( 3 ) GLOBAL_UNCERTAINTY_ASSIGNED_CONTEXT ( ( #1121 ) ) GLOBAL_UNIT_ASSIGNED_CONTEXT ( ( #3180, #1163, #3516 ) ) REPRESENTATION_CONTEXT ( 'NONE', 'WORKASPACE' ) );
#257 = CARTESIAN_POINT ( 'NONE',  ( -0.3199999999999993400, 0.2999999999999999300, 2.760000000000000200 ) ) ;
#258 = EDGE_CURVE ( 'NONE', #449, #1057, #1598, .T. ) ;
#259 = LINE ( 'NONE', #10, #3754 ) ;
#260 =( NAMED_UNIT ( * ) PLANE_ANGLE_UNIT ( ) SI_UNIT ( $, .RADIAN. ) );
#261 = COLOUR_RGB ( '',0.0000000000000000000, 0.03529411764705882300, 0.05882352941176470500 ) ;
#262 = EDGE_CURVE ( 'NONE', #2924, #123, #1239, .T. ) ;
#263 = FILL_AREA_STYLE_COLOUR ( '', #167 ) ;
#264 = DIRECTION ( 'NONE',  ( -1.000000000000000000, 0.0000000000000000000, 0.0000000000000000000 ) ) ;
#265 = EDGE_CURVE ( 'NONE', #287, #3772, #935, .T. ) ;
#266 = LINE ( 'NONE', #1340, #165 ) ;
#267 =( NAMED_UNIT ( * ) SI_UNIT ( $, .STERADIAN. ) SOLID_ANGLE_UNIT ( ) );
#268 = MECHANICAL_DESIGN_GEOMETRIC_PRESENTATION_REPRESENTATION (  '', ( #3965 ), #504 ) ;
#269 =( LENGTH_UNIT ( ) NAMED_UNIT ( * ) SI_UNIT ( .MILLI., .METRE. ) );
#270 =( NAMED_UNIT ( * ) PLANE_ANGLE_UNIT ( ) SI_UNIT ( $, .RADIAN. ) );
#271 = FILL_AREA_STYLE_COLOUR ( '', #960 ) ;
#272 = PRESENTATION_STYLE_ASSIGNMENT (( #2050 ) ) ;
#273 = DIRECTION ( 'NONE',  ( 0.0000000000000000000, 1.000000000000000000, 0.0000000000000000000 ) ) ;
#274 = CARTESIAN_POINT ( 'NONE',  ( 6.330743719800416100E-016, 8.339999999999999900, 2.540000000000000000 ) ) ;
#275 = VERTEX_POINT ( 'NONE', #3914 ) ;
#276 = SURFACE_STYLE_USAGE ( .BOTH. , #2299 ) ;
#277 = ORIENTED_EDGE ( 'NONE', *, *, #909, .F. ) ;
#278 = PLANE ( 'NONE',  #725 ) ;
#279 = VECTOR ( 'NONE', #1911, 1000.000000000000100 ) ;
#280 = CARTESIAN_POINT ( 'NONE',  ( -0.3199999999999993400, -3.000000000000000000, 2.760000000000000200 ) ) ;
#281 = SURFACE_STYLE_USAGE ( .BOTH. , #2302 ) ;
#282 = EDGE_LOOP ( 'NONE', ( #1144, #232, #396, #3192 ) ) ;
#283 = EDGE_CURVE ( 'NONE', #2454, #1756, #877, .T. ) ;
#284 = ORIENTED_EDGE ( 'NONE', *, *, #4156, .T. ) ;
#285 = CARTESIAN_POINT ( 'NONE',  ( -0.2199999999999982000, -3.000000000000000000, 7.299999999999999800 ) ) ;
#286 = DIRECTION ( 'NONE',  ( -1.232047923278982200E-016, 0.0000000000000000000, -1.000000000000000000 ) ) ;
#287 = VERTEX_POINT ( 'NONE', #560 ) ;
#288 = EDGE_LOOP ( 'NONE', ( #3935, #3106, #1298, #1188 ) ) ;
#289 = FILL_AREA_STYLE ('',( #1297 ) ) ;
#290 = EDGE_LOOP ( 'NONE', ( #3053, #2987, #2355, #3467, #3788, #37, #249, #406 ) ) ;
#291 = DIRECTION ( 'NONE',  ( -0.7071067811865474600, -0.0000000000000000000, 0.7071067811865474600 ) ) ;
#292 = COLOUR_RGB ( '',0.0000000000000000000, 0.03529411764705882300, 0.05882352941176470500 ) ;
#293 = VERTEX_POINT ( 'NONE', #3253 ) ;
#294 = EDGE_LOOP ( 'NONE', ( #3882, #1972, #1761, #2098, #2026, #614, #4142, #781 ) ) ;
#295 = PLANE ( 'NONE',  #1042 ) ;
#296 = MECHANICAL_DESIGN_GEOMETRIC_PRESENTATION_REPRESENTATION (  '', ( #4228 ), #535 ) ;
#297 = CARTESIAN_POINT ( 'NONE',  ( -0.2200000000000001400, 1.700000000000000000, 7.939999999999999500 ) ) ;
#298 = MECHANICAL_DESIGN_GEOMETRIC_PRESENTATION_REPRESENTATION (  '', ( #1554 ), #536 ) ;
#299 =( LENGTH_UNIT ( ) NAMED_UNIT ( * ) SI_UNIT ( .MILLI., .METRE. ) );
#300 = CARTESIAN_POINT ( 'NONE',  ( 1.000000000000000200, 1.700000000000000000, 1.000000000000000200 ) ) ;
#301 = FACE_OUTER_BOUND ( 'NONE', #2651, .T. ) ;
#302 = LINE ( 'NONE', #3908, #1001 ) ;
#303 = FILL_AREA_STYLE_COLOUR ( '', #4066 ) ;
#304 = CARTESIAN_POINT ( 'NONE',  ( 0.2200000000000019400, -3.000000000000000000, 7.939999999999999500 ) ) ;
#305 = MECHANICAL_DESIGN_GEOMETRIC_PRESENTATION_REPRESENTATION (  '', ( #4004 ), #540 ) ;
#306 = CARTESIAN_POINT ( 'NONE',  ( -0.3199999999999981700, -3.000000000000000000, 7.400000000000000400 ) ) ;
#307 = LINE ( 'NONE', #431, #1788 ) ;
#308 = CARTESIAN_POINT ( 'NONE',  ( 0.3200000000000018900, -3.000000000000000000, 7.400000000000000400 ) ) ;
#309 = DIRECTION ( 'NONE',  ( 1.000000000000000000, 0.0000000000000000000, -1.232047923278982200E-016 ) ) ;
#310 = EDGE_CURVE ( 'NONE', #1043, #243, #571, .T. ) ;
#311 = EDGE_CURVE ( 'NONE', #1361, #235, #829, .T. ) ;
#312 = DIRECTION ( 'NONE',  ( 0.0000000000000000000, 1.000000000000000000, 0.0000000000000000000 ) ) ;
#313 =( NAMED_UNIT ( * ) PLANE_ANGLE_UNIT ( ) SI_UNIT ( $, .RADIAN. ) );
#314 = UNCERTAINTY_MEASURE_WITH_UNIT (LENGTH_MEASURE( 1.000000000000000100E-005 ), #145, 'distance_accuracy_value', 'NONE');
#315 = VECTOR ( 'NONE', #2260, 1000.000000000000100 ) ;
#316 = DIRECTION ( 'NONE',  ( -0.7071067811865474600, -0.0000000000000000000, 0.7071067811865474600 ) ) ;
#317 = SURFACE_SIDE_STYLE ('',( #2921 ) ) ;
#318 =( LENGTH_UNIT ( ) NAMED_UNIT ( * ) SI_UNIT ( .MILLI., .METRE. ) );
#319 =( GEOMETRIC_REPRESENTATION_CONTEXT ( 3 ) GLOBAL_UNCERTAINTY_ASSIGNED_CONTEXT ( ( #3834 ) ) GLOBAL_UNIT_ASSIGNED_CONTEXT ( ( #1846, #1830, #1811 ) ) REPRESENTATION_CONTEXT ( 'NONE', 'WORKASPACE' ) );
#320 = SURFACE_STYLE_FILL_AREA ( #3013 ) ;
#321 = FILL_AREA_STYLE ('',( #2681 ) ) ;
#322 = SURFACE_STYLE_USAGE ( .BOTH. , #2333 ) ;
#323 = UNCERTAINTY_MEASURE_WITH_UNIT (LENGTH_MEASURE( 1.000000000000000100E-005 ), #1191, 'distance_accuracy_value', 'NONE');
#324 = PRESENTATION_LAYER_ASSIGNMENT (  '', '', ( #4251 ) ) ;
#325 = LINE ( 'NONE', #2852, #2015 ) ;
#326 =( GEOMETRIC_REPRESENTATION_CONTEXT ( 3 ) GLOBAL_UNCERTAINTY_ASSIGNED_CONTEXT ( ( #1910 ) ) GLOBAL_UNIT_ASSIGNED_CONTEXT ( ( #3144, #1125, #3480 ) ) REPRESENTATION_CONTEXT ( 'NONE', 'WORKASPACE' ) );
#327 = LINE ( 'NONE', #3008, #221 ) ;
#328 = DIRECTION ( 'NONE',  ( 1.000000000000000000, 0.0000000000000000000, -0.0000000000000000000 ) ) ;
#329 = STYLED_ITEM ( 'NONE', ( #3429 ), #2776 ) ;
#330 = SURFACE_STYLE_USAGE ( .BOTH. , #2338 ) ;
#331 = SURFACE_STYLE_USAGE ( .BOTH. , #351 ) ;
#332 = DIRECTION ( 'NONE',  ( 0.0000000000000000000, 1.000000000000000000, 0.0000000000000000000 ) ) ;
#333 = CARTESIAN_POINT ( 'NONE',  ( -0.7500000000000000000, 0.2999999999999999900, 2.860000000000000800 ) ) ;
#334 = EDGE_LOOP ( 'NONE', ( #4243, #2341, #1597, #1101, #3191, #1673, #2139, #2195 ) ) ;
#335 = FILL_AREA_STYLE_COLOUR ( '', #1587 ) ;
#336 = CARTESIAN_POINT ( 'NONE',  ( -0.3199999999999980600, 8.339999999999999900, 7.839999999999999900 ) ) ;
#337 = ORIENTED_EDGE ( 'NONE', *, *, #3077, .T. ) ;
#338 = PRESENTATION_STYLE_ASSIGNMENT (( #244 ) ) ;
#339 =( LENGTH_UNIT ( ) NAMED_UNIT ( * ) SI_UNIT ( .MILLI., .METRE. ) );
#340 = SURFACE_STYLE_USAGE ( .BOTH. , #2356 ) ;
#341 = EDGE_LOOP ( 'NONE', ( #1253, #2814, #4363, #3879 ) ) ;
#342 =( GEOMETRIC_REPRESENTATION_CONTEXT ( 3 ) GLOBAL_UNCERTAINTY_ASSIGNED_CONTEXT ( ( #4071 ) ) GLOBAL_UNIT_ASSIGNED_CONTEXT ( ( #2711, #708, #3062 ) ) REPRESENTATION_CONTEXT ( 'NONE', 'WORKASPACE' ) );
#343 = EDGE_LOOP ( 'NONE', ( #126, #976, #832, #502 ) ) ;
#344 = UNCERTAINTY_MEASURE_WITH_UNIT (LENGTH_MEASURE( 1.000000000000000100E-005 ), #3688, 'distance_accuracy_value', 'NONE');
#345 = MECHANICAL_DESIGN_GEOMETRIC_PRESENTATION_REPRESENTATION (  '', ( #4039 ), #575 ) ;
#346 = SURFACE_STYLE_USAGE ( .BOTH. , #2360 ) ;
#347 = EDGE_CURVE ( 'NONE', #3411, #1202, #606, .T. ) ;
#348 = SURFACE_SIDE_STYLE ('',( #433 ) ) ;
#349 = ORIENTED_EDGE ( 'NONE', *, *, #2579, .T. ) ;
#350 = EDGE_LOOP ( 'NONE', ( #143, #3716, #459, #3840 ) ) ;
#351 = SURFACE_SIDE_STYLE ('',( #4223 ) ) ;
#352 = ORIENTED_EDGE ( 'NONE', *, *, #262, .T. ) ;
#353 = DIRECTION ( 'NONE',  ( 0.0000000000000000000, 0.0000000000000000000, 1.000000000000000000 ) ) ;
#354 = CARTESIAN_POINT ( 'NONE',  ( 0.3200000000000006200, -3.000000000000000000, 2.319999999999999800 ) ) ;
#355 = FILL_AREA_STYLE ('',( #2707 ) ) ;
#356 = VERTEX_POINT ( 'NONE', #576 ) ;
#357 = ORIENTED_EDGE ( 'NONE', *, *, #1452, .F. ) ;
#358 = ORIENTED_EDGE ( 'NONE', *, *, #2824, .T. ) ;
#359 = EDGE_CURVE ( 'NONE', #2673, #4084, #727, .T. ) ;
#360 = DIRECTION ( 'NONE',  ( -0.7071067811865474600, 0.0000000000000000000, -0.7071067811865474600 ) ) ;
#361 = SURFACE_STYLE_USAGE ( .BOTH. , #2371 ) ;
#362 = ORIENTED_EDGE ( 'NONE', *, *, #3610, .F. ) ;
#363 = DIRECTION ( 'NONE',  ( -2.492418787322999200E-016, -0.0000000000000000000, -1.000000000000000000 ) ) ;
#364 = PRESENTATION_LAYER_ASSIGNMENT (  '', '', ( #4277 ) ) ;
#365 = VECTOR ( 'NONE', #900, 1000.000000000000000 ) ;
#366 = DIRECTION ( 'NONE',  ( 2.464095846557964400E-016, 0.0000000000000000000, 1.000000000000000000 ) ) ;
#367 = COLOUR_RGB ( '',0.0000000000000000000, 0.03529411764705882300, 0.05882352941176470500 ) ;
#368 = CARTESIAN_POINT ( 'NONE',  ( 0.8699999999999987700, 1.700000000000000000, -1.270000000000000200 ) ) ;
#369 =( NAMED_UNIT ( * ) PLANE_ANGLE_UNIT ( ) SI_UNIT ( $, .RADIAN. ) );
#370 = FACE_OUTER_BOUND ( 'NONE', #1463, .T. ) ;
#371 = VECTOR ( 'NONE', #1371, 1000.000000000000000 ) ;
#372 = DIRECTION ( 'NONE',  ( -0.0000000000000000000, -1.000000000000000000, -0.0000000000000000000 ) ) ;
#373 = DIRECTION ( 'NONE',  ( -0.7071067811865475700, 0.0000000000000000000, 0.7071067811865475700 ) ) ;
#374 =( NAMED_UNIT ( * ) SI_UNIT ( $, .STERADIAN. ) SOLID_ANGLE_UNIT ( ) );
#375 =( GEOMETRIC_REPRESENTATION_CONTEXT ( 3 ) GLOBAL_UNCERTAINTY_ASSIGNED_CONTEXT ( ( #1701 ) ) GLOBAL_UNIT_ASSIGNED_CONTEXT ( ( #1294, #3646, #1630 ) ) REPRESENTATION_CONTEXT ( 'NONE', 'WORKASPACE' ) );
#376 = CARTESIAN_POINT ( 'NONE',  ( 0.2200000000000018900, -3.000000000000000000, 7.299999999999999800 ) ) ;
#377 = FILL_AREA_STYLE ('',( #3387 ) ) ;
#378 = VECTOR ( 'NONE', #2032, 1000.000000000000000 ) ;
#379 = COLOUR_RGB ( '',0.0000000000000000000, 0.03529411764705882300, 0.05882352941176470500 ) ;
#380 = DIRECTION ( 'NONE',  ( -0.7071067811865475700, 0.0000000000000000000, 0.7071067811865475700 ) ) ;
#381 = EDGE_CURVE ( 'NONE', #1096, #3473, #512, .T. ) ;
#382 = UNCERTAINTY_MEASURE_WITH_UNIT (LENGTH_MEASURE( 1.000000000000000100E-005 ), #3177, 'distance_accuracy_value', 'NONE');
#383 = CARTESIAN_POINT ( 'NONE',  ( 0.2200000000000000300, 8.339999999999999900, 0.3199999999999999500 ) ) ;
#384 =( NAMED_UNIT ( * ) PLANE_ANGLE_UNIT ( ) SI_UNIT ( $, .RADIAN. ) );
#385 = CARTESIAN_POINT ( 'NONE',  ( -0.2199999999999982000, 8.339999999999999900, 7.299999999999999800 ) ) ;
#386 = PLANE ( 'NONE',  #1467 ) ;
#387 = CARTESIAN_POINT ( 'NONE',  ( -0.8699999999999985500, 0.0000000000000000000, 6.349999999999999600 ) ) ;
#388 = LINE ( 'NONE', #704, #2177 ) ;
#389 = CARTESIAN_POINT ( 'NONE',  ( -0.8699999999999981100, 1.700000000000000000, 8.890000000000000600 ) ) ;
#390 = DIRECTION ( 'NONE',  ( 0.7071067811865475700, -0.0000000000000000000, 0.7071067811865475700 ) ) ;
#391 = ADVANCED_FACE ( 'NONE', ( #18 ), #1582, .F. ) ;
#392 = STYLED_ITEM ( 'NONE', ( #3797 ), #524 ) ;
#393 = MECHANICAL_DESIGN_GEOMETRIC_PRESENTATION_REPRESENTATION (  '', ( #4080 ), #609 ) ;
#394 = DIRECTION ( 'NONE',  ( -0.7071067811865474600, -0.0000000000000000000, -0.7071067811865474600 ) ) ;
#395 = LINE ( 'NONE', #300, #3767 ) ;
#396 = ORIENTED_EDGE ( 'NONE', *, *, #1067, .F. ) ;
#397 = FILL_AREA_STYLE ('',( #680 ) ) ;
#398 = PRESENTATION_LAYER_ASSIGNMENT (  '', '', ( #4310 ) ) ;
#399 = SURFACE_STYLE_USAGE ( .BOTH. , #2411 ) ;
#400 = CARTESIAN_POINT ( 'NONE',  ( -0.2199999999999999700, 8.339999999999999900, 0.3199999999999999500 ) ) ;
#401 = VERTEX_POINT ( 'NONE', #2574 ) ;
#402 = ORIENTED_EDGE ( 'NONE', *, *, #2592, .T. ) ;
#403 = FILL_AREA_STYLE_COLOUR ( '', #1518 ) ;
#404 = EDGE_CURVE ( 'NONE', #2335, #1613, #2905, .T. ) ;
#405 = EDGE_LOOP ( 'NONE', ( #1147, #284, #4343, #2331 ) ) ;
#406 = ORIENTED_EDGE ( 'NONE', *, *, #693, .T. ) ;
#407 = PLANE ( 'NONE',  #2551 ) ;
#408 = VECTOR ( 'NONE', #3267, 1000.000000000000000 ) ;
#409 = AXIS2_PLACEMENT_3D ( 'NONE', #3721, #1699, #4059 ) ;
#410 = ORIENTED_EDGE ( 'NONE', *, *, #2926, .T. ) ;
#411 = VERTEX_POINT ( 'NONE', #257 ) ;
#412 = ORIENTED_EDGE ( 'NONE', *, *, #1796, .F. ) ;
#413 = SURFACE_STYLE_FILL_AREA ( #4279 ) ;
#414 = CARTESIAN_POINT ( 'NONE',  ( -0.8700000000000005500, 0.0000000000000000000, -1.270000000000000200 ) ) ;
#415 = PLANE ( 'NONE',  #4329 ) ;
#416 = ORIENTED_EDGE ( 'NONE', *, *, #1, .T. ) ;
#417 = ORIENTED_EDGE ( 'NONE', *, *, #4193, .F. ) ;
#418 = COLOUR_RGB ( '',1.000000000000000000, 1.000000000000000000, 1.000000000000000000 ) ;
#419 = FILL_AREA_STYLE ('',( #2080 ) ) ;
#420 = PLANE ( 'NONE',  #4020 ) ;
#421 = ADVANCED_FACE ( 'NONE', ( #2805 ), #2603, .T. ) ;
#422 = MECHANICAL_DESIGN_GEOMETRIC_PRESENTATION_REPRESENTATION (  '', ( #4106 ), #632 ) ;
#423 = FACE_BOUND ( 'NONE', #3142, .T. ) ;
#424 = CARTESIAN_POINT ( 'NONE',  ( -0.8699999999999992200, 1.700000000000000000, 3.810000000000000100 ) ) ;
#425 = EDGE_CURVE ( 'NONE', #2444, #3208, #1017, .T. ) ;
#426 = LINE ( 'NONE', #4209, #2108 ) ;
#427 = SURFACE_STYLE_USAGE ( .BOTH. , #2426 ) ;
#428 = VECTOR ( 'NONE', #1204, 1000.000000000000000 ) ;
#429 = AXIS2_PLACEMENT_3D ( 'NONE', #304, #2653, #649 ) ;
#430 = SURFACE_STYLE_FILL_AREA ( #3388 ) ;
#431 = CARTESIAN_POINT ( 'NONE',  ( -2.269999999999999600, 1.700000000000000000, 2.269999999999999600 ) ) ;
#432 = VECTOR ( 'NONE', #1751, 1000.000000000000000 ) ;
#433 = SURFACE_STYLE_FILL_AREA ( #4 ) ;
#434 = CARTESIAN_POINT ( 'NONE',  ( -0.7500000000000000000, 0.2999999999999999900, -1.270000000000000500 ) ) ;
#435 =( NAMED_UNIT ( * ) SI_UNIT ( $, .STERADIAN. ) SOLID_ANGLE_UNIT ( ) );
#436 = AXIS2_PLACEMENT_3D ( 'NONE', #1128, #3482, #1464 ) ;
#437 =( NAMED_UNIT ( * ) PLANE_ANGLE_UNIT ( ) SI_UNIT ( $, .RADIAN. ) );
#438 = CARTESIAN_POINT ( 'NONE',  ( 1.269999999999999100, 0.0000000000000000000, 0.8699999999999994400 ) ) ;
#439 = LINE ( 'NONE', #3266, #315 ) ;
#440 = PRESENTATION_LAYER_ASSIGNMENT (  '', '', ( #4347 ) ) ;
#441 = ADVANCED_FACE ( 'NONE', ( #1490 ), #3304, .T. ) ;
#442 = COLOUR_RGB ( '',1.000000000000000000, 1.000000000000000000, 1.000000000000000000 ) ;
#443 = FILL_AREA_STYLE_COLOUR ( '', #3261 ) ;
#444 = LINE ( 'NONE', #2836, #3912 ) ;
#445 = FILL_AREA_STYLE ('',( #4129 ) ) ;
#446 = EDGE_CURVE ( 'NONE', #2191, #1812, #2330, .T. ) ;
#447 =( NAMED_UNIT ( * ) PLANE_ANGLE_UNIT ( ) SI_UNIT ( $, .RADIAN. ) );
#448 = DIRECTION ( 'NONE',  ( 0.7071067811865474600, 0.0000000000000000000, -0.7071067811865474600 ) ) ;
#449 = VERTEX_POINT ( 'NONE', #3318 ) ;
#450 = ORIENTED_EDGE ( 'NONE', *, *, #211, .F. ) ;
#451 = AXIS2_PLACEMENT_3D ( 'NONE', #2652, #648, #3005 ) ;
#452 = CARTESIAN_POINT ( 'NONE',  ( -1.270000000000000500, 1.700000000000000000, -0.8700000000000003300 ) ) ;
#453 = ORIENTED_EDGE ( 'NONE', *, *, #4009, .T. ) ;
#454 = ORIENTED_EDGE ( 'NONE', *, *, #2376, .F. ) ;
#455 = MECHANICAL_DESIGN_GEOMETRIC_PRESENTATION_REPRESENTATION (  '', ( #4143 ), #685 ) ;
#456 = CARTESIAN_POINT ( 'NONE',  ( -0.2199999999999994700, -3.000000000000000000, 2.220000000000000200 ) ) ;
#457 = CARTESIAN_POINT ( 'NONE',  ( -0.3199999999999980600, -3.000000000000000000, 7.839999999999999900 ) ) ;
#458 = ADVANCED_FACE ( 'NONE', ( #2028 ), #969, .F. ) ;
#459 = ORIENTED_EDGE ( 'NONE', *, *, #1533, .T. ) ;
#460 = ORIENTED_EDGE ( 'NONE', *, *, #3127, .T. ) ;
#461 = VERTEX_POINT ( 'NONE', #2649 ) ;
#462 = COLOUR_RGB ( '',1.000000000000000000, 1.000000000000000000, 1.000000000000000000 ) ;
#463 = EDGE_CURVE ( 'NONE', #4134, #2765, #395, .T. ) ;
#464 = SURFACE_SIDE_STYLE ('',( #3946 ) ) ;
#465 = EDGE_LOOP ( 'NONE', ( #1886, #2089, #2281, #3289 ) ) ;
#466 = ORIENTED_EDGE ( 'NONE', *, *, #2159, .F. ) ;
#467 = ORIENTED_EDGE ( 'NONE', *, *, #816, .T. ) ;
#468 = EDGE_CURVE ( 'NONE', #2731, #1029, #1558, .T. ) ;
#469 = SURFACE_STYLE_USAGE ( .BOTH. , #2466 ) ;
#470 =( NAMED_UNIT ( * ) SI_UNIT ( $, .STERADIAN. ) SOLID_ANGLE_UNIT ( ) );
#471 = UNCERTAINTY_MEASURE_WITH_UNIT (LENGTH_MEASURE( 1.000000000000000100E-005 ), #1767, 'distance_accuracy_value', 'NONE');
#472 = FILL_AREA_STYLE_COLOUR ( '', #1432 ) ;
#473 = CARTESIAN_POINT ( 'NONE',  ( 0.0000000000000000000, 8.339999999999999900, 0.0000000000000000000 ) ) ;
#474 = STYLED_ITEM ( 'NONE', ( #2910 ), #421 ) ;
#475 = PRESENTATION_STYLE_ASSIGNMENT (( #1087 ) ) ;
#476 = DIRECTION ( 'NONE',  ( -1.232047923278982200E-016, 0.0000000000000000000, -1.000000000000000000 ) ) ;
#477 = DIRECTION ( 'NONE',  ( -1.232047923278982200E-016, -0.0000000000000000000, -1.000000000000000000 ) ) ;
#478 = AXIS2_PLACEMENT_3D ( 'NONE', #1951, #4307, #2285 ) ;
#479 = VECTOR ( 'NONE', #1763, 1000.000000000000000 ) ;
#480 = PRESENTATION_LAYER_ASSIGNMENT (  '', '', ( #239 ) ) ;
#481 = LINE ( 'NONE', #4083, #3948 ) ;
#482 =( NAMED_UNIT ( * ) SI_UNIT ( $, .STERADIAN. ) SOLID_ANGLE_UNIT ( ) );
#483 = ADVANCED_FACE ( 'NONE', ( #3871 ), #1654, .T. ) ;
#484 = FACE_OUTER_BOUND ( 'NONE', #1929, .T. ) ;
#485 = AXIS2_PLACEMENT_3D ( 'NONE', #897, #3248, #1230 ) ;
#486 = FILL_AREA_STYLE ('',( #2161 ) ) ;
#487 = SURFACE_STYLE_FILL_AREA ( #3133 ) ;
#488 =( NAMED_UNIT ( * ) SI_UNIT ( $, .STERADIAN. ) SOLID_ANGLE_UNIT ( ) );
#489 = EDGE_CURVE ( 'NONE', #133, #1661, #3059, .T. ) ;
#490 = CARTESIAN_POINT ( 'NONE',  ( 0.3200000000000018900, 8.339999999999999900, 7.400000000000000400 ) ) ;
#491 = STYLED_ITEM ( 'NONE', ( #2065 ), #1126 ) ;
#492 = FILL_AREA_STYLE_COLOUR ( '', #56 ) ;
#493 = EDGE_CURVE ( 'NONE', #1592, #4084, #3434, .T. ) ;
#494 = CARTESIAN_POINT ( 'NONE',  ( 0.3200000000000012300, 8.339999999999999900, 4.860000000000000300 ) ) ;
#495 = PRESENTATION_STYLE_ASSIGNMENT (( #1585 ) ) ;
#496 = PLANE ( 'NONE',  #1396 ) ;
#497 = EDGE_CURVE ( 'NONE', #916, #2777, #4051, .T. ) ;
#498 =( LENGTH_UNIT ( ) NAMED_UNIT ( * ) SI_UNIT ( .MILLI., .METRE. ) );
#499 = ADVANCED_FACE ( 'NONE', ( #2894 ), #1021, .T. ) ;
#500 = EDGE_CURVE ( 'NONE', #3970, #2196, #46, .T. ) ;
#501 = STYLED_ITEM ( 'NONE', ( #121 ), #1867 ) ;
#502 = ORIENTED_EDGE ( 'NONE', *, *, #2460, .F. ) ;
#503 = CARTESIAN_POINT ( 'NONE',  ( -0.2199999999999988100, -3.000000000000000000, 4.760000000000000700 ) ) ;
#504 =( GEOMETRIC_REPRESENTATION_CONTEXT ( 3 ) GLOBAL_UNCERTAINTY_ASSIGNED_CONTEXT ( ( #2657 ) ) GLOBAL_UNIT_ASSIGNED_CONTEXT ( ( #2753, #749, #3102 ) ) REPRESENTATION_CONTEXT ( 'NONE', 'WORKASPACE' ) );
#505 = VERTEX_POINT ( 'NONE', #3726 ) ;
#506 = ORIENTED_EDGE ( 'NONE', *, *, #3734, .F. ) ;
#507 = VECTOR ( 'NONE', #3927, 1000.000000000000000 ) ;
#508 =( NAMED_UNIT ( * ) PLANE_ANGLE_UNIT ( ) SI_UNIT ( $, .RADIAN. ) );
#509 = ORIENTED_EDGE ( 'NONE', *, *, #3194, .F. ) ;
#510 = ORIENTED_EDGE ( 'NONE', *, *, #1666, .T. ) ;
#511 = SURFACE_STYLE_FILL_AREA ( #2521 ) ;
#512 = LINE ( 'NONE', #227, #279 ) ;
#513 = FILL_AREA_STYLE_COLOUR ( '', #844 ) ;
#514 = ORIENTED_EDGE ( 'NONE', *, *, #43, .T. ) ;
#515 = STYLED_ITEM ( 'NONE', ( #1609 ), #4099 ) ;
#516 = ORIENTED_EDGE ( 'NONE', *, *, #2804, .T. ) ;
#517 =( NAMED_UNIT ( * ) PLANE_ANGLE_UNIT ( ) SI_UNIT ( $, .RADIAN. ) );
#518 = SURFACE_SIDE_STYLE ('',( #511 ) ) ;
#519 = ORIENTED_EDGE ( 'NONE', *, *, #3957, .F. ) ;
#520 = VERTEX_POINT ( 'NONE', #3033 ) ;
#521 = CARTESIAN_POINT ( 'NONE',  ( 0.2200000000000018900, 1.700000000000000000, 4.760000000000000700 ) ) ;
#522 = FACE_BOUND ( 'NONE', #334, .T. ) ;
#523 = DIRECTION ( 'NONE',  ( -0.0000000000000000000, 1.000000000000000000, 0.0000000000000000000 ) ) ;
#524 = ADVANCED_FACE ( 'NONE', ( #754 ), #700, .T. ) ;
#525 = LINE ( 'NONE', #894, #1994 ) ;
#526 = CARTESIAN_POINT ( 'NONE',  ( 0.8699999999999992200, 1.700000000000000000, 1.269999999999999400 ) ) ;
#527 = EDGE_CURVE ( 'NONE', #3515, #3110, #3018, .T. ) ;
#528 = VECTOR ( 'NONE', #1519, 1000.000000000000000 ) ;
#529 = FACE_OUTER_BOUND ( 'NONE', #4133, .T. ) ;
#530 = SURFACE_STYLE_USAGE ( .BOTH. , #2528 ) ;
#531 = FACE_OUTER_BOUND ( 'NONE', #288, .T. ) ;
#532 = DIRECTION ( 'NONE',  ( 1.000000000000000000, 0.0000000000000000000, 0.0000000000000000000 ) ) ;
#533 = DIRECTION ( 'NONE',  ( 2.464095846557964400E-016, 0.0000000000000000000, 1.000000000000000000 ) ) ;
#534 =( NAMED_UNIT ( * ) PLANE_ANGLE_UNIT ( ) SI_UNIT ( $, .RADIAN. ) );
#535 =( GEOMETRIC_REPRESENTATION_CONTEXT ( 3 ) GLOBAL_UNCERTAINTY_ASSIGNED_CONTEXT ( ( #3283 ) ) GLOBAL_UNIT_ASSIGNED_CONTEXT ( ( #3233, #1215, #3568 ) ) REPRESENTATION_CONTEXT ( 'NONE', 'WORKASPACE' ) );
#536 =( GEOMETRIC_REPRESENTATION_CONTEXT ( 3 ) GLOBAL_UNCERTAINTY_ASSIGNED_CONTEXT ( ( #4191 ) ) GLOBAL_UNIT_ASSIGNED_CONTEXT ( ( #2167, #148, #2484 ) ) REPRESENTATION_CONTEXT ( 'NONE', 'WORKASPACE' ) );
#537 = FACE_OUTER_BOUND ( 'NONE', #567, .T. ) ;
#538 = VECTOR ( 'NONE', #558, 1000.000000000000100 ) ;
#539 = FILL_AREA_STYLE ('',( #1205 ) ) ;
#540 =( GEOMETRIC_REPRESENTATION_CONTEXT ( 3 ) GLOBAL_UNCERTAINTY_ASSIGNED_CONTEXT ( ( #2025 ) ) GLOBAL_UNIT_ASSIGNED_CONTEXT ( ( #1726, #4077, #2072 ) ) REPRESENTATION_CONTEXT ( 'NONE', 'WORKASPACE' ) );
#541 = DIRECTION ( 'NONE',  ( -0.7071067811865474600, 0.0000000000000000000, -0.7071067811865474600 ) ) ;
#542 = VECTOR ( 'NONE', #750, 1000.000000000000000 ) ;
#543 = CARTESIAN_POINT ( 'NONE',  ( -0.2199999999999994700, -3.000000000000000000, 2.220000000000000200 ) ) ;
#544 = ADVANCED_FACE ( 'NONE', ( #3080 ), #2143, .T. ) ;
#545 = EDGE_CURVE ( 'NONE', #568, #236, #4016, .T. ) ;
#546 =( LENGTH_UNIT ( ) NAMED_UNIT ( * ) SI_UNIT ( .MILLI., .METRE. ) );
#547 = LINE ( 'NONE', #3513, #1228 ) ;
#548 = CARTESIAN_POINT ( 'NONE',  ( -0.3199999999999987300, 8.339999999999999900, 5.299999999999999800 ) ) ;
#549 = DIRECTION ( 'NONE',  ( 0.7071067811865474600, 0.0000000000000000000, 0.7071067811865474600 ) ) ;
#550 = EDGE_CURVE ( 'NONE', #2710, #1510, #2319, .T. ) ;
#551 = DIRECTION ( 'NONE',  ( -0.0000000000000000000, -1.000000000000000000, -0.0000000000000000000 ) ) ;
#552 = ORIENTED_EDGE ( 'NONE', *, *, #2111, .T. ) ;
#553 = SURFACE_SIDE_STYLE ('',( #110 ) ) ;
#554 =( NAMED_UNIT ( * ) SI_UNIT ( $, .STERADIAN. ) SOLID_ANGLE_UNIT ( ) );
#555 = ORIENTED_EDGE ( 'NONE', *, *, #4333, .F. ) ;
#556 = MECHANICAL_DESIGN_GEOMETRIC_PRESENTATION_REPRESENTATION (  '', ( #4251 ), #794 ) ;
#557 = ORIENTED_EDGE ( 'NONE', *, *, #856, .T. ) ;
#558 = DIRECTION ( 'NONE',  ( -0.7071067811865474600, -0.0000000000000000000, -0.7071067811865474600 ) ) ;
#559 = ORIENTED_EDGE ( 'NONE', *, *, #898, .F. ) ;
#560 = CARTESIAN_POINT ( 'NONE',  ( 0.8700000000000012200, 1.700000000000000000, 8.889999999999998800 ) ) ;
#561 = ORIENTED_EDGE ( 'NONE', *, *, #4150, .F. ) ;
#562 = ORIENTED_EDGE ( 'NONE', *, *, #2289, .F. ) ;
#563 = VECTOR ( 'NONE', #113, 1000.000000000000000 ) ;
#564 = FILL_AREA_STYLE_COLOUR ( '', #95 ) ;
#565 = VECTOR ( 'NONE', #2560, 1000.000000000000100 ) ;
#566 = ORIENTED_EDGE ( 'NONE', *, *, #3701, .F. ) ;
#567 = EDGE_LOOP ( 'NONE', ( #1967, #723, #4037, #3835 ) ) ;
#568 = VERTEX_POINT ( 'NONE', #3179 ) ;
#569 = PLANE ( 'NONE',  #1832 ) ;
#570 = VECTOR ( 'NONE', #4374, 1000.000000000000000 ) ;
#571 = LINE ( 'NONE', #2237, #565 ) ;
#572 = COLOUR_RGB ( '',1.000000000000000000, 1.000000000000000000, 1.000000000000000000 ) ;
#573 = CARTESIAN_POINT ( 'NONE',  ( -0.2200000000000000800, 8.339999999999999900, -0.3200000000000000600 ) ) ;
#574 = DIRECTION ( 'NONE',  ( 0.0000000000000000000, 1.000000000000000000, 0.0000000000000000000 ) ) ;
#575 =( GEOMETRIC_REPRESENTATION_CONTEXT ( 3 ) GLOBAL_UNCERTAINTY_ASSIGNED_CONTEXT ( ( #3472 ) ) GLOBAL_UNIT_ASSIGNED_CONTEXT ( ( #3505, #1497, #3850 ) ) REPRESENTATION_CONTEXT ( 'NONE', 'WORKASPACE' ) );
#576 = CARTESIAN_POINT ( 'NONE',  ( 0.2200000000000012500, 0.2999999999999999300, 4.760000000000000700 ) ) ;
#577 = EDGE_CURVE ( 'NONE', #90, #3606, #444, .T. ) ;
#578 = LINE ( 'NONE', #4098, #2256 ) ;
#579 = FILL_AREA_STYLE_COLOUR ( '', #1394 ) ;
#580 = DIRECTION ( 'NONE',  ( 0.0000000000000000000, -1.000000000000000000, 0.0000000000000000000 ) ) ;
#581 = EDGE_CURVE ( 'NONE', #2552, #1363, #3139, .T. ) ;
#582 = LINE ( 'NONE', #3040, #3071 ) ;
#583 = PRESENTATION_STYLE_ASSIGNMENT (( #2985 ) ) ;
#584 = CARTESIAN_POINT ( 'NONE',  ( -0.3199999999999994500, 8.339999999999999900, 2.319999999999999800 ) ) ;
#585 = MECHANICAL_DESIGN_GEOMETRIC_PRESENTATION_REPRESENTATION (  '', ( #4277 ), #818 ) ;
#586 = CARTESIAN_POINT ( 'NONE',  ( 0.2200000000000019400, 8.339999999999999900, 7.939999999999999500 ) ) ;
#587 =( NAMED_UNIT ( * ) PLANE_ANGLE_UNIT ( ) SI_UNIT ( $, .RADIAN. ) );
#588 = DIRECTION ( 'NONE',  ( 2.464095846557964400E-016, 0.0000000000000000000, 1.000000000000000000 ) ) ;
#589 = VECTOR ( 'NONE', #1966, 1000.000000000000000 ) ;
#590 = UNCERTAINTY_MEASURE_WITH_UNIT (LENGTH_MEASURE( 1.000000000000000100E-005 ), #83, 'distance_accuracy_value', 'NONE');
#591 = VECTOR ( 'NONE', #1189, 1000.000000000000000 ) ;
#592 = DIRECTION ( 'NONE',  ( -0.7071067811865475700, 0.0000000000000000000, -0.7071067811865475700 ) ) ;
#593 = EDGE_CURVE ( 'NONE', #2196, #2927, #547, .T. ) ;
#594 = VECTOR ( 'NONE', #4270, 1000.000000000000000 ) ;
#595 = UNCERTAINTY_MEASURE_WITH_UNIT (LENGTH_MEASURE( 1.000000000000000100E-005 ), #3829, 'distance_accuracy_value', 'NONE');
#596 = CARTESIAN_POINT ( 'NONE',  ( 0.2200000000000013100, 0.2999999999999999300, 5.400000000000000400 ) ) ;
#597 = DIRECTION ( 'NONE',  ( -0.7071067811865474600, 0.0000000000000000000, -0.7071067811865474600 ) ) ;
#598 =( LENGTH_UNIT ( ) NAMED_UNIT ( * ) SI_UNIT ( .MILLI., .METRE. ) );
#599 = ORIENTED_EDGE ( 'NONE', *, *, #3213, .F. ) ;
#600 = CARTESIAN_POINT ( 'NONE',  ( 0.3200000000000003400, 1.700000000000000000, -3.942553354492747000E-017 ) ) ;
#601 = ORIENTED_EDGE ( 'NONE', *, *, #3483, .F. ) ;
#602 = CARTESIAN_POINT ( 'NONE',  ( -0.8700000000000001100, 1.700000000000000000, 1.269999999999999800 ) ) ;
#603 = ORIENTED_EDGE ( 'NONE', *, *, #3098, .T. ) ;
#604 = VERTEX_POINT ( 'NONE', #4174 ) ;
#605 = LINE ( 'NONE', #1169, #4086 ) ;
#606 = LINE ( 'NONE', #1236, #507 ) ;
#607 = CARTESIAN_POINT ( 'NONE',  ( -0.3199999999999981700, -3.000000000000000000, 7.400000000000000400 ) ) ;
#608 = AXIS2_PLACEMENT_3D ( 'NONE', #2364, #353, #2704 ) ;
#609 =( GEOMETRIC_REPRESENTATION_CONTEXT ( 3 ) GLOBAL_UNCERTAINTY_ASSIGNED_CONTEXT ( ( #2160 ) ) GLOBAL_UNIT_ASSIGNED_CONTEXT ( ( #4302, #2280, #267 ) ) REPRESENTATION_CONTEXT ( 'NONE', 'WORKASPACE' ) );
#610 =( NAMED_UNIT ( * ) SI_UNIT ( $, .STERADIAN. ) SOLID_ANGLE_UNIT ( ) );
#611 = ORIENTED_EDGE ( 'NONE', *, *, #2512, .T. ) ;
#612 = EDGE_LOOP ( 'NONE', ( #566, #4294, #1766, #1245 ) ) ;
#613 = DIRECTION ( 'NONE',  ( -1.232047923278982200E-016, 0.0000000000000000000, -1.000000000000000000 ) ) ;
#614 = ORIENTED_EDGE ( 'NONE', *, *, #2081, .F. ) ;
#615 = CARTESIAN_POINT ( 'NONE',  ( 1.269999999999999100, 0.0000000000000000000, 0.8699999999999994400 ) ) ;
#616 = CARTESIAN_POINT ( 'NONE',  ( -0.7500000000000000000, 0.0000000000000000000, -1.270000000000000500 ) ) ;
#617 = ORIENTED_EDGE ( 'NONE', *, *, #489, .T. ) ;
#618 = MECHANICAL_DESIGN_GEOMETRIC_PRESENTATION_REPRESENTATION (  '', ( #4310 ), #852 ) ;
#619 = ORIENTED_EDGE ( 'NONE', *, *, #3560, .F. ) ;
#620 = DIRECTION ( 'NONE',  ( 0.0000000000000000000, 1.000000000000000000, 0.0000000000000000000 ) ) ;
#621 = DIRECTION ( 'NONE',  ( 0.0000000000000000000, -0.0000000000000000000, -1.000000000000000000 ) ) ;
#622 = EDGE_CURVE ( 'NONE', #90, #3189, #3023, .T. ) ;
#623 = FACE_OUTER_BOUND ( 'NONE', #343, .T. ) ;
#624 =( NAMED_UNIT ( * ) PLANE_ANGLE_UNIT ( ) SI_UNIT ( $, .RADIAN. ) );
#625 = FACE_OUTER_BOUND ( 'NONE', #2940, .T. ) ;
#626 = PRESENTATION_LAYER_ASSIGNMENT (  '', '', ( #172 ) ) ;
#627 = SURFACE_SIDE_STYLE ('',( #701 ) ) ;
#628 = DIRECTION ( 'NONE',  ( 0.7071067811865474600, 0.0000000000000000000, 0.7071067811865474600 ) ) ;
#629 = VECTOR ( 'NONE', #69, 1000.000000000000000 ) ;
#630 =( NAMED_UNIT ( * ) PLANE_ANGLE_UNIT ( ) SI_UNIT ( $, .RADIAN. ) );
#631 =( NAMED_UNIT ( * ) SI_UNIT ( $, .STERADIAN. ) SOLID_ANGLE_UNIT ( ) );
#632 =( GEOMETRIC_REPRESENTATION_CONTEXT ( 3 ) GLOBAL_UNCERTAINTY_ASSIGNED_CONTEXT ( ( #3187 ) ) GLOBAL_UNIT_ASSIGNED_CONTEXT ( ( #3550, #3539, #3527 ) ) REPRESENTATION_CONTEXT ( 'NONE', 'WORKASPACE' ) );
#633 = VECTOR ( 'NONE', #2151, 1000.000000000000100 ) ;
#634 = SURFACE_STYLE_USAGE ( .BOTH. , #2643 ) ;
#635 = CARTESIAN_POINT ( 'NONE',  ( 0.2199999999999999700, -3.000000000000000000, -0.3200000000000000600 ) ) ;
#636 = EDGE_CURVE ( 'NONE', #1812, #4081, #325, .T. ) ;
#637 = VECTOR ( 'NONE', #574, 1000.000000000000000 ) ;
#638 = PRESENTATION_LAYER_ASSIGNMENT (  '', '', ( #183 ) ) ;
#639 = SURFACE_STYLE_FILL_AREA ( #3727 ) ;
#640 = SURFACE_STYLE_USAGE ( .BOTH. , #2646 ) ;
#641 = STYLED_ITEM ( 'NONE', ( #2311 ), #2516 ) ;
#642 = VECTOR ( 'NONE', #1974, 1000.000000000000000 ) ;
#643 = PRESENTATION_STYLE_ASSIGNMENT (( #469 ) ) ;
#644 = SURFACE_SIDE_STYLE ('',( #1171 ) ) ;
#645 = DIRECTION ( 'NONE',  ( -1.232047923278982200E-016, -0.0000000000000000000, -1.000000000000000000 ) ) ;
#646 = UNCERTAINTY_MEASURE_WITH_UNIT (LENGTH_MEASURE( 1.000000000000000100E-005 ), #3943, 'distance_accuracy_value', 'NONE');
#647 = FILL_AREA_STYLE ('',( #303 ) ) ;
#648 = DIRECTION ( 'NONE',  ( 0.0000000000000000000, 0.0000000000000000000, 1.000000000000000000 ) ) ;
#649 = DIRECTION ( 'NONE',  ( 0.7071067811865474600, 0.0000000000000000000, -0.7071067811865474600 ) ) ;
#650 = DIRECTION ( 'NONE',  ( -0.7071067811865474600, 0.0000000000000000000, 0.7071067811865474600 ) ) ;
#651 = SURFACE_STYLE_FILL_AREA ( #1312 ) ;
#652 = DIRECTION ( 'NONE',  ( 0.0000000000000000000, 0.0000000000000000000, -1.000000000000000000 ) ) ;
#653 = PRESENTATION_LAYER_ASSIGNMENT (  '', '', ( #197 ) ) ;
#654 = PLANE ( 'NONE',  #2684 ) ;
#655 = FILL_AREA_STYLE_COLOUR ( '', #2513 ) ;
#656 = UNCERTAINTY_MEASURE_WITH_UNIT (LENGTH_MEASURE( 1.000000000000000100E-005 ), #3803, 'distance_accuracy_value', 'NONE');
#657 = EDGE_LOOP ( 'NONE', ( #2602, #1868, #1819, #3474 ) ) ;
#658 = MECHANICAL_DESIGN_GEOMETRIC_PRESENTATION_REPRESENTATION (  '', ( #4347 ), #890 ) ;
#659 = FILL_AREA_STYLE_COLOUR ( '', #572 ) ;
#660 = DIRECTION ( 'NONE',  ( -0.0000000000000000000, -0.0000000000000000000, 1.000000000000000000 ) ) ;
#661 = ORIENTED_EDGE ( 'NONE', *, *, #527, .T. ) ;
#662 = ORIENTED_EDGE ( 'NONE', *, *, #1220, .T. ) ;
#663 =( LENGTH_UNIT ( ) NAMED_UNIT ( * ) SI_UNIT ( .MILLI., .METRE. ) );
#664 = ORIENTED_EDGE ( 'NONE', *, *, #3161, .F. ) ;
#665 = VECTOR ( 'NONE', #1627, 1000.000000000000100 ) ;
#666 =( NAMED_UNIT ( * ) SI_UNIT ( $, .STERADIAN. ) SOLID_ANGLE_UNIT ( ) );
#667 = VECTOR ( 'NONE', #2920, 1000.000000000000000 ) ;
#668 = EDGE_CURVE ( 'NONE', #94, #356, #2126, .T. ) ;
#669 = CARTESIAN_POINT ( 'NONE',  ( -0.3199999999999987300, 8.339999999999999900, 5.299999999999999800 ) ) ;
#670 = VERTEX_POINT ( 'NONE', #494 ) ;
#671 = ORIENTED_EDGE ( 'NONE', *, *, #2037, .F. ) ;
#672 =( NAMED_UNIT ( * ) PLANE_ANGLE_UNIT ( ) SI_UNIT ( $, .RADIAN. ) );
#673 = ORIENTED_EDGE ( 'NONE', *, *, #545, .T. ) ;
#674 = ORIENTED_EDGE ( 'NONE', *, *, #1854, .T. ) ;
#675 = UNCERTAINTY_MEASURE_WITH_UNIT (LENGTH_MEASURE( 1.000000000000000100E-005 ), #2999, 'distance_accuracy_value', 'NONE');
#676 = ORIENTED_EDGE ( 'NONE', *, *, #1976, .T. ) ;
#677 = CARTESIAN_POINT ( 'NONE',  ( 0.3200000000000000100, -3.000000000000000000, 0.2199999999999999700 ) ) ;
#678 = VECTOR ( 'NONE', #4266, 1000.000000000000100 ) ;
#679 =( NAMED_UNIT ( * ) PLANE_ANGLE_UNIT ( ) SI_UNIT ( $, .RADIAN. ) );
#680 = FILL_AREA_STYLE_COLOUR ( '', #4119 ) ;
#681 = ORIENTED_EDGE ( 'NONE', *, *, #1903, .T. ) ;
#682 = VECTOR ( 'NONE', #1259, 1000.000000000000000 ) ;
#683 = DIRECTION ( 'NONE',  ( 1.000000000000000000, 0.0000000000000000000, -0.0000000000000000000 ) ) ;
#684 = FILL_AREA_STYLE ('',( #335 ) ) ;
#685 =( GEOMETRIC_REPRESENTATION_CONTEXT ( 3 ) GLOBAL_UNCERTAINTY_ASSIGNED_CONTEXT ( ( #4056 ) ) GLOBAL_UNIT_ASSIGNED_CONTEXT ( ( #3594, #1576, #3933 ) ) REPRESENTATION_CONTEXT ( 'NONE', 'WORKASPACE' ) );
#686 = VECTOR ( 'NONE', #4224, 1000.000000000000000 ) ;
#687 = SURFACE_SIDE_STYLE ('',( #1472 ) ) ;
#688 = SURFACE_STYLE_FILL_AREA ( #1802 ) ;
#689 = DIRECTION ( 'NONE',  ( 0.7071067811865474600, 0.0000000000000000000, 0.7071067811865474600 ) ) ;
#690 =( NAMED_UNIT ( * ) SI_UNIT ( $, .STERADIAN. ) SOLID_ANGLE_UNIT ( ) );
#691 =( NAMED_UNIT ( * ) PLANE_ANGLE_UNIT ( ) SI_UNIT ( $, .RADIAN. ) );
#692 = FACE_OUTER_BOUND ( 'NONE', #2826, .T. ) ;
#693 = EDGE_CURVE ( 'NONE', #2661, #236, #2915, .T. ) ;
#694 = LINE ( 'NONE', #3297, #4162 ) ;
#695 = EDGE_CURVE ( 'NONE', #1988, #1826, #3702, .T. ) ;
#696 =( NAMED_UNIT ( * ) PLANE_ANGLE_UNIT ( ) SI_UNIT ( $, .RADIAN. ) );
#697 =( LENGTH_UNIT ( ) NAMED_UNIT ( * ) SI_UNIT ( .MILLI., .METRE. ) );
#698 = LINE ( 'NONE', #1660, #4167 ) ;
#699 = DIRECTION ( 'NONE',  ( 0.0000000000000000000, 1.000000000000000000, 0.0000000000000000000 ) ) ;
#700 = PLANE ( 'NONE',  #1962 ) ;
#701 = SURFACE_STYLE_FILL_AREA ( #2634 ) ;
#702 = CARTESIAN_POINT ( 'NONE',  ( -0.3199999999999987300, 1.700000000000000000, 5.299999999999999800 ) ) ;
#703 = PLANE ( 'NONE',  #3131 ) ;
#704 = CARTESIAN_POINT ( 'NONE',  ( 0.7500000000000000000, 0.2999999999999999900, -1.270000000000000500 ) ) ;
#705 = CARTESIAN_POINT ( 'NONE',  ( -0.8699999999999992200, 1.700000000000000000, 3.810000000000000100 ) ) ;
#706 = AXIS2_PLACEMENT_3D ( 'NONE', #3278, #1266, #3614 ) ;
#707 = CARTESIAN_POINT ( 'NONE',  ( 0.2200000000000018900, 8.339999999999999900, 7.299999999999999800 ) ) ;
#708 =( NAMED_UNIT ( * ) PLANE_ANGLE_UNIT ( ) SI_UNIT ( $, .RADIAN. ) );
#709 = PLANE ( 'NONE',  #4233 ) ;
#710 = PRESENTATION_LAYER_ASSIGNMENT (  '', '', ( #238 ) ) ;
#711 = LINE ( 'NONE', #163, #4178 ) ;
#712 = MECHANICAL_DESIGN_GEOMETRIC_PRESENTATION_REPRESENTATION (  '', ( #239 ), #920 ) ;
#713 = MANIFOLD_SOLID_BREP ( 'Boss-Extrude2', #1252 ) ;
#714 = FACE_OUTER_BOUND ( 'NONE', #184, .T. ) ;
#715 = CARTESIAN_POINT ( 'NONE',  ( -0.2199999999999993600, -3.000000000000000000, 2.860000000000000300 ) ) ;
#716 = DIRECTION ( 'NONE',  ( 0.0000000000000000000, 1.000000000000000000, 0.0000000000000000000 ) ) ;
#717 = PRESENTATION_LAYER_ASSIGNMENT (  '', '', ( #248 ) ) ;
#718 = CARTESIAN_POINT ( 'NONE',  ( 0.3200000000000006700, -3.000000000000000000, 2.760000000000000200 ) ) ;
#719 = CARTESIAN_POINT ( 'NONE',  ( 0.3200000000000012800, 8.339999999999999900, 5.299999999999999800 ) ) ;
#720 = DIRECTION ( 'NONE',  ( -0.7071067811865474600, -0.0000000000000000000, -0.7071067811865474600 ) ) ;
#721 = EDGE_CURVE ( 'NONE', #3672, #3407, #711, .T. ) ;
#722 = SURFACE_STYLE_USAGE ( .BOTH. , #2729 ) ;
#723 = ORIENTED_EDGE ( 'NONE', *, *, #1934, .T. ) ;
#724 = ORIENTED_EDGE ( 'NONE', *, *, #381, .T. ) ;
#725 = AXIS2_PLACEMENT_3D ( 'NONE', #1637, #3997, #1980 ) ;
#726 = EDGE_LOOP ( 'NONE', ( #4244, #4296, #4351, #2778 ) ) ;
#727 = LINE ( 'NONE', #911, #408 ) ;
#728 = EDGE_CURVE ( 'NONE', #25, #839, #115, .T. ) ;
#729 = ORIENTED_EDGE ( 'NONE', *, *, #865, .T. ) ;
#730 = CARTESIAN_POINT ( 'NONE',  ( -0.2199999999999993600, -3.000000000000000000, 2.860000000000000300 ) ) ;
#731 = DIRECTION ( 'NONE',  ( -1.000000000000000000, -0.0000000000000000000, -0.0000000000000000000 ) ) ;
#732 = EDGE_CURVE ( 'NONE', #4192, #2992, #3275, .T. ) ;
#733 = SURFACE_SIDE_STYLE ('',( #2636 ) ) ;
#734 = ORIENTED_EDGE ( 'NONE', *, *, #1178, .F. ) ;
#735 = ORIENTED_EDGE ( 'NONE', *, *, #636, .T. ) ;
#736 = DIRECTION ( 'NONE',  ( -0.7071067811865474600, 0.0000000000000000000, 0.7071067811865474600 ) ) ;
#737 = ORIENTED_EDGE ( 'NONE', *, *, #2278, .F. ) ;
#738 = VECTOR ( 'NONE', #4092, 1000.000000000000000 ) ;
#739 = EDGE_CURVE ( 'NONE', #1510, #3110, #1499, .T. ) ;
#740 = FILL_AREA_STYLE_COLOUR ( '', #2819 ) ;
#741 = AXIS2_PLACEMENT_3D ( 'NONE', #2060, #32, #2388 ) ;
#742 = PRESENTATION_STYLE_ASSIGNMENT (( #3390 ) ) ;
#743 = ORIENTED_EDGE ( 'NONE', *, *, #3439, .T. ) ;
#744 = ORIENTED_EDGE ( 'NONE', *, *, #2295, .F. ) ;
#745 = SURFACE_STYLE_FILL_AREA ( #2866 ) ;
#746 = VECTOR ( 'NONE', #1525, 1000.000000000000000 ) ;
#747 = CARTESIAN_POINT ( 'NONE',  ( 0.3200000000000006200, 1.700000000000000000, -3.942553354492750700E-017 ) ) ;
#748 = PRODUCT_DEFINITION ( 'UNKNOWN', '', #962, #3459 ) ;
#749 =( NAMED_UNIT ( * ) PLANE_ANGLE_UNIT ( ) SI_UNIT ( $, .RADIAN. ) );
#750 = DIRECTION ( 'NONE',  ( -0.0000000000000000000, -1.000000000000000000, -0.0000000000000000000 ) ) ;
#751 = AXIS2_PLACEMENT_3D ( 'NONE', #1690, #4050, #2031 ) ;
#752 = PLANE ( 'NONE',  #2099 ) ;
#753 = VECTOR ( 'NONE', #2754, 1000.000000000000100 ) ;
#754 = FACE_OUTER_BOUND ( 'NONE', #1770, .T. ) ;
#755 = DIRECTION ( 'NONE',  ( 0.0000000000000000000, 0.0000000000000000000, -1.000000000000000000 ) ) ;
#756 = VECTOR ( 'NONE', #2385, 1000.000000000000100 ) ;
#757 = FILL_AREA_STYLE ('',( #1065 ) ) ;
#758 = SURFACE_STYLE_FILL_AREA ( #4368 ) ;
#759 = ADVANCED_FACE ( 'NONE', ( #1909 ), #193, .F. ) ;
#760 = EDGE_CURVE ( 'NONE', #772, #3203, #1079, .T. ) ;
#761 = VECTOR ( 'NONE', #4087, 1000.000000000000000 ) ;
#762 = SURFACE_STYLE_USAGE ( .BOTH. , #2766 ) ;
#763 = DIRECTION ( 'NONE',  ( -0.7071067811865474600, 0.0000000000000000000, -0.7071067811865474600 ) ) ;
#764 = VECTOR ( 'NONE', #1874, 1000.000000000000000 ) ;
#765 = DIRECTION ( 'NONE',  ( -1.000000000000000000, 0.0000000000000000000, 2.464095846557964400E-016 ) ) ;
#766 = DIRECTION ( 'NONE',  ( 0.7071067811865474600, 0.0000000000000000000, -0.7071067811865474600 ) ) ;
#767 =( NAMED_UNIT ( * ) PLANE_ANGLE_UNIT ( ) SI_UNIT ( $, .RADIAN. ) );
#768 = SURFACE_STYLE_USAGE ( .BOTH. , #1099 ) ;
#769 = CARTESIAN_POINT ( 'NONE',  ( -0.2199999999999994700, -3.000000000000000000, 2.220000000000000200 ) ) ;
#770 = LINE ( 'NONE', #2620, #4234 ) ;
#771 = DIRECTION ( 'NONE',  ( -0.7071067811865474600, 0.0000000000000000000, -0.7071067811865474600 ) ) ;
#772 = VERTEX_POINT ( 'NONE', #2613 ) ;
#773 = CARTESIAN_POINT ( 'NONE',  ( 1.269999999999998700, 0.0000000000000000000, -0.8700000000000003300 ) ) ;
#774 = PLANE ( 'NONE',  #870 ) ;
#775 = CARTESIAN_POINT ( 'NONE',  ( -0.3199999999999994500, -3.000000000000000000, 2.319999999999999800 ) ) ;
#776 = ADVANCED_FACE ( 'NONE', ( #3639 ), #3295, .F. ) ;
#777 = ORIENTED_EDGE ( 'NONE', *, *, #2376, .T. ) ;
#778 = VECTOR ( 'NONE', #1902, 1000.000000000000100 ) ;
#779 = EDGE_CURVE ( 'NONE', #604, #1516, #4229, .T. ) ;
#780 = PLANE ( 'NONE',  #2919 ) ;
#781 = ORIENTED_EDGE ( 'NONE', *, *, #463, .F. ) ;
#782 = VERTEX_POINT ( 'NONE', #1633 ) ;
#783 = LINE ( 'NONE', #615, #665 ) ;
#784 = EDGE_CURVE ( 'NONE', #1200, #1652, #1544, .T. ) ;
#785 = ORIENTED_EDGE ( 'NONE', *, *, #4316, .F. ) ;
#786 = ORIENTED_EDGE ( 'NONE', *, *, #581, .F. ) ;
#787 = CARTESIAN_POINT ( 'NONE',  ( -0.2199999999999993600, -3.000000000000000000, 2.860000000000000300 ) ) ;
#788 = ORIENTED_EDGE ( 'NONE', *, *, #4196, .F. ) ;
#789 = EDGE_LOOP ( 'NONE', ( #3034, #2779, #1451, #3833 ) ) ;
#790 = ORIENTED_EDGE ( 'NONE', *, *, #1854, .F. ) ;
#791 = FILL_AREA_STYLE_COLOUR ( '', #161 ) ;
#792 = SURFACE_STYLE_USAGE ( .BOTH. , #2796 ) ;
#793 = STYLED_ITEM ( 'NONE', ( #215 ), #162 ) ;
#794 =( GEOMETRIC_REPRESENTATION_CONTEXT ( 3 ) GLOBAL_UNCERTAINTY_ASSIGNED_CONTEXT ( ( #1002 ) ) GLOBAL_UNIT_ASSIGNED_CONTEXT ( ( #1073, #3416, #1404 ) ) REPRESENTATION_CONTEXT ( 'NONE', 'WORKASPACE' ) );
#795 = STYLED_ITEM ( 'NONE', ( #2365 ), #1453 ) ;
#796 = ADVANCED_FACE ( 'NONE', ( #4124 ), #3650, .T. ) ;
#797 = VECTOR ( 'NONE', #3810, 1000.000000000000100 ) ;
#798 = DIRECTION ( 'NONE',  ( -0.0000000000000000000, -1.000000000000000000, -0.0000000000000000000 ) ) ;
#799 = UNCERTAINTY_MEASURE_WITH_UNIT (LENGTH_MEASURE( 1.000000000000000100E-005 ), #1647, 'distance_accuracy_value', 'NONE');
#800 = SURFACE_STYLE_FILL_AREA ( #3327 ) ;
#801 = DIRECTION ( 'NONE',  ( 0.7071067811865475700, -0.0000000000000000000, 0.7071067811865475700 ) ) ;
#802 = CARTESIAN_POINT ( 'NONE',  ( 0.3200000000000018900, 1.700000000000000000, 7.400000000000000400 ) ) ;
#803 = VECTOR ( 'NONE', #1315, 1000.000000000000100 ) ;
#804 = FILL_AREA_STYLE_COLOUR ( '', #2720 ) ;
#805 =( LENGTH_UNIT ( ) NAMED_UNIT ( * ) SI_UNIT ( .MILLI., .METRE. ) );
#806 = STYLED_ITEM ( 'NONE', ( #2628 ), #873 ) ;
#807 = FACE_OUTER_BOUND ( 'NONE', #2596, .T. ) ;
#808 = EDGE_CURVE ( 'NONE', #3934, #3783, #3809, .T. ) ;
#809 = SURFACE_STYLE_FILL_AREA ( #321 ) ;
#810 =( NAMED_UNIT ( * ) PLANE_ANGLE_UNIT ( ) SI_UNIT ( $, .RADIAN. ) );
#811 = CARTESIAN_POINT ( 'NONE',  ( 0.2200000000000012500, -3.000000000000000000, 4.760000000000000700 ) ) ;
#812 = VECTOR ( 'NONE', #4371, 1000.000000000000000 ) ;
#813 = FILL_AREA_STYLE ('',( #472 ) ) ;
#814 = DIRECTION ( 'NONE',  ( 0.0000000000000000000, -0.0000000000000000000, -1.000000000000000000 ) ) ;
#815 = ADVANCED_FACE ( 'NONE', ( #2123 ), #654, .F. ) ;
#816 = EDGE_CURVE ( 'NONE', #2128, #3154, #1692, .T. ) ;
#817 = FILL_AREA_STYLE ('',( #1797 ) ) ;
#818 =( GEOMETRIC_REPRESENTATION_CONTEXT ( 3 ) GLOBAL_UNCERTAINTY_ASSIGNED_CONTEXT ( ( #1434 ) ) GLOBAL_UNIT_ASSIGNED_CONTEXT ( ( #2637, #630, #2989 ) ) REPRESENTATION_CONTEXT ( 'NONE', 'WORKASPACE' ) );
#819 = ORIENTED_EDGE ( 'NONE', *, *, #1085, .T. ) ;
#820 = DIRECTION ( 'NONE',  ( -0.0000000000000000000, -1.000000000000000000, -0.0000000000000000000 ) ) ;
#821 = SURFACE_STYLE_USAGE ( .BOTH. , #2840 ) ;
#822 = ORIENTED_EDGE ( 'NONE', *, *, #3254, .T. ) ;
#823 = EDGE_LOOP ( 'NONE', ( #3158, #922, #2495, #4085 ) ) ;
#824 = STYLED_ITEM ( 'NONE', ( #3113 ), #3857 ) ;
#825 = CARTESIAN_POINT ( 'NONE',  ( 0.2200000000000006700, -3.000000000000000000, 2.860000000000000300 ) ) ;
#826 = VERTEX_POINT ( 'NONE', #2307 ) ;
#827 = DIRECTION ( 'NONE',  ( 0.0000000000000000000, 0.0000000000000000000, 1.000000000000000000 ) ) ;
#828 = ORIENTED_EDGE ( 'NONE', *, *, #1032, .T. ) ;
#829 = LINE ( 'NONE', #1572, #678 ) ;
#830 = EDGE_CURVE ( 'NONE', #3208, #2661, #4276, .T. ) ;
#831 = ORIENTED_EDGE ( 'NONE', *, *, #1922, .F. ) ;
#832 = ORIENTED_EDGE ( 'NONE', *, *, #1127, .F. ) ;
#833 = VERTEX_POINT ( 'NONE', #4031 ) ;
#834 = VECTOR ( 'NONE', #42, 1000.000000000000000 ) ;
#835 =( NAMED_UNIT ( * ) PLANE_ANGLE_UNIT ( ) SI_UNIT ( $, .RADIAN. ) );
#836 = VECTOR ( 'NONE', #3579, 1000.000000000000000 ) ;
#837 = ADVANCED_FACE ( 'NONE', ( #2474 ), #1679, .T. ) ;
#838 = ORIENTED_EDGE ( 'NONE', *, *, #1300, .T. ) ;
#839 = VERTEX_POINT ( 'NONE', #1028 ) ;
#840 = DIRECTION ( 'NONE',  ( 1.000000000000000000, -0.0000000000000000000, 0.0000000000000000000 ) ) ;
#841 = LINE ( 'NONE', #4312, #2609 ) ;
#842 = COLOUR_RGB ( '',1.000000000000000000, 1.000000000000000000, 1.000000000000000000 ) ;
#843 =( NAMED_UNIT ( * ) SI_UNIT ( $, .STERADIAN. ) SOLID_ANGLE_UNIT ( ) );
#844 = COLOUR_RGB ( '',0.0000000000000000000, 0.03529411764705882300, 0.05882352941176470500 ) ;
#845 = FILL_AREA_STYLE_COLOUR ( '', #3100 ) ;
#846 = FACE_OUTER_BOUND ( 'NONE', #1355, .T. ) ;
#847 = PRESENTATION_LAYER_ASSIGNMENT (  '', '', ( #392 ) ) ;
#848 = LINE ( 'NONE', #2738, #3311 ) ;
#849 = FILL_AREA_STYLE_COLOUR ( '', #2806 ) ;
#850 = LINE ( 'NONE', #2070, #756 ) ;
#851 = FACE_OUTER_BOUND ( 'NONE', #2887, .T. ) ;
#852 =( GEOMETRIC_REPRESENTATION_CONTEXT ( 3 ) GLOBAL_UNCERTAINTY_ASSIGNED_CONTEXT ( ( #4380 ) ) GLOBAL_UNIT_ASSIGNED_CONTEXT ( ( #2682, #672, #3027 ) ) REPRESENTATION_CONTEXT ( 'NONE', 'WORKASPACE' ) );
#853 = SURFACE_SIDE_STYLE ('',( #745 ) ) ;
#854 = VECTOR ( 'NONE', #312, 1000.000000000000000 ) ;
#855 = ADVANCED_FACE ( 'NONE', ( #3 ), #11, .T. ) ;
#856 = EDGE_CURVE ( 'NONE', #2710, #3515, #1855, .T. ) ;
#857 =( LENGTH_UNIT ( ) NAMED_UNIT ( * ) SI_UNIT ( .MILLI., .METRE. ) );
#858 = VECTOR ( 'NONE', #4048, 1000.000000000000100 ) ;
#859 =( NAMED_UNIT ( * ) SI_UNIT ( $, .STERADIAN. ) SOLID_ANGLE_UNIT ( ) );
#860 = MECHANICAL_DESIGN_GEOMETRIC_PRESENTATION_REPRESENTATION (  '', ( #172 ), #1089 ) ;
#861 = LINE ( 'NONE', #1390, #4331 ) ;
#862 = VECTOR ( 'NONE', #3630, 1000.000000000000000 ) ;
#863 = DIRECTION ( 'NONE',  ( -0.0000000000000000000, -1.000000000000000000, -0.0000000000000000000 ) ) ;
#864 =( NAMED_UNIT ( * ) PLANE_ANGLE_UNIT ( ) SI_UNIT ( $, .RADIAN. ) );
#865 = EDGE_CURVE ( 'NONE', #1936, #916, #2751, .T. ) ;
#866 = MECHANICAL_DESIGN_GEOMETRIC_PRESENTATION_REPRESENTATION (  '', ( #183 ), #1100 ) ;
#867 = ORIENTED_EDGE ( 'NONE', *, *, #347, .F. ) ;
#868 = DIRECTION ( 'NONE',  ( -0.7071067811865474600, 0.0000000000000000000, -0.7071067811865474600 ) ) ;
#869 = DIRECTION ( 'NONE',  ( -0.0000000000000000000, -1.000000000000000000, -0.0000000000000000000 ) ) ;
#870 = AXIS2_PLACEMENT_3D ( 'NONE', #2808, #801, #3159 ) ;
#871 = ORIENTED_EDGE ( 'NONE', *, *, #3279, .F. ) ;
#872 = CARTESIAN_POINT ( 'NONE',  ( 0.8700000000000005500, 0.0000000000000000000, 6.349999999999999600 ) ) ;
#873 = ADVANCED_FACE ( 'NONE', ( #959 ), #2902, .T. ) ;
#874 = SURFACE_STYLE_USAGE ( .BOTH. , #2893 ) ;
#875 = ORIENTED_EDGE ( 'NONE', *, *, #228, .T. ) ;
#876 = VECTOR ( 'NONE', #1884, 1000.000000000000000 ) ;
#877 = LINE ( 'NONE', #3240, #667 ) ;
#878 = DIRECTION ( 'NONE',  ( 0.7071067811865475700, -0.0000000000000000000, 0.7071067811865475700 ) ) ;
#879 = ORIENTED_EDGE ( 'NONE', *, *, #91, .F. ) ;
#880 = MECHANICAL_DESIGN_GEOMETRIC_PRESENTATION_REPRESENTATION (  '', ( #197 ), #1113 ) ;
#881 = ORIENTED_EDGE ( 'NONE', *, *, #2334, .F. ) ;
#882 = ORIENTED_EDGE ( 'NONE', *, *, #784, .T. ) ;
#883 = PRESENTATION_STYLE_ASSIGNMENT (( #101 ) ) ;
#884 = PLANE ( 'NONE',  #4304 ) ;
#885 =( NAMED_UNIT ( * ) SI_UNIT ( $, .STERADIAN. ) SOLID_ANGLE_UNIT ( ) );
#886 = CARTESIAN_POINT ( 'NONE',  ( -4.549999999999999800, 0.2999999999999999900, 2.529999999999999400 ) ) ;
#887 = ORIENTED_EDGE ( 'NONE', *, *, #125, .T. ) ;
#888 = ORIENTED_EDGE ( 'NONE', *, *, #258, .T. ) ;
#889 = VERTEX_POINT ( 'NONE', #2541 ) ;
#890 =( GEOMETRIC_REPRESENTATION_CONTEXT ( 3 ) GLOBAL_UNCERTAINTY_ASSIGNED_CONTEXT ( ( #1443 ) ) GLOBAL_UNIT_ASSIGNED_CONTEXT ( ( #2771, #767, #3128 ) ) REPRESENTATION_CONTEXT ( 'NONE', 'WORKASPACE' ) );
#891 = CARTESIAN_POINT ( 'NONE',  ( -0.3199999999999993400, -3.000000000000000000, 2.760000000000000200 ) ) ;
#892 = PRESENTATION_STYLE_ASSIGNMENT (( #640 ) ) ;
#893 = VERTEX_POINT ( 'NONE', #903 ) ;
#894 = CARTESIAN_POINT ( 'NONE',  ( -0.2199999999999988100, 8.339999999999999900, 4.760000000000000700 ) ) ;
#895 = UNCERTAINTY_MEASURE_WITH_UNIT (LENGTH_MEASURE( 1.000000000000000100E-005 ), #1557, 'distance_accuracy_value', 'NONE');
#896 = CARTESIAN_POINT ( 'NONE',  ( -0.8699999999999994400, 1.700000000000000000, 3.810000000000000100 ) ) ;
#897 = CARTESIAN_POINT ( 'NONE',  ( -0.8700000000000001100, 1.700000000000000000, 1.269999999999999800 ) ) ;
#898 = EDGE_CURVE ( 'NONE', #670, #3606, #1436, .T. ) ;
#899 = VECTOR ( 'NONE', #1119, 1000.000000000000000 ) ;
#900 = DIRECTION ( 'NONE',  ( 0.0000000000000000000, 1.000000000000000000, 0.0000000000000000000 ) ) ;
#901 = LINE ( 'NONE', #88, #2683 ) ;
#902 = VECTOR ( 'NONE', #2967, 1000.000000000000100 ) ;
#903 = CARTESIAN_POINT ( 'NONE',  ( -1.270000000000000500, 1.700000000000000000, -0.8700000000000003300 ) ) ;
#904 = VECTOR ( 'NONE', #3070, 1000.000000000000100 ) ;
#905 = FILL_AREA_STYLE ('',( #564 ) ) ;
#906 = COLOUR_RGB ( '',1.000000000000000000, 1.000000000000000000, 1.000000000000000000 ) ;
#907 = DIRECTION ( 'NONE',  ( 1.000000000000000000, -0.0000000000000000000, -2.492418787322999700E-016 ) ) ;
#908 = PRESENTATION_STYLE_ASSIGNMENT (( #1624 ) ) ;
#909 = EDGE_CURVE ( 'NONE', #2201, #2992, #4118, .T. ) ;
#910 = CARTESIAN_POINT ( 'NONE',  ( -0.3200000000000000600, 8.339999999999999900, -0.2200000000000000800 ) ) ;
#911 = CARTESIAN_POINT ( 'NONE',  ( -0.3199999999999994500, -3.000000000000000000, 2.319999999999999800 ) ) ;
#912 = EDGE_CURVE ( 'NONE', #1133, #29, #4010, .T. ) ;
#913 = CARTESIAN_POINT ( 'NONE',  ( 0.3200000000000012300, -3.000000000000000000, 4.860000000000000300 ) ) ;
#914 = SURFACE_STYLE_FILL_AREA ( #4082 ) ;
#915 = CARTESIAN_POINT ( 'NONE',  ( -0.3199999999999993400, 1.700000000000000000, 2.760000000000000200 ) ) ;
#916 = VERTEX_POINT ( 'NONE', #3590 ) ;
#917 = UNCERTAINTY_MEASURE_WITH_UNIT (LENGTH_MEASURE( 1.000000000000000100E-005 ), #4005, 'distance_accuracy_value', 'NONE');
#918 = DIRECTION ( 'NONE',  ( -0.7071067811865474600, -0.0000000000000000000, 0.7071067811865474600 ) ) ;
#919 = MECHANICAL_DESIGN_GEOMETRIC_PRESENTATION_REPRESENTATION (  '', ( #238 ), #1157 ) ;
#920 =( GEOMETRIC_REPRESENTATION_CONTEXT ( 3 ) GLOBAL_UNCERTAINTY_ASSIGNED_CONTEXT ( ( #3859 ) ) GLOBAL_UNIT_ASSIGNED_CONTEXT ( ( #2515, #517, #2867 ) ) REPRESENTATION_CONTEXT ( 'NONE', 'WORKASPACE' ) );
#921 = CARTESIAN_POINT ( 'NONE',  ( 0.3200000000000006200, 8.339999999999999900, 2.319999999999999800 ) ) ;
#922 = ORIENTED_EDGE ( 'NONE', *, *, #1368, .F. ) ;
#923 = CARTESIAN_POINT ( 'NONE',  ( 0.2200000000000018900, -3.000000000000000000, 7.299999999999999800 ) ) ;
#924 = ORIENTED_EDGE ( 'NONE', *, *, #545, .F. ) ;
#925 = ORIENTED_EDGE ( 'NONE', *, *, #1206, .T. ) ;
#926 = CARTESIAN_POINT ( 'NONE',  ( -0.3199999999999980600, 8.339999999999999900, 7.839999999999999900 ) ) ;
#927 = CLOSED_SHELL ( 'NONE', ( #3160, #4135, #2816, #3771, #3193, #3464, #815, #55, #1753, #2473, #4212, #3567, #3141, #2158, #3902, #1126, #162, #759, #3178, #391, #1141, #4231, #1782, #3532, #4099, #3123, #1501, #3236, #458, #1867, #4123, #2489, #3876, #1412, #2179, #441, #2883, #1477, #3415, #1166, #2776, #776, #837, #3838, #2797, #2416, #544, #2516, #146, #524, #1540, #3444, #1520, #3815, #2220, #483, #1083, #1847, #97, #2862, #421, #1892, #3549, #4186, #118, #2117, #3093, #2534, #796, #3857, #2435, #181, #1799, #2073, #2842, #1431, #855, #3221, #1103, #1734, #1210, #499, #3501, #2456, #2096, #2132 ) ) ;
#928 = MECHANICAL_DESIGN_GEOMETRIC_PRESENTATION_REPRESENTATION (  '', ( #248 ), #1162 ) ;
#929 = DIRECTION ( 'NONE',  ( 0.7071067811865475700, -0.0000000000000000000, 0.7071067811865475700 ) ) ;
#930 = ORIENTED_EDGE ( 'NONE', *, *, #33, .F. ) ;
#931 = ORIENTED_EDGE ( 'NONE', *, *, #1485, .F. ) ;
#932 = ORIENTED_EDGE ( 'NONE', *, *, #3487, .F. ) ;
#933 = CARTESIAN_POINT ( 'NONE',  ( 1.269999999999999800, 1.700000000000000000, 3.409999999999999700 ) ) ;
#934 = VECTOR ( 'NONE', #720, 1000.000000000000100 ) ;
#935 = LINE ( 'NONE', #2227, #778 ) ;
#936 = EDGE_CURVE ( 'NONE', #4140, #150, #2312, .T. ) ;
#937 = ORIENTED_EDGE ( 'NONE', *, *, #119, .F. ) ;
#938 = PRESENTATION_LAYER_ASSIGNMENT (  '', '', ( #491 ) ) ;
#939 = FILL_AREA_STYLE_COLOUR ( '', #2691 ) ;
#940 = LINE ( 'NONE', #3611, #3620 ) ;
#941 = CARTESIAN_POINT ( 'NONE',  ( 0.2200000000000019400, 0.2999999999999999300, 7.939999999999999500 ) ) ;
#942 = AXIS2_PLACEMENT_3D ( 'NONE', #1835, #4190, #2175 ) ;
#943 = SURFACE_SIDE_STYLE ('',( #2746 ) ) ;
#944 = CARTESIAN_POINT ( 'NONE',  ( -0.2199999999999988100, 8.339999999999999900, 4.760000000000000700 ) ) ;
#945 = UNCERTAINTY_MEASURE_WITH_UNIT (LENGTH_MEASURE( 1.000000000000000100E-005 ), #1616, 'distance_accuracy_value', 'NONE');
#946 = DIRECTION ( 'NONE',  ( -0.7071067811865475700, 0.0000000000000000000, 0.7071067811865475700 ) ) ;
#947 = COLOUR_RGB ( '',1.000000000000000000, 1.000000000000000000, 1.000000000000000000 ) ;
#948 = EDGE_CURVE ( 'NONE', #3197, #1652, #1325, .T. ) ;
#949 = CARTESIAN_POINT ( 'NONE',  ( 0.2200000000000018900, 8.339999999999999900, 7.299999999999999800 ) ) ;
#950 = LINE ( 'NONE', #3087, #2617 ) ;
#951 = EDGE_CURVE ( 'NONE', #889, #1712, #2221, .T. ) ;
#952 = PRESENTATION_LAYER_ASSIGNMENT (  '', '', ( #501 ) ) ;
#953 = DIRECTION ( 'NONE',  ( 2.464095846557964400E-016, 0.0000000000000000000, 1.000000000000000000 ) ) ;
#954 = STYLED_ITEM ( 'NONE', ( #2573 ), #2456 ) ;
#955 = CARTESIAN_POINT ( 'NONE',  ( 0.3200000000000012300, -3.000000000000000000, 4.860000000000000300 ) ) ;
#956 = FACE_OUTER_BOUND ( 'NONE', #2820, .T. ) ;
#957 = CARTESIAN_POINT ( 'NONE',  ( -0.3199999999999999500, 8.339999999999999900, 0.2199999999999999700 ) ) ;
#958 = DIRECTION ( 'NONE',  ( 0.0000000000000000000, 1.000000000000000000, 0.0000000000000000000 ) ) ;
#959 = FACE_OUTER_BOUND ( 'NONE', #1196, .T. ) ;
#960 = COLOUR_RGB ( '',1.000000000000000000, 1.000000000000000000, 1.000000000000000000 ) ;
#961 = LINE ( 'NONE', #333, #63 ) ;
#963 = SURFACE_SIDE_STYLE ('',( #4301 ) ) ;
#962 = PRODUCT_DEFINITION_FORMATION_WITH_SPECIFIED_SOURCE ( 'ANY', '', #1678, .NOT_KNOWN. ) ;
#964 = PRESENTATION_LAYER_ASSIGNMENT (  '', '', ( #515 ) ) ;
#965 = CARTESIAN_POINT ( 'NONE',  ( 1.269999999999999800, 0.0000000000000000000, 3.409999999999999700 ) ) ;
#966 = VECTOR ( 'NONE', #1944, 1000.000000000000000 ) ;
#967 =( LENGTH_UNIT ( ) NAMED_UNIT ( * ) SI_UNIT ( .MILLI., .METRE. ) );
#968 = CARTESIAN_POINT ( 'NONE',  ( 0.8699999999999992200, 1.700000000000000000, 1.269999999999999400 ) ) ;
#969 = PLANE ( 'NONE',  #2270 ) ;
#970 = UNCERTAINTY_MEASURE_WITH_UNIT (LENGTH_MEASURE( 1.000000000000000100E-005 ), #4002, 'distance_accuracy_value', 'NONE');
#971 = APPLICATION_PROTOCOL_DEFINITION ( 'draft international standard', 'automotive_design', 1998, #1311 ) ;
#972 = EDGE_CURVE ( 'NONE', #1029, #2831, #439, .T. ) ;
#973 = FILL_AREA_STYLE_COLOUR ( '', #3234 ) ;
#974 = FILL_AREA_STYLE_COLOUR ( '', #418 ) ;
#975 = CARTESIAN_POINT ( 'NONE',  ( 0.3200000000000018900, -3.000000000000000000, 7.400000000000000400 ) ) ;
#976 = ORIENTED_EDGE ( 'NONE', *, *, #3560, .T. ) ;
#977 =( NAMED_UNIT ( * ) PLANE_ANGLE_UNIT ( ) SI_UNIT ( $, .RADIAN. ) );
#978 = FILL_AREA_STYLE_COLOUR ( '', #2367 ) ;
#979 = ORIENTED_EDGE ( 'NONE', *, *, #2696, .F. ) ;
#980 = ORIENTED_EDGE ( 'NONE', *, *, #1618, .F. ) ;
#981 = LINE ( 'NONE', #1547, #876 ) ;
#982 =( NAMED_UNIT ( * ) PLANE_ANGLE_UNIT ( ) SI_UNIT ( $, .RADIAN. ) );
#983 = STYLED_ITEM ( 'NONE', ( #2757 ), #776 ) ;
#984 =( LENGTH_UNIT ( ) NAMED_UNIT ( * ) SI_UNIT ( .MILLI., .METRE. ) );
#985 = EDGE_LOOP ( 'NONE', ( #867, #601, #3405, #1720, #2929, #130, #3047, #2240 ) ) ;
#986 = ORIENTED_EDGE ( 'NONE', *, *, #3826, .T. ) ;
#987 = CARTESIAN_POINT ( 'NONE',  ( 1.270000000000000700, 0.0000000000000000000, 6.750000000000000000 ) ) ;
#988 = ORIENTED_EDGE ( 'NONE', *, *, #550, .F. ) ;
#989 = SURFACE_STYLE_USAGE ( .BOTH. , #3004 ) ;
#990 = PRODUCT_CONTEXT ( 'NONE', #1311, 'mechanical' ) ;
#991 = FILL_AREA_STYLE_COLOUR ( '', #1130 ) ;
#992 = ORIENTED_EDGE ( 'NONE', *, *, #3792, .T. ) ;
#993 = STYLED_ITEM ( 'NONE', ( #475 ), #3532 ) ;
#994 = ORIENTED_EDGE ( 'NONE', *, *, #2499, .F. ) ;
#995 = FILL_AREA_STYLE_COLOUR ( '', #92 ) ;
#996 = VECTOR ( 'NONE', #3682, 1000.000000000000000 ) ;
#997 = CARTESIAN_POINT ( 'NONE',  ( 3.070000000000000700, 0.2999999999999999900, 2.550000000000000300 ) ) ;
#998 = SURFACE_SIDE_STYLE ('',( #320 ) ) ;
#999 = ORIENTED_EDGE ( 'NONE', *, *, #4042, .F. ) ;
#1000 = EDGE_CURVE ( 'NONE', #3354, #1193, #3014, .T. ) ;
#1001 = VECTOR ( 'NONE', #2239, 1000.000000000000000 ) ;
#1002 = UNCERTAINTY_MEASURE_WITH_UNIT (LENGTH_MEASURE( 1.000000000000000100E-005 ), #1073, 'distance_accuracy_value', 'NONE');
#1003 = EDGE_CURVE ( 'NONE', #893, #2145, #3804, .T. ) ;
#1004 = FILL_AREA_STYLE ('',( #659 ) ) ;
#1005 = LINE ( 'NONE', #1105, #3581 ) ;
#1006 = FILL_AREA_STYLE_COLOUR ( '', #4222 ) ;
#1007 = DIRECTION ( 'NONE',  ( 0.7071067811865475700, -0.0000000000000000000, 0.7071067811865475700 ) ) ;
#1008 = CARTESIAN_POINT ( 'NONE',  ( -0.8700000000000001100, 1.700000000000000000, 1.269999999999999800 ) ) ;
#1009 =( NAMED_UNIT ( * ) SI_UNIT ( $, .STERADIAN. ) SOLID_ANGLE_UNIT ( ) );
#1010 = LINE ( 'NONE', #4297, #2685 ) ;
#1011 = CARTESIAN_POINT ( 'NONE',  ( 6.330743719800416100E-016, -3.000000000000000000, 2.540000000000000000 ) ) ;
#1012 = AXIS2_PLACEMENT_3D ( 'NONE', #1509, #1500, #1484 ) ;
#1013 = DIRECTION ( 'NONE',  ( 0.7071067811865474600, 0.0000000000000000000, 0.7071067811865474600 ) ) ;
#1014 = VECTOR ( 'NONE', #2834, 1000.000000000000000 ) ;
#1015 = DIRECTION ( 'NONE',  ( -1.232047923278982200E-016, -0.0000000000000000000, -1.000000000000000000 ) ) ;
#1016 = VECTOR ( 'NONE', #597, 1000.000000000000100 ) ;
#1017 = LINE ( 'NONE', #2971, #1331 ) ;
#1018 = AXIS2_PLACEMENT_3D ( 'NONE', #3814, #1795, #4148 ) ;
#1019 = CARTESIAN_POINT ( 'NONE',  ( -0.3199999999999981700, -3.000000000000000000, 7.400000000000000400 ) ) ;
#1020 = DIRECTION ( 'NONE',  ( -0.7071067811865474600, 0.0000000000000000000, -0.7071067811865474600 ) ) ;
#1021 = PLANE ( 'NONE',  #608 ) ;
#1022 = SURFACE_STYLE_FILL_AREA ( #4324 ) ;
#1023 = CARTESIAN_POINT ( 'NONE',  ( 0.2200000000000006100, -3.000000000000000000, 2.220000000000000200 ) ) ;
#1024 = VECTOR ( 'NONE', #3207, 1000.000000000000000 ) ;
#1025 = SURFACE_STYLE_USAGE ( .BOTH. , #3035 ) ;
#1026 =( LENGTH_UNIT ( ) NAMED_UNIT ( * ) SI_UNIT ( .MILLI., .METRE. ) );
#1027 = CARTESIAN_POINT ( 'NONE',  ( -1.269999999999999800, 1.700000000000000000, 1.669999999999999900 ) ) ;
#1028 = CARTESIAN_POINT ( 'NONE',  ( 0.8699999999999992200, 0.0000000000000000000, 1.269999999999999400 ) ) ;
#1029 = VERTEX_POINT ( 'NONE', #921 ) ;
#1030 = AXIS2_PLACEMENT_3D ( 'NONE', #1378, #3736, #1709 ) ;
#1031 = STYLED_ITEM ( 'NONE', ( #2304 ), #2883 ) ;
#1032 = EDGE_CURVE ( 'NONE', #1057, #2444, #2009, .T. ) ;
#1033 =( NAMED_UNIT ( * ) SI_UNIT ( $, .STERADIAN. ) SOLID_ANGLE_UNIT ( ) );
#1034 = ORIENTED_EDGE ( 'NONE', *, *, #1003, .F. ) ;
#1035 = FILL_AREA_STYLE ('',( #1700 ) ) ;
#1036 = CARTESIAN_POINT ( 'NONE',  ( 1.269999999999999400, 0.0000000000000000000, 1.669999999999999900 ) ) ;
#1037 = ORIENTED_EDGE ( 'NONE', *, *, #732, .T. ) ;
#1038 = VERTEX_POINT ( 'NONE', #255 ) ;
#1039 = CARTESIAN_POINT ( 'NONE',  ( 0.3200000000000018900, -3.000000000000000000, 7.400000000000000400 ) ) ;
#1040 = EDGE_CURVE ( 'NONE', #3111, #1516, #3694, .T. ) ;
#1041 = DIRECTION ( 'NONE',  ( 2.464095846557964400E-016, 0.0000000000000000000, 1.000000000000000000 ) ) ;
#1042 = AXIS2_PLACEMENT_3D ( 'NONE', #1649, #4011, #1996 ) ;
#1043 = VERTEX_POINT ( 'NONE', #586 ) ;
#1044 = ORIENTED_EDGE ( 'NONE', *, *, #1600, .T. ) ;
#1045 = ORIENTED_EDGE ( 'NONE', *, *, #3127, .F. ) ;
#1046 = FILL_AREA_STYLE_COLOUR ( '', #1789 ) ;
#1047 = VECTOR ( 'NONE', #3504, 1000.000000000000000 ) ;
#1048 = VECTOR ( 'NONE', #2903, 1000.000000000000000 ) ;
#1049 = ORIENTED_EDGE ( 'NONE', *, *, #3745, .F. ) ;
#1050 = ORIENTED_EDGE ( 'NONE', *, *, #1452, .T. ) ;
#1051 = ORIENTED_EDGE ( 'NONE', *, *, #1406, .F. ) ;
#1052 = VECTOR ( 'NONE', #3385, 1000.000000000000100 ) ;
#1053 = SURFACE_SIDE_STYLE ('',( #2045 ) ) ;
#1054 = CARTESIAN_POINT ( 'NONE',  ( 0.2200000000000013100, -3.000000000000000000, 5.400000000000000400 ) ) ;
#1055 = SURFACE_STYLE_FILL_AREA ( #2 ) ;
#1056 = ORIENTED_EDGE ( 'NONE', *, *, #2843, .T. ) ;
#1057 = VERTEX_POINT ( 'NONE', #3286 ) ;
#1058 = DIRECTION ( 'NONE',  ( 2.464095846557964400E-016, 0.0000000000000000000, 1.000000000000000000 ) ) ;
#1059 = DIRECTION ( 'NONE',  ( 2.464095846557964400E-016, 0.0000000000000000000, 1.000000000000000000 ) ) ;
#1060 = DIRECTION ( 'NONE',  ( 0.0000000000000000000, 0.0000000000000000000, -1.000000000000000000 ) ) ;
#1061 = AXIS2_PLACEMENT_3D ( 'NONE', #1970, #4328, #2303 ) ;
#1062 = VECTOR ( 'NONE', #1249, 1000.000000000000000 ) ;
#1063 =( NAMED_UNIT ( * ) PLANE_ANGLE_UNIT ( ) SI_UNIT ( $, .RADIAN. ) );
#1064 = SURFACE_STYLE_FILL_AREA ( #3455 ) ;
#1065 = FILL_AREA_STYLE_COLOUR ( '', #1370 ) ;
#1066 = UNCERTAINTY_MEASURE_WITH_UNIT (LENGTH_MEASURE( 1.000000000000000100E-005 ), #2882, 'distance_accuracy_value', 'NONE');
#1067 = EDGE_CURVE ( 'NONE', #1258, #1038, #214, .T. ) ;
#1068 = VECTOR ( 'NONE', #1388, 1000.000000000000100 ) ;
#1069 = DIRECTION ( 'NONE',  ( 0.7071067811865474600, -0.0000000000000000000, 0.7071067811865474600 ) ) ;
#1070 = DIRECTION ( 'NONE',  ( -1.000000000000000000, 0.0000000000000000000, 2.464095846557964400E-016 ) ) ;
#1071 = UNCERTAINTY_MEASURE_WITH_UNIT (LENGTH_MEASURE( 1.000000000000000100E-005 ), #1985, 'distance_accuracy_value', 'NONE');
#1072 = DIRECTION ( 'NONE',  ( 1.000000000000000000, 0.0000000000000000000, -0.0000000000000000000 ) ) ;
#1073 =( LENGTH_UNIT ( ) NAMED_UNIT ( * ) SI_UNIT ( .MILLI., .METRE. ) );
#1074 = DIRECTION ( 'NONE',  ( 0.0000000000000000000, 1.000000000000000000, 0.0000000000000000000 ) ) ;
#1075 = PLANE ( 'NONE',  #203 ) ;
#1076 = LINE ( 'NONE', #4025, #2752 ) ;
#1077 = CARTESIAN_POINT ( 'NONE',  ( -1.269999999999999100, 0.0000000000000000000, 4.210000000000000000 ) ) ;
#1078 = MECHANICAL_DESIGN_GEOMETRIC_PRESENTATION_REPRESENTATION (  '', ( #392 ), #1284 ) ;
#1079 = LINE ( 'NONE', #602, #2860 ) ;
#1080 = STYLED_ITEM ( 'NONE', ( #2107 ), #1753 ) ;
#1081 = SURFACE_SIDE_STYLE ('',( #3218 ) ) ;
#1082 = LINE ( 'NONE', #913, #2762 ) ;
#1083 = ADVANCED_FACE ( 'NONE', ( #1905 ), #1939, .T. ) ;
#1084 = DIRECTION ( 'NONE',  ( 0.7071067811865474600, -0.0000000000000000000, 0.7071067811865474600 ) ) ;
#1085 = EDGE_CURVE ( 'NONE', #1154, #2879, #2373, .T. ) ;
#1086 = ORIENTED_EDGE ( 'NONE', *, *, #865, .F. ) ;
#1087 = SURFACE_STYLE_USAGE ( .BOTH. , #3112 ) ;
#1088 = EDGE_LOOP ( 'NONE', ( #3889, #3719, #3608, #3613 ) ) ;
#1089 =( GEOMETRIC_REPRESENTATION_CONTEXT ( 3 ) GLOBAL_UNCERTAINTY_ASSIGNED_CONTEXT ( ( #1459 ) ) GLOBAL_UNIT_ASSIGNED_CONTEXT ( ( #2389, #384, #2737 ) ) REPRESENTATION_CONTEXT ( 'NONE', 'WORKASPACE' ) );
#1090 = EDGE_LOOP ( 'NONE', ( #4038, #2245, #1880, #2197, #2594, #4359, #3619, #140 ) ) ;
#1091 = DIRECTION ( 'NONE',  ( 1.000000000000000000, 0.0000000000000000000, 0.0000000000000000000 ) ) ;
#1092 = ORIENTED_EDGE ( 'NONE', *, *, #489, .F. ) ;
#1093 =( NAMED_UNIT ( * ) PLANE_ANGLE_UNIT ( ) SI_UNIT ( $, .RADIAN. ) );
#1094 = STYLED_ITEM ( 'NONE', ( #2423 ), #97 ) ;
#1095 = CARTESIAN_POINT ( 'NONE',  ( -1.269999999999999100, 1.700000000000000000, 4.210000000000000000 ) ) ;
#1096 = VERTEX_POINT ( 'NONE', #3966 ) ;
#1097 = ORIENTED_EDGE ( 'NONE', *, *, #2208, .F. ) ;
#1098 = ORIENTED_EDGE ( 'NONE', *, *, #3511, .T. ) ;
#1099 = SURFACE_SIDE_STYLE ('',( #3458 ) ) ;
#1100 =( GEOMETRIC_REPRESENTATION_CONTEXT ( 3 ) GLOBAL_UNCERTAINTY_ASSIGNED_CONTEXT ( ( #1777 ) ) GLOBAL_UNIT_ASSIGNED_CONTEXT ( ( #663, #3024, #1009 ) ) REPRESENTATION_CONTEXT ( 'NONE', 'WORKASPACE' ) );
#1101 = ORIENTED_EDGE ( 'NONE', *, *, #1698, .F. ) ;
#1102 = ORIENTED_EDGE ( 'NONE', *, *, #2476, .T. ) ;
#1103 = ADVANCED_FACE ( 'NONE', ( #3270 ), #278, .T. ) ;
#1104 = PRESENTATION_LAYER_ASSIGNMENT (  '', '', ( #641 ) ) ;
#1105 = CARTESIAN_POINT ( 'NONE',  ( -0.7500000000000000000, 0.2999999999999999900, 2.220000000000000600 ) ) ;
#1106 = LINE ( 'NONE', #3917, #2786 ) ;
#1107 = PRESENTATION_STYLE_ASSIGNMENT (( #530 ) ) ;
#1108 = SURFACE_SIDE_STYLE ('',( #487 ) ) ;
#1109 = DIRECTION ( 'NONE',  ( -0.7071067811865474600, 0.0000000000000000000, 0.7071067811865474600 ) ) ;
#1110 = CARTESIAN_POINT ( 'NONE',  ( -0.2199999999999994700, -3.000000000000000000, 2.220000000000000200 ) ) ;
#1111 = SURFACE_STYLE_FILL_AREA ( #1035 ) ;
#1112 = LINE ( 'NONE', #414, #1896 ) ;
#1113 =( GEOMETRIC_REPRESENTATION_CONTEXT ( 3 ) GLOBAL_UNCERTAINTY_ASSIGNED_CONTEXT ( ( #595 ) ) GLOBAL_UNIT_ASSIGNED_CONTEXT ( ( #3829, #1806, #4168 ) ) REPRESENTATION_CONTEXT ( 'NONE', 'WORKASPACE' ) );
#1114 = DIRECTION ( 'NONE',  ( 1.000000000000000000, 0.0000000000000000000, -2.492418787322998300E-016 ) ) ;
#1115 = LINE ( 'NONE', #3800, #2791 ) ;
#1116 = FILL_AREA_STYLE ('',( #4127 ) ) ;
#1117 = PRESENTATION_STYLE_ASSIGNMENT (( #2157 ) ) ;
#1118 = SURFACE_STYLE_FILL_AREA ( #3667 ) ;
#1119 = DIRECTION ( 'NONE',  ( 0.0000000000000000000, 1.000000000000000000, 0.0000000000000000000 ) ) ;
#1120 = VECTOR ( 'NONE', #3276, 1000.000000000000000 ) ;
#1121 = UNCERTAINTY_MEASURE_WITH_UNIT (LENGTH_MEASURE( 1.000000000000000100E-005 ), #3180, 'distance_accuracy_value', 'NONE');
#1122 = FACE_OUTER_BOUND ( 'NONE', #2880, .T. ) ;
#1123 = COLOUR_RGB ( '',1.000000000000000000, 1.000000000000000000, 1.000000000000000000 ) ;
#1124 = DIRECTION ( 'NONE',  ( 2.492418787322998300E-016, 0.0000000000000000000, 1.000000000000000000 ) ) ;
#1125 =( NAMED_UNIT ( * ) PLANE_ANGLE_UNIT ( ) SI_UNIT ( $, .RADIAN. ) );
#1126 = ADVANCED_FACE ( 'NONE', ( #2957 ), #3978, .F. ) ;
#1127 = EDGE_CURVE ( 'NONE', #2886, #782, #4319, .T. ) ;
#1128 = CARTESIAN_POINT ( 'NONE',  ( 0.8699999999999987700, 1.700000000000000000, -1.270000000000000200 ) ) ;
#1129 = VECTOR ( 'NONE', #2511, 1000.000000000000000 ) ;
#1130 = COLOUR_RGB ( '',1.000000000000000000, 1.000000000000000000, 1.000000000000000000 ) ;
#1131 = ORIENTED_EDGE ( 'NONE', *, *, #252, .T. ) ;
#1132 = STYLED_ITEM ( 'NONE', ( #1567 ), #3796 ) ;
#1133 = VERTEX_POINT ( 'NONE', #3019 ) ;
#1134 = FILL_AREA_STYLE ('',( #4131 ) ) ;
#1135 = EDGE_CURVE ( 'NONE', #235, #2831, #2522, .T. ) ;
#1136 =( NAMED_UNIT ( * ) SI_UNIT ( $, .STERADIAN. ) SOLID_ANGLE_UNIT ( ) );
#1137 = ORIENTED_EDGE ( 'NONE', *, *, #3007, .T. ) ;
#1138 = EDGE_LOOP ( 'NONE', ( #1251, #3836, #3250, #875 ) ) ;
#1139 = EDGE_CURVE ( 'NONE', #401, #356, #3431, .T. ) ;
#1140 = CARTESIAN_POINT ( 'NONE',  ( 0.2200000000000013100, 1.700000000000000000, 5.400000000000000400 ) ) ;
#1141 = ADVANCED_FACE ( 'NONE', ( #2623 ), #2013, .F. ) ;
#1142 = ORIENTED_EDGE ( 'NONE', *, *, #948, .T. ) ;
#1143 = VERTEX_POINT ( 'NONE', #297 ) ;
#1144 = ORIENTED_EDGE ( 'NONE', *, *, #2369, .T. ) ;
#1145 = DIRECTION ( 'NONE',  ( -0.7071067811865474600, 0.0000000000000000000, -0.7071067811865474600 ) ) ;
#1146 = ORIENTED_EDGE ( 'NONE', *, *, #3487, .T. ) ;
#1147 = ORIENTED_EDGE ( 'NONE', *, *, #4275, .T. ) ;
#1148 = EDGE_LOOP ( 'NONE', ( #737, #2986, #1465, #559 ) ) ;
#1149 = LINE ( 'NONE', #2052, #2728 ) ;
#1150 = SURFACE_STYLE_USAGE ( .BOTH. , #3172 ) ;
#1151 = FILL_AREA_STYLE_COLOUR ( '', #2950 ) ;
#1152 = VECTOR ( 'NONE', #3364, 1000.000000000000100 ) ;
#1153 = CARTESIAN_POINT ( 'NONE',  ( -0.3199999999999994500, -3.000000000000000000, 2.319999999999999800 ) ) ;
#1154 = VERTEX_POINT ( 'NONE', #4043 ) ;
#1155 = SURFACE_STYLE_USAGE ( .BOTH. , #3176 ) ;
#1156 = COLOUR_RGB ( '',1.000000000000000000, 1.000000000000000000, 1.000000000000000000 ) ;
#1157 =( GEOMETRIC_REPRESENTATION_CONTEXT ( 3 ) GLOBAL_UNCERTAINTY_ASSIGNED_CONTEXT ( ( #3167 ) ) GLOBAL_UNIT_ASSIGNED_CONTEXT ( ( #3982, #1965, #4323 ) ) REPRESENTATION_CONTEXT ( 'NONE', 'WORKASPACE' ) );
#1158 = VECTOR ( 'NONE', #3923, 1000.000000000000100 ) ;
#1159 = CARTESIAN_POINT ( 'NONE',  ( 1.269999999999999100, 1.700000000000000000, 0.8699999999999994400 ) ) ;
#1160 = VECTOR ( 'NONE', #4177, 1000.000000000000000 ) ;
#1161 = DIRECTION ( 'NONE',  ( -1.000000000000000000, 0.0000000000000000000, 0.0000000000000000000 ) ) ;
#1162 =( GEOMETRIC_REPRESENTATION_CONTEXT ( 3 ) GLOBAL_UNCERTAINTY_ASSIGNED_CONTEXT ( ( #2343 ) ) GLOBAL_UNIT_ASSIGNED_CONTEXT ( ( #1914, #4274, #2255 ) ) REPRESENTATION_CONTEXT ( 'NONE', 'WORKASPACE' ) );
#1163 =( NAMED_UNIT ( * ) PLANE_ANGLE_UNIT ( ) SI_UNIT ( $, .RADIAN. ) );
#1164 = LINE ( 'NONE', #3343, #2953 ) ;
#1165 = DIRECTION ( 'NONE',  ( 0.7071067811865474600, 0.0000000000000000000, -0.7071067811865474600 ) ) ;
#1166 = ADVANCED_FACE ( 'NONE', ( #3907 ), #2363, .T. ) ;
#1167 = EDGE_CURVE ( 'NONE', #3041, #2410, #2687, .T. ) ;
#1168 = VECTOR ( 'NONE', #1041, 1000.000000000000000 ) ;
#1169 = CARTESIAN_POINT ( 'NONE',  ( -0.8699999999999998800, 0.0000000000000000000, 1.269999999999999800 ) ) ;
#1170 =( LENGTH_UNIT ( ) NAMED_UNIT ( * ) SI_UNIT ( .MILLI., .METRE. ) );
#1171 = SURFACE_STYLE_FILL_AREA ( #2647 ) ;
#1172 = MECHANICAL_DESIGN_GEOMETRIC_PRESENTATION_REPRESENTATION (  '', ( #491 ), #1395 ) ;
#1173 = STYLED_ITEM ( 'NONE', ( #4213 ), #3160 ) ;
#1174 = CARTESIAN_POINT ( 'NONE',  ( 3.540000000000000500, 1.700000000000000000, 3.540000000000000500 ) ) ;
#1175 = DIRECTION ( 'NONE',  ( -1.232047923278982200E-016, -0.0000000000000000000, -1.000000000000000000 ) ) ;
#1176 = LINE ( 'NONE', #4000, #2071 ) ;
#1177 = DIRECTION ( 'NONE',  ( 1.000000000000000000, -0.0000000000000000000, 0.0000000000000000000 ) ) ;
#1178 = EDGE_CURVE ( 'NONE', #236, #2346, #3585, .T. ) ;
#1179 = FACE_OUTER_BOUND ( 'NONE', #2972, .T. ) ;
#1180 = FILL_AREA_STYLE_COLOUR ( '', #3993 ) ;
#1181 = EDGE_CURVE ( 'NONE', #176, #520, #1793, .T. ) ;
#1182 = MECHANICAL_DESIGN_GEOMETRIC_PRESENTATION_REPRESENTATION (  '', ( #501 ), #1407 ) ;
#1183 = DIRECTION ( 'NONE',  ( -1.000000000000000000, 0.0000000000000000000, 0.0000000000000000000 ) ) ;
#1184 = SURFACE_STYLE_USAGE ( .BOTH. , #1199 ) ;
#1185 = AXIS2_PLACEMENT_3D ( 'NONE', #3432, #1420, #3770 ) ;
#1186 = DIRECTION ( 'NONE',  ( -0.7071067811865475700, 0.0000000000000000000, 0.7071067811865475700 ) ) ;
#1187 = ADVANCED_FACE ( 'NONE', ( #107 ), #1714, .T. ) ;
#1188 = ORIENTED_EDGE ( 'NONE', *, *, #2037, .T. ) ;
#1189 = DIRECTION ( 'NONE',  ( 0.0000000000000000000, 1.000000000000000000, 0.0000000000000000000 ) ) ;
#1190 = PRODUCT_RELATED_PRODUCT_CATEGORY ( 'part', '', ( #1678 ) ) ;
#1191 =( LENGTH_UNIT ( ) NAMED_UNIT ( * ) SI_UNIT ( .MILLI., .METRE. ) );
#1192 = ORIENTED_EDGE ( 'NONE', *, *, #1181, .F. ) ;
#1193 = VERTEX_POINT ( 'NONE', #1730 ) ;
#1194 = MECHANICAL_DESIGN_GEOMETRIC_PRESENTATION_REPRESENTATION (  '', ( #515 ), #1423 ) ;
#1195 = DIRECTION ( 'NONE',  ( -1.000000000000000000, 0.0000000000000000000, 2.492418787322999200E-016 ) ) ;
#1196 = EDGE_LOOP ( 'NONE', ( #402, #881, #4198, #992 ) ) ;
#1197 =( NAMED_UNIT ( * ) SI_UNIT ( $, .STERADIAN. ) SOLID_ANGLE_UNIT ( ) );
#1198 = ORIENTED_EDGE ( 'NONE', *, *, #4379, .T. ) ;
#1199 = SURFACE_SIDE_STYLE ('',( #2798 ) ) ;
#1200 = VERTEX_POINT ( 'NONE', #1399 ) ;
#1201 = EDGE_LOOP ( 'NONE', ( #1050, #2394, #2251, #2935 ) ) ;
#1202 = VERTEX_POINT ( 'NONE', #3747 ) ;
#1203 = LINE ( 'NONE', #1433, #2988 ) ;
#1204 = DIRECTION ( 'NONE',  ( -1.000000000000000000, -0.0000000000000000000, -0.0000000000000000000 ) ) ;
#1205 = FILL_AREA_STYLE_COLOUR ( '', #2271 ) ;
#1206 = EDGE_CURVE ( 'NONE', #3880, #275, #481, .T. ) ;
#1207 = ORIENTED_EDGE ( 'NONE', *, *, #2041, .T. ) ;
#1208 = EDGE_LOOP ( 'NONE', ( #1971, #2249, #2713, #2773, #2825, #2937, #3195, #3661 ) ) ;
#1209 = DIRECTION ( 'NONE',  ( 0.0000000000000000000, 1.000000000000000000, 0.0000000000000000000 ) ) ;
#1210 = ADVANCED_FACE ( 'NONE', ( #3171 ), #703, .T. ) ;
#1211 = COLOUR_RGB ( '',0.0000000000000000000, 0.03529411764705882300, 0.05882352941176470500 ) ;
#1212 = VECTOR ( 'NONE', #2230, 1000.000000000000000 ) ;
#1213 = AXIS2_PLACEMENT_3D ( 'NONE', #3961, #1947, #4295 ) ;
#1214 = AXIS2_PLACEMENT_3D ( 'NONE', #2847, #827, #3183 ) ;
#1215 =( NAMED_UNIT ( * ) PLANE_ANGLE_UNIT ( ) SI_UNIT ( $, .RADIAN. ) );
#1216 = COLOUR_RGB ( '',1.000000000000000000, 1.000000000000000000, 1.000000000000000000 ) ;
#1217 = PRESENTATION_STYLE_ASSIGNMENT (( #427 ) ) ;
#1218 = AXIS2_PLACEMENT_3D ( 'NONE', #2399, #390, #2745 ) ;
#1219 = CARTESIAN_POINT ( 'NONE',  ( 0.2200000000000006700, 0.2999999999999999300, 2.860000000000000300 ) ) ;
#1220 = EDGE_CURVE ( 'NONE', #3353, #461, #3629, .T. ) ;
#1221 = SURFACE_STYLE_FILL_AREA ( #1950 ) ;
#1222 = CARTESIAN_POINT ( 'NONE',  ( 1.266148743960083200E-015, -3.000000000000000000, 5.080000000000000100 ) ) ;
#1223 = SURFACE_SIDE_STYLE ('',( #3636 ) ) ;
#1224 = DIRECTION ( 'NONE',  ( 0.7071067811865474600, 0.0000000000000000000, 0.7071067811865474600 ) ) ;
#1225 = EDGE_CURVE ( 'NONE', #2927, #2731, #1948, .T. ) ;
#1226 = VECTOR ( 'NONE', #2662, 1000.000000000000000 ) ;
#1227 = DIRECTION ( 'NONE',  ( 1.000000000000000000, -0.0000000000000000000, -2.492418787322999700E-016 ) ) ;
#1228 = VECTOR ( 'NONE', #2174, 1000.000000000000100 ) ;
#1229 =( NAMED_UNIT ( * ) SI_UNIT ( $, .STERADIAN. ) SOLID_ANGLE_UNIT ( ) );
#1230 = DIRECTION ( 'NONE',  ( -0.7071067811865474600, 0.0000000000000000000, -0.7071067811865474600 ) ) ;
#1231 = PRESENTATION_LAYER_ASSIGNMENT (  '', '', ( #793 ) ) ;
#1232 = STYLED_ITEM ( 'NONE', ( #1441 ), #2179 ) ;
#1233 = ORIENTED_EDGE ( 'NONE', *, *, #2499, .T. ) ;
#1234 = PRESENTATION_LAYER_ASSIGNMENT (  '', '', ( #795 ) ) ;
#1235 = CARTESIAN_POINT ( 'NONE',  ( -0.3199999999999988400, -3.000000000000000000, 4.860000000000000300 ) ) ;
#1236 = CARTESIAN_POINT ( 'NONE',  ( -0.2200000000000000800, -3.000000000000000000, -0.3200000000000000600 ) ) ;
#1237 = EDGE_LOOP ( 'NONE', ( #2203, #3778, #888, #674 ) ) ;
#1238 =( NAMED_UNIT ( * ) SI_UNIT ( $, .STERADIAN. ) SOLID_ANGLE_UNIT ( ) );
#1239 = LINE ( 'NONE', #2544, #836 ) ;
#1240 = SURFACE_STYLE_USAGE ( .BOTH. , #3258 ) ;
#1241 = ORIENTED_EDGE ( 'NONE', *, *, #2315, .T. ) ;
#1242 = ORIENTED_EDGE ( 'NONE', *, *, #2263, .T. ) ;
#1243 = PRESENTATION_STYLE_ASSIGNMENT (( #4001 ) ) ;
#1244 = FILL_AREA_STYLE_COLOUR ( '', #2217 ) ;
#1245 = ORIENTED_EDGE ( 'NONE', *, *, #3922, .T. ) ;
#1246 = ORIENTED_EDGE ( 'NONE', *, *, #404, .F. ) ;
#1247 = ORIENTED_EDGE ( 'NONE', *, *, #2780, .F. ) ;
#1248 = UNCERTAINTY_MEASURE_WITH_UNIT (LENGTH_MEASURE( 1.000000000000000100E-005 ), #3443, 'distance_accuracy_value', 'NONE');
#1249 = DIRECTION ( 'NONE',  ( -1.000000000000000000, 0.0000000000000000000, 0.0000000000000000000 ) ) ;
#1250 = PRESENTATION_LAYER_ASSIGNMENT (  '', '', ( #806 ) ) ;
#1251 = ORIENTED_EDGE ( 'NONE', *, *, #2164, .T. ) ;
#1252 = CLOSED_SHELL ( 'NONE', ( #75, #2755, #4165, #3796, #873, #3489, #1187, #1818, #2199, #1453 ) ) ;
#1253 = ORIENTED_EDGE ( 'NONE', *, *, #2295, .T. ) ;
#1254 = AXIS2_PLACEMENT_3D ( 'NONE', #1398, #3757, #1729 ) ;
#1255 = LINE ( 'NONE', #204, #1048 ) ;
#1256 = EDGE_CURVE ( 'NONE', #4084, #411, #156, .T. ) ;
#1257 = FILL_AREA_STYLE ('',( #579 ) ) ;
#1258 = VERTEX_POINT ( 'NONE', #4074 ) ;
#1259 = DIRECTION ( 'NONE',  ( 1.000000000000000000, 0.0000000000000000000, 0.0000000000000000000 ) ) ;
#1260 = VECTOR ( 'NONE', #2914, 1000.000000000000000 ) ;
#1261 = CARTESIAN_POINT ( 'NONE',  ( -0.8699999999999992200, 0.0000000000000000000, 3.810000000000000100 ) ) ;
#1262 = EDGE_CURVE ( 'NONE', #1937, #2718, #2742, .T. ) ;
#1263 = PRESENTATION_LAYER_ASSIGNMENT (  '', '', ( #3781 ) ) ;
#1264 = CARTESIAN_POINT ( 'NONE',  ( 2.810000000000000500, 1.700000000000000000, 2.810000000000000500 ) ) ;
#1265 = STYLED_ITEM ( 'NONE', ( #2378 ), #2220 ) ;
#1266 = DIRECTION ( 'NONE',  ( -0.7071067811865475700, 0.0000000000000000000, 0.7071067811865475700 ) ) ;
#1267 = LINE ( 'NONE', #1691, #3950 ) ;
#1268 = CARTESIAN_POINT ( 'NONE',  ( -0.8699999999999981100, 1.700000000000000000, 8.890000000000000600 ) ) ;
#1269 = UNCERTAINTY_MEASURE_WITH_UNIT (LENGTH_MEASURE( 1.000000000000000100E-005 ), #2324, 'distance_accuracy_value', 'NONE');
#1270 = CARTESIAN_POINT ( 'NONE',  ( 0.3200000000000012300, 1.700000000000000000, 4.860000000000000300 ) ) ;
#1271 = LINE ( 'NONE', #3510, #1328 ) ;
#1272 = PRESENTATION_LAYER_ASSIGNMENT (  '', '', ( #824 ) ) ;
#1273 = PRESENTATION_STYLE_ASSIGNMENT (( #361 ) ) ;
#1274 = EDGE_CURVE ( 'NONE', #2831, #133, #950, .T. ) ;
#1275 =( LENGTH_UNIT ( ) NAMED_UNIT ( * ) SI_UNIT ( .MILLI., .METRE. ) );
#1276 = FACE_OUTER_BOUND ( 'NONE', #2665, .T. ) ;
#1277 = CARTESIAN_POINT ( 'NONE',  ( 0.3200000000000006200, -3.000000000000000000, 2.319999999999999800 ) ) ;
#1278 = CARTESIAN_POINT ( 'NONE',  ( 0.2200000000000006700, -3.000000000000000000, 2.860000000000000300 ) ) ;
#1279 = SURFACE_SIDE_STYLE ('',( #1956 ) ) ;
#1280 = DIRECTION ( 'NONE',  ( -0.7071067811865474600, -0.0000000000000000000, -0.7071067811865474600 ) ) ;
#1281 = EDGE_LOOP ( 'NONE', ( #2040, #2104, #467, #681 ) ) ;
#1282 = DIRECTION ( 'NONE',  ( -2.492418787322999200E-016, -0.0000000000000000000, -1.000000000000000000 ) ) ;
#1283 = ORIENTED_EDGE ( 'NONE', *, *, #2864, .F. ) ;
#1284 =( GEOMETRIC_REPRESENTATION_CONTEXT ( 3 ) GLOBAL_UNCERTAINTY_ASSIGNED_CONTEXT ( ( #1940 ) ) GLOBAL_UNIT_ASSIGNED_CONTEXT ( ( #2377, #369, #2719 ) ) REPRESENTATION_CONTEXT ( 'NONE', 'WORKASPACE' ) );
#1285 = AXIS2_PLACEMENT_3D ( 'NONE', #607, #2969, #953 ) ;
#1286 = DIRECTION ( 'NONE',  ( -1.232047923278982200E-016, 0.0000000000000000000, -1.000000000000000000 ) ) ;
#1287 = FILL_AREA_STYLE ('',( #271 ) ) ;
#1288 = UNCERTAINTY_MEASURE_WITH_UNIT (LENGTH_MEASURE( 1.000000000000000100E-005 ), #22, 'distance_accuracy_value', 'NONE');
#1289 = CARTESIAN_POINT ( 'NONE',  ( -1.269999999999998500, 0.0000000000000000000, 6.750000000000000000 ) ) ;
#1290 = ORIENTED_EDGE ( 'NONE', *, *, #3751, .T. ) ;
#1291 = DIRECTION ( 'NONE',  ( -0.7071067811865474600, -0.0000000000000000000, -0.7071067811865474600 ) ) ;
#1292 = EDGE_LOOP ( 'NONE', ( #1553, #1785, #1290, #2502 ) ) ;
#1293 = STYLED_ITEM ( 'NONE', ( #4313 ), #3464 ) ;
#1294 =( LENGTH_UNIT ( ) NAMED_UNIT ( * ) SI_UNIT ( .MILLI., .METRE. ) );
#1295 = VERTEX_POINT ( 'NONE', #3760 ) ;
#1296 = ORIENTED_EDGE ( 'NONE', *, *, #3365, .F. ) ;
#1297 = FILL_AREA_STYLE_COLOUR ( '', #3761 ) ;
#1298 = ORIENTED_EDGE ( 'NONE', *, *, #265, .F. ) ;
#1299 = DIRECTION ( 'NONE',  ( 0.7071067811865474600, 0.0000000000000000000, 0.7071067811865474600 ) ) ;
#1300 = EDGE_CURVE ( 'NONE', #23, #1353, #3536, .T. ) ;
#1301 = ORIENTED_EDGE ( 'NONE', *, *, #1706, .T. ) ;
#1302 = ORIENTED_EDGE ( 'NONE', *, *, #3389, .F. ) ;
#1303 = SURFACE_STYLE_FILL_AREA ( #1313 ) ;
#1304 = DIRECTION ( 'NONE',  ( 0.0000000000000000000, 1.000000000000000000, -0.0000000000000000000 ) ) ;
#1305 =( NAMED_UNIT ( * ) SI_UNIT ( $, .STERADIAN. ) SOLID_ANGLE_UNIT ( ) );
#1306 = FACE_OUTER_BOUND ( 'NONE', #3981, .T. ) ;
#1307 = CARTESIAN_POINT ( 'NONE',  ( 0.2200000000000000300, -3.000000000000000000, 0.3199999999999999500 ) ) ;
#1308 = VECTOR ( 'NONE', #863, 1000.000000000000000 ) ;
#1309 = LINE ( 'NONE', #2891, #2998 ) ;
#1310 = DIRECTION ( 'NONE',  ( 0.0000000000000000000, -1.000000000000000000, 0.0000000000000000000 ) ) ;
#1311 = APPLICATION_CONTEXT ( 'automotive_design' ) ;
#1312 = FILL_AREA_STYLE ('',( #973 ) ) ;
#1313 = FILL_AREA_STYLE ('',( #974 ) ) ;
#1314 = AXIS2_PLACEMENT_3D ( 'NONE', #3184, #2859, #2848 ) ;
#1315 = DIRECTION ( 'NONE',  ( 0.7071067811865474600, 0.0000000000000000000, -0.7071067811865474600 ) ) ;
#1316 = PRESENTATION_STYLE_ASSIGNMENT (( #3738 ) ) ;
#1317 = SURFACE_SIDE_STYLE ('',( #800 ) ) ;
#1318 = FACE_OUTER_BOUND ( 'NONE', #2020, .T. ) ;
#1319 = UNCERTAINTY_MEASURE_WITH_UNIT (LENGTH_MEASURE( 1.000000000000000100E-005 ), #2702, 'distance_accuracy_value', 'NONE');
#1320 = COLOUR_RGB ( '',1.000000000000000000, 1.000000000000000000, 1.000000000000000000 ) ;
#1321 = MECHANICAL_DESIGN_GEOMETRIC_PRESENTATION_REPRESENTATION (  '', ( #641 ), #1549 ) ;
#1322 = SURFACE_STYLE_FILL_AREA ( #1287 ) ;
#1323 = LINE ( 'NONE', #4185, #1014 ) ;
#1324 =( NAMED_UNIT ( * ) SI_UNIT ( $, .STERADIAN. ) SOLID_ANGLE_UNIT ( ) );
#1325 = LINE ( 'NONE', #226, #3909 ) ;
#1326 =( NAMED_UNIT ( * ) PLANE_ANGLE_UNIT ( ) SI_UNIT ( $, .RADIAN. ) );
#1327 = APPLICATION_PROTOCOL_DEFINITION ( 'draft international standard', 'automotive_design', 1998, #3335 ) ;
#1328 = VECTOR ( 'NONE', #3205, 1000.000000000000100 ) ;
#1329 = CARTESIAN_POINT ( 'NONE',  ( -1.539999999999999600, 1.700000000000000000, 1.539999999999999600 ) ) ;
#1330 = CARTESIAN_POINT ( 'NONE',  ( 1.270000000000000000, 0.0000000000000000000, 4.210000000000000000 ) ) ;
#1331 = VECTOR ( 'NONE', #958, 1000.000000000000000 ) ;
#1332 =( LENGTH_UNIT ( ) NAMED_UNIT ( * ) SI_UNIT ( .MILLI., .METRE. ) );
#1333 = VECTOR ( 'NONE', #1084, 1000.000000000000100 ) ;
#1334 = DIRECTION ( 'NONE',  ( -0.7071067811865474600, -0.0000000000000000000, 0.7071067811865474600 ) ) ;
#1335 = VECTOR ( 'NONE', #1161, 1000.000000000000000 ) ;
#1336 = STYLED_ITEM ( 'NONE', ( #1682 ), #2816 ) ;
#1337 = SURFACE_STYLE_USAGE ( .BOTH. , #3347 ) ;
#1338 = CARTESIAN_POINT ( 'NONE',  ( 0.2200000000000012500, -3.000000000000000000, 4.760000000000000700 ) ) ;
#1339 = CARTESIAN_POINT ( 'NONE',  ( -0.2199999999999987000, -3.000000000000000000, 5.400000000000000400 ) ) ;
#1340 = CARTESIAN_POINT ( 'NONE',  ( 0.0000000000000000000, 1.700000000000000000, 5.400000000000000400 ) ) ;
#1341 = CARTESIAN_POINT ( 'NONE',  ( 0.2200000000000018900, -3.000000000000000000, 7.299999999999999800 ) ) ;
#1342 = DIRECTION ( 'NONE',  ( 0.0000000000000000000, -0.0000000000000000000, -1.000000000000000000 ) ) ;
#1343 = EDGE_CURVE ( 'NONE', #2727, #2287, #4315, .T. ) ;
#1344 = CARTESIAN_POINT ( 'NONE',  ( -0.3200000000000000600, 8.339999999999999900, -0.2200000000000000800 ) ) ;
#1345 = ORIENTED_EDGE ( 'NONE', *, *, #347, .T. ) ;
#1346 = CARTESIAN_POINT ( 'NONE',  ( -0.3199999999999987300, -3.000000000000000000, 5.299999999999999800 ) ) ;
#1347 = DIRECTION ( 'NONE',  ( -0.7071067811865475700, 0.0000000000000000000, -0.7071067811865475700 ) ) ;
#1348 = ORIENTED_EDGE ( 'NONE', *, *, #1581, .F. ) ;
#1349 = ORIENTED_EDGE ( 'NONE', *, *, #3502, .T. ) ;
#1350 = UNCERTAINTY_MEASURE_WITH_UNIT (LENGTH_MEASURE( 1.000000000000000100E-005 ), #299, 'distance_accuracy_value', 'NONE');
#1351 = CARTESIAN_POINT ( 'NONE',  ( -0.2199999999999993600, 8.339999999999999900, 2.860000000000000300 ) ) ;
#1352 = DIRECTION ( 'NONE',  ( -1.000000000000000000, 0.0000000000000000000, 2.492418787322999200E-016 ) ) ;
#1353 = VERTEX_POINT ( 'NONE', #400 ) ;
#1354 = ORIENTED_EDGE ( 'NONE', *, *, #936, .T. ) ;
#1355 = EDGE_LOOP ( 'NONE', ( #882, #3732, #2881, #240 ) ) ;
#1356 = SURFACE_SIDE_STYLE ('',( #2559 ) ) ;
#1357 = VECTOR ( 'NONE', #2811, 1000.000000000000000 ) ;
#1358 =( NAMED_UNIT ( * ) PLANE_ANGLE_UNIT ( ) SI_UNIT ( $, .RADIAN. ) );
#1359 = ORIENTED_EDGE ( 'NONE', *, *, #1040, .F. ) ;
#1360 = AXIS2_PLACEMENT_3D ( 'NONE', #4271, #2253, #231 ) ;
#1361 = VERTEX_POINT ( 'NONE', #2412 ) ;
#1362 =( NAMED_UNIT ( * ) SI_UNIT ( $, .STERADIAN. ) SOLID_ANGLE_UNIT ( ) );
#1363 = VERTEX_POINT ( 'NONE', #54 ) ;
#1364 = DIRECTION ( 'NONE',  ( -0.7071067811865475700, 0.0000000000000000000, -0.7071067811865475700 ) ) ;
#1365 = ORIENTED_EDGE ( 'NONE', *, *, #1838, .T. ) ;
#1366 = DIRECTION ( 'NONE',  ( -0.7071067811865475700, 0.0000000000000000000, -0.7071067811865475700 ) ) ;
#1367 = EDGE_CURVE ( 'NONE', #4081, #1193, #848, .T. ) ;
#1368 = EDGE_CURVE ( 'NONE', #1613, #1415, #4217, .T. ) ;
#1369 = CARTESIAN_POINT ( 'NONE',  ( -0.3200000000000000600, -3.000000000000000000, -0.2200000000000000800 ) ) ;
#1370 = COLOUR_RGB ( '',0.0000000000000000000, 0.03529411764705882300, 0.05882352941176470500 ) ;
#1371 = DIRECTION ( 'NONE',  ( 1.000000000000000000, -0.0000000000000000000, 0.0000000000000000000 ) ) ;
#1372 = DIRECTION ( 'NONE',  ( -2.492418787322999200E-016, -0.0000000000000000000, -1.000000000000000000 ) ) ;
#1373 = SURFACE_SIDE_STYLE ('',( #4058 ) ) ;
#1374 = PRESENTATION_STYLE_ASSIGNMENT (( #2812 ) ) ;
#1375 = FILL_AREA_STYLE_COLOUR ( '', #3445 ) ;
#1376 = CARTESIAN_POINT ( 'NONE',  ( -0.2199999999999982000, -3.000000000000000000, 7.299999999999999800 ) ) ;
#1377 = VECTOR ( 'NONE', #4376, 1000.000000000000000 ) ;
#1378 = CARTESIAN_POINT ( 'NONE',  ( -0.2199999999999982000, -3.000000000000000000, 7.299999999999999800 ) ) ;
#1379 = SURFACE_SIDE_STYLE ('',( #430 ) ) ;
#1380 = VECTOR ( 'NONE', #4159, 1000.000000000000000 ) ;
#1381 = SURFACE_STYLE_FILL_AREA ( #2181 ) ;
#1382 = STYLED_ITEM ( 'NONE', ( #1107 ), #1520 ) ;
#1383 = VECTOR ( 'NONE', #2783, 1000.000000000000000 ) ;
#1384 =( LENGTH_UNIT ( ) NAMED_UNIT ( * ) SI_UNIT ( .MILLI., .METRE. ) );
#1385 = DIRECTION ( 'NONE',  ( 0.0000000000000000000, 1.000000000000000000, 0.0000000000000000000 ) ) ;
#1386 = UNCERTAINTY_MEASURE_WITH_UNIT (LENGTH_MEASURE( 1.000000000000000100E-005 ), #2451, 'distance_accuracy_value', 'NONE');
#1387 = CARTESIAN_POINT ( 'NONE',  ( 0.8699999999999987700, 0.0000000000000000000, -1.270000000000000200 ) ) ;
#1388 = DIRECTION ( 'NONE',  ( -0.7071067811865474600, -0.0000000000000000000, 0.7071067811865474600 ) ) ;
#1389 = PRESENTATION_STYLE_ASSIGNMENT (( #874 ) ) ;
#1390 = CARTESIAN_POINT ( 'NONE',  ( -0.3199999999999994500, 8.339999999999999900, 2.319999999999999800 ) ) ;
#1391 = CARTESIAN_POINT ( 'NONE',  ( -0.3200000000000000600, -3.000000000000000000, -0.2200000000000000800 ) ) ;
#1392 = EDGE_CURVE ( 'NONE', #1816, #1418, #2420, .T. ) ;
#1393 = SURFACE_SIDE_STYLE ('',( #2680 ) ) ;
#1394 = COLOUR_RGB ( '',1.000000000000000000, 1.000000000000000000, 1.000000000000000000 ) ;
#1395 =( GEOMETRIC_REPRESENTATION_CONTEXT ( 3 ) GLOBAL_UNCERTAINTY_ASSIGNED_CONTEXT ( ( #1668 ) ) GLOBAL_UNIT_ASSIGNED_CONTEXT ( ( #984, #3331, #1324 ) ) REPRESENTATION_CONTEXT ( 'NONE', 'WORKASPACE' ) );
#1396 = AXIS2_PLACEMENT_3D ( 'NONE', #138, #1177, #3534 ) ;
#1397 = DIRECTION ( 'NONE',  ( 0.0000000000000000000, 1.000000000000000000, 0.0000000000000000000 ) ) ;
#1398 = CARTESIAN_POINT ( 'NONE',  ( 1.266148743960083200E-015, 8.339999999999999900, 5.080000000000000100 ) ) ;
#1399 = CARTESIAN_POINT ( 'NONE',  ( 1.270000000000001100, 0.0000000000000000000, 8.489999999999998400 ) ) ;
#1400 = ORIENTED_EDGE ( 'NONE', *, *, #4009, .F. ) ;
#1401 = DIRECTION ( 'NONE',  ( -1.000000000000000000, -0.0000000000000000000, -0.0000000000000000000 ) ) ;
#1402 = VERTEX_POINT ( 'NONE', #2095 ) ;
#1403 = EDGE_CURVE ( 'NONE', #1721, #2410, #3219, .T. ) ;
#1404 =( NAMED_UNIT ( * ) SI_UNIT ( $, .STERADIAN. ) SOLID_ANGLE_UNIT ( ) );
#1405 = EDGE_LOOP ( 'NONE', ( #131, #4145, #3475, #28 ) ) ;
#1406 = EDGE_CURVE ( 'NONE', #4019, #1200, #4109, .T. ) ;
#1407 =( GEOMETRIC_REPRESENTATION_CONTEXT ( 3 ) GLOBAL_UNCERTAINTY_ASSIGNED_CONTEXT ( ( #3988 ) ) GLOBAL_UNIT_ASSIGNED_CONTEXT ( ( #2405, #3257, #1238 ) ) REPRESENTATION_CONTEXT ( 'NONE', 'WORKASPACE' ) );
#1408 = ORIENTED_EDGE ( 'NONE', *, *, #2153, .T. ) ;
#1409 = ORIENTED_EDGE ( 'NONE', *, *, #3885, .F. ) ;
#1410 = DIRECTION ( 'NONE',  ( 0.7071067811865474600, -0.0000000000000000000, 0.7071067811865474600 ) ) ;
#1411 = FACE_OUTER_BOUND ( 'NONE', #3654, .T. ) ;
#1412 = ADVANCED_FACE ( 'NONE', ( #529 ), #420, .T. ) ;
#1413 = PRESENTATION_LAYER_ASSIGNMENT (  '', '', ( #954 ) ) ;
#1414 = ORIENTED_EDGE ( 'NONE', *, *, #3635, .F. ) ;
#1415 = VERTEX_POINT ( 'NONE', #3790 ) ;
#1416 = ORIENTED_EDGE ( 'NONE', *, *, #2619, .F. ) ;
#1417 =( LENGTH_UNIT ( ) NAMED_UNIT ( * ) SI_UNIT ( .MILLI., .METRE. ) );
#1418 = VERTEX_POINT ( 'NONE', #1781 ) ;
#1419 = ORIENTED_EDGE ( 'NONE', *, *, #1449, .F. ) ;
#1420 = DIRECTION ( 'NONE',  ( -1.000000000000000000, 0.0000000000000000000, 2.464095846557964400E-016 ) ) ;
#1421 = CARTESIAN_POINT ( 'NONE',  ( 0.3200000000000019500, -3.000000000000000000, 7.839999999999999900 ) ) ;
#1422 = DIRECTION ( 'NONE',  ( -0.0000000000000000000, -1.000000000000000000, -0.0000000000000000000 ) ) ;
#1423 =( GEOMETRIC_REPRESENTATION_CONTEXT ( 3 ) GLOBAL_UNCERTAINTY_ASSIGNED_CONTEXT ( ( #2952 ) ) GLOBAL_UNIT_ASSIGNED_CONTEXT ( ( #4108, #2101, #71 ) ) REPRESENTATION_CONTEXT ( 'NONE', 'WORKASPACE' ) );
#1424 = FILL_AREA_STYLE ('',( #403 ) ) ;
#1425 = CARTESIAN_POINT ( 'NONE',  ( -3.539999999999998700, 1.700000000000000000, 3.539999999999998700 ) ) ;
#1426 = LINE ( 'NONE', #192, #2210 ) ;
#1427 =( NAMED_UNIT ( * ) PLANE_ANGLE_UNIT ( ) SI_UNIT ( $, .RADIAN. ) );
#1428 = LINE ( 'NONE', #3521, #528 ) ;
#1429 = COLOUR_RGB ( '',1.000000000000000000, 1.000000000000000000, 1.000000000000000000 ) ;
#1430 = EDGE_CURVE ( 'NONE', #1038, #3658, #1115, .T. ) ;
#1431 = ADVANCED_FACE ( 'NONE', ( #3686 ), #2448, .T. ) ;
#1432 = COLOUR_RGB ( '',1.000000000000000000, 1.000000000000000000, 1.000000000000000000 ) ;
#1433 = CARTESIAN_POINT ( 'NONE',  ( 0.2200000000000013100, 8.339999999999999900, 5.400000000000000400 ) ) ;
#1434 = UNCERTAINTY_MEASURE_WITH_UNIT (LENGTH_MEASURE( 1.000000000000000100E-005 ), #2637, 'distance_accuracy_value', 'NONE');
#1435 = DIRECTION ( 'NONE',  ( -0.7071067811865475700, 0.0000000000000000000, 0.7071067811865475700 ) ) ;
#1436 = LINE ( 'NONE', #2917, #538 ) ;
#1437 = PRESENTATION_STYLE_ASSIGNMENT (( #4073 ) ) ;
#1438 = SURFACE_SIDE_STYLE ('',( #1064 ) ) ;
#1439 = PRESENTATION_LAYER_ASSIGNMENT (  '', '', ( #983 ) ) ;
#1440 = STYLED_ITEM ( 'NONE', ( #2288 ), #4231 ) ;
#1441 = PRESENTATION_STYLE_ASSIGNMENT (( #4107 ) ) ;
#1442 = DIRECTION ( 'NONE',  ( -1.000000000000000000, 0.0000000000000000000, 0.0000000000000000000 ) ) ;
#1443 = UNCERTAINTY_MEASURE_WITH_UNIT (LENGTH_MEASURE( 1.000000000000000100E-005 ), #2771, 'distance_accuracy_value', 'NONE');
#1444 = VECTOR ( 'NONE', #2481, 1000.000000000000000 ) ;
#1445 = PRESENTATION_LAYER_ASSIGNMENT (  '', '', ( #993 ) ) ;
#1446 =( LENGTH_UNIT ( ) NAMED_UNIT ( * ) SI_UNIT ( .MILLI., .METRE. ) );
#1447 = DIRECTION ( 'NONE',  ( -1.000000000000000000, 0.0000000000000000000, -0.0000000000000000000 ) ) ;
#1448 = FILL_AREA_STYLE_COLOUR ( '', #3470 ) ;
#1449 = EDGE_CURVE ( 'NONE', #1605, #826, #1575, .T. ) ;
#1450 = SURFACE_STYLE_USAGE ( .BOTH. , #3471 ) ;
#1451 = ORIENTED_EDGE ( 'NONE', *, *, #2019, .T. ) ;
#1452 = EDGE_CURVE ( 'NONE', #2189, #2879, #4261, .T. ) ;
#1453 = ADVANCED_FACE ( 'NONE', ( #692 ), #3493, .F. ) ;
#1454 = ORIENTED_EDGE ( 'NONE', *, *, #1167, .F. ) ;
#1455 = VECTOR ( 'NONE', #2889, 1000.000000000000000 ) ;
#1456 = CARTESIAN_POINT ( 'NONE',  ( -1.270000000000000000, 0.0000000000000000000, 0.8699999999999998800 ) ) ;
#1457 = VERTEX_POINT ( 'NONE', #802 ) ;
#1458 = ORIENTED_EDGE ( 'NONE', *, *, #2041, .F. ) ;
#1459 = UNCERTAINTY_MEASURE_WITH_UNIT (LENGTH_MEASURE( 1.000000000000000100E-005 ), #2389, 'distance_accuracy_value', 'NONE');
#1460 = VECTOR ( 'NONE', #1224, 1000.000000000000100 ) ;
#1461 = MECHANICAL_DESIGN_GEOMETRIC_PRESENTATION_REPRESENTATION (  '', ( #793 ), #1677 ) ;
#1462 = VERTEX_POINT ( 'NONE', #1492 ) ;
#1463 = EDGE_LOOP ( 'NONE', ( #2347, #3817, #4076, #4240 ) ) ;
#1464 = DIRECTION ( 'NONE',  ( 1.000000000000000000, 0.0000000000000000000, -0.0000000000000000000 ) ) ;
#1465 = ORIENTED_EDGE ( 'NONE', *, *, #577, .T. ) ;
#1466 = FILL_AREA_STYLE_COLOUR ( '', #2259 ) ;
#1467 = AXIS2_PLACEMENT_3D ( 'NONE', #1735, #4089, #2082 ) ;
#1468 = MECHANICAL_DESIGN_GEOMETRIC_PRESENTATION_REPRESENTATION (  '', ( #795 ), #1684 ) ;
#1469 = ORIENTED_EDGE ( 'NONE', *, *, #3375, .T. ) ;
#1470 = ORIENTED_EDGE ( 'NONE', *, *, #463, .T. ) ;
#1471 = ORIENTED_EDGE ( 'NONE', *, *, #1, .F. ) ;
#1472 = SURFACE_STYLE_FILL_AREA ( #2695 ) ;
#1473 = SURFACE_STYLE_FILL_AREA ( #1004 ) ;
#1474 = PLANE ( 'NONE',  #942 ) ;
#1475 = FACE_OUTER_BOUND ( 'NONE', #1987, .T. ) ;
#1476 = FILL_AREA_STYLE ('',( #2459 ) ) ;
#1477 = ADVANCED_FACE ( 'NONE', ( #370 ), #3845, .T. ) ;
#1478 = LINE ( 'NONE', #3422, #3262 ) ;
#1479 = SURFACE_STYLE_USAGE ( .BOTH. , #3496 ) ;
#1480 = CARTESIAN_POINT ( 'NONE',  ( 0.3200000000000018900, -3.000000000000000000, 7.400000000000000400 ) ) ;
#1481 = MECHANICAL_DESIGN_GEOMETRIC_PRESENTATION_REPRESENTATION (  '', ( #806 ), #1695 ) ;
#1482 = PRESENTATION_STYLE_ASSIGNMENT (( #3673 ) ) ;
#1483 = PRESENTATION_LAYER_ASSIGNMENT (  '', '', ( #1031 ) ) ;
#1484 = DIRECTION ( 'NONE',  ( -0.7071067811865474600, 0.0000000000000000000, -0.7071067811865474600 ) ) ;
#1485 = EDGE_CURVE ( 'NONE', #25, #191, #1731, .T. ) ;
#1486 = DIRECTION ( 'NONE',  ( 0.7071067811865475700, -0.0000000000000000000, 0.7071067811865475700 ) ) ;
#1487 = VECTOR ( 'NONE', #1013, 1000.000000000000100 ) ;
#1488 = CARTESIAN_POINT ( 'NONE',  ( 0.2200000000000013100, -3.000000000000000000, 5.400000000000000400 ) ) ;
#1489 = COLOUR_RGB ( '',1.000000000000000000, 1.000000000000000000, 1.000000000000000000 ) ;
#1490 = FACE_OUTER_BOUND ( 'NONE', #1237, .T. ) ;
#1491 = MANIFOLD_SOLID_BREP ( 'LPattern13', #927 ) ;
#1492 = CARTESIAN_POINT ( 'NONE',  ( 0.2200000000000019400, 1.700000000000000000, 7.939999999999999500 ) ) ;
#1493 = EDGE_CURVE ( 'NONE', #3967, #3048, #1428, .T. ) ;
#1494 = MECHANICAL_DESIGN_GEOMETRIC_PRESENTATION_REPRESENTATION (  '', ( #3781 ), #1707 ) ;
#1495 = CARTESIAN_POINT ( 'NONE',  ( -0.8699999999999994400, 1.700000000000000000, 3.810000000000000100 ) ) ;
#1496 = SURFACE_STYLE_FILL_AREA ( #647 ) ;
#1497 =( NAMED_UNIT ( * ) PLANE_ANGLE_UNIT ( ) SI_UNIT ( $, .RADIAN. ) );
#1498 = AXIS2_PLACEMENT_3D ( 'NONE', #3319, #1310, #3660 ) ;
#1499 = LINE ( 'NONE', #4232, #3181 ) ;
#1500 = DIRECTION ( 'NONE',  ( 0.7071067811865475700, 0.0000000000000000000, -0.7071067811865475700 ) ) ;
#1501 = ADVANCED_FACE ( 'NONE', ( #846 ), #1853, .F. ) ;
#1502 = DIRECTION ( 'NONE',  ( 0.0000000000000000000, 1.000000000000000000, 0.0000000000000000000 ) ) ;
#1503 = MECHANICAL_DESIGN_GEOMETRIC_PRESENTATION_REPRESENTATION (  '', ( #824 ), #1719 ) ;
#1504 = FILL_AREA_STYLE_COLOUR ( '', #4311 ) ;
#1505 = ORIENTED_EDGE ( 'NONE', *, *, #3769, .T. ) ;
#1506 = PLANE ( 'NONE',  #2658 ) ;
#1507 = ORIENTED_EDGE ( 'NONE', *, *, #4239, .T. ) ;
#1508 = ORIENTED_EDGE ( 'NONE', *, *, #3060, .T. ) ;
#1509 = CARTESIAN_POINT ( 'NONE',  ( 0.2200000000000006100, -3.000000000000000000, 2.220000000000000200 ) ) ;
#1510 = VERTEX_POINT ( 'NONE', #3865 ) ;
#1511 = DIRECTION ( 'NONE',  ( -0.7071067811865474600, 0.0000000000000000000, -0.7071067811865474600 ) ) ;
#1512 = ORIENTED_EDGE ( 'NONE', *, *, #3703, .T. ) ;
#1513 = LINE ( 'NONE', #3858, #3291 ) ;
#1514 = DIRECTION ( 'NONE',  ( -0.0000000000000000000, -1.000000000000000000, -0.0000000000000000000 ) ) ;
#1515 = ORIENTED_EDGE ( 'NONE', *, *, #728, .T. ) ;
#1516 = VERTEX_POINT ( 'NONE', #3856 ) ;
#1517 = ORIENTED_EDGE ( 'NONE', *, *, #4156, .F. ) ;
#1518 = COLOUR_RGB ( '',0.0000000000000000000, 0.03529411764705882300, 0.05882352941176470500 ) ;
#1519 = DIRECTION ( 'NONE',  ( 2.492418787322998300E-016, 0.0000000000000000000, 1.000000000000000000 ) ) ;
#1520 = ADVANCED_FACE ( 'NONE', ( #202 ), #2207, .T. ) ;
#1521 = VERTEX_POINT ( 'NONE', #3884 ) ;
#1522 = VERTEX_POINT ( 'NONE', #4236 ) ;
#1523 = FILL_AREA_STYLE_COLOUR ( '', #3540 ) ;
#1524 = PRESENTATION_LAYER_ASSIGNMENT (  '', '', ( #1080 ) ) ;
#1525 = DIRECTION ( 'NONE',  ( -1.000000000000000000, -0.0000000000000000000, -0.0000000000000000000 ) ) ;
#1526 = FACE_BOUND ( 'NONE', #1090, .T. ) ;
#1527 = SURFACE_SIDE_STYLE ('',( #3596 ) ) ;
#1528 = AXIS2_PLACEMENT_3D ( 'NONE', #3360, #1347, #3700 ) ;
#1529 =( NAMED_UNIT ( * ) SI_UNIT ( $, .STERADIAN. ) SOLID_ANGLE_UNIT ( ) );
#1530 = VECTOR ( 'NONE', #394, 1000.000000000000100 ) ;
#1531 = SURFACE_STYLE_FILL_AREA ( #1759 ) ;
#1532 = FILL_AREA_STYLE_COLOUR ( '', #2787 ) ;
#1533 = EDGE_CURVE ( 'NONE', #2035, #1564, #3362, .T. ) ;
#1534 = CARTESIAN_POINT ( 'NONE',  ( 1.270000000000000500, 1.700000000000000000, 5.949999999999999300 ) ) ;
#1535 = DIRECTION ( 'NONE',  ( -0.7071067811865475700, 0.0000000000000000000, 0.7071067811865475700 ) ) ;
#1536 = COLOUR_RGB ( '',1.000000000000000000, 1.000000000000000000, 1.000000000000000000 ) ;
#1537 = STYLED_ITEM ( 'NONE', ( #2264 ), #1210 ) ;
#1538 = SURFACE_STYLE_FILL_AREA ( #813 ) ;
#1539 = CARTESIAN_POINT ( 'NONE',  ( -3.819999999999999000, 0.2999999999999999900, 1.799999999999998500 ) ) ;
#1540 = ADVANCED_FACE ( 'NONE', ( #4258 ), #884, .T. ) ;
#1541 = VECTOR ( 'NONE', #372, 1000.000000000000000 ) ;
#1542 = PLANE ( 'NONE',  #485 ) ;
#1543 = PRESENTATION_LAYER_ASSIGNMENT (  '', '', ( #1094 ) ) ;
#1544 = LINE ( 'NONE', #2292, #642 ) ;
#1545 = DIRECTION ( 'NONE',  ( -1.000000000000000000, 0.0000000000000000000, 2.464095846557964400E-016 ) ) ;
#1546 = STYLED_ITEM ( 'NONE', ( #2479 ), #2117 ) ;
#1547 = CARTESIAN_POINT ( 'NONE',  ( 0.7500000000000000000, 0.0000000000000000000, -1.270000000000000500 ) ) ;
#1548 = LINE ( 'NONE', #3308, #4128 ) ;
#1549 =( GEOMETRIC_REPRESENTATION_CONTEXT ( 3 ) GLOBAL_UNCERTAINTY_ASSIGNED_CONTEXT ( ( #4153 ) ) GLOBAL_UNIT_ASSIGNED_CONTEXT ( ( #3649, #1632, #3990 ) ) REPRESENTATION_CONTEXT ( 'NONE', 'WORKASPACE' ) );
#1550 = PRODUCT_DEFINITION_SHAPE ( 'NONE', 'NONE',  #748 ) ;
#1551 = VERTEX_POINT ( 'NONE', #2219 ) ;
#1552 =( NAMED_UNIT ( * ) PLANE_ANGLE_UNIT ( ) SI_UNIT ( $, .RADIAN. ) );
#1553 = ORIENTED_EDGE ( 'NONE', *, *, #2537, .F. ) ;
#1554 = STYLED_ITEM ( 'NONE', ( #1927 ), #4186 ) ;
#1555 = DIRECTION ( 'NONE',  ( 0.0000000000000000000, -0.0000000000000000000, -1.000000000000000000 ) ) ;
#1556 = VERTEX_POINT ( 'NONE', #4250 ) ;
#1557 =( LENGTH_UNIT ( ) NAMED_UNIT ( * ) SI_UNIT ( .MILLI., .METRE. ) );
#1558 = LINE ( 'NONE', #1638, #2977 ) ;
#1559 = VERTEX_POINT ( 'NONE', #2233 ) ;
#1560 = AXIS2_PLACEMENT_3D ( 'NONE', #3453, #1435, #3793 ) ;
#1561 = EDGE_LOOP ( 'NONE', ( #734, #924, #1241, #1563 ) ) ;
#1562 = ORIENTED_EDGE ( 'NONE', *, *, #1915, .T. ) ;
#1563 = ORIENTED_EDGE ( 'NONE', *, *, #3028, .T. ) ;
#1564 = VERTEX_POINT ( 'NONE', #3911 ) ;
#1565 = ORIENTED_EDGE ( 'NONE', *, *, #2756, .F. ) ;
#1566 = EDGE_CURVE ( 'NONE', #2490, #1592, #3058, .T. ) ;
#1567 = PRESENTATION_STYLE_ASSIGNMENT (( #4282 ) ) ;
#1568 = UNCERTAINTY_MEASURE_WITH_UNIT (LENGTH_MEASURE( 1.000000000000000100E-005 ), #1932, 'distance_accuracy_value', 'NONE');
#1569 = CARTESIAN_POINT ( 'NONE',  ( -0.2199999999999994700, 0.2999999999999999300, 2.220000000000000200 ) ) ;
#1570 = DIRECTION ( 'NONE',  ( -0.7071067811865474600, -0.0000000000000000000, 0.7071067811865474600 ) ) ;
#1571 = PRESENTATION_STYLE_ASSIGNMENT (( #2540 ) ) ;
#1572 = CARTESIAN_POINT ( 'NONE',  ( -0.9999999999999997800, 1.700000000000000000, 0.9999999999999997800 ) ) ;
#1573 = LINE ( 'NONE', #3156, #4157 ) ;
#1574 = CARTESIAN_POINT ( 'NONE',  ( -0.8699999999999981100, 1.700000000000000000, 8.890000000000000600 ) ) ;
#1575 = LINE ( 'NONE', #457, #3369 ) ;
#1576 =( NAMED_UNIT ( * ) PLANE_ANGLE_UNIT ( ) SI_UNIT ( $, .RADIAN. ) );
#1577 = LINE ( 'NONE', #3651, #2565 ) ;
#1578 = PRESENTATION_LAYER_ASSIGNMENT (  '', '', ( #1132 ) ) ;
#1579 = SURFACE_SIDE_STYLE ('',( #4318 ) ) ;
#1580 = VECTOR ( 'NONE', #2679, 1000.000000000000000 ) ;
#1581 = EDGE_CURVE ( 'NONE', #461, #2924, #3844, .T. ) ;
#1582 = PLANE ( 'NONE',  #706 ) ;
#1583 = EDGE_CURVE ( 'NONE', #2444, #1522, #2946, .T. ) ;
#1584 = PRESENTATION_STYLE_ASSIGNMENT (( #2354 ) ) ;
#1585 = SURFACE_STYLE_USAGE ( .BOTH. , #3602 ) ;
#1586 = FILL_AREA_STYLE_COLOUR ( '', #1156 ) ;
#1587 = COLOUR_RGB ( '',1.000000000000000000, 1.000000000000000000, 1.000000000000000000 ) ;
#1588 = SURFACE_SIDE_STYLE ('',( #3129 ) ) ;
#1589 = CARTESIAN_POINT ( 'NONE',  ( 1.269999999999998700, 0.0000000000000000000, -0.8700000000000003300 ) ) ;
#1590 = AXIS2_PLACEMENT_3D ( 'NONE', #3212, #1195, #3548 ) ;
#1591 = CARTESIAN_POINT ( 'NONE',  ( -0.2199999999999993600, -3.000000000000000000, 2.860000000000000300 ) ) ;
#1592 = VERTEX_POINT ( 'NONE', #1569 ) ;
#1593 = CARTESIAN_POINT ( 'NONE',  ( 1.270000000000000500, 1.700000000000000000, 5.949999999999999300 ) ) ;
#1594 = STYLED_ITEM ( 'NONE', ( #4003 ), #3236 ) ;
#1595 = DIRECTION ( 'NONE',  ( 0.0000000000000000000, 1.000000000000000000, 0.0000000000000000000 ) ) ;
#1596 = ORIENTED_EDGE ( 'NONE', *, *, #3282, .T. ) ;
#1597 = ORIENTED_EDGE ( 'NONE', *, *, #43, .F. ) ;
#1598 = LINE ( 'NONE', #891, #1460 ) ;
#1599 = DIRECTION ( 'NONE',  ( 1.000000000000000000, 0.0000000000000000000, 0.0000000000000000000 ) ) ;
#1600 = EDGE_CURVE ( 'NONE', #3041, #3201, #2051, .T. ) ;
#1601 = ORIENTED_EDGE ( 'NONE', *, *, #3866, .F. ) ;
#1602 = ORIENTED_EDGE ( 'NONE', *, *, #2257, .T. ) ;
#1603 = FILL_AREA_STYLE ('',( #3623 ) ) ;
#1604 = VERTEX_POINT ( 'NONE', #573 ) ;
#1605 = VERTEX_POINT ( 'NONE', #2569 ) ;
#1606 = EDGE_LOOP ( 'NONE', ( #4345, #2039, #2092, #506 ) ) ;
#1607 = PRESENTATION_LAYER_ASSIGNMENT (  '', '', ( #1173 ) ) ;
#1608 =( NAMED_UNIT ( * ) SI_UNIT ( $, .STERADIAN. ) SOLID_ANGLE_UNIT ( ) );
#1609 = PRESENTATION_STYLE_ASSIGNMENT (( #1748 ) ) ;
#1610 = LINE ( 'NONE', #15, #3299 ) ;
#1611 = DIRECTION ( 'NONE',  ( 0.0000000000000000000, 1.000000000000000000, 0.0000000000000000000 ) ) ;
#1612 = ORIENTED_EDGE ( 'NONE', *, *, #2689, .T. ) ;
#1613 = VERTEX_POINT ( 'NONE', #2247 ) ;
#1614 = PRESENTATION_STYLE_ASSIGNMENT (( #3309 ) ) ;
#1615 = EDGE_CURVE ( 'NONE', #235, #4134, #2841, .T. ) ;
#1616 =( LENGTH_UNIT ( ) NAMED_UNIT ( * ) SI_UNIT ( .MILLI., .METRE. ) );
#1617 = CARTESIAN_POINT ( 'NONE',  ( -0.8699999999999998800, 1.700000000000000000, 1.269999999999999800 ) ) ;
#1618 = EDGE_CURVE ( 'NONE', #1521, #243, #1941, .T. ) ;
#1619 = FACE_OUTER_BOUND ( 'NONE', #2553, .T. ) ;
#1620 = CARTESIAN_POINT ( 'NONE',  ( -0.7499999999999981100, 0.0000000000000000000, 8.890000000000000600 ) ) ;
#1621 = MECHANICAL_DESIGN_GEOMETRIC_PRESENTATION_REPRESENTATION (  '', ( #954 ), #1860 ) ;
#1622 = FACE_OUTER_BOUND ( 'NONE', #4254, .T. ) ;
#1623 = FILL_AREA_STYLE_COLOUR ( '', #1489 ) ;
#1624 = SURFACE_STYLE_USAGE ( .BOTH. , #3642 ) ;
#1625 = VECTOR ( 'NONE', #1401, 1000.000000000000000 ) ;
#1626 = FILL_AREA_STYLE_COLOUR ( '', #3593 ) ;
#1627 = DIRECTION ( 'NONE',  ( 0.7071067811865474600, -0.0000000000000000000, -0.7071067811865474600 ) ) ;
#1628 = SURFACE_STYLE_FILL_AREA ( #3764 ) ;
#1629 = CARTESIAN_POINT ( 'NONE',  ( 0.8700000000000012200, 1.700000000000000000, 8.889999999999998800 ) ) ;
#1630 =( NAMED_UNIT ( * ) SI_UNIT ( $, .STERADIAN. ) SOLID_ANGLE_UNIT ( ) );
#1631 = VECTOR ( 'NONE', #3349, 1000.000000000000000 ) ;
#1632 =( NAMED_UNIT ( * ) PLANE_ANGLE_UNIT ( ) SI_UNIT ( $, .RADIAN. ) );
#1633 = CARTESIAN_POINT ( 'NONE',  ( -0.7499999999999981100, 0.2999999999999999900, 8.890000000000000600 ) ) ;
#1634 = PLANE ( 'NONE',  #164 ) ;
#1635 = VECTOR ( 'NONE', #3054, 1000.000000000000000 ) ;
#1636 = CARTESIAN_POINT ( 'NONE',  ( 0.3200000000000012800, 0.2999999999999999300, 5.299999999999999800 ) ) ;
#1637 = CARTESIAN_POINT ( 'NONE',  ( -0.3199999999999981700, -3.000000000000000000, 7.400000000000000400 ) ) ;
#1638 = CARTESIAN_POINT ( 'NONE',  ( 0.3200000000000006200, 8.339999999999999900, 2.319999999999999800 ) ) ;
#1639 = CARTESIAN_POINT ( 'NONE',  ( 0.3200000000000006700, -3.000000000000000000, 2.760000000000000200 ) ) ;
#1640 = SURFACE_SIDE_STYLE ('',( #2140 ) ) ;
#1641 = EDGE_CURVE ( 'NONE', #1604, #2590, #2156, .T. ) ;
#1642 = SURFACE_STYLE_USAGE ( .BOTH. , #3663 ) ;
#1643 = SURFACE_STYLE_USAGE ( .BOTH. , #3666 ) ;
#1644 = LINE ( 'NONE', #3985, #3329 ) ;
#1645 = SURFACE_SIDE_STYLE ('',( #1118 ) ) ;
#1646 = DIRECTION ( 'NONE',  ( 0.0000000000000000000, -1.000000000000000000, 0.0000000000000000000 ) ) ;
#1647 =( LENGTH_UNIT ( ) NAMED_UNIT ( * ) SI_UNIT ( .MILLI., .METRE. ) );
#1648 = ORIENTED_EDGE ( 'NONE', *, *, #3279, .T. ) ;
#1649 = CARTESIAN_POINT ( 'NONE',  ( -0.8699999999999987700, 1.700000000000000000, 6.349999999999999600 ) ) ;
#1650 = MECHANICAL_DESIGN_GEOMETRIC_PRESENTATION_REPRESENTATION (  '', ( #983 ), #1890 ) ;
#1651 = CARTESIAN_POINT ( 'NONE',  ( 1.269999999999999800, 1.700000000000000000, 3.409999999999999700 ) ) ;
#1652 = VERTEX_POINT ( 'NONE', #2258 ) ;
#1653 = AXIS2_PLACEMENT_3D ( 'NONE', #2500, #1183, #3538 ) ;
#1654 = PLANE ( 'NONE',  #3624 ) ;
#1655 = ORIENTED_EDGE ( 'NONE', *, *, #2460, .T. ) ;
#1656 = VERTEX_POINT ( 'NONE', #237 ) ;
#1657 = MECHANICAL_DESIGN_GEOMETRIC_PRESENTATION_REPRESENTATION (  '', ( #993 ), #1894 ) ;
#1658 = VECTOR ( 'NONE', #2885, 1000.000000000000000 ) ;
#1659 = CARTESIAN_POINT ( 'NONE',  ( -0.3199999999999999500, -3.000000000000000000, 0.2199999999999999700 ) ) ;
#1660 = CARTESIAN_POINT ( 'NONE',  ( -0.3200000000000002800, 0.2999999999999999900, -1.270000000000000500 ) ) ;
#1661 = VERTEX_POINT ( 'NONE', #584 ) ;
#1662 = ORIENTED_EDGE ( 'NONE', *, *, #3389, .T. ) ;
#1663 =( NAMED_UNIT ( * ) SI_UNIT ( $, .STERADIAN. ) SOLID_ANGLE_UNIT ( ) );
#1664 = EDGE_LOOP ( 'NONE', ( #1302, #3979, #662, #4291 ) ) ;
#1665 = DIRECTION ( 'NONE',  ( 0.7071067811865474600, -0.0000000000000000000, 0.7071067811865474600 ) ) ;
#1666 = EDGE_CURVE ( 'NONE', #1724, #1143, #1836, .T. ) ;
#1667 = ORIENTED_EDGE ( 'NONE', *, *, #3984, .T. ) ;
#1668 = UNCERTAINTY_MEASURE_WITH_UNIT (LENGTH_MEASURE( 1.000000000000000100E-005 ), #984, 'distance_accuracy_value', 'NONE');
#1669 = ORIENTED_EDGE ( 'NONE', *, *, #3418, .F. ) ;
#1670 = ORIENTED_EDGE ( 'NONE', *, *, #2756, .T. ) ;
#1671 = EDGE_CURVE ( 'NONE', #1202, #3986, #940, .T. ) ;
#1672 =( NAMED_UNIT ( * ) PLANE_ANGLE_UNIT ( ) SI_UNIT ( $, .RADIAN. ) );
#1673 = ORIENTED_EDGE ( 'NONE', *, *, #3030, .F. ) ;
#1674 = DIRECTION ( 'NONE',  ( 1.000000000000000000, -0.0000000000000000000, 0.0000000000000000000 ) ) ;
#1675 = DIRECTION ( 'NONE',  ( -0.7071067811865474600, 0.0000000000000000000, -0.7071067811865474600 ) ) ;
#1676 = VECTOR ( 'NONE', #798, 1000.000000000000000 ) ;
#1677 =( GEOMETRIC_REPRESENTATION_CONTEXT ( 3 ) GLOBAL_UNCERTAINTY_ASSIGNED_CONTEXT ( ( #233 ) ) GLOBAL_UNIT_ASSIGNED_CONTEXT ( ( #2242, #1552, #1229 ) ) REPRESENTATION_CONTEXT ( 'NONE', 'WORKASPACE' ) );
#1678 = PRODUCT ( '1x4', '1x4', '', ( #990 ) ) ;
#1679 = PLANE ( 'NONE',  #4035 ) ;
#1680 = PLANE ( 'NONE',  #2877 ) ;
#1681 = PRESENTATION_LAYER_ASSIGNMENT (  '', '', ( #1232 ) ) ;
#1682 = PRESENTATION_STYLE_ASSIGNMENT (( #1450 ) ) ;
#1683 = LINE ( 'NONE', #1617, #4264 ) ;
#1684 =( GEOMETRIC_REPRESENTATION_CONTEXT ( 3 ) GLOBAL_UNCERTAINTY_ASSIGNED_CONTEXT ( ( #3486 ) ) GLOBAL_UNIT_ASSIGNED_CONTEXT ( ( #4164, #2152, #124 ) ) REPRESENTATION_CONTEXT ( 'NONE', 'WORKASPACE' ) );
#1685 = PRESENTATION_STYLE_ASSIGNMENT (( #34 ) ) ;
#1686 = PLANE ( 'NONE',  #3753 ) ;
#1687 =( LENGTH_UNIT ( ) NAMED_UNIT ( * ) SI_UNIT ( .MILLI., .METRE. ) );
#1688 = CARTESIAN_POINT ( 'NONE',  ( -0.2199999999999999700, 8.339999999999999900, 0.3199999999999999500 ) ) ;
#1689 = COLOUR_RGB ( '',1.000000000000000000, 1.000000000000000000, 1.000000000000000000 ) ;
#1690 = CARTESIAN_POINT ( 'NONE',  ( 1.269999999999999400, 1.700000000000000000, 1.669999999999999900 ) ) ;
#1691 = CARTESIAN_POINT ( 'NONE',  ( 1.270000000000000700, 1.700000000000000000, 6.750000000000000000 ) ) ;
#1692 = LINE ( 'NONE', #3026, #3495 ) ;
#1693 = FILL_AREA_STYLE ('',( #4054 ) ) ;
#1694 = CARTESIAN_POINT ( 'NONE',  ( 1.270000000000000000, 1.700000000000000000, 4.210000000000000000 ) ) ;
#1695 =( GEOMETRIC_REPRESENTATION_CONTEXT ( 3 ) GLOBAL_UNCERTAINTY_ASSIGNED_CONTEXT ( ( #895 ) ) GLOBAL_UNIT_ASSIGNED_CONTEXT ( ( #1557, #3913, #1901 ) ) REPRESENTATION_CONTEXT ( 'NONE', 'WORKASPACE' ) );
#1696 = MECHANICAL_DESIGN_GEOMETRIC_PRESENTATION_REPRESENTATION (  '', ( #1031 ), #1921 ) ;
#1697 = DIRECTION ( 'NONE',  ( -0.7071067811865474600, 0.0000000000000000000, 0.7071067811865474600 ) ) ;
#1698 = EDGE_CURVE ( 'NONE', #176, #2981, #3530, .T. ) ;
#1699 = DIRECTION ( 'NONE',  ( 0.7071067811865475700, 0.0000000000000000000, -0.7071067811865475700 ) ) ;
#1700 = FILL_AREA_STYLE_COLOUR ( '', #1216 ) ;
#1701 = UNCERTAINTY_MEASURE_WITH_UNIT (LENGTH_MEASURE( 1.000000000000000100E-005 ), #1294, 'distance_accuracy_value', 'NONE');
#1702 = DIRECTION ( 'NONE',  ( 0.0000000000000000000, 1.000000000000000000, 0.0000000000000000000 ) ) ;
#1703 =( LENGTH_UNIT ( ) NAMED_UNIT ( * ) SI_UNIT ( .MILLI., .METRE. ) );
#1704 = PLANE ( 'NONE',  #103 ) ;
#1705 = CARTESIAN_POINT ( 'NONE',  ( -0.2200000000000000800, 8.339999999999999900, -0.3200000000000000600 ) ) ;
#1706 = EDGE_CURVE ( 'NONE', #3772, #3197, #152, .T. ) ;
#1707 =( GEOMETRIC_REPRESENTATION_CONTEXT ( 3 ) GLOBAL_UNCERTAINTY_ASSIGNED_CONTEXT ( ( #344 ) ) GLOBAL_UNIT_ASSIGNED_CONTEXT ( ( #3688, #1672, #4021 ) ) REPRESENTATION_CONTEXT ( 'NONE', 'WORKASPACE' ) );
#1708 = ORIENTED_EDGE ( 'NONE', *, *, #497, .F. ) ;
#1709 = DIRECTION ( 'NONE',  ( -1.000000000000000000, 0.0000000000000000000, -0.0000000000000000000 ) ) ;
#1710 =( LENGTH_UNIT ( ) NAMED_UNIT ( * ) SI_UNIT ( .MILLI., .METRE. ) );
#1711 = PRESENTATION_LAYER_ASSIGNMENT (  '', '', ( #1265 ) ) ;
#1712 = VERTEX_POINT ( 'NONE', #2598 ) ;
#1713 =( NAMED_UNIT ( * ) SI_UNIT ( $, .STERADIAN. ) SOLID_ANGLE_UNIT ( ) );
#1714 = PLANE ( 'NONE',  #1754 ) ;
#1715 = ORIENTED_EDGE ( 'NONE', *, *, #1641, .F. ) ;
#1716 = SURFACE_SIDE_STYLE ('',( #639 ) ) ;
#1717 = CARTESIAN_POINT ( 'NONE',  ( -0.3200000000000002800, 0.2999999999999999900, -1.270000000000000500 ) ) ;
#1718 = VERTEX_POINT ( 'NONE', #596 ) ;
#1719 =( GEOMETRIC_REPRESENTATION_CONTEXT ( 3 ) GLOBAL_UNCERTAINTY_ASSIGNED_CONTEXT ( ( #917 ) ) GLOBAL_UNIT_ASSIGNED_CONTEXT ( ( #4005, #1989, #4341 ) ) REPRESENTATION_CONTEXT ( 'NONE', 'WORKASPACE' ) );
#1720 = ORIENTED_EDGE ( 'NONE', *, *, #446, .F. ) ;
#1721 = VERTEX_POINT ( 'NONE', #1589 ) ;
#1722 = LINE ( 'NONE', #2413, #2404 ) ;
#1723 = DIRECTION ( 'NONE',  ( 0.7071067811865475700, 0.0000000000000000000, -0.7071067811865475700 ) ) ;
#1724 = VERTEX_POINT ( 'NONE', #4288 ) ;
#1725 = ORIENTED_EDGE ( 'NONE', *, *, #262, .F. ) ;
#1726 =( LENGTH_UNIT ( ) NAMED_UNIT ( * ) SI_UNIT ( .MILLI., .METRE. ) );
#1727 = LINE ( 'NONE', #1278, #3528 ) ;
#1728 = VECTOR ( 'NONE', #3951, 1000.000000000000100 ) ;
#1729 = DIRECTION ( 'NONE',  ( 0.0000000000000000000, -0.0000000000000000000, -1.000000000000000000 ) ) ;
#1730 = CARTESIAN_POINT ( 'NONE',  ( 0.3199999999999999500, 8.339999999999999900, -0.2200000000000000800 ) ) ;
#1731 = LINE ( 'NONE', #1837, #3533 ) ;
#1732 = CARTESIAN_POINT ( 'NONE',  ( 0.3200000000000000100, -3.000000000000000000, 0.2199999999999999700 ) ) ;
#1733 = CARTESIAN_POINT ( 'NONE',  ( -0.3199999999999999500, 8.339999999999999900, 0.2199999999999999700 ) ) ;
#1734 = ADVANCED_FACE ( 'NONE', ( #2612 ), #2958, .T. ) ;
#1735 = CARTESIAN_POINT ( 'NONE',  ( 1.269999999999999400, 1.700000000000000000, 1.669999999999999900 ) ) ;
#1736 = CARTESIAN_POINT ( 'NONE',  ( 0.7500000000000000000, 0.2999999999999999900, -1.270000000000000500 ) ) ;
#1737 = VECTOR ( 'NONE', #731, 1000.000000000000000 ) ;
#1738 = SURFACE_SIDE_STYLE ('',( #1628 ) ) ;
#1739 = LINE ( 'NONE', #1906, #3537 ) ;
#1740 = VECTOR ( 'NONE', #660, 1000.000000000000000 ) ;
#1741 = STYLED_ITEM ( 'NONE', ( #643 ), #544 ) ;
#1742 = MECHANICAL_DESIGN_GEOMETRIC_PRESENTATION_REPRESENTATION (  '', ( #1080 ), #1963 ) ;
#1743 =( NAMED_UNIT ( * ) SI_UNIT ( $, .STERADIAN. ) SOLID_ANGLE_UNIT ( ) );
#1744 = PRESENTATION_LAYER_ASSIGNMENT (  '', '', ( #1293 ) ) ;
#1745 = LINE ( 'NONE', #1023, #858 ) ;
#1746 = DIRECTION ( 'NONE',  ( 0.0000000000000000000, 1.000000000000000000, 0.0000000000000000000 ) ) ;
#1747 = SURFACE_SIDE_STYLE ('',( #2229 ) ) ;
#1748 = SURFACE_STYLE_USAGE ( .BOTH. , #3775 ) ;
#1749 = PRESENTATION_STYLE_ASSIGNMENT (( #3088 ) ) ;
#1750 = EDGE_CURVE ( 'NONE', #782, #1826, #2206, .T. ) ;
#1751 = DIRECTION ( 'NONE',  ( -1.232047923278982200E-016, 0.0000000000000000000, -1.000000000000000000 ) ) ;
#1752 = VECTOR ( 'NONE', #1953, 1000.000000000000000 ) ;
#1753 = ADVANCED_FACE ( 'NONE', ( #423, #522, #3116, #1306 ), #3302, .T. ) ;
#1754 = AXIS2_PLACEMENT_3D ( 'NONE', #3085, #1070, #3410 ) ;
#1755 = DIRECTION ( 'NONE',  ( 0.0000000000000000000, 1.000000000000000000, 0.0000000000000000000 ) ) ;
#1756 = VERTEX_POINT ( 'NONE', #1961 ) ;
#1757 = UNCERTAINTY_MEASURE_WITH_UNIT (LENGTH_MEASURE( 1.000000000000000100E-005 ), #1446, 'distance_accuracy_value', 'NONE');
#1758 = DIRECTION ( 'NONE',  ( 1.000000000000000000, 0.0000000000000000000, -1.232047923278982200E-016 ) ) ;
#1759 = FILL_AREA_STYLE ('',( #3449 ) ) ;
#1760 = MECHANICAL_DESIGN_GEOMETRIC_PRESENTATION_REPRESENTATION (  '', ( #1094 ), #1990 ) ;
#1761 = ORIENTED_EDGE ( 'NONE', *, *, #1934, .F. ) ;
#1762 = FILL_AREA_STYLE ('',( #1448 ) ) ;
#1763 = DIRECTION ( 'NONE',  ( 0.0000000000000000000, 1.000000000000000000, 0.0000000000000000000 ) ) ;
#1764 = AXIS2_PLACEMENT_3D ( 'NONE', #1341, #3695, #1675 ) ;
#1765 = ORIENTED_EDGE ( 'NONE', *, *, #3949, .F. ) ;
#1766 = ORIENTED_EDGE ( 'NONE', *, *, #3635, .T. ) ;
#1767 =( LENGTH_UNIT ( ) NAMED_UNIT ( * ) SI_UNIT ( .MILLI., .METRE. ) );
#1768 = LINE ( 'NONE', #3904, #1658 ) ;
#1769 = VERTEX_POINT ( 'NONE', #1636 ) ;
#1770 = EDGE_LOOP ( 'NONE', ( #3512, #3569, #3974, #4026 ) ) ;
#1771 = SURFACE_STYLE_FILL_AREA ( #4013 ) ;
#1772 = ORIENTED_EDGE ( 'NONE', *, *, #359, .F. ) ;
#1773 = LINE ( 'NONE', #2462, #1357 ) ;
#1774 = CARTESIAN_POINT ( 'NONE',  ( 0.3200000000000004000, 1.700000000000000000, 5.300000000000000700 ) ) ;
#1775 = ORIENTED_EDGE ( 'NONE', *, *, #1368, .T. ) ;
#1776 = ORIENTED_EDGE ( 'NONE', *, *, #3826, .F. ) ;
#1777 = UNCERTAINTY_MEASURE_WITH_UNIT (LENGTH_MEASURE( 1.000000000000000100E-005 ), #663, 'distance_accuracy_value', 'NONE');
#1778 = VERTEX_POINT ( 'NONE', #4335 ) ;
#1779 = PRESENTATION_STYLE_ASSIGNMENT (( #2328 ) ) ;
#1780 =( NAMED_UNIT ( * ) SI_UNIT ( $, .STERADIAN. ) SOLID_ANGLE_UNIT ( ) );
#1781 = CARTESIAN_POINT ( 'NONE',  ( 0.2200000000000006700, 8.339999999999999900, 2.860000000000000300 ) ) ;
#1782 = ADVANCED_FACE ( 'NONE', ( #2671 ), #295, .F. ) ;
#1783 = COLOUR_RGB ( '',0.0000000000000000000, 0.03529411764705882300, 0.05882352941176470500 ) ;
#1784 = PLANE ( 'NONE',  #436 ) ;
#1785 = ORIENTED_EDGE ( 'NONE', *, *, #3098, .F. ) ;
#1786 =( NAMED_UNIT ( * ) PLANE_ANGLE_UNIT ( ) SI_UNIT ( $, .RADIAN. ) );
#1787 = PRESENTATION_LAYER_ASSIGNMENT (  '', '', ( #1336 ) ) ;
#1788 = VECTOR ( 'NONE', #771, 1000.000000000000100 ) ;
#1789 = COLOUR_RGB ( '',1.000000000000000000, 1.000000000000000000, 1.000000000000000000 ) ;
#1790 = CARTESIAN_POINT ( 'NONE',  ( 0.8699999999999987700, 1.700000000000000000, -1.270000000000000200 ) ) ;
#1791 = LINE ( 'NONE', #1425, #3484 ) ;
#1792 = LINE ( 'NONE', #949, #3485 ) ;
#1793 = LINE ( 'NONE', #1054, #3488 ) ;
#1794 = SURFACE_STYLE_USAGE ( .BOTH. , #3813 ) ;
#1795 = DIRECTION ( 'NONE',  ( 0.7071067811865475700, 0.0000000000000000000, -0.7071067811865475700 ) ) ;
#1796 = EDGE_CURVE ( 'NONE', #191, #2298, #2353, .T. ) ;
#1797 = FILL_AREA_STYLE_COLOUR ( '', #947 ) ;
#1798 = COLOUR_RGB ( '',1.000000000000000000, 1.000000000000000000, 1.000000000000000000 ) ;
#1799 = ADVANCED_FACE ( 'NONE', ( #4044 ), #2668, .T. ) ;
#1800 = CARTESIAN_POINT ( 'NONE',  ( -1.269999999999999400, 1.700000000000000000, 3.409999999999999700 ) ) ;
#1801 = FACE_OUTER_BOUND ( 'NONE', #985, .T. ) ;
#1802 = FILL_AREA_STYLE ('',( #443 ) ) ;
#1803 = MECHANICAL_DESIGN_GEOMETRIC_PRESENTATION_REPRESENTATION (  '', ( #1132 ), #2030 ) ;
#1804 = CARTESIAN_POINT ( 'NONE',  ( 1.269999999999999400, 1.700000000000000000, 1.669999999999999900 ) ) ;
#1805 = SURFACE_STYLE_USAGE ( .BOTH. , #3825 ) ;
#1806 =( NAMED_UNIT ( * ) PLANE_ANGLE_UNIT ( ) SI_UNIT ( $, .RADIAN. ) );
#1807 = EDGE_CURVE ( 'NONE', #2718, #4192, #3735, .T. ) ;
#1808 = LINE ( 'NONE', #3084, #3599 ) ;
#1809 = DIRECTION ( 'NONE',  ( -1.232047923278982200E-016, 0.0000000000000000000, -1.000000000000000000 ) ) ;
#1810 = EDGE_CURVE ( 'NONE', #411, #1556, #246, .T. ) ;
#1811 =( NAMED_UNIT ( * ) SI_UNIT ( $, .STERADIAN. ) SOLID_ANGLE_UNIT ( ) );
#1812 = VERTEX_POINT ( 'NONE', #677 ) ;
#1813 = CARTESIAN_POINT ( 'NONE',  ( -1.269999999999999800, 1.700000000000000000, 1.669999999999999900 ) ) ;
#1814 = CARTESIAN_POINT ( 'NONE',  ( 1.270000000000000000, 0.0000000000000000000, 4.210000000000000000 ) ) ;
#1815 = ORIENTED_EDGE ( 'NONE', *, *, #2926, .F. ) ;
#1816 = VERTEX_POINT ( 'NONE', #1351 ) ;
#1817 = FILL_AREA_STYLE ('',( #1151 ) ) ;
#1818 = ADVANCED_FACE ( 'NONE', ( #2837 ), #1686, .T. ) ;
#1819 = ORIENTED_EDGE ( 'NONE', *, *, #4150, .T. ) ;
#1820 = ORIENTED_EDGE ( 'NONE', *, *, #1167, .T. ) ;
#1821 = SURFACE_SIDE_STYLE ('',( #137 ) ) ;
#1822 = ORIENTED_EDGE ( 'NONE', *, *, #2164, .F. ) ;
#1823 = FACE_OUTER_BOUND ( 'NONE', #195, .T. ) ;
#1824 = AXIS2_PLACEMENT_3D ( 'NONE', #280, #2635, #628 ) ;
#1825 = PRESENTATION_LAYER_ASSIGNMENT (  '', '', ( #1382 ) ) ;
#1826 = VERTEX_POINT ( 'NONE', #2688 ) ;
#1827 = EDGE_LOOP ( 'NONE', ( #925, #4199, #2768, #3564 ) ) ;
#1828 = EDGE_LOOP ( 'NONE', ( #1655, #4030, #3249, #785, #3604, #1820, #2876, #358 ) ) ;
#1829 = VECTOR ( 'NONE', #3398, 1000.000000000000100 ) ;
#1830 =( NAMED_UNIT ( * ) PLANE_ANGLE_UNIT ( ) SI_UNIT ( $, .RADIAN. ) );
#1831 = EDGE_LOOP ( 'NONE', ( #3245, #1470, #777, #1092 ) ) ;
#1832 = AXIS2_PLACEMENT_3D ( 'NONE', #2578, #580, #2941 ) ;
#1833 = ORIENTED_EDGE ( 'NONE', *, *, #4267, .F. ) ;
#1834 = UNCERTAINTY_MEASURE_WITH_UNIT (LENGTH_MEASURE( 1.000000000000000100E-005 ), #546, 'distance_accuracy_value', 'NONE');
#1835 = CARTESIAN_POINT ( 'NONE',  ( 1.270000000000000700, 1.700000000000000000, 6.750000000000000000 ) ) ;
#1836 = LINE ( 'NONE', #2581, #41 ) ;
#1837 = CARTESIAN_POINT ( 'NONE',  ( 1.269999999999999100, 1.700000000000000000, 0.8699999999999994400 ) ) ;
#1838 = EDGE_CURVE ( 'NONE', #2590, #23, #1610, .T. ) ;
#1839 = DIRECTION ( 'NONE',  ( 0.0000000000000000000, 1.000000000000000000, 0.0000000000000000000 ) ) ;
#1840 = FILL_AREA_STYLE ('',( #2180 ) ) ;
#1841 = ADVANCED_BREP_SHAPE_REPRESENTATION ( '1x4', ( #713, #1491, #451 ), #2790 ) ;
#1842 = LINE ( 'NONE', #2477, #3625 ) ;
#1843 = STYLED_ITEM ( 'NONE', ( #3313 ), #1141 ) ;
#1844 = MECHANICAL_DESIGN_GEOMETRIC_PRESENTATION_REPRESENTATION (  '', ( #1173 ), #2075 ) ;
#1845 = VECTOR ( 'NONE', #3055, 1000.000000000000000 ) ;
#1846 =( LENGTH_UNIT ( ) NAMED_UNIT ( * ) SI_UNIT ( .MILLI., .METRE. ) );
#1847 = ADVANCED_FACE ( 'NONE', ( #4206 ), #2043, .T. ) ;
#1848 = CARTESIAN_POINT ( 'NONE',  ( -3.279999999999998900, 0.2999999999999999900, 1.259999999999998700 ) ) ;
#1849 = PLANE ( 'NONE',  #2749 ) ;
#1850 = EDGE_CURVE ( 'NONE', #1756, #1096, #1808, .T. ) ;
#1851 = SURFACE_STYLE_FILL_AREA ( #3874 ) ;
#1852 = LINE ( 'NONE', #3143, #3633 ) ;
#1853 = PLANE ( 'NONE',  #1590 ) ;
#1854 = EDGE_CURVE ( 'NONE', #1057, #1556, #2705, .T. ) ;
#1855 = LINE ( 'NONE', #2225, #3958 ) ;
#1856 = STYLED_ITEM ( 'NONE', ( #495 ), #1892 ) ;
#1857 = PLANE ( 'NONE',  #3020 ) ;
#1858 = VECTOR ( 'NONE', #2692, 1000.000000000000100 ) ;
#1859 = DIRECTION ( 'NONE',  ( -0.0000000000000000000, -1.000000000000000000, -0.0000000000000000000 ) ) ;
#1860 =( GEOMETRIC_REPRESENTATION_CONTEXT ( 3 ) GLOBAL_UNCERTAINTY_ASSIGNED_CONTEXT ( ( #2017 ) ) GLOBAL_UNIT_ASSIGNED_CONTEXT ( ( #3121, #1093, #3448 ) ) REPRESENTATION_CONTEXT ( 'NONE', 'WORKASPACE' ) );
#1861 = DIRECTION ( 'NONE',  ( 0.7071067811865474600, 0.0000000000000000000, -0.7071067811865474600 ) ) ;
#1862 = CARTESIAN_POINT ( 'NONE',  ( -0.8700000000000005500, 1.700000000000000000, -1.270000000000000200 ) ) ;
#1863 =( LENGTH_UNIT ( ) NAMED_UNIT ( * ) SI_UNIT ( .MILLI., .METRE. ) );
#1864 = LINE ( 'NONE', #1629, #2432 ) ;
#1865 = CARTESIAN_POINT ( 'NONE',  ( 0.0000000000000000000, 0.0000000000000000000, 0.0000000000000000000 ) ) ;
#1866 = STYLED_ITEM ( 'NONE', ( #3883 ), #4123 ) ;
#1867 = ADVANCED_FACE ( 'NONE', ( #2580 ), #3409, .F. ) ;
#1868 = ORIENTED_EDGE ( 'NONE', *, *, #732, .F. ) ;
#1869 = DIRECTION ( 'NONE',  ( -0.7071067811865474600, 0.0000000000000000000, 0.7071067811865474600 ) ) ;
#1870 = DIRECTION ( 'NONE',  ( -1.000000000000000000, 0.0000000000000000000, 0.0000000000000000000 ) ) ;
#1871 = CARTESIAN_POINT ( 'NONE',  ( -1.270000000000000000, 1.700000000000000000, 0.8699999999999998800 ) ) ;
#1872 = ORIENTED_EDGE ( 'NONE', *, *, #4180, .T. ) ;
#1873 = DIRECTION ( 'NONE',  ( 0.7071067811865474600, 0.0000000000000000000, 0.7071067811865474600 ) ) ;
#1874 = DIRECTION ( 'NONE',  ( -0.0000000000000000000, -1.000000000000000000, -0.0000000000000000000 ) ) ;
#1875 = EDGE_CURVE ( 'NONE', #2128, #1769, #4072, .T. ) ;
#1876 = VERTEX_POINT ( 'NONE', #2576 ) ;
#1877 = DIRECTION ( 'NONE',  ( 0.7071067811865475700, 0.0000000000000000000, -0.7071067811865475700 ) ) ;
#1878 = LINE ( 'NONE', #2529, #3665 ) ;
#1879 = SURFACE_SIDE_STYLE ('',( #2997 ) ) ;
#1880 = ORIENTED_EDGE ( 'NONE', *, *, #909, .T. ) ;
#1881 = ORIENTED_EDGE ( 'NONE', *, *, #3849, .T. ) ;
#1882 = VERTEX_POINT ( 'NONE', #383 ) ;
#1883 = CARTESIAN_POINT ( 'NONE',  ( -0.2199999999999987000, -3.000000000000000000, 5.400000000000000400 ) ) ;
#1884 = DIRECTION ( 'NONE',  ( -0.0000000000000000000, -0.0000000000000000000, 1.000000000000000000 ) ) ;
#1885 = FILL_AREA_STYLE_COLOUR ( '', #3543 ) ;
#1886 = ORIENTED_EDGE ( 'NONE', *, *, #2968, .F. ) ;
#1887 = ORIENTED_EDGE ( 'NONE', *, *, #1976, .F. ) ;
#1888 = CARTESIAN_POINT ( 'NONE',  ( 0.3200000000000019500, 8.339999999999999900, 7.839999999999999900 ) ) ;
#1889 = SURFACE_STYLE_FILL_AREA ( #2004 ) ;
#1890 =( GEOMETRIC_REPRESENTATION_CONTEXT ( 3 ) GLOBAL_UNCERTAINTY_ASSIGNED_CONTEXT ( ( #945 ) ) GLOBAL_UNIT_ASSIGNED_CONTEXT ( ( #1616, #3972, #1957 ) ) REPRESENTATION_CONTEXT ( 'NONE', 'WORKASPACE' ) );
#1891 = PRESENTATION_LAYER_ASSIGNMENT (  '', '', ( #1440 ) ) ;
#1892 = ADVANCED_FACE ( 'NONE', ( #2276 ), #2934, .T. ) ;
#1893 = SURFACE_STYLE_FILL_AREA ( #905 ) ;
#1894 =( GEOMETRIC_REPRESENTATION_CONTEXT ( 3 ) GLOBAL_UNCERTAINTY_ASSIGNED_CONTEXT ( ( #1248 ) ) GLOBAL_UNIT_ASSIGNED_CONTEXT ( ( #3443, #1427, #3779 ) ) REPRESENTATION_CONTEXT ( 'NONE', 'WORKASPACE' ) );
#1895 = FILL_AREA_STYLE ('',( #3571 ) ) ;
#1896 = VECTOR ( 'NONE', #79, 1000.000000000000100 ) ;
#1897 = COLOUR_RGB ( '',1.000000000000000000, 1.000000000000000000, 1.000000000000000000 ) ;
#1898 = EDGE_CURVE ( 'NONE', #1154, #3869, #171, .T. ) ;
#1899 = UNCERTAINTY_MEASURE_WITH_UNIT (LENGTH_MEASURE( 1.000000000000000100E-005 ), #122, 'distance_accuracy_value', 'NONE');
#1900 = LINE ( 'NONE', #3281, #104 ) ;
#1901 =( NAMED_UNIT ( * ) SI_UNIT ( $, .STERADIAN. ) SOLID_ANGLE_UNIT ( ) );
#1902 = DIRECTION ( 'NONE',  ( 0.7071067811865474600, -0.0000000000000000000, -0.7071067811865474600 ) ) ;
#1903 = EDGE_CURVE ( 'NONE', #3154, #94, #1082, .T. ) ;
#1904 = FACE_OUTER_BOUND ( 'NONE', #174, .T. ) ;
#1905 = FACE_OUTER_BOUND ( 'NONE', #1281, .T. ) ;
#1906 = CARTESIAN_POINT ( 'NONE',  ( 1.269999999999998700, 1.700000000000000000, -0.8700000000000003300 ) ) ;
#1907 = VECTOR ( 'NONE', #1422, 1000.000000000000000 ) ;
#1908 = MECHANICAL_DESIGN_GEOMETRIC_PRESENTATION_REPRESENTATION (  '', ( #1232 ), #3832 ) ;
#1909 = FACE_OUTER_BOUND ( 'NONE', #1088, .T. ) ;
#1910 = UNCERTAINTY_MEASURE_WITH_UNIT (LENGTH_MEASURE( 1.000000000000000100E-005 ), #3144, 'distance_accuracy_value', 'NONE');
#1911 = DIRECTION ( 'NONE',  ( -0.7071067811865474600, 0.0000000000000000000, 0.7071067811865474600 ) ) ;
#1912 = DIRECTION ( 'NONE',  ( -0.7071067811865474600, 0.0000000000000000000, -0.7071067811865474600 ) ) ;
#1913 = ORIENTED_EDGE ( 'NONE', *, *, #311, .T. ) ;
#1914 =( LENGTH_UNIT ( ) NAMED_UNIT ( * ) SI_UNIT ( .MILLI., .METRE. ) );
#1915 = EDGE_CURVE ( 'NONE', #505, #1295, #2865, .T. ) ;
#1916 = VERTEX_POINT ( 'NONE', #1593 ) ;
#1917 = DIRECTION ( 'NONE',  ( -0.7071067811865474600, -0.0000000000000000000, 0.7071067811865474600 ) ) ;
#1918 = DIRECTION ( 'NONE',  ( -1.232047923278982200E-016, -0.0000000000000000000, -1.000000000000000000 ) ) ;
#1919 = ORIENTED_EDGE ( 'NONE', *, *, #404, .T. ) ;
#1920 = VECTOR ( 'NONE', #869, 1000.000000000000000 ) ;
#1921 =( GEOMETRIC_REPRESENTATION_CONTEXT ( 3 ) GLOBAL_UNCERTAINTY_ASSIGNED_CONTEXT ( ( #2674 ) ) GLOBAL_UNIT_ASSIGNED_CONTEXT ( ( #1417, #3766, #1743 ) ) REPRESENTATION_CONTEXT ( 'NONE', 'WORKASPACE' ) );
#1922 = EDGE_CURVE ( 'NONE', #2601, #4090, #3647, .T. ) ;
#1923 = ORIENTED_EDGE ( 'NONE', *, *, #3962, .F. ) ;
#1924 = ORIENTED_EDGE ( 'NONE', *, *, #2592, .F. ) ;
#1925 =( NAMED_UNIT ( * ) PLANE_ANGLE_UNIT ( ) SI_UNIT ( $, .RADIAN. ) );
#1926 = EDGE_LOOP ( 'NONE', ( #410, #1977, #4290, #3877 ) ) ;
#1927 = PRESENTATION_STYLE_ASSIGNMENT (( #4181 ) ) ;
#1928 = SURFACE_SIDE_STYLE ('',( #3259 ) ) ;
#1929 = EDGE_LOOP ( 'NONE', ( #986, #1283, #3503, #3147 ) ) ;
#1930 = ORIENTED_EDGE ( 'NONE', *, *, #1262, .F. ) ;
#1931 = VERTEX_POINT ( 'NONE', #944 ) ;
#1932 =( LENGTH_UNIT ( ) NAMED_UNIT ( * ) SI_UNIT ( .MILLI., .METRE. ) );
#1933 = VECTOR ( 'NONE', #4064, 1000.000000000000000 ) ;
#1934 = EDGE_CURVE ( 'NONE', #2927, #1361, #3552, .T. ) ;
#1935 = VECTOR ( 'NONE', #3705, 1000.000000000000100 ) ;
#1936 = VERTEX_POINT ( 'NONE', #2605 ) ;
#1937 = VERTEX_POINT ( 'NONE', #3968 ) ;
#1938 = MECHANICAL_DESIGN_GEOMETRIC_PRESENTATION_REPRESENTATION (  '', ( #1265 ), #2170 ) ;
#1939 = PLANE ( 'NONE',  #3740 ) ;
#1940 = UNCERTAINTY_MEASURE_WITH_UNIT (LENGTH_MEASURE( 1.000000000000000100E-005 ), #2377, 'distance_accuracy_value', 'NONE');
#1941 = LINE ( 'NONE', #3600, #251 ) ;
#1942 = FILL_AREA_STYLE_COLOUR ( '', #2624 ) ;
#1943 = VECTOR ( 'NONE', #3130, 1000.000000000000000 ) ;
#1944 = DIRECTION ( 'NONE',  ( 0.0000000000000000000, 1.000000000000000000, 0.0000000000000000000 ) ) ;
#1945 = SURFACE_SIDE_STYLE ('',( #2048 ) ) ;
#1946 = FACE_OUTER_BOUND ( 'NONE', #1664, .T. ) ;
#1947 = DIRECTION ( 'NONE',  ( 1.000000000000000000, 0.0000000000000000000, -2.492418787322998300E-016 ) ) ;
#1948 = LINE ( 'NONE', #718, #1845 ) ;
#1949 = SURFACE_STYLE_USAGE ( .BOTH. , #3964 ) ;
#1950 = FILL_AREA_STYLE ('',( #939 ) ) ;
#1951 = CARTESIAN_POINT ( 'NONE',  ( -0.3199999999999988400, -3.000000000000000000, 4.860000000000000300 ) ) ;
#1952 = EDGE_CURVE ( 'NONE', #1361, #1029, #3447, .T. ) ;
#1953 = DIRECTION ( 'NONE',  ( 0.0000000000000000000, 1.000000000000000000, 0.0000000000000000000 ) ) ;
#1954 = VECTOR ( 'NONE', #2650, 1000.000000000000100 ) ;
#1955 = PLANE ( 'NONE',  #1061 ) ;
#1956 = SURFACE_STYLE_FILL_AREA ( #2277 ) ;
#1957 =( NAMED_UNIT ( * ) SI_UNIT ( $, .STERADIAN. ) SOLID_ANGLE_UNIT ( ) );
#1958 = CARTESIAN_POINT ( 'NONE',  ( -0.3199999999999980600, -3.000000000000000000, 7.839999999999999900 ) ) ;
#1959 = UNCERTAINTY_MEASURE_WITH_UNIT (LENGTH_MEASURE( 1.000000000000000100E-005 ), #1384, 'distance_accuracy_value', 'NONE');
#1960 = VECTOR ( 'NONE', #3617, 1000.000000000000100 ) ;
#1961 = CARTESIAN_POINT ( 'NONE',  ( -1.269999999999998700, 1.700000000000000000, 5.950000000000000200 ) ) ;
#1962 = AXIS2_PLACEMENT_3D ( 'NONE', #1110, #3465, #1447 ) ;
#1963 =( GEOMETRIC_REPRESENTATION_CONTEXT ( 3 ) GLOBAL_UNCERTAINTY_ASSIGNED_CONTEXT ( ( #2597 ) ) GLOBAL_UNIT_ASSIGNED_CONTEXT ( ( #2631, #624, #2983 ) ) REPRESENTATION_CONTEXT ( 'NONE', 'WORKASPACE' ) );
#1964 = CARTESIAN_POINT ( 'NONE',  ( -1.269999999999998000, 1.700000000000000000, 8.489999999999998400 ) ) ;
#1965 =( NAMED_UNIT ( * ) PLANE_ANGLE_UNIT ( ) SI_UNIT ( $, .RADIAN. ) );
#1966 = DIRECTION ( 'NONE',  ( 0.0000000000000000000, 1.000000000000000000, 0.0000000000000000000 ) ) ;
#1967 = ORIENTED_EDGE ( 'NONE', *, *, #1225, .F. ) ;
#1968 = DIRECTION ( 'NONE',  ( -0.0000000000000000000, -1.000000000000000000, -0.0000000000000000000 ) ) ;
#1969 = MECHANICAL_DESIGN_GEOMETRIC_PRESENTATION_REPRESENTATION (  '', ( #1293 ), #2202 ) ;
#1970 = CARTESIAN_POINT ( 'NONE',  ( -0.3199999999999994500, -3.000000000000000000, 2.319999999999999800 ) ) ;
#1971 = ORIENTED_EDGE ( 'NONE', *, *, #3545, .F. ) ;
#1972 = ORIENTED_EDGE ( 'NONE', *, *, #311, .F. ) ;
#1973 = LINE ( 'NONE', #2213, #1920 ) ;
#1974 = DIRECTION ( 'NONE',  ( -2.492418787322999200E-016, -0.0000000000000000000, -1.000000000000000000 ) ) ;
#1975 = DIRECTION ( 'NONE',  ( 0.7071067811865474600, 0.0000000000000000000, -0.7071067811865474600 ) ) ;
#1976 = EDGE_CURVE ( 'NONE', #1462, #1043, #4334, .T. ) ;
#1977 = ORIENTED_EDGE ( 'NONE', *, *, #3069, .F. ) ;
#1978 = ORIENTED_EDGE ( 'NONE', *, *, #3592, .T. ) ;
#1979 = PRESENTATION_LAYER_ASSIGNMENT (  '', '', ( #1537 ) ) ;
#1980 = DIRECTION ( 'NONE',  ( -0.7071067811865474600, 0.0000000000000000000, 0.7071067811865474600 ) ) ;
#1981 = ORIENTED_EDGE ( 'NONE', *, *, #4187, .F. ) ;
#1982 = ORIENTED_EDGE ( 'NONE', *, *, #1392, .T. ) ;
#1983 = ORIENTED_EDGE ( 'NONE', *, *, #972, .F. ) ;
#1984 = DIRECTION ( 'NONE',  ( -2.492418787322999700E-016, 0.0000000000000000000, -1.000000000000000000 ) ) ;
#1985 =( LENGTH_UNIT ( ) NAMED_UNIT ( * ) SI_UNIT ( .MILLI., .METRE. ) );
#1986 =( NAMED_UNIT ( * ) PLANE_ANGLE_UNIT ( ) SI_UNIT ( $, .RADIAN. ) );
#1987 = EDGE_LOOP ( 'NONE', ( #2723, #3469, #1924, #3822 ) ) ;
#1988 = VERTEX_POINT ( 'NONE', #616 ) ;
#1989 =( NAMED_UNIT ( * ) PLANE_ANGLE_UNIT ( ) SI_UNIT ( $, .RADIAN. ) );
#1990 =( GEOMETRIC_REPRESENTATION_CONTEXT ( 3 ) GLOBAL_UNCERTAINTY_ASSIGNED_CONTEXT ( ( #4154 ) ) GLOBAL_UNIT_ASSIGNED_CONTEXT ( ( #1170, #2870, #859 ) ) REPRESENTATION_CONTEXT ( 'NONE', 'WORKASPACE' ) );
#1991 =( LENGTH_UNIT ( ) NAMED_UNIT ( * ) SI_UNIT ( .MILLI., .METRE. ) );
#1992 = FILL_AREA_STYLE_COLOUR ( '', #2913 ) ;
#1993 =( NAMED_UNIT ( * ) SI_UNIT ( $, .STERADIAN. ) SOLID_ANGLE_UNIT ( ) );
#1994 = VECTOR ( 'NONE', #2549, 1000.000000000000000 ) ;
#1995 = PRESENTATION_LAYER_ASSIGNMENT (  '', '', ( #1546 ) ) ;
#1996 = DIRECTION ( 'NONE',  ( -0.7071067811865474600, 0.0000000000000000000, -0.7071067811865474600 ) ) ;
#1997 = STYLED_ITEM ( 'NONE', ( #2907 ), #2534 ) ;
#1998 = LINE ( 'NONE', #3117, #3798 ) ;
#1999 = DIRECTION ( 'NONE',  ( -0.7071067811865474600, 0.0000000000000000000, 0.7071067811865474600 ) ) ;
#2000 = SURFACE_SIDE_STYLE ('',( #1771 ) ) ;
#2001 = SURFACE_STYLE_FILL_AREA ( #445 ) ;
#2002 = DIRECTION ( 'NONE',  ( 0.0000000000000000000, 0.0000000000000000000, 1.000000000000000000 ) ) ;
#2003 = PLANE ( 'NONE',  #3138 ) ;
#2004 = FILL_AREA_STYLE ('',( #995 ) ) ;
#2005 = CARTESIAN_POINT ( 'NONE',  ( 0.2200000000000000300, -3.000000000000000000, 0.3199999999999999500 ) ) ;
#2006 = VECTOR ( 'NONE', #3324, 1000.000000000000000 ) ;
#2007 = CARTESIAN_POINT ( 'NONE',  ( 1.269999999999998700, 1.700000000000000000, -0.8700000000000003300 ) ) ;
#2008 = FILL_AREA_STYLE ('',( #655 ) ) ;
#2009 = LINE ( 'NONE', #1591, #2803 ) ;
#2010 = LINE ( 'NONE', #1732, #761 ) ;
#2011 = MECHANICAL_DESIGN_GEOMETRIC_PRESENTATION_REPRESENTATION (  '', ( #1336 ), #2236 ) ;
#2012 = PRESENTATION_STYLE_ASSIGNMENT (( #3342 ) ) ;
#2013 = PLANE ( 'NONE',  #3424 ) ;
#2014 = DIRECTION ( 'NONE',  ( -0.7071067811865474600, -0.0000000000000000000, 0.7071067811865474600 ) ) ;
#2015 = VECTOR ( 'NONE', #1175, 1000.000000000000000 ) ;
#2016 = DIRECTION ( 'NONE',  ( 0.0000000000000000000, 1.000000000000000000, 0.0000000000000000000 ) ) ;
#2017 = UNCERTAINTY_MEASURE_WITH_UNIT (LENGTH_MEASURE( 1.000000000000000100E-005 ), #3121, 'distance_accuracy_value', 'NONE');
#2018 = LINE ( 'NONE', #1329, #3812 ) ;
#2019 = EDGE_CURVE ( 'NONE', #3154, #401, #770, .T. ) ;
#2020 = EDGE_LOOP ( 'NONE', ( #3975, #2939, #1508, #1296 ) ) ;
#2021 = CARTESIAN_POINT ( 'NONE',  ( -2.010000000000000200, 0.2999999999999999900, -0.01000000000000046000 ) ) ;
#2022 = ORIENTED_EDGE ( 'NONE', *, *, #4052, .T. ) ;
#2023 = VECTOR ( 'NONE', #533, 1000.000000000000000 ) ;
#2024 =( NAMED_UNIT ( * ) SI_UNIT ( $, .STERADIAN. ) SOLID_ANGLE_UNIT ( ) );
#2025 = UNCERTAINTY_MEASURE_WITH_UNIT (LENGTH_MEASURE( 1.000000000000000100E-005 ), #1726, 'distance_accuracy_value', 'NONE');
#2026 = ORIENTED_EDGE ( 'NONE', *, *, #500, .F. ) ;
#2027 = DIRECTION ( 'NONE',  ( 1.000000000000000000, 0.0000000000000000000, -1.232047923278982200E-016 ) ) ;
#2028 = FACE_OUTER_BOUND ( 'NONE', #2445, .T. ) ;
#2029 = EDGE_LOOP ( 'NONE', ( #77, #3149, #2666, #3099 ) ) ;
#2030 =( GEOMETRIC_REPRESENTATION_CONTEXT ( 3 ) GLOBAL_UNCERTAINTY_ASSIGNED_CONTEXT ( ( #3271 ) ) GLOBAL_UNIT_ASSIGNED_CONTEXT ( ( #2266, #250, #2589 ) ) REPRESENTATION_CONTEXT ( 'NONE', 'WORKASPACE' ) );
#2031 = DIRECTION ( 'NONE',  ( 2.492418787322999200E-016, 0.0000000000000000000, 1.000000000000000000 ) ) ;
#2032 = DIRECTION ( 'NONE',  ( 0.0000000000000000000, 1.000000000000000000, 0.0000000000000000000 ) ) ;
#2033 = ORIENTED_EDGE ( 'NONE', *, *, #4110, .F. ) ;
#2034 = ORIENTED_EDGE ( 'NONE', *, *, #951, .T. ) ;
#2035 = VERTEX_POINT ( 'NONE', #3645 ) ;
#2036 = LINE ( 'NONE', #187, #2146 ) ;
#2037 = EDGE_CURVE ( 'NONE', #287, #4019, #1864, .T. ) ;
#2038 = EDGE_LOOP ( 'NONE', ( #2182, #3601, #2829, #735 ) ) ;
#2039 = ORIENTED_EDGE ( 'NONE', *, *, #622, .T. ) ;
#2040 = ORIENTED_EDGE ( 'NONE', *, *, #2561, .F. ) ;
#2041 = EDGE_CURVE ( 'NONE', #2298, #3041, #1644, .T. ) ;
#2042 = VECTOR ( 'NONE', #2016, 1000.000000000000000 ) ;
#2043 = PLANE ( 'NONE',  #741 ) ;
#2044 = FILL_AREA_STYLE_COLOUR ( '', #2567 ) ;
#2045 = SURFACE_STYLE_FILL_AREA ( #3068 ) ;
#2046 = SURFACE_SIDE_STYLE ('',( #1111 ) ) ;
#2047 = ORIENTED_EDGE ( 'NONE', *, *, #1850, .T. ) ;
#2048 = SURFACE_STYLE_FILL_AREA ( #3960 ) ;
#2049 =( NAMED_UNIT ( * ) SI_UNIT ( $, .STERADIAN. ) SOLID_ANGLE_UNIT ( ) );
#2050 = SURFACE_STYLE_USAGE ( .BOTH. , #4062 ) ;
#2051 = LINE ( 'NONE', #4262, #3741 ) ;
#2052 = CARTESIAN_POINT ( 'NONE',  ( -0.2200000000000000800, -3.000000000000000000, -0.3200000000000000600 ) ) ;
#2053 = FACE_OUTER_BOUND ( 'NONE', #2238, .T. ) ;
#2054 = DIRECTION ( 'NONE',  ( -0.7071067811865474600, -0.0000000000000000000, 0.7071067811865474600 ) ) ;
#2055 =( NAMED_UNIT ( * ) SI_UNIT ( $, .STERADIAN. ) SOLID_ANGLE_UNIT ( ) );
#2056 = SURFACE_STYLE_FILL_AREA ( #1817 ) ;
#2057 = STYLED_ITEM ( 'NONE', ( #3340 ), #483 ) ;
#2058 = LINE ( 'NONE', #3310, #3749 ) ;
#2059 = MECHANICAL_DESIGN_GEOMETRIC_PRESENTATION_REPRESENTATION (  '', ( #1382 ), #2272 ) ;
#2060 = CARTESIAN_POINT ( 'NONE',  ( 0.2200000000000012500, -3.000000000000000000, 4.760000000000000700 ) ) ;
#2061 = SURFACE_SIDE_STYLE ('',( #4375 ) ) ;
#2062 = SURFACE_STYLE_FILL_AREA ( #377 ) ;
#2063 = SURFACE_STYLE_FILL_AREA ( #1895 ) ;
#2064 = PRESENTATION_LAYER_ASSIGNMENT (  '', '', ( #1594 ) ) ;
#2065 = PRESENTATION_STYLE_ASSIGNMENT (( #3001 ) ) ;
#2066 =( LENGTH_UNIT ( ) NAMED_UNIT ( * ) SI_UNIT ( .MILLI., .METRE. ) );
#2067 = DIRECTION ( 'NONE',  ( -1.000000000000000000, -0.0000000000000000000, -0.0000000000000000000 ) ) ;
#2068 = CARTESIAN_POINT ( 'NONE',  ( 0.3200000000000012800, -3.000000000000000000, 5.299999999999999800 ) ) ;
#2069 = EDGE_CURVE ( 'NONE', #1415, #3783, #1548, .T. ) ;
#2070 = CARTESIAN_POINT ( 'NONE',  ( -0.8699999999999994400, 0.0000000000000000000, 3.810000000000000100 ) ) ;
#2071 = VECTOR ( 'NONE', #316, 1000.000000000000100 ) ;
#2072 =( NAMED_UNIT ( * ) SI_UNIT ( $, .STERADIAN. ) SOLID_ANGLE_UNIT ( ) );
#2073 = ADVANCED_FACE ( 'NONE', ( #2320 ), #2990, .T. ) ;
#2074 = AXIS2_PLACEMENT_3D ( 'NONE', #1651, #4012, #1999 ) ;
#2075 =( GEOMETRIC_REPRESENTATION_CONTEXT ( 3 ) GLOBAL_UNCERTAINTY_ASSIGNED_CONTEXT ( ( #323 ) ) GLOBAL_UNIT_ASSIGNED_CONTEXT ( ( #1191, #3547, #1529 ) ) REPRESENTATION_CONTEXT ( 'NONE', 'WORKASPACE' ) );
#2076 = COLOUR_RGB ( '',1.000000000000000000, 1.000000000000000000, 1.000000000000000000 ) ;
#2077 = SURFACE_SIDE_STYLE ('',( #914 ) ) ;
#2078 = PLANE ( 'NONE',  #2584 ) ;
#2079 = FILL_AREA_STYLE_COLOUR ( '', #3067 ) ;
#2080 = FILL_AREA_STYLE_COLOUR ( '', #1689 ) ;
#2081 = EDGE_CURVE ( 'NONE', #3296, #3970, #2018, .T. ) ;
#2082 = DIRECTION ( 'NONE',  ( 0.7071067811865474600, 0.0000000000000000000, 0.7071067811865474600 ) ) ;
#2083 = CARTESIAN_POINT ( 'NONE',  ( -0.3199999999999993400, 0.2999999999999999900, 2.319999999999999800 ) ) ;
#2084 = EDGE_CURVE ( 'NONE', #916, #2496, #327, .T. ) ;
#2085 =( LENGTH_UNIT ( ) NAMED_UNIT ( * ) SI_UNIT ( .MILLI., .METRE. ) );
#2086 = AXIS2_PLACEMENT_3D ( 'NONE', #1574, #3931, #1912 ) ;
#2087 = ORIENTED_EDGE ( 'NONE', *, *, #3610, .T. ) ;
#2088 = CARTESIAN_POINT ( 'NONE',  ( -1.269999999999999400, 1.700000000000000000, 3.409999999999999700 ) ) ;
#2089 = ORIENTED_EDGE ( 'NONE', *, *, #3028, .F. ) ;
#2090 = ORIENTED_EDGE ( 'NONE', *, *, #1952, .F. ) ;
#2091 = CARTESIAN_POINT ( 'NONE',  ( -0.2199999999999993600, -3.000000000000000000, 2.860000000000000300 ) ) ;
#2092 = ORIENTED_EDGE ( 'NONE', *, *, #4187, .T. ) ;
#2093 = ORIENTED_EDGE ( 'NONE', *, *, #182, .T. ) ;
#2094 = CARTESIAN_POINT ( 'NONE',  ( 0.2200000000000006700, -3.000000000000000000, 2.860000000000000300 ) ) ;
#2095 = CARTESIAN_POINT ( 'NONE',  ( -0.2199999999999988100, 0.2999999999999999300, 4.760000000000000700 ) ) ;
#2096 = ADVANCED_FACE ( 'NONE', ( #3704 ), #4355, .T. ) ;
#2097 =( LENGTH_UNIT ( ) NAMED_UNIT ( * ) SI_UNIT ( .MILLI., .METRE. ) );
#2098 = ORIENTED_EDGE ( 'NONE', *, *, #593, .F. ) ;
#2099 = AXIS2_PLACEMENT_3D ( 'NONE', #424, #2770, #766 ) ;
#2100 = ORIENTED_EDGE ( 'NONE', *, *, #3077, .F. ) ;
#2101 =( NAMED_UNIT ( * ) PLANE_ANGLE_UNIT ( ) SI_UNIT ( $, .RADIAN. ) );
#2102 = ORIENTED_EDGE ( 'NONE', *, *, #223, .T. ) ;
#2103 = SURFACE_STYLE_FILL_AREA ( #4126 ) ;
#2104 = ORIENTED_EDGE ( 'NONE', *, *, #1875, .F. ) ;
#2105 = ORIENTED_EDGE ( 'NONE', *, *, #2408, .T. ) ;
#2106 = DIRECTION ( 'NONE',  ( 1.000000000000000000, 0.0000000000000000000, -2.492418787322998300E-016 ) ) ;
#2107 = PRESENTATION_STYLE_ASSIGNMENT (( #276 ) ) ;
#2108 = VECTOR ( 'NONE', #1209, 1000.000000000000000 ) ;
#2109 = CARTESIAN_POINT ( 'NONE',  ( 0.3200000000000006200, 1.700000000000000000, 2.760000000000000200 ) ) ;
#2110 = LINE ( 'NONE', #207, #3794 ) ;
#2111 = EDGE_CURVE ( 'NONE', #826, #1133, #4280, .T. ) ;
#2112 = SURFACE_STYLE_USAGE ( .BOTH. , #4122 ) ;
#2113 = FACE_OUTER_BOUND ( 'NONE', #4096, .T. ) ;
#2114 = SURFACE_SIDE_STYLE ('',( #2103 ) ) ;
#2115 = COLOUR_RGB ( '',1.000000000000000000, 1.000000000000000000, 1.000000000000000000 ) ;
#2116 = PRESENTATION_STYLE_ASSIGNMENT (( #2703 ) ) ;
#2117 = ADVANCED_FACE ( 'NONE', ( #714 ), #2003, .T. ) ;
#2118 = MECHANICAL_DESIGN_GEOMETRIC_PRESENTATION_REPRESENTATION (  '', ( #1440 ), #2323 ) ;
#2119 = CARTESIAN_POINT ( 'NONE',  ( 0.2200000000000006100, -3.000000000000000000, 2.220000000000000200 ) ) ;
#2120 = VECTOR ( 'NONE', #4278, 1000.000000000000100 ) ;
#2121 = CARTESIAN_POINT ( 'NONE',  ( 0.0000000000000000000, 0.0000000000000000000, 0.0000000000000000000 ) ) ;
#2122 = DIRECTION ( 'NONE',  ( -0.0000000000000000000, -1.000000000000000000, -0.0000000000000000000 ) ) ;
#2123 = FACE_OUTER_BOUND ( 'NONE', #4097, .T. ) ;
#2124 = SURFACE_SIDE_STYLE ('',( #4353 ) ) ;
#2125 = EDGE_CURVE ( 'NONE', #4093, #2487, #388, .T. ) ;
#2126 = LINE ( 'NONE', #1848, #219 ) ;
#2127 = EDGE_CURVE ( 'NONE', #2335, #29, #3083, .T. ) ;
#2128 = VERTEX_POINT ( 'NONE', #3383 ) ;
#2129 = UNCERTAINTY_MEASURE_WITH_UNIT (LENGTH_MEASURE( 1.000000000000000100E-005 ), #1863, 'distance_accuracy_value', 'NONE');
#2130 =( NAMED_UNIT ( * ) PLANE_ANGLE_UNIT ( ) SI_UNIT ( $, .RADIAN. ) );
#2131 = DIRECTION ( 'NONE',  ( 2.492418787322998300E-016, 0.0000000000000000000, 1.000000000000000000 ) ) ;
#2132 = ADVANCED_FACE ( 'NONE', ( #1179 ), #1704, .T. ) ;
#2133 = STYLED_ITEM ( 'NONE', ( #3101 ), #181 ) ;
#2134 = ORIENTED_EDGE ( 'NONE', *, *, #3522, .T. ) ;
#2135 = CARTESIAN_POINT ( 'NONE',  ( -0.3199999999999981700, -3.000000000000000000, 7.400000000000000400 ) ) ;
#2136 = PLANE ( 'NONE',  #4265 ) ;
#2137 = ORIENTED_EDGE ( 'NONE', *, *, #1067, .T. ) ;
#2138 = STYLED_ITEM ( 'NONE', ( #3848 ), #1477 ) ;
#2139 = ORIENTED_EDGE ( 'NONE', *, *, #3007, .F. ) ;
#2140 = SURFACE_STYLE_FILL_AREA ( #3662 ) ;
#2141 = LINE ( 'NONE', #3231, #2023 ) ;
#2142 = ORIENTED_EDGE ( 'NONE', *, *, #3598, .F. ) ;
#2143 = PLANE ( 'NONE',  #3315 ) ;
#2144 = ORIENTED_EDGE ( 'NONE', *, *, #4094, .F. ) ;
#2145 = VERTEX_POINT ( 'NONE', #3748 ) ;
#2146 = VECTOR ( 'NONE', #2531, 1000.000000000000000 ) ;
#2147 = SURFACE_STYLE_USAGE ( .BOTH. , #4161 ) ;
#2148 = VERTEX_POINT ( 'NONE', #719 ) ;
#2149 = EDGE_LOOP ( 'NONE', ( #2234, #1772, #1872, #2134 ) ) ;
#2150 = ORIENTED_EDGE ( 'NONE', *, *, #1135, .T. ) ;
#2151 = DIRECTION ( 'NONE',  ( -0.7071067811865474600, 0.0000000000000000000, -0.7071067811865474600 ) ) ;
#2152 =( NAMED_UNIT ( * ) PLANE_ANGLE_UNIT ( ) SI_UNIT ( $, .RADIAN. ) );
#2153 = EDGE_CURVE ( 'NONE', #1661, #3157, #861, .T. ) ;
#2154 = ORIENTED_EDGE ( 'NONE', *, *, #1838, .F. ) ;
#2155 = STYLED_ITEM ( 'NONE', ( #109 ), #1083 ) ;
#2156 = LINE ( 'NONE', #910, #2735 ) ;
#2157 = SURFACE_STYLE_USAGE ( .BOTH. , #2172 ) ;
#2158 = ADVANCED_FACE ( 'NONE', ( #1276 ), #386, .F. ) ;
#2159 = EDGE_CURVE ( 'NONE', #1756, #3880, #3137, .T. ) ;
#2160 = UNCERTAINTY_MEASURE_WITH_UNIT (LENGTH_MEASURE( 1.000000000000000100E-005 ), #4302, 'distance_accuracy_value', 'NONE');
#2161 = FILL_AREA_STYLE_COLOUR ( '', #367 ) ;
#2162 = FACE_OUTER_BOUND ( 'NONE', #823, .T. ) ;
#2163 = SURFACE_STYLE_USAGE ( .BOTH. , #4179 ) ;
#2164 = EDGE_CURVE ( 'NONE', #3048, #3203, #4014, .T. ) ;
#2165 = STYLED_ITEM ( 'NONE', ( #3616 ), #1818 ) ;
#2166 = LINE ( 'NONE', #2642, #378 ) ;
#2167 =( LENGTH_UNIT ( ) NAMED_UNIT ( * ) SI_UNIT ( .MILLI., .METRE. ) );
#2168 = CARTESIAN_POINT ( 'NONE',  ( 0.3200000000000012300, 0.2999999999999999300, 4.860000000000000300 ) ) ;
#2169 = UNCERTAINTY_MEASURE_WITH_UNIT (LENGTH_MEASURE( 1.000000000000000100E-005 ), #2437, 'distance_accuracy_value', 'NONE');
#2170 =( GEOMETRIC_REPRESENTATION_CONTEXT ( 3 ) GLOBAL_UNCERTAINTY_ASSIGNED_CONTEXT ( ( #209 ) ) GLOBAL_UNIT_ASSIGNED_CONTEXT ( ( #3333, #1326, #3679 ) ) REPRESENTATION_CONTEXT ( 'NONE', 'WORKASPACE' ) );
#2171 = FACE_OUTER_BOUND ( 'NONE', #3044, .T. ) ;
#2172 = SURFACE_SIDE_STYLE ('',( #1381 ) ) ;
#2173 = COLOUR_RGB ( '',1.000000000000000000, 1.000000000000000000, 1.000000000000000000 ) ;
#2174 = DIRECTION ( 'NONE',  ( 0.7071067811865474600, 0.0000000000000000000, -0.7071067811865474600 ) ) ;
#2175 = DIRECTION ( 'NONE',  ( 0.7071067811865474600, 0.0000000000000000000, 0.7071067811865474600 ) ) ;
#2176 = STYLED_ITEM ( 'NONE', ( #1779 ), #3876 ) ;
#2177 = VECTOR ( 'NONE', #3056, 1000.000000000000000 ) ;
#2178 = FILL_AREA_STYLE ('',( #1504 ) ) ;
#2179 = ADVANCED_FACE ( 'NONE', ( #3910 ), #3104, .T. ) ;
#2180 = FILL_AREA_STYLE_COLOUR ( '', #2470 ) ;
#2181 = FILL_AREA_STYLE ('',( #2851 ) ) ;
#2182 = ORIENTED_EDGE ( 'NONE', *, *, #1367, .T. ) ;
#2183 = CARTESIAN_POINT ( 'NONE',  ( 0.3200000000000001700, 0.2999999999999999900, -1.270000000000000700 ) ) ;
#2184 = EDGE_CURVE ( 'NONE', #2454, #1778, #114, .T. ) ;
#2185 = CARTESIAN_POINT ( 'NONE',  ( -0.3199999999999993400, 8.339999999999999900, 2.760000000000000200 ) ) ;
#2186 = ORIENTED_EDGE ( 'NONE', *, *, #3751, .F. ) ;
#2187 = ORIENTED_EDGE ( 'NONE', *, *, #816, .F. ) ;
#2188 = SURFACE_SIDE_STYLE ('',( #2615 ) ) ;
#2189 = VERTEX_POINT ( 'NONE', #1289 ) ;
#2190 = DIRECTION ( 'NONE',  ( -0.7071067811865474600, 0.0000000000000000000, 0.7071067811865474600 ) ) ;
#2191 = VERTEX_POINT ( 'NONE', #3450 ) ;
#2192 = FACE_OUTER_BOUND ( 'NONE', #1405, .T. ) ;
#2193 = DIRECTION ( 'NONE',  ( 0.7071067811865474600, 0.0000000000000000000, 0.7071067811865474600 ) ) ;
#2194 = PRESENTATION_LAYER_ASSIGNMENT (  '', '', ( #1741 ) ) ;
#2195 = ORIENTED_EDGE ( 'NONE', *, *, #4220, .F. ) ;
#2196 = VERTEX_POINT ( 'NONE', #57 ) ;
#2197 = ORIENTED_EDGE ( 'NONE', *, *, #2556, .T. ) ;
#2198 = LINE ( 'NONE', #1871, #1455 ) ;
#2199 = ADVANCED_FACE ( 'NONE', ( #1801 ), #3643, .T. ) ;
#2200 =( NAMED_UNIT ( * ) SI_UNIT ( $, .STERADIAN. ) SOLID_ANGLE_UNIT ( ) );
#2201 = VERTEX_POINT ( 'NONE', #3983 ) ;
#2202 =( GEOMETRIC_REPRESENTATION_CONTEXT ( 3 ) GLOBAL_UNCERTAINTY_ASSIGNED_CONTEXT ( ( #3595 ) ) GLOBAL_UNIT_ASSIGNED_CONTEXT ( ( #2700, #691, #3045 ) ) REPRESENTATION_CONTEXT ( 'NONE', 'WORKASPACE' ) );
#2203 = ORIENTED_EDGE ( 'NONE', *, *, #1810, .F. ) ;
#2204 = DIRECTION ( 'NONE',  ( 0.0000000000000000000, 0.0000000000000000000, 1.000000000000000000 ) ) ;
#2205 = LINE ( 'NONE', #285, #3989 ) ;
#2206 = LINE ( 'NONE', #1620, #3991 ) ;
#2207 = PLANE ( 'NONE',  #2960 ) ;
#2208 = EDGE_CURVE ( 'NONE', #1522, #2661, #3273, .T. ) ;
#2209 = PRESENTATION_STYLE_ASSIGNMENT (( #4235 ) ) ;
#2210 = VECTOR ( 'NONE', #2533, 1000.000000000000000 ) ;
#2211 = CARTESIAN_POINT ( 'NONE',  ( 1.269999999999999100, 1.700000000000000000, 0.8699999999999994400 ) ) ;
#2212 = CARTESIAN_POINT ( 'NONE',  ( 0.8700000000000005500, 1.700000000000000000, 6.349999999999999600 ) ) ;
#2213 = CARTESIAN_POINT ( 'NONE',  ( -0.7500000000000000000, 0.0000000000000000000, -1.270000000000000500 ) ) ;
#2214 = MECHANICAL_DESIGN_GEOMETRIC_PRESENTATION_REPRESENTATION (  '', ( #1537 ), #2430 ) ;
#2215 = LINE ( 'NONE', #1694, #3899 ) ;
#2216 = CARTESIAN_POINT ( 'NONE',  ( 0.2200000000000012500, 8.339999999999999900, 4.760000000000000700 ) ) ;
#2217 = COLOUR_RGB ( '',0.0000000000000000000, 0.03529411764705882300, 0.05882352941176470500 ) ;
#2218 =( LENGTH_UNIT ( ) NAMED_UNIT ( * ) SI_UNIT ( .MILLI., .METRE. ) );
#2219 = CARTESIAN_POINT ( 'NONE',  ( 0.7500000000000020000, 0.0000000000000000000, 8.890000000000000600 ) ) ;
#2220 = ADVANCED_FACE ( 'NONE', ( #4176 ), #2313, .T. ) ;
#2221 = LINE ( 'NONE', #3941, #2120 ) ;
#2222 = UNCERTAINTY_MEASURE_WITH_UNIT (LENGTH_MEASURE( 1.000000000000000100E-005 ), #2085, 'distance_accuracy_value', 'NONE');
#2223 = FILL_AREA_STYLE ('',( #2898 ) ) ;
#2224 = MECHANICAL_DESIGN_GEOMETRIC_PRESENTATION_REPRESENTATION (  '', ( #1546 ), #2439 ) ;
#2225 = CARTESIAN_POINT ( 'NONE',  ( -1.269999999999999800, 1.700000000000000000, 1.669999999999999900 ) ) ;
#2226 = UNCERTAINTY_MEASURE_WITH_UNIT (LENGTH_MEASURE( 1.000000000000000100E-005 ), #4147, 'distance_accuracy_value', 'NONE');
#2227 = CARTESIAN_POINT ( 'NONE',  ( 1.270000000000001100, 1.700000000000000000, 8.489999999999998400 ) ) ;
#2228 = AXIS2_PLACEMENT_3D ( 'NONE', #4330, #2305, #286 ) ;
#2229 = SURFACE_STYLE_FILL_AREA ( #3773 ) ;
#2230 = DIRECTION ( 'NONE',  ( -1.000000000000000000, 0.0000000000000000000, 0.0000000000000000000 ) ) ;
#2231 = VECTOR ( 'NONE', #820, 1000.000000000000000 ) ;
#2232 = SURFACE_STYLE_USAGE ( .BOTH. , #4246 ) ;
#2233 = CARTESIAN_POINT ( 'NONE',  ( 0.2200000000000006100, -3.000000000000000000, 2.220000000000000200 ) ) ;
#2234 = ORIENTED_EDGE ( 'NONE', *, *, #1256, .F. ) ;
#2235 = CARTESIAN_POINT ( 'NONE',  ( -0.2199999999999999700, -3.000000000000000000, 0.3199999999999999500 ) ) ;
#2236 =( GEOMETRIC_REPRESENTATION_CONTEXT ( 3 ) GLOBAL_UNCERTAINTY_ASSIGNED_CONTEXT ( ( #656 ) ) GLOBAL_UNIT_ASSIGNED_CONTEXT ( ( #3803, #1786, #4132 ) ) REPRESENTATION_CONTEXT ( 'NONE', 'WORKASPACE' ) );
#2237 = CARTESIAN_POINT ( 'NONE',  ( 0.2200000000000019400, 8.339999999999999900, 7.939999999999999500 ) ) ;
#2238 = EDGE_LOOP ( 'NONE', ( #416, #879, #979, #1142 ) ) ;
#2239 = DIRECTION ( 'NONE',  ( 1.000000000000000000, 0.0000000000000000000, -0.0000000000000000000 ) ) ;
#2240 = ORIENTED_EDGE ( 'NONE', *, *, #1671, .F. ) ;
#2241 = ORIENTED_EDGE ( 'NONE', *, *, #3069, .T. ) ;
#2242 =( LENGTH_UNIT ( ) NAMED_UNIT ( * ) SI_UNIT ( .MILLI., .METRE. ) );
#2243 = CARTESIAN_POINT ( 'NONE',  ( -0.8700000000000005500, 1.700000000000000000, -1.270000000000000200 ) ) ;
#2244 = EDGE_CURVE ( 'NONE', #1931, #150, #1176, .T. ) ;
#2245 = ORIENTED_EDGE ( 'NONE', *, *, #87, .T. ) ;
#2246 = SURFACE_STYLE_FILL_AREA ( #1134 ) ;
#2247 = CARTESIAN_POINT ( 'NONE',  ( 0.3200000000000019500, -3.000000000000000000, 7.839999999999999900 ) ) ;
#2248 = CARTESIAN_POINT ( 'NONE',  ( -0.7500000000000000000, 0.2999999999999999900, 7.939999999999999500 ) ) ;
#2249 = ORIENTED_EDGE ( 'NONE', *, *, #2315, .F. ) ;
#2250 = ORIENTED_EDGE ( 'NONE', *, *, #3734, .T. ) ;
#2251 = ORIENTED_EDGE ( 'NONE', *, *, #2476, .F. ) ;
#2252 = CARTESIAN_POINT ( 'NONE',  ( 0.3200000000000012800, -3.000000000000000000, 5.299999999999999800 ) ) ;
#2253 = DIRECTION ( 'NONE',  ( 1.000000000000000000, 0.0000000000000000000, -2.492418787322998300E-016 ) ) ;
#2254 = PRESENTATION_STYLE_ASSIGNMENT (( #3707 ) ) ;
#2255 =( NAMED_UNIT ( * ) SI_UNIT ( $, .STERADIAN. ) SOLID_ANGLE_UNIT ( ) );
#2256 = VECTOR ( 'NONE', #64, 1000.000000000000000 ) ;
#2257 = EDGE_CURVE ( 'NONE', #2145, #772, #3758, .T. ) ;
#2258 = CARTESIAN_POINT ( 'NONE',  ( 1.270000000000000700, 0.0000000000000000000, 6.750000000000000000 ) ) ;
#2259 = COLOUR_RGB ( '',1.000000000000000000, 1.000000000000000000, 1.000000000000000000 ) ;
#2260 = DIRECTION ( 'NONE',  ( -0.7071067811865474600, -0.0000000000000000000, -0.7071067811865474600 ) ) ;
#2261 = UNCERTAINTY_MEASURE_WITH_UNIT (LENGTH_MEASURE( 1.000000000000000100E-005 ), #2585, 'distance_accuracy_value', 'NONE');
#2262 = SURFACE_SIDE_STYLE ('',( #413 ) ) ;
#2263 = EDGE_CURVE ( 'NONE', #2035, #176, #266, .T. ) ;
#2264 = PRESENTATION_STYLE_ASSIGNMENT (( #3728 ) ) ;
#2265 = LINE ( 'NONE', #2005, #1377 ) ;
#2266 =( LENGTH_UNIT ( ) NAMED_UNIT ( * ) SI_UNIT ( .MILLI., .METRE. ) );
#2267 = PRESENTATION_STYLE_ASSIGNMENT (( #3463 ) ) ;
#2268 =( NAMED_UNIT ( * ) SI_UNIT ( $, .STERADIAN. ) SOLID_ANGLE_UNIT ( ) );
#2269 = DIRECTION ( 'NONE',  ( -2.492418787322999200E-016, -0.0000000000000000000, -1.000000000000000000 ) ) ;
#2270 = AXIS2_PLACEMENT_3D ( 'NONE', #3998, #1984, #4337 ) ;
#2271 = COLOUR_RGB ( '',0.0000000000000000000, 0.03529411764705882300, 0.05882352941176470500 ) ;
#2272 =( GEOMETRIC_REPRESENTATION_CONTEXT ( 3 ) GLOBAL_UNCERTAINTY_ASSIGNED_CONTEXT ( ( #1066 ) ) GLOBAL_UNIT_ASSIGNED_CONTEXT ( ( #2882, #864, #3226 ) ) REPRESENTATION_CONTEXT ( 'NONE', 'WORKASPACE' ) );
#2273 = DIRECTION ( 'NONE',  ( 0.7071067811865474600, 0.0000000000000000000, -0.7071067811865474600 ) ) ;
#2274 = MECHANICAL_DESIGN_GEOMETRIC_PRESENTATION_REPRESENTATION (  '', ( #1594 ), #2493 ) ;
#2275 =( LENGTH_UNIT ( ) NAMED_UNIT ( * ) SI_UNIT ( .MILLI., .METRE. ) );
#2276 = FACE_OUTER_BOUND ( 'NONE', #3774, .T. ) ;
#2277 = FILL_AREA_STYLE ('',( #263 ) ) ;
#2278 = EDGE_CURVE ( 'NONE', #3820, #670, #1076, .T. ) ;
#2279 = ORIENTED_EDGE ( 'NONE', *, *, #1430, .T. ) ;
#2280 =( NAMED_UNIT ( * ) PLANE_ANGLE_UNIT ( ) SI_UNIT ( $, .RADIAN. ) );
#2281 = ORIENTED_EDGE ( 'NONE', *, *, #3545, .T. ) ;
#2282 = PRESENTATION_LAYER_ASSIGNMENT (  '', '', ( #1843 ) ) ;
#2283 = SURFACE_STYLE_USAGE ( .BOTH. , #4305 ) ;
#2284 = ORIENTED_EDGE ( 'NONE', *, *, #2369, .F. ) ;
#2285 = DIRECTION ( 'NONE',  ( -0.7071067811865474600, 0.0000000000000000000, 0.7071067811865474600 ) ) ;
#2286 = ORIENTED_EDGE ( 'NONE', *, *, #2804, .F. ) ;
#2287 = VERTEX_POINT ( 'NONE', #3022 ) ;
#2288 = PRESENTATION_STYLE_ASSIGNMENT (( #2869 ) ) ;
#2289 = EDGE_CURVE ( 'NONE', #1556, #3208, #961, .T. ) ;
#2290 = ORIENTED_EDGE ( 'NONE', *, *, #2696, .T. ) ;
#2291 = ORIENTED_EDGE ( 'NONE', *, *, #2537, .T. ) ;
#2292 = CARTESIAN_POINT ( 'NONE',  ( 1.270000000000000700, 0.0000000000000000000, 6.750000000000000000 ) ) ;
#2293 = ORIENTED_EDGE ( 'NONE', *, *, #1262, .T. ) ;
#2294 = DIRECTION ( 'NONE',  ( -0.7071067811865474600, 0.0000000000000000000, 0.7071067811865474600 ) ) ;
#2295 = EDGE_CURVE ( 'NONE', #1516, #3359, #3637, .T. ) ;
#2296 = PRESENTATION_LAYER_ASSIGNMENT (  '', '', ( #1856 ) ) ;
#2297 = ORIENTED_EDGE ( 'NONE', *, *, #151, .T. ) ;
#2298 = VERTEX_POINT ( 'NONE', #3370 ) ;
#2299 = SURFACE_SIDE_STYLE ('',( #2995 ) ) ;
#2300 = STYLED_ITEM ( 'NONE', ( #2267 ), #2473 ) ;
#2301 = LINE ( 'NONE', #1539, #3992 ) ;
#2302 = SURFACE_SIDE_STYLE ('',( #1022 ) ) ;
#2303 = DIRECTION ( 'NONE',  ( 2.464095846557964400E-016, 0.0000000000000000000, 1.000000000000000000 ) ) ;
#2304 = PRESENTATION_STYLE_ASSIGNMENT (( #3428 ) ) ;
#2305 = DIRECTION ( 'NONE',  ( 1.000000000000000000, 0.0000000000000000000, -1.232047923278982200E-016 ) ) ;
#2306 = PRESENTATION_LAYER_ASSIGNMENT (  '', '', ( #1866 ) ) ;
#2307 = CARTESIAN_POINT ( 'NONE',  ( -0.2199999999999980900, -3.000000000000000000, 7.939999999999999500 ) ) ;
#2308 = CARTESIAN_POINT ( 'NONE',  ( 1.270000000000000500, 0.0000000000000000000, 5.949999999999999300 ) ) ;
#2309 = VECTOR ( 'NONE', #763, 1000.000000000000100 ) ;
#2310 = FILL_AREA_STYLE ('',( #3994 ) ) ;
#2311 = PRESENTATION_STYLE_ASSIGNMENT (( #1150 ) ) ;
#2312 = LINE ( 'NONE', #1235, #637 ) ;
#2313 = PLANE ( 'NONE',  #2849 ) ;
#2314 =( NAMED_UNIT ( * ) SI_UNIT ( $, .STERADIAN. ) SOLID_ANGLE_UNIT ( ) );
#2315 = EDGE_CURVE ( 'NONE', #568, #1559, #1745, .T. ) ;
#2316 = FACE_OUTER_BOUND ( 'NONE', #2029, .T. ) ;
#2317 =( NAMED_UNIT ( * ) SI_UNIT ( $, .STERADIAN. ) SOLID_ANGLE_UNIT ( ) );
#2318 = CARTESIAN_POINT ( 'NONE',  ( 0.3200000000000006200, -3.000000000000000000, 2.319999999999999800 ) ) ;
#2319 = LINE ( 'NONE', #1813, #2231 ) ;
#2320 = FACE_OUTER_BOUND ( 'NONE', #3930, .T. ) ;
#2321 = STYLED_ITEM ( 'NONE', ( #3325 ), #796 ) ;
#2322 = CARTESIAN_POINT ( 'NONE',  ( 0.2200000000000006100, -3.000000000000000000, 2.220000000000000200 ) ) ;
#2323 =( GEOMETRIC_REPRESENTATION_CONTEXT ( 3 ) GLOBAL_UNCERTAINTY_ASSIGNED_CONTEXT ( ( #3402 ) ) GLOBAL_UNIT_ASSIGNED_CONTEXT ( ( #857, #3216, #1197 ) ) REPRESENTATION_CONTEXT ( 'NONE', 'WORKASPACE' ) );
#2324 =( LENGTH_UNIT ( ) NAMED_UNIT ( * ) SI_UNIT ( .MILLI., .METRE. ) );
#2325 = ORIENTED_EDGE ( 'NONE', *, *, #593, .T. ) ;
#2326 = FILL_AREA_STYLE ('',( #991 ) ) ;
#2327 = STYLED_ITEM ( 'NONE', ( #2845 ), #3549 ) ;
#2328 = SURFACE_STYLE_USAGE ( .BOTH. , #4358 ) ;
#2329 = CARTESIAN_POINT ( 'NONE',  ( 0.3200000000000006200, 0.2999999999999999900, -1.270000000000000700 ) ) ;
#2330 = LINE ( 'NONE', #1307, #3043 ) ;
#2331 = ORIENTED_EDGE ( 'NONE', *, *, #2824, .F. ) ;
#2332 = DIRECTION ( 'NONE',  ( 2.492418787322999200E-016, 0.0000000000000000000, 1.000000000000000000 ) ) ;
#2333 = SURFACE_SIDE_STYLE ('',( #254 ) ) ;
#2334 = EDGE_CURVE ( 'NONE', #1353, #1882, #2630, .T. ) ;
#2335 = VERTEX_POINT ( 'NONE', #2344 ) ;
#2336 = EDGE_CURVE ( 'NONE', #1522, #568, #2858, .T. ) ;
#2337 = DIRECTION ( 'NONE',  ( 0.0000000000000000000, 0.0000000000000000000, 1.000000000000000000 ) ) ;
#2338 = SURFACE_SIDE_STYLE ('',( #758 ) ) ;
#2339 = ORIENTED_EDGE ( 'NONE', *, *, #1300, .F. ) ;
#2340 = ORIENTED_EDGE ( 'NONE', *, *, #3418, .T. ) ;
#2341 = ORIENTED_EDGE ( 'NONE', *, *, #2980, .F. ) ;
#2342 = DIRECTION ( 'NONE',  ( -0.7071067811865474600, -0.0000000000000000000, 0.7071067811865474600 ) ) ;
#2343 = UNCERTAINTY_MEASURE_WITH_UNIT (LENGTH_MEASURE( 1.000000000000000100E-005 ), #1914, 'distance_accuracy_value', 'NONE');
#2344 = CARTESIAN_POINT ( 'NONE',  ( 0.2200000000000019400, -3.000000000000000000, 7.939999999999999500 ) ) ;
#2345 = CARTESIAN_POINT ( 'NONE',  ( -0.2199999999999980900, -3.000000000000000000, 7.939999999999999500 ) ) ;
#2346 = VERTEX_POINT ( 'NONE', #6 ) ;
#2347 = ORIENTED_EDGE ( 'NONE', *, *, #830, .F. ) ;
#2348 = PLANE ( 'NONE',  #751 ) ;
#2349 = ORIENTED_EDGE ( 'NONE', *, *, #4237, .T. ) ;
#2350 = FACE_OUTER_BOUND ( 'NONE', #282, .T. ) ;
#2351 = AXIS2_PLACEMENT_3D ( 'NONE', #896, #1877, #541 ) ;
#2352 = CARTESIAN_POINT ( 'NONE',  ( 0.3200000000000006700, 0.2999999999999999300, 2.760000000000000200 ) ) ;
#2353 = LINE ( 'NONE', #4348, #3256 ) ;
#2354 = SURFACE_STYLE_USAGE ( .BOTH. , #4378 ) ;
#2355 = ORIENTED_EDGE ( 'NONE', *, *, #493, .T. ) ;
#2356 = SURFACE_SIDE_STYLE ('',( #3425 ) ) ;
#2357 = COLOUR_RGB ( '',1.000000000000000000, 1.000000000000000000, 1.000000000000000000 ) ;
#2358 = AXIS2_PLACEMENT_3D ( 'NONE', #473, #2823, #814 ) ;
#2359 = COLOUR_RGB ( '',1.000000000000000000, 1.000000000000000000, 1.000000000000000000 ) ;
#2360 = SURFACE_SIDE_STYLE ('',( #1055 ) ) ;
#2361 = PRESENTATION_STYLE_ASSIGNMENT (( #2147 ) ) ;
#2362 = FACE_OUTER_BOUND ( 'NONE', #2871, .T. ) ;
#2363 = PLANE ( 'NONE',  #409 ) ;
#2364 = CARTESIAN_POINT ( 'NONE',  ( -0.2199999999999980900, -3.000000000000000000, 7.939999999999999500 ) ) ;
#2365 = PRESENTATION_STYLE_ASSIGNMENT (( #1805 ) ) ;
#2366 = CARTESIAN_POINT ( 'NONE',  ( 0.2200000000000019400, -3.000000000000000000, 7.939999999999999500 ) ) ;
#2367 = COLOUR_RGB ( '',1.000000000000000000, 1.000000000000000000, 1.000000000000000000 ) ;
#2368 = CARTESIAN_POINT ( 'NONE',  ( -1.270000000000000500, 0.0000000000000000000, -0.8700000000000003300 ) ) ;
#2369 = EDGE_CURVE ( 'NONE', #3359, #3658, #4327, .T. ) ;
#2370 = LINE ( 'NONE', #3357, #4060 ) ;
#2371 = SURFACE_SIDE_STYLE ('',( #3079 ) ) ;
#2372 = DIRECTION ( 'NONE',  ( -0.7071067811865474600, -0.0000000000000000000, -0.7071067811865474600 ) ) ;
#2373 = LINE ( 'NONE', #1964, #4169 ) ;
#2374 = AXIS2_PLACEMENT_3D ( 'NONE', #2235, #216, #2558 ) ;
#2375 = STYLED_ITEM ( 'NONE', ( #2361 ), #3093 ) ;
#2376 = EDGE_CURVE ( 'NONE', #2765, #1661, #3442, .T. ) ;
#2377 =( LENGTH_UNIT ( ) NAMED_UNIT ( * ) SI_UNIT ( .MILLI., .METRE. ) );
#2378 = PRESENTATION_STYLE_ASSIGNMENT (( #989 ) ) ;
#2379 = FILL_AREA_STYLE_COLOUR ( '', #2427 ) ;
#2380 = CARTESIAN_POINT ( 'NONE',  ( -0.3199999999999980600, -3.000000000000000000, 7.839999999999999900 ) ) ;
#2381 = VECTOR ( 'NONE', #2525, 1000.000000000000000 ) ;
#2382 =( NAMED_UNIT ( * ) PLANE_ANGLE_UNIT ( ) SI_UNIT ( $, .RADIAN. ) );
#2383 = DIRECTION ( 'NONE',  ( 0.0000000000000000000, 1.000000000000000000, 0.0000000000000000000 ) ) ;
#2384 = EDGE_CURVE ( 'NONE', #3473, #2189, #4226, .T. ) ;
#2385 = DIRECTION ( 'NONE',  ( 0.7071067811865474600, -0.0000000000000000000, 0.7071067811865474600 ) ) ;
#2386 = AXIS2_PLACEMENT_3D ( 'NONE', #4365, #2337, #328 ) ;
#2387 = CARTESIAN_POINT ( 'NONE',  ( -0.3199999999999999500, -3.000000000000000000, 0.2199999999999999700 ) ) ;
#2388 = DIRECTION ( 'NONE',  ( -0.7071067811865474600, 0.0000000000000000000, -0.7071067811865474600 ) ) ;
#2389 =( LENGTH_UNIT ( ) NAMED_UNIT ( * ) SI_UNIT ( .MILLI., .METRE. ) );
#2390 =( NAMED_UNIT ( * ) SI_UNIT ( $, .STERADIAN. ) SOLID_ANGLE_UNIT ( ) );
#2391 = CARTESIAN_POINT ( 'NONE',  ( -0.2199999999999982000, -3.000000000000000000, 7.299999999999999800 ) ) ;
#2392 = ORIENTED_EDGE ( 'NONE', *, *, #2801, .F. ) ;
#2393 = CARTESIAN_POINT ( 'NONE',  ( -0.8700000000000001100, 0.0000000000000000000, 1.269999999999999800 ) ) ;
#2394 = ORIENTED_EDGE ( 'NONE', *, *, #1085, .F. ) ;
#2395 = AXIS2_PLACEMENT_3D ( 'NONE', #306, #2656, #650 ) ;
#2396 = CARTESIAN_POINT ( 'NONE',  ( 0.8700000000000005500, 1.700000000000000000, 6.349999999999999600 ) ) ;
#2397 = CARTESIAN_POINT ( 'NONE',  ( -0.3199999999999994500, 1.700000000000000200, 2.319999999999999800 ) ) ;
#2398 = ORIENTED_EDGE ( 'NONE', *, *, #2512, .F. ) ;
#2399 = CARTESIAN_POINT ( 'NONE',  ( 0.2200000000000019400, -3.000000000000000000, 7.939999999999999500 ) ) ;
#2400 = LINE ( 'NONE', #1495, #3198 ) ;
#2401 = ORIENTED_EDGE ( 'NONE', *, *, #1225, .T. ) ;
#2402 = VERTEX_POINT ( 'NONE', #702 ) ;
#2403 = ORIENTED_EDGE ( 'NONE', *, *, #3213, .T. ) ;
#2404 = VECTOR ( 'NONE', #3107, 1000.000000000000000 ) ;
#2405 =( LENGTH_UNIT ( ) NAMED_UNIT ( * ) SI_UNIT ( .MILLI., .METRE. ) );
#2406 = CARTESIAN_POINT ( 'NONE',  ( 0.2199999999999999700, 8.339999999999999900, -0.3200000000000000600 ) ) ;
#2407 = COLOUR_RGB ( '',1.000000000000000000, 1.000000000000000000, 1.000000000000000000 ) ;
#2408 = EDGE_CURVE ( 'NONE', #3986, #889, #4120, .T. ) ;
#2409 = ORIENTED_EDGE ( 'NONE', *, *, #1000, .T. ) ;
#2410 = VERTEX_POINT ( 'NONE', #1387 ) ;
#2411 = SURFACE_SIDE_STYLE ('',( #2911 ) ) ;
#2412 = CARTESIAN_POINT ( 'NONE',  ( 0.3200000000000006200, 1.700000000000000000, 2.319999999999999800 ) ) ;
#2413 = CARTESIAN_POINT ( 'NONE',  ( -0.3199999999999988400, 8.339999999999999900, 4.860000000000000300 ) ) ;
#2414 =( NAMED_UNIT ( * ) SI_UNIT ( $, .STERADIAN. ) SOLID_ANGLE_UNIT ( ) );
#2415 = FACE_BOUND ( 'NONE', #290, .T. ) ;
#2416 = ADVANCED_FACE ( 'NONE', ( #2316 ), #3393, .T. ) ;
#2417 = MECHANICAL_DESIGN_GEOMETRIC_PRESENTATION_REPRESENTATION (  '', ( #1741 ), #2632 ) ;
#2418 = COLOUR_RGB ( '',1.000000000000000000, 1.000000000000000000, 1.000000000000000000 ) ;
#2419 = STYLED_ITEM ( 'NONE', ( #892 ), #1782 ) ;
#2420 = LINE ( 'NONE', #4104, #629 ) ;
#2421 = DIRECTION ( 'NONE',  ( 1.000000000000000000, 0.0000000000000000000, -0.0000000000000000000 ) ) ;
#2422 = PLANE ( 'NONE',  #2523 ) ;
#2423 = PRESENTATION_STYLE_ASSIGNMENT (( #1184 ) ) ;
#2424 =( NAMED_UNIT ( * ) SI_UNIT ( $, .STERADIAN. ) SOLID_ANGLE_UNIT ( ) );
#2425 = EDGE_CURVE ( 'NONE', #1812, #3354, #2010, .T. ) ;
#2426 = SURFACE_SIDE_STYLE ('',( #3006 ) ) ;
#2427 = COLOUR_RGB ( '',1.000000000000000000, 1.000000000000000000, 1.000000000000000000 ) ;
#2428 = DIRECTION ( 'NONE',  ( -0.7071067811865474600, 0.0000000000000000000, -0.7071067811865474600 ) ) ;
#2429 = SURFACE_STYLE_FILL_AREA ( #289 ) ;
#2430 =( GEOMETRIC_REPRESENTATION_CONTEXT ( 3 ) GLOBAL_UNCERTAINTY_ASSIGNED_CONTEXT ( ( #3392 ) ) GLOBAL_UNIT_ASSIGNED_CONTEXT ( ( #1703, #4061, #2049 ) ) REPRESENTATION_CONTEXT ( 'NONE', 'WORKASPACE' ) );
#2431 = CARTESIAN_POINT ( 'NONE',  ( -0.3199999999999980600, 0.2999999999999999300, 7.839999999999999900 ) ) ;
#2432 = VECTOR ( 'NONE', #1968, 1000.000000000000000 ) ;
#2433 = PLANE ( 'NONE',  #3893 ) ;
#2434 =( NAMED_UNIT ( * ) PLANE_ANGLE_UNIT ( ) SI_UNIT ( $, .RADIAN. ) );
#2435 = ADVANCED_FACE ( 'NONE', ( #217 ), #3759, .T. ) ;
#2436 = STYLED_ITEM ( 'NONE', ( #2625 ), #118 ) ;
#2437 =( LENGTH_UNIT ( ) NAMED_UNIT ( * ) SI_UNIT ( .MILLI., .METRE. ) );
#2438 = DIRECTION ( 'NONE',  ( 0.0000000000000000000, 1.000000000000000000, 0.0000000000000000000 ) ) ;
#2439 =( GEOMETRIC_REPRESENTATION_CONTEXT ( 3 ) GLOBAL_UNCERTAINTY_ASSIGNED_CONTEXT ( ( #2888 ) ) GLOBAL_UNIT_ASSIGNED_CONTEXT ( ( #3371, #1358, #3710 ) ) REPRESENTATION_CONTEXT ( 'NONE', 'WORKASPACE' ) );
#2440 = ORIENTED_EDGE ( 'NONE', *, *, #1750, .F. ) ;
#2441 = PRESENTATION_LAYER_ASSIGNMENT (  '', '', ( #1997 ) ) ;
#2442 = ORIENTED_EDGE ( 'NONE', *, *, #125, .F. ) ;
#2443 = CARTESIAN_POINT ( 'NONE',  ( -0.3200000000000000100, 1.700000000000000000, 7.885106708985486600E-017 ) ) ;
#2444 = VERTEX_POINT ( 'NONE', #2094 ) ;
#2445 = EDGE_LOOP ( 'NONE', ( #3209, #2440, #619, #1517, #337, #671, #599, #1670 ) ) ;
#2446 = VECTOR ( 'NONE', #3644, 1000.000000000000000 ) ;
#2447 = DIRECTION ( 'NONE',  ( 0.0000000000000000000, 0.0000000000000000000, 1.000000000000000000 ) ) ;
#2448 = PLANE ( 'NONE',  #1018 ) ;
#2449 = ORIENTED_EDGE ( 'NONE', *, *, #1343, .F. ) ;
#2450 = ORIENTED_EDGE ( 'NONE', *, *, #2561, .T. ) ;
#2451 =( LENGTH_UNIT ( ) NAMED_UNIT ( * ) SI_UNIT ( .MILLI., .METRE. ) );
#2452 = DIRECTION ( 'NONE',  ( 0.7071067811865475700, -0.0000000000000000000, 0.7071067811865475700 ) ) ;
#2453 = STYLED_ITEM ( 'NONE', ( #1584 ), #837 ) ;
#2454 = VERTEX_POINT ( 'NONE', #4103 ) ;
#2455 = ORIENTED_EDGE ( 'NONE', *, *, #33, .T. ) ;
#2456 = ADVANCED_FACE ( 'NONE', ( #807 ), #2422, .T. ) ;
#2457 = DIRECTION ( 'NONE',  ( 0.0000000000000000000, 1.000000000000000000, 0.0000000000000000000 ) ) ;
#2458 = SURFACE_STYLE_FILL_AREA ( #2223 ) ;
#2459 = FILL_AREA_STYLE_COLOUR ( '', #3263 ) ;
#2460 = EDGE_CURVE ( 'NONE', #4093, #2886, #3954, .T. ) ;
#2461 = VECTOR ( 'NONE', #2457, 1000.000000000000000 ) ;
#2462 = CARTESIAN_POINT ( 'NONE',  ( 0.7500000000000020000, 0.0000000000000000000, 8.890000000000000600 ) ) ;
#2463 = SURFACE_STYLE_FILL_AREA ( #1476 ) ;
#2464 = FILL_AREA_STYLE ('',( #1466 ) ) ;
#2465 = FACE_OUTER_BOUND ( 'NONE', #3049, .T. ) ;
#2466 = SURFACE_SIDE_STYLE ('',( #3072 ) ) ;
#2467 = VECTOR ( 'NONE', #689, 1000.000000000000100 ) ;
#2468 = UNCERTAINTY_MEASURE_WITH_UNIT (LENGTH_MEASURE( 1.000000000000000100E-005 ), #2066, 'distance_accuracy_value', 'NONE');
#2469 =( NAMED_UNIT ( * ) PLANE_ANGLE_UNIT ( ) SI_UNIT ( $, .RADIAN. ) );
#2470 = COLOUR_RGB ( '',1.000000000000000000, 1.000000000000000000, 1.000000000000000000 ) ;
#2471 = STYLED_ITEM ( 'NONE', ( #2943 ), #3815 ) ;
#2472 = PLANE ( 'NONE',  #2228 ) ;
#2473 = ADVANCED_FACE ( 'NONE', ( #2171 ), #2433, .F. ) ;
#2474 = FACE_OUTER_BOUND ( 'NONE', #1831, .T. ) ;
#2475 = DIRECTION ( 'NONE',  ( 1.000000000000000000, 0.0000000000000000000, -1.232047923278982200E-016 ) ) ;
#2476 = EDGE_CURVE ( 'NONE', #3473, #1154, #1852, .T. ) ;
#2477 = CARTESIAN_POINT ( 'NONE',  ( 0.3200000000000012300, 8.339999999999999900, 4.860000000000000300 ) ) ;
#2478 = UNCERTAINTY_MEASURE_WITH_UNIT (LENGTH_MEASURE( 1.000000000000000100E-005 ), #2275, 'distance_accuracy_value', 'NONE');
#2479 = PRESENTATION_STYLE_ASSIGNMENT (( #1025 ) ) ;
#2480 = PLANE ( 'NONE',  #1012 ) ;
#2481 = DIRECTION ( 'NONE',  ( 0.0000000000000000000, 1.000000000000000000, 0.0000000000000000000 ) ) ;
#2482 =( NAMED_UNIT ( * ) PLANE_ANGLE_UNIT ( ) SI_UNIT ( $, .RADIAN. ) );
#2483 = ORIENTED_EDGE ( 'NONE', *, *, #760, .T. ) ;
#2484 =( NAMED_UNIT ( * ) SI_UNIT ( $, .STERADIAN. ) SOLID_ANGLE_UNIT ( ) );
#2485 = ORIENTED_EDGE ( 'NONE', *, *, #668, .T. ) ;
#2486 = PRESENTATION_LAYER_ASSIGNMENT (  '', '', ( #2057 ) ) ;
#2487 = VERTEX_POINT ( 'NONE', #3479 ) ;
#2488 = CARTESIAN_POINT ( 'NONE',  ( -0.3199999999999988400, 8.339999999999999900, 4.860000000000000300 ) ) ;
#2489 = ADVANCED_FACE ( 'NONE', ( #956 ), #774, .F. ) ;
#2490 = VERTEX_POINT ( 'NONE', #456 ) ;
#2491 = CARTESIAN_POINT ( 'NONE',  ( 0.0000000000000000000, 1.700000000000000000, 4.760000000000000700 ) ) ;
#2492 = ORIENTED_EDGE ( 'NONE', *, *, #3439, .F. ) ;
#2493 =( GEOMETRIC_REPRESENTATION_CONTEXT ( 3 ) GLOBAL_UNCERTAINTY_ASSIGNED_CONTEXT ( ( #1568 ) ) GLOBAL_UNIT_ASSIGNED_CONTEXT ( ( #1932, #4285, #2268 ) ) REPRESENTATION_CONTEXT ( 'NONE', 'WORKASPACE' ) );
#2494 = UNCERTAINTY_MEASURE_WITH_UNIT (LENGTH_MEASURE( 1.000000000000000100E-005 ), #339, 'distance_accuracy_value', 'NONE');
#2495 = ORIENTED_EDGE ( 'NONE', *, *, #2517, .T. ) ;
#2496 = VERTEX_POINT ( 'NONE', #3824 ) ;
#2497 = VECTOR ( 'NONE', #1074, 1000.000000000000000 ) ;
#2498 = SURFACE_STYLE_USAGE ( .BOTH. , #157 ) ;
#2499 = EDGE_CURVE ( 'NONE', #1363, #2287, #2748, .T. ) ;
#2500 = CARTESIAN_POINT ( 'NONE',  ( -0.7500000000000000000, 0.0000000000000000000, -1.270000000000000500 ) ) ;
#2501 = ORIENTED_EDGE ( 'NONE', *, *, #3307, .F. ) ;
#2502 = ORIENTED_EDGE ( 'NONE', *, *, #1875, .T. ) ;
#2503 = FILL_AREA_STYLE_COLOUR ( '', #1798 ) ;
#2504 = FACE_OUTER_BOUND ( 'NONE', #4249, .T. ) ;
#2505 = MECHANICAL_DESIGN_GEOMETRIC_PRESENTATION_REPRESENTATION (  '', ( #1843 ), #2747 ) ;
#2506 = SURFACE_STYLE_FILL_AREA ( #1603 ) ;
#2507 = VECTOR ( 'NONE', #332, 1000.000000000000000 ) ;
#2508 = STYLED_ITEM ( 'NONE', ( #2209 ), #3178 ) ;
#2509 = CARTESIAN_POINT ( 'NONE',  ( -0.2199999999999994700, 8.339999999999999900, 2.220000000000000200 ) ) ;
#2510 = FACE_OUTER_BOUND ( 'NONE', #405, .T. ) ;
#2511 = DIRECTION ( 'NONE',  ( -1.232047923278982200E-016, 0.0000000000000000000, -1.000000000000000000 ) ) ;
#2512 = EDGE_CURVE ( 'NONE', #1038, #25, #4116, .T. ) ;
#2513 = COLOUR_RGB ( '',0.0000000000000000000, 0.03529411764705882300, 0.05882352941176470500 ) ;
#2514 = VECTOR ( 'NONE', #1746, 1000.000000000000000 ) ;
#2515 =( LENGTH_UNIT ( ) NAMED_UNIT ( * ) SI_UNIT ( .MILLI., .METRE. ) );
#2516 = ADVANCED_FACE ( 'NONE', ( #537 ), #2472, .T. ) ;
#2517 = EDGE_CURVE ( 'NONE', #1613, #3934, #213, .T. ) ;
#2518 = MECHANICAL_DESIGN_GEOMETRIC_PRESENTATION_REPRESENTATION (  '', ( #1856 ), #2761 ) ;
#2519 = LINE ( 'NONE', #389, #4317 ) ;
#2520 = COLOUR_RGB ( '',1.000000000000000000, 1.000000000000000000, 1.000000000000000000 ) ;
#2521 = FILL_AREA_STYLE ('',( #845 ) ) ;
#2522 = LINE ( 'NONE', #2322, #1631 ) ;
#2523 = AXIS2_PLACEMENT_3D ( 'NONE', #3789, #1758, #4121 ) ;
#2524 = CARTESIAN_POINT ( 'NONE',  ( -0.7500000000000000000, 0.2999999999999999900, -1.270000000000000500 ) ) ;
#2525 = DIRECTION ( 'NONE',  ( -0.0000000000000000000, -1.000000000000000000, -0.0000000000000000000 ) ) ;
#2526 = VECTOR ( 'NONE', #1372, 1000.000000000000000 ) ;
#2527 = MECHANICAL_DESIGN_GEOMETRIC_PRESENTATION_REPRESENTATION (  '', ( #1866 ), #2769 ) ;
#2528 = SURFACE_SIDE_STYLE ('',( #3681 ) ) ;
#2529 = CARTESIAN_POINT ( 'NONE',  ( -0.2199999999999987000, 8.339999999999999900, 5.400000000000000400 ) ) ;
#2530 = CARTESIAN_POINT ( 'NONE',  ( -0.7500000000000000000, 0.2999999999999999900, 7.300000000000000700 ) ) ;
#2531 = DIRECTION ( 'NONE',  ( -1.232047923278982200E-016, -0.0000000000000000000, -1.000000000000000000 ) ) ;
#2532 = VECTOR ( 'NONE', #1611, 1000.000000000000000 ) ;
#2533 = DIRECTION ( 'NONE',  ( 0.0000000000000000000, 1.000000000000000000, 0.0000000000000000000 ) ) ;
#2534 = ADVANCED_FACE ( 'NONE', ( #2799 ), #2994, .T. ) ;
#2535 = UNCERTAINTY_MEASURE_WITH_UNIT (LENGTH_MEASURE( 1.000000000000000100E-005 ), #1991, 'distance_accuracy_value', 'NONE');
#2536 = ORIENTED_EDGE ( 'NONE', *, *, #24, .F. ) ;
#2537 = EDGE_CURVE ( 'NONE', #1718, #1769, #3377, .T. ) ;
#2538 =( NAMED_UNIT ( * ) SI_UNIT ( $, .STERADIAN. ) SOLID_ANGLE_UNIT ( ) );
#2539 = ORIENTED_EDGE ( 'NONE', *, *, #3984, .F. ) ;
#2540 = SURFACE_STYLE_USAGE ( .BOTH. , #199 ) ;
#2541 = CARTESIAN_POINT ( 'NONE',  ( -0.3199999999999999500, -3.000000000000000000, 0.2199999999999999700 ) ) ;
#2542 = ORIENTED_EDGE ( 'NONE', *, *, #1403, .T. ) ;
#2543 = LINE ( 'NONE', #2973, #2446 ) ;
#2544 = CARTESIAN_POINT ( 'NONE',  ( -0.3200000000000003400, 0.2999999999999999900, -1.270000000000000500 ) ) ;
#2545 = AXIS2_PLACEMENT_3D ( 'NONE', #274, #2626, #621 ) ;
#2546 = ORIENTED_EDGE ( 'NONE', *, *, #936, .F. ) ;
#2547 = ORIENTED_EDGE ( 'NONE', *, *, #728, .F. ) ;
#2548 = FACE_OUTER_BOUND ( 'NONE', #1828, .T. ) ;
#2549 = DIRECTION ( 'NONE',  ( -1.000000000000000000, -0.0000000000000000000, -0.0000000000000000000 ) ) ;
#2550 = EDGE_LOOP ( 'NONE', ( #4032, #417, #2492, #661 ) ) ;
#2551 = AXIS2_PLACEMENT_3D ( 'NONE', #4113, #2106, #74 ) ;
#2552 = VERTEX_POINT ( 'NONE', #3339 ) ;
#2553 = EDGE_LOOP ( 'NONE', ( #1833, #3397, #1049, #3713, #357, #999, #3105, #4036, #3724, #4046, #3563, #788, #1822, #3675, #1815 ) ) ;
#2554 =( NAMED_UNIT ( * ) PLANE_ANGLE_UNIT ( ) SI_UNIT ( $, .RADIAN. ) );
#2555 = ORIENTED_EDGE ( 'NONE', *, *, #1698, .T. ) ;
#2556 = EDGE_CURVE ( 'NONE', #2992, #2933, #698, .T. ) ;
#2557 = CARTESIAN_POINT ( 'NONE',  ( -0.3199999999999988400, -3.000000000000000000, 4.860000000000000300 ) ) ;
#2558 = DIRECTION ( 'NONE',  ( 1.000000000000000000, 0.0000000000000000000, -0.0000000000000000000 ) ) ;
#2559 = SURFACE_STYLE_FILL_AREA ( #3368 ) ;
#2560 = DIRECTION ( 'NONE',  ( 0.7071067811865474600, 0.0000000000000000000, -0.7071067811865474600 ) ) ;
#2561 = EDGE_CURVE ( 'NONE', #1769, #94, #4269, .T. ) ;
#2562 = LINE ( 'NONE', #3478, #797 ) ;
#2563 = PLANE ( 'NONE',  #1360 ) ;
#2564 = COLOUR_RGB ( '',0.0000000000000000000, 0.03529411764705882300, 0.05882352941176470500 ) ;
#2565 = VECTOR ( 'NONE', #1975, 1000.000000000000100 ) ;
#2566 = PLANE ( 'NONE',  #3190 ) ;
#2567 = COLOUR_RGB ( '',1.000000000000000000, 1.000000000000000000, 1.000000000000000000 ) ;
#2568 = PRESENTATION_LAYER_ASSIGNMENT (  '', '', ( #2133 ) ) ;
#2569 = CARTESIAN_POINT ( 'NONE',  ( -0.3199999999999980600, -3.000000000000000000, 7.839999999999999900 ) ) ;
#2570 = VECTOR ( 'NONE', #1859, 1000.000000000000000 ) ;
#2571 = PRESENTATION_LAYER_ASSIGNMENT (  '', '', ( #2138 ) ) ;
#2572 = DIRECTION ( 'NONE',  ( 1.000000000000000000, 0.0000000000000000000, -0.0000000000000000000 ) ) ;
#2573 = PRESENTATION_STYLE_ASSIGNMENT (( #762 ) ) ;
#2574 = CARTESIAN_POINT ( 'NONE',  ( 0.2200000000000012500, -3.000000000000000000, 4.760000000000000700 ) ) ;
#2575 = COLOUR_RGB ( '',1.000000000000000000, 1.000000000000000000, 1.000000000000000000 ) ;
#2576 = CARTESIAN_POINT ( 'NONE',  ( -0.8700000000000005500, 0.0000000000000000000, -1.270000000000000200 ) ) ;
#2577 = CARTESIAN_POINT ( 'NONE',  ( 0.3200000000000018900, 0.2999999999999999300, 7.400000000000000400 ) ) ;
#2578 = CARTESIAN_POINT ( 'NONE',  ( 1.899223115940124500E-015, 8.339999999999999900, 7.620000000000000100 ) ) ;
#2579 = EDGE_CURVE ( 'NONE', #4350, #1564, #3268, .T. ) ;
#2580 = FACE_OUTER_BOUND ( 'NONE', #2714, .T. ) ;
#2581 = CARTESIAN_POINT ( 'NONE',  ( -4.079999999999999200, 1.700000000000000000, 4.079999999999999200 ) ) ;
#2582 = PRESENTATION_LAYER_ASSIGNMENT (  '', '', ( #2155 ) ) ;
#2583 = CARTESIAN_POINT ( 'NONE',  ( 0.3199999999999999500, 8.339999999999999900, -0.2200000000000000800 ) ) ;
#2584 = AXIS2_PLACEMENT_3D ( 'NONE', #2091, #65, #2421 ) ;
#2585 =( LENGTH_UNIT ( ) NAMED_UNIT ( * ) SI_UNIT ( .MILLI., .METRE. ) );
#2586 = EDGE_CURVE ( 'NONE', #3658, #839, #2370, .T. ) ;
#2587 = ORIENTED_EDGE ( 'NONE', *, *, #39, .F. ) ;
#2588 = DIRECTION ( 'NONE',  ( -1.000000000000000000, 0.0000000000000000000, 2.464095846557964400E-016 ) ) ;
#2589 =( NAMED_UNIT ( * ) SI_UNIT ( $, .STERADIAN. ) SOLID_ANGLE_UNIT ( ) );
#2590 = VERTEX_POINT ( 'NONE', #1344 ) ;
#2591 = CARTESIAN_POINT ( 'NONE',  ( 1.270000000000001100, 1.700000000000000000, 8.489999999999998400 ) ) ;
#2592 = EDGE_CURVE ( 'NONE', #2191, #1882, #2265, .T. ) ;
#2593 = PRESENTATION_LAYER_ASSIGNMENT (  '', '', ( #2165 ) ) ;
#2594 = ORIENTED_EDGE ( 'NONE', *, *, #2619, .T. ) ;
#2595 = EDGE_LOOP ( 'NONE', ( #2542, #1454, #1458, #190 ) ) ;
#2596 = EDGE_LOOP ( 'NONE', ( #980, #4299, #887, #3406 ) ) ;
#2597 = UNCERTAINTY_MEASURE_WITH_UNIT (LENGTH_MEASURE( 1.000000000000000100E-005 ), #2631, 'distance_accuracy_value', 'NONE');
#2598 = CARTESIAN_POINT ( 'NONE',  ( -0.2199999999999999700, -3.000000000000000000, 0.3199999999999999500 ) ) ;
#2599 = STYLED_ITEM ( 'NONE', ( #1437 ), #2416 ) ;
#2600 = CARTESIAN_POINT ( 'NONE',  ( 1.269999999999999400, 1.700000000000000000, 1.669999999999999900 ) ) ;
#2601 = VERTEX_POINT ( 'NONE', #336 ) ;
#2602 = ORIENTED_EDGE ( 'NONE', *, *, #2556, .F. ) ;
#2603 = PLANE ( 'NONE',  #478 ) ;
#2604 = VECTOR ( 'NONE', #736, 1000.000000000000100 ) ;
#2605 = CARTESIAN_POINT ( 'NONE',  ( -0.3199999999999987300, -3.000000000000000000, 5.299999999999999800 ) ) ;
#2606 = ORIENTED_EDGE ( 'NONE', *, *, #2884, .F. ) ;
#2607 = EDGE_LOOP ( 'NONE', ( #1414, #2725, #2187, #2186, #3872, #1086, #3153, #4203 ) ) ;
#2608 =( NAMED_UNIT ( * ) SI_UNIT ( $, .STERADIAN. ) SOLID_ANGLE_UNIT ( ) );
#2609 = VECTOR ( 'NONE', #273, 1000.000000000000000 ) ;
#2610 = UNCERTAINTY_MEASURE_WITH_UNIT (LENGTH_MEASURE( 1.000000000000000100E-005 ), #4325, 'distance_accuracy_value', 'NONE');
#2611 = PRESENTATION_LAYER_ASSIGNMENT (  '', '', ( #2176 ) ) ;
#2612 = FACE_OUTER_BOUND ( 'NONE', #3828, .T. ) ;
#2613 = CARTESIAN_POINT ( 'NONE',  ( -0.8700000000000001100, 1.700000000000000000, 1.269999999999999800 ) ) ;
#2614 = CARTESIAN_POINT ( 'NONE',  ( 0.2200000000000006700, 8.339999999999999900, 2.860000000000000300 ) ) ;
#2615 = SURFACE_STYLE_FILL_AREA ( #4211 ) ;
#2616 =( NAMED_UNIT ( * ) PLANE_ANGLE_UNIT ( ) SI_UNIT ( $, .RADIAN. ) );
#2617 = VECTOR ( 'NONE', #2067, 1000.000000000000000 ) ;
#2618 = VECTOR ( 'NONE', #2342, 1000.000000000000100 ) ;
#2619 = EDGE_CURVE ( 'NONE', #2933, #1133, #3173, .T. ) ;
#2620 = CARTESIAN_POINT ( 'NONE',  ( 0.2200000000000012500, -3.000000000000000000, 4.760000000000000700 ) ) ;
#2621 = LINE ( 'NONE', #2925, #52 ) ;
#2622 = FILL_AREA_STYLE_COLOUR ( '', #3414 ) ;
#2623 = FACE_OUTER_BOUND ( 'NONE', #2932, .T. ) ;
#2624 = COLOUR_RGB ( '',1.000000000000000000, 1.000000000000000000, 1.000000000000000000 ) ;
#2625 = PRESENTATION_STYLE_ASSIGNMENT (( #3188 ) ) ;
#2626 = DIRECTION ( 'NONE',  ( 0.0000000000000000000, -1.000000000000000000, 0.0000000000000000000 ) ) ;
#2627 = CARTESIAN_POINT ( 'NONE',  ( 0.3200000000000000100, 8.339999999999999900, 0.2199999999999999700 ) ) ;
#2628 = PRESENTATION_STYLE_ASSIGNMENT (( #3578 ) ) ;
#2629 = VECTOR ( 'NONE', #2273, 1000.000000000000100 ) ;
#2630 = LINE ( 'NONE', #1688, #3546 ) ;
#2631 =( LENGTH_UNIT ( ) NAMED_UNIT ( * ) SI_UNIT ( .MILLI., .METRE. ) );
#2632 =( GEOMETRIC_REPRESENTATION_CONTEXT ( 3 ) GLOBAL_UNCERTAINTY_ASSIGNED_CONTEXT ( ( #3373 ) ) GLOBAL_UNIT_ASSIGNED_CONTEXT ( ( #2818, #810, #3166 ) ) REPRESENTATION_CONTEXT ( 'NONE', 'WORKASPACE' ) );
#2633 = AXIS2_PLACEMENT_3D ( 'NONE', #3314, #1304, #3655 ) ;
#2634 = FILL_AREA_STYLE ('',( #1623 ) ) ;
#2635 = DIRECTION ( 'NONE',  ( -0.7071067811865475700, 0.0000000000000000000, 0.7071067811865475700 ) ) ;
#2636 = SURFACE_STYLE_FILL_AREA ( #2740 ) ;
#2637 =( LENGTH_UNIT ( ) NAMED_UNIT ( * ) SI_UNIT ( .MILLI., .METRE. ) );
#2638 =( NAMED_UNIT ( * ) PLANE_ANGLE_UNIT ( ) SI_UNIT ( $, .RADIAN. ) );
#2639 = DIRECTION ( 'NONE',  ( -1.232047923278982200E-016, 0.0000000000000000000, -1.000000000000000000 ) ) ;
#2640 = STYLED_ITEM ( 'NONE', ( #1316 ), #3489 ) ;
#2641 = VECTOR ( 'NONE', #2962, 1000.000000000000100 ) ;
#2642 = CARTESIAN_POINT ( 'NONE',  ( -0.3199999999999980600, -3.000000000000000000, 7.839999999999999900 ) ) ;
#2643 = SURFACE_SIDE_STYLE ('',( #2429 ) ) ;
#2644 = EDGE_CURVE ( 'NONE', #461, #1936, #582, .T. ) ;
#2645 = ORIENTED_EDGE ( 'NONE', *, *, #2153, .F. ) ;
#2646 = SURFACE_SIDE_STYLE ('',( #3573 ) ) ;
#2647 = FILL_AREA_STYLE ('',( #3641 ) ) ;
#2648 = ORIENTED_EDGE ( 'NONE', *, *, #3928, .T. ) ;
#2649 = CARTESIAN_POINT ( 'NONE',  ( -0.3199999999999988400, -3.000000000000000000, 4.860000000000000300 ) ) ;
#2650 = DIRECTION ( 'NONE',  ( 0.7071067811865474600, -0.0000000000000000000, 0.7071067811865474600 ) ) ;
#2651 = EDGE_LOOP ( 'NONE', ( #229, #988, #2654, #2483 ) ) ;
#2652 = CARTESIAN_POINT ( 'NONE',  ( 0.0000000000000000000, 0.0000000000000000000, 0.0000000000000000000 ) ) ;
#2653 = DIRECTION ( 'NONE',  ( 0.7071067811865475700, -0.0000000000000000000, 0.7071067811865475700 ) ) ;
#2654 = ORIENTED_EDGE ( 'NONE', *, *, #3328, .F. ) ;
#2655 = VECTOR ( 'NONE', #3228, 1000.000000000000000 ) ;
#2656 = DIRECTION ( 'NONE',  ( -0.7071067811865475700, 0.0000000000000000000, -0.7071067811865475700 ) ) ;
#2657 = UNCERTAINTY_MEASURE_WITH_UNIT (LENGTH_MEASURE( 1.000000000000000100E-005 ), #2753, 'distance_accuracy_value', 'NONE');
#2658 = AXIS2_PLACEMENT_3D ( 'NONE', #503, #186, #170 ) ;
#2659 = CARTESIAN_POINT ( 'NONE',  ( -0.2199999999999988100, -3.000000000000000000, 4.760000000000000700 ) ) ;
#2660 = ORIENTED_EDGE ( 'NONE', *, *, #1127, .T. ) ;
#2661 = VERTEX_POINT ( 'NONE', #2352 ) ;
#2662 = DIRECTION ( 'NONE',  ( 0.0000000000000000000, 1.000000000000000000, 0.0000000000000000000 ) ) ;
#2663 = EDGE_LOOP ( 'NONE', ( #2250, #16, #3612, #349, #2349, #3784, #1056, #3091 ) ) ;
#2664 = DIRECTION ( 'NONE',  ( -1.232047923278982200E-016, 0.0000000000000000000, -1.000000000000000000 ) ) ;
#2665 = EDGE_LOOP ( 'NONE', ( #3237, #2547, #2398, #2279 ) ) ;
#2666 = ORIENTED_EDGE ( 'NONE', *, *, #3819, .T. ) ;
#2667 = FACE_OUTER_BOUND ( 'NONE', #1208, .T. ) ;
#2668 = PLANE ( 'NONE',  #2386 ) ;
#2669 = MECHANICAL_DESIGN_GEOMETRIC_PRESENTATION_REPRESENTATION (  '', ( #1997 ), #2904 ) ;
#2670 = CARTESIAN_POINT ( 'NONE',  ( -0.7500000000000000000, 0.2999999999999999900, -1.270000000000000500 ) ) ;
#2671 = FACE_OUTER_BOUND ( 'NONE', #1827, .T. ) ;
#2672 =( NAMED_UNIT ( * ) SI_UNIT ( $, .STERADIAN. ) SOLID_ANGLE_UNIT ( ) );
#2673 = VERTEX_POINT ( 'NONE', #3712 ) ;
#2674 = UNCERTAINTY_MEASURE_WITH_UNIT (LENGTH_MEASURE( 1.000000000000000100E-005 ), #1417, 'distance_accuracy_value', 'NONE');
#2675 = CARTESIAN_POINT ( 'NONE',  ( 1.269999999999999800, 0.0000000000000000000, 3.409999999999999700 ) ) ;
#2676 = SURFACE_STYLE_USAGE ( .BOTH. , #317 ) ;
#2677 =( NAMED_UNIT ( * ) PLANE_ANGLE_UNIT ( ) SI_UNIT ( $, .RADIAN. ) );
#2678 = LINE ( 'NONE', #2443, #3481 ) ;
#2679 = DIRECTION ( 'NONE',  ( -1.232047923278982200E-016, 0.0000000000000000000, -1.000000000000000000 ) ) ;
#2680 = SURFACE_STYLE_FILL_AREA ( #3401 ) ;
#2681 = FILL_AREA_STYLE_COLOUR ( '', #2575 ) ;
#2682 =( LENGTH_UNIT ( ) NAMED_UNIT ( * ) SI_UNIT ( .MILLI., .METRE. ) );
#2683 = VECTOR ( 'NONE', #2438, 1000.000000000000000 ) ;
#2684 = AXIS2_PLACEMENT_3D ( 'NONE', #2007, #4362, #2332 ) ;
#2685 = VECTOR ( 'NONE', #264, 1000.000000000000000 ) ;
#2686 = STYLED_ITEM ( 'NONE', ( #1374 ), #2842 ) ;
#2687 = LINE ( 'NONE', #368, #3010 ) ;
#2688 = CARTESIAN_POINT ( 'NONE',  ( -0.7499999999999981100, 0.0000000000000000000, 8.890000000000000600 ) ) ;
#2689 = EDGE_CURVE ( 'NONE', #1724, #2601, #2166, .T. ) ;
#2690 =( LENGTH_UNIT ( ) NAMED_UNIT ( * ) SI_UNIT ( .MILLI., .METRE. ) );
#2691 = COLOUR_RGB ( '',1.000000000000000000, 1.000000000000000000, 1.000000000000000000 ) ;
#2692 = DIRECTION ( 'NONE',  ( 0.7071067811865474600, -0.0000000000000000000, -0.7071067811865474600 ) ) ;
#2693 = VECTOR ( 'NONE', #1870, 1000.000000000000000 ) ;
#2694 = DIRECTION ( 'NONE',  ( 0.0000000000000000000, 1.000000000000000000, 0.0000000000000000000 ) ) ;
#2695 = FILL_AREA_STYLE ('',( #3009 ) ) ;
#2696 = EDGE_CURVE ( 'NONE', #3197, #4029, #1267, .T. ) ;
#2697 = CARTESIAN_POINT ( 'NONE',  ( -5.089999999999998100, 0.2999999999999999900, 3.069999999999998100 ) ) ;
#2698 =( NAMED_UNIT ( * ) PLANE_ANGLE_UNIT ( ) SI_UNIT ( $, .RADIAN. ) );
#2699 = PRESENTATION_STYLE_ASSIGNMENT (( #281 ) ) ;
#2700 =( LENGTH_UNIT ( ) NAMED_UNIT ( * ) SI_UNIT ( .MILLI., .METRE. ) );
#2701 = PRESENTATION_STYLE_ASSIGNMENT (( #3878 ) ) ;
#2702 =( LENGTH_UNIT ( ) NAMED_UNIT ( * ) SI_UNIT ( .MILLI., .METRE. ) );
#2703 = SURFACE_STYLE_USAGE ( .BOTH. , #348 ) ;
#2704 = DIRECTION ( 'NONE',  ( 1.000000000000000000, 0.0000000000000000000, -0.0000000000000000000 ) ) ;
#2705 = LINE ( 'NONE', #715, #13 ) ;
#2706 = CARTESIAN_POINT ( 'NONE',  ( -0.3199999999999994500, -3.000000000000000000, 2.319999999999999800 ) ) ;
#2707 = FILL_AREA_STYLE_COLOUR ( '', #2076 ) ;
#2708 = AXIS2_PLACEMENT_3D ( 'NONE', #2951, #929, #3280 ) ;
#2709 = CARTESIAN_POINT ( 'NONE',  ( -0.3200000000000000100, 1.700000000000000000, 7.885106708985486600E-017 ) ) ;
#2710 = VERTEX_POINT ( 'NONE', #1027 ) ;
#2711 =( LENGTH_UNIT ( ) NAMED_UNIT ( * ) SI_UNIT ( .MILLI., .METRE. ) );
#2712 = EDGE_CURVE ( 'NONE', #2765, #3296, #3854, .T. ) ;
#2713 = ORIENTED_EDGE ( 'NONE', *, *, #2336, .F. ) ;
#2714 = EDGE_LOOP ( 'NONE', ( #1349, #1565, #3108, #819 ) ) ;
#2715 = FILL_AREA_STYLE_COLOUR ( '', #2407 ) ;
#2716 = DIRECTION ( 'NONE',  ( -0.0000000000000000000, -1.000000000000000000, -0.0000000000000000000 ) ) ;
#2717 = EDGE_LOOP ( 'NONE', ( #1725, #1348, #3287, #2087 ) ) ;
#2718 = VERTEX_POINT ( 'NONE', #1376 ) ;
#2719 =( NAMED_UNIT ( * ) SI_UNIT ( $, .STERADIAN. ) SOLID_ANGLE_UNIT ( ) );
#2720 = COLOUR_RGB ( '',1.000000000000000000, 1.000000000000000000, 1.000000000000000000 ) ;
#2721 = CARTESIAN_POINT ( 'NONE',  ( -0.3200000000000000600, -3.000000000000000000, -0.2200000000000000800 ) ) ;
#2722 = DIRECTION ( 'NONE',  ( 0.7071067811865474600, 0.0000000000000000000, 0.7071067811865474600 ) ) ;
#2723 = ORIENTED_EDGE ( 'NONE', *, *, #2425, .T. ) ;
#2724 = UNCERTAINTY_MEASURE_WITH_UNIT (LENGTH_MEASURE( 1.000000000000000100E-005 ), #1687, 'distance_accuracy_value', 'NONE');
#2725 = ORIENTED_EDGE ( 'NONE', *, *, #2019, .F. ) ;
#2726 = CARTESIAN_POINT ( 'NONE',  ( -0.2199999999999992800, 1.700000000000000000, 2.860000000000000300 ) ) ;
#2727 = VERTEX_POINT ( 'NONE', #707 ) ;
#2728 = VECTOR ( 'NONE', #2383, 1000.000000000000000 ) ;
#2729 = SURFACE_SIDE_STYLE ('',( #2062 ) ) ;
#2730 = ORIENTED_EDGE ( 'NONE', *, *, #2244, .F. ) ;
#2731 = VERTEX_POINT ( 'NONE', #3061 ) ;
#2732 = DIRECTION ( 'NONE',  ( 0.7071067811865474600, 0.0000000000000000000, 0.7071067811865474600 ) ) ;
#2733 = MECHANICAL_DESIGN_GEOMETRIC_PRESENTATION_REPRESENTATION (  '', ( #2057 ), #2959 ) ;
#2734 = STYLED_ITEM ( 'NONE', ( #1571 ), #1540 ) ;
#2735 = VECTOR ( 'NONE', #1917, 1000.000000000000100 ) ;
#2736 = FACE_OUTER_BOUND ( 'NONE', #350, .T. ) ;
#2737 =( NAMED_UNIT ( * ) SI_UNIT ( $, .STERADIAN. ) SOLID_ANGLE_UNIT ( ) );
#2738 = CARTESIAN_POINT ( 'NONE',  ( 0.3199999999999999500, -3.000000000000000000, -0.2200000000000000800 ) ) ;
#2739 = SURFACE_STYLE_FILL_AREA ( #817 ) ;
#2740 = FILL_AREA_STYLE ('',( #1375 ) ) ;
#2741 = CARTESIAN_POINT ( 'NONE',  ( -0.2199999999999980900, 8.339999999999999900, 7.939999999999999500 ) ) ;
#2742 = LINE ( 'NONE', #2391, #1737 ) ;
#2743 = EDGE_CURVE ( 'NONE', #2490, #2673, #259, .T. ) ;
#2744 = DIRECTION ( 'NONE',  ( -0.0000000000000000000, -1.000000000000000000, -0.0000000000000000000 ) ) ;
#2745 = DIRECTION ( 'NONE',  ( 0.7071067811865474600, 0.0000000000000000000, -0.7071067811865474600 ) ) ;
#2746 = SURFACE_STYLE_FILL_AREA ( #2961 ) ;
#2747 =( GEOMETRIC_REPRESENTATION_CONTEXT ( 3 ) GLOBAL_UNCERTAINTY_ASSIGNED_CONTEXT ( ( #3509 ) ) GLOBAL_UNIT_ASSIGNED_CONTEXT ( ( #2690, #679, #3031 ) ) REPRESENTATION_CONTEXT ( 'NONE', 'WORKASPACE' ) );
#2748 = LINE ( 'NONE', #3492, #3225 ) ;
#2749 = AXIS2_PLACEMENT_3D ( 'NONE', #1865, #4221, #2204 ) ;
#2750 = FILL_AREA_STYLE_COLOUR ( '', #2418 ) ;
#2751 = LINE ( 'NONE', #1346, #62 ) ;
#2752 = VECTOR ( 'NONE', #4369, 1000.000000000000000 ) ;
#2753 =( LENGTH_UNIT ( ) NAMED_UNIT ( * ) SI_UNIT ( .MILLI., .METRE. ) );
#2754 = DIRECTION ( 'NONE',  ( 0.7071067811865474600, -0.0000000000000000000, -0.7071067811865474600 ) ) ;
#2755 = ADVANCED_FACE ( 'NONE', ( #484 ), #4065, .T. ) ;
#2756 = EDGE_CURVE ( 'NONE', #3869, #293, #2519, .T. ) ;
#2757 = PRESENTATION_STYLE_ASSIGNMENT (( #3634 ) ) ;
#2758 = CARTESIAN_POINT ( 'NONE',  ( -1.269999999999998700, 1.700000000000000000, 5.950000000000000200 ) ) ;
#2759 = EDGE_CURVE ( 'NONE', #3110, #3285, #850, .T. ) ;
#2760 = CARTESIAN_POINT ( 'NONE',  ( -0.2199999999999994700, -3.000000000000000000, 2.220000000000000200 ) ) ;
#2761 =( GEOMETRIC_REPRESENTATION_CONTEXT ( 3 ) GLOBAL_UNCERTAINTY_ASSIGNED_CONTEXT ( ( #646 ) ) GLOBAL_UNIT_ASSIGNED_CONTEXT ( ( #3943, #1925, #4281 ) ) REPRESENTATION_CONTEXT ( 'NONE', 'WORKASPACE' ) );
#2762 = VECTOR ( 'NONE', #3959, 1000.000000000000000 ) ;
#2763 = PRESENTATION_LAYER_ASSIGNMENT (  '', '', ( #2300 ) ) ;
#2764 = CARTESIAN_POINT ( 'NONE',  ( -0.7500000000000000000, 0.2999999999999999900, -1.270000000000000500 ) ) ;
#2765 = VERTEX_POINT ( 'NONE', #2397 ) ;
#2766 = SURFACE_SIDE_STYLE ('',( #4273 ) ) ;
#2767 = CARTESIAN_POINT ( 'NONE',  ( -0.3199999999999994500, -3.000000000000000000, 2.319999999999999800 ) ) ;
#2768 = ORIENTED_EDGE ( 'NONE', *, *, #1850, .F. ) ;
#2769 =( GEOMETRIC_REPRESENTATION_CONTEXT ( 3 ) GLOBAL_UNCERTAINTY_ASSIGNED_CONTEXT ( ( #2169 ) ) GLOBAL_UNIT_ASSIGNED_CONTEXT ( ( #2437, #437, #2784 ) ) REPRESENTATION_CONTEXT ( 'NONE', 'WORKASPACE' ) );
#2770 = DIRECTION ( 'NONE',  ( 0.7071067811865475700, -0.0000000000000000000, 0.7071067811865475700 ) ) ;
#2771 =( LENGTH_UNIT ( ) NAMED_UNIT ( * ) SI_UNIT ( .MILLI., .METRE. ) );
#2772 = FILL_AREA_STYLE ('',( #740 ) ) ;
#2773 = ORIENTED_EDGE ( 'NONE', *, *, #1583, .F. ) ;
#2774 = PLANE ( 'NONE',  #3920 ) ;
#2775 = LINE ( 'NONE', #169, #82 ) ;
#2776 = ADVANCED_FACE ( 'NONE', ( #4219 ), #1075, .T. ) ;
#2777 = VERTEX_POINT ( 'NONE', #3090 ) ;
#2778 = ORIENTED_EDGE ( 'NONE', *, *, #3161, .T. ) ;
#2779 = ORIENTED_EDGE ( 'NONE', *, *, #1903, .F. ) ;
#2780 = EDGE_CURVE ( 'NONE', #1521, #1457, #3903, .T. ) ;
#2781 = ORIENTED_EDGE ( 'NONE', *, *, #3701, .T. ) ;
#2782 = ORIENTED_EDGE ( 'NONE', *, *, #1449, .T. ) ;
#2783 = DIRECTION ( 'NONE',  ( -1.000000000000000000, -0.0000000000000000000, -0.0000000000000000000 ) ) ;
#2784 =( NAMED_UNIT ( * ) SI_UNIT ( $, .STERADIAN. ) SOLID_ANGLE_UNIT ( ) );
#2785 = DIRECTION ( 'NONE',  ( -0.7071067811865474600, 0.0000000000000000000, -0.7071067811865474600 ) ) ;
#2786 = VECTOR ( 'NONE', #4257, 1000.000000000000100 ) ;
#2787 = COLOUR_RGB ( '',1.000000000000000000, 1.000000000000000000, 1.000000000000000000 ) ;
#2788 = PRESENTATION_LAYER_ASSIGNMENT (  '', '', ( #2321 ) ) ;
#2789 = LINE ( 'NONE', #4117, #205 ) ;
#2790 =( GEOMETRIC_REPRESENTATION_CONTEXT ( 3 ) GLOBAL_UNCERTAINTY_ASSIGNED_CONTEXT ( ( #2610 ) ) GLOBAL_UNIT_ASSIGNED_CONTEXT ( ( #4325, #2638, #631 ) ) REPRESENTATION_CONTEXT ( 'NONE', 'WORKASPACE' ) );
#2791 = VECTOR ( 'NONE', #2122, 1000.000000000000000 ) ;
#2792 = DIRECTION ( 'NONE',  ( 2.464095846557964400E-016, 0.0000000000000000000, 1.000000000000000000 ) ) ;
#2793 = VECTOR ( 'NONE', #4314, 1000.000000000000000 ) ;
#2794 = PRESENTATION_LAYER_ASSIGNMENT (  '', '', ( #2327 ) ) ;
#2795 = FILL_AREA_STYLE ('',( #791 ) ) ;
#2796 = SURFACE_SIDE_STYLE ('',( #2001 ) ) ;
#2797 = ADVANCED_FACE ( 'NONE', ( #1318 ), #4111, .T. ) ;
#2798 = SURFACE_STYLE_FILL_AREA ( #1840 ) ;
#2799 = FACE_OUTER_BOUND ( 'NONE', #1606, .T. ) ;
#2800 =( NAMED_UNIT ( * ) SI_UNIT ( $, .STERADIAN. ) SOLID_ANGLE_UNIT ( ) );
#2801 = EDGE_CURVE ( 'NONE', #1143, #4090, #901, .T. ) ;
#2802 = CARTESIAN_POINT ( 'NONE',  ( 0.7500000000000000000, 0.0000000000000000000, -1.270000000000000500 ) ) ;
#2803 = VECTOR ( 'NONE', #4289, 1000.000000000000000 ) ;
#2804 = EDGE_CURVE ( 'NONE', #1457, #2552, #1791, .T. ) ;
#2805 = FACE_OUTER_BOUND ( 'NONE', #4144, .T. ) ;
#2806 = COLOUR_RGB ( '',0.7921568627450980000, 0.8196078431372548800, 0.9333333333333333500 ) ;
#2807 = PRESENTATION_STYLE_ASSIGNMENT (( #2676 ) ) ;
#2808 = CARTESIAN_POINT ( 'NONE',  ( -0.8699999999999985500, 1.700000000000000000, 6.349999999999999600 ) ) ;
#2809 = DIRECTION ( 'NONE',  ( 0.7071067811865474600, 0.0000000000000000000, 0.7071067811865474600 ) ) ;
#2810 = MECHANICAL_DESIGN_GEOMETRIC_PRESENTATION_REPRESENTATION (  '', ( #2133 ), #3039 ) ;
#2811 = DIRECTION ( 'NONE',  ( 0.0000000000000000000, 1.000000000000000000, 0.0000000000000000000 ) ) ;
#2812 = SURFACE_STYLE_USAGE ( .BOTH. , #464 ) ;
#2813 = UNCERTAINTY_MEASURE_WITH_UNIT (LENGTH_MEASURE( 1.000000000000000100E-005 ), #1710, 'distance_accuracy_value', 'NONE');
#2814 = ORIENTED_EDGE ( 'NONE', *, *, #3251, .F. ) ;
#2815 = MECHANICAL_DESIGN_GEOMETRIC_PRESENTATION_REPRESENTATION (  '', ( #2138 ), #3046 ) ;
#2816 = ADVANCED_FACE ( 'NONE', ( #4370 ), #780, .F. ) ;
#2817 = VERTEX_POINT ( 'NONE', #438 ) ;
#2818 =( LENGTH_UNIT ( ) NAMED_UNIT ( * ) SI_UNIT ( .MILLI., .METRE. ) );
#2819 = COLOUR_RGB ( '',1.000000000000000000, 1.000000000000000000, 1.000000000000000000 ) ;
#2820 = EDGE_LOOP ( 'NONE', ( #3508, #3823, #4300, #3242 ) ) ;
#2821 = ORIENTED_EDGE ( 'NONE', *, *, #1274, .T. ) ;
#2822 = FILL_AREA_STYLE_COLOUR ( '', #3692 ) ;
#2823 = DIRECTION ( 'NONE',  ( 0.0000000000000000000, -1.000000000000000000, 0.0000000000000000000 ) ) ;
#2824 = EDGE_CURVE ( 'NONE', #3924, #4093, #3169, .T. ) ;
#2825 = ORIENTED_EDGE ( 'NONE', *, *, #1032, .F. ) ;
#2826 = EDGE_LOOP ( 'NONE', ( #453, #3969, #1365, #838, #3400, #1469, #2409, #135 ) ) ;
#2827 = CARTESIAN_POINT ( 'NONE',  ( -1.269999999999998000, 0.0000000000000000000, 8.489999999999998400 ) ) ;
#2828 = MECHANICAL_DESIGN_GEOMETRIC_PRESENTATION_REPRESENTATION (  '', ( #2155 ), #3065 ) ;
#2829 = ORIENTED_EDGE ( 'NONE', *, *, #2425, .F. ) ;
#2830 = EDGE_LOOP ( 'NONE', ( #2485, #2781, #1662, #352, #3042, #1505, #2291, #2450 ) ) ;
#2831 = VERTEX_POINT ( 'NONE', #3816 ) ;
#2832 = PRESENTATION_LAYER_ASSIGNMENT (  '', '', ( #2375 ) ) ;
#2833 = LINE ( 'NONE', #3731, #1933 ) ;
#2834 = DIRECTION ( 'NONE',  ( 0.0000000000000000000, 1.000000000000000000, 0.0000000000000000000 ) ) ;
#2835 = EDGE_CURVE ( 'NONE', #2402, #4350, #4057, .T. ) ;
#2836 = CARTESIAN_POINT ( 'NONE',  ( 0.2200000000000012500, -3.000000000000000000, 4.760000000000000700 ) ) ;
#2837 = FACE_OUTER_BOUND ( 'NONE', #3618, .T. ) ;
#2838 = ORIENTED_EDGE ( 'NONE', *, *, #1181, .T. ) ;
#2839 = ORIENTED_EDGE ( 'NONE', *, *, #4220, .T. ) ;
#2840 = SURFACE_SIDE_STYLE ('',( #3746 ) ) ;
#2841 = LINE ( 'NONE', #3264, #1062 ) ;
#2842 = ADVANCED_FACE ( 'NONE', ( #2162 ), #2136, .T. ) ;
#2843 = EDGE_CURVE ( 'NONE', #2148, #670, #1842, .T. ) ;
#2844 = PRESENTATION_STYLE_ASSIGNMENT (( #821 ) ) ;
#2845 = PRESENTATION_STYLE_ASSIGNMENT (( #3795 ) ) ;
#2846 = MECHANICAL_DESIGN_GEOMETRIC_PRESENTATION_REPRESENTATION (  '', ( #2165 ), #3081 ) ;
#2847 = CARTESIAN_POINT ( 'NONE',  ( -0.2199999999999987000, -3.000000000000000000, 5.400000000000000400 ) ) ;
#2848 = DIRECTION ( 'NONE',  ( -1.000000000000000000, 0.0000000000000000000, -0.0000000000000000000 ) ) ;
#2849 = AXIS2_PLACEMENT_3D ( 'NONE', #4015, #2002, #4354 ) ;
#2850 = COLOUR_RGB ( '',1.000000000000000000, 1.000000000000000000, 1.000000000000000000 ) ;
#2851 = FILL_AREA_STYLE_COLOUR ( '', #906 ) ;
#2852 = CARTESIAN_POINT ( 'NONE',  ( 0.3199999999999999500, -3.000000000000000000, -0.2200000000000000800 ) ) ;
#2853 = COLOUR_RGB ( '',1.000000000000000000, 1.000000000000000000, 1.000000000000000000 ) ;
#2854 = CARTESIAN_POINT ( 'NONE',  ( 0.0000000000000000000, 1.700000000000000000, 7.939999999999999500 ) ) ;
#2855 = MECHANICAL_DESIGN_GEOMETRIC_PRESENTATION_REPRESENTATION (  '', ( #2176 ), #3089 ) ;
#2856 =( NAMED_UNIT ( * ) PLANE_ANGLE_UNIT ( ) SI_UNIT ( $, .RADIAN. ) );
#2857 = DIRECTION ( 'NONE',  ( -0.7071067811865474600, 0.0000000000000000000, 0.7071067811865474600 ) ) ;
#2858 = LINE ( 'NONE', #354, #1635 ) ;
#2859 = DIRECTION ( 'NONE',  ( 0.0000000000000000000, 0.0000000000000000000, -1.000000000000000000 ) ) ;
#2860 = VECTOR ( 'NONE', #2965, 1000.000000000000000 ) ;
#2861 =( NAMED_UNIT ( * ) SI_UNIT ( $, .STERADIAN. ) SOLID_ANGLE_UNIT ( ) );
#2862 = ADVANCED_FACE ( 'NONE', ( #48 ), #128, .F. ) ;
#2863 = CARTESIAN_POINT ( 'NONE',  ( -0.7500000000000000000, 0.0000000000000000000, -1.270000000000000500 ) ) ;
#2864 = EDGE_CURVE ( 'NONE', #1193, #3095, #4105, .T. ) ;
#2865 = LINE ( 'NONE', #2949, #966 ) ;
#2866 = FILL_AREA_STYLE ('',( #513 ) ) ;
#2867 =( NAMED_UNIT ( * ) SI_UNIT ( $, .STERADIAN. ) SOLID_ANGLE_UNIT ( ) );
#2868 = ORIENTED_EDGE ( 'NONE', *, *, #4275, .F. ) ;
#2869 = SURFACE_STYLE_USAGE ( .BOTH. , #518 ) ;
#2870 =( NAMED_UNIT ( * ) PLANE_ANGLE_UNIT ( ) SI_UNIT ( $, .RADIAN. ) );
#2871 = EDGE_LOOP ( 'NONE', ( #1098, #466, #3036, #3737 ) ) ;
#2872 = PRESENTATION_LAYER_ASSIGNMENT (  '', '', ( #2419 ) ) ;
#2873 = ORIENTED_EDGE ( 'NONE', *, *, #4287, .F. ) ;
#2874 = DIRECTION ( 'NONE',  ( 0.0000000000000000000, -0.0000000000000000000, 1.000000000000000000 ) ) ;
#2875 = DIRECTION ( 'NONE',  ( 0.7071067811865474600, -0.0000000000000000000, -0.7071067811865474600 ) ) ;
#2876 = ORIENTED_EDGE ( 'NONE', *, *, #3272, .T. ) ;
#2877 = AXIS2_PLACEMENT_3D ( 'NONE', #3379, #1366, #3715 ) ;
#2878 = CARTESIAN_POINT ( 'NONE',  ( 1.270000000000000000, 1.700000000000000000, 4.210000000000000000 ) ) ;
#2879 = VERTEX_POINT ( 'NONE', #2827 ) ;
#2880 = EDGE_LOOP ( 'NONE', ( #2090, #1913, #2150, #1983 ) ) ;
#2881 = ORIENTED_EDGE ( 'NONE', *, *, #1706, .F. ) ;
#2882 =( LENGTH_UNIT ( ) NAMED_UNIT ( * ) SI_UNIT ( .MILLI., .METRE. ) );
#2883 = ADVANCED_FACE ( 'NONE', ( #625 ), #2078, .T. ) ;
#2884 = EDGE_CURVE ( 'NONE', #826, #2335, #1998, .T. ) ;
#2885 = DIRECTION ( 'NONE',  ( -0.0000000000000000000, -1.000000000000000000, -0.0000000000000000000 ) ) ;
#2886 = VERTEX_POINT ( 'NONE', #2764 ) ;
#2887 = EDGE_LOOP ( 'NONE', ( #3300, #2340, #1131, #4207, #822, #3334, #2093, #1596 ) ) ;
#2888 = UNCERTAINTY_MEASURE_WITH_UNIT (LENGTH_MEASURE( 1.000000000000000100E-005 ), #3371, 'distance_accuracy_value', 'NONE');
#2889 = DIRECTION ( 'NONE',  ( -0.0000000000000000000, -1.000000000000000000, -0.0000000000000000000 ) ) ;
#2890 = STYLED_ITEM ( 'NONE', ( #3999 ), #1412 ) ;
#2891 = CARTESIAN_POINT ( 'NONE',  ( -0.8699999999999992200, 0.0000000000000000000, 3.810000000000000100 ) ) ;
#2892 = LINE ( 'NONE', #2908, #198 ) ;
#2893 = SURFACE_SIDE_STYLE ('',( #4069 ) ) ;
#2894 = FACE_OUTER_BOUND ( 'NONE', #4194, .T. ) ;
#2895 = CARTESIAN_POINT ( 'NONE',  ( -0.8699999999999998800, 1.700000000000000000, 1.269999999999999800 ) ) ;
#2896 = LINE ( 'NONE', #51, #3683 ) ;
#2897 = PRESENTATION_LAYER_ASSIGNMENT (  '', '', ( #2436 ) ) ;
#2898 = FILL_AREA_STYLE_COLOUR ( '', #4155 ) ;
#2899 =( NAMED_UNIT ( * ) PLANE_ANGLE_UNIT ( ) SI_UNIT ( $, .RADIAN. ) );
#2900 = STYLED_ITEM ( 'NONE', ( #272 ), #2132 ) ;
#2901 = PRESENTATION_LAYER_ASSIGNMENT (  '', '', ( #2890 ) ) ;
#2902 = PLANE ( 'NONE',  #2374 ) ;
#2903 = DIRECTION ( 'NONE',  ( 2.464095846557964400E-016, 0.0000000000000000000, 1.000000000000000000 ) ) ;
#2904 =( GEOMETRIC_REPRESENTATION_CONTEXT ( 3 ) GLOBAL_UNCERTAINTY_ASSIGNED_CONTEXT ( ( #2535 ) ) GLOBAL_UNIT_ASSIGNED_CONTEXT ( ( #1991, #4342, #2317 ) ) REPRESENTATION_CONTEXT ( 'NONE', 'WORKASPACE' ) );
#2905 = LINE ( 'NONE', #3956, #2629 ) ;
#2906 = FACE_OUTER_BOUND ( 'NONE', #612, .T. ) ;
#2907 = PRESENTATION_STYLE_ASSIGNMENT (( #4006 ) ) ;
#2908 = CARTESIAN_POINT ( 'NONE',  ( 0.8700000000000012200, 0.0000000000000000000, 8.889999999999998800 ) ) ;
#2909 = VECTOR ( 'NONE', #1918, 1000.000000000000000 ) ;
#2910 = PRESENTATION_STYLE_ASSIGNMENT (( #3288 ) ) ;
#2911 = SURFACE_STYLE_FILL_AREA ( #53 ) ;
#2912 = SURFACE_STYLE_USAGE ( .BOTH. , #553 ) ;
#2913 = COLOUR_RGB ( '',0.0000000000000000000, 0.03529411764705882300, 0.05882352941176470500 ) ;
#2914 = DIRECTION ( 'NONE',  ( 0.0000000000000000000, 1.000000000000000000, 0.0000000000000000000 ) ) ;
#2915 = LINE ( 'NONE', #2183, #1129 ) ;
#2916 = PRESENTATION_LAYER_ASSIGNMENT (  '', '', ( #2453 ) ) ;
#2917 = CARTESIAN_POINT ( 'NONE',  ( 0.2200000000000012500, 8.339999999999999900, 4.760000000000000700 ) ) ;
#2918 = UNCERTAINTY_MEASURE_WITH_UNIT (LENGTH_MEASURE( 1.000000000000000100E-005 ), #1332, 'distance_accuracy_value', 'NONE');
#2919 = AXIS2_PLACEMENT_3D ( 'NONE', #102, #2452, #448 ) ;
#2920 = DIRECTION ( 'NONE',  ( 2.492418787322998300E-016, 0.0000000000000000000, 1.000000000000000000 ) ) ;
#2921 = SURFACE_STYLE_FILL_AREA ( #2326 ) ;
#2922 = EDGE_CURVE ( 'NONE', #4029, #1916, #2896, .T. ) ;
#2923 = CARTESIAN_POINT ( 'NONE',  ( -0.2199999999999999700, -3.000000000000000000, 0.3199999999999999500 ) ) ;
#2924 = VERTEX_POINT ( 'NONE', #3446 ) ;
#2925 = CARTESIAN_POINT ( 'NONE',  ( 0.8700000000000012200, 1.700000000000000000, 8.889999999999998800 ) ) ;
#2926 = EDGE_CURVE ( 'NONE', #1876, #3967, #1112, .T. ) ;
#2927 = VERTEX_POINT ( 'NONE', #2109 ) ;
#2928 = DIRECTION ( 'NONE',  ( 0.0000000000000000000, 1.000000000000000000, 0.0000000000000000000 ) ) ;
#2929 = ORIENTED_EDGE ( 'NONE', *, *, #3792, .F. ) ;
#2930 = DIRECTION ( 'NONE',  ( -0.0000000000000000000, -1.000000000000000000, -0.0000000000000000000 ) ) ;
#2931 = ORIENTED_EDGE ( 'NONE', *, *, #1750, .T. ) ;
#2932 = EDGE_LOOP ( 'NONE', ( #2978, #664, #932, #1512 ) ) ;
#2933 = VERTEX_POINT ( 'NONE', #2431 ) ;
#2934 = PLANE ( 'NONE',  #3441 ) ;
#2935 = ORIENTED_EDGE ( 'NONE', *, *, #2384, .T. ) ;
#2936 = PLANE ( 'NONE',  #2708 ) ;
#2937 = ORIENTED_EDGE ( 'NONE', *, *, #258, .F. ) ;
#2938 = PRESENTATION_LAYER_ASSIGNMENT (  '', '', ( #2471 ) ) ;
#2939 = ORIENTED_EDGE ( 'NONE', *, *, #2081, .T. ) ;
#2940 = EDGE_LOOP ( 'NONE', ( #562, #790, #828, #3574 ) ) ;
#2941 = DIRECTION ( 'NONE',  ( 0.0000000000000000000, -0.0000000000000000000, -1.000000000000000000 ) ) ;
#2942 = EDGE_CURVE ( 'NONE', #4134, #133, #2789, .T. ) ;
#2943 = PRESENTATION_STYLE_ASSIGNMENT (( #4292 ) ) ;
#2944 = CARTESIAN_POINT ( 'NONE',  ( 1.270000000000000700, 1.700000000000000000, 6.750000000000000000 ) ) ;
#2945 = CARTESIAN_POINT ( 'NONE',  ( -1.270000000000000500, 1.700000000000000000, -0.8700000000000003300 ) ) ;
#2946 = LINE ( 'NONE', #3588, #1158 ) ;
#2947 =( NAMED_UNIT ( * ) SI_UNIT ( $, .STERADIAN. ) SOLID_ANGLE_UNIT ( ) );
#2948 = VECTOR ( 'NONE', #840, 1000.000000000000000 ) ;
#2949 = CARTESIAN_POINT ( 'NONE',  ( -0.3199999999999981700, -3.000000000000000000, 7.400000000000000400 ) ) ;
#2950 = COLOUR_RGB ( '',1.000000000000000000, 1.000000000000000000, 1.000000000000000000 ) ;
#2951 = CARTESIAN_POINT ( 'NONE',  ( 0.2200000000000000300, -3.000000000000000000, 0.3199999999999999500 ) ) ;
#2952 = UNCERTAINTY_MEASURE_WITH_UNIT (LENGTH_MEASURE( 1.000000000000000100E-005 ), #4108, 'distance_accuracy_value', 'NONE');
#2953 = VECTOR ( 'NONE', #1334, 1000.000000000000100 ) ;
#2954 = DIRECTION ( 'NONE',  ( -0.7071067811865474600, 0.0000000000000000000, 0.7071067811865474600 ) ) ;
#2955 = PRESENTATION_STYLE_ASSIGNMENT (( #722 ) ) ;
#2956 = FACE_OUTER_BOUND ( 'NONE', #1138, .T. ) ;
#2957 = FACE_OUTER_BOUND ( 'NONE', #341, .T. ) ;
#2958 = PLANE ( 'NONE',  #1285 ) ;
#2959 =( GEOMETRIC_REPRESENTATION_CONTEXT ( 3 ) GLOBAL_UNCERTAINTY_ASSIGNED_CONTEXT ( ( #1269 ) ) GLOBAL_UNIT_ASSIGNED_CONTEXT ( ( #2324, #313, #2672 ) ) REPRESENTATION_CONTEXT ( 'NONE', 'WORKASPACE' ) );
#2960 = AXIS2_PLACEMENT_3D ( 'NONE', #3559, #1545, #3901 ) ;
#2961 = FILL_AREA_STYLE ('',( #1942 ) ) ;
#2962 = DIRECTION ( 'NONE',  ( 0.7071067811865474600, 0.0000000000000000000, 0.7071067811865474600 ) ) ;
#2963 = STYLED_ITEM ( 'NONE', ( #1482 ), #3415 ) ;
#2964 = CARTESIAN_POINT ( 'NONE',  ( -0.3199999999999987300, -3.000000000000000000, 5.299999999999999800 ) ) ;
#2965 = DIRECTION ( 'NONE',  ( -0.0000000000000000000, -1.000000000000000000, -0.0000000000000000000 ) ) ;
#2966 = VECTOR ( 'NONE', #2694, 1000.000000000000000 ) ;
#2967 = DIRECTION ( 'NONE',  ( 0.7071067811865474600, 0.0000000000000000000, -0.7071067811865474600 ) ) ;
#2968 = EDGE_CURVE ( 'NONE', #2346, #1592, #1005, .T. ) ;
#2969 = DIRECTION ( 'NONE',  ( -1.000000000000000000, 0.0000000000000000000, 2.464095846557964400E-016 ) ) ;
#2970 = PRESENTATION_LAYER_ASSIGNMENT (  '', '', ( #2508 ) ) ;
#2971 = CARTESIAN_POINT ( 'NONE',  ( 0.2200000000000006700, -3.000000000000000000, 2.860000000000000300 ) ) ;
#2972 = EDGE_LOOP ( 'NONE', ( #1765, #3351, #1233, #2449 ) ) ;
#2973 = CARTESIAN_POINT ( 'NONE',  ( -0.3199999999999993400, -3.000000000000000000, 2.760000000000000200 ) ) ;
#2974 = FILL_AREA_STYLE ('',( #2622 ) ) ;
#2975 = ORIENTED_EDGE ( 'NONE', *, *, #223, .F. ) ;
#2976 = STYLED_ITEM ( 'NONE', ( #4115 ), #55 ) ;
#2977 = VECTOR ( 'NONE', #645, 1000.000000000000000 ) ;
#2978 = ORIENTED_EDGE ( 'NONE', *, *, #3866, .T. ) ;
#2979 = CARTESIAN_POINT ( 'NONE',  ( 0.8699999999999998800, 1.700000000000000000, 3.809999999999999600 ) ) ;
#2980 = EDGE_CURVE ( 'NONE', #3820, #90, #307, .T. ) ;
#2981 = VERTEX_POINT ( 'NONE', #1774 ) ;
#2982 = ORIENTED_EDGE ( 'NONE', *, *, #228, .F. ) ;
#2983 =( NAMED_UNIT ( * ) SI_UNIT ( $, .STERADIAN. ) SOLID_ANGLE_UNIT ( ) );
#2984 = MECHANICAL_DESIGN_GEOMETRIC_PRESENTATION_REPRESENTATION (  '', ( #2300 ), #3217 ) ;
#2985 = SURFACE_STYLE_USAGE ( .BOTH. , #627 ) ;
#2986 = ORIENTED_EDGE ( 'NONE', *, *, #2980, .T. ) ;
#2987 = ORIENTED_EDGE ( 'NONE', *, *, #2968, .T. ) ;
#2988 = VECTOR ( 'NONE', #3791, 1000.000000000000100 ) ;
#2989 =( NAMED_UNIT ( * ) SI_UNIT ( $, .STERADIAN. ) SOLID_ANGLE_UNIT ( ) );
#2990 = PLANE ( 'NONE',  #429 ) ;
#2991 = ORIENTED_EDGE ( 'NONE', *, *, #24, .T. ) ;
#2992 = VERTEX_POINT ( 'NONE', #3460 ) ;
#2993 = PLANE ( 'NONE',  #2395 ) ;
#2994 = PLANE ( 'NONE',  #3580 ) ;
#2995 = SURFACE_STYLE_FILL_AREA ( #4320 ) ;
#2996 =( LENGTH_UNIT ( ) NAMED_UNIT ( * ) SI_UNIT ( .MILLI., .METRE. ) );
#2997 = SURFACE_STYLE_FILL_AREA ( #3898 ) ;
#2998 = VECTOR ( 'NONE', #3232, 1000.000000000000100 ) ;
#2999 =( LENGTH_UNIT ( ) NAMED_UNIT ( * ) SI_UNIT ( .MILLI., .METRE. ) );
#3000 = COLOUR_RGB ( '',1.000000000000000000, 1.000000000000000000, 1.000000000000000000 ) ;
#3001 = SURFACE_STYLE_USAGE ( .BOTH. , #644 ) ;
#3002 = DIRECTION ( 'NONE',  ( -0.7071067811865474600, 0.0000000000000000000, 0.7071067811865474600 ) ) ;
#3003 = UNCERTAINTY_MEASURE_WITH_UNIT (LENGTH_MEASURE( 1.000000000000000100E-005 ), #3078, 'distance_accuracy_value', 'NONE');
#3004 = SURFACE_SIDE_STYLE ('',( #1496 ) ) ;
#3005 = DIRECTION ( 'NONE',  ( 1.000000000000000000, 0.0000000000000000000, 0.0000000000000000000 ) ) ;
#3006 = SURFACE_STYLE_FILL_AREA ( #72 ) ;
#3007 = EDGE_CURVE ( 'NONE', #4140, #2402, #2678, .T. ) ;
#3008 = CARTESIAN_POINT ( 'NONE',  ( -0.2199999999999987000, -3.000000000000000000, 5.400000000000000400 ) ) ;
#3009 = FILL_AREA_STYLE_COLOUR ( '', #4040 ) ;
#3010 = VECTOR ( 'NONE', #2716, 1000.000000000000000 ) ;
#3011 = DIRECTION ( 'NONE',  ( -1.000000000000000000, 0.0000000000000000000, -0.0000000000000000000 ) ) ;
#3012 = LINE ( 'NONE', #2530, #2693 ) ;
#3013 = FILL_AREA_STYLE ('',( #1992 ) ) ;
#3014 = LINE ( 'NONE', #2583, #2909 ) ;
#3015 = LINE ( 'NONE', #2212, #2570 ) ;
#3016 = CARTESIAN_POINT ( 'NONE',  ( -2.549999999999999800, 0.2999999999999999900, 0.5299999999999992500 ) ) ;
#3017 = MECHANICAL_DESIGN_GEOMETRIC_PRESENTATION_REPRESENTATION (  '', ( #2321 ), #3241 ) ;
#3018 = LINE ( 'NONE', #1800, #1380 ) ;
#3019 = CARTESIAN_POINT ( 'NONE',  ( -0.2199999999999980900, 0.2999999999999999300, 7.939999999999999500 ) ) ;
#3020 = AXIS2_PLACEMENT_3D ( 'NONE', #1534, #3887, #1869 ) ;
#3021 = CARTESIAN_POINT ( 'NONE',  ( 0.2200000000000013100, -3.000000000000000000, 5.400000000000000400 ) ) ;
#3022 = CARTESIAN_POINT ( 'NONE',  ( -0.2199999999999982000, 8.339999999999999900, 7.299999999999999800 ) ) ;
#3023 = LINE ( 'NONE', #2491, #3811 ) ;
#3024 =( NAMED_UNIT ( * ) PLANE_ANGLE_UNIT ( ) SI_UNIT ( $, .RADIAN. ) );
#3025 = MECHANICAL_DESIGN_GEOMETRIC_PRESENTATION_REPRESENTATION (  '', ( #2327 ), #3246 ) ;
#3026 = CARTESIAN_POINT ( 'NONE',  ( 0.3200000000000012300, -3.000000000000000000, 4.860000000000000300 ) ) ;
#3027 =( NAMED_UNIT ( * ) SI_UNIT ( $, .STERADIAN. ) SOLID_ANGLE_UNIT ( ) );
#3028 = EDGE_CURVE ( 'NONE', #1559, #2346, #98, .T. ) ;
#3029 = EDGE_LOOP ( 'NONE', ( #2442, #516, #3461, #149 ) ) ;
#3030 = EDGE_CURVE ( 'NONE', #2402, #2035, #2562, .T. ) ;
#3031 =( NAMED_UNIT ( * ) SI_UNIT ( $, .STERADIAN. ) SOLID_ANGLE_UNIT ( ) );
#3032 = ORIENTED_EDGE ( 'NONE', *, *, #3175, .T. ) ;
#3033 = CARTESIAN_POINT ( 'NONE',  ( 0.2200000000000013100, 8.339999999999999900, 5.400000000000000400 ) ) ;
#3034 = ORIENTED_EDGE ( 'NONE', *, *, #668, .F. ) ;
#3035 = SURFACE_SIDE_STYLE ('',( #3386 ) ) ;
#3036 = ORIENTED_EDGE ( 'NONE', *, *, #283, .F. ) ;
#3037 = COLOUR_RGB ( '',0.7921568627450980000, 0.8196078431372548800, 0.9333333333333333500 ) ;
#3038 = SURFACE_STYLE_USAGE ( .BOTH. , #687 ) ;
#3039 =( GEOMETRIC_REPRESENTATION_CONTEXT ( 3 ) GLOBAL_UNCERTAINTY_ASSIGNED_CONTEXT ( ( #4284 ) ) GLOBAL_UNIT_ASSIGNED_CONTEXT ( ( #598, #534, #3438 ) ) REPRESENTATION_CONTEXT ( 'NONE', 'WORKASPACE' ) );
#3040 = CARTESIAN_POINT ( 'NONE',  ( -0.3199999999999988400, -3.000000000000000000, 4.860000000000000300 ) ) ;
#3041 = VERTEX_POINT ( 'NONE', #1790 ) ;
#3042 = ORIENTED_EDGE ( 'NONE', *, *, #3598, .T. ) ;
#3043 = VECTOR ( 'NONE', #3659, 1000.000000000000100 ) ;
#3044 = EDGE_LOOP ( 'NONE', ( #3252, #3514, #2284, #744, #1359, #1601, #4293, #1471, #4078, #1051, #2100, #2868, #3244, #3777, #2536 ) ) ;
#3045 =( NAMED_UNIT ( * ) SI_UNIT ( $, .STERADIAN. ) SOLID_ANGLE_UNIT ( ) );
#3046 =( GEOMETRIC_REPRESENTATION_CONTEXT ( 3 ) GLOBAL_UNCERTAINTY_ASSIGNED_CONTEXT ( ( #314 ) ) GLOBAL_UNIT_ASSIGNED_CONTEXT ( ( #145, #2482, #488 ) ) REPRESENTATION_CONTEXT ( 'NONE', 'WORKASPACE' ) );
#3047 = ORIENTED_EDGE ( 'NONE', *, *, #2408, .F. ) ;
#3048 = VERTEX_POINT ( 'NONE', #1456 ) ;
#3049 = EDGE_LOOP ( 'NONE', ( #3294, #1097, #4286, #673 ) ) ;
#3050 =( NAMED_UNIT ( * ) SI_UNIT ( $, .STERADIAN. ) SOLID_ANGLE_UNIT ( ) );
#3051 =( NAMED_UNIT ( * ) PLANE_ANGLE_UNIT ( ) SI_UNIT ( $, .RADIAN. ) );
#3052 = DIRECTION ( 'NONE',  ( 0.7071067811865474600, -0.0000000000000000000, 0.7071067811865474600 ) ) ;
#3053 = ORIENTED_EDGE ( 'NONE', *, *, #1178, .T. ) ;
#3054 = DIRECTION ( 'NONE',  ( -1.232047923278982200E-016, -0.0000000000000000000, -1.000000000000000000 ) ) ;
#3055 = DIRECTION ( 'NONE',  ( 0.0000000000000000000, 1.000000000000000000, 0.0000000000000000000 ) ) ;
#3056 = DIRECTION ( 'NONE',  ( -0.0000000000000000000, -0.0000000000000000000, 1.000000000000000000 ) ) ;
#3057 = UNCERTAINTY_MEASURE_WITH_UNIT (LENGTH_MEASURE( 1.000000000000000100E-005 ), #1275, 'distance_accuracy_value', 'NONE');
#3058 = LINE ( 'NONE', #543, #1260 ) ;
#3059 = LINE ( 'NONE', #4024, #3742 ) ;
#3060 = EDGE_CURVE ( 'NONE', #3970, #1816, #3366, .T. ) ;
#3061 = CARTESIAN_POINT ( 'NONE',  ( 0.3200000000000006700, 8.339999999999999900, 2.760000000000000200 ) ) ;
#3062 =( NAMED_UNIT ( * ) SI_UNIT ( $, .STERADIAN. ) SOLID_ANGLE_UNIT ( ) );
#3063 = FILL_AREA_STYLE_COLOUR ( '', #3000 ) ;
#3064 = VECTOR ( 'NONE', #4151, 1000.000000000000000 ) ;
#3065 =( GEOMETRIC_REPRESENTATION_CONTEXT ( 3 ) GLOBAL_UNCERTAINTY_ASSIGNED_CONTEXT ( ( #106 ) ) GLOBAL_UNIT_ASSIGNED_CONTEXT ( ( #269, #2616, #610 ) ) REPRESENTATION_CONTEXT ( 'NONE', 'WORKASPACE' ) );
#3066 = MECHANICAL_DESIGN_GEOMETRIC_PRESENTATION_REPRESENTATION (  '', ( #2375 ), #3277 ) ;
#3067 = COLOUR_RGB ( '',1.000000000000000000, 1.000000000000000000, 1.000000000000000000 ) ;
#3068 = FILL_AREA_STYLE ('',( #2715 ) ) ;
#3069 = EDGE_CURVE ( 'NONE', #893, #3967, #4367, .T. ) ;
#3070 = DIRECTION ( 'NONE',  ( -0.7071067811865474600, 0.0000000000000000000, -0.7071067811865474600 ) ) ;
#3071 = VECTOR ( 'NONE', #3376, 1000.000000000000000 ) ;
#3072 = SURFACE_STYLE_FILL_AREA ( #120 ) ;
#3073 = FILL_AREA_STYLE_COLOUR ( '', #1123 ) ;
#3074 = CARTESIAN_POINT ( 'NONE',  ( -0.2199999999999982000, -3.000000000000000000, 7.299999999999999800 ) ) ;
#3075 = COLOUR_RGB ( '',0.0000000000000000000, 0.03529411764705882300, 0.05882352941176470500 ) ;
#3076 = CARTESIAN_POINT ( 'NONE',  ( 4.080000000000000100, 1.700000000000000000, 4.080000000000000100 ) ) ;
#3077 = EDGE_CURVE ( 'NONE', #1551, #4019, #1573, .T. ) ;
#3078 =( LENGTH_UNIT ( ) NAMED_UNIT ( * ) SI_UNIT ( .MILLI., .METRE. ) );
#3079 = SURFACE_STYLE_FILL_AREA ( #1693 ) ;
#3080 = FACE_OUTER_BOUND ( 'NONE', #3290, .T. ) ;
#3081 =( GEOMETRIC_REPRESENTATION_CONTEXT ( 3 ) GLOBAL_UNCERTAINTY_ASSIGNED_CONTEXT ( ( #1319 ) ) GLOBAL_UNIT_ASSIGNED_CONTEXT ( ( #2702, #696, #3050 ) ) REPRESENTATION_CONTEXT ( 'NONE', 'WORKASPACE' ) );
#3082 = PRESENTATION_LAYER_ASSIGNMENT (  '', '', ( #2599 ) ) ;
#3083 = LINE ( 'NONE', #2366, #2966 ) ;
#3084 = CARTESIAN_POINT ( 'NONE',  ( -0.8699999999999987700, 1.700000000000000000, 6.349999999999999600 ) ) ;
#3085 = CARTESIAN_POINT ( 'NONE',  ( -0.3200000000000000600, -3.000000000000000000, -0.2200000000000000800 ) ) ;
#3086 = DIRECTION ( 'NONE',  ( 0.0000000000000000000, 0.0000000000000000000, 1.000000000000000000 ) ) ;
#3087 = CARTESIAN_POINT ( 'NONE',  ( -0.2199999999999994700, 8.339999999999999900, 2.220000000000000200 ) ) ;
#3088 = SURFACE_STYLE_USAGE ( .BOTH. , #733 ) ;
#3089 =( GEOMETRIC_REPRESENTATION_CONTEXT ( 3 ) GLOBAL_UNCERTAINTY_ASSIGNED_CONTEXT ( ( #139 ) ) GLOBAL_UNIT_ASSIGNED_CONTEXT ( ( #318, #2677, #666 ) ) REPRESENTATION_CONTEXT ( 'NONE', 'WORKASPACE' ) );
#3090 = CARTESIAN_POINT ( 'NONE',  ( -0.2199999999999987000, 0.2999999999999999300, 5.400000000000000400 ) ) ;
#3091 = ORIENTED_EDGE ( 'NONE', *, *, #898, .T. ) ;
#3092 = DIRECTION ( 'NONE',  ( 2.492418787322998300E-016, 0.0000000000000000000, 1.000000000000000000 ) ) ;
#3093 = ADVANCED_FACE ( 'NONE', ( #4260 ), #3821, .T. ) ;
#3094 = ORIENTED_EDGE ( 'NONE', *, *, #3365, .T. ) ;
#3095 = VERTEX_POINT ( 'NONE', #4141 ) ;
#3096 = FILL_AREA_STYLE ('',( #2750 ) ) ;
#3097 = ORIENTED_EDGE ( 'NONE', *, *, #497, .T. ) ;
#3098 = EDGE_CURVE ( 'NONE', #2496, #1718, #3846, .T. ) ;
#3099 = ORIENTED_EDGE ( 'NONE', *, *, #1392, .F. ) ;
#3100 = COLOUR_RGB ( '',0.0000000000000000000, 0.03529411764705882300, 0.05882352941176470500 ) ;
#3101 = PRESENTATION_STYLE_ASSIGNMENT (( #768 ) ) ;
#3102 =( NAMED_UNIT ( * ) SI_UNIT ( $, .STERADIAN. ) SOLID_ANGLE_UNIT ( ) );
#3103 = CARTESIAN_POINT ( 'NONE',  ( 1.269999999999998700, 0.0000000000000000000, -0.8700000000000003300 ) ) ;
#3104 = PLANE ( 'NONE',  #129 ) ;
#3105 = ORIENTED_EDGE ( 'NONE', *, *, #1206, .F. ) ;
#3106 = ORIENTED_EDGE ( 'NONE', *, *, #4068, .F. ) ;
#3107 = DIRECTION ( 'NONE',  ( 2.464095846557964400E-016, 0.0000000000000000000, 1.000000000000000000 ) ) ;
#3108 = ORIENTED_EDGE ( 'NONE', *, *, #1898, .F. ) ;
#3109 = DIRECTION ( 'NONE',  ( -1.000000000000000000, 0.0000000000000000000, -0.0000000000000000000 ) ) ;
#3110 = VERTEX_POINT ( 'NONE', #3841 ) ;
#3111 = VERTEX_POINT ( 'NONE', #1814 ) ;
#3112 = SURFACE_SIDE_STYLE ('',( #3165 ) ) ;
#3113 = PRESENTATION_STYLE_ASSIGNMENT (( #1643 ) ) ;
#3114 = STYLED_ITEM ( 'NONE', ( #2701 ), #713 ) ;
#3115 = MECHANICAL_DESIGN_GEOMETRIC_PRESENTATION_REPRESENTATION (  '', ( #2419 ), #3316 ) ;
#3116 = FACE_BOUND ( 'NONE', #294, .T. ) ;
#3117 = CARTESIAN_POINT ( 'NONE',  ( -0.2199999999999980900, -3.000000000000000000, 7.939999999999999500 ) ) ;
#3118 = LINE ( 'NONE', #3554, #428 ) ;
#3119 = PRESENTATION_LAYER_ASSIGNMENT (  '', '', ( #2640 ) ) ;
#3120 = PRESENTATION_STYLE_ASSIGNMENT (( #168 ) ) ;
#3121 =( LENGTH_UNIT ( ) NAMED_UNIT ( * ) SI_UNIT ( .MILLI., .METRE. ) );
#3122 = CARTESIAN_POINT ( 'NONE',  ( 1.270000000000001100, 0.0000000000000000000, 8.489999999999998400 ) ) ;
#3123 = ADVANCED_FACE ( 'NONE', ( #2053 ), #1474, .F. ) ;
#3124 = DIRECTION ( 'NONE',  ( 2.464095846557964400E-016, 0.0000000000000000000, 1.000000000000000000 ) ) ;
#3125 = LINE ( 'NONE', #12, #3996 ) ;
#3126 = CARTESIAN_POINT ( 'NONE',  ( -0.2199999999999995000, 1.700000000000000000, 2.219999999999999800 ) ) ;
#3127 = EDGE_CURVE ( 'NONE', #1143, #1462, #4308, .T. ) ;
#3128 =( NAMED_UNIT ( * ) SI_UNIT ( $, .STERADIAN. ) SOLID_ANGLE_UNIT ( ) );
#3129 = SURFACE_STYLE_FILL_AREA ( #3605 ) ;
#3130 = DIRECTION ( 'NONE',  ( -1.000000000000000000, -0.0000000000000000000, -0.0000000000000000000 ) ) ;
#3131 = AXIS2_PLACEMENT_3D ( 'NONE', #2380, #373, #2722 ) ;
#3132 = VECTOR ( 'NONE', #2572, 1000.000000000000000 ) ;
#3133 = FILL_AREA_STYLE ('',( #68 ) ) ;
#3134 = DIRECTION ( 'NONE',  ( -0.7071067811865475700, 0.0000000000000000000, -0.7071067811865475700 ) ) ;
#3135 = MECHANICAL_DESIGN_GEOMETRIC_PRESENTATION_REPRESENTATION (  '', ( #2436 ), #3338 ) ;
#3136 = CARTESIAN_POINT ( 'NONE',  ( -1.269999999999998500, 1.700000000000000000, 6.750000000000000000 ) ) ;
#3137 = LINE ( 'NONE', #2758, #542 ) ;
#3138 = AXIS2_PLACEMENT_3D ( 'NONE', #4049, #2027, #7 ) ;
#3139 = LINE ( 'NONE', #3853, #1335 ) ;
#3140 = MECHANICAL_DESIGN_GEOMETRIC_PRESENTATION_REPRESENTATION (  '', ( #2890 ), #3346 ) ;
#3141 = ADVANCED_FACE ( 'NONE', ( #2510 ), #496, .F. ) ;
#3142 = EDGE_LOOP ( 'NONE', ( #786, #2286, #1247, #2539, #1045, #3919, #2975, #4208 ) ) ;
#3143 = CARTESIAN_POINT ( 'NONE',  ( -1.269999999999998500, 1.700000000000000000, 6.750000000000000000 ) ) ;
#3144 =( LENGTH_UNIT ( ) NAMED_UNIT ( * ) SI_UNIT ( .MILLI., .METRE. ) );
#3145 = CARTESIAN_POINT ( 'NONE',  ( -0.3199999999999987300, -3.000000000000000000, 5.299999999999999800 ) ) ;
#3146 = UNCERTAINTY_MEASURE_WITH_UNIT (LENGTH_MEASURE( 1.000000000000000100E-005 ), #210, 'distance_accuracy_value', 'NONE');
#3147 = ORIENTED_EDGE ( 'NONE', *, *, #3483, .T. ) ;
#3148 = MECHANICAL_DESIGN_GEOMETRIC_PRESENTATION_REPRESENTATION (  '', ( #2453 ), #3361 ) ;
#3149 = ORIENTED_EDGE ( 'NONE', *, *, #500, .T. ) ;
#3150 = FACE_OUTER_BOUND ( 'NONE', #3730, .T. ) ;
#3151 = PRESENTATION_LAYER_ASSIGNMENT (  '', '', ( #2686 ) ) ;
#3152 = EDGE_CURVE ( 'NONE', #1096, #275, #253, .T. ) ;
#3153 = ORIENTED_EDGE ( 'NONE', *, *, #2644, .F. ) ;
#3154 = VERTEX_POINT ( 'NONE', #166 ) ;
#3155 = FACE_OUTER_BOUND ( 'NONE', #2038, .T. ) ;
#3156 = CARTESIAN_POINT ( 'NONE',  ( 0.8700000000000012200, 0.0000000000000000000, 8.889999999999998800 ) ) ;
#3157 = VERTEX_POINT ( 'NONE', #2185 ) ;
#3158 = ORIENTED_EDGE ( 'NONE', *, *, #2069, .F. ) ;
#3159 = DIRECTION ( 'NONE',  ( 0.7071067811865474600, 0.0000000000000000000, -0.7071067811865474600 ) ) ;
#3160 = ADVANCED_FACE ( 'NONE', ( #1619 ), #1849, .F. ) ;
#3161 = EDGE_CURVE ( 'NONE', #4349, #3111, #3895, .T. ) ;
#3162 = PLANE ( 'NONE',  #4230 ) ;
#3163 =( NAMED_UNIT ( * ) PLANE_ANGLE_UNIT ( ) SI_UNIT ( $, .RADIAN. ) );
#3164 = DIRECTION ( 'NONE',  ( -0.7071067811865474600, 0.0000000000000000000, 0.7071067811865474600 ) ) ;
#3165 = SURFACE_STYLE_FILL_AREA ( #757 ) ;
#3166 =( NAMED_UNIT ( * ) SI_UNIT ( $, .STERADIAN. ) SOLID_ANGLE_UNIT ( ) );
#3167 = UNCERTAINTY_MEASURE_WITH_UNIT (LENGTH_MEASURE( 1.000000000000000100E-005 ), #3982, 'distance_accuracy_value', 'NONE');
#3168 = DIRECTION ( 'NONE',  ( 0.7071067811865475700, 0.0000000000000000000, -0.7071067811865475700 ) ) ;
#3169 = LINE ( 'NONE', #2802, #479 ) ;
#3170 = MECHANICAL_DESIGN_GEOMETRIC_PRESENTATION_REPRESENTATION (  '', ( #2471 ), #3384 ) ;
#3171 = FACE_OUTER_BOUND ( 'NONE', #4188, .T. ) ;
#3172 = SURFACE_SIDE_STYLE ('',( #1538 ) ) ;
#3173 = LINE ( 'NONE', #2697, #2467 ) ;
#3174 = PLANE ( 'NONE',  #1214 ) ;
#3175 = EDGE_CURVE ( 'NONE', #1712, #1353, #426, .T. ) ;
#3176 = SURFACE_SIDE_STYLE ('',( #2739 ) ) ;
#3177 =( LENGTH_UNIT ( ) NAMED_UNIT ( * ) SI_UNIT ( .MILLI., .METRE. ) );
#3178 = ADVANCED_FACE ( 'NONE', ( #301 ), #3223, .F. ) ;
#3179 = CARTESIAN_POINT ( 'NONE',  ( 0.3200000000000006200, -3.000000000000000000, 2.319999999999999800 ) ) ;
#3180 =( LENGTH_UNIT ( ) NAMED_UNIT ( * ) SI_UNIT ( .MILLI., .METRE. ) );
#3181 = VECTOR ( 'NONE', #3897, 1000.000000000000000 ) ;
#3182 = DIRECTION ( 'NONE',  ( 0.7071067811865475700, -0.0000000000000000000, 0.7071067811865475700 ) ) ;
#3183 = DIRECTION ( 'NONE',  ( 1.000000000000000000, 0.0000000000000000000, -0.0000000000000000000 ) ) ;
#3184 = CARTESIAN_POINT ( 'NONE',  ( -0.2200000000000000800, -3.000000000000000000, -0.3200000000000000600 ) ) ;
#3185 = SURFACE_STYLE_FILL_AREA ( #1257 ) ;
#3186 = PRESENTATION_LAYER_ASSIGNMENT (  '', '', ( #2734 ) ) ;
#3187 = UNCERTAINTY_MEASURE_WITH_UNIT (LENGTH_MEASURE( 1.000000000000000100E-005 ), #3550, 'distance_accuracy_value', 'NONE');
#3188 = SURFACE_STYLE_USAGE ( .BOTH. , #3498 ) ;
#3189 = VERTEX_POINT ( 'NONE', #175 ) ;
#3190 = AXIS2_PLACEMENT_3D ( 'NONE', #2591, #592, #2954 ) ;
#3191 = ORIENTED_EDGE ( 'NONE', *, *, #2263, .F. ) ;
#3192 = ORIENTED_EDGE ( 'NONE', *, *, #3251, .T. ) ;
#3193 = ADVANCED_FACE ( 'NONE', ( #2956 ), #1542, .F. ) ;
#3194 = EDGE_CURVE ( 'NONE', #2298, #1721, #1739, .T. ) ;
#3195 = ORIENTED_EDGE ( 'NONE', *, *, #4180, .F. ) ;
#3196 = PLANE ( 'NONE',  #1653 ) ;
#3197 = VERTEX_POINT ( 'NONE', #3921 ) ;
#3198 = VECTOR ( 'NONE', #158, 1000.000000000000000 ) ;
#3199 = PLANE ( 'NONE',  #1314 ) ;
#3200 = STYLED_ITEM ( 'NONE', ( #2116 ), #1166 ) ;
#3201 = VERTEX_POINT ( 'NONE', #2243 ) ;
#3202 = EDGE_LOOP ( 'NONE', ( #1887, #1667, #3936, #26 ) ) ;
#3203 = VERTEX_POINT ( 'NONE', #222 ) ;
#3204 = MECHANICAL_DESIGN_GEOMETRIC_PRESENTATION_REPRESENTATION (  '', ( #2508 ), #3426 ) ;
#3205 = DIRECTION ( 'NONE',  ( 0.7071067811865474600, 0.0000000000000000000, -0.7071067811865474600 ) ) ;
#3206 = CARTESIAN_POINT ( 'NONE',  ( -0.3199999999999987300, -3.000000000000000000, 5.299999999999999800 ) ) ;
#3207 = DIRECTION ( 'NONE',  ( -0.0000000000000000000, -0.0000000000000000000, 1.000000000000000000 ) ) ;
#3208 = VERTEX_POINT ( 'NONE', #1219 ) ;
#3209 = ORIENTED_EDGE ( 'NONE', *, *, #3745, .T. ) ;
#3210 = SURFACE_STYLE_USAGE ( .BOTH. , #853 ) ;
#3211 = PRESENTATION_LAYER_ASSIGNMENT (  '', '', ( #2976 ) ) ;
#3212 = CARTESIAN_POINT ( 'NONE',  ( 1.270000000000000700, 1.700000000000000000, 6.750000000000000000 ) ) ;
#3213 = EDGE_CURVE ( 'NONE', #3869, #287, #2621, .T. ) ;
#3214 = LINE ( 'NONE', #1862, #4102 ) ;
#3215 = STYLED_ITEM ( 'NONE', ( #67 ), #2073 ) ;
#3216 =( NAMED_UNIT ( * ) PLANE_ANGLE_UNIT ( ) SI_UNIT ( $, .RADIAN. ) );
#3217 =( GEOMETRIC_REPRESENTATION_CONTEXT ( 3 ) GLOBAL_UNCERTAINTY_ASSIGNED_CONTEXT ( ( #1757 ) ) GLOBAL_UNIT_ASSIGNED_CONTEXT ( ( #1446, #3799, #1780 ) ) REPRESENTATION_CONTEXT ( 'NONE', 'WORKASPACE' ) );
#3218 = SURFACE_STYLE_FILL_AREA ( #3096 ) ;
#3219 = LINE ( 'NONE', #3103, #2309 ) ;
#3220 = DIRECTION ( 'NONE',  ( -0.7071067811865474600, 0.0000000000000000000, 0.7071067811865474600 ) ) ;
#3221 = ADVANCED_FACE ( 'NONE', ( #851 ), #569, .F. ) ;
#3222 = CARTESIAN_POINT ( 'NONE',  ( -0.3199999999999981700, -3.000000000000000000, 7.400000000000000400 ) ) ;
#3223 = PLANE ( 'NONE',  #4101 ) ;
#3224 = STYLED_ITEM ( 'NONE', ( #883 ), #4135 ) ;
#3225 = VECTOR ( 'NONE', #4163, 1000.000000000000000 ) ;
#3226 =( NAMED_UNIT ( * ) SI_UNIT ( $, .STERADIAN. ) SOLID_ANGLE_UNIT ( ) );
#3227 = VECTOR ( 'NONE', #1570, 1000.000000000000100 ) ;
#3228 = DIRECTION ( 'NONE',  ( -1.000000000000000000, 0.0000000000000000000, 0.0000000000000000000 ) ) ;
#3229 = VECTOR ( 'NONE', #1058, 1000.000000000000000 ) ;
#3230 = AXIS2_PLACEMENT_3D ( 'NONE', #3752, #1723, #4075 ) ;
#3231 = CARTESIAN_POINT ( 'NONE',  ( -0.3200000000000000100, 1.700000000000000000, 7.885106708985486600E-017 ) ) ;
#3232 = DIRECTION ( 'NONE',  ( -0.7071067811865474600, 0.0000000000000000000, 0.7071067811865474600 ) ) ;
#3233 =( LENGTH_UNIT ( ) NAMED_UNIT ( * ) SI_UNIT ( .MILLI., .METRE. ) );
#3234 = COLOUR_RGB ( '',1.000000000000000000, 1.000000000000000000, 1.000000000000000000 ) ;
#3235 = DIRECTION ( 'NONE',  ( 0.7071067811865474600, 0.0000000000000000000, -0.7071067811865474600 ) ) ;
#3236 = ADVANCED_FACE ( 'NONE', ( #531 ), #2566, .F. ) ;
#3237 = ORIENTED_EDGE ( 'NONE', *, *, #2586, .T. ) ;
#3238 = FILL_AREA_STYLE ('',( #1885 ) ) ;
#3239 = UNCERTAINTY_MEASURE_WITH_UNIT (LENGTH_MEASURE( 1.000000000000000100E-005 ), #967, 'distance_accuracy_value', 'NONE');
#3240 = CARTESIAN_POINT ( 'NONE',  ( -1.269999999999999100, 1.700000000000000000, 4.210000000000000000 ) ) ;
#3241 =( GEOMETRIC_REPRESENTATION_CONTEXT ( 3 ) GLOBAL_UNCERTAINTY_ASSIGNED_CONTEXT ( ( #3696 ) ) GLOBAL_UNIT_ASSIGNED_CONTEXT ( ( #2996, #977, #3326 ) ) REPRESENTATION_CONTEXT ( 'NONE', 'WORKASPACE' ) );
#3242 = ORIENTED_EDGE ( 'NONE', *, *, #3152, .T. ) ;
#3243 = CARTESIAN_POINT ( 'NONE',  ( 1.270000000000001100, 1.700000000000000000, 8.489999999999998400 ) ) ;
#3244 = ORIENTED_EDGE ( 'NONE', *, *, #3272, .F. ) ;
#3245 = ORIENTED_EDGE ( 'NONE', *, *, #2942, .F. ) ;
#3246 =( GEOMETRIC_REPRESENTATION_CONTEXT ( 3 ) GLOBAL_UNCERTAINTY_ASSIGNED_CONTEXT ( ( #471 ) ) GLOBAL_UNIT_ASSIGNED_CONTEXT ( ( #1767, #508, #2861 ) ) REPRESENTATION_CONTEXT ( 'NONE', 'WORKASPACE' ) );
#3247 = SHAPE_DEFINITION_REPRESENTATION ( #1550, #1841 ) ;
#3248 = DIRECTION ( 'NONE',  ( 0.7071067811865475700, 0.0000000000000000000, -0.7071067811865475700 ) ) ;
#3249 = ORIENTED_EDGE ( 'NONE', *, *, #4267, .T. ) ;
#3250 = ORIENTED_EDGE ( 'NONE', *, *, #2257, .F. ) ;
#3251 = EDGE_CURVE ( 'NONE', #1258, #3359, #3687, .T. ) ;
#3252 = ORIENTED_EDGE ( 'NONE', *, *, #4379, .F. ) ;
#3253 = CARTESIAN_POINT ( 'NONE',  ( -0.8699999999999981100, 0.0000000000000000000, 8.890000000000000600 ) ) ;
#3254 = EDGE_CURVE ( 'NONE', #4090, #1043, #1900, .T. ) ;
#3255 = PRESENTATION_STYLE_ASSIGNMENT (( #3038 ) ) ;
#3256 = VECTOR ( 'NONE', #1282, 1000.000000000000000 ) ;
#3257 =( NAMED_UNIT ( * ) PLANE_ANGLE_UNIT ( ) SI_UNIT ( $, .RADIAN. ) );
#3258 = SURFACE_SIDE_STYLE ('',( #1893 ) ) ;
#3259 = SURFACE_STYLE_FILL_AREA ( #3945 ) ;
#3260 = FILL_AREA_STYLE_COLOUR ( '', #2520 ) ;
#3261 = COLOUR_RGB ( '',1.000000000000000000, 1.000000000000000000, 1.000000000000000000 ) ;
#3262 = VECTOR ( 'NONE', #1410, 1000.000000000000100 ) ;
#3263 = COLOUR_RGB ( '',1.000000000000000000, 1.000000000000000000, 1.000000000000000000 ) ;
#3264 = CARTESIAN_POINT ( 'NONE',  ( 0.0000000000000000000, 1.700000000000000000, 2.220000000000000200 ) ) ;
#3265 = LINE ( 'NONE', #4332, #3372 ) ;
#3266 = CARTESIAN_POINT ( 'NONE',  ( 0.2200000000000006100, 8.339999999999999900, 2.220000000000000200 ) ) ;
#3267 = DIRECTION ( 'NONE',  ( 0.0000000000000000000, 1.000000000000000000, 0.0000000000000000000 ) ) ;
#3268 = LINE ( 'NONE', #669, #1487 ) ;
#3269 = PLANE ( 'NONE',  #4063 ) ;
#3270 = FACE_OUTER_BOUND ( 'NONE', #3980, .T. ) ;
#3271 = UNCERTAINTY_MEASURE_WITH_UNIT (LENGTH_MEASURE( 1.000000000000000100E-005 ), #2266, 'distance_accuracy_value', 'NONE');
#3272 = EDGE_CURVE ( 'NONE', #2410, #3924, #1010, .T. ) ;
#3273 = LINE ( 'NONE', #1639, #589 ) ;
#3274 = DIRECTION ( 'NONE',  ( 0.7071067811865474600, 0.0000000000000000000, 0.7071067811865474600 ) ) ;
#3275 = LINE ( 'NONE', #3222, #591 ) ;
#3276 = DIRECTION ( 'NONE',  ( 2.492418787322998300E-016, 0.0000000000000000000, 1.000000000000000000 ) ) ;
#3277 =( GEOMETRIC_REPRESENTATION_CONTEXT ( 3 ) GLOBAL_UNCERTAINTY_ASSIGNED_CONTEXT ( ( #1899 ) ) GLOBAL_UNIT_ASSIGNED_CONTEXT ( ( #122, #2469, #470 ) ) REPRESENTATION_CONTEXT ( 'NONE', 'WORKASPACE' ) );
#3278 = CARTESIAN_POINT ( 'NONE',  ( 1.270000000000000000, 1.700000000000000000, 4.210000000000000000 ) ) ;
#3279 = EDGE_CURVE ( 'NONE', #1418, #2731, #3584, .T. ) ;
#3280 = DIRECTION ( 'NONE',  ( 0.7071067811865474600, 0.0000000000000000000, -0.7071067811865474600 ) ) ;
#3281 = CARTESIAN_POINT ( 'NONE',  ( -0.2199999999999980900, 8.339999999999999900, 7.939999999999999500 ) ) ;
#3282 = EDGE_CURVE ( 'NONE', #86, #2727, #1792, .T. ) ;
#3283 = UNCERTAINTY_MEASURE_WITH_UNIT (LENGTH_MEASURE( 1.000000000000000100E-005 ), #3233, 'distance_accuracy_value', 'NONE');
#3284 = MECHANICAL_DESIGN_GEOMETRIC_PRESENTATION_REPRESENTATION (  '', ( #2599 ), #3529 ) ;
#3285 = VERTEX_POINT ( 'NONE', #1261 ) ;
#3286 = CARTESIAN_POINT ( 'NONE',  ( -0.2199999999999993600, -3.000000000000000000, 2.860000000000000300 ) ) ;
#3287 = ORIENTED_EDGE ( 'NONE', *, *, #2644, .T. ) ;
#3288 = SURFACE_STYLE_USAGE ( .BOTH. , #943 ) ;
#3289 = ORIENTED_EDGE ( 'NONE', *, *, #1566, .T. ) ;
#3290 = EDGE_LOOP ( 'NONE', ( #3723, #2325, #2401, #871 ) ) ;
#3291 = VECTOR ( 'NONE', #1839, 1000.000000000000000 ) ;
#3292 = DIRECTION ( 'NONE',  ( 0.7071067811865474600, 0.0000000000000000000, 0.7071067811865474600 ) ) ;
#3293 = ORIENTED_EDGE ( 'NONE', *, *, #283, .T. ) ;
#3294 = ORIENTED_EDGE ( 'NONE', *, *, #693, .F. ) ;
#3295 = PLANE ( 'NONE',  #2545 ) ;
#3296 = VERTEX_POINT ( 'NONE', #915 ) ;
#3297 = CARTESIAN_POINT ( 'NONE',  ( -0.3199999999999993400, 8.339999999999999900, 2.760000000000000200 ) ) ;
#3298 = FACE_OUTER_BOUND ( 'NONE', #4204, .T. ) ;
#3299 = VECTOR ( 'NONE', #366, 1000.000000000000000 ) ;
#3300 = ORIENTED_EDGE ( 'NONE', *, *, #1343, .T. ) ;
#3301 = ORIENTED_EDGE ( 'NONE', *, *, #2835, .T. ) ;
#3302 = PLANE ( 'NONE',  #2633 ) ;
#3303 = DIRECTION ( 'NONE',  ( 1.000000000000000000, 0.0000000000000000000, -1.232047923278982200E-016 ) ) ;
#3304 = PLANE ( 'NONE',  #1824 ) ;
#3305 = FACE_BOUND ( 'NONE', #2830, .T. ) ;
#3306 = FILL_AREA_STYLE_COLOUR ( '', #3037 ) ;
#3307 = EDGE_CURVE ( 'NONE', #1605, #2933, #4372, .T. ) ;
#3308 = CARTESIAN_POINT ( 'NONE',  ( 0.3200000000000008400, 0.2999999999999999900, -1.270000000000000700 ) ) ;
#3309 = SURFACE_STYLE_USAGE ( .BOTH. , #963 ) ;
#3310 = CARTESIAN_POINT ( 'NONE',  ( -0.8699999999999994400, 1.700000000000000000, 3.810000000000000100 ) ) ;
#3311 = VECTOR ( 'NONE', #3433, 1000.000000000000000 ) ;
#3312 = COLOUR_RGB ( '',1.000000000000000000, 1.000000000000000000, 1.000000000000000000 ) ;
#3313 = PRESENTATION_STYLE_ASSIGNMENT (( #330 ) ) ;
#3314 = CARTESIAN_POINT ( 'NONE',  ( 0.0000000000000000000, 1.700000000000000000, 0.0000000000000000000 ) ) ;
#3315 = AXIS2_PLACEMENT_3D ( 'NONE', #3499, #1486, #3839 ) ;
#3316 =( GEOMETRIC_REPRESENTATION_CONTEXT ( 3 ) GLOBAL_UNCERTAINTY_ASSIGNED_CONTEXT ( ( #675 ) ) GLOBAL_UNIT_ASSIGNED_CONTEXT ( ( #2999, #982, #3330 ) ) REPRESENTATION_CONTEXT ( 'NONE', 'WORKASPACE' ) );
#3317 =( NAMED_UNIT ( * ) PLANE_ANGLE_UNIT ( ) SI_UNIT ( $, .RADIAN. ) );
#3318 = CARTESIAN_POINT ( 'NONE',  ( -0.3199999999999993400, -3.000000000000000000, 2.760000000000000200 ) ) ;
#3319 = CARTESIAN_POINT ( 'NONE',  ( 0.0000000000000000000, -3.000000000000000000, 0.0000000000000000000 ) ) ;
#3320 = DIRECTION ( 'NONE',  ( 1.000000000000000000, 0.0000000000000000000, 0.0000000000000000000 ) ) ;
#3321 = MECHANICAL_DESIGN_GEOMETRIC_PRESENTATION_REPRESENTATION (  '', ( #2640 ), #3556 ) ;
#3322 = VECTOR ( 'NONE', #1702, 1000.000000000000000 ) ;
#3323 = PLANE ( 'NONE',  #3762 ) ;
#3324 = DIRECTION ( 'NONE',  ( -1.232047923278982200E-016, -0.0000000000000000000, -1.000000000000000000 ) ) ;
#3325 = PRESENTATION_STYLE_ASSIGNMENT (( #634 ) ) ;
#3326 =( NAMED_UNIT ( * ) SI_UNIT ( $, .STERADIAN. ) SOLID_ANGLE_UNIT ( ) );
#3327 = FILL_AREA_STYLE ('',( #978 ) ) ;
#3328 = EDGE_CURVE ( 'NONE', #772, #2710, #1683, .T. ) ;
#3329 = VECTOR ( 'NONE', #4326, 1000.000000000000100 ) ;
#3330 =( NAMED_UNIT ( * ) SI_UNIT ( $, .STERADIAN. ) SOLID_ANGLE_UNIT ( ) );
#3331 =( NAMED_UNIT ( * ) PLANE_ANGLE_UNIT ( ) SI_UNIT ( $, .RADIAN. ) );
#3332 = FILL_AREA_STYLE_COLOUR ( '', #3657 ) ;
#3333 =( LENGTH_UNIT ( ) NAMED_UNIT ( * ) SI_UNIT ( .MILLI., .METRE. ) );
#3334 = ORIENTED_EDGE ( 'NONE', *, *, #310, .T. ) ;
#3335 = APPLICATION_CONTEXT ( 'automotive_design' ) ;
#3336 = UNCERTAINTY_MEASURE_WITH_UNIT (LENGTH_MEASURE( 1.000000000000000100E-005 ), #498, 'distance_accuracy_value', 'NONE');
#3337 = CARTESIAN_POINT ( 'NONE',  ( -0.8699999999999981100, 1.700000000000000000, 8.890000000000000600 ) ) ;
#3338 =( GEOMETRIC_REPRESENTATION_CONTEXT ( 3 ) GLOBAL_UNCERTAINTY_ASSIGNED_CONTEXT ( ( #382 ) ) GLOBAL_UNIT_ASSIGNED_CONTEXT ( ( #3177, #835, #482 ) ) REPRESENTATION_CONTEXT ( 'NONE', 'WORKASPACE' ) );
#3339 = CARTESIAN_POINT ( 'NONE',  ( 0.2200000000000023000, 1.700000000000000000, 7.299999999999999800 ) ) ;
#3340 = PRESENTATION_STYLE_ASSIGNMENT (( #4352 ) ) ;
#3341 = ORIENTED_EDGE ( 'NONE', *, *, #265, .T. ) ;
#3342 = SURFACE_STYLE_USAGE ( .BOTH. , #998 ) ;
#3343 = CARTESIAN_POINT ( 'NONE',  ( -0.3199999999999981700, 8.339999999999999900, 7.400000000000000400 ) ) ;
#3344 = PRESENTATION_LAYER_ASSIGNMENT (  '', '', ( #2900 ) ) ;
#3345 = ORIENTED_EDGE ( 'NONE', *, *, #695, .F. ) ;
#3346 =( GEOMETRIC_REPRESENTATION_CONTEXT ( 3 ) GLOBAL_UNCERTAINTY_ASSIGNED_CONTEXT ( ( #590 ) ) GLOBAL_UNIT_ASSIGNED_CONTEXT ( ( #83, #2434, #435 ) ) REPRESENTATION_CONTEXT ( 'NONE', 'WORKASPACE' ) );
#3347 = SURFACE_SIDE_STYLE ('',( #1473 ) ) ;
#3348 = STYLED_ITEM ( 'NONE', ( #2955 ), #2755 ) ;
#3349 = DIRECTION ( 'NONE',  ( 0.0000000000000000000, 1.000000000000000000, 0.0000000000000000000 ) ) ;
#3350 = ORIENTED_EDGE ( 'NONE', *, *, #3254, .F. ) ;
#3351 = ORIENTED_EDGE ( 'NONE', *, *, #581, .T. ) ;
#3352 = DIRECTION ( 'NONE',  ( 0.7071067811865474600, 0.0000000000000000000, -0.7071067811865474600 ) ) ;
#3353 = VERTEX_POINT ( 'NONE', #3973 ) ;
#3354 = VERTEX_POINT ( 'NONE', #2627 ) ;
#3355 = DIRECTION ( 'NONE',  ( 0.0000000000000000000, -1.000000000000000000, 0.0000000000000000000 ) ) ;
#3356 = EDGE_LOOP ( 'NONE', ( #555, #3466, #189, #2455 ) ) ;
#3357 = CARTESIAN_POINT ( 'NONE',  ( 1.269999999999999400, 0.0000000000000000000, 1.669999999999999900 ) ) ;
#3358 = CARTESIAN_POINT ( 'NONE',  ( 1.800000000000000700, 0.2999999999999999900, 1.280000000000000000 ) ) ;
#3359 = VERTEX_POINT ( 'NONE', #965 ) ;
#3360 = CARTESIAN_POINT ( 'NONE',  ( -0.3199999999999988400, -3.000000000000000000, 4.860000000000000300 ) ) ;
#3361 =( GEOMETRIC_REPRESENTATION_CONTEXT ( 3 ) GLOBAL_UNCERTAINTY_ASSIGNED_CONTEXT ( ( #2494 ) ) GLOBAL_UNIT_ASSIGNED_CONTEXT ( ( #339, #2698, #690 ) ) REPRESENTATION_CONTEXT ( 'NONE', 'WORKASPACE' ) );
#3362 = LINE ( 'NONE', #1883, #686 ) ;
#3363 = MECHANICAL_DESIGN_GEOMETRIC_PRESENTATION_REPRESENTATION (  '', ( #2686 ), #3591 ) ;
#3364 = DIRECTION ( 'NONE',  ( -0.7071067811865474600, -0.0000000000000000000, 0.7071067811865474600 ) ) ;
#3365 = EDGE_CURVE ( 'NONE', #3157, #1816, #694, .T. ) ;
#3366 = LINE ( 'NONE', #787, #2461 ) ;
#3367 = CARTESIAN_POINT ( 'NONE',  ( 1.270000000000000000, 1.700000000000000000, 4.210000000000000000 ) ) ;
#3368 = FILL_AREA_STYLE ('',( #3693 ) ) ;
#3369 = VECTOR ( 'NONE', #2809, 1000.000000000000100 ) ;
#3370 = CARTESIAN_POINT ( 'NONE',  ( 1.269999999999998700, 1.700000000000000000, -0.8700000000000003300 ) ) ;
#3371 =( LENGTH_UNIT ( ) NAMED_UNIT ( * ) SI_UNIT ( .MILLI., .METRE. ) );
#3372 = VECTOR ( 'NONE', #291, 1000.000000000000100 ) ;
#3373 = UNCERTAINTY_MEASURE_WITH_UNIT (LENGTH_MEASURE( 1.000000000000000100E-005 ), #2818, 'distance_accuracy_value', 'NONE');
#3374 =( NAMED_UNIT ( * ) PLANE_ANGLE_UNIT ( ) SI_UNIT ( $, .RADIAN. ) );
#3375 = EDGE_CURVE ( 'NONE', #1882, #3354, #1577, .T. ) ;
#3376 = DIRECTION ( 'NONE',  ( 2.464095846557964400E-016, 0.0000000000000000000, 1.000000000000000000 ) ) ;
#3377 = LINE ( 'NONE', #997, #803 ) ;
#3378 = CARTESIAN_POINT ( 'NONE',  ( -0.3199999999999994500, -3.000000000000000000, 2.319999999999999800 ) ) ;
#3379 = CARTESIAN_POINT ( 'NONE',  ( 1.269999999999999100, 1.700000000000000000, 0.8699999999999994400 ) ) ;
#3380 = VECTOR ( 'NONE', #3699, 1000.000000000000100 ) ;
#3381 = CARTESIAN_POINT ( 'NONE',  ( 0.0000000000000000000, 1.700000000000000000, 2.860000000000000300 ) ) ;
#3382 = FILL_AREA_STYLE ('',( #2079 ) ) ;
#3383 = CARTESIAN_POINT ( 'NONE',  ( 0.3200000000000012800, -3.000000000000000000, 5.299999999999999800 ) ) ;
#3384 =( GEOMETRIC_REPRESENTATION_CONTEXT ( 3 ) GLOBAL_UNCERTAINTY_ASSIGNED_CONTEXT ( ( #2478 ) ) GLOBAL_UNIT_ASSIGNED_CONTEXT ( ( #2275, #260, #2608 ) ) REPRESENTATION_CONTEXT ( 'NONE', 'WORKASPACE' ) );
#3385 = DIRECTION ( 'NONE',  ( -0.7071067811865474600, 0.0000000000000000000, 0.7071067811865474600 ) ) ;
#3386 = SURFACE_STYLE_FILL_AREA ( #684 ) ;
#3387 = FILL_AREA_STYLE_COLOUR ( '', #2853 ) ;
#3388 = FILL_AREA_STYLE ('',( #3063 ) ) ;
#3389 = EDGE_CURVE ( 'NONE', #1402, #2924, #3265, .T. ) ;
#3390 = SURFACE_STYLE_USAGE ( .BOTH. , #1053 ) ;
#3391 = ORIENTED_EDGE ( 'NONE', *, *, #39, .T. ) ;
#3392 = UNCERTAINTY_MEASURE_WITH_UNIT (LENGTH_MEASURE( 1.000000000000000100E-005 ), #1703, 'distance_accuracy_value', 'NONE');
#3393 = PLANE ( 'NONE',  #4201 ) ;
#3394 = CARTESIAN_POINT ( 'NONE',  ( -0.3199999999999988400, -3.000000000000000000, 4.860000000000000300 ) ) ;
#3395 = ORIENTED_EDGE ( 'NONE', *, *, #972, .T. ) ;
#3396 = DIRECTION ( 'NONE',  ( -1.000000000000000000, 0.0000000000000000000, -0.0000000000000000000 ) ) ;
#3397 = ORIENTED_EDGE ( 'NONE', *, *, #695, .T. ) ;
#3398 = DIRECTION ( 'NONE',  ( 0.7071067811865474600, 0.0000000000000000000, -0.7071067811865474600 ) ) ;
#3399 =( NAMED_UNIT ( * ) SI_UNIT ( $, .STERADIAN. ) SOLID_ANGLE_UNIT ( ) );
#3400 = ORIENTED_EDGE ( 'NONE', *, *, #2334, .T. ) ;
#3401 = FILL_AREA_STYLE ('',( #1046 ) ) ;
#3402 = UNCERTAINTY_MEASURE_WITH_UNIT (LENGTH_MEASURE( 1.000000000000000100E-005 ), #857, 'distance_accuracy_value', 'NONE');
#3403 = STYLED_ITEM ( 'NONE', ( #2254 ), #499 ) ;
#3404 = MECHANICAL_DESIGN_GEOMETRIC_PRESENTATION_REPRESENTATION (  '', ( #2734 ), #3626 ) ;
#3405 = ORIENTED_EDGE ( 'NONE', *, *, #636, .F. ) ;
#3406 = ORIENTED_EDGE ( 'NONE', *, *, #182, .F. ) ;
#3407 = VERTEX_POINT ( 'NONE', #2308 ) ;
#3408 = LINE ( 'NONE', #3763, #738 ) ;
#3409 = PLANE ( 'NONE',  #2086 ) ;
#3410 = DIRECTION ( 'NONE',  ( 2.464095846557964400E-016, 0.0000000000000000000, 1.000000000000000000 ) ) ;
#3411 = VERTEX_POINT ( 'NONE', #635 ) ;
#3412 = PRESENTATION_LAYER_ASSIGNMENT (  '', '', ( #2963 ) ) ;
#3413 = ORIENTED_EDGE ( 'NONE', *, *, #359, .T. ) ;
#3414 = COLOUR_RGB ( '',1.000000000000000000, 1.000000000000000000, 1.000000000000000000 ) ;
#3415 = ADVANCED_FACE ( 'NONE', ( #2465 ), #1634, .T. ) ;
#3416 =( NAMED_UNIT ( * ) PLANE_ANGLE_UNIT ( ) SI_UNIT ( $, .RADIAN. ) );
#3417 = PRESENTATION_STYLE_ASSIGNMENT (( #1949 ) ) ;
#3418 = EDGE_CURVE ( 'NONE', #2287, #1295, #1164, .T. ) ;
#3419 = VECTOR ( 'NONE', #1514, 1000.000000000000000 ) ;
#3420 = FILL_AREA_STYLE_COLOUR ( '', #3312 ) ;
#3421 = PLANE ( 'NONE',  #3711 ) ;
#3422 = CARTESIAN_POINT ( 'NONE',  ( -0.8699999999999981100, 0.0000000000000000000, 8.890000000000000600 ) ) ;
#3423 = PRESENTATION_STYLE_ASSIGNMENT (( #2498 ) ) ;
#3424 = AXIS2_PLACEMENT_3D ( 'NONE', #3367, #1352, #3706 ) ;
#3425 = SURFACE_STYLE_FILL_AREA ( #2008 ) ;
#3426 =( GEOMETRIC_REPRESENTATION_CONTEXT ( 3 ) GLOBAL_UNCERTAINTY_ASSIGNED_CONTEXT ( ( #3918 ) ) GLOBAL_UNIT_ASSIGNED_CONTEXT ( ( #2218, #196, #2538 ) ) REPRESENTATION_CONTEXT ( 'NONE', 'WORKASPACE' ) );
#3427 = VECTOR ( 'NONE', #4088, 1000.000000000000100 ) ;
#3428 = SURFACE_STYLE_USAGE ( .BOTH. , #1081 ) ;
#3429 = PRESENTATION_STYLE_ASSIGNMENT (( #4095 ) ) ;
#3430 = PRESENTATION_STYLE_ASSIGNMENT (( #3937 ) ) ;
#3431 = LINE ( 'NONE', #1338, #854 ) ;
#3432 = CARTESIAN_POINT ( 'NONE',  ( -0.3199999999999981700, -3.000000000000000000, 7.400000000000000400 ) ) ;
#3433 = DIRECTION ( 'NONE',  ( 0.0000000000000000000, 1.000000000000000000, 0.0000000000000000000 ) ) ;
#3434 = LINE ( 'NONE', #3677, #2618 ) ;
#3435 = MECHANICAL_DESIGN_GEOMETRIC_PRESENTATION_REPRESENTATION (  '', ( #2976 ), #3648 ) ;
#3436 = FILL_AREA_STYLE_COLOUR ( '', #442 ) ;
#3437 = FILL_AREA_STYLE_COLOUR ( '', #292 ) ;
#3438 =( NAMED_UNIT ( * ) SI_UNIT ( $, .STERADIAN. ) SOLID_ANGLE_UNIT ( ) );
#3439 = EDGE_CURVE ( 'NONE', #3515, #1656, #2058, .T. ) ;
#3440 = CARTESIAN_POINT ( 'NONE',  ( 0.3200000000000009500, 1.700000000000000000, -3.942553354492755000E-017 ) ) ;
#3441 = AXIS2_PLACEMENT_3D ( 'NONE', #247, #2588, #588 ) ;
#3442 = LINE ( 'NONE', #2706, #3322 ) ;
#3443 =( LENGTH_UNIT ( ) NAMED_UNIT ( * ) SI_UNIT ( .MILLI., .METRE. ) );
#3444 = ADVANCED_FACE ( 'NONE', ( #1946 ), #3685, .T. ) ;
#3445 = COLOUR_RGB ( '',0.0000000000000000000, 0.03529411764705882300, 0.05882352941176470500 ) ;
#3446 = CARTESIAN_POINT ( 'NONE',  ( -0.3199999999999991200, 0.2999999999999999900, 4.859999999999998500 ) ) ;
#3447 = LINE ( 'NONE', #1277, #2532 ) ;
#3448 =( NAMED_UNIT ( * ) SI_UNIT ( $, .STERADIAN. ) SOLID_ANGLE_UNIT ( ) );
#3449 = FILL_AREA_STYLE_COLOUR ( '', #1429 ) ;
#3450 = CARTESIAN_POINT ( 'NONE',  ( 0.2200000000000000300, -3.000000000000000000, 0.3199999999999999500 ) ) ;
#3451 = AXIS2_PLACEMENT_3D ( 'NONE', #3136, #1114, #3468 ) ;
#3452 = PLANE ( 'NONE',  #3451 ) ;
#3453 = CARTESIAN_POINT ( 'NONE',  ( -0.3199999999999993400, -3.000000000000000000, 2.760000000000000200 ) ) ;
#3454 = ORIENTED_EDGE ( 'NONE', *, *, #3928, .F. ) ;
#3455 = FILL_AREA_STYLE ('',( #3765 ) ) ;
#3456 = PRESENTATION_LAYER_ASSIGNMENT (  '', '', ( #329 ) ) ;
#3457 = ORIENTED_EDGE ( 'NONE', *, *, #252, .F. ) ;
#3458 = SURFACE_STYLE_FILL_AREA ( #2772 ) ;
#3459 = PRODUCT_DEFINITION_CONTEXT ( 'detailed design', #3335, 'design' ) ;
#3460 = CARTESIAN_POINT ( 'NONE',  ( -0.3199999999999982300, 0.2999999999999999900, 7.399999999999998600 ) ) ;
#3461 = ORIENTED_EDGE ( 'NONE', *, *, #3949, .T. ) ;
#3462 = VECTOR ( 'NONE', #4238, 1000.000000000000000 ) ;
#3463 = SURFACE_STYLE_USAGE ( .BOTH. , #1108 ) ;
#3464 = ADVANCED_FACE ( 'NONE', ( #1622 ), #1680, .F. ) ;
#3465 = DIRECTION ( 'NONE',  ( 0.0000000000000000000, 0.0000000000000000000, -1.000000000000000000 ) ) ;
#3466 = ORIENTED_EDGE ( 'NONE', *, *, #808, .F. ) ;
#3467 = ORIENTED_EDGE ( 'NONE', *, *, #1256, .T. ) ;
#3468 = DIRECTION ( 'NONE',  ( -2.492418787322998300E-016, 0.0000000000000000000, -1.000000000000000000 ) ) ;
#3469 = ORIENTED_EDGE ( 'NONE', *, *, #3375, .F. ) ;
#3470 = COLOUR_RGB ( '',0.0000000000000000000, 0.03529411764705882300, 0.05882352941176470500 ) ;
#3471 = SURFACE_SIDE_STYLE ('',( #3583 ) ) ;
#3472 = UNCERTAINTY_MEASURE_WITH_UNIT (LENGTH_MEASURE( 1.000000000000000100E-005 ), #3505, 'distance_accuracy_value', 'NONE');
#3473 = VERTEX_POINT ( 'NONE', #4033 ) ;
#3474 = ORIENTED_EDGE ( 'NONE', *, *, #3307, .T. ) ;
#3475 = ORIENTED_EDGE ( 'NONE', *, *, #2922, .F. ) ;
#3476 = STYLED_ITEM ( 'NONE', ( #1243 ), #1841 ) ;
#3477 = EDGE_LOOP ( 'NONE', ( #1930, #1923, #3555, #1246, #2606, #1419, #561, #3517 ) ) ;
#3478 = CARTESIAN_POINT ( 'NONE',  ( -2.809999999999999200, 1.700000000000000000, 2.809999999999999200 ) ) ;
#3479 = CARTESIAN_POINT ( 'NONE',  ( 0.7500000000000020000, 0.2999999999999999900, 8.890000000000000600 ) ) ;
#3480 =( NAMED_UNIT ( * ) SI_UNIT ( $, .STERADIAN. ) SOLID_ANGLE_UNIT ( ) );
#3481 = VECTOR ( 'NONE', #2792, 1000.000000000000000 ) ;
#3482 = DIRECTION ( 'NONE',  ( 0.0000000000000000000, -0.0000000000000000000, 1.000000000000000000 ) ) ;
#3483 = EDGE_CURVE ( 'NONE', #4081, #3411, #3125, .T. ) ;
#3484 = VECTOR ( 'NONE', #2785, 1000.000000000000100 ) ;
#3485 = VECTOR ( 'NONE', #1280, 1000.000000000000100 ) ;
#3486 = UNCERTAINTY_MEASURE_WITH_UNIT (LENGTH_MEASURE( 1.000000000000000100E-005 ), #4164, 'distance_accuracy_value', 'NONE');
#3487 = EDGE_CURVE ( 'NONE', #1916, #4349, #2215, .T. ) ;
#3488 = VECTOR ( 'NONE', #1385, 1000.000000000000000 ) ;
#3489 = ADVANCED_FACE ( 'NONE', ( #2113 ), #709, .T. ) ;
#3490 = DIRECTION ( 'NONE',  ( 1.000000000000000000, -0.0000000000000000000, -2.492418787322999700E-016 ) ) ;
#3491 = PRESENTATION_STYLE_ASSIGNMENT (( #3860 ) ) ;
#3492 = CARTESIAN_POINT ( 'NONE',  ( -0.2199999999999982000, -3.000000000000000000, 7.299999999999999800 ) ) ;
#3493 = PLANE ( 'NONE',  #2358 ) ;
#3494 = STYLED_ITEM ( 'NONE', ( #338 ), #391 ) ;
#3495 = VECTOR ( 'NONE', #1015, 1000.000000000000000 ) ;
#3496 = SURFACE_SIDE_STYLE ('',( #2246 ) ) ;
#3497 = STYLED_ITEM ( 'NONE', ( #3423 ), #1491 ) ;
#3498 = SURFACE_SIDE_STYLE ('',( #1851 ) ) ;
#3499 = CARTESIAN_POINT ( 'NONE',  ( 0.2200000000000006700, -3.000000000000000000, 2.860000000000000300 ) ) ;
#3500 = COLOUR_RGB ( '',0.0000000000000000000, 0.03529411764705882300, 0.05882352941176470500 ) ;
#3501 = ADVANCED_FACE ( 'NONE', ( #100 ), #4055, .T. ) ;
#3502 = EDGE_CURVE ( 'NONE', #2879, #293, #1478, .T. ) ;
#3503 = ORIENTED_EDGE ( 'NONE', *, *, #1367, .F. ) ;
#3504 = DIRECTION ( 'NONE',  ( 2.464095846557964400E-016, 0.0000000000000000000, 1.000000000000000000 ) ) ;
#3505 =( LENGTH_UNIT ( ) NAMED_UNIT ( * ) SI_UNIT ( .MILLI., .METRE. ) );
#3506 = ORIENTED_EDGE ( 'NONE', *, *, #912, .F. ) ;
#3507 = STYLED_ITEM ( 'NONE', ( #583 ), #1103 ) ;
#3508 = ORIENTED_EDGE ( 'NONE', *, *, #4042, .T. ) ;
#3509 = UNCERTAINTY_MEASURE_WITH_UNIT (LENGTH_MEASURE( 1.000000000000000100E-005 ), #2690, 'distance_accuracy_value', 'NONE');
#3510 = CARTESIAN_POINT ( 'NONE',  ( 4.339999999999999900, 0.2999999999999999900, 3.819999999999999400 ) ) ;
#3511 = EDGE_CURVE ( 'NONE', #1778, #3880, #4158, .T. ) ;
#3512 = ORIENTED_EDGE ( 'NONE', *, *, #1135, .F. ) ;
#3513 = CARTESIAN_POINT ( 'NONE',  ( 1.540000000000000300, 1.700000000000000000, 1.540000000000000300 ) ) ;
#3514 = ORIENTED_EDGE ( 'NONE', *, *, #2586, .F. ) ;
#3515 = VERTEX_POINT ( 'NONE', #2088 ) ;
#3516 =( NAMED_UNIT ( * ) SI_UNIT ( $, .STERADIAN. ) SOLID_ANGLE_UNIT ( ) );
#3517 = ORIENTED_EDGE ( 'NONE', *, *, #1807, .F. ) ;
#3518 = ORIENTED_EDGE ( 'NONE', *, *, #4360, .T. ) ;
#3519 = ORIENTED_EDGE ( 'NONE', *, *, #4193, .T. ) ;
#3520 = LINE ( 'NONE', #1705, #834 ) ;
#3521 = CARTESIAN_POINT ( 'NONE',  ( -1.270000000000000500, 0.0000000000000000000, -0.8700000000000003300 ) ) ;
#3522 = EDGE_CURVE ( 'NONE', #449, #411, #578, .T. ) ;
#3523 = STYLED_ITEM ( 'NONE', ( #742 ), #1847 ) ;
#3524 = CARTESIAN_POINT ( 'NONE',  ( -0.3199999999999981700, -3.000000000000000000, 7.400000000000000400 ) ) ;
#3525 = EDGE_LOOP ( 'NONE', ( #4027, #2982, #1034, #2241 ) ) ;
#3526 = ORIENTED_EDGE ( 'NONE', *, *, #2712, .T. ) ;
#3527 =( NAMED_UNIT ( * ) SI_UNIT ( $, .STERADIAN. ) SOLID_ANGLE_UNIT ( ) );
#3528 = VECTOR ( 'NONE', #1595, 1000.000000000000000 ) ;
#3529 =( GEOMETRIC_REPRESENTATION_CONTEXT ( 3 ) GLOBAL_UNCERTAINTY_ASSIGNED_CONTEXT ( ( #2468 ) ) GLOBAL_UNIT_ASSIGNED_CONTEXT ( ( #2066, #38, #2390 ) ) REPRESENTATION_CONTEXT ( 'NONE', 'WORKASPACE' ) );
#3530 = LINE ( 'NONE', #1264, #1728 ) ;
#3531 = CARTESIAN_POINT ( 'NONE',  ( -0.3199999999999987300, 0.2999999999999999300, 5.299999999999999800 ) ) ;
#3532 = ADVANCED_FACE ( 'NONE', ( #2362 ), #407, .F. ) ;
#3533 = VECTOR ( 'NONE', #4195, 1000.000000000000100 ) ;
#3534 = DIRECTION ( 'NONE',  ( 0.0000000000000000000, 0.0000000000000000000, -1.000000000000000000 ) ) ;
#3535 = STYLED_ITEM ( 'NONE', ( #3255 ), #3902 ) ;
#3536 = LINE ( 'NONE', #1733, #3427 ) ;
#3537 = VECTOR ( 'NONE', #4259, 1000.000000000000000 ) ;
#3538 = DIRECTION ( 'NONE',  ( 0.0000000000000000000, 0.0000000000000000000, 1.000000000000000000 ) ) ;
#3539 =( NAMED_UNIT ( * ) PLANE_ANGLE_UNIT ( ) SI_UNIT ( $, .RADIAN. ) );
#3540 = COLOUR_RGB ( '',1.000000000000000000, 1.000000000000000000, 1.000000000000000000 ) ;
#3541 = PRESENTATION_STYLE_ASSIGNMENT (( #1794 ) ) ;
#3542 = DIRECTION ( 'NONE',  ( 0.7071067811865474600, 0.0000000000000000000, 0.7071067811865474600 ) ) ;
#3543 = COLOUR_RGB ( '',1.000000000000000000, 1.000000000000000000, 1.000000000000000000 ) ;
#3544 = FILL_AREA_STYLE ('',( #849 ) ) ;
#3545 = EDGE_CURVE ( 'NONE', #1559, #2490, #154, .T. ) ;
#3546 = VECTOR ( 'NONE', #3708, 1000.000000000000000 ) ;
#3547 =( NAMED_UNIT ( * ) PLANE_ANGLE_UNIT ( ) SI_UNIT ( $, .RADIAN. ) );
#3548 = DIRECTION ( 'NONE',  ( 2.492418787322999200E-016, 0.0000000000000000000, 1.000000000000000000 ) ) ;
#3549 = ADVANCED_FACE ( 'NONE', ( #2736 ), #2774, .T. ) ;
#3550 =( LENGTH_UNIT ( ) NAMED_UNIT ( * ) SI_UNIT ( .MILLI., .METRE. ) );
#3551 = CARTESIAN_POINT ( 'NONE',  ( -0.3199999999999980600, -3.000000000000000000, 7.839999999999999900 ) ) ;
#3552 = LINE ( 'NONE', #600, #862 ) ;
#3553 = PRESENTATION_LAYER_ASSIGNMENT (  '', '', ( #3114 ) ) ;
#3554 = CARTESIAN_POINT ( 'NONE',  ( -0.2199999999999988100, -3.000000000000000000, 4.760000000000000700 ) ) ;
#3555 = ORIENTED_EDGE ( 'NONE', *, *, #2517, .F. ) ;
#3556 =( GEOMETRIC_REPRESENTATION_CONTEXT ( 3 ) GLOBAL_UNCERTAINTY_ASSIGNED_CONTEXT ( ( #2813 ) ) GLOBAL_UNIT_ASSIGNED_CONTEXT ( ( #1710, #4067, #2055 ) ) REPRESENTATION_CONTEXT ( 'NONE', 'WORKASPACE' ) );
#3557 = FILL_AREA_STYLE_COLOUR ( '', #1211 ) ;
#3558 = ORIENTED_EDGE ( 'NONE', *, *, #66, .T. ) ;
#3559 = CARTESIAN_POINT ( 'NONE',  ( -0.3199999999999988400, -3.000000000000000000, 4.860000000000000300 ) ) ;
#3560 = EDGE_CURVE ( 'NONE', #2487, #782, #4214, .T. ) ;
#3561 = LINE ( 'NONE', #2211, #3462 ) ;
#3562 = CARTESIAN_POINT ( 'NONE',  ( 0.2200000000000005800, 1.700000000000000000, 2.220000000000000200 ) ) ;
#3563 = ORIENTED_EDGE ( 'NONE', *, *, #739, .F. ) ;
#3564 = ORIENTED_EDGE ( 'NONE', *, *, #2159, .T. ) ;
#3565 = ORIENTED_EDGE ( 'NONE', *, *, #3885, .T. ) ;
#3566 = CARTESIAN_POINT ( 'NONE',  ( 1.269999999999999400, 0.0000000000000000000, 1.669999999999999900 ) ) ;
#3567 = ADVANCED_FACE ( 'NONE', ( #1526, #3305, #2415, #623 ), #173, .F. ) ;
#3568 =( NAMED_UNIT ( * ) SI_UNIT ( $, .STERADIAN. ) SOLID_ANGLE_UNIT ( ) );
#3569 = ORIENTED_EDGE ( 'NONE', *, *, #1615, .T. ) ;
#3570 = ORIENTED_EDGE ( 'NONE', *, *, #2278, .T. ) ;
#3571 = FILL_AREA_STYLE_COLOUR ( '', #379 ) ;
#3572 = LINE ( 'NONE', #1330, #996 ) ;
#3573 = SURFACE_STYLE_FILL_AREA ( #2310 ) ;
#3574 = ORIENTED_EDGE ( 'NONE', *, *, #425, .T. ) ;
#3575 = FACE_OUTER_BOUND ( 'NONE', #3525, .T. ) ;
#3576 = DIRECTION ( 'NONE',  ( 0.0000000000000000000, -1.000000000000000000, 0.0000000000000000000 ) ) ;
#3577 = MECHANICAL_DESIGN_GEOMETRIC_PRESENTATION_REPRESENTATION (  '', ( #2900 ), #3805 ) ;
#3578 = SURFACE_STYLE_USAGE ( .BOTH. , #1223 ) ;
#3579 = DIRECTION ( 'NONE',  ( 2.464095846557964400E-016, 0.0000000000000000000, 1.000000000000000000 ) ) ;
#3580 = AXIS2_PLACEMENT_3D ( 'NONE', #2659, #652, #3011 ) ;
#3581 = VECTOR ( 'NONE', #1442, 1000.000000000000000 ) ;
#3582 = PRESENTATION_STYLE_ASSIGNMENT (( #3755 ) ) ;
#3583 = SURFACE_STYLE_FILL_AREA ( #1116 ) ;
#3584 = LINE ( 'NONE', #2614, #902 ) ;
#3585 = LINE ( 'NONE', #2021, #904 ) ;
#3586 = LINE ( 'NONE', #4227, #3632 ) ;
#3587 = VECTOR ( 'NONE', #3627, 1000.000000000000000 ) ;
#3588 = CARTESIAN_POINT ( 'NONE',  ( 0.2200000000000006700, -3.000000000000000000, 2.860000000000000300 ) ) ;
#3589 = FACE_OUTER_BOUND ( 'NONE', #3787, .T. ) ;
#3590 = CARTESIAN_POINT ( 'NONE',  ( -0.2199999999999987000, -3.000000000000000000, 5.400000000000000400 ) ) ;
#3591 =( GEOMETRIC_REPRESENTATION_CONTEXT ( 3 ) GLOBAL_UNCERTAINTY_ASSIGNED_CONTEXT ( ( #4242 ) ) GLOBAL_UNIT_ASSIGNED_CONTEXT ( ( #805, #3163, #1136 ) ) REPRESENTATION_CONTEXT ( 'NONE', 'WORKASPACE' ) );
#3592 = EDGE_CURVE ( 'NONE', #3201, #893, #3214, .T. ) ;
#3593 = COLOUR_RGB ( '',1.000000000000000000, 1.000000000000000000, 1.000000000000000000 ) ;
#3594 =( LENGTH_UNIT ( ) NAMED_UNIT ( * ) SI_UNIT ( .MILLI., .METRE. ) );
#3595 = UNCERTAINTY_MEASURE_WITH_UNIT (LENGTH_MEASURE( 1.000000000000000100E-005 ), #2700, 'distance_accuracy_value', 'NONE');
#3596 = SURFACE_STYLE_FILL_AREA ( #3544 ) ;
#3597 = FILL_AREA_STYLE ('',( #3260 ) ) ;
#3598 = EDGE_CURVE ( 'NONE', #123, #2777, #2301, .T. ) ;
#3599 = VECTOR ( 'NONE', #1069, 1000.000000000000100 ) ;
#3600 = CARTESIAN_POINT ( 'NONE',  ( 0.3200000000000019500, -3.000000000000000000, 7.839999999999999900 ) ) ;
#3601 = ORIENTED_EDGE ( 'NONE', *, *, #1000, .F. ) ;
#3602 = SURFACE_SIDE_STYLE ('',( #3185 ) ) ;
#3603 = FILL_AREA_STYLE_COLOUR ( '', #2357 ) ;
#3604 = ORIENTED_EDGE ( 'NONE', *, *, #1600, .F. ) ;
#3605 = FILL_AREA_STYLE ('',( #1244 ) ) ;
#3606 = VERTEX_POINT ( 'NONE', #2216 ) ;
#3607 = ORIENTED_EDGE ( 'NONE', *, *, #4287, .T. ) ;
#3608 = ORIENTED_EDGE ( 'NONE', *, *, #856, .F. ) ;
#3609 = LINE ( 'NONE', #1153, #1047 ) ;
#3610 = EDGE_CURVE ( 'NONE', #1936, #123, #1426, .T. ) ;
#3611 = CARTESIAN_POINT ( 'NONE',  ( -0.3200000000000000600, -3.000000000000000000, -0.2200000000000000800 ) ) ;
#3612 = ORIENTED_EDGE ( 'NONE', *, *, #4094, .T. ) ;
#3613 = ORIENTED_EDGE ( 'NONE', *, *, #550, .T. ) ;
#3614 = DIRECTION ( 'NONE',  ( 0.7071067811865474600, 0.0000000000000000000, 0.7071067811865474600 ) ) ;
#3615 = LINE ( 'NONE', #376, #934 ) ;
#3616 = PRESENTATION_STYLE_ASSIGNMENT (( #346 ) ) ;
#3617 = DIRECTION ( 'NONE',  ( 0.7071067811865474600, -0.0000000000000000000, 0.7071067811865474600 ) ) ;
#3618 = EDGE_LOOP ( 'NONE', ( #3391, #1715, #519, #136 ) ) ;
#3619 = ORIENTED_EDGE ( 'NONE', *, *, #119, .T. ) ;
#3620 = VECTOR ( 'NONE', #918, 1000.000000000000100 ) ;
#3621 = DIRECTION ( 'NONE',  ( -0.0000000000000000000, -1.000000000000000000, -0.0000000000000000000 ) ) ;
#3622 = COLOUR_RGB ( '',1.000000000000000000, 1.000000000000000000, 1.000000000000000000 ) ;
#3623 = FILL_AREA_STYLE_COLOUR ( '', #842 ) ;
#3624 = AXIS2_PLACEMENT_3D ( 'NONE', #3021, #1007, #3352 ) ;
#3625 = VECTOR ( 'NONE', #477, 1000.000000000000000 ) ;
#3626 =( GEOMETRIC_REPRESENTATION_CONTEXT ( 3 ) GLOBAL_UNCERTAINTY_ASSIGNED_CONTEXT ( ( #1834 ) ) GLOBAL_UNIT_ASSIGNED_CONTEXT ( ( #546, #2899, #885 ) ) REPRESENTATION_CONTEXT ( 'NONE', 'WORKASPACE' ) );
#3627 = DIRECTION ( 'NONE',  ( -2.492418787322999200E-016, -0.0000000000000000000, -1.000000000000000000 ) ) ;
#3628 =( NAMED_UNIT ( * ) PLANE_ANGLE_UNIT ( ) SI_UNIT ( $, .RADIAN. ) );
#3629 = LINE ( 'NONE', #3394, #1068 ) ;
#3630 = DIRECTION ( 'NONE',  ( -1.232047923278982200E-016, 0.0000000000000000000, -1.000000000000000000 ) ) ;
#3631 = MECHANICAL_DESIGN_GEOMETRIC_PRESENTATION_REPRESENTATION (  '', ( #2963 ), #3863 ) ;
#3632 = VECTOR ( 'NONE', #4216, 1000.000000000000100 ) ;
#3633 = VECTOR ( 'NONE', #1124, 1000.000000000000000 ) ;
#3634 = SURFACE_STYLE_USAGE ( .BOTH. , #1279 ) ;
#3635 = EDGE_CURVE ( 'NONE', #401, #3353, #3118, .T. ) ;
#3636 = SURFACE_STYLE_FILL_AREA ( #3238 ) ;
#3637 = LINE ( 'NONE', #2675, #1858 ) ;
#3638 = FILL_AREA_STYLE_COLOUR ( '', #3894 ) ;
#3639 = FACE_OUTER_BOUND ( 'NONE', #194, .T. ) ;
#3640 = PRESENTATION_LAYER_ASSIGNMENT (  '', '', ( #3200 ) ) ;
#3641 = FILL_AREA_STYLE_COLOUR ( '', #261 ) ;
#3642 = SURFACE_SIDE_STYLE ('',( #1322 ) ) ;
#3643 = PLANE ( 'NONE',  #1498 ) ;
#3644 = DIRECTION ( 'NONE',  ( 0.0000000000000000000, 1.000000000000000000, 0.0000000000000000000 ) ) ;
#3645 = CARTESIAN_POINT ( 'NONE',  ( -0.2199999999999988400, 1.700000000000000000, 5.399999999999999500 ) ) ;
#3646 =( NAMED_UNIT ( * ) PLANE_ANGLE_UNIT ( ) SI_UNIT ( $, .RADIAN. ) );
#3647 = LINE ( 'NONE', #926, #2641 ) ;
#3648 =( GEOMETRIC_REPRESENTATION_CONTEXT ( 3 ) GLOBAL_UNCERTAINTY_ASSIGNED_CONTEXT ( ( #1350 ) ) GLOBAL_UNIT_ASSIGNED_CONTEXT ( ( #299, #270, #242 ) ) REPRESENTATION_CONTEXT ( 'NONE', 'WORKASPACE' ) );
#3649 =( LENGTH_UNIT ( ) NAMED_UNIT ( * ) SI_UNIT ( .MILLI., .METRE. ) );
#3650 = PLANE ( 'NONE',  #3915 ) ;
#3651 = CARTESIAN_POINT ( 'NONE',  ( 0.2200000000000000300, 8.339999999999999900, 0.3199999999999999500 ) ) ;
#3652 = EDGE_CURVE ( 'NONE', #3285, #1778, #1309, .T. ) ;
#3653 = PRESENTATION_LAYER_ASSIGNMENT (  '', '', ( #3215 ) ) ;
#3654 = EDGE_LOOP ( 'NONE', ( #2660, #2931, #3345, #450 ) ) ;
#3655 = DIRECTION ( 'NONE',  ( 0.0000000000000000000, 0.0000000000000000000, 1.000000000000000000 ) ) ;
#3656 = STYLED_ITEM ( 'NONE', ( #3541 ), #2489 ) ;
#3657 = COLOUR_RGB ( '',1.000000000000000000, 1.000000000000000000, 1.000000000000000000 ) ;
#3658 = VERTEX_POINT ( 'NONE', #3566 ) ;
#3659 = DIRECTION ( 'NONE',  ( 0.7071067811865474600, 0.0000000000000000000, -0.7071067811865474600 ) ) ;
#3660 = DIRECTION ( 'NONE',  ( 0.0000000000000000000, -0.0000000000000000000, -1.000000000000000000 ) ) ;
#3661 = ORIENTED_EDGE ( 'NONE', *, *, #2743, .F. ) ;
#3662 = FILL_AREA_STYLE ('',( #3306 ) ) ;
#3663 = SURFACE_SIDE_STYLE ('',( #651 ) ) ;
#3664 = ORIENTED_EDGE ( 'NONE', *, *, #1915, .F. ) ;
#3665 = VECTOR ( 'NONE', #532, 1000.000000000000000 ) ;
#3666 = SURFACE_SIDE_STYLE ('',( #1303 ) ) ;
#3667 = FILL_AREA_STYLE ('',( #2822 ) ) ;
#3668 = ORIENTED_EDGE ( 'NONE', *, *, #493, .F. ) ;
#3669 = PRESENTATION_LAYER_ASSIGNMENT (  '', '', ( #3224 ) ) ;
#3670 = ORIENTED_EDGE ( 'NONE', *, *, #468, .T. ) ;
#3671 = CARTESIAN_POINT ( 'NONE',  ( 1.899223115940124500E-015, -3.000000000000000000, 7.620000000000000100 ) ) ;
#3672 = VERTEX_POINT ( 'NONE', #872 ) ;
#3673 = SURFACE_STYLE_USAGE ( .BOTH. , #1317 ) ;
#3674 = ORIENTED_EDGE ( 'NONE', *, *, #3328, .T. ) ;
#3675 = ORIENTED_EDGE ( 'NONE', *, *, #1493, .F. ) ;
#3676 = MECHANICAL_DESIGN_GEOMETRIC_PRESENTATION_REPRESENTATION (  '', ( #329 ), #3905 ) ;
#3677 = CARTESIAN_POINT ( 'NONE',  ( 1.260000000000000500, 0.2999999999999999900, 0.7399999999999999900 ) ) ;
#3678 = PRESENTATION_STYLE_ASSIGNMENT (( #1240 ) ) ;
#3679 =( NAMED_UNIT ( * ) SI_UNIT ( $, .STERADIAN. ) SOLID_ANGLE_UNIT ( ) );
#3680 = DIRECTION ( 'NONE',  ( 0.7071067811865474600, 0.0000000000000000000, 0.7071067811865474600 ) ) ;
#3681 = SURFACE_STYLE_FILL_AREA ( #180 ) ;
#3682 = DIRECTION ( 'NONE',  ( -2.492418787322999200E-016, -0.0000000000000000000, -1.000000000000000000 ) ) ;
#3683 = VECTOR ( 'NONE', #3786, 1000.000000000000100 ) ;
#3684 =( NAMED_UNIT ( * ) PLANE_ANGLE_UNIT ( ) SI_UNIT ( $, .RADIAN. ) );
#3685 = PLANE ( 'NONE',  #1528 ) ;
#3686 = FACE_OUTER_BOUND ( 'NONE', #3356, .T. ) ;
#3687 = LINE ( 'NONE', #933, #208 ) ;
#3688 =( LENGTH_UNIT ( ) NAMED_UNIT ( * ) SI_UNIT ( .MILLI., .METRE. ) );
#3689 = STYLED_ITEM ( 'NONE', ( #2012 ), #815 ) ;
#3690 = SURFACE_STYLE_FILL_AREA ( #3890 ) ;
#3691 = PRESENTATION_LAYER_ASSIGNMENT (  '', '', ( #3476 ) ) ;
#3692 = COLOUR_RGB ( '',1.000000000000000000, 1.000000000000000000, 1.000000000000000000 ) ;
#3693 = FILL_AREA_STYLE_COLOUR ( '', #2359 ) ;
#3694 = LINE ( 'NONE', #3953, #1016 ) ;
#3695 = DIRECTION ( 'NONE',  ( 0.7071067811865475700, 0.0000000000000000000, -0.7071067811865475700 ) ) ;
#3696 = UNCERTAINTY_MEASURE_WITH_UNIT (LENGTH_MEASURE( 1.000000000000000100E-005 ), #2996, 'distance_accuracy_value', 'NONE');
#3697 = CARTESIAN_POINT ( 'NONE',  ( 0.7500000000000000000, 0.0000000000000000000, -1.270000000000000200 ) ) ;
#3698 = DIRECTION ( 'NONE',  ( -0.7071067811865474600, 0.0000000000000000000, -0.7071067811865474600 ) ) ;
#3699 = DIRECTION ( 'NONE',  ( 0.7071067811865474600, 0.0000000000000000000, -0.7071067811865474600 ) ) ;
#3700 = DIRECTION ( 'NONE',  ( -0.7071067811865474600, 0.0000000000000000000, 0.7071067811865474600 ) ) ;
#3701 = EDGE_CURVE ( 'NONE', #356, #1402, #3896, .T. ) ;
#3702 = LINE ( 'NONE', #2863, #1024 ) ;
#3703 = EDGE_CURVE ( 'NONE', #1916, #3407, #2110, .T. ) ;
#3704 = FACE_OUTER_BOUND ( 'NONE', #3029, .T. ) ;
#3705 = DIRECTION ( 'NONE',  ( 0.7071067811865474600, 0.0000000000000000000, 0.7071067811865474600 ) ) ;
#3706 = DIRECTION ( 'NONE',  ( 2.492418787322999200E-016, 0.0000000000000000000, 1.000000000000000000 ) ) ;
#3707 = SURFACE_STYLE_USAGE ( .BOTH. , #1356 ) ;
#3708 = DIRECTION ( 'NONE',  ( 1.000000000000000000, 0.0000000000000000000, 0.0000000000000000000 ) ) ;
#3709 = ORIENTED_EDGE ( 'NONE', *, *, #1003, .T. ) ;
#3710 =( NAMED_UNIT ( * ) SI_UNIT ( $, .STERADIAN. ) SOLID_ANGLE_UNIT ( ) );
#3711 = AXIS2_PLACEMENT_3D ( 'NONE', #3551, #1535, #3891 ) ;
#3712 = CARTESIAN_POINT ( 'NONE',  ( -0.3199999999999994500, -3.000000000000000000, 2.319999999999999800 ) ) ;
#3713 = ORIENTED_EDGE ( 'NONE', *, *, #3502, .F. ) ;
#3714 = DIRECTION ( 'NONE',  ( -0.7071067811865474600, 0.0000000000000000000, 0.7071067811865474600 ) ) ;
#3715 = DIRECTION ( 'NONE',  ( -0.7071067811865474600, 0.0000000000000000000, 0.7071067811865474600 ) ) ;
#3716 = ORIENTED_EDGE ( 'NONE', *, *, #3030, .T. ) ;
#3717 = PRESENTATION_LAYER_ASSIGNMENT (  '', '', ( #474 ) ) ;
#3718 = AXIS2_PLACEMENT_3D ( 'NONE', #825, #3182, #1165 ) ;
#3719 = ORIENTED_EDGE ( 'NONE', *, *, #527, .F. ) ;
#3720 = DIRECTION ( 'NONE',  ( -0.7071067811865475700, 0.0000000000000000000, -0.7071067811865475700 ) ) ;
#3721 = CARTESIAN_POINT ( 'NONE',  ( 0.2200000000000006100, -3.000000000000000000, 2.220000000000000200 ) ) ;
#3722 = EDGE_LOOP ( 'NONE', ( #3565, #2154, #2587, #2105 ) ) ;
#3723 = ORIENTED_EDGE ( 'NONE', *, *, #3819, .F. ) ;
#3724 = ORIENTED_EDGE ( 'NONE', *, *, #3652, .F. ) ;
#3725 = PRESENTATION_LAYER_ASSIGNMENT (  '', '', ( #3873 ) ) ;
#3726 = CARTESIAN_POINT ( 'NONE',  ( -0.3199999999999981700, 1.700000000000000200, 7.400000000000000400 ) ) ;
#3727 = FILL_AREA_STYLE ('',( #2379 ) ) ;
#3728 = SURFACE_STYLE_USAGE ( .BOTH. , #1373 ) ;
#3729 = ORIENTED_EDGE ( 'NONE', *, *, #1566, .F. ) ;
#3730 = EDGE_LOOP ( 'NONE', ( #1416, #2501, #2782, #552 ) ) ;
#3731 = CARTESIAN_POINT ( 'NONE',  ( 0.2200000000000018900, -3.000000000000000000, 7.299999999999999800 ) ) ;
#3732 = ORIENTED_EDGE ( 'NONE', *, *, #948, .F. ) ;
#3733 = LINE ( 'NONE', #705, #1052 ) ;
#3734 = EDGE_CURVE ( 'NONE', #3606, #1931, #525, .T. ) ;
#3735 = LINE ( 'NONE', #1019, #1152 ) ;
#3736 = DIRECTION ( 'NONE',  ( 0.0000000000000000000, 0.0000000000000000000, -1.000000000000000000 ) ) ;
#3737 = ORIENTED_EDGE ( 'NONE', *, *, #2184, .T. ) ;
#3738 = SURFACE_STYLE_USAGE ( .BOTH. , #1379 ) ;
#3739 = UNCERTAINTY_MEASURE_WITH_UNIT (LENGTH_MEASURE( 1.000000000000000100E-005 ), #1026, 'distance_accuracy_value', 'NONE');
#3740 = AXIS2_PLACEMENT_3D ( 'NONE', #955, #3303, #1286 ) ;
#3741 = VECTOR ( 'NONE', #224, 1000.000000000000000 ) ;
#3742 = VECTOR ( 'NONE', #2014, 1000.000000000000100 ) ;
#3743 = STYLED_ITEM ( 'NONE', ( #2844 ), #3123 ) ;
#3744 =( NAMED_UNIT ( * ) PLANE_ANGLE_UNIT ( ) SI_UNIT ( $, .RADIAN. ) );
#3745 = EDGE_CURVE ( 'NONE', #293, #1826, #2892, .T. ) ;
#3746 = SURFACE_STYLE_FILL_AREA ( #486 ) ;
#3747 = CARTESIAN_POINT ( 'NONE',  ( -0.2200000000000000800, -3.000000000000000000, -0.3200000000000000600 ) ) ;
#3748 = CARTESIAN_POINT ( 'NONE',  ( -1.270000000000000000, 1.700000000000000000, 0.8699999999999998800 ) ) ;
#3749 = VECTOR ( 'NONE', #1665, 1000.000000000000100 ) ;
#3750 = CARTESIAN_POINT ( 'NONE',  ( 0.8700000000000012200, 0.0000000000000000000, 8.889999999999998800 ) ) ;
#3751 = EDGE_CURVE ( 'NONE', #2496, #2128, #1106, .T. ) ;
#3752 = CARTESIAN_POINT ( 'NONE',  ( 0.2199999999999999700, -3.000000000000000000, -0.3200000000000000600 ) ) ;
#3753 = AXIS2_PLACEMENT_3D ( 'NONE', #1369, #3720, #1697 ) ;
#3754 = VECTOR ( 'NONE', #2054, 1000.000000000000100 ) ;
#3755 = SURFACE_STYLE_USAGE ( .BOTH. , #1393 ) ;
#3756 = FILL_AREA_STYLE_COLOUR ( '', #3500 ) ;
#3757 = DIRECTION ( 'NONE',  ( 0.0000000000000000000, -1.000000000000000000, 0.0000000000000000000 ) ) ;
#3758 = LINE ( 'NONE', #1008, #1954 ) ;
#3759 = PLANE ( 'NONE',  #1185 ) ;
#3760 = CARTESIAN_POINT ( 'NONE',  ( -0.3199999999999981700, 8.339999999999999900, 7.400000000000000400 ) ) ;
#3761 = COLOUR_RGB ( '',1.000000000000000000, 1.000000000000000000, 1.000000000000000000 ) ;
#3762 = AXIS2_PLACEMENT_3D ( 'NONE', #1011, #3355, #1342 ) ;
#3763 = CARTESIAN_POINT ( 'NONE',  ( 1.270000000000001100, 1.700000000000000000, 8.489999999999998400 ) ) ;
#3764 = FILL_AREA_STYLE ('',( #3420 ) ) ;
#3765 = FILL_AREA_STYLE_COLOUR ( '', #3622 ) ;
#3766 =( NAMED_UNIT ( * ) PLANE_ANGLE_UNIT ( ) SI_UNIT ( $, .RADIAN. ) );
#3767 = VECTOR ( 'NONE', #3002, 1000.000000000000100 ) ;
#3768 = ORIENTED_EDGE ( 'NONE', *, *, #4237, .F. ) ;
#3769 = EDGE_CURVE ( 'NONE', #2777, #1718, #302, .T. ) ;
#3770 = DIRECTION ( 'NONE',  ( 2.464095846557964400E-016, 0.0000000000000000000, 1.000000000000000000 ) ) ;
#3771 = ADVANCED_FACE ( 'NONE', ( #3575 ), #2563, .F. ) ;
#3772 = VERTEX_POINT ( 'NONE', #3243 ) ;
#3773 = FILL_AREA_STYLE ('',( #3436 ) ) ;
#3774 = EDGE_LOOP ( 'NONE', ( #2546, #1137, #3301, #2144 ) ) ;
#3775 = SURFACE_SIDE_STYLE ('',( #4205 ) ) ;
#3776 = FILL_AREA_STYLE_COLOUR ( '', #2115 ) ;
#3777 = ORIENTED_EDGE ( 'NONE', *, *, #1403, .F. ) ;
#3778 = ORIENTED_EDGE ( 'NONE', *, *, #3522, .F. ) ;
#3779 =( NAMED_UNIT ( * ) SI_UNIT ( $, .STERADIAN. ) SOLID_ANGLE_UNIT ( ) );
#3780 = MECHANICAL_DESIGN_GEOMETRIC_PRESENTATION_REPRESENTATION (  '', ( #3114 ), #3995 ) ;
#3781 = STYLED_ITEM ( 'NONE', ( #93 ), #1799 ) ;
#3782 = ORIENTED_EDGE ( 'NONE', *, *, #4052, .F. ) ;
#3783 = VERTEX_POINT ( 'NONE', #2577 ) ;
#3784 = ORIENTED_EDGE ( 'NONE', *, *, #4110, .T. ) ;
#3785 = FACE_OUTER_BOUND ( 'NONE', #1201, .T. ) ;
#3786 = DIRECTION ( 'NONE',  ( 0.7071067811865474600, -0.0000000000000000000, -0.7071067811865474600 ) ) ;
#3787 = EDGE_LOOP ( 'NONE', ( #178, #1400, #1776, #1345 ) ) ;
#3788 = ORIENTED_EDGE ( 'NONE', *, *, #1810, .T. ) ;
#3789 = CARTESIAN_POINT ( 'NONE',  ( 0.3200000000000018900, -3.000000000000000000, 7.400000000000000400 ) ) ;
#3790 = CARTESIAN_POINT ( 'NONE',  ( 0.3200000000000019500, 0.2999999999999999300, 7.839999999999999900 ) ) ;
#3791 = DIRECTION ( 'NONE',  ( 0.7071067811865474600, 0.0000000000000000000, -0.7071067811865474600 ) ) ;
#3792 = EDGE_CURVE ( 'NONE', #1712, #2191, #4152, .T. ) ;
#3793 = DIRECTION ( 'NONE',  ( 0.7071067811865474600, 0.0000000000000000000, 0.7071067811865474600 ) ) ;
#3794 = VECTOR ( 'NONE', #551, 1000.000000000000000 ) ;
#3795 = SURFACE_STYLE_USAGE ( .BOTH. , #1438 ) ;
#3796 = ADVANCED_FACE ( 'NONE', ( #1475 ), #2936, .T. ) ;
#3797 = PRESENTATION_STYLE_ASSIGNMENT (( #19 ) ) ;
#3798 = VECTOR ( 'NONE', #1091, 1000.000000000000000 ) ;
#3799 =( NAMED_UNIT ( * ) PLANE_ANGLE_UNIT ( ) SI_UNIT ( $, .RADIAN. ) );
#3800 = CARTESIAN_POINT ( 'NONE',  ( 1.269999999999999400, 1.700000000000000000, 1.669999999999999900 ) ) ;
#3801 = FILL_AREA_STYLE_COLOUR ( '', #1536 ) ;
#3802 = STYLED_ITEM ( 'NONE', ( #1117 ), #146 ) ;
#3803 =( LENGTH_UNIT ( ) NAMED_UNIT ( * ) SI_UNIT ( .MILLI., .METRE. ) );
#3804 = LINE ( 'NONE', #2945, #1120 ) ;
#3805 =( GEOMETRIC_REPRESENTATION_CONTEXT ( 3 ) GLOBAL_UNCERTAINTY_ASSIGNED_CONTEXT ( ( #1288 ) ) GLOBAL_UNIT_ASSIGNED_CONTEXT ( ( #22, #2382, #374 ) ) REPRESENTATION_CONTEXT ( 'NONE', 'WORKASPACE' ) );
#3806 = STYLED_ITEM ( 'NONE', ( #206 ), #1431 ) ;
#3807 = PRESENTATION_STYLE_ASSIGNMENT (( #399 ) ) ;
#3808 = PRESENTATION_LAYER_ASSIGNMENT (  '', '', ( #3348 ) ) ;
#3809 = LINE ( 'NONE', #308, #1226 ) ;
#3810 = DIRECTION ( 'NONE',  ( 0.7071067811865474600, 0.0000000000000000000, 0.7071067811865474600 ) ) ;
#3811 = VECTOR ( 'NONE', #4189, 1000.000000000000000 ) ;
#3812 = VECTOR ( 'NONE', #3680, 1000.000000000000100 ) ;
#3813 = SURFACE_SIDE_STYLE ('',( #59 ) ) ;
#3814 = CARTESIAN_POINT ( 'NONE',  ( 0.2200000000000018900, -3.000000000000000000, 7.299999999999999800 ) ) ;
#3815 = ADVANCED_FACE ( 'NONE', ( #3842 ), #3269, .T. ) ;
#3816 = CARTESIAN_POINT ( 'NONE',  ( 0.2200000000000006100, 8.339999999999999900, 2.220000000000000200 ) ) ;
#3817 = ORIENTED_EDGE ( 'NONE', *, *, #425, .F. ) ;
#3818 = STYLED_ITEM ( 'NONE', ( #1273 ), #855 ) ;
#3819 = EDGE_CURVE ( 'NONE', #2196, #1418, #1727, .T. ) ;
#3820 = VERTEX_POINT ( 'NONE', #1270 ) ;
#3821 = PLANE ( 'NONE',  #3955 ) ;
#3822 = ORIENTED_EDGE ( 'NONE', *, *, #446, .T. ) ;
#3823 = ORIENTED_EDGE ( 'NONE', *, *, #2384, .F. ) ;
#3824 = CARTESIAN_POINT ( 'NONE',  ( 0.2200000000000013100, -3.000000000000000000, 5.400000000000000400 ) ) ;
#3825 = SURFACE_SIDE_STYLE ('',( #2463 ) ) ;
#3826 = EDGE_CURVE ( 'NONE', #3411, #3095, #841, .T. ) ;
#3827 = ORIENTED_EDGE ( 'NONE', *, *, #1898, .T. ) ;
#3828 = EDGE_LOOP ( 'NONE', ( #3664, #2102, #1612, #3457 ) ) ;
#3829 =( LENGTH_UNIT ( ) NAMED_UNIT ( * ) SI_UNIT ( .MILLI., .METRE. ) );
#3830 = ORIENTED_EDGE ( 'NONE', *, *, #2843, .F. ) ;
#3831 = DIRECTION ( 'NONE',  ( 1.000000000000000000, 0.0000000000000000000, -1.232047923278982200E-016 ) ) ;
#3832 =( GEOMETRIC_REPRESENTATION_CONTEXT ( 3 ) GLOBAL_UNCERTAINTY_ASSIGNED_CONTEXT ( ( #179 ) ) GLOBAL_UNIT_ASSIGNED_CONTEXT ( ( #2097, #70, #2424 ) ) REPRESENTATION_CONTEXT ( 'NONE', 'WORKASPACE' ) );
#3833 = ORIENTED_EDGE ( 'NONE', *, *, #1139, .T. ) ;
#3834 = UNCERTAINTY_MEASURE_WITH_UNIT (LENGTH_MEASURE( 1.000000000000000100E-005 ), #1846, 'distance_accuracy_value', 'NONE');
#3835 = ORIENTED_EDGE ( 'NONE', *, *, #468, .F. ) ;
#3836 = ORIENTED_EDGE ( 'NONE', *, *, #760, .F. ) ;
#3837 = DIRECTION ( 'NONE',  ( 0.7071067811865475700, -0.0000000000000000000, 0.7071067811865475700 ) ) ;
#3838 = ADVANCED_FACE ( 'NONE', ( #2504 ), #1955, .T. ) ;
#3839 = DIRECTION ( 'NONE',  ( 0.7071067811865474600, 0.0000000000000000000, -0.7071067811865474600 ) ) ;
#3840 = ORIENTED_EDGE ( 'NONE', *, *, #2579, .F. ) ;
#3841 = CARTESIAN_POINT ( 'NONE',  ( -1.269999999999999400, 0.0000000000000000000, 3.409999999999999700 ) ) ;
#3842 = FACE_OUTER_BOUND ( 'NONE', #142, .T. ) ;
#3843 = STYLED_ITEM ( 'NONE', ( #1614 ), #3838 ) ;
#3844 = LINE ( 'NONE', #2557, #365 ) ;
#3845 = PLANE ( 'NONE',  #3718 ) ;
#3846 = LINE ( 'NONE', #1488, #1160 ) ;
#3847 = FILL_AREA_STYLE ('',( #804 ) ) ;
#3848 = PRESENTATION_STYLE_ASSIGNMENT (( #2163 ) ) ;
#3849 = EDGE_CURVE ( 'NONE', #2718, #2201, #2205, .T. ) ;
#3850 =( NAMED_UNIT ( * ) SI_UNIT ( $, .STERADIAN. ) SOLID_ANGLE_UNIT ( ) );
#3851 = PRESENTATION_STYLE_ASSIGNMENT (( #322 ) ) ;
#3852 = CARTESIAN_POINT ( 'NONE',  ( 0.2200000000000013100, -3.000000000000000000, 5.400000000000000400 ) ) ;
#3853 = CARTESIAN_POINT ( 'NONE',  ( 0.0000000000000000000, 1.700000000000000000, 7.299999999999999800 ) ) ;
#3854 = LINE ( 'NONE', #2709, #1168 ) ;
#3855 = PRESENTATION_STYLE_ASSIGNMENT (( #2232 ) ) ;
#3856 = CARTESIAN_POINT ( 'NONE',  ( 0.8699999999999998800, 0.0000000000000000000, 3.809999999999999600 ) ) ;
#3857 = ADVANCED_FACE ( 'NONE', ( #3892 ), #2993, .T. ) ;
#3858 = CARTESIAN_POINT ( 'NONE',  ( -0.2199999999999988100, -3.000000000000000000, 4.760000000000000700 ) ) ;
#3859 = UNCERTAINTY_MEASURE_WITH_UNIT (LENGTH_MEASURE( 1.000000000000000100E-005 ), #2515, 'distance_accuracy_value', 'NONE');
#3860 = SURFACE_STYLE_USAGE ( .BOTH. , #3868 ) ;
#3861 = PRESENTATION_LAYER_ASSIGNMENT (  '', '', ( #3403 ) ) ;
#3862 = SURFACE_STYLE_FILL_AREA ( #355 ) ;
#3863 =( GEOMETRIC_REPRESENTATION_CONTEXT ( 3 ) GLOBAL_UNCERTAINTY_ASSIGNED_CONTEXT ( ( #799 ) ) GLOBAL_UNIT_ASSIGNED_CONTEXT ( ( #1647, #4008, #1993 ) ) REPRESENTATION_CONTEXT ( 'NONE', 'WORKASPACE' ) );
#3864 = CARTESIAN_POINT ( 'NONE',  ( -0.8699999999999987700, 1.700000000000000000, 6.349999999999999600 ) ) ;
#3865 = CARTESIAN_POINT ( 'NONE',  ( -1.269999999999999800, 0.0000000000000000000, 1.669999999999999900 ) ) ;
#3866 = EDGE_CURVE ( 'NONE', #3407, #3111, #3572, .T. ) ;
#3867 = ORIENTED_EDGE ( 'NONE', *, *, #2184, .F. ) ;
#3868 = SURFACE_SIDE_STYLE ('',( #3690 ) ) ;
#3869 = VERTEX_POINT ( 'NONE', #3337 ) ;
#3870 = MECHANICAL_DESIGN_GEOMETRIC_PRESENTATION_REPRESENTATION (  '', ( #3200 ), #4100 ) ;
#3871 = FACE_OUTER_BOUND ( 'NONE', #1292, .T. ) ;
#3872 = ORIENTED_EDGE ( 'NONE', *, *, #2084, .F. ) ;
#3873 = STYLED_ITEM ( 'NONE', ( #3855 ), #3193 ) ;
#3874 = FILL_AREA_STYLE ('',( #2503 ) ) ;
#3875 = CARTESIAN_POINT ( 'NONE',  ( -0.7499999999999981100, 0.2999999999999999900, 8.890000000000000600 ) ) ;
#3876 = ADVANCED_FACE ( 'NONE', ( #2667 ), #3323, .T. ) ;
#3877 = ORIENTED_EDGE ( 'NONE', *, *, #4316, .T. ) ;
#3878 = SURFACE_STYLE_USAGE ( .BOTH. , #1527 ) ;
#3879 = ORIENTED_EDGE ( 'NONE', *, *, #779, .T. ) ;
#3880 = VERTEX_POINT ( 'NONE', #4028 ) ;
#3881 = EDGE_LOOP ( 'NONE', ( #3506, #234, #4248, #4202 ) ) ;
#3882 = ORIENTED_EDGE ( 'NONE', *, *, #1615, .F. ) ;
#3883 = PRESENTATION_STYLE_ASSIGNMENT (( #85 ) ) ;
#3884 = CARTESIAN_POINT ( 'NONE',  ( 0.3200000000000008400, 1.700000000000000000, 7.839999999999999900 ) ) ;
#3885 = EDGE_CURVE ( 'NONE', #889, #23, #4146, .T. ) ;
#3886 = MECHANICAL_DESIGN_GEOMETRIC_PRESENTATION_REPRESENTATION (  '', ( #3215 ), #4112 ) ;
#3887 = DIRECTION ( 'NONE',  ( -0.7071067811865475700, 0.0000000000000000000, -0.7071067811865475700 ) ) ;
#3888 = ORIENTED_EDGE ( 'NONE', *, *, #2084, .T. ) ;
#3889 = ORIENTED_EDGE ( 'NONE', *, *, #739, .T. ) ;
#3890 = FILL_AREA_STYLE ('',( #1523 ) ) ;
#3891 = DIRECTION ( 'NONE',  ( 0.7071067811865474600, 0.0000000000000000000, 0.7071067811865474600 ) ) ;
#3892 = FACE_OUTER_BOUND ( 'NONE', #3926, .T. ) ;
#3893 = AXIS2_PLACEMENT_3D ( 'NONE', #2121, #96, #2447 ) ;
#3894 = COLOUR_RGB ( '',0.0000000000000000000, 0.03529411764705882300, 0.05882352941176470500 ) ;
#3895 = LINE ( 'NONE', #2878, #1308 ) ;
#3896 = LINE ( 'NONE', #4241, #1212 ) ;
#3897 = DIRECTION ( 'NONE',  ( 2.492418787322998300E-016, 0.0000000000000000000, 1.000000000000000000 ) ) ;
#3898 = FILL_AREA_STYLE ('',( #3557 ) ) ;
#3899 = VECTOR ( 'NONE', #363, 1000.000000000000000 ) ;
#3900 = MECHANICAL_DESIGN_GEOMETRIC_PRESENTATION_REPRESENTATION (  '', ( #3224 ), #4125 ) ;
#3901 = DIRECTION ( 'NONE',  ( 2.464095846557964400E-016, 0.0000000000000000000, 1.000000000000000000 ) ) ;
#3902 = ADVANCED_FACE ( 'NONE', ( #2350 ), #2348, .F. ) ;
#3903 = LINE ( 'NONE', #3440, #432 ) ;
#3904 = CARTESIAN_POINT ( 'NONE',  ( -0.8700000000000005500, 1.700000000000000000, -1.270000000000000200 ) ) ;
#3905 =( GEOMETRIC_REPRESENTATION_CONTEXT ( 3 ) GLOBAL_UNCERTAINTY_ASSIGNED_CONTEXT ( ( #2222 ) ) GLOBAL_UNIT_ASSIGNED_CONTEXT ( ( #2085, #61, #2414 ) ) REPRESENTATION_CONTEXT ( 'NONE', 'WORKASPACE' ) );
#3906 = CARTESIAN_POINT ( 'NONE',  ( 0.3200000000000006200, 0.2999999999999999300, 2.319999999999999800 ) ) ;
#3907 = FACE_OUTER_BOUND ( 'NONE', #1561, .T. ) ;
#3908 = CARTESIAN_POINT ( 'NONE',  ( -0.7500000000000000000, 0.2999999999999999900, 5.400000000000000400 ) ) ;
#3909 = VECTOR ( 'NONE', #2930, 1000.000000000000000 ) ;
#3910 = FACE_OUTER_BOUND ( 'NONE', #2149, .T. ) ;
#3911 = CARTESIAN_POINT ( 'NONE',  ( -0.2199999999999987000, 8.339999999999999900, 5.400000000000000400 ) ) ;
#3912 = VECTOR ( 'NONE', #1502, 1000.000000000000000 ) ;
#3913 =( NAMED_UNIT ( * ) PLANE_ANGLE_UNIT ( ) SI_UNIT ( $, .RADIAN. ) );
#3914 = CARTESIAN_POINT ( 'NONE',  ( -0.8699999999999985500, 0.0000000000000000000, 6.349999999999999600 ) ) ;
#3915 = AXIS2_PLACEMENT_3D ( 'NONE', #3671, #1646, #4007 ) ;
#3916 = MECHANICAL_DESIGN_GEOMETRIC_PRESENTATION_REPRESENTATION (  '', ( #3476 ), #4138 ) ;
#3917 = CARTESIAN_POINT ( 'NONE',  ( 0.2200000000000013100, -3.000000000000000000, 5.400000000000000400 ) ) ;
#3918 = UNCERTAINTY_MEASURE_WITH_UNIT (LENGTH_MEASURE( 1.000000000000000100E-005 ), #2218, 'distance_accuracy_value', 'NONE');
#3919 = ORIENTED_EDGE ( 'NONE', *, *, #1666, .F. ) ;
#3920 = AXIS2_PLACEMENT_3D ( 'NONE', #3206, #1186, #3542 ) ;
#3921 = CARTESIAN_POINT ( 'NONE',  ( 1.270000000000000700, 1.700000000000000000, 6.750000000000000000 ) ) ;
#3922 = EDGE_CURVE ( 'NONE', #3353, #1402, #245, .T. ) ;
#3923 = DIRECTION ( 'NONE',  ( 0.7071067811865474600, 0.0000000000000000000, -0.7071067811865474600 ) ) ;
#3924 = VERTEX_POINT ( 'NONE', #3697 ) ;
#3925 = CARTESIAN_POINT ( 'NONE',  ( 3.800000000000000300, 0.2999999999999999900, 3.279999999999999800 ) ) ;
#3926 = EDGE_LOOP ( 'NONE', ( #277, #4357, #4137, #1037 ) ) ;
#3927 = DIRECTION ( 'NONE',  ( -1.000000000000000000, -0.0000000000000000000, -0.0000000000000000000 ) ) ;
#3928 = EDGE_CURVE ( 'NONE', #1656, #2454, #3733, .T. ) ;
#3929 = ORIENTED_EDGE ( 'NONE', *, *, #2922, .T. ) ;
#3930 = EDGE_LOOP ( 'NONE', ( #937, #4255, #1919, #1775 ) ) ;
#3931 = DIRECTION ( 'NONE',  ( 0.7071067811865475700, 0.0000000000000000000, -0.7071067811865475700 ) ) ;
#3932 = PRESENTATION_STYLE_ASSIGNMENT (( #1479 ) ) ;
#3933 =( NAMED_UNIT ( * ) SI_UNIT ( $, .STERADIAN. ) SOLID_ANGLE_UNIT ( ) );
#3934 = VERTEX_POINT ( 'NONE', #1039 ) ;
#3935 = ORIENTED_EDGE ( 'NONE', *, *, #1406, .T. ) ;
#3936 = ORIENTED_EDGE ( 'NONE', *, *, #1618, .T. ) ;
#3937 = SURFACE_STYLE_USAGE ( .BOTH. , #1579 ) ;
#3938 = PRESENTATION_LAYER_ASSIGNMENT (  '', '', ( #3494 ) ) ;
#3939 = MECHANICAL_DESIGN_GEOMETRIC_PRESENTATION_REPRESENTATION (  '', ( #474 ), #4170 ) ;
#3940 = PRESENTATION_LAYER_ASSIGNMENT (  '', '', ( #3497 ) ) ;
#3941 = CARTESIAN_POINT ( 'NONE',  ( -0.3199999999999999500, -3.000000000000000000, 0.2199999999999999700 ) ) ;
#3942 = FILL_AREA_STYLE_COLOUR ( '', #230 ) ;
#3943 =( LENGTH_UNIT ( ) NAMED_UNIT ( * ) SI_UNIT ( .MILLI., .METRE. ) );
#3944 = MECHANICAL_DESIGN_GEOMETRIC_PRESENTATION_REPRESENTATION (  '', ( #3873 ), #4175 ) ;
#3945 = FILL_AREA_STYLE ('',( #3603 ) ) ;
#3946 = SURFACE_STYLE_FILL_AREA ( #2464 ) ;
#3947 = SURFACE_STYLE_USAGE ( .BOTH. , #1588 ) ;
#3948 = VECTOR ( 'NONE', #3052, 1000.000000000000100 ) ;
#3949 = EDGE_CURVE ( 'NONE', #2552, #2727, #2833, .T. ) ;
#3950 = VECTOR ( 'NONE', #360, 1000.000000000000100 ) ;
#3951 = DIRECTION ( 'NONE',  ( 0.7071067811865474600, 0.0000000000000000000, -0.7071067811865474600 ) ) ;
#3952 = PRESENTATION_LAYER_ASSIGNMENT (  '', '', ( #3507 ) ) ;
#3953 = CARTESIAN_POINT ( 'NONE',  ( 1.270000000000000000, 0.0000000000000000000, 4.210000000000000000 ) ) ;
#3954 = LINE ( 'NONE', #434, #1383 ) ;
#3955 = AXIS2_PLACEMENT_3D ( 'NONE', #811, #3168, #1145 ) ;
#3956 = CARTESIAN_POINT ( 'NONE',  ( 0.2200000000000019400, -3.000000000000000000, 7.939999999999999500 ) ) ;
#3957 = EDGE_CURVE ( 'NONE', #1202, #1604, #1149, .T. ) ;
#3958 = VECTOR ( 'NONE', #201, 1000.000000000000000 ) ;
#3959 = DIRECTION ( 'NONE',  ( 0.0000000000000000000, 1.000000000000000000, 0.0000000000000000000 ) ) ;
#3960 = FILL_AREA_STYLE ('',( #1586 ) ) ;
#3961 = CARTESIAN_POINT ( 'NONE',  ( -1.269999999999999800, 1.700000000000000000, 1.669999999999999900 ) ) ;
#3962 = EDGE_CURVE ( 'NONE', #3934, #1937, #3615, .T. ) ;
#3963 = PRESENTATION_LAYER_ASSIGNMENT (  '', '', ( #3523 ) ) ;
#3964 = SURFACE_SIDE_STYLE ('',( #2506 ) ) ;
#3965 = STYLED_ITEM ( 'NONE', ( #3807 ), #2435 ) ;
#3966 = CARTESIAN_POINT ( 'NONE',  ( -0.8699999999999987700, 1.700000000000000000, 6.349999999999999600 ) ) ;
#3967 = VERTEX_POINT ( 'NONE', #2368 ) ;
#3968 = CARTESIAN_POINT ( 'NONE',  ( 0.2200000000000018900, -3.000000000000000000, 7.299999999999999800 ) ) ;
#3969 = ORIENTED_EDGE ( 'NONE', *, *, #1641, .T. ) ;
#3970 = VERTEX_POINT ( 'NONE', #2726 ) ;
#3971 = PRESENTATION_LAYER_ASSIGNMENT (  '', '', ( #3535 ) ) ;
#3972 =( NAMED_UNIT ( * ) PLANE_ANGLE_UNIT ( ) SI_UNIT ( $, .RADIAN. ) );
#3973 = CARTESIAN_POINT ( 'NONE',  ( -0.2199999999999988100, -3.000000000000000000, 4.760000000000000700 ) ) ;
#3974 = ORIENTED_EDGE ( 'NONE', *, *, #2942, .T. ) ;
#3975 = ORIENTED_EDGE ( 'NONE', *, *, #4360, .F. ) ;
#3976 = LINE ( 'NONE', #4215, #4200 ) ;
#3977 = DIRECTION ( 'NONE',  ( -0.0000000000000000000, -1.000000000000000000, -0.0000000000000000000 ) ) ;
#3978 = PLANE ( 'NONE',  #2074 ) ;
#3979 = ORIENTED_EDGE ( 'NONE', *, *, #3922, .F. ) ;
#3980 = EDGE_LOOP ( 'NONE', ( #994, #2297, #1562, #1669 ) ) ;
#3981 = EDGE_LOOP ( 'NONE', ( #1044, #1978, #3709, #1602, #3674, #557, #743, #2648, #3293, #2047, #724, #1102, #3827, #2403, #3341, #1301, #2290, #3929, #1146, #1507, #3558, #2137, #611, #225, #4139, #1207 ) ) ;
#3982 =( LENGTH_UNIT ( ) NAMED_UNIT ( * ) SI_UNIT ( .MILLI., .METRE. ) );
#3983 = CARTESIAN_POINT ( 'NONE',  ( -0.2199999999999982000, 0.2999999999999999300, 7.299999999999999800 ) ) ;
#3984 = EDGE_CURVE ( 'NONE', #1462, #1521, #31, .T. ) ;
#3985 = CARTESIAN_POINT ( 'NONE',  ( 1.269999999999998700, 1.700000000000000000, -0.8700000000000003300 ) ) ;
#3986 = VERTEX_POINT ( 'NONE', #1391 ) ;
#3987 = ORIENTED_EDGE ( 'NONE', *, *, #3652, .T. ) ;
#3988 = UNCERTAINTY_MEASURE_WITH_UNIT (LENGTH_MEASURE( 1.000000000000000100E-005 ), #2405, 'distance_accuracy_value', 'NONE');
#3989 = VECTOR ( 'NONE', #620, 1000.000000000000000 ) ;
#3990 =( NAMED_UNIT ( * ) SI_UNIT ( $, .STERADIAN. ) SOLID_ANGLE_UNIT ( ) );
#3991 = VECTOR ( 'NONE', #3977, 1000.000000000000000 ) ;
#3992 = VECTOR ( 'NONE', #1873, 1000.000000000000100 ) ;
#3993 = COLOUR_RGB ( '',0.0000000000000000000, 0.03529411764705882300, 0.05882352941176470500 ) ;
#3994 = FILL_AREA_STYLE_COLOUR ( '', #1783 ) ;
#3995 =( GEOMETRIC_REPRESENTATION_CONTEXT ( 3 ) GLOBAL_UNCERTAINTY_ASSIGNED_CONTEXT ( ( #2129 ) ) GLOBAL_UNIT_ASSIGNED_CONTEXT ( ( #1863, #4218, #2200 ) ) REPRESENTATION_CONTEXT ( 'NONE', 'WORKASPACE' ) );
#3996 = VECTOR ( 'NONE', #2372, 1000.000000000000100 ) ;
#3997 = DIRECTION ( 'NONE',  ( -0.7071067811865475700, 0.0000000000000000000, -0.7071067811865475700 ) ) ;
#3998 = CARTESIAN_POINT ( 'NONE',  ( 0.8700000000000012200, 1.700000000000000000, 8.889999999999998800 ) ) ;
#3999 = PRESENTATION_STYLE_ASSIGNMENT (( #2112 ) ) ;
#4000 = CARTESIAN_POINT ( 'NONE',  ( -0.3199999999999988400, 8.339999999999999900, 4.860000000000000300 ) ) ;
#4001 = SURFACE_STYLE_USAGE ( .BOTH. , #1640 ) ;
#4002 =( LENGTH_UNIT ( ) NAMED_UNIT ( * ) SI_UNIT ( .MILLI., .METRE. ) );
#4003 = PRESENTATION_STYLE_ASSIGNMENT (( #3947 ) ) ;
#4004 = STYLED_ITEM ( 'NONE', ( #3582 ), #3501 ) ;
#4005 =( LENGTH_UNIT ( ) NAMED_UNIT ( * ) SI_UNIT ( .MILLI., .METRE. ) );
#4006 = SURFACE_STYLE_USAGE ( .BOTH. , #1645 ) ;
#4007 = DIRECTION ( 'NONE',  ( 0.0000000000000000000, -0.0000000000000000000, -1.000000000000000000 ) ) ;
#4008 =( NAMED_UNIT ( * ) PLANE_ANGLE_UNIT ( ) SI_UNIT ( $, .RADIAN. ) );
#4009 = EDGE_CURVE ( 'NONE', #3095, #1604, #3520, .T. ) ;
#4010 = LINE ( 'NONE', #2248, #3132 ) ;
#4011 = DIRECTION ( 'NONE',  ( 0.7071067811865475700, 0.0000000000000000000, -0.7071067811865475700 ) ) ;
#4012 = DIRECTION ( 'NONE',  ( -0.7071067811865475700, 0.0000000000000000000, -0.7071067811865475700 ) ) ;
#4013 = FILL_AREA_STYLE ('',( #3332 ) ) ;
#4014 = LINE ( 'NONE', #2393, #1333 ) ;
#4015 = CARTESIAN_POINT ( 'NONE',  ( -0.2199999999999987000, -3.000000000000000000, 5.400000000000000400 ) ) ;
#4016 = LINE ( 'NONE', #134, #1444 ) ;
#4017 = AXIS2_PLACEMENT_3D ( 'NONE', #3852, #3837, #1861 ) ;
#4018 = FILL_AREA_STYLE_COLOUR ( '', #2850 ) ;
#4019 = VERTEX_POINT ( 'NONE', #3750 ) ;
#4020 = AXIS2_PLACEMENT_3D ( 'NONE', #775, #3134, #1109 ) ;
#4021 =( NAMED_UNIT ( * ) SI_UNIT ( $, .STERADIAN. ) SOLID_ANGLE_UNIT ( ) );
#4022 = MECHANICAL_DESIGN_GEOMETRIC_PRESENTATION_REPRESENTATION (  '', ( #3348 ), #4256 ) ;
#4023 = FILL_AREA_STYLE_COLOUR ( '', #1320 ) ;
#4024 = CARTESIAN_POINT ( 'NONE',  ( -0.3199999999999994500, 8.339999999999999900, 2.319999999999999800 ) ) ;
#4025 = CARTESIAN_POINT ( 'NONE',  ( 0.3200000000000012300, -3.000000000000000000, 4.860000000000000300 ) ) ;
#4026 = ORIENTED_EDGE ( 'NONE', *, *, #1274, .F. ) ;
#4027 = ORIENTED_EDGE ( 'NONE', *, *, #1493, .T. ) ;
#4028 = CARTESIAN_POINT ( 'NONE',  ( -1.269999999999998700, 0.0000000000000000000, 5.950000000000000200 ) ) ;
#4029 = VERTEX_POINT ( 'NONE', #2396 ) ;
#4030 = ORIENTED_EDGE ( 'NONE', *, *, #211, .T. ) ;
#4031 = CARTESIAN_POINT ( 'NONE',  ( 0.2200000000000018900, 0.2999999999999999300, 7.299999999999999800 ) ) ;
#4032 = ORIENTED_EDGE ( 'NONE', *, *, #2759, .T. ) ;
#4033 = CARTESIAN_POINT ( 'NONE',  ( -1.269999999999998500, 1.700000000000000000, 6.750000000000000000 ) ) ;
#4034 = LINE ( 'NONE', #2135, #563 ) ;
#4035 = AXIS2_PLACEMENT_3D ( 'NONE', #3378, #1364, #3714 ) ;
#4036 = ORIENTED_EDGE ( 'NONE', *, *, #3511, .F. ) ;
#4037 = ORIENTED_EDGE ( 'NONE', *, *, #1952, .T. ) ;
#4038 = ORIENTED_EDGE ( 'NONE', *, *, #4333, .T. ) ;
#4039 = STYLED_ITEM ( 'NONE', ( #155 ), #2862 ) ;
#4040 = COLOUR_RGB ( '',0.0000000000000000000, 0.03529411764705882300, 0.05882352941176470500 ) ;
#4041 = FILL_AREA_STYLE_COLOUR ( '', #147 ) ;
#4042 = EDGE_CURVE ( 'NONE', #275, #2189, #144, .T. ) ;
#4043 = CARTESIAN_POINT ( 'NONE',  ( -1.269999999999998000, 1.700000000000000000, 8.489999999999998400 ) ) ;
#4044 = FACE_OUTER_BOUND ( 'NONE', #3881, .T. ) ;
#4045 =( NAMED_UNIT ( * ) PLANE_ANGLE_UNIT ( ) SI_UNIT ( $, .RADIAN. ) );
#4046 = ORIENTED_EDGE ( 'NONE', *, *, #2759, .F. ) ;
#4047 = UNCERTAINTY_MEASURE_WITH_UNIT (LENGTH_MEASURE( 1.000000000000000100E-005 ), #697, 'distance_accuracy_value', 'NONE');
#4048 = DIRECTION ( 'NONE',  ( -0.7071067811865474600, -0.0000000000000000000, -0.7071067811865474600 ) ) ;
#4049 = CARTESIAN_POINT ( 'NONE',  ( 0.3200000000000012300, -3.000000000000000000, 4.860000000000000300 ) ) ;
#4050 = DIRECTION ( 'NONE',  ( -1.000000000000000000, 0.0000000000000000000, 2.492418787322999200E-016 ) ) ;
#4051 = LINE ( 'NONE', #1339, #2507 ) ;
#4052 = EDGE_CURVE ( 'NONE', #2981, #2148, #4298, .T. ) ;
#4053 = VECTOR ( 'NONE', #3092, 1000.000000000000000 ) ;
#4054 = FILL_AREA_STYLE_COLOUR ( '', #2173 ) ;
#4055 = PLANE ( 'NONE',  #1218 ) ;
#4056 = UNCERTAINTY_MEASURE_WITH_UNIT (LENGTH_MEASURE( 1.000000000000000100E-005 ), #3594, 'distance_accuracy_value', 'NONE');
#4057 = LINE ( 'NONE', #3145, #3064 ) ;
#4058 = SURFACE_STYLE_FILL_AREA ( #3382 ) ;
#4059 = DIRECTION ( 'NONE',  ( -0.7071067811865474600, 0.0000000000000000000, -0.7071067811865474600 ) ) ;
#4060 = VECTOR ( 'NONE', #3698, 1000.000000000000100 ) ;
#4061 =( NAMED_UNIT ( * ) PLANE_ANGLE_UNIT ( ) SI_UNIT ( $, .RADIAN. ) );
#4062 = SURFACE_SIDE_STYLE ('',( #3862 ) ) ;
#4063 = AXIS2_PLACEMENT_3D ( 'NONE', #2964, #946, #3292 ) ;
#4064 = DIRECTION ( 'NONE',  ( 0.0000000000000000000, 1.000000000000000000, 0.0000000000000000000 ) ) ;
#4065 = PLANE ( 'NONE',  #3230 ) ;
#4066 = COLOUR_RGB ( '',1.000000000000000000, 1.000000000000000000, 1.000000000000000000 ) ;
#4067 =( NAMED_UNIT ( * ) PLANE_ANGLE_UNIT ( ) SI_UNIT ( $, .RADIAN. ) );
#4068 = EDGE_CURVE ( 'NONE', #3772, #1200, #3408, .T. ) ;
#4069 = SURFACE_STYLE_FILL_AREA ( #539 ) ;
#4070 = FILL_AREA_STYLE ('',( #2044 ) ) ;
#4071 = UNCERTAINTY_MEASURE_WITH_UNIT (LENGTH_MEASURE( 1.000000000000000100E-005 ), #2711, 'distance_accuracy_value', 'NONE');
#4072 = LINE ( 'NONE', #2252, #594 ) ;
#4073 = SURFACE_STYLE_USAGE ( .BOTH. , #1716 ) ;
#4074 = CARTESIAN_POINT ( 'NONE',  ( 1.269999999999999800, 1.700000000000000000, 3.409999999999999700 ) ) ;
#4075 = DIRECTION ( 'NONE',  ( -0.7071067811865474600, 0.0000000000000000000, -0.7071067811865474600 ) ) ;
#4076 = ORIENTED_EDGE ( 'NONE', *, *, #1583, .T. ) ;
#4077 =( NAMED_UNIT ( * ) PLANE_ANGLE_UNIT ( ) SI_UNIT ( $, .RADIAN. ) );
#4078 = ORIENTED_EDGE ( 'NONE', *, *, #784, .F. ) ;
#4079 = MECHANICAL_DESIGN_GEOMETRIC_PRESENTATION_REPRESENTATION (  '', ( #3403 ), #4303 ) ;
#4080 = STYLED_ITEM ( 'NONE', ( #3417 ), #1734 ) ;
#4081 = VERTEX_POINT ( 'NONE', #60 ) ;
#4082 = FILL_AREA_STYLE ('',( #3756 ) ) ;
#4083 = CARTESIAN_POINT ( 'NONE',  ( -0.8699999999999987700, 0.0000000000000000000, 6.349999999999999600 ) ) ;
#4084 = VERTEX_POINT ( 'NONE', #2083 ) ;
#4085 = ORIENTED_EDGE ( 'NONE', *, *, #808, .T. ) ;
#4086 = VECTOR ( 'NONE', #2857, 1000.000000000000100 ) ;
#4087 = DIRECTION ( 'NONE',  ( 0.0000000000000000000, 1.000000000000000000, 0.0000000000000000000 ) ) ;
#4088 = DIRECTION ( 'NONE',  ( 0.7071067811865474600, 0.0000000000000000000, 0.7071067811865474600 ) ) ;
#4089 = DIRECTION ( 'NONE',  ( -0.7071067811865475700, 0.0000000000000000000, 0.7071067811865475700 ) ) ;
#4090 = VERTEX_POINT ( 'NONE', #2741 ) ;
#4091 = ORIENTED_EDGE ( 'NONE', *, *, #2689, .F. ) ;
#4092 = DIRECTION ( 'NONE',  ( -0.0000000000000000000, -1.000000000000000000, -0.0000000000000000000 ) ) ;
#4093 = VERTEX_POINT ( 'NONE', #1736 ) ;
#4094 = EDGE_CURVE ( 'NONE', #150, #4350, #1722, .T. ) ;
#4095 = SURFACE_STYLE_USAGE ( .BOTH. , #1738 ) ;
#4096 = EDGE_LOOP ( 'NONE', ( #3032, #2339, #1409, #2034 ) ) ;
#4097 = EDGE_LOOP ( 'NONE', ( #2991, #509, #412, #3607 ) ) ;
#4098 = CARTESIAN_POINT ( 'NONE',  ( -0.3199999999999993400, -3.000000000000000000, 2.760000000000000200 ) ) ;
#4099 = ADVANCED_FACE ( 'NONE', ( #3298 ), #752, .F. ) ;
#4100 =( GEOMETRIC_REPRESENTATION_CONTEXT ( 3 ) GLOBAL_UNCERTAINTY_ASSIGNED_CONTEXT ( ( #4047 ) ) GLOBAL_UNIT_ASSIGNED_CONTEXT ( ( #697, #3051, #1033 ) ) REPRESENTATION_CONTEXT ( 'NONE', 'WORKASPACE' ) );
#4101 = AXIS2_PLACEMENT_3D ( 'NONE', #2895, #878, #3235 ) ;
#4102 = VECTOR ( 'NONE', #3220, 1000.000000000000100 ) ;
#4103 = CARTESIAN_POINT ( 'NONE',  ( -1.269999999999999100, 1.700000000000000000, 4.210000000000000000 ) ) ;
#4104 = CARTESIAN_POINT ( 'NONE',  ( -0.2199999999999993600, 8.339999999999999900, 2.860000000000000300 ) ) ;
#4105 = LINE ( 'NONE', #2406, #1530 ) ;
#4106 = STYLED_ITEM ( 'NONE', ( #3491 ), #75 ) ;
#4107 = SURFACE_STYLE_USAGE ( .BOTH. , #1747 ) ;
#4108 =( LENGTH_UNIT ( ) NAMED_UNIT ( * ) SI_UNIT ( .MILLI., .METRE. ) );
#4109 = LINE ( 'NONE', #3122, #753 ) ;
#4110 = EDGE_CURVE ( 'NONE', #520, #2148, #1203, .T. ) ;
#4111 = PLANE ( 'NONE',  #1560 ) ;
#4112 =( GEOMETRIC_REPRESENTATION_CONTEXT ( 3 ) GLOBAL_UNCERTAINTY_ASSIGNED_CONTEXT ( ( #970 ) ) GLOBAL_UNIT_ASSIGNED_CONTEXT ( ( #4002, #1986, #4340 ) ) REPRESENTATION_CONTEXT ( 'NONE', 'WORKASPACE' ) );
#4113 = CARTESIAN_POINT ( 'NONE',  ( -1.269999999999999100, 1.700000000000000000, 4.210000000000000000 ) ) ;
#4114 = PRESENTATION_LAYER_ASSIGNMENT (  '', '', ( #3656 ) ) ;
#4115 = PRESENTATION_STYLE_ASSIGNMENT (( #331 ) ) ;
#4116 = LINE ( 'NONE', #1804, #633 ) ;
#4117 = CARTESIAN_POINT ( 'NONE',  ( -0.2199999999999994700, -3.000000000000000000, 2.220000000000000200 ) ) ;
#4118 = LINE ( 'NONE', #3925, #3227 ) ;
#4119 = COLOUR_RGB ( '',0.0000000000000000000, 0.03529411764705882300, 0.05882352941176470500 ) ;
#4120 = LINE ( 'NONE', #2721, #3229 ) ;
#4121 = DIRECTION ( 'NONE',  ( -1.232047923278982200E-016, 0.0000000000000000000, -1.000000000000000000 ) ) ;
#4122 = SURFACE_SIDE_STYLE ('',( #1531 ) ) ;
#4123 = ADVANCED_FACE ( 'NONE', ( #3785 ), #3452, .F. ) ;
#4124 = FACE_OUTER_BOUND ( 'NONE', #3477, .T. ) ;
#4125 =( GEOMETRIC_REPRESENTATION_CONTEXT ( 3 ) GLOBAL_UNCERTAINTY_ASSIGNED_CONTEXT ( ( #1386 ) ) GLOBAL_UNIT_ASSIGNED_CONTEXT ( ( #2451, #447, #2800 ) ) REPRESENTATION_CONTEXT ( 'NONE', 'WORKASPACE' ) );
#4126 = FILL_AREA_STYLE ('',( #3437 ) ) ;
#4127 = FILL_AREA_STYLE_COLOUR ( '', #2564 ) ;
#4128 = VECTOR ( 'NONE', #2639, 1000.000000000000000 ) ;
#4129 = FILL_AREA_STYLE_COLOUR ( '', #1897 ) ;
#4130 = EDGE_LOOP ( 'NONE', ( #4356, #930, #2293, #1881 ) ) ;
#4131 = FILL_AREA_STYLE_COLOUR ( '', #462 ) ;
#4132 =( NAMED_UNIT ( * ) SI_UNIT ( $, .STERADIAN. ) SOLID_ANGLE_UNIT ( ) );
#4133 = EDGE_LOOP ( 'NONE', ( #3668, #3729, #4253, #3413 ) ) ;
#4134 = VERTEX_POINT ( 'NONE', #3126 ) ;
#4135 = ADVANCED_FACE ( 'NONE', ( #2548 ), #1784, .F. ) ;
#4136 = PRESENTATION_LAYER_ASSIGNMENT (  '', '', ( #3689 ) ) ;
#4137 = ORIENTED_EDGE ( 'NONE', *, *, #1807, .T. ) ;
#4138 =( GEOMETRIC_REPRESENTATION_CONTEXT ( 3 ) GLOBAL_UNCERTAINTY_ASSIGNED_CONTEXT ( ( #1071 ) ) GLOBAL_UNIT_ASSIGNED_CONTEXT ( ( #1985, #4339, #2314 ) ) REPRESENTATION_CONTEXT ( 'NONE', 'WORKASPACE' ) );
#4139 = ORIENTED_EDGE ( 'NONE', *, *, #1796, .T. ) ;
#4140 = VERTEX_POINT ( 'NONE', #4149 ) ;
#4141 = CARTESIAN_POINT ( 'NONE',  ( 0.2199999999999999700, 8.339999999999999900, -0.3200000000000000600 ) ) ;
#4142 = ORIENTED_EDGE ( 'NONE', *, *, #2712, .F. ) ;
#4143 = STYLED_ITEM ( 'NONE', ( #3678 ), #3771 ) ;
#4144 = EDGE_LOOP ( 'NONE', ( #1981, #2839, #1354, #2730 ) ) ;
#4145 = ORIENTED_EDGE ( 'NONE', *, *, #3703, .F. ) ;
#4146 = LINE ( 'NONE', #1659, #570 ) ;
#4147 =( LENGTH_UNIT ( ) NAMED_UNIT ( * ) SI_UNIT ( .MILLI., .METRE. ) );
#4148 = DIRECTION ( 'NONE',  ( -0.7071067811865474600, 0.0000000000000000000, -0.7071067811865474600 ) ) ;
#4149 = CARTESIAN_POINT ( 'NONE',  ( -0.3199999999999988400, 1.700000000000000200, 4.860000000000000300 ) ) ;
#4150 = EDGE_CURVE ( 'NONE', #4192, #1605, #4034, .T. ) ;
#4151 = DIRECTION ( 'NONE',  ( 0.0000000000000000000, 1.000000000000000000, 0.0000000000000000000 ) ) ;
#4152 = LINE ( 'NONE', #2923, #682 ) ;
#4153 = UNCERTAINTY_MEASURE_WITH_UNIT (LENGTH_MEASURE( 1.000000000000000100E-005 ), #3649, 'distance_accuracy_value', 'NONE');
#4154 = UNCERTAINTY_MEASURE_WITH_UNIT (LENGTH_MEASURE( 1.000000000000000100E-005 ), #1170, 'distance_accuracy_value', 'NONE');
#4155 = COLOUR_RGB ( '',1.000000000000000000, 1.000000000000000000, 1.000000000000000000 ) ;
#4156 = EDGE_CURVE ( 'NONE', #1551, #2487, #1773, .T. ) ;
#4157 = VECTOR ( 'NONE', #3490, 1000.000000000000000 ) ;
#4158 = LINE ( 'NONE', #1077, #4053 ) ;
#4159 = DIRECTION ( 'NONE',  ( -0.0000000000000000000, -1.000000000000000000, -0.0000000000000000000 ) ) ;
#4160 = VECTOR ( 'NONE', #2131, 1000.000000000000000 ) ;
#4161 = SURFACE_SIDE_STYLE ('',( #688 ) ) ;
#4162 = VECTOR ( 'NONE', #1299, 1000.000000000000100 ) ;
#4163 = DIRECTION ( 'NONE',  ( 0.0000000000000000000, 1.000000000000000000, 0.0000000000000000000 ) ) ;
#4164 =( LENGTH_UNIT ( ) NAMED_UNIT ( * ) SI_UNIT ( .MILLI., .METRE. ) );
#4165 = ADVANCED_FACE ( 'NONE', ( #3155 ), #3162, .T. ) ;
#4166 = MECHANICAL_DESIGN_GEOMETRIC_PRESENTATION_REPRESENTATION (  '', ( #3494 ), #9 ) ;
#4167 = VECTOR ( 'NONE', #4361, 1000.000000000000000 ) ;
#4168 =( NAMED_UNIT ( * ) SI_UNIT ( $, .STERADIAN. ) SOLID_ANGLE_UNIT ( ) );
#4169 = VECTOR ( 'NONE', #4322, 1000.000000000000000 ) ;
#4170 =( GEOMETRIC_REPRESENTATION_CONTEXT ( 3 ) GLOBAL_UNCERTAINTY_ASSIGNED_CONTEXT ( ( #3057 ) ) GLOBAL_UNIT_ASSIGNED_CONTEXT ( ( #1275, #3628, #1608 ) ) REPRESENTATION_CONTEXT ( 'NONE', 'WORKASPACE' ) );
#4171 = VECTOR ( 'NONE', #613, 1000.000000000000000 ) ;
#4172 = MECHANICAL_DESIGN_GEOMETRIC_PRESENTATION_REPRESENTATION (  '', ( #3497 ), #14 ) ;
#4173 = PLANE ( 'NONE',  #4017 ) ;
#4174 = CARTESIAN_POINT ( 'NONE',  ( 0.8699999999999998800, 1.700000000000000000, 3.809999999999999600 ) ) ;
#4175 =( GEOMETRIC_REPRESENTATION_CONTEXT ( 3 ) GLOBAL_UNCERTAINTY_ASSIGNED_CONTEXT ( ( #3146 ) ) GLOBAL_UNIT_ASSIGNED_CONTEXT ( ( #210, #2554, #554 ) ) REPRESENTATION_CONTEXT ( 'NONE', 'WORKASPACE' ) );
#4176 = FACE_OUTER_BOUND ( 'NONE', #241, .T. ) ;
#4177 = DIRECTION ( 'NONE',  ( 0.0000000000000000000, 1.000000000000000000, 0.0000000000000000000 ) ) ;
#4178 = VECTOR ( 'NONE', #2875, 1000.000000000000100 ) ;
#4179 = SURFACE_SIDE_STYLE ('',( #2056 ) ) ;
#4180 = EDGE_CURVE ( 'NONE', #2673, #449, #3609, .T. ) ;
#4181 = SURFACE_STYLE_USAGE ( .BOTH. , #1821 ) ;
#4182 = DIRECTION ( 'NONE',  ( -0.7071067811865475700, 0.0000000000000000000, 0.7071067811865475700 ) ) ;
#4183 = MECHANICAL_DESIGN_GEOMETRIC_PRESENTATION_REPRESENTATION (  '', ( #3507 ), #27 ) ;
#4184 = PRESENTATION_LAYER_ASSIGNMENT (  '', '', ( #3743 ) ) ;
#4185 = CARTESIAN_POINT ( 'NONE',  ( 0.3200000000000018900, -3.000000000000000000, 7.400000000000000400 ) ) ;
#4186 = ADVANCED_FACE ( 'NONE', ( #1823 ), #3174, .T. ) ;
#4187 = EDGE_CURVE ( 'NONE', #3189, #1931, #1513, .T. ) ;
#4188 = EDGE_LOOP ( 'NONE', ( #4091, #510, #4344, #831 ) ) ;
#4189 = DIRECTION ( 'NONE',  ( -1.000000000000000000, 0.0000000000000000000, 0.0000000000000000000 ) ) ;
#4190 = DIRECTION ( 'NONE',  ( -0.7071067811865475700, 0.0000000000000000000, 0.7071067811865475700 ) ) ;
#4191 = UNCERTAINTY_MEASURE_WITH_UNIT (LENGTH_MEASURE( 1.000000000000000100E-005 ), #2167, 'distance_accuracy_value', 'NONE');
#4192 = VERTEX_POINT ( 'NONE', #3524 ) ;
#4193 = EDGE_CURVE ( 'NONE', #1656, #3285, #2400, .T. ) ;
#4194 = EDGE_LOOP ( 'NONE', ( #2392, #460, #676, #3350 ) ) ;
#4195 = DIRECTION ( 'NONE',  ( 0.7071067811865474600, -0.0000000000000000000, -0.7071067811865474600 ) ) ;
#4196 = EDGE_CURVE ( 'NONE', #3203, #1510, #605, .T. ) ;
#4197 = MECHANICAL_DESIGN_GEOMETRIC_PRESENTATION_REPRESENTATION (  '', ( #3523 ), #44 ) ;
#4198 = ORIENTED_EDGE ( 'NONE', *, *, #3175, .F. ) ;
#4199 = ORIENTED_EDGE ( 'NONE', *, *, #3152, .F. ) ;
#4200 = VECTOR ( 'NONE', #2190, 1000.000000000000100 ) ;
#4201 = AXIS2_PLACEMENT_3D ( 'NONE', #730, #3086, #1072 ) ;
#4202 = ORIENTED_EDGE ( 'NONE', *, *, #2127, .T. ) ;
#4203 = ORIENTED_EDGE ( 'NONE', *, *, #1220, .F. ) ;
#4204 = EDGE_LOOP ( 'NONE', ( #3987, #3867, #3454, #3519 ) ) ;
#4205 = SURFACE_STYLE_FILL_AREA ( #1424 ) ;
#4206 = FACE_OUTER_BOUND ( 'NONE', #789, .T. ) ;
#4207 = ORIENTED_EDGE ( 'NONE', *, *, #1922, .T. ) ;
#4208 = ORIENTED_EDGE ( 'NONE', *, *, #151, .F. ) ;
#4209 = CARTESIAN_POINT ( 'NONE',  ( -0.2199999999999999700, -3.000000000000000000, 0.3199999999999999500 ) ) ;
#4210 = MECHANICAL_DESIGN_GEOMETRIC_PRESENTATION_REPRESENTATION (  '', ( #3535 ), #58 ) ;
#4211 = FILL_AREA_STYLE ('',( #1180 ) ) ;
#4212 = ADVANCED_FACE ( 'NONE', ( #1411 ), #3196, .F. ) ;
#4213 = PRESENTATION_STYLE_ASSIGNMENT (( #3210 ) ) ;
#4214 = LINE ( 'NONE', #3875, #746 ) ;
#4215 = CARTESIAN_POINT ( 'NONE',  ( 2.270000000000000900, 1.700000000000000000, 2.270000000000000900 ) ) ;
#4216 = DIRECTION ( 'NONE',  ( 0.7071067811865474600, -0.0000000000000000000, -0.7071067811865474600 ) ) ;
#4217 = LINE ( 'NONE', #1421, #2514 ) ;
#4218 =( NAMED_UNIT ( * ) PLANE_ANGLE_UNIT ( ) SI_UNIT ( $, .RADIAN. ) );
#4219 = FACE_OUTER_BOUND ( 'NONE', #465, .T. ) ;
#4220 = EDGE_CURVE ( 'NONE', #3189, #4140, #3976, .T. ) ;
#4221 = DIRECTION ( 'NONE',  ( 0.0000000000000000000, 1.000000000000000000, -0.0000000000000000000 ) ) ;
#4222 = COLOUR_RGB ( '',0.0000000000000000000, 0.03529411764705882300, 0.05882352941176470500 ) ;
#4223 = SURFACE_STYLE_FILL_AREA ( #397 ) ;
#4224 = DIRECTION ( 'NONE',  ( 0.0000000000000000000, 1.000000000000000000, 0.0000000000000000000 ) ) ;
#4225 = CARTESIAN_POINT ( 'NONE',  ( 0.8699999999999987700, 0.0000000000000000000, -1.270000000000000200 ) ) ;
#4226 = LINE ( 'NONE', #20, #1541 ) ;
#4227 = CARTESIAN_POINT ( 'NONE',  ( 1.269999999999999800, 1.700000000000000000, 3.409999999999999700 ) ) ;
#4228 = STYLED_ITEM ( 'NONE', ( #1389 ), #759 ) ;
#4229 = LINE ( 'NONE', #2979, #764 ) ;
#4230 = AXIS2_PLACEMENT_3D ( 'NONE', #127, #2475, #476 ) ;
#4231 = ADVANCED_FACE ( 'NONE', ( #2192 ), #1857, .F. ) ;
#4232 = CARTESIAN_POINT ( 'NONE',  ( -1.269999999999999800, 0.0000000000000000000, 1.669999999999999900 ) ) ;
#4233 = AXIS2_PLACEMENT_3D ( 'NONE', #2387, #380, #2732 ) ;
#4234 = VECTOR ( 'NONE', #1291, 1000.000000000000100 ) ;
#4235 = SURFACE_STYLE_USAGE ( .BOTH. , #1879 ) ;
#4236 = CARTESIAN_POINT ( 'NONE',  ( 0.3200000000000006700, -3.000000000000000000, 2.760000000000000200 ) ) ;
#4237 = EDGE_CURVE ( 'NONE', #1564, #520, #1878, .T. ) ;
#4238 = DIRECTION ( 'NONE',  ( -0.0000000000000000000, -1.000000000000000000, -0.0000000000000000000 ) ) ;
#4239 = EDGE_CURVE ( 'NONE', #4349, #604, #2775, .T. ) ;
#4240 = ORIENTED_EDGE ( 'NONE', *, *, #2208, .T. ) ;
#4241 = CARTESIAN_POINT ( 'NONE',  ( -0.7500000000000000000, 0.2999999999999999900, 4.760000000000000700 ) ) ;
#4242 = UNCERTAINTY_MEASURE_WITH_UNIT (LENGTH_MEASURE( 1.000000000000000100E-005 ), #805, 'distance_accuracy_value', 'NONE');
#4243 = ORIENTED_EDGE ( 'NONE', *, *, #622, .F. ) ;
#4244 = ORIENTED_EDGE ( 'NONE', *, *, #1040, .T. ) ;
#4245 = VECTOR ( 'NONE', #2428, 1000.000000000000100 ) ;
#4246 = SURFACE_SIDE_STYLE ('',( #2063 ) ) ;
#4247 = PRESENTATION_LAYER_ASSIGNMENT (  '', '', ( #3802 ) ) ;
#4248 = ORIENTED_EDGE ( 'NONE', *, *, #2884, .T. ) ;
#4249 = EDGE_LOOP ( 'NONE', ( #454, #3526, #3518, #2645 ) ) ;
#4250 = CARTESIAN_POINT ( 'NONE',  ( -0.2199999999999993600, 0.2999999999999999300, 2.860000000000000300 ) ) ;
#4251 = STYLED_ITEM ( 'NONE', ( #1749 ), #2158 ) ;
#4252 = PRESENTATION_LAYER_ASSIGNMENT (  '', '', ( #3806 ) ) ;
#4253 = ORIENTED_EDGE ( 'NONE', *, *, #2743, .T. ) ;
#4254 = EDGE_LOOP ( 'NONE', ( #1198, #2873, #931, #1515 ) ) ;
#4255 = ORIENTED_EDGE ( 'NONE', *, *, #2127, .F. ) ;
#4256 =( GEOMETRIC_REPRESENTATION_CONTEXT ( 3 ) GLOBAL_UNCERTAINTY_ASSIGNED_CONTEXT ( ( #3003 ) ) GLOBAL_UNIT_ASSIGNED_CONTEXT ( ( #3078, #1063, #3399 ) ) REPRESENTATION_CONTEXT ( 'NONE', 'WORKASPACE' ) );
#4257 = DIRECTION ( 'NONE',  ( 0.7071067811865474600, 0.0000000000000000000, -0.7071067811865474600 ) ) ;
#4258 = FACE_OUTER_BOUND ( 'NONE', #2607, .T. ) ;
#4259 = DIRECTION ( 'NONE',  ( -0.0000000000000000000, -1.000000000000000000, -0.0000000000000000000 ) ) ;
#4260 = FACE_OUTER_BOUND ( 'NONE', #1148, .T. ) ;
#4261 = LINE ( 'NONE', #112, #4160 ) ;
#4262 = CARTESIAN_POINT ( 'NONE',  ( 0.8699999999999987700, 1.700000000000000000, -1.270000000000000200 ) ) ;
#4263 = PRESENTATION_LAYER_ASSIGNMENT (  '', '', ( #3818 ) ) ;
#4264 = VECTOR ( 'NONE', #2294, 1000.000000000000100 ) ;
#4265 = AXIS2_PLACEMENT_3D ( 'NONE', #1480, #3831, #1809 ) ;
#4266 = DIRECTION ( 'NONE',  ( -0.7071067811865474600, 0.0000000000000000000, -0.7071067811865474600 ) ) ;
#4267 = EDGE_CURVE ( 'NONE', #1988, #1876, #185, .T. ) ;
#4268 = VECTOR ( 'NONE', #699, 1000.000000000000000 ) ;
#4269 = LINE ( 'NONE', #2329, #1580 ) ;
#4270 = DIRECTION ( 'NONE',  ( 0.0000000000000000000, 1.000000000000000000, 0.0000000000000000000 ) ) ;
#4271 = CARTESIAN_POINT ( 'NONE',  ( -1.270000000000000500, 1.700000000000000000, -0.8700000000000003300 ) ) ;
#4272 = LINE ( 'NONE', #747, #4171 ) ;
#4273 = SURFACE_STYLE_FILL_AREA ( #419 ) ;
#4274 =( NAMED_UNIT ( * ) PLANE_ANGLE_UNIT ( ) SI_UNIT ( $, .RADIAN. ) );
#4275 = EDGE_CURVE ( 'NONE', #3924, #1551, #981, .T. ) ;
#4276 = LINE ( 'NONE', #3358, #3380 ) ;
#4277 = STYLED_ITEM ( 'NONE', ( #2699 ), #2199 ) ;
#4278 = DIRECTION ( 'NONE',  ( 0.7071067811865474600, 0.0000000000000000000, 0.7071067811865474600 ) ) ;
#4279 = FILL_AREA_STYLE ('',( #3942 ) ) ;
#4280 = LINE ( 'NONE', #2345, #812 ) ;
#4281 =( NAMED_UNIT ( * ) SI_UNIT ( $, .STERADIAN. ) SOLID_ANGLE_UNIT ( ) );
#4282 = SURFACE_STYLE_USAGE ( .BOTH. , #1928 ) ;
#4283 = PRESENTATION_LAYER_ASSIGNMENT (  '', '', ( #3843 ) ) ;
#4284 = UNCERTAINTY_MEASURE_WITH_UNIT (LENGTH_MEASURE( 1.000000000000000100E-005 ), #598, 'distance_accuracy_value', 'NONE');
#4285 =( NAMED_UNIT ( * ) PLANE_ANGLE_UNIT ( ) SI_UNIT ( $, .RADIAN. ) );
#4286 = ORIENTED_EDGE ( 'NONE', *, *, #2336, .T. ) ;
#4287 = EDGE_CURVE ( 'NONE', #191, #2817, #3561, .T. ) ;
#4288 = CARTESIAN_POINT ( 'NONE',  ( -0.3199999999999980600, 1.700000000000000000, 7.839999999999999900 ) ) ;
#4289 = DIRECTION ( 'NONE',  ( 1.000000000000000000, 0.0000000000000000000, 0.0000000000000000000 ) ) ;
#4290 = ORIENTED_EDGE ( 'NONE', *, *, #3592, .F. ) ;
#4291 = ORIENTED_EDGE ( 'NONE', *, *, #1581, .T. ) ;
#4292 = SURFACE_STYLE_USAGE ( .BOTH. , #1945 ) ;
#4293 = ORIENTED_EDGE ( 'NONE', *, *, #721, .F. ) ;
#4294 = ORIENTED_EDGE ( 'NONE', *, *, #1139, .F. ) ;
#4295 = DIRECTION ( 'NONE',  ( -2.492418787322998300E-016, 0.0000000000000000000, -1.000000000000000000 ) ) ;
#4296 = ORIENTED_EDGE ( 'NONE', *, *, #779, .F. ) ;
#4297 = CARTESIAN_POINT ( 'NONE',  ( 0.8699999999999987700, 0.0000000000000000000, -1.270000000000000200 ) ) ;
#4298 = LINE ( 'NONE', #2068, #2497 ) ;
#4299 = ORIENTED_EDGE ( 'NONE', *, *, #2780, .T. ) ;
#4300 = ORIENTED_EDGE ( 'NONE', *, *, #381, .F. ) ;
#4301 = SURFACE_STYLE_FILL_AREA ( #2974 ) ;
#4302 =( LENGTH_UNIT ( ) NAMED_UNIT ( * ) SI_UNIT ( .MILLI., .METRE. ) );
#4303 =( GEOMETRIC_REPRESENTATION_CONTEXT ( 3 ) GLOBAL_UNCERTAINTY_ASSIGNED_CONTEXT ( ( #2724 ) ) GLOBAL_UNIT_ASSIGNED_CONTEXT ( ( #1687, #4045, #2024 ) ) REPRESENTATION_CONTEXT ( 'NONE', 'WORKASPACE' ) );
#4304 = AXIS2_PLACEMENT_3D ( 'NONE', #1222, #3576, #1555 ) ;
#4305 = SURFACE_SIDE_STYLE ('',( #1221 ) ) ;
#4306 = VECTOR ( 'NONE', #2269, 1000.000000000000000 ) ;
#4307 = DIRECTION ( 'NONE',  ( -0.7071067811865475700, 0.0000000000000000000, -0.7071067811865475700 ) ) ;
#4308 = LINE ( 'NONE', #2854, #2948 ) ;
#4309 = CARTESIAN_POINT ( 'NONE',  ( 0.2200000000000019400, -3.000000000000000000, 7.939999999999999500 ) ) ;
#4310 = STYLED_ITEM ( 'NONE', ( #3851 ), #3444 ) ;
#4311 = COLOUR_RGB ( '',0.7921568627450980000, 0.8196078431372548800, 0.9333333333333333500 ) ;
#4312 = CARTESIAN_POINT ( 'NONE',  ( 0.2199999999999999700, -3.000000000000000000, -0.3200000000000000600 ) ) ;
#4313 = PRESENTATION_STYLE_ASSIGNMENT (( #340 ) ) ;
#4314 = DIRECTION ( 'NONE',  ( 0.0000000000000000000, 1.000000000000000000, 0.0000000000000000000 ) ) ;
#4315 = LINE ( 'NONE', #385, #1625 ) ;
#4316 = EDGE_CURVE ( 'NONE', #3201, #1876, #1768, .T. ) ;
#4317 = VECTOR ( 'NONE', #2744, 1000.000000000000000 ) ;
#4318 = SURFACE_STYLE_FILL_AREA ( #3597 ) ;
#4319 = LINE ( 'NONE', #2670, #1740 ) ;
#4320 = FILL_AREA_STYLE ('',( #3638 ) ) ;
#4321 = FACE_OUTER_BOUND ( 'NONE', #2595, .T. ) ;
#4322 = DIRECTION ( 'NONE',  ( -0.0000000000000000000, -1.000000000000000000, -0.0000000000000000000 ) ) ;
#4323 =( NAMED_UNIT ( * ) SI_UNIT ( $, .STERADIAN. ) SOLID_ANGLE_UNIT ( ) );
#4324 = FILL_AREA_STYLE ('',( #1626 ) ) ;
#4325 =( LENGTH_UNIT ( ) NAMED_UNIT ( * ) SI_UNIT ( .MILLI., .METRE. ) );
#4326 = DIRECTION ( 'NONE',  ( -0.7071067811865474600, 0.0000000000000000000, -0.7071067811865474600 ) ) ;
#4327 = LINE ( 'NONE', #1036, #2526 ) ;
#4328 = DIRECTION ( 'NONE',  ( -1.000000000000000000, 0.0000000000000000000, 2.464095846557964400E-016 ) ) ;
#4329 = AXIS2_PLACEMENT_3D ( 'NONE', #35, #4182, #2193 ) ;
#4330 = CARTESIAN_POINT ( 'NONE',  ( 0.3200000000000006200, -3.000000000000000000, 2.319999999999999800 ) ) ;
#4331 = VECTOR ( 'NONE', #40, 1000.000000000000000 ) ;
#4332 = CARTESIAN_POINT ( 'NONE',  ( 2.530000000000000200, 0.2999999999999999900, 2.009999999999999800 ) ) ;
#4333 = EDGE_CURVE ( 'NONE', #3783, #833, #4346, .T. ) ;
#4334 = LINE ( 'NONE', #4309, #1752 ) ;
#4335 = CARTESIAN_POINT ( 'NONE',  ( -1.269999999999999100, 0.0000000000000000000, 4.210000000000000000 ) ) ;
#4336 = MECHANICAL_DESIGN_GEOMETRIC_PRESENTATION_REPRESENTATION (  '', ( #3656 ), #188 ) ;
#4337 = DIRECTION ( 'NONE',  ( -1.000000000000000000, 0.0000000000000000000, 2.492418787322999700E-016 ) ) ;
#4338 = ORIENTED_EDGE ( 'NONE', *, *, #3769, .F. ) ;
#4339 =( NAMED_UNIT ( * ) PLANE_ANGLE_UNIT ( ) SI_UNIT ( $, .RADIAN. ) );
#4340 =( NAMED_UNIT ( * ) SI_UNIT ( $, .STERADIAN. ) SOLID_ANGLE_UNIT ( ) );
#4341 =( NAMED_UNIT ( * ) SI_UNIT ( $, .STERADIAN. ) SOLID_ANGLE_UNIT ( ) );
#4342 =( NAMED_UNIT ( * ) PLANE_ANGLE_UNIT ( ) SI_UNIT ( $, .RADIAN. ) );
#4343 = ORIENTED_EDGE ( 'NONE', *, *, #2125, .F. ) ;
#4344 = ORIENTED_EDGE ( 'NONE', *, *, #2801, .T. ) ;
#4345 = ORIENTED_EDGE ( 'NONE', *, *, #577, .F. ) ;
#4346 = LINE ( 'NONE', #886, #4245 ) ;
#4347 = STYLED_ITEM ( 'NONE', ( #1217 ), #2797 ) ;
#4348 = CARTESIAN_POINT ( 'NONE',  ( 1.269999999999998700, 1.700000000000000000, -0.8700000000000003300 ) ) ;
#4349 = VERTEX_POINT ( 'NONE', #200 ) ;
#4350 = VERTEX_POINT ( 'NONE', #548 ) ;
#4351 = ORIENTED_EDGE ( 'NONE', *, *, #4239, .F. ) ;
#4352 = SURFACE_STYLE_USAGE ( .BOTH. , #2000 ) ;
#4353 = SURFACE_STYLE_FILL_AREA ( #1762 ) ;
#4354 = DIRECTION ( 'NONE',  ( 1.000000000000000000, 0.0000000000000000000, -0.0000000000000000000 ) ) ;
#4355 = PLANE ( 'NONE',  #1764 ) ;
#4356 = ORIENTED_EDGE ( 'NONE', *, *, #87, .F. ) ;
#4357 = ORIENTED_EDGE ( 'NONE', *, *, #3849, .F. ) ;
#4358 = SURFACE_SIDE_STYLE ('',( #1889 ) ) ;
#4359 = ORIENTED_EDGE ( 'NONE', *, *, #912, .T. ) ;
#4360 = EDGE_CURVE ( 'NONE', #3296, #3157, #2543, .T. ) ;
#4361 = DIRECTION ( 'NONE',  ( 2.464095846557964400E-016, 0.0000000000000000000, 1.000000000000000000 ) ) ;
#4362 = DIRECTION ( 'NONE',  ( -1.000000000000000000, 0.0000000000000000000, 2.492418787322999200E-016 ) ) ;
#4363 = ORIENTED_EDGE ( 'NONE', *, *, #66, .F. ) ;
#4364 = FILL_AREA_STYLE ('',( #4018 ) ) ;
#4365 = CARTESIAN_POINT ( 'NONE',  ( -0.2199999999999980900, -3.000000000000000000, 7.939999999999999500 ) ) ;
#4366 = MECHANICAL_DESIGN_GEOMETRIC_PRESENTATION_REPRESENTATION (  '', ( #3689 ), #218 ) ;
#4367 = LINE ( 'NONE', #452, #1676 ) ;
#4368 = FILL_AREA_STYLE ('',( #1006 ) ) ;
#4369 = DIRECTION ( 'NONE',  ( 0.0000000000000000000, 1.000000000000000000, 0.0000000000000000000 ) ) ;
#4370 = FACE_OUTER_BOUND ( 'NONE', #1926, .T. ) ;
#4371 = DIRECTION ( 'NONE',  ( 0.0000000000000000000, 1.000000000000000000, 0.0000000000000000000 ) ) ;
#4372 = LINE ( 'NONE', #1958, #2793 ) ;
#4373 = AXIS2_PLACEMENT_3D ( 'NONE', #2524, #523, #2874 ) ;
#4374 = DIRECTION ( 'NONE',  ( 0.0000000000000000000, 1.000000000000000000, 0.0000000000000000000 ) ) ;
#4375 = SURFACE_STYLE_FILL_AREA ( #4070 ) ;
#4376 = DIRECTION ( 'NONE',  ( 0.0000000000000000000, 1.000000000000000000, 0.0000000000000000000 ) ) ;
#4377 = LINE ( 'NONE', #5, #4268 ) ;
#4378 = SURFACE_SIDE_STYLE ('',( #809 ) ) ;
#4379 = EDGE_CURVE ( 'NONE', #839, #2817, #783, .T. ) ;
#4380 = UNCERTAINTY_MEASURE_WITH_UNIT (LENGTH_MEASURE( 1.000000000000000100E-005 ), #2682, 'distance_accuracy_value', 'NONE');
#4381 = VECTOR ( 'NONE', #17, 1000.000000000000000 ) ;
ENDSEC;
END-ISO-10303-21;
