ISO-10303-21;
HEADER;
FILE_DESCRIPTION (( 'STEP AP214' ),
    '1' );
FILE_NAME ('1x5.STEP',
    '2019-03-31T21:22:56',
    ( '' ),
    ( '' ),
    'SwSTEP 2.0',
    'SolidWorks 2014',
    '' );
FILE_SCHEMA (( 'AUTOMOTIVE_DESIGN' ));
ENDSEC;

DATA;
#1 = VECTOR ( 'NONE', #366, 1000.000000000000100 ) ;
#2 = ADVANCED_FACE ( 'NONE', ( #5383 ), #1405, .T. ) ;
#3 = EDGE_CURVE ( 'NONE', #3578, #4864, #2273, .T. ) ;
#4 = EDGE_CURVE ( 'NONE', #1070, #2336, #3759, .T. ) ;
#5 = CARTESIAN_POINT ( 'NONE',  ( 0.8699999999999992200, 1.700000000000000000, 1.269999999999999400 ) ) ;
#6 = AXIS2_PLACEMENT_3D ( 'NONE', #4257, #1758, #4673 ) ;
#7 = FILL_AREA_STYLE_COLOUR ( '', #2641 ) ;
#8 = FILL_AREA_STYLE ('',( #3422 ) ) ;
#9 = CARTESIAN_POINT ( 'NONE',  ( 0.8700000000000012200, 1.700000000000000000, 8.889999999999998800 ) ) ;
#10 = DIRECTION ( 'NONE',  ( 0.7071067811865474600, -0.0000000000000000000, 0.7071067811865474600 ) ) ;
#11 =( NAMED_UNIT ( * ) SI_UNIT ( $, .STERADIAN. ) SOLID_ANGLE_UNIT ( ) );
#12 = DIRECTION ( 'NONE',  ( -0.7071067811865474600, 0.0000000000000000000, -0.7071067811865474600 ) ) ;
#13 = FACE_OUTER_BOUND ( 'NONE', #1381, .T. ) ;
#14 = VECTOR ( 'NONE', #5141, 1000.000000000000000 ) ;
#15 = MECHANICAL_DESIGN_GEOMETRIC_PRESENTATION_REPRESENTATION (  '', ( #4664 ), #320 ) ;
#16 = ORIENTED_EDGE ( 'NONE', *, *, #747, .F. ) ;
#17 = ORIENTED_EDGE ( 'NONE', *, *, #190, .F. ) ;
#18 = DIRECTION ( 'NONE',  ( 0.0000000000000000000, 1.000000000000000000, 0.0000000000000000000 ) ) ;
#19 = ORIENTED_EDGE ( 'NONE', *, *, #4446, .T. ) ;
#20 = ORIENTED_EDGE ( 'NONE', *, *, #916, .F. ) ;
#22 = CARTESIAN_POINT ( 'NONE',  ( -0.2199999999999993600, -3.000000000000000000, 2.860000000000000300 ) ) ;
#21 = FILL_AREA_STYLE_COLOUR ( '', #3246 ) ;
#23 = CARTESIAN_POINT ( 'NONE',  ( -0.3199999999999981700, -3.000000000000000000, 7.400000000000000400 ) ) ;
#24 = EDGE_LOOP ( 'NONE', ( #2150, #2278, #2754, #4528, #3700, #3818, #4505, #1326 ) ) ;
#25 = ORIENTED_EDGE ( 'NONE', *, *, #1651, .F. ) ;
#26 = SURFACE_STYLE_FILL_AREA ( #911 ) ;
#27 = PRESENTATION_STYLE_ASSIGNMENT (( #4087 ) ) ;
#28 = SURFACE_SIDE_STYLE ('',( #123 ) ) ;
#29 = PLANE ( 'NONE',  #3460 ) ;
#30 = PRESENTATION_LAYER_ASSIGNMENT (  '', '', ( #4966 ) ) ;
#31 = ORIENTED_EDGE ( 'NONE', *, *, #3415, .T. ) ;
#32 = ORIENTED_EDGE ( 'NONE', *, *, #3544, .F. ) ;
#33 = EDGE_CURVE ( 'NONE', #2204, #648, #2597, .T. ) ;
#34 = FACE_OUTER_BOUND ( 'NONE', #2176, .T. ) ;
#35 = VERTEX_POINT ( 'NONE', #767 ) ;
#36 =( GEOMETRIC_REPRESENTATION_CONTEXT ( 3 ) GLOBAL_UNCERTAINTY_ASSIGNED_CONTEXT ( ( #3615 ) ) GLOBAL_UNIT_ASSIGNED_CONTEXT ( ( #157, #3167, #598 ) ) REPRESENTATION_CONTEXT ( 'NONE', 'WORKASPACE' ) );
#37 = PRESENTATION_STYLE_ASSIGNMENT (( #3182 ) ) ;
#38 = CARTESIAN_POINT ( 'NONE',  ( -0.3199999999999993400, 0.2999999999999999300, 2.760000000000000200 ) ) ;
#39 = ORIENTED_EDGE ( 'NONE', *, *, #1645, .T. ) ;
#40 = EDGE_LOOP ( 'NONE', ( #1168, #1859, #2148, #1592 ) ) ;
#41 = LINE ( 'NONE', #562, #1073 ) ;
#42 = PRESENTATION_LAYER_ASSIGNMENT (  '', '', ( #4978 ) ) ;
#44 = CARTESIAN_POINT ( 'NONE',  ( -0.2200000000000000800, -3.000000000000000000, -0.3200000000000000600 ) ) ;
#43 = CARTESIAN_POINT ( 'NONE',  ( 0.3200000000000006200, 0.2999999999999999900, -1.270000000000000700 ) ) ;
#45 = STYLED_ITEM ( 'NONE', ( #4566 ), #717 ) ;
#46 =( NAMED_UNIT ( * ) SI_UNIT ( $, .STERADIAN. ) SOLID_ANGLE_UNIT ( ) );
#47 = PRESENTATION_LAYER_ASSIGNMENT (  '', '', ( #4981 ) ) ;
#48 = PRESENTATION_STYLE_ASSIGNMENT (( #534 ) ) ;
#49 = DIRECTION ( 'NONE',  ( 0.7071067811865474600, 0.0000000000000000000, -0.7071067811865474600 ) ) ;
#50 = PRESENTATION_STYLE_ASSIGNMENT (( #2002 ) ) ;
#51 = PRESENTATION_LAYER_ASSIGNMENT (  '', '', ( #4983 ) ) ;
#52 = UNCERTAINTY_MEASURE_WITH_UNIT (LENGTH_MEASURE( 1.000000000000000100E-005 ), #2262, 'distance_accuracy_value', 'NONE');
#53 = FILL_AREA_STYLE ('',( #2220 ) ) ;
#54 = FILL_AREA_STYLE ('',( #3496 ) ) ;
#55 = PRESENTATION_STYLE_ASSIGNMENT (( #5282 ) ) ;
#56 = VECTOR ( 'NONE', #2987, 1000.000000000000100 ) ;
#57 = FILL_AREA_STYLE ('',( #5115 ) ) ;
#58 = PRODUCT_RELATED_PRODUCT_CATEGORY ( 'part', '', ( #757 ) ) ;
#59 = COLOUR_RGB ( '',0.0000000000000000000, 0.03529411764705882300, 0.05882352941176470500 ) ;
#60 = PLANE ( 'NONE',  #2917 ) ;
#61 = ORIENTED_EDGE ( 'NONE', *, *, #286, .T. ) ;
#62 = UNCERTAINTY_MEASURE_WITH_UNIT (LENGTH_MEASURE( 1.000000000000000100E-005 ), #3947, 'distance_accuracy_value', 'NONE');
#63 = CARTESIAN_POINT ( 'NONE',  ( -0.3199999999999974000, 0.2999999999999999900, 9.940000000000001300 ) ) ;
#65 =( NAMED_UNIT ( * ) SI_UNIT ( $, .STERADIAN. ) SOLID_ANGLE_UNIT ( ) );
#64 =( NAMED_UNIT ( * ) SI_UNIT ( $, .STERADIAN. ) SOLID_ANGLE_UNIT ( ) );
#66 = VECTOR ( 'NONE', #18, 1000.000000000000000 ) ;
#67 = CARTESIAN_POINT ( 'NONE',  ( -0.7500000000000000000, 0.2999999999999999900, -1.270000000000000500 ) ) ;
#68 =( GEOMETRIC_REPRESENTATION_CONTEXT ( 3 ) GLOBAL_UNCERTAINTY_ASSIGNED_CONTEXT ( ( #3321 ) ) GLOBAL_UNIT_ASSIGNED_CONTEXT ( ( #4562, #2071, #4979 ) ) REPRESENTATION_CONTEXT ( 'NONE', 'WORKASPACE' ) );
#69 = DIRECTION ( 'NONE',  ( 0.0000000000000000000, 1.000000000000000000, 0.0000000000000000000 ) ) ;
#70 = CARTESIAN_POINT ( 'NONE',  ( -0.7500000000000000000, 0.2999999999999999900, 5.400000000000000400 ) ) ;
#71 = DIRECTION ( 'NONE',  ( 0.7071067811865475700, 0.0000000000000000000, -0.7071067811865475700 ) ) ;
#72 = EDGE_CURVE ( 'NONE', #1254, #979, #1997, .T. ) ;
#73 = CARTESIAN_POINT ( 'NONE',  ( -0.3199999999999974000, 8.339999999999999900, 10.38000000000000100 ) ) ;
#74 = CARTESIAN_POINT ( 'NONE',  ( -0.2199999999999980900, -3.000000000000000000, 7.939999999999999500 ) ) ;
#75 =( GEOMETRIC_REPRESENTATION_CONTEXT ( 3 ) GLOBAL_UNCERTAINTY_ASSIGNED_CONTEXT ( ( #3066 ) ) GLOBAL_UNIT_ASSIGNED_CONTEXT ( ( #4023, #1505, #4428 ) ) REPRESENTATION_CONTEXT ( 'NONE', 'WORKASPACE' ) );
#76 = EDGE_CURVE ( 'NONE', #1802, #4155, #358, .T. ) ;
#77 = EDGE_CURVE ( 'NONE', #4162, #2343, #4682, .T. ) ;
#78 = LINE ( 'NONE', #2215, #5437 ) ;
#79 = CARTESIAN_POINT ( 'NONE',  ( 0.2200000000000013100, -3.000000000000000000, 5.400000000000000400 ) ) ;
#81 = SURFACE_STYLE_USAGE ( .BOTH. , #2672 ) ;
#80 = CARTESIAN_POINT ( 'NONE',  ( 0.8700000000000017700, 0.0000000000000000000, 11.43000000000000000 ) ) ;
#82 = DIRECTION ( 'NONE',  ( -1.000000000000000000, -0.0000000000000000000, -0.0000000000000000000 ) ) ;
#83 = EDGE_CURVE ( 'NONE', #4329, #1994, #3666, .T. ) ;
#84 =( GEOMETRIC_REPRESENTATION_CONTEXT ( 3 ) GLOBAL_UNCERTAINTY_ASSIGNED_CONTEXT ( ( #1407 ) ) GLOBAL_UNIT_ASSIGNED_CONTEXT ( ( #3173, #604, #3584 ) ) REPRESENTATION_CONTEXT ( 'NONE', 'WORKASPACE' ) );
#85 = CARTESIAN_POINT ( 'NONE',  ( 0.2200000000000025000, -3.000000000000000000, 9.839999999999999900 ) ) ;
#86 = ORIENTED_EDGE ( 'NONE', *, *, #2390, .T. ) ;
#87 = CARTESIAN_POINT ( 'NONE',  ( -0.2199999999999982000, 8.339999999999999900, 7.299999999999999800 ) ) ;
#88 = DIRECTION ( 'NONE',  ( -1.232047923278982200E-016, -0.0000000000000000000, -1.000000000000000000 ) ) ;
#89 = DIRECTION ( 'NONE',  ( 0.0000000000000000000, 0.0000000000000000000, 1.000000000000000000 ) ) ;
#90 = ORIENTED_EDGE ( 'NONE', *, *, #3597, .F. ) ;
#91 = FACE_OUTER_BOUND ( 'NONE', #920, .T. ) ;
#92 = PRESENTATION_LAYER_ASSIGNMENT (  '', '', ( #5022 ) ) ;
#93 = CARTESIAN_POINT ( 'NONE',  ( 0.8699999999999987700, 1.700000000000000000, -1.270000000000000200 ) ) ;
#94 = VERTEX_POINT ( 'NONE', #38 ) ;
#95 = EDGE_CURVE ( 'NONE', #2473, #3766, #3205, .T. ) ;
#96 = ORIENTED_EDGE ( 'NONE', *, *, #3080, .T. ) ;
#97 = COLOUR_RGB ( '',1.000000000000000000, 1.000000000000000000, 1.000000000000000000 ) ;
#98 = LINE ( 'NONE', #5464, #5455 ) ;
#99 = VERTEX_POINT ( 'NONE', #1734 ) ;
#100 = VERTEX_POINT ( 'NONE', #1663 ) ;
#101 = CARTESIAN_POINT ( 'NONE',  ( 0.2200000000000012500, -3.000000000000000000, 4.760000000000000700 ) ) ;
#102 = STYLED_ITEM ( 'NONE', ( #3861 ), #2920 ) ;
#104 = CARTESIAN_POINT ( 'NONE',  ( -0.7500000000000000000, 0.2999999999999999900, 7.300000000000000700 ) ) ;
#103 = DIRECTION ( 'NONE',  ( 1.000000000000000000, 0.0000000000000000000, -1.232047923278982200E-016 ) ) ;
#105 =( NAMED_UNIT ( * ) PLANE_ANGLE_UNIT ( ) SI_UNIT ( $, .RADIAN. ) );
#106 = VECTOR ( 'NONE', #452, 1000.000000000000000 ) ;
#107 = EDGE_LOOP ( 'NONE', ( #2009, #2285, #2532, #4163 ) ) ;
#108 = FILL_AREA_STYLE_COLOUR ( '', #2457 ) ;
#109 = VERTEX_POINT ( 'NONE', #1755 ) ;
#110 = VERTEX_POINT ( 'NONE', #1715 ) ;
#111 = EDGE_CURVE ( 'NONE', #1819, #4837, #5077, .T. ) ;
#112 = SURFACE_STYLE_FILL_AREA ( #4095 ) ;
#113 = PLANE ( 'NONE',  #760 ) ;
#114 = SURFACE_SIDE_STYLE ('',( #1422 ) ) ;
#115 = EDGE_CURVE ( 'NONE', #144, #3550, #2504, .T. ) ;
#116 = VECTOR ( 'NONE', #5482, 1000.000000000000100 ) ;
#117 = ORIENTED_EDGE ( 'NONE', *, *, #2122, .F. ) ;
#118 = STYLED_ITEM ( 'NONE', ( #5054 ), #3815 ) ;
#119 = SURFACE_SIDE_STYLE ('',( #1550 ) ) ;
#120 = CARTESIAN_POINT ( 'NONE',  ( -0.2199999999999992800, 1.700000000000000000, 4.760000000000000700 ) ) ;
#122 = SURFACE_STYLE_USAGE ( .BOTH. , #2717 ) ;
#121 = DIRECTION ( 'NONE',  ( -0.7071067811865475700, 0.0000000000000000000, -0.7071067811865475700 ) ) ;
#123 = SURFACE_STYLE_FILL_AREA ( #2629 ) ;
#124 = SURFACE_SIDE_STYLE ('',( #3689 ) ) ;
#125 =( GEOMETRIC_REPRESENTATION_CONTEXT ( 3 ) GLOBAL_UNCERTAINTY_ASSIGNED_CONTEXT ( ( #3230 ) ) GLOBAL_UNIT_ASSIGNED_CONTEXT ( ( #5439, #2970, #396 ) ) REPRESENTATION_CONTEXT ( 'NONE', 'WORKASPACE' ) );
#126 = DIRECTION ( 'NONE',  ( -0.0000000000000000000, -1.000000000000000000, -0.0000000000000000000 ) ) ;
#127 = DIRECTION ( 'NONE',  ( -0.7071067811865474600, -0.0000000000000000000, -0.7071067811865474600 ) ) ;
#128 = ORIENTED_EDGE ( 'NONE', *, *, #76, .F. ) ;
#129 = SURFACE_STYLE_FILL_AREA ( #3485 ) ;
#130 = VECTOR ( 'NONE', #3258, 1000.000000000000000 ) ;
#131 = DIRECTION ( 'NONE',  ( 0.0000000000000000000, 1.000000000000000000, 0.0000000000000000000 ) ) ;
#132 = ORIENTED_EDGE ( 'NONE', *, *, #2406, .F. ) ;
#133 = EDGE_LOOP ( 'NONE', ( #5461, #4671, #1731, #2481 ) ) ;
#134 = LINE ( 'NONE', #810, #1028 ) ;
#135 = SURFACE_STYLE_USAGE ( .BOTH. , #2733 ) ;
#136 = CARTESIAN_POINT ( 'NONE',  ( -0.3199999999999987300, -3.000000000000000000, 5.299999999999999800 ) ) ;
#137 = FACE_OUTER_BOUND ( 'NONE', #1739, .T. ) ;
#138 = AXIS2_PLACEMENT_3D ( 'NONE', #4034, #1511, #4435 ) ;
#139 =( NAMED_UNIT ( * ) PLANE_ANGLE_UNIT ( ) SI_UNIT ( $, .RADIAN. ) );
#140 = EDGE_CURVE ( 'NONE', #2815, #3271, #2165, .T. ) ;
#141 = MECHANICAL_DESIGN_GEOMETRIC_PRESENTATION_REPRESENTATION (  '', ( #4788 ), #448 ) ;
#142 = CARTESIAN_POINT ( 'NONE',  ( -1.269999999999999100, 1.700000000000000000, 4.210000000000000000 ) ) ;
#143 =( NAMED_UNIT ( * ) SI_UNIT ( $, .STERADIAN. ) SOLID_ANGLE_UNIT ( ) );
#144 = VERTEX_POINT ( 'NONE', #1210 ) ;
#145 = LINE ( 'NONE', #80, #3309 ) ;
#146 = AXIS2_PLACEMENT_3D ( 'NONE', #206, #3204, #634 ) ;
#147 = UNCERTAINTY_MEASURE_WITH_UNIT (LENGTH_MEASURE( 1.000000000000000100E-005 ), #3484, 'distance_accuracy_value', 'NONE');
#148 = AXIS2_PLACEMENT_3D ( 'NONE', #2363, #2345, #2322 ) ;
#149 = PRESENTATION_LAYER_ASSIGNMENT (  '', '', ( #5078 ) ) ;
#150 = EDGE_LOOP ( 'NONE', ( #5190, #4638, #838, #1199 ) ) ;
#151 = DIRECTION ( 'NONE',  ( -1.000000000000000000, 0.0000000000000000000, 0.0000000000000000000 ) ) ;
#152 = DIRECTION ( 'NONE',  ( -0.7071067811865474600, 0.0000000000000000000, -0.7071067811865474600 ) ) ;
#153 = DIRECTION ( 'NONE',  ( 0.7071067811865474600, -0.0000000000000000000, -0.7071067811865474600 ) ) ;
#154 = VECTOR ( 'NONE', #1214, 1000.000000000000000 ) ;
#155 = EDGE_CURVE ( 'NONE', #2745, #1819, #1692, .T. ) ;
#156 = AXIS2_PLACEMENT_3D ( 'NONE', #3288, #720, #3699 ) ;
#157 =( LENGTH_UNIT ( ) NAMED_UNIT ( * ) SI_UNIT ( .MILLI., .METRE. ) );
#158 = VERTEX_POINT ( 'NONE', #691 ) ;
#159 =( LENGTH_UNIT ( ) NAMED_UNIT ( * ) SI_UNIT ( .MILLI., .METRE. ) );
#160 = ORIENTED_EDGE ( 'NONE', *, *, #1930, .T. ) ;
#161 = CARTESIAN_POINT ( 'NONE',  ( -0.3199999999999982300, 0.2999999999999999900, 7.399999999999998600 ) ) ;
#162 = SURFACE_STYLE_FILL_AREA ( #1786 ) ;
#163 = SURFACE_STYLE_USAGE ( .BOTH. , #2764 ) ;
#164 = ORIENTED_EDGE ( 'NONE', *, *, #3626, .F. ) ;
#165 = EDGE_LOOP ( 'NONE', ( #2128, #4283, #3587, #4405 ) ) ;
#166 = ORIENTED_EDGE ( 'NONE', *, *, #4131, .F. ) ;
#167 = VECTOR ( 'NONE', #900, 1000.000000000000000 ) ;
#168 = DIRECTION ( 'NONE',  ( 0.0000000000000000000, 1.000000000000000000, 0.0000000000000000000 ) ) ;
#169 = FACE_OUTER_BOUND ( 'NONE', #4763, .T. ) ;
#170 = ORIENTED_EDGE ( 'NONE', *, *, #4446, .F. ) ;
#171 = ORIENTED_EDGE ( 'NONE', *, *, #83, .T. ) ;
#172 = ORIENTED_EDGE ( 'NONE', *, *, #3630, .T. ) ;
#173 = FACE_OUTER_BOUND ( 'NONE', #4243, .T. ) ;
#174 = VECTOR ( 'NONE', #514, 1000.000000000000000 ) ;
#175 = CARTESIAN_POINT ( 'NONE',  ( -0.3199999999999975100, -3.000000000000000000, 9.940000000000001300 ) ) ;
#176 = MECHANICAL_DESIGN_GEOMETRIC_PRESENTATION_REPRESENTATION (  '', ( #4823 ), #481 ) ;
#177 = SURFACE_SIDE_STYLE ('',( #2212 ) ) ;
#178 = VERTEX_POINT ( 'NONE', #473 ) ;
#179 = EDGE_LOOP ( 'NONE', ( #4146, #4737, #3256, #3459 ) ) ;
#180 = DIRECTION ( 'NONE',  ( 0.0000000000000000000, -1.000000000000000000, 0.0000000000000000000 ) ) ;
#181 = VECTOR ( 'NONE', #1860, 1000.000000000000100 ) ;
#182 = FILL_AREA_STYLE ('',( #4828 ) ) ;
#183 = CARTESIAN_POINT ( 'NONE',  ( -0.7500000000000000000, 0.2999999999999999900, 9.839999999999999900 ) ) ;
#184 = SURFACE_STYLE_FILL_AREA ( #4216 ) ;
#185 = DIRECTION ( 'NONE',  ( -2.492418787322999200E-016, -0.0000000000000000000, -1.000000000000000000 ) ) ;
#186 = EDGE_CURVE ( 'NONE', #4599, #3968, #1955, .T. ) ;
#187 =( NAMED_UNIT ( * ) SI_UNIT ( $, .STERADIAN. ) SOLID_ANGLE_UNIT ( ) );
#188 = DIRECTION ( 'NONE',  ( -0.7071067811865474600, -0.0000000000000000000, -0.7071067811865474600 ) ) ;
#189 = CARTESIAN_POINT ( 'NONE',  ( 0.3199999999999999500, 8.339999999999999900, -0.2200000000000000800 ) ) ;
#190 = EDGE_CURVE ( 'NONE', #2450, #35, #1620, .T. ) ;
#191 = SURFACE_STYLE_FILL_AREA ( #57 ) ;
#192 = VECTOR ( 'NONE', #1379, 1000.000000000000100 ) ;
#193 = SURFACE_STYLE_FILL_AREA ( #1614 ) ;
#194 = MECHANICAL_DESIGN_GEOMETRIC_PRESENTATION_REPRESENTATION (  '', ( #4836 ), #491 ) ;
#195 = DIRECTION ( 'NONE',  ( 2.464095846557964400E-016, 0.0000000000000000000, 1.000000000000000000 ) ) ;
#196 = FACE_OUTER_BOUND ( 'NONE', #570, .T. ) ;
#197 = EDGE_CURVE ( 'NONE', #4329, #4162, #2036, .T. ) ;
#198 = PRESENTATION_STYLE_ASSIGNMENT (( #431 ) ) ;
#199 = MECHANICAL_DESIGN_GEOMETRIC_PRESENTATION_REPRESENTATION (  '', ( #4842 ), #494 ) ;
#200 = DIRECTION ( 'NONE',  ( -0.0000000000000000000, -1.000000000000000000, -0.0000000000000000000 ) ) ;
#201 = PLANE ( 'NONE',  #961 ) ;
#202 = DIRECTION ( 'NONE',  ( -0.7071067811865474600, 0.0000000000000000000, 0.7071067811865474600 ) ) ;
#203 = PRESENTATION_STYLE_ASSIGNMENT (( #4914 ) ) ;
#204 = LINE ( 'NONE', #5002, #4576 ) ;
#205 = VERTEX_POINT ( 'NONE', #2099 ) ;
#206 = CARTESIAN_POINT ( 'NONE',  ( -0.8699999999999987700, 1.700000000000000000, 6.349999999999999600 ) ) ;
#207 = CARTESIAN_POINT ( 'NONE',  ( 1.270000000000001400, 1.700000000000000000, 9.289999999999999100 ) ) ;
#208 = ADVANCED_FACE ( 'NONE', ( #392 ), #2045, .F. ) ;
#209 = CARTESIAN_POINT ( 'NONE',  ( -0.3199999999999987300, 1.700000000000000000, 5.299999999999999800 ) ) ;
#210 = DIRECTION ( 'NONE',  ( -0.7071067811865475700, 0.0000000000000000000, -0.7071067811865475700 ) ) ;
#211 = PRESENTATION_STYLE_ASSIGNMENT (( #735 ) ) ;
#212 = SURFACE_SIDE_STYLE ('',( #1400 ) ) ;
#213 = CARTESIAN_POINT ( 'NONE',  ( -0.8700000000000001100, 1.700000000000000000, 1.269999999999999800 ) ) ;
#214 = DIRECTION ( 'NONE',  ( -0.7071067811865475700, 0.0000000000000000000, -0.7071067811865475700 ) ) ;
#215 = FILL_AREA_STYLE ('',( #3601 ) ) ;
#216 = LINE ( 'NONE', #1552, #2520 ) ;
#217 = LINE ( 'NONE', #3957, #2521 ) ;
#218 = DIRECTION ( 'NONE',  ( 0.0000000000000000000, -0.0000000000000000000, 1.000000000000000000 ) ) ;
#219 = SURFACE_STYLE_USAGE ( .BOTH. , #2818 ) ;
#220 =( NAMED_UNIT ( * ) PLANE_ANGLE_UNIT ( ) SI_UNIT ( $, .RADIAN. ) );
#221 = FILL_AREA_STYLE ('',( #4863 ) ) ;
#222 = ORIENTED_EDGE ( 'NONE', *, *, #3902, .F. ) ;
#223 = ORIENTED_EDGE ( 'NONE', *, *, #1172, .T. ) ;
#224 = UNCERTAINTY_MEASURE_WITH_UNIT (LENGTH_MEASURE( 1.000000000000000100E-005 ), #564, 'distance_accuracy_value', 'NONE');
#225 = ORIENTED_EDGE ( 'NONE', *, *, #3732, .F. ) ;
#226 = DIRECTION ( 'NONE',  ( -1.000000000000000000, 0.0000000000000000000, 0.0000000000000000000 ) ) ;
#227 = ADVANCED_FACE ( 'NONE', ( #4440 ), #874, .F. ) ;
#228 = FACE_OUTER_BOUND ( 'NONE', #3324, .T. ) ;
#229 =( GEOMETRIC_REPRESENTATION_CONTEXT ( 3 ) GLOBAL_UNCERTAINTY_ASSIGNED_CONTEXT ( ( #482 ) ) GLOBAL_UNIT_ASSIGNED_CONTEXT ( ( #1246, #4188, #1684 ) ) REPRESENTATION_CONTEXT ( 'NONE', 'WORKASPACE' ) );
#230 =( GEOMETRIC_REPRESENTATION_CONTEXT ( 3 ) GLOBAL_UNCERTAINTY_ASSIGNED_CONTEXT ( ( #224 ) ) GLOBAL_UNIT_ASSIGNED_CONTEXT ( ( #564, #3540, #1009 ) ) REPRESENTATION_CONTEXT ( 'NONE', 'WORKASPACE' ) );
#231 = PLANE ( 'NONE',  #4193 ) ;
#232 = CARTESIAN_POINT ( 'NONE',  ( -1.269999999999998000, 1.700000000000000000, 9.289999999999999100 ) ) ;
#233 = ORIENTED_EDGE ( 'NONE', *, *, #1821, .T. ) ;
#234 = CARTESIAN_POINT ( 'NONE',  ( 1.270000000000001800, 1.700000000000000000, 11.02999999999999900 ) ) ;
#235 = VECTOR ( 'NONE', #1363, 1000.000000000000100 ) ;
#236 = PLANE ( 'NONE',  #559 ) ;
#237 =( GEOMETRIC_REPRESENTATION_CONTEXT ( 3 ) GLOBAL_UNCERTAINTY_ASSIGNED_CONTEXT ( ( #5069 ) ) GLOBAL_UNIT_ASSIGNED_CONTEXT ( ( #4822, #2337, #5229 ) ) REPRESENTATION_CONTEXT ( 'NONE', 'WORKASPACE' ) );
#238 =( NAMED_UNIT ( * ) SI_UNIT ( $, .STERADIAN. ) SOLID_ANGLE_UNIT ( ) );
#239 = UNCERTAINTY_MEASURE_WITH_UNIT (LENGTH_MEASURE( 1.000000000000000100E-005 ), #921, 'distance_accuracy_value', 'NONE');
#240 = VERTEX_POINT ( 'NONE', #892 ) ;
#241 = FILL_AREA_STYLE ('',( #4826 ) ) ;
#242 =( NAMED_UNIT ( * ) PLANE_ANGLE_UNIT ( ) SI_UNIT ( $, .RADIAN. ) );
#243 = ORIENTED_EDGE ( 'NONE', *, *, #1153, .T. ) ;
#244 = ORIENTED_EDGE ( 'NONE', *, *, #2222, .T. ) ;
#245 = FILL_AREA_STYLE_COLOUR ( '', #308 ) ;
#246 =( LENGTH_UNIT ( ) NAMED_UNIT ( * ) SI_UNIT ( .MILLI., .METRE. ) );
#247 = DIRECTION ( 'NONE',  ( -1.232047923278982200E-016, -0.0000000000000000000, -1.000000000000000000 ) ) ;
#248 = ORIENTED_EDGE ( 'NONE', *, *, #186, .T. ) ;
#249 = ORIENTED_EDGE ( 'NONE', *, *, #1065, .T. ) ;
#250 =( LENGTH_UNIT ( ) NAMED_UNIT ( * ) SI_UNIT ( .MILLI., .METRE. ) );
#251 = VECTOR ( 'NONE', #200, 1000.000000000000000 ) ;
#252 = VECTOR ( 'NONE', #4889, 1000.000000000000000 ) ;
#253 = VECTOR ( 'NONE', #3411, 1000.000000000000000 ) ;
#254 = CARTESIAN_POINT ( 'NONE',  ( 0.3200000000000006700, -3.000000000000000000, 2.760000000000000200 ) ) ;
#255 = COLOUR_RGB ( '',1.000000000000000000, 1.000000000000000000, 1.000000000000000000 ) ;
#256 = STYLED_ITEM ( 'NONE', ( #4669 ), #3591 ) ;
#257 = CARTESIAN_POINT ( 'NONE',  ( -0.2199999999999982000, -3.000000000000000000, 7.299999999999999800 ) ) ;
#258 = EDGE_CURVE ( 'NONE', #4031, #1182, #1295, .T. ) ;
#259 = PRESENTATION_LAYER_ASSIGNMENT (  '', '', ( #5164 ) ) ;
#260 = CARTESIAN_POINT ( 'NONE',  ( 1.270000000000000700, 1.700000000000000000, 6.750000000000000000 ) ) ;
#261 = CARTESIAN_POINT ( 'NONE',  ( -5.349999999999998800, 1.700000000000000000, 5.349999999999998800 ) ) ;
#262 = COLOUR_RGB ( '',0.0000000000000000000, 0.03529411764705882300, 0.05882352941176470500 ) ;
#263 = CARTESIAN_POINT ( 'NONE',  ( 0.3200000000000025000, -3.000000000000000000, 9.940000000000001300 ) ) ;
#264 = CARTESIAN_POINT ( 'NONE',  ( -0.3199999999999975100, 8.339999999999999900, 9.940000000000001300 ) ) ;
#265 = DIRECTION ( 'NONE',  ( -0.7071067811865474600, 0.0000000000000000000, -0.7071067811865474600 ) ) ;
#266 = COLOUR_RGB ( '',0.0000000000000000000, 0.03529411764705882300, 0.05882352941176470500 ) ;
#267 = ADVANCED_FACE ( 'NONE', ( #34 ), #2916, .T. ) ;
#268 = CARTESIAN_POINT ( 'NONE',  ( -1.269999999999998500, 1.700000000000000000, 6.750000000000000000 ) ) ;
#269 = CARTESIAN_POINT ( 'NONE',  ( -0.3199999999999999500, -3.000000000000000000, 0.2199999999999999700 ) ) ;
#270 = STYLED_ITEM ( 'NONE', ( #904 ), #4481 ) ;
#271 = CARTESIAN_POINT ( 'NONE',  ( 0.7500000000000000000, 0.0000000000000000000, -1.270000000000000500 ) ) ;
#272 = STYLED_ITEM ( 'NONE', ( #816 ), #348 ) ;
#273 = VERTEX_POINT ( 'NONE', #3280 ) ;
#274 = AXIS2_PLACEMENT_3D ( 'NONE', #1303, #1406, #1288 ) ;
#275 = VECTOR ( 'NONE', #521, 1000.000000000000000 ) ;
#276 = EDGE_CURVE ( 'NONE', #5240, #240, #3037, .T. ) ;
#277 = STYLED_ITEM ( 'NONE', ( #55 ), #2362 ) ;
#278 = VERTEX_POINT ( 'NONE', #2509 ) ;
#279 = LINE ( 'NONE', #2933, #4514 ) ;
#280 = DIRECTION ( 'NONE',  ( -1.000000000000000000, 0.0000000000000000000, 2.492418787322999200E-016 ) ) ;
#281 = VECTOR ( 'NONE', #4187, 1000.000000000000000 ) ;
#282 = CARTESIAN_POINT ( 'NONE',  ( -2.549999999999999800, 0.2999999999999999900, 0.5299999999999992500 ) ) ;
#283 = SURFACE_STYLE_USAGE ( .BOTH. , #2866 ) ;
#284 =( GEOMETRIC_REPRESENTATION_CONTEXT ( 3 ) GLOBAL_UNCERTAINTY_ASSIGNED_CONTEXT ( ( #1421 ) ) GLOBAL_UNIT_ASSIGNED_CONTEXT ( ( #484, #3467, #913 ) ) REPRESENTATION_CONTEXT ( 'NONE', 'WORKASPACE' ) );
#285 = SURFACE_SIDE_STYLE ('',( #3189 ) ) ;
#286 = EDGE_CURVE ( 'NONE', #4600, #4513, #1894, .T. ) ;
#287 = DIRECTION ( 'NONE',  ( 1.000000000000000000, 0.0000000000000000000, -1.232047923278982200E-016 ) ) ;
#288 = VECTOR ( 'NONE', #4751, 1000.000000000000000 ) ;
#289 = CARTESIAN_POINT ( 'NONE',  ( 0.3200000000000008400, 1.700000000000000000, 10.38000000000000100 ) ) ;
#290 = PRESENTATION_LAYER_ASSIGNMENT (  '', '', ( #5195 ) ) ;
#291 = ADVANCED_FACE ( 'NONE', ( #4123 ), #2435, .T. ) ;
#292 = ORIENTED_EDGE ( 'NONE', *, *, #1458, .F. ) ;
#293 = FILL_AREA_STYLE ('',( #5348 ) ) ;
#294 = CARTESIAN_POINT ( 'NONE',  ( -0.2199999999999987000, -3.000000000000000000, 5.400000000000000400 ) ) ;
#295 = DIRECTION ( 'NONE',  ( -1.000000000000000000, 0.0000000000000000000, 2.464095846557964400E-016 ) ) ;
#296 = EDGE_CURVE ( 'NONE', #4475, #4599, #3608, .T. ) ;
#297 = FILL_AREA_STYLE ('',( #1161 ) ) ;
#298 = VERTEX_POINT ( 'NONE', #5085 ) ;
#299 = EDGE_CURVE ( 'NONE', #3051, #2880, #204, .T. ) ;
#300 = DIRECTION ( 'NONE',  ( -1.232047923278982200E-016, 0.0000000000000000000, -1.000000000000000000 ) ) ;
#301 = VERTEX_POINT ( 'NONE', #294 ) ;
#302 = LINE ( 'NONE', #1230, #2592 ) ;
#303 = PRESENTATION_LAYER_ASSIGNMENT (  '', '', ( #5206 ) ) ;
#304 = SURFACE_SIDE_STYLE ('',( #512 ) ) ;
#305 = CARTESIAN_POINT ( 'NONE',  ( 0.7500000000000025500, 0.2999999999999999900, 11.43000000000000100 ) ) ;
#306 = UNCERTAINTY_MEASURE_WITH_UNIT (LENGTH_MEASURE( 1.000000000000000100E-005 ), #3333, 'distance_accuracy_value', 'NONE');
#307 = VERTEX_POINT ( 'NONE', #5314 ) ;
#308 = COLOUR_RGB ( '',0.0000000000000000000, 0.03529411764705882300, 0.05882352941176470500 ) ;
#309 = SURFACE_STYLE_USAGE ( .BOTH. , #2899 ) ;
#310 = LINE ( 'NONE', #2191, #4666 ) ;
#311 = ORIENTED_EDGE ( 'NONE', *, *, #4714, .T. ) ;
#312 = CARTESIAN_POINT ( 'NONE',  ( -0.2199999999999982000, 0.2999999999999999300, 7.299999999999999800 ) ) ;
#313 = ORIENTED_EDGE ( 'NONE', *, *, #2227, .T. ) ;
#314 = VERTEX_POINT ( 'NONE', #5 ) ;
#315 = VECTOR ( 'NONE', #4247, 1000.000000000000100 ) ;
#316 = ORIENTED_EDGE ( 'NONE', *, *, #5476, .F. ) ;
#317 = VERTEX_POINT ( 'NONE', #5386 ) ;
#318 = DIRECTION ( 'NONE',  ( 2.464095846557964400E-016, 0.0000000000000000000, 1.000000000000000000 ) ) ;
#319 = ORIENTED_EDGE ( 'NONE', *, *, #1253, .T. ) ;
#320 =( GEOMETRIC_REPRESENTATION_CONTEXT ( 3 ) GLOBAL_UNCERTAINTY_ASSIGNED_CONTEXT ( ( #239 ) ) GLOBAL_UNIT_ASSIGNED_CONTEXT ( ( #921, #3887, #1356 ) ) REPRESENTATION_CONTEXT ( 'NONE', 'WORKASPACE' ) );
#321 = SURFACE_STYLE_FILL_AREA ( #1200 ) ;
#322 = FILL_AREA_STYLE_COLOUR ( '', #2095 ) ;
#323 = SURFACE_STYLE_FILL_AREA ( #5128 ) ;
#324 = ORIENTED_EDGE ( 'NONE', *, *, #4355, .F. ) ;
#325 = ADVANCED_FACE ( 'NONE', ( #4694 ), #236, .T. ) ;
#326 = DIRECTION ( 'NONE',  ( 0.0000000000000000000, 0.0000000000000000000, -1.000000000000000000 ) ) ;
#327 = VECTOR ( 'NONE', #4339, 1000.000000000000000 ) ;
#328 = FACE_OUTER_BOUND ( 'NONE', #640, .T. ) ;
#329 = SURFACE_SIDE_STYLE ('',( #3672 ) ) ;
#330 = FACE_OUTER_BOUND ( 'NONE', #3017, .T. ) ;
#331 = MECHANICAL_DESIGN_GEOMETRIC_PRESENTATION_REPRESENTATION (  '', ( #4966 ), #611 ) ;
#332 = LINE ( 'NONE', #5263, #2503 ) ;
#333 = EDGE_CURVE ( 'NONE', #782, #1397, #3097, .T. ) ;
#334 = PRESENTATION_STYLE_ASSIGNMENT (( #4831 ) ) ;
#335 =( NAMED_UNIT ( * ) SI_UNIT ( $, .STERADIAN. ) SOLID_ANGLE_UNIT ( ) );
#336 = UNCERTAINTY_MEASURE_WITH_UNIT (LENGTH_MEASURE( 1.000000000000000100E-005 ), #2144, 'distance_accuracy_value', 'NONE');
#337 = CARTESIAN_POINT ( 'NONE',  ( 1.540000000000000300, 1.700000000000000000, 1.540000000000000300 ) ) ;
#338 = PRESENTATION_STYLE_ASSIGNMENT (( #163 ) ) ;
#339 = FILL_AREA_STYLE_COLOUR ( '', #705 ) ;
#340 = VECTOR ( 'NONE', #2522, 1000.000000000000100 ) ;
#341 = SURFACE_STYLE_USAGE ( .BOTH. , #2922 ) ;
#342 = EDGE_LOOP ( 'NONE', ( #4145, #4907, #3644, #132 ) ) ;
#343 = MECHANICAL_DESIGN_GEOMETRIC_PRESENTATION_REPRESENTATION (  '', ( #4978 ), #623 ) ;
#344 = DIRECTION ( 'NONE',  ( 0.0000000000000000000, -0.0000000000000000000, -1.000000000000000000 ) ) ;
#345 = AXIS2_PLACEMENT_3D ( 'NONE', #1591, #4518, #2031 ) ;
#346 = MECHANICAL_DESIGN_GEOMETRIC_PRESENTATION_REPRESENTATION (  '', ( #4981 ), #626 ) ;
#347 = PLANE ( 'NONE',  #5301 ) ;
#348 = ADVANCED_FACE ( 'NONE', ( #955 ), #4845, .T. ) ;
#349 = MECHANICAL_DESIGN_GEOMETRIC_PRESENTATION_REPRESENTATION (  '', ( #4983 ), #632 ) ;
#350 = LINE ( 'NONE', #1575, #2516 ) ;
#351 = DIRECTION ( 'NONE',  ( 2.464095846557964400E-016, 0.0000000000000000000, 1.000000000000000000 ) ) ;
#352 = CARTESIAN_POINT ( 'NONE',  ( 0.0000000000000000000, 1.700000000000000000, 7.299999999999999800 ) ) ;
#353 = DIRECTION ( 'NONE',  ( 0.0000000000000000000, 1.000000000000000000, 0.0000000000000000000 ) ) ;
#354 = PRESENTATION_STYLE_ASSIGNMENT (( #2758 ) ) ;
#355 =( NAMED_UNIT ( * ) SI_UNIT ( $, .STERADIAN. ) SOLID_ANGLE_UNIT ( ) );
#356 = DIRECTION ( 'NONE',  ( 0.0000000000000000000, 1.000000000000000000, 0.0000000000000000000 ) ) ;
#357 =( LENGTH_UNIT ( ) NAMED_UNIT ( * ) SI_UNIT ( .MILLI., .METRE. ) );
#358 = LINE ( 'NONE', #503, #5419 ) ;
#359 = VERTEX_POINT ( 'NONE', #5253 ) ;
#360 = DIRECTION ( 'NONE',  ( -0.7071067811865474600, 0.0000000000000000000, -0.7071067811865474600 ) ) ;
#361 = SURFACE_STYLE_FILL_AREA ( #8 ) ;
#362 = ORIENTED_EDGE ( 'NONE', *, *, #3899, .T. ) ;
#363 = ORIENTED_EDGE ( 'NONE', *, *, #5163, .F. ) ;
#364 = ORIENTED_EDGE ( 'NONE', *, *, #5476, .T. ) ;
#365 = FILL_AREA_STYLE_COLOUR ( '', #475 ) ;
#366 = DIRECTION ( 'NONE',  ( 0.7071067811865474600, -0.0000000000000000000, 0.7071067811865474600 ) ) ;
#367 = EDGE_CURVE ( 'NONE', #683, #3135, #1568, .T. ) ;
#368 = LINE ( 'NONE', #3525, #3642 ) ;
#369 = CARTESIAN_POINT ( 'NONE',  ( 0.2200000000000012500, -3.000000000000000000, 4.760000000000000700 ) ) ;
#370 = ORIENTED_EDGE ( 'NONE', *, *, #963, .F. ) ;
#371 = PLANE ( 'NONE',  #1107 ) ;
#372 = VERTEX_POINT ( 'NONE', #1961 ) ;
#373 = ADVANCED_FACE ( 'NONE', ( #4762 ), #2356, .F. ) ;
#374 = CARTESIAN_POINT ( 'NONE',  ( 0.3200000000000025600, -3.000000000000000000, 10.38000000000000100 ) ) ;
#375 = LINE ( 'NONE', #953, #235 ) ;
#376 = DIRECTION ( 'NONE',  ( 1.000000000000000000, 0.0000000000000000000, -0.0000000000000000000 ) ) ;
#377 = EDGE_CURVE ( 'NONE', #4506, #1396, #3291, .T. ) ;
#378 = EDGE_CURVE ( 'NONE', #3252, #5261, #5481, .T. ) ;
#379 = VERTEX_POINT ( 'NONE', #161 ) ;
#380 = ORIENTED_EDGE ( 'NONE', *, *, #734, .T. ) ;
#381 = VERTEX_POINT ( 'NONE', #5260 ) ;
#382 = EDGE_CURVE ( 'NONE', #633, #3183, #4363, .T. ) ;
#383 = DIRECTION ( 'NONE',  ( -1.232047923278982200E-016, 0.0000000000000000000, -1.000000000000000000 ) ) ;
#384 = FACE_OUTER_BOUND ( 'NONE', #5000, .T. ) ;
#385 = COLOUR_RGB ( '',1.000000000000000000, 1.000000000000000000, 1.000000000000000000 ) ;
#386 =( NAMED_UNIT ( * ) PLANE_ANGLE_UNIT ( ) SI_UNIT ( $, .RADIAN. ) );
#387 = ORIENTED_EDGE ( 'NONE', *, *, #1432, .T. ) ;
#388 = ORIENTED_EDGE ( 'NONE', *, *, #276, .T. ) ;
#389 = LINE ( 'NONE', #1487, #2683 ) ;
#390 = LINE ( 'NONE', #1688, #3663 ) ;
#391 = CARTESIAN_POINT ( 'NONE',  ( -0.3200000000000003400, 0.2999999999999999900, -1.270000000000000500 ) ) ;
#392 = FACE_OUTER_BOUND ( 'NONE', #988, .T. ) ;
#393 = CARTESIAN_POINT ( 'NONE',  ( -0.7499999999999975600, 0.2999999999999999900, 11.43000000000000100 ) ) ;
#394 = MECHANICAL_DESIGN_GEOMETRIC_PRESENTATION_REPRESENTATION (  '', ( #5022 ), #680 ) ;
#395 = SURFACE_STYLE_USAGE ( .BOTH. , #2969 ) ;
#396 =( NAMED_UNIT ( * ) SI_UNIT ( $, .STERADIAN. ) SOLID_ANGLE_UNIT ( ) );
#397 = PLANE ( 'NONE',  #1713 ) ;
#398 = LINE ( 'NONE', #3517, #2689 ) ;
#399 = EDGE_CURVE ( 'NONE', #4869, #3098, #2171, .T. ) ;
#400 = FACE_OUTER_BOUND ( 'NONE', #1123, .T. ) ;
#402 = CARTESIAN_POINT ( 'NONE',  ( -0.3199999999999980600, -3.000000000000000000, 7.839999999999999900 ) ) ;
#401 = CARTESIAN_POINT ( 'NONE',  ( 0.2200000000000025500, 8.339999999999999900, 10.48000000000000000 ) ) ;
#403 = FILL_AREA_STYLE ('',( #1250 ) ) ;
#404 = PRESENTATION_STYLE_ASSIGNMENT (( #4926 ) ) ;
#405 = AXIS2_PLACEMENT_3D ( 'NONE', #3277, #708, #3690 ) ;
#406 = FACE_OUTER_BOUND ( 'NONE', #3959, .T. ) ;
#407 = DIRECTION ( 'NONE',  ( 0.7071067811865474600, 0.0000000000000000000, 0.7071067811865474600 ) ) ;
#408 = CARTESIAN_POINT ( 'NONE',  ( -0.8700000000000005500, 0.0000000000000000000, -1.270000000000000200 ) ) ;
#409 = COLOUR_RGB ( '',1.000000000000000000, 1.000000000000000000, 1.000000000000000000 ) ;
#410 = ADVANCED_FACE ( 'NONE', ( #2039 ), #3986, .T. ) ;
#411 = PRESENTATION_STYLE_ASSIGNMENT (( #3325 ) ) ;
#412 = COLOUR_RGB ( '',0.0000000000000000000, 0.03529411764705882300, 0.05882352941176470500 ) ;
#413 = EDGE_CURVE ( 'NONE', #3076, #4927, #4830, .T. ) ;
#415 = EDGE_LOOP ( 'NONE', ( #573, #2466, #5009, #3448, #2411, #3068, #2525, #2149, #2744, #2810, #3828, #4461, #1275, #2737, #1318, #2475, #2401, #2751, #3395, #2870, #4987, #5333, #2935, #5265, #388, #4799, #2072, #3917, #1938, #4662, #2263, #3853 ) ) ;
#414 = UNCERTAINTY_MEASURE_WITH_UNIT (LENGTH_MEASURE( 1.000000000000000100E-005 ), #1067, 'distance_accuracy_value', 'NONE');
#416 = ORIENTED_EDGE ( 'NONE', *, *, #3047, .F. ) ;
#417 = EDGE_CURVE ( 'NONE', #4939, #3939, #2769, .T. ) ;
#418 = DIRECTION ( 'NONE',  ( -1.000000000000000000, 0.0000000000000000000, 0.0000000000000000000 ) ) ;
#419 = AXIS2_PLACEMENT_3D ( 'NONE', #2066, #4975, #2501 ) ;
#420 = CARTESIAN_POINT ( 'NONE',  ( 0.2200000000000019400, -3.000000000000000000, 7.939999999999999500 ) ) ;
#421 = DIRECTION ( 'NONE',  ( 0.7071067811865475700, 0.0000000000000000000, -0.7071067811865475700 ) ) ;
#422 = ORIENTED_EDGE ( 'NONE', *, *, #2323, .F. ) ;
#423 = VECTOR ( 'NONE', #3351, 1000.000000000000000 ) ;
#425 = DIRECTION ( 'NONE',  ( -0.0000000000000000000, -1.000000000000000000, -0.0000000000000000000 ) ) ;
#424 = DIRECTION ( 'NONE',  ( 2.464095846557964400E-016, 0.0000000000000000000, 1.000000000000000000 ) ) ;
#426 = VECTOR ( 'NONE', #811, 1000.000000000000000 ) ;
#427 = CARTESIAN_POINT ( 'NONE',  ( 0.2200000000000018900, 0.2999999999999999300, 7.299999999999999800 ) ) ;
#428 = UNCERTAINTY_MEASURE_WITH_UNIT (LENGTH_MEASURE( 1.000000000000000100E-005 ), #3896, 'distance_accuracy_value', 'NONE');
#429 = DIRECTION ( 'NONE',  ( 0.7071067811865475700, -0.0000000000000000000, 0.7071067811865475700 ) ) ;
#430 = FACE_OUTER_BOUND ( 'NONE', #5390, .T. ) ;
#431 = SURFACE_STYLE_USAGE ( .BOTH. , #3002 ) ;
#432 = PRESENTATION_STYLE_ASSIGNMENT (( #989 ) ) ;
#433 = DIRECTION ( 'NONE',  ( -0.0000000000000000000, -1.000000000000000000, -0.0000000000000000000 ) ) ;
#434 = FILL_AREA_STYLE ('',( #365 ) ) ;
#435 = CARTESIAN_POINT ( 'NONE',  ( 0.0000000000000000000, 0.0000000000000000000, 0.0000000000000000000 ) ) ;
#436 = ORIENTED_EDGE ( 'NONE', *, *, #3735, .F. ) ;
#437 = ADVANCED_FACE ( 'NONE', ( #1485 ), #1911, .T. ) ;
#438 = CARTESIAN_POINT ( 'NONE',  ( -0.8699999999999994400, 1.700000000000000000, 3.810000000000000100 ) ) ;
#439 = ORIENTED_EDGE ( 'NONE', *, *, #276, .F. ) ;
#440 = EDGE_LOOP ( 'NONE', ( #1799, #3297, #3185, #2887 ) ) ;
#441 = CARTESIAN_POINT ( 'NONE',  ( -0.2199999999999988100, 8.339999999999999900, 4.760000000000000700 ) ) ;
#442 = VERTEX_POINT ( 'NONE', #1046 ) ;
#443 = PRESENTATION_LAYER_ASSIGNMENT (  '', '', ( #5349 ) ) ;
#444 = VECTOR ( 'NONE', #788, 1000.000000000000000 ) ;
#445 = ORIENTED_EDGE ( 'NONE', *, *, #4062, .T. ) ;
#446 = EDGE_CURVE ( 'NONE', #3124, #2547, #2232, .T. ) ;
#447 = VECTOR ( 'NONE', #1951, 1000.000000000000000 ) ;
#448 =( GEOMETRIC_REPRESENTATION_CONTEXT ( 3 ) GLOBAL_UNCERTAINTY_ASSIGNED_CONTEXT ( ( #1074 ) ) GLOBAL_UNIT_ASSIGNED_CONTEXT ( ( #1808, #4728, #2248 ) ) REPRESENTATION_CONTEXT ( 'NONE', 'WORKASPACE' ) );
#449 = VECTOR ( 'NONE', #1340, 1000.000000000000100 ) ;
#450 = ORIENTED_EDGE ( 'NONE', *, *, #299, .T. ) ;
#451 = ORIENTED_EDGE ( 'NONE', *, *, #5469, .T. ) ;
#452 = DIRECTION ( 'NONE',  ( 2.492418787322998300E-016, 0.0000000000000000000, 1.000000000000000000 ) ) ;
#453 = ORIENTED_EDGE ( 'NONE', *, *, #4246, .T. ) ;
#454 = CARTESIAN_POINT ( 'NONE',  ( -0.3199999999999994500, -3.000000000000000000, 2.319999999999999800 ) ) ;
#455 = LINE ( 'NONE', #5082, #3573 ) ;
#456 = FILL_AREA_STYLE ('',( #7 ) ) ;
#457 = EDGE_LOOP ( 'NONE', ( #3837, #4931, #3381, #4349 ) ) ;
#458 = VERTEX_POINT ( 'NONE', #3505 ) ;
#459 = PRESENTATION_LAYER_ASSIGNMENT (  '', '', ( #5364 ) ) ;
#461 = CARTESIAN_POINT ( 'NONE',  ( -0.2199999999999987000, -3.000000000000000000, 5.400000000000000400 ) ) ;
#460 = SURFACE_STYLE_USAGE ( .BOTH. , #3033 ) ;
#462 = ORIENTED_EDGE ( 'NONE', *, *, #5290, .F. ) ;
#463 = SURFACE_STYLE_FILL_AREA ( #3255 ) ;
#464 = PRESENTATION_LAYER_ASSIGNMENT (  '', '', ( #5367 ) ) ;
#465 = CARTESIAN_POINT ( 'NONE',  ( -0.8699999999999998800, 0.0000000000000000000, 1.269999999999999800 ) ) ;
#466 = MECHANICAL_DESIGN_GEOMETRIC_PRESENTATION_REPRESENTATION (  '', ( #5078 ), #744 ) ;
#467 = VERTEX_POINT ( 'NONE', #4292 ) ;
#468 = EDGE_CURVE ( 'NONE', #5062, #4948, #3212, .T. ) ;
#469 = DIRECTION ( 'NONE',  ( 0.7071067811865474600, 0.0000000000000000000, 0.7071067811865474600 ) ) ;
#470 = PRESENTATION_LAYER_ASSIGNMENT (  '', '', ( #5372 ) ) ;
#471 = LINE ( 'NONE', #3177, #4820 ) ;
#472 = CARTESIAN_POINT ( 'NONE',  ( 0.2200000000000013100, -3.000000000000000000, 5.400000000000000400 ) ) ;
#473 = CARTESIAN_POINT ( 'NONE',  ( -0.8699999999999987700, 1.700000000000000000, 6.349999999999999600 ) ) ;
#474 = STYLED_ITEM ( 'NONE', ( #2557 ), #5463 ) ;
#475 = COLOUR_RGB ( '',0.0000000000000000000, 0.03529411764705882300, 0.05882352941176470500 ) ;
#476 = CARTESIAN_POINT ( 'NONE',  ( -0.3199999999999987300, -3.000000000000000000, 5.299999999999999800 ) ) ;
#477 = VECTOR ( 'NONE', #4834, 1000.000000000000000 ) ;
#478 = FILL_AREA_STYLE ('',( #21 ) ) ;
#479 = COLOUR_RGB ( '',1.000000000000000000, 1.000000000000000000, 1.000000000000000000 ) ;
#480 = DIRECTION ( 'NONE',  ( -0.7071067811865474600, -0.0000000000000000000, 0.7071067811865474600 ) ) ;
#481 =( GEOMETRIC_REPRESENTATION_CONTEXT ( 3 ) GLOBAL_UNCERTAINTY_ASSIGNED_CONTEXT ( ( #756 ) ) GLOBAL_UNIT_ASSIGNED_CONTEXT ( ( #250, #3248, #686 ) ) REPRESENTATION_CONTEXT ( 'NONE', 'WORKASPACE' ) );
#483 = ORIENTED_EDGE ( 'NONE', *, *, #1357, .T. ) ;
#482 = UNCERTAINTY_MEASURE_WITH_UNIT (LENGTH_MEASURE( 1.000000000000000100E-005 ), #1246, 'distance_accuracy_value', 'NONE');
#484 =( LENGTH_UNIT ( ) NAMED_UNIT ( * ) SI_UNIT ( .MILLI., .METRE. ) );
#485 = VERTEX_POINT ( 'NONE', #1479 ) ;
#486 = FACE_OUTER_BOUND ( 'NONE', #150, .T. ) ;
#487 = EDGE_CURVE ( 'NONE', #979, #1922, #1085, .T. ) ;
#488 = PRESENTATION_STYLE_ASSIGNMENT (( #895 ) ) ;
#489 = EDGE_CURVE ( 'NONE', #3968, #5379, #949, .T. ) ;
#490 = LINE ( 'NONE', #261, #3753 ) ;
#491 =( GEOMETRIC_REPRESENTATION_CONTEXT ( 3 ) GLOBAL_UNCERTAINTY_ASSIGNED_CONTEXT ( ( #2108 ) ) GLOBAL_UNIT_ASSIGNED_CONTEXT ( ( #1842, #4766, #2282 ) ) REPRESENTATION_CONTEXT ( 'NONE', 'WORKASPACE' ) );
#492 = SURFACE_SIDE_STYLE ('',( #4306 ) ) ;
#493 = EDGE_CURVE ( 'NONE', #2930, #5254, #4177, .T. ) ;
#494 =( GEOMETRIC_REPRESENTATION_CONTEXT ( 3 ) GLOBAL_UNCERTAINTY_ASSIGNED_CONTEXT ( ( #4327 ) ) GLOBAL_UNIT_ASSIGNED_CONTEXT ( ( #1814, #4734, #2252 ) ) REPRESENTATION_CONTEXT ( 'NONE', 'WORKASPACE' ) );
#495 = CARTESIAN_POINT ( 'NONE',  ( 0.3200000000000006200, -3.000000000000000000, 2.319999999999999800 ) ) ;
#496 = DIRECTION ( 'NONE',  ( 0.0000000000000000000, 1.000000000000000000, 0.0000000000000000000 ) ) ;
#497 = DIRECTION ( 'NONE',  ( 1.000000000000000000, 0.0000000000000000000, -0.0000000000000000000 ) ) ;
#498 = CARTESIAN_POINT ( 'NONE',  ( -0.3199999999999980600, 8.339999999999999900, 7.839999999999999900 ) ) ;
#499 = STYLED_ITEM ( 'NONE', ( #203 ), #5051 ) ;
#500 = PRESENTATION_STYLE_ASSIGNMENT (( #2347 ) ) ;
#501 = SURFACE_STYLE_USAGE ( .BOTH. , #3072 ) ;
#502 = ORIENTED_EDGE ( 'NONE', *, *, #2616, .F. ) ;
#503 = CARTESIAN_POINT ( 'NONE',  ( 1.270000000000001100, 1.700000000000000000, 8.489999999999998400 ) ) ;
#504 = VECTOR ( 'NONE', #2160, 1000.000000000000100 ) ;
#505 = DIRECTION ( 'NONE',  ( 1.000000000000000000, -0.0000000000000000000, 0.0000000000000000000 ) ) ;
#506 = VERTEX_POINT ( 'NONE', #3188 ) ;
#507 = ORIENTED_EDGE ( 'NONE', *, *, #4325, .T. ) ;
#508 = SURFACE_SIDE_STYLE ('',( #1145 ) ) ;
#510 = CARTESIAN_POINT ( 'NONE',  ( -0.3199999999999988400, -3.000000000000000000, 4.860000000000000300 ) ) ;
#509 = CARTESIAN_POINT ( 'NONE',  ( -0.8699999999999992200, 1.700000000000000000, 3.810000000000000100 ) ) ;
#511 =( LENGTH_UNIT ( ) NAMED_UNIT ( * ) SI_UNIT ( .MILLI., .METRE. ) );
#512 = SURFACE_STYLE_FILL_AREA ( #5342 ) ;
#513 = UNCERTAINTY_MEASURE_WITH_UNIT (LENGTH_MEASURE( 1.000000000000000100E-005 ), #3434, 'distance_accuracy_value', 'NONE');
#514 = DIRECTION ( 'NONE',  ( 0.0000000000000000000, 1.000000000000000000, 0.0000000000000000000 ) ) ;
#515 = ORIENTED_EDGE ( 'NONE', *, *, #1738, .F. ) ;
#516 = DIRECTION ( 'NONE',  ( -1.000000000000000000, -0.0000000000000000000, -0.0000000000000000000 ) ) ;
#517 = ORIENTED_EDGE ( 'NONE', *, *, #1357, .F. ) ;
#518 = DIRECTION ( 'NONE',  ( -1.000000000000000000, 0.0000000000000000000, 2.464095846557964400E-016 ) ) ;
#519 = ORIENTED_EDGE ( 'NONE', *, *, #2121, .T. ) ;
#520 = VECTOR ( 'NONE', #3785, 1000.000000000000000 ) ;
#521 = DIRECTION ( 'NONE',  ( -0.0000000000000000000, -1.000000000000000000, -0.0000000000000000000 ) ) ;
#522 = ORIENTED_EDGE ( 'NONE', *, *, #4143, .T. ) ;
#523 = ORIENTED_EDGE ( 'NONE', *, *, #83, .F. ) ;
#524 = ORIENTED_EDGE ( 'NONE', *, *, #4804, .F. ) ;
#525 = ORIENTED_EDGE ( 'NONE', *, *, #1253, .F. ) ;
#526 = CARTESIAN_POINT ( 'NONE',  ( -1.270000000000000500, 1.700000000000000000, -0.8700000000000003300 ) ) ;
#527 = EDGE_LOOP ( 'NONE', ( #4491, #3197, #3515, #4211 ) ) ;
#528 = EDGE_LOOP ( 'NONE', ( #3250, #4371, #849, #450 ) ) ;
#530 =( NAMED_UNIT ( * ) PLANE_ANGLE_UNIT ( ) SI_UNIT ( $, .RADIAN. ) );
#529 = DIRECTION ( 'NONE',  ( 1.000000000000000000, -0.0000000000000000000, -2.492418787322999700E-016 ) ) ;
#531 = DIRECTION ( 'NONE',  ( -0.7071067811865474600, 0.0000000000000000000, -0.7071067811865474600 ) ) ;
#532 = VECTOR ( 'NONE', #4191, 1000.000000000000000 ) ;
#533 = VECTOR ( 'NONE', #2919, 1000.000000000000100 ) ;
#534 = SURFACE_STYLE_USAGE ( .BOTH. , #3105 ) ;
#535 = CARTESIAN_POINT ( 'NONE',  ( 1.270000000000000000, 1.700000000000000000, 4.210000000000000000 ) ) ;
#536 = PRESENTATION_STYLE_ASSIGNMENT (( #2183 ) ) ;
#537 = FACE_BOUND ( 'NONE', #994, .T. ) ;
#538 = FILL_AREA_STYLE_COLOUR ( '', #255 ) ;
#539 = VECTOR ( 'NONE', #1088, 1000.000000000000000 ) ;
#540 = CARTESIAN_POINT ( 'NONE',  ( -0.3199999999999994500, 8.339999999999999900, 2.319999999999999800 ) ) ;
#541 = COLOUR_RGB ( '',0.7921568627450980000, 0.8196078431372548800, 0.9333333333333333500 ) ;
#542 = EDGE_LOOP ( 'NONE', ( #1460, #171, #2777, #3649 ) ) ;
#543 = DIRECTION ( 'NONE',  ( -0.7071067811865474600, 0.0000000000000000000, -0.7071067811865474600 ) ) ;
#545 = DIRECTION ( 'NONE',  ( -1.000000000000000000, 0.0000000000000000000, 0.0000000000000000000 ) ) ;
#544 = FILL_AREA_STYLE_COLOUR ( '', #622 ) ;
#546 = LINE ( 'NONE', #3079, #2844 ) ;
#547 = CARTESIAN_POINT ( 'NONE',  ( -0.3199999999999975100, -3.000000000000000000, 9.940000000000001300 ) ) ;
#548 = AXIS2_PLACEMENT_3D ( 'NONE', #3000, #429, #3413 ) ;
#549 = FILL_AREA_STYLE ('',( #108 ) ) ;
#550 = VECTOR ( 'NONE', #3731, 1000.000000000000100 ) ;
#551 = EDGE_CURVE ( 'NONE', #3271, #4412, #3092, .T. ) ;
#552 = MECHANICAL_DESIGN_GEOMETRIC_PRESENTATION_REPRESENTATION (  '', ( #5164 ), #842 ) ;
#553 = LINE ( 'NONE', #3354, #2714 ) ;
#554 = SURFACE_SIDE_STYLE ('',( #1954 ) ) ;
#555 =( LENGTH_UNIT ( ) NAMED_UNIT ( * ) SI_UNIT ( .MILLI., .METRE. ) );
#556 =( LENGTH_UNIT ( ) NAMED_UNIT ( * ) SI_UNIT ( .MILLI., .METRE. ) );
#557 = VECTOR ( 'NONE', #4431, 1000.000000000000000 ) ;
#558 = AXIS2_PLACEMENT_3D ( 'NONE', #4771, #2288, #5178 ) ;
#559 = AXIS2_PLACEMENT_3D ( 'NONE', #631, #180, #5295 ) ;
#560 = PRESENTATION_LAYER_ASSIGNMENT (  '', '', ( #5466 ) ) ;
#561 = COLOUR_RGB ( '',0.0000000000000000000, 0.03529411764705882300, 0.05882352941176470500 ) ;
#562 = CARTESIAN_POINT ( 'NONE',  ( 0.2200000000000025000, -3.000000000000000000, 9.839999999999999900 ) ) ;
#563 = CARTESIAN_POINT ( 'NONE',  ( 1.269999999999999400, 0.0000000000000000000, 1.669999999999999900 ) ) ;
#564 =( LENGTH_UNIT ( ) NAMED_UNIT ( * ) SI_UNIT ( .MILLI., .METRE. ) );
#565 = EDGE_CURVE ( 'NONE', #3161, #1003, #5417, .T. ) ;
#566 = AXIS2_PLACEMENT_3D ( 'NONE', #1890, #4816, #2325 ) ;
#567 = SURFACE_SIDE_STYLE ('',( #931 ) ) ;
#568 = ORIENTED_EDGE ( 'NONE', *, *, #4391, .T. ) ;
#569 = SURFACE_STYLE_FILL_AREA ( #1785 ) ;
#570 = EDGE_LOOP ( 'NONE', ( #5440, #4549, #3952, #4736 ) ) ;
#571 = ORIENTED_EDGE ( 'NONE', *, *, #1526, .F. ) ;
#572 = EDGE_CURVE ( 'NONE', #2749, #506, #808, .T. ) ;
#573 = ORIENTED_EDGE ( 'NONE', *, *, #2983, .T. ) ;
#574 = UNCERTAINTY_MEASURE_WITH_UNIT (LENGTH_MEASURE( 1.000000000000000100E-005 ), #4745, 'distance_accuracy_value', 'NONE');
#575 = FACE_OUTER_BOUND ( 'NONE', #4126, .T. ) ;
#576 = EDGE_LOOP ( 'NONE', ( #4803, #3245, #4480, #5001 ) ) ;
#577 = ORIENTED_EDGE ( 'NONE', *, *, #3149, .T. ) ;
#578 = DIRECTION ( 'NONE',  ( -1.000000000000000000, 0.0000000000000000000, 0.0000000000000000000 ) ) ;
#579 = MECHANICAL_DESIGN_GEOMETRIC_PRESENTATION_REPRESENTATION (  '', ( #5195 ), #884 ) ;
#580 =( NAMED_UNIT ( * ) PLANE_ANGLE_UNIT ( ) SI_UNIT ( $, .RADIAN. ) );
#581 = ORIENTED_EDGE ( 'NONE', *, *, #2109, .F. ) ;
#582 = LINE ( 'NONE', #4227, #2883 ) ;
#583 = DIRECTION ( 'NONE',  ( 0.0000000000000000000, 1.000000000000000000, 0.0000000000000000000 ) ) ;
#584 = COLOUR_RGB ( '',1.000000000000000000, 1.000000000000000000, 1.000000000000000000 ) ;
#585 = ORIENTED_EDGE ( 'NONE', *, *, #5014, .T. ) ;
#586 = EDGE_LOOP ( 'NONE', ( #3137, #4038, #3561, #3683 ) ) ;
#587 = VERTEX_POINT ( 'NONE', #2359 ) ;
#588 = EDGE_CURVE ( 'NONE', #4550, #1023, #3930, .T. ) ;
#589 = DIRECTION ( 'NONE',  ( -2.492418787322998300E-016, 0.0000000000000000000, -1.000000000000000000 ) ) ;
#590 = CARTESIAN_POINT ( 'NONE',  ( 0.2200000000000025500, -3.000000000000000000, 10.48000000000000000 ) ) ;
#591 = EDGE_CURVE ( 'NONE', #5032, #359, #1815, .T. ) ;
#592 = MECHANICAL_DESIGN_GEOMETRIC_PRESENTATION_REPRESENTATION (  '', ( #5206 ), #893 ) ;
#593 = CARTESIAN_POINT ( 'NONE',  ( 0.8700000000000017700, 1.700000000000000000, 11.43000000000000000 ) ) ;
#594 = VECTOR ( 'NONE', #1895, 1000.000000000000000 ) ;
#595 = COLOUR_RGB ( '',1.000000000000000000, 1.000000000000000000, 1.000000000000000000 ) ;
#596 = FACE_OUTER_BOUND ( 'NONE', #1201, .T. ) ;
#597 = PLANE ( 'NONE',  #4570 ) ;
#598 =( NAMED_UNIT ( * ) SI_UNIT ( $, .STERADIAN. ) SOLID_ANGLE_UNIT ( ) );
#599 = LINE ( 'NONE', #5222, #2905 ) ;
#600 =( NAMED_UNIT ( * ) SI_UNIT ( $, .STERADIAN. ) SOLID_ANGLE_UNIT ( ) );
#601 = FACE_OUTER_BOUND ( 'NONE', #4967, .T. ) ;
#602 =( NAMED_UNIT ( * ) PLANE_ANGLE_UNIT ( ) SI_UNIT ( $, .RADIAN. ) );
#603 = DIRECTION ( 'NONE',  ( 2.464095846557964400E-016, 0.0000000000000000000, 1.000000000000000000 ) ) ;
#604 =( NAMED_UNIT ( * ) PLANE_ANGLE_UNIT ( ) SI_UNIT ( $, .RADIAN. ) );
#605 = SURFACE_STYLE_FILL_AREA ( #3648 ) ;
#606 = DIRECTION ( 'NONE',  ( 0.7071067811865474600, -0.0000000000000000000, -0.7071067811865474600 ) ) ;
#607 = LINE ( 'NONE', #3039, #2780 ) ;
#608 = DIRECTION ( 'NONE',  ( 2.464095846557964400E-016, 0.0000000000000000000, 1.000000000000000000 ) ) ;
#609 =( LENGTH_UNIT ( ) NAMED_UNIT ( * ) SI_UNIT ( .MILLI., .METRE. ) );
#610 = VECTOR ( 'NONE', #4065, 1000.000000000000100 ) ;
#611 =( GEOMETRIC_REPRESENTATION_CONTEXT ( 3 ) GLOBAL_UNCERTAINTY_ASSIGNED_CONTEXT ( ( #4426 ) ) GLOBAL_UNIT_ASSIGNED_CONTEXT ( ( #739, #3718, #1178 ) ) REPRESENTATION_CONTEXT ( 'NONE', 'WORKASPACE' ) );
#612 = DIRECTION ( 'NONE',  ( 0.0000000000000000000, 1.000000000000000000, 0.0000000000000000000 ) ) ;
#613 = DIRECTION ( 'NONE',  ( -1.000000000000000000, 0.0000000000000000000, 0.0000000000000000000 ) ) ;
#614 = EDGE_CURVE ( 'NONE', #3562, #3578, #4050, .T. ) ;
#615 = STYLED_ITEM ( 'NONE', ( #4946 ), #1205 ) ;
#616 = SURFACE_SIDE_STYLE ('',( #3742 ) ) ;
#617 = CARTESIAN_POINT ( 'NONE',  ( 0.0000000000000000000, 0.0000000000000000000, 0.0000000000000000000 ) ) ;
#618 = CARTESIAN_POINT ( 'NONE',  ( -1.269999999999999400, 1.700000000000000000, 3.409999999999999700 ) ) ;
#619 = SURFACE_SIDE_STYLE ('',( #5421 ) ) ;
#620 = FILL_AREA_STYLE_COLOUR ( '', #1618 ) ;
#621 = FACE_OUTER_BOUND ( 'NONE', #2069, .T. ) ;
#622 = COLOUR_RGB ( '',1.000000000000000000, 1.000000000000000000, 1.000000000000000000 ) ;
#623 =( GEOMETRIC_REPRESENTATION_CONTEXT ( 3 ) GLOBAL_UNCERTAINTY_ASSIGNED_CONTEXT ( ( #4184 ) ) GLOBAL_UNIT_ASSIGNED_CONTEXT ( ( #3714, #1174, #4119 ) ) REPRESENTATION_CONTEXT ( 'NONE', 'WORKASPACE' ) );
#624 = ADVANCED_FACE ( 'NONE', ( #2700, #1690, #537, #3799, #1559 ), #4029, .F. ) ;
#625 = PRESENTATION_LAYER_ASSIGNMENT (  '', '', ( #45 ) ) ;
#626 =( GEOMETRIC_REPRESENTATION_CONTEXT ( 3 ) GLOBAL_UNCERTAINTY_ASSIGNED_CONTEXT ( ( #3221 ) ) GLOBAL_UNIT_ASSIGNED_CONTEXT ( ( #3100, #530, #3501 ) ) REPRESENTATION_CONTEXT ( 'NONE', 'WORKASPACE' ) );
#627 = ORIENTED_EDGE ( 'NONE', *, *, #5452, .T. ) ;
#628 = PLANE ( 'NONE',  #3401 ) ;
#629 = FILL_AREA_STYLE ('',( #2338 ) ) ;
#630 = LINE ( 'NONE', #1741, #4715 ) ;
#631 = CARTESIAN_POINT ( 'NONE',  ( 6.330743719800416100E-016, -3.000000000000000000, 2.540000000000000000 ) ) ;
#632 =( GEOMETRIC_REPRESENTATION_CONTEXT ( 3 ) GLOBAL_UNCERTAINTY_ASSIGNED_CONTEXT ( ( #2581 ) ) GLOBAL_UNIT_ASSIGNED_CONTEXT ( ( #3805, #1279, #4205 ) ) REPRESENTATION_CONTEXT ( 'NONE', 'WORKASPACE' ) );
#633 = VERTEX_POINT ( 'NONE', #2378 ) ;
#634 = DIRECTION ( 'NONE',  ( -0.7071067811865474600, 0.0000000000000000000, -0.7071067811865474600 ) ) ;
#635 = ORIENTED_EDGE ( 'NONE', *, *, #591, .T. ) ;
#636 = EDGE_LOOP ( 'NONE', ( #1521, #1457, #223, #363 ) ) ;
#637 =( NAMED_UNIT ( * ) PLANE_ANGLE_UNIT ( ) SI_UNIT ( $, .RADIAN. ) );
#638 = FILL_AREA_STYLE_COLOUR ( '', #4568 ) ;
#639 = DIRECTION ( 'NONE',  ( 0.0000000000000000000, 1.000000000000000000, 0.0000000000000000000 ) ) ;
#640 = EDGE_LOOP ( 'NONE', ( #2277, #2603, #2660, #2669 ) ) ;
#641 = EDGE_LOOP ( 'NONE', ( #4097, #2271, #1851, #2743 ) ) ;
#642 = ORIENTED_EDGE ( 'NONE', *, *, #3355, .T. ) ;
#643 = UNCERTAINTY_MEASURE_WITH_UNIT (LENGTH_MEASURE( 1.000000000000000100E-005 ), #5029, 'distance_accuracy_value', 'NONE');
#644 = VECTOR ( 'NONE', #4587, 1000.000000000000100 ) ;
#645 = ORIENTED_EDGE ( 'NONE', *, *, #3866, .T. ) ;
#646 = DIRECTION ( 'NONE',  ( 0.7071067811865474600, 0.0000000000000000000, -0.7071067811865474600 ) ) ;
#647 = ORIENTED_EDGE ( 'NONE', *, *, #1573, .F. ) ;
#648 = VERTEX_POINT ( 'NONE', #658 ) ;
#649 =( LENGTH_UNIT ( ) NAMED_UNIT ( * ) SI_UNIT ( .MILLI., .METRE. ) );
#650 = STYLED_ITEM ( 'NONE', ( #5262 ), #3357 ) ;
#651 = ORIENTED_EDGE ( 'NONE', *, *, #5292, .T. ) ;
#652 = EDGE_LOOP ( 'NONE', ( #20, #4770, #4730, #797 ) ) ;
#653 = EDGE_CURVE ( 'NONE', #4412, #1424, #4757, .T. ) ;
#654 = PLANE ( 'NONE',  #2845 ) ;
#655 = LINE ( 'NONE', #4463, #1075 ) ;
#656 = UNCERTAINTY_MEASURE_WITH_UNIT (LENGTH_MEASURE( 1.000000000000000100E-005 ), #3660, 'distance_accuracy_value', 'NONE');
#657 = SURFACE_STYLE_USAGE ( .BOTH. , #3222 ) ;
#658 = CARTESIAN_POINT ( 'NONE',  ( 0.3199999999999999500, 8.339999999999999900, -0.2200000000000000800 ) ) ;
#659 = ADVANCED_FACE ( 'NONE', ( #406 ), #1967, .F. ) ;
#660 =( NAMED_UNIT ( * ) PLANE_ANGLE_UNIT ( ) SI_UNIT ( $, .RADIAN. ) );
#661 = EDGE_CURVE ( 'NONE', #4155, #2823, #5347, .T. ) ;
#662 = SURFACE_STYLE_USAGE ( .BOTH. , #3227 ) ;
#663 = VECTOR ( 'NONE', #3360, 1000.000000000000000 ) ;
#664 = STYLED_ITEM ( 'NONE', ( #2923 ), #4232 ) ;
#665 = DIRECTION ( 'NONE',  ( 1.000000000000000000, 0.0000000000000000000, -1.232047923278982200E-016 ) ) ;
#666 = EDGE_CURVE ( 'NONE', #5379, #1601, #1018, .T. ) ;
#667 = EDGE_CURVE ( 'NONE', #442, #2930, #3286, .T. ) ;
#668 = DIRECTION ( 'NONE',  ( 0.0000000000000000000, 1.000000000000000000, 0.0000000000000000000 ) ) ;
#669 = VECTOR ( 'NONE', #1492, 1000.000000000000000 ) ;
#670 = EDGE_CURVE ( 'NONE', #2438, #5325, #2032, .T. ) ;
#671 = STYLED_ITEM ( 'NONE', ( #2234 ), #2110 ) ;
#672 = FILL_AREA_STYLE ('',( #5273 ) ) ;
#673 = LINE ( 'NONE', #1514, #1565 ) ;
#674 = DIRECTION ( 'NONE',  ( -2.492418787322998300E-016, 0.0000000000000000000, -1.000000000000000000 ) ) ;
#675 = VECTOR ( 'NONE', #3293, 1000.000000000000000 ) ;
#676 = CARTESIAN_POINT ( 'NONE',  ( -0.2199999999999994700, -3.000000000000000000, 2.220000000000000200 ) ) ;
#677 = ORIENTED_EDGE ( 'NONE', *, *, #5039, .F. ) ;
#678 = SURFACE_STYLE_USAGE ( .BOTH. , #3238 ) ;
#679 = SURFACE_STYLE_USAGE ( .BOTH. , #3240 ) ;
#680 =( GEOMETRIC_REPRESENTATION_CONTEXT ( 3 ) GLOBAL_UNCERTAINTY_ASSIGNED_CONTEXT ( ( #4335 ) ) GLOBAL_UNIT_ASSIGNED_CONTEXT ( ( #2962, #386, #3382 ) ) REPRESENTATION_CONTEXT ( 'NONE', 'WORKASPACE' ) );
#681 =( NAMED_UNIT ( * ) SI_UNIT ( $, .STERADIAN. ) SOLID_ANGLE_UNIT ( ) );
#682 = EDGE_CURVE ( 'NONE', #1729, #1922, #4235, .T. ) ;
#683 = VERTEX_POINT ( 'NONE', #2007 ) ;
#684 = CARTESIAN_POINT ( 'NONE',  ( 2.810000000000000500, 1.700000000000000000, 2.810000000000000500 ) ) ;
#685 = LINE ( 'NONE', #1644, #423 ) ;
#686 =( NAMED_UNIT ( * ) SI_UNIT ( $, .STERADIAN. ) SOLID_ANGLE_UNIT ( ) );
#687 = VECTOR ( 'NONE', #3336, 1000.000000000000100 ) ;
#688 = PRESENTATION_LAYER_ASSIGNMENT (  '', '', ( #102 ) ) ;
#689 = ADVANCED_FACE ( 'NONE', ( #5080 ), #5340, .T. ) ;
#690 = CARTESIAN_POINT ( 'NONE',  ( -0.2199999999999993600, 0.2999999999999999300, 2.860000000000000300 ) ) ;
#691 = CARTESIAN_POINT ( 'NONE',  ( 1.270000000000000700, 1.700000000000000000, 6.750000000000000000 ) ) ;
#692 = DIRECTION ( 'NONE',  ( 0.7071067811865474600, 0.0000000000000000000, 0.7071067811865474600 ) ) ;
#693 = EDGE_CURVE ( 'NONE', #3770, #4475, #4685, .T. ) ;
#694 = DIRECTION ( 'NONE',  ( -2.492418787322999200E-016, -0.0000000000000000000, -1.000000000000000000 ) ) ;
#695 = EDGE_CURVE ( 'NONE', #4810, #3098, #1482, .T. ) ;
#696 = PLANE ( 'NONE',  #4299 ) ;
#697 = FACE_BOUND ( 'NONE', #2199, .T. ) ;
#698 = PRESENTATION_LAYER_ASSIGNMENT (  '', '', ( #118 ) ) ;
#699 = DIRECTION ( 'NONE',  ( -2.492418787322998300E-016, 0.0000000000000000000, -1.000000000000000000 ) ) ;
#700 = FILL_AREA_STYLE_COLOUR ( '', #262 ) ;
#701 = ORIENTED_EDGE ( 'NONE', *, *, #1647, .T. ) ;
#702 = CARTESIAN_POINT ( 'NONE',  ( -0.3199999999999994500, -3.000000000000000000, 2.319999999999999800 ) ) ;
#703 = VERTEX_POINT ( 'NONE', #1176 ) ;
#704 = DIRECTION ( 'NONE',  ( -0.7071067811865475700, 0.0000000000000000000, 0.7071067811865475700 ) ) ;
#705 = COLOUR_RGB ( '',1.000000000000000000, 1.000000000000000000, 1.000000000000000000 ) ;
#706 = AXIS2_PLACEMENT_3D ( 'NONE', #2889, #295, #3300 ) ;
#707 = EDGE_LOOP ( 'NONE', ( #4942, #3131, #3891, #4382 ) ) ;
#708 = DIRECTION ( 'NONE',  ( -1.000000000000000000, 0.0000000000000000000, 2.464095846557964400E-016 ) ) ;
#709 = ORIENTED_EDGE ( 'NONE', *, *, #2490, .F. ) ;
#710 = DIRECTION ( 'NONE',  ( -0.7071067811865474600, -0.0000000000000000000, 0.7071067811865474600 ) ) ;
#711 = FILL_AREA_STYLE_COLOUR ( '', #2243 ) ;
#712 = LINE ( 'NONE', #461, #1597 ) ;
#713 = DIRECTION ( 'NONE',  ( -0.7071067811865475700, 0.0000000000000000000, -0.7071067811865475700 ) ) ;
#714 =( NAMED_UNIT ( * ) PLANE_ANGLE_UNIT ( ) SI_UNIT ( $, .RADIAN. ) );
#715 = EDGE_LOOP ( 'NONE', ( #847, #483, #1783, #2067 ) ) ;
#716 = VERTEX_POINT ( 'NONE', #2458 ) ;
#717 = ADVANCED_FACE ( 'NONE', ( #330 ), #5358, .F. ) ;
#718 =( LENGTH_UNIT ( ) NAMED_UNIT ( * ) SI_UNIT ( .MILLI., .METRE. ) );
#719 = EDGE_LOOP ( 'NONE', ( #2937, #525, #3361, #3004 ) ) ;
#720 = DIRECTION ( 'NONE',  ( -0.7071067811865475700, 0.0000000000000000000, -0.7071067811865475700 ) ) ;
#721 = MANIFOLD_SOLID_BREP ( 'Boss-Extrude2', #3721 ) ;
#722 = ORIENTED_EDGE ( 'NONE', *, *, #3136, .F. ) ;
#723 = ORIENTED_EDGE ( 'NONE', *, *, #1564, .F. ) ;
#724 = EDGE_LOOP ( 'NONE', ( #4817, #4857, #3362, #3767 ) ) ;
#725 = DIRECTION ( 'NONE',  ( -0.0000000000000000000, -1.000000000000000000, -0.0000000000000000000 ) ) ;
#726 = EDGE_LOOP ( 'NONE', ( #3437, #3480, #5217, #319 ) ) ;
#727 = COLOUR_RGB ( '',0.0000000000000000000, 0.03529411764705882300, 0.05882352941176470500 ) ;
#728 = PRESENTATION_STYLE_ASSIGNMENT (( #2213 ) ) ;
#729 = DIRECTION ( 'NONE',  ( -0.7071067811865474600, 0.0000000000000000000, 0.7071067811865474600 ) ) ;
#730 = SURFACE_STYLE_FILL_AREA ( #1387 ) ;
#731 = VECTOR ( 'NONE', #195, 1000.000000000000000 ) ;
#732 = SURFACE_STYLE_USAGE ( .BOTH. , #3296 ) ;
#733 = MECHANICAL_DESIGN_GEOMETRIC_PRESENTATION_REPRESENTATION (  '', ( #5349 ), #1025 ) ;
#734 = EDGE_CURVE ( 'NONE', #1091, #2533, #1346, .T. ) ;
#735 = SURFACE_STYLE_USAGE ( .BOTH. , #3301 ) ;
#736 = FILL_AREA_STYLE_COLOUR ( '', #2691 ) ;
#737 = LINE ( 'NONE', #4695, #3029 ) ;
#738 = COLOUR_RGB ( '',1.000000000000000000, 1.000000000000000000, 1.000000000000000000 ) ;
#739 =( LENGTH_UNIT ( ) NAMED_UNIT ( * ) SI_UNIT ( .MILLI., .METRE. ) );
#740 = FILL_AREA_STYLE ('',( #2895 ) ) ;
#741 = MECHANICAL_DESIGN_GEOMETRIC_PRESENTATION_REPRESENTATION (  '', ( #5364 ), #1036 ) ;
#742 =( NAMED_UNIT ( * ) PLANE_ANGLE_UNIT ( ) SI_UNIT ( $, .RADIAN. ) );
#743 = MECHANICAL_DESIGN_GEOMETRIC_PRESENTATION_REPRESENTATION (  '', ( #5367 ), #1037 ) ;
#744 =( GEOMETRIC_REPRESENTATION_CONTEXT ( 3 ) GLOBAL_UNCERTAINTY_ASSIGNED_CONTEXT ( ( #4808 ) ) GLOBAL_UNIT_ASSIGNED_CONTEXT ( ( #3202, #2827, #2791 ) ) REPRESENTATION_CONTEXT ( 'NONE', 'WORKASPACE' ) );
#745 = DIRECTION ( 'NONE',  ( -0.7071067811865474600, -0.0000000000000000000, -0.7071067811865474600 ) ) ;
#746 = FACE_OUTER_BOUND ( 'NONE', #1048, .T. ) ;
#747 = EDGE_CURVE ( 'NONE', #4213, #3770, #5276, .T. ) ;
#748 = ADVANCED_FACE ( 'NONE', ( #943 ), #4573, .T. ) ;
#749 = VECTOR ( 'NONE', #4040, 1000.000000000000100 ) ;
#750 = VECTOR ( 'NONE', #2542, 1000.000000000000000 ) ;
#751 = MECHANICAL_DESIGN_GEOMETRIC_PRESENTATION_REPRESENTATION (  '', ( #5372 ), #1042 ) ;
#752 = ORIENTED_EDGE ( 'NONE', *, *, #5067, .F. ) ;
#753 = CARTESIAN_POINT ( 'NONE',  ( 0.3199999999999999500, -3.000000000000000000, -0.2200000000000000800 ) ) ;
#754 =( NAMED_UNIT ( * ) PLANE_ANGLE_UNIT ( ) SI_UNIT ( $, .RADIAN. ) );
#755 = CARTESIAN_POINT ( 'NONE',  ( -1.270000000000000500, 0.0000000000000000000, -0.8700000000000003300 ) ) ;
#756 = UNCERTAINTY_MEASURE_WITH_UNIT (LENGTH_MEASURE( 1.000000000000000100E-005 ), #250, 'distance_accuracy_value', 'NONE');
#757 = PRODUCT ( '1x5', '1x5', '', ( #4013 ) ) ;
#758 = CARTESIAN_POINT ( 'NONE',  ( 0.3200000000000019500, 8.339999999999999900, 7.839999999999999900 ) ) ;
#759 = DIRECTION ( 'NONE',  ( 0.7071067811865475700, -0.0000000000000000000, 0.7071067811865475700 ) ) ;
#760 = AXIS2_PLACEMENT_3D ( 'NONE', #1847, #4775, #2292 ) ;
#761 = SURFACE_SIDE_STYLE ('',( #4467 ) ) ;
#762 = CARTESIAN_POINT ( 'NONE',  ( 0.2200000000000012500, 8.339999999999999900, 4.760000000000000700 ) ) ;
#763 = LINE ( 'NONE', #2422, #5226 ) ;
#764 = FILL_AREA_STYLE_COLOUR ( '', #1332 ) ;
#765 =( LENGTH_UNIT ( ) NAMED_UNIT ( * ) SI_UNIT ( .MILLI., .METRE. ) );
#766 = VECTOR ( 'NONE', #2809, 1000.000000000000100 ) ;
#767 = CARTESIAN_POINT ( 'NONE',  ( -0.7499999999999975600, 0.2999999999999999900, 11.43000000000000100 ) ) ;
#768 = EDGE_CURVE ( 'NONE', #2668, #4741, #2289, .T. ) ;
#769 = ORIENTED_EDGE ( 'NONE', *, *, #2406, .T. ) ;
#770 = EDGE_CURVE ( 'NONE', #5110, #3059, #3408, .T. ) ;
#771 = FILL_AREA_STYLE_COLOUR ( '', #3278 ) ;
#772 = VECTOR ( 'NONE', #1277, 1000.000000000000100 ) ;
#773 = ADVANCED_FACE ( 'NONE', ( #1146 ), #371, .F. ) ;
#774 = DIRECTION ( 'NONE',  ( 0.0000000000000000000, 1.000000000000000000, 0.0000000000000000000 ) ) ;
#775 =( NAMED_UNIT ( * ) PLANE_ANGLE_UNIT ( ) SI_UNIT ( $, .RADIAN. ) );
#776 = EDGE_LOOP ( 'NONE', ( #3722, #3969, #1386, #4141 ) ) ;
#777 = EDGE_CURVE ( 'NONE', #2461, #2074, #1750, .T. ) ;
#778 = ORIENTED_EDGE ( 'NONE', *, *, #258, .T. ) ;
#779 = COLOUR_RGB ( '',1.000000000000000000, 1.000000000000000000, 1.000000000000000000 ) ;
#780 = ORIENTED_EDGE ( 'NONE', *, *, #286, .F. ) ;
#781 = CARTESIAN_POINT ( 'NONE',  ( 1.269999999999999800, 1.700000000000000000, 3.409999999999999700 ) ) ;
#782 = VERTEX_POINT ( 'NONE', #2957 ) ;
#783 = ORIENTED_EDGE ( 'NONE', *, *, #3355, .F. ) ;
#784 = SURFACE_STYLE_FILL_AREA ( #4294 ) ;
#785 = LINE ( 'NONE', #1907, #2941 ) ;
#786 = ORIENTED_EDGE ( 'NONE', *, *, #1905, .T. ) ;
#787 = EDGE_LOOP ( 'NONE', ( #723, #780, #3576, #1724, #1929, #783, #2614, #3399 ) ) ;
#788 = DIRECTION ( 'NONE',  ( 0.0000000000000000000, 1.000000000000000000, 0.0000000000000000000 ) ) ;
#789 = ORIENTED_EDGE ( 'NONE', *, *, #5351, .T. ) ;
#790 =( LENGTH_UNIT ( ) NAMED_UNIT ( * ) SI_UNIT ( .MILLI., .METRE. ) );
#791 = AXIS2_PLACEMENT_3D ( 'NONE', #2409, #5311, #2842 ) ;
#792 = CARTESIAN_POINT ( 'NONE',  ( -0.3199999999999988400, -3.000000000000000000, 4.860000000000000300 ) ) ;
#793 = FACE_OUTER_BOUND ( 'NONE', #868, .T. ) ;
#794 = DIRECTION ( 'NONE',  ( 0.7071067811865474600, -0.0000000000000000000, -0.7071067811865474600 ) ) ;
#795 = CARTESIAN_POINT ( 'NONE',  ( 0.3200000000000018900, -3.000000000000000000, 7.400000000000000400 ) ) ;
#796 = EDGE_LOOP ( 'NONE', ( #1276, #1128, #453, #2143, #2349, #2596, #701, #1284 ) ) ;
#797 = ORIENTED_EDGE ( 'NONE', *, *, #3363, .F. ) ;
#798 = DIRECTION ( 'NONE',  ( -0.7071067811865475700, 0.0000000000000000000, 0.7071067811865475700 ) ) ;
#799 = FILL_AREA_STYLE_COLOUR ( '', #2092 ) ;
#800 = PRESENTATION_STYLE_ASSIGNMENT (( #1902 ) ) ;
#801 = COLOUR_RGB ( '',1.000000000000000000, 1.000000000000000000, 1.000000000000000000 ) ;
#802 =( NAMED_UNIT ( * ) SI_UNIT ( $, .STERADIAN. ) SOLID_ANGLE_UNIT ( ) );
#803 = PRESENTATION_STYLE_ASSIGNMENT (( #3923 ) ) ;
#804 = CARTESIAN_POINT ( 'NONE',  ( 1.270000000000000500, 1.700000000000000000, 5.949999999999999300 ) ) ;
#805 = COLOUR_RGB ( '',1.000000000000000000, 1.000000000000000000, 1.000000000000000000 ) ;
#806 = ADVANCED_FACE ( 'NONE', ( #2897 ), #1273, .T. ) ;
#807 = COLOUR_RGB ( '',1.000000000000000000, 1.000000000000000000, 1.000000000000000000 ) ;
#808 = LINE ( 'NONE', #4847, #669 ) ;
#809 = SURFACE_STYLE_USAGE ( .BOTH. , #845 ) ;
#810 = CARTESIAN_POINT ( 'NONE',  ( -0.8699999999999987700, 0.0000000000000000000, 6.349999999999999600 ) ) ;
#811 = DIRECTION ( 'NONE',  ( 0.0000000000000000000, 1.000000000000000000, 0.0000000000000000000 ) ) ;
#812 = SURFACE_SIDE_STYLE ('',( #5471 ) ) ;
#814 = FILL_AREA_STYLE_COLOUR ( '', #2812 ) ;
#813 = PLANE ( 'NONE',  #3834 ) ;
#815 = LINE ( 'NONE', #1151, #3933 ) ;
#816 = PRESENTATION_STYLE_ASSIGNMENT (( #3184 ) ) ;
#817 = CARTESIAN_POINT ( 'NONE',  ( -0.2199999999999994700, -3.000000000000000000, 2.220000000000000200 ) ) ;
#818 = DIRECTION ( 'NONE',  ( 1.000000000000000000, -0.0000000000000000000, 0.0000000000000000000 ) ) ;
#819 = DIRECTION ( 'NONE',  ( -0.7071067811865474600, 0.0000000000000000000, -0.7071067811865474600 ) ) ;
#820 = STYLED_ITEM ( 'NONE', ( #4954 ), #806 ) ;
#821 = STYLED_ITEM ( 'NONE', ( #5371 ), #1633 ) ;
#822 = VECTOR ( 'NONE', #4105, 1000.000000000000000 ) ;
#823 = UNCERTAINTY_MEASURE_WITH_UNIT (LENGTH_MEASURE( 1.000000000000000100E-005 ), #3884, 'distance_accuracy_value', 'NONE');
#824 = CARTESIAN_POINT ( 'NONE',  ( -0.3200000000000000100, 1.700000000000000000, 7.885106708985486600E-017 ) ) ;
#825 = CARTESIAN_POINT ( 'NONE',  ( -0.3200000000000000600, -3.000000000000000000, -0.2200000000000000800 ) ) ;
#826 = SURFACE_STYLE_FILL_AREA ( #4748 ) ;
#827 =( NAMED_UNIT ( * ) PLANE_ANGLE_UNIT ( ) SI_UNIT ( $, .RADIAN. ) );
#828 = DIRECTION ( 'NONE',  ( 0.0000000000000000000, 1.000000000000000000, 0.0000000000000000000 ) ) ;
#829 = ADVANCED_FACE ( 'NONE', ( #2494 ), #397, .F. ) ;
#831 = DIRECTION ( 'NONE',  ( 0.7071067811865474600, 0.0000000000000000000, 0.7071067811865474600 ) ) ;
#830 = DIRECTION ( 'NONE',  ( -0.7071067811865474600, 0.0000000000000000000, -0.7071067811865474600 ) ) ;
#832 = SURFACE_STYLE_USAGE ( .BOTH. , #3391 ) ;
#833 = DIRECTION ( 'NONE',  ( -0.7071067811865475700, 0.0000000000000000000, -0.7071067811865475700 ) ) ;
#834 = UNCERTAINTY_MEASURE_WITH_UNIT (LENGTH_MEASURE( 1.000000000000000100E-005 ), #765, 'distance_accuracy_value', 'NONE');
#835 = VECTOR ( 'NONE', #69, 1000.000000000000000 ) ;
#836 = LINE ( 'NONE', #3165, #1983 ) ;
#837 = PLANE ( 'NONE',  #548 ) ;
#838 = ORIENTED_EDGE ( 'NONE', *, *, #2510, .T. ) ;
#839 = DIRECTION ( 'NONE',  ( -0.7071067811865474600, 0.0000000000000000000, 0.7071067811865474600 ) ) ;
#840 = PRESENTATION_LAYER_ASSIGNMENT (  '', '', ( #256 ) ) ;
#841 = EDGE_CURVE ( 'NONE', #2749, #3124, #5269, .T. ) ;
#842 =( GEOMETRIC_REPRESENTATION_CONTEXT ( 3 ) GLOBAL_UNCERTAINTY_ASSIGNED_CONTEXT ( ( #4008 ) ) GLOBAL_UNIT_ASSIGNED_CONTEXT ( ( #2157, #5057, #4305 ) ) REPRESENTATION_CONTEXT ( 'NONE', 'WORKASPACE' ) );
#843 = ORIENTED_EDGE ( 'NONE', *, *, #77, .T. ) ;
#844 = VECTOR ( 'NONE', #774, 1000.000000000000000 ) ;
#845 = SURFACE_SIDE_STYLE ('',( #3870 ) ) ;
#846 = FILL_AREA_STYLE ('',( #3820 ) ) ;
#847 = ORIENTED_EDGE ( 'NONE', *, *, #489, .F. ) ;
#848 = FILL_AREA_STYLE_COLOUR ( '', #801 ) ;
#849 = ORIENTED_EDGE ( 'NONE', *, *, #4718, .F. ) ;
#850 = PRESENTATION_LAYER_ASSIGNMENT (  '', '', ( #270 ) ) ;
#852 = PLANE ( 'NONE',  #3592 ) ;
#851 = CARTESIAN_POINT ( 'NONE',  ( 1.269999999999998700, 1.700000000000000000, -0.8700000000000003300 ) ) ;
#853 = ORIENTED_EDGE ( 'NONE', *, *, #4897, .T. ) ;
#854 = LINE ( 'NONE', #4052, #1452 ) ;
#855 = PRESENTATION_LAYER_ASSIGNMENT (  '', '', ( #272 ) ) ;
#856 = CARTESIAN_POINT ( 'NONE',  ( 0.8699999999999998800, 1.700000000000000000, 3.809999999999999600 ) ) ;
#857 = MECHANICAL_DESIGN_GEOMETRIC_PRESENTATION_REPRESENTATION (  '', ( #5466 ), #1150 ) ;
#858 = EDGE_LOOP ( 'NONE', ( #3656, #926, #3384, #5107 ) ) ;
#859 = EDGE_LOOP ( 'NONE', ( #515, #3011, #1459, #1727 ) ) ;
#860 = ORIENTED_EDGE ( 'NONE', *, *, #3527, .F. ) ;
#861 = EDGE_CURVE ( 'NONE', #5256, #2745, #939, .T. ) ;
#862 = CARTESIAN_POINT ( 'NONE',  ( -2.269999999999999600, 1.700000000000000000, 2.269999999999999600 ) ) ;
#863 = PRESENTATION_LAYER_ASSIGNMENT (  '', '', ( #277 ) ) ;
#864 =( NAMED_UNIT ( * ) PLANE_ANGLE_UNIT ( ) SI_UNIT ( $, .RADIAN. ) );
#865 = EDGE_LOOP ( 'NONE', ( #5328, #1061, #4486, #647 ) ) ;
#866 = ORIENTED_EDGE ( 'NONE', *, *, #4526, .T. ) ;
#867 = ADVANCED_FACE ( 'NONE', ( #3081 ), #4605, .T. ) ;
#868 = EDGE_LOOP ( 'NONE', ( #752, #3396, #5250, #4367 ) ) ;
#869 = PRESENTATION_STYLE_ASSIGNMENT (( #1110 ) ) ;
#870 = EDGE_LOOP ( 'NONE', ( #3729, #2332, #1005, #2879, #2871, #2943, #2272, #4545 ) ) ;
#871 = VECTOR ( 'NONE', #1596, 1000.000000000000000 ) ;
#872 = SURFACE_STYLE_FILL_AREA ( #1771 ) ;
#873 = DIRECTION ( 'NONE',  ( 0.7071067811865474600, -0.0000000000000000000, 0.7071067811865474600 ) ) ;
#874 = PLANE ( 'NONE',  #2020 ) ;
#875 = VERTEX_POINT ( 'NONE', #3379 ) ;
#876 = STYLED_ITEM ( 'NONE', ( #1754 ), #5382 ) ;
#877 = DIRECTION ( 'NONE',  ( 0.0000000000000000000, 0.0000000000000000000, 1.000000000000000000 ) ) ;
#878 = LINE ( 'NONE', #2747, #1877 ) ;
#879 = EDGE_CURVE ( 'NONE', #3201, #273, #390, .T. ) ;
#881 = CARTESIAN_POINT ( 'NONE',  ( 0.7500000000000000000, 0.2999999999999999900, -1.270000000000000500 ) ) ;
#880 = DIRECTION ( 'NONE',  ( -0.0000000000000000000, -1.000000000000000000, -0.0000000000000000000 ) ) ;
#882 = CARTESIAN_POINT ( 'NONE',  ( 0.2200000000000013100, -3.000000000000000000, 5.400000000000000400 ) ) ;
#883 = VECTOR ( 'NONE', #4559, 1000.000000000000100 ) ;
#884 =( GEOMETRIC_REPRESENTATION_CONTEXT ( 3 ) GLOBAL_UNCERTAINTY_ASSIGNED_CONTEXT ( ( #3725 ) ) GLOBAL_UNIT_ASSIGNED_CONTEXT ( ( #556, #3534, #1000 ) ) REPRESENTATION_CONTEXT ( 'NONE', 'WORKASPACE' ) );
#885 = VECTOR ( 'NONE', #265, 1000.000000000000100 ) ;
#886 = COLOUR_RGB ( '',1.000000000000000000, 1.000000000000000000, 1.000000000000000000 ) ;
#887 = EDGE_CURVE ( 'NONE', #1109, #1254, #1544, .T. ) ;
#888 = EDGE_LOOP ( 'NONE', ( #2308, #4125, #1126, #2468 ) ) ;
#889 = EDGE_CURVE ( 'NONE', #485, #205, #2553, .T. ) ;
#890 = LINE ( 'NONE', #5182, #3035 ) ;
#891 = CARTESIAN_POINT ( 'NONE',  ( -0.8699999999999981100, 0.0000000000000000000, 8.890000000000000600 ) ) ;
#892 = CARTESIAN_POINT ( 'NONE',  ( 1.270000000000000000, 1.700000000000000000, 4.210000000000000000 ) ) ;
#893 =( GEOMETRIC_REPRESENTATION_CONTEXT ( 3 ) GLOBAL_UNCERTAINTY_ASSIGNED_CONTEXT ( ( #5004 ) ) GLOBAL_UNIT_ASSIGNED_CONTEXT ( ( #3874, #1339, #4274 ) ) REPRESENTATION_CONTEXT ( 'NONE', 'WORKASPACE' ) );
#894 = VECTOR ( 'NONE', #646, 1000.000000000000100 ) ;
#895 = SURFACE_STYLE_USAGE ( .BOTH. , #3431 ) ;
#896 = EDGE_LOOP ( 'NONE', ( #3813, #3295, #1667, #568 ) ) ;
#898 = DIRECTION ( 'NONE',  ( 1.000000000000000000, 0.0000000000000000000, 0.0000000000000000000 ) ) ;
#897 =( NAMED_UNIT ( * ) PLANE_ANGLE_UNIT ( ) SI_UNIT ( $, .RADIAN. ) );
#899 = PRESENTATION_STYLE_ASSIGNMENT (( #4635 ) ) ;
#900 = DIRECTION ( 'NONE',  ( -0.0000000000000000000, -1.000000000000000000, -0.0000000000000000000 ) ) ;
#901 = UNCERTAINTY_MEASURE_WITH_UNIT (LENGTH_MEASURE( 1.000000000000000100E-005 ), #1566, 'distance_accuracy_value', 'NONE');
#902 = DIRECTION ( 'NONE',  ( 0.7071067811865474600, 0.0000000000000000000, -0.7071067811865474600 ) ) ;
#903 = STYLED_ITEM ( 'NONE', ( #3937 ), #4974 ) ;
#904 = PRESENTATION_STYLE_ASSIGNMENT (( #5200 ) ) ;
#905 = DIRECTION ( 'NONE',  ( -0.7071067811865475700, 0.0000000000000000000, 0.7071067811865475700 ) ) ;
#906 = DIRECTION ( 'NONE',  ( -1.000000000000000000, -0.0000000000000000000, -0.0000000000000000000 ) ) ;
#908 = CARTESIAN_POINT ( 'NONE',  ( -1.269999999999998000, 0.0000000000000000000, 9.289999999999999100 ) ) ;
#907 = SURFACE_STYLE_USAGE ( .BOTH. , #3457 ) ;
#909 = VERTEX_POINT ( 'NONE', #4625 ) ;
#910 = VECTOR ( 'NONE', #830, 1000.000000000000100 ) ;
#911 = FILL_AREA_STYLE ('',( #2628 ) ) ;
#912 = ORIENTED_EDGE ( 'NONE', *, *, #3998, .F. ) ;
#913 =( NAMED_UNIT ( * ) SI_UNIT ( $, .STERADIAN. ) SOLID_ANGLE_UNIT ( ) );
#914 = SURFACE_STYLE_USAGE ( .BOTH. , #3468 ) ;
#915 = ORIENTED_EDGE ( 'NONE', *, *, #2793, .F. ) ;
#916 = EDGE_CURVE ( 'NONE', #3565, #1601, #1403, .T. ) ;
#917 = VERTEX_POINT ( 'NONE', #856 ) ;
#918 = COLOUR_RGB ( '',0.0000000000000000000, 0.03529411764705882300, 0.05882352941176470500 ) ;
#919 = AXIS2_PLACEMENT_3D ( 'NONE', #1043, #3995, #1474 ) ;
#920 = EDGE_LOOP ( 'NONE', ( #1064, #2664, #3514, #1296, #4800, #5403, #4579, #4086 ) ) ;
#921 =( LENGTH_UNIT ( ) NAMED_UNIT ( * ) SI_UNIT ( .MILLI., .METRE. ) );
#922 = VERTEX_POINT ( 'NONE', #4644 ) ;
#923 = ORIENTED_EDGE ( 'NONE', *, *, #3445, .F. ) ;
#925 = PLANE ( 'NONE',  #5249 ) ;
#924 = PLANE ( 'NONE',  #3450 ) ;
#926 = ORIENTED_EDGE ( 'NONE', *, *, #4648, .F. ) ;
#927 = UNCERTAINTY_MEASURE_WITH_UNIT (LENGTH_MEASURE( 1.000000000000000100E-005 ), #4904, 'distance_accuracy_value', 'NONE');
#928 = LINE ( 'NONE', #4158, #3071 ) ;
#929 = MECHANICAL_DESIGN_GEOMETRIC_PRESENTATION_REPRESENTATION (  '', ( #45 ), #1219 ) ;
#930 = DIRECTION ( 'NONE',  ( -1.232047923278982200E-016, 0.0000000000000000000, -1.000000000000000000 ) ) ;
#931 = SURFACE_STYLE_FILL_AREA ( #3132 ) ;
#932 = CARTESIAN_POINT ( 'NONE',  ( -0.2199999999999994700, -3.000000000000000000, 2.220000000000000200 ) ) ;
#933 = VERTEX_POINT ( 'NONE', #427 ) ;
#934 = ORIENTED_EDGE ( 'NONE', *, *, #1812, .T. ) ;
#935 = CARTESIAN_POINT ( 'NONE',  ( 0.3200000000000018900, 8.339999999999999900, 7.400000000000000400 ) ) ;
#936 = VECTOR ( 'NONE', #151, 1000.000000000000000 ) ;
#937 = SURFACE_STYLE_USAGE ( .BOTH. , #3481 ) ;
#938 = PLANE ( 'NONE',  #5105 ) ;
#939 = LINE ( 'NONE', #2960, #1949 ) ;
#940 =( NAMED_UNIT ( * ) PLANE_ANGLE_UNIT ( ) SI_UNIT ( $, .RADIAN. ) );
#941 = SURFACE_STYLE_FILL_AREA ( #3499 ) ;
#942 = CARTESIAN_POINT ( 'NONE',  ( -0.7500000000000000000, 0.0000000000000000000, -1.270000000000000500 ) ) ;
#943 = FACE_OUTER_BOUND ( 'NONE', #179, .T. ) ;
#944 = FILL_AREA_STYLE ('',( #1769 ) ) ;
#945 =( LENGTH_UNIT ( ) NAMED_UNIT ( * ) SI_UNIT ( .MILLI., .METRE. ) );
#947 = DIRECTION ( 'NONE',  ( 2.464095846557964400E-016, 0.0000000000000000000, 1.000000000000000000 ) ) ;
#946 = DIRECTION ( 'NONE',  ( 0.7071067811865474600, 0.0000000000000000000, -0.7071067811865474600 ) ) ;
#948 =( NAMED_UNIT ( * ) SI_UNIT ( $, .STERADIAN. ) SOLID_ANGLE_UNIT ( ) );
#949 = LINE ( 'NONE', #4829, #3349 ) ;
#950 = VECTOR ( 'NONE', #2129, 1000.000000000000000 ) ;
#951 = AXIS2_PLACEMENT_3D ( 'NONE', #5401, #2925, #344 ) ;
#952 = SURFACE_SIDE_STYLE ('',( #5310 ) ) ;
#953 = CARTESIAN_POINT ( 'NONE',  ( -1.539999999999999600, 1.700000000000000000, 1.539999999999999600 ) ) ;
#954 = EDGE_CURVE ( 'NONE', #2342, #2749, #3523, .T. ) ;
#955 = FACE_OUTER_BOUND ( 'NONE', #40, .T. ) ;
#956 = CARTESIAN_POINT ( 'NONE',  ( -0.3199999999999987300, 8.339999999999999900, 5.299999999999999800 ) ) ;
#957 = EDGE_CURVE ( 'NONE', #2570, #4506, #4617, .T. ) ;
#958 = FACE_OUTER_BOUND ( 'NONE', #2174, .T. ) ;
#959 = SURFACE_SIDE_STYLE ('',( #941 ) ) ;
#960 = DIRECTION ( 'NONE',  ( 0.7071067811865474600, 0.0000000000000000000, 0.7071067811865474600 ) ) ;
#961 = AXIS2_PLACEMENT_3D ( 'NONE', #4854, #2374, #5275 ) ;
#962 = LINE ( 'NONE', #2472, #3229 ) ;
#963 = EDGE_CURVE ( 'NONE', #3124, #4251, #4489, .T. ) ;
#964 = EDGE_CURVE ( 'NONE', #2461, #1324, #3403, .T. ) ;
#965 = FILL_AREA_STYLE_COLOUR ( '', #3982 ) ;
#966 = FILL_AREA_STYLE ('',( #544 ) ) ;
#967 = CARTESIAN_POINT ( 'NONE',  ( 0.3200000000000025000, -3.000000000000000000, 9.940000000000001300 ) ) ;
#968 = EDGE_CURVE ( 'NONE', #4475, #5404, #1282, .T. ) ;
#969 = VECTOR ( 'NONE', #82, 1000.000000000000000 ) ;
#970 = AXIS2_PLACEMENT_3D ( 'NONE', #4001, #1480, #4397 ) ;
#971 = CARTESIAN_POINT ( 'NONE',  ( 0.8700000000000017700, 1.700000000000000000, 11.43000000000000000 ) ) ;
#972 = CARTESIAN_POINT ( 'NONE',  ( -1.269999999999999100, 0.0000000000000000000, 4.210000000000000000 ) ) ;
#973 = PRESENTATION_STYLE_ASSIGNMENT (( #4418 ) ) ;
#974 = DIRECTION ( 'NONE',  ( 0.0000000000000000000, 1.000000000000000000, 0.0000000000000000000 ) ) ;
#975 = DIRECTION ( 'NONE',  ( 0.0000000000000000000, 0.0000000000000000000, -1.000000000000000000 ) ) ;
#976 =( NAMED_UNIT ( * ) PLANE_ANGLE_UNIT ( ) SI_UNIT ( $, .RADIAN. ) );
#977 = VECTOR ( 'NONE', #496, 1000.000000000000000 ) ;
#978 = DIRECTION ( 'NONE',  ( 1.000000000000000000, -0.0000000000000000000, -2.492418787322999700E-016 ) ) ;
#979 = VERTEX_POINT ( 'NONE', #1744 ) ;
#980 = EDGE_CURVE ( 'NONE', #1023, #3057, #4352, .T. ) ;
#981 = VECTOR ( 'NONE', #1315, 1000.000000000000000 ) ;
#982 = ORIENTED_EDGE ( 'NONE', *, *, #2440, .T. ) ;
#983 = MECHANICAL_DESIGN_GEOMETRIC_PRESENTATION_REPRESENTATION (  '', ( #102 ), #1283 ) ;
#984 = PLANE ( 'NONE',  #1354 ) ;
#985 = VERTEX_POINT ( 'NONE', #3860 ) ;
#986 = DIRECTION ( 'NONE',  ( -1.000000000000000000, 0.0000000000000000000, 2.492418787322999200E-016 ) ) ;
#987 = DIRECTION ( 'NONE',  ( -0.7071067811865474600, 0.0000000000000000000, 0.7071067811865474600 ) ) ;
#988 = EDGE_LOOP ( 'NONE', ( #1801, #225, #3331, #5384 ) ) ;
#989 = SURFACE_STYLE_USAGE ( .BOTH. , #3530 ) ;
#990 = EDGE_LOOP ( 'NONE', ( #4332, #709, #651, #4390 ) ) ;
#991 = EDGE_CURVE ( 'NONE', #1023, #1802, #1008, .T. ) ;
#992 =( LENGTH_UNIT ( ) NAMED_UNIT ( * ) SI_UNIT ( .MILLI., .METRE. ) );
#993 =( NAMED_UNIT ( * ) SI_UNIT ( $, .STERADIAN. ) SOLID_ANGLE_UNIT ( ) );
#994 = EDGE_LOOP ( 'NONE', ( #2410, #3196, #1987, #2331, #4282, #1990, #2742, #445 ) ) ;
#995 = EDGE_CURVE ( 'NONE', #5468, #5325, #1141, .T. ) ;
#996 = ORIENTED_EDGE ( 'NONE', *, *, #2440, .F. ) ;
#997 = ORIENTED_EDGE ( 'NONE', *, *, #4368, .T. ) ;
#998 = MECHANICAL_DESIGN_GEOMETRIC_PRESENTATION_REPRESENTATION (  '', ( #118 ), #1289 ) ;
#999 = COLOUR_RGB ( '',1.000000000000000000, 1.000000000000000000, 1.000000000000000000 ) ;
#1000 =( NAMED_UNIT ( * ) SI_UNIT ( $, .STERADIAN. ) SOLID_ANGLE_UNIT ( ) );
#1001 = SURFACE_STYLE_FILL_AREA ( #2318 ) ;
#1002 = EDGE_LOOP ( 'NONE', ( #3444, #5127, #5399, #5117 ) ) ;
#1003 = VERTEX_POINT ( 'NONE', #5093 ) ;
#1004 = PRODUCT_DEFINITION_SHAPE ( 'NONE', 'NONE',  #4990 ) ;
#1005 = ORIENTED_EDGE ( 'NONE', *, *, #3175, .T. ) ;
#1006 = VECTOR ( 'NONE', #1944, 1000.000000000000000 ) ;
#1007 = UNCERTAINTY_MEASURE_WITH_UNIT (LENGTH_MEASURE( 1.000000000000000100E-005 ), #2445, 'distance_accuracy_value', 'NONE');
#1008 = LINE ( 'NONE', #3034, #3141 ) ;
#1009 =( NAMED_UNIT ( * ) SI_UNIT ( $, .STERADIAN. ) SOLID_ANGLE_UNIT ( ) );
#1010 =( LENGTH_UNIT ( ) NAMED_UNIT ( * ) SI_UNIT ( .MILLI., .METRE. ) );
#1011 = STYLED_ITEM ( 'NONE', ( #4372 ), #1910 ) ;
#1012 = LINE ( 'NONE', #2295, #2025 ) ;
#1013 = CARTESIAN_POINT ( 'NONE',  ( 0.3200000000000018900, 1.700000000000000000, 7.400000000000000400 ) ) ;
#1014 = AXIS2_PLACEMENT_3D ( 'NONE', #3800, #1272, #4201 ) ;
#1015 = FILL_AREA_STYLE_COLOUR ( '', #1553 ) ;
#1016 = VECTOR ( 'NONE', #2037, 1000.000000000000000 ) ;
#1017 = ADVANCED_BREP_SHAPE_REPRESENTATION ( '1x5', ( #721, #5198, #4699 ), #2205 ) ;
#1018 = LINE ( 'NONE', #4456, #3148 ) ;
#1019 = DIRECTION ( 'NONE',  ( 0.7071067811865474600, -0.0000000000000000000, -0.7071067811865474600 ) ) ;
#1020 = COLOUR_RGB ( '',0.0000000000000000000, 0.03529411764705882300, 0.05882352941176470500 ) ;
#1021 = PRESENTATION_STYLE_ASSIGNMENT (( #1656 ) ) ;
#1022 = VECTOR ( 'NONE', #185, 1000.000000000000000 ) ;
#1023 = VERTEX_POINT ( 'NONE', #1321 ) ;
#1024 = CARTESIAN_POINT ( 'NONE',  ( -0.3200000000000000600, 8.339999999999999900, -0.2200000000000000800 ) ) ;
#1025 =( GEOMETRIC_REPRESENTATION_CONTEXT ( 3 ) GLOBAL_UNCERTAINTY_ASSIGNED_CONTEXT ( ( #1925 ) ) GLOBAL_UNIT_ASSIGNED_CONTEXT ( ( #3224, #660, #3641 ) ) REPRESENTATION_CONTEXT ( 'NONE', 'WORKASPACE' ) );
#1026 = ORIENTED_EDGE ( 'NONE', *, *, #551, .F. ) ;
#1027 = DIRECTION ( 'NONE',  ( -1.000000000000000000, 0.0000000000000000000, 2.464095846557964400E-016 ) ) ;
#1028 = VECTOR ( 'NONE', #1681, 1000.000000000000100 ) ;
#1029 = EDGE_CURVE ( 'NONE', #2801, #587, #5193, .T. ) ;
#1030 = STYLED_ITEM ( 'NONE', ( #4676 ), #1119 ) ;
#1031 = FILL_AREA_STYLE ('',( #1453 ) ) ;
#1032 = CARTESIAN_POINT ( 'NONE',  ( 1.270000000000000700, 1.700000000000000000, 6.750000000000000000 ) ) ;
#1033 = DIRECTION ( 'NONE',  ( 0.7071067811865474600, 0.0000000000000000000, -0.7071067811865474600 ) ) ;
#1034 = VECTOR ( 'NONE', #1843, 1000.000000000000000 ) ;
#1035 = DIRECTION ( 'NONE',  ( -0.0000000000000000000, -1.000000000000000000, -0.0000000000000000000 ) ) ;
#1036 =( GEOMETRIC_REPRESENTATION_CONTEXT ( 3 ) GLOBAL_UNCERTAINTY_ASSIGNED_CONTEXT ( ( #1671 ) ) GLOBAL_UNIT_ASSIGNED_CONTEXT ( ( #3638, #1100, #4048 ) ) REPRESENTATION_CONTEXT ( 'NONE', 'WORKASPACE' ) );
#1037 =( GEOMETRIC_REPRESENTATION_CONTEXT ( 3 ) GLOBAL_UNCERTAINTY_ASSIGNED_CONTEXT ( ( #901 ) ) GLOBAL_UNIT_ASSIGNED_CONTEXT ( ( #1566, #3684, #2872 ) ) REPRESENTATION_CONTEXT ( 'NONE', 'WORKASPACE' ) );
#1038 = PLANE ( 'NONE',  #1113 ) ;
#1039 = CARTESIAN_POINT ( 'NONE',  ( 0.3200000000000025600, -3.000000000000000000, 10.38000000000000100 ) ) ;
#1040 = CARTESIAN_POINT ( 'NONE',  ( -5.089999999999998100, 0.2999999999999999900, 3.069999999999998100 ) ) ;
#1041 = EDGE_CURVE ( 'NONE', #1802, #158, #4225, .T. ) ;
#1042 =( GEOMETRIC_REPRESENTATION_CONTEXT ( 3 ) GLOBAL_UNCERTAINTY_ASSIGNED_CONTEXT ( ( #5472 ) ) GLOBAL_UNIT_ASSIGNED_CONTEXT ( ( #4539, #2054, #4961 ) ) REPRESENTATION_CONTEXT ( 'NONE', 'WORKASPACE' ) );
#1043 = CARTESIAN_POINT ( 'NONE',  ( -0.3199999999999988400, -3.000000000000000000, 4.860000000000000300 ) ) ;
#1044 = CARTESIAN_POINT ( 'NONE',  ( 0.2200000000000025000, -3.000000000000000000, 9.839999999999999900 ) ) ;
#1045 = FACE_OUTER_BOUND ( 'NONE', #576, .T. ) ;
#1046 = CARTESIAN_POINT ( 'NONE',  ( 0.3200000000000025000, 0.2999999999999999300, 9.940000000000001300 ) ) ;
#1047 = VECTOR ( 'NONE', #2324, 1000.000000000000000 ) ;
#1048 = EDGE_LOOP ( 'NONE', ( #524, #387, #5112, #1335 ) ) ;
#1049 = PRESENTATION_LAYER_ASSIGNMENT (  '', '', ( #474 ) ) ;
#1050 = ORIENTED_EDGE ( 'NONE', *, *, #2726, .F. ) ;
#1051 = ORIENTED_EDGE ( 'NONE', *, *, #33, .T. ) ;
#1052 = LINE ( 'NONE', #3682, #2203 ) ;
#1053 = ORIENTED_EDGE ( 'NONE', *, *, #1416, .F. ) ;
#1054 = STYLED_ITEM ( 'NONE', ( #4488 ), #3276 ) ;
#1055 =( NAMED_UNIT ( * ) SI_UNIT ( $, .STERADIAN. ) SOLID_ANGLE_UNIT ( ) );
#1056 = ORIENTED_EDGE ( 'NONE', *, *, #296, .F. ) ;
#1057 =( NAMED_UNIT ( * ) SI_UNIT ( $, .STERADIAN. ) SOLID_ANGLE_UNIT ( ) );
#1058 = ORIENTED_EDGE ( 'NONE', *, *, #3511, .F. ) ;
#1059 = EDGE_LOOP ( 'NONE', ( #4222, #3918, #4697, #4607 ) ) ;
#1060 = DIRECTION ( 'NONE',  ( 2.464095846557964400E-016, 0.0000000000000000000, 1.000000000000000000 ) ) ;
#1061 = ORIENTED_EDGE ( 'NONE', *, *, #1135, .T. ) ;
#1062 = ORIENTED_EDGE ( 'NONE', *, *, #4787, .F. ) ;
#1063 = ADVANCED_FACE ( 'NONE', ( #1874 ), #1342, .T. ) ;
#1064 = ORIENTED_EDGE ( 'NONE', *, *, #4441, .T. ) ;
#1065 = EDGE_CURVE ( 'NONE', #2823, #1698, #1469, .T. ) ;
#1066 = DIRECTION ( 'NONE',  ( 1.000000000000000000, 0.0000000000000000000, 0.0000000000000000000 ) ) ;
#1067 =( LENGTH_UNIT ( ) NAMED_UNIT ( * ) SI_UNIT ( .MILLI., .METRE. ) );
#1068 = EDGE_CURVE ( 'NONE', #5261, #1464, #2619, .T. ) ;
#1069 = ORIENTED_EDGE ( 'NONE', *, *, #957, .T. ) ;
#1070 = VERTEX_POINT ( 'NONE', #67 ) ;
#1071 = STYLED_ITEM ( 'NONE', ( #1239 ), #4152 ) ;
#1072 = FILL_AREA_STYLE_COLOUR ( '', #4417 ) ;
#1073 = VECTOR ( 'NONE', #2732, 1000.000000000000000 ) ;
#1074 = UNCERTAINTY_MEASURE_WITH_UNIT (LENGTH_MEASURE( 1.000000000000000100E-005 ), #1808, 'distance_accuracy_value', 'NONE');
#1075 = VECTOR ( 'NONE', #1972, 1000.000000000000100 ) ;
#1076 = EDGE_CURVE ( 'NONE', #3271, #1855, #1333, .T. ) ;
#1077 = STYLED_ITEM ( 'NONE', ( #4633 ), #2034 ) ;
#1078 = LINE ( 'NONE', #4992, #3209 ) ;
#1079 = PLANE ( 'NONE',  #1696 ) ;
#1080 = SURFACE_STYLE_USAGE ( .BOTH. , #3612 ) ;
#1081 = UNCERTAINTY_MEASURE_WITH_UNIT (LENGTH_MEASURE( 1.000000000000000100E-005 ), #1376, 'distance_accuracy_value', 'NONE');
#1082 = CARTESIAN_POINT ( 'NONE',  ( 1.270000000000001400, 1.700000000000000000, 9.289999999999999100 ) ) ;
#1083 = CARTESIAN_POINT ( 'NONE',  ( -1.269999999999998000, 1.700000000000000000, 8.489999999999998400 ) ) ;
#1084 = VECTOR ( 'NONE', #4210, 1000.000000000000000 ) ;
#1085 = LINE ( 'NONE', #4320, #5280 ) ;
#1086 = PRESENTATION_LAYER_ASSIGNMENT (  '', '', ( #499 ) ) ;
#1087 = CARTESIAN_POINT ( 'NONE',  ( -0.3199999999999993400, 8.339999999999999900, 2.760000000000000200 ) ) ;
#1088 = DIRECTION ( 'NONE',  ( -1.232047923278982200E-016, -0.0000000000000000000, -1.000000000000000000 ) ) ;
#1089 = LINE ( 'NONE', #1913, #3356 ) ;
#1090 = FILL_AREA_STYLE_COLOUR ( '', #5012 ) ;
#1091 = VERTEX_POINT ( 'NONE', #3084 ) ;
#1092 = CARTESIAN_POINT ( 'NONE',  ( 0.2200000000000025500, -3.000000000000000000, 10.48000000000000000 ) ) ;
#1093 = FACE_OUTER_BOUND ( 'NONE', #1673, .T. ) ;
#1094 = ADVANCED_FACE ( 'NONE', ( #2487 ), #2656, .T. ) ;
#1095 = VECTOR ( 'NONE', #3452, 1000.000000000000000 ) ;
#1096 =( NAMED_UNIT ( * ) SI_UNIT ( $, .STERADIAN. ) SOLID_ANGLE_UNIT ( ) );
#1097 = FILL_AREA_STYLE_COLOUR ( '', #1775 ) ;
#1098 = FACE_OUTER_BOUND ( 'NONE', #542, .T. ) ;
#1099 =( NAMED_UNIT ( * ) PLANE_ANGLE_UNIT ( ) SI_UNIT ( $, .RADIAN. ) );
#1100 =( NAMED_UNIT ( * ) PLANE_ANGLE_UNIT ( ) SI_UNIT ( $, .RADIAN. ) );
#1101 = UNCERTAINTY_MEASURE_WITH_UNIT (LENGTH_MEASURE( 1.000000000000000100E-005 ), #3147, 'distance_accuracy_value', 'NONE');
#1102 = CARTESIAN_POINT ( 'NONE',  ( 0.2200000000000018900, -3.000000000000000000, 7.299999999999999800 ) ) ;
#1103 =( NAMED_UNIT ( * ) PLANE_ANGLE_UNIT ( ) SI_UNIT ( $, .RADIAN. ) );
#1104 = LINE ( 'NONE', #1909, #3374 ) ;
#1105 = LINE ( 'NONE', #4692, #977 ) ;
#1106 = SURFACE_SIDE_STYLE ('',( #605 ) ) ;
#1107 = AXIS2_PLACEMENT_3D ( 'NONE', #2116, #5025, #2546 ) ;
#1108 = AXIS2_PLACEMENT_3D ( 'NONE', #4359, #1862, #4782 ) ;
#1109 = VERTEX_POINT ( 'NONE', #2676 ) ;
#1110 = SURFACE_STYLE_USAGE ( .BOTH. , #3653 ) ;
#1111 = CARTESIAN_POINT ( 'NONE',  ( 0.2200000000000013100, 8.339999999999999900, 5.400000000000000400 ) ) ;
#1112 = CARTESIAN_POINT ( 'NONE',  ( 0.0000000000000000000, 1.700000000000000000, 9.839999999999999900 ) ) ;
#1113 = AXIS2_PLACEMENT_3D ( 'NONE', #175, #3181, #608 ) ;
#1114 = DIRECTION ( 'NONE',  ( -1.000000000000000000, 0.0000000000000000000, -0.0000000000000000000 ) ) ;
#1115 =( NAMED_UNIT ( * ) PLANE_ANGLE_UNIT ( ) SI_UNIT ( $, .RADIAN. ) );
#1116 = VERTEX_POINT ( 'NONE', #971 ) ;
#1117 =( NAMED_UNIT ( * ) PLANE_ANGLE_UNIT ( ) SI_UNIT ( $, .RADIAN. ) );
#1118 = DIRECTION ( 'NONE',  ( -0.7071067811865475700, 0.0000000000000000000, 0.7071067811865475700 ) ) ;
#1119 = ADVANCED_FACE ( 'NONE', ( #1943 ), #1393, .T. ) ;
#1120 = CARTESIAN_POINT ( 'NONE',  ( -0.2199999999999988100, -3.000000000000000000, 4.760000000000000700 ) ) ;
#1121 = CARTESIAN_POINT ( 'NONE',  ( -0.3200000000000000100, 1.700000000000000000, 7.885106708985486600E-017 ) ) ;
#1122 = ORIENTED_EDGE ( 'NONE', *, *, #1711, .T. ) ;
#1123 = EDGE_LOOP ( 'NONE', ( #3404, #1473, #1858, #3898 ) ) ;
#1124 = CARTESIAN_POINT ( 'NONE',  ( 0.2200000000000006700, -3.000000000000000000, 2.860000000000000300 ) ) ;
#1125 = SURFACE_STYLE_FILL_AREA ( #3824 ) ;
#1126 = ORIENTED_EDGE ( 'NONE', *, *, #140, .T. ) ;
#1127 = ORIENTED_EDGE ( 'NONE', *, *, #4092, .F. ) ;
#1128 = ORIENTED_EDGE ( 'NONE', *, *, #1542, .T. ) ;
#1129 = VECTOR ( 'NONE', #583, 1000.000000000000000 ) ;
#1130 = FILL_AREA_STYLE_COLOUR ( '', #1611 ) ;
#1131 = MECHANICAL_DESIGN_GEOMETRIC_PRESENTATION_REPRESENTATION (  '', ( #256 ), #1414 ) ;
#1132 = CARTESIAN_POINT ( 'NONE',  ( -0.8699999999999994400, 1.700000000000000000, 3.810000000000000100 ) ) ;
#1133 = ORIENTED_EDGE ( 'NONE', *, *, #1029, .F. ) ;
#1134 = ORIENTED_EDGE ( 'NONE', *, *, #614, .F. ) ;
#1135 = EDGE_CURVE ( 'NONE', #2533, #372, #3074, .T. ) ;
#1136 = ORIENTED_EDGE ( 'NONE', *, *, #1175, .T. ) ;
#1137 = CARTESIAN_POINT ( 'NONE',  ( 2.530000000000000200, 0.2999999999999999900, 2.009999999999999800 ) ) ;
#1138 = PLANE ( 'NONE',  #5245 ) ;
#1139 = SURFACE_SIDE_STYLE ('',( #3454 ) ) ;
#1140 = FILL_AREA_STYLE ('',( #4499 ) ) ;
#1141 = LINE ( 'NONE', #465, #2153 ) ;
#1142 = ORIENTED_EDGE ( 'NONE', *, *, #413, .T. ) ;
#1143 = CARTESIAN_POINT ( 'NONE',  ( 0.3200000000000012800, 1.700000000000000000, -3.942553354492758700E-017 ) ) ;
#1144 = CARTESIAN_POINT ( 'NONE',  ( -0.3199999999999974000, -3.000000000000000000, 10.38000000000000100 ) ) ;
#1145 = SURFACE_STYLE_FILL_AREA ( #3082 ) ;
#1146 = FACE_OUTER_BOUND ( 'NONE', #4812, .T. ) ;
#1147 = DIRECTION ( 'NONE',  ( 2.464095846557964400E-016, 0.0000000000000000000, 1.000000000000000000 ) ) ;
#1148 = MECHANICAL_DESIGN_GEOMETRIC_PRESENTATION_REPRESENTATION (  '', ( #270 ), #1426 ) ;
#1149 = MECHANICAL_DESIGN_GEOMETRIC_PRESENTATION_REPRESENTATION (  '', ( #272 ), #1428 ) ;
#1150 =( GEOMETRIC_REPRESENTATION_CONTEXT ( 3 ) GLOBAL_UNCERTAINTY_ASSIGNED_CONTEXT ( ( #2314 ) ) GLOBAL_UNIT_ASSIGNED_CONTEXT ( ( #790, #754, #335 ) ) REPRESENTATION_CONTEXT ( 'NONE', 'WORKASPACE' ) );
#1151 = CARTESIAN_POINT ( 'NONE',  ( -0.8699999999999992200, 1.700000000000000000, 3.810000000000000100 ) ) ;
#1152 = COLOUR_RGB ( '',1.000000000000000000, 1.000000000000000000, 1.000000000000000000 ) ;
#1153 = EDGE_CURVE ( 'NONE', #2483, #2461, #3780, .T. ) ;
#1154 = ADVANCED_FACE ( 'NONE', ( #4739 ), #5176, .T. ) ;
#1155 = SURFACE_STYLE_FILL_AREA ( #434 ) ;
#1156 = MECHANICAL_DESIGN_GEOMETRIC_PRESENTATION_REPRESENTATION (  '', ( #277 ), #1434 ) ;
#1157 = LINE ( 'NONE', #2400, #2296 ) ;
#1158 = LINE ( 'NONE', #2073, #2170 ) ;
#1159 = DIRECTION ( 'NONE',  ( -0.7071067811865474600, -0.0000000000000000000, 0.7071067811865474600 ) ) ;
#1160 = PLANE ( 'NONE',  #706 ) ;
#1161 = FILL_AREA_STYLE_COLOUR ( '', #1364 ) ;
#1162 = AXIS2_PLACEMENT_3D ( 'NONE', #1349, #4280, #1774 ) ;
#1163 =( NAMED_UNIT ( * ) SI_UNIT ( $, .STERADIAN. ) SOLID_ANGLE_UNIT ( ) );
#1164 = CARTESIAN_POINT ( 'NONE',  ( -0.2200000000000000800, -3.000000000000000000, -0.3200000000000000600 ) ) ;
#1165 = EDGE_CURVE ( 'NONE', #1605, #1299, #4346, .T. ) ;
#1166 = EDGE_LOOP ( 'NONE', ( #2608, #316, #1266, #5457 ) ) ;
#1167 = LINE ( 'NONE', #1242, #3298 ) ;
#1168 = ORIENTED_EDGE ( 'NONE', *, *, #3620, .F. ) ;
#1169 =( NAMED_UNIT ( * ) PLANE_ANGLE_UNIT ( ) SI_UNIT ( $, .RADIAN. ) );
#1170 = CARTESIAN_POINT ( 'NONE',  ( -0.3199999999999994500, -3.000000000000000000, 2.319999999999999800 ) ) ;
#1171 = CARTESIAN_POINT ( 'NONE',  ( -0.2200000000000000800, -3.000000000000000000, -0.3200000000000000600 ) ) ;
#1172 = EDGE_CURVE ( 'NONE', #1091, #2668, #2276, .T. ) ;
#1173 = UNCERTAINTY_MEASURE_WITH_UNIT (LENGTH_MEASURE( 1.000000000000000100E-005 ), #3709, 'distance_accuracy_value', 'NONE');
#1174 =( NAMED_UNIT ( * ) PLANE_ANGLE_UNIT ( ) SI_UNIT ( $, .RADIAN. ) );
#1175 = EDGE_CURVE ( 'NONE', #2342, #3183, #3267, .T. ) ;
#1176 = CARTESIAN_POINT ( 'NONE',  ( 0.7500000000000000000, 0.0000000000000000000, -1.270000000000000200 ) ) ;
#1177 = ADVANCED_FACE ( 'NONE', ( #5460 ), #4807, .T. ) ;
#1178 =( NAMED_UNIT ( * ) SI_UNIT ( $, .STERADIAN. ) SOLID_ANGLE_UNIT ( ) );
#1179 = PLANE ( 'NONE',  #1906 ) ;
#1180 = LINE ( 'NONE', #4843, #3432 ) ;
#1181 = PRESENTATION_STYLE_ASSIGNMENT (( #4316 ) ) ;
#1182 = VERTEX_POINT ( 'NONE', #1024 ) ;
#1183 = CARTESIAN_POINT ( 'NONE',  ( -0.8700000000000001100, 0.0000000000000000000, 1.269999999999999800 ) ) ;
#1184 = ORIENTED_EDGE ( 'NONE', *, *, #4, .F. ) ;
#1185 =( NAMED_UNIT ( * ) SI_UNIT ( $, .STERADIAN. ) SOLID_ANGLE_UNIT ( ) );
#1186 = DIRECTION ( 'NONE',  ( 2.464095846557964400E-016, 0.0000000000000000000, 1.000000000000000000 ) ) ;
#1187 = AXIS2_PLACEMENT_3D ( 'NONE', #1781, #4700, #2226 ) ;
#1188 = CARTESIAN_POINT ( 'NONE',  ( 0.2200000000000025000, -3.000000000000000000, 9.839999999999999900 ) ) ;
#1189 = CARTESIAN_POINT ( 'NONE',  ( -0.8699999999999976600, 1.700000000000000000, 11.43000000000000100 ) ) ;
#1190 = ORIENTED_EDGE ( 'NONE', *, *, #446, .T. ) ;
#1191 = VERTEX_POINT ( 'NONE', #5299 ) ;
#1192 = ORIENTED_EDGE ( 'NONE', *, *, #693, .F. ) ;
#1193 =( LENGTH_UNIT ( ) NAMED_UNIT ( * ) SI_UNIT ( .MILLI., .METRE. ) );
#1194 = COLOUR_RGB ( '',1.000000000000000000, 1.000000000000000000, 1.000000000000000000 ) ;
#1195 = PLANE ( 'NONE',  #3599 ) ;
#1196 = COLOUR_RGB ( '',1.000000000000000000, 1.000000000000000000, 1.000000000000000000 ) ;
#1197 = ORIENTED_EDGE ( 'NONE', *, *, #5067, .T. ) ;
#1198 = ORIENTED_EDGE ( 'NONE', *, *, #3962, .F. ) ;
#1199 = ORIENTED_EDGE ( 'NONE', *, *, #4637, .T. ) ;
#1200 = FILL_AREA_STYLE ('',( #764 ) ) ;
#1201 = EDGE_LOOP ( 'NONE', ( #4933, #2637, #39, #3338 ) ) ;
#1202 =( NAMED_UNIT ( * ) SI_UNIT ( $, .STERADIAN. ) SOLID_ANGLE_UNIT ( ) );
#1203 = ORIENTED_EDGE ( 'NONE', *, *, #4725, .F. ) ;
#1204 = ORIENTED_EDGE ( 'NONE', *, *, #841, .F. ) ;
#1205 = ADVANCED_FACE ( 'NONE', ( #3846 ), #1884, .T. ) ;
#1206 = VECTOR ( 'NONE', #3956, 1000.000000000000000 ) ;
#1207 = EDGE_CURVE ( 'NONE', #1636, #4794, #2341, .T. ) ;
#1208 =( NAMED_UNIT ( * ) PLANE_ANGLE_UNIT ( ) SI_UNIT ( $, .RADIAN. ) );
#1209 = PRESENTATION_LAYER_ASSIGNMENT (  '', '', ( #615 ) ) ;
#1210 = CARTESIAN_POINT ( 'NONE',  ( 0.2200000000000049100, 1.700000000000000000, 9.839999999999999900 ) ) ;
#1211 = CARTESIAN_POINT ( 'NONE',  ( -0.3199999999999991200, 0.2999999999999999900, 4.859999999999998500 ) ) ;
#1212 = CARTESIAN_POINT ( 'NONE',  ( 0.2200000000000006100, -3.000000000000000000, 2.220000000000000200 ) ) ;
#1213 = PRESENTATION_STYLE_ASSIGNMENT (( #3531 ) ) ;
#1214 = DIRECTION ( 'NONE',  ( -1.232047923278982200E-016, -0.0000000000000000000, -1.000000000000000000 ) ) ;
#1215 = PRESENTATION_STYLE_ASSIGNMENT (( #2835 ) ) ;
#1216 = STYLED_ITEM ( 'NONE', ( #2449 ), #4839 ) ;
#1217 = LINE ( 'NONE', #408, #3348 ) ;
#1218 = FILL_AREA_STYLE_COLOUR ( '', #2544 ) ;
#1219 =( GEOMETRIC_REPRESENTATION_CONTEXT ( 3 ) GLOBAL_UNCERTAINTY_ASSIGNED_CONTEXT ( ( #3453 ) ) GLOBAL_UNIT_ASSIGNED_CONTEXT ( ( #4958, #2474, #5374 ) ) REPRESENTATION_CONTEXT ( 'NONE', 'WORKASPACE' ) );
#1220 = STYLED_ITEM ( 'NONE', ( #1258 ), #1547 ) ;
#1221 = FILL_AREA_STYLE ('',( #4544 ) ) ;
#1222 = VECTOR ( 'NONE', #668, 1000.000000000000000 ) ;
#1223 = STYLED_ITEM ( 'NONE', ( #4492 ), #2558 ) ;
#1224 = CARTESIAN_POINT ( 'NONE',  ( -0.3199999999999993400, -3.000000000000000000, 2.760000000000000200 ) ) ;
#1225 = DIRECTION ( 'NONE',  ( 2.464095846557964400E-016, 0.0000000000000000000, 1.000000000000000000 ) ) ;
#1226 = DIRECTION ( 'NONE',  ( -0.7071067811865474600, 0.0000000000000000000, 0.7071067811865474600 ) ) ;
#1228 = EDGE_LOOP ( 'NONE', ( #3125, #2008, #17, #4060, #2279, #2606, #2077, #2211 ) ) ;
#1227 = DIRECTION ( 'NONE',  ( -1.232047923278982200E-016, 0.0000000000000000000, -1.000000000000000000 ) ) ;
#1229 = ADVANCED_FACE ( 'NONE', ( #169 ), #696, .T. ) ;
#1231 = DIRECTION ( 'NONE',  ( -0.7071067811865474600, 0.0000000000000000000, 0.7071067811865474600 ) ) ;
#1230 = CARTESIAN_POINT ( 'NONE',  ( 0.2200000000000006700, -3.000000000000000000, 2.860000000000000300 ) ) ;
#1232 = FILL_AREA_STYLE ('',( #799 ) ) ;
#1233 = CARTESIAN_POINT ( 'NONE',  ( -0.3199999999999975100, -3.000000000000000000, 9.940000000000001300 ) ) ;
#1234 = CARTESIAN_POINT ( 'NONE',  ( 0.2200000000000012500, 0.2999999999999999300, 4.760000000000000700 ) ) ;
#1235 = PRESENTATION_LAYER_ASSIGNMENT (  '', '', ( #650 ) ) ;
#1236 = EDGE_CURVE ( 'NONE', #5224, #4329, #5120, .T. ) ;
#1237 = UNCERTAINTY_MEASURE_WITH_UNIT (LENGTH_MEASURE( 1.000000000000000100E-005 ), #2699, 'distance_accuracy_value', 'NONE');
#1238 = LINE ( 'NONE', #1132, #2254 ) ;
#1239 = PRESENTATION_STYLE_ASSIGNMENT (( #135 ) ) ;
#1240 = FILL_AREA_STYLE_COLOUR ( '', #5238 ) ;
#1241 = DIRECTION ( 'NONE',  ( -1.000000000000000000, 0.0000000000000000000, 2.492418787322999200E-016 ) ) ;
#1242 = CARTESIAN_POINT ( 'NONE',  ( -0.3199999999999980600, 8.339999999999999900, 7.839999999999999900 ) ) ;
#1243 = EDGE_CURVE ( 'NONE', #2880, #1615, #785, .T. ) ;
#1244 = PLANE ( 'NONE',  #1014 ) ;
#1245 = ORIENTED_EDGE ( 'NONE', *, *, #3426, .F. ) ;
#1246 =( LENGTH_UNIT ( ) NAMED_UNIT ( * ) SI_UNIT ( .MILLI., .METRE. ) );
#1247 = PRESENTATION_LAYER_ASSIGNMENT (  '', '', ( #664 ) ) ;
#1249 = PLANE ( 'NONE',  #1901 ) ;
#1248 = SURFACE_SIDE_STYLE ('',( #3563 ) ) ;
#1250 = FILL_AREA_STYLE_COLOUR ( '', #2688 ) ;
#1251 = EDGE_CURVE ( 'NONE', #94, #2890, #3064, .T. ) ;
#1252 = UNCERTAINTY_MEASURE_WITH_UNIT (LENGTH_MEASURE( 1.000000000000000100E-005 ), #3854, 'distance_accuracy_value', 'NONE');
#1253 = EDGE_CURVE ( 'NONE', #4412, #94, #1795, .T. ) ;
#1254 = VERTEX_POINT ( 'NONE', #4173 ) ;
#1255 = PRESENTATION_STYLE_ASSIGNMENT (( #3739 ) ) ;
#1256 = EDGE_CURVE ( 'NONE', #5121, #2350, #4999, .T. ) ;
#1257 = FILL_AREA_STYLE ('',( #1218 ) ) ;
#1258 = PRESENTATION_STYLE_ASSIGNMENT (( #122 ) ) ;
#1259 = PRESENTATION_LAYER_ASSIGNMENT (  '', '', ( #671 ) ) ;
#1260 = ORIENTED_EDGE ( 'NONE', *, *, #1494, .T. ) ;
#1261 = DIRECTION ( 'NONE',  ( 0.7071067811865475700, -0.0000000000000000000, 0.7071067811865475700 ) ) ;
#1262 = ORIENTED_EDGE ( 'NONE', *, *, #3622, .F. ) ;
#1263 = ADVANCED_FACE ( 'NONE', ( #4867 ), #1249, .T. ) ;
#1264 = VECTOR ( 'NONE', #3510, 1000.000000000000100 ) ;
#1265 = LINE ( 'NONE', #1278, #3393 ) ;
#1266 = ORIENTED_EDGE ( 'NONE', *, *, #1041, .F. ) ;
#1267 = VERTEX_POINT ( 'NONE', #4190 ) ;
#1268 = FILL_AREA_STYLE ('',( #1240 ) ) ;
#1269 = ORIENTED_EDGE ( 'NONE', *, *, #995, .T. ) ;
#1270 = DIRECTION ( 'NONE',  ( -1.000000000000000000, 0.0000000000000000000, 0.0000000000000000000 ) ) ;
#1271 = STYLED_ITEM ( 'NONE', ( #198 ), #5303 ) ;
#1272 = DIRECTION ( 'NONE',  ( 0.0000000000000000000, -1.000000000000000000, 0.0000000000000000000 ) ) ;
#1273 = PLANE ( 'NONE',  #5454 ) ;
#1274 = EDGE_CURVE ( 'NONE', #1396, #1375, #1265, .T. ) ;
#1275 = ORIENTED_EDGE ( 'NONE', *, *, #3284, .T. ) ;
#1276 = ORIENTED_EDGE ( 'NONE', *, *, #2290, .T. ) ;
#1278 = CARTESIAN_POINT ( 'NONE',  ( -0.7500000000000000000, 0.2999999999999999900, 10.48000000000000000 ) ) ;
#1277 = DIRECTION ( 'NONE',  ( 0.7071067811865474600, 0.0000000000000000000, -0.7071067811865474600 ) ) ;
#1279 =( NAMED_UNIT ( * ) PLANE_ANGLE_UNIT ( ) SI_UNIT ( $, .RADIAN. ) );
#1280 = COLOUR_RGB ( '',1.000000000000000000, 1.000000000000000000, 1.000000000000000000 ) ;
#1281 = DIRECTION ( 'NONE',  ( -0.7071067811865474600, 0.0000000000000000000, 0.7071067811865474600 ) ) ;
#1282 = LINE ( 'NONE', #5060, #3273 ) ;
#1283 =( GEOMETRIC_REPRESENTATION_CONTEXT ( 3 ) GLOBAL_UNCERTAINTY_ASSIGNED_CONTEXT ( ( #1173 ) ) GLOBAL_UNIT_ASSIGNED_CONTEXT ( ( #3709, #1169, #4117 ) ) REPRESENTATION_CONTEXT ( 'NONE', 'WORKASPACE' ) );
#1284 = ORIENTED_EDGE ( 'NONE', *, *, #3365, .T. ) ;
#1285 = FILL_AREA_STYLE_COLOUR ( '', #999 ) ;
#1286 = EDGE_CURVE ( 'NONE', #1254, #1729, #4473, .T. ) ;
#1287 = EDGE_CURVE ( 'NONE', #3160, #1442, #98, .T. ) ;
#1288 = DIRECTION ( 'NONE',  ( 2.492418787322999200E-016, 0.0000000000000000000, 1.000000000000000000 ) ) ;
#1289 =( GEOMETRIC_REPRESENTATION_CONTEXT ( 3 ) GLOBAL_UNCERTAINTY_ASSIGNED_CONTEXT ( ( #2519 ) ) GLOBAL_UNIT_ASSIGNED_CONTEXT ( ( #2514, #5414, #2938 ) ) REPRESENTATION_CONTEXT ( 'NONE', 'WORKASPACE' ) );
#1290 = PLANE ( 'NONE',  #3299 ) ;
#1291 = FILL_AREA_STYLE ('',( #848 ) ) ;
#1292 = ADVANCED_FACE ( 'NONE', ( #2268 ), #852, .F. ) ;
#1294 = SURFACE_SIDE_STYLE ('',( #1125 ) ) ;
#1293 = CARTESIAN_POINT ( 'NONE',  ( 0.3200000000000012300, 8.339999999999999900, 4.860000000000000300 ) ) ;
#1295 = LINE ( 'NONE', #825, #130 ) ;
#1296 = ORIENTED_EDGE ( 'NONE', *, *, #1887, .T. ) ;
#1297 = PRESENTATION_STYLE_ASSIGNMENT (( #1471 ) ) ;
#1298 = AXIS2_PLACEMENT_3D ( 'NONE', #4531, #4956, #2470 ) ;
#1299 = VERTEX_POINT ( 'NONE', #2138 ) ;
#1300 = VECTOR ( 'NONE', #1225, 1000.000000000000000 ) ;
#1301 = STYLED_ITEM ( 'NONE', ( #899 ), #4892 ) ;
#1302 = SURFACE_SIDE_STYLE ('',( #5126 ) ) ;
#1303 = CARTESIAN_POINT ( 'NONE',  ( 1.269999999999999400, 1.700000000000000000, 1.669999999999999900 ) ) ;
#1304 = CARTESIAN_POINT ( 'NONE',  ( 0.3200000000000025600, 0.2999999999999999300, 10.38000000000000100 ) ) ;
#1306 = DIRECTION ( 'NONE',  ( -0.7071067811865474600, -0.0000000000000000000, -0.7071067811865474600 ) ) ;
#1305 = CARTESIAN_POINT ( 'NONE',  ( -0.2200000000000001400, 1.700000000000000000, 7.939999999999999500 ) ) ;
#1307 = DIRECTION ( 'NONE',  ( 0.0000000000000000000, 1.000000000000000000, 0.0000000000000000000 ) ) ;
#1308 = FACE_OUTER_BOUND ( 'NONE', #715, .T. ) ;
#1309 = ORIENTED_EDGE ( 'NONE', *, *, #4928, .T. ) ;
#1310 = UNCERTAINTY_MEASURE_WITH_UNIT (LENGTH_MEASURE( 1.000000000000000100E-005 ), #2955, 'distance_accuracy_value', 'NONE');
#1311 = CARTESIAN_POINT ( 'NONE',  ( -0.2199999999999974500, 8.339999999999999900, 10.48000000000000000 ) ) ;
#1312 = EDGE_CURVE ( 'NONE', #648, #1946, #5059, .T. ) ;
#1313 = AXIS2_PLACEMENT_3D ( 'NONE', #85, #3101, #531 ) ;
#1314 = ORIENTED_EDGE ( 'NONE', *, *, #3549, .F. ) ;
#1315 = DIRECTION ( 'NONE',  ( -0.0000000000000000000, -1.000000000000000000, -0.0000000000000000000 ) ) ;
#1316 = FACE_OUTER_BOUND ( 'NONE', #776, .T. ) ;
#1317 =( NAMED_UNIT ( * ) PLANE_ANGLE_UNIT ( ) SI_UNIT ( $, .RADIAN. ) );
#1318 = ORIENTED_EDGE ( 'NONE', *, *, #1725, .T. ) ;
#1319 = ORIENTED_EDGE ( 'NONE', *, *, #964, .T. ) ;
#1320 = LINE ( 'NONE', #44, #4542 ) ;
#1321 = CARTESIAN_POINT ( 'NONE',  ( 0.8700000000000012200, 1.700000000000000000, 8.889999999999998800 ) ) ;
#1322 = ORIENTED_EDGE ( 'NONE', *, *, #1838, .F. ) ;
#1323 = VERTEX_POINT ( 'NONE', #881 ) ;
#1324 = VERTEX_POINT ( 'NONE', #3839 ) ;
#1325 = EDGE_CURVE ( 'NONE', #703, #1323, #4938, .T. ) ;
#1326 = ORIENTED_EDGE ( 'NONE', *, *, #2467, .T. ) ;
#1327 = LINE ( 'NONE', #1747, #167 ) ;
#1328 = DIRECTION ( 'NONE',  ( 0.0000000000000000000, 1.000000000000000000, 0.0000000000000000000 ) ) ;
#1329 = ORIENTED_EDGE ( 'NONE', *, *, #5099, .F. ) ;
#1330 = ORIENTED_EDGE ( 'NONE', *, *, #2412, .F. ) ;
#1331 = ORIENTED_EDGE ( 'NONE', *, *, #3175, .F. ) ;
#1332 = COLOUR_RGB ( '',1.000000000000000000, 1.000000000000000000, 1.000000000000000000 ) ;
#1333 = LINE ( 'NONE', #1788, #174 ) ;
#1334 = ORIENTED_EDGE ( 'NONE', *, *, #5204, .F. ) ;
#1335 = ORIENTED_EDGE ( 'NONE', *, *, #3880, .F. ) ;
#1336 = MECHANICAL_DESIGN_GEOMETRIC_PRESENTATION_REPRESENTATION (  '', ( #474 ), #1632 ) ;
#1337 = VECTOR ( 'NONE', #3942, 1000.000000000000100 ) ;
#1338 = PRESENTATION_STYLE_ASSIGNMENT (( #4636 ) ) ;
#1340 = DIRECTION ( 'NONE',  ( 0.7071067811865474600, 0.0000000000000000000, -0.7071067811865474600 ) ) ;
#1339 =( NAMED_UNIT ( * ) PLANE_ANGLE_UNIT ( ) SI_UNIT ( $, .RADIAN. ) );
#1341 = UNCERTAINTY_MEASURE_WITH_UNIT (LENGTH_MEASURE( 1.000000000000000100E-005 ), #4608, 'distance_accuracy_value', 'NONE');
#1342 = PLANE ( 'NONE',  #5068 ) ;
#1343 = PRESENTATION_STYLE_ASSIGNMENT (( #501 ) ) ;
#1344 = AXIS2_PLACEMENT_3D ( 'NONE', #1124, #4075, #1569 ) ;
#1345 = LINE ( 'NONE', #4310, #2355 ) ;
#1346 = LINE ( 'NONE', #337, #533 ) ;
#1347 = SURFACE_STYLE_USAGE ( .BOTH. , #3881 ) ;
#1348 = VECTOR ( 'NONE', #418, 1000.000000000000000 ) ;
#1349 = CARTESIAN_POINT ( 'NONE',  ( -0.2199999999999974500, -3.000000000000000000, 10.48000000000000000 ) ) ;
#1350 =( NAMED_UNIT ( * ) PLANE_ANGLE_UNIT ( ) SI_UNIT ( $, .RADIAN. ) );
#1351 = VECTOR ( 'NONE', #2364, 1000.000000000000100 ) ;
#1352 = EDGE_CURVE ( 'NONE', #1442, #2880, #2875, .T. ) ;
#1353 = EDGE_CURVE ( 'NONE', #301, #1538, #712, .T. ) ;
#1354 = AXIS2_PLACEMENT_3D ( 'NONE', #2716, #121, #3129 ) ;
#1355 = PRESENTATION_STYLE_ASSIGNMENT (( #3613 ) ) ;
#1356 =( NAMED_UNIT ( * ) SI_UNIT ( $, .STERADIAN. ) SOLID_ANGLE_UNIT ( ) );
#1357 = EDGE_CURVE ( 'NONE', #3968, #3565, #2739, .T. ) ;
#1359 = FILL_AREA_STYLE_COLOUR ( '', #779 ) ;
#1358 = FILL_AREA_STYLE_COLOUR ( '', #3830 ) ;
#1360 = AXIS2_PLACEMENT_3D ( 'NONE', #2685, #89, #3106 ) ;
#1361 = CARTESIAN_POINT ( 'NONE',  ( 1.270000000000000000, 0.0000000000000000000, 4.210000000000000000 ) ) ;
#1362 = CARTESIAN_POINT ( 'NONE',  ( 0.2200000000000018900, -3.000000000000000000, 7.299999999999999800 ) ) ;
#1363 = DIRECTION ( 'NONE',  ( 0.7071067811865474600, 0.0000000000000000000, 0.7071067811865474600 ) ) ;
#1364 = COLOUR_RGB ( '',1.000000000000000000, 1.000000000000000000, 1.000000000000000000 ) ;
#1365 =( NAMED_UNIT ( * ) PLANE_ANGLE_UNIT ( ) SI_UNIT ( $, .RADIAN. ) );
#1366 = SURFACE_STYLE_USAGE ( .BOTH. , #3897 ) ;
#1367 = MECHANICAL_DESIGN_GEOMETRIC_PRESENTATION_REPRESENTATION (  '', ( #499 ), #1664 ) ;
#1368 = SURFACE_STYLE_USAGE ( .BOTH. , #1302 ) ;
#1369 = LINE ( 'NONE', #4044, #2382 ) ;
#1370 = SURFACE_STYLE_FILL_AREA ( #5196 ) ;
#1371 =( NAMED_UNIT ( * ) SI_UNIT ( $, .STERADIAN. ) SOLID_ANGLE_UNIT ( ) );
#1372 = CARTESIAN_POINT ( 'NONE',  ( -4.079999999999999200, 1.700000000000000000, 4.079999999999999200 ) ) ;
#1373 = CARTESIAN_POINT ( 'NONE',  ( 1.899223115940124500E-015, -3.000000000000000000, 7.620000000000000100 ) ) ;
#1374 = SURFACE_SIDE_STYLE ('',( #323 ) ) ;
#1375 = VERTEX_POINT ( 'NONE', #3435 ) ;
#1376 =( LENGTH_UNIT ( ) NAMED_UNIT ( * ) SI_UNIT ( .MILLI., .METRE. ) );
#1377 = FILL_AREA_STYLE_COLOUR ( '', #4094 ) ;
#1378 = VERTEX_POINT ( 'NONE', #4258 ) ;
#1379 = DIRECTION ( 'NONE',  ( 0.7071067811865474600, 0.0000000000000000000, 0.7071067811865474600 ) ) ;
#1380 = SURFACE_SIDE_STYLE ('',( #4433 ) ) ;
#1381 = EDGE_LOOP ( 'NONE', ( #1608, #1920, #642, #2604 ) ) ;
#1382 = VECTOR ( 'NONE', #545, 1000.000000000000000 ) ;
#1383 =( LENGTH_UNIT ( ) NAMED_UNIT ( * ) SI_UNIT ( .MILLI., .METRE. ) );
#1384 = LINE ( 'NONE', #5148, #3512 ) ;
#1385 = ORIENTED_EDGE ( 'NONE', *, *, #4364, .F. ) ;
#1386 = ORIENTED_EDGE ( 'NONE', *, *, #2038, .T. ) ;
#1387 = FILL_AREA_STYLE ('',( #965 ) ) ;
#1389 = DIRECTION ( 'NONE',  ( 0.0000000000000000000, -1.000000000000000000, 0.0000000000000000000 ) ) ;
#1388 = SURFACE_SIDE_STYLE ('',( #4381 ) ) ;
#1390 = DIRECTION ( 'NONE',  ( -1.232047923278982200E-016, -0.0000000000000000000, -1.000000000000000000 ) ) ;
#1391 = VERTEX_POINT ( 'NONE', #1759 ) ;
#1392 = SURFACE_STYLE_FILL_AREA ( #1257 ) ;
#1393 = PLANE ( 'NONE',  #3041 ) ;
#1394 = DIRECTION ( 'NONE',  ( 0.7071067811865474600, 0.0000000000000000000, -0.7071067811865474600 ) ) ;
#1395 = PRESENTATION_LAYER_ASSIGNMENT (  '', '', ( #821 ) ) ;
#1396 = VERTEX_POINT ( 'NONE', #2179 ) ;
#1397 = VERTEX_POINT ( 'NONE', #5092 ) ;
#1398 = FILL_AREA_STYLE_COLOUR ( '', #97 ) ;
#1399 = STYLED_ITEM ( 'NONE', ( #1541 ), #2843 ) ;
#1400 = SURFACE_STYLE_FILL_AREA ( #2808 ) ;
#1401 = LINE ( 'NONE', #1989, #2421 ) ;
#1402 = DIRECTION ( 'NONE',  ( -1.000000000000000000, 0.0000000000000000000, 0.0000000000000000000 ) ) ;
#1403 = LINE ( 'NONE', #3825, #4744 ) ;
#1404 = VECTOR ( 'NONE', #4759, 1000.000000000000000 ) ;
#1405 = PLANE ( 'NONE',  #4076 ) ;
#1406 = DIRECTION ( 'NONE',  ( -1.000000000000000000, 0.0000000000000000000, 2.492418787322999200E-016 ) ) ;
#1407 = UNCERTAINTY_MEASURE_WITH_UNIT (LENGTH_MEASURE( 1.000000000000000100E-005 ), #3173, 'distance_accuracy_value', 'NONE');
#1408 = VECTOR ( 'NONE', #2852, 1000.000000000000000 ) ;
#1409 = CARTESIAN_POINT ( 'NONE',  ( 0.8699999999999987700, 0.0000000000000000000, -1.270000000000000200 ) ) ;
#1411 = DIRECTION ( 'NONE',  ( -2.492418787322999200E-016, -0.0000000000000000000, -1.000000000000000000 ) ) ;
#1410 = SURFACE_SIDE_STYLE ('',( #1776 ) ) ;
#1412 = CARTESIAN_POINT ( 'NONE',  ( -0.3199999999999981700, 8.339999999999999900, 7.400000000000000400 ) ) ;
#1413 = VECTOR ( 'NONE', #1530, 1000.000000000000100 ) ;
#1414 =( GEOMETRIC_REPRESENTATION_CONTEXT ( 3 ) GLOBAL_UNCERTAINTY_ASSIGNED_CONTEXT ( ( #4841 ) ) GLOBAL_UNIT_ASSIGNED_CONTEXT ( ( #4279, #1773, #4693 ) ) REPRESENTATION_CONTEXT ( 'NONE', 'WORKASPACE' ) );
#1415 =( NAMED_UNIT ( * ) PLANE_ANGLE_UNIT ( ) SI_UNIT ( $, .RADIAN. ) );
#1416 = EDGE_CURVE ( 'NONE', #587, #5177, #310, .T. ) ;
#1417 = STYLED_ITEM ( 'NONE', ( #5136 ), #867 ) ;
#1418 =( NAMED_UNIT ( * ) SI_UNIT ( $, .STERADIAN. ) SOLID_ANGLE_UNIT ( ) );
#1419 = CARTESIAN_POINT ( 'NONE',  ( -0.2199999999999993600, -3.000000000000000000, 2.860000000000000300 ) ) ;
#1420 = EDGE_LOOP ( 'NONE', ( #996, #4543, #2612, #3075, #2530, #2327, #1674, #3069 ) ) ;
#1421 = UNCERTAINTY_MEASURE_WITH_UNIT (LENGTH_MEASURE( 1.000000000000000100E-005 ), #484, 'distance_accuracy_value', 'NONE');
#1422 = SURFACE_STYLE_FILL_AREA ( #2708 ) ;
#1423 = CARTESIAN_POINT ( 'NONE',  ( 0.2200000000000000300, -3.000000000000000000, 0.3199999999999999500 ) ) ;
#1424 = VERTEX_POINT ( 'NONE', #22 ) ;
#1425 = VECTOR ( 'NONE', #4571, 1000.000000000000000 ) ;
#1426 =( GEOMETRIC_REPRESENTATION_CONTEXT ( 3 ) GLOBAL_UNCERTAINTY_ASSIGNED_CONTEXT ( ( #4582 ) ) GLOBAL_UNIT_ASSIGNED_CONTEXT ( ( #2736, #139, #3152 ) ) REPRESENTATION_CONTEXT ( 'NONE', 'WORKASPACE' ) );
#1427 = SURFACE_STYLE_FILL_AREA ( #1683 ) ;
#1428 =( GEOMETRIC_REPRESENTATION_CONTEXT ( 3 ) GLOBAL_UNCERTAINTY_ASSIGNED_CONTEXT ( ( #3855 ) ) GLOBAL_UNIT_ASSIGNED_CONTEXT ( ( #4045, #4025, #4007 ) ) REPRESENTATION_CONTEXT ( 'NONE', 'WORKASPACE' ) );
#1429 = CARTESIAN_POINT ( 'NONE',  ( 1.270000000000001800, 0.0000000000000000000, 11.02999999999999900 ) ) ;
#1430 = DIRECTION ( 'NONE',  ( 1.000000000000000000, 0.0000000000000000000, 0.0000000000000000000 ) ) ;
#1431 = CARTESIAN_POINT ( 'NONE',  ( 0.3200000000000018900, -3.000000000000000000, 7.400000000000000400 ) ) ;
#1432 = EDGE_CURVE ( 'NONE', #5130, #5121, #1455, .T. ) ;
#1433 = PRESENTATION_STYLE_ASSIGNMENT (( #3130 ) ) ;
#1434 =( GEOMETRIC_REPRESENTATION_CONTEXT ( 3 ) GLOBAL_UNCERTAINTY_ASSIGNED_CONTEXT ( ( #2995 ) ) GLOBAL_UNIT_ASSIGNED_CONTEXT ( ( #2820, #220, #3226 ) ) REPRESENTATION_CONTEXT ( 'NONE', 'WORKASPACE' ) );
#1435 =( NAMED_UNIT ( * ) SI_UNIT ( $, .STERADIAN. ) SOLID_ANGLE_UNIT ( ) );
#1436 = DIRECTION ( 'NONE',  ( -0.0000000000000000000, -0.0000000000000000000, 1.000000000000000000 ) ) ;
#1437 = SURFACE_SIDE_STYLE ('',( #3665 ) ) ;
#1438 = FILL_AREA_STYLE_COLOUR ( '', #1892 ) ;
#1439 = LINE ( 'NONE', #2264, #3553 ) ;
#1440 = PRESENTATION_LAYER_ASSIGNMENT (  '', '', ( #876 ) ) ;
#1441 = CARTESIAN_POINT ( 'NONE',  ( 0.2200000000000018900, -3.000000000000000000, 7.299999999999999800 ) ) ;
#1442 = VERTEX_POINT ( 'NONE', #908 ) ;
#1443 = EDGE_CURVE ( 'NONE', #178, #2950, #2602, .T. ) ;
#1444 = VERTEX_POINT ( 'NONE', #1770 ) ;
#1445 = STYLED_ITEM ( 'NONE', ( #3730 ), #3191 ) ;
#1446 = SURFACE_STYLE_USAGE ( .BOTH. , #3905 ) ;
#1447 = DIRECTION ( 'NONE',  ( 1.000000000000000000, 0.0000000000000000000, -1.232047923278982200E-016 ) ) ;
#1448 = LINE ( 'NONE', #4172, #2464 ) ;
#1449 = ORIENTED_EDGE ( 'NONE', *, *, #4343, .F. ) ;
#1450 = CARTESIAN_POINT ( 'NONE',  ( -0.3199999999999974000, 0.2999999999999999300, 10.38000000000000100 ) ) ;
#1451 = ORIENTED_EDGE ( 'NONE', *, *, #1458, .T. ) ;
#1452 = VECTOR ( 'NONE', #5304, 1000.000000000000000 ) ;
#1453 = FILL_AREA_STYLE_COLOUR ( '', #479 ) ;
#1454 = EDGE_CURVE ( 'NONE', #1698, #3252, #3713, .T. ) ;
#1455 = LINE ( 'NONE', #3458, #449 ) ;
#1456 = CARTESIAN_POINT ( 'NONE',  ( 0.2200000000000012500, -3.000000000000000000, 4.760000000000000700 ) ) ;
#1457 = ORIENTED_EDGE ( 'NONE', *, *, #4969, .T. ) ;
#1458 = EDGE_CURVE ( 'NONE', #1717, #2803, #1320, .T. ) ;
#1459 = ORIENTED_EDGE ( 'NONE', *, *, #3549, .T. ) ;
#1460 = ORIENTED_EDGE ( 'NONE', *, *, #197, .F. ) ;
#1461 = STYLED_ITEM ( 'NONE', ( #1719 ), #4080 ) ;
#1462 = VECTOR ( 'NONE', #3844, 1000.000000000000000 ) ;
#1463 = CARTESIAN_POINT ( 'NONE',  ( 0.3200000000000000100, 8.339999999999999900, 0.2199999999999999700 ) ) ;
#1464 = VERTEX_POINT ( 'NONE', #3889 ) ;
#1465 = EDGE_LOOP ( 'NONE', ( #1659, #3879, #2417, #2942 ) ) ;
#1466 = ORIENTED_EDGE ( 'NONE', *, *, #3070, .F. ) ;
#1467 = VECTOR ( 'NONE', #2914, 1000.000000000000000 ) ;
#1468 = STYLED_ITEM ( 'NONE', ( #1493 ), #1940 ) ;
#1469 = LINE ( 'NONE', #3890, #3726 ) ;
#1470 = FILL_AREA_STYLE ('',( #3146 ) ) ;
#1471 = SURFACE_STYLE_USAGE ( .BOTH. , #3992 ) ;
#1472 = DIRECTION ( 'NONE',  ( 0.7071067811865474600, 0.0000000000000000000, 0.7071067811865474600 ) ) ;
#1473 = ORIENTED_EDGE ( 'NONE', *, *, #1812, .F. ) ;
#1474 = DIRECTION ( 'NONE',  ( -0.7071067811865474600, 0.0000000000000000000, 0.7071067811865474600 ) ) ;
#1475 = LINE ( 'NONE', #4764, #1337 ) ;
#1476 = SURFACE_STYLE_FILL_AREA ( #4017 ) ;
#1477 = DIRECTION ( 'NONE',  ( 0.7071067811865475700, 0.0000000000000000000, -0.7071067811865475700 ) ) ;
#1478 = PRESENTATION_LAYER_ASSIGNMENT (  '', '', ( #903 ) ) ;
#1479 = CARTESIAN_POINT ( 'NONE',  ( -1.269999999999999100, 1.700000000000000000, 4.210000000000000000 ) ) ;
#1480 = DIRECTION ( 'NONE',  ( -0.7071067811865475700, 0.0000000000000000000, 0.7071067811865475700 ) ) ;
#1481 = PRESENTATION_STYLE_ASSIGNMENT (( #341 ) ) ;
#1482 = LINE ( 'NONE', #4941, #2499 ) ;
#1483 = UNCERTAINTY_MEASURE_WITH_UNIT (LENGTH_MEASURE( 1.000000000000000100E-005 ), #5412, 'distance_accuracy_value', 'NONE');
#1484 = VECTOR ( 'NONE', #188, 1000.000000000000100 ) ;
#1485 = FACE_OUTER_BOUND ( 'NONE', #652, .T. ) ;
#1486 = ADVANCED_FACE ( 'NONE', ( #575 ), #925, .T. ) ;
#1487 = CARTESIAN_POINT ( 'NONE',  ( 0.2199999999999999700, -3.000000000000000000, -0.3200000000000000600 ) ) ;
#1488 = COLOUR_RGB ( '',1.000000000000000000, 1.000000000000000000, 1.000000000000000000 ) ;
#1489 = CARTESIAN_POINT ( 'NONE',  ( 0.0000000000000000000, 1.700000000000000000, 0.0000000000000000000 ) ) ;
#1490 =( LENGTH_UNIT ( ) NAMED_UNIT ( * ) SI_UNIT ( .MILLI., .METRE. ) );
#1491 = SURFACE_SIDE_STYLE ('',( #4313 ) ) ;
#1492 = DIRECTION ( 'NONE',  ( 0.0000000000000000000, 1.000000000000000000, 0.0000000000000000000 ) ) ;
#1493 = PRESENTATION_STYLE_ASSIGNMENT (( #914 ) ) ;
#1494 = EDGE_CURVE ( 'NONE', #2547, #5487, #1926, .T. ) ;
#1495 = MECHANICAL_DESIGN_GEOMETRIC_PRESENTATION_REPRESENTATION (  '', ( #615 ), #1778 ) ;
#1496 = DIRECTION ( 'NONE',  ( -0.7071067811865474600, 0.0000000000000000000, 0.7071067811865474600 ) ) ;
#1497 = APPLICATION_CONTEXT ( 'automotive_design' ) ;
#1498 =( NAMED_UNIT ( * ) SI_UNIT ( $, .STERADIAN. ) SOLID_ANGLE_UNIT ( ) );
#1499 = PRESENTATION_STYLE_ASSIGNMENT (( #4496 ) ) ;
#1500 = SURFACE_SIDE_STYLE ('',( #1476 ) ) ;
#1501 = VECTOR ( 'NONE', #2030, 1000.000000000000100 ) ;
#1502 = AXIS2_PLACEMENT_3D ( 'NONE', #3928, #1389, #4317 ) ;
#1503 = LINE ( 'NONE', #3616, #1709 ) ;
#1504 = DIRECTION ( 'NONE',  ( 0.0000000000000000000, 0.0000000000000000000, -1.000000000000000000 ) ) ;
#1505 =( NAMED_UNIT ( * ) PLANE_ANGLE_UNIT ( ) SI_UNIT ( $, .RADIAN. ) );
#1506 = SURFACE_STYLE_USAGE ( .BOTH. , #1527 ) ;
#1507 = AXIS2_PLACEMENT_3D ( 'NONE', #4624, #4289, #1784 ) ;
#1508 = CARTESIAN_POINT ( 'NONE',  ( 1.269999999999999400, 1.700000000000000000, 1.669999999999999900 ) ) ;
#1509 = DIRECTION ( 'NONE',  ( 0.7071067811865474600, 0.0000000000000000000, -0.7071067811865474600 ) ) ;
#1510 = ADVANCED_FACE ( 'NONE', ( #5114 ), #4303, .T. ) ;
#1511 = DIRECTION ( 'NONE',  ( 1.000000000000000000, 0.0000000000000000000, -1.232047923278982200E-016 ) ) ;
#1512 = UNCERTAINTY_MEASURE_WITH_UNIT (LENGTH_MEASURE( 1.000000000000000100E-005 ), #1686, 'distance_accuracy_value', 'NONE');
#1513 = PLANE ( 'NONE',  #2306 ) ;
#1514 = CARTESIAN_POINT ( 'NONE',  ( -0.7500000000000000000, 0.2999999999999999900, 2.860000000000000800 ) ) ;
#1515 = ORIENTED_EDGE ( 'NONE', *, *, #4368, .F. ) ;
#1516 = FACE_OUTER_BOUND ( 'NONE', #870, .T. ) ;
#1517 = PLANE ( 'NONE',  #5094 ) ;
#1518 = ORIENTED_EDGE ( 'NONE', *, *, #3352, .F. ) ;
#1519 = EDGE_LOOP ( 'NONE', ( #3332, #1531, #1790, #519 ) ) ;
#1520 = LINE ( 'NONE', #2260, #2665 ) ;
#1521 = ORIENTED_EDGE ( 'NONE', *, *, #367, .F. ) ;
#1522 = CARTESIAN_POINT ( 'NONE',  ( 1.270000000000000000, 1.700000000000000000, 4.210000000000000000 ) ) ;
#1523 = MECHANICAL_DESIGN_GEOMETRIC_PRESENTATION_REPRESENTATION (  '', ( #650 ), #1809 ) ;
#1524 = FILL_AREA_STYLE ('',( #1097 ) ) ;
#1525 = ORIENTED_EDGE ( 'NONE', *, *, #2793, .T. ) ;
#1526 = EDGE_CURVE ( 'NONE', #5177, #2473, #1520, .T. ) ;
#1527 = SURFACE_SIDE_STYLE ('',( #3673 ) ) ;
#1528 = CARTESIAN_POINT ( 'NONE',  ( -0.2199999999999975600, 8.339999999999999900, 9.839999999999999900 ) ) ;
#1529 = ORIENTED_EDGE ( 'NONE', *, *, #4246, .F. ) ;
#1530 = DIRECTION ( 'NONE',  ( 0.7071067811865474600, 0.0000000000000000000, 0.7071067811865474600 ) ) ;
#1531 = ORIENTED_EDGE ( 'NONE', *, *, #5014, .F. ) ;
#1532 = ORIENTED_EDGE ( 'NONE', *, *, #2430, .F. ) ;
#1533 = PLANE ( 'NONE',  #1885 ) ;
#1534 = LINE ( 'NONE', #5430, #3652 ) ;
#1535 = DIRECTION ( 'NONE',  ( -0.7071067811865474600, 0.0000000000000000000, -0.7071067811865474600 ) ) ;
#1536 = VECTOR ( 'NONE', #3115, 1000.000000000000100 ) ;
#1537 = ORIENTED_EDGE ( 'NONE', *, *, #5281, .T. ) ;
#1538 = VERTEX_POINT ( 'NONE', #5157 ) ;
#1539 = MECHANICAL_DESIGN_GEOMETRIC_PRESENTATION_REPRESENTATION (  '', ( #664 ), #1817 ) ;
#1540 = PLANE ( 'NONE',  #1344 ) ;
#1541 = PRESENTATION_STYLE_ASSIGNMENT (( #3216 ) ) ;
#1542 = EDGE_CURVE ( 'NONE', #933, #5185, #2534, .T. ) ;
#1543 = EDGE_CURVE ( 'NONE', #5321, #5130, #368, .T. ) ;
#1544 = LINE ( 'NONE', #5044, #2686 ) ;
#1545 =( LENGTH_UNIT ( ) NAMED_UNIT ( * ) SI_UNIT ( .MILLI., .METRE. ) );
#1546 = EDGE_CURVE ( 'NONE', #3369, #2416, #4726, .T. ) ;
#1547 = ADVANCED_FACE ( 'NONE', ( #228 ), #2283, .T. ) ;
#1548 = MECHANICAL_DESIGN_GEOMETRIC_PRESENTATION_REPRESENTATION (  '', ( #671 ), #1828 ) ;
#1549 = PRESENTATION_STYLE_ASSIGNMENT (( #832 ) ) ;
#1550 = SURFACE_STYLE_FILL_AREA ( #2710 ) ;
#1551 =( NAMED_UNIT ( * ) PLANE_ANGLE_UNIT ( ) SI_UNIT ( $, .RADIAN. ) );
#1552 = CARTESIAN_POINT ( 'NONE',  ( 3.800000000000000300, 0.2999999999999999900, 3.279999999999999800 ) ) ;
#1553 = COLOUR_RGB ( '',0.0000000000000000000, 0.03529411764705882300, 0.05882352941176470500 ) ;
#1554 = PRESENTATION_STYLE_ASSIGNMENT (( #2513 ) ) ;
#1555 = FILL_AREA_STYLE_COLOUR ( '', #3877 ) ;
#1556 = FILL_AREA_STYLE ('',( #711 ) ) ;
#1557 = LINE ( 'NONE', #4484, #3796 ) ;
#1558 = CARTESIAN_POINT ( 'NONE',  ( -5.819999999999998500, 0.2999999999999999900, 3.799999999999998500 ) ) ;
#1559 = FACE_OUTER_BOUND ( 'NONE', #1002, .T. ) ;
#1560 = AXIS2_PLACEMENT_3D ( 'NONE', #3792, #1261, #4196 ) ;
#1561 = FILL_AREA_STYLE ('',( #245 ) ) ;
#1562 = DIRECTION ( 'NONE',  ( -1.000000000000000000, 0.0000000000000000000, -0.0000000000000000000 ) ) ;
#1563 = FILL_AREA_STYLE ('',( #1952 ) ) ;
#1564 = EDGE_CURVE ( 'NONE', #4513, #109, #4195, .T. ) ;
#1565 = VECTOR ( 'NONE', #2795, 1000.000000000000000 ) ;
#1566 =( LENGTH_UNIT ( ) NAMED_UNIT ( * ) SI_UNIT ( .MILLI., .METRE. ) );
#1567 = LINE ( 'NONE', #1183, #4761 ) ;
#1568 = LINE ( 'NONE', #4429, #2707 ) ;
#1569 = DIRECTION ( 'NONE',  ( 0.7071067811865474600, 0.0000000000000000000, -0.7071067811865474600 ) ) ;
#1570 = PLANE ( 'NONE',  #2523 ) ;
#1571 = VECTOR ( 'NONE', #5387, 1000.000000000000000 ) ;
#1572 = SURFACE_SIDE_STYLE ('',( #2786 ) ) ;
#1573 = EDGE_CURVE ( 'NONE', #4741, #2489, #2112, .T. ) ;
#1574 = LINE ( 'NONE', #2101, #4774 ) ;
#1575 = CARTESIAN_POINT ( 'NONE',  ( 0.2200000000000019400, -3.000000000000000000, 7.939999999999999500 ) ) ;
#1576 = EDGE_CURVE ( 'NONE', #359, #4600, #3107, .T. ) ;
#1577 =( LENGTH_UNIT ( ) NAMED_UNIT ( * ) SI_UNIT ( .MILLI., .METRE. ) );
#1578 = ADVANCED_FACE ( 'NONE', ( #5302 ), #1826, .F. ) ;
#1579 = DIRECTION ( 'NONE',  ( -0.0000000000000000000, -1.000000000000000000, -0.0000000000000000000 ) ) ;
#1580 = PLANE ( 'NONE',  #156 ) ;
#1581 = DIRECTION ( 'NONE',  ( -1.000000000000000000, 0.0000000000000000000, 2.464095846557964400E-016 ) ) ;
#1582 = SURFACE_SIDE_STYLE ('',( #112 ) ) ;
#1583 = VECTOR ( 'NONE', #974, 1000.000000000000000 ) ;
#1584 = PRESENTATION_LAYER_ASSIGNMENT (  '', '', ( #1011 ) ) ;
#1585 = VERTEX_POINT ( 'NONE', #5143 ) ;
#1586 =( NAMED_UNIT ( * ) SI_UNIT ( $, .STERADIAN. ) SOLID_ANGLE_UNIT ( ) );
#1587 = AXIS2_PLACEMENT_3D ( 'NONE', #1700, #2114, #2562 ) ;
#1588 = SURFACE_SIDE_STYLE ('',( #3371 ) ) ;
#1589 = UNCERTAINTY_MEASURE_WITH_UNIT (LENGTH_MEASURE( 1.000000000000000100E-005 ), #945, 'distance_accuracy_value', 'NONE');
#1590 = EDGE_LOOP ( 'NONE', ( #4657, #3639, #4793, #2973 ) ) ;
#1591 = CARTESIAN_POINT ( 'NONE',  ( -0.2199999999999982000, -3.000000000000000000, 7.299999999999999800 ) ) ;
#1592 = ORIENTED_EDGE ( 'NONE', *, *, #2682, .F. ) ;
#1593 = CARTESIAN_POINT ( 'NONE',  ( 1.269999999999999800, 1.700000000000000000, 3.409999999999999700 ) ) ;
#1594 = ORIENTED_EDGE ( 'NONE', *, *, #5232, .F. ) ;
#1595 = VERTEX_POINT ( 'NONE', #4768 ) ;
#1596 = DIRECTION ( 'NONE',  ( -1.232047923278982200E-016, -0.0000000000000000000, -1.000000000000000000 ) ) ;
#1597 = VECTOR ( 'NONE', #898, 1000.000000000000000 ) ;
#1598 = VERTEX_POINT ( 'NONE', #4318 ) ;
#1599 = CARTESIAN_POINT ( 'NONE',  ( 0.3200000000000025000, 1.700000000000000000, 9.940000000000001300 ) ) ;
#1600 = ORIENTED_EDGE ( 'NONE', *, *, #382, .F. ) ;
#1601 = VERTEX_POINT ( 'NONE', #1412 ) ;
#1602 = ADVANCED_FACE ( 'NONE', ( #430 ), #4341, .T. ) ;
#1603 = VECTOR ( 'NONE', #2164, 1000.000000000000000 ) ;
#1604 = STYLED_ITEM ( 'NONE', ( #4663 ), #3706 ) ;
#1605 = VERTEX_POINT ( 'NONE', #1431 ) ;
#1606 = ORIENTED_EDGE ( 'NONE', *, *, #2412, .T. ) ;
#1607 = EDGE_CURVE ( 'NONE', #2950, #4927, #4778, .T. ) ;
#1608 = ORIENTED_EDGE ( 'NONE', *, *, #377, .F. ) ;
#1609 = PRESENTATION_LAYER_ASSIGNMENT (  '', '', ( #1030 ) ) ;
#1610 =( NAMED_UNIT ( * ) PLANE_ANGLE_UNIT ( ) SI_UNIT ( $, .RADIAN. ) );
#1611 = COLOUR_RGB ( '',1.000000000000000000, 1.000000000000000000, 1.000000000000000000 ) ;
#1612 = DIRECTION ( 'NONE',  ( -0.0000000000000000000, -1.000000000000000000, -0.0000000000000000000 ) ) ;
#1613 = EDGE_LOOP ( 'NONE', ( #2621, #3909, #4548, #2822 ) ) ;
#1614 = FILL_AREA_STYLE ('',( #4120 ) ) ;
#1615 = VERTEX_POINT ( 'NONE', #3636 ) ;
#1616 = CARTESIAN_POINT ( 'NONE',  ( 0.0000000000000000000, 0.0000000000000000000, 0.0000000000000000000 ) ) ;
#1617 = SURFACE_STYLE_USAGE ( .BOTH. , #4124 ) ;
#1618 = COLOUR_RGB ( '',1.000000000000000000, 1.000000000000000000, 1.000000000000000000 ) ;
#1619 = STYLED_ITEM ( 'NONE', ( #4521 ), #4585 ) ;
#1620 = LINE ( 'NONE', #393, #3859 ) ;
#1621 = DIRECTION ( 'NONE',  ( 0.0000000000000000000, -0.0000000000000000000, 1.000000000000000000 ) ) ;
#1622 = STYLED_ITEM ( 'NONE', ( #3259 ), #1292 ) ;
#1623 = EDGE_CURVE ( 'NONE', #2533, #4741, #4376, .T. ) ;
#1624 = STYLED_ITEM ( 'NONE', ( #1481 ), #2477 ) ;
#1625 = LINE ( 'NONE', #2348, #3741 ) ;
#1626 = SURFACE_STYLE_FILL_AREA ( #5019 ) ;
#1627 = VECTOR ( 'NONE', #1496, 1000.000000000000100 ) ;
#1628 =( LENGTH_UNIT ( ) NAMED_UNIT ( * ) SI_UNIT ( .MILLI., .METRE. ) );
#1629 = CARTESIAN_POINT ( 'NONE',  ( -0.8699999999999981100, 0.0000000000000000000, 8.890000000000000600 ) ) ;
#1630 = CARTESIAN_POINT ( 'NONE',  ( 0.2200000000000013100, -3.000000000000000000, 5.400000000000000400 ) ) ;
#1631 = SURFACE_SIDE_STYLE ('',( #4171 ) ) ;
#1632 =( GEOMETRIC_REPRESENTATION_CONTEXT ( 3 ) GLOBAL_UNCERTAINTY_ASSIGNED_CONTEXT ( ( #3007 ) ) GLOBAL_UNIT_ASSIGNED_CONTEXT ( ( #1872, #4789, #2311 ) ) REPRESENTATION_CONTEXT ( 'NONE', 'WORKASPACE' ) );
#1633 = ADVANCED_FACE ( 'NONE', ( #2182 ), #654, .T. ) ;
#1634 =( NAMED_UNIT ( * ) SI_UNIT ( $, .STERADIAN. ) SOLID_ANGLE_UNIT ( ) );
#1635 = CARTESIAN_POINT ( 'NONE',  ( -0.2199999999999980900, -3.000000000000000000, 7.939999999999999500 ) ) ;
#1636 = VERTEX_POINT ( 'NONE', #1528 ) ;
#1637 = LINE ( 'NONE', #3863, #4838 ) ;
#1638 = SURFACE_STYLE_USAGE ( .BOTH. , #4137 ) ;
#1639 = LINE ( 'NONE', #1737, #2048 ) ;
#1640 = CARTESIAN_POINT ( 'NONE',  ( -0.2199999999999982000, -3.000000000000000000, 7.299999999999999800 ) ) ;
#1641 = PRESENTATION_LAYER_ASSIGNMENT (  '', '', ( #1054 ) ) ;
#1642 = VECTOR ( 'NONE', #4899, 1000.000000000000000 ) ;
#1643 =( LENGTH_UNIT ( ) NAMED_UNIT ( * ) SI_UNIT ( .MILLI., .METRE. ) );
#1644 = CARTESIAN_POINT ( 'NONE',  ( -0.3199999999999980600, -3.000000000000000000, 7.839999999999999900 ) ) ;
#1645 = EDGE_CURVE ( 'NONE', #1424, #985, #3882, .T. ) ;
#1646 = CARTESIAN_POINT ( 'NONE',  ( -0.7500000000000000000, 0.0000000000000000000, -1.270000000000000500 ) ) ;
#1647 = EDGE_CURVE ( 'NONE', #99, #3939, #4973, .T. ) ;
#1648 = DIRECTION ( 'NONE',  ( 0.7071067811865474600, 0.0000000000000000000, -0.7071067811865474600 ) ) ;
#1649 = PRESENTATION_LAYER_ASSIGNMENT (  '', '', ( #1071 ) ) ;
#1650 = DIRECTION ( 'NONE',  ( 0.0000000000000000000, 0.0000000000000000000, 1.000000000000000000 ) ) ;
#1651 = EDGE_CURVE ( 'NONE', #4735, #5321, #490, .T. ) ;
#1652 = PLANE ( 'NONE',  #2678 ) ;
#1653 = SURFACE_STYLE_FILL_AREA ( #1912 ) ;
#1654 = PRESENTATION_LAYER_ASSIGNMENT (  '', '', ( #1077 ) ) ;
#1655 = ORIENTED_EDGE ( 'NONE', *, *, #4436, .F. ) ;
#1656 = SURFACE_STYLE_USAGE ( .BOTH. , #4161 ) ;
#1657 = LINE ( 'NONE', #1720, #4855 ) ;
#1658 = ADVANCED_FACE ( 'NONE', ( #4844 ), #3675, .F. ) ;
#1659 = ORIENTED_EDGE ( 'NONE', *, *, #4103, .F. ) ;
#1660 = UNCERTAINTY_MEASURE_WITH_UNIT (LENGTH_MEASURE( 1.000000000000000100E-005 ), #1577, 'distance_accuracy_value', 'NONE');
#1661 = EDGE_LOOP ( 'NONE', ( #4056, #3760, #635, #585 ) ) ;
#1662 = PRESENTATION_STYLE_ASSIGNMENT (( #3304 ) ) ;
#1663 = CARTESIAN_POINT ( 'NONE',  ( -0.2199999999999994700, 0.2999999999999999300, 2.220000000000000200 ) ) ;
#1664 =( GEOMETRIC_REPRESENTATION_CONTEXT ( 3 ) GLOBAL_UNCERTAINTY_ASSIGNED_CONTEXT ( ( #1836 ) ) GLOBAL_UNIT_ASSIGNED_CONTEXT ( ( #2432, #5324, #2856 ) ) REPRESENTATION_CONTEXT ( 'NONE', 'WORKASPACE' ) );
#1665 = ORIENTED_EDGE ( 'NONE', *, *, #2517, .F. ) ;
#1666 = CARTESIAN_POINT ( 'NONE',  ( 0.3200000000000025000, -3.000000000000000000, 9.940000000000001300 ) ) ;
#1667 = ORIENTED_EDGE ( 'NONE', *, *, #2881, .T. ) ;
#1668 = DIRECTION ( 'NONE',  ( 0.7071067811865474600, -0.0000000000000000000, 0.7071067811865474600 ) ) ;
#1669 = SURFACE_STYLE_USAGE ( .BOTH. , #4174 ) ;
#1670 = PRESENTATION_STYLE_ASSIGNMENT (( #2118 ) ) ;
#1671 = UNCERTAINTY_MEASURE_WITH_UNIT (LENGTH_MEASURE( 1.000000000000000100E-005 ), #3638, 'distance_accuracy_value', 'NONE');
#1672 = EDGE_LOOP ( 'NONE', ( #222, #244, #1136, #1600 ) ) ;
#1673 = EDGE_LOOP ( 'NONE', ( #2537, #3126, #61, #3842 ) ) ;
#1674 = ORIENTED_EDGE ( 'NONE', *, *, #1930, .F. ) ;
#1675 = DIRECTION ( 'NONE',  ( -0.7071067811865474600, 0.0000000000000000000, 0.7071067811865474600 ) ) ;
#1676 = PLANE ( 'NONE',  #1560 ) ;
#1677 = ORIENTED_EDGE ( 'NONE', *, *, #1068, .F. ) ;
#1678 = ORIENTED_EDGE ( 'NONE', *, *, #2616, .T. ) ;
#1679 = VECTOR ( 'NONE', #710, 1000.000000000000100 ) ;
#1680 = DIRECTION ( 'NONE',  ( 0.0000000000000000000, 1.000000000000000000, 0.0000000000000000000 ) ) ;
#1681 = DIRECTION ( 'NONE',  ( 0.7071067811865474600, -0.0000000000000000000, 0.7071067811865474600 ) ) ;
#1682 = FACE_OUTER_BOUND ( 'NONE', #107, .T. ) ;
#1683 = FILL_AREA_STYLE ('',( #5427 ) ) ;
#1684 =( NAMED_UNIT ( * ) SI_UNIT ( $, .STERADIAN. ) SOLID_ANGLE_UNIT ( ) );
#1685 = ADVANCED_FACE ( 'NONE', ( #1098 ), #1160, .T. ) ;
#1687 = FILL_AREA_STYLE ('',( #814 ) ) ;
#1686 =( LENGTH_UNIT ( ) NAMED_UNIT ( * ) SI_UNIT ( .MILLI., .METRE. ) );
#1688 = CARTESIAN_POINT ( 'NONE',  ( 1.800000000000000700, 0.2999999999999999900, 1.280000000000000000 ) ) ;
#1689 = LINE ( 'NONE', #5486, #3929 ) ;
#1690 = FACE_BOUND ( 'NONE', #796, .T. ) ;
#1691 = SURFACE_STYLE_USAGE ( .BOTH. , #4194 ) ;
#1692 = LINE ( 'NONE', #1137, #1679 ) ;
#1693 = MECHANICAL_DESIGN_GEOMETRIC_PRESENTATION_REPRESENTATION (  '', ( #821 ), #1976 ) ;
#1694 = LINE ( 'NONE', #4036, #3801 ) ;
#1695 = VECTOR ( 'NONE', #4525, 1000.000000000000000 ) ;
#1696 = AXIS2_PLACEMENT_3D ( 'NONE', #2789, #4022, #1504 ) ;
#1697 = EDGE_LOOP ( 'NONE', ( #4328, #380, #4400, #3008 ) ) ;
#1698 = VERTEX_POINT ( 'NONE', #3694 ) ;
#1699 = SURFACE_STYLE_FILL_AREA ( #944 ) ;
#1700 = CARTESIAN_POINT ( 'NONE',  ( 0.8700000000000017700, 1.700000000000000000, 11.43000000000000000 ) ) ;
#1701 = SURFACE_SIDE_STYLE ('',( #5074 ) ) ;
#1702 = ORIENTED_EDGE ( 'NONE', *, *, #3620, .T. ) ;
#1703 = VECTOR ( 'NONE', #2046, 1000.000000000000000 ) ;
#1705 = DIRECTION ( 'NONE',  ( -0.0000000000000000000, -1.000000000000000000, -0.0000000000000000000 ) ) ;
#1704 = CARTESIAN_POINT ( 'NONE',  ( -0.3199999999999974000, -3.000000000000000000, 10.38000000000000100 ) ) ;
#1706 = VECTOR ( 'NONE', #4985, 1000.000000000000000 ) ;
#1707 = ORIENTED_EDGE ( 'NONE', *, *, #5026, .T. ) ;
#1708 = SURFACE_SIDE_STYLE ('',( #2145 ) ) ;
#1709 = VECTOR ( 'NONE', #2377, 1000.000000000000000 ) ;
#1710 = CARTESIAN_POINT ( 'NONE',  ( -0.3199999999999975100, -3.000000000000000000, 9.940000000000001300 ) ) ;
#1711 = EDGE_CURVE ( 'NONE', #178, #3076, #1832, .T. ) ;
#1712 = ADVANCED_FACE ( 'NONE', ( #3940 ), #4102, .F. ) ;
#1713 = AXIS2_PLACEMENT_3D ( 'NONE', #2104, #5013, #2531 ) ;
#1714 = FACE_OUTER_BOUND ( 'NONE', #415, .T. ) ;
#1715 = CARTESIAN_POINT ( 'NONE',  ( 1.269999999999998700, 1.700000000000000000, -0.8700000000000003300 ) ) ;
#1716 = SURFACE_SIDE_STYLE ('',( #5221 ) ) ;
#1717 = VERTEX_POINT ( 'NONE', #1171 ) ;
#1718 = SURFACE_SIDE_STYLE ('',( #184 ) ) ;
#1719 = PRESENTATION_STYLE_ASSIGNMENT (( #2229 ) ) ;
#1721 =( LENGTH_UNIT ( ) NAMED_UNIT ( * ) SI_UNIT ( .MILLI., .METRE. ) );
#1720 = CARTESIAN_POINT ( 'NONE',  ( 0.2200000000000019400, 8.339999999999999900, 7.939999999999999500 ) ) ;
#1722 = CARTESIAN_POINT ( 'NONE',  ( -2.809999999999999200, 1.700000000000000000, 2.809999999999999200 ) ) ;
#1723 = STYLED_ITEM ( 'NONE', ( #2305 ), #267 ) ;
#1724 = ORIENTED_EDGE ( 'NONE', *, *, #591, .F. ) ;
#1725 = EDGE_CURVE ( 'NONE', #3160, #3051, #4061, .T. ) ;
#1726 = DIRECTION ( 'NONE',  ( 0.0000000000000000000, 1.000000000000000000, 0.0000000000000000000 ) ) ;
#1727 = ORIENTED_EDGE ( 'NONE', *, *, #2328, .F. ) ;
#1728 = DIRECTION ( 'NONE',  ( 0.0000000000000000000, 0.0000000000000000000, 1.000000000000000000 ) ) ;
#1729 = VERTEX_POINT ( 'NONE', #755 ) ;
#1730 = VECTOR ( 'NONE', #1306, 1000.000000000000100 ) ;
#1731 = ORIENTED_EDGE ( 'NONE', *, *, #4269, .T. ) ;
#1732 = ORIENTED_EDGE ( 'NONE', *, *, #399, .F. ) ;
#1733 = VERTEX_POINT ( 'NONE', #2907 ) ;
#1734 = CARTESIAN_POINT ( 'NONE',  ( 0.2200000000000019400, 0.2999999999999999300, 7.939999999999999500 ) ) ;
#1735 = MECHANICAL_DESIGN_GEOMETRIC_PRESENTATION_REPRESENTATION (  '', ( #876 ), #2033 ) ;
#1736 = LINE ( 'NONE', #2586, #1603 ) ;
#1737 = CARTESIAN_POINT ( 'NONE',  ( -0.8700000000000001100, 1.700000000000000000, 1.269999999999999800 ) ) ;
#1738 = EDGE_CURVE ( 'NONE', #144, #2598, #5037, .T. ) ;
#1739 = EDGE_LOOP ( 'NONE', ( #522, #462, #1385, #2681 ) ) ;
#1740 = ORIENTED_EDGE ( 'NONE', *, *, #1352, .T. ) ;
#1742 = DIRECTION ( 'NONE',  ( 0.0000000000000000000, 1.000000000000000000, 0.0000000000000000000 ) ) ;
#1741 = CARTESIAN_POINT ( 'NONE',  ( -0.7500000000000000000, 0.2999999999999999900, -1.270000000000000500 ) ) ;
#1743 = ORIENTED_EDGE ( 'NONE', *, *, #1846, .F. ) ;
#1744 = CARTESIAN_POINT ( 'NONE',  ( -1.270000000000000000, 1.700000000000000000, 0.8699999999999998800 ) ) ;
#1745 = AXIS2_PLACEMENT_3D ( 'NONE', #1423, #4354, #1854 ) ;
#1746 = EDGE_LOOP ( 'NONE', ( #4993, #3807, #3509, #577 ) ) ;
#1747 = CARTESIAN_POINT ( 'NONE',  ( 0.8699999999999998800, 1.700000000000000000, 3.809999999999999600 ) ) ;
#1748 = LINE ( 'NONE', #4792, #594 ) ;
#1749 = FILL_AREA_STYLE ('',( #3847 ) ) ;
#1750 = LINE ( 'NONE', #3388, #3985 ) ;
#1751 = EDGE_CURVE ( 'NONE', #4864, #1442, #2847, .T. ) ;
#1752 = EDGE_CURVE ( 'NONE', #1323, #2450, #3814, .T. ) ;
#1753 = COLOUR_RGB ( '',1.000000000000000000, 1.000000000000000000, 1.000000000000000000 ) ;
#1754 = PRESENTATION_STYLE_ASSIGNMENT (( #937 ) ) ;
#1755 = CARTESIAN_POINT ( 'NONE',  ( -0.2199999999999975600, -3.000000000000000000, 9.839999999999999900 ) ) ;
#1756 = AXIS2_PLACEMENT_3D ( 'NONE', #4688, #2209, #5104 ) ;
#1757 = LINE ( 'NONE', #2763, #2766 ) ;
#1759 = CARTESIAN_POINT ( 'NONE',  ( 0.3200000000000006200, 0.2999999999999999300, 2.319999999999999800 ) ) ;
#1758 = DIRECTION ( 'NONE',  ( 0.0000000000000000000, -1.000000000000000000, 0.0000000000000000000 ) ) ;
#1760 = UNCERTAINTY_MEASURE_WITH_UNIT (LENGTH_MEASURE( 1.000000000000000100E-005 ), #4866, 'distance_accuracy_value', 'NONE');
#1761 = AXIS2_PLACEMENT_3D ( 'NONE', #5084, #2611, #12 ) ;
#1762 = CARTESIAN_POINT ( 'NONE',  ( 1.270000000000000700, 1.700000000000000000, 6.750000000000000000 ) ) ;
#1763 = VECTOR ( 'NONE', #2384, 1000.000000000000000 ) ;
#1764 = FILL_AREA_STYLE_COLOUR ( '', #1152 ) ;
#1765 = FILL_AREA_STYLE ('',( #3065 ) ) ;
#1766 = EDGE_LOOP ( 'NONE', ( #3055, #4402, #2541, #4331 ) ) ;
#1767 = VECTOR ( 'NONE', #4264, 1000.000000000000000 ) ;
#1768 = MECHANICAL_DESIGN_GEOMETRIC_PRESENTATION_REPRESENTATION (  '', ( #903 ), #2061 ) ;
#1769 = FILL_AREA_STYLE_COLOUR ( '', #4905 ) ;
#1770 = CARTESIAN_POINT ( 'NONE',  ( -0.2199999999999994700, 8.339999999999999900, 2.220000000000000200 ) ) ;
#1771 = FILL_AREA_STYLE ('',( #3045 ) ) ;
#1772 = DIRECTION ( 'NONE',  ( 0.7071067811865474600, -0.0000000000000000000, 0.7071067811865474600 ) ) ;
#1773 =( NAMED_UNIT ( * ) PLANE_ANGLE_UNIT ( ) SI_UNIT ( $, .RADIAN. ) );
#1774 = DIRECTION ( 'NONE',  ( 1.000000000000000000, 0.0000000000000000000, -0.0000000000000000000 ) ) ;
#1775 = COLOUR_RGB ( '',0.0000000000000000000, 0.03529411764705882300, 0.05882352941176470500 ) ;
#1776 = SURFACE_STYLE_FILL_AREA ( #966 ) ;
#1777 = EDGE_CURVE ( 'NONE', #100, #1855, #2713, .T. ) ;
#1778 =( GEOMETRIC_REPRESENTATION_CONTEXT ( 3 ) GLOBAL_UNCERTAINTY_ASSIGNED_CONTEXT ( ( #2652 ) ) GLOBAL_UNIT_ASSIGNED_CONTEXT ( ( #3661, #1117, #4068 ) ) REPRESENTATION_CONTEXT ( 'NONE', 'WORKASPACE' ) );
#1779 = ORIENTED_EDGE ( 'NONE', *, *, #734, .F. ) ;
#1780 = VECTOR ( 'NONE', #2137, 1000.000000000000000 ) ;
#1781 = CARTESIAN_POINT ( 'NONE',  ( -0.8700000000000001100, 1.700000000000000000, 1.269999999999999800 ) ) ;
#1782 = ORIENTED_EDGE ( 'NONE', *, *, #2151, .F. ) ;
#1783 = ORIENTED_EDGE ( 'NONE', *, *, #916, .T. ) ;
#1784 = DIRECTION ( 'NONE',  ( 0.7071067811865474600, 0.0000000000000000000, 0.7071067811865474600 ) ) ;
#1786 = FILL_AREA_STYLE ('',( #4290 ) ) ;
#1785 = FILL_AREA_STYLE ('',( #1358 ) ) ;
#1787 = STYLED_ITEM ( 'NONE', ( #3087 ), #721 ) ;
#1788 = CARTESIAN_POINT ( 'NONE',  ( -0.3199999999999994500, -3.000000000000000000, 2.319999999999999800 ) ) ;
#1789 = PRESENTATION_LAYER_ASSIGNMENT (  '', '', ( #1220 ) ) ;
#1790 = ORIENTED_EDGE ( 'NONE', *, *, #1576, .T. ) ;
#1791 = CARTESIAN_POINT ( 'NONE',  ( -0.3199999999999988400, -3.000000000000000000, 4.860000000000000300 ) ) ;
#1792 = EDGE_LOOP ( 'NONE', ( #4645, #2476, #3001, #5246 ) ) ;
#1793 = SURFACE_SIDE_STYLE ('',( #784 ) ) ;
#1794 = PRESENTATION_LAYER_ASSIGNMENT (  '', '', ( #1223 ) ) ;
#1795 = LINE ( 'NONE', #2529, #3906 ) ;
#1796 =( NAMED_UNIT ( * ) PLANE_ANGLE_UNIT ( ) SI_UNIT ( $, .RADIAN. ) );
#1797 = EDGE_LOOP ( 'NONE', ( #1857, #2946, #2446, #3935 ) ) ;
#1798 = ORIENTED_EDGE ( 'NONE', *, *, #1325, .F. ) ;
#1799 = ORIENTED_EDGE ( 'NONE', *, *, #4515, .F. ) ;
#1800 = DIRECTION ( 'NONE',  ( 0.0000000000000000000, 0.0000000000000000000, 1.000000000000000000 ) ) ;
#1801 = ORIENTED_EDGE ( 'NONE', *, *, #1546, .T. ) ;
#1802 = VERTEX_POINT ( 'NONE', #4147 ) ;
#1803 = SURFACE_STYLE_FILL_AREA ( #2404 ) ;
#1804 = PLANE ( 'NONE',  #3219 ) ;
#1805 = CARTESIAN_POINT ( 'NONE',  ( 0.3200000000000012800, -3.000000000000000000, 5.299999999999999800 ) ) ;
#1806 = DIRECTION ( 'NONE',  ( 0.0000000000000000000, -0.0000000000000000000, -1.000000000000000000 ) ) ;
#1807 = DIRECTION ( 'NONE',  ( 2.492418787322998300E-016, 0.0000000000000000000, 1.000000000000000000 ) ) ;
#1808 =( LENGTH_UNIT ( ) NAMED_UNIT ( * ) SI_UNIT ( .MILLI., .METRE. ) );
#1809 =( GEOMETRIC_REPRESENTATION_CONTEXT ( 3 ) GLOBAL_UNCERTAINTY_ASSIGNED_CONTEXT ( ( #2346 ) ) GLOBAL_UNIT_ASSIGNED_CONTEXT ( ( #357, #3366, #802 ) ) REPRESENTATION_CONTEXT ( 'NONE', 'WORKASPACE' ) );
#1810 =( NAMED_UNIT ( * ) SI_UNIT ( $, .STERADIAN. ) SOLID_ANGLE_UNIT ( ) );
#1811 = DIRECTION ( 'NONE',  ( 0.0000000000000000000, 1.000000000000000000, 0.0000000000000000000 ) ) ;
#1812 = EDGE_CURVE ( 'NONE', #205, #4948, #2571, .T. ) ;
#1813 = FILL_AREA_STYLE ('',( #5165 ) ) ;
#1814 =( LENGTH_UNIT ( ) NAMED_UNIT ( * ) SI_UNIT ( .MILLI., .METRE. ) );
#1815 = LINE ( 'NONE', #5257, #5021 ) ;
#1816 =( NAMED_UNIT ( * ) SI_UNIT ( $, .STERADIAN. ) SOLID_ANGLE_UNIT ( ) );
#1817 =( GEOMETRIC_REPRESENTATION_CONTEXT ( 3 ) GLOBAL_UNCERTAINTY_ASSIGNED_CONTEXT ( ( #2087 ) ) GLOBAL_UNIT_ASSIGNED_CONTEXT ( ( #4875, #2389, #5294 ) ) REPRESENTATION_CONTEXT ( 'NONE', 'WORKASPACE' ) );
#1818 = UNCERTAINTY_MEASURE_WITH_UNIT (LENGTH_MEASURE( 1.000000000000000100E-005 ), #3386, 'distance_accuracy_value', 'NONE');
#1819 = VERTEX_POINT ( 'NONE', #1211 ) ;
#1820 = EDGE_CURVE ( 'NONE', #1863, #3160, #3685, .T. ) ;
#1821 = EDGE_CURVE ( 'NONE', #5177, #2076, #685, .T. ) ;
#1822 = SURFACE_STYLE_USAGE ( .BOTH. , #4315 ) ;
#1823 = COLOUR_RGB ( '',1.000000000000000000, 1.000000000000000000, 1.000000000000000000 ) ;
#1825 = FILL_AREA_STYLE_COLOUR ( '', #2398 ) ;
#1824 =( LENGTH_UNIT ( ) NAMED_UNIT ( * ) SI_UNIT ( .MILLI., .METRE. ) );
#1826 = PLANE ( 'NONE',  #4872 ) ;
#1827 = EDGE_CURVE ( 'NONE', #1003, #1267, #3543, .T. ) ;
#1828 =( GEOMETRIC_REPRESENTATION_CONTEXT ( 3 ) GLOBAL_UNCERTAINTY_ASSIGNED_CONTEXT ( ( #414 ) ) GLOBAL_UNIT_ASSIGNED_CONTEXT ( ( #1067, #4015, #1498 ) ) REPRESENTATION_CONTEXT ( 'NONE', 'WORKASPACE' ) );
#1829 = SURFACE_SIDE_STYLE ('',( #5264 ) ) ;
#1830 = EDGE_LOOP ( 'NONE', ( #5362, #5483, #31, #164 ) ) ;
#1831 = SURFACE_SIDE_STYLE ('',( #3645 ) ) ;
#1832 = LINE ( 'NONE', #3712, #2974 ) ;
#1833 = LINE ( 'NONE', #1646, #1706 ) ;
#1834 = CARTESIAN_POINT ( 'NONE',  ( 1.266148743960083200E-015, 8.339999999999999900, 5.080000000000000100 ) ) ;
#1835 = CARTESIAN_POINT ( 'NONE',  ( 0.8699999999999987700, 0.0000000000000000000, -1.270000000000000200 ) ) ;
#1836 = UNCERTAINTY_MEASURE_WITH_UNIT (LENGTH_MEASURE( 1.000000000000000100E-005 ), #2432, 'distance_accuracy_value', 'NONE');
#1837 = PRESENTATION_LAYER_ASSIGNMENT (  '', '', ( #1271 ) ) ;
#1838 = EDGE_CURVE ( 'NONE', #4251, #5487, #279, .T. ) ;
#1839 = VECTOR ( 'NONE', #1472, 1000.000000000000100 ) ;
#1840 = CARTESIAN_POINT ( 'NONE',  ( 0.2200000000000025000, 8.339999999999999900, 9.839999999999999900 ) ) ;
#1841 = STYLED_ITEM ( 'NONE', ( #1343 ), #2952 ) ;
#1842 =( LENGTH_UNIT ( ) NAMED_UNIT ( * ) SI_UNIT ( .MILLI., .METRE. ) );
#1843 = DIRECTION ( 'NONE',  ( -0.0000000000000000000, -1.000000000000000000, -0.0000000000000000000 ) ) ;
#1844 = DIRECTION ( 'NONE',  ( -1.232047923278982200E-016, 0.0000000000000000000, -1.000000000000000000 ) ) ;
#1845 = ORIENTED_EDGE ( 'NONE', *, *, #768, .T. ) ;
#1846 = EDGE_CURVE ( 'NONE', #4927, #3578, #2447, .T. ) ;
#1847 = CARTESIAN_POINT ( 'NONE',  ( 0.3200000000000006200, -3.000000000000000000, 2.319999999999999800 ) ) ;
#1848 = DIRECTION ( 'NONE',  ( 1.000000000000000000, 0.0000000000000000000, -0.0000000000000000000 ) ) ;
#1849 = EDGE_LOOP ( 'NONE', ( #5326, #507, #362, #3275 ) ) ;
#1850 = EDGE_CURVE ( 'NONE', #205, #178, #3421, .T. ) ;
#1851 = ORIENTED_EDGE ( 'NONE', *, *, #2050, .T. ) ;
#1852 = VECTOR ( 'NONE', #2478, 1000.000000000000000 ) ;
#1853 = STYLED_ITEM ( 'NONE', ( #3439 ), #3838 ) ;
#1854 = DIRECTION ( 'NONE',  ( 0.7071067811865474600, 0.0000000000000000000, -0.7071067811865474600 ) ) ;
#1855 = VERTEX_POINT ( 'NONE', #2956 ) ;
#1856 = ORIENTED_EDGE ( 'NONE', *, *, #4969, .F. ) ;
#1857 = ORIENTED_EDGE ( 'NONE', *, *, #3415, .F. ) ;
#1858 = ORIENTED_EDGE ( 'NONE', *, *, #889, .F. ) ;
#1859 = ORIENTED_EDGE ( 'NONE', *, *, #5318, .T. ) ;
#1860 = DIRECTION ( 'NONE',  ( 0.7071067811865474600, -0.0000000000000000000, -0.7071067811865474600 ) ) ;
#1861 = FILL_AREA_STYLE_COLOUR ( '', #4590 ) ;
#1862 = DIRECTION ( 'NONE',  ( 0.7071067811865475700, -0.0000000000000000000, 0.7071067811865475700 ) ) ;
#1863 = VERTEX_POINT ( 'NONE', #4584 ) ;
#1864 = CARTESIAN_POINT ( 'NONE',  ( -0.2200000000000000800, -3.000000000000000000, -0.3200000000000000600 ) ) ;
#1865 = MECHANICAL_DESIGN_GEOMETRIC_PRESENTATION_REPRESENTATION (  '', ( #1011 ), #2166 ) ;
#1866 = CARTESIAN_POINT ( 'NONE',  ( 1.270000000000001800, 0.0000000000000000000, 11.02999999999999900 ) ) ;
#1867 = EDGE_LOOP ( 'NONE', ( #2173, #4464, #439, #3194 ) ) ;
#1868 = ORIENTED_EDGE ( 'NONE', *, *, #3902, .T. ) ;
#1869 = ORIENTED_EDGE ( 'NONE', *, *, #1065, .F. ) ;
#1870 = PRESENTATION_LAYER_ASSIGNMENT (  '', '', ( #1301 ) ) ;
#1871 = VECTOR ( 'NONE', #2040, 1000.000000000000100 ) ;
#1872 =( LENGTH_UNIT ( ) NAMED_UNIT ( * ) SI_UNIT ( .MILLI., .METRE. ) );
#1873 = FILL_AREA_STYLE ('',( #1438 ) ) ;
#1874 = FACE_OUTER_BOUND ( 'NONE', #865, .T. ) ;
#1875 = DIRECTION ( 'NONE',  ( -0.7071067811865474600, -0.0000000000000000000, -0.7071067811865474600 ) ) ;
#1876 = FACE_OUTER_BOUND ( 'NONE', #1797, .T. ) ;
#1877 = VECTOR ( 'NONE', #3159, 1000.000000000000000 ) ;
#1878 = PRESENTATION_STYLE_ASSIGNMENT (( #1617 ) ) ;
#1879 = CARTESIAN_POINT ( 'NONE',  ( -0.2199999999999988400, 1.700000000000000000, 5.399999999999999500 ) ) ;
#1880 =( NAMED_UNIT ( * ) PLANE_ANGLE_UNIT ( ) SI_UNIT ( $, .RADIAN. ) );
#1881 = PLANE ( 'NONE',  #4716 ) ;
#1882 = FACE_OUTER_BOUND ( 'NONE', #4037, .T. ) ;
#1883 = VECTOR ( 'NONE', #4478, 1000.000000000000000 ) ;
#1884 = PLANE ( 'NONE',  #2650 ) ;
#1885 = AXIS2_PLACEMENT_3D ( 'NONE', #4458, #1969, #4884 ) ;
#1886 = FILL_AREA_STYLE ('',( #4809 ) ) ;
#1887 = EDGE_CURVE ( 'NONE', #1965, #3117, #1167, .T. ) ;
#1888 = MECHANICAL_DESIGN_GEOMETRIC_PRESENTATION_REPRESENTATION (  '', ( #1030 ), #2186 ) ;
#1889 = CARTESIAN_POINT ( 'NONE',  ( -0.8699999999999985500, 0.0000000000000000000, 6.349999999999999600 ) ) ;
#1890 = CARTESIAN_POINT ( 'NONE',  ( 1.269999999999998700, 1.700000000000000000, -0.8700000000000003300 ) ) ;
#1891 = FILL_AREA_STYLE_COLOUR ( '', #1488 ) ;
#1892 = COLOUR_RGB ( '',1.000000000000000000, 1.000000000000000000, 1.000000000000000000 ) ;
#1893 = LINE ( 'NONE', #2804, #1763 ) ;
#1894 = LINE ( 'NONE', #2495, #3994 ) ;
#1895 = DIRECTION ( 'NONE',  ( -1.232047923278982200E-016, 0.0000000000000000000, -1.000000000000000000 ) ) ;
#1897 = EDGE_LOOP ( 'NONE', ( #5243, #3637, #2207, #3895, #1677, #2929, #3326, #1869, #4949, #1062, #2386, #2339, #4353, #3850, #4268, #3912, #5266, #3710 ) ) ;
#1896 = UNCERTAINTY_MEASURE_WITH_UNIT (LENGTH_MEASURE( 1.000000000000000100E-005 ), #2792, 'distance_accuracy_value', 'NONE');
#1898 = ORIENTED_EDGE ( 'NONE', *, *, #487, .T. ) ;
#1899 = AXIS2_PLACEMENT_3D ( 'NONE', #4454, #1966, #4882 ) ;
#1900 = AXIS2_PLACEMENT_3D ( 'NONE', #1988, #1581, #1147 ) ;
#1901 = AXIS2_PLACEMENT_3D ( 'NONE', #402, #3390, #831 ) ;
#1902 = SURFACE_STYLE_USAGE ( .BOTH. , #4383 ) ;
#1903 =( NAMED_UNIT ( * ) PLANE_ANGLE_UNIT ( ) SI_UNIT ( $, .RADIAN. ) );
#1904 = DIRECTION ( 'NONE',  ( -2.492418787322999200E-016, -0.0000000000000000000, -1.000000000000000000 ) ) ;
#1905 = EDGE_CURVE ( 'NONE', #4948, #3076, #134, .T. ) ;
#1906 = AXIS2_PLACEMENT_3D ( 'NONE', #2913, #326, #3316 ) ;
#1907 = CARTESIAN_POINT ( 'NONE',  ( -0.8699999999999976600, 0.0000000000000000000, 11.43000000000000100 ) ) ;
#1908 = COLOUR_RGB ( '',1.000000000000000000, 1.000000000000000000, 1.000000000000000000 ) ;
#1909 = CARTESIAN_POINT ( 'NONE',  ( 0.3200000000000019500, -3.000000000000000000, 7.839999999999999900 ) ) ;
#1910 = ADVANCED_FACE ( 'NONE', ( #4252 ), #2113, .F. ) ;
#1911 = PLANE ( 'NONE',  #1900 ) ;
#1912 = FILL_AREA_STYLE ('',( #3987 ) ) ;
#1913 = CARTESIAN_POINT ( 'NONE',  ( 0.8700000000000005500, 1.700000000000000000, 6.349999999999999600 ) ) ;
#1914 = FACE_OUTER_BOUND ( 'NONE', #990, .T. ) ;
#1915 = CARTESIAN_POINT ( 'NONE',  ( -0.8699999999999992200, 0.0000000000000000000, 3.810000000000000100 ) ) ;
#1916 = MECHANICAL_DESIGN_GEOMETRIC_PRESENTATION_REPRESENTATION (  '', ( #1054 ), #2214 ) ;
#1917 = DIRECTION ( 'NONE',  ( 0.0000000000000000000, 0.0000000000000000000, 1.000000000000000000 ) ) ;
#1918 = LINE ( 'NONE', #851, #2798 ) ;
#1919 = FILL_AREA_STYLE ('',( #2375 ) ) ;
#1920 = ORIENTED_EDGE ( 'NONE', *, *, #2437, .F. ) ;
#1921 =( LENGTH_UNIT ( ) NAMED_UNIT ( * ) SI_UNIT ( .MILLI., .METRE. ) );
#1922 = VERTEX_POINT ( 'NONE', #3776 ) ;
#1923 = CARTESIAN_POINT ( 'NONE',  ( 0.3200000000000019500, -3.000000000000000000, 7.839999999999999900 ) ) ;
#1924 = EDGE_CURVE ( 'NONE', #5032, #1375, #607, .T. ) ;
#1925 = UNCERTAINTY_MEASURE_WITH_UNIT (LENGTH_MEASURE( 1.000000000000000100E-005 ), #3224, 'distance_accuracy_value', 'NONE');
#1926 = LINE ( 'NONE', #1805, #4148 ) ;
#1927 = DIRECTION ( 'NONE',  ( -1.000000000000000000, -0.0000000000000000000, -0.0000000000000000000 ) ) ;
#1928 = CARTESIAN_POINT ( 'NONE',  ( -0.8699999999999998800, 1.700000000000000000, 1.269999999999999800 ) ) ;
#1929 = ORIENTED_EDGE ( 'NONE', *, *, #4835, .F. ) ;
#1930 = EDGE_CURVE ( 'NONE', #4031, #2483, #4968, .T. ) ;
#1931 = EDGE_LOOP ( 'NONE', ( #3269, #422, #3782, #5116 ) ) ;
#1932 = MECHANICAL_DESIGN_GEOMETRIC_PRESENTATION_REPRESENTATION (  '', ( #1071 ), #2225 ) ;
#1933 = VECTOR ( 'NONE', #3894, 1000.000000000000000 ) ;
#1934 =( LENGTH_UNIT ( ) NAMED_UNIT ( * ) SI_UNIT ( .MILLI., .METRE. ) );
#1935 = VECTOR ( 'NONE', #1231, 1000.000000000000100 ) ;
#1936 = EDGE_CURVE ( 'NONE', #587, #379, #1637, .T. ) ;
#1937 = ORIENTED_EDGE ( 'NONE', *, *, #5397, .T. ) ;
#1938 = ORIENTED_EDGE ( 'NONE', *, *, #4364, .T. ) ;
#1939 = VERTEX_POINT ( 'NONE', #3050 ) ;
#1940 = ADVANCED_FACE ( 'NONE', ( #3747 ), #29, .T. ) ;
#1941 = COLOUR_RGB ( '',1.000000000000000000, 1.000000000000000000, 1.000000000000000000 ) ;
#1942 = MECHANICAL_DESIGN_GEOMETRIC_PRESENTATION_REPRESENTATION (  '', ( #1077 ), #2233 ) ;
#1943 = FACE_OUTER_BOUND ( 'NONE', #2064, .T. ) ;
#1944 = DIRECTION ( 'NONE',  ( 0.0000000000000000000, 1.000000000000000000, 0.0000000000000000000 ) ) ;
#1945 = ORIENTED_EDGE ( 'NONE', *, *, #670, .F. ) ;
#1946 = VERTEX_POINT ( 'NONE', #4696 ) ;
#1947 = COLOUR_RGB ( '',1.000000000000000000, 1.000000000000000000, 1.000000000000000000 ) ;
#1948 = FILL_AREA_STYLE ('',( #2393 ) ) ;
#1949 = VECTOR ( 'NONE', #3788, 1000.000000000000000 ) ;
#1950 = DIRECTION ( 'NONE',  ( 0.7071067811865474600, 0.0000000000000000000, 0.7071067811865474600 ) ) ;
#1951 = DIRECTION ( 'NONE',  ( 0.0000000000000000000, 1.000000000000000000, 0.0000000000000000000 ) ) ;
#1952 = FILL_AREA_STYLE_COLOUR ( '', #1020 ) ;
#1953 = FACE_OUTER_BOUND ( 'NONE', #707, .T. ) ;
#1954 = SURFACE_STYLE_FILL_AREA ( #1813 ) ;
#1955 = LINE ( 'NONE', #352, #1348 ) ;
#1956 = SURFACE_STYLE_USAGE ( .BOTH. , #4444 ) ;
#1957 = SURFACE_STYLE_FILL_AREA ( #4862 ) ;
#1958 = VECTOR ( 'NONE', #613, 1000.000000000000000 ) ;
#1959 = DIRECTION ( 'NONE',  ( 0.7071067811865474600, 0.0000000000000000000, 0.7071067811865474600 ) ) ;
#1960 = SURFACE_STYLE_USAGE ( .BOTH. , #4450 ) ;
#1961 = CARTESIAN_POINT ( 'NONE',  ( 0.3200000000000006200, 1.700000000000000000, 2.319999999999999800 ) ) ;
#1962 = LINE ( 'NONE', #4507, #3096 ) ;
#1963 = COLOUR_RGB ( '',1.000000000000000000, 1.000000000000000000, 1.000000000000000000 ) ;
#1964 = FILL_AREA_STYLE ('',( #3220 ) ) ;
#1965 = VERTEX_POINT ( 'NONE', #498 ) ;
#1966 = DIRECTION ( 'NONE',  ( -0.7071067811865475700, 0.0000000000000000000, 0.7071067811865475700 ) ) ;
#1967 = PLANE ( 'NONE',  #4139 ) ;
#1968 = ADVANCED_FACE ( 'NONE', ( #1093 ), #938, .T. ) ;
#1969 = DIRECTION ( 'NONE',  ( 1.000000000000000000, 0.0000000000000000000, -2.492418787322998300E-016 ) ) ;
#1970 = CARTESIAN_POINT ( 'NONE',  ( -0.3199999999999994500, 8.339999999999999900, 2.319999999999999800 ) ) ;
#1971 = DIRECTION ( 'NONE',  ( 0.7071067811865475700, 0.0000000000000000000, -0.7071067811865475700 ) ) ;
#1972 = DIRECTION ( 'NONE',  ( -0.7071067811865474600, 0.0000000000000000000, -0.7071067811865474600 ) ) ;
#1973 = VECTOR ( 'NONE', #353, 1000.000000000000000 ) ;
#1974 =( NAMED_UNIT ( * ) SI_UNIT ( $, .STERADIAN. ) SOLID_ANGLE_UNIT ( ) );
#1975 = VECTOR ( 'NONE', #3502, 1000.000000000000000 ) ;
#1976 =( GEOMETRIC_REPRESENTATION_CONTEXT ( 3 ) GLOBAL_UNCERTAINTY_ASSIGNED_CONTEXT ( ( #4732 ) ) GLOBAL_UNIT_ASSIGNED_CONTEXT ( ( #5296, #2829, #238 ) ) REPRESENTATION_CONTEXT ( 'NONE', 'WORKASPACE' ) );
#1977 = DIRECTION ( 'NONE',  ( 2.464095846557964400E-016, 0.0000000000000000000, 1.000000000000000000 ) ) ;
#1978 = PRESENTATION_LAYER_ASSIGNMENT (  '', '', ( #1399 ) ) ;
#1979 = FILL_AREA_STYLE_COLOUR ( '', #2646 ) ;
#1980 = DIRECTION ( 'NONE',  ( -0.7071067811865475700, 0.0000000000000000000, 0.7071067811865475700 ) ) ;
#1981 = FACE_OUTER_BOUND ( 'NONE', #2636, .T. ) ;
#1982 = DIRECTION ( 'NONE',  ( 0.0000000000000000000, 0.0000000000000000000, -1.000000000000000000 ) ) ;
#1983 = VECTOR ( 'NONE', #3571, 1000.000000000000000 ) ;
#1984 = SURFACE_STYLE_USAGE ( .BOTH. , #4483 ) ;
#1985 = DIRECTION ( 'NONE',  ( -0.7071067811865474600, -0.0000000000000000000, 0.7071067811865474600 ) ) ;
#1986 = SURFACE_STYLE_USAGE ( .BOTH. , #4485 ) ;
#1987 = ORIENTED_EDGE ( 'NONE', *, *, #155, .T. ) ;
#1988 = CARTESIAN_POINT ( 'NONE',  ( -0.3199999999999981700, -3.000000000000000000, 7.400000000000000400 ) ) ;
#1989 = CARTESIAN_POINT ( 'NONE',  ( 0.3200000000000006200, -3.000000000000000000, 2.319999999999999800 ) ) ;
#1990 = ORIENTED_EDGE ( 'NONE', *, *, #5388, .T. ) ;
#1991 = SURFACE_SIDE_STYLE ('',( #2366 ) ) ;
#1992 = LINE ( 'NONE', #5394, #1852 ) ;
#1993 = ADVANCED_FACE ( 'NONE', ( #486 ), #3921, .T. ) ;
#1994 = VERTEX_POINT ( 'NONE', #5135 ) ;
#1995 = SURFACE_STYLE_USAGE ( .BOTH. , #4494 ) ;
#1996 = STYLED_ITEM ( 'NONE', ( #3063 ), #3618 ) ;
#1997 = LINE ( 'NONE', #526, #106 ) ;
#1998 = ORIENTED_EDGE ( 'NONE', *, *, #4628, .F. ) ;
#1999 = EDGE_CURVE ( 'NONE', #240, #5261, #3680, .T. ) ;
#2000 = SURFACE_STYLE_FILL_AREA ( #4861 ) ;
#2001 = PRESENTATION_LAYER_ASSIGNMENT (  '', '', ( #1417 ) ) ;
#2002 = SURFACE_STYLE_USAGE ( .BOTH. , #2027 ) ;
#2003 =( LENGTH_UNIT ( ) NAMED_UNIT ( * ) SI_UNIT ( .MILLI., .METRE. ) );
#2004 = UNCERTAINTY_MEASURE_WITH_UNIT (LENGTH_MEASURE( 1.000000000000000100E-005 ), #246, 'distance_accuracy_value', 'NONE');
#2005 = SURFACE_SIDE_STYLE ('',( #5096 ) ) ;
#2006 =( NAMED_UNIT ( * ) SI_UNIT ( $, .STERADIAN. ) SOLID_ANGLE_UNIT ( ) );
#2007 = CARTESIAN_POINT ( 'NONE',  ( -0.2199999999999992800, 1.700000000000000000, 2.860000000000000300 ) ) ;
#2008 = ORIENTED_EDGE ( 'NONE', *, *, #5452, .F. ) ;
#2009 = ORIENTED_EDGE ( 'NONE', *, *, #4176, .F. ) ;
#2010 = SURFACE_SIDE_STYLE ('',( #4626 ) ) ;
#2011 = EDGE_LOOP ( 'NONE', ( #3317, #5184, #4611, #1798 ) ) ;
#2012 = ORIENTED_EDGE ( 'NONE', *, *, #954, .F. ) ;
#2013 = STYLED_ITEM ( 'NONE', ( #354 ), #4508 ) ;
#2014 = ORIENTED_EDGE ( 'NONE', *, *, #4650, .F. ) ;
#2015 =( LENGTH_UNIT ( ) NAMED_UNIT ( * ) SI_UNIT ( .MILLI., .METRE. ) );
#2016 = COLOUR_RGB ( '',1.000000000000000000, 1.000000000000000000, 1.000000000000000000 ) ;
#2017 = SURFACE_STYLE_FILL_AREA ( #5365 ) ;
#2018 = STYLED_ITEM ( 'NONE', ( #2564 ), #373 ) ;
#2019 = UNCERTAINTY_MEASURE_WITH_UNIT (LENGTH_MEASURE( 1.000000000000000100E-005 ), #3171, 'distance_accuracy_value', 'NONE');
#2020 = AXIS2_PLACEMENT_3D ( 'NONE', #260, #1241, #2989 ) ;
#2021 = VECTOR ( 'NONE', #3461, 1000.000000000000000 ) ;
#2022 = DIRECTION ( 'NONE',  ( -0.7071067811865474600, -0.0000000000000000000, 0.7071067811865474600 ) ) ;
#2023 = EDGE_CURVE ( 'NONE', #716, #703, #2566, .T. ) ;
#2024 = STYLED_ITEM ( 'NONE', ( #1215 ), #2385 ) ;
#2025 = VECTOR ( 'NONE', #131, 1000.000000000000000 ) ;
#2026 = DIRECTION ( 'NONE',  ( -0.7071067811865474600, 0.0000000000000000000, 0.7071067811865474600 ) ) ;
#2027 = SURFACE_SIDE_STYLE ('',( #1155 ) ) ;
#2028 =( LENGTH_UNIT ( ) NAMED_UNIT ( * ) SI_UNIT ( .MILLI., .METRE. ) );
#2029 = VECTOR ( 'NONE', #2460, 1000.000000000000000 ) ;
#2030 = DIRECTION ( 'NONE',  ( -0.7071067811865474600, -0.0000000000000000000, 0.7071067811865474600 ) ) ;
#2031 = DIRECTION ( 'NONE',  ( -1.000000000000000000, 0.0000000000000000000, -0.0000000000000000000 ) ) ;
#2032 = LINE ( 'NONE', #3679, #4116 ) ;
#2033 =( GEOMETRIC_REPRESENTATION_CONTEXT ( 3 ) GLOBAL_UNCERTAINTY_ASSIGNED_CONTEXT ( ( #428 ) ) GLOBAL_UNIT_ASSIGNED_CONTEXT ( ( #3896, #1365, #4295 ) ) REPRESENTATION_CONTEXT ( 'NONE', 'WORKASPACE' ) );
#2034 = ADVANCED_FACE ( 'NONE', ( #2442 ), #4754, .T. ) ;
#2035 = DIRECTION ( 'NONE',  ( -0.7071067811865474600, 0.0000000000000000000, 0.7071067811865474600 ) ) ;
#2036 = LINE ( 'NONE', #454, #950 ) ;
#2037 = DIRECTION ( 'NONE',  ( 2.492418787322998300E-016, 0.0000000000000000000, 1.000000000000000000 ) ) ;
#2038 = EDGE_CURVE ( 'NONE', #1598, #2078, #2043, .T. ) ;
#2039 = FACE_OUTER_BOUND ( 'NONE', #1672, .T. ) ;
#2040 = DIRECTION ( 'NONE',  ( 0.7071067811865474600, -0.0000000000000000000, 0.7071067811865474600 ) ) ;
#2041 = ORIENTED_EDGE ( 'NONE', *, *, #693, .T. ) ;
#2042 = PRESENTATION_LAYER_ASSIGNMENT (  '', '', ( #1445 ) ) ;
#2043 = LINE ( 'NONE', #2724, #4245 ) ;
#2044 = EDGE_LOOP ( 'NONE', ( #2951, #5168, #2857, #5322, #2195, #2944, #5048, #5244 ) ) ;
#2045 = PLANE ( 'NONE',  #274 ) ;
#2046 = DIRECTION ( 'NONE',  ( 2.492418787322998300E-016, 0.0000000000000000000, 1.000000000000000000 ) ) ;
#2047 = EDGE_CURVE ( 'NONE', #985, #1378, #5359, .T. ) ;
#2048 = VECTOR ( 'NONE', #4652, 1000.000000000000000 ) ;
#2049 = DIRECTION ( 'NONE',  ( 0.0000000000000000000, 0.0000000000000000000, -1.000000000000000000 ) ) ;
#2050 = EDGE_CURVE ( 'NONE', #4599, #4533, #890, .T. ) ;
#2051 = SURFACE_STYLE_USAGE ( .BOTH. , #4534 ) ;
#2052 = PRESENTATION_LAYER_ASSIGNMENT (  '', '', ( #1461 ) ) ;
#2053 = DIRECTION ( 'NONE',  ( 0.0000000000000000000, 0.0000000000000000000, 1.000000000000000000 ) ) ;
#2054 =( NAMED_UNIT ( * ) PLANE_ANGLE_UNIT ( ) SI_UNIT ( $, .RADIAN. ) );
#2055 = CARTESIAN_POINT ( 'NONE',  ( 1.269999999999999800, 1.700000000000000000, 3.409999999999999700 ) ) ;
#2056 = PRESENTATION_LAYER_ASSIGNMENT (  '', '', ( #1468 ) ) ;
#2057 = LINE ( 'NONE', #2721, #4260 ) ;
#2058 = CARTESIAN_POINT ( 'NONE',  ( -3.819999999999999000, 0.2999999999999999900, 1.799999999999998500 ) ) ;
#2059 = ADVANCED_FACE ( 'NONE', ( #746 ), #3967, .T. ) ;
#2060 = FILL_AREA_STYLE ('',( #1555 ) ) ;
#2061 =( GEOMETRIC_REPRESENTATION_CONTEXT ( 3 ) GLOBAL_UNCERTAINTY_ASSIGNED_CONTEXT ( ( #4743 ) ) GLOBAL_UNIT_ASSIGNED_CONTEXT ( ( #4374, #1880, #4802 ) ) REPRESENTATION_CONTEXT ( 'NONE', 'WORKASPACE' ) );
#2062 = VECTOR ( 'NONE', #3120, 1000.000000000000000 ) ;
#2063 = DIRECTION ( 'NONE',  ( 0.0000000000000000000, 1.000000000000000000, 0.0000000000000000000 ) ) ;
#2064 = EDGE_LOOP ( 'NONE', ( #1314, #1537, #3746, #2394 ) ) ;
#2065 =( LENGTH_UNIT ( ) NAMED_UNIT ( * ) SI_UNIT ( .MILLI., .METRE. ) );
#2066 = CARTESIAN_POINT ( 'NONE',  ( 1.899223115940124500E-015, 8.339999999999999900, 7.620000000000000100 ) ) ;
#2067 = ORIENTED_EDGE ( 'NONE', *, *, #666, .F. ) ;
#2068 = ORIENTED_EDGE ( 'NONE', *, *, #4940, .F. ) ;
#2069 = EDGE_LOOP ( 'NONE', ( #1740, #2712, #2539, #4540 ) ) ;
#2070 = VECTOR ( 'NONE', #4501, 1000.000000000000000 ) ;
#2071 =( NAMED_UNIT ( * ) PLANE_ANGLE_UNIT ( ) SI_UNIT ( $, .RADIAN. ) );
#2072 = ORIENTED_EDGE ( 'NONE', *, *, #4167, .T. ) ;
#2073 = CARTESIAN_POINT ( 'NONE',  ( 0.2200000000000000300, -3.000000000000000000, 0.3199999999999999500 ) ) ;
#2074 = VERTEX_POINT ( 'NONE', #4366 ) ;
#2075 = UNCERTAINTY_MEASURE_WITH_UNIT (LENGTH_MEASURE( 1.000000000000000100E-005 ), #5106, 'distance_accuracy_value', 'NONE');
#2076 = VERTEX_POINT ( 'NONE', #3988 ) ;
#2077 = ORIENTED_EDGE ( 'NONE', *, *, #5102, .F. ) ;
#2078 = VERTEX_POINT ( 'NONE', #1456 ) ;
#2079 = CARTESIAN_POINT ( 'NONE',  ( -0.8699999999999981100, 1.700000000000000000, 8.890000000000000600 ) ) ;
#2080 = LINE ( 'NONE', #3755, #3198 ) ;
#2081 = FILL_AREA_STYLE ('',( #736 ) ) ;
#2082 = EDGE_LOOP ( 'NONE', ( #1655, #1678, #1868, #1998 ) ) ;
#2083 = ORIENTED_EDGE ( 'NONE', *, *, #5289, .F. ) ;
#2084 = ADVANCED_FACE ( 'NONE', ( #3745 ), #4378, .T. ) ;
#2085 = SURFACE_SIDE_STYLE ('',( #5173 ) ) ;
#2086 = VECTOR ( 'NONE', #4373, 1000.000000000000000 ) ;
#2087 = UNCERTAINTY_MEASURE_WITH_UNIT (LENGTH_MEASURE( 1.000000000000000100E-005 ), #4875, 'distance_accuracy_value', 'NONE');
#2088 = VECTOR ( 'NONE', #818, 1000.000000000000000 ) ;
#2089 = VECTOR ( 'NONE', #1186, 1000.000000000000000 ) ;
#2090 = FILL_AREA_STYLE_COLOUR ( '', #1941 ) ;
#2091 = AXIS2_PLACEMENT_3D ( 'NONE', #3314, #759, #3736 ) ;
#2092 = COLOUR_RGB ( '',1.000000000000000000, 1.000000000000000000, 1.000000000000000000 ) ;
#2093 = MECHANICAL_DESIGN_GEOMETRIC_PRESENTATION_REPRESENTATION (  '', ( #1220 ), #2372 ) ;
#2094 =( NAMED_UNIT ( * ) PLANE_ANGLE_UNIT ( ) SI_UNIT ( $, .RADIAN. ) );
#2095 = COLOUR_RGB ( '',0.7921568627450980000, 0.8196078431372548800, 0.9333333333333333500 ) ;
#2096 = MECHANICAL_DESIGN_GEOMETRIC_PRESENTATION_REPRESENTATION (  '', ( #1223 ), #2376 ) ;
#2097 = FACE_OUTER_BOUND ( 'NONE', #527, .T. ) ;
#2098 = VECTOR ( 'NONE', #1807, 1000.000000000000000 ) ;
#2099 = CARTESIAN_POINT ( 'NONE',  ( -1.269999999999998700, 1.700000000000000000, 5.950000000000000200 ) ) ;
#2100 = DIRECTION ( 'NONE',  ( 2.492418787322998300E-016, 0.0000000000000000000, 1.000000000000000000 ) ) ;
#2101 = CARTESIAN_POINT ( 'NONE',  ( 0.2200000000000025500, -3.000000000000000000, 10.48000000000000000 ) ) ;
#2102 = DIRECTION ( 'NONE',  ( 0.0000000000000000000, 1.000000000000000000, 0.0000000000000000000 ) ) ;
#2103 =( NAMED_UNIT ( * ) PLANE_ANGLE_UNIT ( ) SI_UNIT ( $, .RADIAN. ) );
#2104 = CARTESIAN_POINT ( 'NONE',  ( 2.532297487920166500E-015, 8.339999999999999900, 10.16000000000000000 ) ) ;
#2105 = ORIENTED_EDGE ( 'NONE', *, *, #1287, .F. ) ;
#2106 = CARTESIAN_POINT ( 'NONE',  ( -0.3199999999999981700, 8.339999999999999900, 7.400000000000000400 ) ) ;
#2107 = VECTOR ( 'NONE', #2206, 1000.000000000000100 ) ;
#2108 = UNCERTAINTY_MEASURE_WITH_UNIT (LENGTH_MEASURE( 1.000000000000000100E-005 ), #1842, 'distance_accuracy_value', 'NONE');
#2109 = EDGE_CURVE ( 'NONE', #1191, #1698, #1089, .T. ) ;
#2110 = ADVANCED_FACE ( 'NONE', ( #3217 ), #5237, .F. ) ;
#2111 = LINE ( 'NONE', #1630, #4066 ) ;
#2112 = LINE ( 'NONE', #4724, #1975 ) ;
#2113 = PLANE ( 'NONE',  #1761 ) ;
#2114 = DIRECTION ( 'NONE',  ( -2.492418787322999700E-016, 0.0000000000000000000, -1.000000000000000000 ) ) ;
#2115 = FACE_OUTER_BOUND ( 'NONE', #3014, .T. ) ;
#2116 = CARTESIAN_POINT ( 'NONE',  ( 1.270000000000001100, 1.700000000000000000, 8.489999999999998400 ) ) ;
#2118 = SURFACE_STYLE_USAGE ( .BOTH. , #4602 ) ;
#2117 =( NAMED_UNIT ( * ) SI_UNIT ( $, .STERADIAN. ) SOLID_ANGLE_UNIT ( ) );
#2119 = DIRECTION ( 'NONE',  ( 0.7071067811865474600, -0.0000000000000000000, -0.7071067811865474600 ) ) ;
#2120 = SURFACE_SIDE_STYLE ('',( #4165 ) ) ;
#2121 = EDGE_CURVE ( 'NONE', #4600, #442, #2836, .T. ) ;
#2122 = EDGE_CURVE ( 'NONE', #3098, #648, #3931, .T. ) ;
#2123 = LINE ( 'NONE', #1791, #835 ) ;
#2124 = EDGE_CURVE ( 'NONE', #307, #5256, #1694, .T. ) ;
#2125 =( NAMED_UNIT ( * ) PLANE_ANGLE_UNIT ( ) SI_UNIT ( $, .RADIAN. ) );
#2126 = ORIENTED_EDGE ( 'NONE', *, *, #446, .F. ) ;
#2127 = SURFACE_STYLE_FILL_AREA ( #478 ) ;
#2128 = ORIENTED_EDGE ( 'NONE', *, *, #1647, .F. ) ;
#2129 = DIRECTION ( 'NONE',  ( 0.0000000000000000000, 1.000000000000000000, 0.0000000000000000000 ) ) ;
#2130 = MECHANICAL_DESIGN_GEOMETRIC_PRESENTATION_REPRESENTATION (  '', ( #1271 ), #2426 ) ;
#2131 = PLANE ( 'NONE',  #1587 ) ;
#2132 = ORIENTED_EDGE ( 'NONE', *, *, #1443, .F. ) ;
#2133 =( LENGTH_UNIT ( ) NAMED_UNIT ( * ) SI_UNIT ( .MILLI., .METRE. ) );
#2134 = EDGE_CURVE ( 'NONE', #2890, #3201, #673, .T. ) ;
#2135 = ORIENTED_EDGE ( 'NONE', *, *, #377, .T. ) ;
#2136 = ADVANCED_FACE ( 'NONE', ( #2704 ), #2821, .T. ) ;
#2138 = CARTESIAN_POINT ( 'NONE',  ( 0.3200000000000018900, 0.2999999999999999300, 7.400000000000000400 ) ) ;
#2137 = DIRECTION ( 'NONE',  ( 0.0000000000000000000, 1.000000000000000000, 0.0000000000000000000 ) ) ;
#2139 = DIRECTION ( 'NONE',  ( 0.7071067811865474600, 0.0000000000000000000, -0.7071067811865474600 ) ) ;
#2140 = ORIENTED_EDGE ( 'NONE', *, *, #493, .T. ) ;
#2141 = ORIENTED_EDGE ( 'NONE', *, *, #4756, .F. ) ;
#2142 = AXIS2_PLACEMENT_3D ( 'NONE', #4529, #5445, #4285 ) ;
#2143 = ORIENTED_EDGE ( 'NONE', *, *, #4445, .T. ) ;
#2144 =( LENGTH_UNIT ( ) NAMED_UNIT ( * ) SI_UNIT ( .MILLI., .METRE. ) );
#2145 = SURFACE_STYLE_FILL_AREA ( #4207 ) ;
#2146 = VECTOR ( 'NONE', #5197, 1000.000000000000000 ) ;
#2147 = DIRECTION ( 'NONE',  ( 2.464095846557964400E-016, 0.0000000000000000000, 1.000000000000000000 ) ) ;
#2148 = ORIENTED_EDGE ( 'NONE', *, *, #3831, .T. ) ;
#2149 = ORIENTED_EDGE ( 'NONE', *, *, #5099, .T. ) ;
#2150 = ORIENTED_EDGE ( 'NONE', *, *, #3511, .T. ) ;
#2151 = EDGE_CURVE ( 'NONE', #1378, #4877, #1157, .T. ) ;
#2152 = EDGE_CURVE ( 'NONE', #506, #4251, #4360, .T. ) ;
#2153 = VECTOR ( 'NONE', #2193, 1000.000000000000100 ) ;
#2154 = ORIENTED_EDGE ( 'NONE', *, *, #653, .F. ) ;
#2155 = AXIS2_PLACEMENT_3D ( 'NONE', #3359, #798, #3763 ) ;
#2156 =( LENGTH_UNIT ( ) NAMED_UNIT ( * ) SI_UNIT ( .MILLI., .METRE. ) );
#2157 =( LENGTH_UNIT ( ) NAMED_UNIT ( * ) SI_UNIT ( .MILLI., .METRE. ) );
#2158 = VECTOR ( 'NONE', #3108, 1000.000000000000000 ) ;
#2159 = PRESENTATION_STYLE_ASSIGNMENT (( #3779 ) ) ;
#2161 =( NAMED_UNIT ( * ) SI_UNIT ( $, .STERADIAN. ) SOLID_ANGLE_UNIT ( ) );
#2160 = DIRECTION ( 'NONE',  ( -0.7071067811865474600, 0.0000000000000000000, -0.7071067811865474600 ) ) ;
#2162 = FACE_OUTER_BOUND ( 'NONE', #859, .T. ) ;
#2163 = VECTOR ( 'NONE', #2424, 1000.000000000000000 ) ;
#2164 = DIRECTION ( 'NONE',  ( -1.000000000000000000, -0.0000000000000000000, -0.0000000000000000000 ) ) ;
#2165 = LINE ( 'NONE', #1170, #2898 ) ;
#2166 =( GEOMETRIC_REPRESENTATION_CONTEXT ( 3 ) GLOBAL_UNCERTAINTY_ASSIGNED_CONTEXT ( ( #1818 ) ) GLOBAL_UNIT_ASSIGNED_CONTEXT ( ( #3386, #827, #4767 ) ) REPRESENTATION_CONTEXT ( 'NONE', 'WORKASPACE' ) );
#2167 = CARTESIAN_POINT ( 'NONE',  ( 0.0000000000000000000, 1.700000000000000000, 7.939999999999999500 ) ) ;
#2168 = VECTOR ( 'NONE', #3244, 1000.000000000000000 ) ;
#2169 = ADVANCED_FACE ( 'NONE', ( #5477 ), #4073, .F. ) ;
#2170 = VECTOR ( 'NONE', #2505, 1000.000000000000000 ) ;
#2171 = LINE ( 'NONE', #4421, #5353 ) ;
#2172 = MECHANICAL_DESIGN_GEOMETRIC_PRESENTATION_REPRESENTATION (  '', ( #1301 ), #2454 ) ;
#2173 = ORIENTED_EDGE ( 'NONE', *, *, #378, .T. ) ;
#2174 = EDGE_LOOP ( 'NONE', ( #3400, #5317, #4156, #1898 ) ) ;
#2175 = CARTESIAN_POINT ( 'NONE',  ( -1.269999999999998500, 0.0000000000000000000, 6.750000000000000000 ) ) ;
#2176 = EDGE_LOOP ( 'NONE', ( #1051, #117, #1732, #1309 ) ) ;
#2177 = SURFACE_STYLE_FILL_AREA ( #5438 ) ;
#2179 = CARTESIAN_POINT ( 'NONE',  ( -0.2199999999999974500, 0.2999999999999999300, 10.48000000000000000 ) ) ;
#2178 = DIRECTION ( 'NONE',  ( -1.000000000000000000, -0.0000000000000000000, -0.0000000000000000000 ) ) ;
#2180 = UNCERTAINTY_MEASURE_WITH_UNIT (LENGTH_MEASURE( 1.000000000000000100E-005 ), #4918, 'distance_accuracy_value', 'NONE');
#2181 = DIRECTION ( 'NONE',  ( 0.0000000000000000000, 1.000000000000000000, 0.0000000000000000000 ) ) ;
#2182 = FACE_OUTER_BOUND ( 'NONE', #5216, .T. ) ;
#2183 = SURFACE_STYLE_USAGE ( .BOTH. , #4661 ) ;
#2184 = PRESENTATION_LAYER_ASSIGNMENT (  '', '', ( #1604 ) ) ;
#2185 = EDGE_CURVE ( 'NONE', #4794, #3972, #599, .T. ) ;
#2186 =( GEOMETRIC_REPRESENTATION_CONTEXT ( 3 ) GLOBAL_UNCERTAINTY_ASSIGNED_CONTEXT ( ( #52 ) ) GLOBAL_UNIT_ASSIGNED_CONTEXT ( ( #2262, #5160, #2703 ) ) REPRESENTATION_CONTEXT ( 'NONE', 'WORKASPACE' ) );
#2187 = DIRECTION ( 'NONE',  ( 1.000000000000000000, 0.0000000000000000000, -2.492418787322998300E-016 ) ) ;
#2188 = COLOUR_RGB ( '',1.000000000000000000, 1.000000000000000000, 1.000000000000000000 ) ;
#2189 = PRESENTATION_LAYER_ASSIGNMENT (  '', '', ( #1619 ) ) ;
#2191 = CARTESIAN_POINT ( 'NONE',  ( -0.3199999999999981700, -3.000000000000000000, 7.400000000000000400 ) ) ;
#2190 = CARTESIAN_POINT ( 'NONE',  ( -0.3200000000000000600, -3.000000000000000000, -0.2200000000000000800 ) ) ;
#2192 = STYLED_ITEM ( 'NONE', ( #2561 ), #659 ) ;
#2193 = DIRECTION ( 'NONE',  ( -0.7071067811865474600, 0.0000000000000000000, 0.7071067811865474600 ) ) ;
#2194 = PRESENTATION_LAYER_ASSIGNMENT (  '', '', ( #1622 ) ) ;
#2195 = ORIENTED_EDGE ( 'NONE', *, *, #2983, .F. ) ;
#2196 = EDGE_CURVE ( 'NONE', #4877, #4723, #1757, .T. ) ;
#2197 = CARTESIAN_POINT ( 'NONE',  ( -0.3199999999999981700, 1.700000000000000200, 7.400000000000000400 ) ) ;
#2198 = PRESENTATION_LAYER_ASSIGNMENT (  '', '', ( #1624 ) ) ;
#2199 = EDGE_LOOP ( 'NONE', ( #3774, #1245, #4028, #2126, #1204, #2012, #2657, #502 ) ) ;
#2200 = DIRECTION ( 'NONE',  ( 0.0000000000000000000, 1.000000000000000000, 0.0000000000000000000 ) ) ;
#2201 = DIRECTION ( 'NONE',  ( 0.0000000000000000000, 1.000000000000000000, 0.0000000000000000000 ) ) ;
#2202 = ORIENTED_EDGE ( 'NONE', *, *, #1286, .F. ) ;
#2203 = VECTOR ( 'NONE', #1579, 1000.000000000000000 ) ;
#2204 = VERTEX_POINT ( 'NONE', #4396 ) ;
#2205 =( GEOMETRIC_REPRESENTATION_CONTEXT ( 3 ) GLOBAL_UNCERTAINTY_ASSIGNED_CONTEXT ( ( #2019 ) ) GLOBAL_UNIT_ASSIGNED_CONTEXT ( ( #3171, #602, #3582 ) ) REPRESENTATION_CONTEXT ( 'NONE', 'WORKASPACE' ) );
#2206 = DIRECTION ( 'NONE',  ( -0.7071067811865474600, 0.0000000000000000000, -0.7071067811865474600 ) ) ;
#2207 = ORIENTED_EDGE ( 'NONE', *, *, #1546, .F. ) ;
#2208 = VERTEX_POINT ( 'NONE', #5283 ) ;
#2210 = DIRECTION ( 'NONE',  ( -0.7071067811865474600, 0.0000000000000000000, 0.7071067811865474600 ) ) ;
#2209 = DIRECTION ( 'NONE',  ( 0.7071067811865475700, -0.0000000000000000000, 0.7071067811865475700 ) ) ;
#2211 = ORIENTED_EDGE ( 'NONE', *, *, #4554, .T. ) ;
#2212 = SURFACE_STYLE_FILL_AREA ( #2772 ) ;
#2213 = SURFACE_STYLE_USAGE ( .BOTH. , #4691 ) ;
#2214 =( GEOMETRIC_REPRESENTATION_CONTEXT ( 3 ) GLOBAL_UNCERTAINTY_ASSIGNED_CONTEXT ( ( #5227 ) ) GLOBAL_UNIT_ASSIGNED_CONTEXT ( ( #2015, #4930, #2448 ) ) REPRESENTATION_CONTEXT ( 'NONE', 'WORKASPACE' ) );
#2215 = CARTESIAN_POINT ( 'NONE',  ( 1.269999999999998700, 1.700000000000000000, -0.8700000000000003300 ) ) ;
#2216 = EDGE_LOOP ( 'NONE', ( #4091, #2068, #436, #3971, #2613, #25, #4668, #2729 ) ) ;
#2217 = ORIENTED_EDGE ( 'NONE', *, *, #413, .F. ) ;
#2218 = LINE ( 'NONE', #3163, #3078 ) ;
#2219 = FACE_OUTER_BOUND ( 'NONE', #1830, .T. ) ;
#2220 = FILL_AREA_STYLE_COLOUR ( '', #3989 ) ;
#2221 = CARTESIAN_POINT ( 'NONE',  ( -0.3199999999999999500, -3.000000000000000000, 0.2199999999999999700 ) ) ;
#2222 = EDGE_CURVE ( 'NONE', #2480, #2342, #4962, .T. ) ;
#2223 = CARTESIAN_POINT ( 'NONE',  ( 0.2200000000000025000, 0.2999999999999999300, 9.839999999999999900 ) ) ;
#2224 = EDGE_CURVE ( 'NONE', #1109, #5392, #1625, .T. ) ;
#2225 =( GEOMETRIC_REPRESENTATION_CONTEXT ( 3 ) GLOBAL_UNCERTAINTY_ASSIGNED_CONTEXT ( ( #1101 ) ) GLOBAL_UNIT_ASSIGNED_CONTEXT ( ( #3147, #580, #3554 ) ) REPRESENTATION_CONTEXT ( 'NONE', 'WORKASPACE' ) );
#2226 = DIRECTION ( 'NONE',  ( -0.7071067811865474600, 0.0000000000000000000, -0.7071067811865474600 ) ) ;
#2227 = EDGE_CURVE ( 'NONE', #2204, #298, #3865, .T. ) ;
#2228 = FILL_AREA_STYLE_COLOUR ( '', #2286 ) ;
#2230 = SURFACE_STYLE_USAGE ( .BOTH. , #4704 ) ;
#2229 = SURFACE_STYLE_USAGE ( .BOTH. , #4703 ) ;
#2231 = LINE ( 'NONE', #1710, #4297 ) ;
#2232 = LINE ( 'NONE', #684, #4298 ) ;
#2233 =( GEOMETRIC_REPRESENTATION_CONTEXT ( 3 ) GLOBAL_UNCERTAINTY_ASSIGNED_CONTEXT ( ( #3392 ) ) GLOBAL_UNIT_ASSIGNED_CONTEXT ( ( #555, #3532, #993 ) ) REPRESENTATION_CONTEXT ( 'NONE', 'WORKASPACE' ) );
#2234 = PRESENTATION_STYLE_ASSIGNMENT (( #3606 ) ) ;
#2235 = CARTESIAN_POINT ( 'NONE',  ( -0.3199999999999993400, -3.000000000000000000, 2.760000000000000200 ) ) ;
#2236 =( LENGTH_UNIT ( ) NAMED_UNIT ( * ) SI_UNIT ( .MILLI., .METRE. ) );
#2237 = CARTESIAN_POINT ( 'NONE',  ( -0.3199999999999981700, -3.000000000000000000, 7.400000000000000400 ) ) ;
#2238 = EDGE_LOOP ( 'NONE', ( #1525, #3568, #3506, #313 ) ) ;
#2239 = COLOUR_RGB ( '',1.000000000000000000, 1.000000000000000000, 1.000000000000000000 ) ;
#2240 = STYLED_ITEM ( 'NONE', ( #411 ), #5198 ) ;
#2241 = LINE ( 'NONE', #4271, #2107 ) ;
#2242 = PLANE ( 'NONE',  #5485 ) ;
#2243 = COLOUR_RGB ( '',1.000000000000000000, 1.000000000000000000, 1.000000000000000000 ) ;
#2244 = UNCERTAINTY_MEASURE_WITH_UNIT (LENGTH_MEASURE( 1.000000000000000100E-005 ), #511, 'distance_accuracy_value', 'NONE');
#2245 = DIRECTION ( 'NONE',  ( 0.7071067811865475700, -0.0000000000000000000, 0.7071067811865475700 ) ) ;
#2246 = CARTESIAN_POINT ( 'NONE',  ( -0.2199999999999974500, -3.000000000000000000, 10.48000000000000000 ) ) ;
#2247 = FILL_AREA_STYLE_COLOUR ( '', #4070 ) ;
#2248 =( NAMED_UNIT ( * ) SI_UNIT ( $, .STERADIAN. ) SOLID_ANGLE_UNIT ( ) );
#2249 = LINE ( 'NONE', #2319, #5433 ) ;
#2250 = CARTESIAN_POINT ( 'NONE',  ( 1.270000000000000500, 1.700000000000000000, 5.949999999999999300 ) ) ;
#2251 = DIRECTION ( 'NONE',  ( -0.0000000000000000000, -1.000000000000000000, -0.0000000000000000000 ) ) ;
#2252 =( NAMED_UNIT ( * ) SI_UNIT ( $, .STERADIAN. ) SOLID_ANGLE_UNIT ( ) );
#2253 = UNCERTAINTY_MEASURE_WITH_UNIT (LENGTH_MEASURE( 1.000000000000000100E-005 ), #2156, 'distance_accuracy_value', 'NONE');
#2254 = VECTOR ( 'NONE', #1772, 1000.000000000000100 ) ;
#2255 = CARTESIAN_POINT ( 'NONE',  ( 0.2200000000000013100, -3.000000000000000000, 5.400000000000000400 ) ) ;
#2256 = ORIENTED_EDGE ( 'NONE', *, *, #2109, .T. ) ;
#2257 = ORIENTED_EDGE ( 'NONE', *, *, #2224, .T. ) ;
#2258 =( NAMED_UNIT ( * ) PLANE_ANGLE_UNIT ( ) SI_UNIT ( $, .RADIAN. ) );
#2260 = CARTESIAN_POINT ( 'NONE',  ( -0.3199999999999980600, -3.000000000000000000, 7.839999999999999900 ) ) ;
#2259 =( NAMED_UNIT ( * ) SI_UNIT ( $, .STERADIAN. ) SOLID_ANGLE_UNIT ( ) );
#2261 = SURFACE_SIDE_STYLE ('',( #826 ) ) ;
#2262 =( LENGTH_UNIT ( ) NAMED_UNIT ( * ) SI_UNIT ( .MILLI., .METRE. ) );
#2263 = ORIENTED_EDGE ( 'NONE', *, *, #2701, .T. ) ;
#2264 = CARTESIAN_POINT ( 'NONE',  ( -0.2199999999999994700, 8.339999999999999900, 2.220000000000000200 ) ) ;
#2265 = VERTEX_POINT ( 'NONE', #4000 ) ;
#2266 =( LENGTH_UNIT ( ) NAMED_UNIT ( * ) SI_UNIT ( .MILLI., .METRE. ) );
#2267 = MECHANICAL_DESIGN_GEOMETRIC_PRESENTATION_REPRESENTATION (  '', ( #1399 ), #2559 ) ;
#2268 = FACE_OUTER_BOUND ( 'NONE', #5189, .T. ) ;
#2269 = DIRECTION ( 'NONE',  ( 0.0000000000000000000, -0.0000000000000000000, -1.000000000000000000 ) ) ;
#2270 = FILL_AREA_STYLE_COLOUR ( '', #3538 ) ;
#2271 = ORIENTED_EDGE ( 'NONE', *, *, #296, .T. ) ;
#2272 = ORIENTED_EDGE ( 'NONE', *, *, #2122, .T. ) ;
#2273 = LINE ( 'NONE', #891, #2997 ) ;
#2274 = ORIENTED_EDGE ( 'NONE', *, *, #4725, .T. ) ;
#2275 = PLANE ( 'NONE',  #1745 ) ;
#2276 = LINE ( 'NONE', #2734, #2146 ) ;
#2277 = ORIENTED_EDGE ( 'NONE', *, *, #572, .F. ) ;
#2278 = ORIENTED_EDGE ( 'NONE', *, *, #4628, .T. ) ;
#2279 = ORIENTED_EDGE ( 'NONE', *, *, #2981, .T. ) ;
#2280 = VECTOR ( 'NONE', #1307, 1000.000000000000000 ) ;
#2281 = CARTESIAN_POINT ( 'NONE',  ( 1.269999999999998700, 1.700000000000000000, -0.8700000000000003300 ) ) ;
#2283 = PLANE ( 'NONE',  #3215 ) ;
#2282 =( NAMED_UNIT ( * ) SI_UNIT ( $, .STERADIAN. ) SOLID_ANGLE_UNIT ( ) );
#2284 = FILL_AREA_STYLE_COLOUR ( '', #2575 ) ;
#2285 = ORIENTED_EDGE ( 'NONE', *, *, #1821, .F. ) ;
#2286 = COLOUR_RGB ( '',0.0000000000000000000, 0.03529411764705882300, 0.05882352941176470500 ) ;
#2287 = AXIS2_PLACEMENT_3D ( 'NONE', #5109, #2645, #49 ) ;
#2288 = DIRECTION ( 'NONE',  ( -0.7071067811865475700, 0.0000000000000000000, -0.7071067811865475700 ) ) ;
#2289 = LINE ( 'NONE', #4169, #4495 ) ;
#2290 = EDGE_CURVE ( 'NONE', #1299, #933, #4827, .T. ) ;
#2291 = MECHANICAL_DESIGN_GEOMETRIC_PRESENTATION_REPRESENTATION (  '', ( #1417 ), #2573 ) ;
#2292 = DIRECTION ( 'NONE',  ( -1.232047923278982200E-016, 0.0000000000000000000, -1.000000000000000000 ) ) ;
#2293 = CARTESIAN_POINT ( 'NONE',  ( 0.2200000000000006700, -3.000000000000000000, 2.860000000000000300 ) ) ;
#2294 = FACE_OUTER_BOUND ( 'NONE', #1931, .T. ) ;
#2295 = CARTESIAN_POINT ( 'NONE',  ( 0.2200000000000018900, -3.000000000000000000, 7.299999999999999800 ) ) ;
#2296 = VECTOR ( 'NONE', #247, 1000.000000000000000 ) ;
#2297 = AXIS2_PLACEMENT_3D ( 'NONE', #3557, #1027, #3984 ) ;
#2298 = FACE_OUTER_BOUND ( 'NONE', #641, .T. ) ;
#2299 = AXIS2_PLACEMENT_3D ( 'NONE', #3598, #3236, #3218 ) ;
#2300 = VERTEX_POINT ( 'NONE', #618 ) ;
#2301 = PRESENTATION_LAYER_ASSIGNMENT (  '', '', ( #1723 ) ) ;
#2302 = CARTESIAN_POINT ( 'NONE',  ( 1.270000000000001100, 0.0000000000000000000, 8.489999999999998400 ) ) ;
#2303 = CARTESIAN_POINT ( 'NONE',  ( -1.269999999999998500, 1.700000000000000000, 6.750000000000000000 ) ) ;
#2304 = EDGE_CURVE ( 'NONE', #2489, #4082, #2631, .T. ) ;
#2305 = PRESENTATION_STYLE_ASSIGNMENT (( #2906 ) ) ;
#2306 = AXIS2_PLACEMENT_3D ( 'NONE', #1102, #4053, #1535 ) ;
#2307 = DIRECTION ( 'NONE',  ( -1.000000000000000000, 0.0000000000000000000, -0.0000000000000000000 ) ) ;
#2308 = ORIENTED_EDGE ( 'NONE', *, *, #1777, .F. ) ;
#2309 = SURFACE_SIDE_STYLE ('',( #5228 ) ) ;
#2310 = VECTOR ( 'NONE', #2100, 1000.000000000000000 ) ;
#2311 =( NAMED_UNIT ( * ) SI_UNIT ( $, .STERADIAN. ) SOLID_ANGLE_UNIT ( ) );
#2312 = SURFACE_STYLE_USAGE ( .BOTH. , #4790 ) ;
#2313 = COLOUR_RGB ( '',0.0000000000000000000, 0.03529411764705882300, 0.05882352941176470500 ) ;
#2314 = UNCERTAINTY_MEASURE_WITH_UNIT (LENGTH_MEASURE( 1.000000000000000100E-005 ), #790, 'distance_accuracy_value', 'NONE');
#2315 = CARTESIAN_POINT ( 'NONE',  ( 0.3200000000000012800, 0.2999999999999999300, 5.299999999999999800 ) ) ;
#2316 = MECHANICAL_DESIGN_GEOMETRIC_PRESENTATION_REPRESENTATION (  '', ( #1445 ), #2605 ) ;
#2317 = CARTESIAN_POINT ( 'NONE',  ( 1.269999999999999800, 1.700000000000000000, 3.409999999999999700 ) ) ;
#2318 = FILL_AREA_STYLE ('',( #3555 ) ) ;
#2319 = CARTESIAN_POINT ( 'NONE',  ( -0.3199999999999993400, -3.000000000000000000, 2.760000000000000200 ) ) ;
#2320 = SURFACE_STYLE_FILL_AREA ( #629 ) ;
#2321 = LINE ( 'NONE', #2246, #14 ) ;
#2322 = DIRECTION ( 'NONE',  ( 2.464095846557964400E-016, 0.0000000000000000000, 1.000000000000000000 ) ) ;
#2323 = EDGE_CURVE ( 'NONE', #1585, #1396, #332, .T. ) ;
#2324 = DIRECTION ( 'NONE',  ( -0.0000000000000000000, -1.000000000000000000, -0.0000000000000000000 ) ) ;
#2325 = DIRECTION ( 'NONE',  ( 2.492418787322999200E-016, 0.0000000000000000000, 1.000000000000000000 ) ) ;
#2326 = DIRECTION ( 'NONE',  ( -0.0000000000000000000, -1.000000000000000000, -0.0000000000000000000 ) ) ;
#2327 = ORIENTED_EDGE ( 'NONE', *, *, #1153, .F. ) ;
#2328 = EDGE_CURVE ( 'NONE', #2598, #1636, #3600, .T. ) ;
#2329 = MECHANICAL_DESIGN_GEOMETRIC_PRESENTATION_REPRESENTATION (  '', ( #1461 ), #2622 ) ;
#2330 = CARTESIAN_POINT ( 'NONE',  ( -0.2199999999999993600, 8.339999999999999900, 2.860000000000000300 ) ) ;
#2331 = ORIENTED_EDGE ( 'NONE', *, *, #111, .T. ) ;
#2332 = ORIENTED_EDGE ( 'NONE', *, *, #2797, .T. ) ;
#2333 = PRESENTATION_STYLE_ASSIGNMENT (( #2230 ) ) ;
#2334 = MECHANICAL_DESIGN_GEOMETRIC_PRESENTATION_REPRESENTATION (  '', ( #1468 ), #2626 ) ;
#2335 = EDGE_LOOP ( 'NONE', ( #5058, #2274, #2927, #2888, #3974, #4278, #4030, #1743, #2217, #4784, #3955, #2141, #3849, #4287, #4470, #3832, #4215, #2083 ) ) ;
#2336 = VERTEX_POINT ( 'NONE', #4035 ) ;
#2337 =( NAMED_UNIT ( * ) PLANE_ANGLE_UNIT ( ) SI_UNIT ( $, .RADIAN. ) );
#2338 = FILL_AREA_STYLE_COLOUR ( '', #4380 ) ;
#2339 = ORIENTED_EDGE ( 'NONE', *, *, #4198, .F. ) ;
#2340 = LINE ( 'NONE', #4677, #3451 ) ;
#2341 = LINE ( 'NONE', #264, #4547 ) ;
#2342 = VERTEX_POINT ( 'NONE', #209 ) ;
#2343 = VERTEX_POINT ( 'NONE', #1087 ) ;
#2344 = ORIENTED_EDGE ( 'NONE', *, *, #614, .T. ) ;
#2345 = DIRECTION ( 'NONE',  ( -1.000000000000000000, 0.0000000000000000000, 2.464095846557964400E-016 ) ) ;
#2346 = UNCERTAINTY_MEASURE_WITH_UNIT (LENGTH_MEASURE( 1.000000000000000100E-005 ), #357, 'distance_accuracy_value', 'NONE');
#2347 = SURFACE_STYLE_USAGE ( .BOTH. , #4833 ) ;
#2348 = CARTESIAN_POINT ( 'NONE',  ( -0.8700000000000005500, 1.700000000000000000, -1.270000000000000200 ) ) ;
#2349 = ORIENTED_EDGE ( 'NONE', *, *, #4176, .T. ) ;
#2350 = VERTEX_POINT ( 'NONE', #3621 ) ;
#2351 = DIRECTION ( 'NONE',  ( 0.7071067811865474600, 0.0000000000000000000, -0.7071067811865474600 ) ) ;
#2352 = LINE ( 'NONE', #3524, #1206 ) ;
#2353 = CARTESIAN_POINT ( 'NONE',  ( -0.8699999999999981100, 1.700000000000000000, 8.890000000000000600 ) ) ;
#2354 = CARTESIAN_POINT ( 'NONE',  ( 0.2200000000000019400, 1.700000000000000000, 7.939999999999999500 ) ) ;
#2355 = VECTOR ( 'NONE', #2251, 1000.000000000000000 ) ;
#2356 = PLANE ( 'NONE',  #3975 ) ;
#2357 = SURFACE_STYLE_FILL_AREA ( #4438 ) ;
#2358 =( NAMED_UNIT ( * ) SI_UNIT ( $, .STERADIAN. ) SOLID_ANGLE_UNIT ( ) );
#2359 = CARTESIAN_POINT ( 'NONE',  ( -0.3199999999999981700, -3.000000000000000000, 7.400000000000000400 ) ) ;
#2360 = LINE ( 'NONE', #5035, #4569 ) ;
#2361 = STYLED_ITEM ( 'NONE', ( #27 ), #1229 ) ;
#2362 = ADVANCED_FACE ( 'NONE', ( #196 ), #1513, .T. ) ;
#2363 = CARTESIAN_POINT ( 'NONE',  ( -0.3199999999999988400, -3.000000000000000000, 4.860000000000000300 ) ) ;
#2364 = DIRECTION ( 'NONE',  ( -0.7071067811865474600, -0.0000000000000000000, -0.7071067811865474600 ) ) ;
#2365 = DIRECTION ( 'NONE',  ( 0.7071067811865474600, 0.0000000000000000000, -0.7071067811865474600 ) ) ;
#2366 = SURFACE_STYLE_FILL_AREA ( #4490 ) ;
#2367 =( NAMED_UNIT ( * ) SI_UNIT ( $, .STERADIAN. ) SOLID_ANGLE_UNIT ( ) );
#2368 = EDGE_LOOP ( 'NONE', ( #2796, #3650, #2508, #3519 ) ) ;
#2369 = ORIENTED_EDGE ( 'NONE', *, *, #3282, .F. ) ;
#2370 = DIRECTION ( 'NONE',  ( -1.000000000000000000, 0.0000000000000000000, -0.0000000000000000000 ) ) ;
#2371 = PRESENTATION_LAYER_ASSIGNMENT (  '', '', ( #1787 ) ) ;
#2372 =( GEOMETRIC_REPRESENTATION_CONTEXT ( 3 ) GLOBAL_UNCERTAINTY_ASSIGNED_CONTEXT ( ( #2244 ) ) GLOBAL_UNIT_ASSIGNED_CONTEXT ( ( #511, #3489, #948 ) ) REPRESENTATION_CONTEXT ( 'NONE', 'WORKASPACE' ) );
#2373 = FILL_AREA_STYLE_COLOUR ( '', #4615 ) ;
#2374 = DIRECTION ( 'NONE',  ( -0.7071067811865475700, 0.0000000000000000000, 0.7071067811865475700 ) ) ;
#2375 = FILL_AREA_STYLE_COLOUR ( '', #412 ) ;
#2376 =( GEOMETRIC_REPRESENTATION_CONTEXT ( 3 ) GLOBAL_UNCERTAINTY_ASSIGNED_CONTEXT ( ( #1589 ) ) GLOBAL_UNIT_ASSIGNED_CONTEXT ( ( #945, #3910, #1371 ) ) REPRESENTATION_CONTEXT ( 'NONE', 'WORKASPACE' ) );
#2377 = DIRECTION ( 'NONE',  ( -0.0000000000000000000, -1.000000000000000000, -0.0000000000000000000 ) ) ;
#2378 = CARTESIAN_POINT ( 'NONE',  ( -0.3199999999999988400, 8.339999999999999900, 4.860000000000000300 ) ) ;
#2379 = CARTESIAN_POINT ( 'NONE',  ( 0.2200000000000012500, 8.339999999999999900, 4.760000000000000700 ) ) ;
#2380 = SURFACE_SIDE_STYLE ('',( #2357 ) ) ;
#2381 =( NAMED_UNIT ( * ) PLANE_ANGLE_UNIT ( ) SI_UNIT ( $, .RADIAN. ) );
#2382 = VECTOR ( 'NONE', #2415, 1000.000000000000000 ) ;
#2383 = FACE_OUTER_BOUND ( 'NONE', #1519, .T. ) ;
#2384 = DIRECTION ( 'NONE',  ( -0.0000000000000000000, -1.000000000000000000, -0.0000000000000000000 ) ) ;
#2385 = ADVANCED_FACE ( 'NONE', ( #3091 ), #4885, .T. ) ;
#2386 = ORIENTED_EDGE ( 'NONE', *, *, #3866, .F. ) ;
#2387 = CARTESIAN_POINT ( 'NONE',  ( -1.269999999999997600, 0.0000000000000000000, 11.02999999999999900 ) ) ;
#2388 = STYLED_ITEM ( 'NONE', ( #4738 ), #3383 ) ;
#2389 =( NAMED_UNIT ( * ) PLANE_ANGLE_UNIT ( ) SI_UNIT ( $, .RADIAN. ) );
#2390 = EDGE_CURVE ( 'NONE', #1375, #4900, #1557, .T. ) ;
#2391 = SURFACE_SIDE_STYLE ('',( #5088 ) ) ;
#2392 = SURFACE_STYLE_USAGE ( .BOTH. , #4881 ) ;
#2393 = FILL_AREA_STYLE_COLOUR ( '', #2313 ) ;
#2394 = ORIENTED_EDGE ( 'NONE', *, *, #1207, .F. ) ;
#2395 = SURFACE_SIDE_STYLE ('',( #3668 ) ) ;
#2396 = COLOUR_RGB ( '',1.000000000000000000, 1.000000000000000000, 1.000000000000000000 ) ;
#2397 = CARTESIAN_POINT ( 'NONE',  ( 0.3200000000000012300, -3.000000000000000000, 4.860000000000000300 ) ) ;
#2398 = COLOUR_RGB ( '',1.000000000000000000, 1.000000000000000000, 1.000000000000000000 ) ;
#2399 = DIRECTION ( 'NONE',  ( 0.7071067811865474600, 0.0000000000000000000, -0.7071067811865474600 ) ) ;
#2400 = CARTESIAN_POINT ( 'NONE',  ( 0.3200000000000006200, -3.000000000000000000, 2.319999999999999800 ) ) ;
#2401 = ORIENTED_EDGE ( 'NONE', *, *, #5102, .T. ) ;
#2402 = STYLED_ITEM ( 'NONE', ( #4314 ), #4420 ) ;
#2403 = FACE_OUTER_BOUND ( 'NONE', #3586, .T. ) ;
#2404 = FILL_AREA_STYLE ('',( #1090 ) ) ;
#2405 = VECTOR ( 'NONE', #1705, 1000.000000000000000 ) ;
#2406 = EDGE_CURVE ( 'NONE', #1444, #4162, #2693, .T. ) ;
#2407 = STYLED_ITEM ( 'NONE', ( #4986 ), #2 ) ;
#2408 = ORIENTED_EDGE ( 'NONE', *, *, #980, .F. ) ;
#2409 = CARTESIAN_POINT ( 'NONE',  ( -0.2199999999999975600, -3.000000000000000000, 9.839999999999999900 ) ) ;
#2410 = ORIENTED_EDGE ( 'NONE', *, *, #2124, .T. ) ;
#2411 = ORIENTED_EDGE ( 'NONE', *, *, #2908, .T. ) ;
#2412 = EDGE_CURVE ( 'NONE', #2483, #2265, #4755, .T. ) ;
#2413 = STYLED_ITEM ( 'NONE', ( #4760 ), #2136 ) ;
#2414 = DIRECTION ( 'NONE',  ( 0.0000000000000000000, -1.000000000000000000, 0.0000000000000000000 ) ) ;
#2415 = DIRECTION ( 'NONE',  ( 1.000000000000000000, 0.0000000000000000000, 0.0000000000000000000 ) ) ;
#2416 = VERTEX_POINT ( 'NONE', #3266 ) ;
#2417 = ORIENTED_EDGE ( 'NONE', *, *, #4804, .T. ) ;
#2418 = FILL_AREA_STYLE ('',( #2469 ) ) ;
#2419 = CARTESIAN_POINT ( 'NONE',  ( 4.339999999999999900, 0.2999999999999999900, 3.819999999999999400 ) ) ;
#2420 = UNCERTAINTY_MEASURE_WITH_UNIT (LENGTH_MEASURE( 1.000000000000000100E-005 ), #5202, 'distance_accuracy_value', 'NONE');
#2421 = VECTOR ( 'NONE', #5323, 1000.000000000000000 ) ;
#2422 = CARTESIAN_POINT ( 'NONE',  ( 1.270000000000001400, 1.700000000000000000, 9.289999999999999100 ) ) ;
#2423 = FILL_AREA_STYLE_COLOUR ( '', #1196 ) ;
#2424 = DIRECTION ( 'NONE',  ( -2.492418787322999200E-016, -0.0000000000000000000, -1.000000000000000000 ) ) ;
#2425 = VECTOR ( 'NONE', #3424, 1000.000000000000000 ) ;
#2426 =( GEOMETRIC_REPRESENTATION_CONTEXT ( 3 ) GLOBAL_UNCERTAINTY_ASSIGNED_CONTEXT ( ( #3402 ) ) GLOBAL_UNIT_ASSIGNED_CONTEXT ( ( #3414, #864, #3829 ) ) REPRESENTATION_CONTEXT ( 'NONE', 'WORKASPACE' ) );
#2427 = ADVANCED_FACE ( 'NONE', ( #2560 ), #1580, .F. ) ;
#2428 =( NAMED_UNIT ( * ) PLANE_ANGLE_UNIT ( ) SI_UNIT ( $, .RADIAN. ) );
#2429 =( NAMED_UNIT ( * ) PLANE_ANGLE_UNIT ( ) SI_UNIT ( $, .RADIAN. ) );
#2430 = EDGE_CURVE ( 'NONE', #2950, #3562, #4234, .T. ) ;
#2431 = UNCERTAINTY_MEASURE_WITH_UNIT (LENGTH_MEASURE( 1.000000000000000100E-005 ), #5083, 'distance_accuracy_value', 'NONE');
#2432 =( LENGTH_UNIT ( ) NAMED_UNIT ( * ) SI_UNIT ( .MILLI., .METRE. ) );
#2433 = PRESENTATION_LAYER_ASSIGNMENT (  '', '', ( #1841 ) ) ;
#2434 =( NAMED_UNIT ( * ) PLANE_ANGLE_UNIT ( ) SI_UNIT ( $, .RADIAN. ) );
#2435 = PLANE ( 'NONE',  #5368 ) ;
#2436 =( NAMED_UNIT ( * ) SI_UNIT ( $, .STERADIAN. ) SOLID_ANGLE_UNIT ( ) );
#2437 = EDGE_CURVE ( 'NONE', #5131, #4506, #5345, .T. ) ;
#2438 = VERTEX_POINT ( 'NONE', #4945 ) ;
#2439 =( LENGTH_UNIT ( ) NAMED_UNIT ( * ) SI_UNIT ( .MILLI., .METRE. ) );
#2440 = EDGE_CURVE ( 'NONE', #298, #1717, #5203, .T. ) ;
#2441 = CARTESIAN_POINT ( 'NONE',  ( -0.3199999999999987300, -3.000000000000000000, 5.299999999999999800 ) ) ;
#2442 = FACE_OUTER_BOUND ( 'NONE', #636, .T. ) ;
#2443 = PRESENTATION_LAYER_ASSIGNMENT (  '', '', ( #1853 ) ) ;
#2444 = FILL_AREA_STYLE_COLOUR ( '', #918 ) ;
#2445 =( LENGTH_UNIT ( ) NAMED_UNIT ( * ) SI_UNIT ( .MILLI., .METRE. ) );
#2446 = ORIENTED_EDGE ( 'NONE', *, *, #4832, .T. ) ;
#2447 = LINE ( 'NONE', #4984, #2310 ) ;
#2448 =( NAMED_UNIT ( * ) SI_UNIT ( $, .STERADIAN. ) SOLID_ANGLE_UNIT ( ) );
#2449 = PRESENTATION_STYLE_ASSIGNMENT (( #2545 ) ) ;
#2450 = VERTEX_POINT ( 'NONE', #305 ) ;
#2451 = ADVANCED_FACE ( 'NONE', ( #2162 ), #1179, .T. ) ;
#2452 = DIRECTION ( 'NONE',  ( 1.000000000000000000, 0.0000000000000000000, -0.0000000000000000000 ) ) ;
#2453 = DIRECTION ( 'NONE',  ( -0.7071067811865474600, -0.0000000000000000000, -0.7071067811865474600 ) ) ;
#2454 =( GEOMETRIC_REPRESENTATION_CONTEXT ( 3 ) GLOBAL_UNCERTAINTY_ASSIGNED_CONTEXT ( ( #2253 ) ) GLOBAL_UNIT_ASSIGNED_CONTEXT ( ( #2156, #5055, #2576 ) ) REPRESENTATION_CONTEXT ( 'NONE', 'WORKASPACE' ) );
#2455 =( NAMED_UNIT ( * ) SI_UNIT ( $, .STERADIAN. ) SOLID_ANGLE_UNIT ( ) );
#2456 = DIRECTION ( 'NONE',  ( 0.0000000000000000000, 1.000000000000000000, 0.0000000000000000000 ) ) ;
#2457 = COLOUR_RGB ( '',1.000000000000000000, 1.000000000000000000, 1.000000000000000000 ) ;
#2458 = CARTESIAN_POINT ( 'NONE',  ( 0.8699999999999987700, 0.0000000000000000000, -1.270000000000000200 ) ) ;
#2459 = CARTESIAN_POINT ( 'NONE',  ( -0.2199999999999980900, 0.2999999999999999300, 7.939999999999999500 ) ) ;
#2460 = DIRECTION ( 'NONE',  ( 0.0000000000000000000, 1.000000000000000000, 0.0000000000000000000 ) ) ;
#2461 = VERTEX_POINT ( 'NONE', #5376 ) ;
#2462 = VERTEX_POINT ( 'NONE', #3740 ) ;
#2463 = CARTESIAN_POINT ( 'NONE',  ( 0.2200000000000025500, 1.700000000000000000, 10.48000000000000000 ) ) ;
#2464 = VECTOR ( 'NONE', #2102, 1000.000000000000000 ) ;
#2465 = MECHANICAL_DESIGN_GEOMETRIC_PRESENTATION_REPRESENTATION (  '', ( #1604 ), #2757 ) ;
#2466 = ORIENTED_EDGE ( 'NONE', *, *, #887, .T. ) ;
#2467 = EDGE_CURVE ( 'NONE', #3938, #3676, #4821, .T. ) ;
#2468 = ORIENTED_EDGE ( 'NONE', *, *, #1076, .T. ) ;
#2469 = FILL_AREA_STYLE_COLOUR ( '', #2912 ) ;
#2470 = DIRECTION ( 'NONE',  ( 0.0000000000000000000, 0.0000000000000000000, 1.000000000000000000 ) ) ;
#2471 = VECTOR ( 'NONE', #2210, 1000.000000000000100 ) ;
#2472 = CARTESIAN_POINT ( 'NONE',  ( 0.2200000000000012500, -3.000000000000000000, 4.760000000000000700 ) ) ;
#2473 = VERTEX_POINT ( 'NONE', #1635 ) ;
#2474 =( NAMED_UNIT ( * ) PLANE_ANGLE_UNIT ( ) SI_UNIT ( $, .RADIAN. ) );
#2475 = ORIENTED_EDGE ( 'NONE', *, *, #4718, .T. ) ;
#2476 = ORIENTED_EDGE ( 'NONE', *, *, #4940, .T. ) ;
#2477 = ADVANCED_FACE ( 'NONE', ( #328 ), #1195, .T. ) ;
#2478 = DIRECTION ( 'NONE',  ( -0.0000000000000000000, -1.000000000000000000, -0.0000000000000000000 ) ) ;
#2479 = LINE ( 'NONE', #3862, #1462 ) ;
#2480 = VERTEX_POINT ( 'NONE', #2502 ) ;
#2481 = ORIENTED_EDGE ( 'NONE', *, *, #2304, .F. ) ;
#2482 = MECHANICAL_DESIGN_GEOMETRIC_PRESENTATION_REPRESENTATION (  '', ( #1619 ), #2767 ) ;
#2483 = VERTEX_POINT ( 'NONE', #2515 ) ;
#2484 = VECTOR ( 'NONE', #725, 1000.000000000000000 ) ;
#2485 = AXIS2_PLACEMENT_3D ( 'NONE', #5279, #2814, #218 ) ;
#2486 = MECHANICAL_DESIGN_GEOMETRIC_PRESENTATION_REPRESENTATION (  '', ( #1622 ), #2771 ) ;
#2487 = FACE_OUTER_BOUND ( 'NONE', #1792, .T. ) ;
#2488 = EDGE_LOOP ( 'NONE', ( #4157, #3261, #3015, #3516 ) ) ;
#2489 = VERTEX_POINT ( 'NONE', #5415 ) ;
#2490 = EDGE_CURVE ( 'NONE', #1939, #2570, #1078, .T. ) ;
#2491 = MECHANICAL_DESIGN_GEOMETRIC_PRESENTATION_REPRESENTATION (  '', ( #1624 ), #2776 ) ;
#2492 = LINE ( 'NONE', #1429, #181 ) ;
#2493 = UNCERTAINTY_MEASURE_WITH_UNIT (LENGTH_MEASURE( 1.000000000000000100E-005 ), #2065, 'distance_accuracy_value', 'NONE');
#2494 = FACE_OUTER_BOUND ( 'NONE', #2674, .T. ) ;
#2495 = CARTESIAN_POINT ( 'NONE',  ( 0.2200000000000025000, -3.000000000000000000, 9.839999999999999900 ) ) ;
#2496 = CARTESIAN_POINT ( 'NONE',  ( -1.269999999999998700, 1.700000000000000000, 5.950000000000000200 ) ) ;
#2497 =( NAMED_UNIT ( * ) SI_UNIT ( $, .STERADIAN. ) SOLID_ANGLE_UNIT ( ) );
#2498 = LINE ( 'NONE', #956, #192 ) ;
#2499 = VECTOR ( 'NONE', #4922, 1000.000000000000100 ) ;
#2500 = AXIS2_PLACEMENT_3D ( 'NONE', #142, #3156, #589 ) ;
#2501 = DIRECTION ( 'NONE',  ( 0.0000000000000000000, -0.0000000000000000000, -1.000000000000000000 ) ) ;
#2502 = CARTESIAN_POINT ( 'NONE',  ( -0.3199999999999988400, 1.700000000000000200, 4.860000000000000300 ) ) ;
#2503 = VECTOR ( 'NONE', #5236, 1000.000000000000000 ) ;
#2504 = LINE ( 'NONE', #1112, #3279 ) ;
#2505 = DIRECTION ( 'NONE',  ( 0.0000000000000000000, 1.000000000000000000, 0.0000000000000000000 ) ) ;
#2506 = ADVANCED_FACE ( 'NONE', ( #5411 ), #3765, .T. ) ;
#2507 = COLOUR_RGB ( '',1.000000000000000000, 1.000000000000000000, 1.000000000000000000 ) ;
#2508 = ORIENTED_EDGE ( 'NONE', *, *, #3040, .F. ) ;
#2509 = CARTESIAN_POINT ( 'NONE',  ( -0.2199999999999988100, 8.339999999999999900, 4.760000000000000700 ) ) ;
#2510 = EDGE_CURVE ( 'NONE', #2473, #4868, #3924, .T. ) ;
#2511 = CARTESIAN_POINT ( 'NONE',  ( 0.2200000000000000300, 8.339999999999999900, 0.3199999999999999500 ) ) ;
#2512 = EDGE_CURVE ( 'NONE', #5224, #1444, #5018, .T. ) ;
#2513 = SURFACE_STYLE_USAGE ( .BOTH. , #4988 ) ;
#2514 =( LENGTH_UNIT ( ) NAMED_UNIT ( * ) SI_UNIT ( .MILLI., .METRE. ) );
#2515 = CARTESIAN_POINT ( 'NONE',  ( -0.3199999999999999500, -3.000000000000000000, 0.2199999999999999700 ) ) ;
#2516 = VECTOR ( 'NONE', #2456, 1000.000000000000000 ) ;
#2517 = EDGE_CURVE ( 'NONE', #314, #2819, #2825, .T. ) ;
#2518 = FILL_AREA_STYLE ('',( #2090 ) ) ;
#2519 = UNCERTAINTY_MEASURE_WITH_UNIT (LENGTH_MEASURE( 1.000000000000000100E-005 ), #2514, 'distance_accuracy_value', 'NONE');
#2520 = VECTOR ( 'NONE', #4469, 1000.000000000000100 ) ;
#2521 = VECTOR ( 'NONE', #1430, 1000.000000000000000 ) ;
#2522 = DIRECTION ( 'NONE',  ( -0.7071067811865474600, 0.0000000000000000000, -0.7071067811865474600 ) ) ;
#2523 = AXIS2_PLACEMENT_3D ( 'NONE', #3274, #704, #3688 ) ;
#2524 = DIRECTION ( 'NONE',  ( 0.0000000000000000000, 1.000000000000000000, 0.0000000000000000000 ) ) ;
#2525 = ORIENTED_EDGE ( 'NONE', *, *, #4343, .T. ) ;
#2526 = PRESENTATION_STYLE_ASSIGNMENT (( #460 ) ) ;
#2527 = ADVANCED_FACE ( 'NONE', ( #1682 ), #2978, .T. ) ;
#2529 = CARTESIAN_POINT ( 'NONE',  ( -0.3199999999999993400, -3.000000000000000000, 2.760000000000000200 ) ) ;
#2528 = FILL_AREA_STYLE_COLOUR ( '', #4535 ) ;
#2530 = ORIENTED_EDGE ( 'NONE', *, *, #964, .F. ) ;
#2531 = DIRECTION ( 'NONE',  ( 0.0000000000000000000, -0.0000000000000000000, -1.000000000000000000 ) ) ;
#2532 = ORIENTED_EDGE ( 'NONE', *, *, #1526, .T. ) ;
#2533 = VERTEX_POINT ( 'NONE', #5123 ) ;
#2534 = LINE ( 'NONE', #104, #1382 ) ;
#2535 = EDGE_LOOP ( 'NONE', ( #4947, #1056, #1192, #16, #5066, #1127, #2014, #517 ) ) ;
#2536 = SURFACE_SIDE_STYLE ('',( #1626 ) ) ;
#2537 = ORIENTED_EDGE ( 'NONE', *, *, #667, .F. ) ;
#2538 = LINE ( 'NONE', #4309, #4731 ) ;
#2539 = ORIENTED_EDGE ( 'NONE', *, *, #1725, .F. ) ;
#2540 = ORIENTED_EDGE ( 'NONE', *, *, #4462, .T. ) ;
#2541 = ORIENTED_EDGE ( 'NONE', *, *, #4167, .F. ) ;
#2542 = DIRECTION ( 'NONE',  ( -2.492418787322999200E-016, -0.0000000000000000000, -1.000000000000000000 ) ) ;
#2543 =( NAMED_UNIT ( * ) SI_UNIT ( $, .STERADIAN. ) SOLID_ANGLE_UNIT ( ) );
#2544 = COLOUR_RGB ( '',0.0000000000000000000, 0.03529411764705882300, 0.05882352941176470500 ) ;
#2545 = SURFACE_STYLE_USAGE ( .BOTH. , #5024 ) ;
#2546 = DIRECTION ( 'NONE',  ( -0.7071067811865474600, 0.0000000000000000000, 0.7071067811865474600 ) ) ;
#2547 = VERTEX_POINT ( 'NONE', #4604 ) ;
#2548 = ORIENTED_EDGE ( 'NONE', *, *, #3577, .T. ) ;
#2550 =( NAMED_UNIT ( * ) PLANE_ANGLE_UNIT ( ) SI_UNIT ( $, .RADIAN. ) );
#2549 = CARTESIAN_POINT ( 'NONE',  ( 0.2200000000000012500, -3.000000000000000000, 4.760000000000000700 ) ) ;
#2551 = FACE_OUTER_BOUND ( 'NONE', #2011, .T. ) ;
#2552 =( LENGTH_UNIT ( ) NAMED_UNIT ( * ) SI_UNIT ( .MILLI., .METRE. ) );
#2553 = LINE ( 'NONE', #2996, #253 ) ;
#2554 = STYLED_ITEM ( 'NONE', ( #1499 ), #1658 ) ;
#2555 = FACE_OUTER_BOUND ( 'NONE', #3010, .T. ) ;
#2556 = DIRECTION ( 'NONE',  ( -0.7071067811865474600, 0.0000000000000000000, 0.7071067811865474600 ) ) ;
#2557 = PRESENTATION_STYLE_ASSIGNMENT (( #4365 ) ) ;
#2558 = ADVANCED_FACE ( 'NONE', ( #3405 ), #1804, .F. ) ;
#2559 =( GEOMETRIC_REPRESENTATION_CONTEXT ( 3 ) GLOBAL_UNCERTAINTY_ASSIGNED_CONTEXT ( ( #4113 ) ) GLOBAL_UNIT_ASSIGNED_CONTEXT ( ( #649, #3633, #1096 ) ) REPRESENTATION_CONTEXT ( 'NONE', 'WORKASPACE' ) );
#2560 = FACE_OUTER_BOUND ( 'NONE', #5154, .T. ) ;
#2561 = PRESENTATION_STYLE_ASSIGNMENT (( #5300 ) ) ;
#2562 = DIRECTION ( 'NONE',  ( -1.000000000000000000, 0.0000000000000000000, 2.492418787322999700E-016 ) ) ;
#2563 =( NAMED_UNIT ( * ) SI_UNIT ( $, .STERADIAN. ) SOLID_ANGLE_UNIT ( ) );
#2564 = PRESENTATION_STYLE_ASSIGNMENT (( #1506 ) ) ;
#2565 = ORIENTED_EDGE ( 'NONE', *, *, #2151, .T. ) ;
#2566 = LINE ( 'NONE', #1835, #4765 ) ;
#2567 =( NAMED_UNIT ( * ) SI_UNIT ( $, .STERADIAN. ) SOLID_ANGLE_UNIT ( ) );
#2568 = DIRECTION ( 'NONE',  ( 1.000000000000000000, -0.0000000000000000000, 0.0000000000000000000 ) ) ;
#2569 = PRESENTATION_LAYER_ASSIGNMENT (  '', '', ( #1996 ) ) ;
#2570 = VERTEX_POINT ( 'NONE', #63 ) ;
#2571 = LINE ( 'NONE', #2496, #1425 ) ;
#2572 = EDGE_CURVE ( 'NONE', #3647, #1965, #3023, .T. ) ;
#2573 =( GEOMETRIC_REPRESENTATION_CONTEXT ( 3 ) GLOBAL_UNCERTAINTY_ASSIGNED_CONTEXT ( ( #3056 ) ) GLOBAL_UNIT_ASSIGNED_CONTEXT ( ( #2552, #5446, #2980 ) ) REPRESENTATION_CONTEXT ( 'NONE', 'WORKASPACE' ) );
#2574 = LINE ( 'NONE', #3778, #281 ) ;
#2575 = COLOUR_RGB ( '',1.000000000000000000, 1.000000000000000000, 1.000000000000000000 ) ;
#2576 =( NAMED_UNIT ( * ) SI_UNIT ( $, .STERADIAN. ) SOLID_ANGLE_UNIT ( ) );
#2577 = ADVANCED_FACE ( 'NONE', ( #1876 ), #3925, .T. ) ;
#2578 = PRESENTATION_LAYER_ASSIGNMENT (  '', '', ( #2013 ) ) ;
#2580 = CARTESIAN_POINT ( 'NONE',  ( -0.8699999999999994400, 1.700000000000000000, 3.810000000000000100 ) ) ;
#2579 = CARTESIAN_POINT ( 'NONE',  ( -0.2199999999999988400, 1.700000000000000000, 7.299999999999999800 ) ) ;
#2581 = UNCERTAINTY_MEASURE_WITH_UNIT (LENGTH_MEASURE( 1.000000000000000100E-005 ), #3805, 'distance_accuracy_value', 'NONE');
#2582 = PRESENTATION_LAYER_ASSIGNMENT (  '', '', ( #2018 ) ) ;
#2583 = MECHANICAL_DESIGN_GEOMETRIC_PRESENTATION_REPRESENTATION (  '', ( #1723 ), #2877 ) ;
#2584 = VECTOR ( 'NONE', #516, 1000.000000000000000 ) ;
#2585 = EDGE_CURVE ( 'NONE', #2336, #5392, #3589, .T. ) ;
#2586 = CARTESIAN_POINT ( 'NONE',  ( -0.2200000000000000800, 8.339999999999999900, -0.3200000000000000600 ) ) ;
#2587 = PRESENTATION_LAYER_ASSIGNMENT (  '', '', ( #2024 ) ) ;
#2588 = EDGE_LOOP ( 'NONE', ( #2540, #3319, #2735, #3441 ) ) ;
#2589 = CARTESIAN_POINT ( 'NONE',  ( -0.2199999999999979700, 1.700000000000000000, 10.48000000000000000 ) ) ;
#2590 = ORIENTED_EDGE ( 'NONE', *, *, #2722, .F. ) ;
#2591 = EDGE_LOOP ( 'NONE', ( #1050, #677, #2565, #997 ) ) ;
#2592 = VECTOR ( 'NONE', #2921, 1000.000000000000000 ) ;
#2593 =( NAMED_UNIT ( * ) SI_UNIT ( $, .STERADIAN. ) SOLID_ANGLE_UNIT ( ) );
#2594 = STYLED_ITEM ( 'NONE', ( #48 ), #5413 ) ;
#2595 = DIRECTION ( 'NONE',  ( -0.0000000000000000000, -1.000000000000000000, -0.0000000000000000000 ) ) ;
#2596 = ORIENTED_EDGE ( 'NONE', *, *, #2909, .T. ) ;
#2597 = LINE ( 'NONE', #753, #444 ) ;
#2598 = VERTEX_POINT ( 'NONE', #1840 ) ;
#2600 = CARTESIAN_POINT ( 'NONE',  ( -1.269999999999998000, 0.0000000000000000000, 9.289999999999999100 ) ) ;
#2599 = PLANE ( 'NONE',  #6 ) ;
#2601 = FACE_OUTER_BOUND ( 'NONE', #3843, .T. ) ;
#2602 = LINE ( 'NONE', #2625, #2471 ) ;
#2603 = ORIENTED_EDGE ( 'NONE', *, *, #841, .T. ) ;
#2604 = ORIENTED_EDGE ( 'NONE', *, *, #2323, .T. ) ;
#2605 =( GEOMETRIC_REPRESENTATION_CONTEXT ( 3 ) GLOBAL_UNCERTAINTY_ASSIGNED_CONTEXT ( ( #2762 ) ) GLOBAL_UNIT_ASSIGNED_CONTEXT ( ( #1934, #4852, #2367 ) ) REPRESENTATION_CONTEXT ( 'NONE', 'WORKASPACE' ) );
#2606 = ORIENTED_EDGE ( 'NONE', *, *, #3073, .F. ) ;
#2607 = CARTESIAN_POINT ( 'NONE',  ( -0.8699999999999994400, 1.700000000000000000, 3.810000000000000100 ) ) ;
#2608 = ORIENTED_EDGE ( 'NONE', *, *, #661, .T. ) ;
#2609 = VECTOR ( 'NONE', #3827, 1000.000000000000000 ) ;
#2610 =( NAMED_UNIT ( * ) PLANE_ANGLE_UNIT ( ) SI_UNIT ( $, .RADIAN. ) );
#2611 = DIRECTION ( 'NONE',  ( 0.7071067811865475700, 0.0000000000000000000, -0.7071067811865475700 ) ) ;
#2612 = ORIENTED_EDGE ( 'NONE', *, *, #4928, .F. ) ;
#2613 = ORIENTED_EDGE ( 'NONE', *, *, #1543, .F. ) ;
#2614 = ORIENTED_EDGE ( 'NONE', *, *, #5292, .F. ) ;
#2615 = PRESENTATION_STYLE_ASSIGNMENT (( #1995 ) ) ;
#2616 = EDGE_CURVE ( 'NONE', #2680, #2480, #1475, .T. ) ;
#2617 = LINE ( 'NONE', #2055, #2484 ) ;
#2618 = EDGE_CURVE ( 'NONE', #1538, #909, #4678, .T. ) ;
#2619 = LINE ( 'NONE', #1361, #3585 ) ;
#2620 =( NAMED_UNIT ( * ) PLANE_ANGLE_UNIT ( ) SI_UNIT ( $, .RADIAN. ) );
#2621 = ORIENTED_EDGE ( 'NONE', *, *, #879, .F. ) ;
#2622 =( GEOMETRIC_REPRESENTATION_CONTEXT ( 3 ) GLOBAL_UNCERTAINTY_ASSIGNED_CONTEXT ( ( #4041 ) ) GLOBAL_UNIT_ASSIGNED_CONTEXT ( ( #5124, #2653, #64 ) ) REPRESENTATION_CONTEXT ( 'NONE', 'WORKASPACE' ) );
#2623 = CARTESIAN_POINT ( 'NONE',  ( 0.3200000000000019500, -3.000000000000000000, 7.839999999999999900 ) ) ;
#2624 = FACE_OUTER_BOUND ( 'NONE', #2082, .T. ) ;
#2625 = CARTESIAN_POINT ( 'NONE',  ( -0.8699999999999985500, 1.700000000000000000, 6.349999999999999600 ) ) ;
#2626 =( GEOMETRIC_REPRESENTATION_CONTEXT ( 3 ) GLOBAL_UNCERTAINTY_ASSIGNED_CONTEXT ( ( #823 ) ) GLOBAL_UNIT_ASSIGNED_CONTEXT ( ( #3884, #1350, #4281 ) ) REPRESENTATION_CONTEXT ( 'NONE', 'WORKASPACE' ) );
#2627 = COLOUR_RGB ( '',1.000000000000000000, 1.000000000000000000, 1.000000000000000000 ) ;
#2628 = FILL_AREA_STYLE_COLOUR ( '', #1194 ) ;
#2629 = FILL_AREA_STYLE ('',( #1764 ) ) ;
#2630 = FILL_AREA_STYLE_COLOUR ( '', #3872 ) ;
#2631 = LINE ( 'NONE', #4423, #1351 ) ;
#2632 = VECTOR ( 'NONE', #3192, 1000.000000000000000 ) ;
#2633 = STYLED_ITEM ( 'NONE', ( #1297 ), #4998 ) ;
#2634 = SURFACE_STYLE_FILL_AREA ( #5223 ) ;
#2635 = CARTESIAN_POINT ( 'NONE',  ( -1.269999999999998700, 0.0000000000000000000, 5.950000000000000200 ) ) ;
#2636 = EDGE_LOOP ( 'NONE', ( #5179, #1518, #722, #2256 ) ) ;
#2637 = ORIENTED_EDGE ( 'NONE', *, *, #4740, .F. ) ;
#2638 = SURFACE_STYLE_FILL_AREA ( #4680 ) ;
#2640 = CARTESIAN_POINT ( 'NONE',  ( 1.270000000000000500, 0.0000000000000000000, 5.949999999999999300 ) ) ;
#2639 = DIRECTION ( 'NONE',  ( -1.232047923278982200E-016, 0.0000000000000000000, -1.000000000000000000 ) ) ;
#2641 = COLOUR_RGB ( '',0.0000000000000000000, 0.03529411764705882300, 0.05882352941176470500 ) ;
#2642 =( NAMED_UNIT ( * ) PLANE_ANGLE_UNIT ( ) SI_UNIT ( $, .RADIAN. ) );
#2643 = ORIENTED_EDGE ( 'NONE', *, *, #3535, .T. ) ;
#2644 = CARTESIAN_POINT ( 'NONE',  ( 1.269999999999999400, 1.700000000000000000, 1.669999999999999900 ) ) ;
#2645 = DIRECTION ( 'NONE',  ( 0.7071067811865475700, -0.0000000000000000000, 0.7071067811865475700 ) ) ;
#2646 = COLOUR_RGB ( '',0.0000000000000000000, 0.03529411764705882300, 0.05882352941176470500 ) ;
#2647 = FACE_OUTER_BOUND ( 'NONE', #896, .T. ) ;
#2648 = PLANE ( 'NONE',  #2893 ) ;
#2649 = DIRECTION ( 'NONE',  ( 0.7071067811865474600, 0.0000000000000000000, 0.7071067811865474600 ) ) ;
#2650 = AXIS2_PLACEMENT_3D ( 'NONE', #4477, #1982, #4902 ) ;
#2651 = FACE_OUTER_BOUND ( 'NONE', #5395, .T. ) ;
#2652 = UNCERTAINTY_MEASURE_WITH_UNIT (LENGTH_MEASURE( 1.000000000000000100E-005 ), #3661, 'distance_accuracy_value', 'NONE');
#2654 =( NAMED_UNIT ( * ) PLANE_ANGLE_UNIT ( ) SI_UNIT ( $, .RADIAN. ) );
#2653 =( NAMED_UNIT ( * ) PLANE_ANGLE_UNIT ( ) SI_UNIT ( $, .RADIAN. ) );
#2655 = MECHANICAL_DESIGN_GEOMETRIC_PRESENTATION_REPRESENTATION (  '', ( #1787 ), #2947 ) ;
#2656 = PLANE ( 'NONE',  #1313 ) ;
#2657 = ORIENTED_EDGE ( 'NONE', *, *, #2222, .F. ) ;
#2658 = VECTOR ( 'NONE', #880, 1000.000000000000000 ) ;
#2659 =( NAMED_UNIT ( * ) SI_UNIT ( $, .STERADIAN. ) SOLID_ANGLE_UNIT ( ) );
#2660 = ORIENTED_EDGE ( 'NONE', *, *, #963, .T. ) ;
#2661 = DIRECTION ( 'NONE',  ( -0.7071067811865474600, 0.0000000000000000000, 0.7071067811865474600 ) ) ;
#2662 = CARTESIAN_POINT ( 'NONE',  ( 0.2200000000000025000, -3.000000000000000000, 9.839999999999999900 ) ) ;
#2663 = UNCERTAINTY_MEASURE_WITH_UNIT (LENGTH_MEASURE( 1.000000000000000100E-005 ), #1921, 'distance_accuracy_value', 'NONE');
#2664 = ORIENTED_EDGE ( 'NONE', *, *, #666, .T. ) ;
#2665 = VECTOR ( 'NONE', #3911, 1000.000000000000100 ) ;
#2666 = FILL_AREA_STYLE_COLOUR ( '', #4170 ) ;
#2667 = ORIENTED_EDGE ( 'NONE', *, *, #2802, .F. ) ;
#2668 = VERTEX_POINT ( 'NONE', #3128 ) ;
#2669 = ORIENTED_EDGE ( 'NONE', *, *, #2152, .F. ) ;
#2670 = ORIENTED_EDGE ( 'NONE', *, *, #2773, .F. ) ;
#2671 = CARTESIAN_POINT ( 'NONE',  ( -0.3199999999999980600, -3.000000000000000000, 7.839999999999999900 ) ) ;
#2672 = SURFACE_SIDE_STYLE ('',( #3060 ) ) ;
#2673 = CARTESIAN_POINT ( 'NONE',  ( -0.2199999999999975600, -3.000000000000000000, 9.839999999999999900 ) ) ;
#2674 = EDGE_LOOP ( 'NONE', ( #2886, #3963, #3449, #4610, #2966, #5053, #451, #311 ) ) ;
#2675 = LINE ( 'NONE', #2106, #3777 ) ;
#2676 = CARTESIAN_POINT ( 'NONE',  ( -0.8700000000000005500, 1.700000000000000000, -1.270000000000000200 ) ) ;
#2677 = PRESENTATION_STYLE_ASSIGNMENT (( #3541 ) ) ;
#2678 = AXIS2_PLACEMENT_3D ( 'NONE', #1233, #4179, #1675 ) ;
#2679 = DIRECTION ( 'NONE',  ( -0.7071067811865474600, 0.0000000000000000000, 0.7071067811865474600 ) ) ;
#2680 = VERTEX_POINT ( 'NONE', #120 ) ;
#2681 = ORIENTED_EDGE ( 'NONE', *, *, #3732, .T. ) ;
#2682 = EDGE_CURVE ( 'NONE', #3117, #1733, #2352, .T. ) ;
#2683 = VECTOR ( 'NONE', #4409, 1000.000000000000000 ) ;
#2684 = FILL_AREA_STYLE_COLOUR ( '', #2902 ) ;
#2685 = CARTESIAN_POINT ( 'NONE',  ( -0.2199999999999980900, -3.000000000000000000, 7.939999999999999500 ) ) ;
#2686 = VECTOR ( 'NONE', #1281, 1000.000000000000100 ) ;
#2687 = DIRECTION ( 'NONE',  ( 0.7071067811865474600, 0.0000000000000000000, -0.7071067811865474600 ) ) ;
#2688 = COLOUR_RGB ( '',1.000000000000000000, 1.000000000000000000, 1.000000000000000000 ) ;
#2689 = VECTOR ( 'NONE', #978, 1000.000000000000000 ) ;
#2690 = LINE ( 'NONE', #3140, #3793 ) ;
#2691 = COLOUR_RGB ( '',1.000000000000000000, 1.000000000000000000, 1.000000000000000000 ) ;
#2692 = AXIS2_PLACEMENT_3D ( 'NONE', #232, #3234, #674 ) ;
#2693 = LINE ( 'NONE', #1970, #3667 ) ;
#2694 = EDGE_CURVE ( 'NONE', #2462, #4487, #2492, .T. ) ;
#2695 = PRESENTATION_LAYER_ASSIGNMENT (  '', '', ( #2407 ) ) ;
#2697 = DIRECTION ( 'NONE',  ( 1.000000000000000000, -0.0000000000000000000, 0.0000000000000000000 ) ) ;
#2696 = CARTESIAN_POINT ( 'NONE',  ( 0.3200000000000012300, -3.000000000000000000, 4.860000000000000300 ) ) ;
#2698 = COLOUR_RGB ( '',1.000000000000000000, 1.000000000000000000, 1.000000000000000000 ) ;
#2699 =( LENGTH_UNIT ( ) NAMED_UNIT ( * ) SI_UNIT ( .MILLI., .METRE. ) );
#2700 = FACE_BOUND ( 'NONE', #3836, .T. ) ;
#2701 = EDGE_CURVE ( 'NONE', #2819, #110, #3466, .T. ) ;
#2702 = AXIS2_PLACEMENT_3D ( 'NONE', #1928, #4850, #2365 ) ;
#2703 =( NAMED_UNIT ( * ) SI_UNIT ( $, .STERADIAN. ) SOLID_ANGLE_UNIT ( ) );
#2704 = FACE_OUTER_BOUND ( 'NONE', #133, .T. ) ;
#2705 = DIRECTION ( 'NONE',  ( -1.000000000000000000, -0.0000000000000000000, -0.0000000000000000000 ) ) ;
#2706 = VECTOR ( 'NONE', #4096, 1000.000000000000000 ) ;
#2707 = VECTOR ( 'NONE', #2774, 1000.000000000000000 ) ;
#2708 = FILL_AREA_STYLE ('',( #2270 ) ) ;
#2709 = ORIENTED_EDGE ( 'NONE', *, *, #3170, .F. ) ;
#2710 = FILL_AREA_STYLE ('',( #538 ) ) ;
#2711 = EDGE_CURVE ( 'NONE', #4513, #2930, #41, .T. ) ;
#2712 = ORIENTED_EDGE ( 'NONE', *, *, #299, .F. ) ;
#2713 = LINE ( 'NONE', #3335, #4772 ) ;
#2714 = VECTOR ( 'NONE', #1226, 1000.000000000000100 ) ;
#2715 = MECHANICAL_DESIGN_GEOMETRIC_PRESENTATION_REPRESENTATION (  '', ( #1841 ), #2998 ) ;
#2717 = SURFACE_SIDE_STYLE ('',( #4598 ) ) ;
#2716 = CARTESIAN_POINT ( 'NONE',  ( -0.3200000000000000600, -3.000000000000000000, -0.2200000000000000800 ) ) ;
#2718 = FILL_AREA_STYLE ('',( #2284 ) ) ;
#2719 = FILL_AREA_STYLE_COLOUR ( '', #385 ) ;
#2720 = PRESENTATION_STYLE_ASSIGNMENT (( #657 ) ) ;
#2721 = CARTESIAN_POINT ( 'NONE',  ( -1.269999999999999800, 0.0000000000000000000, 1.669999999999999900 ) ) ;
#2722 = EDGE_CURVE ( 'NONE', #317, #5224, #4416, .T. ) ;
#2723 = PLANE ( 'NONE',  #2500 ) ;
#2724 = CARTESIAN_POINT ( 'NONE',  ( 0.2200000000000012500, -3.000000000000000000, 4.760000000000000700 ) ) ;
#2725 = LINE ( 'NONE', #87, #2584 ) ;
#2726 = EDGE_CURVE ( 'NONE', #273, #1391, #5405, .T. ) ;
#2727 = MECHANICAL_DESIGN_GEOMETRIC_PRESENTATION_REPRESENTATION (  '', ( #1853 ), #3013 ) ;
#2728 = CARTESIAN_POINT ( 'NONE',  ( -1.269999999999997600, 1.700000000000000000, 11.02999999999999900 ) ) ;
#2729 = ORIENTED_EDGE ( 'NONE', *, *, #5281, .F. ) ;
#2730 = FACE_OUTER_BOUND ( 'NONE', #2738, .T. ) ;
#2731 = ORIENTED_EDGE ( 'NONE', *, *, #2572, .F. ) ;
#2732 = DIRECTION ( 'NONE',  ( 0.0000000000000000000, 1.000000000000000000, 0.0000000000000000000 ) ) ;
#2733 = SURFACE_SIDE_STYLE ('',( #1370 ) ) ;
#2734 = CARTESIAN_POINT ( 'NONE',  ( 0.2200000000000006700, -3.000000000000000000, 2.860000000000000300 ) ) ;
#2735 = ORIENTED_EDGE ( 'NONE', *, *, #3006, .F. ) ;
#2736 =( LENGTH_UNIT ( ) NAMED_UNIT ( * ) SI_UNIT ( .MILLI., .METRE. ) );
#2737 = ORIENTED_EDGE ( 'NONE', *, *, #1820, .T. ) ;
#2738 = EDGE_LOOP ( 'NONE', ( #3270, #1466, #1329, #3385 ) ) ;
#2739 = LINE ( 'NONE', #4654, #4797 ) ;
#2740 = CARTESIAN_POINT ( 'NONE',  ( -0.8699999999999998800, 0.0000000000000000000, 1.269999999999999800 ) ) ;
#2741 =( NAMED_UNIT ( * ) PLANE_ANGLE_UNIT ( ) SI_UNIT ( $, .RADIAN. ) );
#2742 = ORIENTED_EDGE ( 'NONE', *, *, #5003, .T. ) ;
#2743 = ORIENTED_EDGE ( 'NONE', *, *, #5174, .F. ) ;
#2744 = ORIENTED_EDGE ( 'NONE', *, *, #889, .T. ) ;
#2745 = VERTEX_POINT ( 'NONE', #4801 ) ;
#2746 = LINE ( 'NONE', #441, #2609 ) ;
#2747 = CARTESIAN_POINT ( 'NONE',  ( -1.269999999999999100, 1.700000000000000000, 4.210000000000000000 ) ) ;
#2748 = SURFACE_STYLE_FILL_AREA ( #241 ) ;
#2749 = VERTEX_POINT ( 'NONE', #1879 ) ;
#2750 = VERTEX_POINT ( 'NONE', #2315 ) ;
#2751 = ORIENTED_EDGE ( 'NONE', *, *, #3040, .T. ) ;
#2752 = FACE_OUTER_BOUND ( 'NONE', #5152, .T. ) ;
#2753 = DIRECTION ( 'NONE',  ( 0.7071067811865475700, 0.0000000000000000000, -0.7071067811865475700 ) ) ;
#2754 = ORIENTED_EDGE ( 'NONE', *, *, #382, .T. ) ;
#2755 = SURFACE_STYLE_USAGE ( .BOTH. , #5215 ) ;
#2756 = LINE ( 'NONE', #5242, #731 ) ;
#2757 =( GEOMETRIC_REPRESENTATION_CONTEXT ( 3 ) GLOBAL_UNCERTAINTY_ASSIGNED_CONTEXT ( ( #927 ) ) GLOBAL_UNIT_ASSIGNED_CONTEXT ( ( #4904, #2428, #5320 ) ) REPRESENTATION_CONTEXT ( 'NONE', 'WORKASPACE' ) );
#2758 = SURFACE_STYLE_USAGE ( .BOTH. , #5218 ) ;
#2759 = EDGE_CURVE ( 'NONE', #922, #100, #3203, .T. ) ;
#2760 = STYLED_ITEM ( 'NONE', ( #2677 ), #1154 ) ;
#2761 =( NAMED_UNIT ( * ) SI_UNIT ( $, .STERADIAN. ) SOLID_ANGLE_UNIT ( ) );
#2762 = UNCERTAINTY_MEASURE_WITH_UNIT (LENGTH_MEASURE( 1.000000000000000100E-005 ), #1934, 'distance_accuracy_value', 'NONE');
#2763 = CARTESIAN_POINT ( 'NONE',  ( 0.2200000000000006100, -3.000000000000000000, 2.220000000000000200 ) ) ;
#2764 = SURFACE_SIDE_STYLE ('',( #2634 ) ) ;
#2765 = CARTESIAN_POINT ( 'NONE',  ( -1.269999999999998000, 1.700000000000000000, 9.289999999999999100 ) ) ;
#2766 = VECTOR ( 'NONE', #3583, 1000.000000000000100 ) ;
#2767 =( GEOMETRIC_REPRESENTATION_CONTEXT ( 3 ) GLOBAL_UNCERTAINTY_ASSIGNED_CONTEXT ( ( #656 ) ) GLOBAL_UNIT_ASSIGNED_CONTEXT ( ( #3660, #1115, #4067 ) ) REPRESENTATION_CONTEXT ( 'NONE', 'WORKASPACE' ) );
#2768 = COLOUR_RGB ( '',0.0000000000000000000, 0.03529411764705882300, 0.05882352941176470500 ) ;
#2769 = LINE ( 'NONE', #1923, #2632 ) ;
#2770 = PRESENTATION_LAYER_ASSIGNMENT (  '', '', ( #2192 ) ) ;
#2771 =( GEOMETRIC_REPRESENTATION_CONTEXT ( 3 ) GLOBAL_UNCERTAINTY_ASSIGNED_CONTEXT ( ( #5133 ) ) GLOBAL_UNIT_ASSIGNED_CONTEXT ( ( #1721, #4642, #2161 ) ) REPRESENTATION_CONTEXT ( 'NONE', 'WORKASPACE' ) );
#2772 = FILL_AREA_STYLE ('',( #5230 ) ) ;
#2773 = EDGE_CURVE ( 'NONE', #372, #317, #2218, .T. ) ;
#2774 = DIRECTION ( 'NONE',  ( 0.0000000000000000000, 1.000000000000000000, 0.0000000000000000000 ) ) ;
#2775 = FACE_OUTER_BOUND ( 'NONE', #1746, .T. ) ;
#2776 =( GEOMETRIC_REPRESENTATION_CONTEXT ( 3 ) GLOBAL_UNCERTAINTY_ASSIGNED_CONTEXT ( ( #4504 ) ) GLOBAL_UNIT_ASSIGNED_CONTEXT ( ( #3342, #775, #3754 ) ) REPRESENTATION_CONTEXT ( 'NONE', 'WORKASPACE' ) );
#2777 = ORIENTED_EDGE ( 'NONE', *, *, #4515, .T. ) ;
#2778 = DIRECTION ( 'NONE',  ( 0.0000000000000000000, 1.000000000000000000, 0.0000000000000000000 ) ) ;
#2779 = DIRECTION ( 'NONE',  ( 0.0000000000000000000, 1.000000000000000000, 0.0000000000000000000 ) ) ;
#2780 = VECTOR ( 'NONE', #1328, 1000.000000000000000 ) ;
#2781 =( NAMED_UNIT ( * ) PLANE_ANGLE_UNIT ( ) SI_UNIT ( $, .RADIAN. ) );
#2782 = SURFACE_STYLE_FILL_AREA ( #456 ) ;
#2783 =( NAMED_UNIT ( * ) PLANE_ANGLE_UNIT ( ) SI_UNIT ( $, .RADIAN. ) );
#2784 = DIRECTION ( 'NONE',  ( -0.0000000000000000000, -1.000000000000000000, -0.0000000000000000000 ) ) ;
#2785 = FILL_AREA_STYLE_COLOUR ( '', #4301 ) ;
#2786 = SURFACE_STYLE_FILL_AREA ( #4084 ) ;
#2787 = CARTESIAN_POINT ( 'NONE',  ( -0.3199999999999987300, 8.339999999999999900, 5.299999999999999800 ) ) ;
#2788 = ADVANCED_FACE ( 'NONE', ( #4164 ), #1038, .T. ) ;
#2789 = CARTESIAN_POINT ( 'NONE',  ( 0.7500000000000000000, 0.0000000000000000000, -1.270000000000000500 ) ) ;
#2790 = STYLED_ITEM ( 'NONE', ( #5070 ), #3303 ) ;
#2791 =( NAMED_UNIT ( * ) SI_UNIT ( $, .STERADIAN. ) SOLID_ANGLE_UNIT ( ) );
#2792 =( LENGTH_UNIT ( ) NAMED_UNIT ( * ) SI_UNIT ( .MILLI., .METRE. ) );
#2793 = EDGE_CURVE ( 'NONE', #298, #1946, #389, .T. ) ;
#2794 = COLOUR_RGB ( '',0.7921568627450980000, 0.8196078431372548800, 0.9333333333333333500 ) ;
#2795 = DIRECTION ( 'NONE',  ( 1.000000000000000000, 0.0000000000000000000, -0.0000000000000000000 ) ) ;
#2796 = ORIENTED_EDGE ( 'NONE', *, *, #2694, .T. ) ;
#2797 = EDGE_CURVE ( 'NONE', #2803, #1182, #3786, .T. ) ;
#2798 = VECTOR ( 'NONE', #2994, 1000.000000000000000 ) ;
#2799 = STYLED_ITEM ( 'NONE', ( #37 ), #4181 ) ;
#2800 = CARTESIAN_POINT ( 'NONE',  ( -0.3199999999999988400, -3.000000000000000000, 4.860000000000000300 ) ) ;
#2801 = VERTEX_POINT ( 'NONE', #4006 ) ;
#2802 = EDGE_CURVE ( 'NONE', #1863, #4864, #4742, .T. ) ;
#2803 = VERTEX_POINT ( 'NONE', #5251 ) ;
#2804 = CARTESIAN_POINT ( 'NONE',  ( 1.270000000000001800, 1.700000000000000000, 11.02999999999999900 ) ) ;
#2805 = FACE_OUTER_BOUND ( 'NONE', #1897, .T. ) ;
#2806 = STYLED_ITEM ( 'NONE', ( #3157 ), #2059 ) ;
#2807 = ORIENTED_EDGE ( 'NONE', *, *, #3447, .T. ) ;
#2808 = FILL_AREA_STYLE ('',( #2373 ) ) ;
#2809 = DIRECTION ( 'NONE',  ( 0.7071067811865474600, -0.0000000000000000000, 0.7071067811865474600 ) ) ;
#2810 = ORIENTED_EDGE ( 'NONE', *, *, #1850, .T. ) ;
#2811 = CARTESIAN_POINT ( 'NONE',  ( 0.3200000000000006700, -3.000000000000000000, 2.760000000000000200 ) ) ;
#2812 = COLOUR_RGB ( '',1.000000000000000000, 1.000000000000000000, 1.000000000000000000 ) ;
#2813 = ORIENTED_EDGE ( 'NONE', *, *, #1274, .T. ) ;
#2814 = DIRECTION ( 'NONE',  ( -0.0000000000000000000, 1.000000000000000000, 0.0000000000000000000 ) ) ;
#2815 = VERTEX_POINT ( 'NONE', #3199 ) ;
#2816 = PRESENTATION_LAYER_ASSIGNMENT (  '', '', ( #2240 ) ) ;
#2817 = ADVANCED_FACE ( 'NONE', ( #2551 ), #1079, .F. ) ;
#2818 = SURFACE_SIDE_STYLE ('',( #2000 ) ) ;
#2819 = VERTEX_POINT ( 'NONE', #3610 ) ;
#2820 =( LENGTH_UNIT ( ) NAMED_UNIT ( * ) SI_UNIT ( .MILLI., .METRE. ) );
#2821 = PLANE ( 'NONE',  #4345 ) ;
#2822 = ORIENTED_EDGE ( 'NONE', *, *, #5039, .T. ) ;
#2823 = VERTEX_POINT ( 'NONE', #4853 ) ;
#2824 = PLANE ( 'NONE',  #791 ) ;
#2825 = LINE ( 'NONE', #2940, #3790 ) ;
#2826 = CARTESIAN_POINT ( 'NONE',  ( -0.2199999999999994700, -3.000000000000000000, 2.220000000000000200 ) ) ;
#2827 =( NAMED_UNIT ( * ) PLANE_ANGLE_UNIT ( ) SI_UNIT ( $, .RADIAN. ) );
#2828 = DIRECTION ( 'NONE',  ( -1.232047923278982200E-016, 0.0000000000000000000, -1.000000000000000000 ) ) ;
#2829 =( NAMED_UNIT ( * ) PLANE_ANGLE_UNIT ( ) SI_UNIT ( $, .RADIAN. ) );
#2830 = UNCERTAINTY_MEASURE_WITH_UNIT (LENGTH_MEASURE( 1.000000000000000100E-005 ), #2028, 'distance_accuracy_value', 'NONE');
#2831 = PLANE ( 'NONE',  #3590 ) ;
#2832 =( LENGTH_UNIT ( ) NAMED_UNIT ( * ) SI_UNIT ( .MILLI., .METRE. ) );
#2833 = SURFACE_STYLE_FILL_AREA ( #1749 ) ;
#2834 = VECTOR ( 'NONE', #3617, 1000.000000000000100 ) ;
#2835 = SURFACE_STYLE_USAGE ( .BOTH. , #5305 ) ;
#2836 = LINE ( 'NONE', #3208, #5027 ) ;
#2837 = VECTOR ( 'NONE', #745, 1000.000000000000100 ) ;
#2838 = SURFACE_STYLE_USAGE ( .BOTH. , #5308 ) ;
#2839 = ORIENTED_EDGE ( 'NONE', *, *, #4436, .T. ) ;
#2840 = ORIENTED_EDGE ( 'NONE', *, *, #2512, .T. ) ;
#2841 = UNCERTAINTY_MEASURE_WITH_UNIT (LENGTH_MEASURE( 1.000000000000000100E-005 ), #1545, 'distance_accuracy_value', 'NONE');
#2842 = DIRECTION ( 'NONE',  ( -1.000000000000000000, 0.0000000000000000000, -0.0000000000000000000 ) ) ;
#2843 = ADVANCED_FACE ( 'NONE', ( #3521 ), #628, .F. ) ;
#2844 = VECTOR ( 'NONE', #505, 1000.000000000000000 ) ;
#2845 = AXIS2_PLACEMENT_3D ( 'NONE', #676, #3659, #1114 ) ;
#2846 = PLANE ( 'NONE',  #405 ) ;
#2847 = LINE ( 'NONE', #1629, #550 ) ;
#2848 = CARTESIAN_POINT ( 'NONE',  ( 0.3199999999999999500, -3.000000000000000000, -0.2200000000000000800 ) ) ;
#2849 = LINE ( 'NONE', #2934, #1973 ) ;
#2850 = CARTESIAN_POINT ( 'NONE',  ( 0.2200000000000023000, 1.700000000000000000, 7.299999999999999800 ) ) ;
#2851 = DIRECTION ( 'NONE',  ( -0.7071067811865474600, -0.0000000000000000000, 0.7071067811865474600 ) ) ;
#2852 = DIRECTION ( 'NONE',  ( 0.0000000000000000000, 1.000000000000000000, 0.0000000000000000000 ) ) ;
#2853 = SURFACE_STYLE_FILL_AREA ( #215 ) ;
#2854 = PLANE ( 'NONE',  #3061 ) ;
#2855 = FACE_BOUND ( 'NONE', #2216, .T. ) ;
#2856 =( NAMED_UNIT ( * ) SI_UNIT ( $, .STERADIAN. ) SOLID_ANGLE_UNIT ( ) );
#2857 = ORIENTED_EDGE ( 'NONE', *, *, #2585, .T. ) ;
#2858 = MECHANICAL_DESIGN_GEOMETRIC_PRESENTATION_REPRESENTATION (  '', ( #1996 ), #3134 ) ;
#2859 = LINE ( 'NONE', #3474, #4929 ) ;
#2860 = EDGE_CURVE ( 'NONE', #4717, #4794, #4223, .T. ) ;
#2861 = DIRECTION ( 'NONE',  ( 1.000000000000000000, 0.0000000000000000000, -1.232047923278982200E-016 ) ) ;
#2862 = CARTESIAN_POINT ( 'NONE',  ( 1.270000000000000000, 1.700000000000000000, 4.210000000000000000 ) ) ;
#2863 =( NAMED_UNIT ( * ) SI_UNIT ( $, .STERADIAN. ) SOLID_ANGLE_UNIT ( ) );
#2864 = ORIENTED_EDGE ( 'NONE', *, *, #2196, .T. ) ;
#2865 = DIRECTION ( 'NONE',  ( 0.7071067811865474600, 0.0000000000000000000, 0.7071067811865474600 ) ) ;
#2866 = SURFACE_SIDE_STYLE ('',( #5205 ) ) ;
#2867 = ADVANCED_FACE ( 'NONE', ( #3139 ), #231, .T. ) ;
#2868 = FILL_AREA_STYLE ('',( #2444 ) ) ;
#2869 =( NAMED_UNIT ( * ) SI_UNIT ( $, .STERADIAN. ) SOLID_ANGLE_UNIT ( ) );
#2870 = ORIENTED_EDGE ( 'NONE', *, *, #588, .T. ) ;
#2871 = ORIENTED_EDGE ( 'NONE', *, *, #4131, .T. ) ;
#2872 =( NAMED_UNIT ( * ) SI_UNIT ( $, .STERADIAN. ) SOLID_ANGLE_UNIT ( ) );
#2873 = MECHANICAL_DESIGN_GEOMETRIC_PRESENTATION_REPRESENTATION (  '', ( #2013 ), #3143 ) ;
#2874 = CARTESIAN_POINT ( 'NONE',  ( 0.3200000000000025000, -3.000000000000000000, 9.940000000000001300 ) ) ;
#2875 = LINE ( 'NONE', #2600, #3965 ) ;
#2876 = MECHANICAL_DESIGN_GEOMETRIC_PRESENTATION_REPRESENTATION (  '', ( #2018 ), #3144 ) ;
#2877 =( GEOMETRIC_REPRESENTATION_CONTEXT ( 3 ) GLOBAL_UNCERTAINTY_ASSIGNED_CONTEXT ( ( #1310 ) ) GLOBAL_UNIT_ASSIGNED_CONTEXT ( ( #2955, #2620, #2593 ) ) REPRESENTATION_CONTEXT ( 'NONE', 'WORKASPACE' ) );
#2878 = CARTESIAN_POINT ( 'NONE',  ( -0.2199999999999987000, -3.000000000000000000, 5.400000000000000400 ) ) ;
#2879 = ORIENTED_EDGE ( 'NONE', *, *, #3527, .T. ) ;
#2880 = VERTEX_POINT ( 'NONE', #2387 ) ;
#2881 = EDGE_CURVE ( 'NONE', #4723, #2815, #3852, .T. ) ;
#2882 = ORIENTED_EDGE ( 'NONE', *, *, #2802, .T. ) ;
#2883 = VECTOR ( 'NONE', #1726, 1000.000000000000000 ) ;
#2884 = MECHANICAL_DESIGN_GEOMETRIC_PRESENTATION_REPRESENTATION (  '', ( #2024 ), #3150 ) ;
#2885 = CARTESIAN_POINT ( 'NONE',  ( -1.269999999999998500, 1.700000000000000000, 6.750000000000000000 ) ) ;
#2886 = ORIENTED_EDGE ( 'NONE', *, *, #2328, .T. ) ;
#2887 = ORIENTED_EDGE ( 'NONE', *, *, #3577, .F. ) ;
#2888 = ORIENTED_EDGE ( 'NONE', *, *, #1243, .F. ) ;
#2889 = CARTESIAN_POINT ( 'NONE',  ( -0.3199999999999994500, -3.000000000000000000, 2.319999999999999800 ) ) ;
#2890 = VERTEX_POINT ( 'NONE', #690 ) ;
#2891 = PLANE ( 'NONE',  #4773 ) ;
#2892 = CARTESIAN_POINT ( 'NONE',  ( 0.3200000000000009500, 1.700000000000000000, -3.942553354492755000E-017 ) ) ;
#2893 = AXIS2_PLACEMENT_3D ( 'NONE', #2237, #5134, #2661 ) ;
#2894 = FILL_AREA_STYLE_COLOUR ( '', #2396 ) ;
#2895 = FILL_AREA_STYLE_COLOUR ( '', #3028 ) ;
#2896 = VECTOR ( 'NONE', #168, 1000.000000000000000 ) ;
#2897 = FACE_OUTER_BOUND ( 'NONE', #2238, .T. ) ;
#2898 = VECTOR ( 'NONE', #1159, 1000.000000000000100 ) ;
#2899 = SURFACE_SIDE_STYLE ('',( #2017 ) ) ;
#2900 = VECTOR ( 'NONE', #2452, 1000.000000000000000 ) ;
#2901 = CARTESIAN_POINT ( 'NONE',  ( 0.2200000000000018900, 8.339999999999999900, 7.299999999999999800 ) ) ;
#2902 = COLOUR_RGB ( '',1.000000000000000000, 1.000000000000000000, 1.000000000000000000 ) ;
#2903 = ADVANCED_FACE ( 'NONE', ( #2752 ), #2846, .T. ) ;
#2904 = UNCERTAINTY_MEASURE_WITH_UNIT (LENGTH_MEASURE( 1.000000000000000100E-005 ), #1490, 'distance_accuracy_value', 'NONE');
#2905 = VECTOR ( 'NONE', #603, 1000.000000000000000 ) ;
#2906 = SURFACE_STYLE_USAGE ( .BOTH. , #2968 ) ;
#2907 = CARTESIAN_POINT ( 'NONE',  ( 0.2200000000000019400, 8.339999999999999900, 7.939999999999999500 ) ) ;
#2908 = EDGE_CURVE ( 'NONE', #381, #2438, #3334, .T. ) ;
#2909 = EDGE_CURVE ( 'NONE', #3766, #99, #4406, .T. ) ;
#2910 = CARTESIAN_POINT ( 'NONE',  ( 0.3200000000000008400, 1.700000000000000000, 7.839999999999999900 ) ) ;
#2911 = LINE ( 'NONE', #5291, #4965 ) ;
#2912 = COLOUR_RGB ( '',1.000000000000000000, 1.000000000000000000, 1.000000000000000000 ) ;
#2913 = CARTESIAN_POINT ( 'NONE',  ( -0.2199999999999975600, -3.000000000000000000, 9.839999999999999900 ) ) ;
#2914 = DIRECTION ( 'NONE',  ( -2.492418787322999200E-016, -0.0000000000000000000, -1.000000000000000000 ) ) ;
#2915 = FILL_AREA_STYLE ('',( #5380 ) ) ;
#2916 = PLANE ( 'NONE',  #3704 ) ;
#2917 = AXIS2_PLACEMENT_3D ( 'NONE', #5211, #2753, #152 ) ;
#2918 = CARTESIAN_POINT ( 'NONE',  ( -0.3199999999999975100, 1.700000000000000200, 9.940000000000001300 ) ) ;
#2919 = DIRECTION ( 'NONE',  ( 0.7071067811865474600, 0.0000000000000000000, -0.7071067811865474600 ) ) ;
#2920 = ADVANCED_FACE ( 'NONE', ( #596 ), #4934, .T. ) ;
#2921 = DIRECTION ( 'NONE',  ( 0.0000000000000000000, 1.000000000000000000, 0.0000000000000000000 ) ) ;
#2922 = SURFACE_SIDE_STYLE ('',( #3733 ) ) ;
#2923 = PRESENTATION_STYLE_ASSIGNMENT (( #1960 ) ) ;
#2924 = PRESENTATION_STYLE_ASSIGNMENT (( #4340 ) ) ;
#2925 = DIRECTION ( 'NONE',  ( 0.0000000000000000000, -1.000000000000000000, 0.0000000000000000000 ) ) ;
#2926 = UNCERTAINTY_MEASURE_WITH_UNIT (LENGTH_MEASURE( 1.000000000000000100E-005 ), #2266, 'distance_accuracy_value', 'NONE');
#2927 = ORIENTED_EDGE ( 'NONE', *, *, #4106, .F. ) ;
#2928 = LINE ( 'NONE', #5042, #4989 ) ;
#2929 = ORIENTED_EDGE ( 'NONE', *, *, #378, .F. ) ;
#2930 = VERTEX_POINT ( 'NONE', #2223 ) ;
#2931 = PRESENTATION_LAYER_ASSIGNMENT (  '', '', ( #2361 ) ) ;
#2932 = CARTESIAN_POINT ( 'NONE',  ( 1.270000000000000000, 1.700000000000000000, 4.210000000000000000 ) ) ;
#2933 = CARTESIAN_POINT ( 'NONE',  ( 0.2200000000000013100, 8.339999999999999900, 5.400000000000000400 ) ) ;
#2934 = CARTESIAN_POINT ( 'NONE',  ( -0.2199999999999993600, -3.000000000000000000, 2.860000000000000300 ) ) ;
#2935 = ORIENTED_EDGE ( 'NONE', *, *, #3235, .T. ) ;
#2936 =( NAMED_UNIT ( * ) PLANE_ANGLE_UNIT ( ) SI_UNIT ( $, .RADIAN. ) );
#2937 = ORIENTED_EDGE ( 'NONE', *, *, #1251, .F. ) ;
#2938 =( NAMED_UNIT ( * ) SI_UNIT ( $, .STERADIAN. ) SOLID_ANGLE_UNIT ( ) );
#2939 = FACE_OUTER_BOUND ( 'NONE', #5061, .T. ) ;
#2940 = CARTESIAN_POINT ( 'NONE',  ( 1.269999999999999100, 1.700000000000000000, 0.8699999999999994400 ) ) ;
#2941 = VECTOR ( 'NONE', #1668, 1000.000000000000100 ) ;
#2942 = ORIENTED_EDGE ( 'NONE', *, *, #4265, .F. ) ;
#2943 = ORIENTED_EDGE ( 'NONE', *, *, #695, .T. ) ;
#2944 = ORIENTED_EDGE ( 'NONE', *, *, #4178, .T. ) ;
#2945 = SURFACE_STYLE_USAGE ( .BOTH. , #5418 ) ;
#2946 = ORIENTED_EDGE ( 'NONE', *, *, #3426, .T. ) ;
#2947 =( GEOMETRIC_REPRESENTATION_CONTEXT ( 3 ) GLOBAL_UNCERTAINTY_ASSIGNED_CONTEXT ( ( #2493 ) ) GLOBAL_UNIT_ASSIGNED_CONTEXT ( ( #2065, #4972, #2497 ) ) REPRESENTATION_CONTEXT ( 'NONE', 'WORKASPACE' ) );
#2948 = STYLED_ITEM ( 'NONE', ( #2985 ), #1578 ) ;
#2949 = DIRECTION ( 'NONE',  ( 0.7071067811865475700, 0.0000000000000000000, -0.7071067811865475700 ) ) ;
#2950 = VERTEX_POINT ( 'NONE', #2885 ) ;
#2951 = ORIENTED_EDGE ( 'NONE', *, *, #4002, .T. ) ;
#2952 = ADVANCED_FACE ( 'NONE', ( #3470 ), #4698, .T. ) ;
#2953 = STYLED_ITEM ( 'NONE', ( #4110 ), #2577 ) ;
#2954 = PRESENTATION_STYLE_ASSIGNMENT (( #2838 ) ) ;
#2955 =( LENGTH_UNIT ( ) NAMED_UNIT ( * ) SI_UNIT ( .MILLI., .METRE. ) );
#2956 = CARTESIAN_POINT ( 'NONE',  ( -0.3199999999999993400, 0.2999999999999999900, 2.319999999999999800 ) ) ;
#2957 = CARTESIAN_POINT ( 'NONE',  ( 0.8699999999999992200, 0.0000000000000000000, 1.269999999999999400 ) ) ;
#2958 = DIRECTION ( 'NONE',  ( 0.0000000000000000000, 1.000000000000000000, 0.0000000000000000000 ) ) ;
#2959 = DIRECTION ( 'NONE',  ( 0.0000000000000000000, 0.0000000000000000000, 1.000000000000000000 ) ) ;
#2960 = CARTESIAN_POINT ( 'NONE',  ( -0.7500000000000000000, 0.2999999999999999900, 4.760000000000000700 ) ) ;
#2961 = VECTOR ( 'NONE', #4419, 1000.000000000000100 ) ;
#2962 =( LENGTH_UNIT ( ) NAMED_UNIT ( * ) SI_UNIT ( .MILLI., .METRE. ) );
#2963 = PRESENTATION_LAYER_ASSIGNMENT (  '', '', ( #2388 ) ) ;
#2964 = EDGE_CURVE ( 'NONE', #3972, #5332, #3085, .T. ) ;
#2965 = VECTOR ( 'NONE', #5346, 1000.000000000000100 ) ;
#2966 = ORIENTED_EDGE ( 'NONE', *, *, #4265, .T. ) ;
#2967 = PRESENTATION_STYLE_ASSIGNMENT (( #4311 ) ) ;
#2968 = SURFACE_SIDE_STYLE ('',( #3418 ) ) ;
#2969 = SURFACE_SIDE_STYLE ('',( #2177 ) ) ;
#2970 =( NAMED_UNIT ( * ) PLANE_ANGLE_UNIT ( ) SI_UNIT ( $, .RADIAN. ) );
#2972 = ORIENTED_EDGE ( 'NONE', *, *, #3979, .F. ) ;
#2971 = FILL_AREA_STYLE_COLOUR ( '', #595 ) ;
#2973 = ORIENTED_EDGE ( 'NONE', *, *, #2964, .F. ) ;
#2974 = VECTOR ( 'NONE', #1612, 1000.000000000000000 ) ;
#2975 = ADVANCED_FACE ( 'NONE', ( #1953 ), #2242, .T. ) ;
#2976 = PRESENTATION_LAYER_ASSIGNMENT (  '', '', ( #2402 ) ) ;
#2977 = DIRECTION ( 'NONE',  ( -0.7071067811865474600, 0.0000000000000000000, -0.7071067811865474600 ) ) ;
#2978 = PLANE ( 'NONE',  #1507 ) ;
#2979 = LINE ( 'NONE', #1189, #3941 ) ;
#2980 =( NAMED_UNIT ( * ) SI_UNIT ( $, .STERADIAN. ) SOLID_ANGLE_UNIT ( ) );
#2981 = EDGE_CURVE ( 'NONE', #5462, #2462, #398, .T. ) ;
#2982 = MECHANICAL_DESIGN_GEOMETRIC_PRESENTATION_REPRESENTATION (  '', ( #2407 ), #3249 ) ;
#2983 = EDGE_CURVE ( 'NONE', #875, #1109, #3791, .T. ) ;
#2984 = DIRECTION ( 'NONE',  ( -0.7071067811865475700, 0.0000000000000000000, 0.7071067811865475700 ) ) ;
#2985 = PRESENTATION_STYLE_ASSIGNMENT (( #5158 ) ) ;
#2986 = PRESENTATION_LAYER_ASSIGNMENT (  '', '', ( #2413 ) ) ;
#2987 = DIRECTION ( 'NONE',  ( 0.7071067811865474600, 0.0000000000000000000, 0.7071067811865474600 ) ) ;
#2988 = LINE ( 'NONE', #4385, #5045 ) ;
#2989 = DIRECTION ( 'NONE',  ( 2.492418787322999200E-016, 0.0000000000000000000, 1.000000000000000000 ) ) ;
#2990 = STYLED_ITEM ( 'NONE', ( #536 ), #5327 ) ;
#2991 = CARTESIAN_POINT ( 'NONE',  ( -1.269999999999999400, 0.0000000000000000000, 3.409999999999999700 ) ) ;
#2992 = CARTESIAN_POINT ( 'NONE',  ( 0.2199999999999999700, -3.000000000000000000, -0.3200000000000000600 ) ) ;
#2993 = EDGE_CURVE ( 'NONE', #2078, #3161, #4750, .T. ) ;
#2994 = DIRECTION ( 'NONE',  ( -0.0000000000000000000, -1.000000000000000000, -0.0000000000000000000 ) ) ;
#2995 = UNCERTAINTY_MEASURE_WITH_UNIT (LENGTH_MEASURE( 1.000000000000000100E-005 ), #2820, 'distance_accuracy_value', 'NONE');
#2996 = CARTESIAN_POINT ( 'NONE',  ( -1.269999999999999100, 1.700000000000000000, 4.210000000000000000 ) ) ;
#2997 = VECTOR ( 'NONE', #873, 1000.000000000000100 ) ;
#2998 =( GEOMETRIC_REPRESENTATION_CONTEXT ( 3 ) GLOBAL_UNCERTAINTY_ASSIGNED_CONTEXT ( ( #147 ) ) GLOBAL_UNIT_ASSIGNED_CONTEXT ( ( #3484, #940, #3900 ) ) REPRESENTATION_CONTEXT ( 'NONE', 'WORKASPACE' ) );
#2999 = FACE_OUTER_BOUND ( 'NONE', #1590, .T. ) ;
#3000 = CARTESIAN_POINT ( 'NONE',  ( 0.2200000000000019400, -3.000000000000000000, 7.939999999999999500 ) ) ;
#3001 = ORIENTED_EDGE ( 'NONE', *, *, #1738, .T. ) ;
#3002 = SURFACE_SIDE_STYLE ('',( #5416 ) ) ;
#3003 = ADVANCED_FACE ( 'NONE', ( #2555 ), #2275, .T. ) ;
#3004 = ORIENTED_EDGE ( 'NONE', *, *, #4740, .T. ) ;
#3005 = PRESENTATION_STYLE_ASSIGNMENT (( #219 ) ) ;
#3006 = EDGE_CURVE ( 'NONE', #2438, #2300, #5344, .T. ) ;
#3007 = UNCERTAINTY_MEASURE_WITH_UNIT (LENGTH_MEASURE( 1.000000000000000100E-005 ), #1872, 'distance_accuracy_value', 'NONE');
#3008 = ORIENTED_EDGE ( 'NONE', *, *, #768, .F. ) ;
#3009 = EDGE_CURVE ( 'NONE', #4386, #933, #1012, .T. ) ;
#3010 = EDGE_LOOP ( 'NONE', ( #4398, #4729, #1334, #789 ) ) ;
#3011 = ORIENTED_EDGE ( 'NONE', *, *, #115, .T. ) ;
#3012 = FILL_AREA_STYLE ('',( #3031 ) ) ;
#3013 =( GEOMETRIC_REPRESENTATION_CONTEXT ( 3 ) GLOBAL_UNCERTAINTY_ASSIGNED_CONTEXT ( ( #1512 ) ) GLOBAL_UNIT_ASSIGNED_CONTEXT ( ( #1686, #4601, #2117 ) ) REPRESENTATION_CONTEXT ( 'NONE', 'WORKASPACE' ) );
#3014 = EDGE_LOOP ( 'NONE', ( #786, #4183, #4667, #934 ) ) ;
#3015 = ORIENTED_EDGE ( 'NONE', *, *, #72, .F. ) ;
#3016 = DIRECTION ( 'NONE',  ( -0.7071067811865474600, 0.0000000000000000000, -0.7071067811865474600 ) ) ;
#3017 = EDGE_LOOP ( 'NONE', ( #5453, #2105, #5356, #2882 ) ) ;
#3018 = FACE_OUTER_BOUND ( 'NONE', #2044, .T. ) ;
#3019 = CARTESIAN_POINT ( 'NONE',  ( -0.3200000000000002800, 0.2999999999999999900, -1.270000000000000500 ) ) ;
#3020 = COLOUR_RGB ( '',1.000000000000000000, 1.000000000000000000, 1.000000000000000000 ) ;
#3021 = ORIENTED_EDGE ( 'NONE', *, *, #3310, .T. ) ;
#3022 = CARTESIAN_POINT ( 'NONE',  ( 0.2200000000000006100, -3.000000000000000000, 2.220000000000000200 ) ) ;
#3023 = LINE ( 'NONE', #2671, #5071 ) ;
#3024 = VECTOR ( 'NONE', #1875, 1000.000000000000100 ) ;
#3025 = DIRECTION ( 'NONE',  ( -0.7071067811865474600, 0.0000000000000000000, -0.7071067811865474600 ) ) ;
#3026 = VECTOR ( 'NONE', #1680, 1000.000000000000000 ) ;
#3027 = STYLED_ITEM ( 'NONE', ( #488 ), #4924 ) ;
#3028 = COLOUR_RGB ( '',1.000000000000000000, 1.000000000000000000, 1.000000000000000000 ) ;
#3029 = VECTOR ( 'NONE', #2200, 1000.000000000000000 ) ;
#3030 = VECTOR ( 'NONE', #300, 1000.000000000000000 ) ;
#3031 = FILL_AREA_STYLE_COLOUR ( '', #4510 ) ;
#3032 = CARTESIAN_POINT ( 'NONE',  ( 0.3199999999999999500, -3.000000000000000000, -0.2200000000000000800 ) ) ;
#3033 = SURFACE_SIDE_STYLE ('',( #361 ) ) ;
#3034 = CARTESIAN_POINT ( 'NONE',  ( 1.270000000000001100, 1.700000000000000000, 8.489999999999998400 ) ) ;
#3035 = VECTOR ( 'NONE', #3548, 1000.000000000000000 ) ;
#3036 = LINE ( 'NONE', #3629, #749 ) ;
#3037 = LINE ( 'NONE', #2932, #750 ) ;
#3038 = ORIENTED_EDGE ( 'NONE', *, *, #258, .F. ) ;
#3039 = CARTESIAN_POINT ( 'NONE',  ( 0.2200000000000025500, -3.000000000000000000, 10.48000000000000000 ) ) ;
#3040 = EDGE_CURVE ( 'NONE', #1116, #1595, #4228, .T. ) ;
#3041 = AXIS2_PLACEMENT_3D ( 'NONE', #547, #3529, #987 ) ;
#3042 = FACE_OUTER_BOUND ( 'NONE', #888, .T. ) ;
#3043 = DIRECTION ( 'NONE',  ( 2.464095846557964400E-016, 0.0000000000000000000, 1.000000000000000000 ) ) ;
#3044 = MECHANICAL_DESIGN_GEOMETRIC_PRESENTATION_REPRESENTATION (  '', ( #2192 ), #3322 ) ;
#3045 = FILL_AREA_STYLE_COLOUR ( '', #3020 ) ;
#3046 = VECTOR ( 'NONE', #1436, 1000.000000000000000 ) ;
#3047 = EDGE_CURVE ( 'NONE', #1605, #4386, #3142, .T. ) ;
#3048 = FILL_AREA_STYLE_COLOUR ( '', #4026 ) ;
#3049 = SURFACE_STYLE_USAGE ( .BOTH. , #28 ) ;
#3050 = CARTESIAN_POINT ( 'NONE',  ( -0.3199999999999975100, -3.000000000000000000, 9.940000000000001300 ) ) ;
#3051 = VERTEX_POINT ( 'NONE', #2728 ) ;
#3052 = LINE ( 'NONE', #401, #772 ) ;
#3053 = STYLED_ITEM ( 'NONE', ( #500 ), #1017 ) ;
#3054 = FILL_AREA_STYLE ('',( #4686 ) ) ;
#3055 = ORIENTED_EDGE ( 'NONE', *, *, #5006, .T. ) ;
#3056 = UNCERTAINTY_MEASURE_WITH_UNIT (LENGTH_MEASURE( 1.000000000000000100E-005 ), #2552, 'distance_accuracy_value', 'NONE');
#3057 = VERTEX_POINT ( 'NONE', #4370 ) ;
#3058 = DIRECTION ( 'NONE',  ( 0.7071067811865474600, -0.0000000000000000000, -0.7071067811865474600 ) ) ;
#3059 = VERTEX_POINT ( 'NONE', #5207 ) ;
#3060 = SURFACE_STYLE_FILL_AREA ( #5142 ) ;
#3061 = AXIS2_PLACEMENT_3D ( 'NONE', #2874, #287, #3292 ) ;
#3062 = DIRECTION ( 'NONE',  ( -0.7071067811865474600, 0.0000000000000000000, -0.7071067811865474600 ) ) ;
#3063 = PRESENTATION_STYLE_ASSIGNMENT (( #4708 ) ) ;
#3064 = LINE ( 'NONE', #282, #644 ) ;
#3065 = FILL_AREA_STYLE_COLOUR ( '', #2239 ) ;
#3066 = UNCERTAINTY_MEASURE_WITH_UNIT (LENGTH_MEASURE( 1.000000000000000100E-005 ), #4023, 'distance_accuracy_value', 'NONE');
#3067 = EDGE_LOOP ( 'NONE', ( #1142, #3908, #2132, #1122 ) ) ;
#3068 = ORIENTED_EDGE ( 'NONE', *, *, #3006, .T. ) ;
#3069 = ORIENTED_EDGE ( 'NONE', *, *, #3630, .F. ) ;
#3070 = EDGE_CURVE ( 'NONE', #485, #5062, #878, .T. ) ;
#3071 = VECTOR ( 'NONE', #4580, 1000.000000000000100 ) ;
#3072 = SURFACE_SIDE_STYLE ('',( #191 ) ) ;
#3073 = EDGE_CURVE ( 'NONE', #1116, #2462, #4111, .T. ) ;
#3074 = LINE ( 'NONE', #3945, #4873 ) ;
#3075 = ORIENTED_EDGE ( 'NONE', *, *, #5351, .F. ) ;
#3076 = VERTEX_POINT ( 'NONE', #3564 ) ;
#3077 = AXIS2_PLACEMENT_3D ( 'NONE', #3978, #1447, #4375 ) ;
#3078 = VECTOR ( 'NONE', #3569, 1000.000000000000100 ) ;
#3079 = CARTESIAN_POINT ( 'NONE',  ( 0.0000000000000000000, 1.700000000000000000, 2.860000000000000300 ) ) ;
#3080 = EDGE_CURVE ( 'NONE', #4900, #442, #1748, .T. ) ;
#3081 = FACE_OUTER_BOUND ( 'NONE', #342, .T. ) ;
#3082 = FILL_AREA_STYLE ('',( #2228 ) ) ;
#3083 = AXIS2_PLACEMENT_3D ( 'NONE', #1419, #4351, #1848 ) ;
#3084 = CARTESIAN_POINT ( 'NONE',  ( 0.2200000000000006700, 1.700000000000000000, 2.860000000000000300 ) ) ;
#3085 = LINE ( 'NONE', #73, #5272 ) ;
#3086 = FACE_OUTER_BOUND ( 'NONE', #2591, .T. ) ;
#3087 = PRESENTATION_STYLE_ASSIGNMENT (( #4555 ) ) ;
#3088 = CARTESIAN_POINT ( 'NONE',  ( -0.3199999999999981700, -3.000000000000000000, 7.400000000000000400 ) ) ;
#3089 = CARTESIAN_POINT ( 'NONE',  ( 0.3200000000000018900, 8.339999999999999900, 7.400000000000000400 ) ) ;
#3090 = DIRECTION ( 'NONE',  ( -0.7071067811865474600, 0.0000000000000000000, -0.7071067811865474600 ) ) ;
#3091 = FACE_OUTER_BOUND ( 'NONE', #3420, .T. ) ;
#3092 = LINE ( 'NONE', #4012, #5144 ) ;
#3093 = MECHANICAL_DESIGN_GEOMETRIC_PRESENTATION_REPRESENTATION (  '', ( #2240 ), #3372 ) ;
#3094 = UNCERTAINTY_MEASURE_WITH_UNIT (LENGTH_MEASURE( 1.000000000000000100E-005 ), #1824, 'distance_accuracy_value', 'NONE');
#3095 = DIRECTION ( 'NONE',  ( 0.7071067811865474600, 0.0000000000000000000, 0.7071067811865474600 ) ) ;
#3096 = VECTOR ( 'NONE', #2022, 1000.000000000000100 ) ;
#3097 = LINE ( 'NONE', #4878, #5286 ) ;
#3098 = VERTEX_POINT ( 'NONE', #1463 ) ;
#3100 =( LENGTH_UNIT ( ) NAMED_UNIT ( * ) SI_UNIT ( .MILLI., .METRE. ) );
#3099 = PLANE ( 'NONE',  #5100 ) ;
#3101 = DIRECTION ( 'NONE',  ( 0.7071067811865475700, 0.0000000000000000000, -0.7071067811865475700 ) ) ;
#3102 = CARTESIAN_POINT ( 'NONE',  ( -0.7500000000000000000, 0.2999999999999999900, -1.270000000000000500 ) ) ;
#3103 = CARTESIAN_POINT ( 'NONE',  ( -0.3200000000000000600, -3.000000000000000000, -0.2200000000000000800 ) ) ;
#3104 = VECTOR ( 'NONE', #3734, 1000.000000000000000 ) ;
#3105 = SURFACE_SIDE_STYLE ('',( #3471 ) ) ;
#3106 = DIRECTION ( 'NONE',  ( 1.000000000000000000, 0.0000000000000000000, -0.0000000000000000000 ) ) ;
#3107 = LINE ( 'NONE', #967, #5159 ) ;
#3108 = DIRECTION ( 'NONE',  ( 2.492418787322998300E-016, 0.0000000000000000000, 1.000000000000000000 ) ) ;
#3109 = VECTOR ( 'NONE', #4707, 1000.000000000000000 ) ;
#3110 = LINE ( 'NONE', #2317, #5167 ) ;
#3111 = DIRECTION ( 'NONE',  ( 0.7071067811865475700, 0.0000000000000000000, -0.7071067811865475700 ) ) ;
#3113 = CARTESIAN_POINT ( 'NONE',  ( 1.269999999999999400, 0.0000000000000000000, 1.669999999999999900 ) ) ;
#3112 = DIRECTION ( 'NONE',  ( -1.232047923278982200E-016, 0.0000000000000000000, -1.000000000000000000 ) ) ;
#3114 =( NAMED_UNIT ( * ) SI_UNIT ( $, .STERADIAN. ) SOLID_ANGLE_UNIT ( ) );
#3115 = DIRECTION ( 'NONE',  ( 0.7071067811865474600, 0.0000000000000000000, 0.7071067811865474600 ) ) ;
#3116 = PRESENTATION_LAYER_ASSIGNMENT (  '', '', ( #2554 ) ) ;
#3117 = VERTEX_POINT ( 'NONE', #4379 ) ;
#3118 = DIRECTION ( 'NONE',  ( 2.492418787322998300E-016, 0.0000000000000000000, 1.000000000000000000 ) ) ;
#3119 = STYLED_ITEM ( 'NONE', ( #869 ), #2867 ) ;
#3120 = DIRECTION ( 'NONE',  ( -1.232047923278982200E-016, -0.0000000000000000000, -1.000000000000000000 ) ) ;
#3121 = SURFACE_STYLE_USAGE ( .BOTH. , #114 ) ;
#3122 = ORIENTED_EDGE ( 'NONE', *, *, #4269, .F. ) ;
#3123 = SURFACE_STYLE_USAGE ( .BOTH. , #119 ) ;
#3124 = VERTEX_POINT ( 'NONE', #5225 ) ;
#3125 = ORIENTED_EDGE ( 'NONE', *, *, #4106, .T. ) ;
#3126 = ORIENTED_EDGE ( 'NONE', *, *, #2121, .F. ) ;
#3127 = ORIENTED_EDGE ( 'NONE', *, *, #4441, .F. ) ;
#3128 = CARTESIAN_POINT ( 'NONE',  ( 0.2200000000000006700, 8.339999999999999900, 2.860000000000000300 ) ) ;
#3129 = DIRECTION ( 'NONE',  ( -0.7071067811865474600, 0.0000000000000000000, 0.7071067811865474600 ) ) ;
#3130 = SURFACE_STYLE_USAGE ( .BOTH. , #124 ) ;
#3131 = ORIENTED_EDGE ( 'NONE', *, *, #4711, .F. ) ;
#3132 = FILL_AREA_STYLE ('',( #2719 ) ) ;
#3133 = PRESENTATION_STYLE_ASSIGNMENT (( #2755 ) ) ;
#3134 =( GEOMETRIC_REPRESENTATION_CONTEXT ( 3 ) GLOBAL_UNCERTAINTY_ASSIGNED_CONTEXT ( ( #3885 ) ) GLOBAL_UNIT_ASSIGNED_CONTEXT ( ( #2236, #5132, #2659 ) ) REPRESENTATION_CONTEXT ( 'NONE', 'WORKASPACE' ) );
#3135 = VERTEX_POINT ( 'NONE', #2330 ) ;
#3136 = EDGE_CURVE ( 'NONE', #1191, #5240, #4953, .T. ) ;
#3137 = ORIENTED_EDGE ( 'NONE', *, *, #1542, .F. ) ;
#3138 = STYLED_ITEM ( 'NONE', ( #728 ), #1063 ) ;
#3139 = FACE_OUTER_BOUND ( 'NONE', #787, .T. ) ;
#3140 = CARTESIAN_POINT ( 'NONE',  ( -0.7499999999999975600, 0.0000000000000000000, 11.43000000000000100 ) ) ;
#3141 = VECTOR ( 'NONE', #4259, 1000.000000000000100 ) ;
#3142 = LINE ( 'NONE', #1441, #3024 ) ;
#3143 =( GEOMETRIC_REPRESENTATION_CONTEXT ( 3 ) GLOBAL_UNCERTAINTY_ASSIGNED_CONTEXT ( ( #3625 ) ) GLOBAL_UNIT_ASSIGNED_CONTEXT ( ( #159, #3168, #600 ) ) REPRESENTATION_CONTEXT ( 'NONE', 'WORKASPACE' ) );
#3144 =( GEOMETRIC_REPRESENTATION_CONTEXT ( 3 ) GLOBAL_UNCERTAINTY_ASSIGNED_CONTEXT ( ( #2904 ) ) GLOBAL_UNIT_ASSIGNED_CONTEXT ( ( #1490, #1099, #1057 ) ) REPRESENTATION_CONTEXT ( 'NONE', 'WORKASPACE' ) );
#3145 = SURFACE_STYLE_FILL_AREA ( #740 ) ;
#3146 = FILL_AREA_STYLE_COLOUR ( '', #1947 ) ;
#3147 =( LENGTH_UNIT ( ) NAMED_UNIT ( * ) SI_UNIT ( .MILLI., .METRE. ) );
#3148 = VECTOR ( 'NONE', #2851, 1000.000000000000100 ) ;
#3149 = EDGE_CURVE ( 'NONE', #109, #5254, #5073, .T. ) ;
#3150 =( GEOMETRIC_REPRESENTATION_CONTEXT ( 3 ) GLOBAL_UNCERTAINTY_ASSIGNED_CONTEXT ( ( #2004 ) ) GLOBAL_UNIT_ASSIGNED_CONTEXT ( ( #246, #3243, #681 ) ) REPRESENTATION_CONTEXT ( 'NONE', 'WORKASPACE' ) );
#3151 = CARTESIAN_POINT ( 'NONE',  ( 0.3200000000000018900, -3.000000000000000000, 7.400000000000000400 ) ) ;
#3152 =( NAMED_UNIT ( * ) SI_UNIT ( $, .STERADIAN. ) SOLID_ANGLE_UNIT ( ) );
#3153 = COLOUR_RGB ( '',1.000000000000000000, 1.000000000000000000, 1.000000000000000000 ) ;
#3154 = VECTOR ( 'NONE', #4394, 1000.000000000000000 ) ;
#3155 = UNCERTAINTY_MEASURE_WITH_UNIT (LENGTH_MEASURE( 1.000000000000000100E-005 ), #4058, 'distance_accuracy_value', 'NONE');
#3156 = DIRECTION ( 'NONE',  ( 1.000000000000000000, 0.0000000000000000000, -2.492418787322998300E-016 ) ) ;
#3157 = PRESENTATION_STYLE_ASSIGNMENT (( #2312 ) ) ;
#3158 = PRESENTATION_LAYER_ASSIGNMENT (  '', '', ( #2594 ) ) ;
#3159 = DIRECTION ( 'NONE',  ( -0.0000000000000000000, -1.000000000000000000, -0.0000000000000000000 ) ) ;
#3160 = VERTEX_POINT ( 'NONE', #2765 ) ;
#3161 = VERTEX_POINT ( 'NONE', #4004 ) ;
#3162 = ORIENTED_EDGE ( 'NONE', *, *, #1645, .F. ) ;
#3163 = CARTESIAN_POINT ( 'NONE',  ( -0.9999999999999997800, 1.700000000000000000, 0.9999999999999997800 ) ) ;
#3164 = STYLED_ITEM ( 'NONE', ( #5406 ), #3213 ) ;
#3165 = CARTESIAN_POINT ( 'NONE',  ( 0.7500000000000025500, 0.0000000000000000000, 11.43000000000000100 ) ) ;
#3166 = COLOUR_RGB ( '',1.000000000000000000, 1.000000000000000000, 1.000000000000000000 ) ;
#3167 =( NAMED_UNIT ( * ) PLANE_ANGLE_UNIT ( ) SI_UNIT ( $, .RADIAN. ) );
#3168 =( NAMED_UNIT ( * ) PLANE_ANGLE_UNIT ( ) SI_UNIT ( $, .RADIAN. ) );
#3169 = SURFACE_STYLE_USAGE ( .BOTH. , #3580 ) ;
#3170 = EDGE_CURVE ( 'NONE', #4868, #4939, #471, .T. ) ;
#3171 =( LENGTH_UNIT ( ) NAMED_UNIT ( * ) SI_UNIT ( .MILLI., .METRE. ) );
#3172 = CARTESIAN_POINT ( 'NONE',  ( 0.2199999999999999700, -3.000000000000000000, -0.3200000000000000600 ) ) ;
#3173 =( LENGTH_UNIT ( ) NAMED_UNIT ( * ) SI_UNIT ( .MILLI., .METRE. ) );
#3174 = COLOUR_RGB ( '',1.000000000000000000, 1.000000000000000000, 1.000000000000000000 ) ;
#3175 = EDGE_CURVE ( 'NONE', #1182, #2265, #2756, .T. ) ;
#3176 = STYLED_ITEM ( 'NONE', ( #1181 ), #4108 ) ;
#3177 = CARTESIAN_POINT ( 'NONE',  ( 0.2200000000000019400, -3.000000000000000000, 7.939999999999999500 ) ) ;
#3178 = LINE ( 'NONE', #3559, #2062 ) ;
#3179 = STYLED_ITEM ( 'NONE', ( #5423 ), #1968 ) ;
#3180 = VERTEX_POINT ( 'NONE', #1915 ) ;
#3181 = DIRECTION ( 'NONE',  ( -1.000000000000000000, 0.0000000000000000000, 2.464095846557964400E-016 ) ) ;
#3182 = SURFACE_STYLE_USAGE ( .BOTH. , #177 ) ;
#3183 = VERTEX_POINT ( 'NONE', #2787 ) ;
#3184 = SURFACE_STYLE_USAGE ( .BOTH. , #4414 ) ;
#3185 = ORIENTED_EDGE ( 'NONE', *, *, #367, .T. ) ;
#3186 = CARTESIAN_POINT ( 'NONE',  ( 0.2200000000000018900, 8.339999999999999900, 7.299999999999999800 ) ) ;
#3187 = ORIENTED_EDGE ( 'NONE', *, *, #1251, .T. ) ;
#3188 = CARTESIAN_POINT ( 'NONE',  ( -0.2199999999999987000, 8.339999999999999900, 5.400000000000000400 ) ) ;
#3189 = SURFACE_STYLE_FILL_AREA ( #2868 ) ;
#3190 = PRESENTATION_LAYER_ASSIGNMENT (  '', '', ( #2633 ) ) ;
#3191 = ADVANCED_FACE ( 'NONE', ( #2624 ), #4401, .T. ) ;
#3192 = DIRECTION ( 'NONE',  ( 0.0000000000000000000, 1.000000000000000000, 0.0000000000000000000 ) ) ;
#3193 = FILL_AREA_STYLE ('',( #2785 ) ) ;
#3194 = ORIENTED_EDGE ( 'NONE', *, *, #3352, .T. ) ;
#3195 = VERTEX_POINT ( 'NONE', #3609 ) ;
#3196 = ORIENTED_EDGE ( 'NONE', *, *, #861, .T. ) ;
#3197 = ORIENTED_EDGE ( 'NONE', *, *, #5098, .F. ) ;
#3198 = VECTOR ( 'NONE', #4963, 1000.000000000000000 ) ;
#3199 = CARTESIAN_POINT ( 'NONE',  ( -0.2199999999999994700, -3.000000000000000000, 2.220000000000000200 ) ) ;
#3200 = ORIENTED_EDGE ( 'NONE', *, *, #1029, .T. ) ;
#3201 = VERTEX_POINT ( 'NONE', #3624 ) ;
#3202 =( LENGTH_UNIT ( ) NAMED_UNIT ( * ) SI_UNIT ( .MILLI., .METRE. ) );
#3203 = LINE ( 'NONE', #5209, #936 ) ;
#3204 = DIRECTION ( 'NONE',  ( 0.7071067811865475700, 0.0000000000000000000, -0.7071067811865475700 ) ) ;
#3205 = LINE ( 'NONE', #74, #3026 ) ;
#3206 = MECHANICAL_DESIGN_GEOMETRIC_PRESENTATION_REPRESENTATION (  '', ( #2361 ), #3482 ) ;
#3207 = CARTESIAN_POINT ( 'NONE',  ( -6.359999999999999400, 0.2999999999999999900, 4.339999999999999000 ) ) ;
#3208 = CARTESIAN_POINT ( 'NONE',  ( 0.3200000000000025000, -3.000000000000000000, 9.940000000000001300 ) ) ;
#3209 = VECTOR ( 'NONE', #356, 1000.000000000000000 ) ;
#3210 = DIRECTION ( 'NONE',  ( -0.7071067811865474600, 0.0000000000000000000, 0.7071067811865474600 ) ) ;
#3211 = COLOUR_RGB ( '',1.000000000000000000, 1.000000000000000000, 1.000000000000000000 ) ;
#3212 = LINE ( 'NONE', #972, #2098 ) ;
#3213 = ADVANCED_FACE ( 'NONE', ( #2219 ), #1517, .T. ) ;
#3214 = STYLED_ITEM ( 'NONE', ( #1554 ), #748 ) ;
#3215 = AXIS2_PLACEMENT_3D ( 'NONE', #1373, #4304, #1806 ) ;
#3216 = SURFACE_STYLE_USAGE ( .BOTH. , #212 ) ;
#3217 = FACE_OUTER_BOUND ( 'NONE', #5400, .T. ) ;
#3218 = DIRECTION ( 'NONE',  ( 1.000000000000000000, 0.0000000000000000000, -0.0000000000000000000 ) ) ;
#3219 = AXIS2_PLACEMENT_3D ( 'NONE', #4720, #2245, #5140 ) ;
#3220 = FILL_AREA_STYLE_COLOUR ( '', #3166 ) ;
#3221 = UNCERTAINTY_MEASURE_WITH_UNIT (LENGTH_MEASURE( 1.000000000000000100E-005 ), #3100, 'distance_accuracy_value', 'NONE');
#3222 = SURFACE_SIDE_STYLE ('',( #2853 ) ) ;
#3223 = CARTESIAN_POINT ( 'NONE',  ( -0.3199999999999993400, -3.000000000000000000, 2.760000000000000200 ) ) ;
#3224 =( LENGTH_UNIT ( ) NAMED_UNIT ( * ) SI_UNIT ( .MILLI., .METRE. ) );
#3225 = PRESENTATION_STYLE_ASSIGNMENT (( #3472 ) ) ;
#3226 =( NAMED_UNIT ( * ) SI_UNIT ( $, .STERADIAN. ) SOLID_ANGLE_UNIT ( ) );
#3227 = SURFACE_SIDE_STYLE ('',( #4895 ) ) ;
#3228 = CARTESIAN_POINT ( 'NONE',  ( 0.3200000000000012300, -3.000000000000000000, 4.860000000000000300 ) ) ;
#3229 = VECTOR ( 'NONE', #5357, 1000.000000000000000 ) ;
#3230 = UNCERTAINTY_MEASURE_WITH_UNIT (LENGTH_MEASURE( 1.000000000000000100E-005 ), #5439, 'distance_accuracy_value', 'NONE');
#3231 = FILL_AREA_STYLE_COLOUR ( '', #3869 ) ;
#3232 = COLOUR_RGB ( '',0.0000000000000000000, 0.03529411764705882300, 0.05882352941176470500 ) ;
#3233 = MECHANICAL_DESIGN_GEOMETRIC_PRESENTATION_REPRESENTATION (  '', ( #2388 ), #3507 ) ;
#3234 = DIRECTION ( 'NONE',  ( 1.000000000000000000, 0.0000000000000000000, -2.492418787322998300E-016 ) ) ;
#3235 = EDGE_CURVE ( 'NONE', #158, #1191, #655, .T. ) ;
#3236 = DIRECTION ( 'NONE',  ( 0.0000000000000000000, 0.0000000000000000000, 1.000000000000000000 ) ) ;
#3237 =( NAMED_UNIT ( * ) PLANE_ANGLE_UNIT ( ) SI_UNIT ( $, .RADIAN. ) );
#3238 = SURFACE_SIDE_STYLE ('',( #3428 ) ) ;
#3239 = VECTOR ( 'NONE', #3062, 1000.000000000000100 ) ;
#3240 = SURFACE_SIDE_STYLE ('',( #2748 ) ) ;
#3241 =( NAMED_UNIT ( * ) SI_UNIT ( $, .STERADIAN. ) SOLID_ANGLE_UNIT ( ) );
#3242 = ADVANCED_FACE ( 'NONE', ( #3920 ), #1540, .T. ) ;
#3243 =( NAMED_UNIT ( * ) PLANE_ANGLE_UNIT ( ) SI_UNIT ( $, .RADIAN. ) );
#3244 = DIRECTION ( 'NONE',  ( 1.000000000000000000, 0.0000000000000000000, 0.0000000000000000000 ) ) ;
#3245 = ORIENTED_EDGE ( 'NONE', *, *, #3795, .F. ) ;
#3246 = COLOUR_RGB ( '',1.000000000000000000, 1.000000000000000000, 1.000000000000000000 ) ;
#3247 = MECHANICAL_DESIGN_GEOMETRIC_PRESENTATION_REPRESENTATION (  '', ( #2402 ), #3520 ) ;
#3248 =( NAMED_UNIT ( * ) PLANE_ANGLE_UNIT ( ) SI_UNIT ( $, .RADIAN. ) );
#3249 =( GEOMETRIC_REPRESENTATION_CONTEXT ( 3 ) GLOBAL_UNCERTAINTY_ASSIGNED_CONTEXT ( ( #4236 ) ) GLOBAL_UNIT_ASSIGNED_CONTEXT ( ( #1643, #1208, #1185 ) ) REPRESENTATION_CONTEXT ( 'NONE', 'WORKASPACE' ) );
#3250 = ORIENTED_EDGE ( 'NONE', *, *, #1243, .T. ) ;
#3251 = FILL_AREA_STYLE_COLOUR ( '', #59 ) ;
#3252 = VERTEX_POINT ( 'NONE', #4910 ) ;
#3253 = EDGE_CURVE ( 'NONE', #372, #2489, #1401, .T. ) ;
#3254 = MECHANICAL_DESIGN_GEOMETRIC_PRESENTATION_REPRESENTATION (  '', ( #2413 ), #3528 ) ;
#3255 = FILL_AREA_STYLE ('',( #1130 ) ) ;
#3256 = ORIENTED_EDGE ( 'NONE', *, *, #3282, .T. ) ;
#3257 = ORIENTED_EDGE ( 'NONE', *, *, #4915, .T. ) ;
#3258 = DIRECTION ( 'NONE',  ( 0.0000000000000000000, 1.000000000000000000, 0.0000000000000000000 ) ) ;
#3259 = PRESENTATION_STYLE_ASSIGNMENT (( #4221 ) ) ;
#3260 = DIRECTION ( 'NONE',  ( -0.7071067811865474600, -0.0000000000000000000, 0.7071067811865474600 ) ) ;
#3261 = ORIENTED_EDGE ( 'NONE', *, *, #487, .F. ) ;
#3262 = AXIS2_PLACEMENT_3D ( 'NONE', #4229, #1728, #4647 ) ;
#3263 = DIRECTION ( 'NONE',  ( 1.000000000000000000, 0.0000000000000000000, -2.492418787322998300E-016 ) ) ;
#3264 = ORIENTED_EDGE ( 'NONE', *, *, #3705, .F. ) ;
#3265 = FACE_OUTER_BOUND ( 'NONE', #165, .T. ) ;
#3266 = CARTESIAN_POINT ( 'NONE',  ( 1.269999999999999400, 0.0000000000000000000, 1.669999999999999900 ) ) ;
#3267 = LINE ( 'NONE', #136, #5330 ) ;
#3268 = EDGE_CURVE ( 'NONE', #703, #5462, #3522, .T. ) ;
#3269 = ORIENTED_EDGE ( 'NONE', *, *, #1274, .F. ) ;
#3270 = ORIENTED_EDGE ( 'NONE', *, *, #4756, .T. ) ;
#3271 = VERTEX_POINT ( 'NONE', #702 ) ;
#3272 = CARTESIAN_POINT ( 'NONE',  ( -0.8699999999999981100, 1.700000000000000000, 8.890000000000000600 ) ) ;
#3273 = VECTOR ( 'NONE', #2181, 1000.000000000000000 ) ;
#3274 = CARTESIAN_POINT ( 'NONE',  ( 1.270000000000001400, 1.700000000000000000, 9.289999999999999100 ) ) ;
#3275 = ORIENTED_EDGE ( 'NONE', *, *, #2185, .F. ) ;
#3276 = ADVANCED_FACE ( 'NONE', ( #4616 ), #2854, .T. ) ;
#3277 = CARTESIAN_POINT ( 'NONE',  ( -0.3200000000000000600, -3.000000000000000000, -0.2200000000000000800 ) ) ;
#3278 = COLOUR_RGB ( '',0.0000000000000000000, 0.03529411764705882300, 0.05882352941176470500 ) ;
#3279 = VECTOR ( 'NONE', #1270, 1000.000000000000000 ) ;
#3280 = CARTESIAN_POINT ( 'NONE',  ( 0.3200000000000006700, 0.2999999999999999300, 2.760000000000000200 ) ) ;
#3281 = DIRECTION ( 'NONE',  ( 2.492418787322999200E-016, 0.0000000000000000000, 1.000000000000000000 ) ) ;
#3282 = EDGE_CURVE ( 'NONE', #4939, #1605, #4104, .T. ) ;
#3283 = CARTESIAN_POINT ( 'NONE',  ( -0.3199999999999994500, -3.000000000000000000, 2.319999999999999800 ) ) ;
#3284 = EDGE_CURVE ( 'NONE', #3562, #1863, #5192, .T. ) ;
#3285 =( LENGTH_UNIT ( ) NAMED_UNIT ( * ) SI_UNIT ( .MILLI., .METRE. ) );
#3286 = LINE ( 'NONE', #1558, #885 ) ;
#3287 = SURFACE_STYLE_USAGE ( .BOTH. , #285 ) ;
#3288 = CARTESIAN_POINT ( 'NONE',  ( 1.269999999999999100, 1.700000000000000000, 0.8699999999999994400 ) ) ;
#3289 = SURFACE_STYLE_FILL_AREA ( #1563 ) ;
#3290 = SURFACE_STYLE_FILL_AREA ( #1221 ) ;
#3291 = LINE ( 'NONE', #3207, #3804 ) ;
#3292 = DIRECTION ( 'NONE',  ( -1.232047923278982200E-016, 0.0000000000000000000, -1.000000000000000000 ) ) ;
#3293 = DIRECTION ( 'NONE',  ( 0.0000000000000000000, 1.000000000000000000, 0.0000000000000000000 ) ) ;
#3295 = ORIENTED_EDGE ( 'NONE', *, *, #3447, .F. ) ;
#3294 = UNCERTAINTY_MEASURE_WITH_UNIT (LENGTH_MEASURE( 1.000000000000000100E-005 ), #1628, 'distance_accuracy_value', 'NONE');
#3296 = SURFACE_SIDE_STYLE ('',( #4959 ) ) ;
#3297 = ORIENTED_EDGE ( 'NONE', *, *, #3622, .T. ) ;
#3298 = VECTOR ( 'NONE', #4186, 1000.000000000000100 ) ;
#3299 = AXIS2_PLACEMENT_3D ( 'NONE', #435, #3419, #877 ) ;
#3300 = DIRECTION ( 'NONE',  ( 2.464095846557964400E-016, 0.0000000000000000000, 1.000000000000000000 ) ) ;
#3301 = SURFACE_SIDE_STYLE ('',( #3614 ) ) ;
#3302 = SURFACE_STYLE_FILL_AREA ( #1964 ) ;
#3303 = ADVANCED_FACE ( 'NONE', ( #3018 ), #4950, .F. ) ;
#3304 = SURFACE_STYLE_USAGE ( .BOTH. , #304 ) ;
#3305 = DIRECTION ( 'NONE',  ( -1.000000000000000000, -0.0000000000000000000, -0.0000000000000000000 ) ) ;
#3306 =( LENGTH_UNIT ( ) NAMED_UNIT ( * ) SI_UNIT ( .MILLI., .METRE. ) );
#3307 = STYLED_ITEM ( 'NONE', ( #5385 ), #3737 ) ;
#3308 = PRESENTATION_STYLE_ASSIGNMENT (( #1080 ) ) ;
#3309 = VECTOR ( 'NONE', #529, 1000.000000000000000 ) ;
#3310 = EDGE_CURVE ( 'NONE', #1397, #458, #4674, .T. ) ;
#3311 = PRESENTATION_LAYER_ASSIGNMENT (  '', '', ( #2760 ) ) ;
#3312 = CARTESIAN_POINT ( 'NONE',  ( -0.3200000000000000100, 1.700000000000000000, 7.885106708985486600E-017 ) ) ;
#3313 = ORIENTED_EDGE ( 'NONE', *, *, #3809, .T. ) ;
#3314 = CARTESIAN_POINT ( 'NONE',  ( -0.8699999999999981100, 1.700000000000000000, 8.890000000000000600 ) ) ;
#3315 = FILL_AREA_STYLE ('',( #2894 ) ) ;
#3316 = DIRECTION ( 'NONE',  ( -1.000000000000000000, 0.0000000000000000000, -0.0000000000000000000 ) ) ;
#3317 = ORIENTED_EDGE ( 'NONE', *, *, #3268, .T. ) ;
#3318 = STYLED_ITEM ( 'NONE', ( #4129 ), #4613 ) ;
#3319 = ORIENTED_EDGE ( 'NONE', *, *, #4915, .F. ) ;
#3320 = PLANE ( 'NONE',  #951 ) ;
#3321 = UNCERTAINTY_MEASURE_WITH_UNIT (LENGTH_MEASURE( 1.000000000000000100E-005 ), #4562, 'distance_accuracy_value', 'NONE');
#3322 =( GEOMETRIC_REPRESENTATION_CONTEXT ( 3 ) GLOBAL_UNCERTAINTY_ASSIGNED_CONTEXT ( ( #5377 ) ) GLOBAL_UNIT_ASSIGNED_CONTEXT ( ( #2832, #242, #3241 ) ) REPRESENTATION_CONTEXT ( 'NONE', 'WORKASPACE' ) );
#3323 = STYLED_ITEM ( 'NONE', ( #2333 ), #1486 ) ;
#3324 = EDGE_LOOP ( 'NONE', ( #3264, #416, #2369, #2709, #3996, #571, #1053, #1133 ) ) ;
#3325 = SURFACE_STYLE_USAGE ( .BOTH. , #329 ) ;
#3326 = ORIENTED_EDGE ( 'NONE', *, *, #1454, .F. ) ;
#3327 = ORIENTED_EDGE ( 'NONE', *, *, #5163, .T. ) ;
#3328 = EDGE_CURVE ( 'NONE', #5239, #3369, #2617, .T. ) ;
#3329 = ADVANCED_FACE ( 'NONE', ( #173 ), #3320, .F. ) ;
#3330 = STYLED_ITEM ( 'NONE', ( #4291 ), #2506 ) ;
#3331 = ORIENTED_EDGE ( 'NONE', *, *, #4552, .F. ) ;
#3332 = ORIENTED_EDGE ( 'NONE', *, *, #3080, .F. ) ;
#3333 =( LENGTH_UNIT ( ) NAMED_UNIT ( * ) SI_UNIT ( .MILLI., .METRE. ) );
#3334 = LINE ( 'NONE', #4511, #3724 ) ;
#3335 = CARTESIAN_POINT ( 'NONE',  ( 1.260000000000000500, 0.2999999999999999900, 0.7399999999999999900 ) ) ;
#3336 = DIRECTION ( 'NONE',  ( -0.7071067811865474600, -0.0000000000000000000, -0.7071067811865474600 ) ) ;
#3337 = CARTESIAN_POINT ( 'NONE',  ( 4.080000000000000100, 1.700000000000000000, 4.080000000000000100 ) ) ;
#3338 = ORIENTED_EDGE ( 'NONE', *, *, #3822, .T. ) ;
#3339 = ORIENTED_EDGE ( 'NONE', *, *, #4413, .T. ) ;
#3340 = PRESENTATION_LAYER_ASSIGNMENT (  '', '', ( #3053 ) ) ;
#3341 = CARTESIAN_POINT ( 'NONE',  ( 0.3200000000000012800, -3.000000000000000000, 5.299999999999999800 ) ) ;
#3342 =( LENGTH_UNIT ( ) NAMED_UNIT ( * ) SI_UNIT ( .MILLI., .METRE. ) );
#3343 = VECTOR ( 'NONE', #4781, 1000.000000000000000 ) ;
#3344 = SURFACE_STYLE_FILL_AREA ( #4039 ) ;
#3345 = SURFACE_STYLE_FILL_AREA ( #1232 ) ;
#3346 = DIRECTION ( 'NONE',  ( 0.0000000000000000000, 1.000000000000000000, 0.0000000000000000000 ) ) ;
#3347 = PRESENTATION_LAYER_ASSIGNMENT (  '', '', ( #2790 ) ) ;
#3348 = VECTOR ( 'NONE', #839, 1000.000000000000100 ) ;
#3349 = VECTOR ( 'NONE', #2779, 1000.000000000000000 ) ;
#3350 = SURFACE_STYLE_USAGE ( .BOTH. , #2391 ) ;
#3351 = DIRECTION ( 'NONE',  ( 0.0000000000000000000, 1.000000000000000000, 0.0000000000000000000 ) ) ;
#3352 = EDGE_CURVE ( 'NONE', #5240, #3252, #2080, .T. ) ;
#3353 = VECTOR ( 'NONE', #318, 1000.000000000000000 ) ;
#3354 = CARTESIAN_POINT ( 'NONE',  ( -0.8699999999999992200, 0.0000000000000000000, 3.810000000000000100 ) ) ;
#3355 = EDGE_CURVE ( 'NONE', #5131, #1585, #928, .T. ) ;
#3356 = VECTOR ( 'NONE', #2326, 1000.000000000000000 ) ;
#3357 = ADVANCED_FACE ( 'NONE', ( #793 ), #1652, .T. ) ;
#3358 = PRESENTATION_LAYER_ASSIGNMENT (  '', '', ( #2799 ) ) ;
#3359 = CARTESIAN_POINT ( 'NONE',  ( -0.3199999999999974000, -3.000000000000000000, 10.38000000000000100 ) ) ;
#3360 = DIRECTION ( 'NONE',  ( 1.000000000000000000, 0.0000000000000000000, 0.0000000000000000000 ) ) ;
#3361 = ORIENTED_EDGE ( 'NONE', *, *, #653, .T. ) ;
#3362 = ORIENTED_EDGE ( 'NONE', *, *, #770, .T. ) ;
#3363 = EDGE_CURVE ( 'NONE', #1601, #1965, #2675, .T. ) ;
#3364 = SURFACE_STYLE_FILL_AREA ( #1765 ) ;
#3365 = EDGE_CURVE ( 'NONE', #3939, #1299, #1534, .T. ) ;
#3366 =( NAMED_UNIT ( * ) PLANE_ANGLE_UNIT ( ) SI_UNIT ( $, .RADIAN. ) );
#3367 = LINE ( 'NONE', #3032, #1095 ) ;
#3368 = PRESENTATION_LAYER_ASSIGNMENT (  '', '', ( #2806 ) ) ;
#3369 = VERTEX_POINT ( 'NONE', #5016 ) ;
#3370 = CARTESIAN_POINT ( 'NONE',  ( 1.270000000000000000, 0.0000000000000000000, 4.210000000000000000 ) ) ;
#3371 = SURFACE_STYLE_FILL_AREA ( #1556 ) ;
#3372 =( GEOMETRIC_REPRESENTATION_CONTEXT ( 3 ) GLOBAL_UNCERTAINTY_ASSIGNED_CONTEXT ( ( #834 ) ) GLOBAL_UNIT_ASSIGNED_CONTEXT ( ( #765, #3744, #1202 ) ) REPRESENTATION_CONTEXT ( 'NONE', 'WORKASPACE' ) );
#3373 = CARTESIAN_POINT ( 'NONE',  ( -0.3199999999999987300, 0.2999999999999999300, 5.299999999999999800 ) ) ;
#3374 = VECTOR ( 'NONE', #612, 1000.000000000000000 ) ;
#3375 = FILL_AREA_STYLE ('',( #771 ) ) ;
#3377 = CARTESIAN_POINT ( 'NONE',  ( -1.270000000000000500, 1.700000000000000000, -0.8700000000000003300 ) ) ;
#3376 = DIRECTION ( 'NONE',  ( 0.0000000000000000000, 1.000000000000000000, 0.0000000000000000000 ) ) ;
#3378 = CARTESIAN_POINT ( 'NONE',  ( -0.2199999999999980900, -3.000000000000000000, 7.939999999999999500 ) ) ;
#3379 = CARTESIAN_POINT ( 'NONE',  ( 0.8699999999999987700, 1.700000000000000000, -1.270000000000000200 ) ) ;
#3380 = LINE ( 'NONE', #2644, #3239 ) ;
#3381 = ORIENTED_EDGE ( 'NONE', *, *, #5284, .T. ) ;
#3382 =( NAMED_UNIT ( * ) SI_UNIT ( $, .STERADIAN. ) SOLID_ANGLE_UNIT ( ) );
#3383 = ADVANCED_FACE ( 'NONE', ( #384 ), #3789, .F. ) ;
#3384 = ORIENTED_EDGE ( 'NONE', *, *, #2993, .T. ) ;
#3385 = ORIENTED_EDGE ( 'NONE', *, *, #3979, .T. ) ;
#3386 =( LENGTH_UNIT ( ) NAMED_UNIT ( * ) SI_UNIT ( .MILLI., .METRE. ) );
#3387 = VERTEX_POINT ( 'NONE', #3810 ) ;
#3388 = CARTESIAN_POINT ( 'NONE',  ( -0.2199999999999999700, -3.000000000000000000, 0.3199999999999999500 ) ) ;
#3389 = ORIENTED_EDGE ( 'NONE', *, *, #1827, .T. ) ;
#3390 = DIRECTION ( 'NONE',  ( -0.7071067811865475700, 0.0000000000000000000, 0.7071067811865475700 ) ) ;
#3391 = SURFACE_SIDE_STYLE ('',( #4887 ) ) ;
#3392 = UNCERTAINTY_MEASURE_WITH_UNIT (LENGTH_MEASURE( 1.000000000000000100E-005 ), #555, 'distance_accuracy_value', 'NONE');
#3393 = VECTOR ( 'NONE', #4623, 1000.000000000000000 ) ;
#3394 = CARTESIAN_POINT ( 'NONE',  ( -0.3199999999999994500, -3.000000000000000000, 2.319999999999999800 ) ) ;
#3395 = ORIENTED_EDGE ( 'NONE', *, *, #4612, .T. ) ;
#3396 = ORIENTED_EDGE ( 'NONE', *, *, #3149, .F. ) ;
#3397 = ORIENTED_EDGE ( 'NONE', *, *, #1999, .T. ) ;
#3398 = MECHANICAL_DESIGN_GEOMETRIC_PRESENTATION_REPRESENTATION (  '', ( #2554 ), #3669 ) ;
#3399 = ORIENTED_EDGE ( 'NONE', *, *, #4079, .F. ) ;
#3400 = ORIENTED_EDGE ( 'NONE', *, *, #5188, .T. ) ;
#3401 = AXIS2_PLACEMENT_3D ( 'NONE', #1522, #4449, #1959 ) ;
#3402 = UNCERTAINTY_MEASURE_WITH_UNIT (LENGTH_MEASURE( 1.000000000000000100E-005 ), #3414, 'distance_accuracy_value', 'NONE');
#3403 = LINE ( 'NONE', #4242, #5467 ) ;
#3404 = ORIENTED_EDGE ( 'NONE', *, *, #468, .T. ) ;
#3405 = FACE_OUTER_BOUND ( 'NONE', #3067, .T. ) ;
#3406 = CARTESIAN_POINT ( 'NONE',  ( 0.3200000000000000100, -3.000000000000000000, 0.2199999999999999700 ) ) ;
#3407 = DIRECTION ( 'NONE',  ( -0.7071067811865474600, 0.0000000000000000000, -0.7071067811865474600 ) ) ;
#3408 = LINE ( 'NONE', #1666, #4356 ) ;
#3409 = PRODUCT_DEFINITION_CONTEXT ( 'detailed design', #1497, 'design' ) ;
#3410 = ADVANCED_FACE ( 'NONE', ( #3265 ), #837, .T. ) ;
#3411 = DIRECTION ( 'NONE',  ( 2.492418787322998300E-016, 0.0000000000000000000, 1.000000000000000000 ) ) ;
#3412 = LINE ( 'NONE', #4263, #4500 ) ;
#3413 = DIRECTION ( 'NONE',  ( 0.7071067811865474600, 0.0000000000000000000, -0.7071067811865474600 ) ) ;
#3414 =( LENGTH_UNIT ( ) NAMED_UNIT ( * ) SI_UNIT ( .MILLI., .METRE. ) );
#3415 = EDGE_CURVE ( 'NONE', #3387, #3938, #582, .T. ) ;
#3416 = AXIS2_PLACEMENT_3D ( 'NONE', #3394, #833, #3806 ) ;
#3417 = FACE_OUTER_BOUND ( 'NONE', #586, .T. ) ;
#3418 = SURFACE_STYLE_FILL_AREA ( #3012 ) ;
#3419 = DIRECTION ( 'NONE',  ( 0.0000000000000000000, 1.000000000000000000, -0.0000000000000000000 ) ) ;
#3420 = EDGE_LOOP ( 'NONE', ( #5170, #1707, #2839, #1058 ) ) ;
#3421 = LINE ( 'NONE', #5425, #1 ) ;
#3423 = CARTESIAN_POINT ( 'NONE',  ( 0.2199999999999999700, 8.339999999999999900, -0.3200000000000000600 ) ) ;
#3422 = FILL_AREA_STYLE_COLOUR ( '', #3635 ) ;
#3424 = DIRECTION ( 'NONE',  ( 2.464095846557964400E-016, 0.0000000000000000000, 1.000000000000000000 ) ) ;
#3425 = STYLED_ITEM ( 'NONE', ( #5214 ), #291 ) ;
#3426 = EDGE_CURVE ( 'NONE', #3387, #3463, #3970, .T. ) ;
#3427 = DIRECTION ( 'NONE',  ( 0.0000000000000000000, 1.000000000000000000, 0.0000000000000000000 ) ) ;
#3428 = SURFACE_STYLE_FILL_AREA ( #1948 ) ;
#3429 = CARTESIAN_POINT ( 'NONE',  ( -1.269999999999999800, 0.0000000000000000000, 1.669999999999999900 ) ) ;
#3430 = MECHANICAL_DESIGN_GEOMETRIC_PRESENTATION_REPRESENTATION (  '', ( #2594 ), #3717 ) ;
#3431 = SURFACE_SIDE_STYLE ('',( #2782 ) ) ;
#3432 = VECTOR ( 'NONE', #1904, 1000.000000000000000 ) ;
#3433 = LINE ( 'NONE', #1372, #4530 ) ;
#3435 = CARTESIAN_POINT ( 'NONE',  ( 0.2200000000000025500, 0.2999999999999999300, 10.48000000000000000 ) ) ;
#3434 =( LENGTH_UNIT ( ) NAMED_UNIT ( * ) SI_UNIT ( .MILLI., .METRE. ) );
#3436 = DIRECTION ( 'NONE',  ( -0.0000000000000000000, -1.000000000000000000, -0.0000000000000000000 ) ) ;
#3437 = ORIENTED_EDGE ( 'NONE', *, *, #3907, .F. ) ;
#3438 = AXIS2_PLACEMENT_3D ( 'NONE', #2800, #210, #3210 ) ;
#3439 = PRESENTATION_STYLE_ASSIGNMENT (( #4189 ) ) ;
#3440 = CARTESIAN_POINT ( 'NONE',  ( -0.2199999999999979700, 1.700000000000000000, 9.839999999999999900 ) ) ;
#3441 = ORIENTED_EDGE ( 'NONE', *, *, #670, .T. ) ;
#3442 = DIRECTION ( 'NONE',  ( 0.7071067811865475700, -0.0000000000000000000, 0.7071067811865475700 ) ) ;
#3443 = CARTESIAN_POINT ( 'NONE',  ( -0.3200000000000000600, -3.000000000000000000, -0.2200000000000000800 ) ) ;
#3444 = ORIENTED_EDGE ( 'NONE', *, *, #1752, .T. ) ;
#3445 = EDGE_CURVE ( 'NONE', #1946, #2803, #1736, .T. ) ;
#3446 = COLOUR_RGB ( '',1.000000000000000000, 1.000000000000000000, 1.000000000000000000 ) ;
#3447 = EDGE_CURVE ( 'NONE', #4723, #922, #4944, .T. ) ;
#3448 = ORIENTED_EDGE ( 'NONE', *, *, #4231, .T. ) ;
#3449 = ORIENTED_EDGE ( 'NONE', *, *, #2185, .T. ) ;
#3450 = AXIS2_PLACEMENT_3D ( 'NONE', #509, #3487, #946 ) ;
#3451 = VECTOR ( 'NONE', #469, 1000.000000000000100 ) ;
#3452 = DIRECTION ( 'NONE',  ( -1.232047923278982200E-016, -0.0000000000000000000, -1.000000000000000000 ) ) ;
#3453 = UNCERTAINTY_MEASURE_WITH_UNIT (LENGTH_MEASURE( 1.000000000000000100E-005 ), #4958, 'distance_accuracy_value', 'NONE');
#3454 = SURFACE_STYLE_FILL_AREA ( #3678 ) ;
#3455 = EDGE_LOOP ( 'NONE', ( #3464, #4218, #1782, #5334, #3162, #2154, #1026, #4995 ) ) ;
#3456 = ORIENTED_EDGE ( 'NONE', *, *, #5284, .F. ) ;
#3458 = CARTESIAN_POINT ( 'NONE',  ( 5.350000000000000500, 1.700000000000000000, 5.350000000000000500 ) ) ;
#3457 = SURFACE_SIDE_STYLE ('',( #2127 ) ) ;
#3459 = ORIENTED_EDGE ( 'NONE', *, *, #1165, .T. ) ;
#3460 = AXIS2_PLACEMENT_3D ( 'NONE', #2221, #5111, #2649 ) ;
#3461 = DIRECTION ( 'NONE',  ( -2.492418787322999200E-016, -0.0000000000000000000, -1.000000000000000000 ) ) ;
#3462 = PRESENTATION_STYLE_ASSIGNMENT (( #4307 ) ) ;
#3463 = VERTEX_POINT ( 'NONE', #5063 ) ;
#3464 = ORIENTED_EDGE ( 'NONE', *, *, #2881, .F. ) ;
#3465 = PLANE ( 'NONE',  #2287 ) ;
#3466 = LINE ( 'NONE', #2281, #3343 ) ;
#3467 =( NAMED_UNIT ( * ) PLANE_ANGLE_UNIT ( ) SI_UNIT ( $, .RADIAN. ) );
#3468 = SURFACE_SIDE_STYLE ('',( #2638 ) ) ;
#3469 = MECHANICAL_DESIGN_GEOMETRIC_PRESENTATION_REPRESENTATION (  '', ( #2633 ), #3748 ) ;
#3470 = FACE_OUTER_BOUND ( 'NONE', #1465, .T. ) ;
#3471 = SURFACE_STYLE_FILL_AREA ( #4733 ) ;
#3472 = SURFACE_STYLE_USAGE ( .BOTH. , #492 ) ;
#3473 = VECTOR ( 'NONE', #1927, 1000.000000000000000 ) ;
#3474 = CARTESIAN_POINT ( 'NONE',  ( -0.3199999999999975100, -3.000000000000000000, 9.940000000000001300 ) ) ;
#3475 = LINE ( 'NONE', #4180, #56 ) ;
#3476 = DIRECTION ( 'NONE',  ( 1.000000000000000000, 0.0000000000000000000, -1.232047923278982200E-016 ) ) ;
#3477 = PLANE ( 'NONE',  #3960 ) ;
#3478 = FACE_OUTER_BOUND ( 'NONE', #4249, .T. ) ;
#3479 = SURFACE_STYLE_FILL_AREA ( #5355 ) ;
#3480 = ORIENTED_EDGE ( 'NONE', *, *, #1076, .F. ) ;
#3481 = SURFACE_SIDE_STYLE ('',( #5079 ) ) ;
#3482 =( GEOMETRIC_REPRESENTATION_CONTEXT ( 3 ) GLOBAL_UNCERTAINTY_ASSIGNED_CONTEXT ( ( #1660 ) ) GLOBAL_UNIT_ASSIGNED_CONTEXT ( ( #1577, #4498, #2006 ) ) REPRESENTATION_CONTEXT ( 'NONE', 'WORKASPACE' ) );
#3483 = UNCERTAINTY_MEASURE_WITH_UNIT (LENGTH_MEASURE( 1.000000000000000100E-005 ), #1193, 'distance_accuracy_value', 'NONE');
#3484 =( LENGTH_UNIT ( ) NAMED_UNIT ( * ) SI_UNIT ( .MILLI., .METRE. ) );
#3485 = FILL_AREA_STYLE ('',( #3570 ) ) ;
#3486 = SURFACE_STYLE_USAGE ( .BOTH. , #508 ) ;
#3488 = DIRECTION ( 'NONE',  ( -1.000000000000000000, 0.0000000000000000000, 2.464095846557964400E-016 ) ) ;
#3487 = DIRECTION ( 'NONE',  ( 0.7071067811865475700, -0.0000000000000000000, 0.7071067811865475700 ) ) ;
#3489 =( NAMED_UNIT ( * ) PLANE_ANGLE_UNIT ( ) SI_UNIT ( $, .RADIAN. ) );
#3490 = PRESENTATION_LAYER_ASSIGNMENT (  '', '', ( #3214 ) ) ;
#3491 = FILL_AREA_STYLE_COLOUR ( '', #4556 ) ;
#3492 = PRESENTATION_LAYER_ASSIGNMENT (  '', '', ( #2948 ) ) ;
#3493 = FILL_AREA_STYLE ('',( #5129 ) ) ;
#3494 = DIRECTION ( 'NONE',  ( 2.464095846557964400E-016, 0.0000000000000000000, 1.000000000000000000 ) ) ;
#3495 = PRESENTATION_LAYER_ASSIGNMENT (  '', '', ( #2953 ) ) ;
#3496 = FILL_AREA_STYLE_COLOUR ( '', #1823 ) ;
#3497 = VECTOR ( 'NONE', #3654, 1000.000000000000000 ) ;
#3498 = VECTOR ( 'NONE', #3943, 1000.000000000000100 ) ;
#3499 = FILL_AREA_STYLE ('',( #2666 ) ) ;
#3501 =( NAMED_UNIT ( * ) SI_UNIT ( $, .STERADIAN. ) SOLID_ANGLE_UNIT ( ) );
#3500 = FILL_AREA_STYLE_COLOUR ( '', #2188 ) ;
#3502 = DIRECTION ( 'NONE',  ( -1.232047923278982200E-016, -0.0000000000000000000, -1.000000000000000000 ) ) ;
#3503 = VECTOR ( 'NONE', #1411, 1000.000000000000000 ) ;
#3504 = FILL_AREA_STYLE_COLOUR ( '', #4160 ) ;
#3505 = CARTESIAN_POINT ( 'NONE',  ( 1.269999999999998700, 0.0000000000000000000, -0.8700000000000003300 ) ) ;
#3506 = ORIENTED_EDGE ( 'NONE', *, *, #33, .F. ) ;
#3507 =( GEOMETRIC_REPRESENTATION_CONTEXT ( 3 ) GLOBAL_UNCERTAINTY_ASSIGNED_CONTEXT ( ( #1341 ) ) GLOBAL_UNIT_ASSIGNED_CONTEXT ( ( #4608, #2125, #5034 ) ) REPRESENTATION_CONTEXT ( 'NONE', 'WORKASPACE' ) );
#3508 = CARTESIAN_POINT ( 'NONE',  ( -0.2199999999999988100, -3.000000000000000000, 4.760000000000000700 ) ) ;
#3509 = ORIENTED_EDGE ( 'NONE', *, *, #1564, .T. ) ;
#3510 = DIRECTION ( 'NONE',  ( -0.7071067811865474600, -0.0000000000000000000, 0.7071067811865474600 ) ) ;
#3511 = EDGE_CURVE ( 'NONE', #3676, #278, #2746, .T. ) ;
#3512 = VECTOR ( 'NONE', #88, 1000.000000000000000 ) ;
#3513 =( LENGTH_UNIT ( ) NAMED_UNIT ( * ) SI_UNIT ( .MILLI., .METRE. ) );
#3514 = ORIENTED_EDGE ( 'NONE', *, *, #3363, .T. ) ;
#3515 = ORIENTED_EDGE ( 'NONE', *, *, #1353, .T. ) ;
#3516 = ORIENTED_EDGE ( 'NONE', *, *, #1286, .T. ) ;
#3517 = CARTESIAN_POINT ( 'NONE',  ( 0.8700000000000017700, 0.0000000000000000000, 11.43000000000000000 ) ) ;
#3518 = EDGE_LOOP ( 'NONE', ( #3021, #4791, #5451, #1937 ) ) ;
#3519 = ORIENTED_EDGE ( 'NONE', *, *, #3073, .T. ) ;
#3520 =( GEOMETRIC_REPRESENTATION_CONTEXT ( 3 ) GLOBAL_UNCERTAINTY_ASSIGNED_CONTEXT ( ( #1081 ) ) GLOBAL_UNIT_ASSIGNED_CONTEXT ( ( #1376, #4308, #1810 ) ) REPRESENTATION_CONTEXT ( 'NONE', 'WORKASPACE' ) );
#3521 = FACE_OUTER_BOUND ( 'NONE', #4226, .T. ) ;
#3522 = LINE ( 'NONE', #271, #252 ) ;
#3523 = LINE ( 'NONE', #1722, #116 ) ;
#3524 = CARTESIAN_POINT ( 'NONE',  ( -0.2199999999999980900, 8.339999999999999900, 7.939999999999999500 ) ) ;
#3525 = CARTESIAN_POINT ( 'NONE',  ( 0.0000000000000000000, 1.700000000000000000, 10.48000000000000000 ) ) ;
#3526 = CARTESIAN_POINT ( 'NONE',  ( 1.270000000000001400, 1.700000000000000000, 9.289999999999999100 ) ) ;
#3527 = EDGE_CURVE ( 'NONE', #2265, #2074, #3719, .T. ) ;
#3528 =( GEOMETRIC_REPRESENTATION_CONTEXT ( 3 ) GLOBAL_UNCERTAINTY_ASSIGNED_CONTEXT ( ( #4912 ) ) GLOBAL_UNIT_ASSIGNED_CONTEXT ( ( #3643, #1103, #4054 ) ) REPRESENTATION_CONTEXT ( 'NONE', 'WORKASPACE' ) );
#3529 = DIRECTION ( 'NONE',  ( -0.7071067811865475700, 0.0000000000000000000, -0.7071067811865475700 ) ) ;
#3530 = SURFACE_SIDE_STYLE ('',( #4649 ) ) ;
#3531 = SURFACE_STYLE_USAGE ( .BOTH. , #554 ) ;
#3532 =( NAMED_UNIT ( * ) PLANE_ANGLE_UNIT ( ) SI_UNIT ( $, .RADIAN. ) );
#3533 = PRESENTATION_LAYER_ASSIGNMENT (  '', '', ( #2990 ) ) ;
#3534 =( NAMED_UNIT ( * ) PLANE_ANGLE_UNIT ( ) SI_UNIT ( $, .RADIAN. ) );
#3535 = EDGE_CURVE ( 'NONE', #4865, #3180, #455, .T. ) ;
#3536 = VERTEX_POINT ( 'NONE', #2607 ) ;
#3537 = STYLED_ITEM ( 'NONE', ( #803 ), #2975 ) ;
#3538 = COLOUR_RGB ( '',1.000000000000000000, 1.000000000000000000, 1.000000000000000000 ) ;
#3539 = PLANE ( 'NONE',  #3077 ) ;
#3540 =( NAMED_UNIT ( * ) PLANE_ANGLE_UNIT ( ) SI_UNIT ( $, .RADIAN. ) );
#3541 = SURFACE_STYLE_USAGE ( .BOTH. , #567 ) ;
#3542 = FILL_AREA_STYLE_COLOUR ( '', #3174 ) ;
#3543 = LINE ( 'NONE', #792, #1300 ) ;
#3544 = EDGE_CURVE ( 'NONE', #917, #1464, #1327, .T. ) ;
#3545 = FACE_OUTER_BOUND ( 'NONE', #2335, .T. ) ;
#3546 = UNCERTAINTY_MEASURE_WITH_UNIT (LENGTH_MEASURE( 1.000000000000000100E-005 ), #4588, 'distance_accuracy_value', 'NONE');
#3547 = CARTESIAN_POINT ( 'NONE',  ( 1.269999999999999400, 1.700000000000000000, 1.669999999999999900 ) ) ;
#3548 = DIRECTION ( 'NONE',  ( 0.0000000000000000000, 1.000000000000000000, 0.0000000000000000000 ) ) ;
#3549 = EDGE_CURVE ( 'NONE', #3550, #1636, #2479, .T. ) ;
#3550 = VERTEX_POINT ( 'NONE', #3440 ) ;
#3551 = STYLED_ITEM ( 'NONE', ( #2526 ), #4020 ) ;
#3552 = CARTESIAN_POINT ( 'NONE',  ( 1.270000000000001800, 1.700000000000000000, 11.02999999999999900 ) ) ;
#3553 = VECTOR ( 'NONE', #2705, 1000.000000000000000 ) ;
#3554 =( NAMED_UNIT ( * ) SI_UNIT ( $, .STERADIAN. ) SOLID_ANGLE_UNIT ( ) );
#3555 = FILL_AREA_STYLE_COLOUR ( '', #4217 ) ;
#3556 = CLOSED_SHELL ( 'NONE', ( #4892, #3303, #5271, #3681, #4952, #2427, #2169, #659, #4181, #3757, #1712, #624, #2817, #4585, #208, #3737, #1292, #4924, #2110, #2843, #1658, #4420, #4537, #5463, #4080, #3383, #227, #773, #1910, #3706, #2558, #5051, #1578, #373, #4860, #4974, #4232, #717, #325, #4613, #291, #2, #2920, #4051, #5435, #4508, #4640, #3329, #867, #1685, #4567, #2034, #3242, #1063, #2136, #1633, #1510, #1177, #1486, #2084, #5303, #2975, #4108, #3838, #1205, #5413, #3191, #410, #1229, #2477, #5327, #3213, #2577, #2385, #1547, #5382, #3618, #2527, #1993, #3410, #748, #2362, #4998, #3783, #4447, #437, #1263, #348, #1602, #3651, #5234, #689, #2867, #3357, #4481, #4204, #5360, #3591, #4152, #1968, #5028, #829, #1119, #2788, #3815, #2952, #2059, #3276, #1094, #2451 ) ) ;
#3557 = CARTESIAN_POINT ( 'NONE',  ( -0.3199999999999975100, -3.000000000000000000, 9.940000000000001300 ) ) ;
#3558 = PRESENTATION_LAYER_ASSIGNMENT (  '', '', ( #3027 ) ) ;
#3559 = CARTESIAN_POINT ( 'NONE',  ( 0.3200000000000025000, 8.339999999999999900, 9.940000000000001300 ) ) ;
#3560 = DIRECTION ( 'NONE',  ( 0.7071067811865475700, -0.0000000000000000000, 0.7071067811865475700 ) ) ;
#3561 = ORIENTED_EDGE ( 'NONE', *, *, #3705, .T. ) ;
#3562 = VERTEX_POINT ( 'NONE', #4262 ) ;
#3563 = SURFACE_STYLE_FILL_AREA ( #3784 ) ;
#3564 = CARTESIAN_POINT ( 'NONE',  ( -0.8699999999999985500, 0.0000000000000000000, 6.349999999999999600 ) ) ;
#3565 = VERTEX_POINT ( 'NONE', #2197 ) ;
#3566 = ORIENTED_EDGE ( 'NONE', *, *, #991, .F. ) ;
#3567 = VECTOR ( 'NONE', #3058, 1000.000000000000100 ) ;
#3568 = ORIENTED_EDGE ( 'NONE', *, *, #1312, .F. ) ;
#3569 = DIRECTION ( 'NONE',  ( -0.7071067811865474600, 0.0000000000000000000, -0.7071067811865474600 ) ) ;
#3570 = FILL_AREA_STYLE_COLOUR ( '', #4509 ) ;
#3571 = DIRECTION ( 'NONE',  ( 0.0000000000000000000, 1.000000000000000000, 0.0000000000000000000 ) ) ;
#3572 = ORIENTED_EDGE ( 'NONE', *, *, #2304, .T. ) ;
#3573 = VECTOR ( 'NONE', #10, 1000.000000000000100 ) ;
#3574 = AXIS2_PLACEMENT_3D ( 'NONE', #268, #3263, #699 ) ;
#3575 = ORIENTED_EDGE ( 'NONE', *, *, #2908, .F. ) ;
#3576 = ORIENTED_EDGE ( 'NONE', *, *, #1576, .F. ) ;
#3577 = EDGE_CURVE ( 'NONE', #2343, #3135, #2340, .T. ) ;
#3578 = VERTEX_POINT ( 'NONE', #5095 ) ;
#3579 = MECHANICAL_DESIGN_GEOMETRIC_PRESENTATION_REPRESENTATION (  '', ( #2760 ), #3868 ) ;
#3580 = SURFACE_SIDE_STYLE ('',( #4240 ) ) ;
#3581 = PRESENTATION_STYLE_ASSIGNMENT (( #1638 ) ) ;
#3582 =( NAMED_UNIT ( * ) SI_UNIT ( $, .STERADIAN. ) SOLID_ANGLE_UNIT ( ) );
#3583 = DIRECTION ( 'NONE',  ( -0.7071067811865474600, -0.0000000000000000000, -0.7071067811865474600 ) ) ;
#3584 =( NAMED_UNIT ( * ) SI_UNIT ( $, .STERADIAN. ) SOLID_ANGLE_UNIT ( ) );
#3585 = VECTOR ( 'NONE', #4705, 1000.000000000000100 ) ;
#3586 = EDGE_LOOP ( 'NONE', ( #3781, #2041, #4202, #90 ) ) ;
#3587 = ORIENTED_EDGE ( 'NONE', *, *, #3170, .T. ) ;
#3588 = CARTESIAN_POINT ( 'NONE',  ( -0.2199999999999975600, -3.000000000000000000, 9.839999999999999900 ) ) ;
#3589 = LINE ( 'NONE', #1409, #327 ) ;
#3590 = AXIS2_PLACEMENT_3D ( 'NONE', #4474, #1980, #4901 ) ;
#3591 = ADVANCED_FACE ( 'NONE', ( #4546 ), #3465, .T. ) ;
#3592 = AXIS2_PLACEMENT_3D ( 'NONE', #2580, #5479, #3016 ) ;
#3593 = CARTESIAN_POINT ( 'NONE',  ( -0.3200000000000000600, 8.339999999999999900, -0.2200000000000000800 ) ) ;
#3594 =( NAMED_UNIT ( * ) PLANE_ANGLE_UNIT ( ) SI_UNIT ( $, .RADIAN. ) );
#3595 = LINE ( 'NONE', #70, #4684 ) ;
#3596 = COLOUR_RGB ( '',0.0000000000000000000, 0.03529411764705882300, 0.05882352941176470500 ) ;
#3597 = EDGE_CURVE ( 'NONE', #4656, #5404, #5118, .T. ) ;
#3598 = CARTESIAN_POINT ( 'NONE',  ( -0.2199999999999980900, -3.000000000000000000, 7.939999999999999500 ) ) ;
#3599 = AXIS2_PLACEMENT_3D ( 'NONE', #4154, #1650, #4577 ) ;
#3600 = LINE ( 'NONE', #4849, #3473 ) ;
#3601 = FILL_AREA_STYLE_COLOUR ( '', #3821 ) ;
#3602 = CARTESIAN_POINT ( 'NONE',  ( -0.3199999999999988400, -3.000000000000000000, 4.860000000000000300 ) ) ;
#3603 = FILL_AREA_STYLE ('',( #4033 ) ) ;
#3604 = DIRECTION ( 'NONE',  ( 0.0000000000000000000, 0.0000000000000000000, 1.000000000000000000 ) ) ;
#3605 = DIRECTION ( 'NONE',  ( -0.7071067811865474600, 0.0000000000000000000, -0.7071067811865474600 ) ) ;
#3606 = SURFACE_STYLE_USAGE ( .BOTH. , #619 ) ;
#3607 = MECHANICAL_DESIGN_GEOMETRIC_PRESENTATION_REPRESENTATION (  '', ( #3053 ), #3886 ) ;
#3608 = LINE ( 'NONE', #4879, #340 ) ;
#3609 = CARTESIAN_POINT ( 'NONE',  ( 1.270000000000001400, 0.0000000000000000000, 9.289999999999999100 ) ) ;
#3610 = CARTESIAN_POINT ( 'NONE',  ( 1.269999999999999100, 1.700000000000000000, 0.8699999999999994400 ) ) ;
#3611 = MECHANICAL_DESIGN_GEOMETRIC_PRESENTATION_REPRESENTATION (  '', ( #2790 ), #3892 ) ;
#3612 = SURFACE_SIDE_STYLE ('',( #2320 ) ) ;
#3613 = SURFACE_STYLE_USAGE ( .BOTH. , #5335 ) ;
#3614 = SURFACE_STYLE_FILL_AREA ( #297 ) ;
#3615 = UNCERTAINTY_MEASURE_WITH_UNIT (LENGTH_MEASURE( 1.000000000000000100E-005 ), #157, 'distance_accuracy_value', 'NONE');
#3616 = CARTESIAN_POINT ( 'NONE',  ( -0.8699999999999976600, 1.700000000000000000, 11.43000000000000100 ) ) ;
#3617 = DIRECTION ( 'NONE',  ( -0.7071067811865474600, 0.0000000000000000000, -0.7071067811865474600 ) ) ;
#3618 = ADVANCED_FACE ( 'NONE', ( #2939 ), #3477, .T. ) ;
#3619 =( NAMED_UNIT ( * ) SI_UNIT ( $, .STERADIAN. ) SOLID_ANGLE_UNIT ( ) );
#3620 = EDGE_CURVE ( 'NONE', #4021, #3117, #2538, .T. ) ;
#3621 = CARTESIAN_POINT ( 'NONE',  ( 0.3200000000000025600, 8.339999999999999900, 10.38000000000000100 ) ) ;
#3622 = EDGE_CURVE ( 'NONE', #1994, #683, #375, .T. ) ;
#3623 = MECHANICAL_DESIGN_GEOMETRIC_PRESENTATION_REPRESENTATION (  '', ( #2799 ), #3903 ) ;
#3624 = CARTESIAN_POINT ( 'NONE',  ( 0.2200000000000006700, 0.2999999999999999300, 2.860000000000000300 ) ) ;
#3625 = UNCERTAINTY_MEASURE_WITH_UNIT (LENGTH_MEASURE( 1.000000000000000100E-005 ), #159, 'distance_accuracy_value', 'NONE');
#3626 = EDGE_CURVE ( 'NONE', #5487, #3938, #1384, .T. ) ;
#3627 = LINE ( 'NONE', #5313, #3497 ) ;
#3628 = LINE ( 'NONE', #563, #3498 ) ;
#3629 = CARTESIAN_POINT ( 'NONE',  ( 1.269999999999999800, 0.0000000000000000000, 3.409999999999999700 ) ) ;
#3630 = EDGE_CURVE ( 'NONE', #1717, #4031, #4603, .T. ) ;
#3631 = MECHANICAL_DESIGN_GEOMETRIC_PRESENTATION_REPRESENTATION (  '', ( #2806 ), #3914 ) ;
#3632 = ORIENTED_EDGE ( 'NONE', *, *, #2726, .T. ) ;
#3633 =( NAMED_UNIT ( * ) PLANE_ANGLE_UNIT ( ) SI_UNIT ( $, .RADIAN. ) );
#3634 = PLANE ( 'NONE',  #2692 ) ;
#3635 = COLOUR_RGB ( '',1.000000000000000000, 1.000000000000000000, 1.000000000000000000 ) ;
#3636 = CARTESIAN_POINT ( 'NONE',  ( -0.8699999999999976600, 0.0000000000000000000, 11.43000000000000100 ) ) ;
#3637 = ORIENTED_EDGE ( 'NONE', *, *, #4143, .F. ) ;
#3638 =( LENGTH_UNIT ( ) NAMED_UNIT ( * ) SI_UNIT ( .MILLI., .METRE. ) );
#3639 = ORIENTED_EDGE ( 'NONE', *, *, #1651, .T. ) ;
#3640 = STYLED_ITEM ( 'NONE', ( #1021 ), #5234 ) ;
#3641 =( NAMED_UNIT ( * ) SI_UNIT ( $, .STERADIAN. ) SOLID_ANGLE_UNIT ( ) );
#3642 = VECTOR ( 'NONE', #2697, 1000.000000000000000 ) ;
#3643 =( LENGTH_UNIT ( ) NAMED_UNIT ( * ) SI_UNIT ( .MILLI., .METRE. ) );
#3644 = ORIENTED_EDGE ( 'NONE', *, *, #197, .T. ) ;
#3645 = SURFACE_STYLE_FILL_AREA ( #4324 ) ;
#3646 = DIRECTION ( 'NONE',  ( -1.232047923278982200E-016, 0.0000000000000000000, -1.000000000000000000 ) ) ;
#3647 = VERTEX_POINT ( 'NONE', #3919 ) ;
#3648 = FILL_AREA_STYLE ('',( #3231 ) ) ;
#3649 = ORIENTED_EDGE ( 'NONE', *, *, #77, .F. ) ;
#3650 = ORIENTED_EDGE ( 'NONE', *, *, #5015, .F. ) ;
#3651 = ADVANCED_FACE ( 'NONE', ( #2403 ), #3932, .T. ) ;
#3652 = VECTOR ( 'NONE', #383, 1000.000000000000000 ) ;
#3653 = SURFACE_SIDE_STYLE ('',( #5337 ) ) ;
#3654 = DIRECTION ( 'NONE',  ( 0.0000000000000000000, 1.000000000000000000, 0.0000000000000000000 ) ) ;
#3655 = ORIENTED_EDGE ( 'NONE', *, *, #1936, .T. ) ;
#3656 = ORIENTED_EDGE ( 'NONE', *, *, #861, .F. ) ;
#3657 =( NAMED_UNIT ( * ) SI_UNIT ( $, .STERADIAN. ) SOLID_ANGLE_UNIT ( ) );
#3658 = VECTOR ( 'NONE', #5194, 1000.000000000000100 ) ;
#3659 = DIRECTION ( 'NONE',  ( 0.0000000000000000000, 0.0000000000000000000, -1.000000000000000000 ) ) ;
#3660 =( LENGTH_UNIT ( ) NAMED_UNIT ( * ) SI_UNIT ( .MILLI., .METRE. ) );
#3661 =( LENGTH_UNIT ( ) NAMED_UNIT ( * ) SI_UNIT ( .MILLI., .METRE. ) );
#3662 = CARTESIAN_POINT ( 'NONE',  ( 1.269999999999998700, 1.700000000000000000, -0.8700000000000003300 ) ) ;
#3663 = VECTOR ( 'NONE', #2139, 1000.000000000000100 ) ;
#3664 = VECTOR ( 'NONE', #5138, 1000.000000000000000 ) ;
#3665 = SURFACE_STYLE_FILL_AREA ( #3966 ) ;
#3666 = LINE ( 'NONE', #824, #3353 ) ;
#3667 = VECTOR ( 'NONE', #1985, 1000.000000000000100 ) ;
#3668 = SURFACE_STYLE_FILL_AREA ( #4883 ) ;
#3669 =( GEOMETRIC_REPRESENTATION_CONTEXT ( 3 ) GLOBAL_UNCERTAINTY_ASSIGNED_CONTEXT ( ( #3787 ) ) GLOBAL_UNIT_ASSIGNED_CONTEXT ( ( #2003, #4919, #2436 ) ) REPRESENTATION_CONTEXT ( 'NONE', 'WORKASPACE' ) );
#3670 = DIRECTION ( 'NONE',  ( -1.000000000000000000, -0.0000000000000000000, -0.0000000000000000000 ) ) ;
#3671 = CARTESIAN_POINT ( 'NONE',  ( -0.3199999999999994500, 1.700000000000000200, 2.319999999999999800 ) ) ;
#3672 = SURFACE_STYLE_FILL_AREA ( #2915 ) ;
#3673 = SURFACE_STYLE_FILL_AREA ( #1919 ) ;
#3674 = PRESENTATION_LAYER_ASSIGNMENT (  '', '', ( #3119 ) ) ;
#3675 = PLANE ( 'NONE',  #4493 ) ;
#3676 = VERTEX_POINT ( 'NONE', #2379 ) ;
#3677 = EDGE_LOOP ( 'NONE', ( #4338, #5258, #4099, #3339 ) ) ;
#3678 = FILL_AREA_STYLE ('',( #2423 ) ) ;
#3679 = CARTESIAN_POINT ( 'NONE',  ( -1.269999999999999800, 1.700000000000000000, 1.669999999999999900 ) ) ;
#3680 = LINE ( 'NONE', #535, #275 ) ;
#3681 = ADVANCED_FACE ( 'NONE', ( #5180 ), #1533, .F. ) ;
#3682 = CARTESIAN_POINT ( 'NONE',  ( 1.269999999999999400, 1.700000000000000000, 1.669999999999999900 ) ) ;
#3683 = ORIENTED_EDGE ( 'NONE', *, *, #5232, .T. ) ;
#3684 =( NAMED_UNIT ( * ) PLANE_ANGLE_UNIT ( ) SI_UNIT ( $, .RADIAN. ) );
#3685 = LINE ( 'NONE', #2079, #4639 ) ;
#3686 = FILL_AREA_STYLE_COLOUR ( '', #1280 ) ;
#3687 = FACE_OUTER_BOUND ( 'NONE', #1420, .T. ) ;
#3688 = DIRECTION ( 'NONE',  ( 0.7071067811865474600, 0.0000000000000000000, 0.7071067811865474600 ) ) ;
#3689 = SURFACE_STYLE_FILL_AREA ( #2718 ) ;
#3690 = DIRECTION ( 'NONE',  ( 2.464095846557964400E-016, 0.0000000000000000000, 1.000000000000000000 ) ) ;
#3691 = STYLED_ITEM ( 'NONE', ( #4471 ), #3651 ) ;
#3692 = EDGE_CURVE ( 'NONE', #1598, #307, #4796, .T. ) ;
#3693 = PRESENTATION_LAYER_ASSIGNMENT (  '', '', ( #3138 ) ) ;
#3694 = CARTESIAN_POINT ( 'NONE',  ( 0.8700000000000005500, 0.0000000000000000000, 6.349999999999999600 ) ) ;
#3695 = DIRECTION ( 'NONE',  ( -0.7071067811865474600, 0.0000000000000000000, 0.7071067811865474600 ) ) ;
#3696 = LINE ( 'NONE', #4322, #288 ) ;
#3697 =( NAMED_UNIT ( * ) SI_UNIT ( $, .STERADIAN. ) SOLID_ANGLE_UNIT ( ) );
#3698 =( NAMED_UNIT ( * ) PLANE_ANGLE_UNIT ( ) SI_UNIT ( $, .RADIAN. ) );
#3699 = DIRECTION ( 'NONE',  ( -0.7071067811865474600, 0.0000000000000000000, 0.7071067811865474600 ) ) ;
#3700 = ORIENTED_EDGE ( 'NONE', *, *, #2152, .T. ) ;
#3701 = STYLED_ITEM ( 'NONE', ( #973 ), #4537 ) ;
#3702 = FILL_AREA_STYLE_COLOUR ( '', #727 ) ;
#3703 = STYLED_ITEM ( 'NONE', ( #5208 ), #410 ) ;
#3704 = AXIS2_PLACEMENT_3D ( 'NONE', #2848, #2861, #2828 ) ;
#3705 = EDGE_CURVE ( 'NONE', #4386, #2801, #854, .T. ) ;
#3706 = ADVANCED_FACE ( 'NONE', ( #2601 ), #4071, .F. ) ;
#3707 = STYLED_ITEM ( 'NONE', ( #404 ), #2427 ) ;
#3708 = ORIENTED_EDGE ( 'NONE', *, *, #4092, .T. ) ;
#3709 =( LENGTH_UNIT ( ) NAMED_UNIT ( * ) SI_UNIT ( .MILLI., .METRE. ) );
#3710 = ORIENTED_EDGE ( 'NONE', *, *, #3310, .F. ) ;
#3711 = SURFACE_STYLE_FILL_AREA ( #1561 ) ;
#3712 = CARTESIAN_POINT ( 'NONE',  ( -0.8699999999999987700, 1.700000000000000000, 6.349999999999999600 ) ) ;
#3713 = LINE ( 'NONE', #2640, #3567 ) ;
#3714 =( LENGTH_UNIT ( ) NAMED_UNIT ( * ) SI_UNIT ( .MILLI., .METRE. ) );
#3715 = ORIENTED_EDGE ( 'NONE', *, *, #1777, .T. ) ;
#3716 = ORIENTED_EDGE ( 'NONE', *, *, #5289, .T. ) ;
#3717 =( GEOMETRIC_REPRESENTATION_CONTEXT ( 3 ) GLOBAL_UNCERTAINTY_ASSIGNED_CONTEXT ( ( #4920 ) ) GLOBAL_UNIT_ASSIGNED_CONTEXT ( ( #3513, #976, #3934 ) ) REPRESENTATION_CONTEXT ( 'NONE', 'WORKASPACE' ) );
#3718 =( NAMED_UNIT ( * ) PLANE_ANGLE_UNIT ( ) SI_UNIT ( $, .RADIAN. ) );
#3719 = LINE ( 'NONE', #4659, #315 ) ;
#3720 = EDGE_LOOP ( 'NONE', ( #4392, #248, #4348, #3127 ) ) ;
#3721 = CLOSED_SHELL ( 'NONE', ( #1154, #806, #267, #3003, #2506, #1940, #2903, #4128, #4839, #4020 ) ) ;
#3722 = ORIENTED_EDGE ( 'NONE', *, *, #2124, .F. ) ;
#3723 =( NAMED_UNIT ( * ) SI_UNIT ( $, .STERADIAN. ) SOLID_ANGLE_UNIT ( ) );
#3724 = VECTOR ( 'NONE', #2026, 1000.000000000000100 ) ;
#3725 = UNCERTAINTY_MEASURE_WITH_UNIT (LENGTH_MEASURE( 1.000000000000000100E-005 ), #556, 'distance_accuracy_value', 'NONE');
#3726 = VECTOR ( 'NONE', #4675, 1000.000000000000100 ) ;
#3727 = CARTESIAN_POINT ( 'NONE',  ( -0.3199999999999980600, -3.000000000000000000, 7.839999999999999900 ) ) ;
#3728 = PRESENTATION_LAYER_ASSIGNMENT (  '', '', ( #3164 ) ) ;
#3729 = ORIENTED_EDGE ( 'NONE', *, *, #3445, .T. ) ;
#3730 = PRESENTATION_STYLE_ASSIGNMENT (( #4424 ) ) ;
#3731 = DIRECTION ( 'NONE',  ( -0.7071067811865474600, 0.0000000000000000000, 0.7071067811865474600 ) ) ;
#3732 = EDGE_CURVE ( 'NONE', #5458, #2416, #1052, .T. ) ;
#3733 = SURFACE_STYLE_FILL_AREA ( #5396 ) ;
#3734 = DIRECTION ( 'NONE',  ( 2.464095846557964400E-016, 0.0000000000000000000, 1.000000000000000000 ) ) ;
#3735 = EDGE_CURVE ( 'NONE', #5121, #5110, #4275, .T. ) ;
#3736 = DIRECTION ( 'NONE',  ( 0.7071067811865474600, 0.0000000000000000000, -0.7071067811865474600 ) ) ;
#3737 = ADVANCED_FACE ( 'NONE', ( #5247 ), #4925, .F. ) ;
#3738 = PRESENTATION_LAYER_ASSIGNMENT (  '', '', ( #3176 ) ) ;
#3739 = SURFACE_STYLE_USAGE ( .BOTH. , #761 ) ;
#3740 = CARTESIAN_POINT ( 'NONE',  ( 0.8700000000000017700, 0.0000000000000000000, 11.43000000000000000 ) ) ;
#3741 = VECTOR ( 'NONE', #2784, 1000.000000000000000 ) ;
#3742 = SURFACE_STYLE_FILL_AREA ( #1031 ) ;
#3743 = PRESENTATION_LAYER_ASSIGNMENT (  '', '', ( #3179 ) ) ;
#3744 =( NAMED_UNIT ( * ) PLANE_ANGLE_UNIT ( ) SI_UNIT ( $, .RADIAN. ) );
#3745 = FACE_OUTER_BOUND ( 'NONE', #457, .T. ) ;
#3746 = ORIENTED_EDGE ( 'NONE', *, *, #2860, .T. ) ;
#3747 = FACE_OUTER_BOUND ( 'NONE', #4151, .T. ) ;
#3748 =( GEOMETRIC_REPRESENTATION_CONTEXT ( 3 ) GLOBAL_UNCERTAINTY_ASSIGNED_CONTEXT ( ( #3797 ) ) GLOBAL_UNIT_ASSIGNED_CONTEXT ( ( #4384, #1903, #4824 ) ) REPRESENTATION_CONTEXT ( 'NONE', 'WORKASPACE' ) );
#3749 = DIRECTION ( 'NONE',  ( -0.7071067811865474600, -0.0000000000000000000, 0.7071067811865474600 ) ) ;
#3750 = VECTOR ( 'NONE', #2595, 1000.000000000000000 ) ;
#3751 = CARTESIAN_POINT ( 'NONE',  ( -0.3199999999999974000, 1.700000000000000000, 10.38000000000000100 ) ) ;
#3752 = DIRECTION ( 'NONE',  ( 0.7071067811865474600, 0.0000000000000000000, -0.7071067811865474600 ) ) ;
#3753 = VECTOR ( 'NONE', #692, 1000.000000000000100 ) ;
#3754 =( NAMED_UNIT ( * ) SI_UNIT ( $, .STERADIAN. ) SOLID_ANGLE_UNIT ( ) );
#3755 = CARTESIAN_POINT ( 'NONE',  ( 1.270000000000000500, 1.700000000000000000, 5.949999999999999300 ) ) ;
#3756 = SURFACE_STYLE_FILL_AREA ( #1886 ) ;
#3757 = ADVANCED_FACE ( 'NONE', ( #2805 ), #5361, .F. ) ;
#3758 = CARTESIAN_POINT ( 'NONE',  ( 1.270000000000001100, 0.0000000000000000000, 8.489999999999998400 ) ) ;
#3759 = LINE ( 'NONE', #942, #981 ) ;
#3760 = ORIENTED_EDGE ( 'NONE', *, *, #1924, .F. ) ;
#3761 = DIRECTION ( 'NONE',  ( 1.000000000000000000, 0.0000000000000000000, -1.232047923278982200E-016 ) ) ;
#3762 = LINE ( 'NONE', #438, #2658 ) ;
#3764 = CARTESIAN_POINT ( 'NONE',  ( 1.000000000000000200, 1.700000000000000000, 1.000000000000000200 ) ) ;
#3763 = DIRECTION ( 'NONE',  ( 0.7071067811865474600, 0.0000000000000000000, 0.7071067811865474600 ) ) ;
#3765 = PLANE ( 'NONE',  #5255 ) ;
#3766 = VERTEX_POINT ( 'NONE', #2459 ) ;
#3767 = ORIENTED_EDGE ( 'NONE', *, *, #5469, .F. ) ;
#3768 = MECHANICAL_DESIGN_GEOMETRIC_PRESENTATION_REPRESENTATION (  '', ( #3214 ), #4042 ) ;
#3769 = MECHANICAL_DESIGN_GEOMETRIC_PRESENTATION_REPRESENTATION (  '', ( #2948 ), #4043 ) ;
#3770 = VERTEX_POINT ( 'NONE', #2910 ) ;
#3771 = CARTESIAN_POINT ( 'NONE',  ( -0.2199999999999975600, 0.2999999999999999300, 9.839999999999999900 ) ) ;
#3772 = ORIENTED_EDGE ( 'NONE', *, *, #980, .T. ) ;
#3773 = MECHANICAL_DESIGN_GEOMETRIC_PRESENTATION_REPRESENTATION (  '', ( #2953 ), #4046 ) ;
#3774 = ORIENTED_EDGE ( 'NONE', *, *, #5026, .F. ) ;
#3775 = ORIENTED_EDGE ( 'NONE', *, *, #1887, .F. ) ;
#3776 = CARTESIAN_POINT ( 'NONE',  ( -1.270000000000000000, 0.0000000000000000000, 0.8699999999999998800 ) ) ;
#3777 = VECTOR ( 'NONE', #4591, 1000.000000000000000 ) ;
#3778 = CARTESIAN_POINT ( 'NONE',  ( -0.2199999999999974500, -3.000000000000000000, 10.48000000000000000 ) ) ;
#3779 = SURFACE_STYLE_USAGE ( .BOTH. , #812 ) ;
#3780 = LINE ( 'NONE', #4319, #1536 ) ;
#3781 = ORIENTED_EDGE ( 'NONE', *, *, #4526, .F. ) ;
#3782 = ORIENTED_EDGE ( 'NONE', *, *, #4835, .T. ) ;
#3783 = ADVANCED_FACE ( 'NONE', ( #91 ), #4960, .F. ) ;
#3785 = DIRECTION ( 'NONE',  ( 0.0000000000000000000, 1.000000000000000000, 0.0000000000000000000 ) ) ;
#3784 = FILL_AREA_STYLE ('',( #2528 ) ) ;
#3786 = LINE ( 'NONE', #3593, #3658 ) ;
#3787 = UNCERTAINTY_MEASURE_WITH_UNIT (LENGTH_MEASURE( 1.000000000000000100E-005 ), #2003, 'distance_accuracy_value', 'NONE');
#3788 = DIRECTION ( 'NONE',  ( -1.000000000000000000, 0.0000000000000000000, 0.0000000000000000000 ) ) ;
#3789 = PLANE ( 'NONE',  #4321 ) ;
#3790 = VECTOR ( 'NONE', #2119, 1000.000000000000100 ) ;
#3791 = LINE ( 'NONE', #93, #3664 ) ;
#3792 = CARTESIAN_POINT ( 'NONE',  ( -0.8700000000000005500, 1.700000000000000000, -1.270000000000000200 ) ) ;
#3793 = VECTOR ( 'NONE', #126, 1000.000000000000000 ) ;
#3794 = VECTOR ( 'NONE', #3752, 1000.000000000000100 ) ;
#3795 = EDGE_CURVE ( 'NONE', #909, #2750, #4089, .T. ) ;
#3796 = VECTOR ( 'NONE', #2399, 1000.000000000000100 ) ;
#3797 = UNCERTAINTY_MEASURE_WITH_UNIT (LENGTH_MEASURE( 1.000000000000000100E-005 ), #4384, 'distance_accuracy_value', 'NONE');
#3798 = FACE_OUTER_BOUND ( 'NONE', #4430, .T. ) ;
#3799 = FACE_BOUND ( 'NONE', #5288, .T. ) ;
#3800 = CARTESIAN_POINT ( 'NONE',  ( 0.0000000000000000000, -3.000000000000000000, 0.0000000000000000000 ) ) ;
#3801 = VECTOR ( 'NONE', #4439, 1000.000000000000100 ) ;
#3802 = CARTESIAN_POINT ( 'NONE',  ( 1.270000000000001400, 0.0000000000000000000, 9.289999999999999100 ) ) ;
#3803 = LINE ( 'NONE', #5369, #2706 ) ;
#3804 = VECTOR ( 'NONE', #1950, 1000.000000000000100 ) ;
#3805 =( LENGTH_UNIT ( ) NAMED_UNIT ( * ) SI_UNIT ( .MILLI., .METRE. ) );
#3806 = DIRECTION ( 'NONE',  ( -0.7071067811865474600, 0.0000000000000000000, 0.7071067811865474600 ) ) ;
#3807 = ORIENTED_EDGE ( 'NONE', *, *, #2711, .F. ) ;
#3808 = STYLED_ITEM ( 'NONE', ( #50 ), #208 ) ;
#3809 = EDGE_CURVE ( 'NONE', #4550, #3195, #1992, .T. ) ;
#3810 = CARTESIAN_POINT ( 'NONE',  ( 0.3200000000000012300, 1.700000000000000000, 4.860000000000000300 ) ) ;
#3811 = FACE_OUTER_BOUND ( 'NONE', #528, .T. ) ;
#3812 = CARTESIAN_POINT ( 'NONE',  ( 0.8699999999999992200, 1.700000000000000000, 1.269999999999999400 ) ) ;
#3813 = ORIENTED_EDGE ( 'NONE', *, *, #2759, .F. ) ;
#3814 = LINE ( 'NONE', #4971, #1571 ) ;
#3815 = ADVANCED_FACE ( 'NONE', ( #2999 ), #4153, .T. ) ;
#3816 = VECTOR ( 'NONE', #794, 1000.000000000000100 ) ;
#3817 = PRESENTATION_STYLE_ASSIGNMENT (( #809 ) ) ;
#3818 = ORIENTED_EDGE ( 'NONE', *, *, #1838, .T. ) ;
#3819 = MECHANICAL_DESIGN_GEOMETRIC_PRESENTATION_REPRESENTATION (  '', ( #2990 ), #4090 ) ;
#3820 = FILL_AREA_STYLE_COLOUR ( '', #4253 ) ;
#3821 = COLOUR_RGB ( '',1.000000000000000000, 1.000000000000000000, 1.000000000000000000 ) ;
#3822 = EDGE_CURVE ( 'NONE', #985, #3201, #302, .T. ) ;
#3824 = FILL_AREA_STYLE ('',( #5043 ) ) ;
#3823 = CARTESIAN_POINT ( 'NONE',  ( 0.3200000000000019500, 0.2999999999999999300, 7.839999999999999900 ) ) ;
#3825 = CARTESIAN_POINT ( 'NONE',  ( -0.3199999999999981700, -3.000000000000000000, 7.400000000000000400 ) ) ;
#3826 = AXIS2_PLACEMENT_3D ( 'NONE', #4300, #1800, #4712 ) ;
#3827 = DIRECTION ( 'NONE',  ( -1.000000000000000000, -0.0000000000000000000, -0.0000000000000000000 ) ) ;
#3828 = ORIENTED_EDGE ( 'NONE', *, *, #1443, .T. ) ;
#3829 =( NAMED_UNIT ( * ) SI_UNIT ( $, .STERADIAN. ) SOLID_ANGLE_UNIT ( ) );
#3830 = COLOUR_RGB ( '',0.0000000000000000000, 0.03529411764705882300, 0.05882352941176470500 ) ;
#3831 = EDGE_CURVE ( 'NONE', #4213, #1733, #1448, .T. ) ;
#3832 = ORIENTED_EDGE ( 'NONE', *, *, #5188, .F. ) ;
#3833 = EDGE_CURVE ( 'NONE', #909, #1598, #4658, .T. ) ;
#3834 = AXIS2_PLACEMENT_3D ( 'NONE', #2549, #5443, #2977 ) ;
#3835 = CARTESIAN_POINT ( 'NONE',  ( -1.269999999999999400, 1.700000000000000000, 3.409999999999999700 ) ) ;
#3836 = EDGE_LOOP ( 'NONE', ( #4209, #2140, #1197, #1069, #2135, #2813, #86, #96 ) ) ;
#3837 = ORIENTED_EDGE ( 'NONE', *, *, #5201, .F. ) ;
#3838 = ADVANCED_FACE ( 'NONE', ( #1316 ), #813, .T. ) ;
#3839 = CARTESIAN_POINT ( 'NONE',  ( 0.2200000000000000300, -3.000000000000000000, 0.3199999999999999500 ) ) ;
#3840 = VECTOR ( 'NONE', #1742, 1000.000000000000000 ) ;
#3841 = ORIENTED_EDGE ( 'NONE', *, *, #5307, .T. ) ;
#3842 = ORIENTED_EDGE ( 'NONE', *, *, #2711, .T. ) ;
#3843 = EDGE_LOOP ( 'NONE', ( #5008, #1134, #1532, #3904 ) ) ;
#3844 = DIRECTION ( 'NONE',  ( 0.0000000000000000000, 1.000000000000000000, 0.0000000000000000000 ) ) ;
#3845 = VECTOR ( 'NONE', #819, 1000.000000000000100 ) ;
#3846 = FACE_OUTER_BOUND ( 'NONE', #858, .T. ) ;
#3847 = FILL_AREA_STYLE_COLOUR ( '', #2698 ) ;
#3848 = EDGE_LOOP ( 'NONE', ( #2590, #2670, #5065, #1779, #1856, #1262, #523, #5398 ) ) ;
#3849 = ORIENTED_EDGE ( 'NONE', *, *, #3535, .F. ) ;
#3850 = ORIENTED_EDGE ( 'NONE', *, *, #2981, .F. ) ;
#3851 = MECHANICAL_DESIGN_GEOMETRIC_PRESENTATION_REPRESENTATION (  '', ( #3027 ), #4118 ) ;
#3852 = LINE ( 'NONE', #2826, #4813 ) ;
#3853 = ORIENTED_EDGE ( 'NONE', *, *, #4355, .T. ) ;
#3854 =( LENGTH_UNIT ( ) NAMED_UNIT ( * ) SI_UNIT ( .MILLI., .METRE. ) );
#3855 = UNCERTAINTY_MEASURE_WITH_UNIT (LENGTH_MEASURE( 1.000000000000000100E-005 ), #4045, 'distance_accuracy_value', 'NONE');
#3856 = VECTOR ( 'NONE', #606, 1000.000000000000100 ) ;
#3858 = DIRECTION ( 'NONE',  ( -0.7071067811865474600, 0.0000000000000000000, 0.7071067811865474600 ) ) ;
#3857 =( NAMED_UNIT ( * ) SI_UNIT ( $, .STERADIAN. ) SOLID_ANGLE_UNIT ( ) );
#3859 = VECTOR ( 'NONE', #906, 1000.000000000000000 ) ;
#3860 = CARTESIAN_POINT ( 'NONE',  ( 0.2200000000000006700, -3.000000000000000000, 2.860000000000000300 ) ) ;
#3861 = PRESENTATION_STYLE_ASSIGNMENT (( #732 ) ) ;
#3862 = CARTESIAN_POINT ( 'NONE',  ( -0.2199999999999975600, -3.000000000000000000, 9.839999999999999900 ) ) ;
#3863 = CARTESIAN_POINT ( 'NONE',  ( -0.3199999999999981700, -3.000000000000000000, 7.400000000000000400 ) ) ;
#3864 = PRESENTATION_LAYER_ASSIGNMENT (  '', '', ( #3307 ) ) ;
#3865 = LINE ( 'NONE', #3172, #1484 ) ;
#3866 = EDGE_CURVE ( 'NONE', #3195, #3057, #5241, .T. ) ;
#3867 = PRESENTATION_STYLE_ASSIGNMENT (( #5434 ) ) ;
#3868 =( GEOMETRIC_REPRESENTATION_CONTEXT ( 3 ) GLOBAL_UNCERTAINTY_ASSIGNED_CONTEXT ( ( #4578 ) ) GLOBAL_UNIT_ASSIGNED_CONTEXT ( ( #1010, #3958, #1435 ) ) REPRESENTATION_CONTEXT ( 'NONE', 'WORKASPACE' ) );
#3869 = COLOUR_RGB ( '',1.000000000000000000, 1.000000000000000000, 1.000000000000000000 ) ;
#3870 = SURFACE_STYLE_FILL_AREA ( #2060 ) ;
#3871 = EDGE_LOOP ( 'NONE', ( #4093, #5191, #5465, #4479, #4350, #3456, #4403, #4024 ) ) ;
#3872 = COLOUR_RGB ( '',1.000000000000000000, 1.000000000000000000, 1.000000000000000000 ) ;
#3873 = PRESENTATION_LAYER_ASSIGNMENT (  '', '', ( #3318 ) ) ;
#3874 =( LENGTH_UNIT ( ) NAMED_UNIT ( * ) SI_UNIT ( .MILLI., .METRE. ) );
#3875 = LINE ( 'NONE', #3835, #3750 ) ;
#3876 = STYLED_ITEM ( 'NONE', ( #3990 ), #689 ) ;
#3877 = COLOUR_RGB ( '',0.0000000000000000000, 0.03529411764705882300, 0.05882352941176470500 ) ;
#3878 = PRESENTATION_LAYER_ASSIGNMENT (  '', '', ( #3323 ) ) ;
#3879 = ORIENTED_EDGE ( 'NONE', *, *, #1543, .T. ) ;
#3880 = EDGE_CURVE ( 'NONE', #2208, #2350, #3052, .T. ) ;
#3881 = SURFACE_SIDE_STYLE ('',( #26 ) ) ;
#3882 = LINE ( 'NONE', #4453, #1642 ) ;
#3883 = PRESENTATION_LAYER_ASSIGNMENT (  '', '', ( #3330 ) ) ;
#3884 =( LENGTH_UNIT ( ) NAMED_UNIT ( * ) SI_UNIT ( .MILLI., .METRE. ) );
#3885 = UNCERTAINTY_MEASURE_WITH_UNIT (LENGTH_MEASURE( 1.000000000000000100E-005 ), #2236, 'distance_accuracy_value', 'NONE');
#3886 =( GEOMETRIC_REPRESENTATION_CONTEXT ( 3 ) GLOBAL_UNCERTAINTY_ASSIGNED_CONTEXT ( ( #5484 ) ) GLOBAL_UNIT_ASSIGNED_CONTEXT ( ( #5235, #2783, #187 ) ) REPRESENTATION_CONTEXT ( 'NONE', 'WORKASPACE' ) );
#3887 =( NAMED_UNIT ( * ) PLANE_ANGLE_UNIT ( ) SI_UNIT ( $, .RADIAN. ) );
#3889 = CARTESIAN_POINT ( 'NONE',  ( 0.8699999999999998800, 0.0000000000000000000, 3.809999999999999600 ) ) ;
#3888 = DIRECTION ( 'NONE',  ( -0.7071067811865474600, -0.0000000000000000000, 0.7071067811865474600 ) ) ;
#3890 = CARTESIAN_POINT ( 'NONE',  ( 1.270000000000000700, 0.0000000000000000000, 6.750000000000000000 ) ) ;
#3891 = ORIENTED_EDGE ( 'NONE', *, *, #2618, .T. ) ;
#3892 =( GEOMETRIC_REPRESENTATION_CONTEXT ( 3 ) GLOBAL_UNCERTAINTY_ASSIGNED_CONTEXT ( ( #4266 ) ) GLOBAL_UNIT_ASSIGNED_CONTEXT ( ( #3306, #742, #3723 ) ) REPRESENTATION_CONTEXT ( 'NONE', 'WORKASPACE' ) );
#3893 = LINE ( 'NONE', #4220, #504 ) ;
#3894 = DIRECTION ( 'NONE',  ( -1.232047923278982200E-016, -0.0000000000000000000, -1.000000000000000000 ) ) ;
#3895 = ORIENTED_EDGE ( 'NONE', *, *, #5006, .F. ) ;
#3896 =( LENGTH_UNIT ( ) NAMED_UNIT ( * ) SI_UNIT ( .MILLI., .METRE. ) );
#3897 = SURFACE_SIDE_STYLE ('',( #3364 ) ) ;
#3898 = ORIENTED_EDGE ( 'NONE', *, *, #3070, .T. ) ;
#3899 = EDGE_CURVE ( 'NONE', #4735, #3972, #4142, .T. ) ;
#3900 =( NAMED_UNIT ( * ) SI_UNIT ( $, .STERADIAN. ) SOLID_ANGLE_UNIT ( ) );
#3901 = ORIENTED_EDGE ( 'NONE', *, *, #1175, .F. ) ;
#3902 = EDGE_CURVE ( 'NONE', #2480, #633, #5108, .T. ) ;
#3903 =( GEOMETRIC_REPRESENTATION_CONTEXT ( 3 ) GLOBAL_UNCERTAINTY_ASSIGNED_CONTEXT ( ( #4019 ) ) GLOBAL_UNIT_ASSIGNED_CONTEXT ( ( #609, #3594, #1055 ) ) REPRESENTATION_CONTEXT ( 'NONE', 'WORKASPACE' ) );
#3904 = ORIENTED_EDGE ( 'NONE', *, *, #1607, .T. ) ;
#3905 = SURFACE_SIDE_STYLE ('',( #1699 ) ) ;
#3906 = VECTOR ( 'NONE', #2958, 1000.000000000000000 ) ;
#3907 = EDGE_CURVE ( 'NONE', #1855, #94, #2928, .T. ) ;
#3908 = ORIENTED_EDGE ( 'NONE', *, *, #1607, .F. ) ;
#3909 = ORIENTED_EDGE ( 'NONE', *, *, #3822, .F. ) ;
#3910 =( NAMED_UNIT ( * ) PLANE_ANGLE_UNIT ( ) SI_UNIT ( $, .RADIAN. ) );
#3911 = DIRECTION ( 'NONE',  ( 0.7071067811865474600, 0.0000000000000000000, 0.7071067811865474600 ) ) ;
#3912 = ORIENTED_EDGE ( 'NONE', *, *, #2023, .F. ) ;
#3913 = EDGE_CURVE ( 'NONE', #110, #458, #1918, .T. ) ;
#3914 =( GEOMETRIC_REPRESENTATION_CONTEXT ( 3 ) GLOBAL_UNCERTAINTY_ASSIGNED_CONTEXT ( ( #2420 ) ) GLOBAL_UNIT_ASSIGNED_CONTEXT ( ( #5202, #2741, #143 ) ) REPRESENTATION_CONTEXT ( 'NONE', 'WORKASPACE' ) );
#3915 = FILL_AREA_STYLE ('',( #3504 ) ) ;
#3916 = SURFACE_STYLE_USAGE ( .BOTH. , #952 ) ;
#3917 = ORIENTED_EDGE ( 'NONE', *, *, #4552, .T. ) ;
#3918 = ORIENTED_EDGE ( 'NONE', *, *, #3809, .F. ) ;
#3919 = CARTESIAN_POINT ( 'NONE',  ( -0.3199999999999980600, 1.700000000000000000, 7.839999999999999900 ) ) ;
#3920 = FACE_OUTER_BOUND ( 'NONE', #1697, .T. ) ;
#3921 = PLANE ( 'NONE',  #1360 ) ;
#3922 = PRESENTATION_LAYER_ASSIGNMENT (  '', '', ( #3640 ) ) ;
#3923 = SURFACE_STYLE_USAGE ( .BOTH. , #959 ) ;
#3924 = LINE ( 'NONE', #3378, #663 ) ;
#3925 = PLANE ( 'NONE',  #4880 ) ;
#3926 = STYLED_ITEM ( 'NONE', ( #2615 ), #2903 ) ;
#3928 = CARTESIAN_POINT ( 'NONE',  ( 1.266148743960083200E-015, -3.000000000000000000, 5.080000000000000100 ) ) ;
#3927 = FILL_AREA_STYLE ('',( #3500 ) ) ;
#3929 = VECTOR ( 'NONE', #3025, 1000.000000000000100 ) ;
#3930 = LINE ( 'NONE', #207, #2834 ) ;
#3931 = LINE ( 'NONE', #189, #539 ) ;
#3932 = PLANE ( 'NONE',  #138 ) ;
#3933 = VECTOR ( 'NONE', #729, 1000.000000000000100 ) ;
#3934 =( NAMED_UNIT ( * ) SI_UNIT ( $, .STERADIAN. ) SOLID_ANGLE_UNIT ( ) );
#3935 = ORIENTED_EDGE ( 'NONE', *, *, #2467, .F. ) ;
#3936 = STYLED_ITEM ( 'NONE', ( #1255 ), #3783 ) ;
#3937 = PRESENTATION_STYLE_ASSIGNMENT (( #1446 ) ) ;
#3938 = VERTEX_POINT ( 'NONE', #1293 ) ;
#3939 = VERTEX_POINT ( 'NONE', #3823 ) ;
#3940 = FACE_OUTER_BOUND ( 'NONE', #4632, .T. ) ;
#3941 = VECTOR ( 'NONE', #4149, 1000.000000000000100 ) ;
#3942 = DIRECTION ( 'NONE',  ( -0.7071067811865474600, 0.0000000000000000000, 0.7071067811865474600 ) ) ;
#3943 = DIRECTION ( 'NONE',  ( -0.7071067811865474600, 0.0000000000000000000, -0.7071067811865474600 ) ) ;
#3944 = DIRECTION ( 'NONE',  ( 2.492418787322999200E-016, 0.0000000000000000000, 1.000000000000000000 ) ) ;
#3945 = CARTESIAN_POINT ( 'NONE',  ( 0.3200000000000003400, 1.700000000000000000, -3.942553354492747000E-017 ) ) ;
#3946 = LINE ( 'NONE', #1508, #557 ) ;
#3947 =( LENGTH_UNIT ( ) NAMED_UNIT ( * ) SI_UNIT ( .MILLI., .METRE. ) );
#3948 = MECHANICAL_DESIGN_GEOMETRIC_PRESENTATION_REPRESENTATION (  '', ( #3119 ), #4212 ) ;
#3949 = UNCERTAINTY_MEASURE_WITH_UNIT (LENGTH_MEASURE( 1.000000000000000100E-005 ), #4906, 'distance_accuracy_value', 'NONE');
#3950 =( NAMED_UNIT ( * ) PLANE_ANGLE_UNIT ( ) SI_UNIT ( $, .RADIAN. ) );
#3951 = FACE_BOUND ( 'NONE', #3848, .T. ) ;
#3952 = ORIENTED_EDGE ( 'NONE', *, *, #3047, .T. ) ;
#3953 = LINE ( 'NONE', #43, #5050 ) ;
#3954 = UNCERTAINTY_MEASURE_WITH_UNIT (LENGTH_MEASURE( 1.000000000000000100E-005 ), #992, 'distance_accuracy_value', 'NONE');
#3955 = ORIENTED_EDGE ( 'NONE', *, *, #468, .F. ) ;
#3956 = DIRECTION ( 'NONE',  ( 1.000000000000000000, 0.0000000000000000000, 0.0000000000000000000 ) ) ;
#3957 = CARTESIAN_POINT ( 'NONE',  ( -0.2199999999999999700, 8.339999999999999900, 0.3199999999999999500 ) ) ;
#3958 =( NAMED_UNIT ( * ) PLANE_ANGLE_UNIT ( ) SI_UNIT ( $, .RADIAN. ) );
#3959 = EDGE_LOOP ( 'NONE', ( #3841, #5450, #324, #4150 ) ) ;
#3960 = AXIS2_PLACEMENT_3D ( 'NONE', #3088, #518, #3494 ) ;
#3961 = ORIENTED_EDGE ( 'NONE', *, *, #4476, .T. ) ;
#3962 = EDGE_CURVE ( 'NONE', #1391, #922, #3893, .T. ) ;
#3963 = ORIENTED_EDGE ( 'NONE', *, *, #1207, .T. ) ;
#3964 = MECHANICAL_DESIGN_GEOMETRIC_PRESENTATION_REPRESENTATION (  '', ( #3138 ), #4233 ) ;
#3965 = VECTOR ( 'NONE', #5076, 1000.000000000000000 ) ;
#3966 = FILL_AREA_STYLE ('',( #1015 ) ) ;
#3967 = PLANE ( 'NONE',  #4727 ) ;
#3968 = VERTEX_POINT ( 'NONE', #2579 ) ;
#3969 = ORIENTED_EDGE ( 'NONE', *, *, #3692, .F. ) ;
#3970 = LINE ( 'NONE', #862, #3845 ) ;
#3971 = ORIENTED_EDGE ( 'NONE', *, *, #1432, .F. ) ;
#3972 = VERTEX_POINT ( 'NONE', #4641 ) ;
#3973 = AXIS2_PLACEMENT_3D ( 'NONE', #3997, #1477, #4389 ) ;
#3974 = ORIENTED_EDGE ( 'NONE', *, *, #1352, .F. ) ;
#3975 = AXIS2_PLACEMENT_3D ( 'NONE', #234, #214, #202 ) ;
#3976 = PRESENTATION_LAYER_ASSIGNMENT (  '', '', ( #3425 ) ) ;
#3977 = CARTESIAN_POINT ( 'NONE',  ( 0.3200000000000001700, 0.2999999999999999900, -1.270000000000000700 ) ) ;
#3978 = CARTESIAN_POINT ( 'NONE',  ( 0.3200000000000025000, -3.000000000000000000, 9.940000000000001300 ) ) ;
#3979 = EDGE_CURVE ( 'NONE', #3536, #3180, #3762, .T. ) ;
#3980 = AXIS2_PLACEMENT_3D ( 'NONE', #1120, #4072, #1562 ) ;
#3981 = DIRECTION ( 'NONE',  ( 0.0000000000000000000, 1.000000000000000000, 0.0000000000000000000 ) ) ;
#3982 = COLOUR_RGB ( '',1.000000000000000000, 1.000000000000000000, 1.000000000000000000 ) ;
#3983 = VECTOR ( 'NONE', #1035, 1000.000000000000000 ) ;
#3984 = DIRECTION ( 'NONE',  ( 2.464095846557964400E-016, 0.0000000000000000000, 1.000000000000000000 ) ) ;
#3985 = VECTOR ( 'NONE', #828, 1000.000000000000000 ) ;
#3986 = PLANE ( 'NONE',  #148 ) ;
#3987 = FILL_AREA_STYLE_COLOUR ( '', #2794 ) ;
#3988 = CARTESIAN_POINT ( 'NONE',  ( -0.3199999999999980600, 0.2999999999999999300, 7.839999999999999900 ) ) ;
#3989 = COLOUR_RGB ( '',1.000000000000000000, 1.000000000000000000, 1.000000000000000000 ) ;
#3990 = PRESENTATION_STYLE_ASSIGNMENT (( #283 ) ) ;
#3991 = MECHANICAL_DESIGN_GEOMETRIC_PRESENTATION_REPRESENTATION (  '', ( #3164 ), #4261 ) ;
#3992 = SURFACE_SIDE_STYLE ('',( #129 ) ) ;
#3993 = VECTOR ( 'NONE', #5119, 1000.000000000000000 ) ;
#3994 = VECTOR ( 'NONE', #2453, 1000.000000000000100 ) ;
#3995 = DIRECTION ( 'NONE',  ( -0.7071067811865475700, 0.0000000000000000000, -0.7071067811865475700 ) ) ;
#3996 = ORIENTED_EDGE ( 'NONE', *, *, #2510, .F. ) ;
#3997 = CARTESIAN_POINT ( 'NONE',  ( 0.2200000000000006100, -3.000000000000000000, 2.220000000000000200 ) ) ;
#3998 = EDGE_CURVE ( 'NONE', #1733, #4656, #1657, .T. ) ;
#3999 = APPLICATION_PROTOCOL_DEFINITION ( 'draft international standard', 'automotive_design', 1998, #4395 ) ;
#4000 = CARTESIAN_POINT ( 'NONE',  ( -0.3199999999999999500, 8.339999999999999900, 0.2199999999999999700 ) ) ;
#4001 = CARTESIAN_POINT ( 'NONE',  ( -0.3199999999999987300, -3.000000000000000000, 5.299999999999999800 ) ) ;
#4002 = EDGE_CURVE ( 'NONE', #1323, #1070, #630, .T. ) ;
#4003 = MECHANICAL_DESIGN_GEOMETRIC_PRESENTATION_REPRESENTATION (  '', ( #3176 ), #4270 ) ;
#4004 = CARTESIAN_POINT ( 'NONE',  ( -0.2199999999999988100, -3.000000000000000000, 4.760000000000000700 ) ) ;
#4005 = MECHANICAL_DESIGN_GEOMETRIC_PRESENTATION_REPRESENTATION (  '', ( #3179 ), #4276 ) ;
#4006 = CARTESIAN_POINT ( 'NONE',  ( -0.2199999999999982000, -3.000000000000000000, 7.299999999999999800 ) ) ;
#4007 =( NAMED_UNIT ( * ) SI_UNIT ( $, .STERADIAN. ) SOLID_ANGLE_UNIT ( ) );
#4008 = UNCERTAINTY_MEASURE_WITH_UNIT (LENGTH_MEASURE( 1.000000000000000100E-005 ), #2157, 'distance_accuracy_value', 'NONE');
#4009 = PLANE ( 'NONE',  #146 ) ;
#4010 = SURFACE_STYLE_FILL_AREA ( #1524 ) ;
#4011 = FACE_OUTER_BOUND ( 'NONE', #5090, .T. ) ;
#4012 = CARTESIAN_POINT ( 'NONE',  ( -0.3199999999999994500, -3.000000000000000000, 2.319999999999999800 ) ) ;
#4013 = PRODUCT_CONTEXT ( 'NONE', #4395, 'mechanical' ) ;
#4014 = CARTESIAN_POINT ( 'NONE',  ( -4.549999999999999800, 0.2999999999999999900, 2.529999999999999400 ) ) ;
#4015 =( NAMED_UNIT ( * ) PLANE_ANGLE_UNIT ( ) SI_UNIT ( $, .RADIAN. ) );
#4016 = VECTOR ( 'NONE', #3376, 1000.000000000000000 ) ;
#4017 = FILL_AREA_STYLE ('',( #620 ) ) ;
#4018 = ORIENTED_EDGE ( 'NONE', *, *, #588, .F. ) ;
#4019 = UNCERTAINTY_MEASURE_WITH_UNIT (LENGTH_MEASURE( 1.000000000000000100E-005 ), #609, 'distance_accuracy_value', 'NONE');
#4020 = ADVANCED_FACE ( 'NONE', ( #1516 ), #2599, .F. ) ;
#4021 = VERTEX_POINT ( 'NONE', #1305 ) ;
#4022 = DIRECTION ( 'NONE',  ( 1.000000000000000000, -0.0000000000000000000, 0.0000000000000000000 ) ) ;
#4023 =( LENGTH_UNIT ( ) NAMED_UNIT ( * ) SI_UNIT ( .MILLI., .METRE. ) );
#4024 = ORIENTED_EDGE ( 'NONE', *, *, #565, .F. ) ;
#4025 =( NAMED_UNIT ( * ) PLANE_ANGLE_UNIT ( ) SI_UNIT ( $, .RADIAN. ) );
#4026 = COLOUR_RGB ( '',1.000000000000000000, 1.000000000000000000, 1.000000000000000000 ) ;
#4027 = SURFACE_STYLE_FILL_AREA ( #1687 ) ;
#4028 = ORIENTED_EDGE ( 'NONE', *, *, #4681, .F. ) ;
#4029 = PLANE ( 'NONE',  #2485 ) ;
#4030 = ORIENTED_EDGE ( 'NONE', *, *, #3, .F. ) ;
#4031 = VERTEX_POINT ( 'NONE', #2190 ) ;
#4032 = STYLED_ITEM ( 'NONE', ( #1670 ), #1263 ) ;
#4033 = FILL_AREA_STYLE_COLOUR ( '', #886 ) ;
#4034 = CARTESIAN_POINT ( 'NONE',  ( 0.3200000000000018900, -3.000000000000000000, 7.400000000000000400 ) ) ;
#4035 = CARTESIAN_POINT ( 'NONE',  ( -0.7500000000000000000, 0.0000000000000000000, -1.270000000000000500 ) ) ;
#4036 = CARTESIAN_POINT ( 'NONE',  ( -3.279999999999998900, 0.2999999999999999900, 1.259999999999998700 ) ) ;
#4037 = EDGE_LOOP ( 'NONE', ( #1529, #1594, #3200, #3655 ) ) ;
#4038 = ORIENTED_EDGE ( 'NONE', *, *, #3009, .F. ) ;
#4039 = FILL_AREA_STYLE ('',( #1072 ) ) ;
#4040 = DIRECTION ( 'NONE',  ( 0.7071067811865474600, -0.0000000000000000000, -0.7071067811865474600 ) ) ;
#4041 = UNCERTAINTY_MEASURE_WITH_UNIT (LENGTH_MEASURE( 1.000000000000000100E-005 ), #5124, 'distance_accuracy_value', 'NONE');
#4042 =( GEOMETRIC_REPRESENTATION_CONTEXT ( 3 ) GLOBAL_UNCERTAINTY_ASSIGNED_CONTEXT ( ( #1483 ) ) GLOBAL_UNIT_ASSIGNED_CONTEXT ( ( #5412, #2936, #355 ) ) REPRESENTATION_CONTEXT ( 'NONE', 'WORKASPACE' ) );
#4043 =( GEOMETRIC_REPRESENTATION_CONTEXT ( 3 ) GLOBAL_UNCERTAINTY_ASSIGNED_CONTEXT ( ( #1237 ) ) GLOBAL_UNIT_ASSIGNED_CONTEXT ( ( #2699, #105, #3114 ) ) REPRESENTATION_CONTEXT ( 'NONE', 'WORKASPACE' ) );
#4044 = CARTESIAN_POINT ( 'NONE',  ( -0.2199999999999974500, 8.339999999999999900, 10.48000000000000000 ) ) ;
#4045 =( LENGTH_UNIT ( ) NAMED_UNIT ( * ) SI_UNIT ( .MILLI., .METRE. ) );
#4046 =( GEOMETRIC_REPRESENTATION_CONTEXT ( 3 ) GLOBAL_UNCERTAINTY_ASSIGNED_CONTEXT ( ( #574 ) ) GLOBAL_UNIT_ASSIGNED_CONTEXT ( ( #4745, #2258, #5156 ) ) REPRESENTATION_CONTEXT ( 'NONE', 'WORKASPACE' ) );
#4047 = DIRECTION ( 'NONE',  ( 0.0000000000000000000, 1.000000000000000000, 0.0000000000000000000 ) ) ;
#4048 =( NAMED_UNIT ( * ) SI_UNIT ( $, .STERADIAN. ) SOLID_ANGLE_UNIT ( ) );
#4049 = FILL_AREA_STYLE_COLOUR ( '', #266 ) ;
#4050 = LINE ( 'NONE', #1083, #4891 ) ;
#4051 = ADVANCED_FACE ( 'NONE', ( #5442 ), #5091, .T. ) ;
#4052 = CARTESIAN_POINT ( 'NONE',  ( -0.2199999999999982000, -3.000000000000000000, 7.299999999999999800 ) ) ;
#4053 = DIRECTION ( 'NONE',  ( 0.7071067811865475700, 0.0000000000000000000, -0.7071067811865475700 ) ) ;
#4054 =( NAMED_UNIT ( * ) SI_UNIT ( $, .STERADIAN. ) SOLID_ANGLE_UNIT ( ) );
#4055 = LINE ( 'NONE', #2878, #675 ) ;
#4056 = ORIENTED_EDGE ( 'NONE', *, *, #2390, .F. ) ;
#4057 = SURFACE_STYLE_USAGE ( .BOTH. , #1106 ) ;
#4058 =( LENGTH_UNIT ( ) NAMED_UNIT ( * ) SI_UNIT ( .MILLI., .METRE. ) );
#4059 = STYLED_ITEM ( 'NONE', ( #4344 ), #3410 ) ;
#4060 = ORIENTED_EDGE ( 'NONE', *, *, #4168, .F. ) ;
#4061 = LINE ( 'NONE', #5373, #1703 ) ;
#4062 = EDGE_CURVE ( 'NONE', #2750, #307, #3953, .T. ) ;
#4063 = PRESENTATION_LAYER_ASSIGNMENT (  '', '', ( #820 ) ) ;
#4064 = CARTESIAN_POINT ( 'NONE',  ( -0.3199999999999994500, -3.000000000000000000, 2.319999999999999800 ) ) ;
#4065 = DIRECTION ( 'NONE',  ( 0.7071067811865474600, 0.0000000000000000000, -0.7071067811865474600 ) ) ;
#4066 = VECTOR ( 'NONE', #2063, 1000.000000000000000 ) ;
#4067 =( NAMED_UNIT ( * ) SI_UNIT ( $, .STERADIAN. ) SOLID_ANGLE_UNIT ( ) );
#4068 =( NAMED_UNIT ( * ) SI_UNIT ( $, .STERADIAN. ) SOLID_ANGLE_UNIT ( ) );
#4069 = DIRECTION ( 'NONE',  ( 0.7071067811865474600, 0.0000000000000000000, 0.7071067811865474600 ) ) ;
#4070 = COLOUR_RGB ( '',0.0000000000000000000, 0.03529411764705882300, 0.05882352941176470500 ) ;
#4071 = PLANE ( 'NONE',  #3574 ) ;
#4072 = DIRECTION ( 'NONE',  ( 0.0000000000000000000, 0.0000000000000000000, -1.000000000000000000 ) ) ;
#4073 = PLANE ( 'NONE',  #566 ) ;
#4074 = STYLED_ITEM ( 'NONE', ( #432 ), #4447 ) ;
#4075 = DIRECTION ( 'NONE',  ( 0.7071067811865475700, -0.0000000000000000000, 0.7071067811865475700 ) ) ;
#4076 = AXIS2_PLACEMENT_3D ( 'NONE', #1224, #905, #960 ) ;
#4077 = LINE ( 'NONE', #1040, #1839 ) ;
#4078 = CARTESIAN_POINT ( 'NONE',  ( -1.269999999999999100, 0.0000000000000000000, 4.210000000000000000 ) ) ;
#4079 = EDGE_CURVE ( 'NONE', #109, #1939, #2859, .T. ) ;
#4080 = ADVANCED_FACE ( 'NONE', ( #2730 ), #924, .F. ) ;
#4081 = STYLED_ITEM ( 'NONE', ( #5350 ), #2169 ) ;
#4082 = VERTEX_POINT ( 'NONE', #5075 ) ;
#4083 = CARTESIAN_POINT ( 'NONE',  ( -0.7500000000000000000, 0.2999999999999999900, 7.939999999999999500 ) ) ;
#4084 = FILL_AREA_STYLE ('',( #1979 ) ) ;
#4085 = FILL_AREA_STYLE_COLOUR ( '', #1908 ) ;
#4086 = ORIENTED_EDGE ( 'NONE', *, *, #5174, .T. ) ;
#4087 = SURFACE_STYLE_USAGE ( .BOTH. , #1139 ) ;
#4088 = DIRECTION ( 'NONE',  ( -0.0000000000000000000, -1.000000000000000000, -0.0000000000000000000 ) ) ;
#4089 = LINE ( 'NONE', #3341, #844 ) ;
#4090 =( GEOMETRIC_REPRESENTATION_CONTEXT ( 3 ) GLOBAL_UNCERTAINTY_ASSIGNED_CONTEXT ( ( #2431 ) ) GLOBAL_UNIT_ASSIGNED_CONTEXT ( ( #5083, #2610, #11 ) ) REPRESENTATION_CONTEXT ( 'NONE', 'WORKASPACE' ) );
#4091 = ORIENTED_EDGE ( 'NONE', *, *, #115, .F. ) ;
#4092 = EDGE_CURVE ( 'NONE', #3647, #4021, #3433, .T. ) ;
#4093 = ORIENTED_EDGE ( 'NONE', *, *, #2993, .F. ) ;
#4094 = COLOUR_RGB ( '',0.0000000000000000000, 0.03529411764705882300, 0.05882352941176470500 ) ;
#4095 = FILL_AREA_STYLE ('',( #3686 ) ) ;
#4096 = DIRECTION ( 'NONE',  ( 1.000000000000000000, 0.0000000000000000000, 0.0000000000000000000 ) ) ;
#4097 = ORIENTED_EDGE ( 'NONE', *, *, #968, .F. ) ;
#4098 = PRESENTATION_LAYER_ASSIGNMENT (  '', '', ( #3537 ) ) ;
#4099 = ORIENTED_EDGE ( 'NONE', *, *, #565, .T. ) ;
#4100 = ORIENTED_EDGE ( 'NONE', *, *, #954, .T. ) ;
#4101 = ORIENTED_EDGE ( 'NONE', *, *, #3962, .T. ) ;
#4102 = PLANE ( 'NONE',  #1298 ) ;
#4103 = EDGE_CURVE ( 'NONE', #5321, #5332, #2321, .T. ) ;
#4104 = LINE ( 'NONE', #4112, #871 ) ;
#4105 = DIRECTION ( 'NONE',  ( -1.232047923278982200E-016, 0.0000000000000000000, -1.000000000000000000 ) ) ;
#4106 = EDGE_CURVE ( 'NONE', #1615, #4594, #145, .T. ) ;
#4107 = VECTOR ( 'NONE', #480, 1000.000000000000100 ) ;
#4108 = ADVANCED_FACE ( 'NONE', ( #1045 ), #3099, .T. ) ;
#4109 = PRESENTATION_LAYER_ASSIGNMENT (  '', '', ( #3551 ) ) ;
#4110 = PRESENTATION_STYLE_ASSIGNMENT (( #1822 ) ) ;
#4111 = LINE ( 'NONE', #593, #3983 ) ;
#4112 = CARTESIAN_POINT ( 'NONE',  ( 0.3200000000000018900, -3.000000000000000000, 7.400000000000000400 ) ) ;
#4113 = UNCERTAINTY_MEASURE_WITH_UNIT (LENGTH_MEASURE( 1.000000000000000100E-005 ), #649, 'distance_accuracy_value', 'NONE');
#4114 = VECTOR ( 'NONE', #3305, 1000.000000000000000 ) ;
#4115 = CARTESIAN_POINT ( 'NONE',  ( 0.8700000000000017700, 1.700000000000000000, 11.43000000000000000 ) ) ;
#4116 = VECTOR ( 'NONE', #4088, 1000.000000000000000 ) ;
#4117 =( NAMED_UNIT ( * ) SI_UNIT ( $, .STERADIAN. ) SOLID_ANGLE_UNIT ( ) );
#4118 =( GEOMETRIC_REPRESENTATION_CONTEXT ( 3 ) GLOBAL_UNCERTAINTY_ASSIGNED_CONTEXT ( ( #1252 ) ) GLOBAL_UNIT_ASSIGNED_CONTEXT ( ( #3854, #1317, #4256 ) ) REPRESENTATION_CONTEXT ( 'NONE', 'WORKASPACE' ) );
#4119 =( NAMED_UNIT ( * ) SI_UNIT ( $, .STERADIAN. ) SOLID_ANGLE_UNIT ( ) );
#4120 = FILL_AREA_STYLE_COLOUR ( '', #3596 ) ;
#4121 = SURFACE_STYLE_FILL_AREA ( #1873 ) ;
#4122 = LINE ( 'NONE', #5270, #894 ) ;
#4123 = FACE_OUTER_BOUND ( 'NONE', #726, .T. ) ;
#4124 = SURFACE_SIDE_STYLE ('',( #3145 ) ) ;
#4125 = ORIENTED_EDGE ( 'NONE', *, *, #4391, .F. ) ;
#4126 = EDGE_LOOP ( 'NONE', ( #4811, #4399, #3389, #4994 ) ) ;
#4127 = CARTESIAN_POINT ( 'NONE',  ( 0.8699999999999987700, 1.700000000000000000, -1.270000000000000200 ) ) ;
#4128 = ADVANCED_FACE ( 'NONE', ( #4011 ), #984, .T. ) ;
#4129 = PRESENTATION_STYLE_ASSIGNMENT (( #4921 ) ) ;
#4130 = MECHANICAL_DESIGN_GEOMETRIC_PRESENTATION_REPRESENTATION (  '', ( #3307 ), #4388 ) ;
#4131 = EDGE_CURVE ( 'NONE', #2074, #4810, #217, .T. ) ;
#4132 = CARTESIAN_POINT ( 'NONE',  ( 0.3200000000000006200, 1.700000000000000000, -3.942553354492750700E-017 ) ) ;
#4133 = LINE ( 'NONE', #3102, #3046 ) ;
#4134 = FILL_AREA_STYLE ('',( #322 ) ) ;
#4135 =( NAMED_UNIT ( * ) PLANE_ANGLE_UNIT ( ) SI_UNIT ( $, .RADIAN. ) );
#4136 = MECHANICAL_DESIGN_GEOMETRIC_PRESENTATION_REPRESENTATION (  '', ( #3318 ), #4404 ) ;
#4137 = SURFACE_SIDE_STYLE ('',( #321 ) ) ;
#4138 = SHAPE_DEFINITION_REPRESENTATION ( #1004, #1017 ) ;
#4139 = AXIS2_PLACEMENT_3D ( 'NONE', #3662, #1118, #4069 ) ;
#4140 = MECHANICAL_DESIGN_GEOMETRIC_PRESENTATION_REPRESENTATION (  '', ( #3323 ), #4408 ) ;
#4141 = ORIENTED_EDGE ( 'NONE', *, *, #4648, .T. ) ;
#4142 = LINE ( 'NONE', #1704, #4016 ) ;
#4143 = EDGE_CURVE ( 'NONE', #2416, #782, #3628, .T. ) ;
#4144 = MECHANICAL_DESIGN_GEOMETRIC_PRESENTATION_REPRESENTATION (  '', ( #3330 ), #4415 ) ;
#4145 = ORIENTED_EDGE ( 'NONE', *, *, #2512, .F. ) ;
#4146 = ORIENTED_EDGE ( 'NONE', *, *, #3365, .F. ) ;
#4147 = CARTESIAN_POINT ( 'NONE',  ( 1.270000000000001100, 1.700000000000000000, 8.489999999999998400 ) ) ;
#4148 = VECTOR ( 'NONE', #4722, 1000.000000000000000 ) ;
#4149 = DIRECTION ( 'NONE',  ( 0.7071067811865474600, -0.0000000000000000000, 0.7071067811865474600 ) ) ;
#4150 = ORIENTED_EDGE ( 'NONE', *, *, #3913, .T. ) ;
#4151 = EDGE_LOOP ( 'NONE', ( #4411, #860, #1330, #243 ) ) ;
#4152 = ADVANCED_FACE ( 'NONE', ( #2383 ), #3539, .T. ) ;
#4153 = PLANE ( 'NONE',  #2155 ) ;
#4154 = CARTESIAN_POINT ( 'NONE',  ( -0.2199999999999987000, -3.000000000000000000, 5.400000000000000400 ) ) ;
#4155 = VERTEX_POINT ( 'NONE', #2302 ) ;
#4156 = ORIENTED_EDGE ( 'NONE', *, *, #4231, .F. ) ;
#4157 = ORIENTED_EDGE ( 'NONE', *, *, #682, .T. ) ;
#4158 = CARTESIAN_POINT ( 'NONE',  ( -0.3199999999999974000, -3.000000000000000000, 10.38000000000000100 ) ) ;
#4159 = SURFACE_STYLE_FILL_AREA ( #2518 ) ;
#4160 = COLOUR_RGB ( '',1.000000000000000000, 1.000000000000000000, 1.000000000000000000 ) ;
#4161 = SURFACE_SIDE_STYLE ('',( #3290 ) ) ;
#4162 = VERTEX_POINT ( 'NONE', #5212 ) ;
#4163 = ORIENTED_EDGE ( 'NONE', *, *, #95, .T. ) ;
#4164 = FACE_OUTER_BOUND ( 'NONE', #1849, .T. ) ;
#4165 = SURFACE_STYLE_FILL_AREA ( #1291 ) ;
#4166 = DIRECTION ( 'NONE',  ( 0.7071067811865474600, 0.0000000000000000000, -0.7071067811865474600 ) ) ;
#4167 = EDGE_CURVE ( 'NONE', #917, #5239, #3110, .T. ) ;
#4168 = EDGE_CURVE ( 'NONE', #5462, #2450, #836, .T. ) ;
#4169 = CARTESIAN_POINT ( 'NONE',  ( 0.2200000000000006700, 8.339999999999999900, 2.860000000000000300 ) ) ;
#4170 = COLOUR_RGB ( '',1.000000000000000000, 1.000000000000000000, 1.000000000000000000 ) ;
#4171 = SURFACE_STYLE_FILL_AREA ( #4134 ) ;
#4173 = CARTESIAN_POINT ( 'NONE',  ( -1.270000000000000500, 1.700000000000000000, -0.8700000000000003300 ) ) ;
#4172 = CARTESIAN_POINT ( 'NONE',  ( 0.2200000000000019400, -3.000000000000000000, 7.939999999999999500 ) ) ;
#4174 = SURFACE_SIDE_STYLE ('',( #3345 ) ) ;
#4175 = UNCERTAINTY_MEASURE_WITH_UNIT (LENGTH_MEASURE( 1.000000000000000100E-005 ), #5125, 'distance_accuracy_value', 'NONE');
#4176 = EDGE_CURVE ( 'NONE', #2076, #3766, #4077, .T. ) ;
#4177 = LINE ( 'NONE', #183, #1958 ) ;
#4178 = EDGE_CURVE ( 'NONE', #875, #716, #2988, .T. ) ;
#4179 = DIRECTION ( 'NONE',  ( -0.7071067811865475700, 0.0000000000000000000, -0.7071067811865475700 ) ) ;
#4180 = CARTESIAN_POINT ( 'NONE',  ( -0.3199999999999987300, -3.000000000000000000, 5.299999999999999800 ) ) ;
#4181 = ADVANCED_FACE ( 'NONE', ( #2855, #4199, #697, #3951, #1714 ), #1881, .T. ) ;
#4182 = SURFACE_STYLE_FILL_AREA ( #4451 ) ;
#4183 = ORIENTED_EDGE ( 'NONE', *, *, #1711, .F. ) ;
#4184 = UNCERTAINTY_MEASURE_WITH_UNIT (LENGTH_MEASURE( 1.000000000000000100E-005 ), #3714, 'distance_accuracy_value', 'NONE');
#4185 = MECHANICAL_DESIGN_GEOMETRIC_PRESENTATION_REPRESENTATION (  '', ( #3640 ), #4457 ) ;
#4186 = DIRECTION ( 'NONE',  ( 0.7071067811865474600, 0.0000000000000000000, 0.7071067811865474600 ) ) ;
#4187 = DIRECTION ( 'NONE',  ( 1.000000000000000000, 0.0000000000000000000, 0.0000000000000000000 ) ) ;
#4188 =( NAMED_UNIT ( * ) PLANE_ANGLE_UNIT ( ) SI_UNIT ( $, .RADIAN. ) );
#4190 = CARTESIAN_POINT ( 'NONE',  ( -0.3199999999999987300, -3.000000000000000000, 5.299999999999999800 ) ) ;
#4189 = SURFACE_STYLE_USAGE ( .BOTH. , #1248 ) ;
#4191 = DIRECTION ( 'NONE',  ( 0.0000000000000000000, 1.000000000000000000, 0.0000000000000000000 ) ) ;
#4192 = LINE ( 'NONE', #4132, #822 ) ;
#4193 = AXIS2_PLACEMENT_3D ( 'NONE', #4893, #2414, #5312 ) ;
#4194 = SURFACE_SIDE_STYLE ('',( #1392 ) ) ;
#4195 = LINE ( 'NONE', #2673, #969 ) ;
#4196 = DIRECTION ( 'NONE',  ( 0.7071067811865474600, 0.0000000000000000000, -0.7071067811865474600 ) ) ;
#4197 = LINE ( 'NONE', #932, #3109 ) ;
#4198 = EDGE_CURVE ( 'NONE', #4487, #3195, #1180, .T. ) ;
#4199 = FACE_BOUND ( 'NONE', #2535, .T. ) ;
#4200 = AXIS2_PLACEMENT_3D ( 'NONE', #1616, #4538, #2053 ) ;
#4201 = DIRECTION ( 'NONE',  ( 0.0000000000000000000, -0.0000000000000000000, -1.000000000000000000 ) ) ;
#4202 = ORIENTED_EDGE ( 'NONE', *, *, #968, .T. ) ;
#4203 = FILL_AREA_STYLE ('',( #2971 ) ) ;
#4204 = ADVANCED_FACE ( 'NONE', ( #13 ), #201, .T. ) ;
#4205 =( NAMED_UNIT ( * ) SI_UNIT ( $, .STERADIAN. ) SOLID_ANGLE_UNIT ( ) );
#4206 = ORIENTED_EDGE ( 'NONE', *, *, #3284, .F. ) ;
#4207 = FILL_AREA_STYLE ('',( #1285 ) ) ;
#4208 = STYLED_ITEM ( 'NONE', ( #4442 ), #1685 ) ;
#4209 = ORIENTED_EDGE ( 'NONE', *, *, #667, .T. ) ;
#4210 = DIRECTION ( 'NONE',  ( -0.0000000000000000000, -1.000000000000000000, -0.0000000000000000000 ) ) ;
#4211 = ORIENTED_EDGE ( 'NONE', *, *, #4711, .T. ) ;
#4212 =( GEOMETRIC_REPRESENTATION_CONTEXT ( 3 ) GLOBAL_UNCERTAINTY_ASSIGNED_CONTEXT ( ( #3155 ) ) GLOBAL_UNIT_ASSIGNED_CONTEXT ( ( #4058, #1551, #4468 ) ) REPRESENTATION_CONTEXT ( 'NONE', 'WORKASPACE' ) );
#4213 = VERTEX_POINT ( 'NONE', #2354 ) ;
#4214 = EDGE_LOOP ( 'NONE', ( #1451, #923, #915, #982 ) ) ;
#4215 = ORIENTED_EDGE ( 'NONE', *, *, #682, .F. ) ;
#4216 = FILL_AREA_STYLE ('',( #5441 ) ) ;
#4217 = COLOUR_RGB ( '',1.000000000000000000, 1.000000000000000000, 1.000000000000000000 ) ;
#4218 = ORIENTED_EDGE ( 'NONE', *, *, #2196, .F. ) ;
#4219 = ORIENTED_EDGE ( 'NONE', *, *, #2759, .T. ) ;
#4221 = SURFACE_STYLE_USAGE ( .BOTH. , #1294 ) ;
#4220 = CARTESIAN_POINT ( 'NONE',  ( -2.010000000000000200, 0.2999999999999999900, -0.01000000000000046000 ) ) ;
#4222 = ORIENTED_EDGE ( 'NONE', *, *, #4198, .T. ) ;
#4223 = LINE ( 'NONE', #4874, #1006 ) ;
#4224 = DIRECTION ( 'NONE',  ( 0.0000000000000000000, 1.000000000000000000, 0.0000000000000000000 ) ) ;
#4225 = LINE ( 'NONE', #1762, #2021 ) ;
#4226 = EDGE_LOOP ( 'NONE', ( #5183, #32, #4719, #3397 ) ) ;
#4227 = CARTESIAN_POINT ( 'NONE',  ( 0.3200000000000012300, -3.000000000000000000, 4.860000000000000300 ) ) ;
#4228 = LINE ( 'NONE', #3552, #5199 ) ;
#4229 = CARTESIAN_POINT ( 'NONE',  ( -0.2199999999999987000, -3.000000000000000000, 5.400000000000000400 ) ) ;
#4230 = PRESENTATION_LAYER_ASSIGNMENT (  '', '', ( #3691 ) ) ;
#4231 = EDGE_CURVE ( 'NONE', #979, #381, #5103, .T. ) ;
#4232 = ADVANCED_FACE ( 'NONE', ( #621 ), #3634, .F. ) ;
#4233 =( GEOMETRIC_REPRESENTATION_CONTEXT ( 3 ) GLOBAL_UNCERTAINTY_ASSIGNED_CONTEXT ( ( #2075 ) ) GLOBAL_UNIT_ASSIGNED_CONTEXT ( ( #5106, #2642, #46 ) ) REPRESENTATION_CONTEXT ( 'NONE', 'WORKASPACE' ) );
#4234 = LINE ( 'NONE', #4520, #1016 ) ;
#4235 = LINE ( 'NONE', #5319, #1883 ) ;
#4236 = UNCERTAINTY_MEASURE_WITH_UNIT (LENGTH_MEASURE( 1.000000000000000100E-005 ), #1643, 'distance_accuracy_value', 'NONE');
#4237 = PRESENTATION_LAYER_ASSIGNMENT (  '', '', ( #3701 ) ) ;
#4238 = CARTESIAN_POINT ( 'NONE',  ( 0.7500000000000000000, 0.0000000000000000000, -1.270000000000000500 ) ) ;
#4239 = VECTOR ( 'NONE', #3346, 1000.000000000000000 ) ;
#4240 = SURFACE_STYLE_FILL_AREA ( #3603 ) ;
#4241 = PRESENTATION_LAYER_ASSIGNMENT (  '', '', ( #3703 ) ) ;
#4242 = CARTESIAN_POINT ( 'NONE',  ( -0.2199999999999999700, -3.000000000000000000, 0.3199999999999999500 ) ) ;
#4243 = EDGE_LOOP ( 'NONE', ( #19, #769, #843, #2548, #3327, #1845, #4273, #3572 ) ) ;
#4244 = MECHANICAL_DESIGN_GEOMETRIC_PRESENTATION_REPRESENTATION (  '', ( #3425 ), #4524 ) ;
#4245 = VECTOR ( 'NONE', #127, 1000.000000000000100 ) ;
#4246 = EDGE_CURVE ( 'NONE', #5185, #379, #216, .T. ) ;
#4247 = DIRECTION ( 'NONE',  ( 0.7071067811865474600, 0.0000000000000000000, 0.7071067811865474600 ) ) ;
#4248 = PRESENTATION_LAYER_ASSIGNMENT (  '', '', ( #3707 ) ) ;
#4249 = EDGE_LOOP ( 'NONE', ( #645, #2408, #4018, #3313 ) ) ;
#4250 = CARTESIAN_POINT ( 'NONE',  ( -0.2199999999999982000, 8.339999999999999900, 7.299999999999999800 ) ) ;
#4251 = VERTEX_POINT ( 'NONE', #1111 ) ;
#4252 = FACE_OUTER_BOUND ( 'NONE', #5187, .T. ) ;
#4253 = COLOUR_RGB ( '',0.0000000000000000000, 0.03529411764705882300, 0.05882352941176470500 ) ;
#4254 = STYLED_ITEM ( 'NONE', ( #1213 ), #5435 ) ;
#4255 = VECTOR ( 'NONE', #4047, 1000.000000000000000 ) ;
#4256 =( NAMED_UNIT ( * ) SI_UNIT ( $, .STERADIAN. ) SOLID_ANGLE_UNIT ( ) );
#4258 = CARTESIAN_POINT ( 'NONE',  ( 0.3200000000000006700, -3.000000000000000000, 2.760000000000000200 ) ) ;
#4257 = CARTESIAN_POINT ( 'NONE',  ( 0.0000000000000000000, 8.339999999999999900, 0.0000000000000000000 ) ) ;
#4259 = DIRECTION ( 'NONE',  ( 0.7071067811865474600, -0.0000000000000000000, -0.7071067811865474600 ) ) ;
#4260 = VECTOR ( 'NONE', #3118, 1000.000000000000000 ) ;
#4261 =( GEOMETRIC_REPRESENTATION_CONTEXT ( 3 ) GLOBAL_UNCERTAINTY_ASSIGNED_CONTEXT ( ( #1760 ) ) GLOBAL_UNIT_ASSIGNED_CONTEXT ( ( #4866, #2381, #5287 ) ) REPRESENTATION_CONTEXT ( 'NONE', 'WORKASPACE' ) );
#4262 = CARTESIAN_POINT ( 'NONE',  ( -1.269999999999998000, 1.700000000000000000, 8.489999999999998400 ) ) ;
#4263 = CARTESIAN_POINT ( 'NONE',  ( 0.2200000000000000300, -3.000000000000000000, 0.3199999999999999500 ) ) ;
#4264 = DIRECTION ( 'NONE',  ( 2.464095846557964400E-016, 0.0000000000000000000, 1.000000000000000000 ) ) ;
#4265 = EDGE_CURVE ( 'NONE', #5332, #2208, #1369, .T. ) ;
#4266 = UNCERTAINTY_MEASURE_WITH_UNIT (LENGTH_MEASURE( 1.000000000000000100E-005 ), #3306, 'distance_accuracy_value', 'NONE');
#4267 = LINE ( 'NONE', #1032, #1047 ) ;
#4268 = ORIENTED_EDGE ( 'NONE', *, *, #3268, .F. ) ;
#4269 = EDGE_CURVE ( 'NONE', #317, #4082, #3627, .T. ) ;
#4270 =( GEOMETRIC_REPRESENTATION_CONTEXT ( 3 ) GLOBAL_UNCERTAINTY_ASSIGNED_CONTEXT ( ( #3094 ) ) GLOBAL_UNIT_ASSIGNED_CONTEXT ( ( #1824, #4747, #2259 ) ) REPRESENTATION_CONTEXT ( 'NONE', 'WORKASPACE' ) );
#4271 = CARTESIAN_POINT ( 'NONE',  ( -4.809999999999997800, 1.700000000000000000, 4.809999999999997800 ) ) ;
#4272 = ORIENTED_EDGE ( 'NONE', *, *, #4445, .F. ) ;
#4273 = ORIENTED_EDGE ( 'NONE', *, *, #1573, .T. ) ;
#4274 =( NAMED_UNIT ( * ) SI_UNIT ( $, .STERADIAN. ) SOLID_ANGLE_UNIT ( ) );
#4275 = LINE ( 'NONE', #1143, #2070 ) ;
#4276 =( GEOMETRIC_REPRESENTATION_CONTEXT ( 3 ) GLOBAL_UNCERTAINTY_ASSIGNED_CONTEXT ( ( #5309 ) ) GLOBAL_UNIT_ASSIGNED_CONTEXT ( ( #4296, #1796, #4710 ) ) REPRESENTATION_CONTEXT ( 'NONE', 'WORKASPACE' ) );
#4277 = DIRECTION ( 'NONE',  ( -0.7071067811865474600, 0.0000000000000000000, -0.7071067811865474600 ) ) ;
#4278 = ORIENTED_EDGE ( 'NONE', *, *, #1751, .F. ) ;
#4279 =( LENGTH_UNIT ( ) NAMED_UNIT ( * ) SI_UNIT ( .MILLI., .METRE. ) );
#4280 = DIRECTION ( 'NONE',  ( 0.0000000000000000000, 0.0000000000000000000, 1.000000000000000000 ) ) ;
#4281 =( NAMED_UNIT ( * ) SI_UNIT ( $, .STERADIAN. ) SOLID_ANGLE_UNIT ( ) );
#4282 = ORIENTED_EDGE ( 'NONE', *, *, #5201, .T. ) ;
#4283 = ORIENTED_EDGE ( 'NONE', *, *, #4637, .F. ) ;
#4284 = STYLED_ITEM ( 'NONE', ( #5087 ), #5028 ) ;
#4285 = DIRECTION ( 'NONE',  ( 1.000000000000000000, 0.0000000000000000000, -0.0000000000000000000 ) ) ;
#4286 = ORIENTED_EDGE ( 'NONE', *, *, #2797, .F. ) ;
#4287 = ORIENTED_EDGE ( 'NONE', *, *, #4462, .F. ) ;
#4288 = VECTOR ( 'NONE', #578, 1000.000000000000000 ) ;
#4289 = DIRECTION ( 'NONE',  ( -0.7071067811865475700, 0.0000000000000000000, 0.7071067811865475700 ) ) ;
#4290 = FILL_AREA_STYLE_COLOUR ( '', #3446 ) ;
#4291 = PRESENTATION_STYLE_ASSIGNMENT (( #1669 ) ) ;
#4292 = CARTESIAN_POINT ( 'NONE',  ( -0.8699999999999976600, 1.700000000000000000, 11.43000000000000100 ) ) ;
#4293 = PLANE ( 'NONE',  #4333 ) ;
#4294 = FILL_AREA_STYLE ('',( #3048 ) ) ;
#4295 =( NAMED_UNIT ( * ) SI_UNIT ( $, .STERADIAN. ) SOLID_ANGLE_UNIT ( ) );
#4296 =( LENGTH_UNIT ( ) NAMED_UNIT ( * ) SI_UNIT ( .MILLI., .METRE. ) );
#4297 = VECTOR ( 'NONE', #2147, 1000.000000000000000 ) ;
#4298 = VECTOR ( 'NONE', #1394, 1000.000000000000100 ) ;
#4299 = AXIS2_PLACEMENT_3D ( 'NONE', #2441, #5339, #2865 ) ;
#4300 = CARTESIAN_POINT ( 'NONE',  ( -0.2199999999999974500, -3.000000000000000000, 10.48000000000000000 ) ) ;
#4301 = COLOUR_RGB ( '',0.0000000000000000000, 0.03529411764705882300, 0.05882352941176470500 ) ;
#4302 = VECTOR ( 'NONE', #351, 1000.000000000000000 ) ;
#4303 = PLANE ( 'NONE',  #1502 ) ;
#4304 = DIRECTION ( 'NONE',  ( 0.0000000000000000000, -1.000000000000000000, 0.0000000000000000000 ) ) ;
#4305 =( NAMED_UNIT ( * ) SI_UNIT ( $, .STERADIAN. ) SOLID_ANGLE_UNIT ( ) );
#4306 = SURFACE_STYLE_FILL_AREA ( #3054 ) ;
#4307 = SURFACE_STYLE_USAGE ( .BOTH. , #1374 ) ;
#4308 =( NAMED_UNIT ( * ) PLANE_ANGLE_UNIT ( ) SI_UNIT ( $, .RADIAN. ) );
#4309 = CARTESIAN_POINT ( 'NONE',  ( -0.2199999999999980900, -3.000000000000000000, 7.939999999999999500 ) ) ;
#4310 = CARTESIAN_POINT ( 'NONE',  ( 1.269999999999999100, 1.700000000000000000, 0.8699999999999994400 ) ) ;
#4311 = SURFACE_STYLE_USAGE ( .BOTH. , #1380 ) ;
#4312 =( NAMED_UNIT ( * ) PLANE_ANGLE_UNIT ( ) SI_UNIT ( $, .RADIAN. ) );
#4313 = SURFACE_STYLE_FILL_AREA ( #182 ) ;
#4314 = PRESENTATION_STYLE_ASSIGNMENT (( #3916 ) ) ;
#4315 = SURFACE_SIDE_STYLE ('',( #730 ) ) ;
#4317 = DIRECTION ( 'NONE',  ( 0.0000000000000000000, -0.0000000000000000000, -1.000000000000000000 ) ) ;
#4316 = SURFACE_STYLE_USAGE ( .BOTH. , #1388 ) ;
#4318 = CARTESIAN_POINT ( 'NONE',  ( 0.3200000000000012300, -3.000000000000000000, 4.860000000000000300 ) ) ;
#4319 = CARTESIAN_POINT ( 'NONE',  ( -0.3199999999999999500, -3.000000000000000000, 0.2199999999999999700 ) ) ;
#4320 = CARTESIAN_POINT ( 'NONE',  ( -1.270000000000000000, 1.700000000000000000, 0.8699999999999998800 ) ) ;
#4321 = AXIS2_PLACEMENT_3D ( 'NONE', #5449, #2984, #407 ) ;
#4322 = CARTESIAN_POINT ( 'NONE',  ( -0.3200000000000002800, 0.2999999999999999900, -1.270000000000000500 ) ) ;
#4323 = PRESENTATION_STYLE_ASSIGNMENT (( #907 ) ) ;
#4324 = FILL_AREA_STYLE ('',( #1398 ) ) ;
#4325 = EDGE_CURVE ( 'NONE', #4717, #4735, #4589, .T. ) ;
#4326 = MECHANICAL_DESIGN_GEOMETRIC_PRESENTATION_REPRESENTATION (  '', ( #820 ), #4614 ) ;
#4327 = UNCERTAINTY_MEASURE_WITH_UNIT (LENGTH_MEASURE( 1.000000000000000100E-005 ), #1814, 'distance_accuracy_value', 'NONE');
#4328 = ORIENTED_EDGE ( 'NONE', *, *, #1172, .F. ) ;
#4329 = VERTEX_POINT ( 'NONE', #3671 ) ;
#4330 = CARTESIAN_POINT ( 'NONE',  ( -0.2199999999999988100, -3.000000000000000000, 4.760000000000000700 ) ) ;
#4331 = ORIENTED_EDGE ( 'NONE', *, *, #3544, .T. ) ;
#4332 = ORIENTED_EDGE ( 'NONE', *, *, #957, .F. ) ;
#4333 = AXIS2_PLACEMENT_3D ( 'NONE', #2250, #5147, #2679 ) ;
#4334 = COLOUR_RGB ( '',0.0000000000000000000, 0.03529411764705882300, 0.05882352941176470500 ) ;
#4335 = UNCERTAINTY_MEASURE_WITH_UNIT (LENGTH_MEASURE( 1.000000000000000100E-005 ), #2962, 'distance_accuracy_value', 'NONE');
#4336 = PRESENTATION_LAYER_ASSIGNMENT (  '', '', ( #3808 ) ) ;
#4337 = ORIENTED_EDGE ( 'NONE', *, *, #1936, .F. ) ;
#4338 = ORIENTED_EDGE ( 'NONE', *, *, #155, .F. ) ;
#4339 = DIRECTION ( 'NONE',  ( -1.000000000000000000, 0.0000000000000000000, 0.0000000000000000000 ) ) ;
#4340 = SURFACE_STYLE_USAGE ( .BOTH. , #1410 ) ;
#4341 = PLANE ( 'NONE',  #1108 ) ;
#4342 = EDGE_LOOP ( 'NONE', ( #4606, #166, #4660, #1319 ) ) ;
#4343 = EDGE_CURVE ( 'NONE', #2300, #3536, #1238, .T. ) ;
#4344 = PRESENTATION_STYLE_ASSIGNMENT (( #4629 ) ) ;
#4345 = AXIS2_PLACEMENT_3D ( 'NONE', #4460, #1971, #4886 ) ;
#4346 = LINE ( 'NONE', #3151, #1129 ) ;
#4347 =( NAMED_UNIT ( * ) SI_UNIT ( $, .STERADIAN. ) SOLID_ANGLE_UNIT ( ) );
#4348 = ORIENTED_EDGE ( 'NONE', *, *, #489, .T. ) ;
#4349 = ORIENTED_EDGE ( 'NONE', *, *, #5098, .T. ) ;
#4350 = ORIENTED_EDGE ( 'NONE', *, *, #1353, .F. ) ;
#4351 = DIRECTION ( 'NONE',  ( 0.0000000000000000000, 0.0000000000000000000, 1.000000000000000000 ) ) ;
#4352 = LINE ( 'NONE', #9, #5341 ) ;
#4353 = ORIENTED_EDGE ( 'NONE', *, *, #2694, .F. ) ;
#4354 = DIRECTION ( 'NONE',  ( 0.7071067811865475700, -0.0000000000000000000, 0.7071067811865475700 ) ) ;
#4355 = EDGE_CURVE ( 'NONE', #110, #875, #78, .T. ) ;
#4356 = VECTOR ( 'NONE', #5007, 1000.000000000000000 ) ;
#4357 = CARTESIAN_POINT ( 'NONE',  ( 0.0000000000000000000, 1.700000000000000000, 2.220000000000000200 ) ) ;
#4358 = MECHANICAL_DESIGN_GEOMETRIC_PRESENTATION_REPRESENTATION (  '', ( #3537 ), #4646 ) ;
#4359 = CARTESIAN_POINT ( 'NONE',  ( 0.2200000000000019400, -3.000000000000000000, 7.939999999999999500 ) ) ;
#4360 = LINE ( 'NONE', #5306, #2168 ) ;
#4361 = PLANE ( 'NONE',  #2297 ) ;
#4362 = VECTOR ( 'NONE', #4564, 1000.000000000000100 ) ;
#4363 = LINE ( 'NONE', #5220, #3154 ) ;
#4364 = EDGE_CURVE ( 'NONE', #5458, #314, #3380, .T. ) ;
#4365 = SURFACE_STYLE_USAGE ( .BOTH. , #1437 ) ;
#4366 = CARTESIAN_POINT ( 'NONE',  ( -0.2199999999999999700, 8.339999999999999900, 0.3199999999999999500 ) ) ;
#4367 = ORIENTED_EDGE ( 'NONE', *, *, #2490, .T. ) ;
#4368 = EDGE_CURVE ( 'NONE', #4877, #1391, #1105, .T. ) ;
#4369 = MECHANICAL_DESIGN_GEOMETRIC_PRESENTATION_REPRESENTATION (  '', ( #3551 ), #4651 ) ;
#4370 = CARTESIAN_POINT ( 'NONE',  ( 0.8700000000000012200, 0.0000000000000000000, 8.889999999999998800 ) ) ;
#4371 = ORIENTED_EDGE ( 'NONE', *, *, #4554, .F. ) ;
#4372 = PRESENTATION_STYLE_ASSIGNMENT (( #395 ) ) ;
#4373 = DIRECTION ( 'NONE',  ( -1.232047923278982200E-016, 0.0000000000000000000, -1.000000000000000000 ) ) ;
#4374 =( LENGTH_UNIT ( ) NAMED_UNIT ( * ) SI_UNIT ( .MILLI., .METRE. ) );
#4375 = DIRECTION ( 'NONE',  ( -1.232047923278982200E-016, 0.0000000000000000000, -1.000000000000000000 ) ) ;
#4376 = LINE ( 'NONE', #2811, #4255 ) ;
#4377 = PLANE ( 'NONE',  #3973 ) ;
#4378 = PLANE ( 'NONE',  #970 ) ;
#4379 = CARTESIAN_POINT ( 'NONE',  ( -0.2199999999999980900, 8.339999999999999900, 7.939999999999999500 ) ) ;
#4380 = COLOUR_RGB ( '',1.000000000000000000, 1.000000000000000000, 1.000000000000000000 ) ;
#4381 = SURFACE_STYLE_FILL_AREA ( #3927 ) ;
#4382 = ORIENTED_EDGE ( 'NONE', *, *, #3795, .T. ) ;
#4383 = SURFACE_SIDE_STYLE ('',( #5268 ) ) ;
#4384 =( LENGTH_UNIT ( ) NAMED_UNIT ( * ) SI_UNIT ( .MILLI., .METRE. ) );
#4385 = CARTESIAN_POINT ( 'NONE',  ( 0.8699999999999987700, 1.700000000000000000, -1.270000000000000200 ) ) ;
#4386 = VERTEX_POINT ( 'NONE', #1362 ) ;
#4387 = UNCERTAINTY_MEASURE_WITH_UNIT (LENGTH_MEASURE( 1.000000000000000100E-005 ), #3285, 'distance_accuracy_value', 'NONE');
#4388 =( GEOMETRIC_REPRESENTATION_CONTEXT ( 3 ) GLOBAL_UNCERTAINTY_ASSIGNED_CONTEXT ( ( #5410 ) ) GLOBAL_UNIT_ASSIGNED_CONTEXT ( ( #718, #3698, #1163 ) ) REPRESENTATION_CONTEXT ( 'NONE', 'WORKASPACE' ) );
#4389 = DIRECTION ( 'NONE',  ( -0.7071067811865474600, 0.0000000000000000000, -0.7071067811865474600 ) ) ;
#4390 = ORIENTED_EDGE ( 'NONE', *, *, #2437, .T. ) ;
#4391 = EDGE_CURVE ( 'NONE', #2815, #100, #4197, .T. ) ;
#4392 = ORIENTED_EDGE ( 'NONE', *, *, #2050, .F. ) ;
#4393 = STYLED_ITEM ( 'NONE', ( #3133 ), #1177 ) ;
#4394 = DIRECTION ( 'NONE',  ( 2.464095846557964400E-016, 0.0000000000000000000, 1.000000000000000000 ) ) ;
#4395 = APPLICATION_CONTEXT ( 'automotive_design' ) ;
#4396 = CARTESIAN_POINT ( 'NONE',  ( 0.3199999999999999500, -3.000000000000000000, -0.2200000000000000800 ) ) ;
#4397 = DIRECTION ( 'NONE',  ( 0.7071067811865474600, 0.0000000000000000000, 0.7071067811865474600 ) ) ;
#4398 = ORIENTED_EDGE ( 'NONE', *, *, #399, .T. ) ;
#4399 = ORIENTED_EDGE ( 'NONE', *, *, #4413, .F. ) ;
#4400 = ORIENTED_EDGE ( 'NONE', *, *, #1623, .T. ) ;
#4401 = PLANE ( 'NONE',  #3438 ) ;
#4402 = ORIENTED_EDGE ( 'NONE', *, *, #3328, .F. ) ;
#4403 = ORIENTED_EDGE ( 'NONE', *, *, #1827, .F. ) ;
#4404 =( GEOMETRIC_REPRESENTATION_CONTEXT ( 3 ) GLOBAL_UNCERTAINTY_ASSIGNED_CONTEXT ( ( #5139 ) ) GLOBAL_UNIT_ASSIGNED_CONTEXT ( ( #2439, #5338, #2863 ) ) REPRESENTATION_CONTEXT ( 'NONE', 'WORKASPACE' ) );
#4405 = ORIENTED_EDGE ( 'NONE', *, *, #417, .T. ) ;
#4406 = LINE ( 'NONE', #4083, #2900 ) ;
#4407 = PRESENTATION_LAYER_ASSIGNMENT (  '', '', ( #3876 ) ) ;
#4408 =( GEOMETRIC_REPRESENTATION_CONTEXT ( 3 ) GLOBAL_UNCERTAINTY_ASSIGNED_CONTEXT ( ( #4175 ) ) GLOBAL_UNIT_ASSIGNED_CONTEXT ( ( #5125, #2654, #65 ) ) REPRESENTATION_CONTEXT ( 'NONE', 'WORKASPACE' ) );
#4409 = DIRECTION ( 'NONE',  ( 0.0000000000000000000, 1.000000000000000000, 0.0000000000000000000 ) ) ;
#4410 = DIRECTION ( 'NONE',  ( 0.0000000000000000000, 1.000000000000000000, -0.0000000000000000000 ) ) ;
#4411 = ORIENTED_EDGE ( 'NONE', *, *, #777, .T. ) ;
#4412 = VERTEX_POINT ( 'NONE', #2235 ) ;
#4413 = EDGE_CURVE ( 'NONE', #1003, #1819, #2123, .T. ) ;
#4414 = SURFACE_SIDE_STYLE ('',( #4182 ) ) ;
#4415 =( GEOMETRIC_REPRESENTATION_CONTEXT ( 3 ) GLOBAL_UNCERTAINTY_ASSIGNED_CONTEXT ( ( #3546 ) ) GLOBAL_UNIT_ASSIGNED_CONTEXT ( ( #4588, #2103, #5011 ) ) REPRESENTATION_CONTEXT ( 'NONE', 'WORKASPACE' ) );
#4416 = LINE ( 'NONE', #4357, #4288 ) ;
#4417 = COLOUR_RGB ( '',1.000000000000000000, 1.000000000000000000, 1.000000000000000000 ) ;
#4418 = SURFACE_STYLE_USAGE ( .BOTH. , #1491 ) ;
#4419 = DIRECTION ( 'NONE',  ( -0.7071067811865474600, -0.0000000000000000000, 0.7071067811865474600 ) ) ;
#4420 = ADVANCED_FACE ( 'NONE', ( #1981 ), #4293, .F. ) ;
#4421 = CARTESIAN_POINT ( 'NONE',  ( 0.3200000000000000100, -3.000000000000000000, 0.2199999999999999700 ) ) ;
#4422 = APPLICATION_PROTOCOL_DEFINITION ( 'draft international standard', 'automotive_design', 1998, #1497 ) ;
#4423 = CARTESIAN_POINT ( 'NONE',  ( 0.2200000000000006100, 8.339999999999999900, 2.220000000000000200 ) ) ;
#4424 = SURFACE_STYLE_USAGE ( .BOTH. , #1500 ) ;
#4425 = LINE ( 'NONE', #3812, #1084 ) ;
#4426 = UNCERTAINTY_MEASURE_WITH_UNIT (LENGTH_MEASURE( 1.000000000000000100E-005 ), #739, 'distance_accuracy_value', 'NONE');
#4427 = STYLED_ITEM ( 'NONE', ( #3581 ), #3329 ) ;
#4428 =( NAMED_UNIT ( * ) SI_UNIT ( $, .STERADIAN. ) SOLID_ANGLE_UNIT ( ) );
#4429 = CARTESIAN_POINT ( 'NONE',  ( -0.2199999999999993600, -3.000000000000000000, 2.860000000000000300 ) ) ;
#4430 = EDGE_LOOP ( 'NONE', ( #370, #1190, #1260, #1322 ) ) ;
#4431 = DIRECTION ( 'NONE',  ( -2.492418787322999200E-016, -0.0000000000000000000, -1.000000000000000000 ) ) ;
#4432 = DIRECTION ( 'NONE',  ( -0.0000000000000000000, -1.000000000000000000, -0.0000000000000000000 ) ) ;
#4433 = SURFACE_STYLE_FILL_AREA ( #54 ) ;
#4434 = DIRECTION ( 'NONE',  ( 0.0000000000000000000, 1.000000000000000000, 0.0000000000000000000 ) ) ;
#4435 = DIRECTION ( 'NONE',  ( -1.232047923278982200E-016, 0.0000000000000000000, -1.000000000000000000 ) ) ;
#4436 = EDGE_CURVE ( 'NONE', #2680, #278, #4780, .T. ) ;
#4437 = LINE ( 'NONE', #476, #66 ) ;
#4438 = FILL_AREA_STYLE ('',( #638 ) ) ;
#4439 = DIRECTION ( 'NONE',  ( -0.7071067811865474600, 0.0000000000000000000, -0.7071067811865474600 ) ) ;
#4440 = FACE_OUTER_BOUND ( 'NONE', #1166, .T. ) ;
#4441 = EDGE_CURVE ( 'NONE', #4533, #5379, #2725, .T. ) ;
#4442 = PRESENTATION_STYLE_ASSIGNMENT (( #4516 ) ) ;
#4443 = STYLED_ITEM ( 'NONE', ( #3308 ), #4204 ) ;
#4444 = SURFACE_SIDE_STYLE ('',( #3344 ) ) ;
#4445 = EDGE_CURVE ( 'NONE', #379, #2076, #3696, .T. ) ;
#4446 = EDGE_CURVE ( 'NONE', #4082, #1444, #1439, .T. ) ;
#4447 = ADVANCED_FACE ( 'NONE', ( #1308 ), #5162, .T. ) ;
#4448 = STYLED_ITEM ( 'NONE', ( #338 ), #2084 ) ;
#4449 = DIRECTION ( 'NONE',  ( -0.7071067811865475700, 0.0000000000000000000, 0.7071067811865475700 ) ) ;
#4450 = SURFACE_SIDE_STYLE ('',( #4010 ) ) ;
#4451 = FILL_AREA_STYLE ('',( #5277 ) ) ;
#4452 = DIRECTION ( 'NONE',  ( 2.464095846557964400E-016, 0.0000000000000000000, 1.000000000000000000 ) ) ;
#4453 = CARTESIAN_POINT ( 'NONE',  ( -0.2199999999999993600, -3.000000000000000000, 2.860000000000000300 ) ) ;
#4454 = CARTESIAN_POINT ( 'NONE',  ( -0.3199999999999993400, -3.000000000000000000, 2.760000000000000200 ) ) ;
#4455 = VECTOR ( 'NONE', #1977, 1000.000000000000000 ) ;
#4456 = CARTESIAN_POINT ( 'NONE',  ( -0.3199999999999981700, 8.339999999999999900, 7.400000000000000400 ) ) ;
#4457 =( GEOMETRIC_REPRESENTATION_CONTEXT ( 3 ) GLOBAL_UNCERTAINTY_ASSIGNED_CONTEXT ( ( #5315 ) ) GLOBAL_UNIT_ASSIGNED_CONTEXT ( ( #4581, #2094, #4996 ) ) REPRESENTATION_CONTEXT ( 'NONE', 'WORKASPACE' ) );
#4458 = CARTESIAN_POINT ( 'NONE',  ( -1.270000000000000500, 1.700000000000000000, -0.8700000000000003300 ) ) ;
#4459 = FILL_AREA_STYLE_COLOUR ( '', #807 ) ;
#4460 = CARTESIAN_POINT ( 'NONE',  ( 0.2200000000000006100, -3.000000000000000000, 2.220000000000000200 ) ) ;
#4461 = ORIENTED_EDGE ( 'NONE', *, *, #2430, .T. ) ;
#4462 = EDGE_CURVE ( 'NONE', #5325, #4865, #2057, .T. ) ;
#4463 = CARTESIAN_POINT ( 'NONE',  ( 1.270000000000000700, 1.700000000000000000, 6.750000000000000000 ) ) ;
#4464 = ORIENTED_EDGE ( 'NONE', *, *, #1999, .F. ) ;
#4465 =( NAMED_UNIT ( * ) PLANE_ANGLE_UNIT ( ) SI_UNIT ( $, .RADIAN. ) );
#4466 = PRESENTATION_LAYER_ASSIGNMENT (  '', '', ( #3926 ) ) ;
#4467 = SURFACE_STYLE_FILL_AREA ( #3315 ) ;
#4468 =( NAMED_UNIT ( * ) SI_UNIT ( $, .STERADIAN. ) SOLID_ANGLE_UNIT ( ) );
#4469 = DIRECTION ( 'NONE',  ( -0.7071067811865474600, -0.0000000000000000000, 0.7071067811865474600 ) ) ;
#4470 = ORIENTED_EDGE ( 'NONE', *, *, #995, .F. ) ;
#4471 = PRESENTATION_STYLE_ASSIGNMENT (( #4752 ) ) ;
#4472 = DIRECTION ( 'NONE',  ( -1.000000000000000000, 0.0000000000000000000, 2.464095846557964400E-016 ) ) ;
#4473 = LINE ( 'NONE', #3377, #2405 ) ;
#4474 = CARTESIAN_POINT ( 'NONE',  ( 1.269999999999999400, 1.700000000000000000, 1.669999999999999900 ) ) ;
#4475 = VERTEX_POINT ( 'NONE', #1013 ) ;
#4476 = EDGE_CURVE ( 'NONE', #1070, #35, #4133, .T. ) ;
#4477 = CARTESIAN_POINT ( 'NONE',  ( -0.2199999999999988100, -3.000000000000000000, 4.760000000000000700 ) ) ;
#4478 = DIRECTION ( 'NONE',  ( 2.492418787322998300E-016, 0.0000000000000000000, 1.000000000000000000 ) ) ;
#4479 = ORIENTED_EDGE ( 'NONE', *, *, #2618, .F. ) ;
#4480 = ORIENTED_EDGE ( 'NONE', *, *, #3833, .T. ) ;
#4481 = ADVANCED_FACE ( 'NONE', ( #1914 ), #4361, .T. ) ;
#4482 = PRESENTATION_LAYER_ASSIGNMENT (  '', '', ( #3936 ) ) ;
#4483 = SURFACE_SIDE_STYLE ('',( #3711 ) ) ;
#4484 = CARTESIAN_POINT ( 'NONE',  ( 5.610000000000000300, 0.2999999999999999900, 5.089999999999999900 ) ) ;
#4485 = SURFACE_SIDE_STYLE ('',( #3289 ) ) ;
#4486 = ORIENTED_EDGE ( 'NONE', *, *, #3253, .T. ) ;
#4487 = VERTEX_POINT ( 'NONE', #1866 ) ;
#4488 = PRESENTATION_STYLE_ASSIGNMENT (( #4503 ) ) ;
#4489 = LINE ( 'NONE', #882, #2280 ) ;
#4490 = FILL_AREA_STYLE ('',( #3251 ) ) ;
#4491 = ORIENTED_EDGE ( 'NONE', *, *, #5388, .F. ) ;
#4492 = PRESENTATION_STYLE_ASSIGNMENT (( #3486 ) ) ;
#4493 = AXIS2_PLACEMENT_3D ( 'NONE', #2862, #280, #3281 ) ;
#4494 = SURFACE_SIDE_STYLE ('',( #463 ) ) ;
#4495 = VECTOR ( 'NONE', #1648, 1000.000000000000100 ) ;
#4496 = SURFACE_STYLE_USAGE ( .BOTH. , #1572 ) ;
#4497 = FILL_AREA_STYLE ('',( #4085 ) ) ;
#4498 =( NAMED_UNIT ( * ) PLANE_ANGLE_UNIT ( ) SI_UNIT ( $, .RADIAN. ) );
#4499 = FILL_AREA_STYLE_COLOUR ( '', #738 ) ;
#4500 = VECTOR ( 'NONE', #4679, 1000.000000000000100 ) ;
#4501 = DIRECTION ( 'NONE',  ( -1.232047923278982200E-016, 0.0000000000000000000, -1.000000000000000000 ) ) ;
#4502 = FILL_AREA_STYLE ('',( #700 ) ) ;
#4503 = SURFACE_STYLE_USAGE ( .BOTH. , #1582 ) ;
#4505 = ORIENTED_EDGE ( 'NONE', *, *, #3626, .T. ) ;
#4504 = UNCERTAINTY_MEASURE_WITH_UNIT (LENGTH_MEASURE( 1.000000000000000100E-005 ), #3342, 'distance_accuracy_value', 'NONE');
#4506 = VERTEX_POINT ( 'NONE', #1450 ) ;
#4507 = CARTESIAN_POINT ( 'NONE',  ( 5.070000000000001200, 0.2999999999999999900, 4.550000000000000700 ) ) ;
#4508 = ADVANCED_FACE ( 'NONE', ( #2651 ), #4377, .T. ) ;
#4509 = COLOUR_RGB ( '',1.000000000000000000, 1.000000000000000000, 1.000000000000000000 ) ;
#4510 = COLOUR_RGB ( '',1.000000000000000000, 1.000000000000000000, 1.000000000000000000 ) ;
#4511 = CARTESIAN_POINT ( 'NONE',  ( -0.8699999999999998800, 1.700000000000000000, 1.269999999999999800 ) ) ;
#4512 = MECHANICAL_DESIGN_GEOMETRIC_PRESENTATION_REPRESENTATION (  '', ( #3691 ), #4785 ) ;
#4513 = VERTEX_POINT ( 'NONE', #1044 ) ;
#4514 = VECTOR ( 'NONE', #4166, 1000.000000000000100 ) ;
#4515 = EDGE_CURVE ( 'NONE', #1994, #2343, #2249, .T. ) ;
#4516 = SURFACE_STYLE_USAGE ( .BOTH. , #1588 ) ;
#4517 = CARTESIAN_POINT ( 'NONE',  ( -0.3199999999999988400, 8.339999999999999900, 4.860000000000000300 ) ) ;
#4518 = DIRECTION ( 'NONE',  ( 0.0000000000000000000, 0.0000000000000000000, -1.000000000000000000 ) ) ;
#4519 = DIRECTION ( 'NONE',  ( -0.7071067811865475700, 0.0000000000000000000, -0.7071067811865475700 ) ) ;
#4520 = CARTESIAN_POINT ( 'NONE',  ( -1.269999999999998500, 1.700000000000000000, 6.750000000000000000 ) ) ;
#4521 = PRESENTATION_STYLE_ASSIGNMENT (( #678 ) ) ;
#4522 = MECHANICAL_DESIGN_GEOMETRIC_PRESENTATION_REPRESENTATION (  '', ( #3701 ), #4795 ) ;
#4523 = MECHANICAL_DESIGN_GEOMETRIC_PRESENTATION_REPRESENTATION (  '', ( #3703 ), #4798 ) ;
#4524 =( GEOMETRIC_REPRESENTATION_CONTEXT ( 3 ) GLOBAL_UNCERTAINTY_ASSIGNED_CONTEXT ( ( #306 ) ) GLOBAL_UNIT_ASSIGNED_CONTEXT ( ( #3333, #3237, #3657 ) ) REPRESENTATION_CONTEXT ( 'NONE', 'WORKASPACE' ) );
#4525 = DIRECTION ( 'NONE',  ( 1.000000000000000000, -0.0000000000000000000, -2.492418787322999700E-016 ) ) ;
#4526 = EDGE_CURVE ( 'NONE', #3770, #4656, #1104, .T. ) ;
#4527 = MECHANICAL_DESIGN_GEOMETRIC_PRESENTATION_REPRESENTATION (  '', ( #3707 ), #4806 ) ;
#4528 = ORIENTED_EDGE ( 'NONE', *, *, #5391, .T. ) ;
#4529 = CARTESIAN_POINT ( 'NONE',  ( -0.2199999999999993600, -3.000000000000000000, 2.860000000000000300 ) ) ;
#4530 = VECTOR ( 'NONE', #4721, 1000.000000000000100 ) ;
#4531 = CARTESIAN_POINT ( 'NONE',  ( -0.7500000000000000000, 0.0000000000000000000, -1.270000000000000500 ) ) ;
#4532 = CARTESIAN_POINT ( 'NONE',  ( -0.2199999999999994700, -3.000000000000000000, 2.220000000000000200 ) ) ;
#4533 = VERTEX_POINT ( 'NONE', #3186 ) ;
#4534 = SURFACE_SIDE_STYLE ('',( #193 ) ) ;
#4535 = COLOUR_RGB ( '',1.000000000000000000, 1.000000000000000000, 1.000000000000000000 ) ;
#4536 = AXIS2_PLACEMENT_3D ( 'NONE', #1834, #4753, #2269 ) ;
#4537 = ADVANCED_FACE ( 'NONE', ( #2115 ), #4009, .F. ) ;
#4538 = DIRECTION ( 'NONE',  ( 0.0000000000000000000, 1.000000000000000000, -0.0000000000000000000 ) ) ;
#4539 =( LENGTH_UNIT ( ) NAMED_UNIT ( * ) SI_UNIT ( .MILLI., .METRE. ) );
#4540 = ORIENTED_EDGE ( 'NONE', *, *, #1287, .T. ) ;
#4541 = DIRECTION ( 'NONE',  ( 1.000000000000000000, 0.0000000000000000000, -0.0000000000000000000 ) ) ;
#4542 = VECTOR ( 'NONE', #4689, 1000.000000000000000 ) ;
#4543 = ORIENTED_EDGE ( 'NONE', *, *, #2227, .F. ) ;
#4544 = FILL_AREA_STYLE_COLOUR ( '', #3153 ) ;
#4545 = ORIENTED_EDGE ( 'NONE', *, *, #1312, .T. ) ;
#4546 = FACE_OUTER_BOUND ( 'NONE', #1661, .T. ) ;
#4547 = VECTOR ( 'NONE', #3260, 1000.000000000000100 ) ;
#4548 = ORIENTED_EDGE ( 'NONE', *, *, #2047, .T. ) ;
#4549 = ORIENTED_EDGE ( 'NONE', *, *, #1165, .F. ) ;
#4550 = VERTEX_POINT ( 'NONE', #1082 ) ;
#4551 = DIRECTION ( 'NONE',  ( 0.0000000000000000000, 1.000000000000000000, 0.0000000000000000000 ) ) ;
#4552 = EDGE_CURVE ( 'NONE', #5239, #5458, #3946, .T. ) ;
#4553 = CARTESIAN_POINT ( 'NONE',  ( -0.2199999999999987000, 0.2999999999999999300, 5.400000000000000400 ) ) ;
#4554 = EDGE_CURVE ( 'NONE', #467, #1615, #1503, .T. ) ;
#4555 = SURFACE_STYLE_USAGE ( .BOTH. , #1631 ) ;
#4556 = COLOUR_RGB ( '',1.000000000000000000, 1.000000000000000000, 1.000000000000000000 ) ;
#4557 = ORIENTED_EDGE ( 'NONE', *, *, #1416, .T. ) ;
#4558 = ORIENTED_EDGE ( 'NONE', *, *, #879, .T. ) ;
#4559 = DIRECTION ( 'NONE',  ( -0.7071067811865474600, -0.0000000000000000000, -0.7071067811865474600 ) ) ;
#4560 = VECTOR ( 'NONE', #5171, 1000.000000000000100 ) ;
#4561 = COLOUR_RGB ( '',1.000000000000000000, 1.000000000000000000, 1.000000000000000000 ) ;
#4562 =( LENGTH_UNIT ( ) NAMED_UNIT ( * ) SI_UNIT ( .MILLI., .METRE. ) );
#4563 = COLOUR_RGB ( '',1.000000000000000000, 1.000000000000000000, 1.000000000000000000 ) ;
#4564 = DIRECTION ( 'NONE',  ( 0.7071067811865474600, 0.0000000000000000000, 0.7071067811865474600 ) ) ;
#4565 = FACE_OUTER_BOUND ( 'NONE', #24, .T. ) ;
#4566 = PRESENTATION_STYLE_ASSIGNMENT (( #2051 ) ) ;
#4567 = ADVANCED_FACE ( 'NONE', ( #4917 ), #5278, .T. ) ;
#4568 = COLOUR_RGB ( '',1.000000000000000000, 1.000000000000000000, 1.000000000000000000 ) ;
#4569 = VECTOR ( 'NONE', #2556, 1000.000000000000100 ) ;
#4570 = AXIS2_PLACEMENT_3D ( 'NONE', #257, #975, #2370 ) ;
#4571 = DIRECTION ( 'NONE',  ( -0.0000000000000000000, -1.000000000000000000, -0.0000000000000000000 ) ) ;
#4572 = CARTESIAN_POINT ( 'NONE',  ( 0.3200000000000006700, 8.339999999999999900, 2.760000000000000200 ) ) ;
#4573 = PLANE ( 'NONE',  #4871 ) ;
#4574 = FILL_AREA_STYLE ('',( #339 ) ) ;
#4575 = LINE ( 'NONE', #254, #1222 ) ;
#4576 = VECTOR ( 'NONE', #5424, 1000.000000000000000 ) ;
#4577 = DIRECTION ( 'NONE',  ( 1.000000000000000000, 0.0000000000000000000, -0.0000000000000000000 ) ) ;
#4578 = UNCERTAINTY_MEASURE_WITH_UNIT (LENGTH_MEASURE( 1.000000000000000100E-005 ), #1010, 'distance_accuracy_value', 'NONE');
#4579 = ORIENTED_EDGE ( 'NONE', *, *, #3597, .T. ) ;
#4580 = DIRECTION ( 'NONE',  ( 0.7071067811865474600, 0.0000000000000000000, 0.7071067811865474600 ) ) ;
#4581 =( LENGTH_UNIT ( ) NAMED_UNIT ( * ) SI_UNIT ( .MILLI., .METRE. ) );
#4582 = UNCERTAINTY_MEASURE_WITH_UNIT (LENGTH_MEASURE( 1.000000000000000100E-005 ), #2736, 'distance_accuracy_value', 'NONE');
#4583 = PRESENTATION_LAYER_ASSIGNMENT (  '', '', ( #4032 ) ) ;
#4584 = CARTESIAN_POINT ( 'NONE',  ( -0.8699999999999981100, 1.700000000000000000, 8.890000000000000600 ) ) ;
#4585 = ADVANCED_FACE ( 'NONE', ( #137 ), #2831, .F. ) ;
#4587 = DIRECTION ( 'NONE',  ( 0.7071067811865474600, 0.0000000000000000000, 0.7071067811865474600 ) ) ;
#4586 = CARTESIAN_POINT ( 'NONE',  ( 0.3200000000000012300, -3.000000000000000000, 4.860000000000000300 ) ) ;
#4588 =( LENGTH_UNIT ( ) NAMED_UNIT ( * ) SI_UNIT ( .MILLI., .METRE. ) );
#4589 = LINE ( 'NONE', #4896, #4455 ) ;
#4590 = COLOUR_RGB ( '',1.000000000000000000, 1.000000000000000000, 1.000000000000000000 ) ;
#4591 = DIRECTION ( 'NONE',  ( 2.464095846557964400E-016, 0.0000000000000000000, 1.000000000000000000 ) ) ;
#4592 = STYLED_ITEM ( 'NONE', ( #2159 ), #773 ) ;
#4593 = STYLED_ITEM ( 'NONE', ( #1433 ), #1602 ) ;
#4594 = VERTEX_POINT ( 'NONE', #5298 ) ;
#4595 = FILL_AREA_STYLE_COLOUR ( '', #2768 ) ;
#4596 = STYLED_ITEM ( 'NONE', ( #800 ), #2788 ) ;
#4597 = VERTEX_POINT ( 'NONE', #5316 ) ;
#4598 = SURFACE_STYLE_FILL_AREA ( #5172 ) ;
#4599 = VERTEX_POINT ( 'NONE', #2850 ) ;
#4600 = VERTEX_POINT ( 'NONE', #263 ) ;
#4602 = SURFACE_SIDE_STYLE ('',( #4027 ) ) ;
#4601 =( NAMED_UNIT ( * ) PLANE_ANGLE_UNIT ( ) SI_UNIT ( $, .RADIAN. ) );
#4603 = LINE ( 'NONE', #3103, #1264 ) ;
#4604 = CARTESIAN_POINT ( 'NONE',  ( 0.3200000000000004000, 1.700000000000000000, 5.300000000000000700 ) ) ;
#4605 = PLANE ( 'NONE',  #3416 ) ;
#4606 = ORIENTED_EDGE ( 'NONE', *, *, #5204, .T. ) ;
#4607 = ORIENTED_EDGE ( 'NONE', *, *, #5015, .T. ) ;
#4608 =( LENGTH_UNIT ( ) NAMED_UNIT ( * ) SI_UNIT ( .MILLI., .METRE. ) );
#4609 = PRESENTATION_LAYER_ASSIGNMENT (  '', '', ( #4059 ) ) ;
#4610 = ORIENTED_EDGE ( 'NONE', *, *, #2964, .T. ) ;
#4611 = ORIENTED_EDGE ( 'NONE', *, *, #1752, .F. ) ;
#4612 = EDGE_CURVE ( 'NONE', #1595, #4550, #763, .T. ) ;
#4613 = ADVANCED_FACE ( 'NONE', ( #3042 ), #1138, .T. ) ;
#4614 =( GEOMETRIC_REPRESENTATION_CONTEXT ( 3 ) GLOBAL_UNCERTAINTY_ASSIGNED_CONTEXT ( ( #4977 ) ) GLOBAL_UNIT_ASSIGNED_CONTEXT ( ( #2133, #5041, #2563 ) ) REPRESENTATION_CONTEXT ( 'NONE', 'WORKASPACE' ) );
#4615 = COLOUR_RGB ( '',0.0000000000000000000, 0.03529411764705882300, 0.05882352941176470500 ) ;
#4616 = FACE_OUTER_BOUND ( 'NONE', #724, .T. ) ;
#4617 = LINE ( 'NONE', #3019, #2425 ) ;
#4618 = CARTESIAN_POINT ( 'NONE',  ( -0.8699999999999981100, 0.0000000000000000000, 8.890000000000000600 ) ) ;
#4619 = SURFACE_STYLE_USAGE ( .BOTH. , #1701 ) ;
#4620 = PRESENTATION_STYLE_ASSIGNMENT (( #3123 ) ) ;
#4621 = PRESENTATION_LAYER_ASSIGNMENT (  '', '', ( #4074 ) ) ;
#4623 = DIRECTION ( 'NONE',  ( 1.000000000000000000, 0.0000000000000000000, -0.0000000000000000000 ) ) ;
#4622 = CARTESIAN_POINT ( 'NONE',  ( -0.3199999999999988400, -3.000000000000000000, 4.860000000000000300 ) ) ;
#4624 = CARTESIAN_POINT ( 'NONE',  ( -0.3199999999999980600, -3.000000000000000000, 7.839999999999999900 ) ) ;
#4625 = CARTESIAN_POINT ( 'NONE',  ( 0.3200000000000012800, -3.000000000000000000, 5.299999999999999800 ) ) ;
#4626 = SURFACE_STYLE_FILL_AREA ( #4502 ) ;
#4627 = MECHANICAL_DESIGN_GEOMETRIC_PRESENTATION_REPRESENTATION (  '', ( #3808 ), #4913 ) ;
#4628 = EDGE_CURVE ( 'NONE', #278, #633, #4701, .T. ) ;
#4629 = SURFACE_STYLE_USAGE ( .BOTH. , #1708 ) ;
#4630 = PRESENTATION_LAYER_ASSIGNMENT (  '', '', ( #4081 ) ) ;
#4631 = PLANE ( 'NONE',  #3262 ) ;
#4632 = EDGE_LOOP ( 'NONE', ( #3961, #627, #1203, #1184 ) ) ;
#4633 = PRESENTATION_STYLE_ASSIGNMENT (( #3121 ) ) ;
#4634 = STYLED_ITEM ( 'NONE', ( #5473 ), #5360 ) ;
#4635 = SURFACE_STYLE_USAGE ( .BOTH. , #1716 ) ;
#4636 = SURFACE_STYLE_USAGE ( .BOTH. , #1718 ) ;
#4637 = EDGE_CURVE ( 'NONE', #4868, #99, #350, .T. ) ;
#4638 = ORIENTED_EDGE ( 'NONE', *, *, #95, .F. ) ;
#4639 = VECTOR ( 'NONE', #5409, 1000.000000000000100 ) ;
#4640 = ADVANCED_FACE ( 'NONE', ( #2647 ), #2891, .T. ) ;
#4642 =( NAMED_UNIT ( * ) PLANE_ANGLE_UNIT ( ) SI_UNIT ( $, .RADIAN. ) );
#4641 = CARTESIAN_POINT ( 'NONE',  ( -0.3199999999999974000, 8.339999999999999900, 10.38000000000000100 ) ) ;
#4643 = COLOUR_RGB ( '',1.000000000000000000, 1.000000000000000000, 1.000000000000000000 ) ;
#4644 = CARTESIAN_POINT ( 'NONE',  ( 0.2200000000000006100, 0.2999999999999999300, 2.220000000000000200 ) ) ;
#4645 = ORIENTED_EDGE ( 'NONE', *, *, #770, .F. ) ;
#4646 =( GEOMETRIC_REPRESENTATION_CONTEXT ( 3 ) GLOBAL_UNCERTAINTY_ASSIGNED_CONTEXT ( ( #4665 ) ) GLOBAL_UNIT_ASSIGNED_CONTEXT ( ( #1383, #4312, #1816 ) ) REPRESENTATION_CONTEXT ( 'NONE', 'WORKASPACE' ) );
#4647 = DIRECTION ( 'NONE',  ( 1.000000000000000000, 0.0000000000000000000, -0.0000000000000000000 ) ) ;
#4648 = EDGE_CURVE ( 'NONE', #2078, #5256, #962, .T. ) ;
#4649 = SURFACE_STYLE_FILL_AREA ( #549 ) ;
#4650 = EDGE_CURVE ( 'NONE', #3565, #3647, #5297, .T. ) ;
#4651 =( GEOMETRIC_REPRESENTATION_CONTEXT ( 3 ) GLOBAL_UNCERTAINTY_ASSIGNED_CONTEXT ( ( #513 ) ) GLOBAL_UNIT_ASSIGNED_CONTEXT ( ( #3434, #897, #3857 ) ) REPRESENTATION_CONTEXT ( 'NONE', 'WORKASPACE' ) );
#4652 = DIRECTION ( 'NONE',  ( -0.0000000000000000000, -1.000000000000000000, -0.0000000000000000000 ) ) ;
#4653 = ORIENTED_EDGE ( 'NONE', *, *, #333, .T. ) ;
#4654 = CARTESIAN_POINT ( 'NONE',  ( 3.540000000000000500, 1.700000000000000000, 3.540000000000000500 ) ) ;
#4655 = DIRECTION ( 'NONE',  ( 1.000000000000000000, 0.0000000000000000000, 0.0000000000000000000 ) ) ;
#4656 = VERTEX_POINT ( 'NONE', #758 ) ;
#4657 = ORIENTED_EDGE ( 'NONE', *, *, #3899, .F. ) ;
#4658 = LINE ( 'NONE', #4586, #154 ) ;
#4659 = CARTESIAN_POINT ( 'NONE',  ( -0.3199999999999999500, 8.339999999999999900, 0.2199999999999999700 ) ) ;
#4660 = ORIENTED_EDGE ( 'NONE', *, *, #777, .F. ) ;
#4661 = SURFACE_SIDE_STYLE ('',( #2833 ) ) ;
#4662 = ORIENTED_EDGE ( 'NONE', *, *, #2517, .T. ) ;
#4663 = PRESENTATION_STYLE_ASSIGNMENT (( #1984 ) ) ;
#4664 = STYLED_ITEM ( 'NONE', ( #3225 ), #4952 ) ;
#4665 = UNCERTAINTY_MEASURE_WITH_UNIT (LENGTH_MEASURE( 1.000000000000000100E-005 ), #1383, 'distance_accuracy_value', 'NONE');
#4666 = VECTOR ( 'NONE', #3043, 1000.000000000000000 ) ;
#4667 = ORIENTED_EDGE ( 'NONE', *, *, #1850, .F. ) ;
#4668 = ORIENTED_EDGE ( 'NONE', *, *, #4325, .F. ) ;
#4669 = PRESENTATION_STYLE_ASSIGNMENT (( #1347 ) ) ;
#4670 = CARTESIAN_POINT ( 'NONE',  ( -1.269999999999999800, 1.700000000000000000, 1.669999999999999900 ) ) ;
#4671 = ORIENTED_EDGE ( 'NONE', *, *, #2773, .T. ) ;
#4672 = ORIENTED_EDGE ( 'NONE', *, *, #3907, .T. ) ;
#4673 = DIRECTION ( 'NONE',  ( 0.0000000000000000000, -0.0000000000000000000, -1.000000000000000000 ) ) ;
#4674 = LINE ( 'NONE', #5378, #1467 ) ;
#4675 = DIRECTION ( 'NONE',  ( -0.7071067811865474600, 0.0000000000000000000, -0.7071067811865474600 ) ) ;
#4676 = PRESENTATION_STYLE_ASSIGNMENT (( #4749 ) ) ;
#4677 = CARTESIAN_POINT ( 'NONE',  ( -0.3199999999999993400, 8.339999999999999900, 2.760000000000000200 ) ) ;
#4678 = LINE ( 'NONE', #79, #4560 ) ;
#4679 = DIRECTION ( 'NONE',  ( 0.7071067811865474600, 0.0000000000000000000, -0.7071067811865474600 ) ) ;
#4680 = FILL_AREA_STYLE ('',( #2630 ) ) ;
#4681 = EDGE_CURVE ( 'NONE', #2547, #3387, #4192, .T. ) ;
#4682 = LINE ( 'NONE', #540, #4302 ) ;
#4683 = AXIS2_PLACEMENT_3D ( 'NONE', #1864, #4783, #2307 ) ;
#4684 = VECTOR ( 'NONE', #497, 1000.000000000000000 ) ;
#4685 = LINE ( 'NONE', #2892, #3030 ) ;
#4686 = FILL_AREA_STYLE_COLOUR ( '', #5426 ) ;
#4687 = VECTOR ( 'NONE', #3605, 1000.000000000000100 ) ;
#4689 = DIRECTION ( 'NONE',  ( 0.0000000000000000000, 1.000000000000000000, 0.0000000000000000000 ) ) ;
#4688 = CARTESIAN_POINT ( 'NONE',  ( 0.2200000000000006700, -3.000000000000000000, 2.860000000000000300 ) ) ;
#4690 = MECHANICAL_DESIGN_GEOMETRIC_PRESENTATION_REPRESENTATION (  '', ( #3876 ), #4980 ) ;
#4691 = SURFACE_SIDE_STYLE ('',( #872 ) ) ;
#4692 = CARTESIAN_POINT ( 'NONE',  ( 0.3200000000000006200, -3.000000000000000000, 2.319999999999999800 ) ) ;
#4693 =( NAMED_UNIT ( * ) SI_UNIT ( $, .STERADIAN. ) SOLID_ANGLE_UNIT ( ) );
#4694 = FACE_OUTER_BOUND ( 'NONE', #3455, .T. ) ;
#4695 = CARTESIAN_POINT ( 'NONE',  ( -0.2199999999999988100, -3.000000000000000000, 4.760000000000000700 ) ) ;
#4696 = CARTESIAN_POINT ( 'NONE',  ( 0.2199999999999999700, 8.339999999999999900, -0.3200000000000000600 ) ) ;
#4697 = ORIENTED_EDGE ( 'NONE', *, *, #4612, .F. ) ;
#4698 = PLANE ( 'NONE',  #3826 ) ;
#4699 = AXIS2_PLACEMENT_3D ( 'NONE', #617, #3604, #1066 ) ;
#4700 = DIRECTION ( 'NONE',  ( 0.7071067811865475700, 0.0000000000000000000, -0.7071067811865475700 ) ) ;
#4701 = LINE ( 'NONE', #4517, #1501 ) ;
#4702 = DIRECTION ( 'NONE',  ( 0.0000000000000000000, 1.000000000000000000, 0.0000000000000000000 ) ) ;
#4704 = SURFACE_SIDE_STYLE ('',( #162 ) ) ;
#4703 = SURFACE_SIDE_STYLE ('',( #569 ) ) ;
#4705 = DIRECTION ( 'NONE',  ( -0.7071067811865474600, 0.0000000000000000000, -0.7071067811865474600 ) ) ;
#4706 = AXIS2_PLACEMENT_3D ( 'NONE', #4127, #1621, #4541 ) ;
#4707 = DIRECTION ( 'NONE',  ( 0.0000000000000000000, 1.000000000000000000, 0.0000000000000000000 ) ) ;
#4708 = SURFACE_STYLE_USAGE ( .BOTH. , #1793 ) ;
#4709 = CARTESIAN_POINT ( 'NONE',  ( -0.8700000000000005500, 0.0000000000000000000, -1.270000000000000200 ) ) ;
#4710 =( NAMED_UNIT ( * ) SI_UNIT ( $, .STERADIAN. ) SOLID_ANGLE_UNIT ( ) );
#4711 = EDGE_CURVE ( 'NONE', #1538, #4597, #2111, .T. ) ;
#4712 = DIRECTION ( 'NONE',  ( 1.000000000000000000, 0.0000000000000000000, -0.0000000000000000000 ) ) ;
#4713 = VERTEX_POINT ( 'NONE', #4553 ) ;
#4714 = EDGE_CURVE ( 'NONE', #3059, #2598, #5155, .T. ) ;
#4715 = VECTOR ( 'NONE', #2178, 1000.000000000000000 ) ;
#4716 = AXIS2_PLACEMENT_3D ( 'NONE', #1489, #4410, #1917 ) ;
#4717 = VERTEX_POINT ( 'NONE', #2918 ) ;
#4718 = EDGE_CURVE ( 'NONE', #3051, #467, #2979, .T. ) ;
#4719 = ORIENTED_EDGE ( 'NONE', *, *, #5081, .F. ) ;
#4720 = CARTESIAN_POINT ( 'NONE',  ( -0.8699999999999985500, 1.700000000000000000, 6.349999999999999600 ) ) ;
#4722 = DIRECTION ( 'NONE',  ( 0.0000000000000000000, 1.000000000000000000, 0.0000000000000000000 ) ) ;
#4721 = DIRECTION ( 'NONE',  ( 0.7071067811865474600, 0.0000000000000000000, 0.7071067811865474600 ) ) ;
#4723 = VERTEX_POINT ( 'NONE', #1212 ) ;
#4724 = CARTESIAN_POINT ( 'NONE',  ( 0.3200000000000006200, 8.339999999999999900, 2.319999999999999800 ) ) ;
#4725 = EDGE_CURVE ( 'NONE', #2336, #4594, #1833, .T. ) ;
#4726 = LINE ( 'NONE', #3113, #3503 ) ;
#4727 = AXIS2_PLACEMENT_3D ( 'NONE', #590, #3560, #1033 ) ;
#4728 =( NAMED_UNIT ( * ) PLANE_ANGLE_UNIT ( ) SI_UNIT ( $, .RADIAN. ) );
#4729 = ORIENTED_EDGE ( 'NONE', *, *, #695, .F. ) ;
#4730 = ORIENTED_EDGE ( 'NONE', *, *, #2572, .T. ) ;
#4731 = VECTOR ( 'NONE', #1811, 1000.000000000000000 ) ;
#4732 = UNCERTAINTY_MEASURE_WITH_UNIT (LENGTH_MEASURE( 1.000000000000000100E-005 ), #5296, 'distance_accuracy_value', 'NONE');
#4733 = FILL_AREA_STYLE ('',( #2684 ) ) ;
#4734 =( NAMED_UNIT ( * ) PLANE_ANGLE_UNIT ( ) SI_UNIT ( $, .RADIAN. ) );
#4735 = VERTEX_POINT ( 'NONE', #3751 ) ;
#4736 = ORIENTED_EDGE ( 'NONE', *, *, #3009, .T. ) ;
#4737 = ORIENTED_EDGE ( 'NONE', *, *, #417, .F. ) ;
#4738 = PRESENTATION_STYLE_ASSIGNMENT (( #1691 ) ) ;
#4739 = FACE_OUTER_BOUND ( 'NONE', #4214, .T. ) ;
#4740 = EDGE_CURVE ( 'NONE', #1424, #2890, #2849, .T. ) ;
#4741 = VERTEX_POINT ( 'NONE', #4572 ) ;
#4742 = LINE ( 'NONE', #2353, #251 ) ;
#4743 = UNCERTAINTY_MEASURE_WITH_UNIT (LENGTH_MEASURE( 1.000000000000000100E-005 ), #4374, 'distance_accuracy_value', 'NONE');
#4744 = VECTOR ( 'NONE', #4224, 1000.000000000000000 ) ;
#4745 =( LENGTH_UNIT ( ) NAMED_UNIT ( * ) SI_UNIT ( .MILLI., .METRE. ) );
#4746 = MECHANICAL_DESIGN_GEOMETRIC_PRESENTATION_REPRESENTATION (  '', ( #3926 ), #5033 ) ;
#4747 =( NAMED_UNIT ( * ) PLANE_ANGLE_UNIT ( ) SI_UNIT ( $, .RADIAN. ) );
#4748 = FILL_AREA_STYLE ('',( #2247 ) ) ;
#4749 = SURFACE_STYLE_USAGE ( .BOTH. , #1829 ) ;
#4750 = LINE ( 'NONE', #4330, #1404 ) ;
#4751 = DIRECTION ( 'NONE',  ( 2.464095846557964400E-016, 0.0000000000000000000, 1.000000000000000000 ) ) ;
#4752 = SURFACE_STYLE_USAGE ( .BOTH. , #1831 ) ;
#4753 = DIRECTION ( 'NONE',  ( 0.0000000000000000000, -1.000000000000000000, 0.0000000000000000000 ) ) ;
#4754 = PLANE ( 'NONE',  #3083 ) ;
#4755 = LINE ( 'NONE', #269, #1408 ) ;
#4756 = EDGE_CURVE ( 'NONE', #3180, #5062, #553, .T. ) ;
#4757 = LINE ( 'NONE', #3223, #1413 ) ;
#4758 = MECHANICAL_DESIGN_GEOMETRIC_PRESENTATION_REPRESENTATION (  '', ( #3936 ), #5040 ) ;
#4759 = DIRECTION ( 'NONE',  ( -1.000000000000000000, -0.0000000000000000000, -0.0000000000000000000 ) ) ;
#4760 = PRESENTATION_STYLE_ASSIGNMENT (( #662 ) ) ;
#4761 = VECTOR ( 'NONE', #4964, 1000.000000000000100 ) ;
#4762 = FACE_OUTER_BOUND ( 'NONE', #2368, .T. ) ;
#4763 = EDGE_LOOP ( 'NONE', ( #3901, #4100, #4876, #5056 ) ) ;
#4764 = CARTESIAN_POINT ( 'NONE',  ( 2.270000000000000900, 1.700000000000000000, 2.270000000000000900 ) ) ;
#4765 = VECTOR ( 'NONE', #1402, 1000.000000000000000 ) ;
#4767 =( NAMED_UNIT ( * ) SI_UNIT ( $, .STERADIAN. ) SOLID_ANGLE_UNIT ( ) );
#4766 =( NAMED_UNIT ( * ) PLANE_ANGLE_UNIT ( ) SI_UNIT ( $, .RADIAN. ) );
#4768 = CARTESIAN_POINT ( 'NONE',  ( 1.270000000000001800, 1.700000000000000000, 11.02999999999999900 ) ) ;
#4769 = PRESENTATION_LAYER_ASSIGNMENT (  '', '', ( #4208 ) ) ;
#4770 = ORIENTED_EDGE ( 'NONE', *, *, #4650, .T. ) ;
#4771 = CARTESIAN_POINT ( 'NONE',  ( -0.3199999999999981700, -3.000000000000000000, 7.400000000000000400 ) ) ;
#4772 = VECTOR ( 'NONE', #3749, 1000.000000000000100 ) ;
#4773 = AXIS2_PLACEMENT_3D ( 'NONE', #4532, #2049, #4957 ) ;
#4774 = VECTOR ( 'NONE', #2524, 1000.000000000000000 ) ;
#4775 = DIRECTION ( 'NONE',  ( 1.000000000000000000, 0.0000000000000000000, -1.232047923278982200E-016 ) ) ;
#4776 = DIRECTION ( 'NONE',  ( 0.7071067811865474600, 0.0000000000000000000, -0.7071067811865474600 ) ) ;
#4777 = ORIENTED_EDGE ( 'NONE', *, *, #4787, .T. ) ;
#4778 = LINE ( 'NONE', #2303, #1034 ) ;
#4779 = CARTESIAN_POINT ( 'NONE',  ( -1.269999999999999800, 1.700000000000000000, 1.669999999999999900 ) ) ;
#4780 = LINE ( 'NONE', #3508, #1583 ) ;
#4781 = DIRECTION ( 'NONE',  ( -2.492418787322999200E-016, -0.0000000000000000000, -1.000000000000000000 ) ) ;
#4782 = DIRECTION ( 'NONE',  ( 0.7071067811865474600, 0.0000000000000000000, -0.7071067811865474600 ) ) ;
#4783 = DIRECTION ( 'NONE',  ( 0.0000000000000000000, 0.0000000000000000000, -1.000000000000000000 ) ) ;
#4784 = ORIENTED_EDGE ( 'NONE', *, *, #1905, .F. ) ;
#4785 =( GEOMETRIC_REPRESENTATION_CONTEXT ( 3 ) GLOBAL_UNCERTAINTY_ASSIGNED_CONTEXT ( ( #2926 ) ) GLOBAL_UNIT_ASSIGNED_CONTEXT ( ( #2266, #637, #3619 ) ) REPRESENTATION_CONTEXT ( 'NONE', 'WORKASPACE' ) );
#4786 = FILL_AREA_STYLE ('',( #3542 ) ) ;
#4787 = EDGE_CURVE ( 'NONE', #3057, #4155, #5038, .T. ) ;
#4788 = STYLED_ITEM ( 'NONE', ( #3462 ), #1094 ) ;
#4789 =( NAMED_UNIT ( * ) PLANE_ANGLE_UNIT ( ) SI_UNIT ( $, .RADIAN. ) );
#4790 = SURFACE_SIDE_STYLE ('',( #4121 ) ) ;
#4791 = ORIENTED_EDGE ( 'NONE', *, *, #3913, .F. ) ;
#4792 = CARTESIAN_POINT ( 'NONE',  ( 0.3200000000000012800, 0.2999999999999999900, -1.270000000000000700 ) ) ;
#4793 = ORIENTED_EDGE ( 'NONE', *, *, #4103, .T. ) ;
#4794 = VERTEX_POINT ( 'NONE', #5005 ) ;
#4795 =( GEOMETRIC_REPRESENTATION_CONTEXT ( 3 ) GLOBAL_UNCERTAINTY_ASSIGNED_CONTEXT ( ( #2663 ) ) GLOBAL_UNIT_ASSIGNED_CONTEXT ( ( #1921, #4846, #2358 ) ) REPRESENTATION_CONTEXT ( 'NONE', 'WORKASPACE' ) );
#4796 = LINE ( 'NONE', #2397, #447 ) ;
#4797 = VECTOR ( 'NONE', #3858, 1000.000000000000100 ) ;
#4798 =( GEOMETRIC_REPRESENTATION_CONTEXT ( 3 ) GLOBAL_UNCERTAINTY_ASSIGNED_CONTEXT ( ( #1896 ) ) GLOBAL_UNIT_ASSIGNED_CONTEXT ( ( #2792, #2781, #2761 ) ) REPRESENTATION_CONTEXT ( 'NONE', 'WORKASPACE' ) );
#4799 = ORIENTED_EDGE ( 'NONE', *, *, #5081, .T. ) ;
#4800 = ORIENTED_EDGE ( 'NONE', *, *, #2682, .T. ) ;
#4801 = CARTESIAN_POINT ( 'NONE',  ( -0.2199999999999988100, 0.2999999999999999300, 4.760000000000000700 ) ) ;
#4802 =( NAMED_UNIT ( * ) SI_UNIT ( $, .STERADIAN. ) SOLID_ANGLE_UNIT ( ) );
#4803 = ORIENTED_EDGE ( 'NONE', *, *, #4062, .F. ) ;
#4804 = EDGE_CURVE ( 'NONE', #5130, #2208, #1574, .T. ) ;
#4805 = VECTOR ( 'NONE', #3427, 1000.000000000000000 ) ;
#4806 =( GEOMETRIC_REPRESENTATION_CONTEXT ( 3 ) GLOBAL_UNCERTAINTY_ASSIGNED_CONTEXT ( ( #1007 ) ) GLOBAL_UNIT_ASSIGNED_CONTEXT ( ( #2445, #5343, #2869 ) ) REPRESENTATION_CONTEXT ( 'NONE', 'WORKASPACE' ) );
#4807 = PLANE ( 'NONE',  #919 ) ;
#4808 = UNCERTAINTY_MEASURE_WITH_UNIT (LENGTH_MEASURE( 1.000000000000000100E-005 ), #3202, 'distance_accuracy_value', 'NONE');
#4809 = FILL_AREA_STYLE_COLOUR ( '', #4851 ) ;
#4810 = VERTEX_POINT ( 'NONE', #2511 ) ;
#4811 = ORIENTED_EDGE ( 'NONE', *, *, #111, .F. ) ;
#4812 = EDGE_LOOP ( 'NONE', ( #4777, #128, #3566, #3772 ) ) ;
#4813 = VECTOR ( 'NONE', #3670, 1000.000000000000000 ) ;
#4814 = CARTESIAN_POINT ( 'NONE',  ( 1.270000000000000000, 0.0000000000000000000, 4.210000000000000000 ) ) ;
#4815 = CARTESIAN_POINT ( 'NONE',  ( 0.3200000000000012800, 8.339999999999999900, 5.299999999999999800 ) ) ;
#4816 = DIRECTION ( 'NONE',  ( -1.000000000000000000, 0.0000000000000000000, 2.492418787322999200E-016 ) ) ;
#4817 = ORIENTED_EDGE ( 'NONE', *, *, #1256, .F. ) ;
#4818 = PRESENTATION_LAYER_ASSIGNMENT (  '', '', ( #4254 ) ) ;
#4819 = CARTESIAN_POINT ( 'NONE',  ( 1.270000000000000500, 1.700000000000000000, 5.949999999999999300 ) ) ;
#4820 = VECTOR ( 'NONE', #2351, 1000.000000000000100 ) ;
#4821 = LINE ( 'NONE', #762, #883 ) ;
#4822 =( LENGTH_UNIT ( ) NAMED_UNIT ( * ) SI_UNIT ( .MILLI., .METRE. ) );
#4823 = STYLED_ITEM ( 'NONE', ( #2954 ), #3242 ) ;
#4824 =( NAMED_UNIT ( * ) SI_UNIT ( $, .STERADIAN. ) SOLID_ANGLE_UNIT ( ) );
#4825 = DIRECTION ( 'NONE',  ( -0.0000000000000000000, -1.000000000000000000, -0.0000000000000000000 ) ) ;
#4826 = FILL_AREA_STYLE_COLOUR ( '', #584 ) ;
#4827 = LINE ( 'NONE', #4014, #4687 ) ;
#4828 = FILL_AREA_STYLE_COLOUR ( '', #3232 ) ;
#4829 = CARTESIAN_POINT ( 'NONE',  ( -0.2199999999999982000, -3.000000000000000000, 7.299999999999999800 ) ) ;
#4830 = LINE ( 'NONE', #1889, #1627 ) ;
#4831 = SURFACE_STYLE_USAGE ( .BOTH. , #616 ) ;
#4832 = EDGE_CURVE ( 'NONE', #3463, #3676, #4911, .T. ) ;
#4833 = SURFACE_SIDE_STYLE ('',( #1653 ) ) ;
#4834 = DIRECTION ( 'NONE',  ( 2.464095846557964400E-016, 0.0000000000000000000, 1.000000000000000000 ) ) ;
#4835 = EDGE_CURVE ( 'NONE', #1585, #5032, #2574, .T. ) ;
#4836 = STYLED_ITEM ( 'NONE', ( #2924 ), #4128 ) ;
#4837 = VERTEX_POINT ( 'NONE', #3373 ) ;
#4838 = VECTOR ( 'NONE', #2201, 1000.000000000000000 ) ;
#4839 = ADVANCED_FACE ( 'NONE', ( #3687 ), #1244, .T. ) ;
#4840 = FACE_OUTER_BOUND ( 'NONE', #2588, .T. ) ;
#4841 = UNCERTAINTY_MEASURE_WITH_UNIT (LENGTH_MEASURE( 1.000000000000000100E-005 ), #4279, 'distance_accuracy_value', 'NONE');
#4842 = STYLED_ITEM ( 'NONE', ( #2967 ), #1993 ) ;
#4843 = CARTESIAN_POINT ( 'NONE',  ( 1.270000000000001400, 0.0000000000000000000, 9.289999999999999100 ) ) ;
#4844 = FACE_OUTER_BOUND ( 'NONE', #1867, .T. ) ;
#4845 = PLANE ( 'NONE',  #2299 ) ;
#4846 =( NAMED_UNIT ( * ) PLANE_ANGLE_UNIT ( ) SI_UNIT ( $, .RADIAN. ) );
#4847 = CARTESIAN_POINT ( 'NONE',  ( -0.2199999999999987000, -3.000000000000000000, 5.400000000000000400 ) ) ;
#4848 = PRESENTATION_LAYER_ASSIGNMENT (  '', '', ( #4284 ) ) ;
#4849 = CARTESIAN_POINT ( 'NONE',  ( -0.2199999999999975600, 8.339999999999999900, 9.839999999999999900 ) ) ;
#4850 = DIRECTION ( 'NONE',  ( 0.7071067811865475700, -0.0000000000000000000, 0.7071067811865475700 ) ) ;
#4851 = COLOUR_RGB ( '',1.000000000000000000, 1.000000000000000000, 1.000000000000000000 ) ;
#4852 =( NAMED_UNIT ( * ) PLANE_ANGLE_UNIT ( ) SI_UNIT ( $, .RADIAN. ) );
#4853 = CARTESIAN_POINT ( 'NONE',  ( 1.270000000000000700, 0.0000000000000000000, 6.750000000000000000 ) ) ;
#4854 = CARTESIAN_POINT ( 'NONE',  ( -0.3199999999999974000, -3.000000000000000000, 10.38000000000000100 ) ) ;
#4855 = VECTOR ( 'NONE', #5478, 1000.000000000000100 ) ;
#4856 = DIRECTION ( 'NONE',  ( 0.7071067811865474600, -0.0000000000000000000, -0.7071067811865474600 ) ) ;
#4857 = ORIENTED_EDGE ( 'NONE', *, *, #3735, .T. ) ;
#4858 = COLOUR_RGB ( '',0.0000000000000000000, 0.03529411764705882300, 0.05882352941176470500 ) ;
#4859 = MECHANICAL_DESIGN_GEOMETRIC_PRESENTATION_REPRESENTATION (  '', ( #4032 ), #5137 ) ;
#4860 = ADVANCED_FACE ( 'NONE', ( #5366 ), #2131, .F. ) ;
#4861 = FILL_AREA_STYLE ('',( #1377 ) ) ;
#4862 = FILL_AREA_STYLE ('',( #4459 ) ) ;
#4863 = FILL_AREA_STYLE_COLOUR ( '', #409 ) ;
#4864 = VERTEX_POINT ( 'NONE', #4618 ) ;
#4865 = VERTEX_POINT ( 'NONE', #2991 ) ;
#4866 =( LENGTH_UNIT ( ) NAMED_UNIT ( * ) SI_UNIT ( .MILLI., .METRE. ) );
#4867 = FACE_OUTER_BOUND ( 'NONE', #5456, .T. ) ;
#4868 = VERTEX_POINT ( 'NONE', #420 ) ;
#4869 = VERTEX_POINT ( 'NONE', #3406 ) ;
#4870 = ORIENTED_EDGE ( 'NONE', *, *, #887, .F. ) ;
#4871 = AXIS2_PLACEMENT_3D ( 'NONE', #795, #3761, #1227 ) ;
#4872 = AXIS2_PLACEMENT_3D ( 'NONE', #3526, #986, #3944 ) ;
#4873 = VECTOR ( 'NONE', #1844, 1000.000000000000000 ) ;
#4874 = CARTESIAN_POINT ( 'NONE',  ( -0.3199999999999975100, -3.000000000000000000, 9.940000000000001300 ) ) ;
#4875 =( LENGTH_UNIT ( ) NAMED_UNIT ( * ) SI_UNIT ( .MILLI., .METRE. ) );
#4876 = ORIENTED_EDGE ( 'NONE', *, *, #572, .T. ) ;
#4877 = VERTEX_POINT ( 'NONE', #5459 ) ;
#4878 = CARTESIAN_POINT ( 'NONE',  ( 1.269999999999999100, 0.0000000000000000000, 0.8699999999999994400 ) ) ;
#4879 = CARTESIAN_POINT ( 'NONE',  ( -3.539999999999998700, 1.700000000000000000, 3.539999999999998700 ) ) ;
#4880 = AXIS2_PLACEMENT_3D ( 'NONE', #101, #3111, #543 ) ;
#4881 = SURFACE_SIDE_STYLE ('',( #3302 ) ) ;
#4882 = DIRECTION ( 'NONE',  ( 0.7071067811865474600, 0.0000000000000000000, 0.7071067811865474600 ) ) ;
#4883 = FILL_AREA_STYLE ('',( #4049 ) ) ;
#4884 = DIRECTION ( 'NONE',  ( -2.492418787322998300E-016, 0.0000000000000000000, -1.000000000000000000 ) ) ;
#4885 = PLANE ( 'NONE',  #3980 ) ;
#4886 = DIRECTION ( 'NONE',  ( -0.7071067811865474600, 0.0000000000000000000, -0.7071067811865474600 ) ) ;
#4887 = SURFACE_STYLE_FILL_AREA ( #403 ) ;
#4888 = SURFACE_STYLE_FILL_AREA ( #2081 ) ;
#4889 = DIRECTION ( 'NONE',  ( -0.0000000000000000000, -0.0000000000000000000, 1.000000000000000000 ) ) ;
#4890 = VECTOR ( 'NONE', #2568, 1000.000000000000000 ) ;
#4891 = VECTOR ( 'NONE', #4432, 1000.000000000000000 ) ;
#4892 = ADVANCED_FACE ( 'NONE', ( #3545 ), #1290, .F. ) ;
#4893 = CARTESIAN_POINT ( 'NONE',  ( 2.532297487920166500E-015, -3.000000000000000000, 10.16000000000000000 ) ) ;
#4894 = MECHANICAL_DESIGN_GEOMETRIC_PRESENTATION_REPRESENTATION (  '', ( #4059 ), #5161 ) ;
#4895 = SURFACE_STYLE_FILL_AREA ( #221 ) ;
#4896 = CARTESIAN_POINT ( 'NONE',  ( -0.3199999999999999500, 1.700000000000000000, 7.885106708985485300E-017 ) ) ;
#4897 = EDGE_CURVE ( 'NONE', #381, #5468, #1639, .T. ) ;
#4898 = LINE ( 'NONE', #2901, #2837 ) ;
#4899 = DIRECTION ( 'NONE',  ( 1.000000000000000000, 0.0000000000000000000, 0.0000000000000000000 ) ) ;
#4900 = VERTEX_POINT ( 'NONE', #1304 ) ;
#4901 = DIRECTION ( 'NONE',  ( 0.7071067811865474600, 0.0000000000000000000, 0.7071067811865474600 ) ) ;
#4902 = DIRECTION ( 'NONE',  ( -1.000000000000000000, 0.0000000000000000000, -0.0000000000000000000 ) ) ;
#4903 = CARTESIAN_POINT ( 'NONE',  ( 1.270000000000000700, 0.0000000000000000000, 6.750000000000000000 ) ) ;
#4904 =( LENGTH_UNIT ( ) NAMED_UNIT ( * ) SI_UNIT ( .MILLI., .METRE. ) );
#4905 = COLOUR_RGB ( '',0.0000000000000000000, 0.03529411764705882300, 0.05882352941176470500 ) ;
#4906 =( LENGTH_UNIT ( ) NAMED_UNIT ( * ) SI_UNIT ( .MILLI., .METRE. ) );
#4907 = ORIENTED_EDGE ( 'NONE', *, *, #1236, .T. ) ;
#4908 = VECTOR ( 'NONE', #4551, 1000.000000000000000 ) ;
#4909 = MECHANICAL_DESIGN_GEOMETRIC_PRESENTATION_REPRESENTATION (  '', ( #4074 ), #5169 ) ;
#4910 = CARTESIAN_POINT ( 'NONE',  ( 1.270000000000000500, 0.0000000000000000000, 5.949999999999999300 ) ) ;
#4911 = LINE ( 'NONE', #369, #426 ) ;
#4912 = UNCERTAINTY_MEASURE_WITH_UNIT (LENGTH_MEASURE( 1.000000000000000100E-005 ), #3643, 'distance_accuracy_value', 'NONE');
#4913 =( GEOMETRIC_REPRESENTATION_CONTEXT ( 3 ) GLOBAL_UNCERTAINTY_ASSIGNED_CONTEXT ( ( #3294 ) ) GLOBAL_UNIT_ASSIGNED_CONTEXT ( ( #1628, #1610, #1586 ) ) REPRESENTATION_CONTEXT ( 'NONE', 'WORKASPACE' ) );
#4914 = SURFACE_STYLE_USAGE ( .BOTH. , #1991 ) ;
#4915 = EDGE_CURVE ( 'NONE', #2300, #4865, #3875, .T. ) ;
#4916 = MECHANICAL_DESIGN_GEOMETRIC_PRESENTATION_REPRESENTATION (  '', ( #4081 ), #5175 ) ;
#4917 = FACE_OUTER_BOUND ( 'NONE', #440, .T. ) ;
#4918 =( LENGTH_UNIT ( ) NAMED_UNIT ( * ) SI_UNIT ( .MILLI., .METRE. ) );
#4919 =( NAMED_UNIT ( * ) PLANE_ANGLE_UNIT ( ) SI_UNIT ( $, .RADIAN. ) );
#4920 = UNCERTAINTY_MEASURE_WITH_UNIT (LENGTH_MEASURE( 1.000000000000000100E-005 ), #3513, 'distance_accuracy_value', 'NONE');
#4921 = SURFACE_STYLE_USAGE ( .BOTH. , #2005 ) ;
#4922 = DIRECTION ( 'NONE',  ( 0.7071067811865474600, 0.0000000000000000000, -0.7071067811865474600 ) ) ;
#4923 = AXIS2_PLACEMENT_3D ( 'NONE', #472, #3442, #902 ) ;
#4924 = ADVANCED_FACE ( 'NONE', ( #4840 ), #5072, .F. ) ;
#4925 = PLANE ( 'NONE',  #5231 ) ;
#4926 = SURFACE_STYLE_USAGE ( .BOTH. , #2010 ) ;
#4927 = VERTEX_POINT ( 'NONE', #2175 ) ;
#4928 = EDGE_CURVE ( 'NONE', #4869, #2204, #3367, .T. ) ;
#4929 = VECTOR ( 'NONE', #3888, 1000.000000000000100 ) ;
#4930 =( NAMED_UNIT ( * ) PLANE_ANGLE_UNIT ( ) SI_UNIT ( $, .RADIAN. ) );
#4931 = ORIENTED_EDGE ( 'NONE', *, *, #4937, .F. ) ;
#4932 = CARTESIAN_POINT ( 'NONE',  ( 1.270000000000000000, 1.700000000000000000, 4.210000000000000000 ) ) ;
#4933 = ORIENTED_EDGE ( 'NONE', *, *, #2134, .F. ) ;
#4934 = PLANE ( 'NONE',  #2142 ) ;
#4935 = ORIENTED_EDGE ( 'NONE', *, *, #5290, .T. ) ;
#4936 =( NAMED_UNIT ( * ) PLANE_ANGLE_UNIT ( ) SI_UNIT ( $, .RADIAN. ) );
#4937 = EDGE_CURVE ( 'NONE', #1267, #4837, #4437, .T. ) ;
#4938 = LINE ( 'NONE', #4238, #3840 ) ;
#4939 = VERTEX_POINT ( 'NONE', #2623 ) ;
#4940 = EDGE_CURVE ( 'NONE', #5110, #144, #2241, .T. ) ;
#4941 = CARTESIAN_POINT ( 'NONE',  ( 0.2200000000000000300, 8.339999999999999900, 0.3199999999999999500 ) ) ;
#4942 = ORIENTED_EDGE ( 'NONE', *, *, #5003, .F. ) ;
#4943 = FILL_AREA_STYLE_COLOUR ( '', #4858 ) ;
#4944 = LINE ( 'NONE', #3022, #4805 ) ;
#4945 = CARTESIAN_POINT ( 'NONE',  ( -1.269999999999999800, 1.700000000000000000, 1.669999999999999900 ) ) ;
#4946 = PRESENTATION_STYLE_ASSIGNMENT (( #679 ) ) ;
#4947 = ORIENTED_EDGE ( 'NONE', *, *, #186, .F. ) ;
#4948 = VERTEX_POINT ( 'NONE', #2635 ) ;
#4949 = ORIENTED_EDGE ( 'NONE', *, *, #661, .F. ) ;
#4950 = PLANE ( 'NONE',  #4706 ) ;
#4951 = CARTESIAN_POINT ( 'NONE',  ( -0.3199999999999974000, -3.000000000000000000, 10.38000000000000100 ) ) ;
#4952 = ADVANCED_FACE ( 'NONE', ( #958 ), #5101, .F. ) ;
#4953 = LINE ( 'NONE', #4819, #3856 ) ;
#4954 = PRESENTATION_STYLE_ASSIGNMENT (( #4619 ) ) ;
#4955 = AXIS2_PLACEMENT_3D ( 'NONE', #4670, #2187, #5089 ) ;
#4956 = DIRECTION ( 'NONE',  ( -1.000000000000000000, 0.0000000000000000000, 0.0000000000000000000 ) ) ;
#4957 = DIRECTION ( 'NONE',  ( -1.000000000000000000, 0.0000000000000000000, -0.0000000000000000000 ) ) ;
#4958 =( LENGTH_UNIT ( ) NAMED_UNIT ( * ) SI_UNIT ( .MILLI., .METRE. ) );
#4959 = SURFACE_STYLE_FILL_AREA ( #293 ) ;
#4960 = PLANE ( 'NONE',  #419 ) ;
#4961 =( NAMED_UNIT ( * ) SI_UNIT ( $, .STERADIAN. ) SOLID_ANGLE_UNIT ( ) );
#4962 = LINE ( 'NONE', #1121, #477 ) ;
#4963 = DIRECTION ( 'NONE',  ( -0.0000000000000000000, -1.000000000000000000, -0.0000000000000000000 ) ) ;
#4964 = DIRECTION ( 'NONE',  ( 0.7071067811865474600, -0.0000000000000000000, 0.7071067811865474600 ) ) ;
#4965 = VECTOR ( 'NONE', #226, 1000.000000000000000 ) ;
#4966 = STYLED_ITEM ( 'NONE', ( #1662 ), #3757 ) ;
#4967 = EDGE_LOOP ( 'NONE', ( #3716, #2202, #4870, #2257 ) ) ;
#4968 = LINE ( 'NONE', #3443, #1767 ) ;
#4969 = EDGE_CURVE ( 'NONE', #683, #1091, #546, .T. ) ;
#4970 = PRESENTATION_LAYER_ASSIGNMENT (  '', '', ( #4393 ) ) ;
#4971 = CARTESIAN_POINT ( 'NONE',  ( 0.7500000000000000000, 0.2999999999999999900, -1.270000000000000500 ) ) ;
#4972 =( NAMED_UNIT ( * ) PLANE_ANGLE_UNIT ( ) SI_UNIT ( $, .RADIAN. ) );
#4973 = LINE ( 'NONE', #2419, #610 ) ;
#4974 = ADVANCED_FACE ( 'NONE', ( #3811 ), #60, .F. ) ;
#4975 = DIRECTION ( 'NONE',  ( 0.0000000000000000000, -1.000000000000000000, 0.0000000000000000000 ) ) ;
#4976 = FILL_AREA_STYLE_COLOUR ( '', #2627 ) ;
#4977 = UNCERTAINTY_MEASURE_WITH_UNIT (LENGTH_MEASURE( 1.000000000000000100E-005 ), #2133, 'distance_accuracy_value', 'NONE');
#4978 = STYLED_ITEM ( 'NONE', ( #211 ), #4640 ) ;
#4979 =( NAMED_UNIT ( * ) SI_UNIT ( $, .STERADIAN. ) SOLID_ANGLE_UNIT ( ) );
#4980 =( GEOMETRIC_REPRESENTATION_CONTEXT ( 3 ) GLOBAL_UNCERTAINTY_ASSIGNED_CONTEXT ( ( #4387 ) ) GLOBAL_UNIT_ASSIGNED_CONTEXT ( ( #3285, #714, #3697 ) ) REPRESENTATION_CONTEXT ( 'NONE', 'WORKASPACE' ) );
#4981 = STYLED_ITEM ( 'NONE', ( #5248 ), #1510 ) ;
#4982 = CARTESIAN_POINT ( 'NONE',  ( -0.2199999999999995000, 1.700000000000000000, 2.219999999999999800 ) ) ;
#4983 = STYLED_ITEM ( 'NONE', ( #1549 ), #2527 ) ;
#4984 = CARTESIAN_POINT ( 'NONE',  ( -1.269999999999998500, 0.0000000000000000000, 6.750000000000000000 ) ) ;
#4985 = DIRECTION ( 'NONE',  ( -0.0000000000000000000, -0.0000000000000000000, 1.000000000000000000 ) ) ;
#4986 = PRESENTATION_STYLE_ASSIGNMENT (( #1368 ) ) ;
#4987 = ORIENTED_EDGE ( 'NONE', *, *, #991, .T. ) ;
#4988 = SURFACE_SIDE_STYLE ('',( #4888 ) ) ;
#4989 = VECTOR ( 'NONE', #424, 1000.000000000000000 ) ;
#4990 = PRODUCT_DEFINITION ( 'UNKNOWN', '', #5267, #3409 ) ;
#4991 = SURFACE_STYLE_USAGE ( .BOTH. , #2085 ) ;
#4992 = CARTESIAN_POINT ( 'NONE',  ( -0.3199999999999975100, -3.000000000000000000, 9.940000000000001300 ) ) ;
#4993 = ORIENTED_EDGE ( 'NONE', *, *, #493, .F. ) ;
#4994 = ORIENTED_EDGE ( 'NONE', *, *, #4937, .T. ) ;
#4995 = ORIENTED_EDGE ( 'NONE', *, *, #140, .F. ) ;
#4996 =( NAMED_UNIT ( * ) SI_UNIT ( $, .STERADIAN. ) SOLID_ANGLE_UNIT ( ) );
#4997 = PRESENTATION_LAYER_ASSIGNMENT (  '', '', ( #4427 ) ) ;
#4998 = ADVANCED_FACE ( 'NONE', ( #3417 ), #597, .T. ) ;
#4999 = LINE ( 'NONE', #374, #520 ) ;
#5000 = EDGE_LOOP ( 'NONE', ( #249, #581, #5422, #364 ) ) ;
#5001 = ORIENTED_EDGE ( 'NONE', *, *, #3692, .T. ) ;
#5002 = CARTESIAN_POINT ( 'NONE',  ( -1.269999999999997600, 1.700000000000000000, 11.02999999999999900 ) ) ;
#5003 = EDGE_CURVE ( 'NONE', #4597, #2750, #4122, .T. ) ;
#5004 = UNCERTAINTY_MEASURE_WITH_UNIT (LENGTH_MEASURE( 1.000000000000000100E-005 ), #3874, 'distance_accuracy_value', 'NONE');
#5005 = CARTESIAN_POINT ( 'NONE',  ( -0.3199999999999975100, 8.339999999999999900, 9.940000000000001300 ) ) ;
#5006 = EDGE_CURVE ( 'NONE', #1464, #3369, #3036, .T. ) ;
#5007 = DIRECTION ( 'NONE',  ( 0.0000000000000000000, 1.000000000000000000, 0.0000000000000000000 ) ) ;
#5008 = ORIENTED_EDGE ( 'NONE', *, *, #1846, .T. ) ;
#5009 = ORIENTED_EDGE ( 'NONE', *, *, #72, .T. ) ;
#5010 = PRESENTATION_LAYER_ASSIGNMENT (  '', '', ( #4443 ) ) ;
#5011 =( NAMED_UNIT ( * ) SI_UNIT ( $, .STERADIAN. ) SOLID_ANGLE_UNIT ( ) );
#5012 = COLOUR_RGB ( '',1.000000000000000000, 1.000000000000000000, 1.000000000000000000 ) ;
#5013 = DIRECTION ( 'NONE',  ( 0.0000000000000000000, -1.000000000000000000, 0.0000000000000000000 ) ) ;
#5014 = EDGE_CURVE ( 'NONE', #359, #4900, #5213, .T. ) ;
#5015 = EDGE_CURVE ( 'NONE', #1595, #4487, #1893, .T. ) ;
#5016 = CARTESIAN_POINT ( 'NONE',  ( 1.269999999999999800, 0.0000000000000000000, 3.409999999999999700 ) ) ;
#5017 = PRESENTATION_LAYER_ASSIGNMENT (  '', '', ( #4448 ) ) ;
#5018 = LINE ( 'NONE', #817, #532 ) ;
#5019 = FILL_AREA_STYLE ('',( #4595 ) ) ;
#5020 = LINE ( 'NONE', #2167, #4890 ) ;
#5021 = VECTOR ( 'NONE', #1509, 1000.000000000000100 ) ;
#5022 = STYLED_ITEM ( 'NONE', ( #3867 ), #5271 ) ;
#5023 = FILL_AREA_STYLE_COLOUR ( '', #5363 ) ;
#5024 = SURFACE_SIDE_STYLE ('',( #1427 ) ) ;
#5025 = DIRECTION ( 'NONE',  ( -0.7071067811865475700, 0.0000000000000000000, -0.7071067811865475700 ) ) ;
#5026 = EDGE_CURVE ( 'NONE', #3463, #2680, #2911, .T. ) ;
#5027 = VECTOR ( 'NONE', #639, 1000.000000000000000 ) ;
#5028 = ADVANCED_FACE ( 'NONE', ( #2775 ), #2824, .T. ) ;
#5029 =( LENGTH_UNIT ( ) NAMED_UNIT ( * ) SI_UNIT ( .MILLI., .METRE. ) );
#5030 = LINE ( 'NONE', #4115, #1695 ) ;
#5031 = SURFACE_STYLE_USAGE ( .BOTH. , #2120 ) ;
#5032 = VERTEX_POINT ( 'NONE', #1092 ) ;
#5033 =( GEOMETRIC_REPRESENTATION_CONTEXT ( 3 ) GLOBAL_UNCERTAINTY_ASSIGNED_CONTEXT ( ( #2180 ) ) GLOBAL_UNIT_ASSIGNED_CONTEXT ( ( #4918, #2434, #5331 ) ) REPRESENTATION_CONTEXT ( 'NONE', 'WORKASPACE' ) );
#5034 =( NAMED_UNIT ( * ) SI_UNIT ( $, .STERADIAN. ) SOLID_ANGLE_UNIT ( ) );
#5035 = CARTESIAN_POINT ( 'NONE',  ( 4.810000000000000500, 1.700000000000000000, 4.810000000000000500 ) ) ;
#5036 = ORIENTED_EDGE ( 'NONE', *, *, #3831, .F. ) ;
#5037 = LINE ( 'NONE', #1188, #4908 ) ;
#5038 = LINE ( 'NONE', #3758, #3816 ) ;
#5039 = EDGE_CURVE ( 'NONE', #1378, #273, #4575, .T. ) ;
#5040 =( GEOMETRIC_REPRESENTATION_CONTEXT ( 3 ) GLOBAL_UNCERTAINTY_ASSIGNED_CONTEXT ( ( #3483 ) ) GLOBAL_UNIT_ASSIGNED_CONTEXT ( ( #1193, #4135, #1634 ) ) REPRESENTATION_CONTEXT ( 'NONE', 'WORKASPACE' ) );
#5041 =( NAMED_UNIT ( * ) PLANE_ANGLE_UNIT ( ) SI_UNIT ( $, .RADIAN. ) );
#5043 = FILL_AREA_STYLE_COLOUR ( '', #4334 ) ;
#5042 = CARTESIAN_POINT ( 'NONE',  ( -0.3200000000000002800, 0.2999999999999999900, -1.270000000000000500 ) ) ;
#5044 = CARTESIAN_POINT ( 'NONE',  ( -0.8700000000000005500, 1.700000000000000000, -1.270000000000000200 ) ) ;
#5045 = VECTOR ( 'NONE', #4825, 1000.000000000000000 ) ;
#5046 =( NAMED_UNIT ( * ) PLANE_ANGLE_UNIT ( ) SI_UNIT ( $, .RADIAN. ) );
#5047 = MECHANICAL_DESIGN_GEOMETRIC_PRESENTATION_REPRESENTATION (  '', ( #4208 ), #5329 ) ;
#5048 = ORIENTED_EDGE ( 'NONE', *, *, #2023, .T. ) ;
#5049 = FILL_AREA_STYLE_COLOUR ( '', #3211 ) ;
#5050 = VECTOR ( 'NONE', #2639, 1000.000000000000000 ) ;
#5051 = ADVANCED_FACE ( 'NONE', ( #3478 ), #1570, .F. ) ;
#5052 = PRESENTATION_LAYER_ASSIGNMENT (  '', '', ( #1216 ) ) ;
#5053 = ORIENTED_EDGE ( 'NONE', *, *, #3880, .T. ) ;
#5054 = PRESENTATION_STYLE_ASSIGNMENT (( #4991 ) ) ;
#5055 =( NAMED_UNIT ( * ) PLANE_ANGLE_UNIT ( ) SI_UNIT ( $, .RADIAN. ) );
#5056 = ORIENTED_EDGE ( 'NONE', *, *, #5391, .F. ) ;
#5057 =( NAMED_UNIT ( * ) PLANE_ANGLE_UNIT ( ) SI_UNIT ( $, .RADIAN. ) );
#5058 = ORIENTED_EDGE ( 'NONE', *, *, #2585, .F. ) ;
#5059 = LINE ( 'NONE', #3423, #1730 ) ;
#5060 = CARTESIAN_POINT ( 'NONE',  ( 0.3200000000000018900, -3.000000000000000000, 7.400000000000000400 ) ) ;
#5061 = EDGE_LOOP ( 'NONE', ( #4272, #4337, #4557, #233 ) ) ;
#5062 = VERTEX_POINT ( 'NONE', #4078 ) ;
#5063 = CARTESIAN_POINT ( 'NONE',  ( 0.2200000000000018900, 1.700000000000000000, 4.760000000000000700 ) ) ;
#5064 = PLANE ( 'NONE',  #4923 ) ;
#5065 = ORIENTED_EDGE ( 'NONE', *, *, #1135, .F. ) ;
#5066 = ORIENTED_EDGE ( 'NONE', *, *, #5318, .F. ) ;
#5067 = EDGE_CURVE ( 'NONE', #5254, #2570, #1962, .T. ) ;
#5068 = AXIS2_PLACEMENT_3D ( 'NONE', #495, #3476, #930 ) ;
#5069 = UNCERTAINTY_MEASURE_WITH_UNIT (LENGTH_MEASURE( 1.000000000000000100E-005 ), #4822, 'distance_accuracy_value', 'NONE');
#5070 = PRESENTATION_STYLE_ASSIGNMENT (( #309 ) ) ;
#5071 = VECTOR ( 'NONE', #4702, 1000.000000000000000 ) ;
#5072 = PLANE ( 'NONE',  #4955 ) ;
#5073 = LINE ( 'NONE', #3588, #2896 ) ;
#5074 = SURFACE_STYLE_FILL_AREA ( #4203 ) ;
#5076 = DIRECTION ( 'NONE',  ( 2.492418787322998300E-016, 0.0000000000000000000, 1.000000000000000000 ) ) ;
#5075 = CARTESIAN_POINT ( 'NONE',  ( 0.2200000000000006100, 8.339999999999999900, 2.220000000000000200 ) ) ;
#5077 = LINE ( 'NONE', #391, #2089 ) ;
#5078 = STYLED_ITEM ( 'NONE', ( #1355 ), #325 ) ;
#5079 = SURFACE_STYLE_FILL_AREA ( #53 ) ;
#5080 = FACE_OUTER_BOUND ( 'NONE', #3720, .T. ) ;
#5081 = EDGE_CURVE ( 'NONE', #240, #917, #5149, .T. ) ;
#5082 = CARTESIAN_POINT ( 'NONE',  ( -0.8699999999999994400, 0.0000000000000000000, 3.810000000000000100 ) ) ;
#5083 =( LENGTH_UNIT ( ) NAMED_UNIT ( * ) SI_UNIT ( .MILLI., .METRE. ) );
#5084 = CARTESIAN_POINT ( 'NONE',  ( -0.8699999999999981100, 1.700000000000000000, 8.890000000000000600 ) ) ;
#5085 = CARTESIAN_POINT ( 'NONE',  ( 0.2199999999999999700, -3.000000000000000000, -0.3200000000000000600 ) ) ;
#5086 = MECHANICAL_DESIGN_GEOMETRIC_PRESENTATION_REPRESENTATION (  '', ( #4254 ), #5375 ) ;
#5087 = PRESENTATION_STYLE_ASSIGNMENT (( #4057 ) ) ;
#5088 = SURFACE_STYLE_FILL_AREA ( #2418 ) ;
#5089 = DIRECTION ( 'NONE',  ( -2.492418787322998300E-016, 0.0000000000000000000, -1.000000000000000000 ) ) ;
#5090 = EDGE_LOOP ( 'NONE', ( #778, #4286, #292, #172 ) ) ;
#5092 = CARTESIAN_POINT ( 'NONE',  ( 1.269999999999999100, 0.0000000000000000000, 0.8699999999999994400 ) ) ;
#5091 = PLANE ( 'NONE',  #1756 ) ;
#5093 = CARTESIAN_POINT ( 'NONE',  ( -0.3199999999999988400, -3.000000000000000000, 4.860000000000000300 ) ) ;
#5094 = AXIS2_PLACEMENT_3D ( 'NONE', #3228, #665, #3646 ) ;
#5095 = CARTESIAN_POINT ( 'NONE',  ( -1.269999999999998000, 0.0000000000000000000, 8.489999999999998400 ) ) ;
#5096 = SURFACE_STYLE_FILL_AREA ( #4497 ) ;
#5097 = PLANE ( 'NONE',  #1162 ) ;
#5098 = EDGE_CURVE ( 'NONE', #301, #4713, #4055, .T. ) ;
#5099 = EDGE_CURVE ( 'NONE', #3536, #485, #815, .T. ) ;
#5100 = AXIS2_PLACEMENT_3D ( 'NONE', #2696, #103, #3112 ) ;
#5101 = PLANE ( 'NONE',  #1187 ) ;
#5102 = EDGE_CURVE ( 'NONE', #467, #1116, #5030, .T. ) ;
#5103 = LINE ( 'NONE', #213, #766 ) ;
#5104 = DIRECTION ( 'NONE',  ( 0.7071067811865474600, 0.0000000000000000000, -0.7071067811865474600 ) ) ;
#5105 = AXIS2_PLACEMENT_3D ( 'NONE', #2662, #71, #3090 ) ;
#5106 =( LENGTH_UNIT ( ) NAMED_UNIT ( * ) SI_UNIT ( .MILLI., .METRE. ) );
#5107 = ORIENTED_EDGE ( 'NONE', *, *, #5370, .T. ) ;
#5108 = LINE ( 'NONE', #4622, #1780 ) ;
#5109 = CARTESIAN_POINT ( 'NONE',  ( 0.2200000000000025500, -3.000000000000000000, 10.48000000000000000 ) ) ;
#5110 = VERTEX_POINT ( 'NONE', #1599 ) ;
#5111 = DIRECTION ( 'NONE',  ( -0.7071067811865475700, 0.0000000000000000000, 0.7071067811865475700 ) ) ;
#5112 = ORIENTED_EDGE ( 'NONE', *, *, #1256, .T. ) ;
#5113 = MECHANICAL_DESIGN_GEOMETRIC_PRESENTATION_REPRESENTATION (  '', ( #4284 ), #5408 ) ;
#5114 = FACE_OUTER_BOUND ( 'NONE', #3871, .T. ) ;
#5115 = FILL_AREA_STYLE_COLOUR ( '', #4563 ) ;
#5116 = ORIENTED_EDGE ( 'NONE', *, *, #1924, .T. ) ;
#5117 = ORIENTED_EDGE ( 'NONE', *, *, #4002, .F. ) ;
#5118 = LINE ( 'NONE', #935, #1933 ) ;
#5119 = DIRECTION ( 'NONE',  ( 0.0000000000000000000, 1.000000000000000000, 0.0000000000000000000 ) ) ;
#5120 = LINE ( 'NONE', #3764, #1935 ) ;
#5121 = VERTEX_POINT ( 'NONE', #289 ) ;
#5122 = ORIENTED_EDGE ( 'NONE', *, *, #747, .T. ) ;
#5123 = CARTESIAN_POINT ( 'NONE',  ( 0.3200000000000006200, 1.700000000000000000, 2.760000000000000200 ) ) ;
#5125 =( LENGTH_UNIT ( ) NAMED_UNIT ( * ) SI_UNIT ( .MILLI., .METRE. ) );
#5124 =( LENGTH_UNIT ( ) NAMED_UNIT ( * ) SI_UNIT ( .MILLI., .METRE. ) );
#5126 = SURFACE_STYLE_FILL_AREA ( #1268 ) ;
#5127 = ORIENTED_EDGE ( 'NONE', *, *, #190, .T. ) ;
#5128 = FILL_AREA_STYLE ('',( #3491 ) ) ;
#5129 = FILL_AREA_STYLE_COLOUR ( '', #5166 ) ;
#5130 = VERTEX_POINT ( 'NONE', #2463 ) ;
#5131 = VERTEX_POINT ( 'NONE', #4951 ) ;
#5132 =( NAMED_UNIT ( * ) PLANE_ANGLE_UNIT ( ) SI_UNIT ( $, .RADIAN. ) );
#5133 = UNCERTAINTY_MEASURE_WITH_UNIT (LENGTH_MEASURE( 1.000000000000000100E-005 ), #1721, 'distance_accuracy_value', 'NONE');
#5134 = DIRECTION ( 'NONE',  ( -0.7071067811865475700, 0.0000000000000000000, -0.7071067811865475700 ) ) ;
#5135 = CARTESIAN_POINT ( 'NONE',  ( -0.3199999999999993400, 1.700000000000000000, 2.760000000000000200 ) ) ;
#5136 = PRESENTATION_STYLE_ASSIGNMENT (( #5031 ) ) ;
#5137 =( GEOMETRIC_REPRESENTATION_CONTEXT ( 3 ) GLOBAL_UNCERTAINTY_ASSIGNED_CONTEXT ( ( #643 ) ) GLOBAL_UNIT_ASSIGNED_CONTEXT ( ( #5029, #2550, #5444 ) ) REPRESENTATION_CONTEXT ( 'NONE', 'WORKASPACE' ) );
#5138 = DIRECTION ( 'NONE',  ( -1.000000000000000000, 0.0000000000000000000, 0.0000000000000000000 ) ) ;
#5139 = UNCERTAINTY_MEASURE_WITH_UNIT (LENGTH_MEASURE( 1.000000000000000100E-005 ), #2439, 'distance_accuracy_value', 'NONE');
#5140 = DIRECTION ( 'NONE',  ( 0.7071067811865474600, 0.0000000000000000000, -0.7071067811865474600 ) ) ;
#5142 = FILL_AREA_STYLE ('',( #1359 ) ) ;
#5141 = DIRECTION ( 'NONE',  ( 0.0000000000000000000, 1.000000000000000000, 0.0000000000000000000 ) ) ;
#5143 = CARTESIAN_POINT ( 'NONE',  ( -0.2199999999999974500, -3.000000000000000000, 10.48000000000000000 ) ) ;
#5144 = VECTOR ( 'NONE', #1060, 1000.000000000000000 ) ;
#5145 = PRESENTATION_LAYER_ASSIGNMENT (  '', '', ( #4592 ) ) ;
#5146 = PRESENTATION_LAYER_ASSIGNMENT (  '', '', ( #4593 ) ) ;
#5147 = DIRECTION ( 'NONE',  ( -0.7071067811865475700, 0.0000000000000000000, -0.7071067811865475700 ) ) ;
#5148 = CARTESIAN_POINT ( 'NONE',  ( 0.3200000000000012300, 8.339999999999999900, 4.860000000000000300 ) ) ;
#5149 = LINE ( 'NONE', #4932, #2965 ) ;
#5150 = PRESENTATION_LAYER_ASSIGNMENT (  '', '', ( #4596 ) ) ;
#5151 = PLANE ( 'NONE',  #4536 ) ;
#5152 = EDGE_LOOP ( 'NONE', ( #1606, #1331, #3038, #160 ) ) ;
#5153 = DIRECTION ( 'NONE',  ( 0.7071067811865475700, -0.0000000000000000000, 0.7071067811865475700 ) ) ;
#5154 = EDGE_LOOP ( 'NONE', ( #4653, #5448, #1665, #4935 ) ) ;
#5155 = LINE ( 'NONE', #5389, #687 ) ;
#5156 =( NAMED_UNIT ( * ) SI_UNIT ( $, .STERADIAN. ) SOLID_ANGLE_UNIT ( ) );
#5157 = CARTESIAN_POINT ( 'NONE',  ( 0.2200000000000013100, -3.000000000000000000, 5.400000000000000400 ) ) ;
#5158 = SURFACE_STYLE_USAGE ( .BOTH. , #2261 ) ;
#5159 = VECTOR ( 'NONE', #1390, 1000.000000000000000 ) ;
#5160 =( NAMED_UNIT ( * ) PLANE_ANGLE_UNIT ( ) SI_UNIT ( $, .RADIAN. ) );
#5161 =( GEOMETRIC_REPRESENTATION_CONTEXT ( 3 ) GLOBAL_UNCERTAINTY_ASSIGNED_CONTEXT ( ( #336 ) ) GLOBAL_UNIT_ASSIGNED_CONTEXT ( ( #2144, #5046, #2567 ) ) REPRESENTATION_CONTEXT ( 'NONE', 'WORKASPACE' ) );
#5162 = PLANE ( 'NONE',  #558 ) ;
#5163 = EDGE_CURVE ( 'NONE', #3135, #2668, #3803, .T. ) ;
#5164 = STYLED_ITEM ( 'NONE', ( #1338 ), #829 ) ;
#5165 = FILL_AREA_STYLE_COLOUR ( '', #805 ) ;
#5166 = COLOUR_RGB ( '',0.0000000000000000000, 0.03529411764705882300, 0.05882352941176470500 ) ;
#5167 = VECTOR ( 'NONE', #153, 1000.000000000000100 ) ;
#5168 = ORIENTED_EDGE ( 'NONE', *, *, #4, .T. ) ;
#5169 =( GEOMETRIC_REPRESENTATION_CONTEXT ( 3 ) GLOBAL_UNCERTAINTY_ASSIGNED_CONTEXT ( ( #62 ) ) GLOBAL_UNIT_ASSIGNED_CONTEXT ( ( #3947, #1415, #4347 ) ) REPRESENTATION_CONTEXT ( 'NONE', 'WORKASPACE' ) );
#5170 = ORIENTED_EDGE ( 'NONE', *, *, #4832, .F. ) ;
#5171 = DIRECTION ( 'NONE',  ( 0.7071067811865474600, 0.0000000000000000000, -0.7071067811865474600 ) ) ;
#5172 = FILL_AREA_STYLE ('',( #1825 ) ) ;
#5173 = SURFACE_STYLE_FILL_AREA ( #4574 ) ;
#5174 = EDGE_CURVE ( 'NONE', #5404, #4533, #4898, .T. ) ;
#5175 =( GEOMETRIC_REPRESENTATION_CONTEXT ( 3 ) GLOBAL_UNCERTAINTY_ASSIGNED_CONTEXT ( ( #3949 ) ) GLOBAL_UNIT_ASSIGNED_CONTEXT ( ( #4906, #2429, #2543 ) ) REPRESENTATION_CONTEXT ( 'NONE', 'WORKASPACE' ) );
#5176 = PLANE ( 'NONE',  #4683 ) ;
#5177 = VERTEX_POINT ( 'NONE', #3727 ) ;
#5178 = DIRECTION ( 'NONE',  ( -0.7071067811865474600, 0.0000000000000000000, 0.7071067811865474600 ) ) ;
#5179 = ORIENTED_EDGE ( 'NONE', *, *, #1454, .T. ) ;
#5180 = FACE_OUTER_BOUND ( 'NONE', #2488, .T. ) ;
#5181 = CARTESIAN_POINT ( 'NONE',  ( 0.7500000000000025500, 0.0000000000000000000, 11.43000000000000100 ) ) ;
#5182 = CARTESIAN_POINT ( 'NONE',  ( 0.2200000000000018900, -3.000000000000000000, 7.299999999999999800 ) ) ;
#5183 = ORIENTED_EDGE ( 'NONE', *, *, #1068, .T. ) ;
#5184 = ORIENTED_EDGE ( 'NONE', *, *, #4168, .T. ) ;
#5185 = VERTEX_POINT ( 'NONE', #312 ) ;
#5186 = PRESENTATION_LAYER_ASSIGNMENT (  '', '', ( #4634 ) ) ;
#5187 = EDGE_LOOP ( 'NONE', ( #5252, #2667, #4206, #2344 ) ) ;
#5188 = EDGE_CURVE ( 'NONE', #1922, #5468, #1567, .T. ) ;
#5189 = EDGE_LOOP ( 'NONE', ( #2643, #2972, #1449, #3257 ) ) ;
#5190 = ORIENTED_EDGE ( 'NONE', *, *, #2909, .F. ) ;
#5191 = ORIENTED_EDGE ( 'NONE', *, *, #2038, .F. ) ;
#5192 = LINE ( 'NONE', #3272, #1871 ) ;
#5193 = LINE ( 'NONE', #23, #4107 ) ;
#5194 = DIRECTION ( 'NONE',  ( -0.7071067811865474600, -0.0000000000000000000, 0.7071067811865474600 ) ) ;
#5195 = STYLED_ITEM ( 'NONE', ( #4620 ), #3003 ) ;
#5196 = FILL_AREA_STYLE ('',( #1861 ) ) ;
#5197 = DIRECTION ( 'NONE',  ( 0.0000000000000000000, 1.000000000000000000, 0.0000000000000000000 ) ) ;
#5198 = MANIFOLD_SOLID_BREP ( 'LPattern13', #3556 ) ;
#5199 = VECTOR ( 'NONE', #1019, 1000.000000000000100 ) ;
#5200 = SURFACE_STYLE_USAGE ( .BOTH. , #2309 ) ;
#5201 = EDGE_CURVE ( 'NONE', #4837, #4713, #5480, .T. ) ;
#5202 =( LENGTH_UNIT ( ) NAMED_UNIT ( * ) SI_UNIT ( .MILLI., .METRE. ) );
#5203 = LINE ( 'NONE', #1164, #4114 ) ;
#5204 = EDGE_CURVE ( 'NONE', #1324, #4810, #1158, .T. ) ;
#5205 = SURFACE_STYLE_FILL_AREA ( #1140 ) ;
#5206 = STYLED_ITEM ( 'NONE', ( #4323 ), #4051 ) ;
#5207 = CARTESIAN_POINT ( 'NONE',  ( 0.3200000000000025000, 8.339999999999999900, 9.940000000000001300 ) ) ;
#5208 = PRESENTATION_STYLE_ASSIGNMENT (( #3169 ) ) ;
#5209 = CARTESIAN_POINT ( 'NONE',  ( -0.7500000000000000000, 0.2999999999999999900, 2.220000000000000600 ) ) ;
#5210 = VECTOR ( 'NONE', #4776, 1000.000000000000100 ) ;
#5211 = CARTESIAN_POINT ( 'NONE',  ( -0.8699999999999976600, 1.700000000000000000, 11.43000000000000100 ) ) ;
#5212 = CARTESIAN_POINT ( 'NONE',  ( -0.3199999999999994500, 8.339999999999999900, 2.319999999999999800 ) ) ;
#5213 = LINE ( 'NONE', #1039, #3993 ) ;
#5214 = PRESENTATION_STYLE_ASSIGNMENT (( #3350 ) ) ;
#5215 = SURFACE_SIDE_STYLE ('',( #1001 ) ) ;
#5216 = EDGE_LOOP ( 'NONE', ( #3122, #5447, #2840, #170 ) ) ;
#5217 = ORIENTED_EDGE ( 'NONE', *, *, #551, .T. ) ;
#5218 = SURFACE_SIDE_STYLE ('',( #3756 ) ) ;
#5219 = PRESENTATION_LAYER_ASSIGNMENT (  '', '', ( #4664 ) ) ;
#5220 = CARTESIAN_POINT ( 'NONE',  ( -0.3199999999999988400, 8.339999999999999900, 4.860000000000000300 ) ) ;
#5221 = SURFACE_STYLE_FILL_AREA ( #846 ) ;
#5222 = CARTESIAN_POINT ( 'NONE',  ( -0.3199999999999975100, 8.339999999999999900, 9.940000000000001300 ) ) ;
#5223 = FILL_AREA_STYLE ('',( #1891 ) ) ;
#5224 = VERTEX_POINT ( 'NONE', #4982 ) ;
#5225 = CARTESIAN_POINT ( 'NONE',  ( 0.2200000000000013100, 1.700000000000000000, 5.400000000000000400 ) ) ;
#5226 = VECTOR ( 'NONE', #694, 1000.000000000000000 ) ;
#5227 = UNCERTAINTY_MEASURE_WITH_UNIT (LENGTH_MEASURE( 1.000000000000000100E-005 ), #2015, 'distance_accuracy_value', 'NONE');
#5228 = SURFACE_STYLE_FILL_AREA ( #4786 ) ;
#5229 =( NAMED_UNIT ( * ) SI_UNIT ( $, .STERADIAN. ) SOLID_ANGLE_UNIT ( ) );
#5230 = FILL_AREA_STYLE_COLOUR ( '', #561 ) ;
#5231 = AXIS2_PLACEMENT_3D ( 'NONE', #1593, #4519, #2035 ) ;
#5232 = EDGE_CURVE ( 'NONE', #2801, #5185, #5352, .T. ) ;
#5233 = MECHANICAL_DESIGN_GEOMETRIC_PRESENTATION_REPRESENTATION (  '', ( #4393 ), #36 ) ;
#5234 = ADVANCED_FACE ( 'NONE', ( #2298 ), #347, .T. ) ;
#5235 =( LENGTH_UNIT ( ) NAMED_UNIT ( * ) SI_UNIT ( .MILLI., .METRE. ) );
#5236 = DIRECTION ( 'NONE',  ( 0.0000000000000000000, 1.000000000000000000, 0.0000000000000000000 ) ) ;
#5237 = PLANE ( 'NONE',  #2702 ) ;
#5238 = COLOUR_RGB ( '',1.000000000000000000, 1.000000000000000000, 1.000000000000000000 ) ;
#5239 = VERTEX_POINT ( 'NONE', #781 ) ;
#5240 = VERTEX_POINT ( 'NONE', #804 ) ;
#5241 = LINE ( 'NONE', #3802, #910 ) ;
#5242 = CARTESIAN_POINT ( 'NONE',  ( -0.3200000000000000600, 8.339999999999999900, -0.2200000000000000800 ) ) ;
#5243 = ORIENTED_EDGE ( 'NONE', *, *, #333, .F. ) ;
#5244 = ORIENTED_EDGE ( 'NONE', *, *, #1325, .T. ) ;
#5245 = AXIS2_PLACEMENT_3D ( 'NONE', #3283, #713, #3695 ) ;
#5246 = ORIENTED_EDGE ( 'NONE', *, *, #4714, .F. ) ;
#5247 = FACE_OUTER_BOUND ( 'NONE', #1766, .T. ) ;
#5248 = PRESENTATION_STYLE_ASSIGNMENT (( #81 ) ) ;
#5249 = AXIS2_PLACEMENT_3D ( 'NONE', #510, #3488, #947 ) ;
#5250 = ORIENTED_EDGE ( 'NONE', *, *, #4079, .T. ) ;
#5251 = CARTESIAN_POINT ( 'NONE',  ( -0.2200000000000000800, 8.339999999999999900, -0.3200000000000000600 ) ) ;
#5252 = ORIENTED_EDGE ( 'NONE', *, *, #3, .T. ) ;
#5253 = CARTESIAN_POINT ( 'NONE',  ( 0.3200000000000025600, -3.000000000000000000, 10.38000000000000100 ) ) ;
#5254 = VERTEX_POINT ( 'NONE', #3771 ) ;
#5255 = AXIS2_PLACEMENT_3D ( 'NONE', #5428, #2959, #376 ) ;
#5256 = VERTEX_POINT ( 'NONE', #1234 ) ;
#5257 = CARTESIAN_POINT ( 'NONE',  ( 0.2200000000000025500, -3.000000000000000000, 10.48000000000000000 ) ) ;
#5258 = ORIENTED_EDGE ( 'NONE', *, *, #5370, .F. ) ;
#5259 = ORIENTED_EDGE ( 'NONE', *, *, #2134, .T. ) ;
#5260 = CARTESIAN_POINT ( 'NONE',  ( -0.8700000000000001100, 1.700000000000000000, 1.269999999999999800 ) ) ;
#5261 = VERTEX_POINT ( 'NONE', #3370 ) ;
#5262 = PRESENTATION_STYLE_ASSIGNMENT (( #2945 ) ) ;
#5263 = CARTESIAN_POINT ( 'NONE',  ( -0.2199999999999974500, -3.000000000000000000, 10.48000000000000000 ) ) ;
#5264 = SURFACE_STYLE_FILL_AREA ( #3915 ) ;
#5265 = ORIENTED_EDGE ( 'NONE', *, *, #3136, .T. ) ;
#5266 = ORIENTED_EDGE ( 'NONE', *, *, #5307, .F. ) ;
#5267 = PRODUCT_DEFINITION_FORMATION_WITH_SPECIFIED_SOURCE ( 'ANY', '', #757, .NOT_KNOWN. ) ;
#5268 = SURFACE_STYLE_FILL_AREA ( #1470 ) ;
#5269 = LINE ( 'NONE', #5429, #2088 ) ;
#5270 = CARTESIAN_POINT ( 'NONE',  ( 3.070000000000000700, 0.2999999999999999900, 2.550000000000000300 ) ) ;
#5271 = ADVANCED_FACE ( 'NONE', ( #601 ), #1676, .F. ) ;
#5272 = VECTOR ( 'NONE', #3095, 1000.000000000000100 ) ;
#5273 = FILL_AREA_STYLE_COLOUR ( '', #2016 ) ;
#5274 = MECHANICAL_DESIGN_GEOMETRIC_PRESENTATION_REPRESENTATION (  '', ( #4427 ), #68 ) ;
#5275 = DIRECTION ( 'NONE',  ( 0.7071067811865474600, 0.0000000000000000000, 0.7071067811865474600 ) ) ;
#5276 = LINE ( 'NONE', #3337, #3794 ) ;
#5277 = FILL_AREA_STYLE_COLOUR ( '', #1963 ) ;
#5278 = PLANE ( 'NONE',  #1899 ) ;
#5279 = CARTESIAN_POINT ( 'NONE',  ( -0.7500000000000000000, 0.2999999999999999900, -1.270000000000000500 ) ) ;
#5280 = VECTOR ( 'NONE', #5474, 1000.000000000000000 ) ;
#5281 = EDGE_CURVE ( 'NONE', #3550, #4717, #2360, .T. ) ;
#5282 = SURFACE_STYLE_USAGE ( .BOTH. , #2380 ) ;
#5283 = CARTESIAN_POINT ( 'NONE',  ( 0.2200000000000025500, 8.339999999999999900, 10.48000000000000000 ) ) ;
#5284 = EDGE_CURVE ( 'NONE', #1267, #301, #3475, .T. ) ;
#5285 = MECHANICAL_DESIGN_GEOMETRIC_PRESENTATION_REPRESENTATION (  '', ( #4443 ), #75 ) ;
#5286 = VECTOR ( 'NONE', #4856, 1000.000000000000100 ) ;
#5287 =( NAMED_UNIT ( * ) SI_UNIT ( $, .STERADIAN. ) SOLID_ANGLE_UNIT ( ) );
#5288 = EDGE_LOOP ( 'NONE', ( #4101, #4219, #3715, #4672, #3187, #5259, #4558, #3632 ) ) ;
#5289 = EDGE_CURVE ( 'NONE', #5392, #1729, #1217, .T. ) ;
#5290 = EDGE_CURVE ( 'NONE', #314, #782, #4425, .T. ) ;
#5291 = CARTESIAN_POINT ( 'NONE',  ( 0.0000000000000000000, 1.700000000000000000, 4.760000000000000700 ) ) ;
#5292 = EDGE_CURVE ( 'NONE', #1939, #5131, #2231, .T. ) ;
#5293 = MECHANICAL_DESIGN_GEOMETRIC_PRESENTATION_REPRESENTATION (  '', ( #4448 ), #84 ) ;
#5294 =( NAMED_UNIT ( * ) SI_UNIT ( $, .STERADIAN. ) SOLID_ANGLE_UNIT ( ) );
#5295 = DIRECTION ( 'NONE',  ( 0.0000000000000000000, -0.0000000000000000000, -1.000000000000000000 ) ) ;
#5296 =( LENGTH_UNIT ( ) NAMED_UNIT ( * ) SI_UNIT ( .MILLI., .METRE. ) );
#5297 = LINE ( 'NONE', #3312, #3104 ) ;
#5298 = CARTESIAN_POINT ( 'NONE',  ( -0.7499999999999975600, 0.0000000000000000000, 11.43000000000000100 ) ) ;
#5299 = CARTESIAN_POINT ( 'NONE',  ( 0.8700000000000005500, 1.700000000000000000, 6.349999999999999600 ) ) ;
#5300 = SURFACE_STYLE_USAGE ( .BOTH. , #2395 ) ;
#5301 = AXIS2_PLACEMENT_3D ( 'NONE', #5420, #2949, #360 ) ;
#5302 = FACE_OUTER_BOUND ( 'NONE', #1059, .T. ) ;
#5303 = ADVANCED_FACE ( 'NONE', ( #2097 ), #4631, .T. ) ;
#5304 = DIRECTION ( 'NONE',  ( -1.000000000000000000, -0.0000000000000000000, -0.0000000000000000000 ) ) ;
#5305 = SURFACE_SIDE_STYLE ('',( #1957 ) ) ;
#5306 = CARTESIAN_POINT ( 'NONE',  ( -0.2199999999999987000, 8.339999999999999900, 5.400000000000000400 ) ) ;
#5307 = EDGE_CURVE ( 'NONE', #458, #716, #1689, .T. ) ;
#5308 = SURFACE_SIDE_STYLE ('',( #1803 ) ) ;
#5309 = UNCERTAINTY_MEASURE_WITH_UNIT (LENGTH_MEASURE( 1.000000000000000100E-005 ), #4296, 'distance_accuracy_value', 'NONE');
#5310 = SURFACE_STYLE_FILL_AREA ( #3493 ) ;
#5311 = DIRECTION ( 'NONE',  ( 0.0000000000000000000, 0.0000000000000000000, -1.000000000000000000 ) ) ;
#5312 = DIRECTION ( 'NONE',  ( 0.0000000000000000000, -0.0000000000000000000, -1.000000000000000000 ) ) ;
#5313 = CARTESIAN_POINT ( 'NONE',  ( 0.2200000000000006100, -3.000000000000000000, 2.220000000000000200 ) ) ;
#5314 = CARTESIAN_POINT ( 'NONE',  ( 0.3200000000000012300, 0.2999999999999999300, 4.860000000000000300 ) ) ;
#5315 = UNCERTAINTY_MEASURE_WITH_UNIT (LENGTH_MEASURE( 1.000000000000000100E-005 ), #4581, 'distance_accuracy_value', 'NONE');
#5316 = CARTESIAN_POINT ( 'NONE',  ( 0.2200000000000013100, 0.2999999999999999300, 5.400000000000000400 ) ) ;
#5317 = ORIENTED_EDGE ( 'NONE', *, *, #4897, .F. ) ;
#5318 = EDGE_CURVE ( 'NONE', #4021, #4213, #5020, .T. ) ;
#5319 = CARTESIAN_POINT ( 'NONE',  ( -1.270000000000000500, 0.0000000000000000000, -0.8700000000000003300 ) ) ;
#5320 =( NAMED_UNIT ( * ) SI_UNIT ( $, .STERADIAN. ) SOLID_ANGLE_UNIT ( ) );
#5321 = VERTEX_POINT ( 'NONE', #2589 ) ;
#5322 = ORIENTED_EDGE ( 'NONE', *, *, #2224, .F. ) ;
#5323 = DIRECTION ( 'NONE',  ( 0.0000000000000000000, 1.000000000000000000, 0.0000000000000000000 ) ) ;
#5324 =( NAMED_UNIT ( * ) PLANE_ANGLE_UNIT ( ) SI_UNIT ( $, .RADIAN. ) );
#5325 = VERTEX_POINT ( 'NONE', #3429 ) ;
#5326 = ORIENTED_EDGE ( 'NONE', *, *, #2860, .F. ) ;
#5327 = ADVANCED_FACE ( 'NONE', ( #3798 ), #5064, .T. ) ;
#5328 = ORIENTED_EDGE ( 'NONE', *, *, #1623, .F. ) ;
#5329 =( GEOMETRIC_REPRESENTATION_CONTEXT ( 3 ) GLOBAL_UNCERTAINTY_ASSIGNED_CONTEXT ( ( #2830 ) ) GLOBAL_UNIT_ASSIGNED_CONTEXT ( ( #2028, #4936, #2455 ) ) REPRESENTATION_CONTEXT ( 'NONE', 'WORKASPACE' ) );
#5330 = VECTOR ( 'NONE', #3981, 1000.000000000000000 ) ;
#5331 =( NAMED_UNIT ( * ) SI_UNIT ( $, .STERADIAN. ) SOLID_ANGLE_UNIT ( ) );
#5332 = VERTEX_POINT ( 'NONE', #1311 ) ;
#5333 = ORIENTED_EDGE ( 'NONE', *, *, #1041, .T. ) ;
#5334 = ORIENTED_EDGE ( 'NONE', *, *, #2047, .F. ) ;
#5335 = SURFACE_SIDE_STYLE ('',( #3479 ) ) ;
#5336 = MECHANICAL_DESIGN_GEOMETRIC_PRESENTATION_REPRESENTATION (  '', ( #1216 ), #125 ) ;
#5337 = SURFACE_STYLE_FILL_AREA ( #672 ) ;
#5338 =( NAMED_UNIT ( * ) PLANE_ANGLE_UNIT ( ) SI_UNIT ( $, .RADIAN. ) );
#5339 = DIRECTION ( 'NONE',  ( -0.7071067811865475700, 0.0000000000000000000, 0.7071067811865475700 ) ) ;
#5340 = PLANE ( 'NONE',  #345 ) ;
#5341 = VECTOR ( 'NONE', #3436, 1000.000000000000000 ) ;
#5342 = FILL_AREA_STYLE ('',( #4943 ) ) ;
#5343 =( NAMED_UNIT ( * ) PLANE_ANGLE_UNIT ( ) SI_UNIT ( $, .RADIAN. ) );
#5344 = LINE ( 'NONE', #4779, #2158 ) ;
#5345 = LINE ( 'NONE', #1144, #2029 ) ;
#5346 = DIRECTION ( 'NONE',  ( -0.7071067811865474600, 0.0000000000000000000, -0.7071067811865474600 ) ) ;
#5347 = LINE ( 'NONE', #4903, #2163 ) ;
#5348 = FILL_AREA_STYLE_COLOUR ( '', #1753 ) ;
#5349 = STYLED_ITEM ( 'NONE', ( #3005 ), #3681 ) ;
#5350 = PRESENTATION_STYLE_ASSIGNMENT (( #1986 ) ) ;
#5351 = EDGE_CURVE ( 'NONE', #1324, #4869, #3412, .T. ) ;
#5352 = LINE ( 'NONE', #1640, #4239 ) ;
#5353 = VECTOR ( 'NONE', #4434, 1000.000000000000000 ) ;
#5354 = PRESENTATION_LAYER_ASSIGNMENT (  '', '', ( #4788 ) ) ;
#5355 = FILL_AREA_STYLE ('',( #5407 ) ) ;
#5356 = ORIENTED_EDGE ( 'NONE', *, *, #1820, .F. ) ;
#5357 = DIRECTION ( 'NONE',  ( 0.0000000000000000000, 1.000000000000000000, 0.0000000000000000000 ) ) ;
#5358 = PLANE ( 'NONE',  #2091 ) ;
#5359 = LINE ( 'NONE', #2293, #5210 ) ;
#5360 = ADVANCED_FACE ( 'NONE', ( #2294 ), #5097, .T. ) ;
#5361 = PLANE ( 'NONE',  #4200 ) ;
#5362 = ORIENTED_EDGE ( 'NONE', *, *, #1494, .F. ) ;
#5363 = COLOUR_RGB ( '',0.0000000000000000000, 0.03529411764705882300, 0.05882352941176470500 ) ;
#5364 = STYLED_ITEM ( 'NONE', ( #2720 ), #4567 ) ;
#5365 = FILL_AREA_STYLE ('',( #3702 ) ) ;
#5366 = FACE_OUTER_BOUND ( 'NONE', #1228, .T. ) ;
#5367 = STYLED_ITEM ( 'NONE', ( #334 ), #437 ) ;
#5368 = AXIS2_PLACEMENT_3D ( 'NONE', #4064, #4472, #4452 ) ;
#5369 = CARTESIAN_POINT ( 'NONE',  ( -0.2199999999999993600, 8.339999999999999900, 2.860000000000000300 ) ) ;
#5370 = EDGE_CURVE ( 'NONE', #3161, #2745, #737, .T. ) ;
#5371 = PRESENTATION_STYLE_ASSIGNMENT (( #2392 ) ) ;
#5372 = STYLED_ITEM ( 'NONE', ( #1878 ), #2451 ) ;
#5373 = CARTESIAN_POINT ( 'NONE',  ( -1.269999999999998000, 1.700000000000000000, 9.289999999999999100 ) ) ;
#5374 =( NAMED_UNIT ( * ) SI_UNIT ( $, .STERADIAN. ) SOLID_ANGLE_UNIT ( ) );
#5375 =( GEOMETRIC_REPRESENTATION_CONTEXT ( 3 ) GLOBAL_UNCERTAINTY_ASSIGNED_CONTEXT ( ( #3954 ) ) GLOBAL_UNIT_ASSIGNED_CONTEXT ( ( #992, #3950, #1418 ) ) REPRESENTATION_CONTEXT ( 'NONE', 'WORKASPACE' ) );
#5376 = CARTESIAN_POINT ( 'NONE',  ( -0.2199999999999999700, -3.000000000000000000, 0.3199999999999999500 ) ) ;
#5377 = UNCERTAINTY_MEASURE_WITH_UNIT (LENGTH_MEASURE( 1.000000000000000100E-005 ), #2832, 'distance_accuracy_value', 'NONE');
#5378 = CARTESIAN_POINT ( 'NONE',  ( 1.269999999999998700, 0.0000000000000000000, -0.8700000000000003300 ) ) ;
#5379 = VERTEX_POINT ( 'NONE', #4250 ) ;
#5380 = FILL_AREA_STYLE_COLOUR ( '', #541 ) ;
#5381 = PRESENTATION_LAYER_ASSIGNMENT (  '', '', ( #4823 ) ) ;
#5382 = ADVANCED_FACE ( 'NONE', ( #1882 ), #2648, .T. ) ;
#5383 = FACE_OUTER_BOUND ( 'NONE', #719, .T. ) ;
#5384 = ORIENTED_EDGE ( 'NONE', *, *, #3328, .T. ) ;
#5385 = PRESENTATION_STYLE_ASSIGNMENT (( #3287 ) ) ;
#5386 = CARTESIAN_POINT ( 'NONE',  ( 0.2200000000000005800, 1.700000000000000000, 2.220000000000000200 ) ) ;
#5387 = DIRECTION ( 'NONE',  ( -0.0000000000000000000, -0.0000000000000000000, 1.000000000000000000 ) ) ;
#5388 = EDGE_CURVE ( 'NONE', #4713, #4597, #3595, .T. ) ;
#5389 = CARTESIAN_POINT ( 'NONE',  ( 0.2200000000000025000, 8.339999999999999900, 9.839999999999999900 ) ) ;
#5390 = EDGE_LOOP ( 'NONE', ( #5036, #5122, #866, #912 ) ) ;
#5391 = EDGE_CURVE ( 'NONE', #3183, #506, #2498, .T. ) ;
#5392 = VERTEX_POINT ( 'NONE', #4709 ) ;
#5393 = PRESENTATION_LAYER_ASSIGNMENT (  '', '', ( #4836 ) ) ;
#5394 = CARTESIAN_POINT ( 'NONE',  ( 1.270000000000001400, 1.700000000000000000, 9.289999999999999100 ) ) ;
#5395 = EDGE_LOOP ( 'NONE', ( #1198, #1515, #2864, #2807 ) ) ;
#5396 = FILL_AREA_STYLE ('',( #4976 ) ) ;
#5397 = EDGE_CURVE ( 'NONE', #2819, #1397, #1345, .T. ) ;
#5398 = ORIENTED_EDGE ( 'NONE', *, *, #1236, .F. ) ;
#5399 = ORIENTED_EDGE ( 'NONE', *, *, #4476, .F. ) ;
#5400 = EDGE_LOOP ( 'NONE', ( #1269, #1945, #3575, #853 ) ) ;
#5401 = CARTESIAN_POINT ( 'NONE',  ( 6.330743719800416100E-016, 8.339999999999999900, 2.540000000000000000 ) ) ;
#5402 = PRESENTATION_LAYER_ASSIGNMENT (  '', '', ( #4842 ) ) ;
#5403 = ORIENTED_EDGE ( 'NONE', *, *, #3998, .T. ) ;
#5404 = VERTEX_POINT ( 'NONE', #3089 ) ;
#5405 = LINE ( 'NONE', #3977, #2086 ) ;
#5406 = PRESENTATION_STYLE_ASSIGNMENT (( #1956 ) ) ;
#5407 = FILL_AREA_STYLE_COLOUR ( '', #2507 ) ;
#5408 =( GEOMETRIC_REPRESENTATION_CONTEXT ( 3 ) GLOBAL_UNCERTAINTY_ASSIGNED_CONTEXT ( ( #2841 ) ) GLOBAL_UNIT_ASSIGNED_CONTEXT ( ( #1545, #4465, #1974 ) ) REPRESENTATION_CONTEXT ( 'NONE', 'WORKASPACE' ) );
#5409 = DIRECTION ( 'NONE',  ( -0.7071067811865474600, 0.0000000000000000000, 0.7071067811865474600 ) ) ;
#5410 = UNCERTAINTY_MEASURE_WITH_UNIT (LENGTH_MEASURE( 1.000000000000000100E-005 ), #718, 'distance_accuracy_value', 'NONE');
#5411 = FACE_OUTER_BOUND ( 'NONE', #4342, .T. ) ;
#5412 =( LENGTH_UNIT ( ) NAMED_UNIT ( * ) SI_UNIT ( .MILLI., .METRE. ) );
#5413 = ADVANCED_FACE ( 'NONE', ( #4565 ), #5151, .F. ) ;
#5414 =( NAMED_UNIT ( * ) PLANE_ANGLE_UNIT ( ) SI_UNIT ( $, .RADIAN. ) );
#5415 = CARTESIAN_POINT ( 'NONE',  ( 0.3200000000000006200, 8.339999999999999900, 2.319999999999999800 ) ) ;
#5416 = SURFACE_STYLE_FILL_AREA ( #5470 ) ;
#5417 = LINE ( 'NONE', #3602, #2961 ) ;
#5418 = SURFACE_SIDE_STYLE ('',( #4159 ) ) ;
#5419 = VECTOR ( 'NONE', #433, 1000.000000000000000 ) ;
#5420 = CARTESIAN_POINT ( 'NONE',  ( 0.2200000000000018900, -3.000000000000000000, 7.299999999999999800 ) ) ;
#5421 = SURFACE_STYLE_FILL_AREA ( #3193 ) ;
#5422 = ORIENTED_EDGE ( 'NONE', *, *, #3235, .F. ) ;
#5423 = PRESENTATION_STYLE_ASSIGNMENT (( #1366 ) ) ;
#5424 = DIRECTION ( 'NONE',  ( -0.0000000000000000000, -1.000000000000000000, -0.0000000000000000000 ) ) ;
#5425 = CARTESIAN_POINT ( 'NONE',  ( -0.8699999999999987700, 1.700000000000000000, 6.349999999999999600 ) ) ;
#5426 = COLOUR_RGB ( '',0.0000000000000000000, 0.03529411764705882300, 0.05882352941176470500 ) ;
#5427 = FILL_AREA_STYLE_COLOUR ( '', #4643 ) ;
#5428 = CARTESIAN_POINT ( 'NONE',  ( -0.2199999999999999700, -3.000000000000000000, 0.3199999999999999500 ) ) ;
#5429 = CARTESIAN_POINT ( 'NONE',  ( 0.0000000000000000000, 1.700000000000000000, 5.400000000000000400 ) ) ;
#5430 = CARTESIAN_POINT ( 'NONE',  ( 0.3200000000000008400, 0.2999999999999999900, -1.270000000000000700 ) ) ;
#5431 = MECHANICAL_DESIGN_GEOMETRIC_PRESENTATION_REPRESENTATION (  '', ( #4592 ), #229 ) ;
#5432 = MECHANICAL_DESIGN_GEOMETRIC_PRESENTATION_REPRESENTATION (  '', ( #4593 ), #230 ) ;
#5433 = VECTOR ( 'NONE', #2778, 1000.000000000000000 ) ;
#5434 = SURFACE_STYLE_USAGE ( .BOTH. , #2536 ) ;
#5435 = ADVANCED_FACE ( 'NONE', ( #3086 ), #113, .T. ) ;
#5436 = MECHANICAL_DESIGN_GEOMETRIC_PRESENTATION_REPRESENTATION (  '', ( #4596 ), #237 ) ;
#5437 = VECTOR ( 'NONE', #4277, 1000.000000000000100 ) ;
#5438 = FILL_AREA_STYLE ('',( #5023 ) ) ;
#5439 =( LENGTH_UNIT ( ) NAMED_UNIT ( * ) SI_UNIT ( .MILLI., .METRE. ) );
#5440 = ORIENTED_EDGE ( 'NONE', *, *, #2290, .F. ) ;
#5441 = FILL_AREA_STYLE_COLOUR ( '', #4561 ) ;
#5442 = FACE_OUTER_BOUND ( 'NONE', #1613, .T. ) ;
#5444 =( NAMED_UNIT ( * ) SI_UNIT ( $, .STERADIAN. ) SOLID_ANGLE_UNIT ( ) );
#5443 = DIRECTION ( 'NONE',  ( 0.7071067811865475700, 0.0000000000000000000, -0.7071067811865475700 ) ) ;
#5445 = DIRECTION ( 'NONE',  ( 0.0000000000000000000, 0.0000000000000000000, 1.000000000000000000 ) ) ;
#5446 =( NAMED_UNIT ( * ) PLANE_ANGLE_UNIT ( ) SI_UNIT ( $, .RADIAN. ) );
#5447 = ORIENTED_EDGE ( 'NONE', *, *, #2722, .T. ) ;
#5448 = ORIENTED_EDGE ( 'NONE', *, *, #5397, .F. ) ;
#5449 = CARTESIAN_POINT ( 'NONE',  ( 1.270000000000000700, 1.700000000000000000, 6.750000000000000000 ) ) ;
#5450 = ORIENTED_EDGE ( 'NONE', *, *, #4178, .F. ) ;
#5451 = ORIENTED_EDGE ( 'NONE', *, *, #2701, .F. ) ;
#5452 = EDGE_CURVE ( 'NONE', #35, #4594, #2690, .T. ) ;
#5453 = ORIENTED_EDGE ( 'NONE', *, *, #1751, .T. ) ;
#5454 = AXIS2_PLACEMENT_3D ( 'NONE', #2992, #421, #3407 ) ;
#5455 = VECTOR ( 'NONE', #425, 1000.000000000000000 ) ;
#5456 = EDGE_LOOP ( 'NONE', ( #2731, #3708, #1702, #3775 ) ) ;
#5457 = ORIENTED_EDGE ( 'NONE', *, *, #76, .T. ) ;
#5458 = VERTEX_POINT ( 'NONE', #3547 ) ;
#5459 = CARTESIAN_POINT ( 'NONE',  ( 0.3200000000000006200, -3.000000000000000000, 2.319999999999999800 ) ) ;
#5460 = FACE_OUTER_BOUND ( 'NONE', #3677, .T. ) ;
#5461 = ORIENTED_EDGE ( 'NONE', *, *, #3253, .F. ) ;
#5462 = VERTEX_POINT ( 'NONE', #5181 ) ;
#5463 = ADVANCED_FACE ( 'NONE', ( #400 ), #2723, .F. ) ;
#5464 = CARTESIAN_POINT ( 'NONE',  ( -1.269999999999998000, 1.700000000000000000, 9.289999999999999100 ) ) ;
#5465 = ORIENTED_EDGE ( 'NONE', *, *, #3833, .F. ) ;
#5466 = STYLED_ITEM ( 'NONE', ( #3817 ), #227 ) ;
#5467 = VECTOR ( 'NONE', #4655, 1000.000000000000000 ) ;
#5468 = VERTEX_POINT ( 'NONE', #2740 ) ;
#5469 = EDGE_CURVE ( 'NONE', #2350, #3059, #3178, .T. ) ;
#5470 = FILL_AREA_STYLE ('',( #5049 ) ) ;
#5471 = SURFACE_STYLE_FILL_AREA ( #3375 ) ;
#5472 = UNCERTAINTY_MEASURE_WITH_UNIT (LENGTH_MEASURE( 1.000000000000000100E-005 ), #4539, 'distance_accuracy_value', 'NONE');
#5473 = PRESENTATION_STYLE_ASSIGNMENT (( #3049 ) ) ;
#5474 = DIRECTION ( 'NONE',  ( -0.0000000000000000000, -1.000000000000000000, -0.0000000000000000000 ) ) ;
#5475 = MECHANICAL_DESIGN_GEOMETRIC_PRESENTATION_REPRESENTATION (  '', ( #4634 ), #284 ) ;
#5476 = EDGE_CURVE ( 'NONE', #158, #2823, #4267, .T. ) ;
#5477 = FACE_OUTER_BOUND ( 'NONE', #3518, .T. ) ;
#5479 = DIRECTION ( 'NONE',  ( 0.7071067811865475700, 0.0000000000000000000, -0.7071067811865475700 ) ) ;
#5478 = DIRECTION ( 'NONE',  ( 0.7071067811865474600, 0.0000000000000000000, -0.7071067811865474600 ) ) ;
#5480 = LINE ( 'NONE', #2058, #4362 ) ;
#5481 = LINE ( 'NONE', #4814, #1022 ) ;
#5482 = DIRECTION ( 'NONE',  ( 0.7071067811865474600, 0.0000000000000000000, 0.7071067811865474600 ) ) ;
#5483 = ORIENTED_EDGE ( 'NONE', *, *, #4681, .T. ) ;
#5484 = UNCERTAINTY_MEASURE_WITH_UNIT (LENGTH_MEASURE( 1.000000000000000100E-005 ), #5235, 'distance_accuracy_value', 'NONE');
#5485 = AXIS2_PLACEMENT_3D ( 'NONE', #2255, #5153, #2687 ) ;
#5486 = CARTESIAN_POINT ( 'NONE',  ( 1.269999999999998700, 0.0000000000000000000, -0.8700000000000003300 ) ) ;
#5487 = VERTEX_POINT ( 'NONE', #4815 ) ;
ENDSEC;
END-ISO-10303-21;
