ISO-10303-21;
HEADER;
FILE_DESCRIPTION (( 'STEP AP214' ),
    '1' );
FILE_NAME ('1x6.STEP',
    '2019-03-31T21:22:23',
    ( '' ),
    ( '' ),
    'SwSTEP 2.0',
    'SolidWorks 2014',
    '' );
FILE_SCHEMA (( 'AUTOMOTIVE_DESIGN' ));
ENDSEC;

DATA;
#1 = LINE ( 'NONE', #2525, #2549 ) ;
#2 = ADVANCED_FACE ( 'NONE', ( #1945 ), #3905, .T. ) ;
#3 = DIRECTION ( 'NONE',  ( 0.7071067811865475700, -0.0000000000000000000, 0.7071067811865475700 ) ) ;
#4 = VECTOR ( 'NONE', #3713, 1000.000000000000000 ) ;
#5 = DIRECTION ( 'NONE',  ( 1.000000000000000000, -0.0000000000000000000, 0.0000000000000000000 ) ) ;
#6 = STYLED_ITEM ( 'NONE', ( #1737 ), #1713 ) ;
#7 = CARTESIAN_POINT ( 'NONE',  ( 1.270000000000002000, 1.700000000000000000, 11.83000000000000000 ) ) ;
#8 = UNCERTAINTY_MEASURE_WITH_UNIT (LENGTH_MEASURE( 1.000000000000000100E-005 ), #689, 'distance_accuracy_value', 'NONE');
#9 =( NAMED_UNIT ( * ) PLANE_ANGLE_UNIT ( ) SI_UNIT ( $, .RADIAN. ) );
#10 =( NAMED_UNIT ( * ) PLANE_ANGLE_UNIT ( ) SI_UNIT ( $, .RADIAN. ) );
#11 = FILL_AREA_STYLE_COLOUR ( '', #2331 ) ;
#12 = SURFACE_STYLE_FILL_AREA ( #6523 ) ;
#13 = EDGE_CURVE ( 'NONE', #1792, #48, #3993, .T. ) ;
#14 =( NAMED_UNIT ( * ) SI_UNIT ( $, .STERADIAN. ) SOLID_ANGLE_UNIT ( ) );
#15 = PLANE ( 'NONE',  #4778 ) ;
#16 = PLANE ( 'NONE',  #6176 ) ;
#17 = EDGE_CURVE ( 'NONE', #6162, #5621, #1460, .T. ) ;
#18 = EDGE_CURVE ( 'NONE', #5613, #4002, #5372, .T. ) ;
#19 = EDGE_CURVE ( 'NONE', #5874, #126, #2645, .T. ) ;
#20 = PLANE ( 'NONE',  #21 ) ;
#21 = AXIS2_PLACEMENT_3D ( 'NONE', #3091, #50, #3592 ) ;
#22 = VECTOR ( 'NONE', #3655, 1000.000000000000000 ) ;
#23 = EDGE_LOOP ( 'NONE', ( #3601, #2594, #765, #3460, #2499, #2667, #125, #3533 ) ) ;
#24 = CARTESIAN_POINT ( 'NONE',  ( 0.2200000000000019400, 8.339999999999999900, 7.939999999999999500 ) ) ;
#25 = FILL_AREA_STYLE_COLOUR ( '', #3160 ) ;
#26 = ORIENTED_EDGE ( 'NONE', *, *, #5779, .F. ) ;
#27 = COLOUR_RGB ( '',1.000000000000000000, 1.000000000000000000, 1.000000000000000000 ) ;
#28 = DIRECTION ( 'NONE',  ( -0.7071067811865475700, 0.0000000000000000000, -0.7071067811865475700 ) ) ;
#29 = ORIENTED_EDGE ( 'NONE', *, *, #1086, .F. ) ;
#30 = DIRECTION ( 'NONE',  ( 0.7071067811865474600, 0.0000000000000000000, -0.7071067811865474600 ) ) ;
#31 = FILL_AREA_STYLE ('',( #2566 ) ) ;
#32 = ORIENTED_EDGE ( 'NONE', *, *, #5740, .F. ) ;
#33 = FACE_OUTER_BOUND ( 'NONE', #5930, .T. ) ;
#34 = VECTOR ( 'NONE', #4212, 1000.000000000000100 ) ;
#36 = STYLED_ITEM ( 'NONE', ( #4931 ), #1291 ) ;
#35 = SURFACE_SIDE_STYLE ('',( #5978 ) ) ;
#37 = ORIENTED_EDGE ( 'NONE', *, *, #6528, .F. ) ;
#38 = CARTESIAN_POINT ( 'NONE',  ( 0.2200000000000019400, 1.700000000000000000, 7.939999999999999500 ) ) ;
#39 = VERTEX_POINT ( 'NONE', #1422 ) ;
#40 = CARTESIAN_POINT ( 'NONE',  ( -0.3200000000000002800, 0.2999999999999999900, -1.270000000000000500 ) ) ;
#41 =( NAMED_UNIT ( * ) PLANE_ANGLE_UNIT ( ) SI_UNIT ( $, .RADIAN. ) );
#42 = ORIENTED_EDGE ( 'NONE', *, *, #2569, .F. ) ;
#43 = UNCERTAINTY_MEASURE_WITH_UNIT (LENGTH_MEASURE( 1.000000000000000100E-005 ), #6103, 'distance_accuracy_value', 'NONE');
#44 = VERTEX_POINT ( 'NONE', #903 ) ;
#45 = ORIENTED_EDGE ( 'NONE', *, *, #5044, .T. ) ;
#46 = EDGE_LOOP ( 'NONE', ( #4322, #6235, #1345, #4732 ) ) ;
#47 = EDGE_LOOP ( 'NONE', ( #3761, #429, #1996, #4798 ) ) ;
#48 = VERTEX_POINT ( 'NONE', #831 ) ;
#49 = COLOUR_RGB ( '',1.000000000000000000, 1.000000000000000000, 1.000000000000000000 ) ;
#50 = DIRECTION ( 'NONE',  ( 0.7071067811865475700, 0.0000000000000000000, -0.7071067811865475700 ) ) ;
#51 = COLOUR_RGB ( '',1.000000000000000000, 1.000000000000000000, 1.000000000000000000 ) ;
#52 = SURFACE_STYLE_USAGE ( .BOTH. , #3094 ) ;
#53 = DIRECTION ( 'NONE',  ( -1.232047923278982200E-016, 0.0000000000000000000, -1.000000000000000000 ) ) ;
#54 = ORIENTED_EDGE ( 'NONE', *, *, #5045, .F. ) ;
#55 = ORIENTED_EDGE ( 'NONE', *, *, #6278, .T. ) ;
#56 = LINE ( 'NONE', #2030, #6496 ) ;
#57 = AXIS2_PLACEMENT_3D ( 'NONE', #6179, #3141, #89 ) ;
#58 = AXIS2_PLACEMENT_3D ( 'NONE', #3312, #259, #3807 ) ;
#59 = CARTESIAN_POINT ( 'NONE',  ( 4.339999999999999900, 0.2999999999999999900, 3.819999999999999400 ) ) ;
#60 = FILL_AREA_STYLE_COLOUR ( '', #78 ) ;
#61 = EDGE_CURVE ( 'NONE', #1156, #3523, #1153, .T. ) ;
#62 = DIRECTION ( 'NONE',  ( -0.7071067811865474600, 0.0000000000000000000, 0.7071067811865474600 ) ) ;
#63 = EDGE_CURVE ( 'NONE', #453, #163, #3848, .T. ) ;
#64 = FACE_OUTER_BOUND ( 'NONE', #5514, .T. ) ;
#65 = EDGE_CURVE ( 'NONE', #4615, #6538, #6544, .T. ) ;
#66 = DIRECTION ( 'NONE',  ( 0.0000000000000000000, 0.0000000000000000000, 1.000000000000000000 ) ) ;
#67 =( NAMED_UNIT ( * ) PLANE_ANGLE_UNIT ( ) SI_UNIT ( $, .RADIAN. ) );
#68 = DIRECTION ( 'NONE',  ( 0.0000000000000000000, 1.000000000000000000, 0.0000000000000000000 ) ) ;
#69 = VERTEX_POINT ( 'NONE', #5732 ) ;
#70 = MECHANICAL_DESIGN_GEOMETRIC_PRESENTATION_REPRESENTATION (  '', ( #5649 ), #410 ) ;
#71 = LINE ( 'NONE', #3821, #2602 ) ;
#72 = LINE ( 'NONE', #5666, #2767 ) ;
#73 = VECTOR ( 'NONE', #5, 1000.000000000000000 ) ;
#74 =( LENGTH_UNIT ( ) NAMED_UNIT ( * ) SI_UNIT ( .MILLI., .METRE. ) );
#75 =( GEOMETRIC_REPRESENTATION_CONTEXT ( 3 ) GLOBAL_UNCERTAINTY_ASSIGNED_CONTEXT ( ( #5993 ) ) GLOBAL_UNIT_ASSIGNED_CONTEXT ( ( #951, #4501, #1453 ) ) REPRESENTATION_CONTEXT ( 'NONE', 'WORKASPACE' ) );
#76 = ORIENTED_EDGE ( 'NONE', *, *, #3264, .F. ) ;
#77 = CARTESIAN_POINT ( 'NONE',  ( 0.8700000000000024400, 1.700000000000000000, 13.97000000000000100 ) ) ;
#78 = COLOUR_RGB ( '',1.000000000000000000, 1.000000000000000000, 1.000000000000000000 ) ;
#79 = DIRECTION ( 'NONE',  ( 0.0000000000000000000, 1.000000000000000000, 0.0000000000000000000 ) ) ;
#80 = UNCERTAINTY_MEASURE_WITH_UNIT (LENGTH_MEASURE( 1.000000000000000100E-005 ), #5239, 'distance_accuracy_value', 'NONE');
#81 = DIRECTION ( 'NONE',  ( 1.000000000000000000, 0.0000000000000000000, -0.0000000000000000000 ) ) ;
#82 = DIRECTION ( 'NONE',  ( -0.7071067811865474600, 0.0000000000000000000, 0.7071067811865474600 ) ) ;
#83 = CARTESIAN_POINT ( 'NONE',  ( -0.2199999999999975600, 0.2999999999999999300, 9.839999999999999900 ) ) ;
#84 =( NAMED_UNIT ( * ) SI_UNIT ( $, .STERADIAN. ) SOLID_ANGLE_UNIT ( ) );
#85 = AXIS2_PLACEMENT_3D ( 'NONE', #1219, #4763, #1732 ) ;
#86 = CARTESIAN_POINT ( 'NONE',  ( 0.8699999999999987700, 1.700000000000000000, -1.270000000000000200 ) ) ;
#87 =( NAMED_UNIT ( * ) SI_UNIT ( $, .STERADIAN. ) SOLID_ANGLE_UNIT ( ) );
#88 =( NAMED_UNIT ( * ) SI_UNIT ( $, .STERADIAN. ) SOLID_ANGLE_UNIT ( ) );
#89 = DIRECTION ( 'NONE',  ( 0.7071067811865474600, 0.0000000000000000000, -0.7071067811865474600 ) ) ;
#90 = PRESENTATION_STYLE_ASSIGNMENT (( #709 ) ) ;
#91 = DIRECTION ( 'NONE',  ( 0.7071067811865475700, 0.0000000000000000000, -0.7071067811865475700 ) ) ;
#92 = MECHANICAL_DESIGN_GEOMETRIC_PRESENTATION_REPRESENTATION (  '', ( #5678 ), #435 ) ;
#93 = DIRECTION ( 'NONE',  ( 2.464095846557964400E-016, 0.0000000000000000000, 1.000000000000000000 ) ) ;
#94 = EDGE_CURVE ( 'NONE', #5750, #2171, #4892, .T. ) ;
#95 = CARTESIAN_POINT ( 'NONE',  ( 0.3200000000000031700, -3.000000000000000000, 12.92000000000000200 ) ) ;
#96 = CARTESIAN_POINT ( 'NONE',  ( 0.2200000000000031700, -3.000000000000000000, 12.38000000000000100 ) ) ;
#97 = CARTESIAN_POINT ( 'NONE',  ( -0.8699999999999974400, 1.700000000000000000, 11.43000000000000100 ) ) ;
#98 = AXIS2_PLACEMENT_3D ( 'NONE', #5979, #6088, #6461 ) ;
#99 = UNCERTAINTY_MEASURE_WITH_UNIT (LENGTH_MEASURE( 1.000000000000000100E-005 ), #4587, 'distance_accuracy_value', 'NONE');
#100 = CARTESIAN_POINT ( 'NONE',  ( -0.8699999999999994400, 1.700000000000000000, 3.810000000000000100 ) ) ;
#101 = CARTESIAN_POINT ( 'NONE',  ( -3.819999999999999000, 0.2999999999999999900, 1.799999999999998500 ) ) ;
#102 = ORIENTED_EDGE ( 'NONE', *, *, #4612, .F. ) ;
#103 = DIRECTION ( 'NONE',  ( 0.0000000000000000000, 0.0000000000000000000, 1.000000000000000000 ) ) ;
#104 = SURFACE_STYLE_USAGE ( .BOTH. , #3156 ) ;
#105 = CARTESIAN_POINT ( 'NONE',  ( 0.3200000000000025000, 8.339999999999999900, 9.940000000000001300 ) ) ;
#106 = EDGE_LOOP ( 'NONE', ( #1406, #1723, #6175, #3234, #554, #4722, #5605, #4645 ) ) ;
#107 = AXIS2_PLACEMENT_3D ( 'NONE', #5661, #1613, #5171 ) ;
#108 = PRESENTATION_STYLE_ASSIGNMENT (( #154 ) ) ;
#109 = VECTOR ( 'NONE', #1829, 1000.000000000000000 ) ;
#110 = CARTESIAN_POINT ( 'NONE',  ( -2.809999999999999200, 1.700000000000000000, 2.809999999999999200 ) ) ;
#111 = PRESENTATION_LAYER_ASSIGNMENT (  '', '', ( #6036 ) ) ;
#112 =( NAMED_UNIT ( * ) SI_UNIT ( $, .STERADIAN. ) SOLID_ANGLE_UNIT ( ) );
#113 = EDGE_LOOP ( 'NONE', ( #855, #1254, #5457, #4653 ) ) ;
#114 = CARTESIAN_POINT ( 'NONE',  ( -0.8700000000000005500, 1.700000000000000000, -1.270000000000000200 ) ) ;
#115 =( NAMED_UNIT ( * ) PLANE_ANGLE_UNIT ( ) SI_UNIT ( $, .RADIAN. ) );
#116 = ORIENTED_EDGE ( 'NONE', *, *, #1088, .T. ) ;
#117 = LINE ( 'NONE', #5682, #6548 ) ;
#118 = EDGE_LOOP ( 'NONE', ( #1660, #5848, #3939, #4202 ) ) ;
#119 = CARTESIAN_POINT ( 'NONE',  ( -0.2199999999999982000, -3.000000000000000000, 7.299999999999999800 ) ) ;
#120 = ORIENTED_EDGE ( 'NONE', *, *, #625, .T. ) ;
#121 = ORIENTED_EDGE ( 'NONE', *, *, #3548, .F. ) ;
#122 = CARTESIAN_POINT ( 'NONE',  ( -1.269999999999999800, 1.700000000000000000, 1.669999999999999900 ) ) ;
#123 = MECHANICAL_DESIGN_GEOMETRIC_PRESENTATION_REPRESENTATION (  '', ( #5710 ), #467 ) ;
#124 = MECHANICAL_DESIGN_GEOMETRIC_PRESENTATION_REPRESENTATION (  '', ( #5712 ), #469 ) ;
#125 = ORIENTED_EDGE ( 'NONE', *, *, #5917, .T. ) ;
#126 = VERTEX_POINT ( 'NONE', #5943 ) ;
#127 = DIRECTION ( 'NONE',  ( -0.7071067811865474600, -0.0000000000000000000, -0.7071067811865474600 ) ) ;
#128 = VECTOR ( 'NONE', #4286, 1000.000000000000100 ) ;
#129 = PRESENTATION_STYLE_ASSIGNMENT (( #3977 ) ) ;
#130 = PLANE ( 'NONE',  #2396 ) ;
#131 = DIRECTION ( 'NONE',  ( -0.7071067811865475700, 0.0000000000000000000, -0.7071067811865475700 ) ) ;
#132 = ORIENTED_EDGE ( 'NONE', *, *, #3265, .F. ) ;
#133 = VERTEX_POINT ( 'NONE', #5517 ) ;
#134 = COLOUR_RGB ( '',0.0000000000000000000, 0.03529411764705882300, 0.05882352941176470500 ) ;
#135 = SURFACE_SIDE_STYLE ('',( #2713 ) ) ;
#136 = EDGE_LOOP ( 'NONE', ( #5606, #2976, #5198, #1068 ) ) ;
#137 = PRESENTATION_STYLE_ASSIGNMENT (( #1574 ) ) ;
#138 = COLOUR_RGB ( '',1.000000000000000000, 1.000000000000000000, 1.000000000000000000 ) ;
#139 = FILL_AREA_STYLE_COLOUR ( '', #4275 ) ;
#140 = SURFACE_SIDE_STYLE ('',( #2743 ) ) ;
#141 =( GEOMETRIC_REPRESENTATION_CONTEXT ( 3 ) GLOBAL_UNCERTAINTY_ASSIGNED_CONTEXT ( ( #4899 ) ) GLOBAL_UNIT_ASSIGNED_CONTEXT ( ( #1855, #5409, #2366 ) ) REPRESENTATION_CONTEXT ( 'NONE', 'WORKASPACE' ) );
#142 = VECTOR ( 'NONE', #3951, 1000.000000000000100 ) ;
#143 = LINE ( 'NONE', #1386, #2850 ) ;
#144 = VECTOR ( 'NONE', #3669, 1000.000000000000100 ) ;
#145 = VECTOR ( 'NONE', #4775, 1000.000000000000100 ) ;
#146 = CARTESIAN_POINT ( 'NONE',  ( -0.3199999999999969500, 8.339999999999999900, 12.48000000000000200 ) ) ;
#147 = PLANE ( 'NONE',  #4630 ) ;
#148 = FACE_OUTER_BOUND ( 'NONE', #4940, .T. ) ;
#149 = DIRECTION ( 'NONE',  ( 0.0000000000000000000, 1.000000000000000000, 0.0000000000000000000 ) ) ;
#150 = EDGE_CURVE ( 'NONE', #2435, #5782, #2164, .T. ) ;
#151 = EDGE_CURVE ( 'NONE', #4063, #2730, #5042, .T. ) ;
#152 = CARTESIAN_POINT ( 'NONE',  ( -0.2199999999999980900, -3.000000000000000000, 7.939999999999999500 ) ) ;
#153 = EDGE_CURVE ( 'NONE', #5295, #2383, #6230, .T. ) ;
#154 = SURFACE_STYLE_USAGE ( .BOTH. , #3199 ) ;
#155 = VERTEX_POINT ( 'NONE', #4952 ) ;
#156 = STYLED_ITEM ( 'NONE', ( #800 ), #3498 ) ;
#157 = ORIENTED_EDGE ( 'NONE', *, *, #4401, .F. ) ;
#158 = CARTESIAN_POINT ( 'NONE',  ( -1.269999999999999100, 0.0000000000000000000, 4.210000000000000000 ) ) ;
#159 =( NAMED_UNIT ( * ) PLANE_ANGLE_UNIT ( ) SI_UNIT ( $, .RADIAN. ) );
#160 = VECTOR ( 'NONE', #2385, 1000.000000000000100 ) ;
#161 = VERTEX_POINT ( 'NONE', #4933 ) ;
#162 = SURFACE_STYLE_USAGE ( .BOTH. , #3207 ) ;
#163 = VERTEX_POINT ( 'NONE', #4367 ) ;
#164 = UNCERTAINTY_MEASURE_WITH_UNIT (LENGTH_MEASURE( 1.000000000000000100E-005 ), #3033, 'distance_accuracy_value', 'NONE');
#165 =( NAMED_UNIT ( * ) PLANE_ANGLE_UNIT ( ) SI_UNIT ( $, .RADIAN. ) );
#166 = CARTESIAN_POINT ( 'NONE',  ( 1.800000000000000700, 0.2999999999999999900, 1.280000000000000000 ) ) ;
#167 = DIRECTION ( 'NONE',  ( 0.7071067811865474600, 0.0000000000000000000, -0.7071067811865474600 ) ) ;
#168 = CARTESIAN_POINT ( 'NONE',  ( 0.2200000000000000300, -3.000000000000000000, 0.3199999999999999500 ) ) ;
#169 = PLANE ( 'NONE',  #4435 ) ;
#170 = DIRECTION ( 'NONE',  ( 0.7071067811865474600, 0.0000000000000000000, -0.7071067811865474600 ) ) ;
#171 = COLOUR_RGB ( '',0.0000000000000000000, 0.03529411764705882300, 0.05882352941176470500 ) ;
#172 =( GEOMETRIC_REPRESENTATION_CONTEXT ( 3 ) GLOBAL_UNCERTAINTY_ASSIGNED_CONTEXT ( ( #3824 ) ) GLOBAL_UNIT_ASSIGNED_CONTEXT ( ( #5428, #2386, #5954 ) ) REPRESENTATION_CONTEXT ( 'NONE', 'WORKASPACE' ) );
#173 = FACE_OUTER_BOUND ( 'NONE', #374, .T. ) ;
#174 = PLANE ( 'NONE',  #5722 ) ;
#175 = SURFACE_SIDE_STYLE ('',( #6063 ) ) ;
#176 = ADVANCED_FACE ( 'NONE', ( #671 ), #5608, .T. ) ;
#177 = CARTESIAN_POINT ( 'NONE',  ( -0.8699999999999974400, 0.0000000000000000000, 11.43000000000000100 ) ) ;
#178 = CARTESIAN_POINT ( 'NONE',  ( -0.8699999999999970000, 0.0000000000000000000, 13.97000000000000100 ) ) ;
#179 = STYLED_ITEM ( 'NONE', ( #6049 ), #2768 ) ;
#180 = ORIENTED_EDGE ( 'NONE', *, *, #4967, .T. ) ;
#181 = STYLED_ITEM ( 'NONE', ( #1397 ), #2274 ) ;
#182 = DIRECTION ( 'NONE',  ( -0.7071067811865475700, 0.0000000000000000000, -0.7071067811865475700 ) ) ;
#183 = LINE ( 'NONE', #1138, #2889 ) ;
#184 = EDGE_CURVE ( 'NONE', #2435, #4063, #2018, .T. ) ;
#185 = EDGE_CURVE ( 'NONE', #1468, #4493, #190, .T. ) ;
#186 = EDGE_CURVE ( 'NONE', #5598, #5679, #4708, .T. ) ;
#187 =( LENGTH_UNIT ( ) NAMED_UNIT ( * ) SI_UNIT ( .MILLI., .METRE. ) );
#188 = ORIENTED_EDGE ( 'NONE', *, *, #3664, .F. ) ;
#189 =( LENGTH_UNIT ( ) NAMED_UNIT ( * ) SI_UNIT ( .MILLI., .METRE. ) );
#190 = LINE ( 'NONE', #5922, #4067 ) ;
#191 = FILL_AREA_STYLE ('',( #2179 ) ) ;
#192 =( GEOMETRIC_REPRESENTATION_CONTEXT ( 3 ) GLOBAL_UNCERTAINTY_ASSIGNED_CONTEXT ( ( #1301 ) ) GLOBAL_UNIT_ASSIGNED_CONTEXT ( ( #4559, #1521, #5079 ) ) REPRESENTATION_CONTEXT ( 'NONE', 'WORKASPACE' ) );
#193 = PRESENTATION_LAYER_ASSIGNMENT (  '', '', ( #6108 ) ) ;
#194 =( NAMED_UNIT ( * ) SI_UNIT ( $, .STERADIAN. ) SOLID_ANGLE_UNIT ( ) );
#195 = DIRECTION ( 'NONE',  ( -0.7071067811865474600, 0.0000000000000000000, 0.7071067811865474600 ) ) ;
#196 = ORIENTED_EDGE ( 'NONE', *, *, #4786, .T. ) ;
#197 = CARTESIAN_POINT ( 'NONE',  ( 0.3200000000000006700, 0.2999999999999999300, 2.760000000000000200 ) ) ;
#198 = DIRECTION ( 'NONE',  ( -0.7071067811865474600, -0.0000000000000000000, -0.7071067811865474600 ) ) ;
#199 = ORIENTED_EDGE ( 'NONE', *, *, #3432, .T. ) ;
#200 = VECTOR ( 'NONE', #2592, 1000.000000000000000 ) ;
#201 = ORIENTED_EDGE ( 'NONE', *, *, #2570, .T. ) ;
#202 = ORIENTED_EDGE ( 'NONE', *, *, #3706, .T. ) ;
#203 = ORIENTED_EDGE ( 'NONE', *, *, #4739, .F. ) ;
#204 = EDGE_LOOP ( 'NONE', ( #1879, #6344, #5945, #2542 ) ) ;
#205 = COLOUR_RGB ( '',1.000000000000000000, 1.000000000000000000, 1.000000000000000000 ) ;
#206 =( NAMED_UNIT ( * ) SI_UNIT ( $, .STERADIAN. ) SOLID_ANGLE_UNIT ( ) );
#207 = DIRECTION ( 'NONE',  ( 0.0000000000000000000, 0.0000000000000000000, -1.000000000000000000 ) ) ;
#208 = VERTEX_POINT ( 'NONE', #5097 ) ;
#209 = ORIENTED_EDGE ( 'NONE', *, *, #1639, .T. ) ;
#210 = ORIENTED_EDGE ( 'NONE', *, *, #5877, .T. ) ;
#211 = ORIENTED_EDGE ( 'NONE', *, *, #3845, .T. ) ;
#212 = ADVANCED_FACE ( 'NONE', ( #2716 ), #5400, .T. ) ;
#213 = LINE ( 'NONE', #3812, #2913 ) ;
#214 = STYLED_ITEM ( 'NONE', ( #4114 ), #4555 ) ;
#215 = CARTESIAN_POINT ( 'NONE',  ( 0.0000000000000000000, 1.700000000000000000, 2.220000000000000200 ) ) ;
#216 = SURFACE_SIDE_STYLE ('',( #2091 ) ) ;
#217 = DIRECTION ( 'NONE',  ( 2.464095846557964400E-016, 0.0000000000000000000, 1.000000000000000000 ) ) ;
#218 = ORIENTED_EDGE ( 'NONE', *, *, #1455, .T. ) ;
#219 = FILL_AREA_STYLE ('',( #6276 ) ) ;
#220 = EDGE_LOOP ( 'NONE', ( #3065, #6167, #3402, #5465 ) ) ;
#221 = LINE ( 'NONE', #1495, #3948 ) ;
#222 = PLANE ( 'NONE',  #1928 ) ;
#223 = CARTESIAN_POINT ( 'NONE',  ( -0.2199999999999979700, 1.700000000000000000, 9.839999999999999900 ) ) ;
#224 = CARTESIAN_POINT ( 'NONE',  ( -5.349999999999998800, 1.700000000000000000, 5.349999999999998800 ) ) ;
#225 =( LENGTH_UNIT ( ) NAMED_UNIT ( * ) SI_UNIT ( .MILLI., .METRE. ) );
#226 = VECTOR ( 'NONE', #4545, 1000.000000000000100 ) ;
#227 = COLOUR_RGB ( '',1.000000000000000000, 1.000000000000000000, 1.000000000000000000 ) ;
#228 = PRESENTATION_LAYER_ASSIGNMENT (  '', '', ( #6128 ) ) ;
#229 = VECTOR ( 'NONE', #3570, 1000.000000000000100 ) ;
#230 = FILL_AREA_STYLE ('',( #3281 ) ) ;
#231 = SURFACE_STYLE_USAGE ( .BOTH. , #3283 ) ;
#232 = CARTESIAN_POINT ( 'NONE',  ( -0.3199999999999974000, 0.2999999999999999300, 10.38000000000000100 ) ) ;
#233 = EDGE_CURVE ( 'NONE', #3494, #5750, #6143, .T. ) ;
#234 = AXIS2_PLACEMENT_3D ( 'NONE', #4109, #1092, #4631 ) ;
#235 = DIRECTION ( 'NONE',  ( 0.0000000000000000000, 1.000000000000000000, 0.0000000000000000000 ) ) ;
#236 = VECTOR ( 'NONE', #6578, 1000.000000000000000 ) ;
#237 = CARTESIAN_POINT ( 'NONE',  ( -1.270000000000000500, 1.700000000000000000, -0.8700000000000003300 ) ) ;
#238 = EDGE_CURVE ( 'NONE', #3898, #4686, #4799, .T. ) ;
#239 = PLANE ( 'NONE',  #6232 ) ;
#240 = COLOUR_RGB ( '',1.000000000000000000, 1.000000000000000000, 1.000000000000000000 ) ;
#241 = PLANE ( 'NONE',  #3959 ) ;
#242 = DIRECTION ( 'NONE',  ( -0.7071067811865474600, 0.0000000000000000000, -0.7071067811865474600 ) ) ;
#243 = ORIENTED_EDGE ( 'NONE', *, *, #65, .T. ) ;
#244 =( NAMED_UNIT ( * ) PLANE_ANGLE_UNIT ( ) SI_UNIT ( $, .RADIAN. ) );
#245 = DIRECTION ( 'NONE',  ( 2.464095846557964400E-016, 0.0000000000000000000, 1.000000000000000000 ) ) ;
#246 = EDGE_CURVE ( 'NONE', #3142, #2652, #908, .T. ) ;
#247 = AXIS2_PLACEMENT_3D ( 'NONE', #722, #4249, #1230 ) ;
#248 = ADVANCED_FACE ( 'NONE', ( #755 ), #3810, .F. ) ;
#249 = PRESENTATION_STYLE_ASSIGNMENT (( #6504 ) ) ;
#250 = CARTESIAN_POINT ( 'NONE',  ( -0.3199999999999994500, 8.339999999999999900, 2.319999999999999800 ) ) ;
#251 = UNCERTAINTY_MEASURE_WITH_UNIT (LENGTH_MEASURE( 1.000000000000000100E-005 ), #3536, 'distance_accuracy_value', 'NONE');
#252 = SURFACE_STYLE_FILL_AREA ( #5192 ) ;
#253 = FILL_AREA_STYLE_COLOUR ( '', #1355 ) ;
#254 = FILL_AREA_STYLE ('',( #3286 ) ) ;
#255 = PRESENTATION_LAYER_ASSIGNMENT (  '', '', ( #6166 ) ) ;
#256 = VECTOR ( 'NONE', #1285, 1000.000000000000000 ) ;
#257 = FACE_OUTER_BOUND ( 'NONE', #2439, .T. ) ;
#258 = FILL_AREA_STYLE ('',( #6357 ) ) ;
#259 = DIRECTION ( 'NONE',  ( 0.7071067811865475700, -0.0000000000000000000, 0.7071067811865475700 ) ) ;
#260 = DIRECTION ( 'NONE',  ( -0.0000000000000000000, -1.000000000000000000, -0.0000000000000000000 ) ) ;
#261 = FILL_AREA_STYLE ('',( #2763 ) ) ;
#262 = MECHANICAL_DESIGN_GEOMETRIC_PRESENTATION_REPRESENTATION (  '', ( #5853 ), #605 ) ;
#263 = CARTESIAN_POINT ( 'NONE',  ( 0.2200000000000012500, 8.339999999999999900, 4.760000000000000700 ) ) ;
#264 = FACE_OUTER_BOUND ( 'NONE', #351, .T. ) ;
#265 = CARTESIAN_POINT ( 'NONE',  ( -1.269999999999999100, 1.700000000000000000, 4.210000000000000000 ) ) ;
#266 =( LENGTH_UNIT ( ) NAMED_UNIT ( * ) SI_UNIT ( .MILLI., .METRE. ) );
#267 = VECTOR ( 'NONE', #4755, 1000.000000000000000 ) ;
#268 = VERTEX_POINT ( 'NONE', #3317 ) ;
#269 = SURFACE_STYLE_FILL_AREA ( #6299 ) ;
#270 = DIRECTION ( 'NONE',  ( 2.464095846557964400E-016, 0.0000000000000000000, 1.000000000000000000 ) ) ;
#271 = CARTESIAN_POINT ( 'NONE',  ( 0.3200000000000012300, -3.000000000000000000, 4.860000000000000300 ) ) ;
#272 = FILL_AREA_STYLE_COLOUR ( '', #545 ) ;
#273 = MECHANICAL_DESIGN_GEOMETRIC_PRESENTATION_REPRESENTATION (  '', ( #5871 ), #616 ) ;
#274 = EDGE_LOOP ( 'NONE', ( #2572, #2035, #1109, #5280 ) ) ;
#275 = MECHANICAL_DESIGN_GEOMETRIC_PRESENTATION_REPRESENTATION (  '', ( #5872 ), #619 ) ;
#276 = CARTESIAN_POINT ( 'NONE',  ( 0.2200000000000031700, 0.2999999999999999300, 12.38000000000000100 ) ) ;
#277 = ORIENTED_EDGE ( 'NONE', *, *, #2878, .F. ) ;
#278 = FACE_OUTER_BOUND ( 'NONE', #1952, .T. ) ;
#279 = ADVANCED_FACE ( 'NONE', ( #5512 ), #239, .T. ) ;
#280 = EDGE_CURVE ( 'NONE', #5750, #3522, #2336, .T. ) ;
#281 = EDGE_CURVE ( 'NONE', #5112, #6489, #6402, .T. ) ;
#282 = EDGE_CURVE ( 'NONE', #2491, #5706, #3670, .T. ) ;
#283 = FILL_AREA_STYLE ('',( #6379 ) ) ;
#284 = DIRECTION ( 'NONE',  ( 1.000000000000000000, 0.0000000000000000000, -0.0000000000000000000 ) ) ;
#285 = EDGE_LOOP ( 'NONE', ( #517, #4224, #3218, #5610 ) ) ;
#286 = PRESENTATION_STYLE_ASSIGNMENT (( #2388 ) ) ;
#287 = VECTOR ( 'NONE', #79, 1000.000000000000000 ) ;
#288 = CARTESIAN_POINT ( 'NONE',  ( 1.270000000000001400, 1.700000000000000000, 9.289999999999999100 ) ) ;
#289 = EDGE_LOOP ( 'NONE', ( #3677, #3351, #1955, #6066 ) ) ;
#290 = SURFACE_STYLE_USAGE ( .BOTH. , #3338 ) ;
#291 = CARTESIAN_POINT ( 'NONE',  ( -0.2199999999999975600, -3.000000000000000000, 9.839999999999999900 ) ) ;
#292 = ORIENTED_EDGE ( 'NONE', *, *, #845, .T. ) ;
#293 = ORIENTED_EDGE ( 'NONE', *, *, #5680, .F. ) ;
#294 = ORIENTED_EDGE ( 'NONE', *, *, #4008, .T. ) ;
#295 = LINE ( 'NONE', #5805, #2828 ) ;
#296 = SURFACE_SIDE_STYLE ('',( #964 ) ) ;
#297 = ORIENTED_EDGE ( 'NONE', *, *, #1599, .F. ) ;
#298 = DIRECTION ( 'NONE',  ( -0.0000000000000000000, -1.000000000000000000, -0.0000000000000000000 ) ) ;
#299 = VERTEX_POINT ( 'NONE', #2210 ) ;
#300 =( GEOMETRIC_REPRESENTATION_CONTEXT ( 3 ) GLOBAL_UNCERTAINTY_ASSIGNED_CONTEXT ( ( #3397 ) ) GLOBAL_UNIT_ASSIGNED_CONTEXT ( ( #5265, #2206, #5791 ) ) REPRESENTATION_CONTEXT ( 'NONE', 'WORKASPACE' ) );
#301 = FILL_AREA_STYLE_COLOUR ( '', #5156 ) ;
#302 = SURFACE_STYLE_FILL_AREA ( #5126 ) ;
#303 = UNCERTAINTY_MEASURE_WITH_UNIT (LENGTH_MEASURE( 1.000000000000000100E-005 ), #2811, 'distance_accuracy_value', 'NONE');
#304 = PRESENTATION_STYLE_ASSIGNMENT (( #5890 ) ) ;
#305 = SURFACE_STYLE_FILL_AREA ( #1067 ) ;
#306 = MECHANICAL_DESIGN_GEOMETRIC_PRESENTATION_REPRESENTATION (  '', ( #5903 ), #645 ) ;
#307 = LINE ( 'NONE', #3345, #1489 ) ;
#308 = PLANE ( 'NONE',  #4120 ) ;
#309 = SURFACE_STYLE_FILL_AREA ( #4983 ) ;
#310 = CARTESIAN_POINT ( 'NONE',  ( 0.3200000000000025000, -3.000000000000000000, 9.940000000000001300 ) ) ;
#311 =( NAMED_UNIT ( * ) PLANE_ANGLE_UNIT ( ) SI_UNIT ( $, .RADIAN. ) );
#312 = DIRECTION ( 'NONE',  ( 0.7071067811865474600, 0.0000000000000000000, -0.7071067811865474600 ) ) ;
#313 = VECTOR ( 'NONE', #2144, 1000.000000000000000 ) ;
#314 = SURFACE_SIDE_STYLE ('',( #2845 ) ) ;
#315 = ADVANCED_FACE ( 'NONE', ( #4884 ), #3254, .F. ) ;
#316 = CARTESIAN_POINT ( 'NONE',  ( 3.070000000000000700, 0.2999999999999999900, 2.550000000000000300 ) ) ;
#317 = PRESENTATION_STYLE_ASSIGNMENT (( #5163 ) ) ;
#318 = FILL_AREA_STYLE ('',( #820 ) ) ;
#319 = CARTESIAN_POINT ( 'NONE',  ( -1.270000000000000500, 0.0000000000000000000, -0.8700000000000003300 ) ) ;
#320 = SURFACE_SIDE_STYLE ('',( #2457 ) ) ;
#321 = EDGE_CURVE ( 'NONE', #524, #3056, #348, .T. ) ;
#322 = ORIENTED_EDGE ( 'NONE', *, *, #5695, .T. ) ;
#323 = DIRECTION ( 'NONE',  ( 0.0000000000000000000, 1.000000000000000000, 0.0000000000000000000 ) ) ;
#324 = EDGE_CURVE ( 'NONE', #1469, #3934, #3038, .T. ) ;
#325 = SURFACE_STYLE_FILL_AREA ( #1174 ) ;
#326 = MECHANICAL_DESIGN_GEOMETRIC_PRESENTATION_REPRESENTATION (  '', ( #5918 ), #662 ) ;
#327 = AXIS2_PLACEMENT_3D ( 'NONE', #1677, #5235, #2168 ) ;
#328 = ORIENTED_EDGE ( 'NONE', *, *, #4573, .F. ) ;
#329 =( NAMED_UNIT ( * ) SI_UNIT ( $, .STERADIAN. ) SOLID_ANGLE_UNIT ( ) );
#330 =( NAMED_UNIT ( * ) PLANE_ANGLE_UNIT ( ) SI_UNIT ( $, .RADIAN. ) );
#331 = PRESENTATION_STYLE_ASSIGNMENT (( #5274 ) ) ;
#332 = DIRECTION ( 'NONE',  ( 0.0000000000000000000, 1.000000000000000000, 0.0000000000000000000 ) ) ;
#333 = MECHANICAL_DESIGN_GEOMETRIC_PRESENTATION_REPRESENTATION (  '', ( #5926 ), #670 ) ;
#334 = COLOUR_RGB ( '',1.000000000000000000, 1.000000000000000000, 1.000000000000000000 ) ;
#335 =( GEOMETRIC_REPRESENTATION_CONTEXT ( 3 ) GLOBAL_UNCERTAINTY_ASSIGNED_CONTEXT ( ( #6477 ) ) GLOBAL_UNIT_ASSIGNED_CONTEXT ( ( #3982, #954, #4506 ) ) REPRESENTATION_CONTEXT ( 'NONE', 'WORKASPACE' ) );
#336 =( NAMED_UNIT ( * ) PLANE_ANGLE_UNIT ( ) SI_UNIT ( $, .RADIAN. ) );
#337 = VECTOR ( 'NONE', #1274, 1000.000000000000000 ) ;
#338 = PRESENTATION_STYLE_ASSIGNMENT (( #778 ) ) ;
#339 = CARTESIAN_POINT ( 'NONE',  ( 0.3200000000000012300, -3.000000000000000000, 4.860000000000000300 ) ) ;
#340 = FILL_AREA_STYLE_COLOUR ( '', #1973 ) ;
#341 = FILL_AREA_STYLE_COLOUR ( '', #2978 ) ;
#342 = COLOUR_RGB ( '',1.000000000000000000, 1.000000000000000000, 1.000000000000000000 ) ;
#343 = AXIS2_PLACEMENT_3D ( 'NONE', #2417, #5980, #2927 ) ;
#344 = ADVANCED_FACE ( 'NONE', ( #1701 ), #6343, .F. ) ;
#345 = SURFACE_STYLE_FILL_AREA ( #4328 ) ;
#346 = ORIENTED_EDGE ( 'NONE', *, *, #2181, .T. ) ;
#347 = SURFACE_SIDE_STYLE ('',( #3591 ) ) ;
#348 = LINE ( 'NONE', #1258, #2159 ) ;
#349 = PRESENTATION_STYLE_ASSIGNMENT (( #4364 ) ) ;
#350 =( NAMED_UNIT ( * ) PLANE_ANGLE_UNIT ( ) SI_UNIT ( $, .RADIAN. ) );
#351 = EDGE_LOOP ( 'NONE', ( #5224, #3328, #4499, #371 ) ) ;
#352 = AXIS2_PLACEMENT_3D ( 'NONE', #6138, #3105, #62 ) ;
#353 = ORIENTED_EDGE ( 'NONE', *, *, #6375, .F. ) ;
#354 = ORIENTED_EDGE ( 'NONE', *, *, #1863, .F. ) ;
#355 = CARTESIAN_POINT ( 'NONE',  ( 3.540000000000000500, 1.700000000000000000, 3.540000000000000500 ) ) ;
#356 = CARTESIAN_POINT ( 'NONE',  ( -0.3199999999999981700, -3.000000000000000000, 7.400000000000000400 ) ) ;
#357 = DIRECTION ( 'NONE',  ( 0.7071067811865474600, 0.0000000000000000000, 0.7071067811865474600 ) ) ;
#358 = EDGE_LOOP ( 'NONE', ( #2085, #3227, #2740, #5458 ) ) ;
#359 = STYLED_ITEM ( 'NONE', ( #1839 ), #3355 ) ;
#360 = EDGE_CURVE ( 'NONE', #3323, #4479, #3747, .T. ) ;
#361 = DIRECTION ( 'NONE',  ( -0.7071067811865474600, 0.0000000000000000000, 0.7071067811865474600 ) ) ;
#362 = ORIENTED_EDGE ( 'NONE', *, *, #4695, .F. ) ;
#363 = ORIENTED_EDGE ( 'NONE', *, *, #4213, .T. ) ;
#364 = VERTEX_POINT ( 'NONE', #4380 ) ;
#365 = LINE ( 'NONE', #798, #4236 ) ;
#366 = EDGE_CURVE ( 'NONE', #2420, #444, #4960, .T. ) ;
#367 = VECTOR ( 'NONE', #3996, 1000.000000000000100 ) ;
#368 = EDGE_CURVE ( 'NONE', #2730, #3068, #2412, .T. ) ;
#369 = VERTEX_POINT ( 'NONE', #1351 ) ;
#370 = ORIENTED_EDGE ( 'NONE', *, *, #3469, .F. ) ;
#371 = ORIENTED_EDGE ( 'NONE', *, *, #1734, .T. ) ;
#372 = EDGE_CURVE ( 'NONE', #1439, #936, #2241, .T. ) ;
#373 = UNCERTAINTY_MEASURE_WITH_UNIT (LENGTH_MEASURE( 1.000000000000000100E-005 ), #1261, 'distance_accuracy_value', 'NONE');
#374 = EDGE_LOOP ( 'NONE', ( #6022, #2105, #5036, #6347 ) ) ;
#375 = DIRECTION ( 'NONE',  ( 1.000000000000000000, -0.0000000000000000000, 0.0000000000000000000 ) ) ;
#376 = STYLED_ITEM ( 'NONE', ( #3919 ), #3768 ) ;
#377 = CARTESIAN_POINT ( 'NONE',  ( -0.2199999999999980900, -3.000000000000000000, 7.939999999999999500 ) ) ;
#378 = FILL_AREA_STYLE ('',( #6463 ) ) ;
#379 = ORIENTED_EDGE ( 'NONE', *, *, #2408, .F. ) ;
#380 = ADVANCED_FACE ( 'NONE', ( #1060 ), #5150, .F. ) ;
#381 = CARTESIAN_POINT ( 'NONE',  ( -5.089999999999998100, 0.2999999999999999900, 3.069999999999998100 ) ) ;
#382 = VECTOR ( 'NONE', #4514, 1000.000000000000000 ) ;
#383 = VECTOR ( 'NONE', #1869, 1000.000000000000000 ) ;
#384 =( NAMED_UNIT ( * ) PLANE_ANGLE_UNIT ( ) SI_UNIT ( $, .RADIAN. ) );
#385 = CARTESIAN_POINT ( 'NONE',  ( 0.2200000000000025000, -3.000000000000000000, 9.839999999999999900 ) ) ;
#386 = AXIS2_PLACEMENT_3D ( 'NONE', #3143, #91, #3635 ) ;
#387 = LINE ( 'NONE', #6571, #2924 ) ;
#388 = CARTESIAN_POINT ( 'NONE',  ( -6.079999999999998300, 1.700000000000000000, 6.079999999999998300 ) ) ;
#389 = VECTOR ( 'NONE', #198, 1000.000000000000100 ) ;
#390 = LINE ( 'NONE', #5603, #2929 ) ;
#391 = STYLED_ITEM ( 'NONE', ( #2118 ), #5327 ) ;
#392 = SURFACE_STYLE_FILL_AREA ( #3185 ) ;
#393 = DIRECTION ( 'NONE',  ( -0.0000000000000000000, -1.000000000000000000, -0.0000000000000000000 ) ) ;
#394 = FACE_OUTER_BOUND ( 'NONE', #3468, .T. ) ;
#395 = LINE ( 'NONE', #1494, #236 ) ;
#396 = CARTESIAN_POINT ( 'NONE',  ( -0.2199999999999994700, -3.000000000000000000, 2.220000000000000200 ) ) ;
#397 = LINE ( 'NONE', #938, #3097 ) ;
#398 = PRESENTATION_LAYER_ASSIGNMENT (  '', '', ( #6314 ) ) ;
#399 = VERTEX_POINT ( 'NONE', #5191 ) ;
#400 = PRESENTATION_LAYER_ASSIGNMENT (  '', '', ( #6317 ) ) ;
#401 = CARTESIAN_POINT ( 'NONE',  ( -0.3199999999999981700, 8.339999999999999900, 7.400000000000000400 ) ) ;
#402 = DIRECTION ( 'NONE',  ( 1.000000000000000000, 0.0000000000000000000, 0.0000000000000000000 ) ) ;
#403 = CARTESIAN_POINT ( 'NONE',  ( -0.8700000000000001100, 1.700000000000000000, 1.269999999999999800 ) ) ;
#404 = COLOUR_RGB ( '',0.0000000000000000000, 0.03529411764705882300, 0.05882352941176470500 ) ;
#405 = EDGE_CURVE ( 'NONE', #3881, #4566, #4306, .T. ) ;
#406 = EDGE_CURVE ( 'NONE', #5303, #5337, #2956, .T. ) ;
#407 = EDGE_CURVE ( 'NONE', #3679, #5445, #5670, .T. ) ;
#408 = FACE_OUTER_BOUND ( 'NONE', #544, .T. ) ;
#409 = ADVANCED_FACE ( 'NONE', ( #264 ), #3542, .T. ) ;
#410 =( GEOMETRIC_REPRESENTATION_CONTEXT ( 3 ) GLOBAL_UNCERTAINTY_ASSIGNED_CONTEXT ( ( #4727 ) ) GLOBAL_UNIT_ASSIGNED_CONTEXT ( ( #1961, #5509, #2473 ) ) REPRESENTATION_CONTEXT ( 'NONE', 'WORKASPACE' ) );
#411 = COLOUR_RGB ( '',0.0000000000000000000, 0.03529411764705882300, 0.05882352941176470500 ) ;
#412 = PRESENTATION_STYLE_ASSIGNMENT (( #2636 ) ) ;
#413 = CARTESIAN_POINT ( 'NONE',  ( -1.269999999999999400, 0.0000000000000000000, 3.409999999999999700 ) ) ;
#414 = LINE ( 'NONE', #5568, #2950 ) ;
#415 = VECTOR ( 'NONE', #5761, 1000.000000000000000 ) ;
#416 = APPLICATION_CONTEXT ( 'automotive_design' ) ;
#417 =( NAMED_UNIT ( * ) PLANE_ANGLE_UNIT ( ) SI_UNIT ( $, .RADIAN. ) );
#418 = SURFACE_STYLE_FILL_AREA ( #860 ) ;
#419 = VECTOR ( 'NONE', #5565, 1000.000000000000000 ) ;
#420 = VECTOR ( 'NONE', #4039, 1000.000000000000100 ) ;
#421 = DIRECTION ( 'NONE',  ( 1.000000000000000000, 0.0000000000000000000, -1.232047923278982200E-016 ) ) ;
#422 = FILL_AREA_STYLE_COLOUR ( '', #240 ) ;
#423 = DIRECTION ( 'NONE',  ( 0.0000000000000000000, 0.0000000000000000000, -1.000000000000000000 ) ) ;
#424 = FACE_OUTER_BOUND ( 'NONE', #1072, .T. ) ;
#425 = PRESENTATION_LAYER_ASSIGNMENT (  '', '', ( #6356 ) ) ;
#426 = ORIENTED_EDGE ( 'NONE', *, *, #3902, .T. ) ;
#427 = ORIENTED_EDGE ( 'NONE', *, *, #2410, .T. ) ;
#428 = ORIENTED_EDGE ( 'NONE', *, *, #5481, .F. ) ;
#429 = ORIENTED_EDGE ( 'NONE', *, *, #1431, .T. ) ;
#430 =( NAMED_UNIT ( * ) PLANE_ANGLE_UNIT ( ) SI_UNIT ( $, .RADIAN. ) );
#431 = ORIENTED_EDGE ( 'NONE', *, *, #1455, .F. ) ;
#432 = APPLICATION_PROTOCOL_DEFINITION ( 'draft international standard', 'automotive_design', 1998, #3479 ) ;
#433 = ORIENTED_EDGE ( 'NONE', *, *, #6286, .F. ) ;
#434 = SURFACE_SIDE_STYLE ('',( #2830 ) ) ;
#435 =( GEOMETRIC_REPRESENTATION_CONTEXT ( 3 ) GLOBAL_UNCERTAINTY_ASSIGNED_CONTEXT ( ( #3784 ) ) GLOBAL_UNIT_ASSIGNED_CONTEXT ( ( #6428, #3374, #329 ) ) REPRESENTATION_CONTEXT ( 'NONE', 'WORKASPACE' ) );
#436 = ORIENTED_EDGE ( 'NONE', *, *, #2183, .F. ) ;
#437 = LINE ( 'NONE', #4946, #3680 ) ;
#438 = ADVANCED_FACE ( 'NONE', ( #971 ), #527, .F. ) ;
#439 = LINE ( 'NONE', #2090, #3145 ) ;
#440 = SURFACE_SIDE_STYLE ('',( #1123 ) ) ;
#441 = ORIENTED_EDGE ( 'NONE', *, *, #2135, .F. ) ;
#442 = CARTESIAN_POINT ( 'NONE',  ( -0.3199999999999981700, -3.000000000000000000, 7.400000000000000400 ) ) ;
#443 = EDGE_CURVE ( 'NONE', #3206, #1531, #1861, .T. ) ;
#444 = VERTEX_POINT ( 'NONE', #551 ) ;
#445 = SURFACE_STYLE_USAGE ( .BOTH. , #3486 ) ;
#446 = ORIENTED_EDGE ( 'NONE', *, *, #748, .T. ) ;
#447 = SURFACE_STYLE_USAGE ( .BOTH. , #3487 ) ;
#448 = DIRECTION ( 'NONE',  ( 2.492418787322998300E-016, 0.0000000000000000000, 1.000000000000000000 ) ) ;
#449 = EDGE_LOOP ( 'NONE', ( #5946, #5375, #3846, #4146 ) ) ;
#450 = PRESENTATION_LAYER_ASSIGNMENT (  '', '', ( #6376 ) ) ;
#451 = STYLED_ITEM ( 'NONE', ( #2515 ), #5861 ) ;
#452 = ORIENTED_EDGE ( 'NONE', *, *, #4362, .F. ) ;
#453 = VERTEX_POINT ( 'NONE', #38 ) ;
#454 = UNCERTAINTY_MEASURE_WITH_UNIT (LENGTH_MEASURE( 1.000000000000000100E-005 ), #4079, 'distance_accuracy_value', 'NONE');
#455 =( NAMED_UNIT ( * ) SI_UNIT ( $, .STERADIAN. ) SOLID_ANGLE_UNIT ( ) );
#456 = VECTOR ( 'NONE', #4766, 1000.000000000000000 ) ;
#457 = PRESENTATION_LAYER_ASSIGNMENT (  '', '', ( #6390 ) ) ;
#458 = DIRECTION ( 'NONE',  ( 1.000000000000000000, 0.0000000000000000000, 0.0000000000000000000 ) ) ;
#459 = VERTEX_POINT ( 'NONE', #4084 ) ;
#460 = MECHANICAL_DESIGN_GEOMETRIC_PRESENTATION_REPRESENTATION (  '', ( #6036 ), #815 ) ;
#461 = LINE ( 'NONE', #263, #2994 ) ;
#462 = DIRECTION ( 'NONE',  ( -2.492418787322999200E-016, -0.0000000000000000000, -1.000000000000000000 ) ) ;
#463 = FACE_BOUND ( 'NONE', #5466, .T. ) ;
#464 = CARTESIAN_POINT ( 'NONE',  ( 2.810000000000000500, 1.700000000000000000, 2.810000000000000500 ) ) ;
#465 = SURFACE_SIDE_STYLE ('',( #3255 ) ) ;
#466 = CARTESIAN_POINT ( 'NONE',  ( -0.3200000000000000100, 1.700000000000000000, 7.885106708985486600E-017 ) ) ;
#467 =( GEOMETRIC_REPRESENTATION_CONTEXT ( 3 ) GLOBAL_UNCERTAINTY_ASSIGNED_CONTEXT ( ( #3064 ) ) GLOBAL_UNIT_ASSIGNED_CONTEXT ( ( #1830, #5381, #2332 ) ) REPRESENTATION_CONTEXT ( 'NONE', 'WORKASPACE' ) );
#468 = CARTESIAN_POINT ( 'NONE',  ( 0.2200000000000019400, 8.339999999999999900, 7.939999999999999500 ) ) ;
#469 =( GEOMETRIC_REPRESENTATION_CONTEXT ( 3 ) GLOBAL_UNCERTAINTY_ASSIGNED_CONTEXT ( ( #1232 ) ) GLOBAL_UNIT_ASSIGNED_CONTEXT ( ( #2012, #5566, #2528 ) ) REPRESENTATION_CONTEXT ( 'NONE', 'WORKASPACE' ) );
#470 = DIRECTION ( 'NONE',  ( 0.0000000000000000000, 1.000000000000000000, 0.0000000000000000000 ) ) ;
#471 = PRESENTATION_STYLE_ASSIGNMENT (( #5905 ) ) ;
#472 = SURFACE_STYLE_FILL_AREA ( #4641 ) ;
#473 = ADVANCED_FACE ( 'NONE', ( #4392 ), #2010, .F. ) ;
#474 = COLOUR_RGB ( '',1.000000000000000000, 1.000000000000000000, 1.000000000000000000 ) ;
#475 =( LENGTH_UNIT ( ) NAMED_UNIT ( * ) SI_UNIT ( .MILLI., .METRE. ) );
#476 = EDGE_LOOP ( 'NONE', ( #4811, #2044, #690, #6013, #1936, #2577, #6099, #3132 ) ) ;
#477 = VERTEX_POINT ( 'NONE', #3602 ) ;
#478 = VECTOR ( 'NONE', #3192, 1000.000000000000000 ) ;
#479 = CARTESIAN_POINT ( 'NONE',  ( 0.2200000000000006100, -3.000000000000000000, 2.220000000000000200 ) ) ;
#480 = ORIENTED_EDGE ( 'NONE', *, *, #5600, .T. ) ;
#481 = FACE_OUTER_BOUND ( 'NONE', #6438, .T. ) ;
#482 =( LENGTH_UNIT ( ) NAMED_UNIT ( * ) SI_UNIT ( .MILLI., .METRE. ) );
#483 = CARTESIAN_POINT ( 'NONE',  ( -0.2199999999999987000, -3.000000000000000000, 5.400000000000000400 ) ) ;
#484 = PRESENTATION_STYLE_ASSIGNMENT (( #1708 ) ) ;
#485 = LINE ( 'NONE', #178, #3018 ) ;
#486 = CARTESIAN_POINT ( 'NONE',  ( 0.2200000000000031700, -3.000000000000000000, 12.38000000000000100 ) ) ;
#487 = DIRECTION ( 'NONE',  ( 2.464095846557964400E-016, 0.0000000000000000000, 1.000000000000000000 ) ) ;
#488 = PLANE ( 'NONE',  #2726 ) ;
#489 = DIRECTION ( 'NONE',  ( 0.0000000000000000000, 1.000000000000000000, 0.0000000000000000000 ) ) ;
#490 = LINE ( 'NONE', #316, #3654 ) ;
#491 = EDGE_CURVE ( 'NONE', #1567, #2714, #498, .T. ) ;
#492 = EDGE_CURVE ( 'NONE', #4248, #4159, #5756, .T. ) ;
#493 = EDGE_CURVE ( 'NONE', #5933, #3060, #3915, .T. ) ;
#494 = LINE ( 'NONE', #6329, #337 ) ;
#495 = CARTESIAN_POINT ( 'NONE',  ( 1.270000000000001400, 0.0000000000000000000, 9.289999999999999100 ) ) ;
#496 = AXIS2_PLACEMENT_3D ( 'NONE', #4512, #1467, #5026 ) ;
#497 = PRODUCT ( '1x6', '1x6', '', ( #6516 ) ) ;
#498 = LINE ( 'NONE', #4627, #2559 ) ;
#499 = LINE ( 'NONE', #5659, #1693 ) ;
#500 = CARTESIAN_POINT ( 'NONE',  ( 0.7500000000000031100, 0.2999999999999999900, 13.97000000000000100 ) ) ;
#501 = UNCERTAINTY_MEASURE_WITH_UNIT (LENGTH_MEASURE( 1.000000000000000100E-005 ), #1860, 'distance_accuracy_value', 'NONE');
#502 = LINE ( 'NONE', #3301, #3205 ) ;
#503 = VERTEX_POINT ( 'NONE', #593 ) ;
#504 =( NAMED_UNIT ( * ) PLANE_ANGLE_UNIT ( ) SI_UNIT ( $, .RADIAN. ) );
#505 = ADVANCED_FACE ( 'NONE', ( #2405 ), #4654, .F. ) ;
#506 = STYLED_ITEM ( 'NONE', ( #4526 ), #1036 ) ;
#507 = FILL_AREA_STYLE ('',( #4021 ) ) ;
#508 = DIRECTION ( 'NONE',  ( 2.464095846557964400E-016, 0.0000000000000000000, 1.000000000000000000 ) ) ;
#509 = VERTEX_POINT ( 'NONE', #3127 ) ;
#510 = CARTESIAN_POINT ( 'NONE',  ( -0.2199999999999993600, -3.000000000000000000, 2.860000000000000300 ) ) ;
#511 = ORIENTED_EDGE ( 'NONE', *, *, #5397, .F. ) ;
#512 = ORIENTED_EDGE ( 'NONE', *, *, #3582, .T. ) ;
#513 = VERTEX_POINT ( 'NONE', #6189 ) ;
#514 = VERTEX_POINT ( 'NONE', #4124 ) ;
#515 = ORIENTED_EDGE ( 'NONE', *, *, #4096, .F. ) ;
#516 = VERTEX_POINT ( 'NONE', #2117 ) ;
#517 = ORIENTED_EDGE ( 'NONE', *, *, #530, .F. ) ;
#518 = PLANE ( 'NONE',  #5354 ) ;
#519 = ORIENTED_EDGE ( 'NONE', *, *, #4221, .F. ) ;
#520 = LINE ( 'NONE', #479, #367 ) ;
#521 = EDGE_LOOP ( 'NONE', ( #4713, #1414, #2112, #188, #3099, #763, #2899, #597 ) ) ;
#522 = AXIS2_PLACEMENT_3D ( 'NONE', #1217, #4761, #1731 ) ;
#523 = AXIS2_PLACEMENT_3D ( 'NONE', #5759, #2689, #6256 ) ;
#524 = VERTEX_POINT ( 'NONE', #2628 ) ;
#525 = ORIENTED_EDGE ( 'NONE', *, *, #2408, .T. ) ;
#526 = ORIENTED_EDGE ( 'NONE', *, *, #2095, .F. ) ;
#527 = PLANE ( 'NONE',  #3270 ) ;
#528 = EDGE_CURVE ( 'NONE', #1554, #5299, #1054, .T. ) ;
#529 = CARTESIAN_POINT ( 'NONE',  ( 3.165371859900208000E-015, -3.000000000000000000, 12.70000000000000100 ) ) ;
#530 = EDGE_CURVE ( 'NONE', #2858, #5858, #1215, .T. ) ;
#531 = EDGE_CURVE ( 'NONE', #208, #1394, #3740, .T. ) ;
#532 = FILL_AREA_STYLE ('',( #2043 ) ) ;
#533 = DIRECTION ( 'NONE',  ( -0.7071067811865474600, 0.0000000000000000000, -0.7071067811865474600 ) ) ;
#534 = ORIENTED_EDGE ( 'NONE', *, *, #4009, .T. ) ;
#535 = UNCERTAINTY_MEASURE_WITH_UNIT (LENGTH_MEASURE( 1.000000000000000100E-005 ), #3702, 'distance_accuracy_value', 'NONE');
#536 = MECHANICAL_DESIGN_GEOMETRIC_PRESENTATION_REPRESENTATION (  '', ( #6108 ), #887 ) ;
#537 = LINE ( 'NONE', #2141, #5802 ) ;
#538 = PRESENTATION_STYLE_ASSIGNMENT (( #6442 ) ) ;
#539 = FILL_AREA_STYLE ('',( #4576 ) ) ;
#540 = VECTOR ( 'NONE', #470, 1000.000000000000000 ) ;
#541 = COLOUR_RGB ( '',1.000000000000000000, 1.000000000000000000, 1.000000000000000000 ) ;
#542 = DIRECTION ( 'NONE',  ( 0.7071067811865474600, 0.0000000000000000000, -0.7071067811865474600 ) ) ;
#543 = STYLED_ITEM ( 'NONE', ( #6289 ), #4341 ) ;
#544 = EDGE_LOOP ( 'NONE', ( #1812, #1726, #963, #4904 ) ) ;
#545 = COLOUR_RGB ( '',1.000000000000000000, 1.000000000000000000, 1.000000000000000000 ) ;
#546 = CARTESIAN_POINT ( 'NONE',  ( -0.2199999999999982000, -3.000000000000000000, 7.299999999999999800 ) ) ;
#547 = VECTOR ( 'NONE', #4191, 1000.000000000000100 ) ;
#548 = SURFACE_STYLE_USAGE ( .BOTH. , #3577 ) ;
#549 =( LENGTH_UNIT ( ) NAMED_UNIT ( * ) SI_UNIT ( .MILLI., .METRE. ) );
#550 = FACE_OUTER_BOUND ( 'NONE', #3900, .T. ) ;
#551 = CARTESIAN_POINT ( 'NONE',  ( 0.3200000000000018900, -3.000000000000000000, 7.400000000000000400 ) ) ;
#552 = AXIS2_PLACEMENT_3D ( 'NONE', #1571, #5119, #2069 ) ;
#553 = VECTOR ( 'NONE', #6298, 1000.000000000000000 ) ;
#554 = ORIENTED_EDGE ( 'NONE', *, *, #6031, .T. ) ;
#555 = ORIENTED_EDGE ( 'NONE', *, *, #2011, .F. ) ;
#556 = CARTESIAN_POINT ( 'NONE',  ( -2.549999999999999800, 0.2999999999999999900, 0.5299999999999992500 ) ) ;
#557 = FACE_OUTER_BOUND ( 'NONE', #5306, .T. ) ;
#558 = LINE ( 'NONE', #2750, #1920 ) ;
#559 =( NAMED_UNIT ( * ) PLANE_ANGLE_UNIT ( ) SI_UNIT ( $, .RADIAN. ) );
#560 = MECHANICAL_DESIGN_GEOMETRIC_PRESENTATION_REPRESENTATION (  '', ( #6128 ), #907 ) ;
#561 = CARTESIAN_POINT ( 'NONE',  ( -0.8700000000000005500, 0.0000000000000000000, -1.270000000000000200 ) ) ;
#562 = LINE ( 'NONE', #1914, #4456 ) ;
#563 = EDGE_CURVE ( 'NONE', #1531, #975, #6295, .T. ) ;
#564 = DIRECTION ( 'NONE',  ( 0.7071067811865474600, 0.0000000000000000000, -0.7071067811865474600 ) ) ;
#565 = UNCERTAINTY_MEASURE_WITH_UNIT (LENGTH_MEASURE( 1.000000000000000100E-005 ), #3459, 'distance_accuracy_value', 'NONE');
#566 = SURFACE_SIDE_STYLE ('',( #5490 ) ) ;
#567 = CARTESIAN_POINT ( 'NONE',  ( 1.269999999999999400, 1.700000000000000000, 1.669999999999999900 ) ) ;
#568 = VECTOR ( 'NONE', #2507, 1000.000000000000000 ) ;
#569 = PRESENTATION_LAYER_ASSIGNMENT (  '', '', ( #6491 ) ) ;
#570 = AXIS2_PLACEMENT_3D ( 'NONE', #3833, #811, #4883 ) ;
#571 = CARTESIAN_POINT ( 'NONE',  ( 0.2200000000000018900, -3.000000000000000000, 7.299999999999999800 ) ) ;
#572 = CARTESIAN_POINT ( 'NONE',  ( 1.270000000000002000, 1.700000000000000000, 11.83000000000000000 ) ) ;
#573 = CARTESIAN_POINT ( 'NONE',  ( 1.270000000000001100, 1.700000000000000000, 8.489999999999998400 ) ) ;
#574 = LINE ( 'NONE', #5240, #415 ) ;
#575 = CARTESIAN_POINT ( 'NONE',  ( 0.2200000000000013100, -3.000000000000000000, 5.400000000000000400 ) ) ;
#576 = CARTESIAN_POINT ( 'NONE',  ( 0.3200000000000031700, -3.000000000000000000, 12.92000000000000200 ) ) ;
#577 = EDGE_CURVE ( 'NONE', #5689, #4571, #897, .T. ) ;
#578 = EDGE_CURVE ( 'NONE', #5788, #1884, #3583, .T. ) ;
#579 = DIRECTION ( 'NONE',  ( 0.7071067811865474600, 0.0000000000000000000, 0.7071067811865474600 ) ) ;
#580 = PRESENTATION_LAYER_ASSIGNMENT (  '', '', ( #6500 ) ) ;
#581 = FILL_AREA_STYLE ('',( #3616 ) ) ;
#582 = ORIENTED_EDGE ( 'NONE', *, *, #6322, .T. ) ;
#583 = ORIENTED_EDGE ( 'NONE', *, *, #530, .T. ) ;
#584 = DIRECTION ( 'NONE',  ( 0.0000000000000000000, 1.000000000000000000, 0.0000000000000000000 ) ) ;
#585 =( NAMED_UNIT ( * ) SI_UNIT ( $, .STERADIAN. ) SOLID_ANGLE_UNIT ( ) );
#586 = ORIENTED_EDGE ( 'NONE', *, *, #3579, .T. ) ;
#587 = FILL_AREA_STYLE ('',( #4103 ) ) ;
#588 = VERTEX_POINT ( 'NONE', #1663 ) ;
#589 = VECTOR ( 'NONE', #630, 1000.000000000000000 ) ;
#591 = MECHANICAL_DESIGN_GEOMETRIC_PRESENTATION_REPRESENTATION (  '', ( #6166 ), #939 ) ;
#590 = CARTESIAN_POINT ( 'NONE',  ( -0.7500000000000000000, 0.2999999999999999900, 7.939999999999999500 ) ) ;
#592 = COLOUR_RGB ( '',1.000000000000000000, 1.000000000000000000, 1.000000000000000000 ) ;
#593 = CARTESIAN_POINT ( 'NONE',  ( -0.3199999999999981700, 8.339999999999999900, 7.400000000000000400 ) ) ;
#594 = UNCERTAINTY_MEASURE_WITH_UNIT (LENGTH_MEASURE( 1.000000000000000100E-005 ), #5883, 'distance_accuracy_value', 'NONE');
#595 = CARTESIAN_POINT ( 'NONE',  ( -0.2199999999999988400, 1.700000000000000000, 7.299999999999999800 ) ) ;
#596 = CARTESIAN_POINT ( 'NONE',  ( -0.3199999999999968400, -3.000000000000000000, 12.92000000000000200 ) ) ;
#597 = ORIENTED_EDGE ( 'NONE', *, *, #749, .F. ) ;
#598 = DIRECTION ( 'NONE',  ( -0.0000000000000000000, -1.000000000000000000, -0.0000000000000000000 ) ) ;
#599 = CARTESIAN_POINT ( 'NONE',  ( 2.532297487920166500E-015, 8.339999999999999900, 10.16000000000000000 ) ) ;
#600 = CARTESIAN_POINT ( 'NONE',  ( 0.0000000000000000000, 0.0000000000000000000, 0.0000000000000000000 ) ) ;
#601 = ORIENTED_EDGE ( 'NONE', *, *, #2917, .T. ) ;
#602 = LINE ( 'NONE', #546, #1805 ) ;
#603 = EDGE_LOOP ( 'NONE', ( #6341, #6241, #1201, #3986 ) ) ;
#604 = ORIENTED_EDGE ( 'NONE', *, *, #5640, .F. ) ;
#605 =( GEOMETRIC_REPRESENTATION_CONTEXT ( 3 ) GLOBAL_UNCERTAINTY_ASSIGNED_CONTEXT ( ( #6201 ) ) GLOBAL_UNIT_ASSIGNED_CONTEXT ( ( #3649, #628, #4155 ) ) REPRESENTATION_CONTEXT ( 'NONE', 'WORKASPACE' ) );
#606 = ORIENTED_EDGE ( 'NONE', *, *, #799, .T. ) ;
#607 = VERTEX_POINT ( 'NONE', #5217 ) ;
#608 = ORIENTED_EDGE ( 'NONE', *, *, #1642, .F. ) ;
#609 = PLANE ( 'NONE',  #720 ) ;
#610 = CARTESIAN_POINT ( 'NONE',  ( 1.269999999999999400, 1.700000000000000000, 1.669999999999999900 ) ) ;
#611 = ORIENTED_EDGE ( 'NONE', *, *, #5174, .T. ) ;
#612 = CARTESIAN_POINT ( 'NONE',  ( 0.2200000000000031700, -3.000000000000000000, 12.38000000000000100 ) ) ;
#613 = EDGE_LOOP ( 'NONE', ( #297, #5567, #2514, #3377 ) ) ;
#614 = ORIENTED_EDGE ( 'NONE', *, *, #5135, .T. ) ;
#615 = SURFACE_STYLE_FILL_AREA ( #1057 ) ;
#616 =( GEOMETRIC_REPRESENTATION_CONTEXT ( 3 ) GLOBAL_UNCERTAINTY_ASSIGNED_CONTEXT ( ( #1845 ) ) GLOBAL_UNIT_ASSIGNED_CONTEXT ( ( #3771, #740, #4282 ) ) REPRESENTATION_CONTEXT ( 'NONE', 'WORKASPACE' ) );
#617 = LINE ( 'NONE', #3216, #3161 ) ;
#618 = VECTOR ( 'NONE', #1424, 1000.000000000000100 ) ;
#619 =( GEOMETRIC_REPRESENTATION_CONTEXT ( 3 ) GLOBAL_UNCERTAINTY_ASSIGNED_CONTEXT ( ( #1630 ) ) GLOBAL_UNIT_ASSIGNED_CONTEXT ( ( #3047, #9, #3563 ) ) REPRESENTATION_CONTEXT ( 'NONE', 'WORKASPACE' ) );
#620 = DIRECTION ( 'NONE',  ( -1.000000000000000000, -0.0000000000000000000, -0.0000000000000000000 ) ) ;
#621 = CARTESIAN_POINT ( 'NONE',  ( -1.269999999999997600, 1.700000000000000000, 11.02999999999999900 ) ) ;
#622 = EDGE_CURVE ( 'NONE', #5621, #4250, #4780, .T. ) ;
#623 = EDGE_CURVE ( 'NONE', #1715, #4428, #2075, .T. ) ;
#624 = DIRECTION ( 'NONE',  ( -0.0000000000000000000, -1.000000000000000000, -0.0000000000000000000 ) ) ;
#625 = EDGE_CURVE ( 'NONE', #5773, #3056, #5989, .T. ) ;
#626 = DIRECTION ( 'NONE',  ( 0.7071067811865474600, 0.0000000000000000000, 0.7071067811865474600 ) ) ;
#627 = FILL_AREA_STYLE_COLOUR ( '', #634 ) ;
#628 =( NAMED_UNIT ( * ) PLANE_ANGLE_UNIT ( ) SI_UNIT ( $, .RADIAN. ) );
#629 = VECTOR ( 'NONE', #4137, 1000.000000000000000 ) ;
#630 = DIRECTION ( 'NONE',  ( -1.232047923278982200E-016, -0.0000000000000000000, -1.000000000000000000 ) ) ;
#631 = STYLED_ITEM ( 'NONE', ( #842 ), #6419 ) ;
#632 = PRESENTATION_STYLE_ASSIGNMENT (( #1878 ) ) ;
#633 = PRESENTATION_STYLE_ASSIGNMENT (( #5820 ) ) ;
#634 = COLOUR_RGB ( '',1.000000000000000000, 1.000000000000000000, 1.000000000000000000 ) ;
#635 = CARTESIAN_POINT ( 'NONE',  ( -0.2199999999999994700, 8.339999999999999900, 2.220000000000000200 ) ) ;
#636 = CARTESIAN_POINT ( 'NONE',  ( -0.3199999999999994500, -3.000000000000000000, 2.319999999999999800 ) ) ;
#637 = FILL_AREA_STYLE ('',( #1120 ) ) ;
#638 = ORIENTED_EDGE ( 'NONE', *, *, #5550, .T. ) ;
#639 = VECTOR ( 'NONE', #4149, 1000.000000000000100 ) ;
#640 = DIRECTION ( 'NONE',  ( -2.492418787322998300E-016, 0.0000000000000000000, -1.000000000000000000 ) ) ;
#641 = DIRECTION ( 'NONE',  ( -1.000000000000000000, 0.0000000000000000000, 0.0000000000000000000 ) ) ;
#642 = FACE_OUTER_BOUND ( 'NONE', #4981, .T. ) ;
#643 = CARTESIAN_POINT ( 'NONE',  ( -0.3199999999999993400, -3.000000000000000000, 2.760000000000000200 ) ) ;
#644 = DIRECTION ( 'NONE',  ( -0.7071067811865475700, 0.0000000000000000000, -0.7071067811865475700 ) ) ;
#645 =( GEOMETRIC_REPRESENTATION_CONTEXT ( 3 ) GLOBAL_UNCERTAINTY_ASSIGNED_CONTEXT ( ( #788 ) ) GLOBAL_UNIT_ASSIGNED_CONTEXT ( ( #4802, #1769, #5332 ) ) REPRESENTATION_CONTEXT ( 'NONE', 'WORKASPACE' ) );
#646 = CARTESIAN_POINT ( 'NONE',  ( -0.2199999999999988100, -3.000000000000000000, 4.760000000000000700 ) ) ;
#647 = CARTESIAN_POINT ( 'NONE',  ( -0.7500000000000000000, 0.2999999999999999900, 10.48000000000000000 ) ) ;
#648 = PRESENTATION_STYLE_ASSIGNMENT (( #3513 ) ) ;
#649 =( LENGTH_UNIT ( ) NAMED_UNIT ( * ) SI_UNIT ( .MILLI., .METRE. ) );
#650 = CARTESIAN_POINT ( 'NONE',  ( 1.269999999999999400, 0.0000000000000000000, 1.669999999999999900 ) ) ;
#651 = STYLED_ITEM ( 'NONE', ( #2001 ), #2539 ) ;
#652 = CARTESIAN_POINT ( 'NONE',  ( -0.8699999999999985500, 1.700000000000000000, 6.349999999999999600 ) ) ;
#653 = STYLED_ITEM ( 'NONE', ( #4976 ), #2037 ) ;
#654 =( LENGTH_UNIT ( ) NAMED_UNIT ( * ) SI_UNIT ( .MILLI., .METRE. ) );
#655 = UNCERTAINTY_MEASURE_WITH_UNIT (LENGTH_MEASURE( 1.000000000000000100E-005 ), #5867, 'distance_accuracy_value', 'NONE');
#656 = LINE ( 'NONE', #5982, #5921 ) ;
#657 = EDGE_CURVE ( 'NONE', #1637, #1554, #3289, .T. ) ;
#658 = EDGE_CURVE ( 'NONE', #1238, #133, #574, .T. ) ;
#659 = LINE ( 'NONE', #59, #3202 ) ;
#660 = FILL_AREA_STYLE_COLOUR ( '', #3291 ) ;
#661 = FILL_AREA_STYLE ('',( #1662 ) ) ;
#662 =( GEOMETRIC_REPRESENTATION_CONTEXT ( 3 ) GLOBAL_UNCERTAINTY_ASSIGNED_CONTEXT ( ( #4840 ) ) GLOBAL_UNIT_ASSIGNED_CONTEXT ( ( #2746, #1763, #2235 ) ) REPRESENTATION_CONTEXT ( 'NONE', 'WORKASPACE' ) );
#663 = PRESENTATION_LAYER_ASSIGNMENT (  '', '', ( #6574 ) ) ;
#664 = CARTESIAN_POINT ( 'NONE',  ( 0.3200000000000025600, 8.339999999999999900, 10.38000000000000100 ) ) ;
#665 = FILL_AREA_STYLE ('',( #687 ) ) ;
#666 = ORIENTED_EDGE ( 'NONE', *, *, #3758, .T. ) ;
#667 = DIRECTION ( 'NONE',  ( 1.000000000000000000, 0.0000000000000000000, -1.232047923278982200E-016 ) ) ;
#668 =( NAMED_UNIT ( * ) PLANE_ANGLE_UNIT ( ) SI_UNIT ( $, .RADIAN. ) );
#669 = ORIENTED_EDGE ( 'NONE', *, *, #4613, .F. ) ;
#670 =( GEOMETRIC_REPRESENTATION_CONTEXT ( 3 ) GLOBAL_UNCERTAINTY_ASSIGNED_CONTEXT ( ( #816 ) ) GLOBAL_UNIT_ASSIGNED_CONTEXT ( ( #6171, #3131, #84 ) ) REPRESENTATION_CONTEXT ( 'NONE', 'WORKASPACE' ) );
#671 = FACE_OUTER_BOUND ( 'NONE', #1027, .T. ) ;
#672 = FILL_AREA_STYLE ('',( #2663 ) ) ;
#673 = ORIENTED_EDGE ( 'NONE', *, *, #1042, .T. ) ;
#674 =( NAMED_UNIT ( * ) PLANE_ANGLE_UNIT ( ) SI_UNIT ( $, .RADIAN. ) );
#675 = PLANE ( 'NONE',  #2374 ) ;
#676 = VERTEX_POINT ( 'NONE', #4197 ) ;
#677 = LINE ( 'NONE', #2935, #5940 ) ;
#678 = VECTOR ( 'NONE', #5214, 1000.000000000000100 ) ;
#679 = ORIENTED_EDGE ( 'NONE', *, *, #1180, .F. ) ;
#680 = ORIENTED_EDGE ( 'NONE', *, *, #881, .T. ) ;
#681 = ORIENTED_EDGE ( 'NONE', *, *, #2946, .F. ) ;
#682 = CARTESIAN_POINT ( 'NONE',  ( 0.8699999999999998800, 0.0000000000000000000, 3.809999999999999600 ) ) ;
#683 = ORIENTED_EDGE ( 'NONE', *, *, #5264, .F. ) ;
#684 = CARTESIAN_POINT ( 'NONE',  ( -0.8699999999999981100, 1.700000000000000000, 8.890000000000000600 ) ) ;
#685 = ORIENTED_EDGE ( 'NONE', *, *, #5131, .T. ) ;
#686 = SURFACE_SIDE_STYLE ('',( #3787 ) ) ;
#687 = FILL_AREA_STYLE_COLOUR ( '', #3017 ) ;
#688 = SURFACE_STYLE_USAGE ( .BOTH. , #3715 ) ;
#689 =( LENGTH_UNIT ( ) NAMED_UNIT ( * ) SI_UNIT ( .MILLI., .METRE. ) );
#690 = ORIENTED_EDGE ( 'NONE', *, *, #4043, .T. ) ;
#691 = EDGE_LOOP ( 'NONE', ( #3694, #116, #2803, #2022 ) ) ;
#692 = VERTEX_POINT ( 'NONE', #4709 ) ;
#693 = LINE ( 'NONE', #1122, #4575 ) ;
#694 = COLOUR_RGB ( '',1.000000000000000000, 1.000000000000000000, 1.000000000000000000 ) ;
#695 = PRESENTATION_LAYER_ASSIGNMENT (  '', '', ( #6 ) ) ;
#696 = CARTESIAN_POINT ( 'NONE',  ( 0.2200000000000013100, 8.339999999999999900, 5.400000000000000400 ) ) ;
#697 = DIRECTION ( 'NONE',  ( 0.7071067811865474600, -0.0000000000000000000, 0.7071067811865474600 ) ) ;
#698 = VECTOR ( 'NONE', #5175, 1000.000000000000000 ) ;
#699 = CARTESIAN_POINT ( 'NONE',  ( -0.3199999999999987300, -3.000000000000000000, 5.299999999999999800 ) ) ;
#700 = FILL_AREA_STYLE_COLOUR ( '', #1472 ) ;
#701 = AXIS2_PLACEMENT_3D ( 'NONE', #4027, #996, #4544 ) ;
#702 = LINE ( 'NONE', #2488, #4751 ) ;
#703 = PRESENTATION_STYLE_ASSIGNMENT (( #688 ) ) ;
#704 = EDGE_CURVE ( 'NONE', #3776, #5948, #4299, .T. ) ;
#705 = LINE ( 'NONE', #4505, #3417 ) ;
#706 =( NAMED_UNIT ( * ) SI_UNIT ( $, .STERADIAN. ) SOLID_ANGLE_UNIT ( ) );
#707 = DIRECTION ( 'NONE',  ( 0.0000000000000000000, -1.000000000000000000, 0.0000000000000000000 ) ) ;
#708 =( NAMED_UNIT ( * ) SI_UNIT ( $, .STERADIAN. ) SOLID_ANGLE_UNIT ( ) );
#709 = SURFACE_STYLE_USAGE ( .BOTH. , #3734 ) ;
#710 = EDGE_CURVE ( 'NONE', #5782, #4078, #1779, .T. ) ;
#711 = EDGE_CURVE ( 'NONE', #4334, #4248, #1604, .T. ) ;
#712 = UNCERTAINTY_MEASURE_WITH_UNIT (LENGTH_MEASURE( 1.000000000000000100E-005 ), #3407, 'distance_accuracy_value', 'NONE');
#713 = DIRECTION ( 'NONE',  ( 0.7071067811865474600, -0.0000000000000000000, -0.7071067811865474600 ) ) ;
#714 = CARTESIAN_POINT ( 'NONE',  ( -0.3199999999999993400, -3.000000000000000000, 2.760000000000000200 ) ) ;
#715 = VECTOR ( 'NONE', #1797, 1000.000000000000000 ) ;
#716 = FILL_AREA_STYLE_COLOUR ( '', #4260 ) ;
#717 = DIRECTION ( 'NONE',  ( 0.0000000000000000000, 1.000000000000000000, 0.0000000000000000000 ) ) ;
#718 = EDGE_CURVE ( 'NONE', #4803, #4410, #4465, .T. ) ;
#719 = LINE ( 'NONE', #4089, #3263 ) ;
#720 = AXIS2_PLACEMENT_3D ( 'NONE', #1625, #2635, #6199 ) ;
#721 = ADVANCED_FACE ( 'NONE', ( #257 ), #3242, .T. ) ;
#722 = CARTESIAN_POINT ( 'NONE',  ( -0.3199999999999974000, -3.000000000000000000, 10.38000000000000100 ) ) ;
#723 = CARTESIAN_POINT ( 'NONE',  ( 1.270000000000001400, 0.0000000000000000000, 9.289999999999999100 ) ) ;
#724 = DIRECTION ( 'NONE',  ( 0.7071067811865475700, -0.0000000000000000000, 0.7071067811865475700 ) ) ;
#725 = SURFACE_SIDE_STYLE ('',( #4162 ) ) ;
#726 = VECTOR ( 'NONE', #2567, 1000.000000000000100 ) ;
#727 = PRESENTATION_LAYER_ASSIGNMENT (  '', '', ( #36 ) ) ;
#728 = FILL_AREA_STYLE_COLOUR ( '', #827 ) ;
#729 =( LENGTH_UNIT ( ) NAMED_UNIT ( * ) SI_UNIT ( .MILLI., .METRE. ) );
#730 = SURFACE_STYLE_USAGE ( .BOTH. , #3756 ) ;
#731 = FILL_AREA_STYLE_COLOUR ( '', #976 ) ;
#732 = SURFACE_SIDE_STYLE ('',( #5228 ) ) ;
#733 = AXIS2_PLACEMENT_3D ( 'NONE', #510, #4045, #1022 ) ;
#734 =( NAMED_UNIT ( * ) SI_UNIT ( $, .STERADIAN. ) SOLID_ANGLE_UNIT ( ) );
#735 = LINE ( 'NONE', #466, #568 ) ;
#736 = DIRECTION ( 'NONE',  ( 0.0000000000000000000, 1.000000000000000000, 0.0000000000000000000 ) ) ;
#737 = VECTOR ( 'NONE', #4176, 1000.000000000000100 ) ;
#738 = SURFACE_STYLE_FILL_AREA ( #5758 ) ;
#739 = SURFACE_SIDE_STYLE ('',( #1140 ) ) ;
#740 =( NAMED_UNIT ( * ) PLANE_ANGLE_UNIT ( ) SI_UNIT ( $, .RADIAN. ) );
#741 = UNCERTAINTY_MEASURE_WITH_UNIT (LENGTH_MEASURE( 1.000000000000000100E-005 ), #1250, 'distance_accuracy_value', 'NONE');
#742 = FILL_AREA_STYLE ('',( #3284 ) ) ;
#743 = MECHANICAL_DESIGN_GEOMETRIC_PRESENTATION_REPRESENTATION (  '', ( #6314 ), #1080 ) ;
#744 = DIRECTION ( 'NONE',  ( 1.000000000000000000, 0.0000000000000000000, -1.232047923278982200E-016 ) ) ;
#745 = MECHANICAL_DESIGN_GEOMETRIC_PRESENTATION_REPRESENTATION (  '', ( #6317 ), #1081 ) ;
#746 = CARTESIAN_POINT ( 'NONE',  ( 1.269999999999998700, 1.700000000000000000, -0.8700000000000003300 ) ) ;
#747 = ADVANCED_FACE ( 'NONE', ( #3656 ), #1706, .F. ) ;
#748 = EDGE_CURVE ( 'NONE', #3933, #3060, #5754, .T. ) ;
#749 = EDGE_CURVE ( 'NONE', #3314, #459, #3197, .T. ) ;
#750 = EDGE_CURVE ( 'NONE', #5937, #2535, #494, .T. ) ;
#751 = DIRECTION ( 'NONE',  ( 1.000000000000000000, 0.0000000000000000000, -2.492418787322998300E-016 ) ) ;
#752 = VERTEX_POINT ( 'NONE', #1782 ) ;
#753 = DIRECTION ( 'NONE',  ( 2.464095846557964400E-016, 0.0000000000000000000, 1.000000000000000000 ) ) ;
#754 = DIRECTION ( 'NONE',  ( 0.0000000000000000000, 0.0000000000000000000, 1.000000000000000000 ) ) ;
#755 = FACE_OUTER_BOUND ( 'NONE', #2660, .T. ) ;
#756 = SURFACE_SIDE_STYLE ('',( #2040 ) ) ;
#757 = CARTESIAN_POINT ( 'NONE',  ( 1.270000000000002000, 1.700000000000000000, 11.83000000000000000 ) ) ;
#758 = ORIENTED_EDGE ( 'NONE', *, *, #1088, .F. ) ;
#759 = CARTESIAN_POINT ( 'NONE',  ( 0.2200000000000006700, 1.700000000000000000, 2.860000000000000300 ) ) ;
#760 = ORIENTED_EDGE ( 'NONE', *, *, #5351, .F. ) ;
#761 = LINE ( 'NONE', #1597, #2089 ) ;
#762 = EDGE_LOOP ( 'NONE', ( #4243, #26, #2005, #6487 ) ) ;
#763 = ORIENTED_EDGE ( 'NONE', *, *, #3431, .F. ) ;
#764 = CARTESIAN_POINT ( 'NONE',  ( -0.3200000000000000600, 8.339999999999999900, -0.2200000000000000800 ) ) ;
#765 = ORIENTED_EDGE ( 'NONE', *, *, #528, .T. ) ;
#766 = ORIENTED_EDGE ( 'NONE', *, *, #2222, .F. ) ;
#767 = STYLED_ITEM ( 'NONE', ( #648 ), #4466 ) ;
#768 = CARTESIAN_POINT ( 'NONE',  ( 0.2200000000000019400, -3.000000000000000000, 7.939999999999999500 ) ) ;
#769 = ORIENTED_EDGE ( 'NONE', *, *, #1051, .T. ) ;
#770 = ORIENTED_EDGE ( 'NONE', *, *, #6495, .F. ) ;
#771 = PLANE ( 'NONE',  #3984 ) ;
#772 = SURFACE_STYLE_USAGE ( .BOTH. , #3801 ) ;
#773 = ORIENTED_EDGE ( 'NONE', *, *, #5482, .T. ) ;
#774 = ORIENTED_EDGE ( 'NONE', *, *, #3221, .T. ) ;
#775 = ORIENTED_EDGE ( 'NONE', *, *, #957, .F. ) ;
#776 = SURFACE_STYLE_FILL_AREA ( #1846 ) ;
#777 = MECHANICAL_DESIGN_GEOMETRIC_PRESENTATION_REPRESENTATION (  '', ( #6356 ), #1112 ) ;
#778 = SURFACE_STYLE_USAGE ( .BOTH. , #3805 ) ;
#779 = CARTESIAN_POINT ( 'NONE',  ( 0.3200000000000000100, 8.339999999999999900, 0.2199999999999999700 ) ) ;
#780 = FILL_AREA_STYLE_COLOUR ( '', #2298 ) ;
#781 = ORIENTED_EDGE ( 'NONE', *, *, #3896, .F. ) ;
#782 = ORIENTED_EDGE ( 'NONE', *, *, #281, .T. ) ;
#783 = DIRECTION ( 'NONE',  ( -0.7071067811865474600, 0.0000000000000000000, 0.7071067811865474600 ) ) ;
#784 = DIRECTION ( 'NONE',  ( 0.7071067811865474600, -0.0000000000000000000, 0.7071067811865474600 ) ) ;
#785 = SURFACE_STYLE_USAGE ( .BOTH. , #3813 ) ;
#786 = DIRECTION ( 'NONE',  ( -0.7071067811865474600, -0.0000000000000000000, -0.7071067811865474600 ) ) ;
#787 = DIRECTION ( 'NONE',  ( -2.492418787322998300E-016, 0.0000000000000000000, -1.000000000000000000 ) ) ;
#788 = UNCERTAINTY_MEASURE_WITH_UNIT (LENGTH_MEASURE( 1.000000000000000100E-005 ), #4802, 'distance_accuracy_value', 'NONE');
#789 = ADVANCED_FACE ( 'NONE', ( #4387, #5573, #1689, #4205, #2875, #1515 ), #3295, .T. ) ;
#790 =( NAMED_UNIT ( * ) SI_UNIT ( $, .STERADIAN. ) SOLID_ANGLE_UNIT ( ) );
#791 = PRESENTATION_STYLE_ASSIGNMENT (( #2287 ) ) ;
#792 = VECTOR ( 'NONE', #579, 1000.000000000000100 ) ;
#793 = PLANE ( 'NONE',  #4324 ) ;
#794 = DIRECTION ( 'NONE',  ( -1.232047923278982200E-016, 0.0000000000000000000, -1.000000000000000000 ) ) ;
#795 = FILL_AREA_STYLE ('',( #272 ) ) ;
#796 = SURFACE_STYLE_FILL_AREA ( #5450 ) ;
#797 = COLOUR_RGB ( '',1.000000000000000000, 1.000000000000000000, 1.000000000000000000 ) ;
#798 = CARTESIAN_POINT ( 'NONE',  ( 0.8700000000000024400, 0.0000000000000000000, 13.97000000000000100 ) ) ;
#799 = EDGE_CURVE ( 'NONE', #4007, #1469, #3573, .T. ) ;
#800 = PRESENTATION_STYLE_ASSIGNMENT (( #3508 ) ) ;
#801 = MECHANICAL_DESIGN_GEOMETRIC_PRESENTATION_REPRESENTATION (  '', ( #6376 ), #1129 ) ;
#802 = UNCERTAINTY_MEASURE_WITH_UNIT (LENGTH_MEASURE( 1.000000000000000100E-005 ), #6172, 'distance_accuracy_value', 'NONE');
#803 = AXIS2_PLACEMENT_3D ( 'NONE', #6129, #3095, #53 ) ;
#804 = SURFACE_STYLE_USAGE ( .BOTH. , #3826 ) ;
#805 = CARTESIAN_POINT ( 'NONE',  ( 0.3200000000000018900, -3.000000000000000000, 7.400000000000000400 ) ) ;
#806 = CARTESIAN_POINT ( 'NONE',  ( 1.270000000000001400, 1.700000000000000000, 9.289999999999999100 ) ) ;
#807 =( NAMED_UNIT ( * ) PLANE_ANGLE_UNIT ( ) SI_UNIT ( $, .RADIAN. ) );
#808 = CARTESIAN_POINT ( 'NONE',  ( -0.3199999999999987300, 8.339999999999999900, 5.299999999999999800 ) ) ;
#809 = CARTESIAN_POINT ( 'NONE',  ( 0.0000000000000000000, 1.700000000000000000, 10.48000000000000000 ) ) ;
#810 = VERTEX_POINT ( 'NONE', #573 ) ;
#811 = DIRECTION ( 'NONE',  ( 0.0000000000000000000, 0.0000000000000000000, -1.000000000000000000 ) ) ;
#812 = DIRECTION ( 'NONE',  ( 0.0000000000000000000, 1.000000000000000000, 0.0000000000000000000 ) ) ;
#813 = MECHANICAL_DESIGN_GEOMETRIC_PRESENTATION_REPRESENTATION (  '', ( #6390 ), #1137 ) ;
#814 = VECTOR ( 'NONE', #1127, 1000.000000000000000 ) ;
#815 =( GEOMETRIC_REPRESENTATION_CONTEXT ( 3 ) GLOBAL_UNCERTAINTY_ASSIGNED_CONTEXT ( ( #3427 ) ) GLOBAL_UNIT_ASSIGNED_CONTEXT ( ( #4920, #1875, #5427 ) ) REPRESENTATION_CONTEXT ( 'NONE', 'WORKASPACE' ) );
#816 = UNCERTAINTY_MEASURE_WITH_UNIT (LENGTH_MEASURE( 1.000000000000000100E-005 ), #6171, 'distance_accuracy_value', 'NONE');
#817 =( LENGTH_UNIT ( ) NAMED_UNIT ( * ) SI_UNIT ( .MILLI., .METRE. ) );
#818 = LINE ( 'NONE', #5390, #3493 ) ;
#819 = ORIENTED_EDGE ( 'NONE', *, *, #5482, .F. ) ;
#820 = FILL_AREA_STYLE_COLOUR ( '', #2239 ) ;
#821 = DIRECTION ( 'NONE',  ( -1.000000000000000000, 0.0000000000000000000, 2.492418787322999200E-016 ) ) ;
#822 = CARTESIAN_POINT ( 'NONE',  ( 0.0000000000000000000, 1.700000000000000000, 9.839999999999999900 ) ) ;
#823 = CARTESIAN_POINT ( 'NONE',  ( 0.2200000000000006700, -3.000000000000000000, 2.860000000000000300 ) ) ;
#824 = DIRECTION ( 'NONE',  ( -0.7071067811865475700, 0.0000000000000000000, 0.7071067811865475700 ) ) ;
#825 = STYLED_ITEM ( 'NONE', ( #6261 ), #6503 ) ;
#826 = ADVANCED_FACE ( 'NONE', ( #1049 ), #5151, .T. ) ;
#827 = COLOUR_RGB ( '',0.0000000000000000000, 0.03529411764705882300, 0.05882352941176470500 ) ;
#828 = SURFACE_SIDE_STYLE ('',( #3039 ) ) ;
#829 = DIRECTION ( 'NONE',  ( 0.7071067811865475700, -0.0000000000000000000, 0.7071067811865475700 ) ) ;
#830 = DIRECTION ( 'NONE',  ( 0.0000000000000000000, 1.000000000000000000, 0.0000000000000000000 ) ) ;
#831 = CARTESIAN_POINT ( 'NONE',  ( 0.3200000000000025000, 1.700000000000000000, 9.940000000000001300 ) ) ;
#832 =( LENGTH_UNIT ( ) NAMED_UNIT ( * ) SI_UNIT ( .MILLI., .METRE. ) );
#833 = ORIENTED_EDGE ( 'NONE', *, *, #6382, .T. ) ;
#834 = SURFACE_STYLE_FILL_AREA ( #3739 ) ;
#835 = SURFACE_STYLE_USAGE ( .BOTH. , #3868 ) ;
#836 = DIRECTION ( 'NONE',  ( -1.232047923278982200E-016, -0.0000000000000000000, -1.000000000000000000 ) ) ;
#837 = FILL_AREA_STYLE_COLOUR ( '', #4791 ) ;
#838 =( LENGTH_UNIT ( ) NAMED_UNIT ( * ) SI_UNIT ( .MILLI., .METRE. ) );
#839 = STYLED_ITEM ( 'NONE', ( #886 ), #3253 ) ;
#840 = CARTESIAN_POINT ( 'NONE',  ( 0.8699999999999992200, 1.700000000000000000, 1.269999999999999400 ) ) ;
#841 = EDGE_LOOP ( 'NONE', ( #526, #3963, #5049, #2860 ) ) ;
#842 = PRESENTATION_STYLE_ASSIGNMENT (( #3716 ) ) ;
#843 = VECTOR ( 'NONE', #5012, 1000.000000000000000 ) ;
#844 = EDGE_CURVE ( 'NONE', #6082, #5199, #1771, .T. ) ;
#845 = EDGE_CURVE ( 'NONE', #4686, #2519, #3112, .T. ) ;
#846 = EDGE_CURVE ( 'NONE', #5706, #6238, #5658, .T. ) ;
#847 = ORIENTED_EDGE ( 'NONE', *, *, #4612, .T. ) ;
#848 = DIRECTION ( 'NONE',  ( 0.7071067811865474600, 0.0000000000000000000, 0.7071067811865474600 ) ) ;
#849 = VERTEX_POINT ( 'NONE', #3647 ) ;
#850 = PRESENTATION_STYLE_ASSIGNMENT (( #5003 ) ) ;
#851 = VECTOR ( 'NONE', #4174, 1000.000000000000000 ) ;
#852 = ORIENTED_EDGE ( 'NONE', *, *, #150, .T. ) ;
#853 = PRESENTATION_LAYER_ASSIGNMENT (  '', '', ( #156 ) ) ;
#854 = VERTEX_POINT ( 'NONE', #4152 ) ;
#855 = ORIENTED_EDGE ( 'NONE', *, *, #711, .T. ) ;
#856 = VECTOR ( 'NONE', #2267, 1000.000000000000100 ) ;
#857 = ADVANCED_FACE ( 'NONE', ( #2945 ), #2122, .F. ) ;
#858 = ORIENTED_EDGE ( 'NONE', *, *, #2569, .T. ) ;
#859 = VERTEX_POINT ( 'NONE', #4675 ) ;
#860 = FILL_AREA_STYLE ('',( #3888 ) ) ;
#861 = ORIENTED_EDGE ( 'NONE', *, *, #4362, .T. ) ;
#862 = DIRECTION ( 'NONE',  ( 0.0000000000000000000, 1.000000000000000000, 0.0000000000000000000 ) ) ;
#863 = AXIS2_PLACEMENT_3D ( 'NONE', #4369, #1342, #4887 ) ;
#864 = PLANE ( 'NONE',  #3248 ) ;
#865 = ORIENTED_EDGE ( 'NONE', *, *, #2371, .F. ) ;
#866 = ORIENTED_EDGE ( 'NONE', *, *, #2452, .F. ) ;
#867 = CARTESIAN_POINT ( 'NONE',  ( -0.3199999999999980600, 0.2999999999999999300, 7.839999999999999900 ) ) ;
#868 = VECTOR ( 'NONE', #2609, 1000.000000000000000 ) ;
#869 = STYLED_ITEM ( 'NONE', ( #6033 ), #5035 ) ;
#870 =( LENGTH_UNIT ( ) NAMED_UNIT ( * ) SI_UNIT ( .MILLI., .METRE. ) );
#871 = UNCERTAINTY_MEASURE_WITH_UNIT (LENGTH_MEASURE( 1.000000000000000100E-005 ), #475, 'distance_accuracy_value', 'NONE');
#872 = VECTOR ( 'NONE', #4483, 1000.000000000000000 ) ;
#873 = LINE ( 'NONE', #2185, #4753 ) ;
#874 = SURFACE_STYLE_FILL_AREA ( #1006 ) ;
#875 = FILL_AREA_STYLE_COLOUR ( '', #1046 ) ;
#876 = PRESENTATION_LAYER_ASSIGNMENT (  '', '', ( #179 ) ) ;
#877 = PRESENTATION_LAYER_ASSIGNMENT (  '', '', ( #181 ) ) ;
#878 = CARTESIAN_POINT ( 'NONE',  ( -0.3200000000000000100, 1.700000000000000000, 7.885106708985486600E-017 ) ) ;
#879 = FILL_AREA_STYLE_COLOUR ( '', #4186 ) ;
#880 = EDGE_CURVE ( 'NONE', #588, #2662, #6386, .T. ) ;
#881 = EDGE_CURVE ( 'NONE', #4161, #4979, #5015, .T. ) ;
#882 = DIRECTION ( 'NONE',  ( -0.7071067811865475700, 0.0000000000000000000, 0.7071067811865475700 ) ) ;
#883 = EDGE_CURVE ( 'NONE', #155, #6003, #2478, .T. ) ;
#884 = STYLED_ITEM ( 'NONE', ( #5027 ), #438 ) ;
#885 = ADVANCED_FACE ( 'NONE', ( #3651 ), #4199, .F. ) ;
#886 = PRESENTATION_STYLE_ASSIGNMENT (( #1427 ) ) ;
#887 =( GEOMETRIC_REPRESENTATION_CONTEXT ( 3 ) GLOBAL_UNCERTAINTY_ASSIGNED_CONTEXT ( ( #1686 ) ) GLOBAL_UNIT_ASSIGNED_CONTEXT ( ( #2823, #6396, #3353 ) ) REPRESENTATION_CONTEXT ( 'NONE', 'WORKASPACE' ) );
#888 = ORIENTED_EDGE ( 'NONE', *, *, #1176, .T. ) ;
#889 = CARTESIAN_POINT ( 'NONE',  ( 4.080000000000000100, 1.700000000000000000, 4.080000000000000100 ) ) ;
#890 = SURFACE_STYLE_USAGE ( .BOTH. , #3920 ) ;
#891 = AXIS2_PLACEMENT_3D ( 'NONE', #4395, #1370, #4917 ) ;
#892 = PLANE ( 'NONE',  #3596 ) ;
#893 = SURFACE_STYLE_FILL_AREA ( #2097 ) ;
#894 = DIRECTION ( 'NONE',  ( 0.0000000000000000000, 1.000000000000000000, 0.0000000000000000000 ) ) ;
#895 = DIRECTION ( 'NONE',  ( 0.0000000000000000000, -1.000000000000000000, 0.0000000000000000000 ) ) ;
#896 = CARTESIAN_POINT ( 'NONE',  ( -0.2199999999999982000, 8.339999999999999900, 7.299999999999999800 ) ) ;
#897 = LINE ( 'NONE', #2646, #3437 ) ;
#898 = PRESENTATION_LAYER_ASSIGNMENT (  '', '', ( #214 ) ) ;
#899 = VECTOR ( 'NONE', #1661, 1000.000000000000000 ) ;
#900 = COLOUR_RGB ( '',1.000000000000000000, 1.000000000000000000, 1.000000000000000000 ) ;
#901 = SURFACE_STYLE_FILL_AREA ( #1641 ) ;
#902 = CARTESIAN_POINT ( 'NONE',  ( 0.7500000000000000000, 0.0000000000000000000, -1.270000000000000500 ) ) ;
#903 = CARTESIAN_POINT ( 'NONE',  ( -1.269999999999998000, 1.700000000000000000, 9.289999999999999100 ) ) ;
#904 = FACE_OUTER_BOUND ( 'NONE', #449, .T. ) ;
#905 = DIRECTION ( 'NONE',  ( 1.000000000000000000, -0.0000000000000000000, -2.492418787322999700E-016 ) ) ;
#906 = ORIENTED_EDGE ( 'NONE', *, *, #3549, .T. ) ;
#907 =( GEOMETRIC_REPRESENTATION_CONTEXT ( 3 ) GLOBAL_UNCERTAINTY_ASSIGNED_CONTEXT ( ( #741 ) ) GLOBAL_UNIT_ASSIGNED_CONTEXT ( ( #1250, #4789, #1758 ) ) REPRESENTATION_CONTEXT ( 'NONE', 'WORKASPACE' ) );
#908 = LINE ( 'NONE', #4412, #5999 ) ;
#909 = ADVANCED_FACE ( 'NONE', ( #5748 ), #1199, .T. ) ;
#910 = CARTESIAN_POINT ( 'NONE',  ( 0.3200000000000000100, -3.000000000000000000, 0.2199999999999999700 ) ) ;
#911 = ORIENTED_EDGE ( 'NONE', *, *, #3705, .F. ) ;
#912 = EDGE_CURVE ( 'NONE', #5337, #3619, #3903, .T. ) ;
#913 = VERTEX_POINT ( 'NONE', #6234 ) ;
#914 = FILL_AREA_STYLE ('',( #2422 ) ) ;
#915 = COLOUR_RGB ( '',1.000000000000000000, 1.000000000000000000, 1.000000000000000000 ) ;
#916 = CARTESIAN_POINT ( 'NONE',  ( 0.3200000000000006200, 1.700000000000000000, 2.319999999999999800 ) ) ;
#917 = ORIENTED_EDGE ( 'NONE', *, *, #4445, .F. ) ;
#918 = MECHANICAL_DESIGN_GEOMETRIC_PRESENTATION_REPRESENTATION (  '', ( #6491 ), #1269 ) ;
#919 = STYLED_ITEM ( 'NONE', ( #4918 ), #5601 ) ;
#920 = ORIENTED_EDGE ( 'NONE', *, *, #4094, .T. ) ;
#921 = ORIENTED_EDGE ( 'NONE', *, *, #5268, .F. ) ;
#922 = SURFACE_STYLE_FILL_AREA ( #4385 ) ;
#923 = EDGE_CURVE ( 'NONE', #1561, #4817, #2553, .T. ) ;
#924 = ORIENTED_EDGE ( 'NONE', *, *, #1821, .T. ) ;
#925 = ORIENTED_EDGE ( 'NONE', *, *, #5312, .F. ) ;
#926 = VERTEX_POINT ( 'NONE', #5814 ) ;
#927 = ORIENTED_EDGE ( 'NONE', *, *, #4793, .F. ) ;
#928 = EDGE_CURVE ( 'NONE', #6083, #4723, #3726, .T. ) ;
#929 = DIRECTION ( 'NONE',  ( 0.7071067811865474600, -0.0000000000000000000, 0.7071067811865474600 ) ) ;
#930 = ORIENTED_EDGE ( 'NONE', *, *, #2322, .T. ) ;
#931 = COLOUR_RGB ( '',1.000000000000000000, 1.000000000000000000, 1.000000000000000000 ) ;
#932 = MECHANICAL_DESIGN_GEOMETRIC_PRESENTATION_REPRESENTATION (  '', ( #6500 ), #1284 ) ;
#933 = VECTOR ( 'NONE', #2836, 1000.000000000000000 ) ;
#934 = SURFACE_SIDE_STYLE ('',( #2838 ) ) ;
#935 = VERTEX_POINT ( 'NONE', #3760 ) ;
#936 = VERTEX_POINT ( 'NONE', #223 ) ;
#937 = CARTESIAN_POINT ( 'NONE',  ( -0.7500000000000000000, 0.2999999999999999900, 5.400000000000000400 ) ) ;
#938 = CARTESIAN_POINT ( 'NONE',  ( -1.539999999999999600, 1.700000000000000000, 1.539999999999999600 ) ) ;
#939 =( GEOMETRIC_REPRESENTATION_CONTEXT ( 3 ) GLOBAL_UNCERTAINTY_ASSIGNED_CONTEXT ( ( #4765 ) ) GLOBAL_UNIT_ASSIGNED_CONTEXT ( ( #2752, #6316, #3285 ) ) REPRESENTATION_CONTEXT ( 'NONE', 'WORKASPACE' ) );
#940 = CARTESIAN_POINT ( 'NONE',  ( -0.2199999999999974500, -3.000000000000000000, 10.48000000000000000 ) ) ;
#941 = VECTOR ( 'NONE', #6105, 1000.000000000000000 ) ;
#942 = PLANE ( 'NONE',  #1436 ) ;
#943 = LINE ( 'NONE', #3792, #3480 ) ;
#944 = VECTOR ( 'NONE', #2079, 1000.000000000000000 ) ;
#945 = ADVANCED_FACE ( 'NONE', ( #6452 ), #6302, .T. ) ;
#946 = UNCERTAINTY_MEASURE_WITH_UNIT (LENGTH_MEASURE( 1.000000000000000100E-005 ), #729, 'distance_accuracy_value', 'NONE');
#947 = ORIENTED_EDGE ( 'NONE', *, *, #3433, .F. ) ;
#948 = FACE_OUTER_BOUND ( 'NONE', #5536, .T. ) ;
#949 =( LENGTH_UNIT ( ) NAMED_UNIT ( * ) SI_UNIT ( .MILLI., .METRE. ) );
#950 = FACE_OUTER_BOUND ( 'NONE', #5705, .T. ) ;
#951 =( LENGTH_UNIT ( ) NAMED_UNIT ( * ) SI_UNIT ( .MILLI., .METRE. ) );
#952 = LINE ( 'NONE', #6542, #6195 ) ;
#953 = LINE ( 'NONE', #2626, #814 ) ;
#954 =( NAMED_UNIT ( * ) PLANE_ANGLE_UNIT ( ) SI_UNIT ( $, .RADIAN. ) );
#955 =( NAMED_UNIT ( * ) PLANE_ANGLE_UNIT ( ) SI_UNIT ( $, .RADIAN. ) );
#956 = CARTESIAN_POINT ( 'NONE',  ( 0.2200000000000006700, -3.000000000000000000, 2.860000000000000300 ) ) ;
#957 = EDGE_CURVE ( 'NONE', #1536, #1330, #1206, .T. ) ;
#958 = EDGE_CURVE ( 'NONE', #4566, #5037, #1040, .T. ) ;
#959 = EDGE_CURVE ( 'NONE', #6422, #5858, #5825, .T. ) ;
#960 = CARTESIAN_POINT ( 'NONE',  ( 1.270000000000001800, 1.700000000000000000, 11.02999999999999900 ) ) ;
#961 = AXIS2_PLACEMENT_3D ( 'NONE', #4715, #1691, #5243 ) ;
#962 = SURFACE_STYLE_FILL_AREA ( #1181 ) ;
#963 = ORIENTED_EDGE ( 'NONE', *, *, #3549, .F. ) ;
#964 = SURFACE_STYLE_FILL_AREA ( #3347 ) ;
#965 = SURFACE_STYLE_FILL_AREA ( #219 ) ;
#966 = LINE ( 'NONE', #3267, #5025 ) ;
#967 = FILL_AREA_STYLE_COLOUR ( '', #4906 ) ;
#968 = ADVANCED_FACE ( 'NONE', ( #557 ), #3320, .F. ) ;
#969 = STYLED_ITEM ( 'NONE', ( #4945 ), #945 ) ;
#970 =( LENGTH_UNIT ( ) NAMED_UNIT ( * ) SI_UNIT ( .MILLI., .METRE. ) );
#971 = FACE_OUTER_BOUND ( 'NONE', #5696, .T. ) ;
#972 = DIRECTION ( 'NONE',  ( 0.0000000000000000000, 1.000000000000000000, 0.0000000000000000000 ) ) ;
#973 = FILL_AREA_STYLE_COLOUR ( '', #1118 ) ;
#974 = FACE_OUTER_BOUND ( 'NONE', #762, .T. ) ;
#975 = VERTEX_POINT ( 'NONE', #1277 ) ;
#976 = COLOUR_RGB ( '',0.0000000000000000000, 0.03529411764705882300, 0.05882352941176470500 ) ;
#977 =( NAMED_UNIT ( * ) SI_UNIT ( $, .STERADIAN. ) SOLID_ANGLE_UNIT ( ) );
#978 = VERTEX_POINT ( 'NONE', #6385 ) ;
#979 = VECTOR ( 'NONE', #5356, 1000.000000000000000 ) ;
#980 = VECTOR ( 'NONE', #375, 1000.000000000000000 ) ;
#981 = UNCERTAINTY_MEASURE_WITH_UNIT (LENGTH_MEASURE( 1.000000000000000100E-005 ), #3166, 'distance_accuracy_value', 'NONE');
#982 = AXIS2_PLACEMENT_3D ( 'NONE', #5117, #2068, #5635 ) ;
#983 = ORIENTED_EDGE ( 'NONE', *, *, #923, .T. ) ;
#984 = PLANE ( 'NONE',  #985 ) ;
#985 = AXIS2_PLACEMENT_3D ( 'NONE', #4552, #1517, #5074 ) ;
#986 = ORIENTED_EDGE ( 'NONE', *, *, #5986, .T. ) ;
#987 = VECTOR ( 'NONE', #361, 1000.000000000000100 ) ;
#988 =( NAMED_UNIT ( * ) SI_UNIT ( $, .STERADIAN. ) SOLID_ANGLE_UNIT ( ) );
#989 = EDGE_LOOP ( 'NONE', ( #1466, #3940, #1953, #5162 ) ) ;
#990 = ORIENTED_EDGE ( 'NONE', *, *, #5780, .F. ) ;
#991 = EDGE_CURVE ( 'NONE', #2662, #2835, #5173, .T. ) ;
#992 = FILL_AREA_STYLE_COLOUR ( '', #1423 ) ;
#993 = EDGE_CURVE ( 'NONE', #2535, #1648, #2619, .T. ) ;
#994 = ORIENTED_EDGE ( 'NONE', *, *, #4695, .T. ) ;
#995 = VERTEX_POINT ( 'NONE', #4870 ) ;
#996 = DIRECTION ( 'NONE',  ( 0.0000000000000000000, -1.000000000000000000, 0.0000000000000000000 ) ) ;
#997 = PLANE ( 'NONE',  #733 ) ;
#998 = ORIENTED_EDGE ( 'NONE', *, *, #184, .T. ) ;
#999 = LINE ( 'NONE', #3746, #3534 ) ;
#1000 = FACE_OUTER_BOUND ( 'NONE', #2580, .T. ) ;
#1001 = MECHANICAL_DESIGN_GEOMETRIC_PRESENTATION_REPRESENTATION (  '', ( #6574 ), #1361 ) ;
#1002 = EDGE_LOOP ( 'NONE', ( #3598, #5796, #6243, #3696 ) ) ;
#1003 = ORIENTED_EDGE ( 'NONE', *, *, #4172, .F. ) ;
#1004 = ADVANCED_FACE ( 'NONE', ( #1119 ), #2809, .T. ) ;
#1005 = ORIENTED_EDGE ( 'NONE', *, *, #3622, .F. ) ;
#1006 = FILL_AREA_STYLE ('',( #3016 ) ) ;
#1007 = ORIENTED_EDGE ( 'NONE', *, *, #3895, .F. ) ;
#1008 = DIRECTION ( 'NONE',  ( 0.7071067811865474600, -0.0000000000000000000, 0.7071067811865474600 ) ) ;
#1009 = CARTESIAN_POINT ( 'NONE',  ( 1.270000000000000500, 0.0000000000000000000, 5.949999999999999300 ) ) ;
#1010 = ORIENTED_EDGE ( 'NONE', *, *, #1938, .F. ) ;
#1011 = STYLED_ITEM ( 'NONE', ( #1601 ), #4223 ) ;
#1012 = LINE ( 'NONE', #3454, #3551 ) ;
#1013 = LINE ( 'NONE', #1087, #868 ) ;
#1014 = FACE_OUTER_BOUND ( 'NONE', #5340, .T. ) ;
#1015 = CARTESIAN_POINT ( 'NONE',  ( 0.3200000000000015100, 0.2999999999999999900, -1.270000000000000700 ) ) ;
#1016 = DIRECTION ( 'NONE',  ( -1.000000000000000000, 0.0000000000000000000, 0.0000000000000000000 ) ) ;
#1017 = SURFACE_STYLE_USAGE ( .BOTH. , #4040 ) ;
#1018 = VECTOR ( 'NONE', #5472, 1000.000000000000000 ) ;
#1019 = CARTESIAN_POINT ( 'NONE',  ( 0.3200000000000006700, -3.000000000000000000, 2.760000000000000200 ) ) ;
#1020 = STYLED_ITEM ( 'NONE', ( #1480 ), #3743 ) ;
#1021 = DIRECTION ( 'NONE',  ( 0.0000000000000000000, -1.000000000000000000, 0.0000000000000000000 ) ) ;
#1022 = DIRECTION ( 'NONE',  ( 1.000000000000000000, 0.0000000000000000000, -0.0000000000000000000 ) ) ;
#1023 = VECTOR ( 'NONE', #3528, 1000.000000000000000 ) ;
#1024 = UNCERTAINTY_MEASURE_WITH_UNIT (LENGTH_MEASURE( 1.000000000000000100E-005 ), #4318, 'distance_accuracy_value', 'NONE');
#1025 = VECTOR ( 'NONE', #2638, 1000.000000000000100 ) ;
#1026 = CARTESIAN_POINT ( 'NONE',  ( 0.0000000000000000000, 1.700000000000000000, 5.400000000000000400 ) ) ;
#1027 = EDGE_LOOP ( 'NONE', ( #4156, #3612, #4489, #5698 ) ) ;
#1028 = VECTOR ( 'NONE', #5260, 1000.000000000000000 ) ;
#1029 = CARTESIAN_POINT ( 'NONE',  ( 0.3200000000000006200, 1.700000000000000000, 2.760000000000000200 ) ) ;
#1030 = MECHANICAL_DESIGN_GEOMETRIC_PRESENTATION_REPRESENTATION (  '', ( #6 ), #1381 ) ;
#1031 = SURFACE_SIDE_STYLE ('',( #2442 ) ) ;
#1032 = COLOUR_RGB ( '',0.0000000000000000000, 0.03529411764705882300, 0.05882352941176470500 ) ;
#1033 = FILL_AREA_STYLE ('',( #4056 ) ) ;
#1034 = VERTEX_POINT ( 'NONE', #808 ) ;
#1035 = DIRECTION ( 'NONE',  ( 1.000000000000000000, 0.0000000000000000000, -1.232047923278982200E-016 ) ) ;
#1036 = ADVANCED_FACE ( 'NONE', ( #642 ), #1847, .T. ) ;
#1037 = DIRECTION ( 'NONE',  ( 0.0000000000000000000, 1.000000000000000000, -0.0000000000000000000 ) ) ;
#1038 = SURFACE_STYLE_USAGE ( .BOTH. , #4059 ) ;
#1039 = PRESENTATION_LAYER_ASSIGNMENT (  '', '', ( #359 ) ) ;
#1040 = LINE ( 'NONE', #757, #4453 ) ;
#1041 = FACE_OUTER_BOUND ( 'NONE', #4140, .T. ) ;
#1042 = EDGE_CURVE ( 'NONE', #5337, #5167, #4279, .T. ) ;
#1043 = DIRECTION ( 'NONE',  ( 0.0000000000000000000, -0.0000000000000000000, -1.000000000000000000 ) ) ;
#1044 = SURFACE_STYLE_USAGE ( .BOTH. , #4065 ) ;
#1045 = CARTESIAN_POINT ( 'NONE',  ( -1.269999999999997400, 0.0000000000000000000, 11.83000000000000000 ) ) ;
#1046 = COLOUR_RGB ( '',1.000000000000000000, 1.000000000000000000, 1.000000000000000000 ) ;
#1047 = EDGE_CURVE ( 'NONE', #1093, #2269, #395, .T. ) ;
#1048 = EDGE_CURVE ( 'NONE', #1146, #3898, #5645, .T. ) ;
#1049 = FACE_OUTER_BOUND ( 'NONE', #3927, .T. ) ;
#1050 = VECTOR ( 'NONE', #4665, 1000.000000000000100 ) ;
#1051 = EDGE_CURVE ( 'NONE', #5599, #4245, #1586, .T. ) ;
#1052 = DIRECTION ( 'NONE',  ( 0.7071067811865474600, 0.0000000000000000000, 0.7071067811865474600 ) ) ;
#1053 = PRESENTATION_LAYER_ASSIGNMENT (  '', '', ( #376 ) ) ;
#1054 = LINE ( 'NONE', #3645, #6462 ) ;
#1055 = VECTOR ( 'NONE', #1634, 1000.000000000000100 ) ;
#1056 = DIRECTION ( 'NONE',  ( -0.7071067811865474600, 0.0000000000000000000, -0.7071067811865474600 ) ) ;
#1057 = FILL_AREA_STYLE ('',( #25 ) ) ;
#1058 = LINE ( 'NONE', #5389, #3588 ) ;
#1059 = CARTESIAN_POINT ( 'NONE',  ( -0.3199999999999987300, -3.000000000000000000, 5.299999999999999800 ) ) ;
#1060 = FACE_OUTER_BOUND ( 'NONE', #113, .T. ) ;
#1061 = FACE_OUTER_BOUND ( 'NONE', #5134, .T. ) ;
#1062 =( NAMED_UNIT ( * ) PLANE_ANGLE_UNIT ( ) SI_UNIT ( $, .RADIAN. ) );
#1063 = UNCERTAINTY_MEASURE_WITH_UNIT (LENGTH_MEASURE( 1.000000000000000100E-005 ), #2447, 'distance_accuracy_value', 'NONE');
#1065 = MECHANICAL_DESIGN_GEOMETRIC_PRESENTATION_REPRESENTATION (  '', ( #36 ), #1410 ) ;
#1064 =( NAMED_UNIT ( * ) SI_UNIT ( $, .STERADIAN. ) SOLID_ANGLE_UNIT ( ) );
#1066 = DIRECTION ( 'NONE',  ( -0.0000000000000000000, -1.000000000000000000, -0.0000000000000000000 ) ) ;
#1067 = FILL_AREA_STYLE ('',( #3580 ) ) ;
#1068 = ORIENTED_EDGE ( 'NONE', *, *, #1864, .T. ) ;
#1069 = DIRECTION ( 'NONE',  ( 0.0000000000000000000, -1.000000000000000000, 0.0000000000000000000 ) ) ;
#1070 = PRESENTATION_LAYER_ASSIGNMENT (  '', '', ( #391 ) ) ;
#1071 = ORIENTED_EDGE ( 'NONE', *, *, #4093, .F. ) ;
#1072 = EDGE_LOOP ( 'NONE', ( #3941, #773, #4820, #1005 ) ) ;
#1073 = ORIENTED_EDGE ( 'NONE', *, *, #6455, .T. ) ;
#1074 = ORIENTED_EDGE ( 'NONE', *, *, #1275, .F. ) ;
#1075 = CARTESIAN_POINT ( 'NONE',  ( 0.3200000000000019500, -3.000000000000000000, 7.839999999999999900 ) ) ;
#1076 = ORIENTED_EDGE ( 'NONE', *, *, #625, .F. ) ;
#1077 = LINE ( 'NONE', #4876, #2430 ) ;
#1078 = VECTOR ( 'NONE', #3046, 1000.000000000000000 ) ;
#1079 = VERTEX_POINT ( 'NONE', #1514 ) ;
#1080 =( GEOMETRIC_REPRESENTATION_CONTEXT ( 3 ) GLOBAL_UNCERTAINTY_ASSIGNED_CONTEXT ( ( #5391 ) ) GLOBAL_UNIT_ASSIGNED_CONTEXT ( ( #6200, #3162, #112 ) ) REPRESENTATION_CONTEXT ( 'NONE', 'WORKASPACE' ) );
#1081 =( GEOMETRIC_REPRESENTATION_CONTEXT ( 3 ) GLOBAL_UNCERTAINTY_ASSIGNED_CONTEXT ( ( #5179 ) ) GLOBAL_UNIT_ASSIGNED_CONTEXT ( ( #4342, #1313, #4866 ) ) REPRESENTATION_CONTEXT ( 'NONE', 'WORKASPACE' ) );
#1082 = ORIENTED_EDGE ( 'NONE', *, *, #4647, .F. ) ;
#1083 = EDGE_LOOP ( 'NONE', ( #5766, #5077, #202, #2080 ) ) ;
#1084 =( LENGTH_UNIT ( ) NAMED_UNIT ( * ) SI_UNIT ( .MILLI., .METRE. ) );
#1085 = DIRECTION ( 'NONE',  ( 2.492418787322999200E-016, 0.0000000000000000000, 1.000000000000000000 ) ) ;
#1086 = EDGE_CURVE ( 'NONE', #5782, #2730, #5339, .T. ) ;
#1087 = CARTESIAN_POINT ( 'NONE',  ( -0.3199999999999981700, -3.000000000000000000, 7.400000000000000400 ) ) ;
#1088 = EDGE_CURVE ( 'NONE', #5616, #453, #5486, .T. ) ;
#1089 = SURFACE_STYLE_USAGE ( .BOTH. , #1131 ) ;
#1090 = EDGE_CURVE ( 'NONE', #3073, #3137, #2770, .T. ) ;
#1091 = CARTESIAN_POINT ( 'NONE',  ( -0.3200000000000000600, -3.000000000000000000, -0.2200000000000000800 ) ) ;
#1092 = DIRECTION ( 'NONE',  ( 0.7071067811865475700, -0.0000000000000000000, 0.7071067811865475700 ) ) ;
#1093 = VERTEX_POINT ( 'NONE', #4052 ) ;
#1094 = ORIENTED_EDGE ( 'NONE', *, *, #3503, .F. ) ;
#1095 = VECTOR ( 'NONE', #5071, 1000.000000000000000 ) ;
#1096 = STYLED_ITEM ( 'NONE', ( #6476 ), #6308 ) ;
#1097 = COLOUR_RGB ( '',1.000000000000000000, 1.000000000000000000, 1.000000000000000000 ) ;
#1098 = PRESENTATION_STYLE_ASSIGNMENT (( #890 ) ) ;
#1099 = VECTOR ( 'NONE', #533, 1000.000000000000100 ) ;
#1100 = SURFACE_STYLE_USAGE ( .BOTH. , #4116 ) ;
#1101 = LINE ( 'NONE', #4276, #3794 ) ;
#1102 = FILL_AREA_STYLE_COLOUR ( '', #4365 ) ;
#1103 = CARTESIAN_POINT ( 'NONE',  ( -0.3200000000000002800, 0.2999999999999999900, -1.270000000000000500 ) ) ;
#1104 = AXIS2_PLACEMENT_3D ( 'NONE', #5523, #2482, #6038 ) ;
#1105 = PRESENTATION_STYLE_ASSIGNMENT (( #3871 ) ) ;
#1106 = VECTOR ( 'NONE', #3722, 1000.000000000000000 ) ;
#1107 = SURFACE_STYLE_USAGE ( .BOTH. , #4121 ) ;
#1108 = CARTESIAN_POINT ( 'NONE',  ( -0.7500000000000000000, 0.2999999999999999900, -1.270000000000000500 ) ) ;
#1109 = ORIENTED_EDGE ( 'NONE', *, *, #4929, .F. ) ;
#1110 = CARTESIAN_POINT ( 'NONE',  ( 0.3200000000000006200, -3.000000000000000000, 2.319999999999999800 ) ) ;
#1111 = DIRECTION ( 'NONE',  ( 0.7071067811865474600, 0.0000000000000000000, 0.7071067811865474600 ) ) ;
#1112 =( GEOMETRIC_REPRESENTATION_CONTEXT ( 3 ) GLOBAL_UNCERTAINTY_ASSIGNED_CONTEXT ( ( #4308 ) ) GLOBAL_UNIT_ASSIGNED_CONTEXT ( ( #2758, #6327, #3294 ) ) REPRESENTATION_CONTEXT ( 'NONE', 'WORKASPACE' ) );
#1113 = PRESENTATION_STYLE_ASSIGNMENT (( #1803 ) ) ;
#1114 = FILL_AREA_STYLE ('',( #627 ) ) ;
#1115 = LINE ( 'NONE', #6111, #2300 ) ;
#1116 = DIRECTION ( 'NONE',  ( 0.0000000000000000000, -0.0000000000000000000, -1.000000000000000000 ) ) ;
#1117 = DIRECTION ( 'NONE',  ( 0.0000000000000000000, 0.0000000000000000000, 1.000000000000000000 ) ) ;
#1118 = COLOUR_RGB ( '',1.000000000000000000, 1.000000000000000000, 1.000000000000000000 ) ;
#1119 = FACE_OUTER_BOUND ( 'NONE', #6480, .T. ) ;
#1120 = FILL_AREA_STYLE_COLOUR ( '', #6267 ) ;
#1121 = STYLED_ITEM ( 'NONE', ( #129 ), #1937 ) ;
#1122 = CARTESIAN_POINT ( 'NONE',  ( 0.3200000000000003400, 1.700000000000000000, -3.942553354492747000E-017 ) ) ;
#1123 = SURFACE_STYLE_FILL_AREA ( #6518 ) ;
#1124 = VECTOR ( 'NONE', #1665, 1000.000000000000100 ) ;
#1125 = VECTOR ( 'NONE', #3184, 1000.000000000000000 ) ;
#1126 = EDGE_CURVE ( 'NONE', #5167, #161, #1286, .T. ) ;
#1127 = DIRECTION ( 'NONE',  ( -2.492418787322999200E-016, -0.0000000000000000000, -1.000000000000000000 ) ) ;
#1128 = DIRECTION ( 'NONE',  ( 0.0000000000000000000, 1.000000000000000000, 0.0000000000000000000 ) ) ;
#1129 =( GEOMETRIC_REPRESENTATION_CONTEXT ( 3 ) GLOBAL_UNCERTAINTY_ASSIGNED_CONTEXT ( ( #1790 ) ) GLOBAL_UNIT_ASSIGNED_CONTEXT ( ( #4537, #4469, #4431 ) ) REPRESENTATION_CONTEXT ( 'NONE', 'WORKASPACE' ) );
#1130 = PRESENTATION_LAYER_ASSIGNMENT (  '', '', ( #451 ) ) ;
#1131 = SURFACE_SIDE_STYLE ('',( #901 ) ) ;
#1132 = FILL_AREA_STYLE_COLOUR ( '', #411 ) ;
#1133 = DIRECTION ( 'NONE',  ( 0.7071067811865474600, 0.0000000000000000000, -0.7071067811865474600 ) ) ;
#1134 = FILL_AREA_STYLE_COLOUR ( '', #1942 ) ;
#1135 = COLOUR_RGB ( '',1.000000000000000000, 1.000000000000000000, 1.000000000000000000 ) ;
#1136 = LINE ( 'NONE', #2054, #3835 ) ;
#1137 =( GEOMETRIC_REPRESENTATION_CONTEXT ( 3 ) GLOBAL_UNCERTAINTY_ASSIGNED_CONTEXT ( ( #4340 ) ) GLOBAL_UNIT_ASSIGNED_CONTEXT ( ( #4235, #1220, #4764 ) ) REPRESENTATION_CONTEXT ( 'NONE', 'WORKASPACE' ) );
#1138 = CARTESIAN_POINT ( 'NONE',  ( 1.270000000000001800, 1.700000000000000000, 11.02999999999999900 ) ) ;
#1139 = DIRECTION ( 'NONE',  ( 2.464095846557964400E-016, 0.0000000000000000000, 1.000000000000000000 ) ) ;
#1140 = SURFACE_STYLE_FILL_AREA ( #230 ) ;
#1141 = VERTEX_POINT ( 'NONE', #1029 ) ;
#1142 = SURFACE_STYLE_USAGE ( .BOTH. , #4166 ) ;
#1143 = DIRECTION ( 'NONE',  ( -0.7071067811865475700, 0.0000000000000000000, -0.7071067811865475700 ) ) ;
#1144 = UNCERTAINTY_MEASURE_WITH_UNIT (LENGTH_MEASURE( 1.000000000000000100E-005 ), #4312, 'distance_accuracy_value', 'NONE');
#1145 = CARTESIAN_POINT ( 'NONE',  ( -0.3199999999999980600, -3.000000000000000000, 7.839999999999999900 ) ) ;
#1146 = VERTEX_POINT ( 'NONE', #2029 ) ;
#1147 = ORIENTED_EDGE ( 'NONE', *, *, #1900, .F. ) ;
#1148 = CARTESIAN_POINT ( 'NONE',  ( -0.3199999999999987300, -3.000000000000000000, 5.299999999999999800 ) ) ;
#1149 = PRESENTATION_LAYER_ASSIGNMENT (  '', '', ( #825 ) ) ;
#1151 = STYLED_ITEM ( 'NONE', ( #3478 ), #1498 ) ;
#1150 = DIRECTION ( 'NONE',  ( -0.0000000000000000000, -1.000000000000000000, -0.0000000000000000000 ) ) ;
#1152 = ORIENTED_EDGE ( 'NONE', *, *, #1311, .F. ) ;
#1153 = LINE ( 'NONE', #377, #6408 ) ;
#1154 = SURFACE_SIDE_STYLE ('',( #3246 ) ) ;
#1155 = CARTESIAN_POINT ( 'NONE',  ( 0.2200000000000012500, -3.000000000000000000, 4.760000000000000700 ) ) ;
#1156 = VERTEX_POINT ( 'NONE', #2049 ) ;
#1157 = DIRECTION ( 'NONE',  ( 0.0000000000000000000, 1.000000000000000000, 0.0000000000000000000 ) ) ;
#1158 = ORIENTED_EDGE ( 'NONE', *, *, #3548, .T. ) ;
#1159 = LINE ( 'NONE', #5975, #987 ) ;
#1160 = ORIENTED_EDGE ( 'NONE', *, *, #1980, .T. ) ;
#1161 = ORIENTED_EDGE ( 'NONE', *, *, #281, .F. ) ;
#1162 = ORIENTED_EDGE ( 'NONE', *, *, #6102, .T. ) ;
#1163 = VERTEX_POINT ( 'NONE', #2561 ) ;
#1164 =( NAMED_UNIT ( * ) SI_UNIT ( $, .STERADIAN. ) SOLID_ANGLE_UNIT ( ) );
#1165 = DIRECTION ( 'NONE',  ( -2.492418787322999200E-016, -0.0000000000000000000, -1.000000000000000000 ) ) ;
#1166 =( NAMED_UNIT ( * ) SI_UNIT ( $, .STERADIAN. ) SOLID_ANGLE_UNIT ( ) );
#1167 = ORIENTED_EDGE ( 'NONE', *, *, #2955, .T. ) ;
#1168 = VERTEX_POINT ( 'NONE', #1532 ) ;
#1169 = ORIENTED_EDGE ( 'NONE', *, *, #4785, .F. ) ;
#1170 = AXIS2_PLACEMENT_3D ( 'NONE', #2866, #6434, #3386 ) ;
#1171 = COLOUR_RGB ( '',1.000000000000000000, 1.000000000000000000, 1.000000000000000000 ) ;
#1172 = CARTESIAN_POINT ( 'NONE',  ( -0.2199999999999982000, 8.339999999999999900, 7.299999999999999800 ) ) ;
#1173 = SURFACE_STYLE_USAGE ( .BOTH. , #4195 ) ;
#1174 = FILL_AREA_STYLE ('',( #4196 ) ) ;
#1175 = VECTOR ( 'NONE', #4632, 1000.000000000000000 ) ;
#1176 = EDGE_CURVE ( 'NONE', #3311, #6560, #2612, .T. ) ;
#1177 = EDGE_CURVE ( 'NONE', #4973, #5529, #5164, .T. ) ;
#1178 = FACE_OUTER_BOUND ( 'NONE', #2547, .T. ) ;
#1179 = DIRECTION ( 'NONE',  ( 0.0000000000000000000, 1.000000000000000000, 0.0000000000000000000 ) ) ;
#1180 = EDGE_CURVE ( 'NONE', #2363, #5773, #1115, .T. ) ;
#1181 = FILL_AREA_STYLE ('',( #2157 ) ) ;
#1182 = CARTESIAN_POINT ( 'NONE',  ( 0.2200000000000006700, -3.000000000000000000, 2.860000000000000300 ) ) ;
#1183 = MECHANICAL_DESIGN_GEOMETRIC_PRESENTATION_REPRESENTATION (  '', ( #156 ), #1513 ) ;
#1184 = FACE_OUTER_BOUND ( 'NONE', #6220, .T. ) ;
#1185 = SURFACE_STYLE_USAGE ( .BOTH. , #4203 ) ;
#1186 = DIRECTION ( 'NONE',  ( -1.000000000000000000, 0.0000000000000000000, 2.492418787322999200E-016 ) ) ;
#1187 = LINE ( 'NONE', #5184, #1025 ) ;
#1188 = CARTESIAN_POINT ( 'NONE',  ( -0.8699999999999992200, 1.700000000000000000, 3.810000000000000100 ) ) ;
#1189 = PRESENTATION_LAYER_ASSIGNMENT (  '', '', ( #506 ) ) ;
#1190 = COLOUR_RGB ( '',0.0000000000000000000, 0.03529411764705882300, 0.05882352941176470500 ) ;
#1191 = ORIENTED_EDGE ( 'NONE', *, *, #5879, .T. ) ;
#1192 = DIRECTION ( 'NONE',  ( -0.7071067811865475700, 0.0000000000000000000, 0.7071067811865475700 ) ) ;
#1193 = FACE_OUTER_BOUND ( 'NONE', #4520, .T. ) ;
#1194 = DIRECTION ( 'NONE',  ( 0.0000000000000000000, 1.000000000000000000, 0.0000000000000000000 ) ) ;
#1195 = CARTESIAN_POINT ( 'NONE',  ( 0.3200000000000006200, 8.339999999999999900, 2.319999999999999800 ) ) ;
#1196 = LINE ( 'NONE', #3412, #3720 ) ;
#1197 = UNCERTAINTY_MEASURE_WITH_UNIT (LENGTH_MEASURE( 1.000000000000000100E-005 ), #3692, 'distance_accuracy_value', 'NONE');
#1198 =( LENGTH_UNIT ( ) NAMED_UNIT ( * ) SI_UNIT ( .MILLI., .METRE. ) );
#1199 = PLANE ( 'NONE',  #1326 ) ;
#1200 = AXIS2_PLACEMENT_3D ( 'NONE', #6451, #3413, #357 ) ;
#1201 = ORIENTED_EDGE ( 'NONE', *, *, #1309, .F. ) ;
#1202 =( NAMED_UNIT ( * ) PLANE_ANGLE_UNIT ( ) SI_UNIT ( $, .RADIAN. ) );
#1203 =( NAMED_UNIT ( * ) SI_UNIT ( $, .STERADIAN. ) SOLID_ANGLE_UNIT ( ) );
#1204 = SURFACE_STYLE_FILL_AREA ( #5587 ) ;
#1205 = CARTESIAN_POINT ( 'NONE',  ( -0.3200000000000000600, -3.000000000000000000, -0.2200000000000000800 ) ) ;
#1206 = LINE ( 'NONE', #3788, #1919 ) ;
#1207 = LINE ( 'NONE', #723, #3904 ) ;
#1208 = VECTOR ( 'NONE', #2882, 1000.000000000000000 ) ;
#1209 = MECHANICAL_DESIGN_GEOMETRIC_PRESENTATION_REPRESENTATION (  '', ( #179 ), #1535 ) ;
#1210 = DIRECTION ( 'NONE',  ( 0.0000000000000000000, 1.000000000000000000, 0.0000000000000000000 ) ) ;
#1211 = MECHANICAL_DESIGN_GEOMETRIC_PRESENTATION_REPRESENTATION (  '', ( #181 ), #1538 ) ;
#1212 = ADVANCED_FACE ( 'NONE', ( #950 ), #3070, .T. ) ;
#1213 = EDGE_CURVE ( 'NONE', #5525, #2637, #5728, .T. ) ;
#1214 = EDGE_CURVE ( 'NONE', #3972, #2261, #3177, .T. ) ;
#1215 = LINE ( 'NONE', #3151, #4953 ) ;
#1216 = LINE ( 'NONE', #3640, #1055 ) ;
#1217 = CARTESIAN_POINT ( 'NONE',  ( 0.2200000000000025000, -3.000000000000000000, 9.839999999999999900 ) ) ;
#1218 = CARTESIAN_POINT ( 'NONE',  ( -0.3199999999999975100, -3.000000000000000000, 9.940000000000001300 ) ) ;
#1219 = CARTESIAN_POINT ( 'NONE',  ( 0.3200000000000031200, -3.000000000000000000, 12.48000000000000200 ) ) ;
#1220 =( NAMED_UNIT ( * ) PLANE_ANGLE_UNIT ( ) SI_UNIT ( $, .RADIAN. ) );
#1221 = AXIS2_PLACEMENT_3D ( 'NONE', #5588, #2552, #6098 ) ;
#1222 = DIRECTION ( 'NONE',  ( 0.0000000000000000000, 1.000000000000000000, 0.0000000000000000000 ) ) ;
#1223 = DIRECTION ( 'NONE',  ( 0.7071067811865474600, 0.0000000000000000000, 0.7071067811865474600 ) ) ;
#1224 = CARTESIAN_POINT ( 'NONE',  ( -0.2199999999999993600, -3.000000000000000000, 2.860000000000000300 ) ) ;
#1225 = SURFACE_SIDE_STYLE ('',( #2926 ) ) ;
#1226 = FILL_AREA_STYLE_COLOUR ( '', #227 ) ;
#1227 = VECTOR ( 'NONE', #848, 1000.000000000000100 ) ;
#1228 = CARTESIAN_POINT ( 'NONE',  ( 0.3199999999999999500, -3.000000000000000000, -0.2200000000000000800 ) ) ;
#1229 = ORIENTED_EDGE ( 'NONE', *, *, #5961, .T. ) ;
#1230 = DIRECTION ( 'NONE',  ( 0.7071067811865474600, 0.0000000000000000000, 0.7071067811865474600 ) ) ;
#1231 = PRESENTATION_LAYER_ASSIGNMENT (  '', '', ( #543 ) ) ;
#1232 = UNCERTAINTY_MEASURE_WITH_UNIT (LENGTH_MEASURE( 1.000000000000000100E-005 ), #2012, 'distance_accuracy_value', 'NONE');
#1233 = ORIENTED_EDGE ( 'NONE', *, *, #1549, .F. ) ;
#1234 = PLANE ( 'NONE',  #1958 ) ;
#1235 =( LENGTH_UNIT ( ) NAMED_UNIT ( * ) SI_UNIT ( .MILLI., .METRE. ) );
#1236 = ORIENTED_EDGE ( 'NONE', *, *, #4569, .F. ) ;
#1237 = COLOUR_RGB ( '',0.0000000000000000000, 0.03529411764705882300, 0.05882352941176470500 ) ;
#1238 = VERTEX_POINT ( 'NONE', #5654 ) ;
#1239 = MECHANICAL_DESIGN_GEOMETRIC_PRESENTATION_REPRESENTATION (  '', ( #214 ), #1576 ) ;
#1240 = CARTESIAN_POINT ( 'NONE',  ( -0.3199999999999981700, 8.339999999999999900, 7.400000000000000400 ) ) ;
#1241 = ORIENTED_EDGE ( 'NONE', *, *, #3973, .T. ) ;
#1242 =( NAMED_UNIT ( * ) SI_UNIT ( $, .STERADIAN. ) SOLID_ANGLE_UNIT ( ) );
#1243 = CARTESIAN_POINT ( 'NONE',  ( 0.2200000000000000300, -3.000000000000000000, 0.3199999999999999500 ) ) ;
#1244 = ORIENTED_EDGE ( 'NONE', *, *, #94, .F. ) ;
#1245 =( NAMED_UNIT ( * ) PLANE_ANGLE_UNIT ( ) SI_UNIT ( $, .RADIAN. ) );
#1246 = VECTOR ( 'NONE', #2006, 1000.000000000000000 ) ;
#1247 = CARTESIAN_POINT ( 'NONE',  ( -0.3200000000000003400, 0.2999999999999999900, -1.270000000000000500 ) ) ;
#1248 = ORIENTED_EDGE ( 'NONE', *, *, #372, .F. ) ;
#1249 = ORIENTED_EDGE ( 'NONE', *, *, #4521, .F. ) ;
#1250 =( LENGTH_UNIT ( ) NAMED_UNIT ( * ) SI_UNIT ( .MILLI., .METRE. ) );
#1251 = SURFACE_SIDE_STYLE ('',( #6287 ) ) ;
#1252 = DIRECTION ( 'NONE',  ( -0.0000000000000000000, -1.000000000000000000, -0.0000000000000000000 ) ) ;
#1253 = CARTESIAN_POINT ( 'NONE',  ( 0.2200000000000013100, -3.000000000000000000, 5.400000000000000400 ) ) ;
#1254 = ORIENTED_EDGE ( 'NONE', *, *, #5839, .F. ) ;
#1255 = ORIENTED_EDGE ( 'NONE', *, *, #2371, .T. ) ;
#1256 = ORIENTED_EDGE ( 'NONE', *, *, #5397, .T. ) ;
#1257 = ADVANCED_FACE ( 'NONE', ( #1667 ), #4118, .F. ) ;
#1258 = CARTESIAN_POINT ( 'NONE',  ( 1.270000000000000000, 1.700000000000000000, 4.210000000000000000 ) ) ;
#1259 = EDGE_LOOP ( 'NONE', ( #3600, #5388, #5857, #3055 ) ) ;
#1260 = ORIENTED_EDGE ( 'NONE', *, *, #1507, .T. ) ;
#1261 =( LENGTH_UNIT ( ) NAMED_UNIT ( * ) SI_UNIT ( .MILLI., .METRE. ) );
#1262 = VERTEX_POINT ( 'NONE', #2599 ) ;
#1263 = SURFACE_STYLE_USAGE ( .BOTH. , #4283 ) ;
#1264 = LINE ( 'NONE', #3019, #5142 ) ;
#1265 = LINE ( 'NONE', #152, #2596 ) ;
#1266 = FACE_OUTER_BOUND ( 'NONE', #4733, .T. ) ;
#1267 = CARTESIAN_POINT ( 'NONE',  ( 6.340000000000002500, 0.2999999999999999900, 5.820000000000002100 ) ) ;
#1268 = EDGE_CURVE ( 'NONE', #4571, #6082, #2538, .T. ) ;
#1269 =( GEOMETRIC_REPRESENTATION_CONTEXT ( 3 ) GLOBAL_UNCERTAINTY_ASSIGNED_CONTEXT ( ( #3223 ) ) GLOBAL_UNIT_ASSIGNED_CONTEXT ( ( #2125, #5690, #2630 ) ) REPRESENTATION_CONTEXT ( 'NONE', 'WORKASPACE' ) );
#1270 = AXIS2_PLACEMENT_3D ( 'NONE', #902, #4450, #1421 ) ;
#1271 = PRESENTATION_STYLE_ASSIGNMENT (( #5064 ) ) ;
#1272 = DIRECTION ( 'NONE',  ( -0.0000000000000000000, -0.0000000000000000000, 1.000000000000000000 ) ) ;
#1273 = CARTESIAN_POINT ( 'NONE',  ( 0.3200000000000031200, -3.000000000000000000, 12.48000000000000200 ) ) ;
#1274 = DIRECTION ( 'NONE',  ( -1.000000000000000000, 0.0000000000000000000, 0.0000000000000000000 ) ) ;
#1275 = EDGE_CURVE ( 'NONE', #6550, #4895, #6439, .T. ) ;
#1276 =( LENGTH_UNIT ( ) NAMED_UNIT ( * ) SI_UNIT ( .MILLI., .METRE. ) );
#1277 = CARTESIAN_POINT ( 'NONE',  ( 0.3200000000000025600, -3.000000000000000000, 10.38000000000000100 ) ) ;
#1278 = FACE_OUTER_BOUND ( 'NONE', #2143, .T. ) ;
#1279 = DIRECTION ( 'NONE',  ( 0.0000000000000000000, 0.0000000000000000000, -1.000000000000000000 ) ) ;
#1280 = PLANE ( 'NONE',  #6043 ) ;
#1281 = EDGE_CURVE ( 'NONE', #752, #978, #1187, .T. ) ;
#1282 = UNCERTAINTY_MEASURE_WITH_UNIT (LENGTH_MEASURE( 1.000000000000000100E-005 ), #1084, 'distance_accuracy_value', 'NONE');
#1283 = VECTOR ( 'NONE', #598, 1000.000000000000000 ) ;
#1284 =( GEOMETRIC_REPRESENTATION_CONTEXT ( 3 ) GLOBAL_UNCERTAINTY_ASSIGNED_CONTEXT ( ( #373 ) ) GLOBAL_UNIT_ASSIGNED_CONTEXT ( ( #1261, #4800, #1767 ) ) REPRESENTATION_CONTEXT ( 'NONE', 'WORKASPACE' ) );
#1285 = DIRECTION ( 'NONE',  ( 2.464095846557964400E-016, 0.0000000000000000000, 1.000000000000000000 ) ) ;
#1286 = LINE ( 'NONE', #4578, #3808 ) ;
#1287 = FILL_AREA_STYLE_COLOUR ( '', #3104 ) ;
#1288 = FILL_AREA_STYLE ('',( #253 ) ) ;
#1289 = ORIENTED_EDGE ( 'NONE', *, *, #1903, .T. ) ;
#1290 =( NAMED_UNIT ( * ) PLANE_ANGLE_UNIT ( ) SI_UNIT ( $, .RADIAN. ) );
#1291 = ADVANCED_FACE ( 'NONE', ( #3714 ), #3658, .T. ) ;
#1292 = SURFACE_STYLE_FILL_AREA ( #5906 ) ;
#1293 = COLOUR_RGB ( '',0.0000000000000000000, 0.03529411764705882300, 0.05882352941176470500 ) ;
#1294 =( NAMED_UNIT ( * ) PLANE_ANGLE_UNIT ( ) SI_UNIT ( $, .RADIAN. ) );
#1295 = FILL_AREA_STYLE ('',( #780 ) ) ;
#1296 = SURFACE_STYLE_USAGE ( .BOTH. , #1756 ) ;
#1297 = DIRECTION ( 'NONE',  ( 0.0000000000000000000, 1.000000000000000000, 0.0000000000000000000 ) ) ;
#1298 =( NAMED_UNIT ( * ) PLANE_ANGLE_UNIT ( ) SI_UNIT ( $, .RADIAN. ) );
#1299 = STYLED_ITEM ( 'NONE', ( #1353 ), #5415 ) ;
#1300 = LINE ( 'NONE', #1626, #3822 ) ;
#1301 = UNCERTAINTY_MEASURE_WITH_UNIT (LENGTH_MEASURE( 1.000000000000000100E-005 ), #4559, 'distance_accuracy_value', 'NONE');
#1302 = CARTESIAN_POINT ( 'NONE',  ( -0.3199999999999994500, -3.000000000000000000, 2.319999999999999800 ) ) ;
#1303 = SURFACE_SIDE_STYLE ('',( #345 ) ) ;
#1304 = SURFACE_STYLE_USAGE ( .BOTH. , #4331 ) ;
#1305 = LINE ( 'NONE', #4422, #2483 ) ;
#1306 = STYLED_ITEM ( 'NONE', ( #4608 ), #2999 ) ;
#1307 = STYLED_ITEM ( 'NONE', ( #2485 ), #2501 ) ;
#1308 = DIRECTION ( 'NONE',  ( 1.000000000000000000, -0.0000000000000000000, -2.492418787322999700E-016 ) ) ;
#1309 = EDGE_CURVE ( 'NONE', #6083, #2435, #4438, .T. ) ;
#1310 = EDGE_CURVE ( 'NONE', #6149, #3933, #5816, .T. ) ;
#1311 = EDGE_CURVE ( 'NONE', #6538, #849, #3089, .T. ) ;
#1312 = ORIENTED_EDGE ( 'NONE', *, *, #6150, .F. ) ;
#1313 =( NAMED_UNIT ( * ) PLANE_ANGLE_UNIT ( ) SI_UNIT ( $, .RADIAN. ) );
#1314 = PLANE ( 'NONE',  #6214 ) ;
#1315 = PRESENTATION_LAYER_ASSIGNMENT (  '', '', ( #631 ) ) ;
#1316 = SURFACE_SIDE_STYLE ('',( #5543 ) ) ;
#1317 = VERTEX_POINT ( 'NONE', #5234 ) ;
#1318 = VECTOR ( 'NONE', #2160, 1000.000000000000100 ) ;
#1319 = VECTOR ( 'NONE', #3832, 1000.000000000000100 ) ;
#1320 = ADVANCED_FACE ( 'NONE', ( #2931 ), #6250, .F. ) ;
#1321 =( NAMED_UNIT ( * ) SI_UNIT ( $, .STERADIAN. ) SOLID_ANGLE_UNIT ( ) );
#1322 = ORIENTED_EDGE ( 'NONE', *, *, #4964, .T. ) ;
#1323 = CARTESIAN_POINT ( 'NONE',  ( -1.269999999999998000, 1.700000000000000000, 9.289999999999999100 ) ) ;
#1324 = CARTESIAN_POINT ( 'NONE',  ( -0.8699999999999985500, 0.0000000000000000000, 6.349999999999999600 ) ) ;
#1325 = COLOUR_RGB ( '',0.0000000000000000000, 0.03529411764705882300, 0.05882352941176470500 ) ;
#1326 = AXIS2_PLACEMENT_3D ( 'NONE', #6282, #3247, #195 ) ;
#1327 = ORIENTED_EDGE ( 'NONE', *, *, #4261, .T. ) ;
#1328 = EDGE_LOOP ( 'NONE', ( #3457, #3414, #766, #3937 ) ) ;
#1329 = DIRECTION ( 'NONE',  ( 0.0000000000000000000, 1.000000000000000000, 0.0000000000000000000 ) ) ;
#1330 = VERTEX_POINT ( 'NONE', #6266 ) ;
#1331 = EDGE_LOOP ( 'NONE', ( #3231, #6472, #4806, #2918 ) ) ;
#1332 = ORIENTED_EDGE ( 'NONE', *, *, #846, .T. ) ;
#1333 = STYLED_ITEM ( 'NONE', ( #4757 ), #4947 ) ;
#1334 =( LENGTH_UNIT ( ) NAMED_UNIT ( * ) SI_UNIT ( .MILLI., .METRE. ) );
#1335 = PLANE ( 'NONE',  #1666 ) ;
#1336 = ORIENTED_EDGE ( 'NONE', *, *, #4009, .F. ) ;
#1337 = ORIENTED_EDGE ( 'NONE', *, *, #2182, .F. ) ;
#1338 = VERTEX_POINT ( 'NONE', #4729 ) ;
#1339 = FACE_OUTER_BOUND ( 'NONE', #2987, .T. ) ;
#1340 = PLANE ( 'NONE',  #1452 ) ;
#1341 = PRESENTATION_STYLE_ASSIGNMENT (( #4273 ) ) ;
#1342 = DIRECTION ( 'NONE',  ( 0.0000000000000000000, -1.000000000000000000, 0.0000000000000000000 ) ) ;
#1343 = DIRECTION ( 'NONE',  ( 0.7071067811865474600, 0.0000000000000000000, 0.7071067811865474600 ) ) ;
#1344 =( NAMED_UNIT ( * ) SI_UNIT ( $, .STERADIAN. ) SOLID_ANGLE_UNIT ( ) );
#1345 = ORIENTED_EDGE ( 'NONE', *, *, #2955, .F. ) ;
#1346 = CARTESIAN_POINT ( 'NONE',  ( 0.3200000000000012300, -3.000000000000000000, 4.860000000000000300 ) ) ;
#1347 = PRESENTATION_LAYER_ASSIGNMENT (  '', '', ( #651 ) ) ;
#1348 = PRESENTATION_LAYER_ASSIGNMENT (  '', '', ( #653 ) ) ;
#1349 =( NAMED_UNIT ( * ) PLANE_ANGLE_UNIT ( ) SI_UNIT ( $, .RADIAN. ) );
#1350 = SURFACE_SIDE_STYLE ('',( #1990 ) ) ;
#1351 = CARTESIAN_POINT ( 'NONE',  ( 0.3200000000000006700, 8.339999999999999900, 2.760000000000000200 ) ) ;
#1352 =( NAMED_UNIT ( * ) SI_UNIT ( $, .STERADIAN. ) SOLID_ANGLE_UNIT ( ) );
#1353 = PRESENTATION_STYLE_ASSIGNMENT (( #5744 ) ) ;
#1354 = EDGE_CURVE ( 'NONE', #4410, #2359, #5157, .T. ) ;
#1355 = COLOUR_RGB ( '',0.0000000000000000000, 0.03529411764705882300, 0.05882352941176470500 ) ;
#1356 = SURFACE_SIDE_STYLE ('',( #922 ) ) ;
#1357 = EDGE_CURVE ( 'NONE', #4493, #1034, #3800, .T. ) ;
#1358 = STYLED_ITEM ( 'NONE', ( #1527 ), #344 ) ;
#1359 = ADVANCED_FACE ( 'NONE', ( #3631 ), #4228, .T. ) ;
#1360 = ORIENTED_EDGE ( 'NONE', *, *, #657, .F. ) ;
#1361 =( GEOMETRIC_REPRESENTATION_CONTEXT ( 3 ) GLOBAL_UNCERTAINTY_ASSIGNED_CONTEXT ( ( #5233 ) ) GLOBAL_UNIT_ASSIGNED_CONTEXT ( ( #2195, #5776, #2701 ) ) REPRESENTATION_CONTEXT ( 'NONE', 'WORKASPACE' ) );
#1362 = SURFACE_STYLE_FILL_AREA ( #742 ) ;
#1363 = DIRECTION ( 'NONE',  ( 0.7071067811865474600, -0.0000000000000000000, -0.7071067811865474600 ) ) ;
#1364 = UNCERTAINTY_MEASURE_WITH_UNIT (LENGTH_MEASURE( 1.000000000000000100E-005 ), #6052, 'distance_accuracy_value', 'NONE');
#1365 = VECTOR ( 'NONE', #2556, 1000.000000000000000 ) ;
#1366 = DIRECTION ( 'NONE',  ( 0.7071067811865475700, 0.0000000000000000000, -0.7071067811865475700 ) ) ;
#1367 = CARTESIAN_POINT ( 'NONE',  ( 0.3200000000000006200, -3.000000000000000000, 2.319999999999999800 ) ) ;
#1368 = CARTESIAN_POINT ( 'NONE',  ( -1.270000000000000500, 0.0000000000000000000, -0.8700000000000003300 ) ) ;
#1369 = AXIS2_PLACEMENT_3D ( 'NONE', #5018, #1975, #5528 ) ;
#1370 = DIRECTION ( 'NONE',  ( 0.0000000000000000000, 0.0000000000000000000, -1.000000000000000000 ) ) ;
#1371 = LINE ( 'NONE', #385, #3567 ) ;
#1372 = ORIENTED_EDGE ( 'NONE', *, *, #282, .F. ) ;
#1373 = LINE ( 'NONE', #6071, #5254 ) ;
#1374 = SURFACE_STYLE_USAGE ( .BOTH. , #4398 ) ;
#1375 = FILL_AREA_STYLE ('',( #340 ) ) ;
#1376 = ORIENTED_EDGE ( 'NONE', *, *, #443, .T. ) ;
#1377 = PRESENTATION_LAYER_ASSIGNMENT (  '', '', ( #1020 ) ) ;
#1378 =( NAMED_UNIT ( * ) SI_UNIT ( $, .STERADIAN. ) SOLID_ANGLE_UNIT ( ) );
#1379 = LINE ( 'NONE', #1954, #5269 ) ;
#1380 = DIRECTION ( 'NONE',  ( 0.0000000000000000000, -1.000000000000000000, 0.0000000000000000000 ) ) ;
#1381 =( GEOMETRIC_REPRESENTATION_CONTEXT ( 3 ) GLOBAL_UNCERTAINTY_ASSIGNED_CONTEXT ( ( #4270 ) ) GLOBAL_UNIT_ASSIGNED_CONTEXT ( ( #1664, #5220, #2156 ) ) REPRESENTATION_CONTEXT ( 'NONE', 'WORKASPACE' ) );
#1382 = ADVANCED_FACE ( 'NONE', ( #3168 ), #1234, .T. ) ;
#1383 = SURFACE_SIDE_STYLE ('',( #6458 ) ) ;
#1384 = CARTESIAN_POINT ( 'NONE',  ( -1.270000000000000000, 0.0000000000000000000, 0.8699999999999998800 ) ) ;
#1385 = DIRECTION ( 'NONE',  ( 2.464095846557964400E-016, 0.0000000000000000000, 1.000000000000000000 ) ) ;
#1386 = CARTESIAN_POINT ( 'NONE',  ( 0.3200000000000018900, 8.339999999999999900, 7.400000000000000400 ) ) ;
#1387 = MECHANICAL_DESIGN_GEOMETRIC_PRESENTATION_REPRESENTATION (  '', ( #359 ), #1729 ) ;
#1388 = FACE_OUTER_BOUND ( 'NONE', #4478, .T. ) ;
#1389 = CARTESIAN_POINT ( 'NONE',  ( -0.3199999999999980600, -3.000000000000000000, 7.839999999999999900 ) ) ;
#1390 = ORIENTED_EDGE ( 'NONE', *, *, #3130, .F. ) ;
#1391 = VECTOR ( 'NONE', #5462, 1000.000000000000100 ) ;
#1392 = EDGE_CURVE ( 'NONE', #5199, #1262, #4025, .T. ) ;
#1393 = EDGE_CURVE ( 'NONE', #4571, #3314, #2679, .T. ) ;
#1394 = VERTEX_POINT ( 'NONE', #5845 ) ;
#1395 = VECTOR ( 'NONE', #3110, 1000.000000000000000 ) ;
#1396 = EDGE_CURVE ( 'NONE', #5317, #1817, #3883, .T. ) ;
#1397 = PRESENTATION_STYLE_ASSIGNMENT (( #5784 ) ) ;
#1398 = EDGE_LOOP ( 'NONE', ( #4681, #4037, #6374, #2513 ) ) ;
#1399 = MECHANICAL_DESIGN_GEOMETRIC_PRESENTATION_REPRESENTATION (  '', ( #376 ), #1744 ) ;
#1400 = DIRECTION ( 'NONE',  ( -0.7071067811865474600, -0.0000000000000000000, -0.7071067811865474600 ) ) ;
#1401 =( NAMED_UNIT ( * ) PLANE_ANGLE_UNIT ( ) SI_UNIT ( $, .RADIAN. ) );
#1402 = ORIENTED_EDGE ( 'NONE', *, *, #5313, .F. ) ;
#1403 = ORIENTED_EDGE ( 'NONE', *, *, #4738, .T. ) ;
#1404 = EDGE_LOOP ( 'NONE', ( #4603, #1169, #5451, #5089 ) ) ;
#1405 = EDGE_LOOP ( 'NONE', ( #2163, #3547, #211, #3352 ) ) ;
#1406 = ORIENTED_EDGE ( 'NONE', *, *, #1679, .T. ) ;
#1407 = DIRECTION ( 'NONE',  ( 0.7071067811865475700, 0.0000000000000000000, -0.7071067811865475700 ) ) ;
#1408 = ORIENTED_EDGE ( 'NONE', *, *, #750, .T. ) ;
#1409 = CARTESIAN_POINT ( 'NONE',  ( -4.079999999999999200, 1.700000000000000000, 4.079999999999999200 ) ) ;
#1410 =( GEOMETRIC_REPRESENTATION_CONTEXT ( 3 ) GLOBAL_UNCERTAINTY_ASSIGNED_CONTEXT ( ( #1722 ) ) GLOBAL_UNIT_ASSIGNED_CONTEXT ( ( #4687, #1656, #5204 ) ) REPRESENTATION_CONTEXT ( 'NONE', 'WORKASPACE' ) );
#1411 = ORIENTED_EDGE ( 'NONE', *, *, #1213, .T. ) ;
#1412 = PRESENTATION_STYLE_ASSIGNMENT (( #3678 ) ) ;
#1413 = VECTOR ( 'NONE', #4851, 1000.000000000000100 ) ;
#1414 = ORIENTED_EDGE ( 'NONE', *, *, #577, .F. ) ;
#1415 = DIRECTION ( 'NONE',  ( -0.7071067811865474600, 0.0000000000000000000, -0.7071067811865474600 ) ) ;
#1416 = ORIENTED_EDGE ( 'NONE', *, *, #3896, .T. ) ;
#1417 = EDGE_LOOP ( 'NONE', ( #2674, #2025, #673, #5998 ) ) ;
#1418 = ADVANCED_FACE ( 'NONE', ( #1184 ), #771, .F. ) ;
#1419 = VECTOR ( 'NONE', #3003, 1000.000000000000000 ) ;
#1420 = MECHANICAL_DESIGN_GEOMETRIC_PRESENTATION_REPRESENTATION (  '', ( #391 ), #1760 ) ;
#1421 = DIRECTION ( 'NONE',  ( 0.0000000000000000000, 0.0000000000000000000, -1.000000000000000000 ) ) ;
#1422 = CARTESIAN_POINT ( 'NONE',  ( 0.2200000000000018900, 1.700000000000000000, 4.760000000000000700 ) ) ;
#1423 = COLOUR_RGB ( '',1.000000000000000000, 1.000000000000000000, 1.000000000000000000 ) ;
#1424 = DIRECTION ( 'NONE',  ( 0.7071067811865474600, 0.0000000000000000000, 0.7071067811865474600 ) ) ;
#1425 = DIRECTION ( 'NONE',  ( -0.7071067811865474600, 0.0000000000000000000, -0.7071067811865474600 ) ) ;
#1426 = VECTOR ( 'NONE', #4357, 1000.000000000000000 ) ;
#1427 = SURFACE_STYLE_USAGE ( .BOTH. , #4461 ) ;
#1428 = PLANE ( 'NONE',  #5288 ) ;
#1429 = PRESENTATION_STYLE_ASSIGNMENT (( #5177 ) ) ;
#1430 = EDGE_CURVE ( 'NONE', #5299, #4910, #705, .T. ) ;
#1431 = EDGE_CURVE ( 'NONE', #513, #1468, #2048, .T. ) ;
#1432 = CARTESIAN_POINT ( 'NONE',  ( -0.7500000000000000000, 0.2999999999999999900, 2.220000000000000600 ) ) ;
#1433 = EDGE_CURVE ( 'NONE', #1330, #3142, #4754, .T. ) ;
#1434 = VECTOR ( 'NONE', #1008, 1000.000000000000100 ) ;
#1435 = UNCERTAINTY_MEASURE_WITH_UNIT (LENGTH_MEASURE( 1.000000000000000100E-005 ), #1991, 'distance_accuracy_value', 'NONE');
#1436 = AXIS2_PLACEMENT_3D ( 'NONE', #2975, #6527, #3488 ) ;
#1437 = LINE ( 'NONE', #5711, #4522 ) ;
#1438 =( LENGTH_UNIT ( ) NAMED_UNIT ( * ) SI_UNIT ( .MILLI., .METRE. ) );
#1439 = VERTEX_POINT ( 'NONE', #6039 ) ;
#1440 = PRESENTATION_LAYER_ASSIGNMENT (  '', '', ( #767 ) ) ;
#1441 = ADVANCED_FACE ( 'NONE', ( #5808 ), #3502, .T. ) ;
#1443 = STYLED_ITEM ( 'NONE', ( #5495 ), #857 ) ;
#1442 = DIRECTION ( 'NONE',  ( -0.7071067811865475700, 0.0000000000000000000, 0.7071067811865475700 ) ) ;
#1444 = FACE_OUTER_BOUND ( 'NONE', #136, .T. ) ;
#1445 = SURFACE_SIDE_STYLE ('',( #4717 ) ) ;
#1446 = COLOUR_RGB ( '',1.000000000000000000, 1.000000000000000000, 1.000000000000000000 ) ;
#1447 = FACE_OUTER_BOUND ( 'NONE', #6309, .T. ) ;
#1448 = PRESENTATION_STYLE_ASSIGNMENT (( #1017 ) ) ;
#1449 = DIRECTION ( 'NONE',  ( 0.7071067811865475700, -0.0000000000000000000, 0.7071067811865475700 ) ) ;
#1450 = EDGE_LOOP ( 'NONE', ( #2941, #1698, #5212, #6284 ) ) ;
#1451 =( NAMED_UNIT ( * ) SI_UNIT ( $, .STERADIAN. ) SOLID_ANGLE_UNIT ( ) );
#1452 = AXIS2_PLACEMENT_3D ( 'NONE', #4391, #1366, #4912 ) ;
#1453 =( NAMED_UNIT ( * ) SI_UNIT ( $, .STERADIAN. ) SOLID_ANGLE_UNIT ( ) );
#1454 = DIRECTION ( 'NONE',  ( 2.464095846557964400E-016, 0.0000000000000000000, 1.000000000000000000 ) ) ;
#1455 = EDGE_CURVE ( 'NONE', #5937, #514, #5329, .T. ) ;
#1456 = ORIENTED_EDGE ( 'NONE', *, *, #6271, .T. ) ;
#1457 = VECTOR ( 'NONE', #3650, 1000.000000000000000 ) ;
#1458 = UNCERTAINTY_MEASURE_WITH_UNIT (LENGTH_MEASURE( 1.000000000000000100E-005 ), #2449, 'distance_accuracy_value', 'NONE');
#1459 = DIRECTION ( 'NONE',  ( -0.7071067811865474600, 0.0000000000000000000, 0.7071067811865474600 ) ) ;
#1460 = LINE ( 'NONE', #2356, #1319 ) ;
#1461 = MECHANICAL_DESIGN_GEOMETRIC_PRESENTATION_REPRESENTATION (  '', ( #451 ), #1825 ) ;
#1462 = ORIENTED_EDGE ( 'NONE', *, *, #2571, .F. ) ;
#1463 = VERTEX_POINT ( 'NONE', #2990 ) ;
#1464 = ADVANCED_FACE ( 'NONE', ( #64 ), #3010, .T. ) ;
#1465 = VECTOR ( 'NONE', #5145, 1000.000000000000100 ) ;
#1466 = ORIENTED_EDGE ( 'NONE', *, *, #3804, .T. ) ;
#1467 = DIRECTION ( 'NONE',  ( -0.7071067811865475700, 0.0000000000000000000, 0.7071067811865475700 ) ) ;
#1468 = VERTEX_POINT ( 'NONE', #3029 ) ;
#1469 = VERTEX_POINT ( 'NONE', #4561 ) ;
#1470 = CARTESIAN_POINT ( 'NONE',  ( 2.530000000000000200, 0.2999999999999999900, 2.009999999999999800 ) ) ;
#1471 = ORIENTED_EDGE ( 'NONE', *, *, #4613, .T. ) ;
#1472 = COLOUR_RGB ( '',1.000000000000000000, 1.000000000000000000, 1.000000000000000000 ) ;
#1473 = STYLED_ITEM ( 'NONE', ( #3829 ), #3987 ) ;
#1474 = COLOUR_RGB ( '',1.000000000000000000, 1.000000000000000000, 1.000000000000000000 ) ;
#1475 = UNCERTAINTY_MEASURE_WITH_UNIT (LENGTH_MEASURE( 1.000000000000000100E-005 ), #3297, 'distance_accuracy_value', 'NONE');
#1476 = SURFACE_SIDE_STYLE ('',( #3688 ) ) ;
#1477 = ORIENTED_EDGE ( 'NONE', *, *, #4738, .F. ) ;
#1478 = ORIENTED_EDGE ( 'NONE', *, *, #6191, .F. ) ;
#1479 = CARTESIAN_POINT ( 'NONE',  ( 1.269999999999999800, 0.0000000000000000000, 3.409999999999999700 ) ) ;
#1480 = PRESENTATION_STYLE_ASSIGNMENT (( #4470 ) ) ;
#1481 =( NAMED_UNIT ( * ) SI_UNIT ( $, .STERADIAN. ) SOLID_ANGLE_UNIT ( ) );
#1482 = CARTESIAN_POINT ( 'NONE',  ( 0.8700000000000017700, 0.0000000000000000000, 11.43000000000000000 ) ) ;
#1483 = MECHANICAL_DESIGN_GEOMETRIC_PRESENTATION_REPRESENTATION (  '', ( #825 ), #1841 ) ;
#1484 = FILL_AREA_STYLE ('',( #5570 ) ) ;
#1485 = AXIS2_PLACEMENT_3D ( 'NONE', #6587, #3545, #508 ) ;
#1486 = CARTESIAN_POINT ( 'NONE',  ( -0.2199999999999987000, -3.000000000000000000, 5.400000000000000400 ) ) ;
#1487 = ORIENTED_EDGE ( 'NONE', *, *, #6104, .T. ) ;
#1488 = FACE_OUTER_BOUND ( 'NONE', #5140, .T. ) ;
#1489 = VECTOR ( 'NONE', #3834, 1000.000000000000100 ) ;
#1490 = PLANE ( 'NONE',  #2541 ) ;
#1491 = FACE_OUTER_BOUND ( 'NONE', #3063, .T. ) ;
#1492 = FACE_OUTER_BOUND ( 'NONE', #6023, .T. ) ;
#1493 = LINE ( 'NONE', #646, #4023 ) ;
#1494 = CARTESIAN_POINT ( 'NONE',  ( 0.8699999999999998800, 1.700000000000000000, 3.809999999999999600 ) ) ;
#1495 = CARTESIAN_POINT ( 'NONE',  ( -0.8699999999999994400, 1.700000000000000000, 3.810000000000000100 ) ) ;
#1496 = SURFACE_STYLE_FILL_AREA ( #3000 ) ;
#1497 = DIRECTION ( 'NONE',  ( -0.7071067811865474600, 0.0000000000000000000, -0.7071067811865474600 ) ) ;
#1498 = ADVANCED_FACE ( 'NONE', ( #4843 ), #1522, .T. ) ;
#1499 = CARTESIAN_POINT ( 'NONE',  ( -1.269999999999998000, 1.700000000000000000, 9.289999999999999100 ) ) ;
#1500 = DIRECTION ( 'NONE',  ( -2.492418787322999200E-016, -0.0000000000000000000, -1.000000000000000000 ) ) ;
#1501 = PRESENTATION_LAYER_ASSIGNMENT (  '', '', ( #839 ) ) ;
#1502 = ORIENTED_EDGE ( 'NONE', *, *, #1268, .F. ) ;
#1503 = SURFACE_SIDE_STYLE ('',( #2598 ) ) ;
#1504 = EDGE_LOOP ( 'NONE', ( #2161, #428, #441, #2816 ) ) ;
#1505 = CARTESIAN_POINT ( 'NONE',  ( 0.3200000000000016200, 1.700000000000000000, -3.942553354492763000E-017 ) ) ;
#1506 = FILL_AREA_STYLE_COLOUR ( '', #5474 ) ;
#1507 = EDGE_CURVE ( 'NONE', #5598, #5783, #2995, .T. ) ;
#1508 = EDGE_CURVE ( 'NONE', #6017, #39, #4353, .T. ) ;
#1509 = LINE ( 'NONE', #4921, #160 ) ;
#1510 = EDGE_CURVE ( 'NONE', #1141, #369, #1654, .T. ) ;
#1511 = ORIENTED_EDGE ( 'NONE', *, *, #4569, .T. ) ;
#1512 = SURFACE_STYLE_USAGE ( .BOTH. , #4547 ) ;
#1513 =( GEOMETRIC_REPRESENTATION_CONTEXT ( 3 ) GLOBAL_UNCERTAINTY_ASSIGNED_CONTEXT ( ( #871 ) ) GLOBAL_UNIT_ASSIGNED_CONTEXT ( ( #475, #4013, #977 ) ) REPRESENTATION_CONTEXT ( 'NONE', 'WORKASPACE' ) );
#1514 = CARTESIAN_POINT ( 'NONE',  ( -0.2199999999999988400, 1.700000000000000000, 5.399999999999999500 ) ) ;
#1515 = FACE_OUTER_BOUND ( 'NONE', #2351, .T. ) ;
#1516 = COLOUR_RGB ( '',1.000000000000000000, 1.000000000000000000, 1.000000000000000000 ) ;
#1517 = DIRECTION ( 'NONE',  ( -0.7071067811865475700, 0.0000000000000000000, -0.7071067811865475700 ) ) ;
#1518 = DIRECTION ( 'NONE',  ( -1.232047923278982200E-016, 0.0000000000000000000, -1.000000000000000000 ) ) ;
#1520 = MECHANICAL_DESIGN_GEOMETRIC_PRESENTATION_REPRESENTATION (  '', ( #506 ), #1877 ) ;
#1519 = PLANE ( 'NONE',  #5104 ) ;
#1521 =( NAMED_UNIT ( * ) PLANE_ANGLE_UNIT ( ) SI_UNIT ( $, .RADIAN. ) );
#1522 = PLANE ( 'NONE',  #4915 ) ;
#1523 = CARTESIAN_POINT ( 'NONE',  ( 0.8700000000000005500, 1.700000000000000000, 6.349999999999999600 ) ) ;
#1524 = CARTESIAN_POINT ( 'NONE',  ( -0.3199999999999974000, 0.2999999999999999900, 9.940000000000001300 ) ) ;
#1525 = PRESENTATION_LAYER_ASSIGNMENT (  '', '', ( #869 ) ) ;
#1526 = ORIENTED_EDGE ( 'NONE', *, *, #4172, .T. ) ;
#1527 = PRESENTATION_STYLE_ASSIGNMENT (( #5271 ) ) ;
#1528 = ADVANCED_FACE ( 'NONE', ( #1488 ), #2057, .F. ) ;
#1529 = DIRECTION ( 'NONE',  ( 1.000000000000000000, -0.0000000000000000000, 0.0000000000000000000 ) ) ;
#1530 = LINE ( 'NONE', #110, #4060 ) ;
#1531 = VERTEX_POINT ( 'NONE', #4088 ) ;
#1532 = CARTESIAN_POINT ( 'NONE',  ( -0.8699999999999970000, 0.0000000000000000000, 13.97000000000000100 ) ) ;
#1533 =( LENGTH_UNIT ( ) NAMED_UNIT ( * ) SI_UNIT ( .MILLI., .METRE. ) );
#1534 = VECTOR ( 'NONE', #4885, 1000.000000000000000 ) ;
#1535 =( GEOMETRIC_REPRESENTATION_CONTEXT ( 3 ) GLOBAL_UNCERTAINTY_ASSIGNED_CONTEXT ( ( #2327 ) ) GLOBAL_UNIT_ASSIGNED_CONTEXT ( ( #2755, #6325, #3292 ) ) REPRESENTATION_CONTEXT ( 'NONE', 'WORKASPACE' ) );
#1536 = VERTEX_POINT ( 'NONE', #571 ) ;
#1537 = SURFACE_STYLE_USAGE ( .BOTH. , #4583 ) ;
#1538 =( GEOMETRIC_REPRESENTATION_CONTEXT ( 3 ) GLOBAL_UNCERTAINTY_ASSIGNED_CONTEXT ( ( #2114 ) ) GLOBAL_UNIT_ASSIGNED_CONTEXT ( ( #2705, #6274, #3240 ) ) REPRESENTATION_CONTEXT ( 'NONE', 'WORKASPACE' ) );
#1539 = PLANE ( 'NONE',  #982 ) ;
#1540 = ORIENTED_EDGE ( 'NONE', *, *, #1357, .T. ) ;
#1541 = LINE ( 'NONE', #4853, #5293 ) ;
#1542 = UNCERTAINTY_MEASURE_WITH_UNIT (LENGTH_MEASURE( 1.000000000000000100E-005 ), #6290, 'distance_accuracy_value', 'NONE');
#1543 = FILL_AREA_STYLE_COLOUR ( '', #3277 ) ;
#1544 = EDGE_LOOP ( 'NONE', ( #353, #2134, #1376, #6593 ) ) ;
#1545 =( NAMED_UNIT ( * ) PLANE_ANGLE_UNIT ( ) SI_UNIT ( $, .RADIAN. ) );
#1546 = EDGE_CURVE ( 'NONE', #2359, #4479, #3701, .T. ) ;
#1547 = CARTESIAN_POINT ( 'NONE',  ( -2.269999999999999600, 1.700000000000000000, 2.269999999999999600 ) ) ;
#1548 = EDGE_CURVE ( 'NONE', #588, #364, #6259, .T. ) ;
#1549 = EDGE_CURVE ( 'NONE', #2429, #503, #1013, .T. ) ;
#1550 = ORIENTED_EDGE ( 'NONE', *, *, #280, .T. ) ;
#1551 = ORIENTED_EDGE ( 'NONE', *, *, #880, .T. ) ;
#1552 =( NAMED_UNIT ( * ) PLANE_ANGLE_UNIT ( ) SI_UNIT ( $, .RADIAN. ) );
#1553 = PLANE ( 'NONE',  #2764 ) ;
#1554 = VERTEX_POINT ( 'NONE', #83 ) ;
#1555 = SURFACE_STYLE_FILL_AREA ( #5369 ) ;
#1556 = PRESENTATION_LAYER_ASSIGNMENT (  '', '', ( #884 ) ) ;
#1557 = VERTEX_POINT ( 'NONE', #4628 ) ;
#1558 = ORIENTED_EDGE ( 'NONE', *, *, #711, .F. ) ;
#1559 = STYLED_ITEM ( 'NONE', ( #4974 ), #6058 ) ;
#1560 = ORIENTED_EDGE ( 'NONE', *, *, #368, .F. ) ;
#1561 = VERTEX_POINT ( 'NONE', #3129 ) ;
#1562 = ORIENTED_EDGE ( 'NONE', *, *, #5964, .T. ) ;
#1563 = SURFACE_STYLE_USAGE ( .BOTH. , #4597 ) ;
#1564 = LINE ( 'NONE', #3786, #4086 ) ;
#1565 = DIRECTION ( 'NONE',  ( 0.7071067811865474600, -0.0000000000000000000, -0.7071067811865474600 ) ) ;
#1566 = SURFACE_STYLE_USAGE ( .BOTH. , #4599 ) ;
#1567 = VERTEX_POINT ( 'NONE', #3626 ) ;
#1568 = VERTEX_POINT ( 'NONE', #1110 ) ;
#1569 = MECHANICAL_DESIGN_GEOMETRIC_PRESENTATION_REPRESENTATION (  '', ( #543 ), #1912 ) ;
#1570 = LINE ( 'NONE', #1470, #5469 ) ;
#1571 = CARTESIAN_POINT ( 'NONE',  ( -0.3199999999999988400, -3.000000000000000000, 4.860000000000000300 ) ) ;
#1572 = SURFACE_STYLE_FILL_AREA ( #2017 ) ;
#1573 = FACE_OUTER_BOUND ( 'NONE', #6152, .T. ) ;
#1574 = SURFACE_STYLE_USAGE ( .BOTH. , #4610 ) ;
#1575 = SURFACE_STYLE_USAGE ( .BOTH. , #4614 ) ;
#1576 =( GEOMETRIC_REPRESENTATION_CONTEXT ( 3 ) GLOBAL_UNCERTAINTY_ASSIGNED_CONTEXT ( ( #1282 ) ) GLOBAL_UNIT_ASSIGNED_CONTEXT ( ( #1084, #4626, #1591 ) ) REPRESENTATION_CONTEXT ( 'NONE', 'WORKASPACE' ) );
#1577 = VECTOR ( 'NONE', #717, 1000.000000000000000 ) ;
#1578 = DIRECTION ( 'NONE',  ( 0.0000000000000000000, 1.000000000000000000, 0.0000000000000000000 ) ) ;
#1579 = SURFACE_STYLE_FILL_AREA ( #539 ) ;
#1580 = VERTEX_POINT ( 'NONE', #595 ) ;
#1581 = PRESENTATION_STYLE_ASSIGNMENT (( #162 ) ) ;
#1582 = CARTESIAN_POINT ( 'NONE',  ( -0.2199999999999980900, -3.000000000000000000, 7.939999999999999500 ) ) ;
#1583 = DIRECTION ( 'NONE',  ( -0.7071067811865475700, 0.0000000000000000000, 0.7071067811865475700 ) ) ;
#1584 = DIRECTION ( 'NONE',  ( -0.7071067811865475700, 0.0000000000000000000, -0.7071067811865475700 ) ) ;
#1585 = STYLED_ITEM ( 'NONE', ( #3405 ), #1852 ) ;
#1586 = LINE ( 'NONE', #2002, #1434 ) ;
#1587 = FILL_AREA_STYLE ('',( #5655 ) ) ;
#1588 = VECTOR ( 'NONE', #2469, 1000.000000000000100 ) ;
#1589 = EDGE_CURVE ( 'NONE', #1079, #5977, #2045, .T. ) ;
#1590 = CARTESIAN_POINT ( 'NONE',  ( -0.8700000000000001100, 1.700000000000000000, 1.269999999999999800 ) ) ;
#1591 =( NAMED_UNIT ( * ) SI_UNIT ( $, .STERADIAN. ) SOLID_ANGLE_UNIT ( ) );
#1592 = CARTESIAN_POINT ( 'NONE',  ( 1.270000000000002000, 0.0000000000000000000, 11.83000000000000000 ) ) ;
#1593 = PRESENTATION_LAYER_ASSIGNMENT (  '', '', ( #919 ) ) ;
#1594 = DIRECTION ( 'NONE',  ( -1.232047923278982200E-016, -0.0000000000000000000, -1.000000000000000000 ) ) ;
#1595 = CARTESIAN_POINT ( 'NONE',  ( -0.2199999999999975600, -3.000000000000000000, 9.839999999999999900 ) ) ;
#1596 = FILL_AREA_STYLE_COLOUR ( '', #6430 ) ;
#1597 = CARTESIAN_POINT ( 'NONE',  ( -0.2200000000000000800, -3.000000000000000000, -0.3200000000000000600 ) ) ;
#1598 = COLOUR_RGB ( '',0.0000000000000000000, 0.03529411764705882300, 0.05882352941176470500 ) ;
#1599 = EDGE_CURVE ( 'NONE', #4553, #5876, #3410, .T. ) ;
#1600 = VECTOR ( 'NONE', #626, 1000.000000000000100 ) ;
#1601 = PRESENTATION_STYLE_ASSIGNMENT (( #3327 ) ) ;
#1602 = CARTESIAN_POINT ( 'NONE',  ( 0.2200000000000031900, -3.000000000000000000, 13.02000000000000000 ) ) ;
#1603 =( NAMED_UNIT ( * ) PLANE_ANGLE_UNIT ( ) SI_UNIT ( $, .RADIAN. ) );
#1604 = LINE ( 'NONE', #4743, #5499 ) ;
#1605 = SURFACE_SIDE_STYLE ('',( #472 ) ) ;
#1606 = DIRECTION ( 'NONE',  ( 0.7071067811865475700, 0.0000000000000000000, -0.7071067811865475700 ) ) ;
#1607 = VECTOR ( 'NONE', #1500, 1000.000000000000000 ) ;
#1608 = PRESENTATION_STYLE_ASSIGNMENT (( #6095 ) ) ;
#1609 =( NAMED_UNIT ( * ) PLANE_ANGLE_UNIT ( ) SI_UNIT ( $, .RADIAN. ) );
#1610 = DIRECTION ( 'NONE',  ( -0.0000000000000000000, -0.0000000000000000000, 1.000000000000000000 ) ) ;
#1612 = STYLED_ITEM ( 'NONE', ( #5404 ), #1418 ) ;
#1611 = CARTESIAN_POINT ( 'NONE',  ( -0.2200000000000000800, 8.339999999999999900, -0.3200000000000000600 ) ) ;
#1613 = DIRECTION ( 'NONE',  ( -1.000000000000000000, 0.0000000000000000000, 0.0000000000000000000 ) ) ;
#1614 = SURFACE_STYLE_FILL_AREA ( #2211 ) ;
#1615 = CARTESIAN_POINT ( 'NONE',  ( 0.2200000000000019400, -3.000000000000000000, 7.939999999999999500 ) ) ;
#1616 = CARTESIAN_POINT ( 'NONE',  ( -0.3199999999999993400, 8.339999999999999900, 2.760000000000000200 ) ) ;
#1617 = ORIENTED_EDGE ( 'NONE', *, *, #2220, .T. ) ;
#1618 = SURFACE_SIDE_STYLE ('',( #2606 ) ) ;
#1619 = FILL_AREA_STYLE_COLOUR ( '', #797 ) ;
#1620 = PLANE ( 'NONE',  #5513 ) ;
#1621 = AXIS2_PLACEMENT_3D ( 'NONE', #4677, #1645, #5196 ) ;
#1622 = ORIENTED_EDGE ( 'NONE', *, *, #4449, .F. ) ;
#1623 = EDGE_LOOP ( 'NONE', ( #4073, #2350, #277, #1622, #3148, #1076, #679, #157, #6014, #6547, #681, #5795, #4588, #3723, #1558, #770, #4234, #3098, #865, #1963, #3043 ) ) ;
#1624 = LINE ( 'NONE', #3293, #4323 ) ;
#1625 = CARTESIAN_POINT ( 'NONE',  ( -0.7500000000000000000, 0.2999999999999999900, -1.270000000000000500 ) ) ;
#1626 = CARTESIAN_POINT ( 'NONE',  ( -1.269999999999998000, 1.700000000000000000, 9.289999999999999100 ) ) ;
#1627 = DIRECTION ( 'NONE',  ( -1.232047923278982200E-016, 0.0000000000000000000, -1.000000000000000000 ) ) ;
#1628 = FACE_OUTER_BOUND ( 'NONE', #118, .T. ) ;
#1629 = LINE ( 'NONE', #3125, #1465 ) ;
#1630 = UNCERTAINTY_MEASURE_WITH_UNIT (LENGTH_MEASURE( 1.000000000000000100E-005 ), #3047, 'distance_accuracy_value', 'NONE');
#1631 = ORIENTED_EDGE ( 'NONE', *, *, #1047, .T. ) ;
#1632 = AXIS2_PLACEMENT_3D ( 'NONE', #4801, #1768, #5331 ) ;
#1633 = AXIS2_PLACEMENT_3D ( 'NONE', #4057, #1035, #4584 ) ;
#1634 = DIRECTION ( 'NONE',  ( -0.7071067811865474600, 0.0000000000000000000, 0.7071067811865474600 ) ) ;
#1635 = ORIENTED_EDGE ( 'NONE', *, *, #5600, .F. ) ;
#1636 = FILL_AREA_STYLE ('',( #4147 ) ) ;
#1637 = VERTEX_POINT ( 'NONE', #4657 ) ;
#1638 = LINE ( 'NONE', #4759, #4339 ) ;
#1639 = EDGE_CURVE ( 'NONE', #926, #4245, #4748, .T. ) ;
#1640 = CARTESIAN_POINT ( 'NONE',  ( -1.269999999999999800, 1.700000000000000000, 1.669999999999999900 ) ) ;
#1641 = FILL_AREA_STYLE ('',( #837 ) ) ;
#1642 = EDGE_CURVE ( 'NONE', #6538, #1792, #5963, .T. ) ;
#1643 = CARTESIAN_POINT ( 'NONE',  ( 0.3200000000000008400, 0.2999999999999999900, -1.270000000000000700 ) ) ;
#1644 = DIRECTION ( 'NONE',  ( 0.0000000000000000000, 1.000000000000000000, 0.0000000000000000000 ) ) ;
#1645 = DIRECTION ( 'NONE',  ( 0.0000000000000000000, 0.0000000000000000000, 1.000000000000000000 ) ) ;
#1646 = SURFACE_SIDE_STYLE ('',( #3452 ) ) ;
#1647 = ORIENTED_EDGE ( 'NONE', *, *, #5640, .T. ) ;
#1648 = VERTEX_POINT ( 'NONE', #5190 ) ;
#1649 = MECHANICAL_DESIGN_GEOMETRIC_PRESENTATION_REPRESENTATION (  '', ( #631 ), #1984 ) ;
#1650 = DIRECTION ( 'NONE',  ( -0.0000000000000000000, -1.000000000000000000, -0.0000000000000000000 ) ) ;
#1651 = PRESENTATION_STYLE_ASSIGNMENT (( #2613 ) ) ;
#1652 = CARTESIAN_POINT ( 'NONE',  ( 1.270000000000001100, 0.0000000000000000000, 8.489999999999998400 ) ) ;
#1653 = SURFACE_STYLE_FILL_AREA ( #5361 ) ;
#1654 = LINE ( 'NONE', #1019, #2844 ) ;
#1655 = LINE ( 'NONE', #1809, #2997 ) ;
#1656 =( NAMED_UNIT ( * ) PLANE_ANGLE_UNIT ( ) SI_UNIT ( $, .RADIAN. ) );
#1657 = DIRECTION ( 'NONE',  ( 0.7071067811865474600, 0.0000000000000000000, -0.7071067811865474600 ) ) ;
#1658 = PRESENTATION_LAYER_ASSIGNMENT (  '', '', ( #969 ) ) ;
#1659 = LINE ( 'NONE', #4963, #4185 ) ;
#1660 = ORIENTED_EDGE ( 'NONE', *, *, #5988, .T. ) ;
#1661 = DIRECTION ( 'NONE',  ( -1.232047923278982200E-016, -0.0000000000000000000, -1.000000000000000000 ) ) ;
#1662 = FILL_AREA_STYLE_COLOUR ( '', #3222 ) ;
#1663 = CARTESIAN_POINT ( 'NONE',  ( 0.3200000000000025000, -3.000000000000000000, 9.940000000000001300 ) ) ;
#1664 =( LENGTH_UNIT ( ) NAMED_UNIT ( * ) SI_UNIT ( .MILLI., .METRE. ) );
#1665 = DIRECTION ( 'NONE',  ( -0.7071067811865474600, -0.0000000000000000000, -0.7071067811865474600 ) ) ;
#1666 = AXIS2_PLACEMENT_3D ( 'NONE', #1781, #2773, #6350 ) ;
#1667 = FACE_OUTER_BOUND ( 'NONE', #4376, .T. ) ;
#1668 = CARTESIAN_POINT ( 'NONE',  ( -0.3199999999999994500, 8.339999999999999900, 2.319999999999999800 ) ) ;
#1669 = VERTEX_POINT ( 'NONE', #3646 ) ;
#1670 = VECTOR ( 'NONE', #5737, 1000.000000000000100 ) ;
#1671 = CARTESIAN_POINT ( 'NONE',  ( -0.3199999999999969500, -3.000000000000000000, 12.48000000000000200 ) ) ;
#1672 = PLANE ( 'NONE',  #4119 ) ;
#1673 = MECHANICAL_DESIGN_GEOMETRIC_PRESENTATION_REPRESENTATION (  '', ( #651 ), #2004 ) ;
#1674 = CARTESIAN_POINT ( 'NONE',  ( 0.2200000000000025500, -3.000000000000000000, 10.48000000000000000 ) ) ;
#1675 = ORIENTED_EDGE ( 'NONE', *, *, #2096, .F. ) ;
#1676 = MECHANICAL_DESIGN_GEOMETRIC_PRESENTATION_REPRESENTATION (  '', ( #653 ), #2007 ) ;
#1677 = CARTESIAN_POINT ( 'NONE',  ( 0.2200000000000006700, -3.000000000000000000, 2.860000000000000300 ) ) ;
#1678 = FACE_OUTER_BOUND ( 'NONE', #4719, .T. ) ;
#1679 = EDGE_CURVE ( 'NONE', #1168, #2492, #537, .T. ) ;
#1680 = EDGE_CURVE ( 'NONE', #859, #509, #3552, .T. ) ;
#1681 = DIRECTION ( 'NONE',  ( -1.000000000000000000, -0.0000000000000000000, -0.0000000000000000000 ) ) ;
#1682 =( NAMED_UNIT ( * ) PLANE_ANGLE_UNIT ( ) SI_UNIT ( $, .RADIAN. ) );
#1683 = SURFACE_STYLE_USAGE ( .BOTH. , #4707 ) ;
#1684 = VECTOR ( 'NONE', #1853, 1000.000000000000000 ) ;
#1685 = AXIS2_PLACEMENT_3D ( 'NONE', #2712, #1714, #3278 ) ;
#1686 = UNCERTAINTY_MEASURE_WITH_UNIT (LENGTH_MEASURE( 1.000000000000000100E-005 ), #2823, 'distance_accuracy_value', 'NONE');
#1687 = DIRECTION ( 'NONE',  ( 0.0000000000000000000, 1.000000000000000000, 0.0000000000000000000 ) ) ;
#1688 = SURFACE_STYLE_USAGE ( .BOTH. , #4711 ) ;
#1689 = FACE_BOUND ( 'NONE', #3299, .T. ) ;
#1690 = LINE ( 'NONE', #4813, #3023 ) ;
#1691 = DIRECTION ( 'NONE',  ( 0.0000000000000000000, 0.0000000000000000000, -1.000000000000000000 ) ) ;
#1692 = PRESENTATION_STYLE_ASSIGNMENT (( #5637 ) ) ;
#1693 = VECTOR ( 'NONE', #3124, 1000.000000000000100 ) ;
#1694 =( NAMED_UNIT ( * ) PLANE_ANGLE_UNIT ( ) SI_UNIT ( $, .RADIAN. ) );
#1695 = PRESENTATION_LAYER_ASSIGNMENT (  '', '', ( #1011 ) ) ;
#1696 = DIRECTION ( 'NONE',  ( 0.0000000000000000000, 1.000000000000000000, 0.0000000000000000000 ) ) ;
#1697 = VECTOR ( 'NONE', #5866, 1000.000000000000100 ) ;
#1698 = ORIENTED_EDGE ( 'NONE', *, *, #3128, .F. ) ;
#1699 = CARTESIAN_POINT ( 'NONE',  ( 0.8699999999999987700, 1.700000000000000000, -1.270000000000000200 ) ) ;
#1700 = SURFACE_SIDE_STYLE ('',( #2272 ) ) ;
#1701 = FACE_OUTER_BOUND ( 'NONE', #1504, .T. ) ;
#1702 = FACE_OUTER_BOUND ( 'NONE', #5562, .T. ) ;
#1703 = PLANE ( 'NONE',  #522 ) ;
#1704 = ORIENTED_EDGE ( 'NONE', *, *, #1777, .T. ) ;
#1705 = MECHANICAL_DESIGN_GEOMETRIC_PRESENTATION_REPRESENTATION (  '', ( #1020 ), #2042 ) ;
#1706 = PLANE ( 'NONE',  #4188 ) ;
#1707 =( NAMED_UNIT ( * ) SI_UNIT ( $, .STERADIAN. ) SOLID_ANGLE_UNIT ( ) );
#1708 = SURFACE_STYLE_USAGE ( .BOTH. , #4749 ) ;
#1709 = ORIENTED_EDGE ( 'NONE', *, *, #1776, .T. ) ;
#1710 = CARTESIAN_POINT ( 'NONE',  ( -0.3199999999999968400, -3.000000000000000000, 12.92000000000000200 ) ) ;
#1711 = ORIENTED_EDGE ( 'NONE', *, *, #1679, .F. ) ;
#1712 = ORIENTED_EDGE ( 'NONE', *, *, #2063, .T. ) ;
#1713 = ADVANCED_FACE ( 'NONE', ( #3074 ), #130, .F. ) ;
#1714 = DIRECTION ( 'NONE',  ( -1.000000000000000000, 0.0000000000000000000, 2.492418787322999200E-016 ) ) ;
#1715 = VERTEX_POINT ( 'NONE', #1615 ) ;
#1716 = ORIENTED_EDGE ( 'NONE', *, *, #3028, .F. ) ;
#1717 = VERTEX_POINT ( 'NONE', #664 ) ;
#1718 = LINE ( 'NONE', #3334, #2901 ) ;
#1719 = DIRECTION ( 'NONE',  ( 0.0000000000000000000, 1.000000000000000000, 0.0000000000000000000 ) ) ;
#1720 = SURFACE_SIDE_STYLE ('',( #3189 ) ) ;
#1721 = COLOUR_RGB ( '',0.0000000000000000000, 0.03529411764705882300, 0.05882352941176470500 ) ;
#1722 = UNCERTAINTY_MEASURE_WITH_UNIT (LENGTH_MEASURE( 1.000000000000000100E-005 ), #4687, 'distance_accuracy_value', 'NONE');
#1723 = ORIENTED_EDGE ( 'NONE', *, *, #2733, .F. ) ;
#1724 = FILL_AREA_STYLE ('',( #2700 ) ) ;
#1725 = DIRECTION ( 'NONE',  ( -0.0000000000000000000, -1.000000000000000000, -0.0000000000000000000 ) ) ;
#1726 = ORIENTED_EDGE ( 'NONE', *, *, #3359, .F. ) ;
#1727 = ORIENTED_EDGE ( 'NONE', *, *, #1589, .T. ) ;
#1728 = ORIENTED_EDGE ( 'NONE', *, *, #1354, .F. ) ;
#1729 =( GEOMETRIC_REPRESENTATION_CONTEXT ( 3 ) GLOBAL_UNCERTAINTY_ASSIGNED_CONTEXT ( ( #164 ) ) GLOBAL_UNIT_ASSIGNED_CONTEXT ( ( #3033, #6590, #3546 ) ) REPRESENTATION_CONTEXT ( 'NONE', 'WORKASPACE' ) );
#1730 = MECHANICAL_DESIGN_GEOMETRIC_PRESENTATION_REPRESENTATION (  '', ( #5380 ), #2056 ) ;
#1731 = DIRECTION ( 'NONE',  ( -0.7071067811865474600, 0.0000000000000000000, -0.7071067811865474600 ) ) ;
#1732 = DIRECTION ( 'NONE',  ( -1.232047923278982200E-016, 0.0000000000000000000, -1.000000000000000000 ) ) ;
#1733 = EDGE_CURVE ( 'NONE', #5616, #126, #1265, .T. ) ;
#1734 = EDGE_CURVE ( 'NONE', #1163, #5128, #3949, .T. ) ;
#1735 = LINE ( 'NONE', #2494, #2595 ) ;
#1736 = CARTESIAN_POINT ( 'NONE',  ( -0.2199999999999987000, 8.339999999999999900, 5.400000000000000400 ) ) ;
#1737 = PRESENTATION_STYLE_ASSIGNMENT (( #4696 ) ) ;
#1738 = DIRECTION ( 'NONE',  ( 0.0000000000000000000, 1.000000000000000000, 0.0000000000000000000 ) ) ;
#1739 = SURFACE_STYLE_FILL_AREA ( #5944 ) ;
#1740 =( LENGTH_UNIT ( ) NAMED_UNIT ( * ) SI_UNIT ( .MILLI., .METRE. ) );
#1741 = DIRECTION ( 'NONE',  ( 0.7071067811865474600, 0.0000000000000000000, -0.7071067811865474600 ) ) ;
#1742 = EDGE_CURVE ( 'NONE', #163, #5733, #5323, .T. ) ;
#1743 = VECTOR ( 'NONE', #1459, 1000.000000000000100 ) ;
#1744 =( GEOMETRIC_REPRESENTATION_CONTEXT ( 3 ) GLOBAL_UNCERTAINTY_ASSIGNED_CONTEXT ( ( #3910 ) ) GLOBAL_UNIT_ASSIGNED_CONTEXT ( ( #649, #4189, #1164 ) ) REPRESENTATION_CONTEXT ( 'NONE', 'WORKASPACE' ) );
#1745 = SURFACE_SIDE_STYLE ('',( #834 ) ) ;
#1746 = SURFACE_STYLE_FILL_AREA ( #2738 ) ;
#1747 = LINE ( 'NONE', #1026, #5630 ) ;
#1748 = PLANE ( 'NONE',  #2289 ) ;
#1749 = CARTESIAN_POINT ( 'NONE',  ( 1.269999999999998700, 1.700000000000000000, -0.8700000000000003300 ) ) ;
#1750 = VECTOR ( 'NONE', #4703, 1000.000000000000100 ) ;
#1751 =( NAMED_UNIT ( * ) SI_UNIT ( $, .STERADIAN. ) SOLID_ANGLE_UNIT ( ) );
#1752 = ADVANCED_FACE ( 'NONE', ( #6497 ), #169, .T. ) ;
#1753 = VECTOR ( 'NONE', #217, 1000.000000000000000 ) ;
#1754 = CARTESIAN_POINT ( 'NONE',  ( -0.3200000000000000600, -3.000000000000000000, -0.2200000000000000800 ) ) ;
#1755 = DIRECTION ( 'NONE',  ( -1.232047923278982200E-016, -0.0000000000000000000, -1.000000000000000000 ) ) ;
#1756 = SURFACE_SIDE_STYLE ('',( #269 ) ) ;
#1757 = FACE_OUTER_BOUND ( 'NONE', #1404, .T. ) ;
#1758 =( NAMED_UNIT ( * ) SI_UNIT ( $, .STERADIAN. ) SOLID_ANGLE_UNIT ( ) );
#1759 =( LENGTH_UNIT ( ) NAMED_UNIT ( * ) SI_UNIT ( .MILLI., .METRE. ) );
#1760 =( GEOMETRIC_REPRESENTATION_CONTEXT ( 3 ) GLOBAL_UNCERTAINTY_ASSIGNED_CONTEXT ( ( #3152 ) ) GLOBAL_UNIT_ASSIGNED_CONTEXT ( ( #3085, #41, #3586 ) ) REPRESENTATION_CONTEXT ( 'NONE', 'WORKASPACE' ) );
#1761 = DIRECTION ( 'NONE',  ( 0.7071067811865474600, 0.0000000000000000000, -0.7071067811865474600 ) ) ;
#1762 = UNCERTAINTY_MEASURE_WITH_UNIT (LENGTH_MEASURE( 1.000000000000000100E-005 ), #1892, 'distance_accuracy_value', 'NONE');
#1763 =( NAMED_UNIT ( * ) PLANE_ANGLE_UNIT ( ) SI_UNIT ( $, .RADIAN. ) );
#1764 = VECTOR ( 'NONE', #2788, 1000.000000000000100 ) ;
#1765 = FACE_OUTER_BOUND ( 'NONE', #2178, .T. ) ;
#1766 = FACE_OUTER_BOUND ( 'NONE', #106, .T. ) ;
#1767 =( NAMED_UNIT ( * ) SI_UNIT ( $, .STERADIAN. ) SOLID_ANGLE_UNIT ( ) );
#1768 = DIRECTION ( 'NONE',  ( -1.000000000000000000, 0.0000000000000000000, 2.464095846557964400E-016 ) ) ;
#1769 =( NAMED_UNIT ( * ) PLANE_ANGLE_UNIT ( ) SI_UNIT ( $, .RADIAN. ) );
#1770 = STYLED_ITEM ( 'NONE', ( #2318 ), #2902 ) ;
#1771 = LINE ( 'NONE', #4658, #4458 ) ;
#1772 = COLOUR_RGB ( '',1.000000000000000000, 1.000000000000000000, 1.000000000000000000 ) ;
#1773 = STYLED_ITEM ( 'NONE', ( #349 ), #2407 ) ;
#1774 = CARTESIAN_POINT ( 'NONE',  ( 1.270000000000000000, 0.0000000000000000000, 4.210000000000000000 ) ) ;
#1775 = VECTOR ( 'NONE', #5065, 1000.000000000000000 ) ;
#1776 = EDGE_CURVE ( 'NONE', #5037, #3494, #5887, .T. ) ;
#1777 = EDGE_CURVE ( 'NONE', #4344, #3673, #617, .T. ) ;
#1778 = EDGE_CURVE ( 'NONE', #1884, #2304, #3332, .T. ) ;
#1779 = LINE ( 'NONE', #684, #5664 ) ;
#1780 = SURFACE_SIDE_STYLE ('',( #5683 ) ) ;
#1781 = CARTESIAN_POINT ( 'NONE',  ( 0.3200000000000018900, -3.000000000000000000, 7.400000000000000400 ) ) ;
#1782 = CARTESIAN_POINT ( 'NONE',  ( 0.2200000000000031900, 0.2999999999999999300, 13.02000000000000000 ) ) ;
#1783 = FILL_AREA_STYLE_COLOUR ( '', #2805 ) ;
#1784 = PRESENTATION_STYLE_ASSIGNMENT (( #1374 ) ) ;
#1785 = PRESENTATION_LAYER_ASSIGNMENT (  '', '', ( #1096 ) ) ;
#1786 =( NAMED_UNIT ( * ) SI_UNIT ( $, .STERADIAN. ) SOLID_ANGLE_UNIT ( ) );
#1787 = FILL_AREA_STYLE_COLOUR ( '', #4352 ) ;
#1788 = FILL_AREA_STYLE ('',( #2232 ) ) ;
#1789 = LINE ( 'NONE', #1015, #4307 ) ;
#1791 = ADVANCED_FACE ( 'NONE', ( #4346 ), #5285, .T. ) ;
#1790 = UNCERTAINTY_MEASURE_WITH_UNIT (LENGTH_MEASURE( 1.000000000000000100E-005 ), #4537, 'distance_accuracy_value', 'NONE');
#1792 = VERTEX_POINT ( 'NONE', #3244 ) ;
#1793 = DIRECTION ( 'NONE',  ( -1.000000000000000000, -0.0000000000000000000, -0.0000000000000000000 ) ) ;
#1794 = MECHANICAL_DESIGN_GEOMETRIC_PRESENTATION_REPRESENTATION (  '', ( #767 ), #2113 ) ;
#1795 = FILL_AREA_STYLE ('',( #1287 ) ) ;
#1796 = AXIS2_PLACEMENT_3D ( 'NONE', #596, #4129, #1111 ) ;
#1797 = DIRECTION ( 'NONE',  ( -2.492418787322999200E-016, -0.0000000000000000000, -1.000000000000000000 ) ) ;
#1798 = ORIENTED_EDGE ( 'NONE', *, *, #2824, .F. ) ;
#1799 = SURFACE_STYLE_USAGE ( .BOTH. , #4836 ) ;
#1800 = ORIENTED_EDGE ( 'NONE', *, *, #6323, .F. ) ;
#1801 = STYLED_ITEM ( 'NONE', ( #1113 ), #4855 ) ;
#1802 = ORIENTED_EDGE ( 'NONE', *, *, #324, .F. ) ;
#1803 = SURFACE_STYLE_USAGE ( .BOTH. , #4848 ) ;
#1804 = EDGE_LOOP ( 'NONE', ( #4491, #2747, #3329, #4888 ) ) ;
#1805 = VECTOR ( 'NONE', #4602, 1000.000000000000000 ) ;
#1806 = SURFACE_SIDE_STYLE ('',( #3448 ) ) ;
#1807 = ORIENTED_EDGE ( 'NONE', *, *, #5741, .F. ) ;
#1808 = PLANE ( 'NONE',  #570 ) ;
#1809 = CARTESIAN_POINT ( 'NONE',  ( -6.359999999999999400, 0.2999999999999999900, 4.339999999999999000 ) ) ;
#1810 = ORIENTED_EDGE ( 'NONE', *, *, #368, .T. ) ;
#1811 = EDGE_LOOP ( 'NONE', ( #4861, #3856, #1416, #2912 ) ) ;
#1812 = ORIENTED_EDGE ( 'NONE', *, *, #4401, .T. ) ;
#1813 = DIRECTION ( 'NONE',  ( -0.7071067811865474600, 0.0000000000000000000, 0.7071067811865474600 ) ) ;
#1814 = PRESENTATION_LAYER_ASSIGNMENT (  '', '', ( #1121 ) ) ;
#1815 = ORIENTED_EDGE ( 'NONE', *, *, #6499, .T. ) ;
#1816 =( LENGTH_UNIT ( ) NAMED_UNIT ( * ) SI_UNIT ( .MILLI., .METRE. ) );
#1817 = VERTEX_POINT ( 'NONE', #2228 ) ;
#1818 = PLANE ( 'NONE',  #5731 ) ;
#1819 =( NAMED_UNIT ( * ) PLANE_ANGLE_UNIT ( ) SI_UNIT ( $, .RADIAN. ) );
#1820 = SURFACE_STYLE_FILL_AREA ( #2205 ) ;
#1821 = EDGE_CURVE ( 'NONE', #5977, #1557, #6566, .T. ) ;
#1822 = STYLED_ITEM ( 'NONE', ( #3300 ), #248 ) ;
#1823 = ADVANCED_FACE ( 'NONE', ( #3874 ), #222, .T. ) ;
#1824 = LINE ( 'NONE', #5855, #4509 ) ;
#1825 =( GEOMETRIC_REPRESENTATION_CONTEXT ( 3 ) GLOBAL_UNCERTAINTY_ASSIGNED_CONTEXT ( ( #2155 ) ) GLOBAL_UNIT_ASSIGNED_CONTEXT ( ( #74, #3618, #585 ) ) REPRESENTATION_CONTEXT ( 'NONE', 'WORKASPACE' ) );
#1826 = CARTESIAN_POINT ( 'NONE',  ( 1.269999999999999100, 0.0000000000000000000, 0.8699999999999994400 ) ) ;
#1827 = VECTOR ( 'NONE', #5182, 1000.000000000000000 ) ;
#1828 = DIRECTION ( 'NONE',  ( -1.000000000000000000, 0.0000000000000000000, 2.464095846557964400E-016 ) ) ;
#1829 = DIRECTION ( 'NONE',  ( -1.232047923278982200E-016, 0.0000000000000000000, -1.000000000000000000 ) ) ;
#1830 =( LENGTH_UNIT ( ) NAMED_UNIT ( * ) SI_UNIT ( .MILLI., .METRE. ) );
#1831 = STYLED_ITEM ( 'NONE', ( #2323 ), #747 ) ;
#1832 = AXIS2_PLACEMENT_3D ( 'NONE', #5952, #2886, #6449 ) ;
#1833 = SURFACE_STYLE_FILL_AREA ( #5374 ) ;
#1834 = ORIENTED_EDGE ( 'NONE', *, *, #6499, .F. ) ;
#1835 = VECTOR ( 'NONE', #3119, 1000.000000000000000 ) ;
#1836 = DIRECTION ( 'NONE',  ( 2.492418787322998300E-016, 0.0000000000000000000, 1.000000000000000000 ) ) ;
#1837 = CARTESIAN_POINT ( 'NONE',  ( -1.269999999999999100, 0.0000000000000000000, 4.210000000000000000 ) ) ;
#1838 = CARTESIAN_POINT ( 'NONE',  ( -2.010000000000000200, 0.2999999999999999900, -0.01000000000000046000 ) ) ;
#1839 = PRESENTATION_STYLE_ASSIGNMENT (( #6077 ) ) ;
#1840 = LINE ( 'NONE', #4175, #5735 ) ;
#1841 =( GEOMETRIC_REPRESENTATION_CONTEXT ( 3 ) GLOBAL_UNCERTAINTY_ASSIGNED_CONTEXT ( ( #1893 ) ) GLOBAL_UNIT_ASSIGNED_CONTEXT ( ( #832, #4372, #1344 ) ) REPRESENTATION_CONTEXT ( 'NONE', 'WORKASPACE' ) );
#1842 = PRESENTATION_LAYER_ASSIGNMENT (  '', '', ( #1151 ) ) ;
#1843 =( NAMED_UNIT ( * ) SI_UNIT ( $, .STERADIAN. ) SOLID_ANGLE_UNIT ( ) );
#1844 = SURFACE_STYLE_FILL_AREA ( #3007 ) ;
#1845 = UNCERTAINTY_MEASURE_WITH_UNIT (LENGTH_MEASURE( 1.000000000000000100E-005 ), #3771, 'distance_accuracy_value', 'NONE');
#1846 = FILL_AREA_STYLE ('',( #2808 ) ) ;
#1847 = PLANE ( 'NONE',  #2888 ) ;
#1848 = LINE ( 'NONE', #2664, #5749 ) ;
#1849 = CARTESIAN_POINT ( 'NONE',  ( 0.3200000000000012800, 1.700000000000000000, -3.942553354492758700E-017 ) ) ;
#1850 = CARTESIAN_POINT ( 'NONE',  ( 0.2200000000000031700, -3.000000000000000000, 12.38000000000000100 ) ) ;
#1851 = FACE_OUTER_BOUND ( 'NONE', #2686, .T. ) ;
#1852 = ADVANCED_FACE ( 'NONE', ( #4737 ), #241, .T. ) ;
#1853 = DIRECTION ( 'NONE',  ( 0.0000000000000000000, 1.000000000000000000, 0.0000000000000000000 ) ) ;
#1854 = VECTOR ( 'NONE', #3782, 1000.000000000000000 ) ;
#1855 =( LENGTH_UNIT ( ) NAMED_UNIT ( * ) SI_UNIT ( .MILLI., .METRE. ) );
#1856 = DIRECTION ( 'NONE',  ( 0.7071067811865474600, -0.0000000000000000000, 0.7071067811865474600 ) ) ;
#1857 = CARTESIAN_POINT ( 'NONE',  ( 0.3200000000000018900, 0.2999999999999999300, 7.400000000000000400 ) ) ;
#1858 = PRESENTATION_STYLE_ASSIGNMENT (( #5491 ) ) ;
#1859 = MECHANICAL_DESIGN_GEOMETRIC_PRESENTATION_REPRESENTATION (  '', ( #839 ), #2173 ) ;
#1860 =( LENGTH_UNIT ( ) NAMED_UNIT ( * ) SI_UNIT ( .MILLI., .METRE. ) );
#1861 = LINE ( 'NONE', #3079, #4541 ) ;
#1862 = LINE ( 'NONE', #1590, #5757 ) ;
#1863 = EDGE_CURVE ( 'NONE', #1394, #3839, #213, .T. ) ;
#1864 = EDGE_CURVE ( 'NONE', #4704, #2383, #1564, .T. ) ;
#1865 = LINE ( 'NONE', #5818, #5762 ) ;
#1866 = EDGE_CURVE ( 'NONE', #849, #1717, #4246, .T. ) ;
#1867 = ORIENTED_EDGE ( 'NONE', *, *, #6225, .T. ) ;
#1868 = CARTESIAN_POINT ( 'NONE',  ( 1.000000000000000200, 1.700000000000000000, 1.000000000000000200 ) ) ;
#1869 = DIRECTION ( 'NONE',  ( 2.492418787322998300E-016, 0.0000000000000000000, 1.000000000000000000 ) ) ;
#1870 = ORIENTED_EDGE ( 'NONE', *, *, #3895, .T. ) ;
#1871 = ORIENTED_EDGE ( 'NONE', *, *, #2452, .T. ) ;
#1872 = CARTESIAN_POINT ( 'NONE',  ( -0.8699999999999987700, 1.700000000000000000, 6.349999999999999600 ) ) ;
#1873 = VERTEX_POINT ( 'NONE', #2305 ) ;
#1874 = ORIENTED_EDGE ( 'NONE', *, *, #372, .T. ) ;
#1875 =( NAMED_UNIT ( * ) PLANE_ANGLE_UNIT ( ) SI_UNIT ( $, .RADIAN. ) );
#1876 = PRESENTATION_STYLE_ASSIGNMENT (( #1173 ) ) ;
#1877 =( GEOMETRIC_REPRESENTATION_CONTEXT ( 3 ) GLOBAL_UNCERTAINTY_ASSIGNED_CONTEXT ( ( #5263 ) ) GLOBAL_UNIT_ASSIGNED_CONTEXT ( ( #3375, #330, #3882 ) ) REPRESENTATION_CONTEXT ( 'NONE', 'WORKASPACE' ) );
#1878 = SURFACE_STYLE_USAGE ( .BOTH. , #4922 ) ;
#1879 = ORIENTED_EDGE ( 'NONE', *, *, #4964, .F. ) ;
#1880 = FILL_AREA_STYLE ('',( #341 ) ) ;
#1881 = ORIENTED_EDGE ( 'NONE', *, *, #6526, .T. ) ;
#1882 = CLOSED_SHELL ( 'NONE', ( #6308, #1320, #2346, #3253, #248, #857, #2902, #3907, #789, #4500, #505, #3725, #5564, #3878, #473, #6354, #4975, #2197, #344, #6096, #315, #3498, #1257, #6473, #5601, #4406, #3026, #5902, #438, #2234, #885, #2697, #3379, #1998, #5861, #4466, #1713, #4259, #380, #1528, #4374, #968, #2768, #1418, #6529, #4223, #409, #1791, #2501, #5928, #1036, #1913, #3288, #2274, #909, #2871, #2801, #5277, #2, #2476, #4947, #5537, #5035, #212, #2964, #1823, #2539, #6444, #5797, #3961, #1291, #3936, #3067, #4531, #2440, #2380, #279, #2999, #5479, #6058, #5327, #5960, #721, #3474, #4855, #3525, #4916, #176, #2939, #6012, #1212, #4555, #5006, #5443, #4879, #5824, #3564, #4298, #3325, #4436, #1752, #6037, #5386, #2037, #1382, #2727, #5501, #5353, #1441, #1883, #3836, #5981, #1359, #3802, #6270, #4341, #1498, #3768, #1464, #826, #4049, #3420, #4771, #945, #6392, #3355, #1971, #2407, #6419, #4812, #4736, #4018, #6503, #5069 ) ) ;
#1883 = ADVANCED_FACE ( 'NONE', ( #2745 ), #5886, .T. ) ;
#1884 = VERTEX_POINT ( 'NONE', #4317 ) ;
#1885 = MECHANICAL_DESIGN_GEOMETRIC_PRESENTATION_REPRESENTATION (  '', ( #869 ), #2207 ) ;
#1886 = ORIENTED_EDGE ( 'NONE', *, *, #2096, .T. ) ;
#1887 = ORIENTED_EDGE ( 'NONE', *, *, #4926, .T. ) ;
#1888 = ORIENTED_EDGE ( 'NONE', *, *, #2414, .F. ) ;
#1889 = PRESENTATION_STYLE_ASSIGNMENT (( #6203 ) ) ;
#1890 = ORIENTED_EDGE ( 'NONE', *, *, #2734, .T. ) ;
#1891 = PLANE ( 'NONE',  #343 ) ;
#1892 =( LENGTH_UNIT ( ) NAMED_UNIT ( * ) SI_UNIT ( .MILLI., .METRE. ) );
#1893 = UNCERTAINTY_MEASURE_WITH_UNIT (LENGTH_MEASURE( 1.000000000000000100E-005 ), #832, 'distance_accuracy_value', 'NONE');
#1894 = VECTOR ( 'NONE', #6211, 1000.000000000000000 ) ;
#1895 = LINE ( 'NONE', #5924, #4430 ) ;
#1896 = DIRECTION ( 'NONE',  ( -0.7071067811865474600, -0.0000000000000000000, 0.7071067811865474600 ) ) ;
#1897 = CARTESIAN_POINT ( 'NONE',  ( -0.3199999999999975100, 1.700000000000000200, 9.940000000000001300 ) ) ;
#1898 = EDGE_LOOP ( 'NONE', ( #3228, #29, #2353, #998 ) ) ;
#1899 = LINE ( 'NONE', #3505, #1743 ) ;
#1900 = EDGE_CURVE ( 'NONE', #4972, #5933, #6170, .T. ) ;
#1901 = EDGE_CURVE ( 'NONE', #48, #3463, #4829, .T. ) ;
#1902 = VECTOR ( 'NONE', #5526, 1000.000000000000100 ) ;
#1903 = EDGE_CURVE ( 'NONE', #2535, #3073, #3467, .T. ) ;
#1904 = MECHANICAL_DESIGN_GEOMETRIC_PRESENTATION_REPRESENTATION (  '', ( #884 ), #2225 ) ;
#1905 = AXIS2_PLACEMENT_3D ( 'NONE', #3844, #824, #4360 ) ;
#1906 = VECTOR ( 'NONE', #3331, 1000.000000000000000 ) ;
#1907 = PRESENTATION_STYLE_ASSIGNMENT (( #5804 ) ) ;
#1908 = COLOUR_RGB ( '',1.000000000000000000, 1.000000000000000000, 1.000000000000000000 ) ;
#1909 = CARTESIAN_POINT ( 'NONE',  ( -0.3199999999999980600, 8.339999999999999900, 7.839999999999999900 ) ) ;
#1910 = SURFACE_STYLE_FILL_AREA ( #5316 ) ;
#1911 = VERTEX_POINT ( 'NONE', #2328 ) ;
#1912 =( GEOMETRIC_REPRESENTATION_CONTEXT ( 3 ) GLOBAL_UNCERTAINTY_ASSIGNED_CONTEXT ( ( #1762 ) ) GLOBAL_UNIT_ASSIGNED_CONTEXT ( ( #1892, #5444, #2398 ) ) REPRESENTATION_CONTEXT ( 'NONE', 'WORKASPACE' ) );
#1913 = ADVANCED_FACE ( 'NONE', ( #2275 ), #1340, .T. ) ;
#1914 = CARTESIAN_POINT ( 'NONE',  ( -6.620000000000000100, 1.700000000000000000, 6.620000000000000100 ) ) ;
#1915 = ORIENTED_EDGE ( 'NONE', *, *, #4560, .F. ) ;
#1916 = PRESENTATION_STYLE_ASSIGNMENT (( #3578 ) ) ;
#1917 = CARTESIAN_POINT ( 'NONE',  ( 0.2200000000000018900, 8.339999999999999900, 7.299999999999999800 ) ) ;
#1918 = CARTESIAN_POINT ( 'NONE',  ( -0.2199999999999969200, 8.339999999999999900, 12.38000000000000100 ) ) ;
#1919 = VECTOR ( 'NONE', #5287, 1000.000000000000000 ) ;
#1920 = VECTOR ( 'NONE', #2264, 1000.000000000000000 ) ;
#1921 = VECTOR ( 'NONE', #4956, 1000.000000000000100 ) ;
#1922 = UNCERTAINTY_MEASURE_WITH_UNIT (LENGTH_MEASURE( 1.000000000000000100E-005 ), #6281, 'distance_accuracy_value', 'NONE');
#1923 = CARTESIAN_POINT ( 'NONE',  ( 1.269999999999999400, 1.700000000000000000, 1.669999999999999900 ) ) ;
#1924 = LINE ( 'NONE', #6569, #4463 ) ;
#1925 = VECTOR ( 'NONE', #149, 1000.000000000000000 ) ;
#1926 = FILL_AREA_STYLE_COLOUR ( '', #4171 ) ;
#1927 = PRESENTATION_STYLE_ASSIGNMENT (( #6255 ) ) ;
#1928 = AXIS2_PLACEMENT_3D ( 'NONE', #2250, #5836, #2762 ) ;
#1929 = EDGE_CURVE ( 'NONE', #676, #1146, #4165, .T. ) ;
#1930 = SURFACE_SIDE_STYLE ('',( #3369 ) ) ;
#1931 =( NAMED_UNIT ( * ) PLANE_ANGLE_UNIT ( ) SI_UNIT ( $, .RADIAN. ) );
#1932 = SURFACE_SIDE_STYLE ('',( #309 ) ) ;
#1933 = STYLED_ITEM ( 'NONE', ( #4515 ), #3474 ) ;
#1934 = MECHANICAL_DESIGN_GEOMETRIC_PRESENTATION_REPRESENTATION (  '', ( #919 ), #2276 ) ;
#1935 = DIRECTION ( 'NONE',  ( -1.000000000000000000, 0.0000000000000000000, 0.0000000000000000000 ) ) ;
#1936 = ORIENTED_EDGE ( 'NONE', *, *, #5311, .T. ) ;
#1937 = ADVANCED_FACE ( 'NONE', ( #3326 ), #6517, .T. ) ;
#1938 = EDGE_CURVE ( 'NONE', #516, #524, #6248, .T. ) ;
#1939 = ORIENTED_EDGE ( 'NONE', *, *, #4560, .T. ) ;
#1940 = ORIENTED_EDGE ( 'NONE', *, *, #3028, .T. ) ;
#1941 = ORIENTED_EDGE ( 'NONE', *, *, #5176, .T. ) ;
#1942 = COLOUR_RGB ( '',0.0000000000000000000, 0.03529411764705882300, 0.05882352941176470500 ) ;
#1943 =( LENGTH_UNIT ( ) NAMED_UNIT ( * ) SI_UNIT ( .MILLI., .METRE. ) );
#1944 = FILL_AREA_STYLE_COLOUR ( '', #3409 ) ;
#1945 = FACE_OUTER_BOUND ( 'NONE', #204, .T. ) ;
#1946 = STYLED_ITEM ( 'NONE', ( #5581 ), #3907 ) ;
#1947 =( NAMED_UNIT ( * ) SI_UNIT ( $, .STERADIAN. ) SOLID_ANGLE_UNIT ( ) );
#1948 = ORIENTED_EDGE ( 'NONE', *, *, #2533, .T. ) ;
#1949 = ORIENTED_EDGE ( 'NONE', *, *, #4573, .T. ) ;
#1950 = VECTOR ( 'NONE', #3562, 1000.000000000000100 ) ;
#1951 = CARTESIAN_POINT ( 'NONE',  ( -0.2199999999999988100, 0.2999999999999999300, 4.760000000000000700 ) ) ;
#1952 = EDGE_LOOP ( 'NONE', ( #4371, #2735, #2895, #2358 ) ) ;
#1953 = ORIENTED_EDGE ( 'NONE', *, *, #5131, .F. ) ;
#1954 = CARTESIAN_POINT ( 'NONE',  ( -0.3199999999999975100, 8.339999999999999900, 9.940000000000001300 ) ) ;
#1955 = ORIENTED_EDGE ( 'NONE', *, *, #5257, .F. ) ;
#1956 = CARTESIAN_POINT ( 'NONE',  ( -3.539999999999998700, 1.700000000000000000, 3.539999999999998700 ) ) ;
#1957 = UNCERTAINTY_MEASURE_WITH_UNIT (LENGTH_MEASURE( 1.000000000000000100E-005 ), #2833, 'distance_accuracy_value', 'NONE');
#1958 = AXIS2_PLACEMENT_3D ( 'NONE', #3774, #744, #4285 ) ;
#1959 = ORIENTED_EDGE ( 'NONE', *, *, #6102, .F. ) ;
#1960 = PRESENTATION_STYLE_ASSIGNMENT (( #2855 ) ) ;
#1961 =( LENGTH_UNIT ( ) NAMED_UNIT ( * ) SI_UNIT ( .MILLI., .METRE. ) );
#1962 = VERTEX_POINT ( 'NONE', #2963 ) ;
#1963 = ORIENTED_EDGE ( 'NONE', *, *, #6526, .F. ) ;
#1964 = VECTOR ( 'NONE', #713, 1000.000000000000100 ) ;
#1965 = PRESENTATION_LAYER_ASSIGNMENT (  '', '', ( #1299 ) ) ;
#1966 = CARTESIAN_POINT ( 'NONE',  ( 0.3200000000000018900, 8.339999999999999900, 7.400000000000000400 ) ) ;
#1967 = ORIENTED_EDGE ( 'NONE', *, *, #6055, .T. ) ;
#1968 = UNCERTAINTY_MEASURE_WITH_UNIT (LENGTH_MEASURE( 1.000000000000000100E-005 ), #2591, 'distance_accuracy_value', 'NONE');
#1969 = CARTESIAN_POINT ( 'NONE',  ( -0.2200000000000000800, -3.000000000000000000, -0.3200000000000000600 ) ) ;
#1970 = VECTOR ( 'NONE', #5672, 1000.000000000000100 ) ;
#1971 = ADVANCED_FACE ( 'NONE', ( #1000 ), #6535, .T. ) ;
#1972 = PRESENTATION_LAYER_ASSIGNMENT (  '', '', ( #1306 ) ) ;
#1973 = COLOUR_RGB ( '',1.000000000000000000, 1.000000000000000000, 1.000000000000000000 ) ;
#1974 = DIRECTION ( 'NONE',  ( -0.7071067811865474600, 0.0000000000000000000, 0.7071067811865474600 ) ) ;
#1975 = DIRECTION ( 'NONE',  ( 0.0000000000000000000, 0.0000000000000000000, 1.000000000000000000 ) ) ;
#1976 = DIRECTION ( 'NONE',  ( 0.0000000000000000000, 0.0000000000000000000, -1.000000000000000000 ) ) ;
#1977 = CARTESIAN_POINT ( 'NONE',  ( -1.270000000000000500, 1.700000000000000000, -0.8700000000000003300 ) ) ;
#1978 = SURFACE_STYLE_FILL_AREA ( #1114 ) ;
#1979 = UNCERTAINTY_MEASURE_WITH_UNIT (LENGTH_MEASURE( 1.000000000000000100E-005 ), #5125, 'distance_accuracy_value', 'NONE');
#1980 = EDGE_CURVE ( 'NONE', #268, #6082, #3061, .T. ) ;
#1981 = ORIENTED_EDGE ( 'NONE', *, *, #4662, .F. ) ;
#1982 = EDGE_CURVE ( 'NONE', #1568, #3679, #520, .T. ) ;
#1983 = CARTESIAN_POINT ( 'NONE',  ( -0.2199999999999980900, 0.2999999999999999300, 7.939999999999999500 ) ) ;
#1984 =( GEOMETRIC_REPRESENTATION_CONTEXT ( 3 ) GLOBAL_UNCERTAINTY_ASSIGNED_CONTEXT ( ( #8 ) ) GLOBAL_UNIT_ASSIGNED_CONTEXT ( ( #689, #4220, #1203 ) ) REPRESENTATION_CONTEXT ( 'NONE', 'WORKASPACE' ) );
#1985 = ORIENTED_EDGE ( 'NONE', *, *, #3902, .F. ) ;
#1986 = ORIENTED_EDGE ( 'NONE', *, *, #246, .F. ) ;
#1987 = VECTOR ( 'NONE', #3171, 1000.000000000000000 ) ;
#1988 = DIRECTION ( 'NONE',  ( -0.7071067811865474600, -0.0000000000000000000, 0.7071067811865474600 ) ) ;
#1989 = COLOUR_RGB ( '',1.000000000000000000, 1.000000000000000000, 1.000000000000000000 ) ;
#1990 = SURFACE_STYLE_FILL_AREA ( #4379 ) ;
#1991 =( LENGTH_UNIT ( ) NAMED_UNIT ( * ) SI_UNIT ( .MILLI., .METRE. ) );
#1992 = EDGE_LOOP ( 'NONE', ( #6418, #3144, #362, #1631 ) ) ;
#1993 = LINE ( 'NONE', #2989, #3188 ) ;
#1995 = MECHANICAL_DESIGN_GEOMETRIC_PRESENTATION_REPRESENTATION (  '', ( #969 ), #2340 ) ;
#1994 = PLANE ( 'NONE',  #3054 ) ;
#1996 = ORIENTED_EDGE ( 'NONE', *, *, #5597, .T. ) ;
#1997 = PRESENTATION_LAYER_ASSIGNMENT (  '', '', ( #1333 ) ) ;
#1998 = ADVANCED_FACE ( 'NONE', ( #5609 ), #984, .F. ) ;
#1999 = LINE ( 'NONE', #401, #4699 ) ;
#2000 = DIRECTION ( 'NONE',  ( -0.7071067811865475700, 0.0000000000000000000, -0.7071067811865475700 ) ) ;
#2001 = PRESENTATION_STYLE_ASSIGNMENT (( #1107 ) ) ;
#2002 = CARTESIAN_POINT ( 'NONE',  ( -0.8699999999999994400, 0.0000000000000000000, 3.810000000000000100 ) ) ;
#2003 = DIRECTION ( 'NONE',  ( -2.492418787322999200E-016, -0.0000000000000000000, -1.000000000000000000 ) ) ;
#2004 =( GEOMETRIC_REPRESENTATION_CONTEXT ( 3 ) GLOBAL_UNCERTAINTY_ASSIGNED_CONTEXT ( ( #5896 ) ) GLOBAL_UNIT_ASSIGNED_CONTEXT ( ( #4648, #1609, #5169 ) ) REPRESENTATION_CONTEXT ( 'NONE', 'WORKASPACE' ) );
#2005 = ORIENTED_EDGE ( 'NONE', *, *, #2868, .F. ) ;
#2006 = DIRECTION ( 'NONE',  ( 0.0000000000000000000, 1.000000000000000000, 0.0000000000000000000 ) ) ;
#2007 =( GEOMETRIC_REPRESENTATION_CONTEXT ( 3 ) GLOBAL_UNCERTAINTY_ASSIGNED_CONTEXT ( ( #5669 ) ) GLOBAL_UNIT_ASSIGNED_CONTEXT ( ( #5099, #2053, #5611 ) ) REPRESENTATION_CONTEXT ( 'NONE', 'WORKASPACE' ) );
#2008 = DIRECTION ( 'NONE',  ( 0.7071067811865474600, 0.0000000000000000000, 0.7071067811865474600 ) ) ;
#2009 = DIRECTION ( 'NONE',  ( -2.492418787322998300E-016, 0.0000000000000000000, -1.000000000000000000 ) ) ;
#2010 = PLANE ( 'NONE',  #5320 ) ;
#2011 = EDGE_CURVE ( 'NONE', #4448, #2491, #5130, .T. ) ;
#2012 =( LENGTH_UNIT ( ) NAMED_UNIT ( * ) SI_UNIT ( .MILLI., .METRE. ) );
#2013 = EDGE_CURVE ( 'NONE', #3673, #5769, #6482, .T. ) ;
#2014 = EDGE_LOOP ( 'NONE', ( #2217, #3451, #2368, #209 ) ) ;
#2015 = CARTESIAN_POINT ( 'NONE',  ( 1.270000000000002500, 1.700000000000000000, 13.57000000000000000 ) ) ;
#2016 = DIRECTION ( 'NONE',  ( -0.0000000000000000000, -1.000000000000000000, -0.0000000000000000000 ) ) ;
#2017 = FILL_AREA_STYLE ('',( #1506 ) ) ;
#2018 = LINE ( 'NONE', #6556, #1534 ) ;
#2019 = PRESENTATION_LAYER_ASSIGNMENT (  '', '', ( #1358 ) ) ;
#2020 = STYLED_ITEM ( 'NONE', ( #5385 ), #5981 ) ;
#2021 = ORIENTED_EDGE ( 'NONE', *, *, #4210, .T. ) ;
#2022 = ORIENTED_EDGE ( 'NONE', *, *, #6271, .F. ) ;
#2023 = FACE_OUTER_BOUND ( 'NONE', #2432, .T. ) ;
#2024 = FACE_OUTER_BOUND ( 'NONE', #1898, .T. ) ;
#2025 = ORIENTED_EDGE ( 'NONE', *, *, #912, .F. ) ;
#2026 =( NAMED_UNIT ( * ) PLANE_ANGLE_UNIT ( ) SI_UNIT ( $, .RADIAN. ) );
#2027 = ORIENTED_EDGE ( 'NONE', *, *, #2268, .F. ) ;
#2028 = ORIENTED_EDGE ( 'NONE', *, *, #2527, .T. ) ;
#2029 = CARTESIAN_POINT ( 'NONE',  ( -0.3199999999999994500, 1.700000000000000200, 2.319999999999999800 ) ) ;
#2030 = CARTESIAN_POINT ( 'NONE',  ( 0.3200000000000012800, 0.2999999999999999900, -1.270000000000000700 ) ) ;
#2031 = ORIENTED_EDGE ( 'NONE', *, *, #880, .F. ) ;
#2032 = MECHANICAL_DESIGN_GEOMETRIC_PRESENTATION_REPRESENTATION (  '', ( #1011 ), #2379 ) ;
#2033 = CARTESIAN_POINT ( 'NONE',  ( -0.3199999999999988400, -3.000000000000000000, 4.860000000000000300 ) ) ;
#2034 = PLANE ( 'NONE',  #1633 ) ;
#2035 = ORIENTED_EDGE ( 'NONE', *, *, #5590, .F. ) ;
#2036 = ORIENTED_EDGE ( 'NONE', *, *, #6150, .T. ) ;
#2037 = ADVANCED_FACE ( 'NONE', ( #6331 ), #6093, .T. ) ;
#2038 = UNCERTAINTY_MEASURE_WITH_UNIT (LENGTH_MEASURE( 1.000000000000000100E-005 ), #6531, 'distance_accuracy_value', 'NONE');
#2039 = VECTOR ( 'NONE', #93, 1000.000000000000000 ) ;
#2040 = SURFACE_STYLE_FILL_AREA ( #5286 ) ;
#2041 = FILL_AREA_STYLE ('',( #4042 ) ) ;
#2042 =( GEOMETRIC_REPRESENTATION_CONTEXT ( 3 ) GLOBAL_UNCERTAINTY_ASSIGNED_CONTEXT ( ( #2575 ) ) GLOBAL_UNIT_ASSIGNED_CONTEXT ( ( #1438, #4993, #1947 ) ) REPRESENTATION_CONTEXT ( 'NONE', 'WORKASPACE' ) );
#2043 = FILL_AREA_STYLE_COLOUR ( '', #1190 ) ;
#2044 = ORIENTED_EDGE ( 'NONE', *, *, #1177, .T. ) ;
#2045 = LINE ( 'NONE', #4127, #698 ) ;
#2046 = LINE ( 'NONE', #1977, #4432 ) ;
#2047 = FACE_OUTER_BOUND ( 'NONE', #691, .T. ) ;
#2048 = LINE ( 'NONE', #3304, #4591 ) ;
#2049 = CARTESIAN_POINT ( 'NONE',  ( -0.2199999999999980900, -3.000000000000000000, 7.939999999999999500 ) ) ;
#2050 = STYLED_ITEM ( 'NONE', ( #6351 ), #1752 ) ;
#2051 =( NAMED_UNIT ( * ) SI_UNIT ( $, .STERADIAN. ) SOLID_ANGLE_UNIT ( ) );
#2052 = LINE ( 'NONE', #5349, #4594 ) ;
#2053 =( NAMED_UNIT ( * ) PLANE_ANGLE_UNIT ( ) SI_UNIT ( $, .RADIAN. ) );
#2054 = CARTESIAN_POINT ( 'NONE',  ( 0.3200000000000001700, 0.2999999999999999900, -1.270000000000000700 ) ) ;
#2055 = LINE ( 'NONE', #40, #3422 ) ;
#2056 =( GEOMETRIC_REPRESENTATION_CONTEXT ( 3 ) GLOBAL_UNCERTAINTY_ASSIGNED_CONTEXT ( ( #2648 ) ) GLOBAL_UNIT_ASSIGNED_CONTEXT ( ( #1740, #5290, #2231 ) ) REPRESENTATION_CONTEXT ( 'NONE', 'WORKASPACE' ) );
#2057 = PLANE ( 'NONE',  #352 ) ;
#2058 = EDGE_CURVE ( 'NONE', #2637, #2295, #5868, .T. ) ;
#2059 = EDGE_CURVE ( 'NONE', #1580, #6148, #602, .T. ) ;
#2060 = ORIENTED_EDGE ( 'NONE', *, *, #844, .T. ) ;
#2061 = VERTEX_POINT ( 'NONE', #5632 ) ;
#2062 = FACE_OUTER_BOUND ( 'NONE', #2102, .T. ) ;
#2063 = EDGE_CURVE ( 'NONE', #4471, #5303, #5694, .T. ) ;
#2064 =( NAMED_UNIT ( * ) PLANE_ANGLE_UNIT ( ) SI_UNIT ( $, .RADIAN. ) );
#2065 = FILL_AREA_STYLE_COLOUR ( '', #3636 ) ;
#2066 =( NAMED_UNIT ( * ) PLANE_ANGLE_UNIT ( ) SI_UNIT ( $, .RADIAN. ) );
#2067 = DIRECTION ( 'NONE',  ( -0.0000000000000000000, -1.000000000000000000, -0.0000000000000000000 ) ) ;
#2068 = DIRECTION ( 'NONE',  ( 0.0000000000000000000, 0.0000000000000000000, 1.000000000000000000 ) ) ;
#2070 = STYLED_ITEM ( 'NONE', ( #1581 ), #1320 ) ;
#2069 = DIRECTION ( 'NONE',  ( 2.464095846557964400E-016, 0.0000000000000000000, 1.000000000000000000 ) ) ;
#2071 = SURFACE_SIDE_STYLE ('',( #3031 ) ) ;
#2072 = LINE ( 'NONE', #6541, #5985 ) ;
#2073 =( NAMED_UNIT ( * ) PLANE_ANGLE_UNIT ( ) SI_UNIT ( $, .RADIAN. ) );
#2074 =( NAMED_UNIT ( * ) PLANE_ANGLE_UNIT ( ) SI_UNIT ( $, .RADIAN. ) );
#2075 = LINE ( 'NONE', #6231, #1925 ) ;
#2076 = FACE_OUTER_BOUND ( 'NONE', #4969, .T. ) ;
#2077 = PLANE ( 'NONE',  #234 ) ;
#2078 = SURFACE_SIDE_STYLE ('',( #302 ) ) ;
#2079 = DIRECTION ( 'NONE',  ( 1.000000000000000000, 0.0000000000000000000, 0.0000000000000000000 ) ) ;
#2080 = ORIENTED_EDGE ( 'NONE', *, *, #238, .F. ) ;
#2081 = CARTESIAN_POINT ( 'NONE',  ( 1.269999999999999400, 0.0000000000000000000, 1.669999999999999900 ) ) ;
#2082 = CARTESIAN_POINT ( 'NONE',  ( 0.2200000000000006100, 8.339999999999999900, 2.220000000000000200 ) ) ;
#2083 = VECTOR ( 'NONE', #6383, 1000.000000000000000 ) ;
#2084 = AXIS2_PLACEMENT_3D ( 'NONE', #636, #4164, #1139 ) ;
#2085 = ORIENTED_EDGE ( 'NONE', *, *, #5917, .F. ) ;
#2086 = AXIS2_PLACEMENT_3D ( 'NONE', #5373, #2325, #5904 ) ;
#2087 = DIRECTION ( 'NONE',  ( 0.7071067811865474600, -0.0000000000000000000, 0.7071067811865474600 ) ) ;
#2088 = ORIENTED_EDGE ( 'NONE', *, *, #923, .F. ) ;
#2089 = VECTOR ( 'NONE', #2128, 1000.000000000000000 ) ;
#2090 = CARTESIAN_POINT ( 'NONE',  ( 0.3200000000000025000, -3.000000000000000000, 9.940000000000001300 ) ) ;
#2091 = SURFACE_STYLE_FILL_AREA ( #3268 ) ;
#2092 = CARTESIAN_POINT ( 'NONE',  ( -0.3199999999999980600, 1.700000000000000000, 7.839999999999999900 ) ) ;
#2093 = EDGE_LOOP ( 'NONE', ( #515, #3755, #5489, #2111 ) ) ;
#2094 = EDGE_CURVE ( 'NONE', #975, #588, #439, .T. ) ;
#2095 = EDGE_CURVE ( 'NONE', #676, #399, #4490, .T. ) ;
#2096 = EDGE_CURVE ( 'NONE', #516, #5773, #2979, .T. ) ;
#2097 = FILL_AREA_STYLE ('',( #3604 ) ) ;
#2098 = ORIENTED_EDGE ( 'NONE', *, *, #844, .F. ) ;
#2099 = FILL_AREA_STYLE ('',( #1596 ) ) ;
#2100 = FILL_AREA_STYLE ('',( #6144 ) ) ;
#2101 = ORIENTED_EDGE ( 'NONE', *, *, #5877, .F. ) ;
#2102 = EDGE_LOOP ( 'NONE', ( #4169, #2977, #1540, #5881 ) ) ;
#2103 = MECHANICAL_DESIGN_GEOMETRIC_PRESENTATION_REPRESENTATION (  '', ( #1096 ), #2456 ) ;
#2104 = EDGE_LOOP ( 'NONE', ( #4423, #379, #5519, #3186 ) ) ;
#2105 = ORIENTED_EDGE ( 'NONE', *, *, #3264, .T. ) ;
#2106 = ORIENTED_EDGE ( 'NONE', *, *, #3391, .T. ) ;
#2107 = FACE_OUTER_BOUND ( 'NONE', #613, .T. ) ;
#2108 = VECTOR ( 'NONE', #830, 1000.000000000000000 ) ;
#2109 =( LENGTH_UNIT ( ) NAMED_UNIT ( * ) SI_UNIT ( .MILLI., .METRE. ) );
#2110 = CARTESIAN_POINT ( 'NONE',  ( -0.3199999999999982300, 0.2999999999999999900, 7.399999999999998600 ) ) ;
#2111 = ORIENTED_EDGE ( 'NONE', *, *, #5398, .T. ) ;
#2112 = ORIENTED_EDGE ( 'NONE', *, *, #4841, .F. ) ;
#2113 =( GEOMETRIC_REPRESENTATION_CONTEXT ( 3 ) GLOBAL_UNCERTAINTY_ASSIGNED_CONTEXT ( ( #4809 ) ) GLOBAL_UNIT_ASSIGNED_CONTEXT ( ( #482, #4019, #988 ) ) REPRESENTATION_CONTEXT ( 'NONE', 'WORKASPACE' ) );
#2114 = UNCERTAINTY_MEASURE_WITH_UNIT (LENGTH_MEASURE( 1.000000000000000100E-005 ), #2705, 'distance_accuracy_value', 'NONE');
#2115 = PRESENTATION_LAYER_ASSIGNMENT (  '', '', ( #1443 ) ) ;
#2116 = CARTESIAN_POINT ( 'NONE',  ( -0.8699999999999976600, 1.700000000000000000, 11.43000000000000100 ) ) ;
#2117 = CARTESIAN_POINT ( 'NONE',  ( 1.270000000000000500, 1.700000000000000000, 5.949999999999999300 ) ) ;
#2118 = PRESENTATION_STYLE_ASSIGNMENT (( #6122 ) ) ;
#2119 =( NAMED_UNIT ( * ) PLANE_ANGLE_UNIT ( ) SI_UNIT ( $, .RADIAN. ) );
#2120 = DIRECTION ( 'NONE',  ( -0.7071067811865474600, -0.0000000000000000000, 0.7071067811865474600 ) ) ;
#2121 = SURFACE_STYLE_FILL_AREA ( #2041 ) ;
#2122 = PLANE ( 'NONE',  #3820 ) ;
#2123 = AXIS2_PLACEMENT_3D ( 'NONE', #3780, #754, #4290 ) ;
#2124 = COLOUR_RGB ( '',0.0000000000000000000, 0.03529411764705882300, 0.05882352941176470500 ) ;
#2125 =( LENGTH_UNIT ( ) NAMED_UNIT ( * ) SI_UNIT ( .MILLI., .METRE. ) );
#2126 = CARTESIAN_POINT ( 'NONE',  ( -0.2199999999999999700, -3.000000000000000000, 0.3199999999999999500 ) ) ;
#2127 = LINE ( 'NONE', #3116, #792 ) ;
#2128 = DIRECTION ( 'NONE',  ( -1.000000000000000000, -0.0000000000000000000, -0.0000000000000000000 ) ) ;
#2129 = VECTOR ( 'NONE', #5691, 1000.000000000000000 ) ;
#2130 = LINE ( 'NONE', #5152, #3346 ) ;
#2131 = FILL_AREA_STYLE ('',( #4138 ) ) ;
#2132 = MECHANICAL_DESIGN_GEOMETRIC_PRESENTATION_REPRESENTATION (  '', ( #1121 ), #2481 ) ;
#2133 = PLANE ( 'NONE',  #4880 ) ;
#2134 = ORIENTED_EDGE ( 'NONE', *, *, #5043, .F. ) ;
#2135 = EDGE_CURVE ( 'NONE', #3862, #859, #1629, .T. ) ;
#2136 = CARTESIAN_POINT ( 'NONE',  ( -0.7500000000000000000, 0.0000000000000000000, -1.270000000000000500 ) ) ;
#2137 = VECTOR ( 'NONE', #81, 1000.000000000000000 ) ;
#2138 = SURFACE_STYLE_USAGE ( .BOTH. , #5187 ) ;
#2139 = AXIS2_PLACEMENT_3D ( 'NONE', #4451, #28, #783 ) ;
#2140 = PRESENTATION_STYLE_ASSIGNMENT (( #4898 ) ) ;
#2141 = CARTESIAN_POINT ( 'NONE',  ( 0.8700000000000024400, 0.0000000000000000000, 13.97000000000000100 ) ) ;
#2142 = SURFACE_SIDE_STYLE ('',( #252 ) ) ;
#2143 = EDGE_LOOP ( 'NONE', ( #769, #4546, #32, #2467 ) ) ;
#2144 = DIRECTION ( 'NONE',  ( -0.0000000000000000000, -1.000000000000000000, -0.0000000000000000000 ) ) ;
#2145 =( LENGTH_UNIT ( ) NAMED_UNIT ( * ) SI_UNIT ( .MILLI., .METRE. ) );
#2146 = AXIS2_PLACEMENT_3D ( 'NONE', #5284, #2224, #5812 ) ;
#2147 = CARTESIAN_POINT ( 'NONE',  ( 0.3200000000000031200, 1.700000000000000000, 12.48000000000000200 ) ) ;
#2148 = PRESENTATION_LAYER_ASSIGNMENT (  '', '', ( #1473 ) ) ;
#2149 = CARTESIAN_POINT ( 'NONE',  ( -0.2199999999999968100, -3.000000000000000000, 13.02000000000000000 ) ) ;
#2150 = VECTOR ( 'NONE', #5810, 1000.000000000000000 ) ;
#2151 = DIRECTION ( 'NONE',  ( 0.0000000000000000000, 1.000000000000000000, 0.0000000000000000000 ) ) ;
#2153 = MECHANICAL_DESIGN_GEOMETRIC_PRESENTATION_REPRESENTATION (  '', ( #1151 ), #2510 ) ;
#2152 = CARTESIAN_POINT ( 'NONE',  ( -0.8699999999999985500, 0.0000000000000000000, 6.349999999999999600 ) ) ;
#2154 = CARTESIAN_POINT ( 'NONE',  ( 0.3200000000000031200, 8.339999999999999900, 12.48000000000000200 ) ) ;
#2155 = UNCERTAINTY_MEASURE_WITH_UNIT (LENGTH_MEASURE( 1.000000000000000100E-005 ), #74, 'distance_accuracy_value', 'NONE');
#2156 =( NAMED_UNIT ( * ) SI_UNIT ( $, .STERADIAN. ) SOLID_ANGLE_UNIT ( ) );
#2157 = FILL_AREA_STYLE_COLOUR ( '', #4871 ) ;
#2158 = SURFACE_SIDE_STYLE ('',( #2851 ) ) ;
#2159 = VECTOR ( 'NONE', #5862, 1000.000000000000000 ) ;
#2160 = DIRECTION ( 'NONE',  ( -0.7071067811865474600, -0.0000000000000000000, 0.7071067811865474600 ) ) ;
#2161 = ORIENTED_EDGE ( 'NONE', *, *, #704, .T. ) ;
#2162 = COLOUR_RGB ( '',1.000000000000000000, 1.000000000000000000, 1.000000000000000000 ) ;
#2163 = ORIENTED_EDGE ( 'NONE', *, *, #5596, .F. ) ;
#2164 = LINE ( 'NONE', #5484, #843 ) ;
#2165 = DIRECTION ( 'NONE',  ( -0.7071067811865474600, 0.0000000000000000000, 0.7071067811865474600 ) ) ;
#2166 = VERTEX_POINT ( 'NONE', #5170 ) ;
#2167 = DIRECTION ( 'NONE',  ( 0.0000000000000000000, 1.000000000000000000, 0.0000000000000000000 ) ) ;
#2168 = DIRECTION ( 'NONE',  ( 0.7071067811865474600, 0.0000000000000000000, -0.7071067811865474600 ) ) ;
#2169 = ORIENTED_EDGE ( 'NONE', *, *, #2536, .F. ) ;
#2170 = VECTOR ( 'NONE', #1415, 1000.000000000000100 ) ;
#2171 = VERTEX_POINT ( 'NONE', #4122 ) ;
#2172 = ORIENTED_EDGE ( 'NONE', *, *, #5080, .F. ) ;
#2173 =( GEOMETRIC_REPRESENTATION_CONTEXT ( 3 ) GLOBAL_UNCERTAINTY_ASSIGNED_CONTEXT ( ( #3695 ) ) GLOBAL_UNIT_ASSIGNED_CONTEXT ( ( #4982, #1931, #5492 ) ) REPRESENTATION_CONTEXT ( 'NONE', 'WORKASPACE' ) );
#2174 = PLANE ( 'NONE',  #5073 ) ;
#2175 = ORIENTED_EDGE ( 'NONE', *, *, #5987, .T. ) ;
#2176 = ORIENTED_EDGE ( 'NONE', *, *, #4487, .F. ) ;
#2177 =( NAMED_UNIT ( * ) PLANE_ANGLE_UNIT ( ) SI_UNIT ( $, .RADIAN. ) );
#2178 = EDGE_LOOP ( 'NONE', ( #5911, #6155, #4338, #3211 ) ) ;
#2179 = FILL_AREA_STYLE_COLOUR ( '', #1446 ) ;
#2180 = SURFACE_STYLE_FILL_AREA ( #254 ) ;
#2181 = EDGE_CURVE ( 'NONE', #3394, #299, #2820, .T. ) ;
#2182 = EDGE_CURVE ( 'NONE', #6427, #4002, #5522, .T. ) ;
#2183 = EDGE_CURVE ( 'NONE', #3944, #1568, #117, .T. ) ;
#2184 =( NAMED_UNIT ( * ) PLANE_ANGLE_UNIT ( ) SI_UNIT ( $, .RADIAN. ) );
#2185 = CARTESIAN_POINT ( 'NONE',  ( 1.270000000000000700, 1.700000000000000000, 6.750000000000000000 ) ) ;
#2186 = ORIENTED_EDGE ( 'NONE', *, *, #2369, .T. ) ;
#2187 = ORIENTED_EDGE ( 'NONE', *, *, #1929, .F. ) ;
#2188 = EDGE_LOOP ( 'NONE', ( #3783, #1959, #3539, #2270 ) ) ;
#2189 = STYLED_ITEM ( 'NONE', ( #6106 ), #3525 ) ;
#2190 = PLANE ( 'NONE',  #6183 ) ;
#2191 = UNCERTAINTY_MEASURE_WITH_UNIT (LENGTH_MEASURE( 1.000000000000000100E-005 ), #1759, 'distance_accuracy_value', 'NONE');
#2192 = SURFACE_STYLE_FILL_AREA ( #6016 ) ;
#2193 = VECTOR ( 'NONE', #2120, 1000.000000000000100 ) ;
#2194 = DIRECTION ( 'NONE',  ( 1.000000000000000000, 0.0000000000000000000, -0.0000000000000000000 ) ) ;
#2195 =( LENGTH_UNIT ( ) NAMED_UNIT ( * ) SI_UNIT ( .MILLI., .METRE. ) );
#2196 = LINE ( 'NONE', #6028, #6100 ) ;
#2197 = ADVANCED_FACE ( 'NONE', ( #5207 ), #2625, .F. ) ;
#2198 = LINE ( 'NONE', #1182, #4925 ) ;
#2199 = FILL_AREA_STYLE_COLOUR ( '', #5500 ) ;
#2200 = SURFACE_SIDE_STYLE ('',( #2724 ) ) ;
#2201 = CARTESIAN_POINT ( 'NONE',  ( -0.3199999999999988400, 8.339999999999999900, 4.860000000000000300 ) ) ;
#2202 = COLOUR_RGB ( '',1.000000000000000000, 1.000000000000000000, 1.000000000000000000 ) ;
#2203 = DIRECTION ( 'NONE',  ( 0.7071067811865474600, 0.0000000000000000000, -0.7071067811865474600 ) ) ;
#2204 = CARTESIAN_POINT ( 'NONE',  ( -0.3199999999999975100, -3.000000000000000000, 9.940000000000001300 ) ) ;
#2205 = FILL_AREA_STYLE ('',( #2227 ) ) ;
#2206 =( NAMED_UNIT ( * ) PLANE_ANGLE_UNIT ( ) SI_UNIT ( $, .RADIAN. ) );
#2207 =( GEOMETRIC_REPRESENTATION_CONTEXT ( 3 ) GLOBAL_UNCERTAINTY_ASSIGNED_CONTEXT ( ( #2634 ) ) GLOBAL_UNIT_ASSIGNED_CONTEXT ( ( #2911, #6470, #3428 ) ) REPRESENTATION_CONTEXT ( 'NONE', 'WORKASPACE' ) );
#2208 = CARTESIAN_POINT ( 'NONE',  ( -0.2199999999999980900, -3.000000000000000000, 7.939999999999999500 ) ) ;
#2209 = DIRECTION ( 'NONE',  ( 0.7071067811865474600, 0.0000000000000000000, 0.7071067811865474600 ) ) ;
#2210 = CARTESIAN_POINT ( 'NONE',  ( -0.7499999999999968900, 0.2999999999999999900, 13.97000000000000100 ) ) ;
#2211 = FILL_AREA_STYLE ('',( #3230 ) ) ;
#2212 =( LENGTH_UNIT ( ) NAMED_UNIT ( * ) SI_UNIT ( .MILLI., .METRE. ) );
#2213 = FACE_OUTER_BOUND ( 'NONE', #6076, .T. ) ;
#2214 = STYLED_ITEM ( 'NONE', ( #338 ), #2801 ) ;
#2215 = ORIENTED_EDGE ( 'NONE', *, *, #2647, .F. ) ;
#2216 = SURFACE_SIDE_STYLE ('',( #6363 ) ) ;
#2217 = ORIENTED_EDGE ( 'NONE', *, *, #2571, .T. ) ;
#2218 = STYLED_ITEM ( 'NONE', ( #4808 ), #2312 ) ;
#2219 = DIRECTION ( 'NONE',  ( -0.7071067811865474600, 0.0000000000000000000, 0.7071067811865474600 ) ) ;
#2220 = EDGE_CURVE ( 'NONE', #4471, #5706, #6070, .T. ) ;
#2221 = EDGE_CURVE ( 'NONE', #936, #3136, #3388, .T. ) ;
#2222 = EDGE_CURVE ( 'NONE', #4803, #1338, #4718, .T. ) ;
#2223 = CARTESIAN_POINT ( 'NONE',  ( -0.2199999999999993600, 0.2999999999999999300, 2.860000000000000300 ) ) ;
#2224 = DIRECTION ( 'NONE',  ( -1.000000000000000000, 0.0000000000000000000, 2.464095846557964400E-016 ) ) ;
#2225 =( GEOMETRIC_REPRESENTATION_CONTEXT ( 3 ) GLOBAL_UNCERTAINTY_ASSIGNED_CONTEXT ( ( #99 ) ) GLOBAL_UNIT_ASSIGNED_CONTEXT ( ( #4587, #1545, #5102 ) ) REPRESENTATION_CONTEXT ( 'NONE', 'WORKASPACE' ) );
#2226 = PRESENTATION_LAYER_ASSIGNMENT (  '', '', ( #1559 ) ) ;
#2227 = FILL_AREA_STYLE_COLOUR ( '', #5707 ) ;
#2228 = CARTESIAN_POINT ( 'NONE',  ( -1.269999999999996900, 0.0000000000000000000, 13.57000000000000000 ) ) ;
#2229 = COLOUR_RGB ( '',1.000000000000000000, 1.000000000000000000, 1.000000000000000000 ) ;
#2230 = PRESENTATION_STYLE_ASSIGNMENT (( #1100 ) ) ;
#2231 =( NAMED_UNIT ( * ) SI_UNIT ( $, .STERADIAN. ) SOLID_ANGLE_UNIT ( ) );
#2232 = FILL_AREA_STYLE_COLOUR ( '', #2124 ) ;
#2233 = UNCERTAINTY_MEASURE_WITH_UNIT (LENGTH_MEASURE( 1.000000000000000100E-005 ), #3425, 'distance_accuracy_value', 'NONE');
#2234 = ADVANCED_FACE ( 'NONE', ( #2024 ), #3685, .F. ) ;
#2235 =( NAMED_UNIT ( * ) SI_UNIT ( $, .STERADIAN. ) SOLID_ANGLE_UNIT ( ) );
#2236 = VECTOR ( 'NONE', #5189, 1000.000000000000000 ) ;
#2237 = VECTOR ( 'NONE', #3662, 1000.000000000000000 ) ;
#2238 = DIRECTION ( 'NONE',  ( -2.492418787322999200E-016, -0.0000000000000000000, -1.000000000000000000 ) ) ;
#2239 = COLOUR_RGB ( '',1.000000000000000000, 1.000000000000000000, 1.000000000000000000 ) ;
#2240 = SURFACE_SIDE_STYLE ('',( #5899 ) ) ;
#2241 = LINE ( 'NONE', #822, #6132 ) ;
#2242 = PRESENTATION_STYLE_ASSIGNMENT (( #3899 ) ) ;
#2243 = STYLED_ITEM ( 'NONE', ( #4194 ), #4736 ) ;
#2244 = SURFACE_SIDE_STYLE ('',( #3507 ) ) ;
#2245 = DIRECTION ( 'NONE',  ( 2.464095846557964400E-016, 0.0000000000000000000, 1.000000000000000000 ) ) ;
#2246 = SURFACE_SIDE_STYLE ('',( #1910 ) ) ;
#2247 = VECTOR ( 'NONE', #4271, 1000.000000000000000 ) ;
#2248 = DIRECTION ( 'NONE',  ( 0.0000000000000000000, -1.000000000000000000, 0.0000000000000000000 ) ) ;
#2249 = CARTESIAN_POINT ( 'NONE',  ( 0.2199999999999999700, -3.000000000000000000, -0.3200000000000000600 ) ) ;
#2250 = CARTESIAN_POINT ( 'NONE',  ( -0.3199999999999987300, -3.000000000000000000, 5.299999999999999800 ) ) ;
#2251 =( NAMED_UNIT ( * ) SI_UNIT ( $, .STERADIAN. ) SOLID_ANGLE_UNIT ( ) );
#2252 = ORIENTED_EDGE ( 'NONE', *, *, #3930, .T. ) ;
#2253 = PRODUCT_DEFINITION_CONTEXT ( 'detailed design', #3479, 'design' ) ;
#2254 = PLANE ( 'NONE',  #5123 ) ;
#2255 = EDGE_LOOP ( 'NONE', ( #5794, #1191, #3322, #1477 ) ) ;
#2256 = VECTOR ( 'NONE', #1194, 1000.000000000000000 ) ;
#2257 = EDGE_LOOP ( 'NONE', ( #782, #6588, #6240, #1871 ) ) ;
#2258 = FILL_AREA_STYLE_COLOUR ( '', #2885 ) ;
#2259 = ORIENTED_EDGE ( 'NONE', *, *, #3356, .F. ) ;
#2260 = PRESENTATION_LAYER_ASSIGNMENT (  '', '', ( #1585 ) ) ;
#2261 = VERTEX_POINT ( 'NONE', #3708 ) ;
#2262 = VECTOR ( 'NONE', #2852, 1000.000000000000000 ) ;
#2263 = CARTESIAN_POINT ( 'NONE',  ( 1.270000000000002500, 1.700000000000000000, 13.57000000000000000 ) ) ;
#2264 = DIRECTION ( 'NONE',  ( -0.0000000000000000000, -0.0000000000000000000, 1.000000000000000000 ) ) ;
#2265 = EDGE_LOOP ( 'NONE', ( #1360, #6062, #5062, #199 ) ) ;
#2266 = CARTESIAN_POINT ( 'NONE',  ( -0.2199999999999969200, -3.000000000000000000, 12.38000000000000100 ) ) ;
#2267 = DIRECTION ( 'NONE',  ( -0.7071067811865474600, 0.0000000000000000000, -0.7071067811865474600 ) ) ;
#2268 = EDGE_CURVE ( 'NONE', #5440, #5459, #5449, .T. ) ;
#2269 = VERTEX_POINT ( 'NONE', #682 ) ;
#2270 = ORIENTED_EDGE ( 'NONE', *, *, #61, .T. ) ;
#2271 = ORIENTED_EDGE ( 'NONE', *, *, #2268, .T. ) ;
#2272 = SURFACE_STYLE_FILL_AREA ( #4731 ) ;
#2273 = AXIS2_PLACEMENT_3D ( 'NONE', #3155, #103, #3648 ) ;
#2274 = ADVANCED_FACE ( 'NONE', ( #5294 ), #5736, .F. ) ;
#2275 = FACE_OUTER_BOUND ( 'NONE', #1331, .T. ) ;
#2276 =( GEOMETRIC_REPRESENTATION_CONTEXT ( 3 ) GLOBAL_UNCERTAINTY_ASSIGNED_CONTEXT ( ( #5725 ) ) GLOBAL_UNIT_ASSIGNED_CONTEXT ( ( #3476, #430, #3975 ) ) REPRESENTATION_CONTEXT ( 'NONE', 'WORKASPACE' ) );
#2277 = DIRECTION ( 'NONE',  ( 2.464095846557964400E-016, 0.0000000000000000000, 1.000000000000000000 ) ) ;
#2278 =( LENGTH_UNIT ( ) NAMED_UNIT ( * ) SI_UNIT ( .MILLI., .METRE. ) );
#2279 = ORIENTED_EDGE ( 'NONE', *, *, #2484, .T. ) ;
#2280 = FILL_AREA_STYLE_COLOUR ( '', #171 ) ;
#2281 = EDGE_LOOP ( 'NONE', ( #5692, #5032, #1887, #6254 ) ) ;
#2282 = EDGE_CURVE ( 'NONE', #854, #5299, #6151, .T. ) ;
#2283 = CARTESIAN_POINT ( 'NONE',  ( 1.270000000000001400, 1.700000000000000000, 9.289999999999999100 ) ) ;
#2284 = COLOUR_RGB ( '',1.000000000000000000, 1.000000000000000000, 1.000000000000000000 ) ;
#2285 = CARTESIAN_POINT ( 'NONE',  ( -0.3199999999999999500, -3.000000000000000000, 0.2199999999999999700 ) ) ;
#2286 = CARTESIAN_POINT ( 'NONE',  ( 0.2200000000000006100, 8.339999999999999900, 2.220000000000000200 ) ) ;
#2287 = SURFACE_STYLE_USAGE ( .BOTH. , #5342 ) ;
#2288 = LINE ( 'NONE', #4565, #941 ) ;
#2289 = AXIS2_PLACEMENT_3D ( 'NONE', #5843, #2771, #6346 ) ;
#2290 = FILL_AREA_STYLE_COLOUR ( '', #2791 ) ;
#2291 = PRESENTATION_STYLE_ASSIGNMENT (( #6338 ) ) ;
#2292 = LINE ( 'NONE', #6339, #6180 ) ;
#2293 = LINE ( 'NONE', #5651, #4849 ) ;
#2294 = SURFACE_STYLE_USAGE ( .BOTH. , #5348 ) ;
#2295 = VERTEX_POINT ( 'NONE', #5281 ) ;
#2296 = DIRECTION ( 'NONE',  ( 0.0000000000000000000, -1.000000000000000000, 0.0000000000000000000 ) ) ;
#2297 = PRESENTATION_LAYER_ASSIGNMENT (  '', '', ( #1612 ) ) ;
#2298 = COLOUR_RGB ( '',1.000000000000000000, 1.000000000000000000, 1.000000000000000000 ) ;
#2299 = DIRECTION ( 'NONE',  ( -1.000000000000000000, 0.0000000000000000000, 0.0000000000000000000 ) ) ;
#2300 = VECTOR ( 'NONE', #1565, 1000.000000000000100 ) ;
#2301 =( NAMED_UNIT ( * ) PLANE_ANGLE_UNIT ( ) SI_UNIT ( $, .RADIAN. ) );
#2302 = DIRECTION ( 'NONE',  ( 0.7071067811865474600, 0.0000000000000000000, -0.7071067811865474600 ) ) ;
#2303 = SURFACE_STYLE_FILL_AREA ( #1484 ) ;
#2304 = VERTEX_POINT ( 'NONE', #5811 ) ;
#2305 = CARTESIAN_POINT ( 'NONE',  ( -0.2199999999999974500, 8.339999999999999900, 10.48000000000000000 ) ) ;
#2306 = DIRECTION ( 'NONE',  ( 0.7071067811865475700, 0.0000000000000000000, -0.7071067811865475700 ) ) ;
#2307 = MECHANICAL_DESIGN_GEOMETRIC_PRESENTATION_REPRESENTATION (  '', ( #1299 ), #2633 ) ;
#2308 = ORIENTED_EDGE ( 'NONE', *, *, #5044, .F. ) ;
#2309 = SURFACE_SIDE_STYLE ('',( #1653 ) ) ;
#2310 = FILL_AREA_STYLE_COLOUR ( '', #5399 ) ;
#2311 = LINE ( 'NONE', #6134, #6198 ) ;
#2312 = ADVANCED_FACE ( 'NONE', ( #3453 ), #4762, .T. ) ;
#2313 = PLANE ( 'NONE',  #5442 ) ;
#2314 =( NAMED_UNIT ( * ) SI_UNIT ( $, .STERADIAN. ) SOLID_ANGLE_UNIT ( ) );
#2315 = SURFACE_SIDE_STYLE ('',( #5345 ) ) ;
#2316 = MECHANICAL_DESIGN_GEOMETRIC_PRESENTATION_REPRESENTATION (  '', ( #1306 ), #2640 ) ;
#2317 = VECTOR ( 'NONE', #5742, 1000.000000000000000 ) ;
#2318 = PRESENTATION_STYLE_ASSIGNMENT (( #6247 ) ) ;
#2319 = SURFACE_SIDE_STYLE ('',( #1555 ) ) ;
#2320 = LINE ( 'NONE', #2530, #4386 ) ;
#2321 = EDGE_CURVE ( 'NONE', #453, #3311, #1624, .T. ) ;
#2322 = EDGE_CURVE ( 'NONE', #3137, #4083, #2971, .T. ) ;
#2323 = PRESENTATION_STYLE_ASSIGNMENT (( #730 ) ) ;
#2324 = LINE ( 'NONE', #215, #2150 ) ;
#2325 = DIRECTION ( 'NONE',  ( 0.0000000000000000000, 0.0000000000000000000, 1.000000000000000000 ) ) ;
#2326 = SURFACE_SIDE_STYLE ('',( #1833 ) ) ;
#2327 = UNCERTAINTY_MEASURE_WITH_UNIT (LENGTH_MEASURE( 1.000000000000000100E-005 ), #2755, 'distance_accuracy_value', 'NONE');
#2328 = CARTESIAN_POINT ( 'NONE',  ( -0.8699999999999970000, 1.700000000000000000, 13.97000000000000100 ) ) ;
#2329 = FILL_AREA_STYLE ('',( #2355 ) ) ;
#2330 = CARTESIAN_POINT ( 'NONE',  ( 0.2200000000000018900, 8.339999999999999900, 7.299999999999999800 ) ) ;
#2331 = COLOUR_RGB ( '',0.0000000000000000000, 0.03529411764705882300, 0.05882352941176470500 ) ;
#2332 =( NAMED_UNIT ( * ) SI_UNIT ( $, .STERADIAN. ) SOLID_ANGLE_UNIT ( ) );
#2333 = DIRECTION ( 'NONE',  ( -0.7071067811865475700, 0.0000000000000000000, 0.7071067811865475700 ) ) ;
#2334 = VECTOR ( 'NONE', #1719, 1000.000000000000000 ) ;
#2335 = ORIENTED_EDGE ( 'NONE', *, *, #5432, .F. ) ;
#2336 = LINE ( 'NONE', #288, #5034 ) ;
#2337 = CARTESIAN_POINT ( 'NONE',  ( -1.270000000000000500, 1.700000000000000000, -0.8700000000000003300 ) ) ;
#2338 = DIRECTION ( 'NONE',  ( 1.000000000000000000, -0.0000000000000000000, 0.0000000000000000000 ) ) ;
#2339 = CARTESIAN_POINT ( 'NONE',  ( -0.8699999999999981100, 0.0000000000000000000, 8.890000000000000600 ) ) ;
#2340 =( GEOMETRIC_REPRESENTATION_CONTEXT ( 3 ) GLOBAL_UNCERTAINTY_ASSIGNED_CONTEXT ( ( #2191 ) ) GLOBAL_UNIT_ASSIGNED_CONTEXT ( ( #1759, #5324, #2251 ) ) REPRESENTATION_CONTEXT ( 'NONE', 'WORKASPACE' ) );
#2341 = DIRECTION ( 'NONE',  ( -0.7071067811865474600, 0.0000000000000000000, -0.7071067811865474600 ) ) ;
#2342 = CARTESIAN_POINT ( 'NONE',  ( -0.7499999999999968900, 0.2999999999999999900, 13.97000000000000100 ) ) ;
#2343 = ORIENTED_EDGE ( 'NONE', *, *, #2872, .T. ) ;
#2344 = LINE ( 'NONE', #4847, #979 ) ;
#2345 = VECTOR ( 'NONE', #5540, 1000.000000000000000 ) ;
#2346 = ADVANCED_FACE ( 'NONE', ( #278 ), #4289, .F. ) ;
#2347 = MECHANICAL_DESIGN_GEOMETRIC_PRESENTATION_REPRESENTATION (  '', ( #1333 ), #2676 ) ;
#2348 = ORIENTED_EDGE ( 'NONE', *, *, #749, .T. ) ;
#2349 = CARTESIAN_POINT ( 'NONE',  ( -0.3199999999999969500, -3.000000000000000000, 12.48000000000000200 ) ) ;
#2350 = ORIENTED_EDGE ( 'NONE', *, *, #1214, .F. ) ;
#2351 = EDGE_LOOP ( 'NONE', ( #3526, #4077, #2870, #3538, #6447, #3406, #3843, #5053, #685, #3243, #4650, #852, #2864, #6509, #2252, #480, #4113, #5950, #2739, #4320, #4720, #3309, #2900, #1709, #2813, #2826, #1867, #1487, #906, #2725, #4574, #5511, #994, #6227, #6046, #5675, #1167, #986 ) ) ;
#2352 = VECTOR ( 'NONE', #4966, 1000.000000000000100 ) ;
#2353 = ORIENTED_EDGE ( 'NONE', *, *, #150, .F. ) ;
#2354 = DIRECTION ( 'NONE',  ( -0.7071067811865474600, 0.0000000000000000000, 0.7071067811865474600 ) ) ;
#2355 = FILL_AREA_STYLE_COLOUR ( '', #1989 ) ;
#2356 = CARTESIAN_POINT ( 'NONE',  ( 0.2200000000000031900, 8.339999999999999900, 13.02000000000000000 ) ) ;
#2357 = DIRECTION ( 'NONE',  ( -0.7071067811865474600, 0.0000000000000000000, -0.7071067811865474600 ) ) ;
#2358 = ORIENTED_EDGE ( 'NONE', *, *, #3929, .T. ) ;
#2359 = VERTEX_POINT ( 'NONE', #779 ) ;
#2360 = FACE_OUTER_BOUND ( 'NONE', #3945, .T. ) ;
#2361 = VECTOR ( 'NONE', #462, 1000.000000000000000 ) ;
#2362 = PLANE ( 'NONE',  #891 ) ;
#2363 = VERTEX_POINT ( 'NONE', #4314 ) ;
#2364 = CARTESIAN_POINT ( 'NONE',  ( 1.266148743960083200E-015, 8.339999999999999900, 5.080000000000000100 ) ) ;
#2365 = EDGE_LOOP ( 'NONE', ( #1881, #947, #4971, #2584 ) ) ;
#2366 =( NAMED_UNIT ( * ) SI_UNIT ( $, .STERADIAN. ) SOLID_ANGLE_UNIT ( ) );
#2367 = DIRECTION ( 'NONE',  ( 0.7071067811865475700, 0.0000000000000000000, -0.7071067811865475700 ) ) ;
#2368 = ORIENTED_EDGE ( 'NONE', *, *, #5962, .F. ) ;
#2369 = EDGE_CURVE ( 'NONE', #2655, #752, #2344, .T. ) ;
#2370 =( NAMED_UNIT ( * ) SI_UNIT ( $, .STERADIAN. ) SOLID_ANGLE_UNIT ( ) );
#2371 = EDGE_CURVE ( 'NONE', #3138, #4344, #5041, .T. ) ;
#2372 = MECHANICAL_DESIGN_GEOMETRIC_PRESENTATION_REPRESENTATION (  '', ( #1358 ), #2691 ) ;
#2373 = LINE ( 'NONE', #6478, #6258 ) ;
#2374 = AXIS2_PLACEMENT_3D ( 'NONE', #3233, #182, #3724 ) ;
#2375 = VECTOR ( 'NONE', #1594, 1000.000000000000000 ) ;
#2376 = CARTESIAN_POINT ( 'NONE',  ( -0.7499999999999968900, 0.0000000000000000000, 13.97000000000000100 ) ) ;
#2377 = CARTESIAN_POINT ( 'NONE',  ( 1.269999999999999100, 1.700000000000000000, 0.8699999999999994400 ) ) ;
#2378 = FACE_OUTER_BOUND ( 'NONE', #2281, .T. ) ;
#2379 =( GEOMETRIC_REPRESENTATION_CONTEXT ( 3 ) GLOBAL_UNCERTAINTY_ASSIGNED_CONTEXT ( ( #5307 ) ) GLOBAL_UNIT_ASSIGNED_CONTEXT ( ( #266, #3815, #790 ) ) REPRESENTATION_CONTEXT ( 'NONE', 'WORKASPACE' ) );
#2380 = ADVANCED_FACE ( 'NONE', ( #3520 ), #2804, .T. ) ;
#2381 = CARTESIAN_POINT ( 'NONE',  ( 0.8700000000000024400, 0.0000000000000000000, 13.97000000000000100 ) ) ;
#2382 = UNCERTAINTY_MEASURE_WITH_UNIT (LENGTH_MEASURE( 1.000000000000000100E-005 ), #2145, 'distance_accuracy_value', 'NONE');
#2383 = VERTEX_POINT ( 'NONE', #3779 ) ;
#2384 = SURFACE_STYLE_FILL_AREA ( #637 ) ;
#2385 = DIRECTION ( 'NONE',  ( 0.7071067811865474600, -0.0000000000000000000, -0.7071067811865474600 ) ) ;
#2386 =( NAMED_UNIT ( * ) PLANE_ANGLE_UNIT ( ) SI_UNIT ( $, .RADIAN. ) );
#2387 = EDGE_LOOP ( 'NONE', ( #2175, #1981, #5455, #4414 ) ) ;
#2388 = SURFACE_STYLE_USAGE ( .BOTH. , #5431 ) ;
#2389 = SURFACE_STYLE_FILL_AREA ( #2706 ) ;
#2390 = LINE ( 'NONE', #5471, #6279 ) ;
#2391 = ORIENTED_EDGE ( 'NONE', *, *, #2011, .T. ) ;
#2392 = VECTOR ( 'NONE', #3273, 1000.000000000000000 ) ;
#2393 = COLOUR_RGB ( '',1.000000000000000000, 1.000000000000000000, 1.000000000000000000 ) ;
#2394 = DIRECTION ( 'NONE',  ( 0.7071067811865474600, 0.0000000000000000000, -0.7071067811865474600 ) ) ;
#2395 = CARTESIAN_POINT ( 'NONE',  ( -1.269999999999998700, 0.0000000000000000000, 5.950000000000000200 ) ) ;
#2396 = AXIS2_PLACEMENT_3D ( 'NONE', #2675, #6233, #3195 ) ;
#2397 = VECTOR ( 'NONE', #5407, 1000.000000000000100 ) ;
#2398 =( NAMED_UNIT ( * ) SI_UNIT ( $, .STERADIAN. ) SOLID_ANGLE_UNIT ( ) );
#2399 = LINE ( 'NONE', #6154, #3738 ) ;
#2400 = PLANE ( 'NONE',  #3864 ) ;
#2401 = CARTESIAN_POINT ( 'NONE',  ( 0.8700000000000012200, 0.0000000000000000000, 8.889999999999998800 ) ) ;
#2402 = SURFACE_SIDE_STYLE ('',( #796 ) ) ;
#2403 = STYLED_ITEM ( 'NONE', ( #6440 ), #3379 ) ;
#2404 = CARTESIAN_POINT ( 'NONE',  ( 1.270000000000000700, 1.700000000000000000, 6.750000000000000000 ) ) ;
#2405 = FACE_OUTER_BOUND ( 'NONE', #5216, .T. ) ;
#2406 = LINE ( 'NONE', #3170, #2237 ) ;
#2407 = ADVANCED_FACE ( 'NONE', ( #1702 ), #308, .T. ) ;
#2408 = EDGE_CURVE ( 'NONE', #5783, #6561, #5110, .T. ) ;
#2409 = UNCERTAINTY_MEASURE_WITH_UNIT (LENGTH_MEASURE( 1.000000000000000100E-005 ), #970, 'distance_accuracy_value', 'NONE');
#2410 = EDGE_CURVE ( 'NONE', #2261, #4895, #6468, .T. ) ;
#2411 = FACE_OUTER_BOUND ( 'NONE', #4572, .T. ) ;
#2412 = LINE ( 'NONE', #2339, #6305 ) ;
#2413 = VECTOR ( 'NONE', #1363, 1000.000000000000100 ) ;
#2414 = EDGE_CURVE ( 'NONE', #3314, #5199, #2565, .T. ) ;
#2415 = STYLED_ITEM ( 'NONE', ( #6136 ), #3802 ) ;
#2416 = DIRECTION ( 'NONE',  ( 0.7071067811865475700, -0.0000000000000000000, 0.7071067811865475700 ) ) ;
#2417 = CARTESIAN_POINT ( 'NONE',  ( -0.3200000000000000600, -3.000000000000000000, -0.2200000000000000800 ) ) ;
#2418 = ORIENTED_EDGE ( 'NONE', *, *, #2914, .T. ) ;
#2419 = DIRECTION ( 'NONE',  ( 0.7071067811865474600, 0.0000000000000000000, 0.7071067811865474600 ) ) ;
#2420 = VERTEX_POINT ( 'NONE', #5418 ) ;
#2421 = EDGE_LOOP ( 'NONE', ( #4193, #3766, #6068, #983 ) ) ;
#2422 = FILL_AREA_STYLE_COLOUR ( '', #1032 ) ;
#2423 = AXIS2_PLACEMENT_3D ( 'NONE', #5727, #2665, #6221 ) ;
#2424 = DIRECTION ( 'NONE',  ( 0.0000000000000000000, 1.000000000000000000, 0.0000000000000000000 ) ) ;
#2425 = ORIENTED_EDGE ( 'NONE', *, *, #2781, .T. ) ;
#2426 = ORIENTED_EDGE ( 'NONE', *, *, #2183, .T. ) ;
#2427 = CARTESIAN_POINT ( 'NONE',  ( 0.2200000000000031900, 8.339999999999999900, 13.02000000000000000 ) ) ;
#2428 = ORIENTED_EDGE ( 'NONE', *, *, #1546, .F. ) ;
#2429 = VERTEX_POINT ( 'NONE', #4389 ) ;
#2430 = VECTOR ( 'NONE', #1329, 1000.000000000000000 ) ;
#2431 = COLOUR_RGB ( '',1.000000000000000000, 1.000000000000000000, 1.000000000000000000 ) ;
#2432 = EDGE_LOOP ( 'NONE', ( #3777, #5038, #4244, #3372 ) ) ;
#2433 = STYLED_ITEM ( 'NONE', ( #5541 ), #5335 ) ;
#2434 = ORIENTED_EDGE ( 'NONE', *, *, #2533, .F. ) ;
#2435 = VERTEX_POINT ( 'NONE', #5938 ) ;
#2436 = CARTESIAN_POINT ( 'NONE',  ( -0.3199999999999999500, -3.000000000000000000, 0.2199999999999999700 ) ) ;
#2437 = EDGE_LOOP ( 'NONE', ( #3318, #3041, #2497, #5625, #1332, #4660, #1327, #2578 ) ) ;
#2438 =( NAMED_UNIT ( * ) PLANE_ANGLE_UNIT ( ) SI_UNIT ( $, .RADIAN. ) );
#2439 = EDGE_LOOP ( 'NONE', ( #2101, #3921, #4404, #1162 ) ) ;
#2440 = ADVANCED_FACE ( 'NONE', ( #1061 ), #2877, .T. ) ;
#2441 = PLANE ( 'NONE',  #5657 ) ;
#2442 = SURFACE_STYLE_FILL_AREA ( #4053 ) ;
#2443 = PRESENTATION_LAYER_ASSIGNMENT (  '', '', ( #1770 ) ) ;
#2444 = VECTOR ( 'NONE', #5763, 1000.000000000000000 ) ;
#2445 = SURFACE_STYLE_FILL_AREA ( #378 ) ;
#2446 = PRESENTATION_LAYER_ASSIGNMENT (  '', '', ( #1773 ) ) ;
#2447 =( LENGTH_UNIT ( ) NAMED_UNIT ( * ) SI_UNIT ( .MILLI., .METRE. ) );
#2448 = UNCERTAINTY_MEASURE_WITH_UNIT (LENGTH_MEASURE( 1.000000000000000100E-005 ), #549, 'distance_accuracy_value', 'NONE');
#2449 =( LENGTH_UNIT ( ) NAMED_UNIT ( * ) SI_UNIT ( .MILLI., .METRE. ) );
#2450 = ORIENTED_EDGE ( 'NONE', *, *, #1281, .F. ) ;
#2451 = FACE_OUTER_BOUND ( 'NONE', #2265, .T. ) ;
#2452 = EDGE_CURVE ( 'NONE', #3323, #5112, #4468, .T. ) ;
#2453 = EDGE_CURVE ( 'NONE', #133, #6003, #3123, .T. ) ;
#2454 = CARTESIAN_POINT ( 'NONE',  ( 1.269999999999998700, 1.700000000000000000, -0.8700000000000003300 ) ) ;
#2455 = EDGE_CURVE ( 'NONE', #978, #268, #1789, .T. ) ;
#2456 =( GEOMETRIC_REPRESENTATION_CONTEXT ( 3 ) GLOBAL_UNCERTAINTY_ASSIGNED_CONTEXT ( ( #3550 ) ) GLOBAL_UNIT_ASSIGNED_CONTEXT ( ( #6173, #3134, #88 ) ) REPRESENTATION_CONTEXT ( 'NONE', 'WORKASPACE' ) );
#2457 = SURFACE_STYLE_FILL_AREA ( #3368 ) ;
#2458 = VECTOR ( 'NONE', #1210, 1000.000000000000000 ) ;
#2459 = CARTESIAN_POINT ( 'NONE',  ( -0.2200000000000001400, 1.700000000000000000, 7.939999999999999500 ) ) ;
#2460 = CARTESIAN_POINT ( 'NONE',  ( 0.0000000000000000000, 0.0000000000000000000, 0.0000000000000000000 ) ) ;
#2461 = LINE ( 'NONE', #5850, #6366 ) ;
#2462 = VECTOR ( 'NONE', #4598, 1000.000000000000100 ) ;
#2464 = MECHANICAL_DESIGN_GEOMETRIC_PRESENTATION_REPRESENTATION (  '', ( #1443 ), #2798 ) ;
#2463 = CARTESIAN_POINT ( 'NONE',  ( 0.2200000000000006100, 0.2999999999999999300, 2.220000000000000200 ) ) ;
#2465 = VECTOR ( 'NONE', #6027, 1000.000000000000000 ) ;
#2466 =( NAMED_UNIT ( * ) SI_UNIT ( $, .STERADIAN. ) SOLID_ANGLE_UNIT ( ) );
#2467 = ORIENTED_EDGE ( 'NONE', *, *, #4662, .T. ) ;
#2468 = DIRECTION ( 'NONE',  ( 2.464095846557964400E-016, 0.0000000000000000000, 1.000000000000000000 ) ) ;
#2469 = DIRECTION ( 'NONE',  ( -0.7071067811865474600, 0.0000000000000000000, -0.7071067811865474600 ) ) ;
#2470 = CARTESIAN_POINT ( 'NONE',  ( -1.269999999999999100, 1.700000000000000000, 4.210000000000000000 ) ) ;
#2471 = UNCERTAINTY_MEASURE_WITH_UNIT (LENGTH_MEASURE( 1.000000000000000100E-005 ), #1943, 'distance_accuracy_value', 'NONE');
#2472 = VECTOR ( 'NONE', #4347, 1000.000000000000000 ) ;
#2473 =( NAMED_UNIT ( * ) SI_UNIT ( $, .STERADIAN. ) SOLID_ANGLE_UNIT ( ) );
#2474 = PRESENTATION_LAYER_ASSIGNMENT (  '', '', ( #1801 ) ) ;
#2475 = VECTOR ( 'NONE', #3998, 1000.000000000000100 ) ;
#2476 = ADVANCED_FACE ( 'NONE', ( #3748 ), #2034, .T. ) ;
#2477 = PLANE ( 'NONE',  #496 ) ;
#2478 = LINE ( 'NONE', #1155, #6205 ) ;
#2479 = LINE ( 'NONE', #650, #5016 ) ;
#2480 = DIRECTION ( 'NONE',  ( -1.000000000000000000, 0.0000000000000000000, -0.0000000000000000000 ) ) ;
#2481 =( GEOMETRIC_REPRESENTATION_CONTEXT ( 3 ) GLOBAL_UNCERTAINTY_ASSIGNED_CONTEXT ( ( #2601 ) ) GLOBAL_UNIT_ASSIGNED_CONTEXT ( ( #949, #4497, #1451 ) ) REPRESENTATION_CONTEXT ( 'NONE', 'WORKASPACE' ) );
#2482 = DIRECTION ( 'NONE',  ( -0.7071067811865475700, 0.0000000000000000000, -0.7071067811865475700 ) ) ;
#2483 = VECTOR ( 'NONE', #1896, 1000.000000000000100 ) ;
#2484 = EDGE_CURVE ( 'NONE', #5459, #607, #1136, .T. ) ;
#2485 = PRESENTATION_STYLE_ASSIGNMENT (( #548 ) ) ;
#2486 = CARTESIAN_POINT ( 'NONE',  ( -0.8699999999999981100, 1.700000000000000000, 8.890000000000000600 ) ) ;
#2487 = CARTESIAN_POINT ( 'NONE',  ( -0.2199999999999993600, -3.000000000000000000, 2.860000000000000300 ) ) ;
#2488 = CARTESIAN_POINT ( 'NONE',  ( 0.2200000000000006700, 8.339999999999999900, 2.860000000000000300 ) ) ;
#2489 = PRESENTATION_LAYER_ASSIGNMENT (  '', '', ( #1822 ) ) ;
#2490 = STYLED_ITEM ( 'NONE', ( #1889 ), #5902 ) ;
#2491 = VERTEX_POINT ( 'NONE', #5100 ) ;
#2492 = VERTEX_POINT ( 'NONE', #2376 ) ;
#2493 = PRESENTATION_LAYER_ASSIGNMENT (  '', '', ( #1831 ) ) ;
#2494 = CARTESIAN_POINT ( 'NONE',  ( 1.269999999999998700, 0.0000000000000000000, -0.8700000000000003300 ) ) ;
#2495 = VECTOR ( 'NONE', #1343, 1000.000000000000100 ) ;
#2496 = MECHANICAL_DESIGN_GEOMETRIC_PRESENTATION_REPRESENTATION (  '', ( #1473 ), #2841 ) ;
#2497 = ORIENTED_EDGE ( 'NONE', *, *, #5641, .T. ) ;
#2498 =( NAMED_UNIT ( * ) SI_UNIT ( $, .STERADIAN. ) SOLID_ANGLE_UNIT ( ) );
#2499 = ORIENTED_EDGE ( 'NONE', *, *, #6486, .T. ) ;
#2500 = LINE ( 'NONE', #2404, #6411 ) ;
#2501 = ADVANCED_FACE ( 'NONE', ( #6397 ), #1539, .T. ) ;
#2502 = CARTESIAN_POINT ( 'NONE',  ( -0.3199999999999987300, -3.000000000000000000, 5.299999999999999800 ) ) ;
#2503 = ORIENTED_EDGE ( 'NONE', *, *, #321, .F. ) ;
#2504 =( NAMED_UNIT ( * ) SI_UNIT ( $, .STERADIAN. ) SOLID_ANGLE_UNIT ( ) );
#2505 = DIRECTION ( 'NONE',  ( -0.7071067811865475700, 0.0000000000000000000, -0.7071067811865475700 ) ) ;
#2506 = VERTEX_POINT ( 'NONE', #6117 ) ;
#2507 = DIRECTION ( 'NONE',  ( 2.464095846557964400E-016, 0.0000000000000000000, 1.000000000000000000 ) ) ;
#2508 = STYLED_ITEM ( 'NONE', ( #538 ), #6529 ) ;
#2509 = SURFACE_STYLE_USAGE ( .BOTH. , #5552 ) ;
#2510 =( GEOMETRIC_REPRESENTATION_CONTEXT ( 3 ) GLOBAL_UNCERTAINTY_ASSIGNED_CONTEXT ( ( #43 ) ) GLOBAL_UNIT_ASSIGNED_CONTEXT ( ( #6103, #3053, #14 ) ) REPRESENTATION_CONTEXT ( 'NONE', 'WORKASPACE' ) );
#2511 = CARTESIAN_POINT ( 'NONE',  ( 0.2200000000000025500, -3.000000000000000000, 10.48000000000000000 ) ) ;
#2512 = ORIENTED_EDGE ( 'NONE', *, *, #4128, .T. ) ;
#2513 = ORIENTED_EDGE ( 'NONE', *, *, #5043, .T. ) ;
#2514 = ORIENTED_EDGE ( 'NONE', *, *, #1433, .T. ) ;
#2515 = PRESENTATION_STYLE_ASSIGNMENT (( #3120 ) ) ;
#2516 = PLANE ( 'NONE',  #4577 ) ;
#2517 = VECTOR ( 'NONE', #6301, 1000.000000000000000 ) ;
#2518 = DIRECTION ( 'NONE',  ( 0.7071067811865474600, 0.0000000000000000000, -0.7071067811865474600 ) ) ;
#2519 = VERTEX_POINT ( 'NONE', #6133 ) ;
#2520 = LINE ( 'NONE', #3607, #1175 ) ;
#2521 = VECTOR ( 'NONE', #393, 1000.000000000000000 ) ;
#2522 = FILL_AREA_STYLE_COLOUR ( '', #1721 ) ;
#2523 = FILL_AREA_STYLE_COLOUR ( '', #2957 ) ;
#2524 = UNCERTAINTY_MEASURE_WITH_UNIT (LENGTH_MEASURE( 1.000000000000000100E-005 ), #3983, 'distance_accuracy_value', 'NONE');
#2525 = CARTESIAN_POINT ( 'NONE',  ( -0.7500000000000000000, 0.2999999999999999900, 2.860000000000000800 ) ) ;
#2526 = DIRECTION ( 'NONE',  ( -1.000000000000000000, -0.0000000000000000000, -0.0000000000000000000 ) ) ;
#2527 = EDGE_CURVE ( 'NONE', #4428, #4161, #659, .T. ) ;
#2528 =( NAMED_UNIT ( * ) SI_UNIT ( $, .STERADIAN. ) SOLID_ANGLE_UNIT ( ) );
#2529 = VECTOR ( 'NONE', #3798, 1000.000000000000000 ) ;
#2530 = CARTESIAN_POINT ( 'NONE',  ( -1.269999999999999100, 1.700000000000000000, 4.210000000000000000 ) ) ;
#2531 = SURFACE_SIDE_STYLE ('',( #2303 ) ) ;
#2532 = SURFACE_STYLE_USAGE ( .BOTH. , #5571 ) ;
#2533 = EDGE_CURVE ( 'NONE', #1238, #155, #5925, .T. ) ;
#2534 = EDGE_CURVE ( 'NONE', #5308, #3862, #1862, .T. ) ;
#2535 = VERTEX_POINT ( 'NONE', #2583 ) ;
#2536 = EDGE_CURVE ( 'NONE', #1648, #3137, #499, .T. ) ;
#2537 = PRESENTATION_STYLE_ASSIGNMENT (( #1263 ) ) ;
#2538 = LINE ( 'NONE', #612, #5076 ) ;
#2539 = ADVANCED_FACE ( 'NONE', ( #3032 ), #6161, .T. ) ;
#2540 = VECTOR ( 'NONE', #2016, 1000.000000000000000 ) ;
#2541 = AXIS2_PLACEMENT_3D ( 'NONE', #5050, #2000, #5554 ) ;
#2542 = ORIENTED_EDGE ( 'NONE', *, *, #5174, .F. ) ;
#2543 = ORIENTED_EDGE ( 'NONE', *, *, #4841, .T. ) ;
#2544 = DIRECTION ( 'NONE',  ( -0.0000000000000000000, -1.000000000000000000, -0.0000000000000000000 ) ) ;
#2545 = DIRECTION ( 'NONE',  ( -1.232047923278982200E-016, 0.0000000000000000000, -1.000000000000000000 ) ) ;
#2546 = VECTOR ( 'NONE', #4424, 1000.000000000000100 ) ;
#2547 = EDGE_LOOP ( 'NONE', ( #4313, #55, #2694, #6555 ) ) ;
#2548 = SURFACE_SIDE_STYLE ('',( #5671 ) ) ;
#2549 = VECTOR ( 'NONE', #3540, 1000.000000000000000 ) ;
#2551 = STYLED_ITEM ( 'NONE', ( #6193 ), #1212 ) ;
#2550 = SURFACE_SIDE_STYLE ('',( #1204 ) ) ;
#2552 = DIRECTION ( 'NONE',  ( -1.000000000000000000, 0.0000000000000000000, 2.464095846557964400E-016 ) ) ;
#2553 = LINE ( 'NONE', #1224, #5256 ) ;
#2554 = PRESENTATION_STYLE_ASSIGNMENT (( #231 ) ) ;
#2555 = SURFACE_STYLE_USAGE ( .BOTH. , #5591 ) ;
#2556 = DIRECTION ( 'NONE',  ( -1.000000000000000000, -0.0000000000000000000, -0.0000000000000000000 ) ) ;
#2557 = LINE ( 'NONE', #1872, #2397 ) ;
#2558 = FACE_OUTER_BOUND ( 'NONE', #5595, .T. ) ;
#2559 = VECTOR ( 'NONE', #1066, 1000.000000000000000 ) ;
#2560 = LINE ( 'NONE', #95, #3916 ) ;
#2561 = CARTESIAN_POINT ( 'NONE',  ( -0.3199999999999993400, -3.000000000000000000, 2.760000000000000200 ) ) ;
#2562 = CARTESIAN_POINT ( 'NONE',  ( 0.3200000000000012300, -3.000000000000000000, 4.860000000000000300 ) ) ;
#2563 = AXIS2_PLACEMENT_3D ( 'NONE', #3778, #751, #4288 ) ;
#2564 = AXIS2_PLACEMENT_3D ( 'NONE', #3731, #707, #4233 ) ;
#2565 = LINE ( 'NONE', #6425, #6307 ) ;
#2566 = FILL_AREA_STYLE_COLOUR ( '', #5186 ) ;
#2567 = DIRECTION ( 'NONE',  ( -0.7071067811865474600, -0.0000000000000000000, 0.7071067811865474600 ) ) ;
#2568 = DIRECTION ( 'NONE',  ( 0.7071067811865475700, 0.0000000000000000000, -0.7071067811865475700 ) ) ;
#2569 = EDGE_CURVE ( 'NONE', #6311, #978, #2560, .T. ) ;
#2570 = EDGE_CURVE ( 'NONE', #69, #4343, #6464, .T. ) ;
#2571 = EDGE_CURVE ( 'NONE', #4245, #3037, #1216, .T. ) ;
#2572 = ORIENTED_EDGE ( 'NONE', *, *, #2878, .T. ) ;
#2573 = DIRECTION ( 'NONE',  ( -1.000000000000000000, 0.0000000000000000000, 2.492418787322999200E-016 ) ) ;
#2574 = SURFACE_SIDE_STYLE ('',( #3623 ) ) ;
#2575 = UNCERTAINTY_MEASURE_WITH_UNIT (LENGTH_MEASURE( 1.000000000000000100E-005 ), #1438, 'distance_accuracy_value', 'NONE');
#2576 = MECHANICAL_DESIGN_GEOMETRIC_PRESENTATION_REPRESENTATION (  '', ( #1559 ), #2922 ) ;
#2577 = ORIENTED_EDGE ( 'NONE', *, *, #1866, .T. ) ;
#2578 = ORIENTED_EDGE ( 'NONE', *, *, #3090, .T. ) ;
#2579 = VECTOR ( 'NONE', #4111, 1000.000000000000000 ) ;
#2580 = EDGE_LOOP ( 'NONE', ( #6252, #1289, #4426, #2169 ) ) ;
#2581 = ORIENTED_EDGE ( 'NONE', *, *, #3930, .F. ) ;
#2582 = EDGE_LOOP ( 'NONE', ( #2719, #426, #4170, #4894 ) ) ;
#2583 = CARTESIAN_POINT ( 'NONE',  ( -0.2199999999999979700, 1.700000000000000000, 12.38000000000000100 ) ) ;
#2584 = ORIENTED_EDGE ( 'NONE', *, *, #6277, .T. ) ;
#2585 = ORIENTED_EDGE ( 'NONE', *, *, #3630, .F. ) ;
#2586 = CARTESIAN_POINT ( 'NONE',  ( -0.3199999999999968400, 1.700000000000000000, 12.92000000000000200 ) ) ;
#2587 = ORIENTED_EDGE ( 'NONE', *, *, #563, .F. ) ;
#2588 =( LENGTH_UNIT ( ) NAMED_UNIT ( * ) SI_UNIT ( .MILLI., .METRE. ) );
#2589 = AXIS2_PLACEMENT_3D ( 'NONE', #5660, #2605, #6165 ) ;
#2590 = SURFACE_SIDE_STYLE ('',( #4596 ) ) ;
#2591 =( LENGTH_UNIT ( ) NAMED_UNIT ( * ) SI_UNIT ( .MILLI., .METRE. ) );
#2592 = DIRECTION ( 'NONE',  ( 1.000000000000000000, 0.0000000000000000000, 0.0000000000000000000 ) ) ;
#2593 = EDGE_LOOP ( 'NONE', ( #4637, #1241, #196, #1256, #924, #4978, #3608, #5225 ) ) ;
#2594 = ORIENTED_EDGE ( 'NONE', *, *, #657, .T. ) ;
#2595 = VECTOR ( 'NONE', #2003, 1000.000000000000000 ) ;
#2596 = VECTOR ( 'NONE', #1179, 1000.000000000000000 ) ;
#2597 = DIRECTION ( 'NONE',  ( 0.7071067811865474600, -0.0000000000000000000, 0.7071067811865474600 ) ) ;
#2598 = SURFACE_STYLE_FILL_AREA ( #3515 ) ;
#2599 = CARTESIAN_POINT ( 'NONE',  ( -0.3199999999999974000, 0.2999999999999999900, 12.48000000000000200 ) ) ;
#2600 = MECHANICAL_DESIGN_GEOMETRIC_PRESENTATION_REPRESENTATION (  '', ( #1585 ), #2942 ) ;
#2601 = UNCERTAINTY_MEASURE_WITH_UNIT (LENGTH_MEASURE( 1.000000000000000100E-005 ), #949, 'distance_accuracy_value', 'NONE');
#2602 = VECTOR ( 'NONE', #4875, 1000.000000000000000 ) ;
#2603 = EDGE_CURVE ( 'NONE', #3394, #4972, #5105, .T. ) ;
#2604 = DIRECTION ( 'NONE',  ( -1.232047923278982200E-016, -0.0000000000000000000, -1.000000000000000000 ) ) ;
#2605 = DIRECTION ( 'NONE',  ( -1.000000000000000000, 0.0000000000000000000, 2.464095846557964400E-016 ) ) ;
#2606 = SURFACE_STYLE_FILL_AREA ( #4659 ) ;
#2607 = DIRECTION ( 'NONE',  ( -0.7071067811865474600, 0.0000000000000000000, -0.7071067811865474600 ) ) ;
#2608 = PRESENTATION_LAYER_ASSIGNMENT (  '', '', ( #1933 ) ) ;
#2609 = DIRECTION ( 'NONE',  ( 0.0000000000000000000, 1.000000000000000000, 0.0000000000000000000 ) ) ;
#2610 = SURFACE_STYLE_USAGE ( .BOTH. , #5663 ) ;
#2611 = DIRECTION ( 'NONE',  ( 0.7071067811865474600, 0.0000000000000000000, 0.7071067811865474600 ) ) ;
#2612 = LINE ( 'NONE', #24, #6368 ) ;
#2613 = SURFACE_STYLE_USAGE ( .BOTH. , #5667 ) ;
#2614 = SURFACE_STYLE_USAGE ( .BOTH. , #5668 ) ;
#2615 = EDGE_CURVE ( 'NONE', #5037, #4159, #2406, .T. ) ;
#2616 = ORIENTED_EDGE ( 'NONE', *, *, #959, .T. ) ;
#2617 = PRESENTATION_LAYER_ASSIGNMENT (  '', '', ( #1946 ) ) ;
#2618 = PLANE ( 'NONE',  #57 ) ;
#2619 = LINE ( 'NONE', #3831, #2472 ) ;
#2620 = PRESENTATION_STYLE_ASSIGNMENT (( #5895 ) ) ;
#2621 =( NAMED_UNIT ( * ) SI_UNIT ( $, .STERADIAN. ) SOLID_ANGLE_UNIT ( ) );
#2622 = CARTESIAN_POINT ( 'NONE',  ( -0.3199999999999980600, 8.339999999999999900, 7.839999999999999900 ) ) ;
#2623 = VECTOR ( 'NONE', #5724, 1000.000000000000000 ) ;
#2624 = DIRECTION ( 'NONE',  ( 0.0000000000000000000, 0.0000000000000000000, 1.000000000000000000 ) ) ;
#2625 = PLANE ( 'NONE',  #5075 ) ;
#2627 = MECHANICAL_DESIGN_GEOMETRIC_PRESENTATION_REPRESENTATION (  '', ( #1612 ), #2972 ) ;
#2626 = CARTESIAN_POINT ( 'NONE',  ( 1.270000000000000700, 0.0000000000000000000, 6.750000000000000000 ) ) ;
#2628 = CARTESIAN_POINT ( 'NONE',  ( 1.270000000000000000, 1.700000000000000000, 4.210000000000000000 ) ) ;
#2629 = DIRECTION ( 'NONE',  ( 0.7071067811865474600, 0.0000000000000000000, 0.7071067811865474600 ) ) ;
#2630 =( NAMED_UNIT ( * ) SI_UNIT ( $, .STERADIAN. ) SOLID_ANGLE_UNIT ( ) );
#2631 = CARTESIAN_POINT ( 'NONE',  ( -0.8699999999999974400, 0.0000000000000000000, 11.43000000000000100 ) ) ;
#2632 = LINE ( 'NONE', #355, #3980 ) ;
#2633 =( GEOMETRIC_REPRESENTATION_CONTEXT ( 3 ) GLOBAL_UNCERTAINTY_ASSIGNED_CONTEXT ( ( #5024 ) ) GLOBAL_UNIT_ASSIGNED_CONTEXT ( ( #2677, #6236, #3198 ) ) REPRESENTATION_CONTEXT ( 'NONE', 'WORKASPACE' ) );
#2634 = UNCERTAINTY_MEASURE_WITH_UNIT (LENGTH_MEASURE( 1.000000000000000100E-005 ), #2911, 'distance_accuracy_value', 'NONE');
#2635 = DIRECTION ( 'NONE',  ( -0.0000000000000000000, 1.000000000000000000, 0.0000000000000000000 ) ) ;
#2636 = SURFACE_STYLE_USAGE ( .BOTH. , #5702 ) ;
#2637 = VERTEX_POINT ( 'NONE', #4173 ) ;
#2638 = DIRECTION ( 'NONE',  ( 0.7071067811865474600, 0.0000000000000000000, -0.7071067811865474600 ) ) ;
#2639 = SURFACE_SIDE_STYLE ('',( #5956 ) ) ;
#2640 =( GEOMETRIC_REPRESENTATION_CONTEXT ( 3 ) GLOBAL_UNCERTAINTY_ASSIGNED_CONTEXT ( ( #655 ) ) GLOBAL_UNIT_ASSIGNED_CONTEXT ( ( #5867, #2797, #6370 ) ) REPRESENTATION_CONTEXT ( 'NONE', 'WORKASPACE' ) );
#2641 = EDGE_LOOP ( 'NONE', ( #6334, #2088, #4154, #5723 ) ) ;
#2642 = SURFACE_STYLE_FILL_AREA ( #6237 ) ;
#2643 =( NAMED_UNIT ( * ) PLANE_ANGLE_UNIT ( ) SI_UNIT ( $, .RADIAN. ) );
#2644 = CARTESIAN_POINT ( 'NONE',  ( 1.269999999999999800, 1.700000000000000000, 3.409999999999999700 ) ) ;
#2645 = LINE ( 'NONE', #1909, #2495 ) ;
#2646 = CARTESIAN_POINT ( 'NONE',  ( 0.2200000000000031700, -3.000000000000000000, 12.38000000000000100 ) ) ;
#2647 = EDGE_CURVE ( 'NONE', #5679, #4803, #6126, .T. ) ;
#2648 = UNCERTAINTY_MEASURE_WITH_UNIT (LENGTH_MEASURE( 1.000000000000000100E-005 ), #1740, 'distance_accuracy_value', 'NONE');
#2649 = DIRECTION ( 'NONE',  ( 1.000000000000000000, -0.0000000000000000000, -2.492418787322999700E-016 ) ) ;
#2650 = EDGE_CURVE ( 'NONE', #1330, #4553, #6296, .T. ) ;
#2651 =( LENGTH_UNIT ( ) NAMED_UNIT ( * ) SI_UNIT ( .MILLI., .METRE. ) );
#2652 = VERTEX_POINT ( 'NONE', #1145 ) ;
#2653 = FILL_AREA_STYLE_COLOUR ( '', #2678 ) ;
#2654 =( NAMED_UNIT ( * ) SI_UNIT ( $, .STERADIAN. ) SOLID_ANGLE_UNIT ( ) );
#2655 = VERTEX_POINT ( 'NONE', #5211 ) ;
#2656 = VECTOR ( 'NONE', #6186, 1000.000000000000000 ) ;
#2657 = VERTEX_POINT ( 'NONE', #2671 ) ;
#2658 = STYLED_ITEM ( 'NONE', ( #5477 ), #6444 ) ;
#2659 = VERTEX_POINT ( 'NONE', #6226 ) ;
#2660 = EDGE_LOOP ( 'NONE', ( #6197, #5365, #5382, #4548 ) ) ;
#2661 = ORIENTED_EDGE ( 'NONE', *, *, #4008, .F. ) ;
#2662 = VERTEX_POINT ( 'NONE', #5734 ) ;
#2663 = FILL_AREA_STYLE_COLOUR ( '', #3445 ) ;
#2664 = CARTESIAN_POINT ( 'NONE',  ( 0.2199999999999999700, 8.339999999999999900, -0.3200000000000000600 ) ) ;
#2665 = DIRECTION ( 'NONE',  ( 0.0000000000000000000, 0.0000000000000000000, -1.000000000000000000 ) ) ;
#2666 = FILL_AREA_STYLE_COLOUR ( '', #49 ) ;
#2667 = ORIENTED_EDGE ( 'NONE', *, *, #6375, .T. ) ;
#2668 = ORIENTED_EDGE ( 'NONE', *, *, #3128, .T. ) ;
#2669 = ORIENTED_EDGE ( 'NONE', *, *, #65, .F. ) ;
#2670 = LINE ( 'NONE', #1075, #5393 ) ;
#2671 = CARTESIAN_POINT ( 'NONE',  ( -0.3199999999999993400, 1.700000000000000000, 2.760000000000000200 ) ) ;
#2672 = DIRECTION ( 'NONE',  ( 0.0000000000000000000, 1.000000000000000000, 0.0000000000000000000 ) ) ;
#2673 = CARTESIAN_POINT ( 'NONE',  ( 0.3199999999999999500, -3.000000000000000000, -0.2200000000000000800 ) ) ;
#2674 = ORIENTED_EDGE ( 'NONE', *, *, #4261, .F. ) ;
#2675 = CARTESIAN_POINT ( 'NONE',  ( -0.8699999999999981100, 1.700000000000000000, 8.890000000000000600 ) ) ;
#2676 =( GEOMETRIC_REPRESENTATION_CONTEXT ( 3 ) GLOBAL_UNCERTAINTY_ASSIGNED_CONTEXT ( ( #6187 ) ) GLOBAL_UNIT_ASSIGNED_CONTEXT ( ( #4859, #1819, #5368 ) ) REPRESENTATION_CONTEXT ( 'NONE', 'WORKASPACE' ) );
#2677 =( LENGTH_UNIT ( ) NAMED_UNIT ( * ) SI_UNIT ( .MILLI., .METRE. ) );
#2678 = COLOUR_RGB ( '',1.000000000000000000, 1.000000000000000000, 1.000000000000000000 ) ;
#2679 = LINE ( 'NONE', #2266, #6576 ) ;
#2680 = SURFACE_SIDE_STYLE ('',( #3653 ) ) ;
#2681 = STYLED_ITEM ( 'NONE', ( #1927 ), #2697 ) ;
#2682 = STYLED_ITEM ( 'NONE', ( #3855 ), #2197 ) ;
#2683 = CARTESIAN_POINT ( 'NONE',  ( 0.2200000000000031900, 1.700000000000000000, 12.38000000000000100 ) ) ;
#2684 = LINE ( 'NONE', #1523, #2540 ) ;
#2685 = EDGE_CURVE ( 'NONE', #3011, #477, #5990, .T. ) ;
#2686 = EDGE_LOOP ( 'NONE', ( #1337, #4092, #5454, #3447 ) ) ;
#2687 = EDGE_CURVE ( 'NONE', #4002, #6148, #4621, .T. ) ;
#2688 = SURFACE_SIDE_STYLE ('',( #738 ) ) ;
#2689 = DIRECTION ( 'NONE',  ( 1.000000000000000000, 0.0000000000000000000, -2.492418787322998300E-016 ) ) ;
#2690 = CARTESIAN_POINT ( 'NONE',  ( -0.8699999999999998800, 0.0000000000000000000, 1.269999999999999800 ) ) ;
#2691 =( GEOMETRIC_REPRESENTATION_CONTEXT ( 3 ) GLOBAL_UNCERTAINTY_ASSIGNED_CONTEXT ( ( #3633 ) ) GLOBAL_UNIT_ASSIGNED_CONTEXT ( ( #4830, #4795, #4772 ) ) REPRESENTATION_CONTEXT ( 'NONE', 'WORKASPACE' ) );
#2692 = VECTOR ( 'NONE', #6450, 1000.000000000000000 ) ;
#2693 = PRESENTATION_LAYER_ASSIGNMENT (  '', '', ( #2020 ) ) ;
#2694 = ORIENTED_EDGE ( 'NONE', *, *, #2013, .F. ) ;
#2695 = DIRECTION ( 'NONE',  ( -0.0000000000000000000, -1.000000000000000000, -0.0000000000000000000 ) ) ;
#2696 = CARTESIAN_POINT ( 'NONE',  ( 0.3200000000000018900, -3.000000000000000000, 7.400000000000000400 ) ) ;
#2697 = ADVANCED_FACE ( 'NONE', ( #2076 ), #2174, .F. ) ;
#2698 = DIRECTION ( 'NONE',  ( 1.000000000000000000, 0.0000000000000000000, -1.232047923278982200E-016 ) ) ;
#2699 = DIRECTION ( 'NONE',  ( -0.7071067811865474600, -0.0000000000000000000, -0.7071067811865474600 ) ) ;
#2700 = FILL_AREA_STYLE_COLOUR ( '', #4513 ) ;
#2701 =( NAMED_UNIT ( * ) SI_UNIT ( $, .STERADIAN. ) SOLID_ANGLE_UNIT ( ) );
#2702 = LINE ( 'NONE', #937, #5429 ) ;
#2703 = STYLED_ITEM ( 'NONE', ( #3901 ), #4500 ) ;
#2704 = FILL_AREA_STYLE ('',( #2199 ) ) ;
#2705 =( LENGTH_UNIT ( ) NAMED_UNIT ( * ) SI_UNIT ( .MILLI., .METRE. ) );
#2706 = FILL_AREA_STYLE ('',( #3709 ) ) ;
#2707 = DIRECTION ( 'NONE',  ( 2.464095846557964400E-016, 0.0000000000000000000, 1.000000000000000000 ) ) ;
#2708 = SURFACE_STYLE_USAGE ( .BOTH. , #5790 ) ;
#2709 = DIRECTION ( 'NONE',  ( 1.000000000000000000, 0.0000000000000000000, -0.0000000000000000000 ) ) ;
#2710 = CARTESIAN_POINT ( 'NONE',  ( 0.3200000000000006200, 8.339999999999999900, 2.319999999999999800 ) ) ;
#2711 = UNCERTAINTY_MEASURE_WITH_UNIT (LENGTH_MEASURE( 1.000000000000000100E-005 ), #4725, 'distance_accuracy_value', 'NONE');
#2712 = CARTESIAN_POINT ( 'NONE',  ( 1.270000000000000000, 1.700000000000000000, 4.210000000000000000 ) ) ;
#2713 = SURFACE_STYLE_FILL_AREA ( #3183 ) ;
#2714 = VERTEX_POINT ( 'NONE', #3190 ) ;
#2715 = PRESENTATION_LAYER_ASSIGNMENT (  '', '', ( #2050 ) ) ;
#2716 = FACE_OUTER_BOUND ( 'NONE', #5231, .T. ) ;
#2717 = SURFACE_STYLE_USAGE ( .BOTH. , #5798 ) ;
#2718 =( NAMED_UNIT ( * ) SI_UNIT ( $, .STERADIAN. ) SOLID_ANGLE_UNIT ( ) );
#2719 = ORIENTED_EDGE ( 'NONE', *, *, #3845, .F. ) ;
#2720 =( LENGTH_UNIT ( ) NAMED_UNIT ( * ) SI_UNIT ( .MILLI., .METRE. ) );
#2721 = PLANE ( 'NONE',  #4407 ) ;
#2722 = ORIENTED_EDGE ( 'NONE', *, *, #1176, .F. ) ;
#2723 = LINE ( 'NONE', #5127, #2579 ) ;
#2724 = SURFACE_STYLE_FILL_AREA ( #5259 ) ;
#2725 = ORIENTED_EDGE ( 'NONE', *, *, #3088, .T. ) ;
#2726 = AXIS2_PLACEMENT_3D ( 'NONE', #4044, #1021, #4564 ) ;
#2727 = ADVANCED_FACE ( 'NONE', ( #1447 ), #1703, .T. ) ;
#2728 = STYLED_ITEM ( 'NONE', ( #2291 ), #5501 ) ;
#2729 = CLOSED_SHELL ( 'NONE', ( #1937, #3987, #5415, #2842, #3439, #1852, #2312, #6562, #1004, #747 ) ) ;
#2730 = VERTEX_POINT ( 'NONE', #5781 ) ;
#2731 = CARTESIAN_POINT ( 'NONE',  ( 0.2200000000000006100, -3.000000000000000000, 2.220000000000000200 ) ) ;
#2732 = ORIENTED_EDGE ( 'NONE', *, *, #2220, .F. ) ;
#2733 = EDGE_CURVE ( 'NONE', #299, #2492, #3657, .T. ) ;
#2734 = EDGE_CURVE ( 'NONE', #3752, #4553, #966, .T. ) ;
#2735 = ORIENTED_EDGE ( 'NONE', *, *, #748, .F. ) ;
#2736 = CARTESIAN_POINT ( 'NONE',  ( -0.8699999999999987700, 1.700000000000000000, 6.349999999999999600 ) ) ;
#2737 = CARTESIAN_POINT ( 'NONE',  ( 0.2200000000000012500, -3.000000000000000000, 4.760000000000000700 ) ) ;
#2738 = FILL_AREA_STYLE ('',( #1226 ) ) ;
#2739 = ORIENTED_EDGE ( 'NONE', *, *, #2996, .T. ) ;
#2740 = ORIENTED_EDGE ( 'NONE', *, *, #563, .T. ) ;
#2741 = EDGE_CURVE ( 'NONE', #2858, #676, #2324, .T. ) ;
#2742 = ORIENTED_EDGE ( 'NONE', *, *, #3544, .F. ) ;
#2743 = SURFACE_STYLE_FILL_AREA ( #3187 ) ;
#2744 = AXIS2_PLACEMENT_3D ( 'NONE', #1671, #5230, #2165 ) ;
#2745 = FACE_OUTER_BOUND ( 'NONE', #2582, .T. ) ;
#2746 =( LENGTH_UNIT ( ) NAMED_UNIT ( * ) SI_UNIT ( .MILLI., .METRE. ) );
#2747 = ORIENTED_EDGE ( 'NONE', *, *, #2282, .F. ) ;
#2748 = CARTESIAN_POINT ( 'NONE',  ( -0.3199999999999968400, -3.000000000000000000, 12.92000000000000200 ) ) ;
#2749 = EDGE_LOOP ( 'NONE', ( #5453, #1158, #2418, #3220 ) ) ;
#2750 = CARTESIAN_POINT ( 'NONE',  ( 0.7500000000000000000, 0.0000000000000000000, -1.270000000000000500 ) ) ;
#2751 = LINE ( 'NONE', #5029, #1419 ) ;
#2752 =( LENGTH_UNIT ( ) NAMED_UNIT ( * ) SI_UNIT ( .MILLI., .METRE. ) );
#2753 = DIRECTION ( 'NONE',  ( 0.0000000000000000000, 0.0000000000000000000, 1.000000000000000000 ) ) ;
#2754 = PRESENTATION_LAYER_ASSIGNMENT (  '', '', ( #2070 ) ) ;
#2755 =( LENGTH_UNIT ( ) NAMED_UNIT ( * ) SI_UNIT ( .MILLI., .METRE. ) );
#2756 = FACE_OUTER_BOUND ( 'NONE', #1417, .T. ) ;
#2757 = FILL_AREA_STYLE_COLOUR ( '', #4148 ) ;
#2758 =( LENGTH_UNIT ( ) NAMED_UNIT ( * ) SI_UNIT ( .MILLI., .METRE. ) );
#2759 = PRESENTATION_STYLE_ASSIGNMENT (( #1563 ) ) ;
#2760 = CARTESIAN_POINT ( 'NONE',  ( -0.3199999999999969500, -3.000000000000000000, 12.48000000000000200 ) ) ;
#2761 = DIRECTION ( 'NONE',  ( 0.7071067811865475700, -0.0000000000000000000, 0.7071067811865475700 ) ) ;
#2762 = DIRECTION ( 'NONE',  ( 0.7071067811865474600, 0.0000000000000000000, 0.7071067811865474600 ) ) ;
#2763 = FILL_AREA_STYLE_COLOUR ( '', #404 ) ;
#2764 = AXIS2_PLACEMENT_3D ( 'NONE', #4090, #1069, #4617 ) ;
#2765 = LINE ( 'NONE', #3389, #3797 ) ;
#2766 = SURFACE_SIDE_STYLE ('',( #6355 ) ) ;
#2767 = VECTOR ( 'NONE', #2611, 1000.000000000000100 ) ;
#2768 = ADVANCED_FACE ( 'NONE', ( #4874 ), #4782, .F. ) ;
#2769 = DIRECTION ( 'NONE',  ( 0.7071067811865474600, 0.0000000000000000000, -0.7071067811865474600 ) ) ;
#2770 = LINE ( 'NONE', #5577, #6511 ) ;
#2771 = DIRECTION ( 'NONE',  ( -0.7071067811865475700, 0.0000000000000000000, 0.7071067811865475700 ) ) ;
#2772 = CARTESIAN_POINT ( 'NONE',  ( 0.2200000000000012500, 8.339999999999999900, 4.760000000000000700 ) ) ;
#2773 = DIRECTION ( 'NONE',  ( 1.000000000000000000, 0.0000000000000000000, -1.232047923278982200E-016 ) ) ;
#2774 = MECHANICAL_DESIGN_GEOMETRIC_PRESENTATION_REPRESENTATION (  '', ( #1770 ), #3121 ) ;
#2775 = ORIENTED_EDGE ( 'NONE', *, *, #1776, .F. ) ;
#2776 = DIRECTION ( 'NONE',  ( -1.000000000000000000, -0.0000000000000000000, -0.0000000000000000000 ) ) ;
#2777 = ORIENTED_EDGE ( 'NONE', *, *, #5176, .F. ) ;
#2778 = MECHANICAL_DESIGN_GEOMETRIC_PRESENTATION_REPRESENTATION (  '', ( #1773 ), #3122 ) ;
#2779 = CARTESIAN_POINT ( 'NONE',  ( -1.269999999999998700, 1.700000000000000000, 5.950000000000000200 ) ) ;
#2780 = FACE_OUTER_BOUND ( 'NONE', #5058, .T. ) ;
#2781 = EDGE_CURVE ( 'NONE', #4972, #2492, #1690, .T. ) ;
#2782 = EDGE_CURVE ( 'NONE', #503, #5874, #5574, .T. ) ;
#2783 = PLANE ( 'NONE',  #4600 ) ;
#2784 =( NAMED_UNIT ( * ) SI_UNIT ( $, .STERADIAN. ) SOLID_ANGLE_UNIT ( ) );
#2785 = FILL_AREA_STYLE ('',( #2280 ) ) ;
#2786 = DIRECTION ( 'NONE',  ( 0.0000000000000000000, 1.000000000000000000, 0.0000000000000000000 ) ) ;
#2787 = DIRECTION ( 'NONE',  ( 0.7071067811865474600, 0.0000000000000000000, 0.7071067811865474600 ) ) ;
#2788 = DIRECTION ( 'NONE',  ( -0.7071067811865474600, -0.0000000000000000000, -0.7071067811865474600 ) ) ;
#2789 = DIRECTION ( 'NONE',  ( 0.7071067811865474600, -0.0000000000000000000, -0.7071067811865474600 ) ) ;
#2790 =( NAMED_UNIT ( * ) PLANE_ANGLE_UNIT ( ) SI_UNIT ( $, .RADIAN. ) );
#2791 = COLOUR_RGB ( '',1.000000000000000000, 1.000000000000000000, 1.000000000000000000 ) ;
#2792 = DIRECTION ( 'NONE',  ( 0.7071067811865475700, -0.0000000000000000000, 0.7071067811865475700 ) ) ;
#2793 = FILL_AREA_STYLE ('',( #2290 ) ) ;
#2794 = VECTOR ( 'NONE', #2203, 1000.000000000000100 ) ;
#2795 = SURFACE_STYLE_FILL_AREA ( #2704 ) ;
#2796 = CARTESIAN_POINT ( 'NONE',  ( -0.3199999999999999500, 1.700000000000000000, 7.885106708985485300E-017 ) ) ;
#2797 =( NAMED_UNIT ( * ) PLANE_ANGLE_UNIT ( ) SI_UNIT ( $, .RADIAN. ) );
#2798 =( GEOMETRIC_REPRESENTATION_CONTEXT ( 3 ) GLOBAL_UNCERTAINTY_ASSIGNED_CONTEXT ( ( #6210 ) ) GLOBAL_UNIT_ASSIGNED_CONTEXT ( ( #2651, #6212, #3175 ) ) REPRESENTATION_CONTEXT ( 'NONE', 'WORKASPACE' ) );
#2799 = CARTESIAN_POINT ( 'NONE',  ( -0.3199999999999968400, -3.000000000000000000, 12.92000000000000200 ) ) ;
#2800 = COLOUR_RGB ( '',1.000000000000000000, 1.000000000000000000, 1.000000000000000000 ) ;
#2801 = ADVANCED_FACE ( 'NONE', ( #173 ), #2783, .T. ) ;
#2802 = MECHANICAL_DESIGN_GEOMETRIC_PRESENTATION_REPRESENTATION (  '', ( #1801 ), #3154 ) ;
#2803 = ORIENTED_EDGE ( 'NONE', *, *, #2321, .T. ) ;
#2804 = PLANE ( 'NONE',  #2086 ) ;
#2805 = COLOUR_RGB ( '',1.000000000000000000, 1.000000000000000000, 1.000000000000000000 ) ;
#2806 = UNCERTAINTY_MEASURE_WITH_UNIT (LENGTH_MEASURE( 1.000000000000000100E-005 ), #870, 'distance_accuracy_value', 'NONE');
#2807 =( NAMED_UNIT ( * ) SI_UNIT ( $, .STERADIAN. ) SOLID_ANGLE_UNIT ( ) );
#2808 = FILL_AREA_STYLE_COLOUR ( '', #4656 ) ;
#2809 = PLANE ( 'NONE',  #863 ) ;
#2810 = ORIENTED_EDGE ( 'NONE', *, *, #531, .T. ) ;
#2811 =( LENGTH_UNIT ( ) NAMED_UNIT ( * ) SI_UNIT ( .MILLI., .METRE. ) );
#2812 = FILL_AREA_STYLE_COLOUR ( '', #138 ) ;
#2813 = ORIENTED_EDGE ( 'NONE', *, *, #233, .T. ) ;
#2814 = PRESENTATION_STYLE_ASSIGNMENT (( #5338 ) ) ;
#2815 = CARTESIAN_POINT ( 'NONE',  ( -0.8699999999999992200, 0.0000000000000000000, 3.810000000000000100 ) ) ;
#2816 = ORIENTED_EDGE ( 'NONE', *, *, #5083, .T. ) ;
#2817 = CARTESIAN_POINT ( 'NONE',  ( 1.269999999999998700, 1.700000000000000000, -0.8700000000000003300 ) ) ;
#2818 =( LENGTH_UNIT ( ) NAMED_UNIT ( * ) SI_UNIT ( .MILLI., .METRE. ) );
#2819 = DIRECTION ( 'NONE',  ( -1.232047923278982200E-016, -0.0000000000000000000, -1.000000000000000000 ) ) ;
#2820 = LINE ( 'NONE', #1108, #5376 ) ;
#2821 = DIRECTION ( 'NONE',  ( 0.7071067811865475700, 0.0000000000000000000, -0.7071067811865475700 ) ) ;
#2822 = ORIENTED_EDGE ( 'NONE', *, *, #4446, .F. ) ;
#2823 =( LENGTH_UNIT ( ) NAMED_UNIT ( * ) SI_UNIT ( .MILLI., .METRE. ) );
#2824 = EDGE_CURVE ( 'NONE', #6539, #4723, #2399, .T. ) ;
#2825 = ORIENTED_EDGE ( 'NONE', *, *, #5398, .F. ) ;
#2826 = ORIENTED_EDGE ( 'NONE', *, *, #94, .T. ) ;
#2827 = VERTEX_POINT ( 'NONE', #3117 ) ;
#2828 = VECTOR ( 'NONE', #6294, 1000.000000000000000 ) ;
#2829 = MECHANICAL_DESIGN_GEOMETRIC_PRESENTATION_REPRESENTATION (  '', ( #1822 ), #3173 ) ;
#2830 = SURFACE_STYLE_FILL_AREA ( #3481 ) ;
#2831 = AXIS2_PLACEMENT_3D ( 'NONE', #4643, #1606, #5165 ) ;
#2832 = FILL_AREA_STYLE_COLOUR ( '', #5585 ) ;
#2833 =( LENGTH_UNIT ( ) NAMED_UNIT ( * ) SI_UNIT ( .MILLI., .METRE. ) );
#2834 = ORIENTED_EDGE ( 'NONE', *, *, #1546, .T. ) ;
#2835 = VERTEX_POINT ( 'NONE', #5652 ) ;
#2836 = DIRECTION ( 'NONE',  ( -1.000000000000000000, 0.0000000000000000000, 0.0000000000000000000 ) ) ;
#2837 = SURFACE_SIDE_STYLE ('',( #1292 ) ) ;
#2838 = SURFACE_STYLE_FILL_AREA ( #3958 ) ;
#2839 = CARTESIAN_POINT ( 'NONE',  ( -0.3199999999999988400, 8.339999999999999900, 4.860000000000000300 ) ) ;
#2840 = MECHANICAL_DESIGN_GEOMETRIC_PRESENTATION_REPRESENTATION (  '', ( #1831 ), #3181 ) ;
#2841 =( GEOMETRIC_REPRESENTATION_CONTEXT ( 3 ) GLOBAL_UNCERTAINTY_ASSIGNED_CONTEXT ( ( #2233 ) ) GLOBAL_UNIT_ASSIGNED_CONTEXT ( ( #3425, #384, #3924 ) ) REPRESENTATION_CONTEXT ( 'NONE', 'WORKASPACE' ) );
#2842 = ADVANCED_FACE ( 'NONE', ( #6292 ), #2618, .T. ) ;
#2843 = FILL_AREA_STYLE_COLOUR ( '', #334 ) ;
#2844 = VECTOR ( 'NONE', #3083, 1000.000000000000000 ) ;
#2845 = SURFACE_STYLE_FILL_AREA ( #3364 ) ;
#2846 = PLANE ( 'NONE',  #6391 ) ;
#2847 = CARTESIAN_POINT ( 'NONE',  ( 1.270000000000000000, 0.0000000000000000000, 4.210000000000000000 ) ) ;
#2848 = CARTESIAN_POINT ( 'NONE',  ( -0.2199999999999975600, 8.339999999999999900, 9.839999999999999900 ) ) ;
#2849 = LINE ( 'NONE', #3444, #142 ) ;
#2850 = VECTOR ( 'NONE', #4944, 1000.000000000000000 ) ;
#2851 = SURFACE_STYLE_FILL_AREA ( #5222 ) ;
#2852 = DIRECTION ( 'NONE',  ( -1.000000000000000000, -0.0000000000000000000, -0.0000000000000000000 ) ) ;
#2853 = AXIS2_PLACEMENT_3D ( 'NONE', #1850, #5405, #2357 ) ;
#2854 = DIRECTION ( 'NONE',  ( 2.464095846557964400E-016, 0.0000000000000000000, 1.000000000000000000 ) ) ;
#2855 = SURFACE_STYLE_USAGE ( .BOTH. , #5923 ) ;
#2856 = SURFACE_SIDE_STYLE ('',( #3357 ) ) ;
#2857 =( NAMED_UNIT ( * ) SI_UNIT ( $, .STERADIAN. ) SOLID_ANGLE_UNIT ( ) );
#2858 = VERTEX_POINT ( 'NONE', #5673 ) ;
#2859 = CARTESIAN_POINT ( 'NONE',  ( 1.269999999999998700, 0.0000000000000000000, -0.8700000000000003300 ) ) ;
#2860 = ORIENTED_EDGE ( 'NONE', *, *, #6382, .F. ) ;
#2861 = SURFACE_SIDE_STYLE ('',( #3020 ) ) ;
#2862 = LINE ( 'NONE', #339, #5416 ) ;
#2863 = UNCERTAINTY_MEASURE_WITH_UNIT (LENGTH_MEASURE( 1.000000000000000100E-005 ), #4304, 'distance_accuracy_value', 'NONE');
#2864 = ORIENTED_EDGE ( 'NONE', *, *, #710, .T. ) ;
#2865 = DIRECTION ( 'NONE',  ( 0.0000000000000000000, -0.0000000000000000000, -1.000000000000000000 ) ) ;
#2866 = CARTESIAN_POINT ( 'NONE',  ( -0.3199999999999988400, -3.000000000000000000, 4.860000000000000300 ) ) ;
#2867 = STYLED_ITEM ( 'NONE', ( #5488 ), #3288 ) ;
#2868 = EDGE_CURVE ( 'NONE', #1962, #6073, #4459, .T. ) ;
#2869 = CARTESIAN_POINT ( 'NONE',  ( -0.2199999999999988100, -3.000000000000000000, 4.760000000000000700 ) ) ;
#2870 = ORIENTED_EDGE ( 'NONE', *, *, #5210, .T. ) ;
#2871 = ADVANCED_FACE ( 'NONE', ( #3114 ), #5183, .T. ) ;
#2872 = EDGE_CURVE ( 'NONE', #6253, #2655, #6520, .T. ) ;
#2873 = EDGE_CURVE ( 'NONE', #44, #3853, #1300, .T. ) ;
#2874 = EDGE_CURVE ( 'NONE', #3142, #5876, #3974, .T. ) ;
#2875 = FACE_BOUND ( 'NONE', #2909, .T. ) ;
#2876 = VECTOR ( 'NONE', #2277, 1000.000000000000000 ) ;
#2877 = PLANE ( 'NONE',  #6184 ) ;
#2878 = EDGE_CURVE ( 'NONE', #2714, #3972, #2479, .T. ) ;
#2879 = PRESENTATION_LAYER_ASSIGNMENT (  '', '', ( #2189 ) ) ;
#2880 =( NAMED_UNIT ( * ) PLANE_ANGLE_UNIT ( ) SI_UNIT ( $, .RADIAN. ) );
#2881 = SURFACE_SIDE_STYLE ('',( #1739 ) ) ;
#2882 = DIRECTION ( 'NONE',  ( -1.000000000000000000, 0.0000000000000000000, 0.0000000000000000000 ) ) ;
#2883 = COLOUR_RGB ( '',0.0000000000000000000, 0.03529411764705882300, 0.05882352941176470500 ) ;
#2884 = EDGE_LOOP ( 'NONE', ( #4826, #1940, #1322, #1094 ) ) ;
#2885 = COLOUR_RGB ( '',0.0000000000000000000, 0.03529411764705882300, 0.05882352941176470500 ) ;
#2886 = DIRECTION ( 'NONE',  ( 0.7071067811865475700, 0.0000000000000000000, -0.7071067811865475700 ) ) ;
#2887 = CARTESIAN_POINT ( 'NONE',  ( -0.2199999999999987000, -3.000000000000000000, 5.400000000000000400 ) ) ;
#2888 = AXIS2_PLACEMENT_3D ( 'NONE', #1367, #4913, #4291 ) ;
#2889 = VECTOR ( 'NONE', #1650, 1000.000000000000000 ) ;
#2890 =( NAMED_UNIT ( * ) PLANE_ANGLE_UNIT ( ) SI_UNIT ( $, .RADIAN. ) );
#2891 = ORIENTED_EDGE ( 'NONE', *, *, #3965, .F. ) ;
#2892 = UNCERTAINTY_MEASURE_WITH_UNIT (LENGTH_MEASURE( 1.000000000000000100E-005 ), #2109, 'distance_accuracy_value', 'NONE');
#2893 = STYLED_ITEM ( 'NONE', ( #4022 ), #5069 ) ;
#2894 = ORIENTED_EDGE ( 'NONE', *, *, #186, .F. ) ;
#2895 = ORIENTED_EDGE ( 'NONE', *, *, #1310, .F. ) ;
#2896 = VERTEX_POINT ( 'NONE', #4701 ) ;
#2897 = CARTESIAN_POINT ( 'NONE',  ( -0.2199999999999999700, 8.339999999999999900, 0.3199999999999999500 ) ) ;
#2898 = VERTEX_POINT ( 'NONE', #1652 ) ;
#2899 = ORIENTED_EDGE ( 'NONE', *, *, #6455, .F. ) ;
#2900 = ORIENTED_EDGE ( 'NONE', *, *, #958, .T. ) ;
#2901 = VECTOR ( 'NONE', #3823, 1000.000000000000000 ) ;
#2902 = ADVANCED_FACE ( 'NONE', ( #5181 ), #1672, .F. ) ;
#2903 = CARTESIAN_POINT ( 'NONE',  ( -0.2199999999999975600, -3.000000000000000000, 9.839999999999999900 ) ) ;
#2904 = EDGE_LOOP ( 'NONE', ( #2585, #2021, #5557, #4635 ) ) ;
#2905 = PRESENTATION_LAYER_ASSIGNMENT (  '', '', ( #2214 ) ) ;
#2906 = PRESENTATION_LAYER_ASSIGNMENT (  '', '', ( #2218 ) ) ;
#2907 = ORIENTED_EDGE ( 'NONE', *, *, #5695, .F. ) ;
#2908 = SURFACE_SIDE_STYLE ('',( #5185 ) ) ;
#2909 = EDGE_LOOP ( 'NONE', ( #4529, #669, #3045, #3395, #1716, #76, #4908, #2187 ) ) ;
#2910 = CARTESIAN_POINT ( 'NONE',  ( 1.270000000000001400, 0.0000000000000000000, 9.289999999999999100 ) ) ;
#2911 =( LENGTH_UNIT ( ) NAMED_UNIT ( * ) SI_UNIT ( .MILLI., .METRE. ) );
#2912 = ORIENTED_EDGE ( 'NONE', *, *, #2282, .T. ) ;
#2913 = VECTOR ( 'NONE', #784, 1000.000000000000100 ) ;
#2914 = EDGE_CURVE ( 'NONE', #5602, #1557, #4532, .T. ) ;
#2915 = EDGE_CURVE ( 'NONE', #4479, #6489, #1848, .T. ) ;
#2916 = DIRECTION ( 'NONE',  ( -2.492418787322999200E-016, -0.0000000000000000000, -1.000000000000000000 ) ) ;
#2917 = EDGE_CURVE ( 'NONE', #1817, #1168, #485, .T. ) ;
#2918 = ORIENTED_EDGE ( 'NONE', *, *, #4785, .T. ) ;
#2919 = ORIENTED_EDGE ( 'NONE', *, *, #4445, .T. ) ;
#2920 = STYLED_ITEM ( 'NONE', ( #1692 ), #473 ) ;
#2921 = VECTOR ( 'NONE', #458, 1000.000000000000000 ) ;
#2922 =( GEOMETRIC_REPRESENTATION_CONTEXT ( 3 ) GLOBAL_UNCERTAINTY_ASSIGNED_CONTEXT ( ( #501 ) ) GLOBAL_UNIT_ASSIGNED_CONTEXT ( ( #1860, #5414, #2370 ) ) REPRESENTATION_CONTEXT ( 'NONE', 'WORKASPACE' ) );
#2923 = PLANE ( 'NONE',  #1270 ) ;
#2924 = VECTOR ( 'NONE', #489, 1000.000000000000000 ) ;
#2925 = CARTESIAN_POINT ( 'NONE',  ( 0.2200000000000006700, -3.000000000000000000, 2.860000000000000300 ) ) ;
#2926 = SURFACE_STYLE_FILL_AREA ( #4241 ) ;
#2927 = DIRECTION ( 'NONE',  ( -0.7071067811865474600, 0.0000000000000000000, 0.7071067811865474600 ) ) ;
#2928 = LINE ( 'NONE', #4242, #4100 ) ;
#2929 = VECTOR ( 'NONE', #6110, 1000.000000000000100 ) ;
#2930 = AXIS2_PLACEMENT_3D ( 'NONE', #2903, #6466, #3424 ) ;
#2931 = FACE_OUTER_BOUND ( 'NONE', #4498, .T. ) ;
#2932 = DIRECTION ( 'NONE',  ( 1.000000000000000000, 0.0000000000000000000, -0.0000000000000000000 ) ) ;
#2933 = UNCERTAINTY_MEASURE_WITH_UNIT (LENGTH_MEASURE( 1.000000000000000100E-005 ), #3380, 'distance_accuracy_value', 'NONE');
#2934 = EDGE_LOOP ( 'NONE', ( #5951, #6484, #5067, #666 ) ) ;
#2935 = CARTESIAN_POINT ( 'NONE',  ( 1.270000000000001100, 1.700000000000000000, 8.489999999999998400 ) ) ;
#2936 = PRESENTATION_LAYER_ASSIGNMENT (  '', '', ( #2243 ) ) ;
#2937 = PRESENTATION_STYLE_ASSIGNMENT (( #5830 ) ) ;
#2938 = VECTOR ( 'NONE', #2518, 1000.000000000000100 ) ;
#2939 = ADVANCED_FACE ( 'NONE', ( #1678 ), #2190, .T. ) ;
#2940 = SURFACE_STYLE_FILL_AREA ( #6524 ) ;
#2941 = ORIENTED_EDGE ( 'NONE', *, *, #4041, .F. ) ;
#2942 =( GEOMETRIC_REPRESENTATION_CONTEXT ( 3 ) GLOBAL_UNCERTAINTY_ASSIGNED_CONTEXT ( ( #6146 ) ) GLOBAL_UNIT_ASSIGNED_CONTEXT ( ( #1276, #4821, #1786 ) ) REPRESENTATION_CONTEXT ( 'NONE', 'WORKASPACE' ) );
#2943 = VECTOR ( 'NONE', #4437, 1000.000000000000000 ) ;
#2944 = SURFACE_SIDE_STYLE ('',( #4292 ) ) ;
#2945 = FACE_OUTER_BOUND ( 'NONE', #6326, .T. ) ;
#2946 = EDGE_CURVE ( 'NONE', #3522, #3158, #1207, .T. ) ;
#2947 =( NAMED_UNIT ( * ) SI_UNIT ( $, .STERADIAN. ) SOLID_ANGLE_UNIT ( ) );
#2948 = DIRECTION ( 'NONE',  ( 1.000000000000000000, 0.0000000000000000000, -2.492418787322998300E-016 ) ) ;
#2949 =( NAMED_UNIT ( * ) SI_UNIT ( $, .STERADIAN. ) SOLID_ANGLE_UNIT ( ) );
#2950 = VECTOR ( 'NONE', #6075, 1000.000000000000000 ) ;
#2951 = UNCERTAINTY_MEASURE_WITH_UNIT (LENGTH_MEASURE( 1.000000000000000100E-005 ), #4016, 'distance_accuracy_value', 'NONE');
#2952 = STYLED_ITEM ( 'NONE', ( #3621 ), #5797 ) ;
#2953 = DIRECTION ( 'NONE',  ( 0.7071067811865474600, -0.0000000000000000000, -0.7071067811865474600 ) ) ;
#2954 = VECTOR ( 'NONE', #3710, 1000.000000000000100 ) ;
#2955 = EDGE_CURVE ( 'NONE', #6550, #2506, #6453, .T. ) ;
#2956 = LINE ( 'NONE', #483, #419 ) ;
#2957 = COLOUR_RGB ( '',1.000000000000000000, 1.000000000000000000, 1.000000000000000000 ) ;
#2958 = SURFACE_SIDE_STYLE ('',( #2192 ) ) ;
#2959 = MECHANICAL_DESIGN_GEOMETRIC_PRESENTATION_REPRESENTATION (  '', ( #1946 ), #3324 ) ;
#2960 = LINE ( 'NONE', #696, #5674 ) ;
#2961 = DIRECTION ( 'NONE',  ( 1.000000000000000000, 0.0000000000000000000, 0.0000000000000000000 ) ) ;
#2962 = EDGE_LOOP ( 'NONE', ( #2027, #4158, #6015, #294 ) ) ;
#2963 = CARTESIAN_POINT ( 'NONE',  ( 1.269999999999999400, 1.700000000000000000, 1.669999999999999900 ) ) ;
#2964 = ADVANCED_FACE ( 'NONE', ( #1041 ), #5302, .T. ) ;
#2965 = CARTESIAN_POINT ( 'NONE',  ( 0.2200000000000019400, 0.2999999999999999300, 7.939999999999999500 ) ) ;
#2966 = VERTEX_POINT ( 'NONE', #4251 ) ;
#2967 = CARTESIAN_POINT ( 'NONE',  ( -0.8699999999999974400, 1.700000000000000000, 11.43000000000000100 ) ) ;
#2968 = ORIENTED_EDGE ( 'NONE', *, *, #63, .T. ) ;
#2969 = CARTESIAN_POINT ( 'NONE',  ( -0.7500000000000000000, 0.2999999999999999900, 4.760000000000000700 ) ) ;
#2970 = PLANE ( 'NONE',  #5255 ) ;
#2971 = LINE ( 'NONE', #146, #5516 ) ;
#2972 =( GEOMETRIC_REPRESENTATION_CONTEXT ( 3 ) GLOBAL_UNCERTAINTY_ASSIGNED_CONTEXT ( ( #3571 ) ) GLOBAL_UNIT_ASSIGNED_CONTEXT ( ( #5402, #5503, #2466 ) ) REPRESENTATION_CONTEXT ( 'NONE', 'WORKASPACE' ) );
#2973 = CARTESIAN_POINT ( 'NONE',  ( 0.2199999999999999700, -3.000000000000000000, -0.3200000000000000600 ) ) ;
#2974 = VERTEX_POINT ( 'NONE', #2772 ) ;
#2975 = CARTESIAN_POINT ( 'NONE',  ( 0.2200000000000025000, -3.000000000000000000, 9.839999999999999900 ) ) ;
#2976 = ORIENTED_EDGE ( 'NONE', *, *, #4403, .F. ) ;
#2977 = ORIENTED_EDGE ( 'NONE', *, *, #185, .T. ) ;
#2978 = COLOUR_RGB ( '',0.0000000000000000000, 0.03529411764705882300, 0.05882352941176470500 ) ;
#2979 = LINE ( 'NONE', #5116, #4157 ) ;
#2980 = ORIENTED_EDGE ( 'NONE', *, *, #577, .T. ) ;
#2981 = SURFACE_STYLE_USAGE ( .BOTH. , #6032 ) ;
#2982 = EDGE_LOOP ( 'NONE', ( #45, #3682, #930, #1815, #5346, #5460, #3867, #3730 ) ) ;
#2983 = ORIENTED_EDGE ( 'NONE', *, *, #2321, .F. ) ;
#2984 = CARTESIAN_POINT ( 'NONE',  ( 0.3200000000000031700, 8.339999999999999900, 12.92000000000000200 ) ) ;
#2985 = ORIENTED_EDGE ( 'NONE', *, *, #658, .F. ) ;
#2986 = LINE ( 'NONE', #1188, #5533 ) ;
#2987 = EDGE_LOOP ( 'NONE', ( #3390, #1236, #1635, #2810 ) ) ;
#2988 = EDGE_LOOP ( 'NONE', ( #4832, #1890, #6079, #210, #3274, #3455, #2028, #680 ) ) ;
#2989 = CARTESIAN_POINT ( 'NONE',  ( 0.2200000000000031700, 8.339999999999999900, 12.38000000000000100 ) ) ;
#2990 = CARTESIAN_POINT ( 'NONE',  ( -0.2199999999999968100, 0.2999999999999999300, 13.02000000000000000 ) ) ;
#2991 = CARTESIAN_POINT ( 'NONE',  ( -0.3199999999999968400, 8.339999999999999900, 12.92000000000000200 ) ) ;
#2992 = SURFACE_STYLE_FILL_AREA ( #2099 ) ;
#2993 = EDGE_CURVE ( 'NONE', #4344, #4488, #558, .T. ) ;
#2994 = VECTOR ( 'NONE', #786, 1000.000000000000100 ) ;
#2995 = LINE ( 'NONE', #4590, #5716 ) ;
#2996 = EDGE_CURVE ( 'NONE', #2304, #1911, #3279, .T. ) ;
#2997 = VECTOR ( 'NONE', #4854, 1000.000000000000100 ) ;
#2998 = FACE_OUTER_BOUND ( 'NONE', #5521, .T. ) ;
#2999 = ADVANCED_FACE ( 'NONE', ( #1765 ), #4302, .T. ) ;
#3000 = FILL_AREA_STYLE ('',( #5538 ) ) ;
#3001 = VECTOR ( 'NONE', #5984, 1000.000000000000000 ) ;
#3002 = AXIS2_PLACEMENT_3D ( 'NONE', #1710, #5267, #2209 ) ;
#3003 = DIRECTION ( 'NONE',  ( -0.0000000000000000000, -1.000000000000000000, -0.0000000000000000000 ) ) ;
#3004 = CARTESIAN_POINT ( 'NONE',  ( -0.3199999999999969500, -3.000000000000000000, 12.48000000000000200 ) ) ;
#3005 = VECTOR ( 'NONE', #1056, 1000.000000000000100 ) ;
#3006 = UNCERTAINTY_MEASURE_WITH_UNIT (LENGTH_MEASURE( 1.000000000000000100E-005 ), #2212, 'distance_accuracy_value', 'NONE');
#3008 = STYLED_ITEM ( 'NONE', ( #5653 ), #968 ) ;
#3007 = FILL_AREA_STYLE ('',( #6536 ) ) ;
#3009 = CARTESIAN_POINT ( 'NONE',  ( 1.270000000000002000, 1.700000000000000000, 11.83000000000000000 ) ) ;
#3010 = PLANE ( 'NONE',  #1485 ) ;
#3011 = VERTEX_POINT ( 'NONE', #6349 ) ;
#3012 = LINE ( 'NONE', #2644, #1670 ) ;
#3013 =( NAMED_UNIT ( * ) PLANE_ANGLE_UNIT ( ) SI_UNIT ( $, .RADIAN. ) );
#3014 = DIRECTION ( 'NONE',  ( 0.0000000000000000000, 1.000000000000000000, 0.0000000000000000000 ) ) ;
#3015 = ORIENTED_EDGE ( 'NONE', *, *, #6192, .T. ) ;
#3016 = FILL_AREA_STYLE_COLOUR ( '', #2202 ) ;
#3017 = COLOUR_RGB ( '',1.000000000000000000, 1.000000000000000000, 1.000000000000000000 ) ;
#3018 = VECTOR ( 'NONE', #697, 1000.000000000000100 ) ;
#3019 = CARTESIAN_POINT ( 'NONE',  ( -0.2199999999999968100, -3.000000000000000000, 13.02000000000000000 ) ) ;
#3020 = SURFACE_STYLE_FILL_AREA ( #5929 ) ;
#3021 = AXIS2_PLACEMENT_3D ( 'NONE', #5681, #2624, #6185 ) ;
#3022 = VECTOR ( 'NONE', #3269, 1000.000000000000100 ) ;
#3023 = VECTOR ( 'NONE', #1272, 1000.000000000000000 ) ;
#3024 = SURFACE_SIDE_STYLE ('',( #4418 ) ) ;
#3025 = AXIS2_PLACEMENT_3D ( 'NONE', #6115, #3076, #30 ) ;
#3026 = ADVANCED_FACE ( 'NONE', ( #3969 ), #1818, .F. ) ;
#3027 = CARTESIAN_POINT ( 'NONE',  ( 0.3199999999999999500, 8.339999999999999900, -0.2200000000000000800 ) ) ;
#3028 = EDGE_CURVE ( 'NONE', #1669, #6475, #818, .T. ) ;
#3029 = CARTESIAN_POINT ( 'NONE',  ( -0.3199999999999988400, 1.700000000000000200, 4.860000000000000300 ) ) ;
#3030 = EDGE_CURVE ( 'NONE', #4723, #4063, #4864, .T. ) ;
#3031 = SURFACE_STYLE_FILL_AREA ( #5121 ) ;
#3032 = FACE_OUTER_BOUND ( 'NONE', #1450, .T. ) ;
#3033 =( LENGTH_UNIT ( ) NAMED_UNIT ( * ) SI_UNIT ( .MILLI., .METRE. ) );
#3034 =( NAMED_UNIT ( * ) PLANE_ANGLE_UNIT ( ) SI_UNIT ( $, .RADIAN. ) );
#3035 = LINE ( 'NONE', #2796, #4215 ) ;
#3036 = MECHANICAL_DESIGN_GEOMETRIC_PRESENTATION_REPRESENTATION (  '', ( #2020 ), #3399 ) ;
#3037 = VERTEX_POINT ( 'NONE', #1837 ) ;
#3038 = LINE ( 'NONE', #1205, #4219 ) ;
#3039 = SURFACE_STYLE_FILL_AREA ( #3851 ) ;
#3040 = CARTESIAN_POINT ( 'NONE',  ( 0.2200000000000019400, -3.000000000000000000, 7.939999999999999500 ) ) ;
#3041 = ORIENTED_EDGE ( 'NONE', *, *, #4096, .T. ) ;
#3042 = CARTESIAN_POINT ( 'NONE',  ( -0.8699999999999976600, 1.700000000000000000, 11.43000000000000100 ) ) ;
#3043 = ORIENTED_EDGE ( 'NONE', *, *, #5739, .F. ) ;
#3044 = STYLED_ITEM ( 'NONE', ( #4873 ), #4259 ) ;
#3045 = ORIENTED_EDGE ( 'NONE', *, *, #5879, .F. ) ;
#3046 = DIRECTION ( 'NONE',  ( -0.0000000000000000000, -0.0000000000000000000, 1.000000000000000000 ) ) ;
#3047 =( LENGTH_UNIT ( ) NAMED_UNIT ( * ) SI_UNIT ( .MILLI., .METRE. ) );
#3048 = EDGE_LOOP ( 'NONE', ( #4472, #760, #5055, #4881 ) ) ;
#3049 = ORIENTED_EDGE ( 'NONE', *, *, #1268, .T. ) ;
#3050 =( LENGTH_UNIT ( ) NAMED_UNIT ( * ) SI_UNIT ( .MILLI., .METRE. ) );
#3051 = ORIENTED_EDGE ( 'NONE', *, *, #2996, .F. ) ;
#3052 = DIRECTION ( 'NONE',  ( 1.000000000000000000, 0.0000000000000000000, 0.0000000000000000000 ) ) ;
#3053 =( NAMED_UNIT ( * ) PLANE_ANGLE_UNIT ( ) SI_UNIT ( $, .RADIAN. ) );
#3054 = AXIS2_PLACEMENT_3D ( 'NONE', #1499, #5060, #2009 ) ;
#3055 = ORIENTED_EDGE ( 'NONE', *, *, #19, .F. ) ;
#3056 = VERTEX_POINT ( 'NONE', #2847 ) ;
#3057 = AXIS2_PLACEMENT_3D ( 'NONE', #2460, #6020, #2961 ) ;
#3058 = FILL_AREA_STYLE_COLOUR ( '', #1908 ) ;
#3059 = CARTESIAN_POINT ( 'NONE',  ( -4.809999999999997800, 1.700000000000000000, 4.809999999999997800 ) ) ;
#3060 = VERTEX_POINT ( 'NONE', #319 ) ;
#3061 = LINE ( 'NONE', #4539, #5787 ) ;
#3062 = EDGE_LOOP ( 'NONE', ( #4091, #5412, #4326, #6345 ) ) ;
#3063 = EDGE_LOOP ( 'NONE', ( #431, #1408, #6493, #2308 ) ) ;
#3064 = UNCERTAINTY_MEASURE_WITH_UNIT (LENGTH_MEASURE( 1.000000000000000100E-005 ), #1830, 'distance_accuracy_value', 'NONE');
#3065 = ORIENTED_EDGE ( 'NONE', *, *, #492, .T. ) ;
#3066 = ORIENTED_EDGE ( 'NONE', *, *, #3209, .F. ) ;
#3067 = ADVANCED_FACE ( 'NONE', ( #6045 ), #3366, .T. ) ;
#3068 = VERTEX_POINT ( 'NONE', #6413 ) ;
#3069 = CARTESIAN_POINT ( 'NONE',  ( 0.2200000000000025000, 8.339999999999999900, 9.839999999999999900 ) ) ;
#3070 = PLANE ( 'NONE',  #4943 ) ;
#3071 = MECHANICAL_DESIGN_GEOMETRIC_PRESENTATION_REPRESENTATION (  '', ( #2050 ), #3423 ) ;
#3072 = DIRECTION ( 'NONE',  ( -1.232047923278982200E-016, 0.0000000000000000000, -1.000000000000000000 ) ) ;
#3073 = VERTEX_POINT ( 'NONE', #3889 ) ;
#3074 = FACE_OUTER_BOUND ( 'NONE', #289, .T. ) ;
#3075 = LINE ( 'NONE', #1368, #383 ) ;
#3076 = DIRECTION ( 'NONE',  ( 0.7071067811865475700, -0.0000000000000000000, 0.7071067811865475700 ) ) ;
#3077 = CARTESIAN_POINT ( 'NONE',  ( 0.2200000000000012500, -3.000000000000000000, 4.760000000000000700 ) ) ;
#3078 = FILL_AREA_STYLE ('',( #1543 ) ) ;
#3079 = CARTESIAN_POINT ( 'NONE',  ( -0.2199999999999974500, -3.000000000000000000, 10.48000000000000000 ) ) ;
#3080 = PRESENTATION_LAYER_ASSIGNMENT (  '', '', ( #2403 ) ) ;
#3081 = PRESENTATION_STYLE_ASSIGNMENT (( #2532 ) ) ;
#3082 = AXIS2_PLACEMENT_3D ( 'NONE', #2737, #6304, #3275 ) ;
#3083 = DIRECTION ( 'NONE',  ( 0.0000000000000000000, 1.000000000000000000, 0.0000000000000000000 ) ) ;
#3084 = DIRECTION ( 'NONE',  ( 2.464095846557964400E-016, 0.0000000000000000000, 1.000000000000000000 ) ) ;
#3085 =( LENGTH_UNIT ( ) NAMED_UNIT ( * ) SI_UNIT ( .MILLI., .METRE. ) );
#3086 = VECTOR ( 'NONE', #4051, 1000.000000000000000 ) ;
#3087 = EDGE_CURVE ( 'NONE', #5167, #1238, #2862, .T. ) ;
#3088 = EDGE_CURVE ( 'NONE', #6202, #516, #1509, .T. ) ;
#3089 = LINE ( 'NONE', #1674, #5634 ) ;
#3090 = EDGE_CURVE ( 'NONE', #161, #133, #4034, .T. ) ;
#3091 = CARTESIAN_POINT ( 'NONE',  ( 0.2200000000000018900, -3.000000000000000000, 7.299999999999999800 ) ) ;
#3092 = PRESENTATION_LAYER_ASSIGNMENT (  '', '', ( #2415 ) ) ;
#3093 = LINE ( 'NONE', #3754, #5643 ) ;
#3094 = SURFACE_SIDE_STYLE ('',( #5005 ) ) ;
#3095 = DIRECTION ( 'NONE',  ( 1.000000000000000000, 0.0000000000000000000, -1.232047923278982200E-016 ) ) ;
#3096 = UNCERTAINTY_MEASURE_WITH_UNIT (LENGTH_MEASURE( 1.000000000000000100E-005 ), #1198, 'distance_accuracy_value', 'NONE');
#3097 = VECTOR ( 'NONE', #4482, 1000.000000000000100 ) ;
#3098 = ORIENTED_EDGE ( 'NONE', *, *, #2993, .F. ) ;
#3099 = ORIENTED_EDGE ( 'NONE', *, *, #2872, .F. ) ;
#3101 = MECHANICAL_DESIGN_GEOMETRIC_PRESENTATION_REPRESENTATION (  '', ( #2070 ), #3443 ) ;
#3100 = FILL_AREA_STYLE ('',( #60 ) ) ;
#3102 =( NAMED_UNIT ( * ) SI_UNIT ( $, .STERADIAN. ) SOLID_ANGLE_UNIT ( ) );
#3103 = SURFACE_STYLE_FILL_AREA ( #261 ) ;
#3104 = COLOUR_RGB ( '',1.000000000000000000, 1.000000000000000000, 1.000000000000000000 ) ;
#3105 = DIRECTION ( 'NONE',  ( -0.7071067811865475700, 0.0000000000000000000, -0.7071067811865475700 ) ) ;
#3106 = DIRECTION ( 'NONE',  ( 0.0000000000000000000, 1.000000000000000000, -0.0000000000000000000 ) ) ;
#3107 = ORIENTED_EDGE ( 'NONE', *, *, #3316, .F. ) ;
#3108 =( LENGTH_UNIT ( ) NAMED_UNIT ( * ) SI_UNIT ( .MILLI., .METRE. ) );
#3109 =( NAMED_UNIT ( * ) SI_UNIT ( $, .STERADIAN. ) SOLID_ANGLE_UNIT ( ) );
#3110 = DIRECTION ( 'NONE',  ( -0.0000000000000000000, -1.000000000000000000, -0.0000000000000000000 ) ) ;
#3111 = LINE ( 'NONE', #396, #2943 ) ;
#3112 = LINE ( 'NONE', #1616, #4294 ) ;
#3113 = PRESENTATION_LAYER_ASSIGNMENT (  '', '', ( #2433 ) ) ;
#3114 = FACE_OUTER_BOUND ( 'NONE', #1083, .T. ) ;
#3115 = LINE ( 'NONE', #1505, #5662 ) ;
#3116 = CARTESIAN_POINT ( 'NONE',  ( -0.3199999999999974000, 8.339999999999999900, 10.38000000000000100 ) ) ;
#3117 = CARTESIAN_POINT ( 'NONE',  ( 0.2200000000000006700, -3.000000000000000000, 2.860000000000000300 ) ) ;
#3118 = VECTOR ( 'NONE', #641, 1000.000000000000000 ) ;
#3119 = DIRECTION ( 'NONE',  ( 1.000000000000000000, -0.0000000000000000000, 0.0000000000000000000 ) ) ;
#3120 = SURFACE_STYLE_USAGE ( .BOTH. , #6157 ) ;
#3121 =( GEOMETRIC_REPRESENTATION_CONTEXT ( 3 ) GLOBAL_UNCERTAINTY_ASSIGNED_CONTEXT ( ( #4184 ) ) GLOBAL_UNIT_ASSIGNED_CONTEXT ( ( #3204, #159, #3698 ) ) REPRESENTATION_CONTEXT ( 'NONE', 'WORKASPACE' ) );
#3122 =( GEOMETRIC_REPRESENTATION_CONTEXT ( 3 ) GLOBAL_UNCERTAINTY_ASSIGNED_CONTEXT ( ( #3978 ) ) GLOBAL_UNIT_ASSIGNED_CONTEXT ( ( #1334, #4882, #1843 ) ) REPRESENTATION_CONTEXT ( 'NONE', 'WORKASPACE' ) );
#3123 = LINE ( 'NONE', #3537, #420 ) ;
#3124 = DIRECTION ( 'NONE',  ( -0.7071067811865474600, -0.0000000000000000000, 0.7071067811865474600 ) ) ;
#3125 = CARTESIAN_POINT ( 'NONE',  ( -0.8699999999999998800, 1.700000000000000000, 1.269999999999999800 ) ) ;
#3126 = CARTESIAN_POINT ( 'NONE',  ( 0.8699999999999987700, 1.700000000000000000, -1.270000000000000200 ) ) ;
#3127 = CARTESIAN_POINT ( 'NONE',  ( -1.269999999999999400, 1.700000000000000000, 3.409999999999999700 ) ) ;
#3128 = EDGE_CURVE ( 'NONE', #5303, #6238, #4198, .T. ) ;
#3129 = CARTESIAN_POINT ( 'NONE',  ( -0.2199999999999993600, -3.000000000000000000, 2.860000000000000300 ) ) ;
#3130 = EDGE_CURVE ( 'NONE', #3073, #4535, #5561, .T. ) ;
#3131 =( NAMED_UNIT ( * ) PLANE_ANGLE_UNIT ( ) SI_UNIT ( $, .RADIAN. ) );
#3132 = ORIENTED_EDGE ( 'NONE', *, *, #3553, .T. ) ;
#3133 =( NAMED_UNIT ( * ) PLANE_ANGLE_UNIT ( ) SI_UNIT ( $, .RADIAN. ) );
#3134 =( NAMED_UNIT ( * ) PLANE_ANGLE_UNIT ( ) SI_UNIT ( $, .RADIAN. ) );
#3135 = STYLED_ITEM ( 'NONE', ( #4480 ), #6354 ) ;
#3136 = VERTEX_POINT ( 'NONE', #1897 ) ;
#3137 = VERTEX_POINT ( 'NONE', #4942 ) ;
#3138 = VERTEX_POINT ( 'NONE', #5448 ) ;
#3139 = UNCERTAINTY_MEASURE_WITH_UNIT (LENGTH_MEASURE( 1.000000000000000100E-005 ), #5357, 'distance_accuracy_value', 'NONE');
#3140 = DIRECTION ( 'NONE',  ( -0.7071067811865474600, 0.0000000000000000000, -0.7071067811865474600 ) ) ;
#3141 = DIRECTION ( 'NONE',  ( 0.7071067811865475700, -0.0000000000000000000, 0.7071067811865475700 ) ) ;
#3142 = VERTEX_POINT ( 'NONE', #356 ) ;
#3143 = CARTESIAN_POINT ( 'NONE',  ( -0.8699999999999987700, 1.700000000000000000, 6.349999999999999600 ) ) ;
#3144 = ORIENTED_EDGE ( 'NONE', *, *, #491, .F. ) ;
#3145 = VECTOR ( 'NONE', #2604, 1000.000000000000000 ) ;
#3146 = ORIENTED_EDGE ( 'NONE', *, *, #4485, .T. ) ;
#3147 = DIRECTION ( 'NONE',  ( 0.0000000000000000000, 1.000000000000000000, 0.0000000000000000000 ) ) ;
#3148 = ORIENTED_EDGE ( 'NONE', *, *, #5988, .F. ) ;
#3149 = ORIENTED_EDGE ( 'NONE', *, *, #1980, .F. ) ;
#3150 = ORIENTED_EDGE ( 'NONE', *, *, #5741, .T. ) ;
#3151 = CARTESIAN_POINT ( 'NONE',  ( 0.2200000000000006100, -3.000000000000000000, 2.220000000000000200 ) ) ;
#3152 = UNCERTAINTY_MEASURE_WITH_UNIT (LENGTH_MEASURE( 1.000000000000000100E-005 ), #3085, 'distance_accuracy_value', 'NONE');
#3153 = DIRECTION ( 'NONE',  ( 0.7071067811865474600, 0.0000000000000000000, -0.7071067811865474600 ) ) ;
#3154 =( GEOMETRIC_REPRESENTATION_CONTEXT ( 3 ) GLOBAL_UNCERTAINTY_ASSIGNED_CONTEXT ( ( #3139 ) ) GLOBAL_UNIT_ASSIGNED_CONTEXT ( ( #5357, #2301, #5880 ) ) REPRESENTATION_CONTEXT ( 'NONE', 'WORKASPACE' ) );
#3155 = CARTESIAN_POINT ( 'NONE',  ( -0.2199999999999999700, -3.000000000000000000, 0.3199999999999999500 ) ) ;
#3156 = SURFACE_SIDE_STYLE ('',( #3484 ) ) ;
#3157 = DIRECTION ( 'NONE',  ( -0.7071067811865474600, 0.0000000000000000000, 0.7071067811865474600 ) ) ;
#3158 = VERTEX_POINT ( 'NONE', #2401 ) ;
#3159 = ORIENTED_EDGE ( 'NONE', *, *, #6568, .F. ) ;
#3160 = COLOUR_RGB ( '',1.000000000000000000, 1.000000000000000000, 1.000000000000000000 ) ;
#3161 = VECTOR ( 'NONE', #1222, 1000.000000000000000 ) ;
#3162 =( NAMED_UNIT ( * ) PLANE_ANGLE_UNIT ( ) SI_UNIT ( $, .RADIAN. ) );
#3163 = UNCERTAINTY_MEASURE_WITH_UNIT (LENGTH_MEASURE( 1.000000000000000100E-005 ), #4268, 'distance_accuracy_value', 'NONE');
#3164 = LINE ( 'NONE', #5325, #5715 ) ;
#3165 = STYLED_ITEM ( 'NONE', ( #3535 ), #1971 ) ;
#3166 =( LENGTH_UNIT ( ) NAMED_UNIT ( * ) SI_UNIT ( .MILLI., .METRE. ) );
#3167 = FACE_BOUND ( 'NONE', #23, .T. ) ;
#3168 = FACE_OUTER_BOUND ( 'NONE', #5778, .T. ) ;
#3169 = EDGE_CURVE ( 'NONE', #3781, #3522, #5250, .T. ) ;
#3170 = CARTESIAN_POINT ( 'NONE',  ( 0.8700000000000017700, 1.700000000000000000, 11.43000000000000000 ) ) ;
#3171 = DIRECTION ( 'NONE',  ( 2.464095846557964400E-016, 0.0000000000000000000, 1.000000000000000000 ) ) ;
#3172 = CARTESIAN_POINT ( 'NONE',  ( 1.270000000000000000, 0.0000000000000000000, 4.210000000000000000 ) ) ;
#3173 =( GEOMETRIC_REPRESENTATION_CONTEXT ( 3 ) GLOBAL_UNCERTAINTY_ASSIGNED_CONTEXT ( ( #594 ) ) GLOBAL_UNIT_ASSIGNED_CONTEXT ( ( #5883, #5851, #5359 ) ) REPRESENTATION_CONTEXT ( 'NONE', 'WORKASPACE' ) );
#3174 = PRESENTATION_LAYER_ASSIGNMENT (  '', '', ( #2490 ) ) ;
#3175 =( NAMED_UNIT ( * ) SI_UNIT ( $, .STERADIAN. ) SOLID_ANGLE_UNIT ( ) );
#3176 = LINE ( 'NONE', #805, #4516 ) ;
#3177 = LINE ( 'NONE', #2081, #3005 ) ;
#3178 = CARTESIAN_POINT ( 'NONE',  ( -0.3199999999999987300, 8.339999999999999900, 5.299999999999999800 ) ) ;
#3179 = CARTESIAN_POINT ( 'NONE',  ( 1.269999999999999800, 1.700000000000000000, 3.409999999999999700 ) ) ;
#3180 = EDGE_LOOP ( 'NONE', ( #775, #6551, #3928, #4702, #6319, #921, #1986, #3693 ) ) ;
#3181 =( GEOMETRIC_REPRESENTATION_CONTEXT ( 3 ) GLOBAL_UNCERTAINTY_ASSIGNED_CONTEXT ( ( #3163 ) ) GLOBAL_UNIT_ASSIGNED_CONTEXT ( ( #4268, #1245, #4784 ) ) REPRESENTATION_CONTEXT ( 'NONE', 'WORKASPACE' ) );
#3182 = LINE ( 'NONE', #2673, #478 ) ;
#3183 = FILL_AREA_STYLE ('',( #4683 ) ) ;
#3184 = DIRECTION ( 'NONE',  ( 0.0000000000000000000, 1.000000000000000000, 0.0000000000000000000 ) ) ;
#3185 = FILL_AREA_STYLE ('',( #139 ) ) ;
#3186 = ORIENTED_EDGE ( 'NONE', *, *, #186, .T. ) ;
#3187 = FILL_AREA_STYLE ('',( #2666 ) ) ;
#3188 = VECTOR ( 'NONE', #5502, 1000.000000000000100 ) ;
#3189 = SURFACE_STYLE_FILL_AREA ( #4756 ) ;
#3190 = CARTESIAN_POINT ( 'NONE',  ( 1.269999999999999800, 0.0000000000000000000, 3.409999999999999700 ) ) ;
#3191 = PRESENTATION_LAYER_ASSIGNMENT (  '', '', ( #2508 ) ) ;
#3193 = STYLED_ITEM ( 'NONE', ( #137 ), #1528 ) ;
#3192 = DIRECTION ( 'NONE',  ( -1.232047923278982200E-016, -0.0000000000000000000, -1.000000000000000000 ) ) ;
#3194 = CARTESIAN_POINT ( 'NONE',  ( -0.7500000000000000000, 0.2999999999999999900, 9.839999999999999900 ) ) ;
#3195 = DIRECTION ( 'NONE',  ( 0.7071067811865474600, 0.0000000000000000000, -0.7071067811865474600 ) ) ;
#3196 = DIRECTION ( 'NONE',  ( 0.0000000000000000000, 1.000000000000000000, 0.0000000000000000000 ) ) ;
#3197 = LINE ( 'NONE', #2760, #3022 ) ;
#3198 =( NAMED_UNIT ( * ) SI_UNIT ( $, .STERADIAN. ) SOLID_ANGLE_UNIT ( ) );
#3199 = SURFACE_SIDE_STYLE ('',( #2642 ) ) ;
#3200 = COLOUR_RGB ( '',1.000000000000000000, 1.000000000000000000, 1.000000000000000000 ) ;
#3201 = COLOUR_RGB ( '',0.0000000000000000000, 0.03529411764705882300, 0.05882352941176470500 ) ;
#3202 = VECTOR ( 'NONE', #564, 1000.000000000000100 ) ;
#3203 = CARTESIAN_POINT ( 'NONE',  ( -0.8699999999999998800, 0.0000000000000000000, 1.269999999999999800 ) ) ;
#3204 =( LENGTH_UNIT ( ) NAMED_UNIT ( * ) SI_UNIT ( .MILLI., .METRE. ) );
#3205 = VECTOR ( 'NONE', #1793, 1000.000000000000000 ) ;
#3206 = VERTEX_POINT ( 'NONE', #3925 ) ;
#3207 = SURFACE_SIDE_STYLE ('',( #392 ) ) ;
#3208 = AXIS2_PLACEMENT_3D ( 'NONE', #6006, #2948, #6506 ) ;
#3209 = EDGE_CURVE ( 'NONE', #975, #3473, #1196, .T. ) ;
#3210 =( LENGTH_UNIT ( ) NAMED_UNIT ( * ) SI_UNIT ( .MILLI., .METRE. ) );
#3211 = ORIENTED_EDGE ( 'NONE', *, *, #2685, .F. ) ;
#3212 = DIRECTION ( 'NONE',  ( 0.7071067811865475700, -0.0000000000000000000, 0.7071067811865475700 ) ) ;
#3213 = DIRECTION ( 'NONE',  ( 0.7071067811865474600, -0.0000000000000000000, 0.7071067811865474600 ) ) ;
#3214 = EDGE_CURVE ( 'NONE', #4558, #5616, #5086, .T. ) ;
#3215 = EDGE_CURVE ( 'NONE', #4979, #3752, #2390, .T. ) ;
#3216 = CARTESIAN_POINT ( 'NONE',  ( 0.7500000000000000000, 0.0000000000000000000, -1.270000000000000500 ) ) ;
#3217 = DIRECTION ( 'NONE',  ( 0.7071067811865475700, -0.0000000000000000000, 0.7071067811865475700 ) ) ;
#3218 = ORIENTED_EDGE ( 'NONE', *, *, #2095, .T. ) ;
#3219 = FILL_AREA_STYLE ('',( #6262 ) ) ;
#3220 = ORIENTED_EDGE ( 'NONE', *, *, #1821, .F. ) ;
#3221 = EDGE_CURVE ( 'NONE', #2662, #1637, #1371, .T. ) ;
#3222 = COLOUR_RGB ( '',0.0000000000000000000, 0.03529411764705882300, 0.05882352941176470500 ) ;
#3223 = UNCERTAINTY_MEASURE_WITH_UNIT (LENGTH_MEASURE( 1.000000000000000100E-005 ), #2125, 'distance_accuracy_value', 'NONE');
#3224 = ORIENTED_EDGE ( 'NONE', *, *, #3030, .F. ) ;
#3225 = ORIENTED_EDGE ( 'NONE', *, *, #5550, .F. ) ;
#3226 = MECHANICAL_DESIGN_GEOMETRIC_PRESENTATION_REPRESENTATION (  '', ( #2189 ), #3557 ) ;
#3227 = ORIENTED_EDGE ( 'NONE', *, *, #5262, .F. ) ;
#3228 = ORIENTED_EDGE ( 'NONE', *, *, #151, .T. ) ;
#3229 = ORIENTED_EDGE ( 'NONE', *, *, #623, .T. ) ;
#3230 = FILL_AREA_STYLE_COLOUR ( '', #5507 ) ;
#3231 = ORIENTED_EDGE ( 'NONE', *, *, #4967, .F. ) ;
#3232 = ORIENTED_EDGE ( 'NONE', *, *, #1548, .F. ) ;
#3233 = CARTESIAN_POINT ( 'NONE',  ( -0.3199999999999981700, -3.000000000000000000, 7.400000000000000400 ) ) ;
#3234 = ORIENTED_EDGE ( 'NONE', *, *, #6278, .F. ) ;
#3235 = ORIENTED_EDGE ( 'NONE', *, *, #3359, .T. ) ;
#3236 = PRESENTATION_LAYER_ASSIGNMENT (  '', '', ( #2551 ) ) ;
#3237 = ORIENTED_EDGE ( 'NONE', *, *, #6053, .T. ) ;
#3238 = COLOUR_RGB ( '',0.0000000000000000000, 0.03529411764705882300, 0.05882352941176470500 ) ;
#3239 = SURFACE_STYLE_USAGE ( .BOTH. , #6272 ) ;
#3240 =( NAMED_UNIT ( * ) SI_UNIT ( $, .STERADIAN. ) SOLID_ANGLE_UNIT ( ) );
#3241 = SURFACE_STYLE_USAGE ( .BOTH. , #6275 ) ;
#3242 = PLANE ( 'NONE',  #2146 ) ;
#3243 = ORIENTED_EDGE ( 'NONE', *, *, #4315, .T. ) ;
#3244 = CARTESIAN_POINT ( 'NONE',  ( 0.3200000000000008400, 1.700000000000000000, 10.38000000000000100 ) ) ;
#3245 =( NAMED_UNIT ( * ) PLANE_ANGLE_UNIT ( ) SI_UNIT ( $, .RADIAN. ) );
#3246 = SURFACE_STYLE_FILL_AREA ( #4178 ) ;
#3247 = DIRECTION ( 'NONE',  ( -0.7071067811865475700, 0.0000000000000000000, -0.7071067811865475700 ) ) ;
#3248 = AXIS2_PLACEMENT_3D ( 'NONE', #3926, #895, #4441 ) ;
#3249 = VECTOR ( 'NONE', #4393, 1000.000000000000100 ) ;
#3250 = DIRECTION ( 'NONE',  ( 0.7071067811865474600, 0.0000000000000000000, 0.7071067811865474600 ) ) ;
#3251 = CARTESIAN_POINT ( 'NONE',  ( 0.2200000000000018900, -3.000000000000000000, 7.299999999999999800 ) ) ;
#3252 = LINE ( 'NONE', #6543, #540 ) ;
#3253 = ADVANCED_FACE ( 'NONE', ( #2213 ), #3950, .F. ) ;
#3254 = PLANE ( 'NONE',  #1685 ) ;
#3255 = SURFACE_STYLE_FILL_AREA ( #3981 ) ;
#3256 =( NAMED_UNIT ( * ) PLANE_ANGLE_UNIT ( ) SI_UNIT ( $, .RADIAN. ) );
#3257 = CARTESIAN_POINT ( 'NONE',  ( -0.2199999999999982000, -3.000000000000000000, 7.299999999999999800 ) ) ;
#3258 = MECHANICAL_DESIGN_GEOMETRIC_PRESENTATION_REPRESENTATION (  '', ( #2214 ), #3572 ) ;
#3259 = SURFACE_STYLE_FILL_AREA ( #795 ) ;
#3260 =( NAMED_UNIT ( * ) SI_UNIT ( $, .STERADIAN. ) SOLID_ANGLE_UNIT ( ) );
#3261 = MECHANICAL_DESIGN_GEOMETRIC_PRESENTATION_REPRESENTATION (  '', ( #2218 ), #3576 ) ;
#3262 = FILL_AREA_STYLE ('',( #700 ) ) ;
#3263 = VECTOR ( 'NONE', #4616, 1000.000000000000100 ) ;
#3264 = EDGE_CURVE ( 'NONE', #2657, #1669, #397, .T. ) ;
#3265 = EDGE_CURVE ( 'NONE', #2896, #6162, #4447, .T. ) ;
#3266 = EDGE_CURVE ( 'NONE', #5733, #6427, #5648, .T. ) ;
#3267 = CARTESIAN_POINT ( 'NONE',  ( -0.7500000000000000000, 0.2999999999999999900, 7.300000000000000700 ) ) ;
#3268 = FILL_AREA_STYLE ('',( #6297 ) ) ;
#3269 = DIRECTION ( 'NONE',  ( -0.7071067811865474600, -0.0000000000000000000, 0.7071067811865474600 ) ) ;
#3270 = AXIS2_PLACEMENT_3D ( 'NONE', #5617, #2568, #6119 ) ;
#3271 = CARTESIAN_POINT ( 'NONE',  ( 0.2200000000000013100, -3.000000000000000000, 5.400000000000000400 ) ) ;
#3272 = FILL_AREA_STYLE_COLOUR ( '', #1171 ) ;
#3273 = DIRECTION ( 'NONE',  ( -0.0000000000000000000, -1.000000000000000000, -0.0000000000000000000 ) ) ;
#3274 = ORIENTED_EDGE ( 'NONE', *, *, #4361, .T. ) ;
#3275 = DIRECTION ( 'NONE',  ( -0.7071067811865474600, 0.0000000000000000000, -0.7071067811865474600 ) ) ;
#3276 = SURFACE_STYLE_USAGE ( .BOTH. , #6306 ) ;
#3277 = COLOUR_RGB ( '',1.000000000000000000, 1.000000000000000000, 1.000000000000000000 ) ;
#3278 = DIRECTION ( 'NONE',  ( 2.492418787322999200E-016, 0.0000000000000000000, 1.000000000000000000 ) ) ;
#3279 = LINE ( 'NONE', #5844, #4454 ) ;
#3280 = LINE ( 'NONE', #381, #1921 ) ;
#3281 = FILL_AREA_STYLE_COLOUR ( '', #5031 ) ;
#3282 = STYLED_ITEM ( 'NONE', ( #249 ), #4406 ) ;
#3283 = SURFACE_SIDE_STYLE ('',( #5093 ) ) ;
#3284 = FILL_AREA_STYLE_COLOUR ( '', #6581 ) ;
#3285 =( NAMED_UNIT ( * ) SI_UNIT ( $, .STERADIAN. ) SOLID_ANGLE_UNIT ( ) );
#3286 = FILL_AREA_STYLE_COLOUR ( '', #6080 ) ;
#3287 = VECTOR ( 'NONE', #5039, 1000.000000000000000 ) ;
#3288 = ADVANCED_FACE ( 'NONE', ( #1757 ), #2970, .T. ) ;
#3289 = LINE ( 'NONE', #3194, #3118 ) ;
#3290 = MECHANICAL_DESIGN_GEOMETRIC_PRESENTATION_REPRESENTATION (  '', ( #2243 ), #3605 ) ;
#3291 = COLOUR_RGB ( '',0.0000000000000000000, 0.03529411764705882300, 0.05882352941176470500 ) ;
#3292 =( NAMED_UNIT ( * ) SI_UNIT ( $, .STERADIAN. ) SOLID_ANGLE_UNIT ( ) );
#3293 = CARTESIAN_POINT ( 'NONE',  ( 0.2200000000000019400, -3.000000000000000000, 7.939999999999999500 ) ) ;
#3294 =( NAMED_UNIT ( * ) SI_UNIT ( $, .STERADIAN. ) SOLID_ANGLE_UNIT ( ) );
#3295 = PLANE ( 'NONE',  #6242 ) ;
#3296 = DIRECTION ( 'NONE',  ( 0.7071067811865475700, 0.0000000000000000000, -0.7071067811865475700 ) ) ;
#3297 =( LENGTH_UNIT ( ) NAMED_UNIT ( * ) SI_UNIT ( .MILLI., .METRE. ) );
#3298 = CARTESIAN_POINT ( 'NONE',  ( -0.8699999999999998800, 1.700000000000000000, 1.269999999999999800 ) ) ;
#3299 = EDGE_LOOP ( 'NONE', ( #2176, #5532, #3869, #3303, #758, #4644, #1003, #2891 ) ) ;
#3300 = PRESENTATION_STYLE_ASSIGNMENT (( #6361 ) ) ;
#3301 = CARTESIAN_POINT ( 'NONE',  ( -0.7500000000000000000, 0.2999999999999999900, -1.270000000000000500 ) ) ;
#3302 = CARTESIAN_POINT ( 'NONE',  ( 1.269999999999999400, 1.700000000000000000, 1.669999999999999900 ) ) ;
#3303 = ORIENTED_EDGE ( 'NONE', *, *, #63, .F. ) ;
#3304 = CARTESIAN_POINT ( 'NONE',  ( 2.270000000000000900, 1.700000000000000000, 2.270000000000000900 ) ) ;
#3305 = PLANE ( 'NONE',  #6460 ) ;
#3306 = EDGE_CURVE ( 'NONE', #1669, #2519, #6373, .T. ) ;
#3307 = ORIENTED_EDGE ( 'NONE', *, *, #4999, .F. ) ;
#3308 = VECTOR ( 'NONE', #3157, 1000.000000000000100 ) ;
#3309 = ORIENTED_EDGE ( 'NONE', *, *, #405, .T. ) ;
#3310 = AXIS2_PLACEMENT_3D ( 'NONE', #4494, #1449, #5011 ) ;
#3311 = VERTEX_POINT ( 'NONE', #468 ) ;
#3312 = CARTESIAN_POINT ( 'NONE',  ( -0.8700000000000005500, 1.700000000000000000, -1.270000000000000200 ) ) ;
#3313 = DIRECTION ( 'NONE',  ( -0.7071067811865474600, -0.0000000000000000000, 0.7071067811865474600 ) ) ;
#3314 = VERTEX_POINT ( 'NONE', #3504 ) ;
#3315 = UNCERTAINTY_MEASURE_WITH_UNIT (LENGTH_MEASURE( 1.000000000000000100E-005 ), #4706, 'distance_accuracy_value', 'NONE');
#3316 = EDGE_CURVE ( 'NONE', #2974, #2061, #952, .T. ) ;
#3317 = CARTESIAN_POINT ( 'NONE',  ( 0.3200000000000031200, 0.2999999999999999300, 12.48000000000000200 ) ) ;
#3318 = ORIENTED_EDGE ( 'NONE', *, *, #2453, .T. ) ;
#3319 = FILL_AREA_STYLE_COLOUR ( '', #51 ) ;
#3320 = PLANE ( 'NONE',  #5410 ) ;
#3321 = DIRECTION ( 'NONE',  ( 0.0000000000000000000, 1.000000000000000000, 0.0000000000000000000 ) ) ;
#3322 = ORIENTED_EDGE ( 'NONE', *, *, #5313, .T. ) ;
#3323 = VERTEX_POINT ( 'NONE', #5040 ) ;
#3324 =( GEOMETRIC_REPRESENTATION_CONTEXT ( 3 ) GLOBAL_UNCERTAINTY_ASSIGNED_CONTEXT ( ( #5806 ) ) GLOBAL_UNIT_ASSIGNED_CONTEXT ( ( #1816, #5366, #2314 ) ) REPRESENTATION_CONTEXT ( 'NONE', 'WORKASPACE' ) );
#3325 = ADVANCED_FACE ( 'NONE', ( #4860 ), #4523, .T. ) ;
#3326 = FACE_OUTER_BOUND ( 'NONE', #4889, .T. ) ;
#3327 = SURFACE_STYLE_USAGE ( .BOTH. , #6365 ) ;
#3328 = ORIENTED_EDGE ( 'NONE', *, *, #1864, .F. ) ;
#3329 = ORIENTED_EDGE ( 'NONE', *, *, #6457, .T. ) ;
#3330 = ORIENTED_EDGE ( 'NONE', *, *, #1281, .T. ) ;
#3331 = DIRECTION ( 'NONE',  ( 0.0000000000000000000, 1.000000000000000000, 0.0000000000000000000 ) ) ;
#3332 = LINE ( 'NONE', #6280, #456 ) ;
#3333 = LINE ( 'NONE', #3943, #3790 ) ;
#3334 = CARTESIAN_POINT ( 'NONE',  ( 1.270000000000001100, 1.700000000000000000, 8.489999999999998400 ) ) ;
#3335 = CARTESIAN_POINT ( 'NONE',  ( 1.269999999999999100, 0.0000000000000000000, 0.8699999999999994400 ) ) ;
#3336 = DIRECTION ( 'NONE',  ( 0.0000000000000000000, 0.0000000000000000000, 1.000000000000000000 ) ) ;
#3337 = VECTOR ( 'NONE', #3140, 1000.000000000000100 ) ;
#3338 = SURFACE_SIDE_STYLE ('',( #5463 ) ) ;
#3339 = DIRECTION ( 'NONE',  ( -1.000000000000000000, -0.0000000000000000000, -0.0000000000000000000 ) ) ;
#3340 = STYLED_ITEM ( 'NONE', ( #703 ), #5443 ) ;
#3341 = FILL_AREA_STYLE_COLOUR ( '', #592 ) ;
#3342 = FACE_OUTER_BOUND ( 'NONE', #1259, .T. ) ;
#3343 = PRESENTATION_STYLE_ASSIGNMENT (( #104 ) ) ;
#3344 =( NAMED_UNIT ( * ) SI_UNIT ( $, .STERADIAN. ) SOLID_ANGLE_UNIT ( ) );
#3345 = CARTESIAN_POINT ( 'NONE',  ( -0.3199999999999968400, 8.339999999999999900, 12.92000000000000200 ) ) ;
#3346 = VECTOR ( 'NONE', #1644, 1000.000000000000000 ) ;
#3347 = FILL_AREA_STYLE ('',( #5892 ) ) ;
#3348 = DIRECTION ( 'NONE',  ( 0.7071067811865474600, 0.0000000000000000000, 0.7071067811865474600 ) ) ;
#3349 =( NAMED_UNIT ( * ) SI_UNIT ( $, .STERADIAN. ) SOLID_ANGLE_UNIT ( ) );
#3350 = STYLED_ITEM ( 'NONE', ( #2620 ), #3026 ) ;
#3351 = ORIENTED_EDGE ( 'NONE', *, *, #2873, .F. ) ;
#3352 = ORIENTED_EDGE ( 'NONE', *, *, #1177, .F. ) ;
#3353 =( NAMED_UNIT ( * ) SI_UNIT ( $, .STERADIAN. ) SOLID_ANGLE_UNIT ( ) );
#3354 = LINE ( 'NONE', #3643, #639 ) ;
#3355 = ADVANCED_FACE ( 'NONE', ( #5730 ), #488, .F. ) ;
#3356 = EDGE_CURVE ( 'NONE', #155, #4533, #5245, .T. ) ;
#3357 = SURFACE_STYLE_FILL_AREA ( #2329 ) ;
#3358 = COLOUR_RGB ( '',1.000000000000000000, 1.000000000000000000, 1.000000000000000000 ) ;
#3359 = EDGE_CURVE ( 'NONE', #6202, #2363, #2684, .T. ) ;
#3360 =( NAMED_UNIT ( * ) SI_UNIT ( $, .STERADIAN. ) SOLID_ANGLE_UNIT ( ) );
#3361 = PRESENTATION_LAYER_ASSIGNMENT (  '', '', ( #2658 ) ) ;
#3362 =( LENGTH_UNIT ( ) NAMED_UNIT ( * ) SI_UNIT ( .MILLI., .METRE. ) );
#3363 = FILL_AREA_STYLE ('',( #3341 ) ) ;
#3364 = FILL_AREA_STYLE ('',( #2812 ) ) ;
#3365 = UNCERTAINTY_MEASURE_WITH_UNIT (LENGTH_MEASURE( 1.000000000000000100E-005 ), #5114, 'distance_accuracy_value', 'NONE');
#3366 = PLANE ( 'NONE',  #1170 ) ;
#3367 = AXIS2_PLACEMENT_3D ( 'NONE', #6337, #3296, #242 ) ;
#3368 = FILL_AREA_STYLE ('',( #301 ) ) ;
#3369 = SURFACE_STYLE_FILL_AREA ( #4980 ) ;
#3370 = PLANE ( 'NONE',  #3938 ) ;
#3371 = STYLED_ITEM ( 'NONE', ( #1105 ), #4975 ) ;
#3372 = ORIENTED_EDGE ( 'NONE', *, *, #3553, .F. ) ;
#3373 = FILL_AREA_STYLE_COLOUR ( '', #4961 ) ;
#3374 =( NAMED_UNIT ( * ) PLANE_ANGLE_UNIT ( ) SI_UNIT ( $, .RADIAN. ) );
#3375 =( LENGTH_UNIT ( ) NAMED_UNIT ( * ) SI_UNIT ( .MILLI., .METRE. ) );
#3376 = SURFACE_SIDE_STYLE ('',( #5860 ) ) ;
#3377 = ORIENTED_EDGE ( 'NONE', *, *, #2874, .T. ) ;
#3378 = VECTOR ( 'NONE', #4911, 1000.000000000000100 ) ;
#3379 = ADVANCED_FACE ( 'NONE', ( #3891 ), #15, .F. ) ;
#3380 =( LENGTH_UNIT ( ) NAMED_UNIT ( * ) SI_UNIT ( .MILLI., .METRE. ) );
#3381 = PRESENTATION_LAYER_ASSIGNMENT (  '', '', ( #2681 ) ) ;
#3382 = ORIENTED_EDGE ( 'NONE', *, *, #5311, .F. ) ;
#3383 = PRESENTATION_LAYER_ASSIGNMENT (  '', '', ( #2682 ) ) ;
#3384 = EDGE_LOOP ( 'NONE', ( #3686, #2919, #1967, #6485 ) ) ;
#3385 = VECTOR ( 'NONE', #1935, 1000.000000000000000 ) ;
#3386 = DIRECTION ( 'NONE',  ( -0.7071067811865474600, 0.0000000000000000000, 0.7071067811865474600 ) ) ;
#3387 = DIRECTION ( 'NONE',  ( -1.000000000000000000, 0.0000000000000000000, 0.0000000000000000000 ) ) ;
#3388 = LINE ( 'NONE', #4670, #678 ) ;
#3389 = CARTESIAN_POINT ( 'NONE',  ( -0.2200000000000000800, -3.000000000000000000, -0.3200000000000000600 ) ) ;
#3390 = ORIENTED_EDGE ( 'NONE', *, *, #1863, .T. ) ;
#3391 = EDGE_CURVE ( 'NONE', #2383, #5128, #2055, .T. ) ;
#3392 = DIRECTION ( 'NONE',  ( -1.000000000000000000, 0.0000000000000000000, -0.0000000000000000000 ) ) ;
#3393 = EDGE_CURVE ( 'NONE', #4159, #3781, #719, .T. ) ;
#3394 = VERTEX_POINT ( 'NONE', #3585 ) ;
#3395 = ORIENTED_EDGE ( 'NONE', *, *, #6424, .F. ) ;
#3396 = STYLED_ITEM ( 'NONE', ( #3441 ), #380 ) ;
#3397 = UNCERTAINTY_MEASURE_WITH_UNIT (LENGTH_MEASURE( 1.000000000000000100E-005 ), #5265, 'distance_accuracy_value', 'NONE');
#3398 = EDGE_LOOP ( 'NONE', ( #5208, #861, #1939, #1834 ) ) ;
#3399 =( GEOMETRIC_REPRESENTATION_CONTEXT ( 3 ) GLOBAL_UNCERTAINTY_ASSIGNED_CONTEXT ( ( #4029 ) ) GLOBAL_UNIT_ASSIGNED_CONTEXT ( ( #1235, #4776, #1751 ) ) REPRESENTATION_CONTEXT ( 'NONE', 'WORKASPACE' ) );
#3400 = FILL_AREA_STYLE ('',( #3373 ) ) ;
#3401 = ORIENTED_EDGE ( 'NONE', *, *, #578, .F. ) ;
#3402 = ORIENTED_EDGE ( 'NONE', *, *, #958, .F. ) ;
#3403 = ORIENTED_EDGE ( 'NONE', *, *, #531, .F. ) ;
#3404 = VECTOR ( 'NONE', #4142, 1000.000000000000000 ) ;
#3405 = PRESENTATION_STYLE_ASSIGNMENT (( #4293 ) ) ;
#3406 = ORIENTED_EDGE ( 'NONE', *, *, #1680, .T. ) ;
#3407 =( LENGTH_UNIT ( ) NAMED_UNIT ( * ) SI_UNIT ( .MILLI., .METRE. ) );
#3408 = AXIS2_PLACEMENT_3D ( 'NONE', #1302, #4856, #1813 ) ;
#3409 = COLOUR_RGB ( '',0.0000000000000000000, 0.03529411764705882300, 0.05882352941176470500 ) ;
#3410 = LINE ( 'NONE', #5687, #2193 ) ;
#3411 = DIRECTION ( 'NONE',  ( -0.7071067811865474600, 0.0000000000000000000, 0.7071067811865474600 ) ) ;
#3412 = CARTESIAN_POINT ( 'NONE',  ( 0.3200000000000025600, -3.000000000000000000, 10.38000000000000100 ) ) ;
#3413 = DIRECTION ( 'NONE',  ( -0.7071067811865475700, 0.0000000000000000000, 0.7071067811865475700 ) ) ;
#3414 = ORIENTED_EDGE ( 'NONE', *, *, #3471, .F. ) ;
#3415 = VECTOR ( 'NONE', #448, 1000.000000000000000 ) ;
#3416 = COLOUR_RGB ( '',1.000000000000000000, 1.000000000000000000, 1.000000000000000000 ) ;
#3417 = VECTOR ( 'NONE', #1454, 1000.000000000000000 ) ;
#3418 = PRESENTATION_LAYER_ASSIGNMENT (  '', '', ( #2703 ) ) ;
#3419 = PRODUCT_DEFINITION ( 'UNKNOWN', '', #3732, #2253 ) ;
#3420 = ADVANCED_FACE ( 'NONE', ( #550 ), #2077, .T. ) ;
#3421 = LINE ( 'NONE', #768, #3886 ) ;
#3422 = VECTOR ( 'NONE', #3084, 1000.000000000000000 ) ;
#3423 =( GEOMETRIC_REPRESENTATION_CONTEXT ( 3 ) GLOBAL_UNCERTAINTY_ASSIGNED_CONTEXT ( ( #3096 ) ) GLOBAL_UNIT_ASSIGNED_CONTEXT ( ( #1198, #4747, #1707 ) ) REPRESENTATION_CONTEXT ( 'NONE', 'WORKASPACE' ) );
#3424 = DIRECTION ( 'NONE',  ( -1.000000000000000000, 0.0000000000000000000, -0.0000000000000000000 ) ) ;
#3425 =( LENGTH_UNIT ( ) NAMED_UNIT ( * ) SI_UNIT ( .MILLI., .METRE. ) );
#3426 = DIRECTION ( 'NONE',  ( -2.492418787322999200E-016, -0.0000000000000000000, -1.000000000000000000 ) ) ;
#3427 = UNCERTAINTY_MEASURE_WITH_UNIT (LENGTH_MEASURE( 1.000000000000000100E-005 ), #4920, 'distance_accuracy_value', 'NONE');
#3428 =( NAMED_UNIT ( * ) SI_UNIT ( $, .STERADIAN. ) SOLID_ANGLE_UNIT ( ) );
#3429 = MECHANICAL_DESIGN_GEOMETRIC_PRESENTATION_REPRESENTATION (  '', ( #2403 ), #3749 ) ;
#3430 = PRESENTATION_LAYER_ASSIGNMENT (  '', '', ( #2728 ) ) ;
#3431 = EDGE_CURVE ( 'NONE', #3872, #6253, #72, .T. ) ;
#3432 = EDGE_CURVE ( 'NONE', #2835, #1554, #4106, .T. ) ;
#3433 = EDGE_CURVE ( 'NONE', #4567, #3138, #5334, .T. ) ;
#3434 = CARTESIAN_POINT ( 'NONE',  ( 0.8700000000000012200, 1.700000000000000000, 8.889999999999998800 ) ) ;
#3435 = LINE ( 'NONE', #6042, #4777 ) ;
#3436 = MECHANICAL_DESIGN_GEOMETRIC_PRESENTATION_REPRESENTATION (  '', ( #2415 ), #3767 ) ;
#3437 = VECTOR ( 'NONE', #127, 1000.000000000000100 ) ;
#3438 = VECTOR ( 'NONE', #1681, 1000.000000000000000 ) ;
#3439 = ADVANCED_FACE ( 'NONE', ( #5158 ), #3628, .T. ) ;
#3440 = DIRECTION ( 'NONE',  ( -1.000000000000000000, 0.0000000000000000000, 2.492418787322999700E-016 ) ) ;
#3441 = PRESENTATION_STYLE_ASSIGNMENT (( #1089 ) ) ;
#3442 = DIRECTION ( 'NONE',  ( 0.0000000000000000000, 1.000000000000000000, 0.0000000000000000000 ) ) ;
#3443 =( GEOMETRIC_REPRESENTATION_CONTEXT ( 3 ) GLOBAL_UNCERTAINTY_ASSIGNED_CONTEXT ( ( #535 ) ) GLOBAL_UNIT_ASSIGNED_CONTEXT ( ( #3702, #674, #4207 ) ) REPRESENTATION_CONTEXT ( 'NONE', 'WORKASPACE' ) );
#3444 = CARTESIAN_POINT ( 'NONE',  ( -0.3200000000000000600, 8.339999999999999900, -0.2200000000000000800 ) ) ;
#3445 = COLOUR_RGB ( '',1.000000000000000000, 1.000000000000000000, 1.000000000000000000 ) ;
#3446 = CARTESIAN_POINT ( 'NONE',  ( 1.270000000000000000, 1.700000000000000000, 4.210000000000000000 ) ) ;
#3447 = ORIENTED_EDGE ( 'NONE', *, *, #2687, .F. ) ;
#3448 = SURFACE_STYLE_FILL_AREA ( #4787 ) ;
#3449 = MECHANICAL_DESIGN_GEOMETRIC_PRESENTATION_REPRESENTATION (  '', ( #2433 ), #3789 ) ;
#3450 = ORIENTED_EDGE ( 'NONE', *, *, #360, .T. ) ;
#3451 = ORIENTED_EDGE ( 'NONE', *, *, #4262, .F. ) ;
#3452 = SURFACE_STYLE_FILL_AREA ( #4678 ) ;
#3453 = FACE_OUTER_BOUND ( 'NONE', #4397, .T. ) ;
#3454 = CARTESIAN_POINT ( 'NONE',  ( -0.3199999999999988400, -3.000000000000000000, 4.860000000000000300 ) ) ;
#3455 = ORIENTED_EDGE ( 'NONE', *, *, #4568, .T. ) ;
#3456 = ORIENTED_EDGE ( 'NONE', *, *, #4697, .F. ) ;
#3457 = ORIENTED_EDGE ( 'NONE', *, *, #1354, .T. ) ;
#3458 = FACE_OUTER_BOUND ( 'NONE', #3593, .T. ) ;
#3459 =( LENGTH_UNIT ( ) NAMED_UNIT ( * ) SI_UNIT ( .MILLI., .METRE. ) );
#3460 = ORIENTED_EDGE ( 'NONE', *, *, #1430, .T. ) ;
#3461 = ORIENTED_EDGE ( 'NONE', *, *, #3758, .F. ) ;
#3462 = CARTESIAN_POINT ( 'NONE',  ( 0.3200000000000031200, -3.000000000000000000, 12.48000000000000200 ) ) ;
#3463 = VERTEX_POINT ( 'NONE', #4676 ) ;
#3464 = CARTESIAN_POINT ( 'NONE',  ( -0.2199999999999968100, 8.339999999999999900, 13.02000000000000000 ) ) ;
#3465 = CARTESIAN_POINT ( 'NONE',  ( -0.2199999999999969200, -3.000000000000000000, 12.38000000000000100 ) ) ;
#3466 = PRESENTATION_STYLE_ASSIGNMENT (( #5253 ) ) ;
#3467 = LINE ( 'NONE', #4368, #6019 ) ;
#3468 = EDGE_LOOP ( 'NONE', ( #1915, #1411, #3237, #132 ) ) ;
#3469 = EDGE_CURVE ( 'NONE', #5689, #268, #2130, .T. ) ;
#3470 = CARTESIAN_POINT ( 'NONE',  ( -0.2199999999999987000, 0.2999999999999999300, 5.400000000000000400 ) ) ;
#3471 = EDGE_CURVE ( 'NONE', #1338, #2359, #6035, .T. ) ;
#3472 = ORIENTED_EDGE ( 'NONE', *, *, #2917, .F. ) ;
#3473 = VERTEX_POINT ( 'NONE', #5718 ) ;
#3474 = ADVANCED_FACE ( 'NONE', ( #5901 ), #2477, .T. ) ;
#3475 = AXIS2_PLACEMENT_3D ( 'NONE', #600, #4134, #1117 ) ;
#3476 =( LENGTH_UNIT ( ) NAMED_UNIT ( * ) SI_UNIT ( .MILLI., .METRE. ) );
#3477 = FACE_OUTER_BOUND ( 'NONE', #3180, .T. ) ;
#3478 = PRESENTATION_STYLE_ASSIGNMENT (( #2555 ) ) ;
#3479 = APPLICATION_CONTEXT ( 'automotive_design' ) ;
#3480 = VECTOR ( 'NONE', #4296, 1000.000000000000000 ) ;
#3481 = FILL_AREA_STYLE ('',( #5421 ) ) ;
#3482 = VECTOR ( 'NONE', #4638, 1000.000000000000000 ) ;
#3483 = STYLED_ITEM ( 'NONE', ( #3501 ), #885 ) ;
#3484 = SURFACE_STYLE_FILL_AREA ( #6194 ) ;
#3485 = DIRECTION ( 'NONE',  ( 0.7071067811865474600, 0.0000000000000000000, -0.7071067811865474600 ) ) ;
#3486 = SURFACE_SIDE_STYLE ('',( #12 ) ) ;
#3487 = SURFACE_SIDE_STYLE ('',( #2940 ) ) ;
#3488 = DIRECTION ( 'NONE',  ( -0.7071067811865474600, 0.0000000000000000000, -0.7071067811865474600 ) ) ;
#3489 =( NAMED_UNIT ( * ) PLANE_ANGLE_UNIT ( ) SI_UNIT ( $, .RADIAN. ) );
#3490 = ORIENTED_EDGE ( 'NONE', *, *, #3757, .F. ) ;
#3491 = LINE ( 'NONE', #590, #2137 ) ;
#3492 = CARTESIAN_POINT ( 'NONE',  ( -0.2199999999999993600, -3.000000000000000000, 2.860000000000000300 ) ) ;
#3493 = VECTOR ( 'NONE', #2338, 1000.000000000000000 ) ;
#3494 = VERTEX_POINT ( 'NONE', #960 ) ;
#3495 = CARTESIAN_POINT ( 'NONE',  ( 1.270000000000000000, 1.700000000000000000, 4.210000000000000000 ) ) ;
#3496 = ORIENTED_EDGE ( 'NONE', *, *, #2455, .T. ) ;
#3497 = AXIS2_PLACEMENT_3D ( 'NONE', #1969, #5520, #2480 ) ;
#3498 = ADVANCED_FACE ( 'NONE', ( #148 ), #1490, .F. ) ;
#3499 = UNCERTAINTY_MEASURE_WITH_UNIT (LENGTH_MEASURE( 1.000000000000000100E-005 ), #187, 'distance_accuracy_value', 'NONE');
#3500 = CARTESIAN_POINT ( 'NONE',  ( -0.3199999999999988400, -3.000000000000000000, 4.860000000000000300 ) ) ;
#3501 = PRESENTATION_STYLE_ASSIGNMENT (( #1688 ) ) ;
#3502 = PLANE ( 'NONE',  #6044 ) ;
#3503 = EDGE_CURVE ( 'NONE', #2519, #6244, #4928, .T. ) ;
#3504 = CARTESIAN_POINT ( 'NONE',  ( -0.2199999999999969200, -3.000000000000000000, 12.38000000000000100 ) ) ;
#3505 = CARTESIAN_POINT ( 'NONE',  ( -0.8699999999999981100, 1.700000000000000000, 8.890000000000000600 ) ) ;
#3506 = MECHANICAL_DESIGN_GEOMETRIC_PRESENTATION_REPRESENTATION (  '', ( #2490 ), #3850 ) ;
#3507 = SURFACE_STYLE_FILL_AREA ( #5314 ) ;
#3508 = SURFACE_STYLE_USAGE ( .BOTH. , #6552 ) ;
#3509 = CARTESIAN_POINT ( 'NONE',  ( 0.3200000000000018900, 1.700000000000000000, 7.400000000000000400 ) ) ;
#3510 = STYLED_ITEM ( 'NONE', ( #1858 ), #4018 ) ;
#3511 = DIRECTION ( 'NONE',  ( -0.7071067811865474600, 0.0000000000000000000, 0.7071067811865474600 ) ) ;
#3512 = VECTOR ( 'NONE', #5343, 1000.000000000000000 ) ;
#3513 = SURFACE_STYLE_USAGE ( .BOTH. , #6563 ) ;
#3514 = DIRECTION ( 'NONE',  ( 2.492418787322999200E-016, 0.0000000000000000000, 1.000000000000000000 ) ) ;
#3515 = FILL_AREA_STYLE ('',( #992 ) ) ;
#3516 = ORIENTED_EDGE ( 'NONE', *, *, #13, .F. ) ;
#3517 = ORIENTED_EDGE ( 'NONE', *, *, #2781, .F. ) ;
#3518 = CARTESIAN_POINT ( 'NONE',  ( 0.3200000000000019500, 0.2999999999999999300, 7.839999999999999900 ) ) ;
#3519 = MECHANICAL_DESIGN_GEOMETRIC_PRESENTATION_REPRESENTATION (  '', ( #2508 ), #3876 ) ;
#3520 = FACE_OUTER_BOUND ( 'NONE', #2749, .T. ) ;
#3521 = VECTOR ( 'NONE', #5580, 1000.000000000000100 ) ;
#3522 = VERTEX_POINT ( 'NONE', #495 ) ;
#3523 = VERTEX_POINT ( 'NONE', #1983 ) ;
#3524 = LINE ( 'NONE', #388, #2170 ) ;
#3525 = ADVANCED_FACE ( 'NONE', ( #2378 ), #2516, .T. ) ;
#3526 = ORIENTED_EDGE ( 'NONE', *, *, #3705, .T. ) ;
#3527 = ORIENTED_EDGE ( 'NONE', *, *, #6025, .T. ) ;
#3528 = DIRECTION ( 'NONE',  ( 1.000000000000000000, 0.0000000000000000000, 0.0000000000000000000 ) ) ;
#3529 = ORIENTED_EDGE ( 'NONE', *, *, #4263, .F. ) ;
#3530 = ORIENTED_EDGE ( 'NONE', *, *, #3090, .F. ) ;
#3531 = DIRECTION ( 'NONE',  ( 0.0000000000000000000, 1.000000000000000000, 0.0000000000000000000 ) ) ;
#3532 = DIRECTION ( 'NONE',  ( 0.0000000000000000000, 1.000000000000000000, 0.0000000000000000000 ) ) ;
#3533 = ORIENTED_EDGE ( 'NONE', *, *, #5780, .T. ) ;
#3534 = VECTOR ( 'NONE', #4805, 1000.000000000000000 ) ;
#3535 = PRESENTATION_STYLE_ASSIGNMENT (( #5033 ) ) ;
#3536 =( LENGTH_UNIT ( ) NAMED_UNIT ( * ) SI_UNIT ( .MILLI., .METRE. ) );
#3537 = CARTESIAN_POINT ( 'NONE',  ( -3.279999999999998900, 0.2999999999999999900, 1.259999999999998700 ) ) ;
#3538 = ORIENTED_EDGE ( 'NONE', *, *, #2534, .T. ) ;
#3539 = ORIENTED_EDGE ( 'NONE', *, *, #5268, .T. ) ;
#3540 = DIRECTION ( 'NONE',  ( 1.000000000000000000, 0.0000000000000000000, -0.0000000000000000000 ) ) ;
#3541 = ORIENTED_EDGE ( 'NONE', *, *, #2221, .F. ) ;
#3542 = PLANE ( 'NONE',  #1221 ) ;
#3543 = PRESENTATION_LAYER_ASSIGNMENT (  '', '', ( #2867 ) ) ;
#3544 = EDGE_CURVE ( 'NONE', #913, #4973, #3561, .T. ) ;
#3545 = DIRECTION ( 'NONE',  ( -1.000000000000000000, 0.0000000000000000000, 2.464095846557964400E-016 ) ) ;
#3546 =( NAMED_UNIT ( * ) SI_UNIT ( $, .STERADIAN. ) SOLID_ANGLE_UNIT ( ) );
#3547 = ORIENTED_EDGE ( 'NONE', *, *, #2221, .T. ) ;
#3548 = EDGE_CURVE ( 'NONE', #1079, #5602, #1747, .T. ) ;
#3549 = EDGE_CURVE ( 'NONE', #3639, #6202, #390, .T. ) ;
#3550 = UNCERTAINTY_MEASURE_WITH_UNIT (LENGTH_MEASURE( 1.000000000000000100E-005 ), #6173, 'distance_accuracy_value', 'NONE');
#3551 = VECTOR ( 'NONE', #3955, 1000.000000000000000 ) ;
#3552 = LINE ( 'NONE', #1640, #1894 ) ;
#3553 = EDGE_CURVE ( 'NONE', #3463, #913, #4267, .T. ) ;
#3554 = VERTEX_POINT ( 'NONE', #6060 ) ;
#3555 = DIRECTION ( 'NONE',  ( 0.7071067811865474600, 0.0000000000000000000, -0.7071067811865474600 ) ) ;
#3556 = LINE ( 'NONE', #2470, #3415 ) ;
#3557 =( GEOMETRIC_REPRESENTATION_CONTEXT ( 3 ) GLOBAL_UNCERTAINTY_ASSIGNED_CONTEXT ( ( #6268 ) ) GLOBAL_UNIT_ASSIGNED_CONTEXT ( ( #5070, #2026, #5576 ) ) REPRESENTATION_CONTEXT ( 'NONE', 'WORKASPACE' ) );
#3558 = PRESENTATION_STYLE_ASSIGNMENT (( #4769 ) ) ;
#3559 = DIRECTION ( 'NONE',  ( 0.0000000000000000000, 1.000000000000000000, 0.0000000000000000000 ) ) ;
#3560 = FILL_AREA_STYLE_COLOUR ( '', #2284 ) ;
#3561 = LINE ( 'NONE', #6085, #3086 ) ;
#3562 = DIRECTION ( 'NONE',  ( 0.7071067811865474600, 0.0000000000000000000, -0.7071067811865474600 ) ) ;
#3563 =( NAMED_UNIT ( * ) SI_UNIT ( $, .STERADIAN. ) SOLID_ANGLE_UNIT ( ) );
#3564 = ADVANCED_FACE ( 'NONE', ( #6264 ), #20, .T. ) ;
#3566 = MECHANICAL_DESIGN_GEOMETRIC_PRESENTATION_REPRESENTATION (  '', ( #2551 ), #3911 ) ;
#3565 =( NAMED_UNIT ( * ) SI_UNIT ( $, .STERADIAN. ) SOLID_ANGLE_UNIT ( ) );
#3567 = VECTOR ( 'NONE', #894, 1000.000000000000000 ) ;
#3568 = PRESENTATION_LAYER_ASSIGNMENT (  '', '', ( #2893 ) ) ;
#3569 = ORIENTED_EDGE ( 'NONE', *, *, #2603, .T. ) ;
#3570 = DIRECTION ( 'NONE',  ( -0.7071067811865474600, -0.0000000000000000000, -0.7071067811865474600 ) ) ;
#3571 = UNCERTAINTY_MEASURE_WITH_UNIT (LENGTH_MEASURE( 1.000000000000000100E-005 ), #5402, 'distance_accuracy_value', 'NONE');
#3572 =( GEOMETRIC_REPRESENTATION_CONTEXT ( 3 ) GLOBAL_UNCERTAINTY_ASSIGNED_CONTEXT ( ( #1144 ) ) GLOBAL_UNIT_ASSIGNED_CONTEXT ( ( #4312, #1294, #4845 ) ) REPRESENTATION_CONTEXT ( 'NONE', 'WORKASPACE' ) );
#3573 = LINE ( 'NONE', #1091, #6291 ) ;
#3574 = SURFACE_STYLE_FILL_AREA ( #581 ) ;
#3575 = CARTESIAN_POINT ( 'NONE',  ( 6.620000000000001000, 1.700000000000000000, 6.620000000000001000 ) ) ;
#3576 =( GEOMETRIC_REPRESENTATION_CONTEXT ( 3 ) GLOBAL_UNCERTAINTY_ASSIGNED_CONTEXT ( ( #946 ) ) GLOBAL_UNIT_ASSIGNED_CONTEXT ( ( #729, #4265, #1242 ) ) REPRESENTATION_CONTEXT ( 'NONE', 'WORKASPACE' ) );
#3577 = SURFACE_SIDE_STYLE ('',( #5028 ) ) ;
#3578 = SURFACE_STYLE_USAGE ( .BOTH. , #35 ) ;
#3579 = EDGE_CURVE ( 'NONE', #5128, #4817, #4996, .T. ) ;
#3580 = FILL_AREA_STYLE_COLOUR ( '', #4179 ) ;
#3581 = EDGE_CURVE ( 'NONE', #1156, #1715, #3629, .T. ) ;
#3582 = EDGE_CURVE ( 'NONE', #4448, #4471, #2293, .T. ) ;
#3583 = LINE ( 'NONE', #97, #737 ) ;
#3584 = VECTOR ( 'NONE', #2151, 1000.000000000000000 ) ;
#3585 = CARTESIAN_POINT ( 'NONE',  ( -0.7500000000000000000, 0.2999999999999999900, -1.270000000000000500 ) ) ;
#3586 =( NAMED_UNIT ( * ) SI_UNIT ( $, .STERADIAN. ) SOLID_ANGLE_UNIT ( ) );
#3587 = PRESENTATION_LAYER_ASSIGNMENT (  '', '', ( #2920 ) ) ;
#3588 = VECTOR ( 'NONE', #5914, 1000.000000000000000 ) ;
#3589 = STYLED_ITEM ( 'NONE', ( #286 ), #6096 ) ;
#3590 = VECTOR ( 'NONE', #2819, 1000.000000000000000 ) ;
#3591 = SURFACE_STYLE_FILL_AREA ( #3400 ) ;
#3592 = DIRECTION ( 'NONE',  ( -0.7071067811865474600, 0.0000000000000000000, -0.7071067811865474600 ) ) ;
#3593 = EDGE_LOOP ( 'NONE', ( #5535, #5383, #920, #3107 ) ) ;
#3594 =( LENGTH_UNIT ( ) NAMED_UNIT ( * ) SI_UNIT ( .MILLI., .METRE. ) );
#3595 = PLANE ( 'NONE',  #2831 ) ;
#3596 = AXIS2_PLACEMENT_3D ( 'NONE', #5468, #6483, #3440 ) ;
#3597 = ORIENTED_EDGE ( 'NONE', *, *, #658, .T. ) ;
#3598 = ORIENTED_EDGE ( 'NONE', *, *, #6421, .F. ) ;
#3599 = PLANE ( 'NONE',  #2589 ) ;
#3600 = ORIENTED_EDGE ( 'NONE', *, *, #4965, .F. ) ;
#3601 = ORIENTED_EDGE ( 'NONE', *, *, #3667, .T. ) ;
#3602 = CARTESIAN_POINT ( 'NONE',  ( 0.3200000000000012300, 8.339999999999999900, 4.860000000000000300 ) ) ;
#3603 = CARTESIAN_POINT ( 'NONE',  ( 0.3199999999999999500, 8.339999999999999900, -0.2200000000000000800 ) ) ;
#3604 = FILL_AREA_STYLE_COLOUR ( '', #2229 ) ;
#3605 =( GEOMETRIC_REPRESENTATION_CONTEXT ( 3 ) GLOBAL_UNCERTAINTY_ASSIGNED_CONTEXT ( ( #80 ) ) GLOBAL_UNIT_ASSIGNED_CONTEXT ( ( #5239, #2177, #5760 ) ) REPRESENTATION_CONTEXT ( 'NONE', 'WORKASPACE' ) );
#3606 =( NAMED_UNIT ( * ) SI_UNIT ( $, .STERADIAN. ) SOLID_ANGLE_UNIT ( ) );
#3607 = CARTESIAN_POINT ( 'NONE',  ( 0.3200000000000019500, -3.000000000000000000, 7.839999999999999900 ) ) ;
#3608 = ORIENTED_EDGE ( 'NONE', *, *, #2685, .T. ) ;
#3609 = LINE ( 'NONE', #6416, #6159 ) ;
#3610 = ORIENTED_EDGE ( 'NONE', *, *, #5210, .F. ) ;
#3611 = ORIENTED_EDGE ( 'NONE', *, *, #3667, .F. ) ;
#3612 = ORIENTED_EDGE ( 'NONE', *, *, #4877, .F. ) ;
#3613 = UNCERTAINTY_MEASURE_WITH_UNIT (LENGTH_MEASURE( 1.000000000000000100E-005 ), #3050, 'distance_accuracy_value', 'NONE');
#3614 = ORIENTED_EDGE ( 'NONE', *, *, #2615, .T. ) ;
#3615 = CARTESIAN_POINT ( 'NONE',  ( -5.819999999999998500, 0.2999999999999999900, 3.799999999999998500 ) ) ;
#3616 = FILL_AREA_STYLE_COLOUR ( '', #4951 ) ;
#3617 = STYLED_ITEM ( 'NONE', ( #5310 ), #1883 ) ;
#3618 =( NAMED_UNIT ( * ) PLANE_ANGLE_UNIT ( ) SI_UNIT ( $, .RADIAN. ) );
#3619 = VERTEX_POINT ( 'NONE', #4098 ) ;
#3620 = ORIENTED_EDGE ( 'NONE', *, *, #1642, .T. ) ;
#3621 = PRESENTATION_STYLE_ASSIGNMENT (( #4579 ) ) ;
#3622 = EDGE_CURVE ( 'NONE', #6158, #1873, #2127, .T. ) ;
#3623 = SURFACE_STYLE_FILL_AREA ( #5620 ) ;
#3624 = COLOUR_RGB ( '',1.000000000000000000, 1.000000000000000000, 1.000000000000000000 ) ;
#3625 = PRESENTATION_LAYER_ASSIGNMENT (  '', '', ( #2952 ) ) ;
#3626 = CARTESIAN_POINT ( 'NONE',  ( 1.269999999999999800, 1.700000000000000000, 3.409999999999999700 ) ) ;
#3627 = LINE ( 'NONE', #5326, #6358 ) ;
#3628 = PLANE ( 'NONE',  #2273 ) ;
#3629 = LINE ( 'NONE', #1582, #944 ) ;
#3630 = EDGE_CURVE ( 'NONE', #2295, #5621, #4102, .T. ) ;
#3631 = FACE_OUTER_BOUND ( 'NONE', #4081, .T. ) ;
#3632 = CARTESIAN_POINT ( 'NONE',  ( 0.8699999999999987700, 1.700000000000000000, -1.270000000000000200 ) ) ;
#3633 = UNCERTAINTY_MEASURE_WITH_UNIT (LENGTH_MEASURE( 1.000000000000000100E-005 ), #4830, 'distance_accuracy_value', 'NONE');
#3634 = VECTOR ( 'NONE', #3313, 1000.000000000000100 ) ;
#3635 = DIRECTION ( 'NONE',  ( -0.7071067811865474600, 0.0000000000000000000, -0.7071067811865474600 ) ) ;
#3636 = COLOUR_RGB ( '',1.000000000000000000, 1.000000000000000000, 1.000000000000000000 ) ;
#3637 = FILL_AREA_STYLE_COLOUR ( '', #3238 ) ;
#3638 = SURFACE_STYLE_FILL_AREA ( #4005 ) ;
#3639 = VERTEX_POINT ( 'NONE', #6124 ) ;
#3640 = CARTESIAN_POINT ( 'NONE',  ( -0.8699999999999992200, 0.0000000000000000000, 3.810000000000000100 ) ) ;
#3641 = LINE ( 'NONE', #2116, #4863 ) ;
#3642 = DIRECTION ( 'NONE',  ( -1.232047923278982200E-016, -0.0000000000000000000, -1.000000000000000000 ) ) ;
#3644 = STYLED_ITEM ( 'NONE', ( #4433 ), #1441 ) ;
#3643 = CARTESIAN_POINT ( 'NONE',  ( -7.629999999999999000, 0.2999999999999999900, 5.609999999999998500 ) ) ;
#3645 = CARTESIAN_POINT ( 'NONE',  ( 5.070000000000001200, 0.2999999999999999900, 4.550000000000000700 ) ) ;
#3646 = CARTESIAN_POINT ( 'NONE',  ( -0.2199999999999992800, 1.700000000000000000, 2.860000000000000300 ) ) ;
#3647 = CARTESIAN_POINT ( 'NONE',  ( 0.2200000000000025500, 8.339999999999999900, 10.48000000000000000 ) ) ;
#3648 = DIRECTION ( 'NONE',  ( 1.000000000000000000, 0.0000000000000000000, -0.0000000000000000000 ) ) ;
#3649 =( LENGTH_UNIT ( ) NAMED_UNIT ( * ) SI_UNIT ( .MILLI., .METRE. ) );
#3650 = DIRECTION ( 'NONE',  ( 1.000000000000000000, 0.0000000000000000000, -0.0000000000000000000 ) ) ;
#3651 = FACE_OUTER_BOUND ( 'NONE', #603, .T. ) ;
#3652 = AXIS2_PLACEMENT_3D ( 'NONE', #3691, #667, #4200 ) ;
#3653 = SURFACE_STYLE_FILL_AREA ( #5753 ) ;
#3654 = VECTOR ( 'NONE', #3865, 1000.000000000000100 ) ;
#3655 = DIRECTION ( 'NONE',  ( -1.000000000000000000, -0.0000000000000000000, -0.0000000000000000000 ) ) ;
#3656 = FACE_OUTER_BOUND ( 'NONE', #3773, .T. ) ;
#3657 = LINE ( 'NONE', #5279, #6215 ) ;
#3658 = PLANE ( 'NONE',  #2423 ) ;
#3659 =( NAMED_UNIT ( * ) SI_UNIT ( $, .STERADIAN. ) SOLID_ANGLE_UNIT ( ) );
#3660 = AXIS2_PLACEMENT_3D ( 'NONE', #271, #3819, #794 ) ;
#3661 = SURFACE_STYLE_FILL_AREA ( #6586 ) ;
#3662 = DIRECTION ( 'NONE',  ( -0.0000000000000000000, -1.000000000000000000, -0.0000000000000000000 ) ) ;
#3663 = DIRECTION ( 'NONE',  ( 1.000000000000000000, 0.0000000000000000000, -2.492418787322998300E-016 ) ) ;
#3664 = EDGE_CURVE ( 'NONE', #2655, #6311, #6030, .T. ) ;
#3665 = FACE_OUTER_BOUND ( 'NONE', #2365, .T. ) ;
#3666 = FILL_AREA_STYLE_COLOUR ( '', #4429 ) ;
#3667 = EDGE_CURVE ( 'NONE', #364, #1637, #4666, .T. ) ;
#3668 = CARTESIAN_POINT ( 'NONE',  ( 1.269999999999999100, 1.700000000000000000, 0.8699999999999994400 ) ) ;
#3669 = DIRECTION ( 'NONE',  ( 0.7071067811865474600, 0.0000000000000000000, 0.7071067811865474600 ) ) ;
#3670 = LINE ( 'NONE', #1247, #3512 ) ;
#3671 = DIRECTION ( 'NONE',  ( -0.7071067811865474600, 0.0000000000000000000, 0.7071067811865474600 ) ) ;
#3672 = MECHANICAL_DESIGN_GEOMETRIC_PRESENTATION_REPRESENTATION (  '', ( #2658 ), #4014 ) ;
#3673 = VERTEX_POINT ( 'NONE', #5159 ) ;
#3674 = VECTOR ( 'NONE', #2299, 1000.000000000000000 ) ;
#3675 = VECTOR ( 'NONE', #312, 1000.000000000000100 ) ;
#3676 = SURFACE_STYLE_USAGE ( .BOTH. , #135 ) ;
#3677 = ORIENTED_EDGE ( 'NONE', *, *, #6147, .T. ) ;
#3678 = SURFACE_STYLE_USAGE ( .BOTH. , #140 ) ;
#3679 = VERTEX_POINT ( 'NONE', #6177 ) ;
#3680 = VECTOR ( 'NONE', #6471, 1000.000000000000000 ) ;
#3681 = PRESENTATION_LAYER_ASSIGNMENT (  '', '', ( #3008 ) ) ;
#3682 = ORIENTED_EDGE ( 'NONE', *, *, #2536, .T. ) ;
#3683 = CARTESIAN_POINT ( 'NONE',  ( 0.3200000000000012300, 8.339999999999999900, 4.860000000000000300 ) ) ;
#3684 = ORIENTED_EDGE ( 'NONE', *, *, #4697, .T. ) ;
#3685 = PLANE ( 'NONE',  #523 ) ;
#3686 = ORIENTED_EDGE ( 'NONE', *, *, #2914, .F. ) ;
#3687 = DIRECTION ( 'NONE',  ( -2.492418787322999200E-016, -0.0000000000000000000, -1.000000000000000000 ) ) ;
#3688 = SURFACE_STYLE_FILL_AREA ( #4517 ) ;
#3689 = CARTESIAN_POINT ( 'NONE',  ( 0.3200000000000009500, 1.700000000000000000, -3.942553354492755000E-017 ) ) ;
#3690 = AXIS2_PLACEMENT_3D ( 'NONE', #5898, #2821, #6395 ) ;
#3691 = CARTESIAN_POINT ( 'NONE',  ( 0.3199999999999999500, -3.000000000000000000, -0.2200000000000000800 ) ) ;
#3692 =( LENGTH_UNIT ( ) NAMED_UNIT ( * ) SI_UNIT ( .MILLI., .METRE. ) );
#3693 = ORIENTED_EDGE ( 'NONE', *, *, #1433, .F. ) ;
#3694 = ORIENTED_EDGE ( 'NONE', *, *, #1733, .F. ) ;
#3695 = UNCERTAINTY_MEASURE_WITH_UNIT (LENGTH_MEASURE( 1.000000000000000100E-005 ), #4982, 'distance_accuracy_value', 'NONE');
#3696 = ORIENTED_EDGE ( 'NONE', *, *, #18, .F. ) ;
#3697 = PLANE ( 'NONE',  #4794 ) ;
#3698 =( NAMED_UNIT ( * ) SI_UNIT ( $, .STERADIAN. ) SOLID_ANGLE_UNIT ( ) );
#3699 = FACE_OUTER_BOUND ( 'NONE', #2014, .T. ) ;
#3700 = MECHANICAL_DESIGN_GEOMETRIC_PRESENTATION_REPRESENTATION (  '', ( #2681 ), #4035 ) ;
#3701 = LINE ( 'NONE', #3603, #2375 ) ;
#3702 =( LENGTH_UNIT ( ) NAMED_UNIT ( * ) SI_UNIT ( .MILLI., .METRE. ) );
#3703 = MECHANICAL_DESIGN_GEOMETRIC_PRESENTATION_REPRESENTATION (  '', ( #2682 ), #4038 ) ;
#3704 = DIRECTION ( 'NONE',  ( 2.464095846557964400E-016, 0.0000000000000000000, 1.000000000000000000 ) ) ;
#3705 = EDGE_CURVE ( 'NONE', #4567, #6149, #5894, .T. ) ;
#3706 = EDGE_CURVE ( 'NONE', #2657, #4686, #4511, .T. ) ;
#3707 =( NAMED_UNIT ( * ) SI_UNIT ( $, .STERADIAN. ) SOLID_ANGLE_UNIT ( ) );
#3708 = CARTESIAN_POINT ( 'NONE',  ( 0.8699999999999992200, 0.0000000000000000000, 1.269999999999999400 ) ) ;
#3709 = FILL_AREA_STYLE_COLOUR ( '', #6273 ) ;
#3710 = DIRECTION ( 'NONE',  ( -0.7071067811865474600, 0.0000000000000000000, 0.7071067811865474600 ) ) ;
#3711 = AXIS2_PLACEMENT_3D ( 'NONE', #3298, #2792, #2769 ) ;
#3712 = FILL_AREA_STYLE ('',( #4710 ) ) ;
#3713 = DIRECTION ( 'NONE',  ( 0.0000000000000000000, 1.000000000000000000, 0.0000000000000000000 ) ) ;
#3714 = FACE_OUTER_BOUND ( 'NONE', #2093, .T. ) ;
#3715 = SURFACE_SIDE_STYLE ('',( #6101 ) ) ;
#3716 = SURFACE_STYLE_USAGE ( .BOTH. , #175 ) ;
#3717 = LINE ( 'NONE', #1195, #6443 ) ;
#3718 = PRESENTATION_LAYER_ASSIGNMENT (  '', '', ( #3044 ) ) ;
#3719 = FILL_AREA_STYLE_COLOUR ( '', #4384 ) ;
#3720 = VECTOR ( 'NONE', #4440, 1000.000000000000000 ) ;
#3721 = ORIENTED_EDGE ( 'NONE', *, *, #4842, .T. ) ;
#3722 = DIRECTION ( 'NONE',  ( 0.0000000000000000000, 1.000000000000000000, 0.0000000000000000000 ) ) ;
#3723 = ORIENTED_EDGE ( 'NONE', *, *, #492, .F. ) ;
#3724 = DIRECTION ( 'NONE',  ( -0.7071067811865474600, 0.0000000000000000000, 0.7071067811865474600 ) ) ;
#3725 = ADVANCED_FACE ( 'NONE', ( #463, #3167, #6182, #5720, #4355, #2998 ), #609, .F. ) ;
#3726 = LINE ( 'NONE', #2736, #2392 ) ;
#3727 = VECTOR ( 'NONE', #2238, 1000.000000000000000 ) ;
#3728 = MECHANICAL_DESIGN_GEOMETRIC_PRESENTATION_REPRESENTATION (  '', ( #2703 ), #4062 ) ;
#3729 =( NAMED_UNIT ( * ) PLANE_ANGLE_UNIT ( ) SI_UNIT ( $, .RADIAN. ) );
#3730 = ORIENTED_EDGE ( 'NONE', *, *, #4446, .T. ) ;
#3731 = CARTESIAN_POINT ( 'NONE',  ( 6.330743719800416100E-016, 8.339999999999999900, 2.540000000000000000 ) ) ;
#3732 = PRODUCT_DEFINITION_FORMATION_WITH_SPECIFIED_SOURCE ( 'ANY', '', #497, .NOT_KNOWN. ) ;
#3733 =( NAMED_UNIT ( * ) PLANE_ANGLE_UNIT ( ) SI_UNIT ( $, .RADIAN. ) );
#3734 = SURFACE_SIDE_STYLE ('',( #4130 ) ) ;
#3735 = FACE_OUTER_BOUND ( 'NONE', #5864, .T. ) ;
#3736 = CARTESIAN_POINT ( 'NONE',  ( 1.270000000000001800, 1.700000000000000000, 11.02999999999999900 ) ) ;
#3737 = CARTESIAN_POINT ( 'NONE',  ( 0.2200000000000013100, -3.000000000000000000, 5.400000000000000400 ) ) ;
#3738 = VECTOR ( 'NONE', #2597, 1000.000000000000100 ) ;
#3739 = FILL_AREA_STYLE ('',( #731 ) ) ;
#3740 = LINE ( 'NONE', #621, #2236 ) ;
#3741 = VECTOR ( 'NONE', #4145, 1000.000000000000000 ) ;
#3742 = DIRECTION ( 'NONE',  ( -1.000000000000000000, 0.0000000000000000000, -0.0000000000000000000 ) ) ;
#3743 = ADVANCED_BREP_SHAPE_REPRESENTATION ( '1x6', ( #6501, #5335, #3057 ), #6589 ) ;
#3744 = LINE ( 'NONE', #1323, #6300 ) ;
#3745 = CARTESIAN_POINT ( 'NONE',  ( 0.2200000000000025500, -3.000000000000000000, 10.48000000000000000 ) ) ;
#3746 = CARTESIAN_POINT ( 'NONE',  ( -1.269999999999999800, 0.0000000000000000000, 1.669999999999999900 ) ) ;
#3747 = LINE ( 'NONE', #1228, #5109 ) ;
#3748 = FACE_OUTER_BOUND ( 'NONE', #2255, .T. ) ;
#3749 =( GEOMETRIC_REPRESENTATION_CONTEXT ( 3 ) GLOBAL_UNCERTAINTY_ASSIGNED_CONTEXT ( ( #5575 ) ) GLOBAL_UNIT_ASSIGNED_CONTEXT ( ( #4592, #1552, #5106 ) ) REPRESENTATION_CONTEXT ( 'NONE', 'WORKASPACE' ) );
#3750 = MECHANICAL_DESIGN_GEOMETRIC_PRESENTATION_REPRESENTATION (  '', ( #2728 ), #4087 ) ;
#3751 = DIRECTION ( 'NONE',  ( -1.000000000000000000, 0.0000000000000000000, 0.0000000000000000000 ) ) ;
#3752 = VERTEX_POINT ( 'NONE', #5701 ) ;
#3753 = SURFACE_STYLE_USAGE ( .BOTH. , #216 ) ;
#3754 = CARTESIAN_POINT ( 'NONE',  ( 0.2200000000000025000, -3.000000000000000000, 9.839999999999999900 ) ) ;
#3755 = ORIENTED_EDGE ( 'NONE', *, *, #883, .F. ) ;
#3756 = SURFACE_SIDE_STYLE ('',( #965 ) ) ;
#3757 = EDGE_CURVE ( 'NONE', #4493, #1079, #1530, .T. ) ;
#3758 = EDGE_CURVE ( 'NONE', #3494, #3781, #183, .T. ) ;
#3759 = FILL_AREA_STYLE ('',( #3272 ) ) ;
#3760 = CARTESIAN_POINT ( 'NONE',  ( -1.269999999999999100, 1.700000000000000000, 4.210000000000000000 ) ) ;
#3761 = ORIENTED_EDGE ( 'NONE', *, *, #4094, .F. ) ;
#3762 = FILL_AREA_STYLE_COLOUR ( '', #3624 ) ;
#3763 =( NAMED_UNIT ( * ) PLANE_ANGLE_UNIT ( ) SI_UNIT ( $, .RADIAN. ) );
#3764 = ORIENTED_EDGE ( 'NONE', *, *, #1357, .F. ) ;
#3765 = EDGE_CURVE ( 'NONE', #5858, #399, #5438, .T. ) ;
#3766 = ORIENTED_EDGE ( 'NONE', *, *, #1734, .F. ) ;
#3767 =( GEOMETRIC_REPRESENTATION_CONTEXT ( 3 ) GLOBAL_UNCERTAINTY_ASSIGNED_CONTEXT ( ( #2711 ) ) GLOBAL_UNIT_ASSIGNED_CONTEXT ( ( #4725, #1694, #5248 ) ) REPRESENTATION_CONTEXT ( 'NONE', 'WORKASPACE' ) );
#3768 = ADVANCED_FACE ( 'NONE', ( #1388 ), #6216, .T. ) ;
#3769 = VERTEX_POINT ( 'NONE', #2147 ) ;
#3770 = ORIENTED_EDGE ( 'NONE', *, *, #6421, .T. ) ;
#3771 =( LENGTH_UNIT ( ) NAMED_UNIT ( * ) SI_UNIT ( .MILLI., .METRE. ) );
#3772 = SURFACE_STYLE_FILL_AREA ( #1033 ) ;
#3773 = EDGE_LOOP ( 'NONE', ( #1949, #5697, #4230, #525, #1647, #5942, #2834, #5203 ) ) ;
#3774 = CARTESIAN_POINT ( 'NONE',  ( 0.3200000000000025000, -3.000000000000000000, 9.940000000000001300 ) ) ;
#3775 = ORIENTED_EDGE ( 'NONE', *, *, #1086, .T. ) ;
#3776 = VERTEX_POINT ( 'NONE', #3203 ) ;
#3777 = ORIENTED_EDGE ( 'NONE', *, *, #1901, .F. ) ;
#3778 = CARTESIAN_POINT ( 'NONE',  ( -1.269999999999997400, 1.700000000000000000, 11.83000000000000000 ) ) ;
#3779 = CARTESIAN_POINT ( 'NONE',  ( -0.3199999999999993400, 0.2999999999999999900, 2.319999999999999800 ) ) ;
#3780 = CARTESIAN_POINT ( 'NONE',  ( -0.2199999999999968100, -3.000000000000000000, 13.02000000000000000 ) ) ;
#3781 = VERTEX_POINT ( 'NONE', #5752 ) ;
#3782 = DIRECTION ( 'NONE',  ( -0.0000000000000000000, -1.000000000000000000, -0.0000000000000000000 ) ) ;
#3783 = ORIENTED_EDGE ( 'NONE', *, *, #4361, .F. ) ;
#3784 = UNCERTAINTY_MEASURE_WITH_UNIT (LENGTH_MEASURE( 1.000000000000000100E-005 ), #6428, 'distance_accuracy_value', 'NONE');
#3785 = LINE ( 'NONE', #4032, #1095 ) ;
#3786 = CARTESIAN_POINT ( 'NONE',  ( -0.3199999999999994500, -3.000000000000000000, 2.319999999999999800 ) ) ;
#3787 = SURFACE_STYLE_FILL_AREA ( #3712 ) ;
#3788 = CARTESIAN_POINT ( 'NONE',  ( -0.2199999999999982000, -3.000000000000000000, 7.299999999999999800 ) ) ;
#3789 =( GEOMETRIC_REPRESENTATION_CONTEXT ( 3 ) GLOBAL_UNCERTAINTY_ASSIGNED_CONTEXT ( ( #1968 ) ) GLOBAL_UNIT_ASSIGNED_CONTEXT ( ( #2591, #6142, #3109 ) ) REPRESENTATION_CONTEXT ( 'NONE', 'WORKASPACE' ) );
#3790 = VECTOR ( 'NONE', #905, 1000.000000000000000 ) ;
#3791 =( NAMED_UNIT ( * ) SI_UNIT ( $, .STERADIAN. ) SOLID_ANGLE_UNIT ( ) );
#3792 = CARTESIAN_POINT ( 'NONE',  ( -0.3199999999999975100, -3.000000000000000000, 9.940000000000001300 ) ) ;
#3793 = ORIENTED_EDGE ( 'NONE', *, *, #406, .F. ) ;
#3794 = VECTOR ( 'NONE', #1252, 1000.000000000000000 ) ;
#3795 = DIRECTION ( 'NONE',  ( 0.7071067811865474600, -0.0000000000000000000, 0.7071067811865474600 ) ) ;
#3796 = STYLED_ITEM ( 'NONE', ( #331 ), #2939 ) ;
#3797 = VECTOR ( 'NONE', #3890, 1000.000000000000000 ) ;
#3798 = DIRECTION ( 'NONE',  ( 2.492418787322998300E-016, 0.0000000000000000000, 1.000000000000000000 ) ) ;
#3799 = STYLED_ITEM ( 'NONE', ( #2242 ), #2440 ) ;
#3800 = LINE ( 'NONE', #699, #2458 ) ;
#3801 = SURFACE_SIDE_STYLE ('',( #2180 ) ) ;
#3802 = ADVANCED_FACE ( 'NONE', ( #904 ), #3697, .T. ) ;
#3803 = EDGE_CURVE ( 'NONE', #1557, #3011, #2960, .T. ) ;
#3804 = EDGE_CURVE ( 'NONE', #3037, #6539, #4310, .T. ) ;
#3805 = SURFACE_SIDE_STYLE ('',( #4206 ) ) ;
#3806 = LINE ( 'NONE', #1273, #5161 ) ;
#3807 = DIRECTION ( 'NONE',  ( 0.7071067811865474600, 0.0000000000000000000, -0.7071067811865474600 ) ) ;
#3808 = VECTOR ( 'NONE', #5094, 1000.000000000000000 ) ;
#3809 = PLANE ( 'NONE',  #4153 ) ;
#3810 = PLANE ( 'NONE',  #4177 ) ;
#3811 = PRESENTATION_LAYER_ASSIGNMENT (  '', '', ( #3135 ) ) ;
#3812 = CARTESIAN_POINT ( 'NONE',  ( -0.8699999999999976600, 0.0000000000000000000, 11.43000000000000100 ) ) ;
#3813 = SURFACE_SIDE_STYLE ('',( #3103 ) ) ;
#3814 = DIRECTION ( 'NONE',  ( 1.000000000000000000, 0.0000000000000000000, -2.492418787322998300E-016 ) ) ;
#3815 =( NAMED_UNIT ( * ) PLANE_ANGLE_UNIT ( ) SI_UNIT ( $, .RADIAN. ) );
#3816 = COLOUR_RGB ( '',1.000000000000000000, 1.000000000000000000, 1.000000000000000000 ) ;
#3817 = COLOUR_RGB ( '',1.000000000000000000, 1.000000000000000000, 1.000000000000000000 ) ;
#3818 = FILL_AREA_STYLE_COLOUR ( '', #2883 ) ;
#3819 = DIRECTION ( 'NONE',  ( 1.000000000000000000, 0.0000000000000000000, -1.232047923278982200E-016 ) ) ;
#3820 = AXIS2_PLACEMENT_3D ( 'NONE', #3668, #644, #4180 ) ;
#3821 = CARTESIAN_POINT ( 'NONE',  ( -0.3199999999999980600, -3.000000000000000000, 7.839999999999999900 ) ) ;
#3822 = VECTOR ( 'NONE', #6217, 1000.000000000000000 ) ;
#3823 = DIRECTION ( 'NONE',  ( -0.0000000000000000000, -1.000000000000000000, -0.0000000000000000000 ) ) ;
#3824 = UNCERTAINTY_MEASURE_WITH_UNIT (LENGTH_MEASURE( 1.000000000000000100E-005 ), #5428, 'distance_accuracy_value', 'NONE');
#3825 = STYLED_ITEM ( 'NONE', ( #471 ), #4879 ) ;
#3826 = SURFACE_SIDE_STYLE ('',( #6228 ) ) ;
#3827 = DIRECTION ( 'NONE',  ( 0.0000000000000000000, 1.000000000000000000, 0.0000000000000000000 ) ) ;
#3828 = FILL_AREA_STYLE_COLOUR ( '', #4633 ) ;
#3829 = PRESENTATION_STYLE_ASSIGNMENT (( #6469 ) ) ;
#3830 =( LENGTH_UNIT ( ) NAMED_UNIT ( * ) SI_UNIT ( .MILLI., .METRE. ) );
#3831 = CARTESIAN_POINT ( 'NONE',  ( -0.2199999999999969200, -3.000000000000000000, 12.38000000000000100 ) ) ;
#3832 = DIRECTION ( 'NONE',  ( 0.7071067811865474600, 0.0000000000000000000, -0.7071067811865474600 ) ) ;
#3833 = CARTESIAN_POINT ( 'NONE',  ( -0.2199999999999994700, -3.000000000000000000, 2.220000000000000200 ) ) ;
#3834 = DIRECTION ( 'NONE',  ( 0.7071067811865474600, 0.0000000000000000000, 0.7071067811865474600 ) ) ;
#3835 = VECTOR ( 'NONE', #5612, 1000.000000000000000 ) ;
#3836 = ADVANCED_FACE ( 'NONE', ( #424 ), #5273, .T. ) ;
#3837 = SURFACE_STYLE_USAGE ( .BOTH. , #296 ) ;
#3838 = UNCERTAINTY_MEASURE_WITH_UNIT (LENGTH_MEASURE( 1.000000000000000100E-005 ), #4218, 'distance_accuracy_value', 'NONE');
#3839 = VERTEX_POINT ( 'NONE', #177 ) ;
#3840 = PRESENTATION_LAYER_ASSIGNMENT (  '', '', ( #3165 ) ) ;
#3841 = CARTESIAN_POINT ( 'NONE',  ( -0.8700000000000005500, 1.700000000000000000, -1.270000000000000200 ) ) ;
#3842 = CARTESIAN_POINT ( 'NONE',  ( 1.270000000000000700, 1.700000000000000000, 6.750000000000000000 ) ) ;
#3843 = ORIENTED_EDGE ( 'NONE', *, *, #5740, .T. ) ;
#3844 = CARTESIAN_POINT ( 'NONE',  ( -0.3199999999999974000, -3.000000000000000000, 10.38000000000000100 ) ) ;
#3845 = EDGE_CURVE ( 'NONE', #3136, #5529, #6400, .T. ) ;
#3846 = ORIENTED_EDGE ( 'NONE', *, *, #1901, .T. ) ;
#3847 = ORIENTED_EDGE ( 'NONE', *, *, #407, .F. ) ;
#3848 = LINE ( 'NONE', #889, #3675 ) ;
#3849 = STYLED_ITEM ( 'NONE', ( #4143 ), #279 ) ;
#3850 =( GEOMETRIC_REPRESENTATION_CONTEXT ( 3 ) GLOBAL_UNCERTAINTY_ASSIGNED_CONTEXT ( ( #981 ) ) GLOBAL_UNIT_ASSIGNED_CONTEXT ( ( #3166, #115, #3659 ) ) REPRESENTATION_CONTEXT ( 'NONE', 'WORKASPACE' ) );
#3851 = FILL_AREA_STYLE ('',( #2832 ) ) ;
#3852 = CARTESIAN_POINT ( 'NONE',  ( 0.2200000000000019400, -3.000000000000000000, 7.939999999999999500 ) ) ;
#3853 = VERTEX_POINT ( 'NONE', #6312 ) ;
#3854 = VECTOR ( 'NONE', #4402, 1000.000000000000000 ) ;
#3855 = PRESENTATION_STYLE_ASSIGNMENT (( #2138 ) ) ;
#3856 = ORIENTED_EDGE ( 'NONE', *, *, #3432, .F. ) ;
#3857 = ORIENTED_EDGE ( 'NONE', *, *, #2094, .T. ) ;
#3858 =( NAMED_UNIT ( * ) SI_UNIT ( $, .STERADIAN. ) SOLID_ANGLE_UNIT ( ) );
#3859 = SURFACE_STYLE_USAGE ( .BOTH. , #3376 ) ;
#3860 = SURFACE_STYLE_USAGE ( .BOTH. , #314 ) ;
#3861 = STYLED_ITEM ( 'NONE', ( #4048 ), #789 ) ;
#3862 = VERTEX_POINT ( 'NONE', #5301 ) ;
#3863 = ORIENTED_EDGE ( 'NONE', *, *, #1396, .T. ) ;
#3864 = AXIS2_PLACEMENT_3D ( 'NONE', #4439, #1407, #4962 ) ;
#3865 = DIRECTION ( 'NONE',  ( 0.7071067811865474600, 0.0000000000000000000, -0.7071067811865474600 ) ) ;
#3866 = ORIENTED_EDGE ( 'NONE', *, *, #5878, .F. ) ;
#3867 = ORIENTED_EDGE ( 'NONE', *, *, #622, .T. ) ;
#3868 = SURFACE_SIDE_STYLE ('',( #6130 ) ) ;
#3869 = ORIENTED_EDGE ( 'NONE', *, *, #1742, .F. ) ;
#3870 = FILL_AREA_STYLE_COLOUR ( '', #3358 ) ;
#3871 = SURFACE_STYLE_USAGE ( .BOTH. , #320 ) ;
#3872 = VERTEX_POINT ( 'NONE', #2748 ) ;
#3873 = SURFACE_STYLE_FILL_AREA ( #1587 ) ;
#3874 = FACE_OUTER_BOUND ( 'NONE', #4069, .T. ) ;
#3875 = FILL_AREA_STYLE_COLOUR ( '', #4818 ) ;
#3876 =( GEOMETRIC_REPRESENTATION_CONTEXT ( 3 ) GLOBAL_UNCERTAINTY_ASSIGNED_CONTEXT ( ( #712 ) ) GLOBAL_UNIT_ASSIGNED_CONTEXT ( ( #3407, #350, #3906 ) ) REPRESENTATION_CONTEXT ( 'NONE', 'WORKASPACE' ) );
#3877 = EDGE_LOOP ( 'NONE', ( #3530, #4649, #6409, #3597 ) ) ;
#3878 = ADVANCED_FACE ( 'NONE', ( #974 ), #1748, .F. ) ;
#3879 = LINE ( 'NONE', #1923, #5068 ) ;
#3880 = CARTESIAN_POINT ( 'NONE',  ( -0.3199999999999999500, 8.339999999999999900, 0.2199999999999999700 ) ) ;
#3881 = VERTEX_POINT ( 'NONE', #2263 ) ;
#3882 =( NAMED_UNIT ( * ) SI_UNIT ( $, .STERADIAN. ) SOLID_ANGLE_UNIT ( ) );
#3883 = LINE ( 'NONE', #4804, #2529 ) ;
#3884 = CARTESIAN_POINT ( 'NONE',  ( 0.2200000000000025500, 1.700000000000000000, 10.48000000000000000 ) ) ;
#3885 =( NAMED_UNIT ( * ) SI_UNIT ( $, .STERADIAN. ) SOLID_ANGLE_UNIT ( ) );
#3886 = VECTOR ( 'NONE', #4303, 1000.000000000000100 ) ;
#3887 = VECTOR ( 'NONE', #5703, 1000.000000000000000 ) ;
#3888 = FILL_AREA_STYLE_COLOUR ( '', #900 ) ;
#3889 = CARTESIAN_POINT ( 'NONE',  ( -0.3199999999999969500, 1.700000000000000200, 12.48000000000000200 ) ) ;
#3890 = DIRECTION ( 'NONE',  ( 0.0000000000000000000, 1.000000000000000000, 0.0000000000000000000 ) ) ;
#3891 = FACE_OUTER_BOUND ( 'NONE', #2934, .T. ) ;
#3892 = MECHANICAL_DESIGN_GEOMETRIC_PRESENTATION_REPRESENTATION (  '', ( #2867 ), #4209 ) ;
#3893 = EDGE_CURVE ( 'NONE', #1911, #1168, #1865, .T. ) ;
#3894 = CARTESIAN_POINT ( 'NONE',  ( -0.8699999999999987700, 1.700000000000000000, 6.349999999999999600 ) ) ;
#3895 = EDGE_CURVE ( 'NONE', #3673, #3394, #502, .T. ) ;
#3896 = EDGE_CURVE ( 'NONE', #2835, #854, #4396, .T. ) ;
#3897 = VECTOR ( 'NONE', #1385, 1000.000000000000000 ) ;
#3898 = VERTEX_POINT ( 'NONE', #250 ) ;
#3899 = SURFACE_STYLE_USAGE ( .BOTH. , #347 ) ;
#3900 = EDGE_LOOP ( 'NONE', ( #2450, #4335, #4421, #858 ) ) ;
#3901 = PRESENTATION_STYLE_ASSIGNMENT (( #6097 ) ) ;
#3902 = EDGE_CURVE ( 'NONE', #3136, #2166, #3035, .T. ) ;
#3903 = LINE ( 'NONE', #3737, #4 ) ;
#3904 = VECTOR ( 'NONE', #5771, 1000.000000000000100 ) ;
#3905 = PLANE ( 'NONE',  #4655 ) ;
#3906 =( NAMED_UNIT ( * ) SI_UNIT ( $, .STERADIAN. ) SOLID_ANGLE_UNIT ( ) );
#3907 = ADVANCED_FACE ( 'NONE', ( #3665 ), #793, .F. ) ;
#3908 = PLANE ( 'NONE',  #2930 ) ;
#3909 = CARTESIAN_POINT ( 'NONE',  ( 1.269999999999999400, 0.0000000000000000000, 1.669999999999999900 ) ) ;
#3910 = UNCERTAINTY_MEASURE_WITH_UNIT (LENGTH_MEASURE( 1.000000000000000100E-005 ), #649, 'distance_accuracy_value', 'NONE');
#3911 =( GEOMETRIC_REPRESENTATION_CONTEXT ( 3 ) GLOBAL_UNCERTAINTY_ASSIGNED_CONTEXT ( ( #4055 ) ) GLOBAL_UNIT_ASSIGNED_CONTEXT ( ( #3594, #559, #4101 ) ) REPRESENTATION_CONTEXT ( 'NONE', 'WORKASPACE' ) );
#3912 = FILL_AREA_STYLE_COLOUR ( '', #5401 ) ;
#3913 = COLOUR_RGB ( '',1.000000000000000000, 1.000000000000000000, 1.000000000000000000 ) ;
#3914 = CARTESIAN_POINT ( 'NONE',  ( 1.270000000000000000, 1.700000000000000000, 4.210000000000000000 ) ) ;
#3915 = LINE ( 'NONE', #5147, #5103 ) ;
#3916 = VECTOR ( 'NONE', #3147, 1000.000000000000000 ) ;
#3917 = MECHANICAL_DESIGN_GEOMETRIC_PRESENTATION_REPRESENTATION (  '', ( #2893 ), #4240 ) ;
#3918 = SURFACE_SIDE_STYLE ('',( #5935 ) ) ;
#3919 = PRESENTATION_STYLE_ASSIGNMENT (( #3676 ) ) ;
#3920 = SURFACE_SIDE_STYLE ('',( #2445 ) ) ;
#3921 = ORIENTED_EDGE ( 'NONE', *, *, #2874, .F. ) ;
#3922 = CARTESIAN_POINT ( 'NONE',  ( 0.7500000000000000000, 0.0000000000000000000, -1.270000000000000200 ) ) ;
#3923 = SURFACE_STYLE_FILL_AREA ( #2100 ) ;
#3924 =( NAMED_UNIT ( * ) SI_UNIT ( $, .STERADIAN. ) SOLID_ANGLE_UNIT ( ) );
#3925 = CARTESIAN_POINT ( 'NONE',  ( -0.2199999999999974500, -3.000000000000000000, 10.48000000000000000 ) ) ;
#3926 = CARTESIAN_POINT ( 'NONE',  ( 1.266148743960083200E-015, -3.000000000000000000, 5.080000000000000100 ) ) ;
#3927 = EDGE_LOOP ( 'NONE', ( #102, #2777, #4415, #3150 ) ) ;
#3928 = ORIENTED_EDGE ( 'NONE', *, *, #366, .F. ) ;
#3929 = EDGE_CURVE ( 'NONE', #6149, #5933, #5108, .T. ) ;
#3930 = EDGE_CURVE ( 'NONE', #44, #208, #3744, .T. ) ;
#3931 = EDGE_CURVE ( 'NONE', #459, #1262, #1058, .T. ) ;
#3932 = ORIENTED_EDGE ( 'NONE', *, *, #750, .F. ) ;
#3933 = VERTEX_POINT ( 'NONE', #2337 ) ;
#3934 = VERTEX_POINT ( 'NONE', #6412 ) ;
#3935 = MECHANICAL_DESIGN_GEOMETRIC_PRESENTATION_REPRESENTATION (  '', ( #2920 ), #4269 ) ;
#3936 = ADVANCED_FACE ( 'NONE', ( #4957 ), #2846, .F. ) ;
#3937 = ORIENTED_EDGE ( 'NONE', *, *, #718, .T. ) ;
#3938 = AXIS2_PLACEMENT_3D ( 'NONE', #2869, #6436, #3392 ) ;
#3939 = ORIENTED_EDGE ( 'NONE', *, *, #6190, .F. ) ;
#3940 = ORIENTED_EDGE ( 'NONE', *, *, #5964, .F. ) ;
#3941 = ORIENTED_EDGE ( 'NONE', *, *, #5508, .F. ) ;
#3942 =( LENGTH_UNIT ( ) NAMED_UNIT ( * ) SI_UNIT ( .MILLI., .METRE. ) );
#3943 = CARTESIAN_POINT ( 'NONE',  ( 0.8700000000000024400, 1.700000000000000000, 13.97000000000000100 ) ) ;
#3944 = VERTEX_POINT ( 'NONE', #6433 ) ;
#3945 = EDGE_LOOP ( 'NONE', ( #5419, #534, #6417, #5684, #1456, #888, #4010, #6288 ) ) ;
#3946 = PRESENTATION_LAYER_ASSIGNMENT (  '', '', ( #3282 ) ) ;
#3947 = FILL_AREA_STYLE_COLOUR ( '', #1598 ) ;
#3948 = VECTOR ( 'NONE', #6064, 1000.000000000000100 ) ;
#3949 = LINE ( 'NONE', #643, #5143 ) ;
#3950 = PLANE ( 'NONE',  #3208 ) ;
#3951 = DIRECTION ( 'NONE',  ( -0.7071067811865474600, -0.0000000000000000000, 0.7071067811865474600 ) ) ;
#3952 = COLOUR_RGB ( '',1.000000000000000000, 1.000000000000000000, 1.000000000000000000 ) ;
#3953 = CARTESIAN_POINT ( 'NONE',  ( -0.3199999999999993400, -3.000000000000000000, 2.760000000000000200 ) ) ;
#3954 = LINE ( 'NONE', #1838, #6505 ) ;
#3955 = DIRECTION ( 'NONE',  ( 0.0000000000000000000, 1.000000000000000000, 0.0000000000000000000 ) ) ;
#3956 = VECTOR ( 'NONE', #1578, 1000.000000000000000 ) ;
#3957 = ORIENTED_EDGE ( 'NONE', *, *, #2013, .T. ) ;
#3958 = FILL_AREA_STYLE ('',( #1926 ) ) ;
#3959 = AXIS2_PLACEMENT_3D ( 'NONE', #2285, #5852, #2787 ) ;
#3960 = VECTOR ( 'NONE', #2544, 1000.000000000000000 ) ;
#3961 = ADVANCED_FACE ( 'NONE', ( #2411 ), #5408, .T. ) ;
#3962 =( NAMED_UNIT ( * ) SI_UNIT ( $, .STERADIAN. ) SOLID_ANGLE_UNIT ( ) );
#3963 = ORIENTED_EDGE ( 'NONE', *, *, #1929, .T. ) ;
#3964 = ORIENTED_EDGE ( 'NONE', *, *, #5987, .F. ) ;
#3965 = EDGE_CURVE ( 'NONE', #1580, #2429, #2632, .T. ) ;
#3966 = DIRECTION ( 'NONE',  ( -1.232047923278982200E-016, 0.0000000000000000000, -1.000000000000000000 ) ) ;
#3967 = DIRECTION ( 'NONE',  ( -1.000000000000000000, -0.0000000000000000000, -0.0000000000000000000 ) ) ;
#3968 = DIRECTION ( 'NONE',  ( -1.000000000000000000, 0.0000000000000000000, -0.0000000000000000000 ) ) ;
#3969 = FACE_OUTER_BOUND ( 'NONE', #4332, .T. ) ;
#3970 = MECHANICAL_DESIGN_GEOMETRIC_PRESENTATION_REPRESENTATION (  '', ( #2952 ), #4311 ) ;
#3971 = FILL_AREA_STYLE_COLOUR ( '', #4554 ) ;
#3972 = VERTEX_POINT ( 'NONE', #3909 ) ;
#3973 = EDGE_CURVE ( 'NONE', #2061, #6513, #1305, .T. ) ;
#3974 = LINE ( 'NONE', #4684, #1125 ) ;
#3975 =( NAMED_UNIT ( * ) SI_UNIT ( $, .STERADIAN. ) SOLID_ANGLE_UNIT ( ) );
#3976 = STYLED_ITEM ( 'NONE', ( #4788 ), #3936 ) ;
#3977 = SURFACE_STYLE_USAGE ( .BOTH. , #434 ) ;
#3978 = UNCERTAINTY_MEASURE_WITH_UNIT (LENGTH_MEASURE( 1.000000000000000100E-005 ), #1334, 'distance_accuracy_value', 'NONE');
#3979 = SURFACE_STYLE_USAGE ( .BOTH. , #440 ) ;
#3980 = VECTOR ( 'NONE', #3411, 1000.000000000000100 ) ;
#3981 = FILL_AREA_STYLE ('',( #5017 ) ) ;
#3982 =( LENGTH_UNIT ( ) NAMED_UNIT ( * ) SI_UNIT ( .MILLI., .METRE. ) );
#3983 =( LENGTH_UNIT ( ) NAMED_UNIT ( * ) SI_UNIT ( .MILLI., .METRE. ) );
#3984 = AXIS2_PLACEMENT_3D ( 'NONE', #2967, #6521, #3485 ) ;
#3985 = DIRECTION ( 'NONE',  ( 0.0000000000000000000, 1.000000000000000000, 0.0000000000000000000 ) ) ;
#3986 = ORIENTED_EDGE ( 'NONE', *, *, #928, .T. ) ;
#3987 = ADVANCED_FACE ( 'NONE', ( #6530 ), #2400, .T. ) ;
#3988 = PRESENTATION_LAYER_ASSIGNMENT (  '', '', ( #3340 ) ) ;
#3989 = VERTEX_POINT ( 'NONE', #1384 ) ;
#3990 = LINE ( 'NONE', #1668, #1318 ) ;
#3991 = CARTESIAN_POINT ( 'NONE',  ( -0.2199999999999999700, 8.339999999999999900, 0.3199999999999999500 ) ) ;
#3992 = ORIENTED_EDGE ( 'NONE', *, *, #2059, .F. ) ;
#3993 = LINE ( 'NONE', #1849, #109 ) ;
#3994 =( NAMED_UNIT ( * ) SI_UNIT ( $, .STERADIAN. ) SOLID_ANGLE_UNIT ( ) );
#3995 = ORIENTED_EDGE ( 'NONE', *, *, #3130, .T. ) ;
#3996 = DIRECTION ( 'NONE',  ( -0.7071067811865474600, -0.0000000000000000000, -0.7071067811865474600 ) ) ;
#3997 = SURFACE_STYLE_FILL_AREA ( #1636 ) ;
#3998 = DIRECTION ( 'NONE',  ( 0.7071067811865474600, 0.0000000000000000000, -0.7071067811865474600 ) ) ;
#3999 = ORIENTED_EDGE ( 'NONE', *, *, #3765, .T. ) ;
#4000 = PRESENTATION_LAYER_ASSIGNMENT (  '', '', ( #3350 ) ) ;
#4001 = SURFACE_STYLE_USAGE ( .BOTH. , #465 ) ;
#4002 = VERTEX_POINT ( 'NONE', #1917 ) ;
#4003 = DIRECTION ( 'NONE',  ( 0.7071067811865474600, -0.0000000000000000000, 0.7071067811865474600 ) ) ;
#4004 = ORIENTED_EDGE ( 'NONE', *, *, #5834, .T. ) ;
#4005 = FILL_AREA_STYLE ('',( #973 ) ) ;
#4006 = CARTESIAN_POINT ( 'NONE',  ( -0.2199999999999969200, 0.2999999999999999300, 12.38000000000000100 ) ) ;
#4007 = VERTEX_POINT ( 'NONE', #5470 ) ;
#4008 = EDGE_CURVE ( 'NONE', #3944, #5459, #656, .T. ) ;
#4009 = EDGE_CURVE ( 'NONE', #6148, #503, #1999, .T. ) ;
#4010 = ORIENTED_EDGE ( 'NONE', *, *, #5007, .T. ) ;
#4011 = ORIENTED_EDGE ( 'NONE', *, *, #5834, .F. ) ;
#4012 = LINE ( 'NONE', #7, #6565 ) ;
#4013 =( NAMED_UNIT ( * ) PLANE_ANGLE_UNIT ( ) SI_UNIT ( $, .RADIAN. ) );
#4014 =( GEOMETRIC_REPRESENTATION_CONTEXT ( 3 ) GLOBAL_UNCERTAINTY_ASSIGNED_CONTEXT ( ( #5434 ) ) GLOBAL_UNIT_ASSIGNED_CONTEXT ( ( #225, #3763, #734 ) ) REPRESENTATION_CONTEXT ( 'NONE', 'WORKASPACE' ) );
#4015 = DIRECTION ( 'NONE',  ( 2.492418787322998300E-016, 0.0000000000000000000, 1.000000000000000000 ) ) ;
#4016 =( LENGTH_UNIT ( ) NAMED_UNIT ( * ) SI_UNIT ( .MILLI., .METRE. ) );
#4017 = PRESENTATION_STYLE_ASSIGNMENT (( #4872 ) ) ;
#4018 = ADVANCED_FACE ( 'NONE', ( #4540 ), #4460, .T. ) ;
#4020 = MECHANICAL_DESIGN_GEOMETRIC_PRESENTATION_REPRESENTATION (  '', ( #3008 ), #4381 ) ;
#4019 =( NAMED_UNIT ( * ) PLANE_ANGLE_UNIT ( ) SI_UNIT ( $, .RADIAN. ) );
#4021 = FILL_AREA_STYLE_COLOUR ( '', #2800 ) ;
#4022 = PRESENTATION_STYLE_ASSIGNMENT (( #5494 ) ) ;
#4023 = VECTOR ( 'NONE', #1157, 1000.000000000000000 ) ;
#4024 = DIRECTION ( 'NONE',  ( 0.0000000000000000000, 1.000000000000000000, 0.0000000000000000000 ) ) ;
#4025 = LINE ( 'NONE', #1267, #145 ) ;
#4026 = DIRECTION ( 'NONE',  ( -1.232047923278982200E-016, 0.0000000000000000000, -1.000000000000000000 ) ) ;
#4027 = CARTESIAN_POINT ( 'NONE',  ( 2.532297487920166500E-015, -3.000000000000000000, 10.16000000000000000 ) ) ;
#4028 = CARTESIAN_POINT ( 'NONE',  ( -0.3199999999999980600, -3.000000000000000000, 7.839999999999999900 ) ) ;
#4029 = UNCERTAINTY_MEASURE_WITH_UNIT (LENGTH_MEASURE( 1.000000000000000100E-005 ), #1235, 'distance_accuracy_value', 'NONE');
#4030 = PRESENTATION_LAYER_ASSIGNMENT (  '', '', ( #3371 ) ) ;
#4031 = CARTESIAN_POINT ( 'NONE',  ( -1.269999999999998000, 1.700000000000000000, 8.489999999999998400 ) ) ;
#4032 = CARTESIAN_POINT ( 'NONE',  ( 0.8699999999999992200, 1.700000000000000000, 1.269999999999999400 ) ) ;
#4033 =( NAMED_UNIT ( * ) PLANE_ANGLE_UNIT ( ) SI_UNIT ( $, .RADIAN. ) );
#4034 = LINE ( 'NONE', #5953, #2692 ) ;
#4035 =( GEOMETRIC_REPRESENTATION_CONTEXT ( 3 ) GLOBAL_UNCERTAINTY_ASSIGNED_CONTEXT ( ( #4679 ) ) GLOBAL_UNIT_ASSIGNED_CONTEXT ( ( #3210, #165, #3707 ) ) REPRESENTATION_CONTEXT ( 'NONE', 'WORKASPACE' ) );
#4036 =( NAMED_UNIT ( * ) SI_UNIT ( $, .STERADIAN. ) SOLID_ANGLE_UNIT ( ) );
#4037 = ORIENTED_EDGE ( 'NONE', *, *, #6525, .F. ) ;
#4038 =( GEOMETRIC_REPRESENTATION_CONTEXT ( 3 ) GLOBAL_UNCERTAINTY_ASSIGNED_CONTEXT ( ( #4473 ) ) GLOBAL_UNIT_ASSIGNED_CONTEXT ( ( #5709, #2643, #6206 ) ) REPRESENTATION_CONTEXT ( 'NONE', 'WORKASPACE' ) );
#4039 = DIRECTION ( 'NONE',  ( -0.7071067811865474600, 0.0000000000000000000, -0.7071067811865474600 ) ) ;
#4040 = SURFACE_SIDE_STYLE ('',( #5504 ) ) ;
#4041 = EDGE_CURVE ( 'NONE', #6238, #3619, #2702, .T. ) ;
#4042 = FILL_AREA_STYLE_COLOUR ( '', #3952 ) ;
#4043 = EDGE_CURVE ( 'NONE', #5529, #6158, #1379, .T. ) ;
#4044 = CARTESIAN_POINT ( 'NONE',  ( 3.165371859900208000E-015, 8.339999999999999900, 12.70000000000000100 ) ) ;
#4045 = DIRECTION ( 'NONE',  ( 0.0000000000000000000, 0.0000000000000000000, 1.000000000000000000 ) ) ;
#4046 = PRESENTATION_LAYER_ASSIGNMENT (  '', '', ( #3396 ) ) ;
#4047 = STYLED_ITEM ( 'NONE', ( #4724 ), #6012 ) ;
#4048 = PRESENTATION_STYLE_ASSIGNMENT (( #1575 ) ) ;
#4049 = ADVANCED_FACE ( 'NONE', ( #2558 ), #5505, .T. ) ;
#4050 = PRESENTATION_STYLE_ASSIGNMENT (( #445 ) ) ;
#4051 = DIRECTION ( 'NONE',  ( -1.000000000000000000, -0.0000000000000000000, -0.0000000000000000000 ) ) ;
#4052 = CARTESIAN_POINT ( 'NONE',  ( 0.8699999999999998800, 1.700000000000000000, 3.809999999999999600 ) ) ;
#4053 = FILL_AREA_STYLE ('',( #3560 ) ) ;
#4054 = MECHANICAL_DESIGN_GEOMETRIC_PRESENTATION_REPRESENTATION (  '', ( #3044 ), #4417 ) ;
#4055 = UNCERTAINTY_MEASURE_WITH_UNIT (LENGTH_MEASURE( 1.000000000000000100E-005 ), #3594, 'distance_accuracy_value', 'NONE');
#4056 = FILL_AREA_STYLE_COLOUR ( '', #2431 ) ;
#4057 = CARTESIAN_POINT ( 'NONE',  ( 0.3200000000000006200, -3.000000000000000000, 2.319999999999999800 ) ) ;
#4058 = CARTESIAN_POINT ( 'NONE',  ( 0.0000000000000000000, 0.0000000000000000000, 0.0000000000000000000 ) ) ;
#4059 = SURFACE_SIDE_STYLE ('',( #3661 ) ) ;
#4060 = VECTOR ( 'NONE', #4163, 1000.000000000000100 ) ;
#4061 = DIRECTION ( 'NONE',  ( 0.0000000000000000000, -1.000000000000000000, 0.0000000000000000000 ) ) ;
#4062 =( GEOMETRIC_REPRESENTATION_CONTEXT ( 3 ) GLOBAL_UNCERTAINTY_ASSIGNED_CONTEXT ( ( #3613 ) ) GLOBAL_UNIT_ASSIGNED_CONTEXT ( ( #3050, #10, #3565 ) ) REPRESENTATION_CONTEXT ( 'NONE', 'WORKASPACE' ) );
#4063 = VERTEX_POINT ( 'NONE', #4481 ) ;
#4064 = PRODUCT_RELATED_PRODUCT_CATEGORY ( 'part', '', ( #497 ) ) ;
#4065 = SURFACE_SIDE_STYLE ('',( #6585 ) ) ;
#4066 = CARTESIAN_POINT ( 'NONE',  ( 0.3200000000000006200, -3.000000000000000000, 2.319999999999999800 ) ) ;
#4067 = VECTOR ( 'NONE', #5420, 1000.000000000000000 ) ;
#4068 = ORIENTED_EDGE ( 'NONE', *, *, #883, .T. ) ;
#4069 = EDGE_LOOP ( 'NONE', ( #6315, #2732, #1712, #2668 ) ) ;
#4070 = LINE ( 'NONE', #5647, #200 ) ;
#4071 = COLOUR_RGB ( '',1.000000000000000000, 1.000000000000000000, 1.000000000000000000 ) ;
#4072 = ORIENTED_EDGE ( 'NONE', *, *, #4965, .T. ) ;
#4073 = ORIENTED_EDGE ( 'NONE', *, *, #2410, .F. ) ;
#4074 = CARTESIAN_POINT ( 'NONE',  ( -0.3199999999999975100, 8.339999999999999900, 9.940000000000001300 ) ) ;
#4075 = STYLED_ITEM ( 'NONE', ( #4504 ), #1791 ) ;
#4076 = PLANE ( 'NONE',  #803 ) ;
#4077 = ORIENTED_EDGE ( 'NONE', *, *, #1310, .T. ) ;
#4078 = VERTEX_POINT ( 'NONE', #2486 ) ;
#4079 =( LENGTH_UNIT ( ) NAMED_UNIT ( * ) SI_UNIT ( .MILLI., .METRE. ) );
#4080 = ORIENTED_EDGE ( 'NONE', *, *, #928, .F. ) ;
#4081 = EDGE_LOOP ( 'NONE', ( #1152, #3620, #614, #5955 ) ) ;
#4082 =( NAMED_UNIT ( * ) PLANE_ANGLE_UNIT ( ) SI_UNIT ( $, .RADIAN. ) );
#4083 = VERTEX_POINT ( 'NONE', #2991 ) ;
#4084 = CARTESIAN_POINT ( 'NONE',  ( -0.3199999999999969500, -3.000000000000000000, 12.48000000000000200 ) ) ;
#4085 = LINE ( 'NONE', #5206, #5461 ) ;
#4086 = VECTOR ( 'NONE', #1297, 1000.000000000000000 ) ;
#4087 =( GEOMETRIC_REPRESENTATION_CONTEXT ( 3 ) GLOBAL_UNCERTAINTY_ASSIGNED_CONTEXT ( ( #1475 ) ) GLOBAL_UNIT_ASSIGNED_CONTEXT ( ( #3297, #244, #3791 ) ) REPRESENTATION_CONTEXT ( 'NONE', 'WORKASPACE' ) );
#4088 = CARTESIAN_POINT ( 'NONE',  ( 0.2200000000000025500, -3.000000000000000000, 10.48000000000000000 ) ) ;
#4089 = CARTESIAN_POINT ( 'NONE',  ( 1.270000000000001800, 0.0000000000000000000, 11.02999999999999900 ) ) ;
#4090 = CARTESIAN_POINT ( 'NONE',  ( 1.899223115940124500E-015, -3.000000000000000000, 7.620000000000000100 ) ) ;
#4091 = ORIENTED_EDGE ( 'NONE', *, *, #6053, .F. ) ;
#4092 = ORIENTED_EDGE ( 'NONE', *, *, #4487, .T. ) ;
#4093 = EDGE_CURVE ( 'NONE', #3989, #3776, #3435, .T. ) ;
#4094 = EDGE_CURVE ( 'NONE', #513, #2061, #2072, .T. ) ;
#4095 = LINE ( 'NONE', #6048, #5322 ) ;
#4096 = EDGE_CURVE ( 'NONE', #6003, #4416, #6123, .T. ) ;
#4097 = UNCERTAINTY_MEASURE_WITH_UNIT (LENGTH_MEASURE( 1.000000000000000100E-005 ), #817, 'distance_accuracy_value', 'NONE');
#4098 = CARTESIAN_POINT ( 'NONE',  ( 0.2200000000000013100, 0.2999999999999999300, 5.400000000000000400 ) ) ;
#4099 = FACE_OUTER_BOUND ( 'NONE', #2884, .T. ) ;
#4100 = VECTOR ( 'NONE', #1741, 1000.000000000000100 ) ;
#4101 =( NAMED_UNIT ( * ) SI_UNIT ( $, .STERADIAN. ) SOLID_ANGLE_UNIT ( ) );
#4102 = LINE ( 'NONE', #4115, #3482 ) ;
#4103 = FILL_AREA_STYLE_COLOUR ( '', #342 ) ;
#4105 = STYLED_ITEM ( 'NONE', ( #1907 ), #1359 ) ;
#4104 = SURFACE_STYLE_USAGE ( .BOTH. , #566 ) ;
#4106 = LINE ( 'NONE', #1595, #3956 ) ;
#4107 = DIRECTION ( 'NONE',  ( -1.000000000000000000, 0.0000000000000000000, 2.492418787322999200E-016 ) ) ;
#4108 = CARTESIAN_POINT ( 'NONE',  ( 0.3200000000000025000, -3.000000000000000000, 9.940000000000001300 ) ) ;
#4109 = CARTESIAN_POINT ( 'NONE',  ( 0.2200000000000031900, -3.000000000000000000, 13.02000000000000000 ) ) ;
#4110 = VECTOR ( 'NONE', #3531, 1000.000000000000000 ) ;
#4111 = DIRECTION ( 'NONE',  ( 1.000000000000000000, 0.0000000000000000000, -0.0000000000000000000 ) ) ;
#4112 = STYLED_ITEM ( 'NONE', ( #1651 ), #5353 ) ;
#4113 = ORIENTED_EDGE ( 'NONE', *, *, #578, .T. ) ;
#4114 = PRESENTATION_STYLE_ASSIGNMENT (( #4104 ) ) ;
#4115 = CARTESIAN_POINT ( 'NONE',  ( 0.3200000000000031700, -3.000000000000000000, 12.92000000000000200 ) ) ;
#4116 = SURFACE_SIDE_STYLE ('',( #3574 ) ) ;
#4117 = UNCERTAINTY_MEASURE_WITH_UNIT (LENGTH_MEASURE( 1.000000000000000100E-005 ), #3942, 'distance_accuracy_value', 'NONE');
#4118 = PLANE ( 'NONE',  #386 ) ;
#4119 = AXIS2_PLACEMENT_3D ( 'NONE', #4204, #1186, #4726 ) ;
#4120 = AXIS2_PLACEMENT_3D ( 'NONE', #2349, #5920, #2854 ) ;
#4121 = SURFACE_SIDE_STYLE ('',( #4394 ) ) ;
#4122 = CARTESIAN_POINT ( 'NONE',  ( 0.8700000000000012200, 1.700000000000000000, 8.889999999999998800 ) ) ;
#4123 = DIRECTION ( 'NONE',  ( 0.0000000000000000000, 1.000000000000000000, 0.0000000000000000000 ) ) ;
#4124 = CARTESIAN_POINT ( 'NONE',  ( 0.2200000000000031700, 8.339999999999999900, 12.38000000000000100 ) ) ;
#4125 = VECTOR ( 'NONE', #4831, 1000.000000000000000 ) ;
#4126 = EDGE_CURVE ( 'NONE', #1146, #2657, #735, .T. ) ;
#4127 = CARTESIAN_POINT ( 'NONE',  ( -0.2199999999999987000, -3.000000000000000000, 5.400000000000000400 ) ) ;
#4128 = EDGE_CURVE ( 'NONE', #1469, #5598, #1924, .T. ) ;
#4129 = DIRECTION ( 'NONE',  ( -0.7071067811865475700, 0.0000000000000000000, 0.7071067811865475700 ) ) ;
#4130 = SURFACE_STYLE_FILL_AREA ( #191 ) ;
#4131 = PRESENTATION_STYLE_ASSIGNMENT (( #3239 ) ) ;
#4132 = FILL_AREA_STYLE_COLOUR ( '', #6508 ) ;
#4133 = DIRECTION ( 'NONE',  ( 0.0000000000000000000, -1.000000000000000000, 0.0000000000000000000 ) ) ;
#4134 = DIRECTION ( 'NONE',  ( 0.0000000000000000000, 1.000000000000000000, -0.0000000000000000000 ) ) ;
#4135 = MECHANICAL_DESIGN_GEOMETRIC_PRESENTATION_REPRESENTATION (  '', ( #3135 ), #4492 ) ;
#4136 = VECTOR ( 'NONE', #2526, 1000.000000000000000 ) ;
#4137 = DIRECTION ( 'NONE',  ( -1.000000000000000000, 0.0000000000000000000, 0.0000000000000000000 ) ) ;
#4138 = FILL_AREA_STYLE_COLOUR ( '', #1772 ) ;
#4139 = PRESENTATION_STYLE_ASSIGNMENT (( #2717 ) ) ;
#4140 = EDGE_LOOP ( 'NONE', ( #1372, #555, #512, #1617 ) ) ;
#4141 = CARTESIAN_POINT ( 'NONE',  ( 1.269999999999999100, 1.700000000000000000, 0.8699999999999994400 ) ) ;
#4142 = DIRECTION ( 'NONE',  ( -1.232047923278982200E-016, 0.0000000000000000000, -1.000000000000000000 ) ) ;
#4143 = PRESENTATION_STYLE_ASSIGNMENT (( #1296 ) ) ;
#4144 = PRESENTATION_LAYER_ASSIGNMENT (  '', '', ( #3483 ) ) ;
#4145 = DIRECTION ( 'NONE',  ( -0.0000000000000000000, -1.000000000000000000, -0.0000000000000000000 ) ) ;
#4146 = ORIENTED_EDGE ( 'NONE', *, *, #6324, .F. ) ;
#4147 = FILL_AREA_STYLE_COLOUR ( '', #1325 ) ;
#4148 = COLOUR_RGB ( '',0.0000000000000000000, 0.03529411764705882300, 0.05882352941176470500 ) ;
#4149 = DIRECTION ( 'NONE',  ( 0.7071067811865474600, 0.0000000000000000000, 0.7071067811865474600 ) ) ;
#4150 = DIRECTION ( 'NONE',  ( -0.7071067811865474600, -0.0000000000000000000, 0.7071067811865474600 ) ) ;
#4151 = CARTESIAN_POINT ( 'NONE',  ( 5.350000000000000500, 1.700000000000000000, 5.350000000000000500 ) ) ;
#4152 = CARTESIAN_POINT ( 'NONE',  ( -0.3199999999999975100, -3.000000000000000000, 9.940000000000001300 ) ) ;
#4153 = AXIS2_PLACEMENT_3D ( 'NONE', #6380, #3336, #284 ) ;
#4154 = ORIENTED_EDGE ( 'NONE', *, *, #5638, .T. ) ;
#4155 =( NAMED_UNIT ( * ) SI_UNIT ( $, .STERADIAN. ) SOLID_ANGLE_UNIT ( ) );
#4156 = ORIENTED_EDGE ( 'NONE', *, *, #3215, .F. ) ;
#4157 = VECTOR ( 'NONE', #2067, 1000.000000000000000 ) ;
#4158 = ORIENTED_EDGE ( 'NONE', *, *, #5172, .F. ) ;
#4159 = VERTEX_POINT ( 'NONE', #1482 ) ;
#4160 = ORIENTED_EDGE ( 'NONE', *, *, #5396, .F. ) ;
#4161 = VERTEX_POINT ( 'NONE', #3518 ) ;
#4162 = SURFACE_STYLE_FILL_AREA ( #3262 ) ;
#4163 = DIRECTION ( 'NONE',  ( 0.7071067811865474600, 0.0000000000000000000, 0.7071067811865474600 ) ) ;
#4164 = DIRECTION ( 'NONE',  ( -1.000000000000000000, 0.0000000000000000000, 2.464095846557964400E-016 ) ) ;
#4165 = LINE ( 'NONE', #1868, #5534 ) ;
#4166 = SURFACE_SIDE_STYLE ('',( #2384 ) ) ;
#4167 = MECHANICAL_DESIGN_GEOMETRIC_PRESENTATION_REPRESENTATION (  '', ( #3165 ), #4518 ) ;
#4168 = CARTESIAN_POINT ( 'NONE',  ( 1.270000000000001100, 1.700000000000000000, 8.489999999999998400 ) ) ;
#4169 = ORIENTED_EDGE ( 'NONE', *, *, #5597, .F. ) ;
#4170 = ORIENTED_EDGE ( 'NONE', *, *, #5508, .T. ) ;
#4171 = COLOUR_RGB ( '',0.7921568627450980000, 0.8196078431372548800, 0.9333333333333333500 ) ;
#4172 = EDGE_CURVE ( 'NONE', #2429, #4558, #4619, .T. ) ;
#4173 = CARTESIAN_POINT ( 'NONE',  ( 0.2200000000000031900, 1.700000000000000000, 13.02000000000000000 ) ) ;
#4174 = DIRECTION ( 'NONE',  ( 0.0000000000000000000, 1.000000000000000000, 0.0000000000000000000 ) ) ;
#4175 = CARTESIAN_POINT ( 'NONE',  ( -1.269999999999999400, 1.700000000000000000, 3.409999999999999700 ) ) ;
#4176 = DIRECTION ( 'NONE',  ( -0.7071067811865474600, 0.0000000000000000000, 0.7071067811865474600 ) ) ;
#4177 = AXIS2_PLACEMENT_3D ( 'NONE', #5321, #4850, #4819 ) ;
#4178 = FILL_AREA_STYLE ('',( #3666 ) ) ;
#4179 = COLOUR_RGB ( '',0.0000000000000000000, 0.03529411764705882300, 0.05882352941176470500 ) ;
#4180 = DIRECTION ( 'NONE',  ( -0.7071067811865474600, 0.0000000000000000000, 0.7071067811865474600 ) ) ;
#4181 = VECTOR ( 'NONE', #6389, 1000.000000000000100 ) ;
#4182 = FILL_AREA_STYLE_COLOUR ( '', #3416 ) ;
#4183 = CARTESIAN_POINT ( 'NONE',  ( -0.2200000000000000800, 8.339999999999999900, -0.3200000000000000600 ) ) ;
#4184 = UNCERTAINTY_MEASURE_WITH_UNIT (LENGTH_MEASURE( 1.000000000000000100E-005 ), #3204, 'distance_accuracy_value', 'NONE');
#4185 = VECTOR ( 'NONE', #2424, 1000.000000000000000 ) ;
#4186 = COLOUR_RGB ( '',1.000000000000000000, 1.000000000000000000, 1.000000000000000000 ) ;
#4187 = LINE ( 'NONE', #3178, #144 ) ;
#4188 = AXIS2_PLACEMENT_3D ( 'NONE', #5318, #2248, #5831 ) ;
#4189 =( NAMED_UNIT ( * ) PLANE_ANGLE_UNIT ( ) SI_UNIT ( $, .RADIAN. ) );
#4190 = PRESENTATION_LAYER_ASSIGNMENT (  '', '', ( #3510 ) ) ;
#4191 = DIRECTION ( 'NONE',  ( -0.7071067811865474600, 0.0000000000000000000, 0.7071067811865474600 ) ) ;
#4192 =( NAMED_UNIT ( * ) PLANE_ANGLE_UNIT ( ) SI_UNIT ( $, .RADIAN. ) );
#4193 = ORIENTED_EDGE ( 'NONE', *, *, #3579, .F. ) ;
#4194 = PRESENTATION_STYLE_ASSIGNMENT (( #1683 ) ) ;
#4195 = SURFACE_SIDE_STYLE ('',( #5941 ) ) ;
#4196 = FILL_AREA_STYLE_COLOUR ( '', #5556 ) ;
#4197 = CARTESIAN_POINT ( 'NONE',  ( -0.2199999999999995000, 1.700000000000000000, 2.219999999999999800 ) ) ;
#4198 = LINE ( 'NONE', #2887, #6592 ) ;
#4199 = PLANE ( 'NONE',  #5897 ) ;
#4200 = DIRECTION ( 'NONE',  ( -1.232047923278982200E-016, 0.0000000000000000000, -1.000000000000000000 ) ) ;
#4201 =( NAMED_UNIT ( * ) SI_UNIT ( $, .STERADIAN. ) SOLID_ANGLE_UNIT ( ) );
#4202 = ORIENTED_EDGE ( 'NONE', *, *, #321, .T. ) ;
#4203 = SURFACE_SIDE_STYLE ('',( #4796 ) ) ;
#4204 = CARTESIAN_POINT ( 'NONE',  ( 1.269999999999998700, 1.700000000000000000, -0.8700000000000003300 ) ) ;
#4205 = FACE_BOUND ( 'NONE', #6546, .T. ) ;
#4206 = SURFACE_STYLE_FILL_AREA ( #258 ) ;
#4207 =( NAMED_UNIT ( * ) SI_UNIT ( $, .STERADIAN. ) SOLID_ANGLE_UNIT ( ) );
#4208 = FILL_AREA_STYLE_COLOUR ( '', #931 ) ;
#4209 =( GEOMETRIC_REPRESENTATION_CONTEXT ( 3 ) GLOBAL_UNCERTAINTY_ASSIGNED_CONTEXT ( ( #2524 ) ) GLOBAL_UNIT_ASSIGNED_CONTEXT ( ( #3983, #955, #4507 ) ) REPRESENTATION_CONTEXT ( 'NONE', 'WORKASPACE' ) );
#4210 = EDGE_CURVE ( 'NONE', #2295, #3769, #3115, .T. ) ;
#4211 = CARTESIAN_POINT ( 'NONE',  ( 1.270000000000001400, 1.700000000000000000, 9.289999999999999100 ) ) ;
#4212 = DIRECTION ( 'NONE',  ( 0.7071067811865474600, 0.0000000000000000000, -0.7071067811865474600 ) ) ;
#4213 = EDGE_CURVE ( 'NONE', #1568, #607, #414, .T. ) ;
#4214 = EDGE_CURVE ( 'NONE', #3934, #5783, #4297, .T. ) ;
#4215 = VECTOR ( 'NONE', #270, 1000.000000000000000 ) ;
#4216 = SURFACE_STYLE_USAGE ( .BOTH. , #686 ) ;
#4217 = ORIENTED_EDGE ( 'NONE', *, *, #6147, .F. ) ;
#4218 =( LENGTH_UNIT ( ) NAMED_UNIT ( * ) SI_UNIT ( .MILLI., .METRE. ) );
#4219 = VECTOR ( 'NONE', #4277, 1000.000000000000000 ) ;
#4220 =( NAMED_UNIT ( * ) PLANE_ANGLE_UNIT ( ) SI_UNIT ( $, .RADIAN. ) );
#4221 = EDGE_CURVE ( 'NONE', #3881, #4334, #5840, .T. ) ;
#4222 = STYLED_ITEM ( 'NONE', ( #2759 ), #3564 ) ;
#4223 = ADVANCED_FACE ( 'NONE', ( #1444 ), #5344, .T. ) ;
#4224 = ORIENTED_EDGE ( 'NONE', *, *, #2741, .T. ) ;
#4225 = DIRECTION ( 'NONE',  ( 0.7071067811865474600, 0.0000000000000000000, -0.7071067811865474600 ) ) ;
#4226 = UNCERTAINTY_MEASURE_WITH_UNIT (LENGTH_MEASURE( 1.000000000000000100E-005 ), #5856, 'distance_accuracy_value', 'NONE');
#4227 = ORIENTED_EDGE ( 'NONE', *, *, #991, .F. ) ;
#4228 = PLANE ( 'NONE',  #6507 ) ;
#4229 = CARTESIAN_POINT ( 'NONE',  ( -0.2199999999999987000, 8.339999999999999900, 5.400000000000000400 ) ) ;
#4230 = ORIENTED_EDGE ( 'NONE', *, *, #4214, .T. ) ;
#4231 = ORIENTED_EDGE ( 'NONE', *, *, #6322, .F. ) ;
#4232 = EDGE_LOOP ( 'NONE', ( #3450, #2428, #1728, #3684 ) ) ;
#4233 = DIRECTION ( 'NONE',  ( 0.0000000000000000000, -0.0000000000000000000, -1.000000000000000000 ) ) ;
#4234 = ORIENTED_EDGE ( 'NONE', *, *, #6031, .F. ) ;
#4235 =( LENGTH_UNIT ( ) NAMED_UNIT ( * ) SI_UNIT ( .MILLI., .METRE. ) );
#4236 = VECTOR ( 'NONE', #1308, 1000.000000000000000 ) ;
#4237 = PRESENTATION_STYLE_ASSIGNMENT (( #6582 ) ) ;
#4238 = ORIENTED_EDGE ( 'NONE', *, *, #1549, .T. ) ;
#4239 = DIRECTION ( 'NONE',  ( -0.7071067811865475700, 0.0000000000000000000, 0.7071067811865475700 ) ) ;
#4240 =( GEOMETRIC_REPRESENTATION_CONTEXT ( 3 ) GLOBAL_UNCERTAINTY_ASSIGNED_CONTEXT ( ( #1458 ) ) GLOBAL_UNIT_ASSIGNED_CONTEXT ( ( #2449, #6007, #2949 ) ) REPRESENTATION_CONTEXT ( 'NONE', 'WORKASPACE' ) );
#4241 = FILL_AREA_STYLE ('',( #716 ) ) ;
#4242 = CARTESIAN_POINT ( 'NONE',  ( 1.540000000000000300, 1.700000000000000000, 1.540000000000000300 ) ) ;
#4243 = ORIENTED_EDGE ( 'NONE', *, *, #1214, .T. ) ;
#4244 = ORIENTED_EDGE ( 'NONE', *, *, #4793, .T. ) ;
#4245 = VERTEX_POINT ( 'NONE', #2815 ) ;
#4246 = LINE ( 'NONE', #6362, #1413 ) ;
#4247 = SURFACE_STYLE_USAGE ( .BOTH. , #1745 ) ;
#4248 = VERTEX_POINT ( 'NONE', #5364 ) ;
#4249 = DIRECTION ( 'NONE',  ( -0.7071067811865475700, 0.0000000000000000000, 0.7071067811865475700 ) ) ;
#4250 = VERTEX_POINT ( 'NONE', #5863 ) ;
#4251 = CARTESIAN_POINT ( 'NONE',  ( 0.3200000000000004000, 1.700000000000000000, 5.300000000000000700 ) ) ;
#4252 = LINE ( 'NONE', #3991, #382 ) ;
#4253 = STYLED_ITEM ( 'NONE', ( #2230 ), #2842 ) ;
#4254 = FACE_OUTER_BOUND ( 'NONE', #5115, .T. ) ;
#4255 = DIRECTION ( 'NONE',  ( 0.7071067811865474600, 0.0000000000000000000, -0.7071067811865474600 ) ) ;
#4256 = STYLED_ITEM ( 'NONE', ( #2814 ), #2346 ) ;
#4257 = SURFACE_STYLE_USAGE ( .BOTH. , #725 ) ;
#4258 = LINE ( 'NONE', #4028, #226 ) ;
#4259 = ADVANCED_FACE ( 'NONE', ( #5023 ), #2313, .F. ) ;
#4260 = COLOUR_RGB ( '',1.000000000000000000, 1.000000000000000000, 1.000000000000000000 ) ;
#4261 = EDGE_CURVE ( 'NONE', #3619, #161, #490, .T. ) ;
#4262 = EDGE_CURVE ( 'NONE', #935, #3037, #2320, .T. ) ;
#4263 = EDGE_CURVE ( 'NONE', #6017, #477, #5751, .T. ) ;
#4264 = LINE ( 'NONE', #3251, #389 ) ;
#4265 =( NAMED_UNIT ( * ) PLANE_ANGLE_UNIT ( ) SI_UNIT ( $, .RADIAN. ) );
#4266 = DIRECTION ( 'NONE',  ( 0.0000000000000000000, 1.000000000000000000, 0.0000000000000000000 ) ) ;
#4267 = LINE ( 'NONE', #3069, #229 ) ;
#4268 =( LENGTH_UNIT ( ) NAMED_UNIT ( * ) SI_UNIT ( .MILLI., .METRE. ) );
#4269 =( GEOMETRIC_REPRESENTATION_CONTEXT ( 3 ) GLOBAL_UNCERTAINTY_ASSIGNED_CONTEXT ( ( #5518 ) ) GLOBAL_UNIT_ASSIGNED_CONTEXT ( ( #2588, #6135, #3102 ) ) REPRESENTATION_CONTEXT ( 'NONE', 'WORKASPACE' ) );
#4270 = UNCERTAINTY_MEASURE_WITH_UNIT (LENGTH_MEASURE( 1.000000000000000100E-005 ), #1664, 'distance_accuracy_value', 'NONE');
#4271 = DIRECTION ( 'NONE',  ( -2.492418787322999200E-016, -0.0000000000000000000, -1.000000000000000000 ) ) ;
#4272 = PRESENTATION_LAYER_ASSIGNMENT (  '', '', ( #3589 ) ) ;
#4273 = SURFACE_STYLE_USAGE ( .BOTH. , #732 ) ;
#4274 = FILL_AREA_STYLE ('',( #4767 ) ) ;
#4275 = COLOUR_RGB ( '',0.0000000000000000000, 0.03529411764705882300, 0.05882352941176470500 ) ;
#4276 = CARTESIAN_POINT ( 'NONE',  ( -1.269999999999999800, 1.700000000000000000, 1.669999999999999900 ) ) ;
#4277 = DIRECTION ( 'NONE',  ( 0.0000000000000000000, 1.000000000000000000, 0.0000000000000000000 ) ) ;
#4278 = COLOUR_RGB ( '',1.000000000000000000, 1.000000000000000000, 1.000000000000000000 ) ;
#4279 = LINE ( 'NONE', #5558, #2938 ) ;
#4280 = SURFACE_STYLE_USAGE ( .BOTH. , #739 ) ;
#4281 = MECHANICAL_DESIGN_GEOMETRIC_PRESENTATION_REPRESENTATION (  '', ( #3282 ), #4624 ) ;
#4282 =( NAMED_UNIT ( * ) SI_UNIT ( $, .STERADIAN. ) SOLID_ANGLE_UNIT ( ) );
#4283 = SURFACE_SIDE_STYLE ('',( #1362 ) ) ;
#4284 = VECTOR ( 'NONE', #402, 1000.000000000000000 ) ;
#4285 = DIRECTION ( 'NONE',  ( -1.232047923278982200E-016, 0.0000000000000000000, -1.000000000000000000 ) ) ;
#4286 = DIRECTION ( 'NONE',  ( -0.7071067811865474600, 0.0000000000000000000, -0.7071067811865474600 ) ) ;
#4287 = STYLED_ITEM ( 'NONE', ( #4936 ), #4771 ) ;
#4288 = DIRECTION ( 'NONE',  ( -2.492418787322998300E-016, 0.0000000000000000000, -1.000000000000000000 ) ) ;
#4289 = PLANE ( 'NONE',  #58 ) ;
#4290 = DIRECTION ( 'NONE',  ( 1.000000000000000000, 0.0000000000000000000, -0.0000000000000000000 ) ) ;
#4291 = DIRECTION ( 'NONE',  ( -1.232047923278982200E-016, 0.0000000000000000000, -1.000000000000000000 ) ) ;
#4292 = SURFACE_STYLE_FILL_AREA ( #6001 ) ;
#4293 = SURFACE_STYLE_USAGE ( .BOTH. , #756 ) ;
#4294 = VECTOR ( 'NONE', #2629, 1000.000000000000100 ) ;
#4295 = CARTESIAN_POINT ( 'NONE',  ( -0.2199999999999975600, -3.000000000000000000, 9.839999999999999900 ) ) ;
#4296 = DIRECTION ( 'NONE',  ( 2.464095846557964400E-016, 0.0000000000000000000, 1.000000000000000000 ) ) ;
#4297 = LINE ( 'NONE', #764, #256 ) ;
#4298 = ADVANCED_FACE ( 'NONE', ( #1851 ), #2362, .T. ) ;
#4299 = LINE ( 'NONE', #2690, #2954 ) ;
#4300 = PRESENTATION_LAYER_ASSIGNMENT (  '', '', ( #3617 ) ) ;
#4301 = DIRECTION ( 'NONE',  ( -0.0000000000000000000, -1.000000000000000000, -0.0000000000000000000 ) ) ;
#4302 = PLANE ( 'NONE',  #3660 ) ;
#4303 = DIRECTION ( 'NONE',  ( 0.7071067811865474600, 0.0000000000000000000, -0.7071067811865474600 ) ) ;
#4304 =( LENGTH_UNIT ( ) NAMED_UNIT ( * ) SI_UNIT ( .MILLI., .METRE. ) );
#4305 = EDGE_CURVE ( 'NONE', #39, #513, #5096, .T. ) ;
#4306 = LINE ( 'NONE', #572, #1607 ) ;
#4307 = VECTOR ( 'NONE', #1518, 1000.000000000000000 ) ;
#4308 = UNCERTAINTY_MEASURE_WITH_UNIT (LENGTH_MEASURE( 1.000000000000000100E-005 ), #2758, 'distance_accuracy_value', 'NONE');
#4309 = STYLED_ITEM ( 'NONE', ( #4549 ), #176 ) ;
#4310 = LINE ( 'NONE', #158, #267 ) ;
#4311 =( GEOMETRIC_REPRESENTATION_CONTEXT ( 3 ) GLOBAL_UNCERTAINTY_ASSIGNED_CONTEXT ( ( #4527 ) ) GLOBAL_UNIT_ASSIGNED_CONTEXT ( ( #1533, #5095, #2051 ) ) REPRESENTATION_CONTEXT ( 'NONE', 'WORKASPACE' ) );
#4312 =( LENGTH_UNIT ( ) NAMED_UNIT ( * ) SI_UNIT ( .MILLI., .METRE. ) );
#4313 = ORIENTED_EDGE ( 'NONE', *, *, #2993, .T. ) ;
#4314 = CARTESIAN_POINT ( 'NONE',  ( 0.8700000000000005500, 0.0000000000000000000, 6.349999999999999600 ) ) ;
#4315 = EDGE_CURVE ( 'NONE', #6002, #6083, #2557, .T. ) ;
#4316 = CARTESIAN_POINT ( 'NONE',  ( -0.3199999999999994500, 8.339999999999999900, 2.319999999999999800 ) ) ;
#4317 = CARTESIAN_POINT ( 'NONE',  ( -1.269999999999997400, 1.700000000000000000, 11.83000000000000000 ) ) ;
#4318 =( LENGTH_UNIT ( ) NAMED_UNIT ( * ) SI_UNIT ( .MILLI., .METRE. ) );
#4319 = ORIENTED_EDGE ( 'NONE', *, *, #2414, .T. ) ;
#4320 = ORIENTED_EDGE ( 'NONE', *, *, #6567, .T. ) ;
#4321 = CARTESIAN_POINT ( 'NONE',  ( -0.2199999999999997000, 1.700000000000000000, 13.02000000000000000 ) ) ;
#4322 = ORIENTED_EDGE ( 'NONE', *, *, #5739, .T. ) ;
#4323 = VECTOR ( 'NONE', #235, 1000.000000000000000 ) ;
#4324 = AXIS2_PLACEMENT_3D ( 'NONE', #2817, #6393, #3348 ) ;
#4325 = UNCERTAINTY_MEASURE_WITH_UNIT (LENGTH_MEASURE( 1.000000000000000100E-005 ), #6078, 'distance_accuracy_value', 'NONE');
#4326 = ORIENTED_EDGE ( 'NONE', *, *, #3630, .T. ) ;
#4327 = SURFACE_STYLE_FILL_AREA ( #1880 ) ;
#4328 = FILL_AREA_STYLE ('',( #3818 ) ) ;
#4329 = FILL_AREA_STYLE_COLOUR ( '', #1293 ) ;
#4330 = VECTOR ( 'NONE', #5813, 1000.000000000000100 ) ;
#4331 = SURFACE_SIDE_STYLE ('',( #3259 ) ) ;
#4332 = EDGE_LOOP ( 'NONE', ( #5592, #2335, #6441, #3527 ) ) ;
#4333 = PLANE ( 'NONE',  #1905 ) ;
#4334 = VERTEX_POINT ( 'NONE', #5423 ) ;
#4335 = ORIENTED_EDGE ( 'NONE', *, *, #2369, .F. ) ;
#4336 = PRESENTATION_LAYER_ASSIGNMENT (  '', '', ( #4700 ) ) ;
#4337 = PRESENTATION_LAYER_ASSIGNMENT (  '', '', ( #3644 ) ) ;
#4338 = ORIENTED_EDGE ( 'NONE', *, *, #4263, .T. ) ;
#4339 = VECTOR ( 'NONE', #1725, 1000.000000000000000 ) ;
#4341 = ADVANCED_FACE ( 'NONE', ( #3735 ), #3908, .T. ) ;
#4340 = UNCERTAINTY_MEASURE_WITH_UNIT (LENGTH_MEASURE( 1.000000000000000100E-005 ), #4235, 'distance_accuracy_value', 'NONE');
#4342 =( LENGTH_UNIT ( ) NAMED_UNIT ( * ) SI_UNIT ( .MILLI., .METRE. ) );
#4343 = VERTEX_POINT ( 'NONE', #2381 ) ;
#4344 = VERTEX_POINT ( 'NONE', #3922 ) ;
#4345 =( NAMED_UNIT ( * ) SI_UNIT ( $, .STERADIAN. ) SOLID_ANGLE_UNIT ( ) );
#4346 = FACE_OUTER_BOUND ( 'NONE', #2421, .T. ) ;
#4347 = DIRECTION ( 'NONE',  ( 0.0000000000000000000, 1.000000000000000000, 0.0000000000000000000 ) ) ;
#4348 = MECHANICAL_DESIGN_GEOMETRIC_PRESENTATION_REPRESENTATION (  '', ( #3340 ), #4680 ) ;
#4349 = FILL_AREA_STYLE ('',( #2310 ) ) ;
#4350 = FACE_OUTER_BOUND ( 'NONE', #476, .T. ) ;
#4351 =( NAMED_UNIT ( * ) PLANE_ANGLE_UNIT ( ) SI_UNIT ( $, .RADIAN. ) );
#4352 = COLOUR_RGB ( '',1.000000000000000000, 1.000000000000000000, 1.000000000000000000 ) ;
#4353 = LINE ( 'NONE', #1547, #5542 ) ;
#4354 = LINE ( 'NONE', #5891, #4181 ) ;
#4355 = FACE_BOUND ( 'NONE', #4984, .T. ) ;
#4356 = DIRECTION ( 'NONE',  ( 2.492418787322999200E-016, 0.0000000000000000000, 1.000000000000000000 ) ) ;
#4357 = DIRECTION ( 'NONE',  ( 0.0000000000000000000, 1.000000000000000000, 0.0000000000000000000 ) ) ;
#4358 = ORIENTED_EDGE ( 'NONE', *, *, #3931, .T. ) ;
#4359 = MECHANICAL_DESIGN_GEOMETRIC_PRESENTATION_REPRESENTATION (  '', ( #3350 ), #4690 ) ;
#4360 = DIRECTION ( 'NONE',  ( 0.7071067811865474600, 0.0000000000000000000, 0.7071067811865474600 ) ) ;
#4361 = EDGE_CURVE ( 'NONE', #6089, #3523, #3280, .T. ) ;
#4362 = EDGE_CURVE ( 'NONE', #4535, #5525, #562, .T. ) ;
#4363 = FACE_OUTER_BOUND ( 'NONE', #4825, .T. ) ;
#4364 = SURFACE_STYLE_USAGE ( .BOTH. , #828 ) ;
#4365 = COLOUR_RGB ( '',0.0000000000000000000, 0.03529411764705882300, 0.05882352941176470500 ) ;
#4366 = DIRECTION ( 'NONE',  ( 0.7071067811865474600, 0.0000000000000000000, -0.7071067811865474600 ) ) ;
#4367 = CARTESIAN_POINT ( 'NONE',  ( 0.3200000000000008400, 1.700000000000000000, 7.839999999999999900 ) ) ;
#4368 = CARTESIAN_POINT ( 'NONE',  ( 6.080000000000001000, 1.700000000000000000, 6.080000000000001000 ) ) ;
#4369 = CARTESIAN_POINT ( 'NONE',  ( 0.0000000000000000000, -3.000000000000000000, 0.0000000000000000000 ) ) ;
#4370 = ORIENTED_EDGE ( 'NONE', *, *, #4932, .T. ) ;
#4371 = ORIENTED_EDGE ( 'NONE', *, *, #493, .T. ) ;
#4372 =( NAMED_UNIT ( * ) PLANE_ANGLE_UNIT ( ) SI_UNIT ( $, .RADIAN. ) );
#4373 = FACE_OUTER_BOUND ( 'NONE', #3062, .T. ) ;
#4374 = ADVANCED_FACE ( 'NONE', ( #1766 ), #892, .F. ) ;
#4375 = DIRECTION ( 'NONE',  ( -0.0000000000000000000, -1.000000000000000000, -0.0000000000000000000 ) ) ;
#4376 = EDGE_LOOP ( 'NONE', ( #4988, #4080, #5088, #1562 ) ) ;
#4377 = COLOUR_RGB ( '',0.0000000000000000000, 0.03529411764705882300, 0.05882352941176470500 ) ;
#4378 =( LENGTH_UNIT ( ) NAMED_UNIT ( * ) SI_UNIT ( .MILLI., .METRE. ) );
#4379 = FILL_AREA_STYLE ('',( #3870 ) ) ;
#4380 = CARTESIAN_POINT ( 'NONE',  ( 0.3200000000000025000, 0.2999999999999999300, 9.940000000000001300 ) ) ;
#4381 =( GEOMETRIC_REPRESENTATION_CONTEXT ( 3 ) GLOBAL_UNCERTAINTY_ASSIGNED_CONTEXT ( ( #1024 ) ) GLOBAL_UNIT_ASSIGNED_CONTEXT ( ( #4318, #1298, #4852 ) ) REPRESENTATION_CONTEXT ( 'NONE', 'WORKASPACE' ) );
#4382 =( NAMED_UNIT ( * ) PLANE_ANGLE_UNIT ( ) SI_UNIT ( $, .RADIAN. ) );
#4383 = SURFACE_STYLE_FILL_AREA ( #665 ) ;
#4384 = COLOUR_RGB ( '',1.000000000000000000, 1.000000000000000000, 1.000000000000000000 ) ;
#4385 = FILL_AREA_STYLE ('',( #3875 ) ) ;
#4386 = VECTOR ( 'NONE', #4375, 1000.000000000000000 ) ;
#4387 = FACE_BOUND ( 'NONE', #6494, .T. ) ;
#4388 = MECHANICAL_DESIGN_GEOMETRIC_PRESENTATION_REPRESENTATION (  '', ( #3371 ), #4712 ) ;
#4389 = CARTESIAN_POINT ( 'NONE',  ( -0.3199999999999981700, 1.700000000000000200, 7.400000000000000400 ) ) ;
#4390 = FILL_AREA_STYLE ('',( #5030 ) ) ;
#4391 = CARTESIAN_POINT ( 'NONE',  ( 0.2200000000000006100, -3.000000000000000000, 2.220000000000000200 ) ) ;
#4392 = FACE_OUTER_BOUND ( 'NONE', #274, .T. ) ;
#4393 = DIRECTION ( 'NONE',  ( -0.7071067811865474600, 0.0000000000000000000, -0.7071067811865474600 ) ) ;
#4394 = SURFACE_STYLE_FILL_AREA ( #587 ) ;
#4395 = CARTESIAN_POINT ( 'NONE',  ( -0.2199999999999982000, -3.000000000000000000, 7.299999999999999800 ) ) ;
#4396 = LINE ( 'NONE', #5347, #1697 ) ;
#4397 = EDGE_LOOP ( 'NONE', ( #1260, #6572, #1802, #2512 ) ) ;
#4398 = SURFACE_SIDE_STYLE ('',( #418 ) ) ;
#4399 = UNCERTAINTY_MEASURE_WITH_UNIT (LENGTH_MEASURE( 1.000000000000000100E-005 ), #3108, 'distance_accuracy_value', 'NONE');
#4400 = PLANE ( 'NONE',  #1200 ) ;
#4401 = EDGE_CURVE ( 'NONE', #2659, #2363, #5656, .T. ) ;
#4402 = DIRECTION ( 'NONE',  ( 0.0000000000000000000, 1.000000000000000000, 0.0000000000000000000 ) ) ;
#4403 = EDGE_CURVE ( 'NONE', #5445, #5295, #3111, .T. ) ;
#4404 = ORIENTED_EDGE ( 'NONE', *, *, #246, .T. ) ;
#4405 = MECHANICAL_DESIGN_GEOMETRIC_PRESENTATION_REPRESENTATION (  '', ( #3396 ), #4744 ) ;
#4406 = ADVANCED_FACE ( 'NONE', ( #408 ), #2441, .F. ) ;
#4407 = AXIS2_PLACEMENT_3D ( 'NONE', #5822, #2753, #6318 ) ;
#4408 = ORIENTED_EDGE ( 'NONE', *, *, #5510, .F. ) ;
#4409 =( NAMED_UNIT ( * ) PLANE_ANGLE_UNIT ( ) SI_UNIT ( $, .RADIAN. ) );
#4410 = VERTEX_POINT ( 'NONE', #910 ) ;
#4411 = VERTEX_POINT ( 'NONE', #2463 ) ;
#4412 = CARTESIAN_POINT ( 'NONE',  ( -0.3199999999999981700, -3.000000000000000000, 7.400000000000000400 ) ) ;
#4413 = CARTESIAN_POINT ( 'NONE',  ( 6.330743719800416100E-016, -3.000000000000000000, 2.540000000000000000 ) ) ;
#4414 = ORIENTED_EDGE ( 'NONE', *, *, #5481, .T. ) ;
#4415 = ORIENTED_EDGE ( 'NONE', *, *, #3431, .T. ) ;
#4416 = VERTEX_POINT ( 'NONE', #1951 ) ;
#4417 =( GEOMETRIC_REPRESENTATION_CONTEXT ( 3 ) GLOBAL_UNCERTAINTY_ASSIGNED_CONTEXT ( ( #4097 ) ) GLOBAL_UNIT_ASSIGNED_CONTEXT ( ( #817, #4351, #1321 ) ) REPRESENTATION_CONTEXT ( 'NONE', 'WORKASPACE' ) );
#4418 = SURFACE_STYLE_FILL_AREA ( #6067 ) ;
#4419 = FILL_AREA_STYLE ('',( #875 ) ) ;
#4420 = ORIENTED_EDGE ( 'NONE', *, *, #151, .F. ) ;
#4421 = ORIENTED_EDGE ( 'NONE', *, *, #3664, .T. ) ;
#4422 = CARTESIAN_POINT ( 'NONE',  ( -0.3199999999999988400, 8.339999999999999900, 4.860000000000000300 ) ) ;
#4423 = ORIENTED_EDGE ( 'NONE', *, *, #5358, .T. ) ;
#4424 = DIRECTION ( 'NONE',  ( 0.7071067811865474600, 0.0000000000000000000, 0.7071067811865474600 ) ) ;
#4425 = CARTESIAN_POINT ( 'NONE',  ( 0.8700000000000017700, 1.700000000000000000, 11.43000000000000000 ) ) ;
#4426 = ORIENTED_EDGE ( 'NONE', *, *, #1090, .T. ) ;
#4427 = DIRECTION ( 'NONE',  ( 0.7071067811865474600, 0.0000000000000000000, 0.7071067811865474600 ) ) ;
#4428 = VERTEX_POINT ( 'NONE', #2965 ) ;
#4429 = COLOUR_RGB ( '',0.0000000000000000000, 0.03529411764705882300, 0.05882352941176470500 ) ;
#4430 = VECTOR ( 'NONE', #812, 1000.000000000000000 ) ;
#4431 =( NAMED_UNIT ( * ) SI_UNIT ( $, .STERADIAN. ) SOLID_ANGLE_UNIT ( ) );
#4432 = VECTOR ( 'NONE', #4524, 1000.000000000000000 ) ;
#4433 = PRESENTATION_STYLE_ASSIGNMENT (( #4001 ) ) ;
#4434 =( LENGTH_UNIT ( ) NAMED_UNIT ( * ) SI_UNIT ( .MILLI., .METRE. ) );
#4435 = AXIS2_PLACEMENT_3D ( 'NONE', #2204, #5789, #2707 ) ;
#4436 = ADVANCED_FACE ( 'NONE', ( #6381 ), #5487, .T. ) ;
#4437 = DIRECTION ( 'NONE',  ( 0.0000000000000000000, 1.000000000000000000, 0.0000000000000000000 ) ) ;
#4438 = LINE ( 'NONE', #652, #547 ) ;
#4439 = CARTESIAN_POINT ( 'NONE',  ( 0.2199999999999999700, -3.000000000000000000, -0.3200000000000000600 ) ) ;
#4440 = DIRECTION ( 'NONE',  ( 0.0000000000000000000, 1.000000000000000000, 0.0000000000000000000 ) ) ;
#4441 = DIRECTION ( 'NONE',  ( 0.0000000000000000000, -0.0000000000000000000, -1.000000000000000000 ) ) ;
#4442 = STYLED_ITEM ( 'NONE', ( #5974 ), #3420 ) ;
#4443 = CARTESIAN_POINT ( 'NONE',  ( -0.8700000000000005500, 1.700000000000000000, -1.270000000000000200 ) ) ;
#4444 = LINE ( 'NONE', #2731, #553 ) ;
#4445 = EDGE_CURVE ( 'NONE', #5602, #2966, #5913, .T. ) ;
#4446 = EDGE_CURVE ( 'NONE', #4250, #514, #1993, .T. ) ;
#4447 = LINE ( 'NONE', #3464, #4284 ) ;
#4448 = VERTEX_POINT ( 'NONE', #3500 ) ;
#4449 = EDGE_CURVE ( 'NONE', #2269, #2714, #4530, .T. ) ;
#4450 = DIRECTION ( 'NONE',  ( 1.000000000000000000, -0.0000000000000000000, 0.0000000000000000000 ) ) ;
#4451 = CARTESIAN_POINT ( 'NONE',  ( -0.3199999999999988400, -3.000000000000000000, 4.860000000000000300 ) ) ;
#4452 = STYLED_ITEM ( 'NONE', ( #4139 ), #3836 ) ;
#4453 = VECTOR ( 'NONE', #4822, 1000.000000000000100 ) ;
#4454 = VECTOR ( 'NONE', #3795, 1000.000000000000100 ) ;
#4455 =( LENGTH_UNIT ( ) NAMED_UNIT ( * ) SI_UNIT ( .MILLI., .METRE. ) );
#4456 = VECTOR ( 'NONE', #2419, 1000.000000000000100 ) ;
#4457 = CARTESIAN_POINT ( 'NONE',  ( 1.270000000000000700, 0.0000000000000000000, 6.750000000000000000 ) ) ;
#4458 = VECTOR ( 'NONE', #5688, 1000.000000000000000 ) ;
#4459 = LINE ( 'NONE', #610, #1050 ) ;
#4460 = PLANE ( 'NONE',  #5927 ) ;
#4461 = SURFACE_SIDE_STYLE ('',( #4939 ) ) ;
#4462 = AXIS2_PLACEMENT_3D ( 'NONE', #1699, #5251, #2194 ) ;
#4463 = VECTOR ( 'NONE', #487, 1000.000000000000000 ) ;
#4464 = DIRECTION ( 'NONE',  ( 0.7071067811865474600, 0.0000000000000000000, 0.7071067811865474600 ) ) ;
#4465 = LINE ( 'NONE', #168, #2794 ) ;
#4466 = ADVANCED_FACE ( 'NONE', ( #481 ), #1994, .F. ) ;
#4467 = PRESENTATION_LAYER_ASSIGNMENT (  '', '', ( #4112 ) ) ;
#4468 = LINE ( 'NONE', #5563, #5847 ) ;
#4469 =( NAMED_UNIT ( * ) PLANE_ANGLE_UNIT ( ) SI_UNIT ( $, .RADIAN. ) );
#4470 = SURFACE_STYLE_USAGE ( .BOTH. , #934 ) ;
#4471 = VERTEX_POINT ( 'NONE', #2502 ) ;
#4472 = ORIENTED_EDGE ( 'NONE', *, *, #881, .F. ) ;
#4473 = UNCERTAINTY_MEASURE_WITH_UNIT (LENGTH_MEASURE( 1.000000000000000100E-005 ), #5709, 'distance_accuracy_value', 'NONE');
#4474 = CARTESIAN_POINT ( 'NONE',  ( 1.270000000000000700, 1.700000000000000000, 6.750000000000000000 ) ) ;
#4475 = PRESENTATION_LAYER_ASSIGNMENT (  '', '', ( #3796 ) ) ;
#4476 = ORIENTED_EDGE ( 'NONE', *, *, #2222, .T. ) ;
#4477 = PRESENTATION_LAYER_ASSIGNMENT (  '', '', ( #3799 ) ) ;
#4478 = EDGE_LOOP ( 'NONE', ( #5870, #1888, #2348, #4358 ) ) ;
#4479 = VERTEX_POINT ( 'NONE', #3027 ) ;
#4480 = PRESENTATION_STYLE_ASSIGNMENT (( #5197 ) ) ;
#4481 = CARTESIAN_POINT ( 'NONE',  ( -1.269999999999998500, 0.0000000000000000000, 6.750000000000000000 ) ) ;
#4482 = DIRECTION ( 'NONE',  ( 0.7071067811865474600, 0.0000000000000000000, 0.7071067811865474600 ) ) ;
#4483 = DIRECTION ( 'NONE',  ( -0.0000000000000000000, -1.000000000000000000, -0.0000000000000000000 ) ) ;
#4484 = PRESENTATION_STYLE_ASSIGNMENT (( #3859 ) ) ;
#4485 = EDGE_CURVE ( 'NONE', #4817, #5440, #1, .T. ) ;
#4486 = FILL_AREA_STYLE ('',( #3971 ) ) ;
#4487 = EDGE_CURVE ( 'NONE', #6427, #1580, #1373, .T. ) ;
#4488 = VERTEX_POINT ( 'NONE', #6584 ) ;
#4489 = ORIENTED_EDGE ( 'NONE', *, *, #6420, .T. ) ;
#4490 = LINE ( 'NONE', #6164, #287 ) ;
#4491 = ORIENTED_EDGE ( 'NONE', *, *, #1430, .F. ) ;
#4492 =( GEOMETRIC_REPRESENTATION_CONTEXT ( 3 ) GLOBAL_UNCERTAINTY_ASSIGNED_CONTEXT ( ( #2382 ) ) GLOBAL_UNIT_ASSIGNED_CONTEXT ( ( #2145, #5721, #2654 ) ) REPRESENTATION_CONTEXT ( 'NONE', 'WORKASPACE' ) );
#4493 = VERTEX_POINT ( 'NONE', #4557 ) ;
#4494 = CARTESIAN_POINT ( 'NONE',  ( -0.8699999999999992200, 1.700000000000000000, 3.810000000000000100 ) ) ;
#4495 = ORIENTED_EDGE ( 'NONE', *, *, #4128, .F. ) ;
#4496 = SURFACE_STYLE_USAGE ( .BOTH. , #4550 ) ;
#4497 =( NAMED_UNIT ( * ) PLANE_ANGLE_UNIT ( ) SI_UNIT ( $, .RADIAN. ) );
#4498 = EDGE_LOOP ( 'NONE', ( #1870, #3569, #5009, #6011, #911, #4797, #1255, #1704 ) ) ;
#4499 = ORIENTED_EDGE ( 'NONE', *, *, #4647, .T. ) ;
#4500 = ADVANCED_FACE ( 'NONE', ( #5090 ), #1519, .F. ) ;
#4502 = MECHANICAL_DESIGN_GEOMETRIC_PRESENTATION_REPRESENTATION (  '', ( #3483 ), #4858 ) ;
#4501 =( NAMED_UNIT ( * ) PLANE_ANGLE_UNIT ( ) SI_UNIT ( $, .RADIAN. ) );
#4503 = PRESENTATION_STYLE_ASSIGNMENT (( #1566 ) ) ;
#4504 = PRESENTATION_STYLE_ASSIGNMENT (( #2708 ) ) ;
#4505 = CARTESIAN_POINT ( 'NONE',  ( -0.3200000000000002800, 0.2999999999999999900, -1.270000000000000500 ) ) ;
#4506 =( NAMED_UNIT ( * ) SI_UNIT ( $, .STERADIAN. ) SOLID_ANGLE_UNIT ( ) );
#4507 =( NAMED_UNIT ( * ) SI_UNIT ( $, .STERADIAN. ) SOLID_ANGLE_UNIT ( ) );
#4508 = DIRECTION ( 'NONE',  ( 0.7071067811865474600, 0.0000000000000000000, -0.7071067811865474600 ) ) ;
#4509 = VECTOR ( 'NONE', #2789, 1000.000000000000100 ) ;
#4510 = PRESENTATION_LAYER_ASSIGNMENT (  '', '', ( #3825 ) ) ;
#4511 = LINE ( 'NONE', #4663, #1827 ) ;
#4512 = CARTESIAN_POINT ( 'NONE',  ( -0.3199999999999980600, -3.000000000000000000, 7.839999999999999900 ) ) ;
#4513 = COLOUR_RGB ( '',1.000000000000000000, 1.000000000000000000, 1.000000000000000000 ) ;
#4514 = DIRECTION ( 'NONE',  ( 1.000000000000000000, 0.0000000000000000000, 0.0000000000000000000 ) ) ;
#4515 = PRESENTATION_STYLE_ASSIGNMENT (( #2981 ) ) ;
#4516 = VECTOR ( 'NONE', #3827, 1000.000000000000000 ) ;
#4517 = FILL_AREA_STYLE ('',( #967 ) ) ;
#4518 =( GEOMETRIC_REPRESENTATION_CONTEXT ( 3 ) GLOBAL_UNCERTAINTY_ASSIGNED_CONTEXT ( ( #1435 ) ) GLOBAL_UNIT_ASSIGNED_CONTEXT ( ( #1991, #5544, #2498 ) ) REPRESENTATION_CONTEXT ( 'NONE', 'WORKASPACE' ) );
#4519 =( NAMED_UNIT ( * ) PLANE_ANGLE_UNIT ( ) SI_UNIT ( $, .RADIAN. ) );
#4520 = EDGE_LOOP ( 'NONE', ( #6140, #42, #2543, #6168 ) ) ;
#4521 = EDGE_CURVE ( 'NONE', #5445, #4704, #4606, .T. ) ;
#4522 = VECTOR ( 'NONE', #6207, 1000.000000000000100 ) ;
#4523 = PLANE ( 'NONE',  #701 ) ;
#4524 = DIRECTION ( 'NONE',  ( 2.492418787322998300E-016, 0.0000000000000000000, 1.000000000000000000 ) ) ;
#4525 = PRESENTATION_LAYER_ASSIGNMENT (  '', '', ( #3849 ) ) ;
#4526 = PRESENTATION_STYLE_ASSIGNMENT (( #6429 ) ) ;
#4527 = UNCERTAINTY_MEASURE_WITH_UNIT (LENGTH_MEASURE( 1.000000000000000100E-005 ), #1533, 'distance_accuracy_value', 'NONE');
#4528 = STYLED_ITEM ( 'NONE', ( #1412 ), #5928 ) ;
#4529 = ORIENTED_EDGE ( 'NONE', *, *, #2741, .F. ) ;
#4530 = LINE ( 'NONE', #1479, #5746 ) ;
#4531 = ADVANCED_FACE ( 'NONE', ( #2062 ), #6118, .T. ) ;
#4532 = LINE ( 'NONE', #5249, #5916 ) ;
#4533 = VERTEX_POINT ( 'NONE', #5101 ) ;
#4534 = PRESENTATION_LAYER_ASSIGNMENT (  '', '', ( #3861 ) ) ;
#4535 = VERTEX_POINT ( 'NONE', #2586 ) ;
#4536 = CARTESIAN_POINT ( 'NONE',  ( -0.3199999999999987300, 0.2999999999999999300, 5.299999999999999800 ) ) ;
#4537 =( LENGTH_UNIT ( ) NAMED_UNIT ( * ) SI_UNIT ( .MILLI., .METRE. ) );
#4538 = MECHANICAL_DESIGN_GEOMETRIC_PRESENTATION_REPRESENTATION (  '', ( #3510 ), #4893 ) ;
#4539 = CARTESIAN_POINT ( 'NONE',  ( -7.089999999999999000, 0.2999999999999999900, 5.069999999999999400 ) ) ;
#4540 = FACE_OUTER_BOUND ( 'NONE', #2904, .T. ) ;
#4541 = VECTOR ( 'NONE', #3052, 1000.000000000000000 ) ;
#4542 = VECTOR ( 'NONE', #4625, 1000.000000000000100 ) ;
#4543 = STYLED_ITEM ( 'NONE', ( #1098 ), #6562 ) ;
#4544 = DIRECTION ( 'NONE',  ( 0.0000000000000000000, -0.0000000000000000000, -1.000000000000000000 ) ) ;
#4545 = DIRECTION ( 'NONE',  ( 0.7071067811865474600, 0.0000000000000000000, 0.7071067811865474600 ) ) ;
#4546 = ORIENTED_EDGE ( 'NONE', *, *, #1639, .F. ) ;
#4547 = SURFACE_SIDE_STYLE ('',( #874 ) ) ;
#4548 = ORIENTED_EDGE ( 'NONE', *, *, #5680, .T. ) ;
#4549 = PRESENTATION_STYLE_ASSIGNMENT (( #4691 ) ) ;
#4550 = SURFACE_SIDE_STYLE ('',( #5441 ) ) ;
#4551 = ORIENTED_EDGE ( 'NONE', *, *, #2181, .F. ) ;
#4552 = CARTESIAN_POINT ( 'NONE',  ( 1.270000000000001800, 1.700000000000000000, 11.02999999999999900 ) ) ;
#4553 = VERTEX_POINT ( 'NONE', #5636 ) ;
#4554 = COLOUR_RGB ( '',1.000000000000000000, 1.000000000000000000, 1.000000000000000000 ) ;
#4555 = ADVANCED_FACE ( 'NONE', ( #2780 ), #3599, .T. ) ;
#4556 = VECTOR ( 'NONE', #2672, 1000.000000000000000 ) ;
#4557 = CARTESIAN_POINT ( 'NONE',  ( -0.3199999999999987300, 1.700000000000000000, 5.299999999999999800 ) ) ;
#4558 = VERTEX_POINT ( 'NONE', #2092 ) ;
#4559 =( LENGTH_UNIT ( ) NAMED_UNIT ( * ) SI_UNIT ( .MILLI., .METRE. ) );
#4560 = EDGE_CURVE ( 'NONE', #5525, #2896, #2311, .T. ) ;
#4561 = CARTESIAN_POINT ( 'NONE',  ( -0.3200000000000000600, -3.000000000000000000, -0.2200000000000000800 ) ) ;
#4562 = ORIENTED_EDGE ( 'NONE', *, *, #3931, .F. ) ;
#4563 = ORIENTED_EDGE ( 'NONE', *, *, #5779, .T. ) ;
#4564 = DIRECTION ( 'NONE',  ( 0.0000000000000000000, -0.0000000000000000000, -1.000000000000000000 ) ) ;
#4565 = CARTESIAN_POINT ( 'NONE',  ( -0.2199999999999974500, 8.339999999999999900, 10.48000000000000000 ) ) ;
#4566 = VERTEX_POINT ( 'NONE', #4652 ) ;
#4567 = VERTEX_POINT ( 'NONE', #3126 ) ;
#4568 = EDGE_CURVE ( 'NONE', #3523, #4428, #3491, .T. ) ;
#4569 = EDGE_CURVE ( 'NONE', #5788, #3839, #3641, .T. ) ;
#4570 = ORIENTED_EDGE ( 'NONE', *, *, #6323, .T. ) ;
#4571 = VERTEX_POINT ( 'NONE', #96 ) ;
#4572 = EDGE_LOOP ( 'NONE', ( #6553, #2985, #1948, #4068 ) ) ;
#4573 = EDGE_CURVE ( 'NONE', #6489, #6406, #6041, .T. ) ;
#4574 = ORIENTED_EDGE ( 'NONE', *, *, #1938, .T. ) ;
#4575 = VECTOR ( 'NONE', #1627, 1000.000000000000000 ) ;
#4576 = FILL_AREA_STYLE_COLOUR ( '', #5478 ) ;
#4577 = AXIS2_PLACEMENT_3D ( 'NONE', #3040, #3, #3555 ) ;
#4578 = CARTESIAN_POINT ( 'NONE',  ( 0.3200000000000012800, -3.000000000000000000, 5.299999999999999800 ) ) ;
#4579 = SURFACE_STYLE_USAGE ( .BOTH. , #1031 ) ;
#4580 = FILL_AREA_STYLE ('',( #5209 ) ) ;
#4581 = ORIENTED_EDGE ( 'NONE', *, *, #2733, .T. ) ;
#4582 = VECTOR ( 'NONE', #624, 1000.000000000000000 ) ;
#4583 = SURFACE_SIDE_STYLE ('',( #3772 ) ) ;
#4584 = DIRECTION ( 'NONE',  ( -1.232047923278982200E-016, 0.0000000000000000000, -1.000000000000000000 ) ) ;
#4586 = STYLED_ITEM ( 'NONE', ( #317 ), #1257 ) ;
#4585 = DIRECTION ( 'NONE',  ( 0.0000000000000000000, 0.0000000000000000000, 1.000000000000000000 ) ) ;
#4587 =( LENGTH_UNIT ( ) NAMED_UNIT ( * ) SI_UNIT ( .MILLI., .METRE. ) );
#4588 = ORIENTED_EDGE ( 'NONE', *, *, #3393, .F. ) ;
#4589 = VECTOR ( 'NONE', #5531, 1000.000000000000000 ) ;
#4590 = CARTESIAN_POINT ( 'NONE',  ( -0.3199999999999999500, -3.000000000000000000, 0.2199999999999999700 ) ) ;
#4591 = VECTOR ( 'NONE', #1974, 1000.000000000000100 ) ;
#4592 =( LENGTH_UNIT ( ) NAMED_UNIT ( * ) SI_UNIT ( .MILLI., .METRE. ) );
#4593 = DIRECTION ( 'NONE',  ( 0.0000000000000000000, 1.000000000000000000, 0.0000000000000000000 ) ) ;
#4594 = VECTOR ( 'NONE', #5869, 1000.000000000000000 ) ;
#4595 = UNCERTAINTY_MEASURE_WITH_UNIT (LENGTH_MEASURE( 1.000000000000000100E-005 ), #4378, 'distance_accuracy_value', 'NONE');
#4596 = SURFACE_STYLE_FILL_AREA ( #5644 ) ;
#4597 = SURFACE_SIDE_STYLE ('',( #1579 ) ) ;
#4598 = DIRECTION ( 'NONE',  ( -0.7071067811865474600, -0.0000000000000000000, 0.7071067811865474600 ) ) ;
#4599 = SURFACE_SIDE_STYLE ('',( #615 ) ) ;
#4600 = AXIS2_PLACEMENT_3D ( 'NONE', #5355, #1583, #5137 ) ;
#4601 = ORIENTED_EDGE ( 'NONE', *, *, #1311, .T. ) ;
#4602 = DIRECTION ( 'NONE',  ( 0.0000000000000000000, 1.000000000000000000, 0.0000000000000000000 ) ) ;
#4603 = ORIENTED_EDGE ( 'NONE', *, *, #6192, .F. ) ;
#4604 = AXIS2_PLACEMENT_3D ( 'NONE', #1754, #5315, #2245 ) ;
#4605 =( NAMED_UNIT ( * ) SI_UNIT ( $, .STERADIAN. ) SOLID_ANGLE_UNIT ( ) );
#4606 = LINE ( 'NONE', #5614, #726 ) ;
#4607 = FILL_AREA_STYLE_COLOUR ( '', #3201 ) ;
#4608 = PRESENTATION_STYLE_ASSIGNMENT (( #2294 ) ) ;
#4609 = EDGE_CURVE ( 'NONE', #2898, #2659, #953, .T. ) ;
#4610 = SURFACE_SIDE_STYLE ('',( #305 ) ) ;
#4611 = ORIENTED_EDGE ( 'NONE', *, *, #6131, .F. ) ;
#4612 = EDGE_CURVE ( 'NONE', #995, #1463, #3354, .T. ) ;
#4613 = EDGE_CURVE ( 'NONE', #5052, #2858, #1437, .T. ) ;
#4614 = SURFACE_SIDE_STYLE ('',( #5425 ) ) ;
#4615 = VERTEX_POINT ( 'NONE', #5188 ) ;
#4616 = DIRECTION ( 'NONE',  ( 0.7071067811865474600, -0.0000000000000000000, -0.7071067811865474600 ) ) ;
#4617 = DIRECTION ( 'NONE',  ( 0.0000000000000000000, -0.0000000000000000000, -1.000000000000000000 ) ) ;
#4618 = MECHANICAL_DESIGN_GEOMETRIC_PRESENTATION_REPRESENTATION (  '', ( #3589 ), #4968 ) ;
#4619 = LINE ( 'NONE', #5551, #1775 ) ;
#4620 = VECTOR ( 'NONE', #5738, 1000.000000000000000 ) ;
#4621 = LINE ( 'NONE', #1172, #3438 ) ;
#4622 = CARTESIAN_POINT ( 'NONE',  ( -0.3199999999999981700, -3.000000000000000000, 7.400000000000000400 ) ) ;
#4623 = DIRECTION ( 'NONE',  ( 0.0000000000000000000, 1.000000000000000000, 0.0000000000000000000 ) ) ;
#4624 =( GEOMETRIC_REPRESENTATION_CONTEXT ( 3 ) GLOBAL_UNCERTAINTY_ASSIGNED_CONTEXT ( ( #565 ) ) GLOBAL_UNIT_ASSIGNED_CONTEXT ( ( #3459, #417, #3962 ) ) REPRESENTATION_CONTEXT ( 'NONE', 'WORKASPACE' ) );
#4625 = DIRECTION ( 'NONE',  ( -0.7071067811865474600, -0.0000000000000000000, -0.7071067811865474600 ) ) ;
#4626 =( NAMED_UNIT ( * ) PLANE_ANGLE_UNIT ( ) SI_UNIT ( $, .RADIAN. ) );
#4627 = CARTESIAN_POINT ( 'NONE',  ( 1.269999999999999800, 1.700000000000000000, 3.409999999999999700 ) ) ;
#4628 = CARTESIAN_POINT ( 'NONE',  ( 0.2200000000000013100, 8.339999999999999900, 5.400000000000000400 ) ) ;
#4629 = DIRECTION ( 'NONE',  ( -0.7071067811865474600, -0.0000000000000000000, 0.7071067811865474600 ) ) ;
#4630 = AXIS2_PLACEMENT_3D ( 'NONE', #6257, #3212, #167 ) ;
#4631 = DIRECTION ( 'NONE',  ( 0.7071067811865474600, 0.0000000000000000000, -0.7071067811865474600 ) ) ;
#4632 = DIRECTION ( 'NONE',  ( 0.0000000000000000000, 1.000000000000000000, 0.0000000000000000000 ) ) ;
#4633 = COLOUR_RGB ( '',0.0000000000000000000, 0.03529411764705882300, 0.05882352941176470500 ) ;
#4634 = ORIENTED_EDGE ( 'NONE', *, *, #4210, .F. ) ;
#4635 = ORIENTED_EDGE ( 'NONE', *, *, #622, .F. ) ;
#4636 = LINE ( 'NONE', #105, #589 ) ;
#4637 = ORIENTED_EDGE ( 'NONE', *, *, #3316, .T. ) ;
#4638 = DIRECTION ( 'NONE',  ( 0.0000000000000000000, 1.000000000000000000, 0.0000000000000000000 ) ) ;
#4639 =( LENGTH_UNIT ( ) NAMED_UNIT ( * ) SI_UNIT ( .MILLI., .METRE. ) );
#4640 = EDGE_LOOP ( 'NONE', ( #6490, #3461, #2775, #3614 ) ) ;
#4641 = FILL_AREA_STYLE ('',( #1102 ) ) ;
#4642 = MECHANICAL_DESIGN_GEOMETRIC_PRESENTATION_REPRESENTATION (  '', ( #3617 ), #4995 ) ;
#4643 = CARTESIAN_POINT ( 'NONE',  ( -0.8699999999999976600, 1.700000000000000000, 11.43000000000000100 ) ) ;
#4644 = ORIENTED_EDGE ( 'NONE', *, *, #3214, .F. ) ;
#4645 = ORIENTED_EDGE ( 'NONE', *, *, #3893, .T. ) ;
#4646 = ORIENTED_EDGE ( 'NONE', *, *, #1548, .T. ) ;
#4647 = EDGE_CURVE ( 'NONE', #4704, #1163, #5908, .T. ) ;
#4648 =( LENGTH_UNIT ( ) NAMED_UNIT ( * ) SI_UNIT ( .MILLI., .METRE. ) );
#4649 = ORIENTED_EDGE ( 'NONE', *, *, #1126, .F. ) ;
#4650 = ORIENTED_EDGE ( 'NONE', *, *, #1309, .T. ) ;
#4651 = CARTESIAN_POINT ( 'NONE',  ( 0.2200000000000018900, -3.000000000000000000, 7.299999999999999800 ) ) ;
#4652 = CARTESIAN_POINT ( 'NONE',  ( 1.270000000000002000, 1.700000000000000000, 11.83000000000000000 ) ) ;
#4653 = ORIENTED_EDGE ( 'NONE', *, *, #4221, .T. ) ;
#4654 = PLANE ( 'NONE',  #107 ) ;
#4655 = AXIS2_PLACEMENT_3D ( 'NONE', #2925, #2416, #2394 ) ;
#4656 = COLOUR_RGB ( '',1.000000000000000000, 1.000000000000000000, 1.000000000000000000 ) ;
#4657 = CARTESIAN_POINT ( 'NONE',  ( 0.2200000000000025000, 0.2999999999999999300, 9.839999999999999900 ) ) ;
#4658 = CARTESIAN_POINT ( 'NONE',  ( -0.7500000000000000000, 0.2999999999999999900, 12.38000000000000100 ) ) ;
#4659 = FILL_AREA_STYLE ('',( #4132 ) ) ;
#4660 = ORIENTED_EDGE ( 'NONE', *, *, #4041, .T. ) ;
#4661 = ORIENTED_EDGE ( 'NONE', *, *, #2322, .F. ) ;
#4662 = EDGE_CURVE ( 'NONE', #509, #5599, #1840, .T. ) ;
#4663 = CARTESIAN_POINT ( 'NONE',  ( -0.3199999999999993400, -3.000000000000000000, 2.760000000000000200 ) ) ;
#4664 = PRESENTATION_LAYER_ASSIGNMENT (  '', '', ( #3976 ) ) ;
#4665 = DIRECTION ( 'NONE',  ( -0.7071067811865474600, 0.0000000000000000000, -0.7071067811865474600 ) ) ;
#4666 = LINE ( 'NONE', #3615, #3337 ) ;
#4667 = SURFACE_STYLE_FILL_AREA ( #1375 ) ;
#4668 = FACE_OUTER_BOUND ( 'NONE', #1544, .T. ) ;
#4669 = DIRECTION ( 'NONE',  ( -0.0000000000000000000, -1.000000000000000000, -0.0000000000000000000 ) ) ;
#4670 = CARTESIAN_POINT ( 'NONE',  ( 4.810000000000000500, 1.700000000000000000, 4.810000000000000500 ) ) ;
#4671 = MECHANICAL_DESIGN_GEOMETRIC_PRESENTATION_REPRESENTATION (  '', ( #4700 ), #5019 ) ;
#4673 = MECHANICAL_DESIGN_GEOMETRIC_PRESENTATION_REPRESENTATION (  '', ( #3644 ), #5021 ) ;
#4672 = CARTESIAN_POINT ( 'NONE',  ( -0.3199999999999994500, -3.000000000000000000, 2.319999999999999800 ) ) ;
#4674 = VECTOR ( 'NONE', #1133, 1000.000000000000100 ) ;
#4675 = CARTESIAN_POINT ( 'NONE',  ( -1.269999999999999800, 1.700000000000000000, 1.669999999999999900 ) ) ;
#4676 = CARTESIAN_POINT ( 'NONE',  ( 0.3200000000000025000, 8.339999999999999900, 9.940000000000001300 ) ) ;
#4677 = CARTESIAN_POINT ( 'NONE',  ( -0.2199999999999974500, -3.000000000000000000, 10.48000000000000000 ) ) ;
#4678 = FILL_AREA_STYLE ('',( #1134 ) ) ;
#4679 = UNCERTAINTY_MEASURE_WITH_UNIT (LENGTH_MEASURE( 1.000000000000000100E-005 ), #3210, 'distance_accuracy_value', 'NONE');
#4680 =( GEOMETRIC_REPRESENTATION_CONTEXT ( 3 ) GLOBAL_UNCERTAINTY_ASSIGNED_CONTEXT ( ( #3838 ) ) GLOBAL_UNIT_ASSIGNED_CONTEXT ( ( #4218, #1202, #4750 ) ) REPRESENTATION_CONTEXT ( 'NONE', 'WORKASPACE' ) );
#4681 = ORIENTED_EDGE ( 'NONE', *, *, #6486, .F. ) ;
#4682 = VECTOR ( 'NONE', #620, 1000.000000000000000 ) ;
#4683 = FILL_AREA_STYLE_COLOUR ( '', #5278 ) ;
#4684 = CARTESIAN_POINT ( 'NONE',  ( -0.3199999999999981700, -3.000000000000000000, 7.400000000000000400 ) ) ;
#4685 = VECTOR ( 'NONE', #4834, 1000.000000000000100 ) ;
#4686 = VERTEX_POINT ( 'NONE', #4694 ) ;
#4687 =( LENGTH_UNIT ( ) NAMED_UNIT ( * ) SI_UNIT ( .MILLI., .METRE. ) );
#4688 = ORIENTED_EDGE ( 'NONE', *, *, #5430, .F. ) ;
#4689 = DIRECTION ( 'NONE',  ( -0.7071067811865474600, 0.0000000000000000000, 0.7071067811865474600 ) ) ;
#4690 =( GEOMETRIC_REPRESENTATION_CONTEXT ( 3 ) GLOBAL_UNCERTAINTY_ASSIGNED_CONTEXT ( ( #6059 ) ) GLOBAL_UNIT_ASSIGNED_CONTEXT ( ( #2818, #6394, #3349 ) ) REPRESENTATION_CONTEXT ( 'NONE', 'WORKASPACE' ) );
#4691 = SURFACE_STYLE_USAGE ( .BOTH. , #3918 ) ;
#4692 = DIRECTION ( 'NONE',  ( 1.000000000000000000, 0.0000000000000000000, 0.0000000000000000000 ) ) ;
#4693 = CARTESIAN_POINT ( 'NONE',  ( 0.2200000000000000300, -3.000000000000000000, 0.3199999999999999500 ) ) ;
#4694 = CARTESIAN_POINT ( 'NONE',  ( -0.3199999999999993400, 8.339999999999999900, 2.760000000000000200 ) ) ;
#4695 = EDGE_CURVE ( 'NONE', #1093, #1567, #3012, .T. ) ;
#4696 = SURFACE_STYLE_USAGE ( .BOTH. , #1154 ) ;
#4697 = EDGE_CURVE ( 'NONE', #4410, #3323, #3182, .T. ) ;
#4698 = PLANE ( 'NONE',  #3652 ) ;
#4699 = VECTOR ( 'NONE', #6369, 1000.000000000000100 ) ;
#4700 = STYLED_ITEM ( 'NONE', ( #791 ), #6473 ) ;
#4701 = CARTESIAN_POINT ( 'NONE',  ( -0.2199999999999968100, 8.339999999999999900, 13.02000000000000000 ) ) ;
#4702 = ORIENTED_EDGE ( 'NONE', *, *, #4926, .F. ) ;
#4703 = DIRECTION ( 'NONE',  ( -0.7071067811865474600, 0.0000000000000000000, 0.7071067811865474600 ) ) ;
#4704 = VERTEX_POINT ( 'NONE', #6229 ) ;
#4705 = FACE_OUTER_BOUND ( 'NONE', #3398, .T. ) ;
#4706 =( LENGTH_UNIT ( ) NAMED_UNIT ( * ) SI_UNIT ( .MILLI., .METRE. ) );
#4707 = SURFACE_SIDE_STYLE ('',( #325 ) ) ;
#4708 = LINE ( 'NONE', #5995, #1391 ) ;
#4709 = CARTESIAN_POINT ( 'NONE',  ( 0.2200000000000025500, 0.2999999999999999300, 10.48000000000000000 ) ) ;
#4710 = FILL_AREA_STYLE_COLOUR ( '', #1097 ) ;
#4711 = SURFACE_SIDE_STYLE ('',( #962 ) ) ;
#4712 =( GEOMETRIC_REPRESENTATION_CONTEXT ( 3 ) GLOBAL_UNCERTAINTY_ASSIGNED_CONTEXT ( ( #5010 ) ) GLOBAL_UNIT_ASSIGNED_CONTEXT ( ( #838, #4382, #1352 ) ) REPRESENTATION_CONTEXT ( 'NONE', 'WORKASPACE' ) );
#4713 = ORIENTED_EDGE ( 'NONE', *, *, #1393, .F. ) ;
#4714 = FILL_AREA_STYLE ('',( #4182 ) ) ;
#4715 = CARTESIAN_POINT ( 'NONE',  ( -0.2199999999999969200, -3.000000000000000000, 12.38000000000000100 ) ) ;
#4716 = ORIENTED_EDGE ( 'NONE', *, *, #1742, .T. ) ;
#4717 = SURFACE_STYLE_FILL_AREA ( #4486 ) ;
#4718 = LINE ( 'NONE', #4693, #4556 ) ;
#4719 = EDGE_LOOP ( 'NONE', ( #5319, #203, #6310, #4909 ) ) ;
#4720 = ORIENTED_EDGE ( 'NONE', *, *, #6454, .T. ) ;
#4721 = EDGE_LOOP ( 'NONE', ( #3863, #5854, #6320, #4807 ) ) ;
#4722 = ORIENTED_EDGE ( 'NONE', *, *, #2570, .F. ) ;
#4723 = VERTEX_POINT ( 'NONE', #2152 ) ;
#4724 = PRESENTATION_STYLE_ASSIGNMENT (( #772 ) ) ;
#4725 =( LENGTH_UNIT ( ) NAMED_UNIT ( * ) SI_UNIT ( .MILLI., .METRE. ) );
#4726 = DIRECTION ( 'NONE',  ( 2.492418787322999200E-016, 0.0000000000000000000, 1.000000000000000000 ) ) ;
#4727 = UNCERTAINTY_MEASURE_WITH_UNIT (LENGTH_MEASURE( 1.000000000000000100E-005 ), #1961, 'distance_accuracy_value', 'NONE');
#4728 = STYLED_ITEM ( 'NONE', ( #4131 ), #2727 ) ;
#4729 = CARTESIAN_POINT ( 'NONE',  ( 0.2200000000000000300, 8.339999999999999900, 0.3199999999999999500 ) ) ;
#4730 = STYLED_ITEM ( 'NONE', ( #1876 ), #2234 ) ;
#4731 = FILL_AREA_STYLE ('',( #4208 ) ) ;
#4732 = ORIENTED_EDGE ( 'NONE', *, *, #1275, .T. ) ;
#4733 = EDGE_LOOP ( 'NONE', ( #5413, #54, #3307, #606 ) ) ;
#4734 = ORIENTED_EDGE ( 'NONE', *, *, #1508, .T. ) ;
#4735 = FACE_OUTER_BOUND ( 'NONE', #4937, .T. ) ;
#4736 = ADVANCED_FACE ( 'NONE', ( #4373 ), #147, .T. ) ;
#4737 = FACE_OUTER_BOUND ( 'NONE', #2104, .T. ) ;
#4738 = EDGE_CURVE ( 'NONE', #369, #6422, #3717, .T. ) ;
#4739 = EDGE_CURVE ( 'NONE', #1536, #3752, #5084, .T. ) ;
#4740 = DIRECTION ( 'NONE',  ( 0.7071067811865474600, 0.0000000000000000000, 0.7071067811865474600 ) ) ;
#4741 = FILL_AREA_STYLE_COLOUR ( '', #4071 ) ;
#4742 = DIRECTION ( 'NONE',  ( -1.232047923278982200E-016, -0.0000000000000000000, -1.000000000000000000 ) ) ;
#4743 = CARTESIAN_POINT ( 'NONE',  ( 1.270000000000002000, 0.0000000000000000000, 11.83000000000000000 ) ) ;
#4744 =( GEOMETRIC_REPRESENTATION_CONTEXT ( 3 ) GLOBAL_UNCERTAINTY_ASSIGNED_CONTEXT ( ( #2471 ) ) GLOBAL_UNIT_ASSIGNED_CONTEXT ( ( #1943, #2119, #2504 ) ) REPRESENTATION_CONTEXT ( 'NONE', 'WORKASPACE' ) );
#4745 = VECTOR ( 'NONE', #929, 1000.000000000000100 ) ;
#4746 = PRESENTATION_LAYER_ASSIGNMENT (  '', '', ( #4047 ) ) ;
#4747 =( NAMED_UNIT ( * ) PLANE_ANGLE_UNIT ( ) SI_UNIT ( $, .RADIAN. ) );
#4748 = LINE ( 'NONE', #100, #4582 ) ;
#4749 = SURFACE_SIDE_STYLE ('',( #4383 ) ) ;
#4750 =( NAMED_UNIT ( * ) SI_UNIT ( $, .STERADIAN. ) SOLID_ANGLE_UNIT ( ) );
#4751 = VECTOR ( 'NONE', #4508, 1000.000000000000100 ) ;
#4752 = CARTESIAN_POINT ( 'NONE',  ( 0.3200000000000018900, -3.000000000000000000, 7.400000000000000400 ) ) ;
#4753 = VECTOR ( 'NONE', #2695, 1000.000000000000000 ) ;
#4754 = LINE ( 'NONE', #442, #1902 ) ;
#4755 = DIRECTION ( 'NONE',  ( 2.492418787322998300E-016, 0.0000000000000000000, 1.000000000000000000 ) ) ;
#4756 = FILL_AREA_STYLE ('',( #3719 ) ) ;
#4757 = PRESENTATION_STYLE_ASSIGNMENT (( #1304 ) ) ;
#4758 = FILL_AREA_STYLE_COLOUR ( '', #4998 ) ;
#4759 = CARTESIAN_POINT ( 'NONE',  ( -1.269999999999996900, 1.700000000000000000, 13.57000000000000000 ) ) ;
#4760 = STYLED_ITEM ( 'NONE', ( #1916 ), #4531 ) ;
#4761 = DIRECTION ( 'NONE',  ( 0.7071067811865475700, 0.0000000000000000000, -0.7071067811865475700 ) ) ;
#4762 = PLANE ( 'NONE',  #4604 ) ;
#4763 = DIRECTION ( 'NONE',  ( 1.000000000000000000, 0.0000000000000000000, -1.232047923278982200E-016 ) ) ;
#4764 =( NAMED_UNIT ( * ) SI_UNIT ( $, .STERADIAN. ) SOLID_ANGLE_UNIT ( ) );
#4765 = UNCERTAINTY_MEASURE_WITH_UNIT (LENGTH_MEASURE( 1.000000000000000100E-005 ), #2752, 'distance_accuracy_value', 'NONE');
#4766 = DIRECTION ( 'NONE',  ( 2.492418787322998300E-016, 0.0000000000000000000, 1.000000000000000000 ) ) ;
#4767 = FILL_AREA_STYLE_COLOUR ( '', #5092 ) ;
#4768 = EDGE_LOOP ( 'NONE', ( #3149, #370, #2980, #3049 ) ) ;
#4769 = SURFACE_STYLE_USAGE ( .BOTH. , #1225 ) ;
#4770 = CARTESIAN_POINT ( 'NONE',  ( 0.2200000000000023000, 1.700000000000000000, 7.299999999999999800 ) ) ;
#4771 = ADVANCED_FACE ( 'NONE', ( #1193 ), #5785, .T. ) ;
#4772 =( NAMED_UNIT ( * ) SI_UNIT ( $, .STERADIAN. ) SOLID_ANGLE_UNIT ( ) );
#4773 = PRESENTATION_LAYER_ASSIGNMENT (  '', '', ( #4075 ) ) ;
#4774 = CARTESIAN_POINT ( 'NONE',  ( -0.3199999999999975100, -3.000000000000000000, 9.940000000000001300 ) ) ;
#4775 = DIRECTION ( 'NONE',  ( -0.7071067811865474600, -0.0000000000000000000, 0.7071067811865474600 ) ) ;
#4776 =( NAMED_UNIT ( * ) PLANE_ANGLE_UNIT ( ) SI_UNIT ( $, .RADIAN. ) );
#4777 = VECTOR ( 'NONE', #4003, 1000.000000000000100 ) ;
#4778 = AXIS2_PLACEMENT_3D ( 'NONE', #5619, #2573, #6121 ) ;
#4779 = STYLED_ITEM ( 'NONE', ( #304 ), #5537 ) ;
#4780 = LINE ( 'NONE', #2154, #4620 ) ;
#4781 = VECTOR ( 'NONE', #4692, 1000.000000000000000 ) ;
#4782 = PLANE ( 'NONE',  #2563 ) ;
#4783 = PLANE ( 'NONE',  #2123 ) ;
#4784 =( NAMED_UNIT ( * ) SI_UNIT ( $, .STERADIAN. ) SOLID_ANGLE_UNIT ( ) );
#4785 = EDGE_CURVE ( 'NONE', #3679, #4411, #4444, .T. ) ;
#4786 = EDGE_CURVE ( 'NONE', #6513, #1034, #5817, .T. ) ;
#4787 = FILL_AREA_STYLE ('',( #3828 ) ) ;
#4788 = PRESENTATION_STYLE_ASSIGNMENT (( #835 ) ) ;
#4789 =( NAMED_UNIT ( * ) PLANE_ANGLE_UNIT ( ) SI_UNIT ( $, .RADIAN. ) );
#4790 = SURFACE_STYLE_USAGE ( .BOTH. , #1251 ) ;
#4791 = COLOUR_RGB ( '',0.0000000000000000000, 0.03529411764705882300, 0.05882352941176470500 ) ;
#4792 = DIRECTION ( 'NONE',  ( 0.7071067811865475700, -0.0000000000000000000, 0.7071067811865475700 ) ) ;
#4793 = EDGE_CURVE ( 'NONE', #1439, #913, #3093, .T. ) ;
#4794 = AXIS2_PLACEMENT_3D ( 'NONE', #5770, #2698, #6265 ) ;
#4795 =( NAMED_UNIT ( * ) PLANE_ANGLE_UNIT ( ) SI_UNIT ( $, .RADIAN. ) );
#4796 = SURFACE_STYLE_FILL_AREA ( #672 ) ;
#4797 = ORIENTED_EDGE ( 'NONE', *, *, #3433, .T. ) ;
#4798 = ORIENTED_EDGE ( 'NONE', *, *, #3973, .F. ) ;
#4799 = LINE ( 'NONE', #4316, #2083 ) ;
#4800 =( NAMED_UNIT ( * ) PLANE_ANGLE_UNIT ( ) SI_UNIT ( $, .RADIAN. ) );
#4801 = CARTESIAN_POINT ( 'NONE',  ( -0.3199999999999988400, -3.000000000000000000, 4.860000000000000300 ) ) ;
#4802 =( LENGTH_UNIT ( ) NAMED_UNIT ( * ) SI_UNIT ( .MILLI., .METRE. ) );
#4803 = VERTEX_POINT ( 'NONE', #1243 ) ;
#4804 = CARTESIAN_POINT ( 'NONE',  ( -1.269999999999997400, 0.0000000000000000000, 11.83000000000000000 ) ) ;
#4805 = DIRECTION ( 'NONE',  ( 2.492418787322998300E-016, 0.0000000000000000000, 1.000000000000000000 ) ) ;
#4806 = ORIENTED_EDGE ( 'NONE', *, *, #1982, .T. ) ;
#4807 = ORIENTED_EDGE ( 'NONE', *, *, #5396, .T. ) ;
#4808 = PRESENTATION_STYLE_ASSIGNMENT (( #3753 ) ) ;
#4809 = UNCERTAINTY_MEASURE_WITH_UNIT (LENGTH_MEASURE( 1.000000000000000100E-005 ), #482, 'distance_accuracy_value', 'NONE');
#4810 = PRESENTATION_LAYER_ASSIGNMENT (  '', '', ( #4105 ) ) ;
#4811 = ORIENTED_EDGE ( 'NONE', *, *, #3544, .T. ) ;
#4812 = ADVANCED_FACE ( 'NONE', ( #394 ), #4783, .T. ) ;
#4813 = CARTESIAN_POINT ( 'NONE',  ( -0.7500000000000000000, 0.0000000000000000000, -1.270000000000000500 ) ) ;
#4814 = ORIENTED_EDGE ( 'NONE', *, *, #3087, .F. ) ;
#4815 = FILL_AREA_STYLE ('',( #2757 ) ) ;
#4816 = CARTESIAN_POINT ( 'NONE',  ( -0.3199999999999988400, -3.000000000000000000, 4.860000000000000300 ) ) ;
#4817 = VERTEX_POINT ( 'NONE', #2223 ) ;
#4818 = COLOUR_RGB ( '',1.000000000000000000, 1.000000000000000000, 1.000000000000000000 ) ;
#4819 = DIRECTION ( 'NONE',  ( -0.7071067811865474600, 0.0000000000000000000, -0.7071067811865474600 ) ) ;
#4820 = ORIENTED_EDGE ( 'NONE', *, *, #5080, .T. ) ;
#4821 =( NAMED_UNIT ( * ) PLANE_ANGLE_UNIT ( ) SI_UNIT ( $, .RADIAN. ) );
#4822 = DIRECTION ( 'NONE',  ( -0.7071067811865474600, 0.0000000000000000000, -0.7071067811865474600 ) ) ;
#4823 = MECHANICAL_DESIGN_GEOMETRIC_PRESENTATION_REPRESENTATION (  '', ( #4112 ), #5155 ) ;
#4824 = DIRECTION ( 'NONE',  ( -1.000000000000000000, 0.0000000000000000000, -0.0000000000000000000 ) ) ;
#4825 = EDGE_LOOP ( 'NONE', ( #2983, #2968, #4004, #2722 ) ) ;
#4826 = ORIENTED_EDGE ( 'NONE', *, *, #3306, .F. ) ;
#4827 = ORIENTED_EDGE ( 'NONE', *, *, #443, .F. ) ;
#4828 = LINE ( 'NONE', #6251, #6169 ) ;
#4829 = LINE ( 'NONE', #310, #2108 ) ;
#4830 =( LENGTH_UNIT ( ) NAMED_UNIT ( * ) SI_UNIT ( .MILLI., .METRE. ) );
#4831 = DIRECTION ( 'NONE',  ( -0.0000000000000000000, -1.000000000000000000, -0.0000000000000000000 ) ) ;
#4832 = ORIENTED_EDGE ( 'NONE', *, *, #3215, .T. ) ;
#4833 = ORIENTED_EDGE ( 'NONE', *, *, #5596, .T. ) ;
#4834 = DIRECTION ( 'NONE',  ( -0.7071067811865474600, 0.0000000000000000000, 0.7071067811865474600 ) ) ;
#4835 = MECHANICAL_DESIGN_GEOMETRIC_PRESENTATION_REPRESENTATION (  '', ( #3796 ), #5166 ) ;
#4836 = SURFACE_SIDE_STYLE ('',( #5236 ) ) ;
#4837 = MECHANICAL_DESIGN_GEOMETRIC_PRESENTATION_REPRESENTATION (  '', ( #3799 ), #5168 ) ;
#4838 =( NAMED_UNIT ( * ) SI_UNIT ( $, .STERADIAN. ) SOLID_ANGLE_UNIT ( ) );
#4839 = VECTOR ( 'NONE', #4593, 1000.000000000000000 ) ;
#4840 = UNCERTAINTY_MEASURE_WITH_UNIT (LENGTH_MEASURE( 1.000000000000000100E-005 ), #2746, 'distance_accuracy_value', 'NONE');
#4841 = EDGE_CURVE ( 'NONE', #6311, #5689, #3806, .T. ) ;
#4842 = EDGE_CURVE ( 'NONE', #3158, #2898, #2461, .T. ) ;
#4843 = FACE_OUTER_BOUND ( 'NONE', #521, .T. ) ;
#4844 = EDGE_CURVE ( 'NONE', #4533, #4448, #6510, .T. ) ;
#4845 =( NAMED_UNIT ( * ) SI_UNIT ( $, .STERADIAN. ) SOLID_ANGLE_UNIT ( ) );
#4846 = FACE_OUTER_BOUND ( 'NONE', #989, .T. ) ;
#4847 = CARTESIAN_POINT ( 'NONE',  ( 0.2200000000000031900, -3.000000000000000000, 13.02000000000000000 ) ) ;
#4848 = SURFACE_SIDE_STYLE ('',( #5004 ) ) ;
#4849 = VECTOR ( 'NONE', #6153, 1000.000000000000000 ) ;
#4850 = DIRECTION ( 'NONE',  ( 0.7071067811865475700, 0.0000000000000000000, -0.7071067811865475700 ) ) ;
#4851 = DIRECTION ( 'NONE',  ( 0.7071067811865474600, 0.0000000000000000000, -0.7071067811865474600 ) ) ;
#4852 =( NAMED_UNIT ( * ) SI_UNIT ( $, .STERADIAN. ) SOLID_ANGLE_UNIT ( ) );
#4853 = CARTESIAN_POINT ( 'NONE',  ( 0.7500000000000031100, 0.0000000000000000000, 13.97000000000000100 ) ) ;
#4854 = DIRECTION ( 'NONE',  ( 0.7071067811865474600, 0.0000000000000000000, 0.7071067811865474600 ) ) ;
#4855 = ADVANCED_FACE ( 'NONE', ( #948 ), #3809, .T. ) ;
#4856 = DIRECTION ( 'NONE',  ( -0.7071067811865475700, 0.0000000000000000000, -0.7071067811865475700 ) ) ;
#4857 = SURFACE_STYLE_USAGE ( .BOTH. , #1303 ) ;
#4858 =( GEOMETRIC_REPRESENTATION_CONTEXT ( 3 ) GLOBAL_UNCERTAINTY_ASSIGNED_CONTEXT ( ( #5244 ) ) GLOBAL_UNIT_ASSIGNED_CONTEXT ( ( #5241, #2184, #5764 ) ) REPRESENTATION_CONTEXT ( 'NONE', 'WORKASPACE' ) );
#4859 =( LENGTH_UNIT ( ) NAMED_UNIT ( * ) SI_UNIT ( .MILLI., .METRE. ) );
#4860 = FACE_OUTER_BOUND ( 'NONE', #5699, .T. ) ;
#4861 = ORIENTED_EDGE ( 'NONE', *, *, #528, .F. ) ;
#4862 = FILL_AREA_STYLE_COLOUR ( '', #205 ) ;
#4863 = VECTOR ( 'NONE', #6188, 1000.000000000000000 ) ;
#4864 = LINE ( 'NONE', #1324, #4685 ) ;
#4865 = MECHANICAL_DESIGN_GEOMETRIC_PRESENTATION_REPRESENTATION (  '', ( #3825 ), #5193 ) ;
#4866 =( NAMED_UNIT ( * ) SI_UNIT ( $, .STERADIAN. ) SOLID_ANGLE_UNIT ( ) );
#4867 = ORIENTED_EDGE ( 'NONE', *, *, #2058, .F. ) ;
#4868 = FILL_AREA_STYLE_COLOUR ( '', #5726 ) ;
#4869 = CARTESIAN_POINT ( 'NONE',  ( -0.3199999999999975100, -3.000000000000000000, 9.940000000000001300 ) ) ;
#4870 = CARTESIAN_POINT ( 'NONE',  ( -0.3199999999999968400, 0.2999999999999999300, 12.92000000000000200 ) ) ;
#4871 = COLOUR_RGB ( '',0.0000000000000000000, 0.03529411764705882300, 0.05882352941176470500 ) ;
#4872 = SURFACE_STYLE_USAGE ( .BOTH. , #1316 ) ;
#4873 = PRESENTATION_STYLE_ASSIGNMENT (( #3837 ) ) ;
#4874 = FACE_OUTER_BOUND ( 'NONE', #4721, .T. ) ;
#4875 = DIRECTION ( 'NONE',  ( 0.0000000000000000000, 1.000000000000000000, 0.0000000000000000000 ) ) ;
#4876 = CARTESIAN_POINT ( 'NONE',  ( 0.2200000000000031900, -3.000000000000000000, 13.02000000000000000 ) ) ;
#4877 = EDGE_CURVE ( 'NONE', #444, #4979, #3176, .T. ) ;
#4878 = MECHANICAL_DESIGN_GEOMETRIC_PRESENTATION_REPRESENTATION (  '', ( #3849 ), #5218 ) ;
#4879 = ADVANCED_FACE ( 'NONE', ( #4363 ), #1314, .T. ) ;
#4880 = AXIS2_PLACEMENT_3D ( 'NONE', #4168, #1143, #4689 ) ;
#4881 = ORIENTED_EDGE ( 'NONE', *, *, #4877, .T. ) ;
#4882 =( NAMED_UNIT ( * ) PLANE_ANGLE_UNIT ( ) SI_UNIT ( $, .RADIAN. ) );
#4883 = DIRECTION ( 'NONE',  ( -1.000000000000000000, 0.0000000000000000000, -0.0000000000000000000 ) ) ;
#4884 = FACE_OUTER_BOUND ( 'NONE', #6283, .T. ) ;
#4885 = DIRECTION ( 'NONE',  ( -0.0000000000000000000, -1.000000000000000000, -0.0000000000000000000 ) ) ;
#4886 = DIRECTION ( 'NONE',  ( -0.7071067811865474600, 0.0000000000000000000, 0.7071067811865474600 ) ) ;
#4887 = DIRECTION ( 'NONE',  ( 0.0000000000000000000, -0.0000000000000000000, -1.000000000000000000 ) ) ;
#4888 = ORIENTED_EDGE ( 'NONE', *, *, #6525, .T. ) ;
#4889 = EDGE_LOOP ( 'NONE', ( #6474, #328, #1161, #582 ) ) ;
#4890 = MECHANICAL_DESIGN_GEOMETRIC_PRESENTATION_REPRESENTATION (  '', ( #3861 ), #5229 ) ;
#4891 = COLOUR_RGB ( '',1.000000000000000000, 1.000000000000000000, 1.000000000000000000 ) ;
#4892 = LINE ( 'NONE', #806, #3521 ) ;
#4893 =( GEOMETRIC_REPRESENTATION_CONTEXT ( 3 ) GLOBAL_UNCERTAINTY_ASSIGNED_CONTEXT ( ( #1063 ) ) GLOBAL_UNIT_ASSIGNED_CONTEXT ( ( #2447, #6005, #2947 ) ) REPRESENTATION_CONTEXT ( 'NONE', 'WORKASPACE' ) );
#4894 = ORIENTED_EDGE ( 'NONE', *, *, #4043, .F. ) ;
#4895 = VERTEX_POINT ( 'NONE', #1826 ) ;
#4896 = LINE ( 'NONE', #1432, #3385 ) ;
#4897 =( NAMED_UNIT ( * ) SI_UNIT ( $, .STERADIAN. ) SOLID_ANGLE_UNIT ( ) );
#4898 = SURFACE_STYLE_USAGE ( .BOTH. , #1350 ) ;
#4899 = UNCERTAINTY_MEASURE_WITH_UNIT (LENGTH_MEASURE( 1.000000000000000100E-005 ), #1855, 'distance_accuracy_value', 'NONE');
#4900 = ORIENTED_EDGE ( 'NONE', *, *, #1213, .F. ) ;
#4901 = SURFACE_STYLE_USAGE ( .BOTH. , #1356 ) ;
#4902 = ORIENTED_EDGE ( 'NONE', *, *, #710, .F. ) ;
#4903 = AXIS2_PLACEMENT_3D ( 'NONE', #4413, #1380, #4935 ) ;
#4904 = ORIENTED_EDGE ( 'NONE', *, *, #5432, .T. ) ;
#4905 = LINE ( 'NONE', #1774, #856 ) ;
#4906 = COLOUR_RGB ( '',1.000000000000000000, 1.000000000000000000, 1.000000000000000000 ) ;
#4907 = DIRECTION ( 'NONE',  ( 0.0000000000000000000, 1.000000000000000000, 0.0000000000000000000 ) ) ;
#4908 = ORIENTED_EDGE ( 'NONE', *, *, #4126, .F. ) ;
#4909 = ORIENTED_EDGE ( 'NONE', *, *, #2650, .T. ) ;
#4910 = VERTEX_POINT ( 'NONE', #232 ) ;
#4911 = DIRECTION ( 'NONE',  ( -0.7071067811865474600, -0.0000000000000000000, 0.7071067811865474600 ) ) ;
#4912 = DIRECTION ( 'NONE',  ( -0.7071067811865474600, 0.0000000000000000000, -0.7071067811865474600 ) ) ;
#4913 = DIRECTION ( 'NONE',  ( 1.000000000000000000, 0.0000000000000000000, -1.232047923278982200E-016 ) ) ;
#4914 = PLANE ( 'NONE',  #4903 ) ;
#4915 = AXIS2_PLACEMENT_3D ( 'NONE', #529, #4061, #1043 ) ;
#4916 = ADVANCED_FACE ( 'NONE', ( #5242 ), #1335, .T. ) ;
#4917 = DIRECTION ( 'NONE',  ( -1.000000000000000000, 0.0000000000000000000, -0.0000000000000000000 ) ) ;
#4918 = PRESENTATION_STYLE_ASSIGNMENT (( #6514 ) ) ;
#4919 = VECTOR ( 'NONE', #5149, 1000.000000000000000 ) ;
#4920 =( LENGTH_UNIT ( ) NAMED_UNIT ( * ) SI_UNIT ( .MILLI., .METRE. ) );
#4921 = CARTESIAN_POINT ( 'NONE',  ( 1.270000000000000500, 1.700000000000000000, 5.949999999999999300 ) ) ;
#4922 = SURFACE_SIDE_STYLE ('',( #4667 ) ) ;
#4923 = STYLED_ITEM ( 'NONE', ( #5008 ), #3325 ) ;
#4924 = LINE ( 'NONE', #940, #1018 ) ;
#4925 = VECTOR ( 'NONE', #5178, 1000.000000000000100 ) ;
#4926 = EDGE_CURVE ( 'NONE', #1715, #2420, #3421, .T. ) ;
#4927 = PLANE ( 'NONE',  #5991 ) ;
#4928 = LINE ( 'NONE', #6575, #1023 ) ;
#4929 = EDGE_CURVE ( 'NONE', #1567, #1962, #6109, .T. ) ;
#4930 = EDGE_CURVE ( 'NONE', #39, #2974, #2052, .T. ) ;
#4931 = PRESENTATION_STYLE_ASSIGNMENT (( #1142 ) ) ;
#4932 = EDGE_CURVE ( 'NONE', #4535, #4083, #5970, .T. ) ;
#4933 = CARTESIAN_POINT ( 'NONE',  ( 0.3200000000000012800, 0.2999999999999999300, 5.299999999999999800 ) ) ;
#4934 = PRESENTATION_LAYER_ASSIGNMENT (  '', '', ( #4222 ) ) ;
#4935 = DIRECTION ( 'NONE',  ( 0.0000000000000000000, -0.0000000000000000000, -1.000000000000000000 ) ) ;
#4936 = PRESENTATION_STYLE_ASSIGNMENT (( #3241 ) ) ;
#4937 = EDGE_LOOP ( 'NONE', ( #3721, #5047, #6174, #638 ) ) ;
#4938 = SURFACE_STYLE_USAGE ( .BOTH. , #1383 ) ;
#4939 = SURFACE_STYLE_FILL_AREA ( #914 ) ;
#4940 = EDGE_LOOP ( 'NONE', ( #6340, #1675, #5226, #3235 ) ) ;
#4941 = EDGE_LOOP ( 'NONE', ( #2098, #1502, #5292, #4319 ) ) ;
#4942 = CARTESIAN_POINT ( 'NONE',  ( -0.3199999999999969500, 8.339999999999999900, 12.48000000000000200 ) ) ;
#4943 = AXIS2_PLACEMENT_3D ( 'NONE', #4622, #1584, #5138 ) ;
#4944 = DIRECTION ( 'NONE',  ( -1.232047923278982200E-016, -0.0000000000000000000, -1.000000000000000000 ) ) ;
#4945 = PRESENTATION_STYLE_ASSIGNMENT (( #4790 ) ) ;
#4946 = CARTESIAN_POINT ( 'NONE',  ( -0.8699999999999981100, 1.700000000000000000, 8.890000000000000600 ) ) ;
#4947 = ADVANCED_FACE ( 'NONE', ( #5815 ), #6372, .T. ) ;
#4948 = UNCERTAINTY_MEASURE_WITH_UNIT (LENGTH_MEASURE( 1.000000000000000100E-005 ), #4455, 'distance_accuracy_value', 'NONE');
#4949 = PRESENTATION_STYLE_ASSIGNMENT (( #2610 ) ) ;
#4950 = STYLED_ITEM ( 'NONE', ( #3081 ), #5277 ) ;
#4951 = COLOUR_RGB ( '',1.000000000000000000, 1.000000000000000000, 1.000000000000000000 ) ;
#4952 = CARTESIAN_POINT ( 'NONE',  ( 0.2200000000000012500, -3.000000000000000000, 4.760000000000000700 ) ) ;
#4953 = VECTOR ( 'NONE', #1128, 1000.000000000000000 ) ;
#4954 =( NAMED_UNIT ( * ) SI_UNIT ( $, .STERADIAN. ) SOLID_ANGLE_UNIT ( ) );
#4955 = VECTOR ( 'NONE', #4669, 1000.000000000000000 ) ;
#4956 = DIRECTION ( 'NONE',  ( 0.7071067811865474600, 0.0000000000000000000, 0.7071067811865474600 ) ) ;
#4957 = FACE_OUTER_BOUND ( 'NONE', #2593, .T. ) ;
#4958 = PRESENTATION_LAYER_ASSIGNMENT (  '', '', ( #4253 ) ) ;
#4959 = PRESENTATION_LAYER_ASSIGNMENT (  '', '', ( #4256 ) ) ;
#4960 = LINE ( 'NONE', #4752, #3590 ) ;
#4961 = COLOUR_RGB ( '',1.000000000000000000, 1.000000000000000000, 1.000000000000000000 ) ;
#4962 = DIRECTION ( 'NONE',  ( -0.7071067811865474600, 0.0000000000000000000, -0.7071067811865474600 ) ) ;
#4963 = CARTESIAN_POINT ( 'NONE',  ( -0.2199999999999974500, -3.000000000000000000, 10.48000000000000000 ) ) ;
#4964 = EDGE_CURVE ( 'NONE', #6475, #6244, #5333, .T. ) ;
#4965 = EDGE_CURVE ( 'NONE', #4558, #5874, #71, .T. ) ;
#4966 = DIRECTION ( 'NONE',  ( -0.7071067811865474600, 0.0000000000000000000, -0.7071067811865474600 ) ) ;
#4967 = EDGE_CURVE ( 'NONE', #607, #4411, #3954, .T. ) ;
#4968 =( GEOMETRIC_REPRESENTATION_CONTEXT ( 3 ) GLOBAL_UNCERTAINTY_ASSIGNED_CONTEXT ( ( #5936 ) ) GLOBAL_UNIT_ASSIGNED_CONTEXT ( ( #5959, #2890, #6456 ) ) REPRESENTATION_CONTEXT ( 'NONE', 'WORKASPACE' ) );
#4969 = EDGE_LOOP ( 'NONE', ( #5743, #3225, #1244, #1550 ) ) ;
#4970 = DIRECTION ( 'NONE',  ( -0.0000000000000000000, -1.000000000000000000, -0.0000000000000000000 ) ) ;
#4971 = ORIENTED_EDGE ( 'NONE', *, *, #5986, .F. ) ;
#4972 = VERTEX_POINT ( 'NONE', #5392 ) ;
#4973 = VERTEX_POINT ( 'NONE', #2848 ) ;
#4974 = PRESENTATION_STYLE_ASSIGNMENT (( #4901 ) ) ;
#4975 = ADVANCED_FACE ( 'NONE', ( #1278 ), #5915, .F. ) ;
#4976 = PRESENTATION_STYLE_ASSIGNMENT (( #1537 ) ) ;
#4977 = UNCERTAINTY_MEASURE_WITH_UNIT (LENGTH_MEASURE( 1.000000000000000100E-005 ), #3830, 'distance_accuracy_value', 'NONE');
#4978 = ORIENTED_EDGE ( 'NONE', *, *, #3803, .T. ) ;
#4979 = VERTEX_POINT ( 'NONE', #1857 ) ;
#4980 = FILL_AREA_STYLE ('',( #6488 ) ) ;
#4981 = EDGE_LOOP ( 'NONE', ( #5046, #2661, #2426, #363 ) ) ;
#4982 =( LENGTH_UNIT ( ) NAMED_UNIT ( * ) SI_UNIT ( .MILLI., .METRE. ) );
#4983 = FILL_AREA_STYLE ('',( #3912 ) ) ;
#4984 = EDGE_LOOP ( 'NONE', ( #180, #3015, #6008, #2106, #586, #3146, #2271, #2279 ) ) ;
#4985 = CARTESIAN_POINT ( 'NONE',  ( 0.8700000000000005500, 1.700000000000000000, 6.349999999999999600 ) ) ;
#4986 = PRESENTATION_LAYER_ASSIGNMENT (  '', '', ( #4287 ) ) ;
#4987 = ORIENTED_EDGE ( 'NONE', *, *, #799, .F. ) ;
#4988 = ORIENTED_EDGE ( 'NONE', *, *, #2824, .T. ) ;
#4989 = FACE_OUTER_BOUND ( 'NONE', #3877, .T. ) ;
#4990 = PLANE ( 'NONE',  #3310 ) ;
#4991 = LINE ( 'NONE', #3059, #1099 ) ;
#4992 = VECTOR ( 'NONE', #3250, 1000.000000000000100 ) ;
#4993 =( NAMED_UNIT ( * ) PLANE_ANGLE_UNIT ( ) SI_UNIT ( $, .RADIAN. ) );
#4994 = SURFACE_STYLE_FILL_AREA ( #1788 ) ;
#4995 =( GEOMETRIC_REPRESENTATION_CONTEXT ( 3 ) GLOBAL_UNCERTAINTY_ASSIGNED_CONTEXT ( ( #4977 ) ) GLOBAL_UNIT_ASSIGNED_CONTEXT ( ( #3830, #807, #4345 ) ) REPRESENTATION_CONTEXT ( 'NONE', 'WORKASPACE' ) );
#4996 = LINE ( 'NONE', #556, #6360 ) ;
#4997 = DIRECTION ( 'NONE',  ( 0.7071067811865474600, 0.0000000000000000000, 0.7071067811865474600 ) ) ;
#4998 = COLOUR_RGB ( '',1.000000000000000000, 1.000000000000000000, 1.000000000000000000 ) ;
#4999 = EDGE_CURVE ( 'NONE', #4007, #6406, #2765, .T. ) ;
#5000 = CARTESIAN_POINT ( 'NONE',  ( -0.3199999999999993400, 0.2999999999999999300, 2.760000000000000200 ) ) ;
#5001 = PRESENTATION_LAYER_ASSIGNMENT (  '', '', ( #4309 ) ) ;
#5002 = STYLED_ITEM ( 'NONE', ( #4503 ), #5824 ) ;
#5003 = SURFACE_STYLE_USAGE ( .BOTH. , #1445 ) ;
#5004 = SURFACE_STYLE_FILL_AREA ( #1295 ) ;
#5005 = SURFACE_STYLE_FILL_AREA ( #6127 ) ;
#5006 = ADVANCED_FACE ( 'NONE', ( #3342 ), #4400, .T. ) ;
#5007 = EDGE_CURVE ( 'NONE', #6560, #5613, #143, .T. ) ;
#5008 = PRESENTATION_STYLE_ASSIGNMENT (( #2509 ) ) ;
#5009 = ORIENTED_EDGE ( 'NONE', *, *, #1900, .T. ) ;
#5010 = UNCERTAINTY_MEASURE_WITH_UNIT (LENGTH_MEASURE( 1.000000000000000100E-005 ), #838, 'distance_accuracy_value', 'NONE');
#5011 = DIRECTION ( 'NONE',  ( 0.7071067811865474600, 0.0000000000000000000, -0.7071067811865474600 ) ) ;
#5012 = DIRECTION ( 'NONE',  ( 2.492418787322998300E-016, 0.0000000000000000000, 1.000000000000000000 ) ) ;
#5013 = MECHANICAL_DESIGN_GEOMETRIC_PRESENTATION_REPRESENTATION (  '', ( #3976 ), #5363 ) ;
#5014 = PRESENTATION_STYLE_ASSIGNMENT (( #3979 ) ) ;
#5015 = LINE ( 'NONE', #1643, #2317 ) ;
#5016 = VECTOR ( 'NONE', #1165, 1000.000000000000000 ) ;
#5017 = FILL_AREA_STYLE_COLOUR ( '', #541 ) ;
#5018 = CARTESIAN_POINT ( 'NONE',  ( -0.2199999999999968100, -3.000000000000000000, 13.02000000000000000 ) ) ;
#5019 =( GEOMETRIC_REPRESENTATION_CONTEXT ( 3 ) GLOBAL_UNCERTAINTY_ASSIGNED_CONTEXT ( ( #4226 ) ) GLOBAL_UNIT_ASSIGNED_CONTEXT ( ( #5856, #2790, #6364 ) ) REPRESENTATION_CONTEXT ( 'NONE', 'WORKASPACE' ) );
#5020 = CARTESIAN_POINT ( 'NONE',  ( -0.2199999999999994700, -3.000000000000000000, 2.220000000000000200 ) ) ;
#5021 =( GEOMETRIC_REPRESENTATION_CONTEXT ( 3 ) GLOBAL_UNCERTAINTY_ASSIGNED_CONTEXT ( ( #2409 ) ) GLOBAL_UNIT_ASSIGNED_CONTEXT ( ( #970, #4519, #1481 ) ) REPRESENTATION_CONTEXT ( 'NONE', 'WORKASPACE' ) );
#5022 = CARTESIAN_POINT ( 'NONE',  ( 0.3200000000000012800, -3.000000000000000000, 5.299999999999999800 ) ) ;
#5023 = FACE_OUTER_BOUND ( 'NONE', #220, .T. ) ;
#5024 = UNCERTAINTY_MEASURE_WITH_UNIT (LENGTH_MEASURE( 1.000000000000000100E-005 ), #2677, 'distance_accuracy_value', 'NONE');
#5025 = VECTOR ( 'NONE', #3751, 1000.000000000000000 ) ;
#5026 = DIRECTION ( 'NONE',  ( 0.7071067811865474600, 0.0000000000000000000, 0.7071067811865474600 ) ) ;
#5027 = PRESENTATION_STYLE_ASSIGNMENT (( #1038 ) ) ;
#5028 = SURFACE_STYLE_FILL_AREA ( #31 ) ;
#5029 = CARTESIAN_POINT ( 'NONE',  ( -1.270000000000000000, 1.700000000000000000, 0.8699999999999998800 ) ) ;
#5030 = FILL_AREA_STYLE_COLOUR ( '', #6065 ) ;
#5031 = COLOUR_RGB ( '',0.0000000000000000000, 0.03529411764705882300, 0.05882352941176470500 ) ;
#5032 = ORIENTED_EDGE ( 'NONE', *, *, #623, .F. ) ;
#5033 = SURFACE_STYLE_USAGE ( .BOTH. , #1476 ) ;
#5034 = VECTOR ( 'NONE', #260, 1000.000000000000000 ) ;
#5035 = ADVANCED_FACE ( 'NONE', ( #1492 ), #864, .T. ) ;
#5036 = ORIENTED_EDGE ( 'NONE', *, *, #3306, .T. ) ;
#5037 = VERTEX_POINT ( 'NONE', #4425 ) ;
#5038 = ORIENTED_EDGE ( 'NONE', *, *, #5312, .T. ) ;
#5039 = DIRECTION ( 'NONE',  ( -1.000000000000000000, 0.0000000000000000000, 0.0000000000000000000 ) ) ;
#5040 = CARTESIAN_POINT ( 'NONE',  ( 0.3199999999999999500, -3.000000000000000000, -0.2200000000000000800 ) ) ;
#5041 = LINE ( 'NONE', #5829, #3674 ) ;
#5042 = LINE ( 'NONE', #5965, #2345 ) ;
#5043 = EDGE_CURVE ( 'NONE', #3206, #5799, #1659, .T. ) ;
#5044 = EDGE_CURVE ( 'NONE', #514, #1648, #5547, .T. ) ;
#5045 = EDGE_CURVE ( 'NONE', #6406, #3934, #2849, .T. ) ;
#5046 = ORIENTED_EDGE ( 'NONE', *, *, #2484, .F. ) ;
#5047 = ORIENTED_EDGE ( 'NONE', *, *, #6025, .F. ) ;
#5048 = LINE ( 'NONE', #3953, #6069 ) ;
#5049 = ORIENTED_EDGE ( 'NONE', *, *, #1048, .T. ) ;
#5050 = CARTESIAN_POINT ( 'NONE',  ( 1.270000000000000500, 1.700000000000000000, 5.949999999999999300 ) ) ;
#5051 = AXIS2_PLACEMENT_3D ( 'NONE', #1253, #4792, #1761 ) ;
#5052 = VERTEX_POINT ( 'NONE', #916 ) ;
#5053 = ORIENTED_EDGE ( 'NONE', *, *, #5962, .T. ) ;
#5054 = CARTESIAN_POINT ( 'NONE',  ( -0.3199999999999994500, -3.000000000000000000, 2.319999999999999800 ) ) ;
#5055 = ORIENTED_EDGE ( 'NONE', *, *, #366, .T. ) ;
#5056 = CARTESIAN_POINT ( 'NONE',  ( 1.260000000000000500, 0.2999999999999999900, 0.7399999999999999900 ) ) ;
#5057 = DIRECTION ( 'NONE',  ( -0.7071067811865475700, 0.0000000000000000000, 0.7071067811865475700 ) ) ;
#5058 = EDGE_LOOP ( 'NONE', ( #1233, #1526, #4072, #5082 ) ) ;
#5059 = EDGE_LOOP ( 'NONE', ( #3999, #833, #6426, #292, #6163, #611, #1403, #2616 ) ) ;
#5061 = STYLED_ITEM ( 'NONE', ( #6377 ), #1004 ) ;
#5060 = DIRECTION ( 'NONE',  ( 1.000000000000000000, 0.0000000000000000000, -2.492418787322998300E-016 ) ) ;
#5062 = ORIENTED_EDGE ( 'NONE', *, *, #991, .T. ) ;
#5063 = CARTESIAN_POINT ( 'NONE',  ( -0.2199999999999994700, -3.000000000000000000, 2.220000000000000200 ) ) ;
#5064 = SURFACE_STYLE_USAGE ( .BOTH. , #1503 ) ;
#5065 = DIRECTION ( 'NONE',  ( 2.464095846557964400E-016, 0.0000000000000000000, 1.000000000000000000 ) ) ;
#5066 = CARTESIAN_POINT ( 'NONE',  ( -0.2199999999999994700, 0.2999999999999999300, 2.220000000000000200 ) ) ;
#5067 = ORIENTED_EDGE ( 'NONE', *, *, #233, .F. ) ;
#5068 = VECTOR ( 'NONE', #4970, 1000.000000000000000 ) ;
#5069 = ADVANCED_FACE ( 'NONE', ( #1491 ), #1428, .T. ) ;
#5070 =( LENGTH_UNIT ( ) NAMED_UNIT ( * ) SI_UNIT ( .MILLI., .METRE. ) );
#5071 = DIRECTION ( 'NONE',  ( -0.0000000000000000000, -1.000000000000000000, -0.0000000000000000000 ) ) ;
#5072 = DIRECTION ( 'NONE',  ( 2.464095846557964400E-016, 0.0000000000000000000, 1.000000000000000000 ) ) ;
#5073 = AXIS2_PLACEMENT_3D ( 'NONE', #4211, #1192, #4740 ) ;
#5074 = DIRECTION ( 'NONE',  ( -0.7071067811865474600, 0.0000000000000000000, 0.7071067811865474600 ) ) ;
#5075 = AXIS2_PLACEMENT_3D ( 'NONE', #122, #3663, #640 ) ;
#5076 = VECTOR ( 'NONE', #584, 1000.000000000000000 ) ;
#5077 = ORIENTED_EDGE ( 'NONE', *, *, #4126, .T. ) ;
#5078 = FILL_AREA_STYLE_COLOUR ( '', #6448 ) ;
#5079 =( NAMED_UNIT ( * ) SI_UNIT ( $, .STERADIAN. ) SOLID_ANGLE_UNIT ( ) );
#5080 = EDGE_CURVE ( 'NONE', #4615, #1873, #4924, .T. ) ;
#5081 = DIRECTION ( 'NONE',  ( 0.0000000000000000000, 1.000000000000000000, 0.0000000000000000000 ) ) ;
#5082 = ORIENTED_EDGE ( 'NONE', *, *, #2782, .F. ) ;
#5083 = EDGE_CURVE ( 'NONE', #3862, #3776, #6263, .T. ) ;
#5084 = LINE ( 'NONE', #5215, #1028 ) ;
#5085 = CARTESIAN_POINT ( 'NONE',  ( -1.270000000000000000, 1.700000000000000000, 0.8699999999999998800 ) ) ;
#5086 = LINE ( 'NONE', #1409, #2546 ) ;
#5087 = MECHANICAL_DESIGN_GEOMETRIC_PRESENTATION_REPRESENTATION (  '', ( #4047 ), #5435 ) ;
#5088 = ORIENTED_EDGE ( 'NONE', *, *, #4315, .F. ) ;
#5089 = ORIENTED_EDGE ( 'NONE', *, *, #4403, .T. ) ;
#5090 = FACE_OUTER_BOUND ( 'NONE', #1623, .T. ) ;
#5091 = UNCERTAINTY_MEASURE_WITH_UNIT (LENGTH_MEASURE( 1.000000000000000100E-005 ), #5111, 'distance_accuracy_value', 'NONE');
#5092 = COLOUR_RGB ( '',1.000000000000000000, 1.000000000000000000, 1.000000000000000000 ) ;
#5093 = SURFACE_STYLE_FILL_AREA ( #6313 ) ;
#5094 = DIRECTION ( 'NONE',  ( 0.0000000000000000000, 1.000000000000000000, 0.0000000000000000000 ) ) ;
#5095 =( NAMED_UNIT ( * ) PLANE_ANGLE_UNIT ( ) SI_UNIT ( $, .RADIAN. ) );
#5096 = LINE ( 'NONE', #5949, #1208 ) ;
#5097 = CARTESIAN_POINT ( 'NONE',  ( -1.269999999999997600, 1.700000000000000000, 11.02999999999999900 ) ) ;
#5098 = STYLED_ITEM ( 'NONE', ( #5572 ), #4298 ) ;
#5099 =( LENGTH_UNIT ( ) NAMED_UNIT ( * ) SI_UNIT ( .MILLI., .METRE. ) );
#5100 = CARTESIAN_POINT ( 'NONE',  ( -0.3199999999999991200, 0.2999999999999999900, 4.859999999999998500 ) ) ;
#5101 = CARTESIAN_POINT ( 'NONE',  ( -0.2199999999999988100, -3.000000000000000000, 4.760000000000000700 ) ) ;
#5102 =( NAMED_UNIT ( * ) SI_UNIT ( $, .STERADIAN. ) SOLID_ANGLE_UNIT ( ) );
#5103 = VECTOR ( 'NONE', #82, 1000.000000000000100 ) ;
#5104 = AXIS2_PLACEMENT_3D ( 'NONE', #4058, #1037, #4585 ) ;
#5105 = LINE ( 'NONE', #2136, #4955 ) ;
#5106 =( NAMED_UNIT ( * ) SI_UNIT ( $, .STERADIAN. ) SOLID_ANGLE_UNIT ( ) );
#5107 = FILL_AREA_STYLE_COLOUR ( '', #5714 ) ;
#5108 = LINE ( 'NONE', #3841, #6467 ) ;
#5109 = VECTOR ( 'NONE', #736, 1000.000000000000000 ) ;
#5110 = LINE ( 'NONE', #3880, #1227 ) ;
#5111 =( LENGTH_UNIT ( ) NAMED_UNIT ( * ) SI_UNIT ( .MILLI., .METRE. ) );
#5112 = VERTEX_POINT ( 'NONE', #2973 ) ;
#5113 = MECHANICAL_DESIGN_GEOMETRIC_PRESENTATION_REPRESENTATION (  '', ( #4075 ), #5464 ) ;
#5114 =( LENGTH_UNIT ( ) NAMED_UNIT ( * ) SI_UNIT ( .MILLI., .METRE. ) );
#5115 = EDGE_LOOP ( 'NONE', ( #3847, #6342, #436, #4688, #5296, #1478, #1082, #1249 ) ) ;
#5116 = CARTESIAN_POINT ( 'NONE',  ( 1.270000000000000500, 1.700000000000000000, 5.949999999999999300 ) ) ;
#5117 = CARTESIAN_POINT ( 'NONE',  ( -0.2199999999999993600, -3.000000000000000000, 2.860000000000000300 ) ) ;
#5118 = ORIENTED_EDGE ( 'NONE', *, *, #4844, .T. ) ;
#5119 = DIRECTION ( 'NONE',  ( -1.000000000000000000, 0.0000000000000000000, 2.464095846557964400E-016 ) ) ;
#5120 = EDGE_LOOP ( 'NONE', ( #2172, #243, #4601, #3382 ) ) ;
#5121 = FILL_AREA_STYLE ('',( #4607 ) ) ;
#5122 = PRESENTATION_LAYER_ASSIGNMENT (  '', '', ( #4442 ) ) ;
#5123 = AXIS2_PLACEMENT_3D ( 'NONE', #4295, #1279, #4824 ) ;
#5124 =( LENGTH_UNIT ( ) NAMED_UNIT ( * ) SI_UNIT ( .MILLI., .METRE. ) );
#5125 =( LENGTH_UNIT ( ) NAMED_UNIT ( * ) SI_UNIT ( .MILLI., .METRE. ) );
#5126 = FILL_AREA_STYLE ('',( #5107 ) ) ;
#5127 = CARTESIAN_POINT ( 'NONE',  ( -0.7500000000000000000, 0.2999999999999999900, 13.02000000000000000 ) ) ;
#5128 = VERTEX_POINT ( 'NONE', #5000 ) ;
#5129 = STYLED_ITEM ( 'NONE', ( #4484 ), #2 ) ;
#5130 = LINE ( 'NONE', #2033, #1246 ) ;
#5131 = EDGE_CURVE ( 'NONE', #935, #6002, #3556, .T. ) ;
#5132 = ORIENTED_EDGE ( 'NONE', *, *, #1051, .F. ) ;
#5133 = ORIENTED_EDGE ( 'NONE', *, *, #185, .F. ) ;
#5134 = EDGE_LOOP ( 'NONE', ( #3764, #5997, #1727, #511 ) ) ;
#5135 = EDGE_CURVE ( 'NONE', #1792, #1717, #2196, .T. ) ;
#5136 = PRESENTATION_LAYER_ASSIGNMENT (  '', '', ( #4452 ) ) ;
#5137 = DIRECTION ( 'NONE',  ( 0.7071067811865474600, 0.0000000000000000000, 0.7071067811865474600 ) ) ;
#5138 = DIRECTION ( 'NONE',  ( -0.7071067811865474600, 0.0000000000000000000, 0.7071067811865474600 ) ) ;
#5139 = DIRECTION ( 'NONE',  ( -0.0000000000000000000, -1.000000000000000000, -0.0000000000000000000 ) ) ;
#5140 = EDGE_LOOP ( 'NONE', ( #5582, #519, #5246, #201 ) ) ;
#5141 = ORIENTED_EDGE ( 'NONE', *, *, #5958, .F. ) ;
#5142 = VECTOR ( 'NONE', #3532, 1000.000000000000000 ) ;
#5143 = VECTOR ( 'NONE', #1687, 1000.000000000000000 ) ;
#5144 = COLOUR_RGB ( '',1.000000000000000000, 1.000000000000000000, 1.000000000000000000 ) ;
#5145 = DIRECTION ( 'NONE',  ( -0.7071067811865474600, 0.0000000000000000000, 0.7071067811865474600 ) ) ;
#5146 = MECHANICAL_DESIGN_GEOMETRIC_PRESENTATION_REPRESENTATION (  '', ( #4105 ), #5493 ) ;
#5147 = CARTESIAN_POINT ( 'NONE',  ( -0.8700000000000005500, 0.0000000000000000000, -1.270000000000000200 ) ) ;
#5148 = LINE ( 'NONE', #224, #4992 ) ;
#5149 = DIRECTION ( 'NONE',  ( 0.0000000000000000000, 1.000000000000000000, 0.0000000000000000000 ) ) ;
#5150 = PLANE ( 'NONE',  #5786 ) ;
#5151 = PLANE ( 'NONE',  #1796 ) ;
#5152 = CARTESIAN_POINT ( 'NONE',  ( 0.3200000000000031200, -3.000000000000000000, 12.48000000000000200 ) ) ;
#5153 = PLANE ( 'NONE',  #1621 ) ;
#5154 = PLANE ( 'NONE',  #3475 ) ;
#5155 =( GEOMETRIC_REPRESENTATION_CONTEXT ( 3 ) GLOBAL_UNCERTAINTY_ASSIGNED_CONTEXT ( ( #802 ) ) GLOBAL_UNIT_ASSIGNED_CONTEXT ( ( #6172, #3133, #87 ) ) REPRESENTATION_CONTEXT ( 'NONE', 'WORKASPACE' ) );
#5156 = COLOUR_RGB ( '',0.0000000000000000000, 0.03529411764705882300, 0.05882352941176470500 ) ;
#5157 = LINE ( 'NONE', #5774, #1106 ) ;
#5158 = FACE_OUTER_BOUND ( 'NONE', #6414, .T. ) ;
#5159 = CARTESIAN_POINT ( 'NONE',  ( 0.7500000000000000000, 0.2999999999999999900, -1.270000000000000500 ) ) ;
#5160 =( NAMED_UNIT ( * ) SI_UNIT ( $, .STERADIAN. ) SOLID_ANGLE_UNIT ( ) );
#5161 = VECTOR ( 'NONE', #1755, 1000.000000000000000 ) ;
#5162 = ORIENTED_EDGE ( 'NONE', *, *, #4262, .T. ) ;
#5163 = SURFACE_STYLE_USAGE ( .BOTH. , #1605 ) ;
#5164 = LINE ( 'NONE', #4074, #2462 ) ;
#5165 = DIRECTION ( 'NONE',  ( -0.7071067811865474600, 0.0000000000000000000, -0.7071067811865474600 ) ) ;
#5166 =( GEOMETRIC_REPRESENTATION_CONTEXT ( 3 ) GLOBAL_UNCERTAINTY_ASSIGNED_CONTEXT ( ( #3006 ) ) GLOBAL_UNIT_ASSIGNED_CONTEXT ( ( #2212, #5801, #2718 ) ) REPRESENTATION_CONTEXT ( 'NONE', 'WORKASPACE' ) );
#5167 = VERTEX_POINT ( 'NONE', #5022 ) ;
#5168 =( GEOMETRIC_REPRESENTATION_CONTEXT ( 3 ) GLOBAL_UNCERTAINTY_ASSIGNED_CONTEXT ( ( #2806 ) ) GLOBAL_UNIT_ASSIGNED_CONTEXT ( ( #870, #4409, #1378 ) ) REPRESENTATION_CONTEXT ( 'NONE', 'WORKASPACE' ) );
#5169 =( NAMED_UNIT ( * ) SI_UNIT ( $, .STERADIAN. ) SOLID_ANGLE_UNIT ( ) );
#5170 = CARTESIAN_POINT ( 'NONE',  ( -0.3199999999999974000, 1.700000000000000000, 10.38000000000000100 ) ) ;
#5171 = DIRECTION ( 'NONE',  ( 0.0000000000000000000, 0.0000000000000000000, 1.000000000000000000 ) ) ;
#5172 = EDGE_CURVE ( 'NONE', #2827, #5440, #5966, .T. ) ;
#5173 = LINE ( 'NONE', #291, #6515 ) ;
#5174 = EDGE_CURVE ( 'NONE', #6244, #369, #702, .T. ) ;
#5175 = DIRECTION ( 'NONE',  ( 0.0000000000000000000, 1.000000000000000000, 0.0000000000000000000 ) ) ;
#5176 = EDGE_CURVE ( 'NONE', #3872, #995, #3252, .T. ) ;
#5177 = SURFACE_STYLE_USAGE ( .BOTH. , #1618 ) ;
#5178 = DIRECTION ( 'NONE',  ( 0.7071067811865474600, 0.0000000000000000000, -0.7071067811865474600 ) ) ;
#5179 = UNCERTAINTY_MEASURE_WITH_UNIT (LENGTH_MEASURE( 1.000000000000000100E-005 ), #4342, 'distance_accuracy_value', 'NONE');
#5180 = STYLED_ITEM ( 'NONE', ( #108 ), #6392 ) ;
#5181 = FACE_OUTER_BOUND ( 'NONE', #46, .T. ) ;
#5182 = DIRECTION ( 'NONE',  ( 0.0000000000000000000, 1.000000000000000000, 0.0000000000000000000 ) ) ;
#5183 = PLANE ( 'NONE',  #2084 ) ;
#5184 = CARTESIAN_POINT ( 'NONE',  ( 6.880000000000001700, 0.2999999999999999900, 6.360000000000001200 ) ) ;
#5185 = SURFACE_STYLE_FILL_AREA ( #5971 ) ;
#5186 = COLOUR_RGB ( '',1.000000000000000000, 1.000000000000000000, 1.000000000000000000 ) ;
#5187 = SURFACE_SIDE_STYLE ('',( #3997 ) ) ;
#5188 = CARTESIAN_POINT ( 'NONE',  ( -0.2199999999999979700, 1.700000000000000000, 10.48000000000000000 ) ) ;
#5189 = DIRECTION ( 'NONE',  ( -0.0000000000000000000, -1.000000000000000000, -0.0000000000000000000 ) ) ;
#5190 = CARTESIAN_POINT ( 'NONE',  ( -0.2199999999999969200, 8.339999999999999900, 12.38000000000000100 ) ) ;
#5191 = CARTESIAN_POINT ( 'NONE',  ( -0.2199999999999994700, 8.339999999999999900, 2.220000000000000200 ) ) ;
#5192 = FILL_AREA_STYLE ('',( #1132 ) ) ;
#5193 =( GEOMETRIC_REPRESENTATION_CONTEXT ( 3 ) GLOBAL_UNCERTAINTY_ASSIGNED_CONTEXT ( ( #1957 ) ) GLOBAL_UNIT_ASSIGNED_CONTEXT ( ( #2833, #6401, #3360 ) ) REPRESENTATION_CONTEXT ( 'NONE', 'WORKASPACE' ) );
#5194 = ORIENTED_EDGE ( 'NONE', *, *, #493, .F. ) ;
#5195 = CARTESIAN_POINT ( 'NONE',  ( 0.2200000000000000300, 8.339999999999999900, 0.3199999999999999500 ) ) ;
#5196 = DIRECTION ( 'NONE',  ( 1.000000000000000000, 0.0000000000000000000, -0.0000000000000000000 ) ) ;
#5197 = SURFACE_STYLE_USAGE ( .BOTH. , #1646 ) ;
#5198 = ORIENTED_EDGE ( 'NONE', *, *, #4521, .T. ) ;
#5199 = VERTEX_POINT ( 'NONE', #4006 ) ;
#5200 = FACE_OUTER_BOUND ( 'NONE', #4941, .T. ) ;
#5201 = ORIENTED_EDGE ( 'NONE', *, *, #6286, .T. ) ;
#5202 = VECTOR ( 'NONE', #1400, 1000.000000000000100 ) ;
#5203 = ORIENTED_EDGE ( 'NONE', *, *, #2915, .T. ) ;
#5204 =( NAMED_UNIT ( * ) SI_UNIT ( $, .STERADIAN. ) SOLID_ANGLE_UNIT ( ) );
#5205 = STYLED_ITEM ( 'NONE', ( #4237 ), #1998 ) ;
#5206 = CARTESIAN_POINT ( 'NONE',  ( 5.610000000000000300, 0.2999999999999999900, 5.089999999999999900 ) ) ;
#5207 = FACE_OUTER_BOUND ( 'NONE', #2387, .T. ) ;
#5208 = ORIENTED_EDGE ( 'NONE', *, *, #4932, .F. ) ;
#5209 = FILL_AREA_STYLE_COLOUR ( '', #27 ) ;
#5210 = EDGE_CURVE ( 'NONE', #3933, #5308, #2046, .T. ) ;
#5211 = CARTESIAN_POINT ( 'NONE',  ( 0.2200000000000031900, -3.000000000000000000, 13.02000000000000000 ) ) ;
#5212 = ORIENTED_EDGE ( 'NONE', *, *, #406, .T. ) ;
#5213 = ORIENTED_EDGE ( 'NONE', *, *, #5358, .F. ) ;
#5214 = DIRECTION ( 'NONE',  ( -0.7071067811865474600, 0.0000000000000000000, 0.7071067811865474600 ) ) ;
#5215 = CARTESIAN_POINT ( 'NONE',  ( 0.2200000000000018900, -3.000000000000000000, 7.299999999999999800 ) ) ;
#5216 = EDGE_LOOP ( 'NONE', ( #346, #4581, #3517, #5907 ) ) ;
#5217 = CARTESIAN_POINT ( 'NONE',  ( 0.3200000000000006200, 0.2999999999999999300, 2.319999999999999800 ) ) ;
#5218 =( GEOMETRIC_REPRESENTATION_CONTEXT ( 3 ) GLOBAL_UNCERTAINTY_ASSIGNED_CONTEXT ( ( #6018 ) ) GLOBAL_UNIT_ASSIGNED_CONTEXT ( ( #6332, #5835, #2807 ) ) REPRESENTATION_CONTEXT ( 'NONE', 'WORKASPACE' ) );
#5219 = PRESENTATION_LAYER_ASSIGNMENT (  '', '', ( #4528 ) ) ;
#5220 =( NAMED_UNIT ( * ) PLANE_ANGLE_UNIT ( ) SI_UNIT ( $, .RADIAN. ) );
#5221 = CARTESIAN_POINT ( 'NONE',  ( 0.2200000000000025000, -3.000000000000000000, 9.839999999999999900 ) ) ;
#5222 = FILL_AREA_STYLE ('',( #2653 ) ) ;
#5223 = PLANE ( 'NONE',  #961 ) ;
#5224 = ORIENTED_EDGE ( 'NONE', *, *, #3391, .F. ) ;
#5225 = ORIENTED_EDGE ( 'NONE', *, *, #5510, .T. ) ;
#5226 = ORIENTED_EDGE ( 'NONE', *, *, #3088, .F. ) ;
#5227 = LINE ( 'NONE', #1103, #2039 ) ;
#5228 = SURFACE_STYLE_FILL_AREA ( #3759 ) ;
#5229 =( GEOMETRIC_REPRESENTATION_CONTEXT ( 3 ) GLOBAL_UNCERTAINTY_ASSIGNED_CONTEXT ( ( #1979 ) ) GLOBAL_UNIT_ASSIGNED_CONTEXT ( ( #5125, #2074, #5642 ) ) REPRESENTATION_CONTEXT ( 'NONE', 'WORKASPACE' ) );
#5230 = DIRECTION ( 'NONE',  ( -0.7071067811865475700, 0.0000000000000000000, -0.7071067811865475700 ) ) ;
#5231 = EDGE_LOOP ( 'NONE', ( #6534, #2825, #5118, #2391 ) ) ;
#5232 = FILL_AREA_STYLE_COLOUR ( '', #6387 ) ;
#5233 = UNCERTAINTY_MEASURE_WITH_UNIT (LENGTH_MEASURE( 1.000000000000000100E-005 ), #2195, 'distance_accuracy_value', 'NONE');
#5234 = CARTESIAN_POINT ( 'NONE',  ( -0.3199999999999974000, -3.000000000000000000, 10.38000000000000100 ) ) ;
#5235 = DIRECTION ( 'NONE',  ( 0.7071067811865475700, -0.0000000000000000000, 0.7071067811865475700 ) ) ;
#5236 = SURFACE_STYLE_FILL_AREA ( #1288 ) ;
#5237 =( NAMED_UNIT ( * ) SI_UNIT ( $, .STERADIAN. ) SOLID_ANGLE_UNIT ( ) );
#5238 = PRESENTATION_LAYER_ASSIGNMENT (  '', '', ( #4543 ) ) ;
#5239 =( LENGTH_UNIT ( ) NAMED_UNIT ( * ) SI_UNIT ( .MILLI., .METRE. ) );
#5240 = CARTESIAN_POINT ( 'NONE',  ( 0.3200000000000012300, -3.000000000000000000, 4.860000000000000300 ) ) ;
#5241 =( LENGTH_UNIT ( ) NAMED_UNIT ( * ) SI_UNIT ( .MILLI., .METRE. ) );
#5242 = FACE_OUTER_BOUND ( 'NONE', #3048, .T. ) ;
#5243 = DIRECTION ( 'NONE',  ( -1.000000000000000000, 0.0000000000000000000, -0.0000000000000000000 ) ) ;
#5244 = UNCERTAINTY_MEASURE_WITH_UNIT (LENGTH_MEASURE( 1.000000000000000100E-005 ), #5241, 'distance_accuracy_value', 'NONE');
#5245 = LINE ( 'NONE', #5593, #1365 ) ;
#5246 = ORIENTED_EDGE ( 'NONE', *, *, #6454, .F. ) ;
#5247 = PRESENTATION_LAYER_ASSIGNMENT (  '', '', ( #3193 ) ) ;
#5248 =( NAMED_UNIT ( * ) SI_UNIT ( $, .STERADIAN. ) SOLID_ANGLE_UNIT ( ) );
#5249 = CARTESIAN_POINT ( 'NONE',  ( 0.2200000000000013100, -3.000000000000000000, 5.400000000000000400 ) ) ;
#5250 = LINE ( 'NONE', #2910, #6446 ) ;
#5251 = DIRECTION ( 'NONE',  ( 0.0000000000000000000, -0.0000000000000000000, 1.000000000000000000 ) ) ;
#5252 = ORIENTED_EDGE ( 'NONE', *, *, #1396, .F. ) ;
#5253 = SURFACE_STYLE_USAGE ( .BOTH. , #1700 ) ;
#5254 = VECTOR ( 'NONE', #1016, 1000.000000000000000 ) ;
#5255 = AXIS2_PLACEMENT_3D ( 'NONE', #5020, #1976, #5530 ) ;
#5256 = VECTOR ( 'NONE', #1738, 1000.000000000000000 ) ;
#5257 = EDGE_CURVE ( 'NONE', #4078, #44, #1899, .T. ) ;
#5258 = DIRECTION ( 'NONE',  ( -0.0000000000000000000, -1.000000000000000000, -0.0000000000000000000 ) ) ;
#5259 = FILL_AREA_STYLE ('',( #4741 ) ) ;
#5260 = DIRECTION ( 'NONE',  ( 0.0000000000000000000, 1.000000000000000000, 0.0000000000000000000 ) ) ;
#5261 = DIRECTION ( 'NONE',  ( -2.492418787322999200E-016, -0.0000000000000000000, -1.000000000000000000 ) ) ;
#5262 = EDGE_CURVE ( 'NONE', #1531, #692, #5807, .T. ) ;
#5263 = UNCERTAINTY_MEASURE_WITH_UNIT (LENGTH_MEASURE( 1.000000000000000100E-005 ), #3375, 'distance_accuracy_value', 'NONE');
#5264 = EDGE_CURVE ( 'NONE', #3769, #4250, #387, .T. ) ;
#5265 =( LENGTH_UNIT ( ) NAMED_UNIT ( * ) SI_UNIT ( .MILLI., .METRE. ) );
#5266 = CARTESIAN_POINT ( 'NONE',  ( -0.2199999999999994700, -3.000000000000000000, 2.220000000000000200 ) ) ;
#5267 = DIRECTION ( 'NONE',  ( -0.7071067811865475700, 0.0000000000000000000, 0.7071067811865475700 ) ) ;
#5268 = EDGE_CURVE ( 'NONE', #2652, #1156, #4258, .T. ) ;
#5269 = VECTOR ( 'NONE', #2468, 1000.000000000000000 ) ;
#5270 = MECHANICAL_DESIGN_GEOMETRIC_PRESENTATION_REPRESENTATION (  '', ( #4222 ), #5604 ) ;
#5271 = SURFACE_STYLE_USAGE ( .BOTH. , #5297 ) ;
#5272 = VECTOR ( 'NONE', #2607, 1000.000000000000100 ) ;
#5273 = PLANE ( 'NONE',  #247 ) ;
#5274 = SURFACE_STYLE_USAGE ( .BOTH. , #1720 ) ;
#5275 = FILL_AREA_STYLE ('',( #4758 ) ) ;
#5276 = PRESENTATION_LAYER_ASSIGNMENT (  '', '', ( #4586 ) ) ;
#5277 = ADVANCED_FACE ( 'NONE', ( #4099 ), #997, .T. ) ;
#5278 = COLOUR_RGB ( '',1.000000000000000000, 1.000000000000000000, 1.000000000000000000 ) ;
#5279 = CARTESIAN_POINT ( 'NONE',  ( -0.7499999999999968900, 0.0000000000000000000, 13.97000000000000100 ) ) ;
#5280 = ORIENTED_EDGE ( 'NONE', *, *, #491, .T. ) ;
#5281 = CARTESIAN_POINT ( 'NONE',  ( 0.3200000000000008400, 1.700000000000000000, 12.92000000000000200 ) ) ;
#5282 = FILL_AREA_STYLE_COLOUR ( '', #4278 ) ;
#5283 = PRESENTATION_STYLE_ASSIGNMENT (( #4496 ) ) ;
#5284 = CARTESIAN_POINT ( 'NONE',  ( -0.3199999999999981700, -3.000000000000000000, 7.400000000000000400 ) ) ;
#5285 = PLANE ( 'NONE',  #6481 ) ;
#5286 = FILL_AREA_STYLE ('',( #6336 ) ) ;
#5287 = DIRECTION ( 'NONE',  ( -1.000000000000000000, -0.0000000000000000000, -0.0000000000000000000 ) ) ;
#5288 = AXIS2_PLACEMENT_3D ( 'NONE', #3465, #423, #3968 ) ;
#5289 = ORIENTED_EDGE ( 'NONE', *, *, #3804, .F. ) ;
#5290 =( NAMED_UNIT ( * ) PLANE_ANGLE_UNIT ( ) SI_UNIT ( $, .RADIAN. ) );
#5291 = DIRECTION ( 'NONE',  ( 0.7071067811865474600, -0.0000000000000000000, -0.7071067811865474600 ) ) ;
#5292 = ORIENTED_EDGE ( 'NONE', *, *, #1393, .T. ) ;
#5293 = VECTOR ( 'NONE', #68, 1000.000000000000000 ) ;
#5294 = FACE_OUTER_BOUND ( 'NONE', #5059, .T. ) ;
#5295 = VERTEX_POINT ( 'NONE', #5066 ) ;
#5296 = ORIENTED_EDGE ( 'NONE', *, *, #5638, .F. ) ;
#5297 = SURFACE_SIDE_STYLE ('',( #5584 ) ) ;
#5298 = EDGE_LOOP ( 'NONE', ( #4011, #4716, #3770, #5875 ) ) ;
#5299 = VERTEX_POINT ( 'NONE', #1524 ) ;
#5300 = ORIENTED_EDGE ( 'NONE', *, *, #4930, .T. ) ;
#5301 = CARTESIAN_POINT ( 'NONE',  ( -0.8700000000000001100, 1.700000000000000000, 1.269999999999999800 ) ) ;
#5302 = PLANE ( 'NONE',  #1632 ) ;
#5303 = VERTEX_POINT ( 'NONE', #1486 ) ;
#5304 = MECHANICAL_DESIGN_GEOMETRIC_PRESENTATION_REPRESENTATION (  '', ( #4253 ), #5631 ) ;
#5305 = MECHANICAL_DESIGN_GEOMETRIC_PRESENTATION_REPRESENTATION (  '', ( #4256 ), #5633 ) ;
#5306 = EDGE_LOOP ( 'NONE', ( #601, #5555, #3051, #1229 ) ) ;
#5307 = UNCERTAINTY_MEASURE_WITH_UNIT (LENGTH_MEASURE( 1.000000000000000100E-005 ), #266, 'distance_accuracy_value', 'NONE');
#5308 = VERTEX_POINT ( 'NONE', #5085 ) ;
#5309 = FACE_OUTER_BOUND ( 'NONE', #2962, .T. ) ;
#5310 = PRESENTATION_STYLE_ASSIGNMENT (( #290 ) ) ;
#5311 = EDGE_CURVE ( 'NONE', #1873, #849, #2288, .T. ) ;
#5312 = EDGE_CURVE ( 'NONE', #48, #1439, #4991, .T. ) ;
#5313 = EDGE_CURVE ( 'NONE', #5052, #6422, #6178, .T. ) ;
#5314 = FILL_AREA_STYLE ('',( #728 ) ) ;
#5315 = DIRECTION ( 'NONE',  ( -1.000000000000000000, 0.0000000000000000000, 2.464095846557964400E-016 ) ) ;
#5316 = FILL_AREA_STYLE ('',( #5282 ) ) ;
#5317 = VERTEX_POINT ( 'NONE', #1045 ) ;
#5318 = CARTESIAN_POINT ( 'NONE',  ( 0.0000000000000000000, 8.339999999999999900, 0.0000000000000000000 ) ) ;
#5319 = ORIENTED_EDGE ( 'NONE', *, *, #2734, .F. ) ;
#5320 = AXIS2_PLACEMENT_3D ( 'NONE', #567, #4107, #1085 ) ;
#5321 = CARTESIAN_POINT ( 'NONE',  ( -0.8700000000000001100, 1.700000000000000000, 1.269999999999999800 ) ) ;
#5322 = VECTOR ( 'NONE', #4015, 1000.000000000000000 ) ;
#5323 = LINE ( 'NONE', #3689, #2444 ) ;
#5324 =( NAMED_UNIT ( * ) PLANE_ANGLE_UNIT ( ) SI_UNIT ( $, .RADIAN. ) );
#5325 = CARTESIAN_POINT ( 'NONE',  ( -0.3199999999999974000, -3.000000000000000000, 10.38000000000000100 ) ) ;
#5326 = CARTESIAN_POINT ( 'NONE',  ( 1.270000000000002500, 1.700000000000000000, 13.57000000000000000 ) ) ;
#5327 = ADVANCED_FACE ( 'NONE', ( #3477 ), #1553, .T. ) ;
#5328 = FILL_AREA_STYLE ('',( #2258 ) ) ;
#5329 = LINE ( 'NONE', #486, #5967 ) ;
#5330 = STYLED_ITEM ( 'NONE', ( #5014 ), #4436 ) ;
#5331 = DIRECTION ( 'NONE',  ( 2.464095846557964400E-016, 0.0000000000000000000, 1.000000000000000000 ) ) ;
#5332 =( NAMED_UNIT ( * ) SI_UNIT ( $, .STERADIAN. ) SOLID_ANGLE_UNIT ( ) );
#5333 = LINE ( 'NONE', #823, #1426 ) ;
#5334 = LINE ( 'NONE', #86, #1283 ) ;
#5335 = MANIFOLD_SOLID_BREP ( 'LPattern13', #1882 ) ;
#5336 = MECHANICAL_DESIGN_GEOMETRIC_PRESENTATION_REPRESENTATION (  '', ( #4287 ), #5665 ) ;
#5337 = VERTEX_POINT ( 'NONE', #575 ) ;
#5338 = SURFACE_STYLE_USAGE ( .BOTH. , #1780 ) ;
#5339 = LINE ( 'NONE', #4031, #3960 ) ;
#5340 = EDGE_LOOP ( 'NONE', ( #683, #2036, #218, #2822 ) ) ;
#5341 = CARTESIAN_POINT ( 'NONE',  ( -0.3199999999999975100, 8.339999999999999900, 9.940000000000001300 ) ) ;
#5342 = SURFACE_SIDE_STYLE ('',( #4994 ) ) ;
#5343 = DIRECTION ( 'NONE',  ( 2.464095846557964400E-016, 0.0000000000000000000, 1.000000000000000000 ) ) ;
#5344 = PLANE ( 'NONE',  #3408 ) ;
#5345 = SURFACE_STYLE_FILL_AREA ( #5367 ) ;
#5346 = ORIENTED_EDGE ( 'NONE', *, *, #3265, .T. ) ;
#5347 = CARTESIAN_POINT ( 'NONE',  ( -0.3199999999999975100, -3.000000000000000000, 9.940000000000001300 ) ) ;
#5348 = SURFACE_SIDE_STYLE ('',( #5826 ) ) ;
#5349 = CARTESIAN_POINT ( 'NONE',  ( 0.2200000000000012500, -3.000000000000000000, 4.760000000000000700 ) ) ;
#5350 = CARTESIAN_POINT ( 'NONE',  ( 1.899223115940124500E-015, 8.339999999999999900, 7.620000000000000100 ) ) ;
#5351 = EDGE_CURVE ( 'NONE', #2420, #4161, #2520, .T. ) ;
#5352 = MECHANICAL_DESIGN_GEOMETRIC_PRESENTATION_REPRESENTATION (  '', ( #4309 ), #5685 ) ;
#5353 = ADVANCED_FACE ( 'NONE', ( #4350 ), #16, .F. ) ;
#5354 = AXIS2_PLACEMENT_3D ( 'NONE', #2562, #6112, #3072 ) ;
#5355 = CARTESIAN_POINT ( 'NONE',  ( -0.3199999999999993400, -3.000000000000000000, 2.760000000000000200 ) ) ;
#5356 = DIRECTION ( 'NONE',  ( 0.0000000000000000000, 1.000000000000000000, 0.0000000000000000000 ) ) ;
#5357 =( LENGTH_UNIT ( ) NAMED_UNIT ( * ) SI_UNIT ( .MILLI., .METRE. ) );
#5358 = EDGE_CURVE ( 'NONE', #5679, #6561, #6034, .T. ) ;
#5359 =( NAMED_UNIT ( * ) SI_UNIT ( $, .STERADIAN. ) SOLID_ANGLE_UNIT ( ) );
#5360 = CARTESIAN_POINT ( 'NONE',  ( -0.8699999999999970000, 1.700000000000000000, 13.97000000000000100 ) ) ;
#5361 = FILL_AREA_STYLE ('',( #1787 ) ) ;
#5362 = CARTESIAN_POINT ( 'NONE',  ( 0.2199999999999999700, 8.339999999999999900, -0.3200000000000000600 ) ) ;
#5363 =( GEOMETRIC_REPRESENTATION_CONTEXT ( 3 ) GLOBAL_UNCERTAINTY_ASSIGNED_CONTEXT ( ( #4595 ) ) GLOBAL_UNIT_ASSIGNED_CONTEXT ( ( #4378, #1349, #4897 ) ) REPRESENTATION_CONTEXT ( 'NONE', 'WORKASPACE' ) );
#5364 = CARTESIAN_POINT ( 'NONE',  ( 1.270000000000002000, 0.0000000000000000000, 11.83000000000000000 ) ) ;
#5365 = ORIENTED_EDGE ( 'NONE', *, *, #5083, .F. ) ;
#5366 =( NAMED_UNIT ( * ) PLANE_ANGLE_UNIT ( ) SI_UNIT ( $, .RADIAN. ) );
#5367 = FILL_AREA_STYLE ('',( #4329 ) ) ;
#5368 =( NAMED_UNIT ( * ) SI_UNIT ( $, .STERADIAN. ) SOLID_ANGLE_UNIT ( ) );
#5369 = FILL_AREA_STYLE ('',( #4862 ) ) ;
#5370 = ORIENTED_EDGE ( 'NONE', *, *, #1392, .T. ) ;
#5371 = LINE ( 'NONE', #647, #1457 ) ;
#5372 = LINE ( 'NONE', #2330, #5202 ) ;
#5373 = CARTESIAN_POINT ( 'NONE',  ( -0.2199999999999987000, -3.000000000000000000, 5.400000000000000400 ) ) ;
#5374 = FILL_AREA_STYLE ('',( #4868 ) ) ;
#5375 = ORIENTED_EDGE ( 'NONE', *, *, #13, .T. ) ;
#5376 = VECTOR ( 'NONE', #1610, 1000.000000000000000 ) ;
#5377 = ORIENTED_EDGE ( 'NONE', *, *, #3582, .F. ) ;
#5378 = DIRECTION ( 'NONE',  ( 2.464095846557964400E-016, 0.0000000000000000000, 1.000000000000000000 ) ) ;
#5379 = FILL_AREA_STYLE_COLOUR ( '', #3816 ) ;
#5380 = STYLED_ITEM ( 'NONE', ( #3558 ), #5479 ) ;
#5381 =( NAMED_UNIT ( * ) PLANE_ANGLE_UNIT ( ) SI_UNIT ( $, .RADIAN. ) );
#5382 = ORIENTED_EDGE ( 'NONE', *, *, #2534, .F. ) ;
#5383 = ORIENTED_EDGE ( 'NONE', *, *, #4305, .T. ) ;
#5384 = ORIENTED_EDGE ( 'NONE', *, *, #718, .F. ) ;
#5385 = PRESENTATION_STYLE_ASSIGNMENT (( #4257 ) ) ;
#5386 = ADVANCED_FACE ( 'NONE', ( #4668 ), #5153, .T. ) ;
#5387 = CARTESIAN_POINT ( 'NONE',  ( 1.270000000000002000, 1.700000000000000000, 11.83000000000000000 ) ) ;
#5388 = ORIENTED_EDGE ( 'NONE', *, *, #3214, .T. ) ;
#5389 = CARTESIAN_POINT ( 'NONE',  ( -0.3199999999999969500, -3.000000000000000000, 12.48000000000000200 ) ) ;
#5390 = CARTESIAN_POINT ( 'NONE',  ( 0.0000000000000000000, 1.700000000000000000, 2.860000000000000300 ) ) ;
#5391 = UNCERTAINTY_MEASURE_WITH_UNIT (LENGTH_MEASURE( 1.000000000000000100E-005 ), #6200, 'distance_accuracy_value', 'NONE');
#5392 = CARTESIAN_POINT ( 'NONE',  ( -0.7500000000000000000, 0.0000000000000000000, -1.270000000000000500 ) ) ;
#5393 = VECTOR ( 'NONE', #4623, 1000.000000000000000 ) ;
#5394 = STYLED_ITEM ( 'NONE', ( #2140 ), #3067 ) ;
#5395 = ORIENTED_EDGE ( 'NONE', *, *, #4568, .F. ) ;
#5396 = EDGE_CURVE ( 'NONE', #1884, #5317, #5548, .T. ) ;
#5397 = EDGE_CURVE ( 'NONE', #1034, #5977, #4187, .T. ) ;
#5398 = EDGE_CURVE ( 'NONE', #4533, #4416, #1493, .T. ) ;
#5399 = COLOUR_RGB ( '',0.7921568627450980000, 0.8196078431372548800, 0.9333333333333333500 ) ;
#5400 = PLANE ( 'NONE',  #2139 ) ;
#5401 = COLOUR_RGB ( '',1.000000000000000000, 1.000000000000000000, 1.000000000000000000 ) ;
#5402 =( LENGTH_UNIT ( ) NAMED_UNIT ( * ) SI_UNIT ( .MILLI., .METRE. ) );
#5403 = FACE_OUTER_BOUND ( 'NONE', #4232, .T. ) ;
#5404 = PRESENTATION_STYLE_ASSIGNMENT (( #1799 ) ) ;
#5405 = DIRECTION ( 'NONE',  ( 0.7071067811865475700, 0.0000000000000000000, -0.7071067811865475700 ) ) ;
#5406 = COLOUR_RGB ( '',0.0000000000000000000, 0.03529411764705882300, 0.05882352941176470500 ) ;
#5407 = DIRECTION ( 'NONE',  ( 0.7071067811865474600, -0.0000000000000000000, 0.7071067811865474600 ) ) ;
#5408 = PLANE ( 'NONE',  #1832 ) ;
#5409 =( NAMED_UNIT ( * ) PLANE_ANGLE_UNIT ( ) SI_UNIT ( $, .RADIAN. ) );
#5410 = AXIS2_PLACEMENT_3D ( 'NONE', #5360, #2306, #5888 ) ;
#5411 = CARTESIAN_POINT ( 'NONE',  ( -0.8699999999999994400, 1.700000000000000000, 3.810000000000000100 ) ) ;
#5412 = ORIENTED_EDGE ( 'NONE', *, *, #2058, .T. ) ;
#5413 = ORIENTED_EDGE ( 'NONE', *, *, #324, .T. ) ;
#5414 =( NAMED_UNIT ( * ) PLANE_ANGLE_UNIT ( ) SI_UNIT ( $, .RADIAN. ) );
#5415 = ADVANCED_FACE ( 'NONE', ( #5403 ), #4698, .T. ) ;
#5416 = VECTOR ( 'NONE', #836, 1000.000000000000000 ) ;
#5417 = STYLED_ITEM ( 'NONE', ( #632 ), #5006 ) ;
#5418 = CARTESIAN_POINT ( 'NONE',  ( 0.3200000000000019500, -3.000000000000000000, 7.839999999999999900 ) ) ;
#5419 = ORIENTED_EDGE ( 'NONE', *, *, #2687, .T. ) ;
#5420 = DIRECTION ( 'NONE',  ( 2.464095846557964400E-016, 0.0000000000000000000, 1.000000000000000000 ) ) ;
#5421 = FILL_AREA_STYLE_COLOUR ( '', #1474 ) ;
#5422 = FILL_AREA_STYLE_COLOUR ( '', #5624 ) ;
#5423 = CARTESIAN_POINT ( 'NONE',  ( 1.270000000000002500, 0.0000000000000000000, 13.57000000000000000 ) ) ;
#5424 = PRESENTATION_LAYER_ASSIGNMENT (  '', '', ( #4728 ) ) ;
#5425 = SURFACE_STYLE_FILL_AREA ( #2785 ) ;
#5426 = PRESENTATION_LAYER_ASSIGNMENT (  '', '', ( #4730 ) ) ;
#5427 =( NAMED_UNIT ( * ) SI_UNIT ( $, .STERADIAN. ) SOLID_ANGLE_UNIT ( ) );
#5428 =( LENGTH_UNIT ( ) NAMED_UNIT ( * ) SI_UNIT ( .MILLI., .METRE. ) );
#5429 = VECTOR ( 'NONE', #2932, 1000.000000000000000 ) ;
#5430 = EDGE_CURVE ( 'NONE', #2827, #3944, #2198, .T. ) ;
#5431 = SURFACE_SIDE_STYLE ('',( #4327 ) ) ;
#5432 = EDGE_CURVE ( 'NONE', #3639, #2659, #873, .T. ) ;
#5433 = STYLED_ITEM ( 'NONE', ( #1448 ), #409 ) ;
#5434 = UNCERTAINTY_MEASURE_WITH_UNIT (LENGTH_MEASURE( 1.000000000000000100E-005 ), #225, 'distance_accuracy_value', 'NONE');
#5435 =( GEOMETRIC_REPRESENTATION_CONTEXT ( 3 ) GLOBAL_UNCERTAINTY_ASSIGNED_CONTEXT ( ( #2863 ) ) GLOBAL_UNIT_ASSIGNED_CONTEXT ( ( #4304, #1290, #4838 ) ) REPRESENTATION_CONTEXT ( 'NONE', 'WORKASPACE' ) );
#5436 = ORIENTED_EDGE ( 'NONE', *, *, #6528, .T. ) ;
#5437 = CARTESIAN_POINT ( 'NONE',  ( -0.3199999999999987300, -3.000000000000000000, 5.299999999999999800 ) ) ;
#5438 = LINE ( 'NONE', #635, #22 ) ;
#5439 = CARTESIAN_POINT ( 'NONE',  ( -0.3199999999999974000, -3.000000000000000000, 10.38000000000000100 ) ) ;
#5440 = VERTEX_POINT ( 'NONE', #5767 ) ;
#5441 = SURFACE_STYLE_FILL_AREA ( #4580 ) ;
#5442 = AXIS2_PLACEMENT_3D ( 'NONE', #5387, #2333, #5909 ) ;
#5443 = ADVANCED_FACE ( 'NONE', ( #2047 ), #174, .T. ) ;
#5444 =( NAMED_UNIT ( * ) PLANE_ANGLE_UNIT ( ) SI_UNIT ( $, .RADIAN. ) );
#5445 = VERTEX_POINT ( 'NONE', #5266 ) ;
#5446 = LINE ( 'NONE', #2454, #1395 ) ;
#5447 = FILL_AREA_STYLE_COLOUR ( '', #1135 ) ;
#5448 = CARTESIAN_POINT ( 'NONE',  ( 0.8699999999999987700, 0.0000000000000000000, -1.270000000000000200 ) ) ;
#5449 = LINE ( 'NONE', #166, #34 ) ;
#5450 = FILL_AREA_STYLE ('',( #879 ) ) ;
#5451 = ORIENTED_EDGE ( 'NONE', *, *, #407, .T. ) ;
#5452 = PRESENTATION_LAYER_ASSIGNMENT (  '', '', ( #4760 ) ) ;
#5453 = ORIENTED_EDGE ( 'NONE', *, *, #1589, .F. ) ;
#5454 = ORIENTED_EDGE ( 'NONE', *, *, #2059, .T. ) ;
#5455 = ORIENTED_EDGE ( 'NONE', *, *, #1680, .F. ) ;
#5456 = FACE_OUTER_BOUND ( 'NONE', #1398, .T. ) ;
#5457 = ORIENTED_EDGE ( 'NONE', *, *, #405, .F. ) ;
#5458 = ORIENTED_EDGE ( 'NONE', *, *, #3209, .T. ) ;
#5459 = VERTEX_POINT ( 'NONE', #197 ) ;
#5460 = ORIENTED_EDGE ( 'NONE', *, *, #17, .T. ) ;
#5461 = VECTOR ( 'NONE', #1657, 1000.000000000000100 ) ;
#5462 = DIRECTION ( 'NONE',  ( 0.7071067811865474600, 0.0000000000000000000, 0.7071067811865474600 ) ) ;
#5463 = SURFACE_STYLE_FILL_AREA ( #6384 ) ;
#5464 =( GEOMETRIC_REPRESENTATION_CONTEXT ( 3 ) GLOBAL_UNCERTAINTY_ASSIGNED_CONTEXT ( ( #1922 ) ) GLOBAL_UNIT_ASSIGNED_CONTEXT ( ( #6281, #3245, #194 ) ) REPRESENTATION_CONTEXT ( 'NONE', 'WORKASPACE' ) );
#5465 = ORIENTED_EDGE ( 'NONE', *, *, #5839, .T. ) ;
#5466 = EDGE_LOOP ( 'NONE', ( #1160, #2060, #5370, #5676, #847, #5201, #3330, #3496 ) ) ;
#5467 = UNCERTAINTY_MEASURE_WITH_UNIT (LENGTH_MEASURE( 1.000000000000000100E-005 ), #5124, 'distance_accuracy_value', 'NONE');
#5468 = CARTESIAN_POINT ( 'NONE',  ( 0.8700000000000024400, 1.700000000000000000, 13.97000000000000100 ) ) ;
#5469 = VECTOR ( 'NONE', #1988, 1000.000000000000100 ) ;
#5470 = CARTESIAN_POINT ( 'NONE',  ( -0.2200000000000000800, -3.000000000000000000, -0.3200000000000000600 ) ) ;
#5471 = CARTESIAN_POINT ( 'NONE',  ( -4.549999999999999800, 0.2999999999999999900, 2.529999999999999400 ) ) ;
#5472 = DIRECTION ( 'NONE',  ( 0.0000000000000000000, 1.000000000000000000, 0.0000000000000000000 ) ) ;
#5473 = MECHANICAL_DESIGN_GEOMETRIC_PRESENTATION_REPRESENTATION (  '', ( #4442 ), #5823 ) ;
#5474 = COLOUR_RGB ( '',1.000000000000000000, 1.000000000000000000, 1.000000000000000000 ) ;
#5475 = PRESENTATION_LAYER_ASSIGNMENT (  '', '', ( #4779 ) ) ;
#5476 = CARTESIAN_POINT ( 'NONE',  ( -0.3199999999999974000, 8.339999999999999900, 10.38000000000000100 ) ) ;
#5477 = PRESENTATION_STYLE_ASSIGNMENT (( #3276 ) ) ;
#5478 = COLOUR_RGB ( '',1.000000000000000000, 1.000000000000000000, 1.000000000000000000 ) ;
#5479 = ADVANCED_FACE ( 'NONE', ( #1573 ), #6285, .T. ) ;
#5480 = PRESENTATION_LAYER_ASSIGNMENT (  '', '', ( #5129 ) ) ;
#5481 = EDGE_CURVE ( 'NONE', #859, #5948, #1101, .T. ) ;
#5482 = EDGE_CURVE ( 'NONE', #2166, #4615, #5148, .T. ) ;
#5483 = CARTESIAN_POINT ( 'NONE',  ( -0.8699999999999976600, 1.700000000000000000, 11.43000000000000100 ) ) ;
#5484 = CARTESIAN_POINT ( 'NONE',  ( -1.269999999999998500, 1.700000000000000000, 6.750000000000000000 ) ) ;
#5485 = MECHANICAL_DESIGN_GEOMETRIC_PRESENTATION_REPRESENTATION (  '', ( #4452 ), #5841 ) ;
#5486 = LINE ( 'NONE', #6086, #73 ) ;
#5487 = PLANE ( 'NONE',  #1104 ) ;
#5488 = PRESENTATION_STYLE_ASSIGNMENT (( #447 ) ) ;
#5489 = ORIENTED_EDGE ( 'NONE', *, *, #3356, .T. ) ;
#5490 = SURFACE_STYLE_FILL_AREA ( #3100 ) ;
#5491 = SURFACE_STYLE_USAGE ( .BOTH. , #1930 ) ;
#5492 =( NAMED_UNIT ( * ) SI_UNIT ( $, .STERADIAN. ) SOLID_ANGLE_UNIT ( ) );
#5493 =( GEOMETRIC_REPRESENTATION_CONTEXT ( 3 ) GLOBAL_UNCERTAINTY_ASSIGNED_CONTEXT ( ( #5969 ) ) GLOBAL_UNIT_ASSIGNED_CONTEXT ( ( #2720, #6293, #3260 ) ) REPRESENTATION_CONTEXT ( 'NONE', 'WORKASPACE' ) );
#5494 = SURFACE_STYLE_USAGE ( .BOTH. , #1932 ) ;
#5495 = PRESENTATION_STYLE_ASSIGNMENT (( #5717 ) ) ;
#5496 = UNCERTAINTY_MEASURE_WITH_UNIT (LENGTH_MEASURE( 1.000000000000000100E-005 ), #189, 'distance_accuracy_value', 'NONE');
#5497 = CARTESIAN_POINT ( 'NONE',  ( 0.2200000000000013100, 1.700000000000000000, 5.400000000000000400 ) ) ;
#5498 = SURFACE_STYLE_FILL_AREA ( #2793 ) ;
#5499 = VECTOR ( 'NONE', #5261, 1000.000000000000000 ) ;
#5500 = COLOUR_RGB ( '',1.000000000000000000, 1.000000000000000000, 1.000000000000000000 ) ;
#5501 = ADVANCED_FACE ( 'NONE', ( #2451 ), #2254, .T. ) ;
#5502 = DIRECTION ( 'NONE',  ( -0.7071067811865474600, -0.0000000000000000000, -0.7071067811865474600 ) ) ;
#5503 =( NAMED_UNIT ( * ) PLANE_ANGLE_UNIT ( ) SI_UNIT ( $, .RADIAN. ) );
#5504 = SURFACE_STYLE_FILL_AREA ( #507 ) ;
#5505 = PLANE ( 'NONE',  #1369 ) ;
#5506 = EDGE_CURVE ( 'NONE', #6073, #6550, #1824, .T. ) ;
#5507 = COLOUR_RGB ( '',1.000000000000000000, 1.000000000000000000, 1.000000000000000000 ) ;
#5508 = EDGE_CURVE ( 'NONE', #2166, #6158, #3164, .T. ) ;
#5509 =( NAMED_UNIT ( * ) PLANE_ANGLE_UNIT ( ) SI_UNIT ( $, .RADIAN. ) );
#5510 = EDGE_CURVE ( 'NONE', #477, #2974, #461, .T. ) ;
#5511 = ORIENTED_EDGE ( 'NONE', *, *, #6190, .T. ) ;
#5512 = FACE_OUTER_BOUND ( 'NONE', #3384, .T. ) ;
#5513 = AXIS2_PLACEMENT_3D ( 'NONE', #3179, #131, #3671 ) ;
#5514 = EDGE_LOOP ( 'NONE', ( #5141, #4562, #1073, #1941 ) ) ;
#5515 = ORIENTED_EDGE ( 'NONE', *, *, #1090, .F. ) ;
#5516 = VECTOR ( 'NONE', #753, 1000.000000000000000 ) ;
#5517 = CARTESIAN_POINT ( 'NONE',  ( 0.3200000000000012300, 0.2999999999999999300, 4.860000000000000300 ) ) ;
#5518 = UNCERTAINTY_MEASURE_WITH_UNIT (LENGTH_MEASURE( 1.000000000000000100E-005 ), #2588, 'distance_accuracy_value', 'NONE');
#5519 = ORIENTED_EDGE ( 'NONE', *, *, #1507, .F. ) ;
#5520 = DIRECTION ( 'NONE',  ( 0.0000000000000000000, 0.0000000000000000000, -1.000000000000000000 ) ) ;
#5521 = EDGE_LOOP ( 'NONE', ( #3957, #5777, #4551, #1007 ) ) ;
#5522 = LINE ( 'NONE', #4651, #2656 ) ;
#5524 = STYLED_ITEM ( 'NONE', ( #484 ), #909 ) ;
#5523 = CARTESIAN_POINT ( 'NONE',  ( -0.3199999999999975100, -3.000000000000000000, 9.940000000000001300 ) ) ;
#5525 = VERTEX_POINT ( 'NONE', #4321 ) ;
#5526 = DIRECTION ( 'NONE',  ( -0.7071067811865474600, -0.0000000000000000000, 0.7071067811865474600 ) ) ;
#5527 = ORIENTED_EDGE ( 'NONE', *, *, #3965, .T. ) ;
#5528 = DIRECTION ( 'NONE',  ( 1.000000000000000000, 0.0000000000000000000, -0.0000000000000000000 ) ) ;
#5529 = VERTEX_POINT ( 'NONE', #5341 ) ;
#5530 = DIRECTION ( 'NONE',  ( -1.000000000000000000, 0.0000000000000000000, -0.0000000000000000000 ) ) ;
#5531 = DIRECTION ( 'NONE',  ( 0.0000000000000000000, 1.000000000000000000, 0.0000000000000000000 ) ) ;
#5532 = ORIENTED_EDGE ( 'NONE', *, *, #3266, .F. ) ;
#5533 = VECTOR ( 'NONE', #2219, 1000.000000000000100 ) ;
#5534 = VECTOR ( 'NONE', #2354, 1000.000000000000100 ) ;
#5535 = ORIENTED_EDGE ( 'NONE', *, *, #4930, .F. ) ;
#5536 = EDGE_LOOP ( 'NONE', ( #5395, #5939, #6328, #3229 ) ) ;
#5537 = ADVANCED_FACE ( 'NONE', ( #5893 ), #1808, .T. ) ;
#5538 = FILL_AREA_STYLE_COLOUR ( '', #5406 ) ;
#5539 = CARTESIAN_POINT ( 'NONE',  ( -0.2199999999999999700, -3.000000000000000000, 0.3199999999999999500 ) ) ;
#5540 = DIRECTION ( 'NONE',  ( 2.492418787322998300E-016, 0.0000000000000000000, 1.000000000000000000 ) ) ;
#5541 = PRESENTATION_STYLE_ASSIGNMENT (( #5646 ) ) ;
#5542 = VECTOR ( 'NONE', #5618, 1000.000000000000100 ) ;
#5543 = SURFACE_STYLE_FILL_AREA ( #4349 ) ;
#5544 =( NAMED_UNIT ( * ) PLANE_ANGLE_UNIT ( ) SI_UNIT ( $, .RADIAN. ) );
#5545 = AXIS2_PLACEMENT_3D ( 'NONE', #3004, #6558, #3511 ) ;
#5546 = DIRECTION ( 'NONE',  ( 0.7071067811865474600, -0.0000000000000000000, -0.7071067811865474600 ) ) ;
#5547 = LINE ( 'NONE', #1918, #3001 ) ;
#5548 = LINE ( 'NONE', #5719, #313 ) ;
#5549 = CARTESIAN_POINT ( 'NONE',  ( -0.3199999999999975100, -3.000000000000000000, 9.940000000000001300 ) ) ;
#5550 = EDGE_CURVE ( 'NONE', #2171, #3158, #6432, .T. ) ;
#5551 = CARTESIAN_POINT ( 'NONE',  ( -0.3200000000000000100, 1.700000000000000000, 7.885106708985486600E-017 ) ) ;
#5552 = SURFACE_SIDE_STYLE ('',( #3638 ) ) ;
#5553 = MECHANICAL_DESIGN_GEOMETRIC_PRESENTATION_REPRESENTATION (  '', ( #4528 ), #5919 ) ;
#5554 = DIRECTION ( 'NONE',  ( -0.7071067811865474600, 0.0000000000000000000, 0.7071067811865474600 ) ) ;
#5555 = ORIENTED_EDGE ( 'NONE', *, *, #3893, .F. ) ;
#5556 = COLOUR_RGB ( '',1.000000000000000000, 1.000000000000000000, 1.000000000000000000 ) ;
#5557 = ORIENTED_EDGE ( 'NONE', *, *, #5264, .T. ) ;
#5558 = CARTESIAN_POINT ( 'NONE',  ( 0.2200000000000013100, -3.000000000000000000, 5.400000000000000400 ) ) ;
#5559 = CARTESIAN_POINT ( 'NONE',  ( -1.269999999999998000, 1.700000000000000000, 8.489999999999998400 ) ) ;
#5560 = STYLED_ITEM ( 'NONE', ( #4050 ), #4049 ) ;
#5561 = LINE ( 'NONE', #878, #3897 ) ;
#5562 = EDGE_LOOP ( 'NONE', ( #5515, #3995, #4370, #4661 ) ) ;
#5563 = CARTESIAN_POINT ( 'NONE',  ( 0.2199999999999999700, -3.000000000000000000, -0.3200000000000000600 ) ) ;
#5564 = ADVANCED_FACE ( 'NONE', ( #1178 ), #2923, .F. ) ;
#5565 = DIRECTION ( 'NONE',  ( 1.000000000000000000, 0.0000000000000000000, 0.0000000000000000000 ) ) ;
#5566 =( NAMED_UNIT ( * ) PLANE_ANGLE_UNIT ( ) SI_UNIT ( $, .RADIAN. ) );
#5567 = ORIENTED_EDGE ( 'NONE', *, *, #2650, .F. ) ;
#5568 = CARTESIAN_POINT ( 'NONE',  ( 0.3200000000000006200, -3.000000000000000000, 2.319999999999999800 ) ) ;
#5569 = MECHANICAL_DESIGN_GEOMETRIC_PRESENTATION_REPRESENTATION (  '', ( #4543 ), #5934 ) ;
#5570 = FILL_AREA_STYLE_COLOUR ( '', #474 ) ;
#5571 = SURFACE_SIDE_STYLE ('',( #1572 ) ) ;
#5572 = PRESENTATION_STYLE_ASSIGNMENT (( #6431 ) ) ;
#5573 = FACE_BOUND ( 'NONE', #6056, .T. ) ;
#5574 = LINE ( 'NONE', #1240, #2876 ) ;
#5575 = UNCERTAINTY_MEASURE_WITH_UNIT (LENGTH_MEASURE( 1.000000000000000100E-005 ), #4592, 'distance_accuracy_value', 'NONE');
#5576 =( NAMED_UNIT ( * ) SI_UNIT ( $, .STERADIAN. ) SOLID_ANGLE_UNIT ( ) );
#5577 = CARTESIAN_POINT ( 'NONE',  ( -0.3199999999999969500, -3.000000000000000000, 12.48000000000000200 ) ) ;
#5578 = MECHANICAL_DESIGN_GEOMETRIC_PRESENTATION_REPRESENTATION (  '', ( #3193 ), #5947 ) ;
#5579 = CARTESIAN_POINT ( 'NONE',  ( -0.3199999999999999500, 8.339999999999999900, 0.2199999999999999700 ) ) ;
#5580 = DIRECTION ( 'NONE',  ( -0.7071067811865474600, 0.0000000000000000000, -0.7071067811865474600 ) ) ;
#5581 = PRESENTATION_STYLE_ASSIGNMENT (( #4857 ) ) ;
#5582 = ORIENTED_EDGE ( 'NONE', *, *, #6495, .T. ) ;
#5583 = CARTESIAN_POINT ( 'NONE',  ( 0.7500000000000000000, 0.2999999999999999900, -1.270000000000000500 ) ) ;
#5584 = SURFACE_STYLE_FILL_AREA ( #5328 ) ;
#5585 = COLOUR_RGB ( '',1.000000000000000000, 1.000000000000000000, 1.000000000000000000 ) ;
#5586 = FILL_AREA_STYLE ('',( #2523 ) ) ;
#5587 = FILL_AREA_STYLE ('',( #5078 ) ) ;
#5588 = CARTESIAN_POINT ( 'NONE',  ( -0.3199999999999994500, -3.000000000000000000, 2.319999999999999800 ) ) ;
#5589 = PRESENTATION_LAYER_ASSIGNMENT (  '', '', ( #4923 ) ) ;
#5590 = EDGE_CURVE ( 'NONE', #1962, #3972, #3879, .T. ) ;
#5591 = SURFACE_SIDE_STYLE ('',( #2121 ) ) ;
#5592 = ORIENTED_EDGE ( 'NONE', *, *, #4609, .T. ) ;
#5593 = CARTESIAN_POINT ( 'NONE',  ( -0.2199999999999988100, -3.000000000000000000, 4.760000000000000700 ) ) ;
#5594 = FILL_AREA_STYLE_COLOUR ( '', #6353 ) ;
#5595 = EDGE_LOOP ( 'NONE', ( #433, #1807, #2343, #2186 ) ) ;
#5596 = EDGE_CURVE ( 'NONE', #936, #4973, #2373, .T. ) ;
#5597 = EDGE_CURVE ( 'NONE', #1468, #6513, #1012, .T. ) ;
#5598 = VERTEX_POINT ( 'NONE', #2436 ) ;
#5599 = VERTEX_POINT ( 'NONE', #413 ) ;
#5600 = EDGE_CURVE ( 'NONE', #208, #5788, #6090, .T. ) ;
#5601 = ADVANCED_FACE ( 'NONE', ( #3699 ), #4990, .F. ) ;
#5602 = VERTEX_POINT ( 'NONE', #5497 ) ;
#5603 = CARTESIAN_POINT ( 'NONE',  ( 1.270000000000000700, 1.700000000000000000, 6.750000000000000000 ) ) ;
#5604 =( GEOMETRIC_REPRESENTATION_CONTEXT ( 3 ) GLOBAL_UNCERTAINTY_ASSIGNED_CONTEXT ( ( #5091 ) ) GLOBAL_UNIT_ASSIGNED_CONTEXT ( ( #5111, #2064, #5626 ) ) REPRESENTATION_CONTEXT ( 'NONE', 'WORKASPACE' ) );
#5605 = ORIENTED_EDGE ( 'NONE', *, *, #6567, .F. ) ;
#5606 = ORIENTED_EDGE ( 'NONE', *, *, #153, .F. ) ;
#5607 = PRESENTATION_STYLE_ASSIGNMENT (( #5900 ) ) ;
#5608 = PLANE ( 'NONE',  #98 ) ;
#5609 = FACE_OUTER_BOUND ( 'NONE', #4640, .T. ) ;
#5610 = ORIENTED_EDGE ( 'NONE', *, *, #3765, .F. ) ;
#5611 =( NAMED_UNIT ( * ) SI_UNIT ( $, .STERADIAN. ) SOLID_ANGLE_UNIT ( ) );
#5612 = DIRECTION ( 'NONE',  ( -1.232047923278982200E-016, 0.0000000000000000000, -1.000000000000000000 ) ) ;
#5613 = VERTEX_POINT ( 'NONE', #1966 ) ;
#5615 = MECHANICAL_DESIGN_GEOMETRIC_PRESENTATION_REPRESENTATION (  '', ( #4586 ), #5972 ) ;
#5614 = CARTESIAN_POINT ( 'NONE',  ( -0.3199999999999994500, -3.000000000000000000, 2.319999999999999800 ) ) ;
#5616 = VERTEX_POINT ( 'NONE', #2459 ) ;
#5617 = CARTESIAN_POINT ( 'NONE',  ( -0.8699999999999981100, 1.700000000000000000, 8.890000000000000600 ) ) ;
#5618 = DIRECTION ( 'NONE',  ( -0.7071067811865474600, 0.0000000000000000000, -0.7071067811865474600 ) ) ;
#5619 = CARTESIAN_POINT ( 'NONE',  ( 1.270000000000001400, 1.700000000000000000, 9.289999999999999100 ) ) ;
#5620 = FILL_AREA_STYLE ('',( #5594 ) ) ;
#5621 = VERTEX_POINT ( 'NONE', #2984 ) ;
#5622 = LINE ( 'NONE', #3492, #2921 ) ;
#5623 = PRESENTATION_LAYER_ASSIGNMENT (  '', '', ( #4950 ) ) ;
#5624 = COLOUR_RGB ( '',1.000000000000000000, 1.000000000000000000, 1.000000000000000000 ) ;
#5625 = ORIENTED_EDGE ( 'NONE', *, *, #282, .T. ) ;
#5626 =( NAMED_UNIT ( * ) SI_UNIT ( $, .STERADIAN. ) SOLID_ANGLE_UNIT ( ) );
#5627 = VECTOR ( 'NONE', #3014, 1000.000000000000000 ) ;
#5628 = LINE ( 'NONE', #2696, #1577 ) ;
#5629 =( NAMED_UNIT ( * ) SI_UNIT ( $, .STERADIAN. ) SOLID_ANGLE_UNIT ( ) );
#5630 = VECTOR ( 'NONE', #1529, 1000.000000000000000 ) ;
#5631 =( GEOMETRIC_REPRESENTATION_CONTEXT ( 3 ) GLOBAL_UNCERTAINTY_ASSIGNED_CONTEXT ( ( #6549 ) ) GLOBAL_UNIT_ASSIGNED_CONTEXT ( ( #4639, #1603, #5160 ) ) REPRESENTATION_CONTEXT ( 'NONE', 'WORKASPACE' ) );
#5632 = CARTESIAN_POINT ( 'NONE',  ( -0.2199999999999988100, 8.339999999999999900, 4.760000000000000700 ) ) ;
#5633 =( GEOMETRIC_REPRESENTATION_CONTEXT ( 3 ) GLOBAL_UNCERTAINTY_ASSIGNED_CONTEXT ( ( #6371 ) ) GLOBAL_UNIT_ASSIGNED_CONTEXT ( ( #2278, #5849, #2784 ) ) REPRESENTATION_CONTEXT ( 'NONE', 'WORKASPACE' ) );
#5634 = VECTOR ( 'NONE', #2167, 1000.000000000000000 ) ;
#5635 = DIRECTION ( 'NONE',  ( 1.000000000000000000, 0.0000000000000000000, -0.0000000000000000000 ) ) ;
#5636 = CARTESIAN_POINT ( 'NONE',  ( -0.2199999999999982000, 0.2999999999999999300, 7.299999999999999800 ) ) ;
#5637 = SURFACE_STYLE_USAGE ( .BOTH. , #2071 ) ;
#5638 = EDGE_CURVE ( 'NONE', #1561, #2827, #5622, .T. ) ;
#5639 =( NAMED_UNIT ( * ) SI_UNIT ( $, .STERADIAN. ) SOLID_ANGLE_UNIT ( ) );
#5640 = EDGE_CURVE ( 'NONE', #6561, #1338, #4252, .T. ) ;
#5641 = EDGE_CURVE ( 'NONE', #4416, #2491, #1570, .T. ) ;
#5642 =( NAMED_UNIT ( * ) SI_UNIT ( $, .STERADIAN. ) SOLID_ANGLE_UNIT ( ) );
#5643 = VECTOR ( 'NONE', #4266, 1000.000000000000000 ) ;
#5644 = FILL_AREA_STYLE ('',( #3058 ) ) ;
#5645 = LINE ( 'NONE', #5054, #4110 ) ;
#5646 = SURFACE_STYLE_USAGE ( .BOTH. , #2078 ) ;
#5647 = CARTESIAN_POINT ( 'NONE',  ( -0.2199999999999980900, 8.339999999999999900, 7.939999999999999500 ) ) ;
#5648 = LINE ( 'NONE', #1956, #1588 ) ;
#5649 = STYLED_ITEM ( 'NONE', ( #850 ), #6270 ) ;
#5650 = ORIENTED_EDGE ( 'NONE', *, *, #4305, .F. ) ;
#5651 = CARTESIAN_POINT ( 'NONE',  ( -0.3199999999999988400, -3.000000000000000000, 4.860000000000000300 ) ) ;
#5652 = CARTESIAN_POINT ( 'NONE',  ( -0.2199999999999975600, -3.000000000000000000, 9.839999999999999900 ) ) ;
#5653 = PRESENTATION_STYLE_ASSIGNMENT (( #785 ) ) ;
#5654 = CARTESIAN_POINT ( 'NONE',  ( 0.3200000000000012300, -3.000000000000000000, 4.860000000000000300 ) ) ;
#5655 = FILL_AREA_STYLE_COLOUR ( '', #134 ) ;
#5656 = LINE ( 'NONE', #4457, #5832 ) ;
#5657 = AXIS2_PLACEMENT_3D ( 'NONE', #4474, #1442, #4997 ) ;
#5658 = LINE ( 'NONE', #101, #1600 ) ;
#5659 = CARTESIAN_POINT ( 'NONE',  ( -0.3199999999999969500, 8.339999999999999900, 12.48000000000000200 ) ) ;
#5660 = CARTESIAN_POINT ( 'NONE',  ( -0.3199999999999981700, -3.000000000000000000, 7.400000000000000400 ) ) ;
#5661 = CARTESIAN_POINT ( 'NONE',  ( -0.7500000000000000000, 0.0000000000000000000, -1.270000000000000500 ) ) ;
#5662 = VECTOR ( 'NONE', #4026, 1000.000000000000000 ) ;
#5663 = SURFACE_SIDE_STYLE ('',( #893 ) ) ;
#5664 = VECTOR ( 'NONE', #3213, 1000.000000000000100 ) ;
#5665 =( GEOMETRIC_REPRESENTATION_CONTEXT ( 3 ) GLOBAL_UNCERTAINTY_ASSIGNED_CONTEXT ( ( #5496 ) ) GLOBAL_UNIT_ASSIGNED_CONTEXT ( ( #189, #3733, #708 ) ) REPRESENTATION_CONTEXT ( 'NONE', 'WORKASPACE' ) );
#5666 = CARTESIAN_POINT ( 'NONE',  ( -0.3199999999999968400, -3.000000000000000000, 12.92000000000000200 ) ) ;
#5667 = SURFACE_SIDE_STYLE ('',( #2992 ) ) ;
#5668 = SURFACE_SIDE_STYLE ('',( #3923 ) ) ;
#5669 = UNCERTAINTY_MEASURE_WITH_UNIT (LENGTH_MEASURE( 1.000000000000000100E-005 ), #5099, 'distance_accuracy_value', 'NONE');
#5670 = LINE ( 'NONE', #5063, #4136 ) ;
#5671 = SURFACE_STYLE_FILL_AREA ( #5586 ) ;
#5672 = DIRECTION ( 'NONE',  ( 0.7071067811865474600, 0.0000000000000000000, -0.7071067811865474600 ) ) ;
#5673 = CARTESIAN_POINT ( 'NONE',  ( 0.2200000000000005800, 1.700000000000000000, 2.220000000000000200 ) ) ;
#5674 = VECTOR ( 'NONE', #4225, 1000.000000000000100 ) ;
#5675 = ORIENTED_EDGE ( 'NONE', *, *, #5506, .T. ) ;
#5676 = ORIENTED_EDGE ( 'NONE', *, *, #5958, .T. ) ;
#5677 =( NAMED_UNIT ( * ) PLANE_ANGLE_UNIT ( ) SI_UNIT ( $, .RADIAN. ) );
#5678 = STYLED_ITEM ( 'NONE', ( #1960 ), #1913 ) ;
#5679 = VERTEX_POINT ( 'NONE', #5539 ) ;
#5680 = EDGE_CURVE ( 'NONE', #5308, #3989, #2751, .T. ) ;
#5681 = CARTESIAN_POINT ( 'NONE',  ( -0.2199999999999987000, -3.000000000000000000, 5.400000000000000400 ) ) ;
#5682 = CARTESIAN_POINT ( 'NONE',  ( 0.3200000000000006200, -3.000000000000000000, 2.319999999999999800 ) ) ;
#5683 = SURFACE_STYLE_FILL_AREA ( #4815 ) ;
#5684 = ORIENTED_EDGE ( 'NONE', *, *, #19, .T. ) ;
#5685 =( GEOMETRIC_REPRESENTATION_CONTEXT ( 3 ) GLOBAL_UNCERTAINTY_ASSIGNED_CONTEXT ( ( #2951 ) ) GLOBAL_UNIT_ASSIGNED_CONTEXT ( ( #4016, #4033, #3994 ) ) REPRESENTATION_CONTEXT ( 'NONE', 'WORKASPACE' ) );
#5686 = PRESENTATION_LAYER_ASSIGNMENT (  '', '', ( #5002 ) ) ;
#5687 = CARTESIAN_POINT ( 'NONE',  ( 3.800000000000000300, 0.2999999999999999900, 3.279999999999999800 ) ) ;
#5688 = DIRECTION ( 'NONE',  ( -1.000000000000000000, 0.0000000000000000000, 0.0000000000000000000 ) ) ;
#5689 = VERTEX_POINT ( 'NONE', #6533 ) ;
#5690 =( NAMED_UNIT ( * ) PLANE_ANGLE_UNIT ( ) SI_UNIT ( $, .RADIAN. ) );
#5691 = DIRECTION ( 'NONE',  ( 0.0000000000000000000, 1.000000000000000000, 0.0000000000000000000 ) ) ;
#5692 = ORIENTED_EDGE ( 'NONE', *, *, #2527, .F. ) ;
#5693 = LINE ( 'NONE', #1389, #3854 ) ;
#5694 = LINE ( 'NONE', #1059, #4330 ) ;
#5695 = EDGE_CURVE ( 'NONE', #3853, #1394, #4095, .T. ) ;
#5696 = EDGE_LOOP ( 'NONE', ( #1810, #4611, #4902, #3775 ) ) ;
#5697 = ORIENTED_EDGE ( 'NONE', *, *, #5045, .T. ) ;
#5698 = ORIENTED_EDGE ( 'NONE', *, *, #4739, .T. ) ;
#5699 = EDGE_LOOP ( 'NONE', ( #4227, #2031, #6321, #2587, #4827, #3159, #6160, #781 ) ) ;
#5700 = FACE_OUTER_BOUND ( 'NONE', #5120, .T. ) ;
#5701 = CARTESIAN_POINT ( 'NONE',  ( 0.2200000000000018900, 0.2999999999999999300, 7.299999999999999800 ) ) ;
#5702 = SURFACE_SIDE_STYLE ('',( #5837 ) ) ;
#5703 = DIRECTION ( 'NONE',  ( -0.0000000000000000000, -1.000000000000000000, -0.0000000000000000000 ) ) ;
#5704 = FILL_AREA_STYLE ('',( #3637 ) ) ;
#5705 = EDGE_LOOP ( 'NONE', ( #3992, #5527, #4238, #1336 ) ) ;
#5706 = VERTEX_POINT ( 'NONE', #4536 ) ;
#5707 = COLOUR_RGB ( '',1.000000000000000000, 1.000000000000000000, 1.000000000000000000 ) ;
#5708 = CARTESIAN_POINT ( 'NONE',  ( -0.2199999999999999700, -3.000000000000000000, 0.3199999999999999500 ) ) ;
#5709 =( LENGTH_UNIT ( ) NAMED_UNIT ( * ) SI_UNIT ( .MILLI., .METRE. ) );
#5710 = STYLED_ITEM ( 'NONE', ( #4017 ), #6501 ) ;
#5712 = STYLED_ITEM ( 'NONE', ( #1271 ), #1464 ) ;
#5711 = CARTESIAN_POINT ( 'NONE',  ( -0.9999999999999997800, 1.700000000000000000, 0.9999999999999997800 ) ) ;
#5713 = DIRECTION ( 'NONE',  ( 0.7071067811865474600, 0.0000000000000000000, -0.7071067811865474600 ) ) ;
#5714 = COLOUR_RGB ( '',0.7921568627450980000, 0.8196078431372548800, 0.9333333333333333500 ) ;
#5715 = VECTOR ( 'NONE', #3321, 1000.000000000000000 ) ;
#5716 = VECTOR ( 'NONE', #5081, 1000.000000000000000 ) ;
#5717 = SURFACE_STYLE_USAGE ( .BOTH. , #2142 ) ;
#5718 = CARTESIAN_POINT ( 'NONE',  ( 0.3200000000000025600, 0.2999999999999999300, 10.38000000000000100 ) ) ;
#5719 = CARTESIAN_POINT ( 'NONE',  ( -1.269999999999997400, 1.700000000000000000, 11.83000000000000000 ) ) ;
#5720 = FACE_BOUND ( 'NONE', #2437, .T. ) ;
#5721 =( NAMED_UNIT ( * ) PLANE_ANGLE_UNIT ( ) SI_UNIT ( $, .RADIAN. ) );
#5722 = AXIS2_PLACEMENT_3D ( 'NONE', #2208, #5792, #2709 ) ;
#5723 = ORIENTED_EDGE ( 'NONE', *, *, #5172, .T. ) ;
#5724 = DIRECTION ( 'NONE',  ( 1.000000000000000000, 0.0000000000000000000, 0.0000000000000000000 ) ) ;
#5725 = UNCERTAINTY_MEASURE_WITH_UNIT (LENGTH_MEASURE( 1.000000000000000100E-005 ), #3476, 'distance_accuracy_value', 'NONE');
#5726 = COLOUR_RGB ( '',1.000000000000000000, 1.000000000000000000, 1.000000000000000000 ) ;
#5727 = CARTESIAN_POINT ( 'NONE',  ( -0.2199999999999988100, -3.000000000000000000, 4.760000000000000700 ) ) ;
#5728 = LINE ( 'NONE', #6156, #1835 ) ;
#5729 = PLANE ( 'NONE',  #327 ) ;
#5730 = FACE_OUTER_BOUND ( 'NONE', #2982, .T. ) ;
#5731 = AXIS2_PLACEMENT_3D ( 'NONE', #3842, #821, #4356 ) ;
#5732 = CARTESIAN_POINT ( 'NONE',  ( 0.8700000000000024400, 1.700000000000000000, 13.97000000000000100 ) ) ;
#5733 = VERTEX_POINT ( 'NONE', #3509 ) ;
#5734 = CARTESIAN_POINT ( 'NONE',  ( 0.2200000000000025000, -3.000000000000000000, 9.839999999999999900 ) ) ;
#5735 = VECTOR ( 'NONE', #1150, 1000.000000000000000 ) ;
#5736 = PLANE ( 'NONE',  #2564 ) ;
#5737 = DIRECTION ( 'NONE',  ( 0.7071067811865474600, -0.0000000000000000000, -0.7071067811865474600 ) ) ;
#5738 = DIRECTION ( 'NONE',  ( -1.232047923278982200E-016, -0.0000000000000000000, -1.000000000000000000 ) ) ;
#5739 = EDGE_CURVE ( 'NONE', #4895, #3554, #1735, .T. ) ;
#5740 = EDGE_CURVE ( 'NONE', #509, #926, #221, .T. ) ;
#5741 = EDGE_CURVE ( 'NONE', #6253, #1463, #1264, .T. ) ;
#5742 = DIRECTION ( 'NONE',  ( -1.232047923278982200E-016, 0.0000000000000000000, -1.000000000000000000 ) ) ;
#5743 = ORIENTED_EDGE ( 'NONE', *, *, #2946, .T. ) ;
#5744 = SURFACE_STYLE_USAGE ( .BOTH. , #2158 ) ;
#5745 = FILL_AREA_STYLE_COLOUR ( '', #6540 ) ;
#5746 = VECTOR ( 'NONE', #5546, 1000.000000000000100 ) ;
#5747 = MECHANICAL_DESIGN_GEOMETRIC_PRESENTATION_REPRESENTATION (  '', ( #1933 ), #6061 ) ;
#5748 = FACE_OUTER_BOUND ( 'NONE', #841, .T. ) ;
#5749 = VECTOR ( 'NONE', #2699, 1000.000000000000100 ) ;
#5750 = VERTEX_POINT ( 'NONE', #6579 ) ;
#5751 = LINE ( 'NONE', #1346, #1684 ) ;
#5752 = CARTESIAN_POINT ( 'NONE',  ( 1.270000000000001800, 0.0000000000000000000, 11.02999999999999900 ) ) ;
#5753 = FILL_AREA_STYLE ('',( #5232 ) ) ;
#5754 = LINE ( 'NONE', #237, #1854 ) ;
#5755 = PRESENTATION_LAYER_ASSIGNMENT (  '', '', ( #5061 ) ) ;
#5756 = LINE ( 'NONE', #1592, #5272 ) ;
#5757 = VECTOR ( 'NONE', #2087, 1000.000000000000100 ) ;
#5758 = FILL_AREA_STYLE ('',( #660 ) ) ;
#5759 = CARTESIAN_POINT ( 'NONE',  ( -1.269999999999998500, 1.700000000000000000, 6.750000000000000000 ) ) ;
#5760 =( NAMED_UNIT ( * ) SI_UNIT ( $, .STERADIAN. ) SOLID_ANGLE_UNIT ( ) );
#5761 = DIRECTION ( 'NONE',  ( 0.0000000000000000000, 1.000000000000000000, 0.0000000000000000000 ) ) ;
#5762 = VECTOR ( 'NONE', #4301, 1000.000000000000000 ) ;
#5763 = DIRECTION ( 'NONE',  ( -1.232047923278982200E-016, 0.0000000000000000000, -1.000000000000000000 ) ) ;
#5764 =( NAMED_UNIT ( * ) SI_UNIT ( $, .STERADIAN. ) SOLID_ANGLE_UNIT ( ) );
#5765 = AXIS2_PLACEMENT_3D ( 'NONE', #5411, #2367, #5932 ) ;
#5766 = ORIENTED_EDGE ( 'NONE', *, *, #1048, .F. ) ;
#5767 = CARTESIAN_POINT ( 'NONE',  ( 0.2200000000000006700, 0.2999999999999999300, 2.860000000000000300 ) ) ;
#5768 = PLANE ( 'NONE',  #3002 ) ;
#5769 = VERTEX_POINT ( 'NONE', #500 ) ;
#5770 = CARTESIAN_POINT ( 'NONE',  ( 0.3200000000000025000, -3.000000000000000000, 9.940000000000001300 ) ) ;
#5771 = DIRECTION ( 'NONE',  ( -0.7071067811865474600, 0.0000000000000000000, -0.7071067811865474600 ) ) ;
#5772 = MECHANICAL_DESIGN_GEOMETRIC_PRESENTATION_REPRESENTATION (  '', ( #4728 ), #6091 ) ;
#5773 = VERTEX_POINT ( 'NONE', #1009 ) ;
#5774 = CARTESIAN_POINT ( 'NONE',  ( 0.3200000000000000100, -3.000000000000000000, 0.2199999999999999700 ) ) ;
#5775 = MECHANICAL_DESIGN_GEOMETRIC_PRESENTATION_REPRESENTATION (  '', ( #4730 ), #6094 ) ;
#5776 =( NAMED_UNIT ( * ) PLANE_ANGLE_UNIT ( ) SI_UNIT ( $, .RADIAN. ) );
#5777 = ORIENTED_EDGE ( 'NONE', *, *, #6054, .T. ) ;
#5778 = EDGE_LOOP ( 'NONE', ( #990, #3066, #3857, #4646 ) ) ;
#5779 = EDGE_CURVE ( 'NONE', #6073, #2261, #3785, .T. ) ;
#5780 = EDGE_CURVE ( 'NONE', #3473, #364, #56, .T. ) ;
#5781 = CARTESIAN_POINT ( 'NONE',  ( -1.269999999999998000, 0.0000000000000000000, 8.489999999999998400 ) ) ;
#5782 = VERTEX_POINT ( 'NONE', #5559 ) ;
#5783 = VERTEX_POINT ( 'NONE', #5579 ) ;
#5784 = SURFACE_STYLE_USAGE ( .BOTH. , #2200 ) ;
#5785 = PLANE ( 'NONE',  #85 ) ;
#5786 = AXIS2_PLACEMENT_3D ( 'NONE', #3009, #6564, #3514 ) ;
#5787 = VECTOR ( 'NONE', #1497, 1000.000000000000100 ) ;
#5788 = VERTEX_POINT ( 'NONE', #3042 ) ;
#5789 = DIRECTION ( 'NONE',  ( -1.000000000000000000, 0.0000000000000000000, 2.464095846557964400E-016 ) ) ;
#5790 = SURFACE_SIDE_STYLE ('',( #1820 ) ) ;
#5791 =( NAMED_UNIT ( * ) SI_UNIT ( $, .STERADIAN. ) SOLID_ANGLE_UNIT ( ) );
#5792 = DIRECTION ( 'NONE',  ( 0.0000000000000000000, 0.0000000000000000000, 1.000000000000000000 ) ) ;
#5793 = PLANE ( 'NONE',  #5051 ) ;
#5794 = ORIENTED_EDGE ( 'NONE', *, *, #1510, .F. ) ;
#5795 = ORIENTED_EDGE ( 'NONE', *, *, #3169, .F. ) ;
#5796 = ORIENTED_EDGE ( 'NONE', *, *, #3266, .T. ) ;
#5797 = ADVANCED_FACE ( 'NONE', ( #4989 ), #518, .T. ) ;
#5798 = SURFACE_SIDE_STYLE ('',( #1614 ) ) ;
#5799 = VERTEX_POINT ( 'NONE', #6087 ) ;
#5800 = PRESENTATION_LAYER_ASSIGNMENT (  '', '', ( #5098 ) ) ;
#5801 =( NAMED_UNIT ( * ) PLANE_ANGLE_UNIT ( ) SI_UNIT ( $, .RADIAN. ) );
#5802 = VECTOR ( 'NONE', #2649, 1000.000000000000000 ) ;
#5803 = LINE ( 'NONE', #2859, #3249 ) ;
#5804 = SURFACE_STYLE_USAGE ( .BOTH. , #2216 ) ;
#5805 = CARTESIAN_POINT ( 'NONE',  ( -1.269999999999998700, 1.700000000000000000, 5.950000000000000200 ) ) ;
#5806 = UNCERTAINTY_MEASURE_WITH_UNIT (LENGTH_MEASURE( 1.000000000000000100E-005 ), #1816, 'distance_accuracy_value', 'NONE');
#5807 = LINE ( 'NONE', #2511, #5627 ) ;
#5808 = FACE_OUTER_BOUND ( 'NONE', #1405, .T. ) ;
#5809 = MECHANICAL_DESIGN_GEOMETRIC_PRESENTATION_REPRESENTATION (  '', ( #4760 ), #6120 ) ;
#5810 = DIRECTION ( 'NONE',  ( -1.000000000000000000, 0.0000000000000000000, 0.0000000000000000000 ) ) ;
#5811 = CARTESIAN_POINT ( 'NONE',  ( -1.269999999999996900, 1.700000000000000000, 13.57000000000000000 ) ) ;
#5812 = DIRECTION ( 'NONE',  ( 2.464095846557964400E-016, 0.0000000000000000000, 1.000000000000000000 ) ) ;
#5813 = DIRECTION ( 'NONE',  ( 0.7071067811865474600, 0.0000000000000000000, 0.7071067811865474600 ) ) ;
#5814 = CARTESIAN_POINT ( 'NONE',  ( -0.8699999999999994400, 1.700000000000000000, 3.810000000000000100 ) ) ;
#5815 = FACE_OUTER_BOUND ( 'NONE', #5882, .T. ) ;
#5816 = LINE ( 'NONE', #114, #1750 ) ;
#5817 = LINE ( 'NONE', #2201, #1753 ) ;
#5818 = CARTESIAN_POINT ( 'NONE',  ( -0.8699999999999970000, 1.700000000000000000, 13.97000000000000100 ) ) ;
#5819 = FILL_AREA_STYLE_COLOUR ( '', #2393 ) ;
#5820 = SURFACE_STYLE_USAGE ( .BOTH. , #2240 ) ;
#5821 = ORIENTED_EDGE ( 'NONE', *, *, #704, .F. ) ;
#5822 = CARTESIAN_POINT ( 'NONE',  ( -0.2199999999999974500, -3.000000000000000000, 10.48000000000000000 ) ) ;
#5823 =( GEOMETRIC_REPRESENTATION_CONTEXT ( 3 ) GLOBAL_UNCERTAINTY_ASSIGNED_CONTEXT ( ( #4399 ) ) GLOBAL_UNIT_ASSIGNED_CONTEXT ( ( #3108, #67, #3606 ) ) REPRESENTATION_CONTEXT ( 'NONE', 'WORKASPACE' ) );
#5824 = ADVANCED_FACE ( 'NONE', ( #5884 ), #4076, .T. ) ;
#5825 = LINE ( 'NONE', #2286, #1764 ) ;
#5826 = SURFACE_STYLE_FILL_AREA ( #1795 ) ;
#5827 = MECHANICAL_DESIGN_GEOMETRIC_PRESENTATION_REPRESENTATION (  '', ( #4779 ), #6137 ) ;
#5828 = SURFACE_STYLE_USAGE ( .BOTH. , #2244 ) ;
#5829 = CARTESIAN_POINT ( 'NONE',  ( 0.8699999999999987700, 0.0000000000000000000, -1.270000000000000200 ) ) ;
#5830 = SURFACE_STYLE_USAGE ( .BOTH. , #2246 ) ;
#5831 = DIRECTION ( 'NONE',  ( 0.0000000000000000000, -0.0000000000000000000, -1.000000000000000000 ) ) ;
#5832 = VECTOR ( 'NONE', #1425, 1000.000000000000100 ) ;
#5833 = MECHANICAL_DESIGN_GEOMETRIC_PRESENTATION_REPRESENTATION (  '', ( #5129 ), #6145 ) ;
#5834 = EDGE_CURVE ( 'NONE', #163, #6560, #2670, .T. ) ;
#5835 =( NAMED_UNIT ( * ) PLANE_ANGLE_UNIT ( ) SI_UNIT ( $, .RADIAN. ) );
#5836 = DIRECTION ( 'NONE',  ( -0.7071067811865475700, 0.0000000000000000000, 0.7071067811865475700 ) ) ;
#5837 = SURFACE_STYLE_FILL_AREA ( #2131 ) ;
#5838 = FILL_AREA_STYLE ('',( #3762 ) ) ;
#5839 = EDGE_CURVE ( 'NONE', #4566, #4248, #4012, .T. ) ;
#5840 = LINE ( 'NONE', #2015, #4125 ) ;
#5841 =( GEOMETRIC_REPRESENTATION_CONTEXT ( 3 ) GLOBAL_UNCERTAINTY_ASSIGNED_CONTEXT ( ( #1542 ) ) GLOBAL_UNIT_ASSIGNED_CONTEXT ( ( #6290, #3256, #206 ) ) REPRESENTATION_CONTEXT ( 'NONE', 'WORKASPACE' ) );
#5842 = VECTOR ( 'NONE', #3687, 1000.000000000000000 ) ;
#5843 = CARTESIAN_POINT ( 'NONE',  ( 1.269999999999999400, 1.700000000000000000, 1.669999999999999900 ) ) ;
#5844 = CARTESIAN_POINT ( 'NONE',  ( -0.8699999999999970000, 1.700000000000000000, 13.97000000000000100 ) ) ;
#5845 = CARTESIAN_POINT ( 'NONE',  ( -1.269999999999997600, 0.0000000000000000000, 11.02999999999999900 ) ) ;
#5846 = CARTESIAN_POINT ( 'NONE',  ( 0.2200000000000012500, 0.2999999999999999300, 4.760000000000000700 ) ) ;
#5847 = VECTOR ( 'NONE', #6583, 1000.000000000000100 ) ;
#5848 = ORIENTED_EDGE ( 'NONE', *, *, #1047, .F. ) ;
#5849 =( NAMED_UNIT ( * ) PLANE_ANGLE_UNIT ( ) SI_UNIT ( $, .RADIAN. ) );
#5850 = CARTESIAN_POINT ( 'NONE',  ( 1.270000000000001100, 0.0000000000000000000, 8.489999999999998400 ) ) ;
#5851 =( NAMED_UNIT ( * ) PLANE_ANGLE_UNIT ( ) SI_UNIT ( $, .RADIAN. ) );
#5852 = DIRECTION ( 'NONE',  ( -0.7071067811865475700, 0.0000000000000000000, 0.7071067811865475700 ) ) ;
#5853 = STYLED_ITEM ( 'NONE', ( #3343 ), #5386 ) ;
#5854 = ORIENTED_EDGE ( 'NONE', *, *, #5961, .F. ) ;
#5855 = CARTESIAN_POINT ( 'NONE',  ( 1.269999999999999100, 1.700000000000000000, 0.8699999999999994400 ) ) ;
#5856 =( LENGTH_UNIT ( ) NAMED_UNIT ( * ) SI_UNIT ( .MILLI., .METRE. ) );
#5857 = ORIENTED_EDGE ( 'NONE', *, *, #1733, .T. ) ;
#5858 = VERTEX_POINT ( 'NONE', #2082 ) ;
#5859 = FACE_OUTER_BOUND ( 'NONE', #1992, .T. ) ;
#5860 = SURFACE_STYLE_FILL_AREA ( #3363 ) ;
#5861 = ADVANCED_FACE ( 'NONE', ( #1339 ), #3595, .F. ) ;
#5862 = DIRECTION ( 'NONE',  ( -0.0000000000000000000, -1.000000000000000000, -0.0000000000000000000 ) ) ;
#5863 = CARTESIAN_POINT ( 'NONE',  ( 0.3200000000000031200, 8.339999999999999900, 12.48000000000000200 ) ) ;
#5864 = EDGE_LOOP ( 'NONE', ( #927, #1874, #4833, #2742 ) ) ;
#5865 = ORIENTED_EDGE ( 'NONE', *, *, #1431, .F. ) ;
#5866 = DIRECTION ( 'NONE',  ( -0.7071067811865474600, -0.0000000000000000000, 0.7071067811865474600 ) ) ;
#5867 =( LENGTH_UNIT ( ) NAMED_UNIT ( * ) SI_UNIT ( .MILLI., .METRE. ) );
#5868 = LINE ( 'NONE', #3575, #1950 ) ;
#5869 = DIRECTION ( 'NONE',  ( 0.0000000000000000000, 1.000000000000000000, 0.0000000000000000000 ) ) ;
#5870 = ORIENTED_EDGE ( 'NONE', *, *, #1392, .F. ) ;
#5871 = STYLED_ITEM ( 'NONE', ( #2554 ), #2964 ) ;
#5872 = STYLED_ITEM ( 'NONE', ( #1608 ), #2476 ) ;
#5873 = DIRECTION ( 'NONE',  ( 0.0000000000000000000, -0.0000000000000000000, -1.000000000000000000 ) ) ;
#5874 = VERTEX_POINT ( 'NONE', #2622 ) ;
#5875 = ORIENTED_EDGE ( 'NONE', *, *, #5007, .F. ) ;
#5876 = VERTEX_POINT ( 'NONE', #2110 ) ;
#5877 = EDGE_CURVE ( 'NONE', #5876, #6089, #5227, .T. ) ;
#5878 = EDGE_CURVE ( 'NONE', #2966, #6017, #6084, .T. ) ;
#5879 = EDGE_CURVE ( 'NONE', #1141, #5052, #693, .T. ) ;
#5880 =( NAMED_UNIT ( * ) SI_UNIT ( $, .STERADIAN. ) SOLID_ANGLE_UNIT ( ) );
#5881 = ORIENTED_EDGE ( 'NONE', *, *, #4786, .F. ) ;
#5882 = EDGE_LOOP ( 'NONE', ( #1402, #1471, #583, #6249 ) ) ;
#5883 =( LENGTH_UNIT ( ) NAMED_UNIT ( * ) SI_UNIT ( .MILLI., .METRE. ) );
#5884 = FACE_OUTER_BOUND ( 'NONE', #5298, .T. ) ;
#5885 = PRESENTATION_LAYER_ASSIGNMENT (  '', '', ( #5180 ) ) ;
#5886 = PLANE ( 'NONE',  #6021 ) ;
#5887 = LINE ( 'NONE', #3736, #1964 ) ;
#5888 = DIRECTION ( 'NONE',  ( -0.7071067811865474600, 0.0000000000000000000, -0.7071067811865474600 ) ) ;
#5889 = SHAPE_DEFINITION_REPRESENTATION ( #5992, #3743 ) ;
#5890 = SURFACE_STYLE_USAGE ( .BOTH. , #2309 ) ;
#5891 = CARTESIAN_POINT ( 'NONE',  ( 1.270000000000002500, 0.0000000000000000000, 13.57000000000000000 ) ) ;
#5892 = FILL_AREA_STYLE_COLOUR ( '', #6209 ) ;
#5893 = FACE_OUTER_BOUND ( 'NONE', #285, .T. ) ;
#5894 = LINE ( 'NONE', #3632, #629 ) ;
#5895 = SURFACE_STYLE_USAGE ( .BOTH. , #2315 ) ;
#5896 = UNCERTAINTY_MEASURE_WITH_UNIT (LENGTH_MEASURE( 1.000000000000000100E-005 ), #4648, 'distance_accuracy_value', 'NONE');
#5897 = AXIS2_PLACEMENT_3D ( 'NONE', #6260, #3217, #170 ) ;
#5898 = CARTESIAN_POINT ( 'NONE',  ( 0.2200000000000006100, -3.000000000000000000, 2.220000000000000200 ) ) ;
#5899 = SURFACE_STYLE_FILL_AREA ( #1724 ) ;
#5900 = SURFACE_STYLE_USAGE ( .BOTH. , #2319 ) ;
#5901 = FACE_OUTER_BOUND ( 'NONE', #2188, .T. ) ;
#5902 = ADVANCED_FACE ( 'NONE', ( #4735 ), #2133, .F. ) ;
#5903 = STYLED_ITEM ( 'NONE', ( #2537 ), #4916 ) ;
#5904 = DIRECTION ( 'NONE',  ( 1.000000000000000000, 0.0000000000000000000, -0.0000000000000000000 ) ) ;
#5905 = SURFACE_STYLE_USAGE ( .BOTH. , #2326 ) ;
#5906 = FILL_AREA_STYLE ('',( #5379 ) ) ;
#5907 = ORIENTED_EDGE ( 'NONE', *, *, #2603, .F. ) ;
#5908 = LINE ( 'NONE', #4672, #1987 ) ;
#5909 = DIRECTION ( 'NONE',  ( 0.7071067811865474600, 0.0000000000000000000, 0.7071067811865474600 ) ) ;
#5910 = PRESENTATION_LAYER_ASSIGNMENT (  '', '', ( #1307 ) ) ;
#5911 = ORIENTED_EDGE ( 'NONE', *, *, #6055, .F. ) ;
#5912 = PRESENTATION_LAYER_ASSIGNMENT (  '', '', ( #5205 ) ) ;
#5913 = LINE ( 'NONE', #464, #2475 ) ;
#5914 = DIRECTION ( 'NONE',  ( 0.0000000000000000000, 1.000000000000000000, 0.0000000000000000000 ) ) ;
#5915 = PLANE ( 'NONE',  #5765 ) ;
#5916 = VECTOR ( 'NONE', #1696, 1000.000000000000000 ) ;
#5917 = EDGE_CURVE ( 'NONE', #692, #3473, #4085, .T. ) ;
#5918 = STYLED_ITEM ( 'NONE', ( #6057 ), #315 ) ;
#5919 =( GEOMETRIC_REPRESENTATION_CONTEXT ( 3 ) GLOBAL_UNCERTAINTY_ASSIGNED_CONTEXT ( ( #6423 ) ) GLOBAL_UNIT_ASSIGNED_CONTEXT ( ( #654, #4192, #1166 ) ) REPRESENTATION_CONTEXT ( 'NONE', 'WORKASPACE' ) );
#5920 = DIRECTION ( 'NONE',  ( -1.000000000000000000, 0.0000000000000000000, 2.464095846557964400E-016 ) ) ;
#5921 = VECTOR ( 'NONE', #3442, 1000.000000000000000 ) ;
#5922 = CARTESIAN_POINT ( 'NONE',  ( -0.3200000000000000100, 1.700000000000000000, 7.885106708985486600E-017 ) ) ;
#5923 = SURFACE_SIDE_STYLE ('',( #776 ) ) ;
#5924 = CARTESIAN_POINT ( 'NONE',  ( -0.3199999999999974000, -3.000000000000000000, 10.38000000000000100 ) ) ;
#5925 = LINE ( 'NONE', #3077, #4542 ) ;
#5926 = STYLED_ITEM ( 'NONE', ( #4949 ), #826 ) ;
#5927 = AXIS2_PLACEMENT_3D ( 'NONE', #3462, #421, #3966 ) ;
#5928 = ADVANCED_FACE ( 'NONE', ( #5309 ), #5729, .T. ) ;
#5929 = FILL_AREA_STYLE ('',( #2843 ) ) ;
#5930 = EDGE_LOOP ( 'NONE', ( #1147, #2425, #1711, #3472, #5252, #1800, #354, #2907, #4217, #1560, #4420, #3224, #1798, #5289, #1462, #5132, #3964, #5821, #1071, #37, #5194 ) ) ;
#5931 = DIRECTION ( 'NONE',  ( 0.0000000000000000000, -1.000000000000000000, 0.0000000000000000000 ) ) ;
#5932 = DIRECTION ( 'NONE',  ( -0.7071067811865474600, 0.0000000000000000000, -0.7071067811865474600 ) ) ;
#5933 = VERTEX_POINT ( 'NONE', #561 ) ;
#5934 =( GEOMETRIC_REPRESENTATION_CONTEXT ( 3 ) GLOBAL_UNCERTAINTY_ASSIGNED_CONTEXT ( ( #6114 ) ) GLOBAL_UNIT_ASSIGNED_CONTEXT ( ( #4434, #1401, #4954 ) ) REPRESENTATION_CONTEXT ( 'NONE', 'WORKASPACE' ) );
#5935 = SURFACE_STYLE_FILL_AREA ( #4390 ) ;
#5936 = UNCERTAINTY_MEASURE_WITH_UNIT (LENGTH_MEASURE( 1.000000000000000100E-005 ), #5959, 'distance_accuracy_value', 'NONE');
#5937 = VERTEX_POINT ( 'NONE', #2683 ) ;
#5938 = CARTESIAN_POINT ( 'NONE',  ( -1.269999999999998500, 1.700000000000000000, 6.750000000000000000 ) ) ;
#5939 = ORIENTED_EDGE ( 'NONE', *, *, #61, .F. ) ;
#5940 = VECTOR ( 'NONE', #2953, 1000.000000000000100 ) ;
#5941 = SURFACE_STYLE_FILL_AREA ( #661 ) ;
#5942 = ORIENTED_EDGE ( 'NONE', *, *, #3471, .T. ) ;
#5943 = CARTESIAN_POINT ( 'NONE',  ( -0.2199999999999980900, 8.339999999999999900, 7.939999999999999500 ) ) ;
#5944 = FILL_AREA_STYLE ('',( #5422 ) ) ;
#5945 = ORIENTED_EDGE ( 'NONE', *, *, #1510, .T. ) ;
#5946 = ORIENTED_EDGE ( 'NONE', *, *, #5135, .F. ) ;
#5947 =( GEOMETRIC_REPRESENTATION_CONTEXT ( 3 ) GLOBAL_UNCERTAINTY_ASSIGNED_CONTEXT ( ( #5467 ) ) GLOBAL_UNIT_ASSIGNED_CONTEXT ( ( #5124, #2073, #5639 ) ) REPRESENTATION_CONTEXT ( 'NONE', 'WORKASPACE' ) );
#5948 = VERTEX_POINT ( 'NONE', #6223 ) ;
#5949 = CARTESIAN_POINT ( 'NONE',  ( 0.0000000000000000000, 1.700000000000000000, 4.760000000000000700 ) ) ;
#5950 = ORIENTED_EDGE ( 'NONE', *, *, #1778, .T. ) ;
#5951 = ORIENTED_EDGE ( 'NONE', *, *, #3169, .T. ) ;
#5952 = CARTESIAN_POINT ( 'NONE',  ( 0.2200000000000012500, -3.000000000000000000, 4.760000000000000700 ) ) ;
#5953 = CARTESIAN_POINT ( 'NONE',  ( 0.3200000000000006200, 0.2999999999999999900, -1.270000000000000700 ) ) ;
#5954 =( NAMED_UNIT ( * ) SI_UNIT ( $, .STERADIAN. ) SOLID_ANGLE_UNIT ( ) );
#5955 = ORIENTED_EDGE ( 'NONE', *, *, #1866, .F. ) ;
#5956 = SURFACE_STYLE_FILL_AREA ( #5704 ) ;
#5957 = MECHANICAL_DESIGN_GEOMETRIC_PRESENTATION_REPRESENTATION (  '', ( #4923 ), #6269 ) ;
#5958 = EDGE_CURVE ( 'NONE', #1262, #995, #4828, .T. ) ;
#5959 =( LENGTH_UNIT ( ) NAMED_UNIT ( * ) SI_UNIT ( .MILLI., .METRE. ) );
#5960 = ADVANCED_FACE ( 'NONE', ( #2107 ), #675, .T. ) ;
#5961 = EDGE_CURVE ( 'NONE', #2304, #1817, #1638, .T. ) ;
#5962 = EDGE_CURVE ( 'NONE', #926, #935, #2986, .T. ) ;
#5963 = LINE ( 'NONE', #4151, #6092 ) ;
#5964 = EDGE_CURVE ( 'NONE', #6002, #6539, #295, .T. ) ;
#5965 = CARTESIAN_POINT ( 'NONE',  ( -1.269999999999998500, 0.0000000000000000000, 6.750000000000000000 ) ) ;
#5966 = LINE ( 'NONE', #956, #4589 ) ;
#5967 = VECTOR ( 'NONE', #4024, 1000.000000000000000 ) ;
#5968 = CARTESIAN_POINT ( 'NONE',  ( 0.3200000000000019500, 8.339999999999999900, 7.839999999999999900 ) ) ;
#5969 = UNCERTAINTY_MEASURE_WITH_UNIT (LENGTH_MEASURE( 1.000000000000000100E-005 ), #2720, 'distance_accuracy_value', 'NONE');
#5970 = LINE ( 'NONE', #2799, #1906 ) ;
#5971 = FILL_AREA_STYLE ('',( #5447 ) ) ;
#5972 =( GEOMETRIC_REPRESENTATION_CONTEXT ( 3 ) GLOBAL_UNCERTAINTY_ASSIGNED_CONTEXT ( ( #2892 ) ) GLOBAL_UNIT_ASSIGNED_CONTEXT ( ( #2109, #5677, #2621 ) ) REPRESENTATION_CONTEXT ( 'NONE', 'WORKASPACE' ) );
#5973 = SURFACE_STYLE_USAGE ( .BOTH. , #2402 ) ;
#5974 = PRESENTATION_STYLE_ASSIGNMENT (( #6141 ) ) ;
#5975 = CARTESIAN_POINT ( 'NONE',  ( -0.8699999999999981100, 0.0000000000000000000, 8.890000000000000600 ) ) ;
#5976 = MECHANICAL_DESIGN_GEOMETRIC_PRESENTATION_REPRESENTATION (  '', ( #4950 ), #6303 ) ;
#5977 = VERTEX_POINT ( 'NONE', #4229 ) ;
#5978 = SURFACE_STYLE_FILL_AREA ( #3078 ) ;
#5979 = CARTESIAN_POINT ( 'NONE',  ( 0.2200000000000018900, -3.000000000000000000, 7.299999999999999800 ) ) ;
#5980 = DIRECTION ( 'NONE',  ( -0.7071067811865475700, 0.0000000000000000000, -0.7071067811865475700 ) ) ;
#5981 = ADVANCED_FACE ( 'NONE', ( #5700 ), #2721, .T. ) ;
#5982 = CARTESIAN_POINT ( 'NONE',  ( 0.3200000000000006700, -3.000000000000000000, 2.760000000000000200 ) ) ;
#5983 = DIRECTION ( 'NONE',  ( -0.7071067811865474600, 0.0000000000000000000, -0.7071067811865474600 ) ) ;
#5984 = DIRECTION ( 'NONE',  ( -1.000000000000000000, -0.0000000000000000000, -0.0000000000000000000 ) ) ;
#5985 = VECTOR ( 'NONE', #972, 1000.000000000000000 ) ;
#5986 = EDGE_CURVE ( 'NONE', #2506, #4567, #6245, .T. ) ;
#5987 = EDGE_CURVE ( 'NONE', #5948, #5599, #999, .T. ) ;
#5988 = EDGE_CURVE ( 'NONE', #3056, #2269, #4905, .T. ) ;
#5989 = LINE ( 'NONE', #3172, #5842 ) ;
#5990 = LINE ( 'NONE', #3683, #899 ) ;
#5991 = AXIS2_PLACEMENT_3D ( 'NONE', #3914, #882, #4427 ) ;
#5992 = PRODUCT_DEFINITION_SHAPE ( 'NONE', 'NONE',  #3419 ) ;
#5993 = UNCERTAINTY_MEASURE_WITH_UNIT (LENGTH_MEASURE( 1.000000000000000100E-005 ), #951, 'distance_accuracy_value', 'NONE');
#5994 = DIRECTION ( 'NONE',  ( 0.0000000000000000000, 1.000000000000000000, 0.0000000000000000000 ) ) ;
#5995 = CARTESIAN_POINT ( 'NONE',  ( -0.3199999999999999500, -3.000000000000000000, 0.2199999999999999700 ) ) ;
#5996 =( NAMED_UNIT ( * ) SI_UNIT ( $, .STERADIAN. ) SOLID_ANGLE_UNIT ( ) );
#5997 = ORIENTED_EDGE ( 'NONE', *, *, #3757, .T. ) ;
#5998 = ORIENTED_EDGE ( 'NONE', *, *, #1126, .T. ) ;
#5999 = VECTOR ( 'NONE', #5072, 1000.000000000000000 ) ;
#6000 = PRESENTATION_LAYER_ASSIGNMENT (  '', '', ( #5330 ) ) ;
#6001 = FILL_AREA_STYLE ('',( #3947 ) ) ;
#6002 = VERTEX_POINT ( 'NONE', #2779 ) ;
#6003 = VERTEX_POINT ( 'NONE', #5846 ) ;
#6004 = LINE ( 'NONE', #2631, #3308 ) ;
#6005 =( NAMED_UNIT ( * ) PLANE_ANGLE_UNIT ( ) SI_UNIT ( $, .RADIAN. ) );
#6006 = CARTESIAN_POINT ( 'NONE',  ( -1.270000000000000500, 1.700000000000000000, -0.8700000000000003300 ) ) ;
#6007 =( NAMED_UNIT ( * ) PLANE_ANGLE_UNIT ( ) SI_UNIT ( $, .RADIAN. ) );
#6008 = ORIENTED_EDGE ( 'NONE', *, *, #153, .T. ) ;
#6009 = CARTESIAN_POINT ( 'NONE',  ( 0.2200000000000006700, 8.339999999999999900, 2.860000000000000300 ) ) ;
#6010 = ORIENTED_EDGE ( 'NONE', *, *, #5506, .F. ) ;
#6011 = ORIENTED_EDGE ( 'NONE', *, *, #3929, .F. ) ;
#6012 = ADVANCED_FACE ( 'NONE', ( #2360 ), #3305, .F. ) ;
#6013 = ORIENTED_EDGE ( 'NONE', *, *, #3622, .T. ) ;
#6014 = ORIENTED_EDGE ( 'NONE', *, *, #4609, .F. ) ;
#6015 = ORIENTED_EDGE ( 'NONE', *, *, #5430, .T. ) ;
#6016 = FILL_AREA_STYLE ('',( #1944 ) ) ;
#6017 = VERTEX_POINT ( 'NONE', #6352 ) ;
#6018 = UNCERTAINTY_MEASURE_WITH_UNIT (LENGTH_MEASURE( 1.000000000000000100E-005 ), #6332, 'distance_accuracy_value', 'NONE');
#6019 = VECTOR ( 'NONE', #4886, 1000.000000000000100 ) ;
#6020 = DIRECTION ( 'NONE',  ( 0.0000000000000000000, 0.0000000000000000000, 1.000000000000000000 ) ) ;
#6021 = AXIS2_PLACEMENT_3D ( 'NONE', #4869, #1828, #5378 ) ;
#6022 = ORIENTED_EDGE ( 'NONE', *, *, #3706, .F. ) ;
#6023 = EDGE_LOOP ( 'NONE', ( #2259, #2434, #4814, #6116, #3793, #6410, #5377, #6554 ) ) ;
#6024 = FILL_AREA_STYLE_COLOUR ( '', #3817 ) ;
#6025 = EDGE_CURVE ( 'NONE', #810, #2898, #1718, .T. ) ;
#6026 = FILL_AREA_STYLE_COLOUR ( '', #3913 ) ;
#6027 = DIRECTION ( 'NONE',  ( 0.0000000000000000000, 1.000000000000000000, 0.0000000000000000000 ) ) ;
#6028 = CARTESIAN_POINT ( 'NONE',  ( 0.3200000000000025600, -3.000000000000000000, 10.38000000000000100 ) ) ;
#6029 = MECHANICAL_DESIGN_GEOMETRIC_PRESENTATION_REPRESENTATION (  '', ( #5002 ), #6378 ) ;
#6030 = LINE ( 'NONE', #1602, #1970 ) ;
#6031 = EDGE_CURVE ( 'NONE', #4488, #4343, #365, .T. ) ;
#6032 = SURFACE_SIDE_STYLE ('',( #1978 ) ) ;
#6033 = PRESENTATION_STYLE_ASSIGNMENT (( #5973 ) ) ;
#6034 = LINE ( 'NONE', #2126, #2129 ) ;
#6035 = LINE ( 'NONE', #5195, #4674 ) ;
#6036 = STYLED_ITEM ( 'NONE', ( #1784 ), #3961 ) ;
#6037 = ADVANCED_FACE ( 'NONE', ( #5456 ), #4333, .T. ) ;
#6038 = DIRECTION ( 'NONE',  ( -0.7071067811865474600, 0.0000000000000000000, 0.7071067811865474600 ) ) ;
#6039 = CARTESIAN_POINT ( 'NONE',  ( 0.2200000000000049100, 1.700000000000000000, 9.839999999999999900 ) ) ;
#6040 = ORIENTED_EDGE ( 'NONE', *, *, #2873, .T. ) ;
#6041 = LINE ( 'NONE', #1611, #4682 ) ;
#6042 = CARTESIAN_POINT ( 'NONE',  ( -0.8700000000000001100, 0.0000000000000000000, 1.269999999999999800 ) ) ;
#6043 = AXIS2_PLACEMENT_3D ( 'NONE', #265, #3814, #787 ) ;
#6044 = AXIS2_PLACEMENT_3D ( 'NONE', #5549, #2505, #6051 ) ;
#6045 = FACE_OUTER_BOUND ( 'NONE', #47, .T. ) ;
#6046 = ORIENTED_EDGE ( 'NONE', *, *, #2868, .T. ) ;
#6047 = PRESENTATION_LAYER_ASSIGNMENT (  '', '', ( #5380 ) ) ;
#6048 = CARTESIAN_POINT ( 'NONE',  ( -1.269999999999998000, 0.0000000000000000000, 9.289999999999999100 ) ) ;
#6049 = PRESENTATION_STYLE_ASSIGNMENT (( #5828 ) ) ;
#6050 = PRESENTATION_LAYER_ASSIGNMENT (  '', '', ( #5394 ) ) ;
#6051 = DIRECTION ( 'NONE',  ( -0.7071067811865474600, 0.0000000000000000000, 0.7071067811865474600 ) ) ;
#6052 =( LENGTH_UNIT ( ) NAMED_UNIT ( * ) SI_UNIT ( .MILLI., .METRE. ) );
#6053 = EDGE_CURVE ( 'NONE', #2637, #6162, #1077, .T. ) ;
#6054 = EDGE_CURVE ( 'NONE', #5769, #299, #6330, .T. ) ;
#6055 = EDGE_CURVE ( 'NONE', #2966, #3011, #3609, .T. ) ;
#6056 = EDGE_LOOP ( 'NONE', ( #1248, #925, #3516, #608, #2669, #819, #1985, #3541 ) ) ;
#6057 = PRESENTATION_STYLE_ASSIGNMENT (( #4247 ) ) ;
#6058 = ADVANCED_FACE ( 'NONE', ( #3458 ), #3370, .T. ) ;
#6059 = UNCERTAINTY_MEASURE_WITH_UNIT (LENGTH_MEASURE( 1.000000000000000100E-005 ), #2818, 'distance_accuracy_value', 'NONE');
#6060 = CARTESIAN_POINT ( 'NONE',  ( 1.269999999999998700, 0.0000000000000000000, -0.8700000000000003300 ) ) ;
#6061 =( GEOMETRIC_REPRESENTATION_CONTEXT ( 3 ) GLOBAL_UNCERTAINTY_ASSIGNED_CONTEXT ( ( #2038 ) ) GLOBAL_UNIT_ASSIGNED_CONTEXT ( ( #6531, #3489, #455 ) ) REPRESENTATION_CONTEXT ( 'NONE', 'WORKASPACE' ) );
#6062 = ORIENTED_EDGE ( 'NONE', *, *, #3221, .F. ) ;
#6063 = SURFACE_STYLE_FILL_AREA ( #3219 ) ;
#6064 = DIRECTION ( 'NONE',  ( 0.7071067811865474600, -0.0000000000000000000, 0.7071067811865474600 ) ) ;
#6065 = COLOUR_RGB ( '',1.000000000000000000, 1.000000000000000000, 1.000000000000000000 ) ;
#6066 = ORIENTED_EDGE ( 'NONE', *, *, #6131, .T. ) ;
#6067 = FILL_AREA_STYLE ('',( #2522 ) ) ;
#6068 = ORIENTED_EDGE ( 'NONE', *, *, #6191, .T. ) ;
#6069 = VECTOR ( 'NONE', #4464, 1000.000000000000100 ) ;
#6070 = LINE ( 'NONE', #1148, #851 ) ;
#6072 = MECHANICAL_DESIGN_GEOMETRIC_PRESENTATION_REPRESENTATION (  '', ( #5061 ), #6435 ) ;
#6071 = CARTESIAN_POINT ( 'NONE',  ( 0.0000000000000000000, 1.700000000000000000, 7.299999999999999800 ) ) ;
#6073 = VERTEX_POINT ( 'NONE', #840 ) ;
#6074 = ORIENTED_EDGE ( 'NONE', *, *, #1903, .F. ) ;
#6075 = DIRECTION ( 'NONE',  ( 0.0000000000000000000, 1.000000000000000000, 0.0000000000000000000 ) ) ;
#6076 = EDGE_LOOP ( 'NONE', ( #5436, #293, #3610, #446 ) ) ;
#6077 = SURFACE_STYLE_USAGE ( .BOTH. , #2531 ) ;
#6078 =( LENGTH_UNIT ( ) NAMED_UNIT ( * ) SI_UNIT ( .MILLI., .METRE. ) );
#6079 = ORIENTED_EDGE ( 'NONE', *, *, #1599, .T. ) ;
#6080 = COLOUR_RGB ( '',1.000000000000000000, 1.000000000000000000, 1.000000000000000000 ) ;
#6081 = PRESENTATION_LAYER_ASSIGNMENT (  '', '', ( #5417 ) ) ;
#6082 = VERTEX_POINT ( 'NONE', #276 ) ;
#6083 = VERTEX_POINT ( 'NONE', #3894 ) ;
#6084 = LINE ( 'NONE', #6181, #3404 ) ;
#6085 = CARTESIAN_POINT ( 'NONE',  ( -0.2199999999999975600, 8.339999999999999900, 9.839999999999999900 ) ) ;
#6086 = CARTESIAN_POINT ( 'NONE',  ( 0.0000000000000000000, 1.700000000000000000, 7.939999999999999500 ) ) ;
#6087 = CARTESIAN_POINT ( 'NONE',  ( -0.2199999999999974500, 0.2999999999999999300, 10.48000000000000000 ) ) ;
#6088 = DIRECTION ( 'NONE',  ( 0.7071067811865475700, 0.0000000000000000000, -0.7071067811865475700 ) ) ;
#6089 = VERTEX_POINT ( 'NONE', #867 ) ;
#6090 = LINE ( 'NONE', #5483, #4745 ) ;
#6091 =( GEOMETRIC_REPRESENTATION_CONTEXT ( 3 ) GLOBAL_UNCERTAINTY_ASSIGNED_CONTEXT ( ( #3499 ) ) GLOBAL_UNIT_ASSIGNED_CONTEXT ( ( #187, #3729, #706 ) ) REPRESENTATION_CONTEXT ( 'NONE', 'WORKASPACE' ) );
#6092 = VECTOR ( 'NONE', #3153, 1000.000000000000100 ) ;
#6093 = PLANE ( 'NONE',  #3025 ) ;
#6094 =( GEOMETRIC_REPRESENTATION_CONTEXT ( 3 ) GLOBAL_UNCERTAINTY_ASSIGNED_CONTEXT ( ( #3315 ) ) GLOBAL_UNIT_ASSIGNED_CONTEXT ( ( #4706, #1682, #5237 ) ) REPRESENTATION_CONTEXT ( 'NONE', 'WORKASPACE' ) );
#6095 = SURFACE_STYLE_USAGE ( .BOTH. , #2548 ) ;
#6096 = ADVANCED_FACE ( 'NONE', ( #1628 ), #4927, .F. ) ;
#6097 = SURFACE_STYLE_USAGE ( .BOTH. , #2550 ) ;
#6098 = DIRECTION ( 'NONE',  ( 2.464095846557964400E-016, 0.0000000000000000000, 1.000000000000000000 ) ) ;
#6099 = ORIENTED_EDGE ( 'NONE', *, *, #6324, .T. ) ;
#6100 = VECTOR ( 'NONE', #3985, 1000.000000000000000 ) ;
#6101 = SURFACE_STYLE_FILL_AREA ( #4714 ) ;
#6102 = EDGE_CURVE ( 'NONE', #2652, #6089, #5693, .T. ) ;
#6103 =( LENGTH_UNIT ( ) NAMED_UNIT ( * ) SI_UNIT ( .MILLI., .METRE. ) );
#6104 = EDGE_CURVE ( 'NONE', #810, #3639, #2500, .T. ) ;
#6105 = DIRECTION ( 'NONE',  ( 1.000000000000000000, 0.0000000000000000000, 0.0000000000000000000 ) ) ;
#6106 = PRESENTATION_STYLE_ASSIGNMENT (( #1512 ) ) ;
#6107 = PRESENTATION_LAYER_ASSIGNMENT (  '', '', ( #5433 ) ) ;
#6108 = STYLED_ITEM ( 'NONE', ( #5607 ), #6037 ) ;
#6109 = LINE ( 'NONE', #3302, #715 ) ;
#6110 = DIRECTION ( 'NONE',  ( -0.7071067811865474600, 0.0000000000000000000, -0.7071067811865474600 ) ) ;
#6111 = CARTESIAN_POINT ( 'NONE',  ( 1.270000000000000500, 0.0000000000000000000, 5.949999999999999300 ) ) ;
#6112 = DIRECTION ( 'NONE',  ( 1.000000000000000000, 0.0000000000000000000, -1.232047923278982200E-016 ) ) ;
#6113 = MECHANICAL_DESIGN_GEOMETRIC_PRESENTATION_REPRESENTATION (  '', ( #5098 ), #6465 ) ;
#6114 = UNCERTAINTY_MEASURE_WITH_UNIT (LENGTH_MEASURE( 1.000000000000000100E-005 ), #4434, 'distance_accuracy_value', 'NONE');
#6115 = CARTESIAN_POINT ( 'NONE',  ( 0.2200000000000025500, -3.000000000000000000, 10.48000000000000000 ) ) ;
#6116 = ORIENTED_EDGE ( 'NONE', *, *, #1042, .F. ) ;
#6117 = CARTESIAN_POINT ( 'NONE',  ( 1.269999999999998700, 1.700000000000000000, -0.8700000000000003300 ) ) ;
#6118 = PLANE ( 'NONE',  #552 ) ;
#6119 = DIRECTION ( 'NONE',  ( -0.7071067811865474600, 0.0000000000000000000, -0.7071067811865474600 ) ) ;
#6120 =( GEOMETRIC_REPRESENTATION_CONTEXT ( 3 ) GLOBAL_UNCERTAINTY_ASSIGNED_CONTEXT ( ( #2448 ) ) GLOBAL_UNIT_ASSIGNED_CONTEXT ( ( #549, #4082, #1064 ) ) REPRESENTATION_CONTEXT ( 'NONE', 'WORKASPACE' ) );
#6121 = DIRECTION ( 'NONE',  ( 2.492418787322999200E-016, 0.0000000000000000000, 1.000000000000000000 ) ) ;
#6122 = SURFACE_STYLE_USAGE ( .BOTH. , #2574 ) ;
#6123 = LINE ( 'NONE', #2969, #3287 ) ;
#6124 = CARTESIAN_POINT ( 'NONE',  ( 1.270000000000000700, 1.700000000000000000, 6.750000000000000000 ) ) ;
#6125 = VECTOR ( 'NONE', #5713, 1000.000000000000100 ) ;
#6126 = LINE ( 'NONE', #5708, #4781 ) ;
#6127 = FILL_AREA_STYLE ('',( #2065 ) ) ;
#6128 = STYLED_ITEM ( 'NONE', ( #1341 ), #1823 ) ;
#6129 = CARTESIAN_POINT ( 'NONE',  ( 0.3200000000000018900, -3.000000000000000000, 7.400000000000000400 ) ) ;
#6130 = SURFACE_STYLE_FILL_AREA ( #318 ) ;
#6131 = EDGE_CURVE ( 'NONE', #4078, #3068, #437, .T. ) ;
#6132 = VECTOR ( 'NONE', #3387, 1000.000000000000000 ) ;
#6133 = CARTESIAN_POINT ( 'NONE',  ( -0.2199999999999993600, 8.339999999999999900, 2.860000000000000300 ) ) ;
#6134 = CARTESIAN_POINT ( 'NONE',  ( -0.2199999999999968100, -3.000000000000000000, 13.02000000000000000 ) ) ;
#6135 =( NAMED_UNIT ( * ) PLANE_ANGLE_UNIT ( ) SI_UNIT ( $, .RADIAN. ) );
#6136 = PRESENTATION_STYLE_ASSIGNMENT (( #1185 ) ) ;
#6137 =( GEOMETRIC_REPRESENTATION_CONTEXT ( 3 ) GLOBAL_UNCERTAINTY_ASSIGNED_CONTEXT ( ( #303 ) ) GLOBAL_UNIT_ASSIGNED_CONTEXT ( ( #2811, #6388, #3344 ) ) REPRESENTATION_CONTEXT ( 'NONE', 'WORKASPACE' ) );
#6138 = CARTESIAN_POINT ( 'NONE',  ( 1.270000000000002500, 1.700000000000000000, 13.57000000000000000 ) ) ;
#6139 = CARTESIAN_POINT ( 'NONE',  ( 0.0000000000000000000, 1.700000000000000000, 0.0000000000000000000 ) ) ;
#6140 = ORIENTED_EDGE ( 'NONE', *, *, #2455, .F. ) ;
#6141 = SURFACE_STYLE_USAGE ( .BOTH. , #2590 ) ;
#6142 =( NAMED_UNIT ( * ) PLANE_ANGLE_UNIT ( ) SI_UNIT ( $, .RADIAN. ) );
#6143 = LINE ( 'NONE', #2283, #2247 ) ;
#6144 = FILL_AREA_STYLE_COLOUR ( '', #1237 ) ;
#6145 =( GEOMETRIC_REPRESENTATION_CONTEXT ( 3 ) GLOBAL_UNCERTAINTY_ASSIGNED_CONTEXT ( ( #4117 ) ) GLOBAL_UNIT_ASSIGNED_CONTEXT ( ( #3942, #2880, #2857 ) ) REPRESENTATION_CONTEXT ( 'NONE', 'WORKASPACE' ) );
#6146 = UNCERTAINTY_MEASURE_WITH_UNIT (LENGTH_MEASURE( 1.000000000000000100E-005 ), #1276, 'distance_accuracy_value', 'NONE');
#6147 = EDGE_CURVE ( 'NONE', #3068, #3853, #1159, .T. ) ;
#6148 = VERTEX_POINT ( 'NONE', #896 ) ;
#6149 = VERTEX_POINT ( 'NONE', #4443 ) ;
#6150 = EDGE_CURVE ( 'NONE', #3769, #5937, #3524, .T. ) ;
#6151 = LINE ( 'NONE', #1218, #2256 ) ;
#6152 = EDGE_LOOP ( 'NONE', ( #3529, #4734, #5300, #4408 ) ) ;
#6153 = DIRECTION ( 'NONE',  ( 2.464095846557964400E-016, 0.0000000000000000000, 1.000000000000000000 ) ) ;
#6154 = CARTESIAN_POINT ( 'NONE',  ( -0.8699999999999987700, 0.0000000000000000000, 6.349999999999999600 ) ) ;
#6155 = ORIENTED_EDGE ( 'NONE', *, *, #5878, .T. ) ;
#6156 = CARTESIAN_POINT ( 'NONE',  ( 0.0000000000000000000, 1.700000000000000000, 13.02000000000000000 ) ) ;
#6157 = SURFACE_SIDE_STYLE ('',( #3873 ) ) ;
#6158 = VERTEX_POINT ( 'NONE', #5476 ) ;
#6159 = VECTOR ( 'NONE', #323, 1000.000000000000000 ) ;
#6160 = ORIENTED_EDGE ( 'NONE', *, *, #6457, .F. ) ;
#6161 = PLANE ( 'NONE',  #3021 ) ;
#6162 = VERTEX_POINT ( 'NONE', #2427 ) ;
#6163 = ORIENTED_EDGE ( 'NONE', *, *, #3503, .T. ) ;
#6164 = CARTESIAN_POINT ( 'NONE',  ( -0.2199999999999994700, -3.000000000000000000, 2.220000000000000200 ) ) ;
#6166 = STYLED_ITEM ( 'NONE', ( #633 ), #1382 ) ;
#6165 = DIRECTION ( 'NONE',  ( 2.464095846557964400E-016, 0.0000000000000000000, 1.000000000000000000 ) ) ;
#6167 = ORIENTED_EDGE ( 'NONE', *, *, #2615, .F. ) ;
#6168 = ORIENTED_EDGE ( 'NONE', *, *, #3469, .T. ) ;
#6169 = VECTOR ( 'NONE', #3704, 1000.000000000000000 ) ;
#6170 = LINE ( 'NONE', #6403, #933 ) ;
#6171 =( LENGTH_UNIT ( ) NAMED_UNIT ( * ) SI_UNIT ( .MILLI., .METRE. ) );
#6172 =( LENGTH_UNIT ( ) NAMED_UNIT ( * ) SI_UNIT ( .MILLI., .METRE. ) );
#6173 =( LENGTH_UNIT ( ) NAMED_UNIT ( * ) SI_UNIT ( .MILLI., .METRE. ) );
#6174 = ORIENTED_EDGE ( 'NONE', *, *, #6225, .F. ) ;
#6175 = ORIENTED_EDGE ( 'NONE', *, *, #6054, .F. ) ;
#6176 = AXIS2_PLACEMENT_3D ( 'NONE', #599, #4133, #1116 ) ;
#6177 = CARTESIAN_POINT ( 'NONE',  ( 0.2200000000000006100, -3.000000000000000000, 2.220000000000000200 ) ) ;
#6178 = LINE ( 'NONE', #4066, #4839 ) ;
#6179 = CARTESIAN_POINT ( 'NONE',  ( 0.2200000000000000300, -3.000000000000000000, 0.3199999999999999500 ) ) ;
#6180 = VECTOR ( 'NONE', #245, 1000.000000000000000 ) ;
#6181 = CARTESIAN_POINT ( 'NONE',  ( 0.3200000000000006200, 1.700000000000000000, -3.942553354492750700E-017 ) ) ;
#6182 = FACE_BOUND ( 'NONE', #2988, .T. ) ;
#6183 = AXIS2_PLACEMENT_3D ( 'NONE', #3257, #207, #3742 ) ;
#6184 = AXIS2_PLACEMENT_3D ( 'NONE', #5437, #5057, #2008 ) ;
#6185 = DIRECTION ( 'NONE',  ( 1.000000000000000000, 0.0000000000000000000, -0.0000000000000000000 ) ) ;
#6186 = DIRECTION ( 'NONE',  ( 0.0000000000000000000, 1.000000000000000000, 0.0000000000000000000 ) ) ;
#6187 = UNCERTAINTY_MEASURE_WITH_UNIT (LENGTH_MEASURE( 1.000000000000000100E-005 ), #4859, 'distance_accuracy_value', 'NONE');
#6188 = DIRECTION ( 'NONE',  ( -0.0000000000000000000, -1.000000000000000000, -0.0000000000000000000 ) ) ;
#6189 = CARTESIAN_POINT ( 'NONE',  ( -0.2199999999999992800, 1.700000000000000000, 4.760000000000000700 ) ) ;
#6190 = EDGE_CURVE ( 'NONE', #524, #1093, #6239, .T. ) ;
#6191 = EDGE_CURVE ( 'NONE', #1163, #1561, #5048, .T. ) ;
#6192 = EDGE_CURVE ( 'NONE', #4411, #5295, #4896, .T. ) ;
#6193 = PRESENTATION_STYLE_ASSIGNMENT (( #52 ) ) ;
#6194 = FILL_AREA_STYLE ('',( #1619 ) ) ;
#6195 = VECTOR ( 'NONE', #3967, 1000.000000000000000 ) ;
#6196 = MECHANICAL_DESIGN_GEOMETRIC_PRESENTATION_REPRESENTATION (  '', ( #5180 ), #6532 ) ;
#6197 = ORIENTED_EDGE ( 'NONE', *, *, #4093, .T. ) ;
#6198 = VECTOR ( 'NONE', #4123, 1000.000000000000000 ) ;
#6199 = DIRECTION ( 'NONE',  ( 0.0000000000000000000, -0.0000000000000000000, 1.000000000000000000 ) ) ;
#6200 =( LENGTH_UNIT ( ) NAMED_UNIT ( * ) SI_UNIT ( .MILLI., .METRE. ) );
#6201 = UNCERTAINTY_MEASURE_WITH_UNIT (LENGTH_MEASURE( 1.000000000000000100E-005 ), #3649, 'distance_accuracy_value', 'NONE');
#6202 = VERTEX_POINT ( 'NONE', #4985 ) ;
#6203 = SURFACE_STYLE_USAGE ( .BOTH. , #2639 ) ;
#6204 = PRESENTATION_LAYER_ASSIGNMENT (  '', '', ( #5524 ) ) ;
#6205 = VECTOR ( 'NONE', #3196, 1000.000000000000000 ) ;
#6206 =( NAMED_UNIT ( * ) SI_UNIT ( $, .STERADIAN. ) SOLID_ANGLE_UNIT ( ) );
#6207 = DIRECTION ( 'NONE',  ( -0.7071067811865474600, 0.0000000000000000000, -0.7071067811865474600 ) ) ;
#6208 = CARTESIAN_POINT ( 'NONE',  ( 0.2200000000000025500, -3.000000000000000000, 10.48000000000000000 ) ) ;
#6209 = COLOUR_RGB ( '',0.0000000000000000000, 0.03529411764705882300, 0.05882352941176470500 ) ;
#6210 = UNCERTAINTY_MEASURE_WITH_UNIT (LENGTH_MEASURE( 1.000000000000000100E-005 ), #2651, 'distance_accuracy_value', 'NONE');
#6211 = DIRECTION ( 'NONE',  ( 2.492418787322998300E-016, 0.0000000000000000000, 1.000000000000000000 ) ) ;
#6212 =( NAMED_UNIT ( * ) PLANE_ANGLE_UNIT ( ) SI_UNIT ( $, .RADIAN. ) );
#6213 = COLOUR_RGB ( '',1.000000000000000000, 1.000000000000000000, 1.000000000000000000 ) ;
#6214 = AXIS2_PLACEMENT_3D ( 'NONE', #3852, #829, #4366 ) ;
#6215 = VECTOR ( 'NONE', #5258, 1000.000000000000000 ) ;
#6216 = PLANE ( 'NONE',  #2744 ) ;
#6217 = DIRECTION ( 'NONE',  ( -0.0000000000000000000, -1.000000000000000000, -0.0000000000000000000 ) ) ;
#6218 = PRESENTATION_STYLE_ASSIGNMENT (( #4280 ) ) ;
#6219 = MECHANICAL_DESIGN_GEOMETRIC_PRESENTATION_REPRESENTATION (  '', ( #1307 ), #6557 ) ;
#6220 = EDGE_LOOP ( 'NONE', ( #4570, #4160, #3401, #1511 ) ) ;
#6221 = DIRECTION ( 'NONE',  ( -1.000000000000000000, 0.0000000000000000000, -0.0000000000000000000 ) ) ;
#6222 = MECHANICAL_DESIGN_GEOMETRIC_PRESENTATION_REPRESENTATION (  '', ( #5205 ), #6559 ) ;
#6223 = CARTESIAN_POINT ( 'NONE',  ( -1.269999999999999800, 0.0000000000000000000, 1.669999999999999900 ) ) ;
#6224 = VECTOR ( 'NONE', #2786, 1000.000000000000000 ) ;
#6225 = EDGE_CURVE ( 'NONE', #2171, #810, #677, .T. ) ;
#6226 = CARTESIAN_POINT ( 'NONE',  ( 1.270000000000000700, 0.0000000000000000000, 6.750000000000000000 ) ) ;
#6227 = ORIENTED_EDGE ( 'NONE', *, *, #4929, .T. ) ;
#6228 = SURFACE_STYLE_FILL_AREA ( #283 ) ;
#6229 = CARTESIAN_POINT ( 'NONE',  ( -0.3199999999999994500, -3.000000000000000000, 2.319999999999999800 ) ) ;
#6230 = LINE ( 'NONE', #5056, #3378 ) ;
#6231 = CARTESIAN_POINT ( 'NONE',  ( 0.2200000000000019400, -3.000000000000000000, 7.939999999999999500 ) ) ;
#6232 = AXIS2_PLACEMENT_3D ( 'NONE', #3271, #2761, #2302 ) ;
#6233 = DIRECTION ( 'NONE',  ( 0.7071067811865475700, -0.0000000000000000000, 0.7071067811865475700 ) ) ;
#6234 = CARTESIAN_POINT ( 'NONE',  ( 0.2200000000000025000, 8.339999999999999900, 9.839999999999999900 ) ) ;
#6235 = ORIENTED_EDGE ( 'NONE', *, *, #6277, .F. ) ;
#6236 =( NAMED_UNIT ( * ) PLANE_ANGLE_UNIT ( ) SI_UNIT ( $, .RADIAN. ) );
#6237 = FILL_AREA_STYLE ('',( #5745 ) ) ;
#6238 = VERTEX_POINT ( 'NONE', #3470 ) ;
#6239 = LINE ( 'NONE', #3446, #2352 ) ;
#6240 = ORIENTED_EDGE ( 'NONE', *, *, #360, .F. ) ;
#6241 = ORIENTED_EDGE ( 'NONE', *, *, #184, .F. ) ;
#6242 = AXIS2_PLACEMENT_3D ( 'NONE', #6139, #3106, #66 ) ;
#6243 = ORIENTED_EDGE ( 'NONE', *, *, #2182, .T. ) ;
#6244 = VERTEX_POINT ( 'NONE', #6009 ) ;
#6245 = LINE ( 'NONE', #746, #128 ) ;
#6246 = PRESENTATION_LAYER_ASSIGNMENT (  '', '', ( #5560 ) ) ;
#6247 = SURFACE_STYLE_USAGE ( .BOTH. , #2680 ) ;
#6248 = LINE ( 'NONE', #3495, #2361 ) ;
#6249 = ORIENTED_EDGE ( 'NONE', *, *, #959, .F. ) ;
#6250 = PLANE ( 'NONE',  #4462 ) ;
#6251 = CARTESIAN_POINT ( 'NONE',  ( -0.3200000000000002800, 0.2999999999999999900, -1.270000000000000500 ) ) ;
#6252 = ORIENTED_EDGE ( 'NONE', *, *, #993, .F. ) ;
#6253 = VERTEX_POINT ( 'NONE', #6492 ) ;
#6254 = ORIENTED_EDGE ( 'NONE', *, *, #5351, .T. ) ;
#6255 = SURFACE_STYLE_USAGE ( .BOTH. , #2688 ) ;
#6256 = DIRECTION ( 'NONE',  ( -2.492418787322998300E-016, 0.0000000000000000000, -1.000000000000000000 ) ) ;
#6257 = CARTESIAN_POINT ( 'NONE',  ( 0.2200000000000031900, -3.000000000000000000, 13.02000000000000000 ) ) ;
#6258 = VECTOR ( 'NONE', #5994, 1000.000000000000000 ) ;
#6259 = LINE ( 'NONE', #4108, #4919 ) ;
#6260 = CARTESIAN_POINT ( 'NONE',  ( -0.8699999999999985500, 1.700000000000000000, 6.349999999999999600 ) ) ;
#6261 = PRESENTATION_STYLE_ASSIGNMENT (( #3860 ) ) ;
#6262 = FILL_AREA_STYLE_COLOUR ( '', #2162 ) ;
#6263 = LINE ( 'NONE', #403, #872 ) ;
#6264 = FACE_OUTER_BOUND ( 'NONE', #1002, .T. ) ;
#6265 = DIRECTION ( 'NONE',  ( -1.232047923278982200E-016, 0.0000000000000000000, -1.000000000000000000 ) ) ;
#6266 = CARTESIAN_POINT ( 'NONE',  ( -0.2199999999999982000, -3.000000000000000000, 7.299999999999999800 ) ) ;
#6267 = COLOUR_RGB ( '',1.000000000000000000, 1.000000000000000000, 1.000000000000000000 ) ;
#6268 = UNCERTAINTY_MEASURE_WITH_UNIT (LENGTH_MEASURE( 1.000000000000000100E-005 ), #5070, 'distance_accuracy_value', 'NONE');
#6269 =( GEOMETRIC_REPRESENTATION_CONTEXT ( 3 ) GLOBAL_UNCERTAINTY_ASSIGNED_CONTEXT ( ( #1364 ) ) GLOBAL_UNIT_ASSIGNED_CONTEXT ( ( #6052, #3013, #6570 ) ) REPRESENTATION_CONTEXT ( 'NONE', 'WORKASPACE' ) );
#6270 = ADVANCED_FACE ( 'NONE', ( #2023 ), #942, .T. ) ;
#6271 = EDGE_CURVE ( 'NONE', #126, #3311, #4070, .T. ) ;
#6272 = SURFACE_SIDE_STYLE ('',( #2795 ) ) ;
#6273 = COLOUR_RGB ( '',1.000000000000000000, 1.000000000000000000, 1.000000000000000000 ) ;
#6274 =( NAMED_UNIT ( * ) PLANE_ANGLE_UNIT ( ) SI_UNIT ( $, .RADIAN. ) );
#6275 = SURFACE_SIDE_STYLE ('',( #2389 ) ) ;
#6276 = FILL_AREA_STYLE_COLOUR ( '', #6213 ) ;
#6277 = EDGE_CURVE ( 'NONE', #2506, #3554, #5446, .T. ) ;
#6278 = EDGE_CURVE ( 'NONE', #4488, #5769, #1541, .T. ) ;
#6279 = VECTOR ( 'NONE', #5983, 1000.000000000000100 ) ;
#6280 = CARTESIAN_POINT ( 'NONE',  ( -1.269999999999997400, 1.700000000000000000, 11.83000000000000000 ) ) ;
#6281 =( LENGTH_UNIT ( ) NAMED_UNIT ( * ) SI_UNIT ( .MILLI., .METRE. ) );
#6282 = CARTESIAN_POINT ( 'NONE',  ( -0.3199999999999994500, -3.000000000000000000, 2.319999999999999800 ) ) ;
#6283 = EDGE_LOOP ( 'NONE', ( #120, #2503, #1010, #1886 ) ) ;
#6284 = ORIENTED_EDGE ( 'NONE', *, *, #912, .T. ) ;
#6285 = PLANE ( 'NONE',  #3082 ) ;
#6286 = EDGE_CURVE ( 'NONE', #1463, #752, #2723, .T. ) ;
#6287 = SURFACE_STYLE_FILL_AREA ( #4274 ) ;
#6288 = ORIENTED_EDGE ( 'NONE', *, *, #18, .T. ) ;
#6289 = PRESENTATION_STYLE_ASSIGNMENT (( #4938 ) ) ;
#6290 =( LENGTH_UNIT ( ) NAMED_UNIT ( * ) SI_UNIT ( .MILLI., .METRE. ) );
#6291 = VECTOR ( 'NONE', #4629, 1000.000000000000100 ) ;
#6292 = FACE_OUTER_BOUND ( 'NONE', #1328, .T. ) ;
#6293 =( NAMED_UNIT ( * ) PLANE_ANGLE_UNIT ( ) SI_UNIT ( $, .RADIAN. ) );
#6294 = DIRECTION ( 'NONE',  ( -0.0000000000000000000, -1.000000000000000000, -0.0000000000000000000 ) ) ;
#6295 = LINE ( 'NONE', #6208, #6125 ) ;
#6296 = LINE ( 'NONE', #119, #3584 ) ;
#6297 = FILL_AREA_STYLE_COLOUR ( '', #915 ) ;
#6298 = DIRECTION ( 'NONE',  ( 0.0000000000000000000, 1.000000000000000000, 0.0000000000000000000 ) ) ;
#6299 = FILL_AREA_STYLE ('',( #1783 ) ) ;
#6300 = VECTOR ( 'NONE', #1836, 1000.000000000000000 ) ;
#6301 = DIRECTION ( 'NONE',  ( 1.000000000000000000, 0.0000000000000000000, 0.0000000000000000000 ) ) ;
#6302 = PLANE ( 'NONE',  #3367 ) ;
#6303 =( GEOMETRIC_REPRESENTATION_CONTEXT ( 3 ) GLOBAL_UNCERTAINTY_ASSIGNED_CONTEXT ( ( #4325 ) ) GLOBAL_UNIT_ASSIGNED_CONTEXT ( ( #6078, #3034, #6591 ) ) REPRESENTATION_CONTEXT ( 'NONE', 'WORKASPACE' ) );
#6304 = DIRECTION ( 'NONE',  ( 0.7071067811865475700, 0.0000000000000000000, -0.7071067811865475700 ) ) ;
#6305 = VECTOR ( 'NONE', #1856, 1000.000000000000100 ) ;
#6306 = SURFACE_SIDE_STYLE ('',( #1746 ) ) ;
#6307 = VECTOR ( 'NONE', #4907, 1000.000000000000000 ) ;
#6308 = ADVANCED_FACE ( 'NONE', ( #33 ), #5154, .F. ) ;
#6309 = EDGE_LOOP ( 'NONE', ( #3611, #3232, #1551, #774 ) ) ;
#6310 = ORIENTED_EDGE ( 'NONE', *, *, #957, .T. ) ;
#6311 = VERTEX_POINT ( 'NONE', #576 ) ;
#6312 = CARTESIAN_POINT ( 'NONE',  ( -1.269999999999998000, 0.0000000000000000000, 9.289999999999999100 ) ) ;
#6313 = FILL_AREA_STYLE ('',( #5819 ) ) ;
#6314 = STYLED_ITEM ( 'NONE', ( #412 ), #2871 ) ;
#6315 = ORIENTED_EDGE ( 'NONE', *, *, #846, .F. ) ;
#6316 =( NAMED_UNIT ( * ) PLANE_ANGLE_UNIT ( ) SI_UNIT ( $, .RADIAN. ) );
#6317 = STYLED_ITEM ( 'NONE', ( #6407 ), #2380 ) ;
#6318 = DIRECTION ( 'NONE',  ( 1.000000000000000000, 0.0000000000000000000, -0.0000000000000000000 ) ) ;
#6319 = ORIENTED_EDGE ( 'NONE', *, *, #3581, .F. ) ;
#6320 = ORIENTED_EDGE ( 'NONE', *, *, #1778, .F. ) ;
#6321 = ORIENTED_EDGE ( 'NONE', *, *, #2094, .F. ) ;
#6322 = EDGE_CURVE ( 'NONE', #5112, #4007, #761, .T. ) ;
#6323 = EDGE_CURVE ( 'NONE', #3839, #5317, #6004, .T. ) ;
#6324 = EDGE_CURVE ( 'NONE', #1717, #3463, #4636, .T. ) ;
#6325 =( NAMED_UNIT ( * ) PLANE_ANGLE_UNIT ( ) SI_UNIT ( $, .RADIAN. ) );
#6326 = EDGE_LOOP ( 'NONE', ( #427, #1074, #6010, #4563 ) ) ;
#6327 =( NAMED_UNIT ( * ) PLANE_ANGLE_UNIT ( ) SI_UNIT ( $, .RADIAN. ) );
#6328 = ORIENTED_EDGE ( 'NONE', *, *, #3581, .T. ) ;
#6329 = CARTESIAN_POINT ( 'NONE',  ( 0.0000000000000000000, 1.700000000000000000, 12.38000000000000100 ) ) ;
#6330 = LINE ( 'NONE', #2342, #2262 ) ;
#6331 = FACE_OUTER_BOUND ( 'NONE', #358, .T. ) ;
#6332 =( LENGTH_UNIT ( ) NAMED_UNIT ( * ) SI_UNIT ( .MILLI., .METRE. ) );
#6333 = ORIENTED_EDGE ( 'NONE', *, *, #2647, .T. ) ;
#6334 = ORIENTED_EDGE ( 'NONE', *, *, #4485, .F. ) ;
#6335 = PRESENTATION_LAYER_ASSIGNMENT (  '', '', ( #5649 ) ) ;
#6336 = FILL_AREA_STYLE_COLOUR ( '', #694 ) ;
#6337 = CARTESIAN_POINT ( 'NONE',  ( 0.2200000000000031700, -3.000000000000000000, 12.38000000000000100 ) ) ;
#6338 = SURFACE_STYLE_USAGE ( .BOTH. , #2766 ) ;
#6339 = CARTESIAN_POINT ( 'NONE',  ( -0.3199999999999969500, -3.000000000000000000, 12.48000000000000200 ) ) ;
#6340 = ORIENTED_EDGE ( 'NONE', *, *, #1180, .T. ) ;
#6341 = ORIENTED_EDGE ( 'NONE', *, *, #3030, .T. ) ;
#6342 = ORIENTED_EDGE ( 'NONE', *, *, #1982, .F. ) ;
#6343 = PLANE ( 'NONE',  #3711 ) ;
#6344 = ORIENTED_EDGE ( 'NONE', *, *, #6424, .T. ) ;
#6345 = ORIENTED_EDGE ( 'NONE', *, *, #17, .F. ) ;
#6346 = DIRECTION ( 'NONE',  ( 0.7071067811865474600, 0.0000000000000000000, 0.7071067811865474600 ) ) ;
#6347 = ORIENTED_EDGE ( 'NONE', *, *, #845, .F. ) ;
#6348 = MECHANICAL_DESIGN_GEOMETRIC_PRESENTATION_REPRESENTATION (  '', ( #5330 ), #75 ) ;
#6349 = CARTESIAN_POINT ( 'NONE',  ( 0.3200000000000012800, 8.339999999999999900, 5.299999999999999800 ) ) ;
#6350 = DIRECTION ( 'NONE',  ( -1.232047923278982200E-016, 0.0000000000000000000, -1.000000000000000000 ) ) ;
#6351 = PRESENTATION_STYLE_ASSIGNMENT (( #4216 ) ) ;
#6352 = CARTESIAN_POINT ( 'NONE',  ( 0.3200000000000012300, 1.700000000000000000, 4.860000000000000300 ) ) ;
#6353 = COLOUR_RGB ( '',1.000000000000000000, 1.000000000000000000, 1.000000000000000000 ) ;
#6354 = ADVANCED_FACE ( 'NONE', ( #5859 ), #1620, .F. ) ;
#6355 = SURFACE_STYLE_FILL_AREA ( #5838 ) ;
#6356 = STYLED_ITEM ( 'NONE', ( #2937 ), #4812 ) ;
#6357 = FILL_AREA_STYLE_COLOUR ( '', #1516 ) ;
#6358 = VECTOR ( 'NONE', #5291, 1000.000000000000100 ) ;
#6359 = DIRECTION ( 'NONE',  ( 0.7071067811865474600, -0.0000000000000000000, -0.7071067811865474600 ) ) ;
#6360 = VECTOR ( 'NONE', #1052, 1000.000000000000100 ) ;
#6361 = SURFACE_STYLE_USAGE ( .BOTH. , #1806 ) ;
#6362 = CARTESIAN_POINT ( 'NONE',  ( 0.2200000000000025500, 8.339999999999999900, 10.48000000000000000 ) ) ;
#6363 = SURFACE_STYLE_FILL_AREA ( #5275 ) ;
#6364 =( NAMED_UNIT ( * ) SI_UNIT ( $, .STERADIAN. ) SOLID_ANGLE_UNIT ( ) );
#6365 = SURFACE_SIDE_STYLE ('',( #5498 ) ) ;
#6366 = VECTOR ( 'NONE', #6359, 1000.000000000000100 ) ;
#6367 = PRESENTATION_LAYER_ASSIGNMENT (  '', '', ( #5678 ) ) ;
#6368 = VECTOR ( 'NONE', #542, 1000.000000000000100 ) ;
#6369 = DIRECTION ( 'NONE',  ( -0.7071067811865474600, -0.0000000000000000000, 0.7071067811865474600 ) ) ;
#6370 =( NAMED_UNIT ( * ) SI_UNIT ( $, .STERADIAN. ) SOLID_ANGLE_UNIT ( ) );
#6371 = UNCERTAINTY_MEASURE_WITH_UNIT (LENGTH_MEASURE( 1.000000000000000100E-005 ), #2278, 'distance_accuracy_value', 'NONE');
#6372 = PLANE ( 'NONE',  #3690 ) ;
#6373 = LINE ( 'NONE', #2487, #2465 ) ;
#6374 = ORIENTED_EDGE ( 'NONE', *, *, #6568, .T. ) ;
#6375 = EDGE_CURVE ( 'NONE', #5799, #692, #5371, .T. ) ;
#6376 = STYLED_ITEM ( 'NONE', ( #5283 ), #212 ) ;
#6377 = PRESENTATION_STYLE_ASSIGNMENT (( #6404 ) ) ;
#6378 =( GEOMETRIC_REPRESENTATION_CONTEXT ( 3 ) GLOBAL_UNCERTAINTY_ASSIGNED_CONTEXT ( ( #3365 ) ) GLOBAL_UNIT_ASSIGNED_CONTEXT ( ( #5114, #2066, #5629 ) ) REPRESENTATION_CONTEXT ( 'NONE', 'WORKASPACE' ) );
#6379 = FILL_AREA_STYLE_COLOUR ( '', #4891 ) ;
#6380 = CARTESIAN_POINT ( 'NONE',  ( -0.2199999999999980900, -3.000000000000000000, 7.939999999999999500 ) ) ;
#6381 = FACE_OUTER_BOUND ( 'NONE', #1811, .T. ) ;
#6382 = EDGE_CURVE ( 'NONE', #399, #3898, #3990, .T. ) ;
#6383 = DIRECTION ( 'NONE',  ( 2.464095846557964400E-016, 0.0000000000000000000, 1.000000000000000000 ) ) ;
#6384 = FILL_AREA_STYLE ('',( #3319 ) ) ;
#6385 = CARTESIAN_POINT ( 'NONE',  ( 0.3200000000000031700, 0.2999999999999999300, 12.92000000000000200 ) ) ;
#6386 = LINE ( 'NONE', #5221, #1124 ) ;
#6387 = COLOUR_RGB ( '',0.0000000000000000000, 0.03529411764705882300, 0.05882352941176470500 ) ;
#6388 =( NAMED_UNIT ( * ) PLANE_ANGLE_UNIT ( ) SI_UNIT ( $, .RADIAN. ) );
#6389 = DIRECTION ( 'NONE',  ( 0.7071067811865474600, -0.0000000000000000000, -0.7071067811865474600 ) ) ;
#6390 = STYLED_ITEM ( 'NONE', ( #90 ), #721 ) ;
#6391 = AXIS2_PLACEMENT_3D ( 'NONE', #2364, #5931, #2865 ) ;
#6392 = ADVANCED_FACE ( 'NONE', ( #5200 ), #5223, .T. ) ;
#6393 = DIRECTION ( 'NONE',  ( -0.7071067811865475700, 0.0000000000000000000, 0.7071067811865475700 ) ) ;
#6394 =( NAMED_UNIT ( * ) PLANE_ANGLE_UNIT ( ) SI_UNIT ( $, .RADIAN. ) );
#6395 = DIRECTION ( 'NONE',  ( -0.7071067811865474600, 0.0000000000000000000, -0.7071067811865474600 ) ) ;
#6396 =( NAMED_UNIT ( * ) PLANE_ANGLE_UNIT ( ) SI_UNIT ( $, .RADIAN. ) );
#6397 = FACE_OUTER_BOUND ( 'NONE', #2641, .T. ) ;
#6398 = PRESENTATION_LAYER_ASSIGNMENT (  '', '', ( #5710 ) ) ;
#6399 = PRESENTATION_LAYER_ASSIGNMENT (  '', '', ( #5712 ) ) ;
#6400 = LINE ( 'NONE', #4774, #2334 ) ;
#6401 =( NAMED_UNIT ( * ) PLANE_ANGLE_UNIT ( ) SI_UNIT ( $, .RADIAN. ) );
#6402 = LINE ( 'NONE', #2249, #6224 ) ;
#6403 = CARTESIAN_POINT ( 'NONE',  ( 0.8699999999999987700, 0.0000000000000000000, -1.270000000000000200 ) ) ;
#6404 = SURFACE_STYLE_USAGE ( .BOTH. , #2837 ) ;
#6405 = PLANE ( 'NONE',  #2853 ) ;
#6406 = VERTEX_POINT ( 'NONE', #4183 ) ;
#6407 = PRESENTATION_STYLE_ASSIGNMENT (( #804 ) ) ;
#6408 = VECTOR ( 'NONE', #332, 1000.000000000000000 ) ;
#6409 = ORIENTED_EDGE ( 'NONE', *, *, #3087, .T. ) ;
#6410 = ORIENTED_EDGE ( 'NONE', *, *, #2063, .F. ) ;
#6411 = VECTOR ( 'NONE', #2916, 1000.000000000000000 ) ;
#6412 = CARTESIAN_POINT ( 'NONE',  ( -0.3200000000000000600, 8.339999999999999900, -0.2200000000000000800 ) ) ;
#6413 = CARTESIAN_POINT ( 'NONE',  ( -0.8699999999999981100, 0.0000000000000000000, 8.890000000000000600 ) ) ;
#6414 = EDGE_LOOP ( 'NONE', ( #4476, #604, #5213, #6333 ) ) ;
#6415 = MECHANICAL_DESIGN_GEOMETRIC_PRESENTATION_REPRESENTATION (  '', ( #5394 ), #141 ) ;
#6416 = CARTESIAN_POINT ( 'NONE',  ( 0.3200000000000012800, -3.000000000000000000, 5.299999999999999800 ) ) ;
#6417 = ORIENTED_EDGE ( 'NONE', *, *, #2782, .T. ) ;
#6418 = ORIENTED_EDGE ( 'NONE', *, *, #4449, .T. ) ;
#6419 = ADVANCED_FACE ( 'NONE', ( #4705 ), #5768, .T. ) ;
#6420 = EDGE_CURVE ( 'NONE', #444, #1536, #4264, .T. ) ;
#6421 = EDGE_CURVE ( 'NONE', #5733, #5613, #5628, .T. ) ;
#6422 = VERTEX_POINT ( 'NONE', #2710 ) ;
#6423 = UNCERTAINTY_MEASURE_WITH_UNIT (LENGTH_MEASURE( 1.000000000000000100E-005 ), #654, 'distance_accuracy_value', 'NONE');
#6424 = EDGE_CURVE ( 'NONE', #6475, #1141, #2928, .T. ) ;
#6425 = CARTESIAN_POINT ( 'NONE',  ( -0.2199999999999969200, -3.000000000000000000, 12.38000000000000100 ) ) ;
#6426 = ORIENTED_EDGE ( 'NONE', *, *, #238, .T. ) ;
#6427 = VERTEX_POINT ( 'NONE', #4770 ) ;
#6428 =( LENGTH_UNIT ( ) NAMED_UNIT ( * ) SI_UNIT ( .MILLI., .METRE. ) );
#6429 = SURFACE_STYLE_USAGE ( .BOTH. , #2856 ) ;
#6430 = COLOUR_RGB ( '',1.000000000000000000, 1.000000000000000000, 1.000000000000000000 ) ;
#6431 = SURFACE_STYLE_USAGE ( .BOTH. , #2861 ) ;
#6432 = LINE ( 'NONE', #3434, #2521 ) ;
#6433 = CARTESIAN_POINT ( 'NONE',  ( 0.3200000000000006700, -3.000000000000000000, 2.760000000000000200 ) ) ;
#6434 = DIRECTION ( 'NONE',  ( -0.7071067811865475700, 0.0000000000000000000, -0.7071067811865475700 ) ) ;
#6435 =( GEOMETRIC_REPRESENTATION_CONTEXT ( 3 ) GLOBAL_UNCERTAINTY_ASSIGNED_CONTEXT ( ( #6445 ) ) GLOBAL_UNIT_ASSIGNED_CONTEXT ( ( #3362, #311, #3858 ) ) REPRESENTATION_CONTEXT ( 'NONE', 'WORKASPACE' ) );
#6436 = DIRECTION ( 'NONE',  ( 0.0000000000000000000, 0.0000000000000000000, -1.000000000000000000 ) ) ;
#6437 = MECHANICAL_DESIGN_GEOMETRIC_PRESENTATION_REPRESENTATION (  '', ( #5417 ), #172 ) ;
#6438 = EDGE_LOOP ( 'NONE', ( #322, #3403, #2581, #6040 ) ) ;
#6439 = LINE ( 'NONE', #4141, #3887 ) ;
#6440 = PRESENTATION_STYLE_ASSIGNMENT (( #1044 ) ) ;
#6441 = ORIENTED_EDGE ( 'NONE', *, *, #6104, .F. ) ;
#6442 = SURFACE_STYLE_USAGE ( .BOTH. , #2881 ) ;
#6443 = VECTOR ( 'NONE', #4742, 1000.000000000000000 ) ;
#6444 = ADVANCED_FACE ( 'NONE', ( #2756 ), #5793, .T. ) ;
#6445 = UNCERTAINTY_MEASURE_WITH_UNIT (LENGTH_MEASURE( 1.000000000000000100E-005 ), #3362, 'distance_accuracy_value', 'NONE');
#6446 = VECTOR ( 'NONE', #3426, 1000.000000000000000 ) ;
#6447 = ORIENTED_EDGE ( 'NONE', *, *, #2135, .T. ) ;
#6448 = COLOUR_RGB ( '',0.0000000000000000000, 0.03529411764705882300, 0.05882352941176470500 ) ;
#6449 = DIRECTION ( 'NONE',  ( -0.7071067811865474600, 0.0000000000000000000, -0.7071067811865474600 ) ) ;
#6450 = DIRECTION ( 'NONE',  ( -1.232047923278982200E-016, 0.0000000000000000000, -1.000000000000000000 ) ) ;
#6451 = CARTESIAN_POINT ( 'NONE',  ( -0.3199999999999980600, -3.000000000000000000, 7.839999999999999900 ) ) ;
#6452 = FACE_OUTER_BOUND ( 'NONE', #4768, .T. ) ;
#6453 = LINE ( 'NONE', #1749, #3727 ) ;
#6454 = EDGE_CURVE ( 'NONE', #69, #3881, #3627, .T. ) ;
#6455 = EDGE_CURVE ( 'NONE', #459, #3872, #2292, .T. ) ;
#6456 =( NAMED_UNIT ( * ) SI_UNIT ( $, .STERADIAN. ) SOLID_ANGLE_UNIT ( ) );
#6457 = EDGE_CURVE ( 'NONE', #854, #1317, #943, .T. ) ;
#6458 = SURFACE_STYLE_FILL_AREA ( #4419 ) ;
#6459 = MECHANICAL_DESIGN_GEOMETRIC_PRESENTATION_REPRESENTATION (  '', ( #5433 ), #192 ) ;
#6460 = AXIS2_PLACEMENT_3D ( 'NONE', #5350, #2296, #5873 ) ;
#6461 = DIRECTION ( 'NONE',  ( -0.7071067811865474600, 0.0000000000000000000, -0.7071067811865474600 ) ) ;
#6462 = VECTOR ( 'NONE', #4150, 1000.000000000000100 ) ;
#6463 = FILL_AREA_STYLE_COLOUR ( '', #5144 ) ;
#6464 = LINE ( 'NONE', #77, #3741 ) ;
#6465 =( GEOMETRIC_REPRESENTATION_CONTEXT ( 3 ) GLOBAL_UNCERTAINTY_ASSIGNED_CONTEXT ( ( #2933 ) ) GLOBAL_UNIT_ASSIGNED_CONTEXT ( ( #3380, #336, #3885 ) ) REPRESENTATION_CONTEXT ( 'NONE', 'WORKASPACE' ) );
#6466 = DIRECTION ( 'NONE',  ( 0.0000000000000000000, 0.0000000000000000000, -1.000000000000000000 ) ) ;
#6467 = VECTOR ( 'NONE', #298, 1000.000000000000000 ) ;
#6468 = LINE ( 'NONE', #3335, #2413 ) ;
#6469 = SURFACE_STYLE_USAGE ( .BOTH. , #2908 ) ;
#6470 =( NAMED_UNIT ( * ) PLANE_ANGLE_UNIT ( ) SI_UNIT ( $, .RADIAN. ) );
#6471 = DIRECTION ( 'NONE',  ( -0.0000000000000000000, -1.000000000000000000, -0.0000000000000000000 ) ) ;
#6472 = ORIENTED_EDGE ( 'NONE', *, *, #4213, .F. ) ;
#6473 = ADVANCED_FACE ( 'NONE', ( #4846 ), #1280, .F. ) ;
#6474 = ORIENTED_EDGE ( 'NONE', *, *, #4999, .T. ) ;
#6475 = VERTEX_POINT ( 'NONE', #759 ) ;
#6476 = PRESENTATION_STYLE_ASSIGNMENT (( #2614 ) ) ;
#6477 = UNCERTAINTY_MEASURE_WITH_UNIT (LENGTH_MEASURE( 1.000000000000000100E-005 ), #3982, 'distance_accuracy_value', 'NONE');
#6478 = CARTESIAN_POINT ( 'NONE',  ( -0.2199999999999975600, -3.000000000000000000, 9.839999999999999900 ) ) ;
#6479 = ORIENTED_EDGE ( 'NONE', *, *, #1508, .F. ) ;
#6480 = EDGE_LOOP ( 'NONE', ( #4231, #866, #3456, #5384, #2215, #2894, #4495, #4987 ) ) ;
#6481 = AXIS2_PLACEMENT_3D ( 'NONE', #714, #4239, #1223 ) ;
#6482 = LINE ( 'NONE', #5583, #1078 ) ;
#6483 = DIRECTION ( 'NONE',  ( -2.492418787322999700E-016, 0.0000000000000000000, -1.000000000000000000 ) ) ;
#6484 = ORIENTED_EDGE ( 'NONE', *, *, #280, .F. ) ;
#6485 = ORIENTED_EDGE ( 'NONE', *, *, #3803, .F. ) ;
#6486 = EDGE_CURVE ( 'NONE', #4910, #5799, #1655, .T. ) ;
#6487 = ORIENTED_EDGE ( 'NONE', *, *, #5590, .T. ) ;
#6488 = FILL_AREA_STYLE_COLOUR ( '', #3200 ) ;
#6489 = VERTEX_POINT ( 'NONE', #5362 ) ;
#6490 = ORIENTED_EDGE ( 'NONE', *, *, #3393, .T. ) ;
#6491 = STYLED_ITEM ( 'NONE', ( #1429 ), #3439 ) ;
#6492 = CARTESIAN_POINT ( 'NONE',  ( -0.2199999999999968100, -3.000000000000000000, 13.02000000000000000 ) ) ;
#6493 = ORIENTED_EDGE ( 'NONE', *, *, #993, .T. ) ;
#6494 = EDGE_LOOP ( 'NONE', ( #3932, #1312, #4634, #4867, #4900, #452, #1390, #6074 ) ) ;
#6495 = EDGE_CURVE ( 'NONE', #4343, #4334, #4354, .T. ) ;
#6496 = VECTOR ( 'NONE', #2545, 1000.000000000000000 ) ;
#6497 = FACE_OUTER_BOUND ( 'NONE', #1804, .T. ) ;
#6498 = LINE ( 'NONE', #5439, #618 ) ;
#6499 = EDGE_CURVE ( 'NONE', #4083, #2896, #307, .T. ) ;
#6500 = STYLED_ITEM ( 'NONE', ( #6218 ), #3878 ) ;
#6501 = MANIFOLD_SOLID_BREP ( 'Boss-Extrude2', #2729 ) ;
#6502 = APPLICATION_PROTOCOL_DEFINITION ( 'draft international standard', 'automotive_design', 1998, #416 ) ;
#6503 = ADVANCED_FACE ( 'NONE', ( #1014 ), #6405, .T. ) ;
#6504 = SURFACE_STYLE_USAGE ( .BOTH. , #2944 ) ;
#6505 = VECTOR ( 'NONE', #2341, 1000.000000000000100 ) ;
#6506 = DIRECTION ( 'NONE',  ( -2.492418787322998300E-016, 0.0000000000000000000, -1.000000000000000000 ) ) ;
#6507 = AXIS2_PLACEMENT_3D ( 'NONE', #3745, #724, #4255 ) ;
#6508 = COLOUR_RGB ( '',1.000000000000000000, 1.000000000000000000, 1.000000000000000000 ) ;
#6509 = ORIENTED_EDGE ( 'NONE', *, *, #5257, .T. ) ;
#6510 = LINE ( 'NONE', #4816, #3634 ) ;
#6511 = VECTOR ( 'NONE', #3559, 1000.000000000000000 ) ;
#6512 = PRESENTATION_LAYER_ASSIGNMENT (  '', '', ( #5853 ) ) ;
#6513 = VERTEX_POINT ( 'NONE', #2839 ) ;
#6514 = SURFACE_STYLE_USAGE ( .BOTH. , #2958 ) ;
#6515 = VECTOR ( 'NONE', #3339, 1000.000000000000000 ) ;
#6516 = PRODUCT_CONTEXT ( 'NONE', #416, 'mechanical' ) ;
#6517 = PLANE ( 'NONE',  #3497 ) ;
#6518 = FILL_AREA_STYLE ('',( #6024 ) ) ;
#6519 = PRESENTATION_LAYER_ASSIGNMENT (  '', '', ( #5871 ) ) ;
#6520 = LINE ( 'NONE', #2149, #2623 ) ;
#6521 = DIRECTION ( 'NONE',  ( 0.7071067811865475700, -0.0000000000000000000, 0.7071067811865475700 ) ) ;
#6522 = PRESENTATION_LAYER_ASSIGNMENT (  '', '', ( #5872 ) ) ;
#6523 = FILL_AREA_STYLE ('',( #6026 ) ) ;
#6524 = FILL_AREA_STYLE ('',( #422 ) ) ;
#6525 = EDGE_CURVE ( 'NONE', #1317, #4910, #1895, .T. ) ;
#6526 = EDGE_CURVE ( 'NONE', #3554, #3138, #5803, .T. ) ;
#6527 = DIRECTION ( 'NONE',  ( 0.7071067811865475700, 0.0000000000000000000, -0.7071067811865475700 ) ) ;
#6528 = EDGE_CURVE ( 'NONE', #3060, #3989, #3075, .T. ) ;
#6529 = ADVANCED_FACE ( 'NONE', ( #4254 ), #4914, .T. ) ;
#6530 = FACE_OUTER_BOUND ( 'NONE', #2257, .T. ) ;
#6531 =( LENGTH_UNIT ( ) NAMED_UNIT ( * ) SI_UNIT ( .MILLI., .METRE. ) );
#6532 =( GEOMETRIC_REPRESENTATION_CONTEXT ( 3 ) GLOBAL_UNCERTAINTY_ASSIGNED_CONTEXT ( ( #1197 ) ) GLOBAL_UNIT_ASSIGNED_CONTEXT ( ( #3692, #668, #4201 ) ) REPRESENTATION_CONTEXT ( 'NONE', 'WORKASPACE' ) );
#6533 = CARTESIAN_POINT ( 'NONE',  ( 0.3200000000000031200, -3.000000000000000000, 12.48000000000000200 ) ) ;
#6534 = ORIENTED_EDGE ( 'NONE', *, *, #5641, .F. ) ;
#6535 = PLANE ( 'NONE',  #5545 ) ;
#6537 = MECHANICAL_DESIGN_GEOMETRIC_PRESENTATION_REPRESENTATION (  '', ( #5524 ), #300 ) ;
#6536 = FILL_AREA_STYLE_COLOUR ( '', #4377 ) ;
#6538 = VERTEX_POINT ( 'NONE', #3884 ) ;
#6539 = VERTEX_POINT ( 'NONE', #2395 ) ;
#6540 = COLOUR_RGB ( '',1.000000000000000000, 1.000000000000000000, 1.000000000000000000 ) ;
#6541 = CARTESIAN_POINT ( 'NONE',  ( -0.2199999999999988100, -3.000000000000000000, 4.760000000000000700 ) ) ;
#6542 = CARTESIAN_POINT ( 'NONE',  ( -0.2199999999999988100, 8.339999999999999900, 4.760000000000000700 ) ) ;
#6543 = CARTESIAN_POINT ( 'NONE',  ( -0.3199999999999968400, -3.000000000000000000, 12.92000000000000200 ) ) ;
#6544 = LINE ( 'NONE', #809, #980 ) ;
#6545 = PRESENTATION_LAYER_ASSIGNMENT (  '', '', ( #5903 ) ) ;
#6546 = EDGE_LOOP ( 'NONE', ( #5650, #6479, #3866, #917, #121, #3490, #5133, #5865 ) ) ;
#6547 = ORIENTED_EDGE ( 'NONE', *, *, #4842, .F. ) ;
#6548 = VECTOR ( 'NONE', #3642, 1000.000000000000000 ) ;
#6549 = UNCERTAINTY_MEASURE_WITH_UNIT (LENGTH_MEASURE( 1.000000000000000100E-005 ), #4639, 'distance_accuracy_value', 'NONE');
#6550 = VERTEX_POINT ( 'NONE', #2377 ) ;
#6551 = ORIENTED_EDGE ( 'NONE', *, *, #6420, .F. ) ;
#6552 = SURFACE_SIDE_STYLE ('',( #1496 ) ) ;
#6553 = ORIENTED_EDGE ( 'NONE', *, *, #2453, .F. ) ;
#6554 = ORIENTED_EDGE ( 'NONE', *, *, #4844, .F. ) ;
#6555 = ORIENTED_EDGE ( 'NONE', *, *, #1777, .F. ) ;
#6556 = CARTESIAN_POINT ( 'NONE',  ( -1.269999999999998500, 1.700000000000000000, 6.750000000000000000 ) ) ;
#6557 =( GEOMETRIC_REPRESENTATION_CONTEXT ( 3 ) GLOBAL_UNCERTAINTY_ASSIGNED_CONTEXT ( ( #454 ) ) GLOBAL_UNIT_ASSIGNED_CONTEXT ( ( #4079, #1062, #4605 ) ) REPRESENTATION_CONTEXT ( 'NONE', 'WORKASPACE' ) );
#6558 = DIRECTION ( 'NONE',  ( -0.7071067811865475700, 0.0000000000000000000, -0.7071067811865475700 ) ) ;
#6559 =( GEOMETRIC_REPRESENTATION_CONTEXT ( 3 ) GLOBAL_UNCERTAINTY_ASSIGNED_CONTEXT ( ( #251 ) ) GLOBAL_UNIT_ASSIGNED_CONTEXT ( ( #3536, #504, #4036 ) ) REPRESENTATION_CONTEXT ( 'NONE', 'WORKASPACE' ) );
#6560 = VERTEX_POINT ( 'NONE', #5968 ) ;
#6561 = VERTEX_POINT ( 'NONE', #2897 ) ;
#6562 = ADVANCED_FACE ( 'NONE', ( #1266 ), #1891, .T. ) ;
#6563 = SURFACE_SIDE_STYLE ('',( #1844 ) ) ;
#6564 = DIRECTION ( 'NONE',  ( -1.000000000000000000, 0.0000000000000000000, 2.492418787322999200E-016 ) ) ;
#6565 = VECTOR ( 'NONE', #5139, 1000.000000000000000 ) ;
#6566 = LINE ( 'NONE', #1736, #2517 ) ;
#6567 = EDGE_CURVE ( 'NONE', #1911, #69, #3333, .T. ) ;
#6568 = EDGE_CURVE ( 'NONE', #1317, #3206, #6498, .T. ) ;
#6569 = CARTESIAN_POINT ( 'NONE',  ( -0.3200000000000000600, -3.000000000000000000, -0.2200000000000000800 ) ) ;
#6570 =( NAMED_UNIT ( * ) SI_UNIT ( $, .STERADIAN. ) SOLID_ANGLE_UNIT ( ) );
#6571 = CARTESIAN_POINT ( 'NONE',  ( 0.3200000000000031200, -3.000000000000000000, 12.48000000000000200 ) ) ;
#6572 = ORIENTED_EDGE ( 'NONE', *, *, #4214, .F. ) ;
#6573 = PRESENTATION_LAYER_ASSIGNMENT (  '', '', ( #5918 ) ) ;
#6574 = STYLED_ITEM ( 'NONE', ( #3466 ), #5960 ) ;
#6575 = CARTESIAN_POINT ( 'NONE',  ( -0.2199999999999993600, 8.339999999999999900, 2.860000000000000300 ) ) ;
#6576 = VECTOR ( 'NONE', #2776, 1000.000000000000000 ) ;
#6577 = PRESENTATION_LAYER_ASSIGNMENT (  '', '', ( #5926 ) ) ;
#6578 = DIRECTION ( 'NONE',  ( -0.0000000000000000000, -1.000000000000000000, -0.0000000000000000000 ) ) ;
#6579 = CARTESIAN_POINT ( 'NONE',  ( 1.270000000000001400, 1.700000000000000000, 9.289999999999999100 ) ) ;
#6580 = MECHANICAL_DESIGN_GEOMETRIC_PRESENTATION_REPRESENTATION (  '', ( #5560 ), #335 ) ;
#6581 = COLOUR_RGB ( '',1.000000000000000000, 1.000000000000000000, 1.000000000000000000 ) ;
#6582 = SURFACE_STYLE_USAGE ( .BOTH. , #3024 ) ;
#6583 = DIRECTION ( 'NONE',  ( -0.7071067811865474600, -0.0000000000000000000, -0.7071067811865474600 ) ) ;
#6584 = CARTESIAN_POINT ( 'NONE',  ( 0.7500000000000031100, 0.0000000000000000000, 13.97000000000000100 ) ) ;
#6585 = SURFACE_STYLE_FILL_AREA ( #532 ) ;
#6586 = FILL_AREA_STYLE ('',( #11 ) ) ;
#6587 = CARTESIAN_POINT ( 'NONE',  ( -0.3199999999999969500, -3.000000000000000000, 12.48000000000000200 ) ) ;
#6588 = ORIENTED_EDGE ( 'NONE', *, *, #2915, .F. ) ;
#6589 =( GEOMETRIC_REPRESENTATION_CONTEXT ( 3 ) GLOBAL_UNCERTAINTY_ASSIGNED_CONTEXT ( ( #4948 ) ) GLOBAL_UNIT_ASSIGNED_CONTEXT ( ( #4455, #2438, #5996 ) ) REPRESENTATION_CONTEXT ( 'NONE', 'WORKASPACE' ) );
#6590 =( NAMED_UNIT ( * ) PLANE_ANGLE_UNIT ( ) SI_UNIT ( $, .RADIAN. ) );
#6591 =( NAMED_UNIT ( * ) SI_UNIT ( $, .STERADIAN. ) SOLID_ANGLE_UNIT ( ) );
#6592 = VECTOR ( 'NONE', #862, 1000.000000000000000 ) ;
#6593 = ORIENTED_EDGE ( 'NONE', *, *, #5262, .T. ) ;
ENDSEC;
END-ISO-10303-21;
