ISO-10303-21;
HEADER;
FILE_DESCRIPTION (( 'STEP AP214' ),
    '1' );
FILE_NAME ('2x2.STEP',
    '2019-03-31T22:04:32',
    ( '' ),
    ( '' ),
    'SwSTEP 2.0',
    'SolidWorks 2014',
    '' );
FILE_SCHEMA (( 'AUTOMOTIVE_DESIGN' ));
ENDSEC;

DATA;
#1 = EDGE_CURVE ( 'NONE', #1167, #1237, #1940, .T. ) ;
#2 = DIRECTION ( 'NONE',  ( 0.0000000000000000000, 1.000000000000000000, 0.0000000000000000000 ) ) ;
#3 = FACE_OUTER_BOUND ( 'NONE', #1062, .T. ) ;
#4 = LINE ( 'NONE', #260, #586 ) ;
#5 = CARTESIAN_POINT ( 'NONE',  ( 2.540000000000000900, 1.700000000000000000, 0.8699999999999996600 ) ) ;
#6 = VERTEX_POINT ( 'NONE', #2209 ) ;
#7 = CARTESIAN_POINT ( 'NONE',  ( 1.050000000000000000, -2.799999999999999400, 0.3199999999999999000 ) ) ;
#8 = PRESENTATION_STYLE_ASSIGNMENT (( #1542 ) ) ;
#9 = FILL_AREA_STYLE ('',( #1628 ) ) ;
#10 = FACE_OUTER_BOUND ( 'NONE', #947, .T. ) ;
#11 = FILL_AREA_STYLE_COLOUR ( '', #2594 ) ;
#12 = VECTOR ( 'NONE', #937, 1000.000000000000000 ) ;
#13 = SURFACE_SIDE_STYLE ('',( #1670 ) ) ;
#14 = DIRECTION ( 'NONE',  ( 0.0000000000000000000, 1.000000000000000000, 0.0000000000000000000 ) ) ;
#15 = DIRECTION ( 'NONE',  ( -0.0000000000000000000, -1.000000000000000000, -0.0000000000000000000 ) ) ;
#16 = DIRECTION ( 'NONE',  ( 0.0000000000000000000, 1.000000000000000000, 0.0000000000000000000 ) ) ;
#17 = CARTESIAN_POINT ( 'NONE',  ( -2.540000000000000000, 1.700000000000000000, -3.443421052631578900 ) ) ;
#18 = ORIENTED_EDGE ( 'NONE', *, *, #932, .T. ) ;
#19 = VERTEX_POINT ( 'NONE', #2188 ) ;
#20 = PRESENTATION_LAYER_ASSIGNMENT (  '', '', ( #2485 ) ) ;
#21 = PLANE ( 'NONE',  #1206 ) ;
#22 = ORIENTED_EDGE ( 'NONE', *, *, #343, .T. ) ;
#23 =( GEOMETRIC_REPRESENTATION_CONTEXT ( 3 ) GLOBAL_UNCERTAINTY_ASSIGNED_CONTEXT ( ( #504 ) ) GLOBAL_UNIT_ASSIGNED_CONTEXT ( ( #363, #2294, #1540 ) ) REPRESENTATION_CONTEXT ( 'NONE', 'WORKASPACE' ) );
#24 = VERTEX_POINT ( 'NONE', #2245 ) ;
#25 = VERTEX_POINT ( 'NONE', #1181 ) ;
#26 = SURFACE_STYLE_USAGE ( .BOTH. , #1349 ) ;
#27 = FILL_AREA_STYLE ('',( #2567 ) ) ;
#28 = STYLED_ITEM ( 'NONE', ( #558 ), #2606 ) ;
#29 =( GEOMETRIC_REPRESENTATION_CONTEXT ( 3 ) GLOBAL_UNCERTAINTY_ASSIGNED_CONTEXT ( ( #181 ) ) GLOBAL_UNIT_ASSIGNED_CONTEXT ( ( #617, #2122, #833 ) ) REPRESENTATION_CONTEXT ( 'NONE', 'WORKASPACE' ) );
#30 = UNCERTAINTY_MEASURE_WITH_UNIT (LENGTH_MEASURE( 1.000000000000000100E-005 ), #1036, 'distance_accuracy_value', 'NONE');
#31 = FILL_AREA_STYLE_COLOUR ( '', #1661 ) ;
#32 = AXIS2_PLACEMENT_3D ( 'NONE', #1451, #140, #1659 ) ;
#33 = VECTOR ( 'NONE', #885, 1000.000000000000000 ) ;
#34 = DIRECTION ( 'NONE',  ( 0.7071067811865481300, 0.0000000000000000000, -0.7071067811865470200 ) ) ;
#35 = ORIENTED_EDGE ( 'NONE', *, *, #1653, .F. ) ;
#36 = PLANE ( 'NONE',  #314 ) ;
#37 = LINE ( 'NONE', #1534, #33 ) ;
#38 = FILL_AREA_STYLE_COLOUR ( '', #162 ) ;
#39 = FILL_AREA_STYLE_COLOUR ( '', #184 ) ;
#40 = VECTOR ( 'NONE', #2401, 1000.000000000000100 ) ;
#41 =( NAMED_UNIT ( * ) PLANE_ANGLE_UNIT ( ) SI_UNIT ( $, .RADIAN. ) );
#42 = SURFACE_STYLE_FILL_AREA ( #1834 ) ;
#43 = LINE ( 'NONE', #944, #2533 ) ;
#44 = FACE_OUTER_BOUND ( 'NONE', #543, .T. ) ;
#45 = EDGE_CURVE ( 'NONE', #1811, #1266, #555, .T. ) ;
#46 = ORIENTED_EDGE ( 'NONE', *, *, #1803, .F. ) ;
#47 = SURFACE_STYLE_FILL_AREA ( #1883 ) ;
#48 = FILL_AREA_STYLE_COLOUR ( '', #1879 ) ;
#49 = EDGE_CURVE ( 'NONE', #1804, #2607, #167, .T. ) ;
#50 = CARTESIAN_POINT ( 'NONE',  ( 1.050000000000000000, 11.70000000000000100, -2.860000000000000300 ) ) ;
#51 = LINE ( 'NONE', #2230, #624 ) ;
#52 =( NAMED_UNIT ( * ) PLANE_ANGLE_UNIT ( ) SI_UNIT ( $, .RADIAN. ) );
#53 = VECTOR ( 'NONE', #643, 1000.000000000000000 ) ;
#54 = EDGE_CURVE ( 'NONE', #984, #2645, #1630, .T. ) ;
#55 = DIRECTION ( 'NONE',  ( 1.000000000000000000, 0.0000000000000000000, -2.492418787322998300E-016 ) ) ;
#56 = DIRECTION ( 'NONE',  ( -0.0000000000000000000, 0.0000000000000000000, 1.000000000000000000 ) ) ;
#57 = PRESENTATION_STYLE_ASSIGNMENT (( #2303 ) ) ;
#58 =( NAMED_UNIT ( * ) PLANE_ANGLE_UNIT ( ) SI_UNIT ( $, .RADIAN. ) );
#59 = DIRECTION ( 'NONE',  ( -0.7071067811865475700, 0.0000000000000000000, 0.7071067811865475700 ) ) ;
#60 = FILL_AREA_STYLE ('',( #31 ) ) ;
#61 = ORIENTED_EDGE ( 'NONE', *, *, #207, .F. ) ;
#62 = ORIENTED_EDGE ( 'NONE', *, *, #1240, .F. ) ;
#63 = SURFACE_STYLE_FILL_AREA ( #1011 ) ;
#64 = EDGE_CURVE ( 'NONE', #1992, #1237, #391, .T. ) ;
#65 = EDGE_LOOP ( 'NONE', ( #1417, #439, #945, #1458 ) ) ;
#66 = CARTESIAN_POINT ( 'NONE',  ( -1.050000000000000000, -2.799999999999999400, -2.220000000000000200 ) ) ;
#67 = UNCERTAINTY_MEASURE_WITH_UNIT (LENGTH_MEASURE( 1.000000000000000100E-005 ), #1048, 'distance_accuracy_value', 'NONE');
#68 = AXIS2_PLACEMENT_3D ( 'NONE', #2558, #1981, #686 ) ;
#69 =( GEOMETRIC_REPRESENTATION_CONTEXT ( 3 ) GLOBAL_UNCERTAINTY_ASSIGNED_CONTEXT ( ( #115 ) ) GLOBAL_UNIT_ASSIGNED_CONTEXT ( ( #970, #2432, #1194 ) ) REPRESENTATION_CONTEXT ( 'NONE', 'WORKASPACE' ) );
#70 = MANIFOLD_SOLID_BREP ( 'LPattern3[2]', #602 ) ;
#71 = LINE ( 'NONE', #2174, #380 ) ;
#72 = EDGE_CURVE ( 'NONE', #414, #470, #1656, .T. ) ;
#73 = FACE_OUTER_BOUND ( 'NONE', #2549, .T. ) ;
#74 = DIRECTION ( 'NONE',  ( -0.0000000000000000000, -1.000000000000000000, -0.0000000000000000000 ) ) ;
#75 = FACE_OUTER_BOUND ( 'NONE', #977, .T. ) ;
#76 = ORIENTED_EDGE ( 'NONE', *, *, #2217, .T. ) ;
#77 = PRESENTATION_LAYER_ASSIGNMENT (  '', '', ( #2547 ) ) ;
#78 = DIRECTION ( 'NONE',  ( -0.7071067811865489100, -0.0000000000000000000, -0.7071067811865461300 ) ) ;
#79 = LINE ( 'NONE', #1694, #2285 ) ;
#80 = MECHANICAL_DESIGN_GEOMETRIC_PRESENTATION_REPRESENTATION (  '', ( #2550 ), #231 ) ;
#81 = ADVANCED_FACE ( 'NONE', ( #582 ), #1608, .T. ) ;
#82 = FILL_AREA_STYLE ('',( #309 ) ) ;
#83 = AXIS2_PLACEMENT_3D ( 'NONE', #2064, #774, #2265 ) ;
#84 = ADVANCED_BREP_SHAPE_REPRESENTATION ( '2x2', ( #2219, #1252, #746, #70, #965, #68 ), #1580 ) ;
#85 = DIRECTION ( 'NONE',  ( 0.0000000000000000000, -0.0000000000000000000, -1.000000000000000000 ) ) ;
#86 =( GEOMETRIC_REPRESENTATION_CONTEXT ( 3 ) GLOBAL_UNCERTAINTY_ASSIGNED_CONTEXT ( ( #666 ) ) GLOBAL_UNIT_ASSIGNED_CONTEXT ( ( #2593, #2587, #2575 ) ) REPRESENTATION_CONTEXT ( 'NONE', 'WORKASPACE' ) );
#87 = EDGE_LOOP ( 'NONE', ( #1955, #934, #203, #708, #2282, #125, #1526, #229 ) ) ;
#88 = CARTESIAN_POINT ( 'NONE',  ( 2.140000000000000100, 0.0000000000000000000, -3.810000000000000100 ) ) ;
#89 = COLOUR_RGB ( '',0.7921568627450980000, 0.8196078431372548800, 0.9333333333333333500 ) ;
#90 = ORIENTED_EDGE ( 'NONE', *, *, #1958, .F. ) ;
#91 = DIRECTION ( 'NONE',  ( 0.7071067811865463500, -0.0000000000000000000, 0.7071067811865487900 ) ) ;
#92 = DIRECTION ( 'NONE',  ( -1.000000000000000000, -0.0000000000000000000, -0.0000000000000000000 ) ) ;
#93 = ADVANCED_FACE ( 'NONE', ( #1432 ), #513, .T. ) ;
#94 = VECTOR ( 'NONE', #236, 1000.000000000000000 ) ;
#95 = DIRECTION ( 'NONE',  ( 1.000000000000000000, 0.0000000000000000000, 0.0000000000000000000 ) ) ;
#96 = EDGE_CURVE ( 'NONE', #2395, #327, #980, .T. ) ;
#97 = UNCERTAINTY_MEASURE_WITH_UNIT (LENGTH_MEASURE( 1.000000000000000100E-005 ), #581, 'distance_accuracy_value', 'NONE');
#98 = COLOUR_RGB ( '',0.7960784313725489700, 0.8235294117647058400, 0.9372549019607843100 ) ;
#99 = ORIENTED_EDGE ( 'NONE', *, *, #2651, .F. ) ;
#100 = LINE ( 'NONE', #1377, #692 ) ;
#101 =( NAMED_UNIT ( * ) PLANE_ANGLE_UNIT ( ) SI_UNIT ( $, .RADIAN. ) );
#102 =( GEOMETRIC_REPRESENTATION_CONTEXT ( 3 ) GLOBAL_UNCERTAINTY_ASSIGNED_CONTEXT ( ( #927 ) ) GLOBAL_UNIT_ASSIGNED_CONTEXT ( ( #1956, #665, #2170 ) ) REPRESENTATION_CONTEXT ( 'NONE', 'WORKASPACE' ) );
#103 = LINE ( 'NONE', #1104, #1907 ) ;
#104 = DIRECTION ( 'NONE',  ( -1.000000000000000000, 0.0000000000000000000, 0.0000000000000000000 ) ) ;
#105 = AXIS2_PLACEMENT_3D ( 'NONE', #2617, #1400, #85 ) ;
#106 = CARTESIAN_POINT ( 'NONE',  ( 1.490000000000000000, -2.799999999999999400, -2.220000000000000200 ) ) ;
#107 = FILL_AREA_STYLE_COLOUR ( '', #1524 ) ;
#108 = ORIENTED_EDGE ( 'NONE', *, *, #2734, .T. ) ;
#109 = SURFACE_SIDE_STYLE ('',( #2592 ) ) ;
#110 = VECTOR ( 'NONE', #1132, 1000.000000000000000 ) ;
#111 = PRESENTATION_LAYER_ASSIGNMENT (  '', '', ( #2584 ) ) ;
#112 = CARTESIAN_POINT ( 'NONE',  ( 2.140000000000001500, 1.700000000000000000, 1.270000000000000000 ) ) ;
#113 = ORIENTED_EDGE ( 'NONE', *, *, #1840, .T. ) ;
#114 = MECHANICAL_DESIGN_GEOMETRIC_PRESENTATION_REPRESENTATION (  '', ( #2449 ), #280 ) ;
#115 = UNCERTAINTY_MEASURE_WITH_UNIT (LENGTH_MEASURE( 1.000000000000000100E-005 ), #970, 'distance_accuracy_value', 'NONE');
#116 = DIRECTION ( 'NONE',  ( 0.0000000000000000000, 0.0000000000000000000, -1.000000000000000000 ) ) ;
#117 = AXIS2_PLACEMENT_3D ( 'NONE', #2168, #2177, #2158 ) ;
#118 = SURFACE_STYLE_FILL_AREA ( #822 ) ;
#119 = SURFACE_STYLE_USAGE ( .BOTH. , #1431 ) ;
#120 = COLOUR_RGB ( '',0.7960784313725489700, 0.8235294117647058400, 0.9372549019607843100 ) ;
#121 = ORIENTED_EDGE ( 'NONE', *, *, #207, .T. ) ;
#122 = ORIENTED_EDGE ( 'NONE', *, *, #640, .T. ) ;
#123 = ORIENTED_EDGE ( 'NONE', *, *, #568, .T. ) ;
#124 = DIRECTION ( 'NONE',  ( 0.0000000000000000000, 0.0000000000000000000, 1.000000000000000000 ) ) ;
#125 = ORIENTED_EDGE ( 'NONE', *, *, #1089, .F. ) ;
#126 = SURFACE_STYLE_USAGE ( .BOTH. , #1437 ) ;
#127 = VERTEX_POINT ( 'NONE', #492 ) ;
#128 = PLANE ( 'NONE',  #2463 ) ;
#129 = LINE ( 'NONE', #680, #2677 ) ;
#130 =( GEOMETRIC_REPRESENTATION_CONTEXT ( 3 ) GLOBAL_UNCERTAINTY_ASSIGNED_CONTEXT ( ( #731 ) ) GLOBAL_UNIT_ASSIGNED_CONTEXT ( ( #879, #443, #836 ) ) REPRESENTATION_CONTEXT ( 'NONE', 'WORKASPACE' ) );
#131 = UNCERTAINTY_MEASURE_WITH_UNIT (LENGTH_MEASURE( 1.000000000000000100E-005 ), #1421, 'distance_accuracy_value', 'NONE');
#132 = DIRECTION ( 'NONE',  ( -0.7071067811865489100, -0.0000000000000000000, 0.7071067811865462400 ) ) ;
#133 = UNCERTAINTY_MEASURE_WITH_UNIT (LENGTH_MEASURE( 1.000000000000000100E-005 ), #1382, 'distance_accuracy_value', 'NONE');
#134 = DIRECTION ( 'NONE',  ( 0.7071067811865486800, 0.0000000000000000000, -0.7071067811865463500 ) ) ;
#135 = EDGE_CURVE ( 'NONE', #829, #263, #157, .T. ) ;
#136 = ORIENTED_EDGE ( 'NONE', *, *, #515, .F. ) ;
#137 = ADVANCED_FACE ( 'NONE', ( #197 ), #725, .T. ) ;
#138 = VECTOR ( 'NONE', #1033, 1000.000000000000000 ) ;
#139 = CARTESIAN_POINT ( 'NONE',  ( 0.9499999999999999600, -2.799999999999999400, -0.2200000000000000000 ) ) ;
#140 = DIRECTION ( 'NONE',  ( -0.7071067811865481300, 0.0000000000000000000, -0.7071067811865470200 ) ) ;
#141 = DIRECTION ( 'NONE',  ( -0.0000000000000000000, -1.000000000000000000, -0.0000000000000000000 ) ) ;
#142 = EDGE_CURVE ( 'NONE', #1363, #863, #647, .T. ) ;
#143 = VERTEX_POINT ( 'NONE', #50 ) ;
#144 = VECTOR ( 'NONE', #1501, 1000.000000000000000 ) ;
#145 = ORIENTED_EDGE ( 'NONE', *, *, #2615, .T. ) ;
#146 = ORIENTED_EDGE ( 'NONE', *, *, #370, .T. ) ;
#147 = VECTOR ( 'NONE', #425, 1000.000000000000000 ) ;
#148 = ORIENTED_EDGE ( 'NONE', *, *, #771, .T. ) ;
#149 = VERTEX_POINT ( 'NONE', #1681 ) ;
#150 =( NAMED_UNIT ( * ) SI_UNIT ( $, .STERADIAN. ) SOLID_ANGLE_UNIT ( ) );
#151 = FILL_AREA_STYLE_COLOUR ( '', #1990 ) ;
#152 = VERTEX_POINT ( 'NONE', #1900 ) ;
#153 = ADVANCED_FACE ( 'NONE', ( #985 ), #591, .F. ) ;
#154 = CARTESIAN_POINT ( 'NONE',  ( -1.590000000000000300, -2.799999999999999400, 0.2199999999999998100 ) ) ;
#155 = CARTESIAN_POINT ( 'NONE',  ( 0.9499999999999999600, -2.799999999999999400, 0.2200000000000000600 ) ) ;
#156 = MECHANICAL_DESIGN_GEOMETRIC_PRESENTATION_REPRESENTATION (  '', ( #2485 ), #311 ) ;
#157 = LINE ( 'NONE', #106, #493 ) ;
#158 = PLANE ( 'NONE',  #747 ) ;
#159 = STYLED_ITEM ( 'NONE', ( #225 ), #1414 ) ;
#160 = VERTEX_POINT ( 'NONE', #1751 ) ;
#161 = DIRECTION ( 'NONE',  ( -0.0000000000000000000, -0.0000000000000000000, -1.000000000000000000 ) ) ;
#162 = COLOUR_RGB ( '',0.7960784313725489700, 0.8235294117647058400, 0.9372549019607843100 ) ;
#163 = DIRECTION ( 'NONE',  ( 0.6756367705307529900, -0.0000000000000000000, 0.7372346670543747900 ) ) ;
#164 = CARTESIAN_POINT ( 'NONE',  ( 0.9499999999999999600, -2.799999999999999400, -2.319999999999999800 ) ) ;
#165 = CARTESIAN_POINT ( 'NONE',  ( 1.050000000000000000, -2.799999999999999400, -2.860000000000000300 ) ) ;
#166 = DIRECTION ( 'NONE',  ( 0.7071067811865477900, 0.0000000000000000000, -0.7071067811865473500 ) ) ;
#167 = LINE ( 'NONE', #2063, #2532 ) ;
#168 = AXIS2_PLACEMENT_3D ( 'NONE', #505, #2001, #712 ) ;
#169 = PRESENTATION_LAYER_ASSIGNMENT (  '', '', ( #2633 ) ) ;
#170 = STYLED_ITEM ( 'NONE', ( #267 ), #522 ) ;
#171 = CARTESIAN_POINT ( 'NONE',  ( 0.9499999999999999600, 11.70000000000000100, -2.760000000000000200 ) ) ;
#172 = CARTESIAN_POINT ( 'NONE',  ( -1.050000000000000000, 11.70000000000000100, -0.3200000000000000600 ) ) ;
#173 = LINE ( 'NONE', #1315, #2383 ) ;
#174 = SURFACE_STYLE_USAGE ( .BOTH. , #1478 ) ;
#175 = PLANE ( 'NONE',  #1864 ) ;
#176 = CARTESIAN_POINT ( 'NONE',  ( -1.050000000000000000, -2.799999999999999400, -2.220000000000000200 ) ) ;
#177 = SURFACE_STYLE_FILL_AREA ( #584 ) ;
#178 = DIRECTION ( 'NONE',  ( 0.0000000000000000000, 1.000000000000000000, 0.0000000000000000000 ) ) ;
#179 = VERTEX_POINT ( 'NONE', #649 ) ;
#180 = EDGE_LOOP ( 'NONE', ( #1198, #1051, #475, #2446 ) ) ;
#181 = UNCERTAINTY_MEASURE_WITH_UNIT (LENGTH_MEASURE( 1.000000000000000100E-005 ), #617, 'distance_accuracy_value', 'NONE');
#182 = CARTESIAN_POINT ( 'NONE',  ( 0.9499999999999999600, -2.799999999999999400, -0.2200000000000000000 ) ) ;
#183 = LINE ( 'NONE', #1344, #2324 ) ;
#184 = COLOUR_RGB ( '',0.7960784313725489700, 0.8235294117647058400, 0.9372549019607843100 ) ;
#185 = CARTESIAN_POINT ( 'NONE',  ( -2.140000000000000600, 1.700000000000000000, -3.810000000000000100 ) ) ;
#186 = EDGE_LOOP ( 'NONE', ( #1292, #1053, #2326, #2337 ) ) ;
#187 = SURFACE_STYLE_USAGE ( .BOTH. , #1491 ) ;
#188 = EDGE_CURVE ( 'NONE', #160, #152, #808, .T. ) ;
#189 = CARTESIAN_POINT ( 'NONE',  ( 2.540000000000000900, 1.700000000000000000, 0.8699999999999996600 ) ) ;
#190 = UNCERTAINTY_MEASURE_WITH_UNIT (LENGTH_MEASURE( 1.000000000000000100E-005 ), #1795, 'distance_accuracy_value', 'NONE');
#191 = DIRECTION ( 'NONE',  ( 1.000000000000000000, 0.0000000000000000000, 1.232047923278982200E-016 ) ) ;
#192 = EDGE_CURVE ( 'NONE', #718, #760, #744, .T. ) ;
#193 = EDGE_LOOP ( 'NONE', ( #1782, #378, #1075, #1589 ) ) ;
#194 = ORIENTED_EDGE ( 'NONE', *, *, #1096, .T. ) ;
#195 = ORIENTED_EDGE ( 'NONE', *, *, #303, .F. ) ;
#196 = CARTESIAN_POINT ( 'NONE',  ( 2.540000000000000900, 1.700000000000000000, -1.670000000000000400 ) ) ;
#197 = FACE_OUTER_BOUND ( 'NONE', #1095, .T. ) ;
#198 = CARTESIAN_POINT ( 'NONE',  ( -2.539999999999999600, 1.700000000000000000, 0.8365789473684214200 ) ) ;
#199 = FILL_AREA_STYLE ('',( #2136 ) ) ;
#200 = ORIENTED_EDGE ( 'NONE', *, *, #2012, .F. ) ;
#201 = EDGE_CURVE ( 'NONE', #1237, #703, #71, .T. ) ;
#202 = CARTESIAN_POINT ( 'NONE',  ( -1.590000000000000300, -2.799999999999999400, -2.760000000000000200 ) ) ;
#203 = ORIENTED_EDGE ( 'NONE', *, *, #1080, .F. ) ;
#204 = STYLED_ITEM ( 'NONE', ( #1977 ), #2493 ) ;
#205 = UNCERTAINTY_MEASURE_WITH_UNIT (LENGTH_MEASURE( 1.000000000000000100E-005 ), #1310, 'distance_accuracy_value', 'NONE');
#206 = CARTESIAN_POINT ( 'NONE',  ( 2.540000000000000900, 1.700000000000000000, -1.670000000000000400 ) ) ;
#207 = EDGE_CURVE ( 'NONE', #149, #1654, #1619, .T. ) ;
#208 = DIRECTION ( 'NONE',  ( -0.0000000000000000000, -0.0000000000000000000, -1.000000000000000000 ) ) ;
#209 = UNCERTAINTY_MEASURE_WITH_UNIT (LENGTH_MEASURE( 1.000000000000000100E-005 ), #1846, 'distance_accuracy_value', 'NONE');
#210 = CARTESIAN_POINT ( 'NONE',  ( -2.139999999999999700, 1.700000000000000000, 1.270000000000000000 ) ) ;
#211 = CARTESIAN_POINT ( 'NONE',  ( 2.540000000000000900, 0.0000000000000000000, 0.8699999999999996600 ) ) ;
#212 = DIRECTION ( 'NONE',  ( 0.0000000000000000000, 1.000000000000000000, 0.0000000000000000000 ) ) ;
#213 = PRODUCT_DEFINITION ( 'UNKNOWN', '', #357, #1872 ) ;
#214 = SURFACE_STYLE_FILL_AREA ( #2029 ) ;
#215 = SURFACE_STYLE_FILL_AREA ( #248 ) ;
#216 = DIRECTION ( 'NONE',  ( -0.0000000000000000000, 1.000000000000000000, -0.0000000000000000000 ) ) ;
#217 = VECTOR ( 'NONE', #402, 1000.000000000000000 ) ;
#218 = CARTESIAN_POINT ( 'NONE',  ( 1.490000000000000000, -2.799999999999999400, -0.3200000000000001200 ) ) ;
#219 = EDGE_CURVE ( 'NONE', #775, #2307, #37, .T. ) ;
#220 = FACE_OUTER_BOUND ( 'NONE', #914, .T. ) ;
#221 = DIRECTION ( 'NONE',  ( 0.0000000000000000000, 0.0000000000000000000, -1.000000000000000000 ) ) ;
#222 = LINE ( 'NONE', #752, #1876 ) ;
#223 = SURFACE_SIDE_STYLE ('',( #1041 ) ) ;
#224 = STYLED_ITEM ( 'NONE', ( #539 ), #2218 ) ;
#225 = PRESENTATION_STYLE_ASSIGNMENT (( #1998 ) ) ;
#226 = VECTOR ( 'NONE', #212, 1000.000000000000000 ) ;
#227 = MECHANICAL_DESIGN_GEOMETRIC_PRESENTATION_REPRESENTATION (  '', ( #2547 ), #374 ) ;
#228 = FILL_AREA_STYLE ('',( #2736 ) ) ;
#229 = ORIENTED_EDGE ( 'NONE', *, *, #49, .F. ) ;
#230 = EDGE_LOOP ( 'NONE', ( #2721, #699, #828, #2243 ) ) ;
#231 =( GEOMETRIC_REPRESENTATION_CONTEXT ( 3 ) GLOBAL_UNCERTAINTY_ASSIGNED_CONTEXT ( ( #2614 ) ) GLOBAL_UNIT_ASSIGNED_CONTEXT ( ( #1368, #58, #1230 ) ) REPRESENTATION_CONTEXT ( 'NONE', 'WORKASPACE' ) );
#232 = CARTESIAN_POINT ( 'NONE',  ( 1.490000000000000000, -2.799999999999999400, 0.3199999999999999000 ) ) ;
#233 = LINE ( 'NONE', #1490, #2425 ) ;
#234 = ORIENTED_EDGE ( 'NONE', *, *, #1386, .F. ) ;
#235 = DIRECTION ( 'NONE',  ( -0.7071067811865482400, 0.0000000000000000000, -0.7071067811865469100 ) ) ;
#236 = DIRECTION ( 'NONE',  ( -0.0000000000000000000, -0.0000000000000000000, -1.000000000000000000 ) ) ;
#237 = DIRECTION ( 'NONE',  ( 0.0000000000000000000, 1.000000000000000000, 0.0000000000000000000 ) ) ;
#238 = PRESENTATION_LAYER_ASSIGNMENT (  '', '', ( #2672 ) ) ;
#239 = CARTESIAN_POINT ( 'NONE',  ( 1.050000000000000000, -2.799999999999999400, -0.3200000000000001200 ) ) ;
#240 = ORIENTED_EDGE ( 'NONE', *, *, #337, .T. ) ;
#241 = DIRECTION ( 'NONE',  ( 0.0000000000000000000, 1.000000000000000000, 0.0000000000000000000 ) ) ;
#242 = PLANE ( 'NONE',  #1427 ) ;
#243 = SURFACE_STYLE_FILL_AREA ( #959 ) ;
#244 = VERTEX_POINT ( 'NONE', #579 ) ;
#245 = CARTESIAN_POINT ( 'NONE',  ( -1.490000000000000000, 11.70000000000000100, -0.3200000000000001200 ) ) ;
#246 = DIRECTION ( 'NONE',  ( -0.7071067811865470200, 0.0000000000000000000, 0.7071067811865481300 ) ) ;
#247 = CARTESIAN_POINT ( 'NONE',  ( -1.490000000000000200, -2.799999999999999400, 0.3199999999999998400 ) ) ;
#248 = FILL_AREA_STYLE ('',( #1337 ) ) ;
#249 = VECTOR ( 'NONE', #2017, 1000.000000000000000 ) ;
#250 = UNCERTAINTY_MEASURE_WITH_UNIT (LENGTH_MEASURE( 1.000000000000000100E-005 ), #1108, 'distance_accuracy_value', 'NONE');
#251 = ORIENTED_EDGE ( 'NONE', *, *, #1502, .T. ) ;
#252 =( NAMED_UNIT ( * ) PLANE_ANGLE_UNIT ( ) SI_UNIT ( $, .RADIAN. ) );
#253 = SURFACE_STYLE_USAGE ( .BOTH. , #1556 ) ;
#254 = EDGE_CURVE ( 'NONE', #863, #1863, #129, .T. ) ;
#255 = DIRECTION ( 'NONE',  ( -0.7071067811865481300, 0.0000000000000000000, -0.7071067811865470200 ) ) ;
#256 = SURFACE_STYLE_FILL_AREA ( #1997 ) ;
#257 = LINE ( 'NONE', #645, #1356 ) ;
#258 = VERTEX_POINT ( 'NONE', #1969 ) ;
#259 = PRESENTATION_STYLE_ASSIGNMENT (( #2279 ) ) ;
#260 = CARTESIAN_POINT ( 'NONE',  ( -1.590000000000000300, 11.70000000000000100, -0.2200000000000002500 ) ) ;
#261 = COLOUR_RGB ( '',0.7960784313725489700, 0.8235294117647058400, 0.9372549019607843100 ) ;
#262 = ORIENTED_EDGE ( 'NONE', *, *, #2408, .T. ) ;
#263 = VERTEX_POINT ( 'NONE', #1343 ) ;
#264 = CARTESIAN_POINT ( 'NONE',  ( 1.490000000000000000, 11.70000000000000100, -2.860000000000000300 ) ) ;
#265 = LINE ( 'NONE', #1754, #1985 ) ;
#266 = FILL_AREA_STYLE ('',( #48 ) ) ;
#267 = PRESENTATION_STYLE_ASSIGNMENT (( #1322 ) ) ;
#268 = ORIENTED_EDGE ( 'NONE', *, *, #497, .T. ) ;
#269 = EDGE_LOOP ( 'NONE', ( #355, #1245, #2066, #1930 ) ) ;
#270 = DIRECTION ( 'NONE',  ( 0.7071067811865473500, 0.0000000000000000000, -0.7071067811865477900 ) ) ;
#271 = CARTESIAN_POINT ( 'NONE',  ( -1.050000000000000000, -2.799999999999999400, 0.3199999999999999000 ) ) ;
#272 = PRESENTATION_LAYER_ASSIGNMENT (  '', '', ( #2700 ) ) ;
#273 = ORIENTED_EDGE ( 'NONE', *, *, #733, .T. ) ;
#274 = ORIENTED_EDGE ( 'NONE', *, *, #1372, .T. ) ;
#275 = ORIENTED_EDGE ( 'NONE', *, *, #1027, .T. ) ;
#276 = DIRECTION ( 'NONE',  ( 0.0000000000000000000, 1.000000000000000000, 0.0000000000000000000 ) ) ;
#277 = PLANE ( 'NONE',  #1197 ) ;
#278 = MECHANICAL_DESIGN_GEOMETRIC_PRESENTATION_REPRESENTATION (  '', ( #2584 ), #422 ) ;
#279 = CARTESIAN_POINT ( 'NONE',  ( 1.490000000000000000, -2.799999999999999400, -2.860000000000000300 ) ) ;
#280 =( GEOMETRIC_REPRESENTATION_CONTEXT ( 3 ) GLOBAL_UNCERTAINTY_ASSIGNED_CONTEXT ( ( #2530 ) ) GLOBAL_UNIT_ASSIGNED_CONTEXT ( ( #921, #2398, #1157 ) ) REPRESENTATION_CONTEXT ( 'NONE', 'WORKASPACE' ) );
#281 = PRESENTATION_LAYER_ASSIGNMENT (  '', '', ( #2706 ) ) ;
#282 = ORIENTED_EDGE ( 'NONE', *, *, #856, .T. ) ;
#283 = UNCERTAINTY_MEASURE_WITH_UNIT (LENGTH_MEASURE( 1.000000000000000100E-005 ), #1118, 'distance_accuracy_value', 'NONE');
#284 = CARTESIAN_POINT ( 'NONE',  ( 2.020000000000001400, 0.0000000000000000000, -1.270000000000000000 ) ) ;
#285 = ORIENTED_EDGE ( 'NONE', *, *, #2351, .F. ) ;
#286 = COLOUR_RGB ( '',0.7960784313725489700, 0.8235294117647058400, 0.9372549019607843100 ) ;
#287 = VECTOR ( 'NONE', #1388, 1000.000000000000000 ) ;
#288 = DIRECTION ( 'NONE',  ( 1.000000000000000000, 0.0000000000000000000, 0.0000000000000000000 ) ) ;
#289 = ORIENTED_EDGE ( 'NONE', *, *, #922, .T. ) ;
#290 = LINE ( 'NONE', #2302, #1385 ) ;
#291 = SURFACE_SIDE_STYLE ('',( #2682 ) ) ;
#292 = ORIENTED_EDGE ( 'NONE', *, *, #1222, .T. ) ;
#293 = SURFACE_STYLE_FILL_AREA ( #2701 ) ;
#294 = UNCERTAINTY_MEASURE_WITH_UNIT (LENGTH_MEASURE( 1.000000000000000100E-005 ), #2507, 'distance_accuracy_value', 'NONE');
#295 = EDGE_CURVE ( 'NONE', #2665, #743, #2367, .T. ) ;
#296 = ORIENTED_EDGE ( 'NONE', *, *, #630, .F. ) ;
#297 = FILL_AREA_STYLE_COLOUR ( '', #261 ) ;
#298 = VECTOR ( 'NONE', #1074, 1000.000000000000000 ) ;
#299 = ADVANCED_FACE ( 'NONE', ( #616 ), #2202, .F. ) ;
#300 =( NAMED_UNIT ( * ) SI_UNIT ( $, .STERADIAN. ) SOLID_ANGLE_UNIT ( ) );
#301 = UNCERTAINTY_MEASURE_WITH_UNIT (LENGTH_MEASURE( 1.000000000000000100E-005 ), #2471, 'distance_accuracy_value', 'NONE');
#302 = ORIENTED_EDGE ( 'NONE', *, *, #856, .F. ) ;
#303 = EDGE_CURVE ( 'NONE', #1992, #6, #1870, .T. ) ;
#304 = PLANE ( 'NONE',  #2406 ) ;
#305 = CARTESIAN_POINT ( 'NONE',  ( -1.590000000000000300, -2.799999999999999400, -2.320000000000000300 ) ) ;
#306 = ORIENTED_EDGE ( 'NONE', *, *, #1793, .T. ) ;
#307 = ADVANCED_FACE ( 'NONE', ( #1806 ), #432, .T. ) ;
#308 = ORIENTED_EDGE ( 'NONE', *, *, #951, .F. ) ;
#309 = FILL_AREA_STYLE_COLOUR ( '', #1113 ) ;
#310 = SURFACE_STYLE_FILL_AREA ( #2166 ) ;
#311 =( GEOMETRIC_REPRESENTATION_CONTEXT ( 3 ) GLOBAL_UNCERTAINTY_ASSIGNED_CONTEXT ( ( #429 ) ) GLOBAL_UNIT_ASSIGNED_CONTEXT ( ( #2113, #817, #2300 ) ) REPRESENTATION_CONTEXT ( 'NONE', 'WORKASPACE' ) );
#312 = CARTESIAN_POINT ( 'NONE',  ( -0.9499999999999999600, -2.799999999999999400, -2.760000000000000200 ) ) ;
#313 = ORIENTED_EDGE ( 'NONE', *, *, #2648, .T. ) ;
#314 = AXIS2_PLACEMENT_3D ( 'NONE', #1148, #2583, #1367 ) ;
#315 =( NAMED_UNIT ( * ) PLANE_ANGLE_UNIT ( ) SI_UNIT ( $, .RADIAN. ) );
#316 = COLOUR_RGB ( '',0.0000000000000000000, 0.003921568627450980300, 0.09019607843137254800 ) ;
#317 = SURFACE_STYLE_FILL_AREA ( #701 ) ;
#318 = LINE ( 'NONE', #2387, #821 ) ;
#319 = STYLED_ITEM ( 'NONE', ( #2590 ), #299 ) ;
#320 = VECTOR ( 'NONE', #2270, 1000.000000000000000 ) ;
#321 = PRESENTATION_LAYER_ASSIGNMENT (  '', '', ( #28 ) ) ;
#322 = MECHANICAL_DESIGN_GEOMETRIC_PRESENTATION_REPRESENTATION (  '', ( #2633 ), #486 ) ;
#323 = AXIS2_PLACEMENT_3D ( 'NONE', #938, #926, #897 ) ;
#324 = ORIENTED_EDGE ( 'NONE', *, *, #1665, .F. ) ;
#325 = ORIENTED_EDGE ( 'NONE', *, *, #1021, .T. ) ;
#326 =( LENGTH_UNIT ( ) NAMED_UNIT ( * ) SI_UNIT ( .MILLI., .METRE. ) );
#327 = VERTEX_POINT ( 'NONE', #2382 ) ;
#328 = VECTOR ( 'NONE', #2, 1000.000000000000000 ) ;
#329 = ORIENTED_EDGE ( 'NONE', *, *, #96, .F. ) ;
#330 = SURFACE_STYLE_FILL_AREA ( #2105 ) ;
#331 = ORIENTED_EDGE ( 'NONE', *, *, #455, .F. ) ;
#332 = FILL_AREA_STYLE_COLOUR ( '', #1325 ) ;
#333 = ORIENTED_EDGE ( 'NONE', *, *, #2543, .T. ) ;
#334 = DIRECTION ( 'NONE',  ( 0.0000000000000000000, 1.000000000000000000, 0.0000000000000000000 ) ) ;
#335 = EDGE_CURVE ( 'NONE', #2607, #2576, #1070, .T. ) ;
#336 = SURFACE_STYLE_USAGE ( .BOTH. , #1629 ) ;
#337 = EDGE_CURVE ( 'NONE', #957, #2221, #1029, .T. ) ;
#338 = ORIENTED_EDGE ( 'NONE', *, *, #1812, .T. ) ;
#339 = CARTESIAN_POINT ( 'NONE',  ( 1.490000000000000000, 11.70000000000000100, 0.3199999999999999000 ) ) ;
#340 =( NAMED_UNIT ( * ) PLANE_ANGLE_UNIT ( ) SI_UNIT ( $, .RADIAN. ) );
#341 = SURFACE_STYLE_FILL_AREA ( #1592 ) ;
#342 = CARTESIAN_POINT ( 'NONE',  ( 2.140000000000001500, 1.700000000000000000, 1.270000000000000000 ) ) ;
#343 = EDGE_CURVE ( 'NONE', #1418, #751, #1025, .T. ) ;
#344 = LINE ( 'NONE', #164, #1438 ) ;
#345 = UNCERTAINTY_MEASURE_WITH_UNIT (LENGTH_MEASURE( 1.000000000000000100E-005 ), #2287, 'distance_accuracy_value', 'NONE');
#346 = DIRECTION ( 'NONE',  ( -1.000000000000000000, -0.0000000000000000000, -0.0000000000000000000 ) ) ;
#347 = ORIENTED_EDGE ( 'NONE', *, *, #1733, .T. ) ;
#348 = AXIS2_PLACEMENT_3D ( 'NONE', #1781, #494, #1996 ) ;
#349 = LINE ( 'NONE', #2611, #1440 ) ;
#350 = CARTESIAN_POINT ( 'NONE',  ( -1.590000000000000300, -2.799999999999999400, -0.2200000000000002500 ) ) ;
#351 =( NAMED_UNIT ( * ) PLANE_ANGLE_UNIT ( ) SI_UNIT ( $, .RADIAN. ) );
#352 = ORIENTED_EDGE ( 'NONE', *, *, #2127, .T. ) ;
#353 = VECTOR ( 'NONE', #1466, 1000.000000000000000 ) ;
#354 = EDGE_CURVE ( 'NONE', #244, #1219, #987, .T. ) ;
#355 = ORIENTED_EDGE ( 'NONE', *, *, #1506, .T. ) ;
#356 = VECTOR ( 'NONE', #191, 1000.000000000000000 ) ;
#357 = PRODUCT_DEFINITION_FORMATION_WITH_SPECIFIED_SOURCE ( 'ANY', '', #1261, .NOT_KNOWN. ) ;
#358 = PLANE ( 'NONE',  #1254 ) ;
#359 = ORIENTED_EDGE ( 'NONE', *, *, #657, .F. ) ;
#360 = STYLED_ITEM ( 'NONE', ( #1464 ), #2086 ) ;
#361 = PLANE ( 'NONE',  #32 ) ;
#362 = VECTOR ( 'NONE', #845, 1000.000000000000000 ) ;
#363 =( LENGTH_UNIT ( ) NAMED_UNIT ( * ) SI_UNIT ( .MILLI., .METRE. ) );
#364 = SURFACE_STYLE_USAGE ( .BOTH. , #1993 ) ;
#365 = CARTESIAN_POINT ( 'NONE',  ( 0.9499999999999999600, -2.799999999999999400, -2.319999999999999800 ) ) ;
#366 = ORIENTED_EDGE ( 'NONE', *, *, #771, .F. ) ;
#367 = ORIENTED_EDGE ( 'NONE', *, *, #1027, .F. ) ;
#368 = ADVANCED_FACE ( 'NONE', ( #787 ), #2405, .F. ) ;
#369 = EDGE_LOOP ( 'NONE', ( #1346, #2422, #1300, #2161 ) ) ;
#370 = EDGE_CURVE ( 'NONE', #2090, #244, #2541, .T. ) ;
#371 = CARTESIAN_POINT ( 'NONE',  ( 1.490000000000000000, -2.799999999999999400, 0.3199999999999999000 ) ) ;
#372 = AXIS2_PLACEMENT_3D ( 'NONE', #990, #2458, #1225 ) ;
#373 = DIRECTION ( 'NONE',  ( 0.0000000000000000000, 0.0000000000000000000, 1.000000000000000000 ) ) ;
#374 =( GEOMETRIC_REPRESENTATION_CONTEXT ( 3 ) GLOBAL_UNCERTAINTY_ASSIGNED_CONTEXT ( ( #696 ) ) GLOBAL_UNIT_ASSIGNED_CONTEXT ( ( #2156, #867, #2344 ) ) REPRESENTATION_CONTEXT ( 'NONE', 'WORKASPACE' ) );
#375 = CARTESIAN_POINT ( 'NONE',  ( 2.540000000000000900, 0.0000000000000000000, -3.410000000000000600 ) ) ;
#376 = ORIENTED_EDGE ( 'NONE', *, *, #688, .F. ) ;
#377 = DIRECTION ( 'NONE',  ( 0.7071067811865477900, 0.0000000000000000000, -0.7071067811865473500 ) ) ;
#378 = ORIENTED_EDGE ( 'NONE', *, *, #1439, .F. ) ;
#379 =( NAMED_UNIT ( * ) SI_UNIT ( $, .STERADIAN. ) SOLID_ANGLE_UNIT ( ) );
#380 = VECTOR ( 'NONE', #1544, 1000.000000000000000 ) ;
#381 = MECHANICAL_DESIGN_GEOMETRIC_PRESENTATION_REPRESENTATION (  '', ( #2672 ), #532 ) ;
#382 = ADVANCED_FACE ( 'NONE', ( #2601 ), #1994, .T. ) ;
#383 = STYLED_ITEM ( 'NONE', ( #722 ), #368 ) ;
#384 = SURFACE_SIDE_STYLE ('',( #1358 ) ) ;
#385 = CARTESIAN_POINT ( 'NONE',  ( 1.590000000000000100, -2.799999999999999400, -0.2200000000000001400 ) ) ;
#386 = CARTESIAN_POINT ( 'NONE',  ( -2.540000000000000000, 1.700000000000000000, -0.9034210526315790100 ) ) ;
#387 = VECTOR ( 'NONE', #2335, 1000.000000000000000 ) ;
#388 = PLANE ( 'NONE',  #1057 ) ;
#389 =( NAMED_UNIT ( * ) PLANE_ANGLE_UNIT ( ) SI_UNIT ( $, .RADIAN. ) );
#390 = UNCERTAINTY_MEASURE_WITH_UNIT (LENGTH_MEASURE( 1.000000000000000100E-005 ), #592, 'distance_accuracy_value', 'NONE');
#391 = LINE ( 'NONE', #1884, #249 ) ;
#392 = CARTESIAN_POINT ( 'NONE',  ( 1.490000000000000000, -2.799999999999999400, -0.3200000000000001200 ) ) ;
#393 = DIRECTION ( 'NONE',  ( -1.000000000000000000, -0.0000000000000000000, -1.232047923278982200E-016 ) ) ;
#394 = PLANE ( 'NONE',  #484 ) ;
#395 = ADVANCED_FACE ( 'NONE', ( #1917 ), #1575, .T. ) ;
#396 = CARTESIAN_POINT ( 'NONE',  ( 1.590000000000000100, -2.799999999999999400, 0.2199999999999999200 ) ) ;
#397 = ORIENTED_EDGE ( 'NONE', *, *, #508, .T. ) ;
#398 =( LENGTH_UNIT ( ) NAMED_UNIT ( * ) SI_UNIT ( .MILLI., .METRE. ) );
#399 = EDGE_CURVE ( 'NONE', #1863, #2613, #1002, .T. ) ;
#400 = ORIENTED_EDGE ( 'NONE', *, *, #399, .T. ) ;
#401 = LINE ( 'NONE', #451, #973 ) ;
#402 = DIRECTION ( 'NONE',  ( -0.7071067811865470200, -0.0000000000000000000, -0.7071067811865481300 ) ) ;
#403 = SURFACE_SIDE_STYLE ('',( #1790 ) ) ;
#404 = LINE ( 'NONE', #1460, #2514 ) ;
#405 = EDGE_LOOP ( 'NONE', ( #1354, #521, #2720, #145 ) ) ;
#406 = ORIENTED_EDGE ( 'NONE', *, *, #2663, .F. ) ;
#407 =( NAMED_UNIT ( * ) PLANE_ANGLE_UNIT ( ) SI_UNIT ( $, .RADIAN. ) );
#408 = DIRECTION ( 'NONE',  ( -1.000000000000000000, 0.0000000000000000000, 0.0000000000000000000 ) ) ;
#409 = SURFACE_STYLE_USAGE ( .BOTH. , #420 ) ;
#410 = UNCERTAINTY_MEASURE_WITH_UNIT (LENGTH_MEASURE( 1.000000000000000100E-005 ), #398, 'distance_accuracy_value', 'NONE');
#411 = STYLED_ITEM ( 'NONE', ( #1577 ), #2428 ) ;
#412 = CARTESIAN_POINT ( 'NONE',  ( 2.020000000000001800, 0.2999999999999999300, -3.810000000000000100 ) ) ;
#413 = MECHANICAL_DESIGN_GEOMETRIC_PRESENTATION_REPRESENTATION (  '', ( #2700 ), #556 ) ;
#414 = VERTEX_POINT ( 'NONE', #710 ) ;
#415 = DIRECTION ( 'NONE',  ( -0.7071067811865469100, 0.0000000000000000000, 0.7071067811865482400 ) ) ;
#416 = DIRECTION ( 'NONE',  ( 0.0000000000000000000, 1.000000000000000000, 0.0000000000000000000 ) ) ;
#417 = ORIENTED_EDGE ( 'NONE', *, *, #295, .T. ) ;
#418 =( NAMED_UNIT ( * ) PLANE_ANGLE_UNIT ( ) SI_UNIT ( $, .RADIAN. ) );
#419 = CARTESIAN_POINT ( 'NONE',  ( -2.019999999999999600, 0.0000000000000000000, -3.810000000000000100 ) ) ;
#420 = SURFACE_SIDE_STYLE ('',( #1852 ) ) ;
#421 = ORIENTED_EDGE ( 'NONE', *, *, #2153, .T. ) ;
#422 =( GEOMETRIC_REPRESENTATION_CONTEXT ( 3 ) GLOBAL_UNCERTAINTY_ASSIGNED_CONTEXT ( ( #2394 ) ) GLOBAL_UNIT_ASSIGNED_CONTEXT ( ( #2343, #1099, #2544 ) ) REPRESENTATION_CONTEXT ( 'NONE', 'WORKASPACE' ) );
#423 = COLOUR_RGB ( '',0.7921568627450980000, 0.8196078431372548800, 0.9333333333333333500 ) ;
#424 = MECHANICAL_DESIGN_GEOMETRIC_PRESENTATION_REPRESENTATION (  '', ( #2706 ), #565 ) ;
#425 = DIRECTION ( 'NONE',  ( -0.7071067811865470200, -0.0000000000000000000, -0.7071067811865481300 ) ) ;
#426 = ORIENTED_EDGE ( 'NONE', *, *, #45, .F. ) ;
#427 = EDGE_CURVE ( 'NONE', #1199, #1175, #1083, .T. ) ;
#428 = SURFACE_STYLE_FILL_AREA ( #1528 ) ;
#429 = UNCERTAINTY_MEASURE_WITH_UNIT (LENGTH_MEASURE( 1.000000000000000100E-005 ), #2113, 'distance_accuracy_value', 'NONE');
#430 = SURFACE_STYLE_USAGE ( .BOTH. , #1723 ) ;
#431 = ORIENTED_EDGE ( 'NONE', *, *, #2390, .T. ) ;
#432 = PLANE ( 'NONE',  #536 ) ;
#433 = SURFACE_STYLE_FILL_AREA ( #2045 ) ;
#434 = CARTESIAN_POINT ( 'NONE',  ( -0.9499999999999999600, 11.70000000000000100, 0.2200000000000000800 ) ) ;
#435 = PRESENTATION_STYLE_ASSIGNMENT (( #1989 ) ) ;
#436 = FACE_OUTER_BOUND ( 'NONE', #405, .T. ) ;
#437 = DIRECTION ( 'NONE',  ( -1.232047923278982000E-016, 0.0000000000000000000, 1.000000000000000000 ) ) ;
#438 = ORIENTED_EDGE ( 'NONE', *, *, #1235, .F. ) ;
#439 = ORIENTED_EDGE ( 'NONE', *, *, #1521, .F. ) ;
#440 = VECTOR ( 'NONE', #1288, 999.9999999999998900 ) ;
#441 = FILL_AREA_STYLE ('',( #2712 ) ) ;
#442 = STYLED_ITEM ( 'NONE', ( #916 ), #746 ) ;
#443 =( NAMED_UNIT ( * ) PLANE_ANGLE_UNIT ( ) SI_UNIT ( $, .RADIAN. ) );
#444 = DIRECTION ( 'NONE',  ( 0.0000000000000000000, 0.0000000000000000000, 1.000000000000000000 ) ) ;
#445 = ORIENTED_EDGE ( 'NONE', *, *, #2261, .T. ) ;
#446 = CARTESIAN_POINT ( 'NONE',  ( 2.540000000000000900, 0.0000000000000000000, -3.410000000000000600 ) ) ;
#447 = FACE_OUTER_BOUND ( 'NONE', #65, .T. ) ;
#448 = ORIENTED_EDGE ( 'NONE', *, *, #2129, .T. ) ;
#449 = UNCERTAINTY_MEASURE_WITH_UNIT (LENGTH_MEASURE( 1.000000000000000100E-005 ), #840, 'distance_accuracy_value', 'NONE');
#450 = PRESENTATION_STYLE_ASSIGNMENT (( #1693 ) ) ;
#451 = CARTESIAN_POINT ( 'NONE',  ( -2.540000000000000000, 0.0000000000000000000, -0.9034210526315790100 ) ) ;
#452 = CARTESIAN_POINT ( 'NONE',  ( -1.590000000000000300, -2.799999999999999400, -0.2200000000000002500 ) ) ;
#453 =( LENGTH_UNIT ( ) NAMED_UNIT ( * ) SI_UNIT ( .MILLI., .METRE. ) );
#454 = ORIENTED_EDGE ( 'NONE', *, *, #1226, .F. ) ;
#455 = EDGE_CURVE ( 'NONE', #2650, #2488, #940, .T. ) ;
#456 = FILL_AREA_STYLE ('',( #466 ) ) ;
#457 = CARTESIAN_POINT ( 'NONE',  ( 1.490000000000000000, 11.70000000000000100, -2.860000000000000300 ) ) ;
#458 = SURFACE_STYLE_USAGE ( .BOTH. , #1749 ) ;
#459 = EDGE_CURVE ( 'NONE', #673, #1375, #794, .T. ) ;
#460 = PRESENTATION_STYLE_ASSIGNMENT (( #1874 ) ) ;
#461 = PLANE ( 'NONE',  #2448 ) ;
#462 = CARTESIAN_POINT ( 'NONE',  ( -2.540000000000000000, 0.0000000000000000000, -3.443421052631578900 ) ) ;
#463 = DIRECTION ( 'NONE',  ( 0.6782059721786389800, 0.0000000000000000000, 0.7348718659067220400 ) ) ;
#464 = DIRECTION ( 'NONE',  ( -0.0000000000000000000, -0.0000000000000000000, 1.000000000000000000 ) ) ;
#465 = VECTOR ( 'NONE', #2128, 1000.000000000000000 ) ;
#466 = FILL_AREA_STYLE_COLOUR ( '', #1853 ) ;
#467 = PRESENTATION_STYLE_ASSIGNMENT (( #2352 ) ) ;
#468 = UNCERTAINTY_MEASURE_WITH_UNIT (LENGTH_MEASURE( 1.000000000000000100E-005 ), #1933, 'distance_accuracy_value', 'NONE');
#469 = CARTESIAN_POINT ( 'NONE',  ( -0.9499999999999999600, 11.70000000000000100, -2.319999999999999800 ) ) ;
#470 = VERTEX_POINT ( 'NONE', #469 ) ;
#471 = SURFACE_STYLE_USAGE ( .BOTH. , #1758 ) ;
#472 = PRESENTATION_STYLE_ASSIGNMENT (( #2139 ) ) ;
#473 = VECTOR ( 'NONE', #1862, 1000.000000000000000 ) ;
#474 = CARTESIAN_POINT ( 'NONE',  ( -1.590000000000000300, 11.70000000000000100, 0.2199999999999998100 ) ) ;
#475 = ORIENTED_EDGE ( 'NONE', *, *, #1282, .F. ) ;
#476 = PRESENTATION_LAYER_ASSIGNMENT (  '', '', ( #159 ) ) ;
#477 = PRESENTATION_STYLE_ASSIGNMENT (( #1744 ) ) ;
#478 = SURFACE_STYLE_USAGE ( .BOTH. , #1763 ) ;
#479 = AXIS2_PLACEMENT_3D ( 'NONE', #1649, #1553, #1285 ) ;
#480 = VECTOR ( 'NONE', #1097, 1000.000000000000000 ) ;
#481 =( NAMED_UNIT ( * ) PLANE_ANGLE_UNIT ( ) SI_UNIT ( $, .RADIAN. ) );
#482 = MECHANICAL_DESIGN_GEOMETRIC_PRESENTATION_REPRESENTATION (  '', ( #28 ), #611 ) ;
#483 = LINE ( 'NONE', #2669, #2050 ) ;
#484 = AXIS2_PLACEMENT_3D ( 'NONE', #1064, #2513, #1286 ) ;
#485 = PRESENTATION_STYLE_ASSIGNMENT (( #886 ) ) ;
#486 =( GEOMETRIC_REPRESENTATION_CONTEXT ( 3 ) GLOBAL_UNCERTAINTY_ASSIGNED_CONTEXT ( ( #2201 ) ) GLOBAL_UNIT_ASSIGNED_CONTEXT ( ( #2676, #1459, #150 ) ) REPRESENTATION_CONTEXT ( 'NONE', 'WORKASPACE' ) );
#487 = PRESENTATION_LAYER_ASSIGNMENT (  '', '', ( #170 ) ) ;
#488 = VERTEX_POINT ( 'NONE', #457 ) ;
#489 = CARTESIAN_POINT ( 'NONE',  ( 1.050000000000000000, -2.799999999999999400, -0.3200000000000001200 ) ) ;
#490 = ORIENTED_EDGE ( 'NONE', *, *, #825, .F. ) ;
#491 = SURFACE_SIDE_STYLE ('',( #1001 ) ) ;
#492 = CARTESIAN_POINT ( 'NONE',  ( -1.490000000000000000, -2.799999999999999400, -0.3200000000000001200 ) ) ;
#493 = VECTOR ( 'NONE', #2415, 999.9999999999998900 ) ;
#494 = DIRECTION ( 'NONE',  ( 1.000000000000000000, 0.0000000000000000000, -2.492418787322998300E-016 ) ) ;
#495 = ORIENTED_EDGE ( 'NONE', *, *, #626, .T. ) ;
#496 = FILL_AREA_STYLE ('',( #1792 ) ) ;
#497 = EDGE_CURVE ( 'NONE', #1892, #1889, #730, .T. ) ;
#498 = SURFACE_SIDE_STYLE ('',( #2418 ) ) ;
#499 = ORIENTED_EDGE ( 'NONE', *, *, #630, .T. ) ;
#500 = EDGE_CURVE ( 'NONE', #2668, #1321, #871, .T. ) ;
#501 = CARTESIAN_POINT ( 'NONE',  ( -1.590000000000000300, -2.799999999999999400, -2.320000000000000300 ) ) ;
#502 = CARTESIAN_POINT ( 'NONE',  ( -2.540000000000000000, 1.700000000000000000, -0.9034210526315790100 ) ) ;
#503 = PRESENTATION_STYLE_ASSIGNMENT (( #1808 ) ) ;
#504 = UNCERTAINTY_MEASURE_WITH_UNIT (LENGTH_MEASURE( 1.000000000000000100E-005 ), #363, 'distance_accuracy_value', 'NONE');
#505 = CARTESIAN_POINT ( 'NONE',  ( 0.0000000000000000000, 11.70000000000000100, -2.540000000000000000 ) ) ;
#506 = VECTOR ( 'NONE', #2624, 1000.000000000000000 ) ;
#507 = EDGE_LOOP ( 'NONE', ( #2058, #2232, #499, #1086, #1856, #262, #642, #417 ) ) ;
#508 = EDGE_CURVE ( 'NONE', #1190, #1892, #510, .T. ) ;
#509 = CARTESIAN_POINT ( 'NONE',  ( -1.050000000000000000, -2.799999999999999400, 0.3199999999999999000 ) ) ;
#510 = LINE ( 'NONE', #247, #356 ) ;
#511 = ORIENTED_EDGE ( 'NONE', *, *, #1080, .T. ) ;
#512 = PRESENTATION_LAYER_ASSIGNMENT (  '', '', ( #204 ) ) ;
#513 = PLANE ( 'NONE',  #1541 ) ;
#514 = ORIENTED_EDGE ( 'NONE', *, *, #883, .F. ) ;
#515 = EDGE_CURVE ( 'NONE', #1804, #24, #629, .T. ) ;
#516 = EDGE_LOOP ( 'NONE', ( #599, #406, #1637, #347 ) ) ;
#517 = LINE ( 'NONE', #239, #2725 ) ;
#518 =( LENGTH_UNIT ( ) NAMED_UNIT ( * ) SI_UNIT ( .MILLI., .METRE. ) );
#519 = PRODUCT_RELATED_PRODUCT_CATEGORY ( 'part', '', ( #1261 ) ) ;
#520 = AXIS2_PLACEMENT_3D ( 'NONE', #1411, #95, #1613 ) ;
#521 = ORIENTED_EDGE ( 'NONE', *, *, #1991, .F. ) ;
#522 = ADVANCED_FACE ( 'NONE', ( #436 ), #21, .T. ) ;
#523 = ORIENTED_EDGE ( 'NONE', *, *, #1386, .T. ) ;
#524 = EDGE_CURVE ( 'NONE', #1762, #1229, #1702, .T. ) ;
#525 = DIRECTION ( 'NONE',  ( -0.0000000000000000000, -0.0000000000000000000, -1.000000000000000000 ) ) ;
#526 = PRESENTATION_LAYER_ASSIGNMENT (  '', '', ( #224 ) ) ;
#527 = FILL_AREA_STYLE ('',( #297 ) ) ;
#528 = STYLED_ITEM ( 'NONE', ( #477 ), #1262 ) ;
#529 = VERTEX_POINT ( 'NONE', #2714 ) ;
#530 = STYLED_ITEM ( 'NONE', ( #1831 ), #93 ) ;
#531 = COLOUR_RGB ( '',0.0000000000000000000, 0.003921568627450980300, 0.09019607843137254800 ) ;
#532 =( GEOMETRIC_REPRESENTATION_CONTEXT ( 3 ) GLOBAL_UNCERTAINTY_ASSIGNED_CONTEXT ( ( #2192 ) ) GLOBAL_UNIT_ASSIGNED_CONTEXT ( ( #1641, #351, #1859 ) ) REPRESENTATION_CONTEXT ( 'NONE', 'WORKASPACE' ) );
#533 = ORIENTED_EDGE ( 'NONE', *, *, #1586, .T. ) ;
#534 = COLOUR_RGB ( '',0.7960784313725489700, 0.8235294117647058400, 0.9372549019607843100 ) ;
#535 = DIRECTION ( 'NONE',  ( -0.7071067811865489100, -0.0000000000000000000, -0.7071067811865461300 ) ) ;
#536 = AXIS2_PLACEMENT_3D ( 'NONE', #2538, #2527, #2391 ) ;
#537 = ADVANCED_FACE ( 'NONE', ( #73 ), #2526, .T. ) ;
#538 = UNCERTAINTY_MEASURE_WITH_UNIT (LENGTH_MEASURE( 1.000000000000000100E-005 ), #1936, 'distance_accuracy_value', 'NONE');
#539 = PRESENTATION_STYLE_ASSIGNMENT (( #1014 ) ) ;
#540 = FACE_OUTER_BOUND ( 'NONE', #1341, .T. ) ;
#541 = PLANE ( 'NONE',  #520 ) ;
#542 = VECTOR ( 'NONE', #650, 1000.000000000000000 ) ;
#543 = EDGE_LOOP ( 'NONE', ( #547, #1563, #2015, #1393 ) ) ;
#544 = VECTOR ( 'NONE', #2084, 1000.000000000000000 ) ;
#545 = ADVANCED_FACE ( 'NONE', ( #1200 ), #2560, .T. ) ;
#546 = LINE ( 'NONE', #1274, #2639 ) ;
#547 = ORIENTED_EDGE ( 'NONE', *, *, #1396, .T. ) ;
#548 = FILL_AREA_STYLE_COLOUR ( '', #316 ) ;
#549 = EDGE_CURVE ( 'NONE', #2274, #152, #2131, .T. ) ;
#550 = UNCERTAINTY_MEASURE_WITH_UNIT (LENGTH_MEASURE( 1.000000000000000100E-005 ), #1899, 'distance_accuracy_value', 'NONE');
#551 = ORIENTED_EDGE ( 'NONE', *, *, #1944, .T. ) ;
#552 = DIRECTION ( 'NONE',  ( 0.7348718659067219300, 0.0000000000000000000, -0.6782059721786390900 ) ) ;
#553 = AXIS2_PLACEMENT_3D ( 'NONE', #2355, #1115, #2556 ) ;
#554 = PLANE ( 'NONE',  #1849 ) ;
#555 = LINE ( 'NONE', #2094, #1180 ) ;
#556 =( GEOMETRIC_REPRESENTATION_CONTEXT ( 3 ) GLOBAL_UNCERTAINTY_ASSIGNED_CONTEXT ( ( #1513 ) ) GLOBAL_UNIT_ASSIGNED_CONTEXT ( ( #978, #2441, #1205 ) ) REPRESENTATION_CONTEXT ( 'NONE', 'WORKASPACE' ) );
#557 = FILL_AREA_STYLE_COLOUR ( '', #1854 ) ;
#558 = PRESENTATION_STYLE_ASSIGNMENT (( #2107 ) ) ;
#559 = FACE_OUTER_BOUND ( 'NONE', #516, .T. ) ;
#560 = ORIENTED_EDGE ( 'NONE', *, *, #1311, .T. ) ;
#561 = PRESENTATION_STYLE_ASSIGNMENT (( #1893 ) ) ;
#562 =( NAMED_UNIT ( * ) PLANE_ANGLE_UNIT ( ) SI_UNIT ( $, .RADIAN. ) );
#563 = STYLED_ITEM ( 'NONE', ( #2704 ), #1896 ) ;
#564 = LINE ( 'NONE', #966, #1634 ) ;
#565 =( GEOMETRIC_REPRESENTATION_CONTEXT ( 3 ) GLOBAL_UNCERTAINTY_ASSIGNED_CONTEXT ( ( #550 ) ) GLOBAL_UNIT_ASSIGNED_CONTEXT ( ( #1899, #1890, #1861 ) ) REPRESENTATION_CONTEXT ( 'NONE', 'WORKASPACE' ) );
#566 = ORIENTED_EDGE ( 'NONE', *, *, #1140, .F. ) ;
#567 = VECTOR ( 'NONE', #241, 1000.000000000000000 ) ;
#568 = EDGE_CURVE ( 'NONE', #19, #1611, #2407, .T. ) ;
#569 =( NAMED_UNIT ( * ) SI_UNIT ( $, .STERADIAN. ) SOLID_ANGLE_UNIT ( ) );
#570 = FILL_AREA_STYLE ('',( #2457 ) ) ;
#571 = DIRECTION ( 'NONE',  ( 0.7071067811865470200, 0.0000000000000000000, -0.7071067811865481300 ) ) ;
#572 = VERTEX_POINT ( 'NONE', #2145 ) ;
#573 = CARTESIAN_POINT ( 'NONE',  ( -0.9499999999999999600, -2.799999999999999400, -2.760000000000000200 ) ) ;
#574 =( NAMED_UNIT ( * ) PLANE_ANGLE_UNIT ( ) SI_UNIT ( $, .RADIAN. ) );
#575 = AXIS2_PLACEMENT_3D ( 'NONE', #816, #796, #784 ) ;
#576 = DIRECTION ( 'NONE',  ( -1.000000000000000000, -0.0000000000000000000, -1.232047923278982200E-016 ) ) ;
#577 = FILL_AREA_STYLE_COLOUR ( '', #1551 ) ;
#578 = ORIENTED_EDGE ( 'NONE', *, *, #728, .T. ) ;
#579 = CARTESIAN_POINT ( 'NONE',  ( -0.9499999999999999600, -2.799999999999999400, -0.2199999999999999700 ) ) ;
#580 = CARTESIAN_POINT ( 'NONE',  ( -2.019999999999999600, 0.0000000000000000000, -1.270000000000000000 ) ) ;
#581 =( LENGTH_UNIT ( ) NAMED_UNIT ( * ) SI_UNIT ( .MILLI., .METRE. ) );
#582 = FACE_OUTER_BOUND ( 'NONE', #1686, .T. ) ;
#583 = EDGE_CURVE ( 'NONE', #2386, #737, #2171, .T. ) ;
#584 = FILL_AREA_STYLE ('',( #2268 ) ) ;
#585 = EDGE_LOOP ( 'NONE', ( #773, #121, #18, #2456, #1734, #759, #445, #2570 ) ) ;
#586 = VECTOR ( 'NONE', #1560, 1000.000000000000000 ) ;
#587 = CARTESIAN_POINT ( 'NONE',  ( -2.139999999999999700, 1.700000000000000000, 1.270000000000000000 ) ) ;
#588 = ADVANCED_FACE ( 'NONE', ( #2737 ), #1945, .T. ) ;
#589 = EDGE_CURVE ( 'NONE', #1005, #1493, #1727, .T. ) ;
#590 = SURFACE_STYLE_USAGE ( .BOTH. , #598 ) ;
#591 = PLANE ( 'NONE',  #479 ) ;
#592 =( LENGTH_UNIT ( ) NAMED_UNIT ( * ) SI_UNIT ( .MILLI., .METRE. ) );
#593 = DIRECTION ( 'NONE',  ( -0.0000000000000000000, 1.000000000000000000, 0.0000000000000000000 ) ) ;
#594 = SURFACE_STYLE_FILL_AREA ( #1680 ) ;
#595 = ORIENTED_EDGE ( 'NONE', *, *, #1700, .T. ) ;
#596 = SURFACE_SIDE_STYLE ('',( #2253 ) ) ;
#597 = ORIENTED_EDGE ( 'NONE', *, *, #524, .F. ) ;
#598 = SURFACE_SIDE_STYLE ('',( #860 ) ) ;
#599 = ORIENTED_EDGE ( 'NONE', *, *, #878, .T. ) ;
#600 = STYLED_ITEM ( 'NONE', ( #2350 ), #2288 ) ;
#601 = ADVANCED_FACE ( 'NONE', ( #1731 ), #1724, .T. ) ;
#602 = CLOSED_SHELL ( 'NONE', ( #382, #1455, #545, #735, #2606, #1032, #137, #1187, #1468, #368 ) ) ;
#603 = ORIENTED_EDGE ( 'NONE', *, *, #1311, .F. ) ;
#604 = SURFACE_STYLE_USAGE ( .BOTH. , #1901 ) ;
#605 = MECHANICAL_DESIGN_GEOMETRIC_PRESENTATION_REPRESENTATION (  '', ( #159 ), #750 ) ;
#606 = VECTOR ( 'NONE', #1701, 999.9999999999998900 ) ;
#607 = FILL_AREA_STYLE_COLOUR ( '', #2332 ) ;
#608 = DIRECTION ( 'NONE',  ( 0.7071067811865474600, 0.0000000000000000000, 0.7071067811865474600 ) ) ;
#609 = DIRECTION ( 'NONE',  ( -0.0000000000000000000, -1.000000000000000000, -0.0000000000000000000 ) ) ;
#610 = CARTESIAN_POINT ( 'NONE',  ( 0.9499999999999999600, 11.70000000000000100, 0.2200000000000000600 ) ) ;
#611 =( GEOMETRIC_REPRESENTATION_CONTEXT ( 3 ) GLOBAL_UNCERTAINTY_ASSIGNED_CONTEXT ( ( #1599 ) ) GLOBAL_UNIT_ASSIGNED_CONTEXT ( ( #815, #2296, #1038 ) ) REPRESENTATION_CONTEXT ( 'NONE', 'WORKASPACE' ) );
#612 = STYLED_ITEM ( 'NONE', ( #1819 ), #1032 ) ;
#613 = MECHANICAL_DESIGN_GEOMETRIC_PRESENTATION_REPRESENTATION (  '', ( #170 ), #757 ) ;
#614 = CARTESIAN_POINT ( 'NONE',  ( -2.540000000000000000, 1.700000000000000000, -0.9034210526315790100 ) ) ;
#615 = ORIENTED_EDGE ( 'NONE', *, *, #1439, .T. ) ;
#616 = FACE_OUTER_BOUND ( 'NONE', #369, .T. ) ;
#617 =( LENGTH_UNIT ( ) NAMED_UNIT ( * ) SI_UNIT ( .MILLI., .METRE. ) );
#618 = FILL_AREA_STYLE ('',( #1030 ) ) ;
#619 = LINE ( 'NONE', #1028, #1706 ) ;
#620 = ORIENTED_EDGE ( 'NONE', *, *, #2396, .T. ) ;
#621 = COLOUR_RGB ( '',0.0000000000000000000, 0.003921568627450980300, 0.09019607843137254800 ) ;
#622 = SURFACE_SIDE_STYLE ('',( #663 ) ) ;
#623 = LINE ( 'NONE', #375, #1780 ) ;
#624 = VECTOR ( 'NONE', #2430, 1000.000000000000000 ) ;
#625 = CARTESIAN_POINT ( 'NONE',  ( 0.9499999999999999600, 11.70000000000000100, -2.760000000000000200 ) ) ;
#626 = EDGE_CURVE ( 'NONE', #529, #2645, #2632, .T. ) ;
#627 = CARTESIAN_POINT ( 'NONE',  ( -1.490000000000000200, 11.70000000000000100, -2.220000000000000200 ) ) ;
#628 = FACE_OUTER_BOUND ( 'NONE', #768, .T. ) ;
#629 = LINE ( 'NONE', #202, #226 ) ;
#630 = EDGE_CURVE ( 'NONE', #751, #572, #2636, .T. ) ;
#631 = ORIENTED_EDGE ( 'NONE', *, *, #1506, .F. ) ;
#632 = EDGE_LOOP ( 'NONE', ( #875, #285, #2284, #2246 ) ) ;
#633 = PRESENTATION_STYLE_ASSIGNMENT (( #1054 ) ) ;
#634 = SURFACE_SIDE_STYLE ('',( #2106 ) ) ;
#635 = SURFACE_STYLE_FILL_AREA ( #2116 ) ;
#636 = EDGE_LOOP ( 'NONE', ( #2577, #1477, #2297, #1144, #566, #1227, #1585, #2075, #2523 ) ) ;
#637 = CARTESIAN_POINT ( 'NONE',  ( 1.050000000000000000, 11.70000000000000100, -2.860000000000000300 ) ) ;
#638 = FACE_OUTER_BOUND ( 'NONE', #842, .T. ) ;
#639 =( NAMED_UNIT ( * ) PLANE_ANGLE_UNIT ( ) SI_UNIT ( $, .RADIAN. ) );
#640 = EDGE_CURVE ( 'NONE', #880, #868, #2690, .T. ) ;
#641 = CARTESIAN_POINT ( 'NONE',  ( -1.490000000000000000, 11.70000000000000100, -0.3200000000000001200 ) ) ;
#642 = ORIENTED_EDGE ( 'NONE', *, *, #1803, .T. ) ;
#643 = DIRECTION ( 'NONE',  ( 1.000000000000000000, 0.0000000000000000000, 1.232047923278982200E-016 ) ) ;
#644 = MECHANICAL_DESIGN_GEOMETRIC_PRESENTATION_REPRESENTATION (  '', ( #204 ), #778 ) ;
#645 = CARTESIAN_POINT ( 'NONE',  ( -1.590000000000000300, -2.799999999999999400, -2.760000000000000200 ) ) ;
#646 = ORIENTED_EDGE ( 'NONE', *, *, #2408, .F. ) ;
#647 = LINE ( 'NONE', #1031, #1307 ) ;
#648 = EDGE_CURVE ( 'NONE', #2087, #2386, #2364, .T. ) ;
#649 = CARTESIAN_POINT ( 'NONE',  ( 1.050000000000000000, -2.799999999999999400, -2.220000000000000200 ) ) ;
#650 = DIRECTION ( 'NONE',  ( -0.7071067811865489100, -0.0000000000000000000, 0.7071067811865462400 ) ) ;
#651 = UNCERTAINTY_MEASURE_WITH_UNIT (LENGTH_MEASURE( 1.000000000000000100E-005 ), #1525, 'distance_accuracy_value', 'NONE');
#652 = FILL_AREA_STYLE ('',( #1087 ) ) ;
#653 = SURFACE_STYLE_USAGE ( .BOTH. , #1943 ) ;
#654 = PRESENTATION_LAYER_ASSIGNMENT (  '', '', ( #360 ) ) ;
#655 = COLOUR_RGB ( '',0.02745098039215686200, 0.003921568627450980300, 0.0000000000000000000 ) ;
#656 = CARTESIAN_POINT ( 'NONE',  ( -2.139999999999999700, 0.0000000000000000000, 1.270000000000000000 ) ) ;
#657 = EDGE_CURVE ( 'NONE', #1554, #1954, #1183, .T. ) ;
#658 = DIRECTION ( 'NONE',  ( 2.492418787322998300E-016, 0.0000000000000000000, 1.000000000000000000 ) ) ;
#659 =( NAMED_UNIT ( * ) SI_UNIT ( $, .STERADIAN. ) SOLID_ANGLE_UNIT ( ) );
#660 = PLANE ( 'NONE',  #2024 ) ;
#661 = MECHANICAL_DESIGN_GEOMETRIC_PRESENTATION_REPRESENTATION (  '', ( #224 ), #798 ) ;
#662 = CARTESIAN_POINT ( 'NONE',  ( -2.540000000000000000, 1.700000000000000000, -3.443421052631578900 ) ) ;
#663 = SURFACE_STYLE_FILL_AREA ( #1924 ) ;
#664 = PRESENTATION_LAYER_ASSIGNMENT (  '', '', ( #528 ) ) ;
#665 =( NAMED_UNIT ( * ) PLANE_ANGLE_UNIT ( ) SI_UNIT ( $, .RADIAN. ) );
#666 = UNCERTAINTY_MEASURE_WITH_UNIT (LENGTH_MEASURE( 1.000000000000000100E-005 ), #2593, 'distance_accuracy_value', 'NONE');
#667 = AXIS2_PLACEMENT_3D ( 'NONE', #958, #919, #1425 ) ;
#668 = ORIENTED_EDGE ( 'NONE', *, *, #1532, .F. ) ;
#669 = FACE_OUTER_BOUND ( 'NONE', #769, .T. ) ;
#670 = CARTESIAN_POINT ( 'NONE',  ( 1.590000000000000100, -2.799999999999999400, -2.319999999999999800 ) ) ;
#671 = COLOUR_RGB ( '',0.7960784313725489700, 0.8235294117647058400, 0.9372549019607843100 ) ;
#672 = DIRECTION ( 'NONE',  ( 0.7071067811865486800, 0.0000000000000000000, -0.7071067811865463500 ) ) ;
#673 = VERTEX_POINT ( 'NONE', #847 ) ;
#674 = DIRECTION ( 'NONE',  ( -0.0000000000000000000, -1.000000000000000000, -0.0000000000000000000 ) ) ;
#675 = PRESENTATION_LAYER_ASSIGNMENT (  '', '', ( #383 ) ) ;
#676 = ORIENTED_EDGE ( 'NONE', *, *, #997, .F. ) ;
#677 =( NAMED_UNIT ( * ) PLANE_ANGLE_UNIT ( ) SI_UNIT ( $, .RADIAN. ) );
#678 = ORIENTED_EDGE ( 'NONE', *, *, #2519, .T. ) ;
#679 =( NAMED_UNIT ( * ) SI_UNIT ( $, .STERADIAN. ) SOLID_ANGLE_UNIT ( ) );
#680 = CARTESIAN_POINT ( 'NONE',  ( -2.539999999999999600, 0.0000000000000000000, -1.703421052631578900 ) ) ;
#681 =( NAMED_UNIT ( * ) SI_UNIT ( $, .STERADIAN. ) SOLID_ANGLE_UNIT ( ) );
#682 = DIRECTION ( 'NONE',  ( 0.7071067811865474600, 0.0000000000000000000, 0.7071067811865474600 ) ) ;
#683 = EDGE_LOOP ( 'NONE', ( #1443, #764, #1842, #874 ) ) ;
#684 = UNCERTAINTY_MEASURE_WITH_UNIT (LENGTH_MEASURE( 1.000000000000000100E-005 ), #854, 'distance_accuracy_value', 'NONE');
#685 =( NAMED_UNIT ( * ) PLANE_ANGLE_UNIT ( ) SI_UNIT ( $, .RADIAN. ) );
#686 = DIRECTION ( 'NONE',  ( 1.000000000000000000, 0.0000000000000000000, 0.0000000000000000000 ) ) ;
#687 = ORIENTED_EDGE ( 'NONE', *, *, #142, .T. ) ;
#688 = EDGE_CURVE ( 'NONE', #1889, #2322, #1638, .T. ) ;
#689 = FACE_OUTER_BOUND ( 'NONE', #1234, .T. ) ;
#690 = DIRECTION ( 'NONE',  ( -0.0000000000000000000, -1.000000000000000000, -0.0000000000000000000 ) ) ;
#691 = VERTEX_POINT ( 'NONE', #1067 ) ;
#692 = VECTOR ( 'NONE', #804, 1000.000000000000000 ) ;
#693 = DIRECTION ( 'NONE',  ( 0.0000000000000000000, 1.000000000000000000, 0.0000000000000000000 ) ) ;
#694 = PRESENTATION_STYLE_ASSIGNMENT (( #458 ) ) ;
#695 = DIRECTION ( 'NONE',  ( -0.7071067811865477900, -0.0000000000000000000, -0.7071067811865473500 ) ) ;
#696 = UNCERTAINTY_MEASURE_WITH_UNIT (LENGTH_MEASURE( 1.000000000000000100E-005 ), #2156, 'distance_accuracy_value', 'NONE');
#697 =( LENGTH_UNIT ( ) NAMED_UNIT ( * ) SI_UNIT ( .MILLI., .METRE. ) );
#698 = PRESENTATION_LAYER_ASSIGNMENT (  '', '', ( #411 ) ) ;
#699 = ORIENTED_EDGE ( 'NONE', *, *, #1949, .F. ) ;
#700 = PRESENTATION_STYLE_ASSIGNMENT (( #253 ) ) ;
#701 = FILL_AREA_STYLE ('',( #2198 ) ) ;
#702 = VECTOR ( 'NONE', #690, 1000.000000000000000 ) ;
#703 = VERTEX_POINT ( 'NONE', #610 ) ;
#704 = SURFACE_SIDE_STYLE ('',( #256 ) ) ;
#705 = ORIENTED_EDGE ( 'NONE', *, *, #2517, .F. ) ;
#706 =( LENGTH_UNIT ( ) NAMED_UNIT ( * ) SI_UNIT ( .MILLI., .METRE. ) );
#707 = STYLED_ITEM ( 'NONE', ( #467 ), #2681 ) ;
#708 = ORIENTED_EDGE ( 'NONE', *, *, #1586, .F. ) ;
#709 = DIRECTION ( 'NONE',  ( -0.7071067811865477900, 0.0000000000000000000, -0.7071067811865473500 ) ) ;
#710 = CARTESIAN_POINT ( 'NONE',  ( -0.9499999999999999600, -2.799999999999999400, -2.319999999999999800 ) ) ;
#711 = AXIS2_PLACEMENT_3D ( 'NONE', #1371, #55, #1578 ) ;
#712 = DIRECTION ( 'NONE',  ( 0.0000000000000000000, -0.0000000000000000000, 1.000000000000000000 ) ) ;
#713 = UNCERTAINTY_MEASURE_WITH_UNIT (LENGTH_MEASURE( 1.000000000000000100E-005 ), #453, 'distance_accuracy_value', 'NONE');
#714 = EDGE_CURVE ( 'NONE', #2307, #1188, #1921, .T. ) ;
#715 = PLANE ( 'NONE',  #1582 ) ;
#716 = VECTOR ( 'NONE', #78, 1000.000000000000100 ) ;
#717 = DIRECTION ( 'NONE',  ( 0.7071067811865477900, 0.0000000000000000000, -0.7071067811865473500 ) ) ;
#718 = VERTEX_POINT ( 'NONE', #189 ) ;
#719 = ORIENTED_EDGE ( 'NONE', *, *, #201, .T. ) ;
#720 = CARTESIAN_POINT ( 'NONE',  ( 2.540000000000000900, 0.0000000000000000000, -0.8700000000000006600 ) ) ;
#721 = PRESENTATION_LAYER_ASSIGNMENT (  '', '', ( #442 ) ) ;
#722 = PRESENTATION_STYLE_ASSIGNMENT (( #1947 ) ) ;
#723 =( NAMED_UNIT ( * ) SI_UNIT ( $, .STERADIAN. ) SOLID_ANGLE_UNIT ( ) );
#724 = ADVANCED_FACE ( 'NONE', ( #911 ), #128, .F. ) ;
#725 = PLANE ( 'NONE',  #2368 ) ;
#726 = LINE ( 'NONE', #614, #2412 ) ;
#727 = PRESENTATION_STYLE_ASSIGNMENT (( #336 ) ) ;
#728 = EDGE_CURVE ( 'NONE', #6, #775, #1927, .T. ) ;
#729 = SURFACE_STYLE_USAGE ( .BOTH. , #2026 ) ;
#730 = LINE ( 'NONE', #271, #567 ) ;
#731 = UNCERTAINTY_MEASURE_WITH_UNIT (LENGTH_MEASURE( 1.000000000000000100E-005 ), #879, 'distance_accuracy_value', 'NONE');
#732 = ORIENTED_EDGE ( 'NONE', *, *, #1422, .T. ) ;
#733 = EDGE_CURVE ( 'NONE', #1321, #470, #546, .T. ) ;
#734 = SURFACE_STYLE_FILL_AREA ( #2334 ) ;
#735 = ADVANCED_FACE ( 'NONE', ( #638 ), #1078, .T. ) ;
#736 = ORIENTED_EDGE ( 'NONE', *, *, #2609, .F. ) ;
#737 = VERTEX_POINT ( 'NONE', #1263 ) ;
#738 = COLOUR_RGB ( '',0.0000000000000000000, 0.003921568627450980300, 0.09019607843137254800 ) ;
#739 = SURFACE_SIDE_STYLE ('',( #214 ) ) ;
#740 = DIRECTION ( 'NONE',  ( 0.0000000000000000000, 1.000000000000000000, 0.0000000000000000000 ) ) ;
#741 = ORIENTED_EDGE ( 'NONE', *, *, #1703, .F. ) ;
#742 = UNCERTAINTY_MEASURE_WITH_UNIT (LENGTH_MEASURE( 1.000000000000000100E-005 ), #1766, 'distance_accuracy_value', 'NONE');
#743 = VERTEX_POINT ( 'NONE', #641 ) ;
#744 = LINE ( 'NONE', #5, #1348 ) ;
#745 = SURFACE_SIDE_STYLE ('',( #1666 ) ) ;
#746 = MANIFOLD_SOLID_BREP ( 'LPattern3[1]', #1569 ) ;
#747 = AXIS2_PLACEMENT_3D ( 'NONE', #2501, #1276, #2693 ) ;
#748 = DIRECTION ( 'NONE',  ( -0.0000000000000000000, -0.0000000000000000000, -1.000000000000000000 ) ) ;
#749 = ADVANCED_FACE ( 'NONE', ( #2397 ), #660, .F. ) ;
#750 =( GEOMETRIC_REPRESENTATION_CONTEXT ( 3 ) GLOBAL_UNCERTAINTY_ASSIGNED_CONTEXT ( ( #1044 ) ) GLOBAL_UNIT_ASSIGNED_CONTEXT ( ( #706, #2200, #923 ) ) REPRESENTATION_CONTEXT ( 'NONE', 'WORKASPACE' ) );
#751 = VERTEX_POINT ( 'NONE', #474 ) ;
#752 = CARTESIAN_POINT ( 'NONE',  ( 2.140000000000000100, 1.700000000000000000, -1.270000000000000000 ) ) ;
#753 = AXIS2_PLACEMENT_3D ( 'NONE', #185, #2522, #1298 ) ;
#754 = LINE ( 'NONE', #196, #2436 ) ;
#755 = STYLED_ITEM ( 'NONE', ( #1323 ), #1810 ) ;
#756 = SURFACE_SIDE_STYLE ('',( #433 ) ) ;
#757 =( GEOMETRIC_REPRESENTATION_CONTEXT ( 3 ) GLOBAL_UNCERTAINTY_ASSIGNED_CONTEXT ( ( #1498 ) ) GLOBAL_UNIT_ASSIGNED_CONTEXT ( ( #2679, #2696, #681 ) ) REPRESENTATION_CONTEXT ( 'NONE', 'WORKASPACE' ) );
#758 = COLOUR_RGB ( '',0.7960784313725489700, 0.8235294117647058400, 0.9372549019607843100 ) ;
#759 = ORIENTED_EDGE ( 'NONE', *, *, #2655, .T. ) ;
#760 = VERTEX_POINT ( 'NONE', #211 ) ;
#761 = VECTOR ( 'NONE', #1761, 1000.000000000000000 ) ;
#762 = VECTOR ( 'NONE', #1170, 1000.000000000000000 ) ;
#763 = FILL_AREA_STYLE ('',( #2646 ) ) ;
#764 = ORIENTED_EDGE ( 'NONE', *, *, #295, .F. ) ;
#765 = ORIENTED_EDGE ( 'NONE', *, *, #925, .T. ) ;
#766 = SURFACE_SIDE_STYLE ('',( #1875 ) ) ;
#767 = DIRECTION ( 'NONE',  ( -0.7372346670543746800, -0.0000000000000000000, 0.6756367705307528800 ) ) ;
#768 = EDGE_LOOP ( 'NONE', ( #2341, #1220, #1814, #620 ) ) ;
#769 = EDGE_LOOP ( 'NONE', ( #1562, #2483, #454, #313 ) ) ;
#770 = EDGE_CURVE ( 'NONE', #2165, #414, #1094, .T. ) ;
#771 = EDGE_CURVE ( 'NONE', #673, #1363, #2211, .T. ) ;
#772 = SURFACE_SIDE_STYLE ('',( #1673 ) ) ;
#773 = ORIENTED_EDGE ( 'NONE', *, *, #1991, .T. ) ;
#774 = DIRECTION ( 'NONE',  ( 0.0000000000000000000, 0.0000000000000000000, -1.000000000000000000 ) ) ;
#775 = VERTEX_POINT ( 'NONE', #7 ) ;
#776 = EDGE_CURVE ( 'NONE', #6, #703, #1593, .T. ) ;
#777 = CARTESIAN_POINT ( 'NONE',  ( -1.590000000000000300, 11.70000000000000100, -0.2200000000000002500 ) ) ;
#778 =( GEOMETRIC_REPRESENTATION_CONTEXT ( 3 ) GLOBAL_UNCERTAINTY_ASSIGNED_CONTEXT ( ( #1405 ) ) GLOBAL_UNIT_ASSIGNED_CONTEXT ( ( #1370, #52, #1576 ) ) REPRESENTATION_CONTEXT ( 'NONE', 'WORKASPACE' ) );
#779 = CARTESIAN_POINT ( 'NONE',  ( 2.140000000000001500, 0.0000000000000000000, 1.270000000000000000 ) ) ;
#780 = CARTESIAN_POINT ( 'NONE',  ( 1.590000000000000100, 11.70000000000000100, -2.760000000000000200 ) ) ;
#781 = DIRECTION ( 'NONE',  ( -1.000000000000000000, 0.0000000000000000000, 0.0000000000000000000 ) ) ;
#782 = EDGE_CURVE ( 'NONE', #2248, #25, #517, .T. ) ;
#783 = VECTOR ( 'NONE', #1179, 999.9999999999998900 ) ;
#784 = DIRECTION ( 'NONE',  ( 0.0000000000000000000, 0.0000000000000000000, -1.000000000000000000 ) ) ;
#785 = PRESENTATION_STYLE_ASSIGNMENT (( #478 ) ) ;
#786 = SURFACE_STYLE_FILL_AREA ( #1909 ) ;
#787 = FACE_OUTER_BOUND ( 'NONE', #2144, .T. ) ;
#788 = FILL_AREA_STYLE ('',( #577 ) ) ;
#789 = MECHANICAL_DESIGN_GEOMETRIC_PRESENTATION_REPRESENTATION (  '', ( #360 ), #948 ) ;
#790 = SURFACE_SIDE_STYLE ('',( #1473 ) ) ;
#791 = FACE_OUTER_BOUND ( 'NONE', #507, .T. ) ;
#792 = CARTESIAN_POINT ( 'NONE',  ( 1.590000000000000100, -2.799999999999999400, -0.2200000000000001400 ) ) ;
#793 = LINE ( 'NONE', #1579, #1125 ) ;
#794 = LINE ( 'NONE', #662, #702 ) ;
#795 = EDGE_CURVE ( 'NONE', #2442, #957, #2157, .T. ) ;
#796 = DIRECTION ( 'NONE',  ( 1.000000000000000000, 0.0000000000000000000, 0.0000000000000000000 ) ) ;
#797 = ORIENTED_EDGE ( 'NONE', *, *, #2615, .F. ) ;
#798 =( GEOMETRIC_REPRESENTATION_CONTEXT ( 3 ) GLOBAL_UNCERTAINTY_ASSIGNED_CONTEXT ( ( #301 ) ) GLOBAL_UNIT_ASSIGNED_CONTEXT ( ( #2471, #1244, #2666 ) ) REPRESENTATION_CONTEXT ( 'NONE', 'WORKASPACE' ) );
#799 = ADVANCED_FACE ( 'NONE', ( #447 ), #1217, .T. ) ;
#800 = LINE ( 'NONE', #1499, #147 ) ;
#801 = SURFACE_STYLE_USAGE ( .BOTH. , #2092 ) ;
#802 = MECHANICAL_DESIGN_GEOMETRIC_PRESENTATION_REPRESENTATION (  '', ( #528 ), #956 ) ;
#803 = CARTESIAN_POINT ( 'NONE',  ( -1.590000000000000300, 11.70000000000000100, -2.760000000000000200 ) ) ;
#804 = DIRECTION ( 'NONE',  ( -0.0000000000000000000, -1.000000000000000000, -0.0000000000000000000 ) ) ;
#805 = PRESENTATION_LAYER_ASSIGNMENT (  '', '', ( #530 ) ) ;
#806 = CARTESIAN_POINT ( 'NONE',  ( 0.0000000000000000000, -2.799999999999999400, 0.0000000000000000000 ) ) ;
#807 = STYLED_ITEM ( 'NONE', ( #1426 ), #955 ) ;
#808 = LINE ( 'NONE', #780, #94 ) ;
#809 = MECHANICAL_DESIGN_GEOMETRIC_PRESENTATION_REPRESENTATION (  '', ( #383 ), #967 ) ;
#810 =( NAMED_UNIT ( * ) SI_UNIT ( $, .STERADIAN. ) SOLID_ANGLE_UNIT ( ) );
#811 = ORIENTED_EDGE ( 'NONE', *, *, #878, .F. ) ;
#812 = DIRECTION ( 'NONE',  ( 0.0000000000000000000, 1.000000000000000000, 0.0000000000000000000 ) ) ;
#813 = SURFACE_SIDE_STYLE ('',( #330 ) ) ;
#814 = ADVANCED_FACE ( 'NONE', ( #2426 ), #1231, .F. ) ;
#815 =( LENGTH_UNIT ( ) NAMED_UNIT ( * ) SI_UNIT ( .MILLI., .METRE. ) );
#816 = CARTESIAN_POINT ( 'NONE',  ( -0.9499999999999999600, -2.799999999999999400, -2.760000000000000200 ) ) ;
#817 =( NAMED_UNIT ( * ) PLANE_ANGLE_UNIT ( ) SI_UNIT ( $, .RADIAN. ) );
#818 = ORIENTED_EDGE ( 'NONE', *, *, #459, .T. ) ;
#819 = CARTESIAN_POINT ( 'NONE',  ( -2.019999999999999600, 0.2999999999999999900, -3.810000000000000100 ) ) ;
#820 = SURFACE_SIDE_STYLE ('',( #635 ) ) ;
#821 = VECTOR ( 'NONE', #1987, 1000.000000000000000 ) ;
#822 = FILL_AREA_STYLE ('',( #1692 ) ) ;
#823 = DIRECTION ( 'NONE',  ( -0.0000000000000000000, -1.000000000000000000, -0.0000000000000000000 ) ) ;
#824 = FACE_OUTER_BOUND ( 'NONE', #632, .T. ) ;
#825 = EDGE_CURVE ( 'NONE', #327, #258, #1133, .T. ) ;
#826 = SURFACE_STYLE_FILL_AREA ( #527 ) ;
#827 = DIRECTION ( 'NONE',  ( -0.0000000000000000000, -1.000000000000000000, -0.0000000000000000000 ) ) ;
#828 = ORIENTED_EDGE ( 'NONE', *, *, #583, .F. ) ;
#829 = VERTEX_POINT ( 'NONE', #2661 ) ;
#830 = SURFACE_SIDE_STYLE ('',( #786 ) ) ;
#831 = LINE ( 'NONE', #2175, #1916 ) ;
#832 = VECTOR ( 'NONE', #674, 1000.000000000000000 ) ;
#833 =( NAMED_UNIT ( * ) SI_UNIT ( $, .STERADIAN. ) SOLID_ANGLE_UNIT ( ) );
#834 = DIRECTION ( 'NONE',  ( -0.7071067811865461300, 0.0000000000000000000, 0.7071067811865489100 ) ) ;
#835 = CARTESIAN_POINT ( 'NONE',  ( -1.490000000000000200, -2.799999999999999400, 0.3199999999999998400 ) ) ;
#836 =( NAMED_UNIT ( * ) SI_UNIT ( $, .STERADIAN. ) SOLID_ANGLE_UNIT ( ) );
#837 = ORIENTED_EDGE ( 'NONE', *, *, #2078, .T. ) ;
#838 = MECHANICAL_DESIGN_GEOMETRIC_PRESENTATION_REPRESENTATION (  '', ( #411 ), #981 ) ;
#839 = ORIENTED_EDGE ( 'NONE', *, *, #648, .T. ) ;
#840 =( LENGTH_UNIT ( ) NAMED_UNIT ( * ) SI_UNIT ( .MILLI., .METRE. ) );
#841 = STYLED_ITEM ( 'NONE', ( #2416 ), #1603 ) ;
#842 = EDGE_LOOP ( 'NONE', ( #1830, #741, #1185, #533 ) ) ;
#843 = FILL_AREA_STYLE_COLOUR ( '', #2358 ) ;
#844 = CARTESIAN_POINT ( 'NONE',  ( 2.020000000000001400, 0.2999999999999999900, -1.270000000000000000 ) ) ;
#845 = DIRECTION ( 'NONE',  ( 0.0000000000000000000, 1.000000000000000000, 0.0000000000000000000 ) ) ;
#846 = VERTEX_POINT ( 'NONE', #2466 ) ;
#847 = CARTESIAN_POINT ( 'NONE',  ( -2.540000000000000000, 1.700000000000000000, -3.443421052631578900 ) ) ;
#848 = CARTESIAN_POINT ( 'NONE',  ( 0.9499999999999999600, -2.799999999999999400, -0.2200000000000000000 ) ) ;
#849 = AXIS2_PLACEMENT_3D ( 'NONE', #1522, #221, #1742 ) ;
#850 = ORIENTED_EDGE ( 'NONE', *, *, #640, .F. ) ;
#851 = PRESENTATION_LAYER_ASSIGNMENT (  '', '', ( #563 ) ) ;
#852 = SURFACE_STYLE_FILL_AREA ( #1651 ) ;
#853 = STYLED_ITEM ( 'NONE', ( #2159 ), #601 ) ;
#854 =( LENGTH_UNIT ( ) NAMED_UNIT ( * ) SI_UNIT ( .MILLI., .METRE. ) );
#855 = PLANE ( 'NONE',  #1622 ) ;
#856 = EDGE_CURVE ( 'NONE', #258, #2301, #2185, .T. ) ;
#857 = CARTESIAN_POINT ( 'NONE',  ( -1.050000000000000000, 11.70000000000000100, 0.3199999999999999000 ) ) ;
#858 = COLOUR_RGB ( '',0.0000000000000000000, 0.003921568627450980300, 0.09019607843137254800 ) ;
#859 = CARTESIAN_POINT ( 'NONE',  ( -1.490000000000000000, -2.799999999999999400, -2.860000000000000300 ) ) ;
#860 = SURFACE_STYLE_FILL_AREA ( #618 ) ;
#861 = LINE ( 'NONE', #1805, #287 ) ;
#862 = VECTOR ( 'NONE', #2169, 1000.000000000000000 ) ;
#863 = VERTEX_POINT ( 'NONE', #2460 ) ;
#864 = VECTOR ( 'NONE', #1902, 1000.000000000000100 ) ;
#865 = CARTESIAN_POINT ( 'NONE',  ( -1.490000000000000200, -2.799999999999999400, -2.220000000000000200 ) ) ;
#866 = SURFACE_STYLE_USAGE ( .BOTH. , #2155 ) ;
#867 =( NAMED_UNIT ( * ) PLANE_ANGLE_UNIT ( ) SI_UNIT ( $, .RADIAN. ) );
#868 = VERTEX_POINT ( 'NONE', #365 ) ;
#869 = MECHANICAL_DESIGN_GEOMETRIC_PRESENTATION_REPRESENTATION (  '', ( #442 ), #1013 ) ;
#870 = DIRECTION ( 'NONE',  ( -0.0000000000000000000, -1.000000000000000000, -0.0000000000000000000 ) ) ;
#871 = LINE ( 'NONE', #627, #53 ) ;
#872 = ORIENTED_EDGE ( 'NONE', *, *, #1565, .T. ) ;
#873 = EDGE_LOOP ( 'NONE', ( #1010, #2393, #2515, #1964 ) ) ;
#874 = ORIENTED_EDGE ( 'NONE', *, *, #2517, .T. ) ;
#875 = ORIENTED_EDGE ( 'NONE', *, *, #1107, .T. ) ;
#876 = SURFACE_SIDE_STYLE ('',( #310 ) ) ;
#877 = CARTESIAN_POINT ( 'NONE',  ( -2.539999999999999600, 1.700000000000000000, 0.8365789473684214200 ) ) ;
#878 = EDGE_CURVE ( 'NONE', #2621, #1005, #1049, .T. ) ;
#879 =( LENGTH_UNIT ( ) NAMED_UNIT ( * ) SI_UNIT ( .MILLI., .METRE. ) );
#880 = VERTEX_POINT ( 'NONE', #1017 ) ;
#881 = CARTESIAN_POINT ( 'NONE',  ( -2.140000000000000600, 1.700000000000000000, -3.810000000000000100 ) ) ;
#882 = EDGE_LOOP ( 'NONE', ( #268, #99, #668, #397 ) ) ;
#883 = EDGE_CURVE ( 'NONE', #1229, #2509, #2637, .T. ) ;
#884 = SURFACE_SIDE_STYLE ('',( #2510 ) ) ;
#885 = DIRECTION ( 'NONE',  ( 1.000000000000000000, 0.0000000000000000000, 0.0000000000000000000 ) ) ;
#886 = SURFACE_STYLE_USAGE ( .BOTH. , #998 ) ;
#887 = CARTESIAN_POINT ( 'NONE',  ( -2.540000000000000000, 0.0000000000000000000, -0.9034210526315790100 ) ) ;
#888 = EDGE_LOOP ( 'NONE', ( #2638, #1886, #979, #1042, #1339, #1650, #2154, #282 ) ) ;
#889 = SURFACE_STYLE_FILL_AREA ( #1963 ) ;
#890 = COLOUR_RGB ( '',0.7960784313725489700, 0.8235294117647058400, 0.9372549019607843100 ) ;
#891 = FACE_OUTER_BOUND ( 'NONE', #2402, .T. ) ;
#892 = FACE_OUTER_BOUND ( 'NONE', #585, .T. ) ;
#893 = APPLICATION_PROTOCOL_DEFINITION ( 'draft international standard', 'automotive_design', 1998, #1131 ) ;
#894 = CARTESIAN_POINT ( 'NONE',  ( 0.9499999999999999600, -2.799999999999999400, -2.760000000000000200 ) ) ;
#895 = PRESENTATION_LAYER_ASSIGNMENT (  '', '', ( #600 ) ) ;
#896 = LINE ( 'NONE', #264, #2036 ) ;
#897 = DIRECTION ( 'NONE',  ( 0.0000000000000000000, 0.0000000000000000000, 1.000000000000000000 ) ) ;
#898 = VECTOR ( 'NONE', #2071, 1000.000000000000000 ) ;
#899 = ORIENTED_EDGE ( 'NONE', *, *, #1021, .F. ) ;
#900 = UNCERTAINTY_MEASURE_WITH_UNIT (LENGTH_MEASURE( 1.000000000000000100E-005 ), #697, 'distance_accuracy_value', 'NONE');
#901 = APPLICATION_CONTEXT ( 'automotive_design' ) ;
#902 = DIRECTION ( 'NONE',  ( 1.000000000000000000, 0.0000000000000000000, 0.0000000000000000000 ) ) ;
#903 = STYLED_ITEM ( 'NONE', ( #1504 ), #2618 ) ;
#904 = PRESENTATION_LAYER_ASSIGNMENT (  '', '', ( #612 ) ) ;
#905 = ORIENTED_EDGE ( 'NONE', *, *, #2388, .F. ) ;
#906 = ORIENTED_EDGE ( 'NONE', *, *, #568, .F. ) ;
#907 =( NAMED_UNIT ( * ) PLANE_ANGLE_UNIT ( ) SI_UNIT ( $, .RADIAN. ) );
#908 = AXIS2_PLACEMENT_3D ( 'NONE', #1894, #593, #2104 ) ;
#909 = VECTOR ( 'NONE', #609, 1000.000000000000000 ) ;
#910 = UNCERTAINTY_MEASURE_WITH_UNIT (LENGTH_MEASURE( 1.000000000000000100E-005 ), #2715, 'distance_accuracy_value', 'NONE');
#911 = FACE_OUTER_BOUND ( 'NONE', #2020, .T. ) ;
#912 = PLANE ( 'NONE',  #348 ) ;
#913 = VECTOR ( 'NONE', #1259, 1000.000000000000000 ) ;
#914 = EDGE_LOOP ( 'NONE', ( #113, #1291, #426, #905, #1192, #2204, #2241, #765 ) ) ;
#915 = ORIENTED_EDGE ( 'NONE', *, *, #1740, .T. ) ;
#916 = PRESENTATION_STYLE_ASSIGNMENT (( #590 ) ) ;
#917 = VERTEX_POINT ( 'NONE', #1248 ) ;
#918 =( NAMED_UNIT ( * ) SI_UNIT ( $, .STERADIAN. ) SOLID_ANGLE_UNIT ( ) );
#919 = DIRECTION ( 'NONE',  ( 0.0000000000000000000, -1.000000000000000000, 0.0000000000000000000 ) ) ;
#920 = EDGE_LOOP ( 'NONE', ( #2381, #705, #367, #2176, #308, #1334, #736, #1137 ) ) ;
#921 =( LENGTH_UNIT ( ) NAMED_UNIT ( * ) SI_UNIT ( .MILLI., .METRE. ) );
#922 = EDGE_CURVE ( 'NONE', #1266, #2509, #2691, .T. ) ;
#923 =( NAMED_UNIT ( * ) SI_UNIT ( $, .STERADIAN. ) SOLID_ANGLE_UNIT ( ) );
#924 = VECTOR ( 'NONE', #2363, 1000.000000000000000 ) ;
#925 = EDGE_CURVE ( 'NONE', #1253, #1098, #1689, .T. ) ;
#926 = DIRECTION ( 'NONE',  ( -1.000000000000000000, 0.0000000000000000000, 0.0000000000000000000 ) ) ;
#927 = UNCERTAINTY_MEASURE_WITH_UNIT (LENGTH_MEASURE( 1.000000000000000100E-005 ), #1956, 'distance_accuracy_value', 'NONE');
#928 = LINE ( 'NONE', #154, #2529 ) ;
#929 = CARTESIAN_POINT ( 'NONE',  ( -1.490000000000000000, -2.799999999999999400, -0.3200000000000001200 ) ) ;
#930 = ORIENTED_EDGE ( 'NONE', *, *, #776, .F. ) ;
#931 = LINE ( 'NONE', #720, #2464 ) ;
#932 = EDGE_CURVE ( 'NONE', #1654, #160, #483, .T. ) ;
#933 = SURFACE_STYLE_USAGE ( .BOTH. , #2207 ) ;
#934 = ORIENTED_EDGE ( 'NONE', *, *, #1793, .F. ) ;
#935 = LINE ( 'NONE', #1034, #864 ) ;
#936 = FACE_OUTER_BOUND ( 'NONE', #1399, .T. ) ;
#937 = DIRECTION ( 'NONE',  ( -0.0000000000000000000, -0.0000000000000000000, 1.000000000000000000 ) ) ;
#938 = CARTESIAN_POINT ( 'NONE',  ( -1.590000000000000300, -2.799999999999999400, -0.2200000000000002500 ) ) ;
#939 = EDGE_CURVE ( 'NONE', #2488, #24, #2573, .T. ) ;
#940 = LINE ( 'NONE', #859, #762 ) ;
#941 = ORIENTED_EDGE ( 'NONE', *, *, #2525, .T. ) ;
#942 = EDGE_LOOP ( 'NONE', ( #2049, #839, #950, #1223, #352, #915, #148, #431, #2732, #240, #1391, #1660, #448, #421 ) ) ;
#943 = LINE ( 'NONE', #1713, #362 ) ;
#944 = CARTESIAN_POINT ( 'NONE',  ( -1.590000000000000300, -2.799999999999999400, -0.2200000000000002500 ) ) ;
#945 = ORIENTED_EDGE ( 'NONE', *, *, #1096, .F. ) ;
#946 = CARTESIAN_POINT ( 'NONE',  ( -1.490000000000000000, -2.799999999999999400, -2.860000000000000300 ) ) ;
#947 = EDGE_LOOP ( 'NONE', ( #1920, #906, #1092, #2349 ) ) ;
#948 =( GEOMETRIC_REPRESENTATION_CONTEXT ( 3 ) GLOBAL_UNCERTAINTY_ASSIGNED_CONTEXT ( ( #131 ) ) GLOBAL_UNIT_ASSIGNED_CONTEXT ( ( #1421, #101, #1621 ) ) REPRESENTATION_CONTEXT ( 'NONE', 'WORKASPACE' ) );
#949 = PRESENTATION_STYLE_ASSIGNMENT (( #119 ) ) ;
#950 = ORIENTED_EDGE ( 'NONE', *, *, #583, .T. ) ;
#951 = EDGE_CURVE ( 'NONE', #1892, #2090, #404, .T. ) ;
#952 = ORIENTED_EDGE ( 'NONE', *, *, #939, .T. ) ;
#953 = CARTESIAN_POINT ( 'NONE',  ( 0.9499999999999999600, 11.70000000000000100, -2.319999999999999800 ) ) ;
#954 =( NAMED_UNIT ( * ) PLANE_ANGLE_UNIT ( ) SI_UNIT ( $, .RADIAN. ) );
#955 = ADVANCED_FACE ( 'NONE', ( #1483 ), #1895, .F. ) ;
#956 =( GEOMETRIC_REPRESENTATION_CONTEXT ( 3 ) GLOBAL_UNCERTAINTY_ASSIGNED_CONTEXT ( ( #713 ) ) GLOBAL_UNIT_ASSIGNED_CONTEXT ( ( #453, #1951, #659 ) ) REPRESENTATION_CONTEXT ( 'NONE', 'WORKASPACE' ) );
#957 = VERTEX_POINT ( 'NONE', #386 ) ;
#958 = CARTESIAN_POINT ( 'NONE',  ( 0.0000000000000000000, 0.0000000000000000000, 0.0000000000000000000 ) ) ;
#959 = FILL_AREA_STYLE ('',( #38 ) ) ;
#960 = MECHANICAL_DESIGN_GEOMETRIC_PRESENTATION_REPRESENTATION (  '', ( #530 ), #1117 ) ;
#961 = ORIENTED_EDGE ( 'NONE', *, *, #1860, .T. ) ;
#962 =( LENGTH_UNIT ( ) NAMED_UNIT ( * ) SI_UNIT ( .MILLI., .METRE. ) );
#963 = AXIS2_PLACEMENT_3D ( 'NONE', #2073, #781, #2273 ) ;
#964 = LINE ( 'NONE', #637, #2099 ) ;
#965 = MANIFOLD_SOLID_BREP ( 'LPattern3[3]', #1615 ) ;
#966 = CARTESIAN_POINT ( 'NONE',  ( 1.050000000000000000, 11.70000000000000100, -0.3200000000000001200 ) ) ;
#967 =( GEOMETRIC_REPRESENTATION_CONTEXT ( 3 ) GLOBAL_UNCERTAINTY_ASSIGNED_CONTEXT ( ( #538 ) ) GLOBAL_UNIT_ASSIGNED_CONTEXT ( ( #1936, #907, #1796 ) ) REPRESENTATION_CONTEXT ( 'NONE', 'WORKASPACE' ) );
#968 = ADVANCED_FACE ( 'NONE', ( #1224 ), #394, .T. ) ;
#969 = FACE_OUTER_BOUND ( 'NONE', #2579, .T. ) ;
#970 =( LENGTH_UNIT ( ) NAMED_UNIT ( * ) SI_UNIT ( .MILLI., .METRE. ) );
#971 = CARTESIAN_POINT ( 'NONE',  ( -2.539999999999999600, 0.0000000000000000000, 0.8365789473684214200 ) ) ;
#972 =( NAMED_UNIT ( * ) SI_UNIT ( $, .STERADIAN. ) SOLID_ANGLE_UNIT ( ) );
#973 = VECTOR ( 'NONE', #1330, 1000.000000000000000 ) ;
#974 = VECTOR ( 'NONE', #1885, 1000.000000000000000 ) ;
#975 = PLANE ( 'NONE',  #1392 ) ;
#976 = EDGE_CURVE ( 'NONE', #179, #149, #1395, .T. ) ;
#977 = EDGE_LOOP ( 'NONE', ( #1289, #603, #302, #732 ) ) ;
#978 =( LENGTH_UNIT ( ) NAMED_UNIT ( * ) SI_UNIT ( .MILLI., .METRE. ) );
#979 = ORIENTED_EDGE ( 'NONE', *, *, #1250, .T. ) ;
#980 = LINE ( 'NONE', #88, #716 ) ;
#981 =( GEOMETRIC_REPRESENTATION_CONTEXT ( 3 ) GLOBAL_UNCERTAINTY_ASSIGNED_CONTEXT ( ( #1168 ) ) GLOBAL_UNIT_ASSIGNED_CONTEXT ( ( #1965, #677, #2179 ) ) REPRESENTATION_CONTEXT ( 'NONE', 'WORKASPACE' ) );
#982 =( LENGTH_UNIT ( ) NAMED_UNIT ( * ) SI_UNIT ( .MILLI., .METRE. ) );
#983 = AXIS2_PLACEMENT_3D ( 'NONE', #1423, #104, #1624 ) ;
#984 = VERTEX_POINT ( 'NONE', #1925 ) ;
#985 = FACE_OUTER_BOUND ( 'NONE', #942, .T. ) ;
#986 = VECTOR ( 'NONE', #14, 1000.000000000000000 ) ;
#987 = LINE ( 'NONE', #2160, #862 ) ;
#988 = UNCERTAINTY_MEASURE_WITH_UNIT (LENGTH_MEASURE( 1.000000000000000100E-005 ), #1102, 'distance_accuracy_value', 'NONE');
#989 = PRESENTATION_LAYER_ASSIGNMENT (  '', '', ( #707 ) ) ;
#990 = CARTESIAN_POINT ( 'NONE',  ( 0.0000000000000000000, 11.70000000000000100, 0.0000000000000000000 ) ) ;
#991 = FACE_OUTER_BOUND ( 'NONE', #1100, .T. ) ;
#992 = MECHANICAL_DESIGN_GEOMETRIC_PRESENTATION_REPRESENTATION (  '', ( #563 ), #1162 ) ;
#993 =( LENGTH_UNIT ( ) NAMED_UNIT ( * ) SI_UNIT ( .MILLI., .METRE. ) );
#994 = AXIS2_PLACEMENT_3D ( 'NONE', #1714, #1745, #1767 ) ;
#995 = FILL_AREA_STYLE_COLOUR ( '', #738 ) ;
#996 = VECTOR ( 'NONE', #2195, 1000.000000000000000 ) ;
#997 = EDGE_CURVE ( 'NONE', #1954, #2212, #233, .T. ) ;
#998 = SURFACE_SIDE_STYLE ('',( #63 ) ) ;
#999 = VECTOR ( 'NONE', #1196, 999.9999999999998900 ) ;
#1000 = ORIENTED_EDGE ( 'NONE', *, *, #64, .T. ) ;
#1001 = SURFACE_STYLE_FILL_AREA ( #1773 ) ;
#1002 = LINE ( 'NONE', #887, #1159 ) ;
#1003 = DIRECTION ( 'NONE',  ( -0.0000000000000000000, -0.0000000000000000000, -1.000000000000000000 ) ) ;
#1004 = ORIENTED_EDGE ( 'NONE', *, *, #657, .T. ) ;
#1005 = VERTEX_POINT ( 'NONE', #2325 ) ;
#1006 = CARTESIAN_POINT ( 'NONE',  ( 1.050000000000000000, -2.799999999999999400, 0.3199999999999999000 ) ) ;
#1007 = LINE ( 'NONE', #1066, #440 ) ;
#1008 = CARTESIAN_POINT ( 'NONE',  ( -2.140000000000000600, 0.0000000000000000000, -3.810000000000000100 ) ) ;
#1009 = ORIENTED_EDGE ( 'NONE', *, *, #1374, .F. ) ;
#1010 = ORIENTED_EDGE ( 'NONE', *, *, #72, .T. ) ;
#1011 = FILL_AREA_STYLE ('',( #1055 ) ) ;
#1012 = VECTOR ( 'NONE', #334, 1000.000000000000000 ) ;
#1013 =( GEOMETRIC_REPRESENTATION_CONTEXT ( 3 ) GLOBAL_UNCERTAINTY_ASSIGNED_CONTEXT ( ( #97 ) ) GLOBAL_UNIT_ASSIGNED_CONTEXT ( ( #581, #574, #569 ) ) REPRESENTATION_CONTEXT ( 'NONE', 'WORKASPACE' ) );
#1014 = SURFACE_STYLE_USAGE ( .BOTH. , #2277 ) ;
#1015 =( LENGTH_UNIT ( ) NAMED_UNIT ( * ) SI_UNIT ( .MILLI., .METRE. ) );
#1016 = ORIENTED_EDGE ( 'NONE', *, *, #1635, .T. ) ;
#1017 = CARTESIAN_POINT ( 'NONE',  ( 0.9499999999999999600, -2.799999999999999400, -2.760000000000000200 ) ) ;
#1018 = ADVANCED_FACE ( 'NONE', ( #1888 ), #1675, .F. ) ;
#1019 = ORIENTED_EDGE ( 'NONE', *, *, #303, .T. ) ;
#1020 = CARTESIAN_POINT ( 'NONE',  ( 2.540000000000000900, 1.700000000000000000, -0.8700000000000006600 ) ) ;
#1021 = EDGE_CURVE ( 'NONE', #880, #1679, #1953, .T. ) ;
#1022 =( NAMED_UNIT ( * ) PLANE_ANGLE_UNIT ( ) SI_UNIT ( $, .RADIAN. ) );
#1023 = COLOUR_RGB ( '',0.7960784313725489700, 0.8235294117647058400, 0.9372549019607843100 ) ;
#1024 = PLANE ( 'NONE',  #908 ) ;
#1025 = LINE ( 'NONE', #2331, #924 ) ;
#1026 = LINE ( 'NONE', #198, #1539 ) ;
#1027 = EDGE_CURVE ( 'NONE', #244, #1404, #800, .T. ) ;
#1028 = CARTESIAN_POINT ( 'NONE',  ( -2.019999999999999600, 0.2999999999999999900, -1.270000000000000000 ) ) ;
#1029 = LINE ( 'NONE', #502, #996 ) ;
#1030 = FILL_AREA_STYLE_COLOUR ( '', #1620 ) ;
#1031 = CARTESIAN_POINT ( 'NONE',  ( -2.539999999999999600, 1.700000000000000000, -1.703421052631578900 ) ) ;
#1032 = ADVANCED_FACE ( 'NONE', ( #1336 ), #855, .T. ) ;
#1033 = DIRECTION ( 'NONE',  ( 1.000000000000000000, 0.0000000000000000000, 0.0000000000000000000 ) ) ;
#1034 = CARTESIAN_POINT ( 'NONE',  ( -2.540000000000000000, 1.700000000000000000, -3.443421052631578900 ) ) ;
#1035 = VECTOR ( 'NONE', #1003, 1000.000000000000000 ) ;
#1036 =( LENGTH_UNIT ( ) NAMED_UNIT ( * ) SI_UNIT ( .MILLI., .METRE. ) );
#1037 = PRESENTATION_STYLE_ASSIGNMENT (( #1801 ) ) ;
#1038 =( NAMED_UNIT ( * ) SI_UNIT ( $, .STERADIAN. ) SOLID_ANGLE_UNIT ( ) );
#1039 = EDGE_LOOP ( 'NONE', ( #2602, #2450, #200, #560 ) ) ;
#1040 = SURFACE_STYLE_FILL_AREA ( #2108 ) ;
#1041 = SURFACE_STYLE_FILL_AREA ( #1523 ) ;
#1042 = ORIENTED_EDGE ( 'NONE', *, *, #427, .F. ) ;
#1043 = MECHANICAL_DESIGN_GEOMETRIC_PRESENTATION_REPRESENTATION (  '', ( #600 ), #1195 ) ;
#1044 = UNCERTAINTY_MEASURE_WITH_UNIT (LENGTH_MEASURE( 1.000000000000000100E-005 ), #706, 'distance_accuracy_value', 'NONE');
#1045 = FACE_OUTER_BOUND ( 'NONE', #230, .T. ) ;
#1046 = STYLED_ITEM ( 'NONE', ( #1037 ), #1455 ) ;
#1047 = FILL_AREA_STYLE_COLOUR ( '', #2411 ) ;
#1048 =( LENGTH_UNIT ( ) NAMED_UNIT ( * ) SI_UNIT ( .MILLI., .METRE. ) );
#1049 = LINE ( 'NONE', #792, #544 ) ;
#1050 = ORIENTED_EDGE ( 'NONE', *, *, #782, .F. ) ;
#1051 = ORIENTED_EDGE ( 'NONE', *, *, #500, .F. ) ;
#1052 = DIRECTION ( 'NONE',  ( 0.7071067811865486800, 0.0000000000000000000, 0.7071067811865464600 ) ) ;
#1053 = ORIENTED_EDGE ( 'NONE', *, *, #2648, .F. ) ;
#1054 = SURFACE_STYLE_USAGE ( .BOTH. , #2305 ) ;
#1055 = FILL_AREA_STYLE_COLOUR ( '', #2578 ) ;
#1056 = ORIENTED_EDGE ( 'NONE', *, *, #2088, .F. ) ;
#1057 = AXIS2_PLACEMENT_3D ( 'NONE', #1271, #2686, #1470 ) ;
#1058 = MECHANICAL_DESIGN_GEOMETRIC_PRESENTATION_REPRESENTATION (  '', ( #612 ), #1203 ) ;
#1059 = PRESENTATION_LAYER_ASSIGNMENT (  '', '', ( #755 ) ) ;
#1060 = VECTOR ( 'NONE', #1960, 1000.000000000000000 ) ;
#1061 = STYLED_ITEM ( 'NONE', ( #1604 ), #537 ) ;
#1062 = EDGE_LOOP ( 'NONE', ( #1264, #646, #1191, #146 ) ) ;
#1063 =( LENGTH_UNIT ( ) NAMED_UNIT ( * ) SI_UNIT ( .MILLI., .METRE. ) );
#1064 = CARTESIAN_POINT ( 'NONE',  ( 0.0000000000000000000, -2.799999999999999400, 0.0000000000000000000 ) ) ;
#1065 = FILL_AREA_STYLE_COLOUR ( '', #655 ) ;
#1066 = CARTESIAN_POINT ( 'NONE',  ( -2.539999999999999600, 1.700000000000000000, 0.8365789473684214200 ) ) ;
#1067 = CARTESIAN_POINT ( 'NONE',  ( -1.590000000000000300, 11.70000000000000100, -2.320000000000000300 ) ) ;
#1068 = ORIENTED_EDGE ( 'NONE', *, *, #2153, .F. ) ;
#1069 = PRESENTATION_STYLE_ASSIGNMENT (( #1574 ) ) ;
#1070 = LINE ( 'NONE', #2373, #1106 ) ;
#1071 = LINE ( 'NONE', #462, #2133 ) ;
#1072 =( NAMED_UNIT ( * ) SI_UNIT ( $, .STERADIAN. ) SOLID_ANGLE_UNIT ( ) );
#1073 = FILL_AREA_STYLE_COLOUR ( '', #534 ) ;
#1074 = DIRECTION ( 'NONE',  ( 0.0000000000000000000, 1.000000000000000000, 0.0000000000000000000 ) ) ;
#1075 = ORIENTED_EDGE ( 'NONE', *, *, #1165, .F. ) ;
#1076 = DIRECTION ( 'NONE',  ( 0.0000000000000000000, 0.0000000000000000000, -1.000000000000000000 ) ) ;
#1077 = EDGE_CURVE ( 'NONE', #127, #2685, #2687, .T. ) ;
#1078 = PLANE ( 'NONE',  #575 ) ;
#1079 =( NAMED_UNIT ( * ) SI_UNIT ( $, .STERADIAN. ) SOLID_ANGLE_UNIT ( ) );
#1080 = EDGE_CURVE ( 'NONE', #1633, #984, #1609, .T. ) ;
#1081 = LINE ( 'NONE', #312, #2597 ) ;
#1082 =( NAMED_UNIT ( * ) SI_UNIT ( $, .STERADIAN. ) SOLID_ANGLE_UNIT ( ) );
#1083 = LINE ( 'NONE', #881, #832 ) ;
#1084 = SURFACE_SIDE_STYLE ('',( #734 ) ) ;
#1085 = VERTEX_POINT ( 'NONE', #2140 ) ;
#1086 = ORIENTED_EDGE ( 'NONE', *, *, #2651, .T. ) ;
#1087 = FILL_AREA_STYLE_COLOUR ( '', #890 ) ;
#1088 = DIRECTION ( 'NONE',  ( 0.0000000000000000000, -1.000000000000000000, 0.0000000000000000000 ) ) ;
#1089 = EDGE_CURVE ( 'NONE', #2576, #2165, #2183, .T. ) ;
#1090 =( NAMED_UNIT ( * ) PLANE_ANGLE_UNIT ( ) SI_UNIT ( $, .RADIAN. ) );
#1091 = EDGE_LOOP ( 'NONE', ( #2717, #1743, #2272, #292 ) ) ;
#1092 = ORIENTED_EDGE ( 'NONE', *, *, #1645, .F. ) ;
#1093 = ORIENTED_EDGE ( 'NONE', *, *, #135, .T. ) ;
#1094 = LINE ( 'NONE', #176, #1646 ) ;
#1095 = EDGE_LOOP ( 'NONE', ( #1838, #1518, #2455, #1189 ) ) ;
#1096 = EDGE_CURVE ( 'NONE', #2248, #1493, #2635, .T. ) ;
#1097 = DIRECTION ( 'NONE',  ( -0.7071067811865470200, -0.0000000000000000000, -0.7071067811865481300 ) ) ;
#1098 = VERTEX_POINT ( 'NONE', #656 ) ;
#1099 =( NAMED_UNIT ( * ) PLANE_ANGLE_UNIT ( ) SI_UNIT ( $, .RADIAN. ) );
#1100 = EDGE_LOOP ( 'NONE', ( #797, #850, #234, #1759, #1509, #2205, #2508, #35 ) ) ;
#1101 = FILL_AREA_STYLE_COLOUR ( '', #1817 ) ;
#1102 =( LENGTH_UNIT ( ) NAMED_UNIT ( * ) SI_UNIT ( .MILLI., .METRE. ) );
#1103 = COLOUR_RGB ( '',0.0000000000000000000, 0.003921568627450980300, 0.09019607843137254800 ) ;
#1104 = CARTESIAN_POINT ( 'NONE',  ( -0.9499999999999999600, 11.70000000000000100, -0.2199999999999999700 ) ) ;
#1105 = DIRECTION ( 'NONE',  ( 0.7071067811865470200, 0.0000000000000000000, -0.7071067811865481300 ) ) ;
#1106 = VECTOR ( 'NONE', #682, 1000.000000000000100 ) ;
#1107 = EDGE_CURVE ( 'NONE', #2212, #2022, #2571, .T. ) ;
#1108 =( LENGTH_UNIT ( ) NAMED_UNIT ( * ) SI_UNIT ( .MILLI., .METRE. ) );
#1109 = DIRECTION ( 'NONE',  ( -0.6782059721786390900, 0.0000000000000000000, -0.7348718659067219300 ) ) ;
#1110 = CARTESIAN_POINT ( 'NONE',  ( 2.140000000000001500, 1.700000000000000000, -1.270000000000000000 ) ) ;
#1111 = STYLED_ITEM ( 'NONE', ( #2384 ), #2219 ) ;
#1112 = SURFACE_STYLE_USAGE ( .BOTH. , #1135 ) ;
#1113 = COLOUR_RGB ( '',0.7960784313725489700, 0.8235294117647058400, 0.9372549019607843100 ) ;
#1114 = VECTOR ( 'NONE', #693, 1000.000000000000000 ) ;
#1115 = DIRECTION ( 'NONE',  ( 0.6756367705307529900, -0.0000000000000000000, 0.7372346670543747900 ) ) ;
#1116 = VECTOR ( 'NONE', #2323, 1000.000000000000000 ) ;
#1117 =( GEOMETRIC_REPRESENTATION_CONTEXT ( 3 ) GLOBAL_UNCERTAINTY_ASSIGNED_CONTEXT ( ( #2536 ) ) GLOBAL_UNIT_ASSIGNED_CONTEXT ( ( #326, #315, #300 ) ) REPRESENTATION_CONTEXT ( 'NONE', 'WORKASPACE' ) );
#1118 =( LENGTH_UNIT ( ) NAMED_UNIT ( * ) SI_UNIT ( .MILLI., .METRE. ) );
#1119 = COLOUR_RGB ( '',0.7960784313725489700, 0.8235294117647058400, 0.9372549019607843100 ) ;
#1120 = CARTESIAN_POINT ( 'NONE',  ( 1.490000000000000000, -2.799999999999999400, -2.860000000000000300 ) ) ;
#1121 = LINE ( 'NONE', #1636, #1387 ) ;
#1122 = CARTESIAN_POINT ( 'NONE',  ( -2.540000000000000000, 0.0000000000000000000, -3.443421052631578900 ) ) ;
#1123 = PRESENTATION_LAYER_ASSIGNMENT (  '', '', ( #807 ) ) ;
#1124 = DIRECTION ( 'NONE',  ( 0.7071067811865489100, 0.0000000000000000000, 0.7071067811865461300 ) ) ;
#1125 = VECTOR ( 'NONE', #1785, 1000.000000000000000 ) ;
#1126 = PRODUCT_DEFINITION_SHAPE ( 'NONE', 'NONE',  #213 ) ;
#1127 = ORIENTED_EDGE ( 'NONE', *, *, #1107, .F. ) ;
#1128 = DIRECTION ( 'NONE',  ( -0.0000000000000000000, 1.000000000000000000, 0.0000000000000000000 ) ) ;
#1129 = ORIENTED_EDGE ( 'NONE', *, *, #2390, .F. ) ;
#1130 = ORIENTED_EDGE ( 'NONE', *, *, #254, .T. ) ;
#1131 = APPLICATION_CONTEXT ( 'automotive_design' ) ;
#1132 = DIRECTION ( 'NONE',  ( -0.7071067811865469100, -0.0000000000000000000, 0.7071067811865482400 ) ) ;
#1133 = LINE ( 'NONE', #1008, #2237 ) ;
#1134 = DIRECTION ( 'NONE',  ( 0.0000000000000000000, 0.0000000000000000000, 1.000000000000000000 ) ) ;
#1135 = SURFACE_SIDE_STYLE ('',( #1845 ) ) ;
#1136 = DIRECTION ( 'NONE',  ( -0.7071067811865475700, 0.0000000000000000000, 0.7071067811865475700 ) ) ;
#1137 = ORIENTED_EDGE ( 'NONE', *, *, #1944, .F. ) ;
#1138 =( NAMED_UNIT ( * ) SI_UNIT ( $, .STERADIAN. ) SOLID_ANGLE_UNIT ( ) );
#1139 = DIRECTION ( 'NONE',  ( -0.7372346670543746800, -0.0000000000000000000, 0.6756367705307528800 ) ) ;
#1140 = EDGE_CURVE ( 'NONE', #2613, #1216, #401, .T. ) ;
#1141 = FILL_AREA_STYLE ('',( #1725 ) ) ;
#1142 = SURFACE_SIDE_STYLE ('',( #1668 ) ) ;
#1143 = ORIENTED_EDGE ( 'NONE', *, *, #219, .F. ) ;
#1144 = ORIENTED_EDGE ( 'NONE', *, *, #1567, .F. ) ;
#1145 = CARTESIAN_POINT ( 'NONE',  ( -2.140000000000000600, 0.0000000000000000000, -1.270000000000000000 ) ) ;
#1146 = FACE_OUTER_BOUND ( 'NONE', #873, .T. ) ;
#1147 = UNCERTAINTY_MEASURE_WITH_UNIT (LENGTH_MEASURE( 1.000000000000000100E-005 ), #1760, 'distance_accuracy_value', 'NONE');
#1148 = CARTESIAN_POINT ( 'NONE',  ( -1.490000000000000000, -2.799999999999999400, -0.3200000000000001200 ) ) ;
#1149 = VECTOR ( 'NONE', #2083, 1000.000000000000000 ) ;
#1150 = COLOUR_RGB ( '',0.7960784313725489700, 0.8235294117647058400, 0.9372549019607843100 ) ;
#1151 = DIRECTION ( 'NONE',  ( -0.7372346670543746800, -0.0000000000000000000, 0.6756367705307528800 ) ) ;
#1152 = PRESENTATION_LAYER_ASSIGNMENT (  '', '', ( #841 ) ) ;
#1153 = PRESENTATION_STYLE_ASSIGNMENT (( #1256 ) ) ;
#1154 = FACE_OUTER_BOUND ( 'NONE', #882, .T. ) ;
#1155 = SURFACE_SIDE_STYLE ('',( #317 ) ) ;
#1156 = LINE ( 'NONE', #1409, #506 ) ;
#1157 =( NAMED_UNIT ( * ) SI_UNIT ( $, .STERADIAN. ) SOLID_ANGLE_UNIT ( ) );
#1158 = CARTESIAN_POINT ( 'NONE',  ( -1.590000000000000300, -2.799999999999999400, 0.2199999999999998100 ) ) ;
#1159 = VECTOR ( 'NONE', #1151, 1000.000000000000100 ) ;
#1160 = MECHANICAL_DESIGN_GEOMETRIC_PRESENTATION_REPRESENTATION (  '', ( #707 ), #1306 ) ;
#1161 = ORIENTED_EDGE ( 'NONE', *, *, #626, .F. ) ;
#1162 =( GEOMETRIC_REPRESENTATION_CONTEXT ( 3 ) GLOBAL_UNCERTAINTY_ASSIGNED_CONTEXT ( ( #2708 ) ) GLOBAL_UNIT_ASSIGNED_CONTEXT ( ( #2403, #1166, #2598 ) ) REPRESENTATION_CONTEXT ( 'NONE', 'WORKASPACE' ) );
#1163 = PRESENTATION_LAYER_ASSIGNMENT (  '', '', ( #853 ) ) ;
#1164 = CARTESIAN_POINT ( 'NONE',  ( -1.590000000000000300, 11.70000000000000100, -2.320000000000000300 ) ) ;
#1165 = EDGE_CURVE ( 'NONE', #2307, #1611, #1479, .T. ) ;
#1166 =( NAMED_UNIT ( * ) PLANE_ANGLE_UNIT ( ) SI_UNIT ( $, .RADIAN. ) );
#1167 = VERTEX_POINT ( 'NONE', #2551 ) ;
#1168 = UNCERTAINTY_MEASURE_WITH_UNIT (LENGTH_MEASURE( 1.000000000000000100E-005 ), #1965, 'distance_accuracy_value', 'NONE');
#1169 = FILL_AREA_STYLE_COLOUR ( '', #1607 ) ;
#1170 = DIRECTION ( 'NONE',  ( 0.0000000000000000000, 1.000000000000000000, 0.0000000000000000000 ) ) ;
#1171 = ORIENTED_EDGE ( 'NONE', *, *, #2609, .T. ) ;
#1172 = DIRECTION ( 'NONE',  ( 0.0000000000000000000, 0.0000000000000000000, 1.000000000000000000 ) ) ;
#1173 = STYLED_ITEM ( 'NONE', ( #1303 ), #749 ) ;
#1174 = DIRECTION ( 'NONE',  ( -1.000000000000000000, 0.0000000000000000000, -1.232047923278982000E-016 ) ) ;
#1175 = VERTEX_POINT ( 'NONE', #1752 ) ;
#1176 = ADVANCED_FACE ( 'NONE', ( #1045 ), #461, .F. ) ;
#1177 = SURFACE_STYLE_FILL_AREA ( #2339 ) ;
#1178 = FACE_OUTER_BOUND ( 'NONE', #2076, .T. ) ;
#1179 = DIRECTION ( 'NONE',  ( 0.7071067811865486800, 0.0000000000000000000, 0.7071067811865464600 ) ) ;
#1180 = VECTOR ( 'NONE', #2038, 1000.000000000000000 ) ;
#1181 = CARTESIAN_POINT ( 'NONE',  ( 1.050000000000000000, -2.799999999999999400, -0.3200000000000001200 ) ) ;
#1182 = EDGE_CURVE ( 'NONE', #1085, #327, #1788, .T. ) ;
#1183 = LINE ( 'NONE', #1020, #2181 ) ;
#1184 =( NAMED_UNIT ( * ) SI_UNIT ( $, .STERADIAN. ) SOLID_ANGLE_UNIT ( ) );
#1185 = ORIENTED_EDGE ( 'NONE', *, *, #72, .F. ) ;
#1186 = ORIENTED_EDGE ( 'NONE', *, *, #49, .T. ) ;
#1187 = ADVANCED_FACE ( 'NONE', ( #2328 ), #175, .T. ) ;
#1188 = VERTEX_POINT ( 'NONE', #396 ) ;
#1189 = ORIENTED_EDGE ( 'NONE', *, *, #335, .T. ) ;
#1190 = VERTEX_POINT ( 'NONE', #835 ) ;
#1191 = ORIENTED_EDGE ( 'NONE', *, *, #1860, .F. ) ;
#1192 = ORIENTED_EDGE ( 'NONE', *, *, #2252, .T. ) ;
#1193 = UNCERTAINTY_MEASURE_WITH_UNIT (LENGTH_MEASURE( 1.000000000000000100E-005 ), #1978, 'distance_accuracy_value', 'NONE');
#1194 =( NAMED_UNIT ( * ) SI_UNIT ( $, .STERADIAN. ) SOLID_ANGLE_UNIT ( ) );
#1195 =( GEOMETRIC_REPRESENTATION_CONTEXT ( 3 ) GLOBAL_UNCERTAINTY_ASSIGNED_CONTEXT ( ( #449 ) ) GLOBAL_UNIT_ASSIGNED_CONTEXT ( ( #840, #2321, #1072 ) ) REPRESENTATION_CONTEXT ( 'NONE', 'WORKASPACE' ) );
#1196 = DIRECTION ( 'NONE',  ( 0.6782059721786389800, 0.0000000000000000000, 0.7348718659067220400 ) ) ;
#1197 = AXIS2_PLACEMENT_3D ( 'NONE', #2591, #1373, #56 ) ;
#1198 = ORIENTED_EDGE ( 'NONE', *, *, #1934, .T. ) ;
#1199 = VERTEX_POINT ( 'NONE', #2125 ) ;
#1200 = FACE_OUTER_BOUND ( 'NONE', #2608, .T. ) ;
#1201 = PRESENTATION_LAYER_ASSIGNMENT (  '', '', ( #903 ) ) ;
#1202 = SURFACE_SIDE_STYLE ('',( #2495 ) ) ;
#1203 =( GEOMETRIC_REPRESENTATION_CONTEXT ( 3 ) GLOBAL_UNCERTAINTY_ASSIGNED_CONTEXT ( ( #205 ) ) GLOBAL_UNIT_ASSIGNED_CONTEXT ( ( #1310, #2719, #1512 ) ) REPRESENTATION_CONTEXT ( 'NONE', 'WORKASPACE' ) );
#1204 = MECHANICAL_DESIGN_GEOMETRIC_PRESENTATION_REPRESENTATION (  '', ( #755 ), #1361 ) ;
#1205 =( NAMED_UNIT ( * ) SI_UNIT ( $, .STERADIAN. ) SOLID_ANGLE_UNIT ( ) );
#1206 = AXIS2_PLACEMENT_3D ( 'NONE', #2727, #2689, #2664 ) ;
#1207 = PRESENTATION_STYLE_ASSIGNMENT (( #2317 ) ) ;
#1208 = COLOUR_RGB ( '',0.7960784313725489700, 0.8235294117647058400, 0.9372549019607843100 ) ;
#1209 = ORIENTED_EDGE ( 'NONE', *, *, #2644, .F. ) ;
#1210 = SURFACE_STYLE_FILL_AREA ( #228 ) ;
#1211 = UNCERTAINTY_MEASURE_WITH_UNIT (LENGTH_MEASURE( 1.000000000000000100E-005 ), #1383, 'distance_accuracy_value', 'NONE');
#1212 = LINE ( 'NONE', #2293, #2595 ) ;
#1213 = DIRECTION ( 'NONE',  ( -0.7071067811865489100, -0.0000000000000000000, -0.7071067811865461300 ) ) ;
#1214 = LINE ( 'NONE', #305, #1718 ) ;
#1215 =( NAMED_UNIT ( * ) SI_UNIT ( $, .STERADIAN. ) SOLID_ANGLE_UNIT ( ) );
#1216 = VERTEX_POINT ( 'NONE', #2316 ) ;
#1217 = PLANE ( 'NONE',  #83 ) ;
#1218 = COLOUR_RGB ( '',0.7960784313725489700, 0.8235294117647058400, 0.9372549019607843100 ) ;
#1219 = VERTEX_POINT ( 'NONE', #2516 ) ;
#1220 = ORIENTED_EDGE ( 'NONE', *, *, #188, .F. ) ;
#1221 = COLOUR_RGB ( '',0.7960784313725489700, 0.8235294117647058400, 0.9372549019607843100 ) ;
#1222 = EDGE_CURVE ( 'NONE', #1485, #2723, #1587, .T. ) ;
#1223 = ORIENTED_EDGE ( 'NONE', *, *, #1516, .T. ) ;
#1224 = FACE_OUTER_BOUND ( 'NONE', #920, .T. ) ;
#1225 = DIRECTION ( 'NONE',  ( 0.0000000000000000000, -0.0000000000000000000, -1.000000000000000000 ) ) ;
#1226 = EDGE_CURVE ( 'NONE', #2221, #1253, #1007, .T. ) ;
#1227 = ORIENTED_EDGE ( 'NONE', *, *, #399, .F. ) ;
#1228 =( NAMED_UNIT ( * ) SI_UNIT ( $, .STERADIAN. ) SOLID_ANGLE_UNIT ( ) );
#1229 = VERTEX_POINT ( 'NONE', #419 ) ;
#1230 =( NAMED_UNIT ( * ) SI_UNIT ( $, .STERADIAN. ) SOLID_ANGLE_UNIT ( ) );
#1231 = PLANE ( 'NONE',  #963 ) ;
#1232 = ORIENTED_EDGE ( 'NONE', *, *, #1077, .T. ) ;
#1233 = DIRECTION ( 'NONE',  ( 0.7071067811865486800, 0.0000000000000000000, 0.7071067811865464600 ) ) ;
#1234 = EDGE_LOOP ( 'NONE', ( #325, #1848, #1209, #523 ) ) ;
#1235 = EDGE_CURVE ( 'NONE', #127, #743, #943, .T. ) ;
#1236 = CARTESIAN_POINT ( 'NONE',  ( -1.050000000000000000, -2.799999999999999400, -2.220000000000000200 ) ) ;
#1237 = VERTEX_POINT ( 'NONE', #1928 ) ;
#1238 = FILL_AREA_STYLE_COLOUR ( '', #1415 ) ;
#1239 =( NAMED_UNIT ( * ) PLANE_ANGLE_UNIT ( ) SI_UNIT ( $, .RADIAN. ) );
#1240 = EDGE_CURVE ( 'NONE', #1679, #2079, #2077, .T. ) ;
#1241 = CARTESIAN_POINT ( 'NONE',  ( 0.9499999999999999600, -2.799999999999999400, 0.2200000000000000600 ) ) ;
#1242 = SURFACE_STYLE_FILL_AREA ( #1279 ) ;
#1243 = ADVANCED_FACE ( 'NONE', ( #1519 ), #2524, .T. ) ;
#1244 =( NAMED_UNIT ( * ) PLANE_ANGLE_UNIT ( ) SI_UNIT ( $, .RADIAN. ) );
#1245 = ORIENTED_EDGE ( 'NONE', *, *, #192, .F. ) ;
#1246 = STYLED_ITEM ( 'NONE', ( #727 ), #2101 ) ;
#1247 =( NAMED_UNIT ( * ) SI_UNIT ( $, .STERADIAN. ) SOLID_ANGLE_UNIT ( ) );
#1248 = CARTESIAN_POINT ( 'NONE',  ( 1.590000000000000100, 11.70000000000000100, 0.2199999999999999200 ) ) ;
#1249 = VECTOR ( 'NONE', #2309, 1000.000000000000000 ) ;
#1250 = EDGE_CURVE ( 'NONE', #1229, #1175, #1813, .T. ) ;
#1251 = DIRECTION ( 'NONE',  ( 0.7071067811865470200, 0.0000000000000000000, -0.7071067811865481300 ) ) ;
#1252 = MANIFOLD_SOLID_BREP ( 'Boss-Extrude2[2]', #2431 ) ;
#1253 = VERTEX_POINT ( 'NONE', #210 ) ;
#1254 = AXIS2_PLACEMENT_3D ( 'NONE', #139, #1657, #373 ) ;
#1255 = STYLED_ITEM ( 'NONE', ( #700 ), #1390 ) ;
#1256 = SURFACE_STYLE_USAGE ( .BOTH. , #2480 ) ;
#1257 = COLOUR_RGB ( '',0.0000000000000000000, 0.003921568627450980300, 0.09019607843137254800 ) ;
#1258 = SURFACE_STYLE_USAGE ( .BOTH. , #1897 ) ;
#1259 = DIRECTION ( 'NONE',  ( -0.7071067811865489100, -0.0000000000000000000, 0.7071067811865462400 ) ) ;
#1260 = ORIENTED_EDGE ( 'NONE', *, *, #939, .F. ) ;
#1261 = PRODUCT ( '2x2', '2x2', '', ( #2186 ) ) ;
#1262 = ADVANCED_FACE ( 'NONE', ( #669 ), #2724, .F. ) ;
#1263 = CARTESIAN_POINT ( 'NONE',  ( 2.540000000000000900, 1.700000000000000000, -3.410000000000000600 ) ) ;
#1264 = ORIENTED_EDGE ( 'NONE', *, *, #354, .T. ) ;
#1265 = MECHANICAL_DESIGN_GEOMETRIC_PRESENTATION_REPRESENTATION (  '', ( #807 ), #1407 ) ;
#1266 = VERTEX_POINT ( 'NONE', #1319 ) ;
#1267 = STYLED_ITEM ( 'NONE', ( #2445 ), #382 ) ;
#1268 = DIRECTION ( 'NONE',  ( -1.232047923278982000E-016, 0.0000000000000000000, 1.000000000000000000 ) ) ;
#1269 = CARTESIAN_POINT ( 'NONE',  ( -0.9499999999999999600, 11.70000000000000100, -2.760000000000000200 ) ) ;
#1270 =( NAMED_UNIT ( * ) SI_UNIT ( $, .STERADIAN. ) SOLID_ANGLE_UNIT ( ) );
#1271 = CARTESIAN_POINT ( 'NONE',  ( -1.050000000000000000, -2.799999999999999400, -2.220000000000000200 ) ) ;
#1272 = CARTESIAN_POINT ( 'NONE',  ( 2.540000000000000900, 1.700000000000000000, -3.410000000000000600 ) ) ;
#1273 = ORIENTED_EDGE ( 'NONE', *, *, #500, .T. ) ;
#1274 = CARTESIAN_POINT ( 'NONE',  ( -1.050000000000000000, 11.70000000000000100, -2.220000000000000200 ) ) ;
#1275 = PRESENTATION_STYLE_ASSIGNMENT (( #2473 ) ) ;
#1276 = DIRECTION ( 'NONE',  ( -0.0000000000000000000, 1.000000000000000000, 0.0000000000000000000 ) ) ;
#1277 = DIRECTION ( 'NONE',  ( 0.7071067811865486800, 0.0000000000000000000, 0.7071067811865464600 ) ) ;
#1278 =( NAMED_UNIT ( * ) SI_UNIT ( $, .STERADIAN. ) SOLID_ANGLE_UNIT ( ) );
#1279 = FILL_AREA_STYLE ('',( #1065 ) ) ;
#1280 =( NAMED_UNIT ( * ) PLANE_ANGLE_UNIT ( ) SI_UNIT ( $, .RADIAN. ) );
#1281 = DIRECTION ( 'NONE',  ( 0.7071067811865474600, 0.0000000000000000000, 0.7071067811865474600 ) ) ;
#1282 = EDGE_CURVE ( 'NONE', #2576, #2668, #1420, .T. ) ;
#1283 = VECTOR ( 'NONE', #216, 1000.000000000000000 ) ;
#1284 =( NAMED_UNIT ( * ) SI_UNIT ( $, .STERADIAN. ) SOLID_ANGLE_UNIT ( ) );
#1285 = DIRECTION ( 'NONE',  ( 0.0000000000000000000, -0.0000000000000000000, -1.000000000000000000 ) ) ;
#1286 = DIRECTION ( 'NONE',  ( 0.0000000000000000000, -0.0000000000000000000, -1.000000000000000000 ) ) ;
#1287 = PLANE ( 'NONE',  #2702 ) ;
#1288 = DIRECTION ( 'NONE',  ( 0.6782059721786389800, 0.0000000000000000000, 0.7348718659067220400 ) ) ;
#1289 = ORIENTED_EDGE ( 'NONE', *, *, #2388, .T. ) ;
#1290 = LINE ( 'NONE', #894, #110 ) ;
#1291 = ORIENTED_EDGE ( 'NONE', *, *, #922, .F. ) ;
#1292 = ORIENTED_EDGE ( 'NONE', *, *, #1140, .T. ) ;
#1293 = STYLED_ITEM ( 'NONE', ( #785 ), #2434 ) ;
#1294 = CARTESIAN_POINT ( 'NONE',  ( -1.590000000000000300, -2.799999999999999400, -0.2200000000000002500 ) ) ;
#1295 = MECHANICAL_DESIGN_GEOMETRIC_PRESENTATION_REPRESENTATION (  '', ( #841 ), #1429 ) ;
#1296 = EDGE_LOOP ( 'NONE', ( #1695, #1260, #331, #1496 ) ) ;
#1297 = FILL_AREA_STYLE ('',( #1073 ) ) ;
#1298 = DIRECTION ( 'NONE',  ( 1.000000000000000000, 0.0000000000000000000, -0.0000000000000000000 ) ) ;
#1299 = ORIENTED_EDGE ( 'NONE', *, *, #1653, .T. ) ;
#1300 = ORIENTED_EDGE ( 'NONE', *, *, #1516, .F. ) ;
#1301 = DIRECTION ( 'NONE',  ( 0.0000000000000000000, 1.000000000000000000, 0.0000000000000000000 ) ) ;
#1302 = DIRECTION ( 'NONE',  ( 0.0000000000000000000, 0.0000000000000000000, 1.000000000000000000 ) ) ;
#1303 = PRESENTATION_STYLE_ASSIGNMENT (( #409 ) ) ;
#1304 = DIRECTION ( 'NONE',  ( 0.7071067811865486800, 0.0000000000000000000, -0.7071067811865463500 ) ) ;
#1305 = DIRECTION ( 'NONE',  ( -0.7071067811865489100, 0.0000000000000000000, 0.7071067811865462400 ) ) ;
#1306 =( GEOMETRIC_REPRESENTATION_CONTEXT ( 3 ) GLOBAL_UNCERTAINTY_ASSIGNED_CONTEXT ( ( #250 ) ) GLOBAL_UNIT_ASSIGNED_CONTEXT ( ( #1108, #2552, #1331 ) ) REPRESENTATION_CONTEXT ( 'NONE', 'WORKASPACE' ) );
#1307 = VECTOR ( 'NONE', #823, 1000.000000000000000 ) ;
#1308 = MECHANICAL_DESIGN_GEOMETRIC_PRESENTATION_REPRESENTATION (  '', ( #853 ), #1436 ) ;
#1309 = CARTESIAN_POINT ( 'NONE',  ( 1.490000000000000000, -2.799999999999999400, -0.3200000000000001200 ) ) ;
#1310 =( LENGTH_UNIT ( ) NAMED_UNIT ( * ) SI_UNIT ( .MILLI., .METRE. ) );
#1311 = EDGE_CURVE ( 'NONE', #2301, #1811, #265, .T. ) ;
#1312 = DIRECTION ( 'NONE',  ( -1.000000000000000000, -0.0000000000000000000, -0.0000000000000000000 ) ) ;
#1313 = CARTESIAN_POINT ( 'NONE',  ( -2.140000000000000600, 0.0000000000000000000, -3.810000000000000100 ) ) ;
#1314 = DIRECTION ( 'NONE',  ( -0.7071067811865470200, -0.0000000000000000000, -0.7071067811865481300 ) ) ;
#1315 = CARTESIAN_POINT ( 'NONE',  ( -2.539999999999999600, 1.700000000000000000, -1.703421052631578900 ) ) ;
#1316 = DIRECTION ( 'NONE',  ( 0.0000000000000000000, 1.000000000000000000, 0.0000000000000000000 ) ) ;
#1317 = UNCERTAINTY_MEASURE_WITH_UNIT (LENGTH_MEASURE( 1.000000000000000100E-005 ), #518, 'distance_accuracy_value', 'NONE');
#1318 = PRESENTATION_STYLE_ASSIGNMENT (( #2227 ) ) ;
#1319 = CARTESIAN_POINT ( 'NONE',  ( -2.019999999999999600, 0.2999999999999999900, 1.270000000000000000 ) ) ;
#1320 = PRESENTATION_LAYER_ASSIGNMENT (  '', '', ( #1173 ) ) ;
#1321 = VERTEX_POINT ( 'NONE', #1535 ) ;
#1322 = SURFACE_STYLE_USAGE ( .BOTH. , #2658 ) ;
#1323 = PRESENTATION_STYLE_ASSIGNMENT (( #2312 ) ) ;
#1324 = LINE ( 'NONE', #171, #1249 ) ;
#1325 = COLOUR_RGB ( '',0.0000000000000000000, 0.003921568627450980300, 0.09019607843137254800 ) ;
#1326 = UNCERTAINTY_MEASURE_WITH_UNIT (LENGTH_MEASURE( 1.000000000000000100E-005 ), #1365, 'distance_accuracy_value', 'NONE');
#1327 = COLOUR_RGB ( '',0.7960784313725489700, 0.8235294117647058400, 0.9372549019607843100 ) ;
#1328 = PLANE ( 'NONE',  #553 ) ;
#1329 = FACE_OUTER_BOUND ( 'NONE', #1481, .T. ) ;
#1330 = DIRECTION ( 'NONE',  ( 2.492418787322998300E-016, 0.0000000000000000000, 1.000000000000000000 ) ) ;
#1331 =( NAMED_UNIT ( * ) SI_UNIT ( $, .STERADIAN. ) SOLID_ANGLE_UNIT ( ) );
#1332 = CARTESIAN_POINT ( 'NONE',  ( -1.490000000000000200, -2.799999999999999400, -2.220000000000000200 ) ) ;
#1333 = CARTESIAN_POINT ( 'NONE',  ( -1.590000000000000300, 11.70000000000000100, 0.2199999999999998100 ) ) ;
#1334 = ORIENTED_EDGE ( 'NONE', *, *, #508, .F. ) ;
#1335 = DIRECTION ( 'NONE',  ( -0.7071067811865462400, 0.0000000000000000000, -0.7071067811865489100 ) ) ;
#1336 = FACE_OUTER_BOUND ( 'NONE', #180, .T. ) ;
#1337 = FILL_AREA_STYLE_COLOUR ( '', #2410 ) ;
#1338 = SURFACE_STYLE_FILL_AREA ( #2454 ) ;
#1339 = ORIENTED_EDGE ( 'NONE', *, *, #2127, .F. ) ;
#1340 = EDGE_CURVE ( 'NONE', #2087, #2212, #831, .T. ) ;
#1341 = EDGE_LOOP ( 'NONE', ( #2251, #2630, #2043, #306 ) ) ;
#1342 =( NAMED_UNIT ( * ) SI_UNIT ( $, .STERADIAN. ) SOLID_ANGLE_UNIT ( ) );
#1343 = CARTESIAN_POINT ( 'NONE',  ( 1.590000000000000100, -2.799999999999999400, -2.319999999999999800 ) ) ;
#1344 = CARTESIAN_POINT ( 'NONE',  ( -1.490000000000000000, 11.70000000000000100, -2.860000000000000300 ) ) ;
#1345 = CARTESIAN_POINT ( 'NONE',  ( -1.590000000000000300, -2.799999999999999400, -2.760000000000000200 ) ) ;
#1346 = ORIENTED_EDGE ( 'NONE', *, *, #96, .T. ) ;
#1347 = CARTESIAN_POINT ( 'NONE',  ( -2.140000000000000600, 1.700000000000000000, -1.270000000000000000 ) ) ;
#1348 = VECTOR ( 'NONE', #15, 1000.000000000000000 ) ;
#1349 = SURFACE_SIDE_STYLE ('',( #2461 ) ) ;
#1350 = CARTESIAN_POINT ( 'NONE',  ( 0.9499999999999999600, -2.799999999999999400, -2.760000000000000200 ) ) ;
#1351 = SURFACE_STYLE_USAGE ( .BOTH. , #109 ) ;
#1352 = PRESENTATION_LAYER_ASSIGNMENT (  '', '', ( #1046 ) ) ;
#1353 = CARTESIAN_POINT ( 'NONE',  ( -1.490000000000000000, 11.70000000000000100, -2.860000000000000300 ) ) ;
#1354 = ORIENTED_EDGE ( 'NONE', *, *, #976, .T. ) ;
#1355 = COLOUR_RGB ( '',0.0000000000000000000, 0.003921568627450980300, 0.09019607843137254800 ) ;
#1356 = VECTOR ( 'NONE', #1938, 1000.000000000000000 ) ;
#1357 = CARTESIAN_POINT ( 'NONE',  ( -1.050000000000000000, -2.799999999999999400, -0.3200000000000000600 ) ) ;
#1358 = SURFACE_STYLE_FILL_AREA ( #2080 ) ;
#1359 = MECHANICAL_DESIGN_GEOMETRIC_PRESENTATION_REPRESENTATION (  '', ( #903 ), #1482 ) ;
#1360 =( NAMED_UNIT ( * ) SI_UNIT ( $, .STERADIAN. ) SOLID_ANGLE_UNIT ( ) );
#1361 =( GEOMETRIC_REPRESENTATION_CONTEXT ( 3 ) GLOBAL_UNCERTAINTY_ASSIGNED_CONTEXT ( ( #2262 ) ) GLOBAL_UNIT_ASSIGNED_CONTEXT ( ( #1063, #2512, #1284 ) ) REPRESENTATION_CONTEXT ( 'NONE', 'WORKASPACE' ) );
#1362 = PRESENTATION_LAYER_ASSIGNMENT (  '', '', ( #1061 ) ) ;
#1363 = VERTEX_POINT ( 'NONE', #2559 ) ;
#1364 = LINE ( 'NONE', #1545, #761 ) ;
#1365 =( LENGTH_UNIT ( ) NAMED_UNIT ( * ) SI_UNIT ( .MILLI., .METRE. ) );
#1366 = CARTESIAN_POINT ( 'NONE',  ( -0.9499999999999999600, -2.799999999999999400, -2.760000000000000200 ) ) ;
#1367 = DIRECTION ( 'NONE',  ( -1.000000000000000000, 0.0000000000000000000, -1.232047923278982000E-016 ) ) ;
#1368 =( LENGTH_UNIT ( ) NAMED_UNIT ( * ) SI_UNIT ( .MILLI., .METRE. ) );
#1369 = ORIENTED_EDGE ( 'NONE', *, *, #1733, .F. ) ;
#1370 =( LENGTH_UNIT ( ) NAMED_UNIT ( * ) SI_UNIT ( .MILLI., .METRE. ) );
#1371 = CARTESIAN_POINT ( 'NONE',  ( -2.540000000000000000, 1.700000000000000000, -0.9034210526315790100 ) ) ;
#1372 = EDGE_CURVE ( 'NONE', #263, #160, #2389, .T. ) ;
#1373 = DIRECTION ( 'NONE',  ( -1.000000000000000000, 0.0000000000000000000, -0.0000000000000000000 ) ) ;
#1374 = EDGE_CURVE ( 'NONE', #24, #691, #1364, .T. ) ;
#1375 = VERTEX_POINT ( 'NONE', #1122 ) ;
#1376 =( NAMED_UNIT ( * ) PLANE_ANGLE_UNIT ( ) SI_UNIT ( $, .RADIAN. ) );
#1377 = CARTESIAN_POINT ( 'NONE',  ( -2.140000000000000600, 1.700000000000000000, -1.270000000000000000 ) ) ;
#1378 = ORIENTED_EDGE ( 'NONE', *, *, #1, .F. ) ;
#1379 = EDGE_CURVE ( 'NONE', #2645, #2488, #183, .T. ) ;
#1380 = PLANE ( 'NONE',  #2047 ) ;
#1381 = LINE ( 'NONE', #2420, #1941 ) ;
#1382 =( LENGTH_UNIT ( ) NAMED_UNIT ( * ) SI_UNIT ( .MILLI., .METRE. ) );
#1383 =( LENGTH_UNIT ( ) NAMED_UNIT ( * ) SI_UNIT ( .MILLI., .METRE. ) );
#1384 = FACE_OUTER_BOUND ( 'NONE', #1798, .T. ) ;
#1385 = VECTOR ( 'NONE', #1277, 999.9999999999998900 ) ;
#1386 = EDGE_CURVE ( 'NONE', #2723, #880, #1290, .T. ) ;
#1387 = VECTOR ( 'NONE', #346, 1000.000000000000000 ) ;
#1388 = DIRECTION ( 'NONE',  ( -0.0000000000000000000, -1.000000000000000000, -0.0000000000000000000 ) ) ;
#1389 = CARTESIAN_POINT ( 'NONE',  ( 1.490000000000000000, -2.799999999999999400, -2.860000000000000300 ) ) ;
#1390 = ADVANCED_FACE ( 'NONE', ( #628 ), #2370, .T. ) ;
#1391 = ORIENTED_EDGE ( 'NONE', *, *, #1226, .T. ) ;
#1392 = AXIS2_PLACEMENT_3D ( 'NONE', #1839, #552, #2052 ) ;
#1393 = ORIENTED_EDGE ( 'NONE', *, *, #427, .T. ) ;
#1394 = VECTOR ( 'NONE', #1134, 1000.000000000000000 ) ;
#1395 = LINE ( 'NONE', #1709, #2475 ) ;
#1396 = EDGE_CURVE ( 'NONE', #1175, #1375, #1584, .T. ) ;
#1397 = DIRECTION ( 'NONE',  ( -1.000000000000000000, -0.0000000000000000000, -0.0000000000000000000 ) ) ;
#1398 = PRESENTATION_LAYER_ASSIGNMENT (  '', '', ( #1111 ) ) ;
#1399 = EDGE_LOOP ( 'NONE', ( #2377, #123, #615, #2081, #1598, #2032, #1984, #719 ) ) ;
#1400 = DIRECTION ( 'NONE',  ( 0.0000000000000000000, -1.000000000000000000, 0.0000000000000000000 ) ) ;
#1401 = AXIS2_PLACEMENT_3D ( 'NONE', #877, #2353, #1109 ) ;
#1402 = STYLED_ITEM ( 'NONE', ( #1275 ), #137 ) ;
#1403 = ADVANCED_FACE ( 'NONE', ( #2074 ), #36, .T. ) ;
#1404 = VERTEX_POINT ( 'NONE', #1970 ) ;
#1405 = UNCERTAINTY_MEASURE_WITH_UNIT (LENGTH_MEASURE( 1.000000000000000100E-005 ), #1370, 'distance_accuracy_value', 'NONE');
#1406 = CARTESIAN_POINT ( 'NONE',  ( -1.050000000000000000, -2.799999999999999400, 0.3199999999999999000 ) ) ;
#1407 =( GEOMETRIC_REPRESENTATION_CONTEXT ( 3 ) GLOBAL_UNCERTAINTY_ASSIGNED_CONTEXT ( ( #30 ) ) GLOBAL_UNIT_ASSIGNED_CONTEXT ( ( #1036, #2490, #1270 ) ) REPRESENTATION_CONTEXT ( 'NONE', 'WORKASPACE' ) );
#1408 = MECHANICAL_DESIGN_GEOMETRIC_PRESENTATION_REPRESENTATION (  '', ( #1720 ), #1549 ) ;
#1409 = CARTESIAN_POINT ( 'NONE',  ( -1.490000000000000200, -2.799999999999999400, 0.3199999999999998400 ) ) ;
#1410 = AXIS2_PLACEMENT_3D ( 'NONE', #1756, #1746, #1737 ) ;
#1411 = CARTESIAN_POINT ( 'NONE',  ( -0.9499999999999999600, -2.799999999999999400, -0.2199999999999999700 ) ) ;
#1412 = PRESENTATION_STYLE_ASSIGNMENT (( #2199 ) ) ;
#1413 = FILL_AREA_STYLE ('',( #332 ) ) ;
#1414 = ADVANCED_FACE ( 'NONE', ( #1329 ), #277, .F. ) ;
#1415 = COLOUR_RGB ( '',0.0000000000000000000, 0.003921568627450980300, 0.09019607843137254800 ) ;
#1416 = LINE ( 'NONE', #2612, #2505 ) ;
#1417 = ORIENTED_EDGE ( 'NONE', *, *, #2474, .T. ) ;
#1418 = VERTEX_POINT ( 'NONE', #1158 ) ;
#1419 = EDGE_CURVE ( 'NONE', #1253, #2148, #793, .T. ) ;
#1420 = LINE ( 'NONE', #1332, #2444 ) ;
#1421 =( LENGTH_UNIT ( ) NAMED_UNIT ( * ) SI_UNIT ( .MILLI., .METRE. ) );
#1422 = EDGE_CURVE ( 'NONE', #258, #2731, #1676, .T. ) ;
#1423 = CARTESIAN_POINT ( 'NONE',  ( 0.9499999999999999600, -2.799999999999999400, -2.760000000000000200 ) ) ;
#1424 = PRESENTATION_STYLE_ASSIGNMENT (( #2357 ) ) ;
#1425 = DIRECTION ( 'NONE',  ( 0.0000000000000000000, -0.0000000000000000000, -1.000000000000000000 ) ) ;
#1426 = PRESENTATION_STYLE_ASSIGNMENT (( #2295 ) ) ;
#1427 = AXIS2_PLACEMENT_3D ( 'NONE', #2366, #1128, #2563 ) ;
#1428 = CARTESIAN_POINT ( 'NONE',  ( -2.139999999999999700, 1.700000000000000000, 1.270000000000000000 ) ) ;
#1429 =( GEOMETRIC_REPRESENTATION_CONTEXT ( 3 ) GLOBAL_UNCERTAINTY_ASSIGNED_CONTEXT ( ( #2035 ) ) GLOBAL_UNIT_ASSIGNED_CONTEXT ( ( #982, #2451, #1215 ) ) REPRESENTATION_CONTEXT ( 'NONE', 'WORKASPACE' ) );
#1430 = ORIENTED_EDGE ( 'NONE', *, *, #497, .F. ) ;
#1431 = SURFACE_SIDE_STYLE ('',( #2610 ) ) ;
#1432 = FACE_OUTER_BOUND ( 'NONE', #2729, .T. ) ;
#1433 = CARTESIAN_POINT ( 'NONE',  ( 2.540000000000000900, 1.700000000000000000, -0.8700000000000006600 ) ) ;
#1434 = STYLED_ITEM ( 'NONE', ( #1318 ), #2028 ) ;
#1435 = CARTESIAN_POINT ( 'NONE',  ( 1.050000000000000000, -2.799999999999999400, 0.3199999999999999000 ) ) ;
#1436 =( GEOMETRIC_REPRESENTATION_CONTEXT ( 3 ) GLOBAL_UNCERTAINTY_ASSIGNED_CONTEXT ( ( #651 ) ) GLOBAL_UNIT_ASSIGNED_CONTEXT ( ( #1525, #1557, #1546 ) ) REPRESENTATION_CONTEXT ( 'NONE', 'WORKASPACE' ) );
#1437 = SURFACE_SIDE_STYLE ('',( #1338 ) ) ;
#1438 = VECTOR ( 'NONE', #1052, 999.9999999999998900 ) ;
#1439 = EDGE_CURVE ( 'NONE', #1611, #917, #2229, .T. ) ;
#1440 = VECTOR ( 'NONE', #74, 1000.000000000000000 ) ;
#1441 = DIRECTION ( 'NONE',  ( 0.0000000000000000000, -0.0000000000000000000, 1.000000000000000000 ) ) ;
#1442 = FILL_AREA_STYLE ('',( #2018 ) ) ;
#1443 = ORIENTED_EDGE ( 'NONE', *, *, #1235, .T. ) ;
#1444 = FACE_OUTER_BOUND ( 'NONE', #1529, .T. ) ;
#1445 =( GEOMETRIC_REPRESENTATION_CONTEXT ( 3 ) GLOBAL_UNCERTAINTY_ASSIGNED_CONTEXT ( ( #294 ) ) GLOBAL_UNIT_ASSIGNED_CONTEXT ( ( #2507, #1280, #2695 ) ) REPRESENTATION_CONTEXT ( 'NONE', 'WORKASPACE' ) );
#1446 = CARTESIAN_POINT ( 'NONE',  ( 1.050000000000000000, -2.799999999999999400, -2.220000000000000200 ) ) ;
#1447 = CARTESIAN_POINT ( 'NONE',  ( -2.019999999999999600, 0.2999999999999999900, 1.270000000000000000 ) ) ;
#1448 = DIRECTION ( 'NONE',  ( -0.0000000000000000000, 1.000000000000000000, 0.0000000000000000000 ) ) ;
#1449 = COLOUR_RGB ( '',0.0000000000000000000, 0.003921568627450980300, 0.09019607843137254800 ) ;
#1450 = MECHANICAL_DESIGN_GEOMETRIC_PRESENTATION_REPRESENTATION (  '', ( #1173 ), #1595 ) ;
#1451 = CARTESIAN_POINT ( 'NONE',  ( 2.140000000000001500, 1.700000000000000000, -1.270000000000000000 ) ) ;
#1452 = DIRECTION ( 'NONE',  ( -0.0000000000000000000, -0.0000000000000000000, 1.000000000000000000 ) ) ;
#1453 = ORIENTED_EDGE ( 'NONE', *, *, #1645, .T. ) ;
#1454 = DIRECTION ( 'NONE',  ( 0.7071067811865477900, 0.0000000000000000000, -0.7071067811865473500 ) ) ;
#1455 = ADVANCED_FACE ( 'NONE', ( #540 ), #1380, .T. ) ;
#1456 = PRESENTATION_STYLE_ASSIGNMENT (( #1258 ) ) ;
#1457 = CARTESIAN_POINT ( 'NONE',  ( -2.539999999999999600, 1.700000000000000000, 0.8365789473684214200 ) ) ;
#1458 = ORIENTED_EDGE ( 'NONE', *, *, #782, .T. ) ;
#1459 =( NAMED_UNIT ( * ) PLANE_ANGLE_UNIT ( ) SI_UNIT ( $, .RADIAN. ) );
#1460 = CARTESIAN_POINT ( 'NONE',  ( -1.050000000000000000, -2.799999999999999400, 0.3199999999999999000 ) ) ;
#1461 = EDGE_CURVE ( 'NONE', #2621, #2248, #1416, .T. ) ;
#1462 = DIRECTION ( 'NONE',  ( 0.7071067811865473500, -0.0000000000000000000, 0.7071067811865477900 ) ) ;
#1463 = VECTOR ( 'NONE', #208, 1000.000000000000000 ) ;
#1464 = PRESENTATION_STYLE_ASSIGNMENT (( #2641 ) ) ;
#1465 = LINE ( 'NONE', #929, #1772 ) ;
#1466 = DIRECTION ( 'NONE',  ( -0.0000000000000000000, -0.0000000000000000000, -1.000000000000000000 ) ) ;
#1467 = CARTESIAN_POINT ( 'NONE',  ( -2.540000000000000000, 1.700000000000000000, -0.9034210526315790100 ) ) ;
#1468 = ADVANCED_FACE ( 'NONE', ( #2440 ), #1597, .T. ) ;
#1469 = LINE ( 'NONE', #1771, #1979 ) ;
#1470 = DIRECTION ( 'NONE',  ( 0.7071067811865487900, 0.0000000000000000000, -0.7071067811865463500 ) ) ;
#1471 = DIRECTION ( 'NONE',  ( 0.0000000000000000000, 0.0000000000000000000, 1.000000000000000000 ) ) ;
#1472 = CARTESIAN_POINT ( 'NONE',  ( 1.490000000000000000, -2.799999999999999400, -2.220000000000000200 ) ) ;
#1473 = SURFACE_STYLE_FILL_AREA ( #2082 ) ;
#1474 = STYLED_ITEM ( 'NONE', ( #472 ), #2299 ) ;
#1475 = CARTESIAN_POINT ( 'NONE',  ( -2.139999999999999700, 0.0000000000000000000, 1.270000000000000000 ) ) ;
#1476 = MECHANICAL_DESIGN_GEOMETRIC_PRESENTATION_REPRESENTATION (  '', ( #1046 ), #1618 ) ;
#1477 = ORIENTED_EDGE ( 'NONE', *, *, #883, .T. ) ;
#1478 = SURFACE_SIDE_STYLE ('',( #2003 ) ) ;
#1479 = LINE ( 'NONE', #232, #328 ) ;
#1480 = SURFACE_STYLE_USAGE ( .BOTH. , #1536 ) ;
#1481 = EDGE_LOOP ( 'NONE', ( #289, #514, #597, #333 ) ) ;
#1482 =( GEOMETRIC_REPRESENTATION_CONTEXT ( 3 ) GLOBAL_UNCERTAINTY_ASSIGNED_CONTEXT ( ( #1687 ) ) GLOBAL_UNIT_ASSIGNED_CONTEXT ( ( #1698, #407, #1912 ) ) REPRESENTATION_CONTEXT ( 'NONE', 'WORKASPACE' ) );
#1483 = FACE_OUTER_BOUND ( 'NONE', #2713, .T. ) ;
#1484 = STYLED_ITEM ( 'NONE', ( #1424 ), #1176 ) ;
#1485 = VERTEX_POINT ( 'NONE', #1389 ) ;
#1486 = MECHANICAL_DESIGN_GEOMETRIC_PRESENTATION_REPRESENTATION (  '', ( #1061 ), #1625 ) ;
#1487 = FILL_AREA_STYLE_COLOUR ( '', #1807 ) ;
#1488 = EDGE_LOOP ( 'NONE', ( #961, #376, #1430, #2520 ) ) ;
#1489 = CARTESIAN_POINT ( 'NONE',  ( 2.020000000000001400, 0.2999999999999999900, 1.270000000000000000 ) ) ;
#1490 = CARTESIAN_POINT ( 'NONE',  ( 2.140000000000000100, 0.0000000000000000000, -1.270000000000000000 ) ) ;
#1491 = SURFACE_SIDE_STYLE ('',( #1242 ) ) ;
#1492 = DIRECTION ( 'NONE',  ( -1.000000000000000000, -0.0000000000000000000, -0.0000000000000000000 ) ) ;
#1493 = VERTEX_POINT ( 'NONE', #1818 ) ;
#1494 = UNCERTAINTY_MEASURE_WITH_UNIT (LENGTH_MEASURE( 1.000000000000000100E-005 ), #2220, 'distance_accuracy_value', 'NONE');
#1495 = SURFACE_STYLE_USAGE ( .BOTH. , #1505 ) ;
#1496 = ORIENTED_EDGE ( 'NONE', *, *, #2345, .T. ) ;
#1497 = DIRECTION ( 'NONE',  ( -0.7071067811865489100, 0.0000000000000000000, 0.7071067811865462400 ) ) ;
#1498 = UNCERTAINTY_MEASURE_WITH_UNIT (LENGTH_MEASURE( 1.000000000000000100E-005 ), #2679, 'distance_accuracy_value', 'NONE');
#1499 = CARTESIAN_POINT ( 'NONE',  ( -1.050000000000000000, -2.799999999999999400, -0.3200000000000000600 ) ) ;
#1500 = CARTESIAN_POINT ( 'NONE',  ( -1.050000000000000000, 11.70000000000000100, -2.860000000000000300 ) ) ;
#1501 = DIRECTION ( 'NONE',  ( -1.000000000000000000, -0.0000000000000000000, -0.0000000000000000000 ) ) ;
#1502 = EDGE_CURVE ( 'NONE', #2607, #691, #1214, .T. ) ;
#1503 =( NAMED_UNIT ( * ) SI_UNIT ( $, .STERADIAN. ) SOLID_ANGLE_UNIT ( ) );
#1504 = PRESENTATION_STYLE_ASSIGNMENT (( #174 ) ) ;
#1505 = SURFACE_SIDE_STYLE ('',( #2716 ) ) ;
#1506 = EDGE_CURVE ( 'NONE', #1644, #760, #51, .T. ) ;
#1507 = VECTOR ( 'NONE', #2013, 1000.000000000000000 ) ;
#1508 = DIRECTION ( 'NONE',  ( -0.7071067811865477900, 0.0000000000000000000, -0.7071067811865473500 ) ) ;
#1509 = ORIENTED_EDGE ( 'NONE', *, *, #1565, .F. ) ;
#1510 = LINE ( 'NONE', #385, #2011 ) ;
#1511 = COLOUR_RGB ( '',0.7960784313725489700, 0.8235294117647058400, 0.9372549019607843100 ) ;
#1512 =( NAMED_UNIT ( * ) SI_UNIT ( $, .STERADIAN. ) SOLID_ANGLE_UNIT ( ) );
#1513 = UNCERTAINTY_MEASURE_WITH_UNIT (LENGTH_MEASURE( 1.000000000000000100E-005 ), #978, 'distance_accuracy_value', 'NONE');
#1514 = PRESENTATION_STYLE_ASSIGNMENT (( #2250 ) ) ;
#1515 = CARTESIAN_POINT ( 'NONE',  ( -1.490000000000000200, 11.70000000000000100, -2.220000000000000200 ) ) ;
#1516 = EDGE_CURVE ( 'NONE', #737, #1085, #2260, .T. ) ;
#1517 = FILL_AREA_STYLE ('',( #1716 ) ) ;
#1518 = ORIENTED_EDGE ( 'NONE', *, *, #2525, .F. ) ;
#1519 = FACE_OUTER_BOUND ( 'NONE', #636, .T. ) ;
#1520 = DIRECTION ( 'NONE',  ( -0.0000000000000000000, -0.0000000000000000000, -1.000000000000000000 ) ) ;
#1521 = EDGE_CURVE ( 'NONE', #1493, #1167, #564, .T. ) ;
#1522 = CARTESIAN_POINT ( 'NONE',  ( 1.050000000000000000, -2.799999999999999400, -2.860000000000000300 ) ) ;
#1523 = FILL_AREA_STYLE ('',( #2546 ) ) ;
#1524 = COLOUR_RGB ( '',0.7960784313725489700, 0.8235294117647058400, 0.9372549019607843100 ) ;
#1525 =( LENGTH_UNIT ( ) NAMED_UNIT ( * ) SI_UNIT ( .MILLI., .METRE. ) );
#1526 = ORIENTED_EDGE ( 'NONE', *, *, #335, .F. ) ;
#1527 = PRESENTATION_LAYER_ASSIGNMENT (  '', '', ( #1246 ) ) ;
#1528 = FILL_AREA_STYLE ('',( #11 ) ) ;
#1529 = EDGE_LOOP ( 'NONE', ( #1000, #1378, #2356, #76 ) ) ;
#1530 =( LENGTH_UNIT ( ) NAMED_UNIT ( * ) SI_UNIT ( .MILLI., .METRE. ) );
#1531 = ORIENTED_EDGE ( 'NONE', *, *, #192, .T. ) ;
#1532 = EDGE_CURVE ( 'NONE', #1190, #572, #1156, .T. ) ;
#1533 = CARTESIAN_POINT ( 'NONE',  ( 0.9499999999999999600, -2.799999999999999400, -2.760000000000000200 ) ) ;
#1534 = CARTESIAN_POINT ( 'NONE',  ( 1.050000000000000000, -2.799999999999999400, 0.3199999999999999000 ) ) ;
#1535 = CARTESIAN_POINT ( 'NONE',  ( -1.050000000000000000, 11.70000000000000100, -2.220000000000000200 ) ) ;
#1536 = SURFACE_SIDE_STYLE ('',( #594 ) ) ;
#1537 = MECHANICAL_DESIGN_GEOMETRIC_PRESENTATION_REPRESENTATION (  '', ( #1111 ), #1669 ) ;
#1538 = PRESENTATION_LAYER_ASSIGNMENT (  '', '', ( #1255 ) ) ;
#1539 = VECTOR ( 'NONE', #1932, 1000.000000000000000 ) ;
#1540 =( NAMED_UNIT ( * ) SI_UNIT ( $, .STERADIAN. ) SOLID_ANGLE_UNIT ( ) );
#1541 = AXIS2_PLACEMENT_3D ( 'NONE', #279, #270, #709 ) ;
#1542 = SURFACE_STYLE_USAGE ( .BOTH. , #13 ) ;
#1543 = FILL_AREA_STYLE_COLOUR ( '', #423 ) ;
#1544 = DIRECTION ( 'NONE',  ( 0.0000000000000000000, 0.0000000000000000000, 1.000000000000000000 ) ) ;
#1545 = CARTESIAN_POINT ( 'NONE',  ( -1.590000000000000300, 11.70000000000000100, -2.760000000000000200 ) ) ;
#1546 =( NAMED_UNIT ( * ) SI_UNIT ( $, .STERADIAN. ) SOLID_ANGLE_UNIT ( ) );
#1547 = DIRECTION ( 'NONE',  ( -0.7071067811865461300, 0.0000000000000000000, 0.7071067811865489100 ) ) ;
#1548 = COLOUR_RGB ( '',0.7960784313725489700, 0.8235294117647058400, 0.9372549019607843100 ) ;
#1549 =( GEOMETRIC_REPRESENTATION_CONTEXT ( 3 ) GLOBAL_UNCERTAINTY_ASSIGNED_CONTEXT ( ( #2123 ) ) GLOBAL_UNIT_ASSIGNED_CONTEXT ( ( #993, #2459, #1228 ) ) REPRESENTATION_CONTEXT ( 'NONE', 'WORKASPACE' ) );
#1550 = PRESENTATION_LAYER_ASSIGNMENT (  '', '', ( #1267 ) ) ;
#1551 = COLOUR_RGB ( '',0.7960784313725489700, 0.8235294117647058400, 0.9372549019607843100 ) ;
#1552 = FILL_AREA_STYLE_COLOUR ( '', #531 ) ;
#1553 = DIRECTION ( 'NONE',  ( 0.0000000000000000000, -1.000000000000000000, 0.0000000000000000000 ) ) ;
#1554 = VERTEX_POINT ( 'NONE', #2037 ) ;
#1555 =( LENGTH_UNIT ( ) NAMED_UNIT ( * ) SI_UNIT ( .MILLI., .METRE. ) );
#1556 = SURFACE_SIDE_STYLE ('',( #1784 ) ) ;
#1557 =( NAMED_UNIT ( * ) PLANE_ANGLE_UNIT ( ) SI_UNIT ( $, .RADIAN. ) );
#1558 = DIRECTION ( 'NONE',  ( -0.0000000000000000000, -0.0000000000000000000, -1.000000000000000000 ) ) ;
#1559 = VECTOR ( 'NONE', #1741, 1000.000000000000000 ) ;
#1560 = DIRECTION ( 'NONE',  ( 0.0000000000000000000, 0.0000000000000000000, 1.000000000000000000 ) ) ;
#1561 = VECTOR ( 'NONE', #141, 1000.000000000000000 ) ;
#1562 = ORIENTED_EDGE ( 'NONE', *, *, #1567, .T. ) ;
#1563 = ORIENTED_EDGE ( 'NONE', *, *, #459, .F. ) ;
#1564 = DIRECTION ( 'NONE',  ( -0.7071067811865470200, 0.0000000000000000000, -0.7071067811865481300 ) ) ;
#1565 = EDGE_CURVE ( 'NONE', #2274, #1485, #2203, .T. ) ;
#1566 = FILL_AREA_STYLE_COLOUR ( '', #2600 ) ;
#1567 = EDGE_CURVE ( 'NONE', #1216, #1098, #2653, .T. ) ;
#1568 = CARTESIAN_POINT ( 'NONE',  ( -0.9499999999999999600, -2.799999999999999400, -0.2199999999999999700 ) ) ;
#1569 = CLOSED_SHELL ( 'NONE', ( #1243, #955, #1878, #1262, #1603, #749, #814, #2618, #153, #81, #1414, #1683, #2628, #1018, #2414, #2478, #2086, #1663, #1176, #299 ) ) ;
#1570 =( NAMED_UNIT ( * ) SI_UNIT ( $, .STERADIAN. ) SOLID_ANGLE_UNIT ( ) );
#1571 = PLANE ( 'NONE',  #711 ) ;
#1572 = LINE ( 'NONE', #1120, #986 ) ;
#1573 = PRESENTATION_LAYER_ASSIGNMENT (  '', '', ( #1293 ) ) ;
#1574 = SURFACE_STYLE_USAGE ( .BOTH. , #1581 ) ;
#1575 = PLANE ( 'NONE',  #323 ) ;
#1576 =( NAMED_UNIT ( * ) SI_UNIT ( $, .STERADIAN. ) SOLID_ANGLE_UNIT ( ) );
#1577 = PRESENTATION_STYLE_ASSIGNMENT (( #471 ) ) ;
#1578 = DIRECTION ( 'NONE',  ( -2.492418787322998300E-016, 0.0000000000000000000, -1.000000000000000000 ) ) ;
#1579 = CARTESIAN_POINT ( 'NONE',  ( -2.139999999999999700, 1.700000000000000000, 1.270000000000000000 ) ) ;
#1580 =( GEOMETRIC_REPRESENTATION_CONTEXT ( 3 ) GLOBAL_UNCERTAINTY_ASSIGNED_CONTEXT ( ( #1147 ) ) GLOBAL_UNIT_ASSIGNED_CONTEXT ( ( #1760, #1967, #679 ) ) REPRESENTATION_CONTEXT ( 'NONE', 'WORKASPACE' ) );
#1581 = SURFACE_SIDE_STYLE ('',( #341 ) ) ;
#1582 = AXIS2_PLACEMENT_3D ( 'NONE', #1588, #288, #1800 ) ;
#1583 = FACE_OUTER_BOUND ( 'NONE', #1887, .T. ) ;
#1584 = LINE ( 'NONE', #2572, #2146 ) ;
#1585 = ORIENTED_EDGE ( 'NONE', *, *, #254, .F. ) ;
#1586 = EDGE_CURVE ( 'NONE', #414, #1633, #1081, .T. ) ;
#1587 = LINE ( 'NONE', #165, #2605 ) ;
#1588 = CARTESIAN_POINT ( 'NONE',  ( 1.590000000000000100, -2.799999999999999400, -0.2200000000000001400 ) ) ;
#1589 = ORIENTED_EDGE ( 'NONE', *, *, #714, .T. ) ;
#1590 = FILL_AREA_STYLE ('',( #1169 ) ) ;
#1591 = PRESENTATION_STYLE_ASSIGNMENT (( #1911 ) ) ;
#1592 = FILL_AREA_STYLE ('',( #1640 ) ) ;
#1593 = LINE ( 'NONE', #155, #1012 ) ;
#1594 = ADVANCED_FACE ( 'NONE', ( #1583 ), #1833, .T. ) ;
#1595 =( GEOMETRIC_REPRESENTATION_CONTEXT ( 3 ) GLOBAL_UNCERTAINTY_ASSIGNED_CONTEXT ( ( #410 ) ) GLOBAL_UNIT_ASSIGNED_CONTEXT ( ( #398, #389, #379 ) ) REPRESENTATION_CONTEXT ( 'NONE', 'WORKASPACE' ) );
#1596 = SURFACE_STYLE_FILL_AREA ( #1442 ) ;
#1597 = PLANE ( 'NONE',  #105 ) ;
#1598 = ORIENTED_EDGE ( 'NONE', *, *, #589, .T. ) ;
#1599 = UNCERTAINTY_MEASURE_WITH_UNIT (LENGTH_MEASURE( 1.000000000000000100E-005 ), #815, 'distance_accuracy_value', 'NONE');
#1600 = CARTESIAN_POINT ( 'NONE',  ( 2.540000000000000900, 0.0000000000000000000, -1.670000000000000400 ) ) ;
#1601 = PRESENTATION_STYLE_ASSIGNMENT (( #2604 ) ) ;
#1602 = VECTOR ( 'NONE', #1301, 1000.000000000000000 ) ;
#1603 = ADVANCED_FACE ( 'NONE', ( #220 ), #554, .F. ) ;
#1604 = PRESENTATION_STYLE_ASSIGNMENT (( #2518 ) ) ;
#1605 = LINE ( 'NONE', #1433, #1035 ) ;
#1606 = DIRECTION ( 'NONE',  ( 0.7071067811865487900, 0.0000000000000000000, -0.7071067811865463500 ) ) ;
#1607 = COLOUR_RGB ( '',0.7960784313725489700, 0.8235294117647058400, 0.9372549019607843100 ) ;
#1608 = PLANE ( 'NONE',  #667 ) ;
#1609 = LINE ( 'NONE', #1721, #480 ) ;
#1610 = ADVANCED_FACE ( 'NONE', ( #10 ), #1841, .T. ) ;
#1611 = VERTEX_POINT ( 'NONE', #339 ) ;
#1612 = VECTOR ( 'NONE', #1868, 1000.000000000000000 ) ;
#1613 = DIRECTION ( 'NONE',  ( 0.0000000000000000000, 0.0000000000000000000, -1.000000000000000000 ) ) ;
#1614 = AXIS2_PLACEMENT_3D ( 'NONE', #1294, #2707, #1497 ) ;
#1615 = CLOSED_SHELL ( 'NONE', ( #522, #1594, #2681, #2670, #93, #1390, #601, #588, #2428, #2493 ) ) ;
#1616 = FILL_AREA_STYLE_COLOUR ( '', #2070 ) ;
#1617 = ORIENTED_EDGE ( 'NONE', *, *, #976, .F. ) ;
#1618 =( GEOMETRIC_REPRESENTATION_CONTEXT ( 3 ) GLOBAL_UNCERTAINTY_ASSIGNED_CONTEXT ( ( #1317 ) ) GLOBAL_UNIT_ASSIGNED_CONTEXT ( ( #518, #2014, #723 ) ) REPRESENTATION_CONTEXT ( 'NONE', 'WORKASPACE' ) );
#1619 = LINE ( 'NONE', #2360, #1060 ) ;
#1620 = COLOUR_RGB ( '',0.7921568627450980000, 0.8196078431372548800, 0.9333333333333333500 ) ;
#1621 =( NAMED_UNIT ( * ) SI_UNIT ( $, .STERADIAN. ) SOLID_ANGLE_UNIT ( ) );
#1622 = AXIS2_PLACEMENT_3D ( 'NONE', #1732, #437, #1939 ) ;
#1623 = STYLED_ITEM ( 'NONE', ( #8 ), #1827 ) ;
#1624 = DIRECTION ( 'NONE',  ( 0.0000000000000000000, 0.0000000000000000000, 1.000000000000000000 ) ) ;
#1625 =( GEOMETRIC_REPRESENTATION_CONTEXT ( 3 ) GLOBAL_UNCERTAINTY_ASSIGNED_CONTEXT ( ( #2643 ) ) GLOBAL_UNIT_ASSIGNED_CONTEXT ( ( #2468, #2476, #2462 ) ) REPRESENTATION_CONTEXT ( 'NONE', 'WORKASPACE' ) );
#1626 = DIRECTION ( 'NONE',  ( 0.0000000000000000000, 1.000000000000000000, 0.0000000000000000000 ) ) ;
#1627 = SHAPE_DEFINITION_REPRESENTATION ( #1126, #84 ) ;
#1628 = FILL_AREA_STYLE_COLOUR ( '', #1662 ) ;
#1629 = SURFACE_SIDE_STYLE ('',( #2417 ) ) ;
#1630 = LINE ( 'NONE', #2048, #1968 ) ;
#1631 = DIRECTION ( 'NONE',  ( -1.000000000000000000, 0.0000000000000000000, -0.0000000000000000000 ) ) ;
#1632 =( LENGTH_UNIT ( ) NAMED_UNIT ( * ) SI_UNIT ( .MILLI., .METRE. ) );
#1633 = VERTEX_POINT ( 'NONE', #573 ) ;
#1634 = VECTOR ( 'NONE', #92, 1000.000000000000000 ) ;
#1635 = EDGE_CURVE ( 'NONE', #2685, #846, #2565, .T. ) ;
#1636 = CARTESIAN_POINT ( 'NONE',  ( -2.140000000000000600, 1.700000000000000000, -3.810000000000000100 ) ) ;
#1637 = ORIENTED_EDGE ( 'NONE', *, *, #2275, .F. ) ;
#1638 = LINE ( 'NONE', #857, #1821 ) ;
#1639 = DIRECTION ( 'NONE',  ( 1.000000000000000000, 0.0000000000000000000, -0.0000000000000000000 ) ) ;
#1640 = FILL_AREA_STYLE_COLOUR ( '', #2091 ) ;
#1641 =( LENGTH_UNIT ( ) NAMED_UNIT ( * ) SI_UNIT ( .MILLI., .METRE. ) );
#1642 = EDGE_LOOP ( 'NONE', ( #194, #1995, #811, #1764 ) ) ;
#1643 =( NAMED_UNIT ( * ) PLANE_ANGLE_UNIT ( ) SI_UNIT ( $, .RADIAN. ) );
#1644 = VERTEX_POINT ( 'NONE', #779 ) ;
#1645 = EDGE_CURVE ( 'NONE', #775, #19, #2039, .T. ) ;
#1646 = VECTOR ( 'NONE', #134, 1000.000000000000100 ) ;
#1647 = CARTESIAN_POINT ( 'NONE',  ( 0.9499999999999999600, -2.799999999999999400, -0.2200000000000000000 ) ) ;
#1648 = CARTESIAN_POINT ( 'NONE',  ( 1.490000000000000000, 11.70000000000000100, -2.220000000000000200 ) ) ;
#1649 = CARTESIAN_POINT ( 'NONE',  ( 0.0000000000000000000, 1.700000000000000000, 0.0000000000000000000 ) ) ;
#1650 = ORIENTED_EDGE ( 'NONE', *, *, #1182, .T. ) ;
#1651 = FILL_AREA_STYLE ('',( #557 ) ) ;
#1652 = CARTESIAN_POINT ( 'NONE',  ( 2.020000000000001400, 0.2999999999999999900, -3.810000000000000100 ) ) ;
#1653 = EDGE_CURVE ( 'NONE', #179, #829, #2502, .T. ) ;
#1654 = VERTEX_POINT ( 'NONE', #1648 ) ;
#1655 =( LENGTH_UNIT ( ) NAMED_UNIT ( * ) SI_UNIT ( .MILLI., .METRE. ) );
#1656 = LINE ( 'NONE', #1867, #2698 ) ;
#1657 = DIRECTION ( 'NONE',  ( -1.000000000000000000, 0.0000000000000000000, 0.0000000000000000000 ) ) ;
#1658 = MECHANICAL_DESIGN_GEOMETRIC_PRESENTATION_REPRESENTATION (  '', ( #1246 ), #1809 ) ;
#1659 = DIRECTION ( 'NONE',  ( -0.7071067811865470200, 0.0000000000000000000, 0.7071067811865481300 ) ) ;
#1660 = ORIENTED_EDGE ( 'NONE', *, *, #1419, .T. ) ;
#1661 = COLOUR_RGB ( '',0.7960784313725489700, 0.8235294117647058400, 0.9372549019607843100 ) ;
#1662 = COLOUR_RGB ( '',0.7960784313725489700, 0.8235294117647058400, 0.9372549019607843100 ) ;
#1663 = ADVANCED_FACE ( 'NONE', ( #824 ), #361, .F. ) ;
#1664 = ORIENTED_EDGE ( 'NONE', *, *, #2255, .F. ) ;
#1665 = EDGE_CURVE ( 'NONE', #2022, #2395, #623, .T. ) ;
#1666 = SURFACE_STYLE_FILL_AREA ( #82 ) ;
#1667 = CARTESIAN_POINT ( 'NONE',  ( -1.050000000000000000, 11.70000000000000100, -2.860000000000000300 ) ) ;
#1668 = SURFACE_STYLE_FILL_AREA ( #2385 ) ;
#1669 =( GEOMETRIC_REPRESENTATION_CONTEXT ( 3 ) GLOBAL_UNCERTAINTY_ASSIGNED_CONTEXT ( ( #345 ) ) GLOBAL_UNIT_ASSIGNED_CONTEXT ( ( #2287, #1022, #2479 ) ) REPRESENTATION_CONTEXT ( 'NONE', 'WORKASPACE' ) );
#1670 = SURFACE_STYLE_FILL_AREA ( #1297 ) ;
#1671 = PLANE ( 'NONE',  #2622 ) ;
#1672 = MECHANICAL_DESIGN_GEOMETRIC_PRESENTATION_REPRESENTATION (  '', ( #1255 ), #1820 ) ;
#1673 = SURFACE_STYLE_FILL_AREA ( #2062 ) ;
#1674 = LINE ( 'NONE', #112, #2680 ) ;
#1675 = PLANE ( 'NONE',  #753 ) ;
#1676 = LINE ( 'NONE', #284, #12 ) ;
#1677 = CARTESIAN_POINT ( 'NONE',  ( -1.490000000000000200, -2.799999999999999400, -2.220000000000000200 ) ) ;
#1678 = PRESENTATION_LAYER_ASSIGNMENT (  '', '', ( #1402 ) ) ;
#1679 = VERTEX_POINT ( 'NONE', #2093 ) ;
#1680 = FILL_AREA_STYLE ('',( #1755 ) ) ;
#1681 = CARTESIAN_POINT ( 'NONE',  ( 1.050000000000000000, 11.70000000000000100, -2.220000000000000200 ) ) ;
#1682 = STYLED_ITEM ( 'NONE', ( #57 ), #965 ) ;
#1683 = ADVANCED_FACE ( 'NONE', ( #1715 ), #1024, .F. ) ;
#1684 = MECHANICAL_DESIGN_GEOMETRIC_PRESENTATION_REPRESENTATION (  '', ( #1267 ), #1826 ) ;
#1685 = FILL_AREA_STYLE_COLOUR ( '', #1511 ) ;
#1686 = EDGE_LOOP ( 'NONE', ( #1770, #490, #329, #324, #1127, #676, #90, #631, #2292 ) ) ;
#1687 = UNCERTAINTY_MEASURE_WITH_UNIT (LENGTH_MEASURE( 1.000000000000000100E-005 ), #1698, 'distance_accuracy_value', 'NONE');
#1688 = DIRECTION ( 'NONE',  ( 0.7372346670543746800, 0.0000000000000000000, -0.6756367705307528800 ) ) ;
#1689 = LINE ( 'NONE', #587, #1561 ) ;
#1690 = CARTESIAN_POINT ( 'NONE',  ( -2.540000000000000000, 0.0000000000000000000, -0.9034210526315790100 ) ) ;
#1691 = ORIENTED_EDGE ( 'NONE', *, *, #1461, .F. ) ;
#1692 = FILL_AREA_STYLE_COLOUR ( '', #1221 ) ;
#1693 = SURFACE_STYLE_USAGE ( .BOTH. , #2096 ) ;
#1694 = CARTESIAN_POINT ( 'NONE',  ( 1.590000000000000100, -2.799999999999999400, 0.2199999999999999200 ) ) ;
#1695 = ORIENTED_EDGE ( 'NONE', *, *, #515, .T. ) ;
#1696 = PLANE ( 'NONE',  #1778 ) ;
#1697 = FILL_AREA_STYLE ('',( #1903 ) ) ;
#1698 =( LENGTH_UNIT ( ) NAMED_UNIT ( * ) SI_UNIT ( .MILLI., .METRE. ) );
#1699 = CARTESIAN_POINT ( 'NONE',  ( -1.590000000000000300, -2.799999999999999400, -2.760000000000000200 ) ) ;
#1700 = EDGE_CURVE ( 'NONE', #1404, #2665, #1212, .T. ) ;
#1701 = DIRECTION ( 'NONE',  ( -0.7071067811865477900, -0.0000000000000000000, -0.7071067811865473500 ) ) ;
#1702 = LINE ( 'NONE', #2535, #1769 ) ;
#1703 = EDGE_CURVE ( 'NONE', #470, #529, #2067, .T. ) ;
#1704 = PLANE ( 'NONE',  #1614 ) ;
#1705 = SURFACE_STYLE_FILL_AREA ( #60 ) ;
#1706 = VECTOR ( 'NONE', #2095, 1000.000000000000000 ) ;
#1707 = UNCERTAINTY_MEASURE_WITH_UNIT (LENGTH_MEASURE( 1.000000000000000100E-005 ), #2276, 'distance_accuracy_value', 'NONE');
#1708 = DIRECTION ( 'NONE',  ( -0.7071067811865482400, 0.0000000000000000000, -0.7071067811865469100 ) ) ;
#1709 = CARTESIAN_POINT ( 'NONE',  ( 1.050000000000000000, -2.799999999999999400, -2.220000000000000200 ) ) ;
#1710 = ORIENTED_EDGE ( 'NONE', *, *, #1799, .F. ) ;
#1711 = SURFACE_STYLE_FILL_AREA ( #496 ) ;
#1712 =( LENGTH_UNIT ( ) NAMED_UNIT ( * ) SI_UNIT ( .MILLI., .METRE. ) );
#1713 = CARTESIAN_POINT ( 'NONE',  ( -1.490000000000000000, -2.799999999999999400, -0.3200000000000001200 ) ) ;
#1714 = CARTESIAN_POINT ( 'NONE',  ( 1.050000000000000000, -2.799999999999999400, -2.220000000000000200 ) ) ;
#1715 = FACE_OUTER_BOUND ( 'NONE', #1039, .T. ) ;
#1716 = FILL_AREA_STYLE_COLOUR ( '', #2470 ) ;
#1717 = MECHANICAL_DESIGN_GEOMETRIC_PRESENTATION_REPRESENTATION (  '', ( #1293 ), #1847 ) ;
#1718 = VECTOR ( 'NONE', #740, 1000.000000000000000 ) ;
#1719 = FILL_AREA_STYLE_COLOUR ( '', #1548 ) ;
#1720 = STYLED_ITEM ( 'NONE', ( #2225 ), #1610 ) ;
#1721 = CARTESIAN_POINT ( 'NONE',  ( -1.050000000000000000, -2.799999999999999400, -2.860000000000000300 ) ) ;
#1722 = CARTESIAN_POINT ( 'NONE',  ( -1.490000000000000000, -2.799999999999999400, -2.860000000000000300 ) ) ;
#1723 = SURFACE_SIDE_STYLE ('',( #2151 ) ) ;
#1724 = PLANE ( 'NONE',  #1858 ) ;
#1725 = FILL_AREA_STYLE_COLOUR ( '', #1786 ) ;
#1726 = AXIS2_PLACEMENT_3D ( 'NONE', #1533, #235, #1753 ) ;
#1727 = LINE ( 'NONE', #1736, #606 ) ;
#1728 = PRESENTATION_LAYER_ASSIGNMENT (  '', '', ( #1434 ) ) ;
#1729 = STYLED_ITEM ( 'NONE', ( #450 ), #724 ) ;
#1730 = CARTESIAN_POINT ( 'NONE',  ( 1.490000000000000000, -2.799999999999999400, 0.3199999999999999000 ) ) ;
#1731 = FACE_OUTER_BOUND ( 'NONE', #2657, .T. ) ;
#1732 = CARTESIAN_POINT ( 'NONE',  ( -1.490000000000000200, -2.799999999999999400, -2.220000000000000200 ) ) ;
#1733 = EDGE_CURVE ( 'NONE', #1188, #2621, #1510, .T. ) ;
#1734 = ORIENTED_EDGE ( 'NONE', *, *, #1837, .T. ) ;
#1735 = FILL_AREA_STYLE_COLOUR ( '', #98 ) ;
#1736 = CARTESIAN_POINT ( 'NONE',  ( 1.490000000000000000, 11.70000000000000100, -0.3200000000000001200 ) ) ;
#1737 = DIRECTION ( 'NONE',  ( 0.0000000000000000000, -0.0000000000000000000, -1.000000000000000000 ) ) ;
#1738 = STYLED_ITEM ( 'NONE', ( #2545 ), #1243 ) ;
#1739 = CARTESIAN_POINT ( 'NONE',  ( 1.590000000000000100, -2.799999999999999400, -2.760000000000000200 ) ) ;
#1740 = EDGE_CURVE ( 'NONE', #1199, #673, #935, .T. ) ;
#1741 = DIRECTION ( 'NONE',  ( 1.000000000000000000, 0.0000000000000000000, 1.232047923278982200E-016 ) ) ;
#1742 = DIRECTION ( 'NONE',  ( -1.000000000000000000, 0.0000000000000000000, -0.0000000000000000000 ) ) ;
#1743 = ORIENTED_EDGE ( 'NONE', *, *, #2655, .F. ) ;
#1744 = SURFACE_STYLE_USAGE ( .BOTH. , #223 ) ;
#1745 = DIRECTION ( 'NONE',  ( 0.0000000000000000000, 0.0000000000000000000, 1.000000000000000000 ) ) ;
#1746 = DIRECTION ( 'NONE',  ( 0.0000000000000000000, -1.000000000000000000, 0.0000000000000000000 ) ) ;
#1747 = PRESENTATION_LAYER_ASSIGNMENT (  '', '', ( #319 ) ) ;
#1748 = UNCERTAINTY_MEASURE_WITH_UNIT (LENGTH_MEASURE( 1.000000000000000100E-005 ), #1655, 'distance_accuracy_value', 'NONE');
#1749 = SURFACE_SIDE_STYLE ('',( #1210 ) ) ;
#1750 = FACE_OUTER_BOUND ( 'NONE', #2452, .T. ) ;
#1751 = CARTESIAN_POINT ( 'NONE',  ( 1.590000000000000100, 11.70000000000000100, -2.319999999999999800 ) ) ;
#1752 = CARTESIAN_POINT ( 'NONE',  ( -2.140000000000000600, 0.0000000000000000000, -3.810000000000000100 ) ) ;
#1753 = DIRECTION ( 'NONE',  ( -0.7071067811865469100, 0.0000000000000000000, 0.7071067811865482400 ) ) ;
#1754 = CARTESIAN_POINT ( 'NONE',  ( 2.020000000000001400, 0.2999999999999999900, -1.270000000000000000 ) ) ;
#1755 = FILL_AREA_STYLE_COLOUR ( '', #671 ) ;
#1756 = CARTESIAN_POINT ( 'NONE',  ( 0.0000000000000000000, 11.70000000000000100, -2.540000000000000000 ) ) ;
#1757 = ORIENTED_EDGE ( 'NONE', *, *, #2519, .F. ) ;
#1758 = SURFACE_SIDE_STYLE ('',( #428 ) ) ;
#1759 = ORIENTED_EDGE ( 'NONE', *, *, #1222, .F. ) ;
#1760 =( LENGTH_UNIT ( ) NAMED_UNIT ( * ) SI_UNIT ( .MILLI., .METRE. ) );
#1761 = DIRECTION ( 'NONE',  ( 0.0000000000000000000, 0.0000000000000000000, 1.000000000000000000 ) ) ;
#1762 = VERTEX_POINT ( 'NONE', #819 ) ;
#1763 = SURFACE_SIDE_STYLE ('',( #215 ) ) ;
#1764 = ORIENTED_EDGE ( 'NONE', *, *, #1461, .T. ) ;
#1765 =( NAMED_UNIT ( * ) SI_UNIT ( $, .STERADIAN. ) SOLID_ANGLE_UNIT ( ) );
#1766 =( LENGTH_UNIT ( ) NAMED_UNIT ( * ) SI_UNIT ( .MILLI., .METRE. ) );
#1767 = DIRECTION ( 'NONE',  ( 1.000000000000000000, 0.0000000000000000000, -0.0000000000000000000 ) ) ;
#1768 = PRESENTATION_LAYER_ASSIGNMENT (  '', '', ( #1474 ) ) ;
#1769 = VECTOR ( 'NONE', #2484, 1000.000000000000000 ) ;
#1770 = ORIENTED_EDGE ( 'NONE', *, *, #1422, .F. ) ;
#1771 = CARTESIAN_POINT ( 'NONE',  ( -2.139999999999999700, 0.0000000000000000000, 1.270000000000000000 ) ) ;
#1772 = VECTOR ( 'NONE', #2596, 1000.000000000000000 ) ;
#1773 = FILL_AREA_STYLE ('',( #1566 ) ) ;
#1774 = STYLED_ITEM ( 'NONE', ( #1802 ), #2628 ) ;
#1775 = PRESENTATION_LAYER_ASSIGNMENT (  '', '', ( #1484 ) ) ;
#1776 =( NAMED_UNIT ( * ) SI_UNIT ( $, .STERADIAN. ) SOLID_ANGLE_UNIT ( ) );
#1777 = VECTOR ( 'NONE', #2348, 1000.000000000000000 ) ;
#1778 = AXIS2_PLACEMENT_3D ( 'NONE', #182, #1708, #415 ) ;
#1779 = ORIENTED_EDGE ( 'NONE', *, *, #997, .T. ) ;
#1780 = VECTOR ( 'NONE', #2465, 1000.000000000000000 ) ;
#1781 = CARTESIAN_POINT ( 'NONE',  ( -2.540000000000000000, 1.700000000000000000, -3.443421052631578900 ) ) ;
#1782 = ORIENTED_EDGE ( 'NONE', *, *, #2275, .T. ) ;
#1783 = CARTESIAN_POINT ( 'NONE',  ( -1.050000000000000000, 11.70000000000000100, 0.3199999999999999000 ) ) ;
#1784 = SURFACE_STYLE_FILL_AREA ( #27 ) ;
#1785 = DIRECTION ( 'NONE',  ( 1.000000000000000000, 0.0000000000000000000, 0.0000000000000000000 ) ) ;
#1786 = COLOUR_RGB ( '',0.7960784313725489700, 0.8235294117647058400, 0.9372549019607843100 ) ;
#1787 =( NAMED_UNIT ( * ) PLANE_ANGLE_UNIT ( ) SI_UNIT ( $, .RADIAN. ) );
#1788 = LINE ( 'NONE', #1904, #909 ) ;
#1789 = CARTESIAN_POINT ( 'NONE',  ( -2.019999999999999600, 0.0000000000000000000, 1.270000000000000000 ) ) ;
#1790 = SURFACE_STYLE_FILL_AREA ( #1697 ) ;
#1791 = ORIENTED_EDGE ( 'NONE', *, *, #142, .F. ) ;
#1792 = FILL_AREA_STYLE_COLOUR ( '', #1150 ) ;
#1793 = EDGE_CURVE ( 'NONE', #984, #2650, #2537, .T. ) ;
#1794 = CARTESIAN_POINT ( 'NONE',  ( 1.490000000000000000, 11.70000000000000100, 0.3199999999999999000 ) ) ;
#1795 =( LENGTH_UNIT ( ) NAMED_UNIT ( * ) SI_UNIT ( .MILLI., .METRE. ) );
#1796 =( NAMED_UNIT ( * ) SI_UNIT ( $, .STERADIAN. ) SOLID_ANGLE_UNIT ( ) );
#1797 = ORIENTED_EDGE ( 'NONE', *, *, #728, .F. ) ;
#1798 = EDGE_LOOP ( 'NONE', ( #2214, #296, #2427, #1171 ) ) ;
#1799 = EDGE_CURVE ( 'NONE', #703, #19, #290, .T. ) ;
#1800 = DIRECTION ( 'NONE',  ( 0.0000000000000000000, 0.0000000000000000000, -1.000000000000000000 ) ) ;
#1801 = SURFACE_STYLE_USAGE ( .BOTH. , #291 ) ;
#1802 = PRESENTATION_STYLE_ASSIGNMENT (( #187 ) ) ;
#1803 = EDGE_CURVE ( 'NONE', #1219, #2665, #1946, .T. ) ;
#1804 = VERTEX_POINT ( 'NONE', #2503 ) ;
#1805 = CARTESIAN_POINT ( 'NONE',  ( 2.140000000000001500, 1.700000000000000000, 1.270000000000000000 ) ) ;
#1806 = FACE_OUTER_BOUND ( 'NONE', #193, .T. ) ;
#1807 = COLOUR_RGB ( '',0.7960784313725489700, 0.8235294117647058400, 0.9372549019607843100 ) ;
#1808 = SURFACE_STYLE_USAGE ( .BOTH. , #1829 ) ;
#1809 =( GEOMETRIC_REPRESENTATION_CONTEXT ( 3 ) GLOBAL_UNCERTAINTY_ASSIGNED_CONTEXT ( ( #209 ) ) GLOBAL_UNIT_ASSIGNED_CONTEXT ( ( #1846, #562, #2060 ) ) REPRESENTATION_CONTEXT ( 'NONE', 'WORKASPACE' ) );
#1810 = ADVANCED_FACE ( 'NONE', ( #1444 ), #1696, .T. ) ;
#1811 = VERTEX_POINT ( 'NONE', #1489 ) ;
#1812 = EDGE_CURVE ( 'NONE', #868, #2079, #2224, .T. ) ;
#1813 = LINE ( 'NONE', #1313, #144 ) ;
#1814 = ORIENTED_EDGE ( 'NONE', *, *, #1372, .F. ) ;
#1815 = EDGE_LOOP ( 'NONE', ( #2542, #359, #1068, #1531 ) ) ;
#1816 = STYLED_ITEM ( 'NONE', ( #561 ), #2231 ) ;
#1817 = COLOUR_RGB ( '',0.7960784313725489700, 0.8235294117647058400, 0.9372549019607843100 ) ;
#1818 = CARTESIAN_POINT ( 'NONE',  ( 1.490000000000000000, 11.70000000000000100, -0.3200000000000001200 ) ) ;
#1819 = PRESENTATION_STYLE_ASSIGNMENT (( #2531 ) ) ;
#1820 =( GEOMETRIC_REPRESENTATION_CONTEXT ( 3 ) GLOBAL_UNCERTAINTY_ASSIGNED_CONTEXT ( ( #742 ) ) GLOBAL_UNIT_ASSIGNED_CONTEXT ( ( #1766, #481, #1982 ) ) REPRESENTATION_CONTEXT ( 'NONE', 'WORKASPACE' ) );
#1821 = VECTOR ( 'NONE', #672, 1000.000000000000100 ) ;
#1822 = MECHANICAL_DESIGN_GEOMETRIC_PRESENTATION_REPRESENTATION (  '', ( #1402 ), #1966 ) ;
#1823 = CARTESIAN_POINT ( 'NONE',  ( 1.490000000000000000, -2.799999999999999400, -2.220000000000000200 ) ) ;
#1824 = AXIS2_PLACEMENT_3D ( 'NONE', #1467, #163, #1688 ) ;
#1825 = STYLED_ITEM ( 'NONE', ( #259 ), #1663 ) ;
#1826 =( GEOMETRIC_REPRESENTATION_CONTEXT ( 3 ) GLOBAL_UNCERTAINTY_ASSIGNED_CONTEXT ( ( #1211 ) ) GLOBAL_UNIT_ASSIGNED_CONTEXT ( ( #1383, #1376, #1360 ) ) REPRESENTATION_CONTEXT ( 'NONE', 'WORKASPACE' ) );
#1827 = ADVANCED_FACE ( 'NONE', ( #1869 ), #2521, .T. ) ;
#1828 = CLOSED_SHELL ( 'NONE', ( #2288, #1403, #1827, #2033, #2028, #2231, #2434, #395, #968, #2101 ) ) ;
#1829 = SURFACE_SIDE_STYLE ('',( #42 ) ) ;
#1830 = ORIENTED_EDGE ( 'NONE', *, *, #1873, .T. ) ;
#1831 = PRESENTATION_STYLE_ASSIGNMENT (( #364 ) ) ;
#1832 = DIRECTION ( 'NONE',  ( 0.0000000000000000000, 1.000000000000000000, 0.0000000000000000000 ) ) ;
#1833 = PLANE ( 'NONE',  #983 ) ;
#1834 = FILL_AREA_STYLE ('',( #1850 ) ) ;
#1835 = UNCERTAINTY_MEASURE_WITH_UNIT (LENGTH_MEASURE( 1.000000000000000100E-005 ), #1555, 'distance_accuracy_value', 'NONE');
#1836 = LINE ( 'NONE', #2730, #1283 ) ;
#1837 = EDGE_CURVE ( 'NONE', #152, #488, #896, .T. ) ;
#1838 = ORIENTED_EDGE ( 'NONE', *, *, #1282, .T. ) ;
#1839 = CARTESIAN_POINT ( 'NONE',  ( -2.539999999999999600, 1.700000000000000000, -1.703421052631578900 ) ) ;
#1840 = EDGE_CURVE ( 'NONE', #1098, #2509, #1469, .T. ) ;
#1841 = PLANE ( 'NONE',  #1974 ) ;
#1842 = ORIENTED_EDGE ( 'NONE', *, *, #1700, .F. ) ;
#1843 = CARTESIAN_POINT ( 'NONE',  ( -2.540000000000000000, 1.700000000000000000, -0.9034210526315790100 ) ) ;
#1844 = VECTOR ( 'NONE', #16, 1000.000000000000000 ) ;
#1845 = SURFACE_STYLE_FILL_AREA ( #1141 ) ;
#1846 =( LENGTH_UNIT ( ) NAMED_UNIT ( * ) SI_UNIT ( .MILLI., .METRE. ) );
#1847 =( GEOMETRIC_REPRESENTATION_CONTEXT ( 3 ) GLOBAL_UNCERTAINTY_ASSIGNED_CONTEXT ( ( #1193 ) ) GLOBAL_UNIT_ASSIGNED_CONTEXT ( ( #1978, #685, #2184 ) ) REPRESENTATION_CONTEXT ( 'NONE', 'WORKASPACE' ) );
#1848 = ORIENTED_EDGE ( 'NONE', *, *, #2261, .F. ) ;
#1849 = AXIS2_PLACEMENT_3D ( 'NONE', #1428, #116, #1631 ) ;
#1850 = FILL_AREA_STYLE_COLOUR ( '', #2173 ) ;
#1851 =( NAMED_UNIT ( * ) SI_UNIT ( $, .STERADIAN. ) SOLID_ANGLE_UNIT ( ) );
#1852 = SURFACE_STYLE_FILL_AREA ( #456 ) ;
#1853 = COLOUR_RGB ( '',0.0000000000000000000, 0.003921568627450980300, 0.09019607843137254800 ) ;
#1854 = COLOUR_RGB ( '',0.7960784313725489700, 0.8235294117647058400, 0.9372549019607843100 ) ;
#1855 = CARTESIAN_POINT ( 'NONE',  ( 2.140000000000001500, 1.700000000000000000, 1.270000000000000000 ) ) ;
#1856 = ORIENTED_EDGE ( 'NONE', *, *, #688, .T. ) ;
#1857 = MECHANICAL_DESIGN_GEOMETRIC_PRESENTATION_REPRESENTATION (  '', ( #1434 ), #2009 ) ;
#1858 = AXIS2_PLACEMENT_3D ( 'NONE', #1472, #1462, #1454 ) ;
#1859 =( NAMED_UNIT ( * ) SI_UNIT ( $, .STERADIAN. ) SOLID_ANGLE_UNIT ( ) );
#1860 = EDGE_CURVE ( 'NONE', #2090, #2322, #318, .T. ) ;
#1861 =( NAMED_UNIT ( * ) SI_UNIT ( $, .STERADIAN. ) SOLID_ANGLE_UNIT ( ) );
#1862 = DIRECTION ( 'NONE',  ( -0.7071067811865469100, -0.0000000000000000000, 0.7071067811865482400 ) ) ;
#1863 = VERTEX_POINT ( 'NONE', #1145 ) ;
#1864 = AXIS2_PLACEMENT_3D ( 'NONE', #1699, #408, #1913 ) ;
#1865 = FACE_OUTER_BOUND ( 'NONE', #1488, .T. ) ;
#1866 = FILL_AREA_STYLE_COLOUR ( '', #2259 ) ;
#1867 = CARTESIAN_POINT ( 'NONE',  ( -0.9499999999999999600, -2.799999999999999400, -2.319999999999999800 ) ) ;
#1868 = DIRECTION ( 'NONE',  ( -0.0000000000000000000, 1.000000000000000000, -0.0000000000000000000 ) ) ;
#1869 = FACE_OUTER_BOUND ( 'NONE', #2210, .T. ) ;
#1870 = LINE ( 'NONE', #848, #2061 ) ;
#1871 = LINE ( 'NONE', #1475, #138 ) ;
#1872 = PRODUCT_DEFINITION_CONTEXT ( 'detailed design', #901, 'design' ) ;
#1873 = EDGE_CURVE ( 'NONE', #1633, #529, #2499, .T. ) ;
#1874 = SURFACE_STYLE_USAGE ( .BOTH. , #1915 ) ;
#1875 = SURFACE_STYLE_FILL_AREA ( #1413 ) ;
#1876 = VECTOR ( 'NONE', #1213, 1000.000000000000100 ) ;
#1877 = STYLED_ITEM ( 'NONE', ( #949 ), #799 ) ;
#1878 = ADVANCED_FACE ( 'NONE', ( #2435 ), #1571, .F. ) ;
#1879 = COLOUR_RGB ( '',0.02745098039215686200, 0.003921568627450980300, 0.0000000000000000000 ) ;
#1880 = PRESENTATION_STYLE_ASSIGNMENT (( #1112 ) ) ;
#1881 = MECHANICAL_DESIGN_GEOMETRIC_PRESENTATION_REPRESENTATION (  '', ( #319 ), #2027 ) ;
#1882 = FILL_AREA_STYLE ('',( #1685 ) ) ;
#1883 = FILL_AREA_STYLE ('',( #1866 ) ) ;
#1884 = CARTESIAN_POINT ( 'NONE',  ( 0.9499999999999999600, -2.799999999999999400, -0.2200000000000000000 ) ) ;
#1885 = DIRECTION ( 'NONE',  ( 0.0000000000000000000, -1.000000000000000000, 0.0000000000000000000 ) ) ;
#1886 = ORIENTED_EDGE ( 'NONE', *, *, #524, .T. ) ;
#1887 = EDGE_LOOP ( 'NONE', ( #338, #62, #899, #122 ) ) ;
#1888 = FACE_OUTER_BOUND ( 'NONE', #888, .T. ) ;
#1889 = VERTEX_POINT ( 'NONE', #1783 ) ;
#1890 =( NAMED_UNIT ( * ) PLANE_ANGLE_UNIT ( ) SI_UNIT ( $, .RADIAN. ) );
#1891 = PRESENTATION_STYLE_ASSIGNMENT (( #126 ) ) ;
#1892 = VERTEX_POINT ( 'NONE', #509 ) ;
#1893 = SURFACE_STYLE_USAGE ( .BOTH. , #384 ) ;
#1894 = CARTESIAN_POINT ( 'NONE',  ( -2.019999999999999600, 0.2999999999999999900, -1.270000000000000000 ) ) ;
#1895 = PLANE ( 'NONE',  #1824 ) ;
#1896 = ADVANCED_FACE ( 'NONE', ( #559 ), #715, .T. ) ;
#1897 = SURFACE_SIDE_STYLE ('',( #1596 ) ) ;
#1898 = FILL_AREA_STYLE ('',( #2482 ) ) ;
#1899 =( LENGTH_UNIT ( ) NAMED_UNIT ( * ) SI_UNIT ( .MILLI., .METRE. ) );
#1900 = CARTESIAN_POINT ( 'NONE',  ( 1.590000000000000100, 11.70000000000000100, -2.760000000000000200 ) ) ;
#1901 = SURFACE_SIDE_STYLE ('',( #1910 ) ) ;
#1902 = DIRECTION ( 'NONE',  ( -0.7372346670543746800, -0.0000000000000000000, 0.6756367705307528800 ) ) ;
#1903 = FILL_AREA_STYLE_COLOUR ( '', #120 ) ;
#1904 = CARTESIAN_POINT ( 'NONE',  ( 2.140000000000000100, 1.700000000000000000, -3.810000000000000100 ) ) ;
#1905 = MECHANICAL_DESIGN_GEOMETRIC_PRESENTATION_REPRESENTATION (  '', ( #1474 ), #2044 ) ;
#1906 = VECTOR ( 'NONE', #276, 1000.000000000000000 ) ;
#1907 = VECTOR ( 'NONE', #1520, 1000.000000000000000 ) ;
#1908 = STYLED_ITEM ( 'NONE', ( #1983 ), #1468 ) ;
#1909 = FILL_AREA_STYLE ('',( #1047 ) ) ;
#1910 = SURFACE_STYLE_FILL_AREA ( #1882 ) ;
#1911 = SURFACE_STYLE_USAGE ( .BOTH. , #403 ) ;
#1912 =( NAMED_UNIT ( * ) SI_UNIT ( $, .STERADIAN. ) SOLID_ANGLE_UNIT ( ) );
#1913 = DIRECTION ( 'NONE',  ( 0.0000000000000000000, 0.0000000000000000000, 1.000000000000000000 ) ) ;
#1914 = ORIENTED_EDGE ( 'NONE', *, *, #1703, .T. ) ;
#1915 = SURFACE_SIDE_STYLE ('',( #2137 ) ) ;
#1916 = VECTOR ( 'NONE', #2361, 1000.000000000000000 ) ;
#1917 = FACE_OUTER_BOUND ( 'NONE', #2568, .T. ) ;
#1918 = AXIS2_PLACEMENT_3D ( 'NONE', #2124, #834, #2315 ) ;
#1919 = MECHANICAL_DESIGN_GEOMETRIC_PRESENTATION_REPRESENTATION (  '', ( #1484 ), #2053 ) ;
#1920 = ORIENTED_EDGE ( 'NONE', *, *, #1165, .T. ) ;
#1921 = LINE ( 'NONE', #371, #2235 ) ;
#1922 = PRESENTATION_LAYER_ASSIGNMENT (  '', '', ( #1623 ) ) ;
#1923 = STYLED_ITEM ( 'NONE', ( #1207 ), #545 ) ;
#1924 = FILL_AREA_STYLE ('',( #1487 ) ) ;
#1925 = CARTESIAN_POINT ( 'NONE',  ( -1.050000000000000000, -2.799999999999999400, -2.860000000000000300 ) ) ;
#1926 =( NAMED_UNIT ( * ) SI_UNIT ( $, .STERADIAN. ) SOLID_ANGLE_UNIT ( ) );
#1927 = LINE ( 'NONE', #1241, #2213 ) ;
#1928 = CARTESIAN_POINT ( 'NONE',  ( 0.9499999999999999600, 11.70000000000000100, -0.2200000000000000000 ) ) ;
#1929 = FILL_AREA_STYLE ('',( #1935 ) ) ;
#1930 = ORIENTED_EDGE ( 'NONE', *, *, #1988, .T. ) ;
#1931 = PLANE ( 'NONE',  #2439 ) ;
#1932 = DIRECTION ( 'NONE',  ( -0.0000000000000000000, -1.000000000000000000, -0.0000000000000000000 ) ) ;
#1933 =( LENGTH_UNIT ( ) NAMED_UNIT ( * ) SI_UNIT ( .MILLI., .METRE. ) );
#1934 = EDGE_CURVE ( 'NONE', #2165, #1321, #2256, .T. ) ;
#1935 = FILL_AREA_STYLE_COLOUR ( '', #286 ) ;
#1936 =( LENGTH_UNIT ( ) NAMED_UNIT ( * ) SI_UNIT ( .MILLI., .METRE. ) );
#1937 = PRESENTATION_STYLE_ASSIGNMENT (( #26 ) ) ;
#1938 = DIRECTION ( 'NONE',  ( -0.7071067811865489100, -0.0000000000000000000, 0.7071067811865462400 ) ) ;
#1939 = DIRECTION ( 'NONE',  ( 1.000000000000000000, 0.0000000000000000000, 1.232047923278982000E-016 ) ) ;
#1940 = LINE ( 'NONE', #2072, #1149 ) ;
#1941 = VECTOR ( 'NONE', #1397, 1000.000000000000000 ) ;
#1942 = PLANE ( 'NONE',  #849 ) ;
#1943 = SURFACE_SIDE_STYLE ('',( #2354 ) ) ;
#1944 = EDGE_CURVE ( 'NONE', #2685, #1418, #43, .T. ) ;
#1945 = PLANE ( 'NONE',  #994 ) ;
#1946 = LINE ( 'NONE', #172, #217 ) ;
#1947 = SURFACE_STYLE_USAGE ( .BOTH. , #1952 ) ;
#1948 = DIRECTION ( 'NONE',  ( 0.6782059721786389800, 0.0000000000000000000, 0.7348718659067220400 ) ) ;
#1949 = EDGE_CURVE ( 'NONE', #737, #2395, #349, .T. ) ;
#1950 = CARTESIAN_POINT ( 'NONE',  ( 2.140000000000001500, 0.0000000000000000000, -1.270000000000000000 ) ) ;
#1951 =( NAMED_UNIT ( * ) PLANE_ANGLE_UNIT ( ) SI_UNIT ( $, .RADIAN. ) );
#1952 = SURFACE_SIDE_STYLE ('',( #889 ) ) ;
#1953 = LINE ( 'NONE', #2709, #298 ) ;
#1954 = VERTEX_POINT ( 'NONE', #2216 ) ;
#1955 = ORIENTED_EDGE ( 'NONE', *, *, #2345, .F. ) ;
#1956 =( LENGTH_UNIT ( ) NAMED_UNIT ( * ) SI_UNIT ( .MILLI., .METRE. ) );
#1957 = FILL_AREA_STYLE_COLOUR ( '', #1986 ) ;
#1958 = EDGE_CURVE ( 'NONE', #760, #1954, #931, .T. ) ;
#1959 = CARTESIAN_POINT ( 'NONE',  ( 1.050000000000000000, -2.799999999999999400, -2.860000000000000300 ) ) ;
#1960 = DIRECTION ( 'NONE',  ( 1.000000000000000000, 0.0000000000000000000, 0.0000000000000000000 ) ) ;
#1961 = CARTESIAN_POINT ( 'NONE',  ( 1.050000000000000000, 11.70000000000000100, 0.3199999999999999000 ) ) ;
#1962 = PRESENTATION_LAYER_ASSIGNMENT (  '', '', ( #1816 ) ) ;
#1963 = FILL_AREA_STYLE ('',( #2008 ) ) ;
#1964 = ORIENTED_EDGE ( 'NONE', *, *, #770, .T. ) ;
#1965 =( LENGTH_UNIT ( ) NAMED_UNIT ( * ) SI_UNIT ( .MILLI., .METRE. ) );
#1966 =( GEOMETRIC_REPRESENTATION_CONTEXT ( 3 ) GLOBAL_UNCERTAINTY_ASSIGNED_CONTEXT ( ( #133 ) ) GLOBAL_UNIT_ASSIGNED_CONTEXT ( ( #1382, #1239, #972 ) ) REPRESENTATION_CONTEXT ( 'NONE', 'WORKASPACE' ) );
#1967 =( NAMED_UNIT ( * ) PLANE_ANGLE_UNIT ( ) SI_UNIT ( $, .RADIAN. ) );
#1968 = VECTOR ( 'NONE', #2006, 1000.000000000000000 ) ;
#1969 = CARTESIAN_POINT ( 'NONE',  ( 2.020000000000001400, 0.0000000000000000000, -3.810000000000000100 ) ) ;
#1970 = CARTESIAN_POINT ( 'NONE',  ( -1.050000000000000000, -2.799999999999999400, -0.3200000000000000600 ) ) ;
#1971 = PRESENTATION_LAYER_ASSIGNMENT (  '', '', ( #1682 ) ) ;
#1972 = DIRECTION ( 'NONE',  ( -0.0000000000000000000, -0.0000000000000000000, -1.000000000000000000 ) ) ;
#1973 = PRESENTATION_STYLE_ASSIGNMENT (( #866 ) ) ;
#1974 = AXIS2_PLACEMENT_3D ( 'NONE', #1435, #124, #1639 ) ;
#1975 = ORIENTED_EDGE ( 'NONE', *, *, #64, .F. ) ;
#1976 = SURFACE_STYLE_FILL_AREA ( #9 ) ;
#1977 = PRESENTATION_STYLE_ASSIGNMENT (( #2589 ) ) ;
#1978 =( LENGTH_UNIT ( ) NAMED_UNIT ( * ) SI_UNIT ( .MILLI., .METRE. ) );
#1979 = VECTOR ( 'NONE', #2191, 1000.000000000000000 ) ;
#1980 = VECTOR ( 'NONE', #2660, 1000.000000000000000 ) ;
#1981 = DIRECTION ( 'NONE',  ( 0.0000000000000000000, 0.0000000000000000000, 1.000000000000000000 ) ) ;
#1982 =( NAMED_UNIT ( * ) SI_UNIT ( $, .STERADIAN. ) SOLID_ANGLE_UNIT ( ) );
#1983 = PRESENTATION_STYLE_ASSIGNMENT (( #729 ) ) ;
#1984 = ORIENTED_EDGE ( 'NONE', *, *, #1, .T. ) ;
#1985 = VECTOR ( 'NONE', #464, 1000.000000000000000 ) ;
#1986 = COLOUR_RGB ( '',0.0000000000000000000, 0.003921568627450980300, 0.09019607843137254800 ) ;
#1987 = DIRECTION ( 'NONE',  ( 0.0000000000000000000, 1.000000000000000000, 0.0000000000000000000 ) ) ;
#1988 = EDGE_CURVE ( 'NONE', #2148, #1644, #861, .T. ) ;
#1989 = SURFACE_STYLE_USAGE ( .BOTH. , #491 ) ;
#1990 = COLOUR_RGB ( '',0.0000000000000000000, 0.003921568627450980300, 0.09019607843137254800 ) ;
#1991 = EDGE_CURVE ( 'NONE', #2079, #149, #2007, .T. ) ;
#1992 = VERTEX_POINT ( 'NONE', #2023 ) ;
#1993 = SURFACE_SIDE_STYLE ('',( #852 ) ) ;
#1994 = PLANE ( 'NONE',  #2244 ) ;
#1995 = ORIENTED_EDGE ( 'NONE', *, *, #589, .F. ) ;
#1996 = DIRECTION ( 'NONE',  ( -2.492418787322998300E-016, 0.0000000000000000000, -1.000000000000000000 ) ) ;
#1997 = FILL_AREA_STYLE ('',( #2582 ) ) ;
#1998 = SURFACE_STYLE_USAGE ( .BOTH. , #498 ) ;
#1999 = CARTESIAN_POINT ( 'NONE',  ( 2.140000000000000100, 1.700000000000000000, -3.810000000000000100 ) ) ;
#2000 = PRESENTATION_LAYER_ASSIGNMENT (  '', '', ( #1720 ) ) ;
#2001 = DIRECTION ( 'NONE',  ( -0.0000000000000000000, 1.000000000000000000, 0.0000000000000000000 ) ) ;
#2002 = ORIENTED_EDGE ( 'NONE', *, *, #2217, .F. ) ;
#2003 = SURFACE_STYLE_FILL_AREA ( #2694 ) ;
#2004 = STYLED_ITEM ( 'NONE', ( #1937 ), #84 ) ;
#2005 = ORIENTED_EDGE ( 'NONE', *, *, #354, .F. ) ;
#2006 = DIRECTION ( 'NONE',  ( 0.0000000000000000000, 1.000000000000000000, 0.0000000000000000000 ) ) ;
#2007 = LINE ( 'NONE', #953, #783 ) ;
#2008 = FILL_AREA_STYLE_COLOUR ( '', #1023 ) ;
#2009 =( GEOMETRIC_REPRESENTATION_CONTEXT ( 3 ) GLOBAL_UNCERTAINTY_ASSIGNED_CONTEXT ( ( #2553 ) ) GLOBAL_UNIT_ASSIGNED_CONTEXT ( ( #962, #2429, #1184 ) ) REPRESENTATION_CONTEXT ( 'NONE', 'WORKASPACE' ) );
#2010 = PRESENTATION_LAYER_ASSIGNMENT (  '', '', ( #1729 ) ) ;
#2011 = VECTOR ( 'NONE', #161, 1000.000000000000000 ) ;
#2012 = EDGE_CURVE ( 'NONE', #2301, #1762, #1381, .T. ) ;
#2013 = DIRECTION ( 'NONE',  ( 0.0000000000000000000, 1.000000000000000000, 0.0000000000000000000 ) ) ;
#2014 =( NAMED_UNIT ( * ) PLANE_ANGLE_UNIT ( ) SI_UNIT ( $, .RADIAN. ) );
#2015 = ORIENTED_EDGE ( 'NONE', *, *, #1740, .F. ) ;
#2016 = PRESENTATION_LAYER_ASSIGNMENT (  '', '', ( #1738 ) ) ;
#2017 = DIRECTION ( 'NONE',  ( 0.0000000000000000000, 1.000000000000000000, 0.0000000000000000000 ) ) ;
#2018 = FILL_AREA_STYLE_COLOUR ( '', #1103 ) ;
#2019 = VECTOR ( 'NONE', #1302, 1000.000000000000000 ) ;
#2020 = EDGE_LOOP ( 'NONE', ( #1797, #195, #2002, #1050, #1691, #1369, #2477, #1143 ) ) ;
#2021 = STYLED_ITEM ( 'NONE', ( #503 ), #70 ) ;
#2022 = VERTEX_POINT ( 'NONE', #1600 ) ;
#2023 = CARTESIAN_POINT ( 'NONE',  ( 0.9499999999999999600, -2.799999999999999400, -0.2200000000000000000 ) ) ;
#2024 = AXIS2_PLACEMENT_3D ( 'NONE', #342, #255, #246 ) ;
#2025 = ORIENTED_EDGE ( 'NONE', *, *, #2215, .F. ) ;
#2026 = SURFACE_SIDE_STYLE ('',( #826 ) ) ;
#2027 =( GEOMETRIC_REPRESENTATION_CONTEXT ( 3 ) GLOBAL_UNCERTAINTY_ASSIGNED_CONTEXT ( ( #910 ) ) GLOBAL_UNIT_ASSIGNED_CONTEXT ( ( #2715, #2554, #2340 ) ) REPRESENTATION_CONTEXT ( 'NONE', 'WORKASPACE' ) );
#2028 = ADVANCED_FACE ( 'NONE', ( #1865 ), #304, .T. ) ;
#2029 = FILL_AREA_STYLE ('',( #2616 ) ) ;
#2030 = CARTESIAN_POINT ( 'NONE',  ( 2.140000000000000100, 1.700000000000000000, -3.810000000000000100 ) ) ;
#2031 = SURFACE_STYLE_FILL_AREA ( #652 ) ;
#2032 = ORIENTED_EDGE ( 'NONE', *, *, #1521, .T. ) ;
#2033 = ADVANCED_FACE ( 'NONE', ( #3 ), #541, .T. ) ;
#2034 = LINE ( 'NONE', #1823, #2562 ) ;
#2035 = UNCERTAINTY_MEASURE_WITH_UNIT (LENGTH_MEASURE( 1.000000000000000100E-005 ), #982, 'distance_accuracy_value', 'NONE');
#2036 = VECTOR ( 'NONE', #695, 999.9999999999998900 ) ;
#2037 = CARTESIAN_POINT ( 'NONE',  ( 2.540000000000000900, 1.700000000000000000, -0.8700000000000006600 ) ) ;
#2038 = DIRECTION ( 'NONE',  ( -1.000000000000000000, -0.0000000000000000000, -0.0000000000000000000 ) ) ;
#2039 = LINE ( 'NONE', #1006, #1980 ) ;
#2040 = ORIENTED_EDGE ( 'NONE', *, *, #795, .F. ) ;
#2041 = ORIENTED_EDGE ( 'NONE', *, *, #549, .F. ) ;
#2042 = CARTESIAN_POINT ( 'NONE',  ( 0.9499999999999999600, 11.70000000000000100, -2.319999999999999800 ) ) ;
#2043 = ORIENTED_EDGE ( 'NONE', *, *, #54, .F. ) ;
#2044 =( GEOMETRIC_REPRESENTATION_CONTEXT ( 3 ) GLOBAL_UNCERTAINTY_ASSIGNED_CONTEXT ( ( #684 ) ) GLOBAL_UNIT_ASSIGNED_CONTEXT ( ( #854, #2333, #1082 ) ) REPRESENTATION_CONTEXT ( 'NONE', 'WORKASPACE' ) );
#2045 = FILL_AREA_STYLE ('',( #1616 ) ) ;
#2046 = VECTOR ( 'NONE', #1105, 1000.000000000000000 ) ;
#2047 = AXIS2_PLACEMENT_3D ( 'NONE', #946, #2413, #1174 ) ;
#2048 = CARTESIAN_POINT ( 'NONE',  ( -1.050000000000000000, -2.799999999999999400, -2.860000000000000300 ) ) ;
#2049 = ORIENTED_EDGE ( 'NONE', *, *, #2088, .T. ) ;
#2050 = VECTOR ( 'NONE', #377, 999.9999999999998900 ) ;
#2051 = PRESENTATION_LAYER_ASSIGNMENT (  '', '', ( #1774 ) ) ;
#2052 = DIRECTION ( 'NONE',  ( -0.6782059721786390900, 0.0000000000000000000, -0.7348718659067219300 ) ) ;
#2053 =( GEOMETRIC_REPRESENTATION_CONTEXT ( 3 ) GLOBAL_UNCERTAINTY_ASSIGNED_CONTEXT ( ( #283 ) ) GLOBAL_UNIT_ASSIGNED_CONTEXT ( ( #1118, #2557, #1342 ) ) REPRESENTATION_CONTEXT ( 'NONE', 'WORKASPACE' ) );
#2054 = MECHANICAL_DESIGN_GEOMETRIC_PRESENTATION_REPRESENTATION (  '', ( #1623 ), #2196 ) ;
#2055 = FILL_AREA_STYLE_COLOUR ( '', #1119 ) ;
#2056 = AXIS2_PLACEMENT_3D ( 'NONE', #2372, #2329, #2362 ) ;
#2057 = DIRECTION ( 'NONE',  ( -1.000000000000000000, -0.0000000000000000000, -0.0000000000000000000 ) ) ;
#2058 = ORIENTED_EDGE ( 'NONE', *, *, #2215, .T. ) ;
#2059 = ORIENTED_EDGE ( 'NONE', *, *, #1340, .F. ) ;
#2060 =( NAMED_UNIT ( * ) SI_UNIT ( $, .STERADIAN. ) SOLID_ANGLE_UNIT ( ) );
#2061 = VECTOR ( 'NONE', #444, 1000.000000000000000 ) ;
#2062 = FILL_AREA_STYLE ('',( #2055 ) ) ;
#2063 = CARTESIAN_POINT ( 'NONE',  ( -1.590000000000000300, -2.799999999999999400, -2.760000000000000200 ) ) ;
#2064 = CARTESIAN_POINT ( 'NONE',  ( 1.050000000000000000, -2.799999999999999400, -0.3200000000000001200 ) ) ;
#2065 = FACE_OUTER_BOUND ( 'NONE', #2640, .T. ) ;
#2066 = ORIENTED_EDGE ( 'NONE', *, *, #2129, .F. ) ;
#2067 = LINE ( 'NONE', #1269, #353 ) ;
#2068 = PRESENTATION_STYLE_ASSIGNMENT (( #604 ) ) ;
#2069 = CARTESIAN_POINT ( 'NONE',  ( 2.140000000000000100, 0.0000000000000000000, -1.270000000000000000 ) ) ;
#2070 = COLOUR_RGB ( '',0.7960784313725489700, 0.8235294117647058400, 0.9372549019607843100 ) ;
#2071 = DIRECTION ( 'NONE',  ( 1.000000000000000000, 0.0000000000000000000, 0.0000000000000000000 ) ) ;
#2072 = CARTESIAN_POINT ( 'NONE',  ( 0.9499999999999999600, 11.70000000000000100, -0.2200000000000000000 ) ) ;
#2073 = CARTESIAN_POINT ( 'NONE',  ( 2.540000000000000900, 1.700000000000000000, -0.8700000000000006600 ) ) ;
#2074 = FACE_OUTER_BOUND ( 'NONE', #683, .T. ) ;
#2075 = ORIENTED_EDGE ( 'NONE', *, *, #2692, .F. ) ;
#2076 = EDGE_LOOP ( 'NONE', ( #2135, #1791, #366, #818 ) ) ;
#2077 = LINE ( 'NONE', #625, #2019 ) ;
#2078 = EDGE_CURVE ( 'NONE', #829, #1654, #2034, .T. ) ;
#2079 = VERTEX_POINT ( 'NONE', #2042 ) ;
#2080 = FILL_AREA_STYLE ('',( #2674 ) ) ;
#2081 = ORIENTED_EDGE ( 'NONE', *, *, #2663, .T. ) ;
#2082 = FILL_AREA_STYLE ('',( #1238 ) ) ;
#2083 = DIRECTION ( 'NONE',  ( -0.7071067811865469100, -0.0000000000000000000, 0.7071067811865482400 ) ) ;
#2084 = DIRECTION ( 'NONE',  ( 0.0000000000000000000, 1.000000000000000000, 0.0000000000000000000 ) ) ;
#2085 = VECTOR ( 'NONE', #767, 1000.000000000000100 ) ;
#2086 = ADVANCED_FACE ( 'NONE', ( #891 ), #975, .F. ) ;
#2087 = VERTEX_POINT ( 'NONE', #2249 ) ;
#2088 = EDGE_CURVE ( 'NONE', #1554, #2087, #222, .T. ) ;
#2089 = CARTESIAN_POINT ( 'NONE',  ( 2.540000000000000900, 1.700000000000000000, -3.410000000000000600 ) ) ;
#2090 = VERTEX_POINT ( 'NONE', #2254 ) ;
#2091 = COLOUR_RGB ( '',0.0000000000000000000, 0.003921568627450980300, 0.09019607843137254800 ) ;
#2092 = SURFACE_SIDE_STYLE ('',( #177 ) ) ;
#2093 = CARTESIAN_POINT ( 'NONE',  ( 0.9499999999999999600, 11.70000000000000100, -2.760000000000000200 ) ) ;
#2094 = CARTESIAN_POINT ( 'NONE',  ( -2.019999999999999600, 0.2999999999999999900, 1.270000000000000000 ) ) ;
#2095 = DIRECTION ( 'NONE',  ( -0.0000000000000000000, -0.0000000000000000000, 1.000000000000000000 ) ) ;
#2096 = SURFACE_SIDE_STYLE ('',( #1040 ) ) ;
#2097 = DIRECTION ( 'NONE',  ( 0.7071067811865474600, 0.0000000000000000000, 0.7071067811865474600 ) ) ;
#2098 = COLOUR_RGB ( '',0.7960784313725489700, 0.8235294117647058400, 0.9372549019607843100 ) ;
#2099 = VECTOR ( 'NONE', #1312, 1000.000000000000000 ) ;
#2100 = MECHANICAL_DESIGN_GEOMETRIC_PRESENTATION_REPRESENTATION (  '', ( #1816 ), #2228 ) ;
#2101 = ADVANCED_FACE ( 'NONE', ( #791 ), #2447, .F. ) ;
#2102 =( NAMED_UNIT ( * ) PLANE_ANGLE_UNIT ( ) SI_UNIT ( $, .RADIAN. ) );
#2103 = STYLED_ITEM ( 'NONE', ( #435 ), #1403 ) ;
#2104 = DIRECTION ( 'NONE',  ( 0.0000000000000000000, -0.0000000000000000000, 1.000000000000000000 ) ) ;
#2105 = FILL_AREA_STYLE ('',( #151 ) ) ;
#2106 = SURFACE_STYLE_FILL_AREA ( #2699 ) ;
#2107 = SURFACE_STYLE_USAGE ( .BOTH. , #596 ) ;
#2108 = FILL_AREA_STYLE ('',( #1101 ) ) ;
#2109 = SURFACE_STYLE_FILL_AREA ( #788 ) ;
#2110 = MECHANICAL_DESIGN_GEOMETRIC_PRESENTATION_REPRESENTATION (  '', ( #1682 ), #2239 ) ;
#2111 = PRESENTATION_LAYER_ASSIGNMENT (  '', '', ( #1825 ) ) ;
#2112 = STYLED_ITEM ( 'NONE', ( #1880 ), #395 ) ;
#2113 =( LENGTH_UNIT ( ) NAMED_UNIT ( * ) SI_UNIT ( .MILLI., .METRE. ) );
#2114 = UNCERTAINTY_MEASURE_WITH_UNIT (LENGTH_MEASURE( 1.000000000000000100E-005 ), #1632, 'distance_accuracy_value', 'NONE');
#2115 = CARTESIAN_POINT ( 'NONE',  ( -1.490000000000000000, -2.799999999999999400, -2.860000000000000300 ) ) ;
#2116 = FILL_AREA_STYLE ('',( #607 ) ) ;
#2117 = FILL_AREA_STYLE_COLOUR ( '', #858 ) ;
#2118 = VECTOR ( 'NONE', #1316, 1000.000000000000000 ) ;
#2119 = CARTESIAN_POINT ( 'NONE',  ( 1.590000000000000100, -2.799999999999999400, -2.760000000000000200 ) ) ;
#2120 = VECTOR ( 'NONE', #1452, 1000.000000000000000 ) ;
#2121 = CARTESIAN_POINT ( 'NONE',  ( 0.9499999999999999600, -2.799999999999999400, -2.319999999999999800 ) ) ;
#2122 =( NAMED_UNIT ( * ) PLANE_ANGLE_UNIT ( ) SI_UNIT ( $, .RADIAN. ) );
#2123 = UNCERTAINTY_MEASURE_WITH_UNIT (LENGTH_MEASURE( 1.000000000000000100E-005 ), #993, 'distance_accuracy_value', 'NONE');
#2124 = CARTESIAN_POINT ( 'NONE',  ( 2.140000000000000100, 1.700000000000000000, -1.270000000000000000 ) ) ;
#2125 = CARTESIAN_POINT ( 'NONE',  ( -2.140000000000000600, 1.700000000000000000, -3.810000000000000100 ) ) ;
#2126 = EDGE_LOOP ( 'NONE', ( #251, #1009, #136, #1186 ) ) ;
#2127 = EDGE_CURVE ( 'NONE', #1085, #1199, #1121, .T. ) ;
#2128 = DIRECTION ( 'NONE',  ( 1.000000000000000000, 0.0000000000000000000, 0.0000000000000000000 ) ) ;
#2129 = EDGE_CURVE ( 'NONE', #2148, #718, #1674, .T. ) ;
#2130 = SURFACE_STYLE_USAGE ( .BOTH. , #622 ) ;
#2131 = LINE ( 'NONE', #2119, #2347 ) ;
#2132 = DIRECTION ( 'NONE',  ( -0.7071067811865489100, -0.0000000000000000000, -0.7071067811865461300 ) ) ;
#2133 = VECTOR ( 'NONE', #658, 1000.000000000000000 ) ;
#2134 = CARTESIAN_POINT ( 'NONE',  ( 1.050000000000000000, -2.799999999999999400, -2.860000000000000300 ) ) ;
#2135 = ORIENTED_EDGE ( 'NONE', *, *, #2692, .T. ) ;
#2136 = FILL_AREA_STYLE_COLOUR ( '', #1449 ) ;
#2137 = SURFACE_STYLE_FILL_AREA ( #1929 ) ;
#2138 = STYLED_ITEM ( 'NONE', ( #2675 ), #2478 ) ;
#2139 = SURFACE_STYLE_USAGE ( .BOTH. , #634 ) ;
#2140 = CARTESIAN_POINT ( 'NONE',  ( 2.140000000000000100, 1.700000000000000000, -3.810000000000000100 ) ) ;
#2141 = VECTOR ( 'NONE', #2433, 999.9999999999998900 ) ;
#2142 = CARTESIAN_POINT ( 'NONE',  ( -1.050000000000000000, 11.70000000000000100, -0.3200000000000000600 ) ) ;
#2143 =( NAMED_UNIT ( * ) SI_UNIT ( $, .STERADIAN. ) SOLID_ANGLE_UNIT ( ) );
#2144 = EDGE_LOOP ( 'NONE', ( #952, #2149, #941, #1273, #273, #1914, #495, #2586 ) ) ;
#2145 = CARTESIAN_POINT ( 'NONE',  ( -1.490000000000000200, 11.70000000000000100, 0.3199999999999998400 ) ) ;
#2146 = VECTOR ( 'NONE', #1139, 1000.000000000000100 ) ;
#2147 = PRESENTATION_LAYER_ASSIGNMENT (  '', '', ( #2004 ) ) ;
#2148 = VERTEX_POINT ( 'NONE', #1855 ) ;
#2149 = ORIENTED_EDGE ( 'NONE', *, *, #1374, .T. ) ;
#2150 = MECHANICAL_DESIGN_GEOMETRIC_PRESENTATION_REPRESENTATION (  '', ( #1729 ), #2271 ) ;
#2151 = SURFACE_STYLE_FILL_AREA ( #199 ) ;
#2152 = CARTESIAN_POINT ( 'NONE',  ( -1.590000000000000300, -2.799999999999999400, -0.2200000000000002500 ) ) ;
#2153 = EDGE_CURVE ( 'NONE', #718, #1554, #1605, .T. ) ;
#2154 = ORIENTED_EDGE ( 'NONE', *, *, #825, .T. ) ;
#2155 = SURFACE_SIDE_STYLE ('',( #2031 ) ) ;
#2156 =( LENGTH_UNIT ( ) NAMED_UNIT ( * ) SI_UNIT ( .MILLI., .METRE. ) );
#2157 = LINE ( 'NONE', #1843, #2085 ) ;
#2158 = DIRECTION ( 'NONE',  ( -0.7071067811865470200, 0.0000000000000000000, -0.7071067811865481300 ) ) ;
#2159 = PRESENTATION_STYLE_ASSIGNMENT (( #1480 ) ) ;
#2160 = CARTESIAN_POINT ( 'NONE',  ( -0.9499999999999999600, -2.799999999999999400, -0.2199999999999999700 ) ) ;
#2161 = ORIENTED_EDGE ( 'NONE', *, *, #1949, .T. ) ;
#2162 = MECHANICAL_DESIGN_GEOMETRIC_PRESENTATION_REPRESENTATION (  '', ( #1738 ), #2278 ) ;
#2163 = PLANE ( 'NONE',  #2263 ) ;
#2164 = PRESENTATION_LAYER_ASSIGNMENT (  '', '', ( #2021 ) ) ;
#2165 = VERTEX_POINT ( 'NONE', #1236 ) ;
#2166 = FILL_AREA_STYLE ('',( #1735 ) ) ;
#2167 = PRESENTATION_LAYER_ASSIGNMENT (  '', '', ( #1877 ) ) ;
#2168 = CARTESIAN_POINT ( 'NONE',  ( -1.050000000000000000, -2.799999999999999400, -2.860000000000000300 ) ) ;
#2169 = DIRECTION ( 'NONE',  ( 0.0000000000000000000, 1.000000000000000000, 0.0000000000000000000 ) ) ;
#2170 =( NAMED_UNIT ( * ) SI_UNIT ( $, .STERADIAN. ) SOLID_ANGLE_UNIT ( ) );
#2171 = LINE ( 'NONE', #2089, #2489 ) ;
#2172 = FILL_AREA_STYLE ('',( #1957 ) ) ;
#2173 = COLOUR_RGB ( '',0.7921568627450980000, 0.8196078431372548800, 0.9333333333333333500 ) ;
#2174 = CARTESIAN_POINT ( 'NONE',  ( 0.9499999999999999600, 11.70000000000000100, -0.2200000000000000000 ) ) ;
#2175 = CARTESIAN_POINT ( 'NONE',  ( 2.140000000000000100, 1.700000000000000000, -1.270000000000000000 ) ) ;
#2176 = ORIENTED_EDGE ( 'NONE', *, *, #370, .F. ) ;
#2177 = DIRECTION ( 'NONE',  ( 0.7071067811865481300, 0.0000000000000000000, -0.7071067811865470200 ) ) ;
#2178 = LINE ( 'NONE', #1647, #473 ) ;
#2179 =( NAMED_UNIT ( * ) SI_UNIT ( $, .STERADIAN. ) SOLID_ANGLE_UNIT ( ) );
#2180 = VECTOR ( 'NONE', #717, 999.9999999999998900 ) ;
#2181 = VECTOR ( 'NONE', #870, 1000.000000000000000 ) ;
#2182 = DIRECTION ( 'NONE',  ( -1.000000000000000000, -0.0000000000000000000, -1.232047923278982200E-016 ) ) ;
#2183 = LINE ( 'NONE', #865, #1559 ) ;
#2184 =( NAMED_UNIT ( * ) SI_UNIT ( $, .STERADIAN. ) SOLID_ANGLE_UNIT ( ) );
#2185 = LINE ( 'NONE', #1652, #1612 ) ;
#2186 = PRODUCT_CONTEXT ( 'NONE', #1131, 'mechanical' ) ;
#2187 = CARTESIAN_POINT ( 'NONE',  ( 1.590000000000000100, -2.799999999999999400, -2.760000000000000200 ) ) ;
#2188 = CARTESIAN_POINT ( 'NONE',  ( 1.050000000000000000, 11.70000000000000100, 0.3199999999999999000 ) ) ;
#2189 = PRESENTATION_LAYER_ASSIGNMENT (  '', '', ( #1908 ) ) ;
#2190 = UNCERTAINTY_MEASURE_WITH_UNIT (LENGTH_MEASURE( 1.000000000000000100E-005 ), #1015, 'distance_accuracy_value', 'NONE');
#2191 = DIRECTION ( 'NONE',  ( 1.000000000000000000, 0.0000000000000000000, 0.0000000000000000000 ) ) ;
#2192 = UNCERTAINTY_MEASURE_WITH_UNIT (LENGTH_MEASURE( 1.000000000000000100E-005 ), #1641, 'distance_accuracy_value', 'NONE');
#2193 =( NAMED_UNIT ( * ) PLANE_ANGLE_UNIT ( ) SI_UNIT ( $, .RADIAN. ) );
#2194 = MECHANICAL_DESIGN_GEOMETRIC_PRESENTATION_REPRESENTATION (  '', ( #1774 ), #2318 ) ;
#2195 = DIRECTION ( 'NONE',  ( 2.492418787322998300E-016, 0.0000000000000000000, 1.000000000000000000 ) ) ;
#2196 =( GEOMETRIC_REPRESENTATION_CONTEXT ( 3 ) GLOBAL_UNCERTAINTY_ASSIGNED_CONTEXT ( ( #2492 ) ) GLOBAL_UNIT_ASSIGNED_CONTEXT ( ( #1530, #2378, #1138 ) ) REPRESENTATION_CONTEXT ( 'NONE', 'WORKASPACE' ) );
#2197 = PRESENTATION_LAYER_ASSIGNMENT (  '', '', ( #1923 ) ) ;
#2198 = FILL_AREA_STYLE_COLOUR ( '', #2497 ) ;
#2199 = SURFACE_STYLE_USAGE ( .BOTH. , #704 ) ;
#2200 =( NAMED_UNIT ( * ) PLANE_ANGLE_UNIT ( ) SI_UNIT ( $, .RADIAN. ) );
#2201 = UNCERTAINTY_MEASURE_WITH_UNIT (LENGTH_MEASURE( 1.000000000000000100E-005 ), #2676, 'distance_accuracy_value', 'NONE');
#2202 = PLANE ( 'NONE',  #2424 ) ;
#2203 = LINE ( 'NONE', #2242, #2141 ) ;
#2204 = ORIENTED_EDGE ( 'NONE', *, *, #1988, .F. ) ;
#2205 = ORIENTED_EDGE ( 'NONE', *, *, #2396, .F. ) ;
#2206 = VECTOR ( 'NONE', #1251, 1000.000000000000000 ) ;
#2207 = SURFACE_SIDE_STYLE ('',( #1711 ) ) ;
#2208 = DIRECTION ( 'NONE',  ( -0.7071067811865477900, -0.0000000000000000000, -0.7071067811865473500 ) ) ;
#2209 = CARTESIAN_POINT ( 'NONE',  ( 0.9499999999999999600, -2.799999999999999400, 0.2200000000000000600 ) ) ;
#2210 = EDGE_LOOP ( 'NONE', ( #595, #46, #2005, #275 ) ) ;
#2211 = LINE ( 'NONE', #17, #2662 ) ;
#2212 = VERTEX_POINT ( 'NONE', #2069 ) ;
#2213 = VECTOR ( 'NONE', #1233, 999.9999999999998900 ) ;
#2214 = ORIENTED_EDGE ( 'NONE', *, *, #1532, .T. ) ;
#2215 = EDGE_CURVE ( 'NONE', #743, #846, #2226, .T. ) ;
#2216 = CARTESIAN_POINT ( 'NONE',  ( 2.540000000000000900, 0.0000000000000000000, -0.8700000000000006600 ) ) ;
#2217 = EDGE_CURVE ( 'NONE', #25, #1992, #2178, .T. ) ;
#2218 = ADVANCED_FACE ( 'NONE', ( #969 ), #358, .T. ) ;
#2219 = MANIFOLD_SOLID_BREP ( 'Boss-Extrude2[1]', #1828 ) ;
#2220 =( LENGTH_UNIT ( ) NAMED_UNIT ( * ) SI_UNIT ( .MILLI., .METRE. ) );
#2221 = VERTEX_POINT ( 'NONE', #1457 ) ;
#2222 = PRESENTATION_STYLE_ASSIGNMENT (( #2238 ) ) ;
#2223 = LINE ( 'NONE', #489, #1114 ) ;
#2224 = LINE ( 'NONE', #2121, #1116 ) ;
#2225 = PRESENTATION_STYLE_ASSIGNMENT (( #2264 ) ) ;
#2226 = LINE ( 'NONE', #777, #2626 ) ;
#2227 = SURFACE_STYLE_USAGE ( .BOTH. , #739 ) ;
#2228 =( GEOMETRIC_REPRESENTATION_CONTEXT ( 3 ) GLOBAL_UNCERTAINTY_ASSIGNED_CONTEXT ( ( #390 ) ) GLOBAL_UNIT_ASSIGNED_CONTEXT ( ( #592, #2102, #810 ) ) REPRESENTATION_CONTEXT ( 'NONE', 'WORKASPACE' ) );
#2229 = LINE ( 'NONE', #1794, #2180 ) ;
#2230 = CARTESIAN_POINT ( 'NONE',  ( 2.140000000000001500, 0.0000000000000000000, 1.270000000000000000 ) ) ;
#2231 = ADVANCED_FACE ( 'NONE', ( #1154 ), #1671, .T. ) ;
#2232 = ORIENTED_EDGE ( 'NONE', *, *, #2469, .T. ) ;
#2233 = AXIS2_PLACEMENT_3D ( 'NONE', #2187, #902, #2380 ) ;
#2234 = DIRECTION ( 'NONE',  ( 0.0000000000000000000, 0.0000000000000000000, 1.000000000000000000 ) ) ;
#2235 = VECTOR ( 'NONE', #166, 999.9999999999998900 ) ;
#2236 = STYLED_ITEM ( 'NONE', ( #1456 ), #153 ) ;
#2237 = VECTOR ( 'NONE', #2654, 1000.000000000000000 ) ;
#2238 = SURFACE_STYLE_USAGE ( .BOTH. , #745 ) ;
#2239 =( GEOMETRIC_REPRESENTATION_CONTEXT ( 3 ) GLOBAL_UNCERTAINTY_ASSIGNED_CONTEXT ( ( #67 ) ) GLOBAL_UNIT_ASSIGNED_CONTEXT ( ( #1048, #2504, #1278 ) ) REPRESENTATION_CONTEXT ( 'NONE', 'WORKASPACE' ) );
#2240 = MECHANICAL_DESIGN_GEOMETRIC_PRESENTATION_REPRESENTATION (  '', ( #1825 ), #2374 ) ;
#2241 = ORIENTED_EDGE ( 'NONE', *, *, #1419, .F. ) ;
#2242 = CARTESIAN_POINT ( 'NONE',  ( 1.490000000000000000, -2.799999999999999400, -2.860000000000000300 ) ) ;
#2243 = ORIENTED_EDGE ( 'NONE', *, *, #2351, .T. ) ;
#2244 = AXIS2_PLACEMENT_3D ( 'NONE', #1345, #1335, #1305 ) ;
#2245 = CARTESIAN_POINT ( 'NONE',  ( -1.590000000000000300, 11.70000000000000100, -2.760000000000000200 ) ) ;
#2246 = ORIENTED_EDGE ( 'NONE', *, *, #1340, .T. ) ;
#2247 = ADVANCED_FACE ( 'NONE', ( #936 ), #158, .T. ) ;
#2248 = VERTEX_POINT ( 'NONE', #392 ) ;
#2249 = CARTESIAN_POINT ( 'NONE',  ( 2.140000000000000100, 1.700000000000000000, -1.270000000000000000 ) ) ;
#2250 = SURFACE_STYLE_USAGE ( .BOTH. , #756 ) ;
#2251 = ORIENTED_EDGE ( 'NONE', *, *, #455, .T. ) ;
#2252 = EDGE_CURVE ( 'NONE', #2731, #1644, #1871, .T. ) ;
#2253 = SURFACE_STYLE_FILL_AREA ( #1898 ) ;
#2254 = CARTESIAN_POINT ( 'NONE',  ( -0.9499999999999999600, -2.799999999999999400, 0.2200000000000000800 ) ) ;
#2255 = EDGE_CURVE ( 'NONE', #957, #2613, #726, .T. ) ;
#2256 = LINE ( 'NONE', #66, #1507 ) ;
#2257 = SURFACE_STYLE_USAGE ( .BOTH. , #766 ) ;
#2258 = ORIENTED_EDGE ( 'NONE', *, *, #2469, .F. ) ;
#2259 = COLOUR_RGB ( '',0.02745098039215686200, 0.003921568627450980300, 0.0000000000000000000 ) ;
#2260 = LINE ( 'NONE', #2030, #2710 ) ;
#2261 = EDGE_CURVE ( 'NONE', #143, #1679, #1324, .T. ) ;
#2262 = UNCERTAINTY_MEASURE_WITH_UNIT (LENGTH_MEASURE( 1.000000000000000100E-005 ), #1063, 'distance_accuracy_value', 'NONE');
#2263 = AXIS2_PLACEMENT_3D ( 'NONE', #2376, #1136, #2569 ) ;
#2264 = SURFACE_STYLE_USAGE ( .BOTH. , #772 ) ;
#2265 = DIRECTION ( 'NONE',  ( -1.000000000000000000, 0.0000000000000000000, -0.0000000000000000000 ) ) ;
#2266 =( NAMED_UNIT ( * ) PLANE_ANGLE_UNIT ( ) SI_UNIT ( $, .RADIAN. ) );
#2267 = MECHANICAL_DESIGN_GEOMETRIC_PRESENTATION_REPRESENTATION (  '', ( #2004 ), #2404 ) ;
#2268 = FILL_AREA_STYLE_COLOUR ( '', #2437 ) ;
#2269 = STYLED_ITEM ( 'NONE', ( #2222 ), #2033 ) ;
#2270 = DIRECTION ( 'NONE',  ( 0.0000000000000000000, 1.000000000000000000, 0.0000000000000000000 ) ) ;
#2271 =( GEOMETRIC_REPRESENTATION_CONTEXT ( 3 ) GLOBAL_UNCERTAINTY_ASSIGNED_CONTEXT ( ( #1748 ) ) GLOBAL_UNIT_ASSIGNED_CONTEXT ( ( #1655, #1643, #1503 ) ) REPRESENTATION_CONTEXT ( 'NONE', 'WORKASPACE' ) );
#2272 = ORIENTED_EDGE ( 'NONE', *, *, #2734, .F. ) ;
#2273 = DIRECTION ( 'NONE',  ( 0.0000000000000000000, 0.0000000000000000000, 1.000000000000000000 ) ) ;
#2274 = VERTEX_POINT ( 'NONE', #2511 ) ;
#2275 = EDGE_CURVE ( 'NONE', #1188, #917, #79, .T. ) ;
#2276 =( LENGTH_UNIT ( ) NAMED_UNIT ( * ) SI_UNIT ( .MILLI., .METRE. ) );
#2277 = SURFACE_SIDE_STYLE ('',( #2109 ) ) ;
#2278 =( GEOMETRIC_REPRESENTATION_CONTEXT ( 3 ) GLOBAL_UNCERTAINTY_ASSIGNED_CONTEXT ( ( #468 ) ) GLOBAL_UNIT_ASSIGNED_CONTEXT ( ( #1933, #639, #2143 ) ) REPRESENTATION_CONTEXT ( 'NONE', 'WORKASPACE' ) );
#2279 = SURFACE_STYLE_USAGE ( .BOTH. , #790 ) ;
#2280 = ORIENTED_EDGE ( 'NONE', *, *, #2078, .F. ) ;
#2281 = MECHANICAL_DESIGN_GEOMETRIC_PRESENTATION_REPRESENTATION (  '', ( #2021 ), #2419 ) ;
#2282 = ORIENTED_EDGE ( 'NONE', *, *, #770, .F. ) ;
#2283 = MECHANICAL_DESIGN_GEOMETRIC_PRESENTATION_REPRESENTATION (  '', ( #1877 ), #2421 ) ;
#2284 = ORIENTED_EDGE ( 'NONE', *, *, #648, .F. ) ;
#2285 = VECTOR ( 'NONE', #178, 1000.000000000000000 ) ;
#2286 = STYLED_ITEM ( 'NONE', ( #1601 ), #307 ) ;
#2287 =( LENGTH_UNIT ( ) NAMED_UNIT ( * ) SI_UNIT ( .MILLI., .METRE. ) );
#2288 = ADVANCED_FACE ( 'NONE', ( #1750 ), #1704, .T. ) ;
#2289 =( NAMED_UNIT ( * ) SI_UNIT ( $, .STERADIAN. ) SOLID_ANGLE_UNIT ( ) );
#2290 = VECTOR ( 'NONE', #1281, 1000.000000000000100 ) ;
#2291 = PRESENTATION_STYLE_ASSIGNMENT (( #653 ) ) ;
#2292 = ORIENTED_EDGE ( 'NONE', *, *, #2252, .F. ) ;
#2293 = CARTESIAN_POINT ( 'NONE',  ( -1.050000000000000000, -2.799999999999999400, -0.3200000000000000600 ) ) ;
#2294 =( NAMED_UNIT ( * ) PLANE_ANGLE_UNIT ( ) SI_UNIT ( $, .RADIAN. ) );
#2295 = SURFACE_STYLE_USAGE ( .BOTH. , #813 ) ;
#2296 =( NAMED_UNIT ( * ) PLANE_ANGLE_UNIT ( ) SI_UNIT ( $, .RADIAN. ) );
#2297 = ORIENTED_EDGE ( 'NONE', *, *, #1840, .F. ) ;
#2298 = SURFACE_SIDE_STYLE ('',( #1177 ) ) ;
#2299 = ADVANCED_FACE ( 'NONE', ( #2623 ), #1931, .T. ) ;
#2300 =( NAMED_UNIT ( * ) SI_UNIT ( $, .STERADIAN. ) SOLID_ANGLE_UNIT ( ) );
#2301 = VERTEX_POINT ( 'NONE', #412 ) ;
#2302 = CARTESIAN_POINT ( 'NONE',  ( 0.9499999999999999600, 11.70000000000000100, 0.2200000000000000600 ) ) ;
#2303 = SURFACE_STYLE_USAGE ( .BOTH. , #820 ) ;
#2304 = PLANE ( 'NONE',  #1918 ) ;
#2305 = SURFACE_SIDE_STYLE ('',( #118 ) ) ;
#2306 = DIRECTION ( 'NONE',  ( 0.0000000000000000000, 1.000000000000000000, 0.0000000000000000000 ) ) ;
#2307 = VERTEX_POINT ( 'NONE', #1730 ) ;
#2308 = STYLED_ITEM ( 'NONE', ( #694 ), #2414 ) ;
#2309 = DIRECTION ( 'NONE',  ( -0.7071067811865469100, -0.0000000000000000000, 0.7071067811865482400 ) ) ;
#2310 = MECHANICAL_DESIGN_GEOMETRIC_PRESENTATION_REPRESENTATION (  '', ( #1908 ), #2443 ) ;
#2311 = LINE ( 'NONE', #1164, #40 ) ;
#2312 = SURFACE_STYLE_USAGE ( .BOTH. , #830 ) ;
#2313 = EDGE_LOOP ( 'NONE', ( #837, #61, #1617, #1299 ) ) ;
#2314 = LINE ( 'NONE', #1739, #1777 ) ;
#2315 = DIRECTION ( 'NONE',  ( 0.7071067811865489100, 0.0000000000000000000, 0.7071067811865461300 ) ) ;
#2316 = CARTESIAN_POINT ( 'NONE',  ( -2.539999999999999600, 0.0000000000000000000, 0.8365789473684214200 ) ) ;
#2317 = SURFACE_STYLE_USAGE ( .BOTH. , #2298 ) ;
#2318 =( GEOMETRIC_REPRESENTATION_CONTEXT ( 3 ) GLOBAL_UNCERTAINTY_ASSIGNED_CONTEXT ( ( #2330 ) ) GLOBAL_UNIT_ASSIGNED_CONTEXT ( ( #1712, #418, #1926 ) ) REPRESENTATION_CONTEXT ( 'NONE', 'WORKASPACE' ) );
#2319 = STYLED_ITEM ( 'NONE', ( #633 ), #1187 ) ;
#2320 = MECHANICAL_DESIGN_GEOMETRIC_PRESENTATION_REPRESENTATION (  '', ( #1923 ), #2453 ) ;
#2321 =( NAMED_UNIT ( * ) PLANE_ANGLE_UNIT ( ) SI_UNIT ( $, .RADIAN. ) );
#2322 = VERTEX_POINT ( 'NONE', #434 ) ;
#2323 = DIRECTION ( 'NONE',  ( 0.0000000000000000000, 1.000000000000000000, 0.0000000000000000000 ) ) ;
#2324 = VECTOR ( 'NONE', #2182, 1000.000000000000000 ) ;
#2325 = CARTESIAN_POINT ( 'NONE',  ( 1.590000000000000100, 11.70000000000000100, -0.2200000000000001400 ) ) ;
#2326 = ORIENTED_EDGE ( 'NONE', *, *, #337, .F. ) ;
#2327 = DIRECTION ( 'NONE',  ( 1.000000000000000000, 0.0000000000000000000, 0.0000000000000000000 ) ) ;
#2328 = FACE_OUTER_BOUND ( 'NONE', #2126, .T. ) ;
#2329 = DIRECTION ( 'NONE',  ( -0.7071067811865464600, 0.0000000000000000000, 0.7071067811865486800 ) ) ;
#2330 = UNCERTAINTY_MEASURE_WITH_UNIT (LENGTH_MEASURE( 1.000000000000000100E-005 ), #1712, 'distance_accuracy_value', 'NONE');
#2331 = CARTESIAN_POINT ( 'NONE',  ( -1.590000000000000300, -2.799999999999999400, 0.2199999999999998100 ) ) ;
#2332 = COLOUR_RGB ( '',0.7921568627450980000, 0.8196078431372548800, 0.9333333333333333500 ) ;
#2333 =( NAMED_UNIT ( * ) PLANE_ANGLE_UNIT ( ) SI_UNIT ( $, .RADIAN. ) );
#2334 = FILL_AREA_STYLE ('',( #843 ) ) ;
#2335 = DIRECTION ( 'NONE',  ( 1.000000000000000000, 0.0000000000000000000, 1.232047923278982200E-016 ) ) ;
#2336 = CARTESIAN_POINT ( 'NONE',  ( 0.0000000000000000000, 0.0000000000000000000, 0.0000000000000000000 ) ) ;
#2337 = ORIENTED_EDGE ( 'NONE', *, *, #2255, .T. ) ;
#2338 = STYLED_ITEM ( 'NONE', ( #485 ), #735 ) ;
#2339 = FILL_AREA_STYLE ('',( #2735 ) ) ;
#2340 =( NAMED_UNIT ( * ) SI_UNIT ( $, .STERADIAN. ) SOLID_ANGLE_UNIT ( ) );
#2341 = ORIENTED_EDGE ( 'NONE', *, *, #549, .T. ) ;
#2342 = DIRECTION ( 'NONE',  ( -0.0000000000000000000, -1.000000000000000000, -0.0000000000000000000 ) ) ;
#2343 =( LENGTH_UNIT ( ) NAMED_UNIT ( * ) SI_UNIT ( .MILLI., .METRE. ) );
#2344 =( NAMED_UNIT ( * ) SI_UNIT ( $, .STERADIAN. ) SOLID_ANGLE_UNIT ( ) );
#2345 = EDGE_CURVE ( 'NONE', #2650, #1804, #257, .T. ) ;
#2346 = LINE ( 'NONE', #2134, #1602 ) ;
#2347 = VECTOR ( 'NONE', #2306, 1000.000000000000000 ) ;
#2348 = DIRECTION ( 'NONE',  ( -0.0000000000000000000, -0.0000000000000000000, -1.000000000000000000 ) ) ;
#2349 = ORIENTED_EDGE ( 'NONE', *, *, #219, .T. ) ;
#2350 = PRESENTATION_STYLE_ASSIGNMENT (( #2130 ) ) ;
#2351 = EDGE_CURVE ( 'NONE', #2386, #2022, #754, .T. ) ;
#2352 = SURFACE_STYLE_USAGE ( .BOTH. , #876 ) ;
#2353 = DIRECTION ( 'NONE',  ( 0.7348718659067219300, 0.0000000000000000000, -0.6782059721786390900 ) ) ;
#2354 = SURFACE_STYLE_FILL_AREA ( #441 ) ;
#2355 = CARTESIAN_POINT ( 'NONE',  ( -2.540000000000000000, 1.700000000000000000, -3.443421052631578900 ) ) ;
#2356 = ORIENTED_EDGE ( 'NONE', *, *, #2474, .F. ) ;
#2357 = SURFACE_STYLE_USAGE ( .BOTH. , #884 ) ;
#2358 = COLOUR_RGB ( '',0.7960784313725489700, 0.8235294117647058400, 0.9372549019607843100 ) ;
#2359 = CARTESIAN_POINT ( 'NONE',  ( 2.020000000000001400, 0.0000000000000000000, 1.270000000000000000 ) ) ;
#2360 = CARTESIAN_POINT ( 'NONE',  ( 1.050000000000000000, 11.70000000000000100, -2.220000000000000200 ) ) ;
#2361 = DIRECTION ( 'NONE',  ( -0.0000000000000000000, -1.000000000000000000, -0.0000000000000000000 ) ) ;
#2362 = DIRECTION ( 'NONE',  ( 0.7071067811865486800, 0.0000000000000000000, 0.7071067811865464600 ) ) ;
#2363 = DIRECTION ( 'NONE',  ( 0.0000000000000000000, 1.000000000000000000, 0.0000000000000000000 ) ) ;
#2364 = LINE ( 'NONE', #1110, #2206 ) ;
#2365 = PRESENTATION_LAYER_ASSIGNMENT (  '', '', ( #2103 ) ) ;
#2366 = CARTESIAN_POINT ( 'NONE',  ( 0.0000000000000000000, -2.799999999999999400, -2.540000000000000000 ) ) ;
#2367 = LINE ( 'NONE', #245, #2647 ) ;
#2368 = AXIS2_PLACEMENT_3D ( 'NONE', #501, #59, #2097 ) ;
#2369 = ORIENTED_EDGE ( 'NONE', *, *, #1837, .F. ) ;
#2370 = PLANE ( 'NONE',  #2233 ) ;
#2371 = STYLED_ITEM ( 'NONE', ( #1591 ), #968 ) ;
#2372 = CARTESIAN_POINT ( 'NONE',  ( 0.9499999999999999600, -2.799999999999999400, 0.2200000000000000600 ) ) ;
#2373 = CARTESIAN_POINT ( 'NONE',  ( -1.590000000000000300, -2.799999999999999400, -2.320000000000000300 ) ) ;
#2374 =( GEOMETRIC_REPRESENTATION_CONTEXT ( 3 ) GLOBAL_UNCERTAINTY_ASSIGNED_CONTEXT ( ( #2190 ) ) GLOBAL_UNIT_ASSIGNED_CONTEXT ( ( #1015, #2472, #1247 ) ) REPRESENTATION_CONTEXT ( 'NONE', 'WORKASPACE' ) );
#2375 = PRESENTATION_LAYER_ASSIGNMENT (  '', '', ( #2112 ) ) ;
#2376 = CARTESIAN_POINT ( 'NONE',  ( -1.590000000000000300, -2.799999999999999400, 0.2199999999999998100 ) ) ;
#2377 = ORIENTED_EDGE ( 'NONE', *, *, #1799, .T. ) ;
#2378 =( NAMED_UNIT ( * ) PLANE_ANGLE_UNIT ( ) SI_UNIT ( $, .RADIAN. ) );
#2379 = APPLICATION_PROTOCOL_DEFINITION ( 'draft international standard', 'automotive_design', 1998, #901 ) ;
#2380 = DIRECTION ( 'NONE',  ( 0.0000000000000000000, 0.0000000000000000000, -1.000000000000000000 ) ) ;
#2381 = ORIENTED_EDGE ( 'NONE', *, *, #1077, .F. ) ;
#2382 = CARTESIAN_POINT ( 'NONE',  ( 2.140000000000000100, 0.0000000000000000000, -3.810000000000000100 ) ) ;
#2383 = VECTOR ( 'NONE', #1948, 999.9999999999998900 ) ;
#2384 = PRESENTATION_STYLE_ASSIGNMENT (( #801 ) ) ;
#2385 = FILL_AREA_STYLE ('',( #1552 ) ) ;
#2386 = VERTEX_POINT ( 'NONE', #206 ) ;
#2387 = CARTESIAN_POINT ( 'NONE',  ( -0.9499999999999999600, -2.799999999999999400, 0.2200000000000000800 ) ) ;
#2388 = EDGE_CURVE ( 'NONE', #2731, #1811, #1836, .T. ) ;
#2389 = LINE ( 'NONE', #670, #1844 ) ;
#2390 = EDGE_CURVE ( 'NONE', #1363, #2442, #173, .T. ) ;
#2391 = DIRECTION ( 'NONE',  ( 0.7071067811865477900, 0.0000000000000000000, -0.7071067811865473500 ) ) ;
#2392 = PLANE ( 'NONE',  #168 ) ;
#2393 = ORIENTED_EDGE ( 'NONE', *, *, #733, .F. ) ;
#2394 = UNCERTAINTY_MEASURE_WITH_UNIT (LENGTH_MEASURE( 1.000000000000000100E-005 ), #2343, 'distance_accuracy_value', 'NONE');
#2395 = VERTEX_POINT ( 'NONE', #446 ) ;
#2396 = EDGE_CURVE ( 'NONE', #263, #2274, #2314, .T. ) ;
#2397 = FACE_OUTER_BOUND ( 'NONE', #269, .T. ) ;
#2398 =( NAMED_UNIT ( * ) PLANE_ANGLE_UNIT ( ) SI_UNIT ( $, .RADIAN. ) );
#2399 = PRESENTATION_LAYER_ASSIGNMENT (  '', '', ( #2138 ) ) ;
#2400 = ORIENTED_EDGE ( 'NONE', *, *, #1873, .F. ) ;
#2401 = DIRECTION ( 'NONE',  ( 0.7071067811865474600, 0.0000000000000000000, 0.7071067811865474600 ) ) ;
#2402 = EDGE_LOOP ( 'NONE', ( #1130, #1757, #1129, #687 ) ) ;
#2403 =( LENGTH_UNIT ( ) NAMED_UNIT ( * ) SI_UNIT ( .MILLI., .METRE. ) );
#2404 =( GEOMETRIC_REPRESENTATION_CONTEXT ( 3 ) GLOBAL_UNCERTAINTY_ASSIGNED_CONTEXT ( ( #1835 ) ) GLOBAL_UNIT_ASSIGNED_CONTEXT ( ( #1555, #252, #1765 ) ) REPRESENTATION_CONTEXT ( 'NONE', 'WORKASPACE' ) );
#2405 = PLANE ( 'NONE',  #1410 ) ;
#2406 = AXIS2_PLACEMENT_3D ( 'NONE', #1406, #91, #1606 ) ;
#2407 = LINE ( 'NONE', #1961, #465 ) ;
#2408 = EDGE_CURVE ( 'NONE', #2322, #1219, #103, .T. ) ;
#2409 = COLOUR_RGB ( '',0.7960784313725489700, 0.8235294117647058400, 0.9372549019607843100 ) ;
#2410 = COLOUR_RGB ( '',0.7960784313725489700, 0.8235294117647058400, 0.9372549019607843100 ) ;
#2411 = COLOUR_RGB ( '',0.7960784313725489700, 0.8235294117647058400, 0.9372549019607843100 ) ;
#2412 = VECTOR ( 'NONE', #827, 1000.000000000000000 ) ;
#2413 = DIRECTION ( 'NONE',  ( 1.232047923278982000E-016, 0.0000000000000000000, -1.000000000000000000 ) ) ;
#2414 = ADVANCED_FACE ( 'NONE', ( #44 ), #1328, .F. ) ;
#2415 = DIRECTION ( 'NONE',  ( 0.7071067811865477900, 0.0000000000000000000, -0.7071067811865473500 ) ) ;
#2416 = PRESENTATION_STYLE_ASSIGNMENT (( #2257 ) ) ;
#2417 = SURFACE_STYLE_FILL_AREA ( #763 ) ;
#2418 = SURFACE_STYLE_FILL_AREA ( #266 ) ;
#2419 =( GEOMETRIC_REPRESENTATION_CONTEXT ( 3 ) GLOBAL_UNCERTAINTY_ASSIGNED_CONTEXT ( ( #190 ) ) GLOBAL_UNIT_ASSIGNED_CONTEXT ( ( #1795, #1787, #1776 ) ) REPRESENTATION_CONTEXT ( 'NONE', 'WORKASPACE' ) );
#2420 = CARTESIAN_POINT ( 'NONE',  ( -2.019999999999999600, 0.2999999999999999900, -3.810000000000000100 ) ) ;
#2421 =( GEOMETRIC_REPRESENTATION_CONTEXT ( 3 ) GLOBAL_UNCERTAINTY_ASSIGNED_CONTEXT ( ( #2114 ) ) GLOBAL_UNIT_ASSIGNED_CONTEXT ( ( #1632, #340, #1851 ) ) REPRESENTATION_CONTEXT ( 'NONE', 'WORKASPACE' ) );
#2422 = ORIENTED_EDGE ( 'NONE', *, *, #1182, .F. ) ;
#2423 =( NAMED_UNIT ( * ) SI_UNIT ( $, .STERADIAN. ) SOLID_ANGLE_UNIT ( ) );
#2424 = AXIS2_PLACEMENT_3D ( 'NONE', #1999, #1547, #1124 ) ;
#2425 = VECTOR ( 'NONE', #2132, 1000.000000000000100 ) ;
#2426 = FACE_OUTER_BOUND ( 'NONE', #1815, .T. ) ;
#2427 = ORIENTED_EDGE ( 'NONE', *, *, #343, .F. ) ;
#2428 = ADVANCED_FACE ( 'NONE', ( #991 ), #242, .F. ) ;
#2429 =( NAMED_UNIT ( * ) PLANE_ANGLE_UNIT ( ) SI_UNIT ( $, .RADIAN. ) );
#2430 = DIRECTION ( 'NONE',  ( 0.7071067811865470200, 0.0000000000000000000, -0.7071067811865481300 ) ) ;
#2431 = CLOSED_SHELL ( 'NONE', ( #537, #2218, #1810, #799, #2299, #1896, #307, #1610, #724, #2247 ) ) ;
#2432 =( NAMED_UNIT ( * ) PLANE_ANGLE_UNIT ( ) SI_UNIT ( $, .RADIAN. ) );
#2433 = DIRECTION ( 'NONE',  ( -0.7071067811865477900, -0.0000000000000000000, -0.7071067811865473500 ) ) ;
#2434 = ADVANCED_FACE ( 'NONE', ( #1384 ), #2163, .T. ) ;
#2435 = FACE_OUTER_BOUND ( 'NONE', #186, .T. ) ;
#2436 = VECTOR ( 'NONE', #2342, 1000.000000000000000 ) ;
#2437 = COLOUR_RGB ( '',0.7921568627450980000, 0.8196078431372548800, 0.9333333333333333500 ) ;
#2438 = FILL_AREA_STYLE ('',( #548 ) ) ;
#2439 = AXIS2_PLACEMENT_3D ( 'NONE', #1309, #2718, #1508 ) ;
#2440 = FACE_OUTER_BOUND ( 'NONE', #87, .T. ) ;
#2441 =( NAMED_UNIT ( * ) PLANE_ANGLE_UNIT ( ) SI_UNIT ( $, .RADIAN. ) );
#2442 = VERTEX_POINT ( 'NONE', #1347 ) ;
#2443 =( GEOMETRIC_REPRESENTATION_CONTEXT ( 3 ) GLOBAL_UNCERTAINTY_ASSIGNED_CONTEXT ( ( #1494 ) ) GLOBAL_UNIT_ASSIGNED_CONTEXT ( ( #2220, #954, #2423 ) ) REPRESENTATION_CONTEXT ( 'NONE', 'WORKASPACE' ) );
#2444 = VECTOR ( 'NONE', #237, 1000.000000000000000 ) ;
#2445 = PRESENTATION_STYLE_ASSIGNMENT (( #1495 ) ) ;
#2446 = ORIENTED_EDGE ( 'NONE', *, *, #1089, .T. ) ;
#2447 = PLANE ( 'NONE',  #372 ) ;
#2448 = AXIS2_PLACEMENT_3D ( 'NONE', #1272, #2688, #1471 ) ;
#2450 = ORIENTED_EDGE ( 'NONE', *, *, #2543, .F. ) ;
#2449 = STYLED_ITEM ( 'NONE', ( #1412 ), #1878 ) ;
#2451 =( NAMED_UNIT ( * ) PLANE_ANGLE_UNIT ( ) SI_UNIT ( $, .RADIAN. ) );
#2452 = EDGE_LOOP ( 'NONE', ( #1016, #2025, #438, #1232 ) ) ;
#2453 =( GEOMETRIC_REPRESENTATION_CONTEXT ( 3 ) GLOBAL_UNCERTAINTY_ASSIGNED_CONTEXT ( ( #1707 ) ) GLOBAL_UNIT_ASSIGNED_CONTEXT ( ( #2276, #2266, #2289 ) ) REPRESENTATION_CONTEXT ( 'NONE', 'WORKASPACE' ) );
#2454 = FILL_AREA_STYLE ('',( #995 ) ) ;
#2455 = ORIENTED_EDGE ( 'NONE', *, *, #1502, .F. ) ;
#2456 = ORIENTED_EDGE ( 'NONE', *, *, #188, .T. ) ;
#2457 = FILL_AREA_STYLE_COLOUR ( '', #2619 ) ;
#2458 = DIRECTION ( 'NONE',  ( 0.0000000000000000000, -1.000000000000000000, 0.0000000000000000000 ) ) ;
#2459 =( NAMED_UNIT ( * ) PLANE_ANGLE_UNIT ( ) SI_UNIT ( $, .RADIAN. ) );
#2460 = CARTESIAN_POINT ( 'NONE',  ( -2.539999999999999600, 0.0000000000000000000, -1.703421052631578900 ) ) ;
#2461 = SURFACE_STYLE_FILL_AREA ( #2566 ) ;
#2462 =( NAMED_UNIT ( * ) SI_UNIT ( $, .STERADIAN. ) SOLID_ANGLE_UNIT ( ) );
#2463 = AXIS2_PLACEMENT_3D ( 'NONE', #806, #1448, #1441 ) ;
#2464 = VECTOR ( 'NONE', #525, 1000.000000000000000 ) ;
#2465 = DIRECTION ( 'NONE',  ( -0.0000000000000000000, -0.0000000000000000000, -1.000000000000000000 ) ) ;
#2466 = CARTESIAN_POINT ( 'NONE',  ( -1.590000000000000300, 11.70000000000000100, -0.2200000000000002500 ) ) ;
#2467 = VECTOR ( 'NONE', #393, 1000.000000000000000 ) ;
#2468 =( LENGTH_UNIT ( ) NAMED_UNIT ( * ) SI_UNIT ( .MILLI., .METRE. ) );
#2469 = EDGE_CURVE ( 'NONE', #846, #751, #4, .T. ) ;
#2470 = COLOUR_RGB ( '',0.7960784313725489700, 0.8235294117647058400, 0.9372549019607843100 ) ;
#2471 =( LENGTH_UNIT ( ) NAMED_UNIT ( * ) SI_UNIT ( .MILLI., .METRE. ) );
#2472 =( NAMED_UNIT ( * ) PLANE_ANGLE_UNIT ( ) SI_UNIT ( $, .RADIAN. ) );
#2473 = SURFACE_STYLE_USAGE ( .BOTH. , #2603 ) ;
#2474 = EDGE_CURVE ( 'NONE', #25, #1167, #2223, .T. ) ;
#2475 = VECTOR ( 'NONE', #416, 1000.000000000000000 ) ;
#2476 =( NAMED_UNIT ( * ) PLANE_ANGLE_UNIT ( ) SI_UNIT ( $, .RADIAN. ) );
#2477 = ORIENTED_EDGE ( 'NONE', *, *, #714, .F. ) ;
#2478 = ADVANCED_FACE ( 'NONE', ( #1178 ), #912, .F. ) ;
#2479 =( NAMED_UNIT ( * ) SI_UNIT ( $, .STERADIAN. ) SOLID_ANGLE_UNIT ( ) );
#2480 = SURFACE_SIDE_STYLE ('',( #47 ) ) ;
#2481 = DIRECTION ( 'NONE',  ( 0.7071067811865486800, 0.0000000000000000000, -0.7071067811865463500 ) ) ;
#2482 = FILL_AREA_STYLE_COLOUR ( '', #1208 ) ;
#2483 = ORIENTED_EDGE ( 'NONE', *, *, #925, .F. ) ;
#2484 = DIRECTION ( 'NONE',  ( 0.0000000000000000000, -1.000000000000000000, 0.0000000000000000000 ) ) ;
#2485 = STYLED_ITEM ( 'NONE', ( #2068 ), #2247 ) ;
#2486 = CARTESIAN_POINT ( 'NONE',  ( -1.490000000000000200, -2.799999999999999400, 0.3199999999999998400 ) ) ;
#2487 = MECHANICAL_DESIGN_GEOMETRIC_PRESENTATION_REPRESENTATION (  '', ( #2103 ), #2625 ) ;
#2488 = VERTEX_POINT ( 'NONE', #1353 ) ;
#2489 = VECTOR ( 'NONE', #1972, 1000.000000000000000 ) ;
#2490 =( NAMED_UNIT ( * ) PLANE_ANGLE_UNIT ( ) SI_UNIT ( $, .RADIAN. ) );
#2491 = FACE_OUTER_BOUND ( 'NONE', #1091, .T. ) ;
#2492 = UNCERTAINTY_MEASURE_WITH_UNIT (LENGTH_MEASURE( 1.000000000000000100E-005 ), #1530, 'distance_accuracy_value', 'NONE');
#2493 = ADVANCED_FACE ( 'NONE', ( #892 ), #2392, .T. ) ;
#2494 = PRESENTATION_LAYER_ASSIGNMENT (  '', '', ( #2236 ) ) ;
#2495 = SURFACE_STYLE_FILL_AREA ( #2438 ) ;
#2496 = SURFACE_SIDE_STYLE ('',( #1705 ) ) ;
#2497 = COLOUR_RGB ( '',0.7960784313725489700, 0.8235294117647058400, 0.9372549019607843100 ) ;
#2498 = PRESENTATION_LAYER_ASSIGNMENT (  '', '', ( #2371 ) ) ;
#2499 = LINE ( 'NONE', #1366, #1906 ) ;
#2500 = MECHANICAL_DESIGN_GEOMETRIC_PRESENTATION_REPRESENTATION (  '', ( #2112 ), #2634 ) ;
#2501 = CARTESIAN_POINT ( 'NONE',  ( 0.0000000000000000000, 11.70000000000000100, 0.0000000000000000000 ) ) ;
#2502 = LINE ( 'NONE', #1446, #898 ) ;
#2503 = CARTESIAN_POINT ( 'NONE',  ( -1.590000000000000300, -2.799999999999999400, -2.760000000000000200 ) ) ;
#2504 =( NAMED_UNIT ( * ) PLANE_ANGLE_UNIT ( ) SI_UNIT ( $, .RADIAN. ) );
#2505 = VECTOR ( 'NONE', #2208, 999.9999999999998900 ) ;
#2506 = CARTESIAN_POINT ( 'NONE',  ( 1.590000000000000100, -2.799999999999999400, -0.2200000000000001400 ) ) ;
#2507 =( LENGTH_UNIT ( ) NAMED_UNIT ( * ) SI_UNIT ( .MILLI., .METRE. ) );
#2508 = ORIENTED_EDGE ( 'NONE', *, *, #135, .F. ) ;
#2509 = VERTEX_POINT ( 'NONE', #1789 ) ;
#2510 = SURFACE_STYLE_FILL_AREA ( #2172 ) ;
#2511 = CARTESIAN_POINT ( 'NONE',  ( 1.590000000000000100, -2.799999999999999400, -2.760000000000000200 ) ) ;
#2512 =( NAMED_UNIT ( * ) PLANE_ANGLE_UNIT ( ) SI_UNIT ( $, .RADIAN. ) );
#2513 = DIRECTION ( 'NONE',  ( 0.0000000000000000000, -1.000000000000000000, 0.0000000000000000000 ) ) ;
#2514 = VECTOR ( 'NONE', #2481, 1000.000000000000100 ) ;
#2515 = ORIENTED_EDGE ( 'NONE', *, *, #1934, .F. ) ;
#2516 = CARTESIAN_POINT ( 'NONE',  ( -0.9499999999999999600, 11.70000000000000100, -0.2199999999999999700 ) ) ;
#2517 = EDGE_CURVE ( 'NONE', #1404, #127, #1465, .T. ) ;
#2518 = SURFACE_STYLE_USAGE ( .BOTH. , #2496 ) ;
#2519 = EDGE_CURVE ( 'NONE', #2442, #1863, #100, .T. ) ;
#2520 = ORIENTED_EDGE ( 'NONE', *, *, #951, .T. ) ;
#2521 = PLANE ( 'NONE',  #2588 ) ;
#2522 = DIRECTION ( 'NONE',  ( 0.0000000000000000000, 0.0000000000000000000, 1.000000000000000000 ) ) ;
#2523 = ORIENTED_EDGE ( 'NONE', *, *, #1396, .F. ) ;
#2524 = PLANE ( 'NONE',  #2667 ) ;
#2525 = EDGE_CURVE ( 'NONE', #691, #2668, #2311, .T. ) ;
#2526 = PLANE ( 'NONE',  #2056 ) ;
#2527 = DIRECTION ( 'NONE',  ( 0.7071067811865473500, -0.0000000000000000000, 0.7071067811865477900 ) ) ;
#2528 = MECHANICAL_DESIGN_GEOMETRIC_PRESENTATION_REPRESENTATION (  '', ( #2138 ), #2652 ) ;
#2529 = VECTOR ( 'NONE', #608, 1000.000000000000100 ) ;
#2530 = UNCERTAINTY_MEASURE_WITH_UNIT (LENGTH_MEASURE( 1.000000000000000100E-005 ), #921, 'distance_accuracy_value', 'NONE');
#2531 = SURFACE_STYLE_USAGE ( .BOTH. , #1084 ) ;
#2532 = VECTOR ( 'NONE', #2234, 1000.000000000000000 ) ;
#2533 = VECTOR ( 'NONE', #1172, 1000.000000000000000 ) ;
#2534 = DIRECTION ( 'NONE',  ( 0.0000000000000000000, -0.0000000000000000000, -1.000000000000000000 ) ) ;
#2535 = CARTESIAN_POINT ( 'NONE',  ( -2.019999999999999600, 0.2999999999999999900, -3.810000000000000100 ) ) ;
#2536 = UNCERTAINTY_MEASURE_WITH_UNIT (LENGTH_MEASURE( 1.000000000000000100E-005 ), #326, 'distance_accuracy_value', 'NONE');
#2537 = LINE ( 'NONE', #2115, #2467 ) ;
#2538 = CARTESIAN_POINT ( 'NONE',  ( 1.490000000000000000, -2.799999999999999400, 0.3199999999999999000 ) ) ;
#2539 = PRESENTATION_LAYER_ASSIGNMENT (  '', '', ( #2269 ) ) ;
#2540 = ORIENTED_EDGE ( 'NONE', *, *, #54, .T. ) ;
#2541 = LINE ( 'NONE', #1568, #2656 ) ;
#2542 = ORIENTED_EDGE ( 'NONE', *, *, #1958, .T. ) ;
#2543 = EDGE_CURVE ( 'NONE', #1762, #1266, #619, .T. ) ;
#2544 =( NAMED_UNIT ( * ) SI_UNIT ( $, .STERADIAN. ) SOLID_ANGLE_UNIT ( ) );
#2545 = PRESENTATION_STYLE_ASSIGNMENT (( #430 ) ) ;
#2546 = FILL_AREA_STYLE_COLOUR ( '', #1257 ) ;
#2547 = STYLED_ITEM ( 'NONE', ( #2291 ), #1252 ) ;
#2548 = VECTOR ( 'NONE', #1314, 1000.000000000000000 ) ;
#2549 = EDGE_LOOP ( 'NONE', ( #1453, #1710, #930, #578 ) ) ;
#2550 = STYLED_ITEM ( 'NONE', ( #1069 ), #81 ) ;
#2551 = CARTESIAN_POINT ( 'NONE',  ( 1.050000000000000000, 11.70000000000000100, -0.3200000000000001200 ) ) ;
#2552 =( NAMED_UNIT ( * ) PLANE_ANGLE_UNIT ( ) SI_UNIT ( $, .RADIAN. ) );
#2553 = UNCERTAINTY_MEASURE_WITH_UNIT (LENGTH_MEASURE( 1.000000000000000100E-005 ), #962, 'distance_accuracy_value', 'NONE');
#2554 =( NAMED_UNIT ( * ) PLANE_ANGLE_UNIT ( ) SI_UNIT ( $, .RADIAN. ) );
#2555 = PRESENTATION_LAYER_ASSIGNMENT (  '', '', ( #2286 ) ) ;
#2556 = DIRECTION ( 'NONE',  ( 0.7372346670543746800, 0.0000000000000000000, -0.6756367705307528800 ) ) ;
#2557 =( NAMED_UNIT ( * ) PLANE_ANGLE_UNIT ( ) SI_UNIT ( $, .RADIAN. ) );
#2558 = CARTESIAN_POINT ( 'NONE',  ( 0.0000000000000000000, 0.0000000000000000000, 0.0000000000000000000 ) ) ;
#2559 = CARTESIAN_POINT ( 'NONE',  ( -2.539999999999999600, 1.700000000000000000, -1.703421052631578900 ) ) ;
#2560 = PLANE ( 'NONE',  #117 ) ;
#2561 = LINE ( 'NONE', #2722, #1463 ) ;
#2562 = VECTOR ( 'NONE', #1832, 1000.000000000000000 ) ;
#2563 = DIRECTION ( 'NONE',  ( 0.0000000000000000000, -0.0000000000000000000, 1.000000000000000000 ) ) ;
#2564 = ORIENTED_EDGE ( 'NONE', *, *, #776, .T. ) ;
#2565 = LINE ( 'NONE', #350, #320 ) ;
#2566 = FILL_AREA_STYLE ('',( #1543 ) ) ;
#2567 = FILL_AREA_STYLE_COLOUR ( '', #1218 ) ;
#2568 = EDGE_LOOP ( 'NONE', ( #22, #2258, #2581, #551 ) ) ;
#2569 = DIRECTION ( 'NONE',  ( 0.7071067811865474600, 0.0000000000000000000, 0.7071067811865474600 ) ) ;
#2570 = ORIENTED_EDGE ( 'NONE', *, *, #1240, .T. ) ;
#2571 = LINE ( 'NONE', #1950, #2046 ) ;
#2572 = CARTESIAN_POINT ( 'NONE',  ( -2.540000000000000000, 0.0000000000000000000, -3.443421052631578900 ) ) ;
#2573 = LINE ( 'NONE', #803, #913 ) ;
#2574 = PRESENTATION_LAYER_ASSIGNMENT (  '', '', ( #2308 ) ) ;
#2575 =( NAMED_UNIT ( * ) SI_UNIT ( $, .STERADIAN. ) SOLID_ANGLE_UNIT ( ) );
#2576 = VERTEX_POINT ( 'NONE', #1677 ) ;
#2577 = ORIENTED_EDGE ( 'NONE', *, *, #1250, .F. ) ;
#2578 = COLOUR_RGB ( '',0.7960784313725489700, 0.8235294117647058400, 0.9372549019607843100 ) ;
#2579 = EDGE_LOOP ( 'NONE', ( #2564, #2684, #1975, #1019 ) ) ;
#2580 = SURFACE_STYLE_USAGE ( .BOTH. , #1142 ) ;
#2581 = ORIENTED_EDGE ( 'NONE', *, *, #1635, .F. ) ;
#2582 = FILL_AREA_STYLE_COLOUR ( '', #1355 ) ;
#2583 = DIRECTION ( 'NONE',  ( 1.232047923278982000E-016, 0.0000000000000000000, -1.000000000000000000 ) ) ;
#2584 = STYLED_ITEM ( 'NONE', ( #1973 ), #2670 ) ;
#2585 = PRESENTATION_LAYER_ASSIGNMENT (  '', '', ( #2319 ) ) ;
#2586 = ORIENTED_EDGE ( 'NONE', *, *, #1379, .T. ) ;
#2587 =( NAMED_UNIT ( * ) PLANE_ANGLE_UNIT ( ) SI_UNIT ( $, .RADIAN. ) );
#2588 = AXIS2_PLACEMENT_3D ( 'NONE', #1357, #34, #1564 ) ;
#2589 = SURFACE_STYLE_USAGE ( .BOTH. , #1155 ) ;
#2590 = PRESENTATION_STYLE_ASSIGNMENT (( #1351 ) ) ;
#2591 = CARTESIAN_POINT ( 'NONE',  ( -2.019999999999999600, 0.2999999999999999900, -1.270000000000000000 ) ) ;
#2592 = SURFACE_STYLE_FILL_AREA ( #570 ) ;
#2593 =( LENGTH_UNIT ( ) NAMED_UNIT ( * ) SI_UNIT ( .MILLI., .METRE. ) );
#2594 = COLOUR_RGB ( '',0.7960784313725489700, 0.8235294117647058400, 0.9372549019607843100 ) ;
#2595 = VECTOR ( 'NONE', #812, 1000.000000000000000 ) ;
#2596 = DIRECTION ( 'NONE',  ( -1.000000000000000000, -0.0000000000000000000, -1.232047923278982200E-016 ) ) ;
#2597 = VECTOR ( 'NONE', #748, 1000.000000000000000 ) ;
#2598 =( NAMED_UNIT ( * ) SI_UNIT ( $, .STERADIAN. ) SOLID_ANGLE_UNIT ( ) );
#2599 = PRESENTATION_LAYER_ASSIGNMENT (  '', '', ( #2338 ) ) ;
#2600 = COLOUR_RGB ( '',0.7960784313725489700, 0.8235294117647058400, 0.9372549019607843100 ) ;
#2601 = FACE_OUTER_BOUND ( 'NONE', #1296, .T. ) ;
#2602 = ORIENTED_EDGE ( 'NONE', *, *, #45, .T. ) ;
#2603 = SURFACE_SIDE_STYLE ('',( #243 ) ) ;
#2604 = SURFACE_STYLE_USAGE ( .BOTH. , #2728 ) ;
#2605 = VECTOR ( 'NONE', #1492, 1000.000000000000000 ) ;
#2606 = ADVANCED_FACE ( 'NONE', ( #1146 ), #388, .T. ) ;
#2607 = VERTEX_POINT ( 'NONE', #2678 ) ;
#2608 = EDGE_LOOP ( 'NONE', ( #2540, #1161, #2400, #511 ) ) ;
#2609 = EDGE_CURVE ( 'NONE', #1418, #1190, #928, .T. ) ;
#2610 = SURFACE_STYLE_FILL_AREA ( #2649 ) ;
#2611 = CARTESIAN_POINT ( 'NONE',  ( 2.540000000000000900, 1.700000000000000000, -3.410000000000000600 ) ) ;
#2612 = CARTESIAN_POINT ( 'NONE',  ( 1.490000000000000000, -2.799999999999999400, -0.3200000000000001200 ) ) ;
#2613 = VERTEX_POINT ( 'NONE', #1690 ) ;
#2614 = UNCERTAINTY_MEASURE_WITH_UNIT (LENGTH_MEASURE( 1.000000000000000100E-005 ), #1368, 'distance_accuracy_value', 'NONE');
#2615 = EDGE_CURVE ( 'NONE', #868, #179, #344, .T. ) ;
#2616 = FILL_AREA_STYLE_COLOUR ( '', #2409 ) ;
#2617 = CARTESIAN_POINT ( 'NONE',  ( 0.0000000000000000000, -2.799999999999999400, -2.540000000000000000 ) ) ;
#2618 = ADVANCED_FACE ( 'NONE', ( #2065 ), #2304, .F. ) ;
#2619 = COLOUR_RGB ( '',0.0000000000000000000, 0.003921568627450980300, 0.09019607843137254800 ) ;
#2620 = LINE ( 'NONE', #2711, #387 ) ;
#2621 = VERTEX_POINT ( 'NONE', #2506 ) ;
#2622 = AXIS2_PLACEMENT_3D ( 'NONE', #2486, #1268, #2683 ) ;
#2623 = FACE_OUTER_BOUND ( 'NONE', #1642, .T. ) ;
#2624 = DIRECTION ( 'NONE',  ( 0.0000000000000000000, 1.000000000000000000, 0.0000000000000000000 ) ) ;
#2625 =( GEOMETRIC_REPRESENTATION_CONTEXT ( 3 ) GLOBAL_UNCERTAINTY_ASSIGNED_CONTEXT ( ( #900 ) ) GLOBAL_UNIT_ASSIGNED_CONTEXT ( ( #697, #2193, #918 ) ) REPRESENTATION_CONTEXT ( 'NONE', 'WORKASPACE' ) );
#2626 = VECTOR ( 'NONE', #132, 1000.000000000000000 ) ;
#2627 = MECHANICAL_DESIGN_GEOMETRIC_PRESENTATION_REPRESENTATION (  '', ( #2236 ), #23 ) ;
#2628 = ADVANCED_FACE ( 'NONE', ( #75 ), #1287, .F. ) ;
#2629 = ORIENTED_EDGE ( 'NONE', *, *, #932, .F. ) ;
#2630 = ORIENTED_EDGE ( 'NONE', *, *, #1379, .F. ) ;
#2631 = MECHANICAL_DESIGN_GEOMETRIC_PRESENTATION_REPRESENTATION (  '', ( #2371 ), #29 ) ;
#2632 = LINE ( 'NONE', #1667, #2548 ) ;
#2633 = STYLED_ITEM ( 'NONE', ( #1153 ), #1683 ) ;
#2634 =( GEOMETRIC_REPRESENTATION_CONTEXT ( 3 ) GLOBAL_UNCERTAINTY_ASSIGNED_CONTEXT ( ( #988 ) ) GLOBAL_UNIT_ASSIGNED_CONTEXT ( ( #1102, #1090, #1079 ) ) REPRESENTATION_CONTEXT ( 'NONE', 'WORKASPACE' ) );
#2635 = LINE ( 'NONE', #218, #2118 ) ;
#2636 = LINE ( 'NONE', #1333, #2290 ) ;
#2637 = LINE ( 'NONE', #580, #2120 ) ;
#2638 = ORIENTED_EDGE ( 'NONE', *, *, #2012, .T. ) ;
#2639 = VECTOR ( 'NONE', #1304, 1000.000000000000100 ) ;
#2640 = EDGE_LOOP ( 'NONE', ( #1779, #2059, #1056, #1004 ) ) ;
#2641 = SURFACE_STYLE_USAGE ( .BOTH. , #1202 ) ;
#2642 = DIRECTION ( 'NONE',  ( 2.492418787322998300E-016, 0.0000000000000000000, 1.000000000000000000 ) ) ;
#2643 = UNCERTAINTY_MEASURE_WITH_UNIT (LENGTH_MEASURE( 1.000000000000000100E-005 ), #2468, 'distance_accuracy_value', 'NONE');
#2644 = EDGE_CURVE ( 'NONE', #2723, #143, #2346, .T. ) ;
#2645 = VERTEX_POINT ( 'NONE', #1500 ) ;
#2646 = FILL_AREA_STYLE_COLOUR ( '', #1327 ) ;
#2647 = VECTOR ( 'NONE', #576, 1000.000000000000000 ) ;
#2648 = EDGE_CURVE ( 'NONE', #2221, #1216, #1026, .T. ) ;
#2649 = FILL_AREA_STYLE ('',( #107 ) ) ;
#2650 = VERTEX_POINT ( 'NONE', #1722 ) ;
#2651 = EDGE_CURVE ( 'NONE', #572, #1889, #2620, .T. ) ;
#2652 =( GEOMETRIC_REPRESENTATION_CONTEXT ( 3 ) GLOBAL_UNCERTAINTY_ASSIGNED_CONTEXT ( ( #1326 ) ) GLOBAL_UNIT_ASSIGNED_CONTEXT ( ( #1365, #41, #1570 ) ) REPRESENTATION_CONTEXT ( 'NONE', 'WORKASPACE' ) );
#2653 = LINE ( 'NONE', #971, #999 ) ;
#2654 = DIRECTION ( 'NONE',  ( -1.000000000000000000, -0.0000000000000000000, -0.0000000000000000000 ) ) ;
#2655 = EDGE_CURVE ( 'NONE', #488, #143, #964, .T. ) ;
#2656 = VECTOR ( 'NONE', #1558, 1000.000000000000000 ) ;
#2657 = EDGE_LOOP ( 'NONE', ( #274, #2629, #2280, #1093 ) ) ;
#2658 = SURFACE_SIDE_STYLE ('',( #293 ) ) ;
#2659 = MECHANICAL_DESIGN_GEOMETRIC_PRESENTATION_REPRESENTATION (  '', ( #2269 ), #69 ) ;
#2660 = DIRECTION ( 'NONE',  ( 0.0000000000000000000, 1.000000000000000000, 0.0000000000000000000 ) ) ;
#2661 = CARTESIAN_POINT ( 'NONE',  ( 1.490000000000000000, -2.799999999999999400, -2.220000000000000200 ) ) ;
#2662 = VECTOR ( 'NONE', #2642, 1000.000000000000000 ) ;
#2663 = EDGE_CURVE ( 'NONE', #917, #1005, #2561, .T. ) ;
#2664 = DIRECTION ( 'NONE',  ( 0.7071067811865486800, 0.0000000000000000000, 0.7071067811865464600 ) ) ;
#2665 = VERTEX_POINT ( 'NONE', #2142 ) ;
#2666 =( NAMED_UNIT ( * ) SI_UNIT ( $, .STERADIAN. ) SOLID_ANGLE_UNIT ( ) );
#2667 = AXIS2_PLACEMENT_3D ( 'NONE', #2336, #1088, #2534 ) ;
#2668 = VERTEX_POINT ( 'NONE', #1515 ) ;
#2669 = CARTESIAN_POINT ( 'NONE',  ( 1.490000000000000000, 11.70000000000000100, -2.220000000000000200 ) ) ;
#2670 = ADVANCED_FACE ( 'NONE', ( #2491 ), #1942, .T. ) ;
#2671 = PRESENTATION_LAYER_ASSIGNMENT (  '', '', ( #2550 ) ) ;
#2672 = STYLED_ITEM ( 'NONE', ( #1891 ), #814 ) ;
#2673 = MECHANICAL_DESIGN_GEOMETRIC_PRESENTATION_REPRESENTATION (  '', ( #2286 ), #86 ) ;
#2674 = FILL_AREA_STYLE_COLOUR ( '', #758 ) ;
#2675 = PRESENTATION_STYLE_ASSIGNMENT (( #2580 ) ) ;
#2676 =( LENGTH_UNIT ( ) NAMED_UNIT ( * ) SI_UNIT ( .MILLI., .METRE. ) );
#2677 = VECTOR ( 'NONE', #463, 999.9999999999998900 ) ;
#2678 = CARTESIAN_POINT ( 'NONE',  ( -1.590000000000000300, -2.799999999999999400, -2.320000000000000300 ) ) ;
#2679 =( LENGTH_UNIT ( ) NAMED_UNIT ( * ) SI_UNIT ( .MILLI., .METRE. ) );
#2680 = VECTOR ( 'NONE', #571, 1000.000000000000000 ) ;
#2681 = ADVANCED_FACE ( 'NONE', ( #689 ), #2733, .T. ) ;
#2682 = SURFACE_STYLE_FILL_AREA ( #1590 ) ;
#2683 = DIRECTION ( 'NONE',  ( 1.000000000000000000, 0.0000000000000000000, 1.232047923278982000E-016 ) ) ;
#2684 = ORIENTED_EDGE ( 'NONE', *, *, #201, .F. ) ;
#2685 = VERTEX_POINT ( 'NONE', #452 ) ;
#2686 = DIRECTION ( 'NONE',  ( 0.7071067811865463500, -0.0000000000000000000, 0.7071067811865487900 ) ) ;
#2687 = LINE ( 'NONE', #2152, #542 ) ;
#2688 = DIRECTION ( 'NONE',  ( -1.000000000000000000, 0.0000000000000000000, 0.0000000000000000000 ) ) ;
#2689 = DIRECTION ( 'NONE',  ( -0.7071067811865464600, 0.0000000000000000000, 0.7071067811865486800 ) ) ;
#2690 = LINE ( 'NONE', #1350, #1394 ) ;
#2691 = LINE ( 'NONE', #1447, #974 ) ;
#2692 = EDGE_CURVE ( 'NONE', #1375, #863, #1071, .T. ) ;
#2693 = DIRECTION ( 'NONE',  ( 0.0000000000000000000, -0.0000000000000000000, 1.000000000000000000 ) ) ;
#2694 = FILL_AREA_STYLE ('',( #2117 ) ) ;
#2695 =( NAMED_UNIT ( * ) SI_UNIT ( $, .STERADIAN. ) SOLID_ANGLE_UNIT ( ) );
#2696 =( NAMED_UNIT ( * ) PLANE_ANGLE_UNIT ( ) SI_UNIT ( $, .RADIAN. ) );
#2697 = MECHANICAL_DESIGN_GEOMETRIC_PRESENTATION_REPRESENTATION (  '', ( #2308 ), #102 ) ;
#2698 = VECTOR ( 'NONE', #1626, 1000.000000000000000 ) ;
#2699 = FILL_AREA_STYLE ('',( #1719 ) ) ;
#2700 = STYLED_ITEM ( 'NONE', ( #1514 ), #1594 ) ;
#2701 = FILL_AREA_STYLE ('',( #39 ) ) ;
#2702 = AXIS2_PLACEMENT_3D ( 'NONE', #844, #2327, #1076 ) ;
#2703 = MECHANICAL_DESIGN_GEOMETRIC_PRESENTATION_REPRESENTATION (  '', ( #2319 ), #1445 ) ;
#2704 = PRESENTATION_STYLE_ASSIGNMENT (( #933 ) ) ;
#2705 = PRESENTATION_LAYER_ASSIGNMENT (  '', '', ( #2449 ) ) ;
#2706 = STYLED_ITEM ( 'NONE', ( #460 ), #588 ) ;
#2707 = DIRECTION ( 'NONE',  ( -0.7071067811865462400, 0.0000000000000000000, -0.7071067811865489100 ) ) ;
#2708 = UNCERTAINTY_MEASURE_WITH_UNIT (LENGTH_MEASURE( 1.000000000000000100E-005 ), #2403, 'distance_accuracy_value', 'NONE');
#2709 = CARTESIAN_POINT ( 'NONE',  ( 0.9499999999999999600, -2.799999999999999400, -2.760000000000000200 ) ) ;
#2710 = VECTOR ( 'NONE', #535, 1000.000000000000100 ) ;
#2711 = CARTESIAN_POINT ( 'NONE',  ( -1.490000000000000200, 11.70000000000000100, 0.3199999999999998400 ) ) ;
#2712 = FILL_AREA_STYLE_COLOUR ( '', #89 ) ;
#2713 = EDGE_LOOP ( 'NONE', ( #400, #1664, #2040, #678 ) ) ;
#2714 = CARTESIAN_POINT ( 'NONE',  ( -0.9499999999999999600, 11.70000000000000100, -2.760000000000000200 ) ) ;
#2715 =( LENGTH_UNIT ( ) NAMED_UNIT ( * ) SI_UNIT ( .MILLI., .METRE. ) );
#2716 = SURFACE_STYLE_FILL_AREA ( #1517 ) ;
#2717 = ORIENTED_EDGE ( 'NONE', *, *, #2644, .T. ) ;
#2718 = DIRECTION ( 'NONE',  ( 0.7071067811865473500, 0.0000000000000000000, -0.7071067811865477900 ) ) ;
#2719 =( NAMED_UNIT ( * ) PLANE_ANGLE_UNIT ( ) SI_UNIT ( $, .RADIAN. ) );
#2720 = ORIENTED_EDGE ( 'NONE', *, *, #1812, .F. ) ;
#2721 = ORIENTED_EDGE ( 'NONE', *, *, #1665, .T. ) ;
#2722 = CARTESIAN_POINT ( 'NONE',  ( 1.590000000000000100, 11.70000000000000100, -0.2200000000000001400 ) ) ;
#2723 = VERTEX_POINT ( 'NONE', #1959 ) ;
#2724 = PLANE ( 'NONE',  #1401 ) ;
#2725 = VECTOR ( 'NONE', #2057, 1000.000000000000000 ) ;
#2726 = MECHANICAL_DESIGN_GEOMETRIC_PRESENTATION_REPRESENTATION (  '', ( #2338 ), #130 ) ;
#2727 = CARTESIAN_POINT ( 'NONE',  ( 0.9499999999999999600, -2.799999999999999400, -2.319999999999999800 ) ) ;
#2728 = SURFACE_SIDE_STYLE ('',( #1976 ) ) ;
#2729 = EDGE_LOOP ( 'NONE', ( #108, #2369, #2041, #872 ) ) ;
#2730 = CARTESIAN_POINT ( 'NONE',  ( 2.020000000000001400, 0.2999999999999999900, 1.270000000000000000 ) ) ;
#2731 = VERTEX_POINT ( 'NONE', #2359 ) ;
#2732 = ORIENTED_EDGE ( 'NONE', *, *, #795, .T. ) ;
#2733 = PLANE ( 'NONE',  #1726 ) ;
#2734 = EDGE_CURVE ( 'NONE', #1485, #488, #1572, .T. ) ;
#2735 = FILL_AREA_STYLE_COLOUR ( '', #2098 ) ;
#2736 = FILL_AREA_STYLE_COLOUR ( '', #621 ) ;
#2737 = FACE_OUTER_BOUND ( 'NONE', #2313, .T. ) ;
ENDSEC;
END-ISO-10303-21;
