ISO-10303-21;
HEADER;
FILE_DESCRIPTION (( 'STEP AP214' ),
    '1' );
FILE_NAME ('2x6.STEP',
    '2019-03-31T22:02:08',
    ( '' ),
    ( '' ),
    'SwSTEP 2.0',
    'SolidWorks 2014',
    '' );
FILE_SCHEMA (( 'AUTOMOTIVE_DESIGN' ));
ENDSEC;

DATA;
#1 = FACE_OUTER_BOUND ( 'NONE', #864, .T. ) ;
#2 = LINE ( 'NONE', #4327, #3094 ) ;
#3 = PLANE ( 'NONE',  #2746 ) ;
#4 = DIRECTION ( 'NONE',  ( 0.7071067811865477900, 0.0000000000000000000, -0.7071067811865473500 ) ) ;
#5 = AXIS2_PLACEMENT_3D ( 'NONE', #1268, #5290, #1836 ) ;
#6 = STYLED_ITEM ( 'NONE', ( #2833 ), #2255 ) ;
#7 = PLANE ( 'NONE',  #824 ) ;
#8 = CARTESIAN_POINT ( 'NONE',  ( -1.490000000000000200, 11.70000000000000100, -7.299999999999999800 ) ) ;
#9 = SURFACE_SIDE_STYLE ('',( #3403 ) ) ;
#10 = LINE ( 'NONE', #4380, #1589 ) ;
#11 = CARTESIAN_POINT ( 'NONE',  ( -2.139999999999999700, 1.700000000000000000, 1.270000000000000000 ) ) ;
#12 = EDGE_CURVE ( 'NONE', #423, #7417, #5716, .T. ) ;
#13 = EDGE_LOOP ( 'NONE', ( #1553, #896, #2160, #4050 ) ) ;
#14 = ADVANCED_FACE ( 'NONE', ( #1319 ), #649, .T. ) ;
#15 = DIRECTION ( 'NONE',  ( 0.0000000000000000000, 0.0000000000000000000, -1.000000000000000000 ) ) ;
#16 = VERTEX_POINT ( 'NONE', #1575 ) ;
#17 = CARTESIAN_POINT ( 'NONE',  ( -0.9499999999999999600, -2.799999999999999400, -12.48000000000000200 ) ) ;
#18 =( NAMED_UNIT ( * ) PLANE_ANGLE_UNIT ( ) SI_UNIT ( $, .RADIAN. ) );
#19 = ORIENTED_EDGE ( 'NONE', *, *, #486, .T. ) ;
#20 = DIRECTION ( 'NONE',  ( 0.7071067811865477900, 0.0000000000000000000, -0.7071067811865473500 ) ) ;
#21 = LINE ( 'NONE', #1534, #3114 ) ;
#22 = EDGE_CURVE ( 'NONE', #6205, #5702, #3661, .T. ) ;
#23 = LINE ( 'NONE', #7204, #4484 ) ;
#24 = LINE ( 'NONE', #6579, #1603 ) ;
#25 = STYLED_ITEM ( 'NONE', ( #4544 ), #5190 ) ;
#26 = DIRECTION ( 'NONE',  ( 1.000000000000000000, 0.0000000000000000000, 0.0000000000000000000 ) ) ;
#27 = VERTEX_POINT ( 'NONE', #3852 ) ;
#28 = VECTOR ( 'NONE', #1081, 1000.000000000000000 ) ;
#29 = CARTESIAN_POINT ( 'NONE',  ( 2.140000000000000100, 1.700000000000000000, -8.890000000000000600 ) ) ;
#30 = EDGE_CURVE ( 'NONE', #6791, #2753, #5188, .T. ) ;
#31 = PRESENTATION_LAYER_ASSIGNMENT (  '', '', ( #6727 ) ) ;
#32 = ORIENTED_EDGE ( 'NONE', *, *, #442, .T. ) ;
#33 = FILL_AREA_STYLE_COLOUR ( '', #4062 ) ;
#34 = LINE ( 'NONE', #5442, #7316 ) ;
#35 =( NAMED_UNIT ( * ) SI_UNIT ( $, .STERADIAN. ) SOLID_ANGLE_UNIT ( ) );
#36 = UNCERTAINTY_MEASURE_WITH_UNIT (LENGTH_MEASURE( 1.000000000000000100E-005 ), #3325, 'distance_accuracy_value', 'NONE');
#37 = PRODUCT_DEFINITION_SHAPE ( 'NONE', 'NONE',  #5160 ) ;
#38 = SURFACE_SIDE_STYLE ('',( #7214 ) ) ;
#39 = VECTOR ( 'NONE', #4028, 1000.000000000000000 ) ;
#40 = UNCERTAINTY_MEASURE_WITH_UNIT (LENGTH_MEASURE( 1.000000000000000100E-005 ), #6748, 'distance_accuracy_value', 'NONE');
#41 = ORIENTED_EDGE ( 'NONE', *, *, #1474, .F. ) ;
#42 = ORIENTED_EDGE ( 'NONE', *, *, #30, .T. ) ;
#43 = PLANE ( 'NONE',  #6049 ) ;
#44 = CARTESIAN_POINT ( 'NONE',  ( 1.490000000000000000, 11.70000000000000100, -10.48000000000000200 ) ) ;
#45 = ORIENTED_EDGE ( 'NONE', *, *, #1845, .F. ) ;
#46 = MECHANICAL_DESIGN_GEOMETRIC_PRESENTATION_REPRESENTATION (  '', ( #6365 ), #461 ) ;
#47 = FACE_OUTER_BOUND ( 'NONE', #6067, .T. ) ;
#48 = EDGE_CURVE ( 'NONE', #2416, #5568, #5006, .T. ) ;
#49 = SURFACE_STYLE_USAGE ( .BOTH. , #3537 ) ;
#50 = LINE ( 'NONE', #3277, #4505 ) ;
#51 = FILL_AREA_STYLE ('',( #610 ) ) ;
#52 = DIRECTION ( 'NONE',  ( -0.0000000000000000000, -1.000000000000000000, -0.0000000000000000000 ) ) ;
#53 = ORIENTED_EDGE ( 'NONE', *, *, #6125, .F. ) ;
#54 = AXIS2_PLACEMENT_3D ( 'NONE', #5559, #2114, #6119 ) ;
#55 = PRESENTATION_LAYER_ASSIGNMENT (  '', '', ( #6743 ) ) ;
#56 =( NAMED_UNIT ( * ) PLANE_ANGLE_UNIT ( ) SI_UNIT ( $, .RADIAN. ) );
#57 = ADVANCED_FACE ( 'NONE', ( #585 ), #6037, .T. ) ;
#58 =( GEOMETRIC_REPRESENTATION_CONTEXT ( 3 ) GLOBAL_UNCERTAINTY_ASSIGNED_CONTEXT ( ( #433 ) ) GLOBAL_UNIT_ASSIGNED_CONTEXT ( ( #4685, #1247, #5270 ) ) REPRESENTATION_CONTEXT ( 'NONE', 'WORKASPACE' ) );
#59 = FILL_AREA_STYLE ('',( #5766 ) ) ;
#60 = EDGE_LOOP ( 'NONE', ( #429, #1808, #1155, #7207 ) ) ;
#61 = VECTOR ( 'NONE', #6460, 1000.000000000000100 ) ;
#62 = EDGE_LOOP ( 'NONE', ( #2505, #4627, #3438, #2871 ) ) ;
#63 = ORIENTED_EDGE ( 'NONE', *, *, #3912, .F. ) ;
#64 = FILL_AREA_STYLE ('',( #2392 ) ) ;
#65 = EDGE_LOOP ( 'NONE', ( #311, #5264, #4551, #5296 ) ) ;
#66 = VECTOR ( 'NONE', #4559, 1000.000000000000100 ) ;
#67 =( GEOMETRIC_REPRESENTATION_CONTEXT ( 3 ) GLOBAL_UNCERTAINTY_ASSIGNED_CONTEXT ( ( #6191 ) ) GLOBAL_UNIT_ASSIGNED_CONTEXT ( ( #493, #4533, #1097 ) ) REPRESENTATION_CONTEXT ( 'NONE', 'WORKASPACE' ) );
#68 = CARTESIAN_POINT ( 'NONE',  ( -2.539999999999999600, 1.700000000000000000, -1.703421052631578900 ) ) ;
#69 =( LENGTH_UNIT ( ) NAMED_UNIT ( * ) SI_UNIT ( .MILLI., .METRE. ) );
#70 = DIRECTION ( 'NONE',  ( -0.0000000000000000000, -0.0000000000000000000, -1.000000000000000000 ) ) ;
#71 = PRESENTATION_LAYER_ASSIGNMENT (  '', '', ( #6761 ) ) ;
#72 = STYLED_ITEM ( 'NONE', ( #5452 ), #4767 ) ;
#73 = PLANE ( 'NONE',  #3569 ) ;
#74 = EDGE_CURVE ( 'NONE', #1580, #420, #7296, .T. ) ;
#75 = DIRECTION ( 'NONE',  ( 0.7071067811865481300, 0.0000000000000000000, -0.7071067811865470200 ) ) ;
#76 = EDGE_LOOP ( 'NONE', ( #5129, #7309, #2020, #3267 ) ) ;
#77 = FACE_OUTER_BOUND ( 'NONE', #1620, .T. ) ;
#78 = SURFACE_STYLE_FILL_AREA ( #1933 ) ;
#79 = ORIENTED_EDGE ( 'NONE', *, *, #1444, .T. ) ;
#80 = PRESENTATION_LAYER_ASSIGNMENT (  '', '', ( #6772 ) ) ;
#81 =( LENGTH_UNIT ( ) NAMED_UNIT ( * ) SI_UNIT ( .MILLI., .METRE. ) );
#82 = ORIENTED_EDGE ( 'NONE', *, *, #3400, .T. ) ;
#83 = VECTOR ( 'NONE', #6881, 999.9999999999998900 ) ;
#84 = CARTESIAN_POINT ( 'NONE',  ( -2.139999999999999700, 1.700000000000000000, 1.270000000000000000 ) ) ;
#85 = MECHANICAL_DESIGN_GEOMETRIC_PRESENTATION_REPRESENTATION (  '', ( #6401 ), #503 ) ;
#86 = ORIENTED_EDGE ( 'NONE', *, *, #4179, .T. ) ;
#87 = EDGE_CURVE ( 'NONE', #982, #2301, #1393, .T. ) ;
#88 = MANIFOLD_SOLID_BREP ( 'LPattern3[8]', #1963 ) ;
#89 = ORIENTED_EDGE ( 'NONE', *, *, #6813, .F. ) ;
#90 = ADVANCED_FACE ( 'NONE', ( #1225 ), #3165, .T. ) ;
#91 = LINE ( 'NONE', #6248, #846 ) ;
#92 = DIRECTION ( 'NONE',  ( 0.0000000000000000000, 1.000000000000000000, 0.0000000000000000000 ) ) ;
#93 = FACE_OUTER_BOUND ( 'NONE', #3402, .T. ) ;
#94 = SURFACE_SIDE_STYLE ('',( #3306 ) ) ;
#95 = DIRECTION ( 'NONE',  ( 0.0000000000000000000, 1.000000000000000000, 0.0000000000000000000 ) ) ;
#96 = CARTESIAN_POINT ( 'NONE',  ( -1.490000000000000000, -2.799999999999999400, -13.02000000000000100 ) ) ;
#97 = DIRECTION ( 'NONE',  ( -0.7372346670543746800, -0.0000000000000000000, 0.6756367705307528800 ) ) ;
#98 = SURFACE_STYLE_USAGE ( .BOTH. , #3586 ) ;
#99 =( NAMED_UNIT ( * ) PLANE_ANGLE_UNIT ( ) SI_UNIT ( $, .RADIAN. ) );
#100 = CARTESIAN_POINT ( 'NONE',  ( 1.050000000000000000, 11.70000000000000100, -7.299999999999999800 ) ) ;
#101 = FILL_AREA_STYLE_COLOUR ( '', #3600 ) ;
#102 = STYLED_ITEM ( 'NONE', ( #1011 ), #5533 ) ;
#103 = VECTOR ( 'NONE', #7064, 1000.000000000000000 ) ;
#104 = COLOUR_RGB ( '',0.0000000000000000000, 0.003921568627450980300, 0.09019607843137254800 ) ;
#105 = EDGE_CURVE ( 'NONE', #2268, #5314, #106, .T. ) ;
#106 = LINE ( 'NONE', #1285, #3201 ) ;
#107 = MECHANICAL_DESIGN_GEOMETRIC_PRESENTATION_REPRESENTATION (  '', ( #6421 ), #520 ) ;
#108 = ORIENTED_EDGE ( 'NONE', *, *, #185, .F. ) ;
#109 = DIRECTION ( 'NONE',  ( 0.0000000000000000000, 0.0000000000000000000, -1.000000000000000000 ) ) ;
#110 = VECTOR ( 'NONE', #5373, 1000.000000000000000 ) ;
#111 = FILL_AREA_STYLE ('',( #6983 ) ) ;
#112 =( GEOMETRIC_REPRESENTATION_CONTEXT ( 3 ) GLOBAL_UNCERTAINTY_ASSIGNED_CONTEXT ( ( #4638 ) ) GLOBAL_UNIT_ASSIGNED_CONTEXT ( ( #6098, #2671, #6656 ) ) REPRESENTATION_CONTEXT ( 'NONE', 'WORKASPACE' ) );
#113 = VERTEX_POINT ( 'NONE', #776 ) ;
#114 = ORIENTED_EDGE ( 'NONE', *, *, #3230, .T. ) ;
#115 = LINE ( 'NONE', #7143, #1680 ) ;
#116 = CARTESIAN_POINT ( 'NONE',  ( -2.019999999999999600, 0.2999999999999999900, 1.270000000000000000 ) ) ;
#117 = COLOUR_RGB ( '',0.7960784313725489700, 0.8235294117647058400, 0.9372549019607843100 ) ;
#118 = COLOUR_RGB ( '',0.02745098039215686200, 0.003921568627450980300, 0.0000000000000000000 ) ;
#119 =( GEOMETRIC_REPRESENTATION_CONTEXT ( 3 ) GLOBAL_UNCERTAINTY_ASSIGNED_CONTEXT ( ( #3027 ) ) GLOBAL_UNIT_ASSIGNED_CONTEXT ( ( #2599, #2521, #2499 ) ) REPRESENTATION_CONTEXT ( 'NONE', 'WORKASPACE' ) );
#120 = LINE ( 'NONE', #6971, #6076 ) ;
#121 = ORIENTED_EDGE ( 'NONE', *, *, #2210, .T. ) ;
#122 =( NAMED_UNIT ( * ) SI_UNIT ( $, .STERADIAN. ) SOLID_ANGLE_UNIT ( ) );
#123 = FILL_AREA_STYLE_COLOUR ( '', #1227 ) ;
#124 = CARTESIAN_POINT ( 'NONE',  ( -1.590000000000000300, -2.799999999999999400, -7.839999999999999900 ) ) ;
#125 = EDGE_CURVE ( 'NONE', #27, #2050, #4718, .T. ) ;
#126 = FILL_AREA_STYLE ('',( #4180 ) ) ;
#127 =( GEOMETRIC_REPRESENTATION_CONTEXT ( 3 ) GLOBAL_UNCERTAINTY_ASSIGNED_CONTEXT ( ( #290 ) ) GLOBAL_UNIT_ASSIGNED_CONTEXT ( ( #2720, #6697, #3301 ) ) REPRESENTATION_CONTEXT ( 'NONE', 'WORKASPACE' ) );
#128 = DIRECTION ( 'NONE',  ( -0.0000000000000000000, -0.0000000000000000000, -1.000000000000000000 ) ) ;
#129 = FILL_AREA_STYLE ('',( #6442 ) ) ;
#130 = CARTESIAN_POINT ( 'NONE',  ( 1.490000000000000000, -2.799999999999999400, -4.760000000000000700 ) ) ;
#131 = VERTEX_POINT ( 'NONE', #1378 ) ;
#132 = LINE ( 'NONE', #6178, #1519 ) ;
#133 = EDGE_CURVE ( 'NONE', #6896, #1668, #1495, .T. ) ;
#134 = PRESENTATION_STYLE_ASSIGNMENT (( #3572 ) ) ;
#135 = ORIENTED_EDGE ( 'NONE', *, *, #2058, .F. ) ;
#136 = LINE ( 'NONE', #2388, #4582 ) ;
#137 = ADVANCED_FACE ( 'NONE', ( #1674 ), #1358, .T. ) ;
#138 = LINE ( 'NONE', #1755, #3237 ) ;
#139 = ORIENTED_EDGE ( 'NONE', *, *, #7178, .T. ) ;
#140 = CARTESIAN_POINT ( 'NONE',  ( -2.539999999999999600, 1.700000000000000000, -6.783421052631577900 ) ) ;
#141 = UNCERTAINTY_MEASURE_WITH_UNIT (LENGTH_MEASURE( 1.000000000000000100E-005 ), #7146, 'distance_accuracy_value', 'NONE');
#142 = LINE ( 'NONE', #6228, #795 ) ;
#143 = DIRECTION ( 'NONE',  ( 0.0000000000000000000, 1.000000000000000000, 0.0000000000000000000 ) ) ;
#144 = COLOUR_RGB ( '',0.7960784313725489700, 0.8235294117647058400, 0.9372549019607843100 ) ;
#145 = ORIENTED_EDGE ( 'NONE', *, *, #3637, .F. ) ;
#146 = DIRECTION ( 'NONE',  ( -0.0000000000000000000, -0.0000000000000000000, -1.000000000000000000 ) ) ;
#147 = DIRECTION ( 'NONE',  ( 0.0000000000000000000, 1.000000000000000000, 0.0000000000000000000 ) ) ;
#148 = ORIENTED_EDGE ( 'NONE', *, *, #4507, .F. ) ;
#149 = SURFACE_STYLE_USAGE ( .BOTH. , #7275 ) ;
#150 =( LENGTH_UNIT ( ) NAMED_UNIT ( * ) SI_UNIT ( .MILLI., .METRE. ) );
#151 = EDGE_LOOP ( 'NONE', ( #5338, #6269, #2699, #5269 ) ) ;
#152 = VERTEX_POINT ( 'NONE', #124 ) ;
#153 = SURFACE_STYLE_FILL_AREA ( #3117 ) ;
#154 = VERTEX_POINT ( 'NONE', #6655 ) ;
#155 = EDGE_CURVE ( 'NONE', #1907, #3041, #3846, .T. ) ;
#156 = SURFACE_STYLE_USAGE ( .BOTH. , #3639 ) ;
#157 = ORIENTED_EDGE ( 'NONE', *, *, #270, .T. ) ;
#158 = CARTESIAN_POINT ( 'NONE',  ( 1.590000000000000100, -2.799999999999999400, -12.92000000000000200 ) ) ;
#159 = DIRECTION ( 'NONE',  ( 0.7071067811865477900, 0.0000000000000000000, -0.7071067811865473500 ) ) ;
#160 = ORIENTED_EDGE ( 'NONE', *, *, #3847, .T. ) ;
#161 =( LENGTH_UNIT ( ) NAMED_UNIT ( * ) SI_UNIT ( .MILLI., .METRE. ) );
#162 = VECTOR ( 'NONE', #5770, 1000.000000000000000 ) ;
#163 = STYLED_ITEM ( 'NONE', ( #7301 ), #2990 ) ;
#164 = AXIS2_PLACEMENT_3D ( 'NONE', #1812, #5829, #2399 ) ;
#165 = PLANE ( 'NONE',  #4531 ) ;
#166 =( NAMED_UNIT ( * ) SI_UNIT ( $, .STERADIAN. ) SOLID_ANGLE_UNIT ( ) );
#167 = ORIENTED_EDGE ( 'NONE', *, *, #5149, .T. ) ;
#168 =( LENGTH_UNIT ( ) NAMED_UNIT ( * ) SI_UNIT ( .MILLI., .METRE. ) );
#169 = ORIENTED_EDGE ( 'NONE', *, *, #1313, .F. ) ;
#170 = DIRECTION ( 'NONE',  ( -2.492418787322998300E-016, 0.0000000000000000000, -1.000000000000000000 ) ) ;
#171 = CARTESIAN_POINT ( 'NONE',  ( -1.490000000000000000, 11.70000000000000100, -7.940000000000001300 ) ) ;
#172 = PRESENTATION_STYLE_ASSIGNMENT (( #3164 ) ) ;
#173 = ORIENTED_EDGE ( 'NONE', *, *, #2480, .F. ) ;
#174 = DIRECTION ( 'NONE',  ( -1.000000000000000000, -0.0000000000000000000, -1.232047923278982200E-016 ) ) ;
#175 = FILL_AREA_STYLE ('',( #732 ) ) ;
#176 = DIRECTION ( 'NONE',  ( -0.7372346670543746800, -0.0000000000000000000, 0.6756367705307528800 ) ) ;
#177 = DIRECTION ( 'NONE',  ( -0.7071067811865477900, -0.0000000000000000000, -0.7071067811865473500 ) ) ;
#178 = EDGE_CURVE ( 'NONE', #4655, #1116, #961, .T. ) ;
#179 =( NAMED_UNIT ( * ) SI_UNIT ( $, .STERADIAN. ) SOLID_ANGLE_UNIT ( ) );
#180 = LINE ( 'NONE', #7188, #4616 ) ;
#181 =( NAMED_UNIT ( * ) PLANE_ANGLE_UNIT ( ) SI_UNIT ( $, .RADIAN. ) );
#182 = COLOUR_RGB ( '',0.7960784313725489700, 0.8235294117647058400, 0.9372549019607843100 ) ;
#183 = CARTESIAN_POINT ( 'NONE',  ( 1.490000000000000000, -2.799999999999999400, -7.940000000000001300 ) ) ;
#184 = UNCERTAINTY_MEASURE_WITH_UNIT (LENGTH_MEASURE( 1.000000000000000100E-005 ), #1382, 'distance_accuracy_value', 'NONE');
#185 = EDGE_CURVE ( 'NONE', #2515, #2650, #764, .T. ) ;
#186 = EDGE_LOOP ( 'NONE', ( #5287, #5257, #5622, #1248 ) ) ;
#187 = LINE ( 'NONE', #3483, #3288 ) ;
#188 = VECTOR ( 'NONE', #4664, 1000.000000000000000 ) ;
#189 = SURFACE_STYLE_USAGE ( .BOTH. , #3668 ) ;
#190 = FILL_AREA_STYLE ('',( #6486 ) ) ;
#191 = CARTESIAN_POINT ( 'NONE',  ( -1.050000000000000000, 11.70000000000000100, -10.48000000000000200 ) ) ;
#192 = CARTESIAN_POINT ( 'NONE',  ( 1.490000000000000000, -2.799999999999999400, -2.220000000000000200 ) ) ;
#193 = ORIENTED_EDGE ( 'NONE', *, *, #6698, .T. ) ;
#194 = FILL_AREA_STYLE_COLOUR ( '', #6839 ) ;
#195 = STYLED_ITEM ( 'NONE', ( #203 ), #1458 ) ;
#196 = EDGE_CURVE ( 'NONE', #7230, #4376, #2486, .T. ) ;
#197 = DIRECTION ( 'NONE',  ( 0.0000000000000000000, 1.000000000000000000, 0.0000000000000000000 ) ) ;
#198 = SURFACE_STYLE_USAGE ( .BOTH. , #3679 ) ;
#199 = VERTEX_POINT ( 'NONE', #5944 ) ;
#200 = CARTESIAN_POINT ( 'NONE',  ( 0.0000000000000000000, 11.70000000000000100, -7.620000000000000100 ) ) ;
#201 = CARTESIAN_POINT ( 'NONE',  ( -2.540000000000000000, 1.700000000000000000, -11.06342105263158100 ) ) ;
#202 = STYLED_ITEM ( 'NONE', ( #172 ), #2662 ) ;
#203 = PRESENTATION_STYLE_ASSIGNMENT (( #4157 ) ) ;
#204 = DIRECTION ( 'NONE',  ( 2.492418787322998300E-016, 0.0000000000000000000, 1.000000000000000000 ) ) ;
#205 = CARTESIAN_POINT ( 'NONE',  ( -1.050000000000000000, -2.799999999999999400, -7.299999999999999800 ) ) ;
#206 = MECHANICAL_DESIGN_GEOMETRIC_PRESENTATION_REPRESENTATION (  '', ( #6511 ), #620 ) ;
#207 = LINE ( 'NONE', #7383, #3308 ) ;
#208 = FACE_OUTER_BOUND ( 'NONE', #5697, .T. ) ;
#209 = ORIENTED_EDGE ( 'NONE', *, *, #5369, .T. ) ;
#210 = VECTOR ( 'NONE', #362, 999.9999999999998900 ) ;
#211 = SURFACE_STYLE_USAGE ( .BOTH. , #3704 ) ;
#212 = CARTESIAN_POINT ( 'NONE',  ( -1.490000000000000000, 11.70000000000000100, -2.860000000000000300 ) ) ;
#213 = CARTESIAN_POINT ( 'NONE',  ( -2.540000000000000000, 1.700000000000000000, -13.60342105263158000 ) ) ;
#214 = MECHANICAL_DESIGN_GEOMETRIC_PRESENTATION_REPRESENTATION (  '', ( #6519 ), #630 ) ;
#215 = ORIENTED_EDGE ( 'NONE', *, *, #5617, .T. ) ;
#216 = ORIENTED_EDGE ( 'NONE', *, *, #997, .F. ) ;
#217 = PRESENTATION_STYLE_ASSIGNMENT (( #3744 ) ) ;
#218 = CARTESIAN_POINT ( 'NONE',  ( -2.140000000000000600, 0.0000000000000000000, -6.350000000000000500 ) ) ;
#219 =( NAMED_UNIT ( * ) SI_UNIT ( $, .STERADIAN. ) SOLID_ANGLE_UNIT ( ) );
#220 = DIRECTION ( 'NONE',  ( 1.000000000000000000, 0.0000000000000000000, 1.232047923278982200E-016 ) ) ;
#221 = MECHANICAL_DESIGN_GEOMETRIC_PRESENTATION_REPRESENTATION (  '', ( #6529 ), #636 ) ;
#222 = ORIENTED_EDGE ( 'NONE', *, *, #3152, .T. ) ;
#223 = SURFACE_STYLE_FILL_AREA ( #4139 ) ;
#224 = FILL_AREA_STYLE ('',( #1961 ) ) ;
#225 = CARTESIAN_POINT ( 'NONE',  ( -2.019999999999999600, 0.0000000000000000000, -1.270000000000000000 ) ) ;
#226 =( LENGTH_UNIT ( ) NAMED_UNIT ( * ) SI_UNIT ( .MILLI., .METRE. ) );
#227 = ORIENTED_EDGE ( 'NONE', *, *, #4120, .T. ) ;
#228 = EDGE_CURVE ( 'NONE', #152, #4537, #5355, .T. ) ;
#229 = SURFACE_SIDE_STYLE ('',( #3575 ) ) ;
#230 = CARTESIAN_POINT ( 'NONE',  ( 2.140000000000001500, 0.0000000000000000000, -11.43000000000000100 ) ) ;
#231 =( LENGTH_UNIT ( ) NAMED_UNIT ( * ) SI_UNIT ( .MILLI., .METRE. ) );
#232 = CARTESIAN_POINT ( 'NONE',  ( -2.539999999999999600, 1.700000000000000000, 0.8365789473684214200 ) ) ;
#233 = VERTEX_POINT ( 'NONE', #5867 ) ;
#234 =( NAMED_UNIT ( * ) SI_UNIT ( $, .STERADIAN. ) SOLID_ANGLE_UNIT ( ) );
#235 = AXIS2_PLACEMENT_3D ( 'NONE', #6560, #3157, #7136 ) ;
#236 = ORIENTED_EDGE ( 'NONE', *, *, #1983, .T. ) ;
#237 = UNCERTAINTY_MEASURE_WITH_UNIT (LENGTH_MEASURE( 1.000000000000000100E-005 ), #1887, 'distance_accuracy_value', 'NONE');
#238 = SURFACE_SIDE_STYLE ('',( #4813 ) ) ;
#239 = FILL_AREA_STYLE_COLOUR ( '', #5693 ) ;
#240 = CARTESIAN_POINT ( 'NONE',  ( 1.490000000000000000, -2.799999999999999400, -13.02000000000000100 ) ) ;
#241 = VERTEX_POINT ( 'NONE', #5611 ) ;
#242 = PRESENTATION_LAYER_ASSIGNMENT (  '', '', ( #6920 ) ) ;
#243 =( NAMED_UNIT ( * ) SI_UNIT ( $, .STERADIAN. ) SOLID_ANGLE_UNIT ( ) );
#244 = VECTOR ( 'NONE', #1840, 1000.000000000000000 ) ;
#245 = FILL_AREA_STYLE_COLOUR ( '', #540 ) ;
#246 =( NAMED_UNIT ( * ) SI_UNIT ( $, .STERADIAN. ) SOLID_ANGLE_UNIT ( ) );
#247 = ORIENTED_EDGE ( 'NONE', *, *, #1821, .F. ) ;
#248 = ORIENTED_EDGE ( 'NONE', *, *, #6207, .T. ) ;
#249 = CARTESIAN_POINT ( 'NONE',  ( 1.490000000000000000, -2.799999999999999400, -7.299999999999999800 ) ) ;
#250 = FILL_AREA_STYLE_COLOUR ( '', #2117 ) ;
#251 = FACE_OUTER_BOUND ( 'NONE', #1959, .T. ) ;
#252 = MECHANICAL_DESIGN_GEOMETRIC_PRESENTATION_REPRESENTATION (  '', ( #6551 ), #658 ) ;
#253 = EDGE_CURVE ( 'NONE', #6083, #1078, #2795, .T. ) ;
#254 = CARTESIAN_POINT ( 'NONE',  ( 2.540000000000000900, 1.700000000000000000, -5.950000000000001100 ) ) ;
#255 =( LENGTH_UNIT ( ) NAMED_UNIT ( * ) SI_UNIT ( .MILLI., .METRE. ) );
#256 = EDGE_CURVE ( 'NONE', #5314, #2944, #5670, .T. ) ;
#257 = PRESENTATION_LAYER_ASSIGNMENT (  '', '', ( #6931 ) ) ;
#258 = SURFACE_STYLE_USAGE ( .BOTH. , #3745 ) ;
#259 = ADVANCED_FACE ( 'NONE', ( #4314 ), #5512, .F. ) ;
#260 = ORIENTED_EDGE ( 'NONE', *, *, #4747, .F. ) ;
#261 = MECHANICAL_DESIGN_GEOMETRIC_PRESENTATION_REPRESENTATION (  '', ( #6557 ), #670 ) ;
#262 =( GEOMETRIC_REPRESENTATION_CONTEXT ( 3 ) GLOBAL_UNCERTAINTY_ASSIGNED_CONTEXT ( ( #2067 ) ) GLOBAL_UNIT_ASSIGNED_CONTEXT ( ( #2296, #6287, #2876 ) ) REPRESENTATION_CONTEXT ( 'NONE', 'WORKASPACE' ) );
#263 = FACE_OUTER_BOUND ( 'NONE', #7448, .T. ) ;
#264 =( LENGTH_UNIT ( ) NAMED_UNIT ( * ) SI_UNIT ( .MILLI., .METRE. ) );
#265 = DIRECTION ( 'NONE',  ( -0.0000000000000000000, -0.0000000000000000000, -1.000000000000000000 ) ) ;
#266 = CARTESIAN_POINT ( 'NONE',  ( -1.490000000000000000, -2.799999999999999400, -2.860000000000000300 ) ) ;
#267 = DIRECTION ( 'NONE',  ( -0.7071067811865461300, 0.0000000000000000000, 0.7071067811865489100 ) ) ;
#268 = DIRECTION ( 'NONE',  ( 0.0000000000000000000, 1.000000000000000000, 0.0000000000000000000 ) ) ;
#269 = ORIENTED_EDGE ( 'NONE', *, *, #256, .T. ) ;
#270 = EDGE_CURVE ( 'NONE', #5982, #6896, #3605, .T. ) ;
#271 = SURFACE_STYLE_FILL_AREA ( #6157 ) ;
#272 = LINE ( 'NONE', #3044, #1652 ) ;
#273 = SURFACE_SIDE_STYLE ('',( #1929 ) ) ;
#274 = CARTESIAN_POINT ( 'NONE',  ( 0.9499999999999999600, -2.799999999999999400, -5.299999999999999800 ) ) ;
#275 = SURFACE_SIDE_STYLE ('',( #6588 ) ) ;
#276 = ORIENTED_EDGE ( 'NONE', *, *, #463, .T. ) ;
#277 = MECHANICAL_DESIGN_GEOMETRIC_PRESENTATION_REPRESENTATION (  '', ( #6568 ), #680 ) ;
#278 =( NAMED_UNIT ( * ) SI_UNIT ( $, .STERADIAN. ) SOLID_ANGLE_UNIT ( ) );
#279 = PRESENTATION_STYLE_ASSIGNMENT (( #1423 ) ) ;
#280 = DIRECTION ( 'NONE',  ( -0.0000000000000000000, -1.000000000000000000, -0.0000000000000000000 ) ) ;
#281 = DIRECTION ( 'NONE',  ( -0.7071067811865489100, -0.0000000000000000000, 0.7071067811865462400 ) ) ;
#282 = VECTOR ( 'NONE', #3458, 1000.000000000000000 ) ;
#283 = UNCERTAINTY_MEASURE_WITH_UNIT (LENGTH_MEASURE( 1.000000000000000100E-005 ), #81, 'distance_accuracy_value', 'NONE');
#284 = SURFACE_SIDE_STYLE ('',( #4375 ) ) ;
#285 = CARTESIAN_POINT ( 'NONE',  ( -2.539999999999999600, 1.700000000000000000, -4.243421052631578800 ) ) ;
#286 = CARTESIAN_POINT ( 'NONE',  ( -1.590000000000000300, -2.799999999999999400, -2.320000000000000300 ) ) ;
#287 = EDGE_CURVE ( 'NONE', #1258, #5731, #533, .T. ) ;
#288 = ORIENTED_EDGE ( 'NONE', *, *, #463, .F. ) ;
#289 = DIRECTION ( 'NONE',  ( 1.000000000000000000, 0.0000000000000000000, 1.232047923278982200E-016 ) ) ;
#290 = UNCERTAINTY_MEASURE_WITH_UNIT (LENGTH_MEASURE( 1.000000000000000100E-005 ), #2720, 'distance_accuracy_value', 'NONE');
#291 = EDGE_CURVE ( 'NONE', #2345, #5054, #2075, .T. ) ;
#292 = EDGE_LOOP ( 'NONE', ( #1787, #41, #3151, #774 ) ) ;
#293 = SURFACE_STYLE_USAGE ( .BOTH. , #3777 ) ;
#294 =( LENGTH_UNIT ( ) NAMED_UNIT ( * ) SI_UNIT ( .MILLI., .METRE. ) );
#295 = CARTESIAN_POINT ( 'NONE',  ( -0.9499999999999999600, 11.70000000000000100, -12.92000000000000200 ) ) ;
#296 = LINE ( 'NONE', #5613, #490 ) ;
#297 = ADVANCED_FACE ( 'NONE', ( #6446 ), #329, .T. ) ;
#298 = LINE ( 'NONE', #609, #1678 ) ;
#299 = FILL_AREA_STYLE ('',( #3188 ) ) ;
#300 = EDGE_LOOP ( 'NONE', ( #2735, #557, #3889, #6012 ) ) ;
#301 = PRESENTATION_STYLE_ASSIGNMENT (( #4562 ) ) ;
#302 = CARTESIAN_POINT ( 'NONE',  ( -1.490000000000000000, -2.799999999999999400, -13.02000000000000100 ) ) ;
#303 = CARTESIAN_POINT ( 'NONE',  ( -1.490000000000000000, 11.70000000000000100, -7.940000000000001300 ) ) ;
#304 = DIRECTION ( 'NONE',  ( 0.0000000000000000000, 1.000000000000000000, 0.0000000000000000000 ) ) ;
#305 =( NAMED_UNIT ( * ) PLANE_ANGLE_UNIT ( ) SI_UNIT ( $, .RADIAN. ) );
#306 = CARTESIAN_POINT ( 'NONE',  ( -2.019999999999999600, 0.2999999999999999900, -13.97000000000000100 ) ) ;
#307 = LINE ( 'NONE', #2733, #6245 ) ;
#308 =( GEOMETRIC_REPRESENTATION_CONTEXT ( 3 ) GLOBAL_UNCERTAINTY_ASSIGNED_CONTEXT ( ( #483 ) ) GLOBAL_UNIT_ASSIGNED_CONTEXT ( ( #5282, #1831, #5848 ) ) REPRESENTATION_CONTEXT ( 'NONE', 'WORKASPACE' ) );
#309 = VECTOR ( 'NONE', #4701, 1000.000000000000100 ) ;
#310 = DIRECTION ( 'NONE',  ( -0.0000000000000000000, 1.000000000000000000, 0.0000000000000000000 ) ) ;
#311 = ORIENTED_EDGE ( 'NONE', *, *, #6339, .T. ) ;
#312 = STYLED_ITEM ( 'NONE', ( #5021 ), #6116 ) ;
#313 = FACE_OUTER_BOUND ( 'NONE', #3239, .T. ) ;
#314 = VERTEX_POINT ( 'NONE', #4246 ) ;
#315 =( NAMED_UNIT ( * ) SI_UNIT ( $, .STERADIAN. ) SOLID_ANGLE_UNIT ( ) );
#316 = DIRECTION ( 'NONE',  ( -0.0000000000000000000, -1.000000000000000000, -0.0000000000000000000 ) ) ;
#317 = VERTEX_POINT ( 'NONE', #3224 ) ;
#318 = FILL_AREA_STYLE_COLOUR ( '', #2139 ) ;
#319 = CARTESIAN_POINT ( 'NONE',  ( 2.020000000000001400, 0.0000000000000000000, 1.270000000000000000 ) ) ;
#320 = FACE_OUTER_BOUND ( 'NONE', #13, .T. ) ;
#321 = ORIENTED_EDGE ( 'NONE', *, *, #4910, .F. ) ;
#322 = ORIENTED_EDGE ( 'NONE', *, *, #3400, .F. ) ;
#323 = ORIENTED_EDGE ( 'NONE', *, *, #6867, .F. ) ;
#324 = CARTESIAN_POINT ( 'NONE',  ( 1.490000000000000000, 11.70000000000000100, -12.38000000000000300 ) ) ;
#325 = CARTESIAN_POINT ( 'NONE',  ( 2.140000000000001500, 1.700000000000000000, -11.43000000000000100 ) ) ;
#326 = VECTOR ( 'NONE', #4703, 1000.000000000000000 ) ;
#327 = CARTESIAN_POINT ( 'NONE',  ( 2.140000000000001500, 1.700000000000000000, -6.349999999999999600 ) ) ;
#329 = PLANE ( 'NONE',  #2327 ) ;
#328 =( GEOMETRIC_REPRESENTATION_CONTEXT ( 3 ) GLOBAL_UNCERTAINTY_ASSIGNED_CONTEXT ( ( #2659 ) ) GLOBAL_UNIT_ASSIGNED_CONTEXT ( ( #841, #4868, #1420 ) ) REPRESENTATION_CONTEXT ( 'NONE', 'WORKASPACE' ) );
#330 = FILL_AREA_STYLE_COLOUR ( '', #666 ) ;
#331 = LINE ( 'NONE', #1297, #3426 ) ;
#332 = ORIENTED_EDGE ( 'NONE', *, *, #6713, .T. ) ;
#333 = DIRECTION ( 'NONE',  ( 0.0000000000000000000, 0.0000000000000000000, 1.000000000000000000 ) ) ;
#334 = COLOUR_RGB ( '',0.7960784313725489700, 0.8235294117647058400, 0.9372549019607843100 ) ;
#335 = FILL_AREA_STYLE_COLOUR ( '', #2942 ) ;
#336 = SURFACE_SIDE_STYLE ('',( #2045 ) ) ;
#337 = UNCERTAINTY_MEASURE_WITH_UNIT (LENGTH_MEASURE( 1.000000000000000100E-005 ), #7199, 'distance_accuracy_value', 'NONE');
#338 =( LENGTH_UNIT ( ) NAMED_UNIT ( * ) SI_UNIT ( .MILLI., .METRE. ) );
#339 =( GEOMETRIC_REPRESENTATION_CONTEXT ( 3 ) GLOBAL_UNCERTAINTY_ASSIGNED_CONTEXT ( ( #2196 ) ) GLOBAL_UNIT_ASSIGNED_CONTEXT ( ( #6294, #2881, #6857 ) ) REPRESENTATION_CONTEXT ( 'NONE', 'WORKASPACE' ) );
#340 = ORIENTED_EDGE ( 'NONE', *, *, #6137, .T. ) ;
#341 = ADVANCED_FACE ( 'NONE', ( #1347 ), #3110, .F. ) ;
#342 = CARTESIAN_POINT ( 'NONE',  ( 0.9499999999999999600, -2.799999999999999400, -10.38000000000000100 ) ) ;
#343 = FILL_AREA_STYLE ('',( #3829 ) ) ;
#344 = ORIENTED_EDGE ( 'NONE', *, *, #1731, .F. ) ;
#345 = DIRECTION ( 'NONE',  ( -0.0000000000000000000, 1.000000000000000000, 0.0000000000000000000 ) ) ;
#346 =( NAMED_UNIT ( * ) SI_UNIT ( $, .STERADIAN. ) SOLID_ANGLE_UNIT ( ) );
#347 = EDGE_LOOP ( 'NONE', ( #2813, #2328, #6965, #2355 ) ) ;
#348 = DIRECTION ( 'NONE',  ( 0.0000000000000000000, -0.0000000000000000000, -1.000000000000000000 ) ) ;
#349 = FACE_OUTER_BOUND ( 'NONE', #4093, .T. ) ;
#350 = CARTESIAN_POINT ( 'NONE',  ( -0.9499999999999999600, -2.799999999999999400, -2.760000000000000200 ) ) ;
#351 = EDGE_CURVE ( 'NONE', #3345, #154, #6706, .T. ) ;
#352 = EDGE_LOOP ( 'NONE', ( #6263, #6376, #2150, #3976 ) ) ;
#353 =( NAMED_UNIT ( * ) PLANE_ANGLE_UNIT ( ) SI_UNIT ( $, .RADIAN. ) );
#354 = DIRECTION ( 'NONE',  ( 0.0000000000000000000, 1.000000000000000000, 0.0000000000000000000 ) ) ;
#355 = FACE_OUTER_BOUND ( 'NONE', #2834, .T. ) ;
#356 = ORIENTED_EDGE ( 'NONE', *, *, #676, .T. ) ;
#357 = SURFACE_STYLE_USAGE ( .BOTH. , #3840 ) ;
#358 = DIRECTION ( 'NONE',  ( -1.000000000000000000, 0.0000000000000000000, -1.232047923278982000E-016 ) ) ;
#359 = PRESENTATION_LAYER_ASSIGNMENT (  '', '', ( #7024 ) ) ;
#360 =( LENGTH_UNIT ( ) NAMED_UNIT ( * ) SI_UNIT ( .MILLI., .METRE. ) );
#361 = DIRECTION ( 'NONE',  ( 0.0000000000000000000, 1.000000000000000000, 0.0000000000000000000 ) ) ;
#362 = DIRECTION ( 'NONE',  ( -0.7071067811865477900, -0.0000000000000000000, -0.7071067811865473500 ) ) ;
#363 = EDGE_CURVE ( 'NONE', #1749, #435, #800, .T. ) ;
#364 = APPLICATION_CONTEXT ( 'automotive_design' ) ;
#365 = VECTOR ( 'NONE', #6757, 1000.000000000000000 ) ;
#366 = VECTOR ( 'NONE', #4294, 1000.000000000000000 ) ;
#367 = ORIENTED_EDGE ( 'NONE', *, *, #6214, .T. ) ;
#368 = CARTESIAN_POINT ( 'NONE',  ( 0.9499999999999999600, -2.799999999999999400, -10.38000000000000100 ) ) ;
#369 = FILL_AREA_STYLE_COLOUR ( '', #5466 ) ;
#370 = FILL_AREA_STYLE_COLOUR ( '', #2239 ) ;
#371 = PRESENTATION_LAYER_ASSIGNMENT (  '', '', ( #7032 ) ) ;
#372 = ORIENTED_EDGE ( 'NONE', *, *, #4688, .T. ) ;
#373 = VECTOR ( 'NONE', #908, 999.9999999999998900 ) ;
#374 =( NAMED_UNIT ( * ) SI_UNIT ( $, .STERADIAN. ) SOLID_ANGLE_UNIT ( ) );
#375 = PLANE ( 'NONE',  #4888 ) ;
#376 = SURFACE_STYLE_USAGE ( .BOTH. , #3859 ) ;
#377 =( LENGTH_UNIT ( ) NAMED_UNIT ( * ) SI_UNIT ( .MILLI., .METRE. ) );
#378 = PRESENTATION_LAYER_ASSIGNMENT (  '', '', ( #7039 ) ) ;
#379 = ORIENTED_EDGE ( 'NONE', *, *, #7027, .F. ) ;
#380 =( GEOMETRIC_REPRESENTATION_CONTEXT ( 3 ) GLOBAL_UNCERTAINTY_ASSIGNED_CONTEXT ( ( #1106 ) ) GLOBAL_UNIT_ASSIGNED_CONTEXT ( ( #294, #4343, #909 ) ) REPRESENTATION_CONTEXT ( 'NONE', 'WORKASPACE' ) );
#381 = ADVANCED_FACE ( 'NONE', ( #623 ), #1990, .T. ) ;
#382 = EDGE_CURVE ( 'NONE', #2301, #3207, #6004, .T. ) ;
#383 = UNCERTAINTY_MEASURE_WITH_UNIT (LENGTH_MEASURE( 1.000000000000000100E-005 ), #2326, 'distance_accuracy_value', 'NONE');
#384 = CARTESIAN_POINT ( 'NONE',  ( -1.490000000000000200, -2.799999999999999400, -4.760000000000000700 ) ) ;
#385 = ORIENTED_EDGE ( 'NONE', *, *, #1850, .F. ) ;
#386 = DIRECTION ( 'NONE',  ( 0.7071067811865487900, 0.0000000000000000000, -0.7071067811865463500 ) ) ;
#387 =( GEOMETRIC_REPRESENTATION_CONTEXT ( 3 ) GLOBAL_UNCERTAINTY_ASSIGNED_CONTEXT ( ( #629 ) ) GLOBAL_UNIT_ASSIGNED_CONTEXT ( ( #3544, #56, #4122 ) ) REPRESENTATION_CONTEXT ( 'NONE', 'WORKASPACE' ) );
#388 = LINE ( 'NONE', #1395, #4807 ) ;
#389 = CARTESIAN_POINT ( 'NONE',  ( -1.590000000000000300, -2.799999999999999400, -0.2200000000000002500 ) ) ;
#390 =( LENGTH_UNIT ( ) NAMED_UNIT ( * ) SI_UNIT ( .MILLI., .METRE. ) );
#391 = FILL_AREA_STYLE ('',( #7260 ) ) ;
#392 = FACE_OUTER_BOUND ( 'NONE', #3330, .T. ) ;
#393 = PLANE ( 'NONE',  #418 ) ;
#394 = LINE ( 'NONE', #2424, #1937 ) ;
#395 = CARTESIAN_POINT ( 'NONE',  ( -1.050000000000000000, -2.799999999999999400, -10.48000000000000200 ) ) ;
#396 = DIRECTION ( 'NONE',  ( -0.7071067811865481300, 0.0000000000000000000, -0.7071067811865470200 ) ) ;
#397 = LINE ( 'NONE', #6398, #4268 ) ;
#398 = COLOUR_RGB ( '',0.7960784313725489700, 0.8235294117647058400, 0.9372549019607843100 ) ;
#399 = ORIENTED_EDGE ( 'NONE', *, *, #6819, .T. ) ;
#400 = LINE ( 'NONE', #5585, #5365 ) ;
#401 = DIRECTION ( 'NONE',  ( -0.0000000000000000000, -1.000000000000000000, -0.0000000000000000000 ) ) ;
#402 = DIRECTION ( 'NONE',  ( 0.7071067811865486800, 0.0000000000000000000, -0.7071067811865463500 ) ) ;
#403 = DIRECTION ( 'NONE',  ( 1.000000000000000000, 0.0000000000000000000, 0.0000000000000000000 ) ) ;
#404 = VECTOR ( 'NONE', #3973, 1000.000000000000000 ) ;
#405 = SURFACE_STYLE_FILL_AREA ( #6237 ) ;
#406 = ORIENTED_EDGE ( 'NONE', *, *, #3993, .T. ) ;
#407 = LINE ( 'NONE', #3310, #210 ) ;
#408 = PRESENTATION_STYLE_ASSIGNMENT (( #198 ) ) ;
#409 = DIRECTION ( 'NONE',  ( -1.000000000000000000, 0.0000000000000000000, 0.0000000000000000000 ) ) ;
#410 = EDGE_CURVE ( 'NONE', #1775, #2050, #3136, .T. ) ;
#411 = ORIENTED_EDGE ( 'NONE', *, *, #133, .F. ) ;
#412 = DIRECTION ( 'NONE',  ( 0.7071067811865486800, 0.0000000000000000000, 0.7071067811865464600 ) ) ;
#413 = AXIS2_PLACEMENT_3D ( 'NONE', #589, #4620, #1189 ) ;
#414 = ORIENTED_EDGE ( 'NONE', *, *, #7093, .T. ) ;
#415 = FILL_AREA_STYLE_COLOUR ( '', #118 ) ;
#416 = CARTESIAN_POINT ( 'NONE',  ( -1.590000000000000300, -2.799999999999999400, -2.760000000000000200 ) ) ;
#417 = PRESENTATION_LAYER_ASSIGNMENT (  '', '', ( #7079 ) ) ;
#418 = AXIS2_PLACEMENT_3D ( 'NONE', #424, #4468, #1032 ) ;
#419 = LINE ( 'NONE', #5937, #2947 ) ;
#420 = VERTEX_POINT ( 'NONE', #4119 ) ;
#421 = ORIENTED_EDGE ( 'NONE', *, *, #382, .T. ) ;
#422 = ADVANCED_FACE ( 'NONE', ( #47 ), #6956, .T. ) ;
#423 = VERTEX_POINT ( 'NONE', #4686 ) ;
#424 = CARTESIAN_POINT ( 'NONE',  ( -1.590000000000000300, -2.799999999999999400, -10.38000000000000100 ) ) ;
#425 = FILL_AREA_STYLE ('',( #5018 ) ) ;
#426 =( NAMED_UNIT ( * ) PLANE_ANGLE_UNIT ( ) SI_UNIT ( $, .RADIAN. ) );
#427 = EDGE_CURVE ( 'NONE', #420, #6017, #901, .T. ) ;
#428 = CARTESIAN_POINT ( 'NONE',  ( 0.0000000000000000000, -2.799999999999999400, -2.540000000000000000 ) ) ;
#429 = ORIENTED_EDGE ( 'NONE', *, *, #2450, .T. ) ;
#430 = ORIENTED_EDGE ( 'NONE', *, *, #4575, .F. ) ;
#431 = FACE_OUTER_BOUND ( 'NONE', #5791, .T. ) ;
#432 = CARTESIAN_POINT ( 'NONE',  ( -2.539999999999999600, 1.700000000000000000, -6.783421052631577900 ) ) ;
#433 = UNCERTAINTY_MEASURE_WITH_UNIT (LENGTH_MEASURE( 1.000000000000000100E-005 ), #4685, 'distance_accuracy_value', 'NONE');
#434 = CARTESIAN_POINT ( 'NONE',  ( -1.590000000000000300, -2.799999999999999400, -4.860000000000000300 ) ) ;
#435 = VERTEX_POINT ( 'NONE', #687 ) ;
#436 = STYLED_ITEM ( 'NONE', ( #6892 ), #6765 ) ;
#437 = ORIENTED_EDGE ( 'NONE', *, *, #3145, .F. ) ;
#438 = ORIENTED_EDGE ( 'NONE', *, *, #5158, .T. ) ;
#439 = COLOUR_RGB ( '',0.0000000000000000000, 0.003921568627450980300, 0.09019607843137254800 ) ;
#440 = SURFACE_SIDE_STYLE ('',( #3794 ) ) ;
#441 = ORIENTED_EDGE ( 'NONE', *, *, #584, .T. ) ;
#442 = EDGE_CURVE ( 'NONE', #3041, #5568, #2426, .T. ) ;
#443 = AXIS2_PLACEMENT_3D ( 'NONE', #4543, #1108, #5124 ) ;
#444 = VERTEX_POINT ( 'NONE', #5298 ) ;
#445 = FACE_OUTER_BOUND ( 'NONE', #4850, .T. ) ;
#446 = DIRECTION ( 'NONE',  ( -0.7071067811865489100, -0.0000000000000000000, -0.7071067811865461300 ) ) ;
#447 = DIRECTION ( 'NONE',  ( -1.000000000000000000, 0.0000000000000000000, -0.0000000000000000000 ) ) ;
#448 =( NAMED_UNIT ( * ) PLANE_ANGLE_UNIT ( ) SI_UNIT ( $, .RADIAN. ) );
#449 = VECTOR ( 'NONE', #4702, 1000.000000000000100 ) ;
#450 = ORIENTED_EDGE ( 'NONE', *, *, #4288, .F. ) ;
#451 = EDGE_CURVE ( 'NONE', #2243, #662, #6792, .T. ) ;
#452 = CLOSED_SHELL ( 'NONE', ( #90, #1824, #6837, #1612, #3238, #1854, #4060, #1090, #6034, #572 ) ) ;
#453 = MECHANICAL_DESIGN_GEOMETRIC_PRESENTATION_REPRESENTATION (  '', ( #6727 ), #838 ) ;
#454 = DIRECTION ( 'NONE',  ( -0.7071067811865477900, -0.0000000000000000000, -0.7071067811865473500 ) ) ;
#455 = CARTESIAN_POINT ( 'NONE',  ( 1.590000000000000100, -2.799999999999999400, -5.300000000000000700 ) ) ;
#456 = CARTESIAN_POINT ( 'NONE',  ( 2.540000000000000900, 1.700000000000000000, -11.83000000000000200 ) ) ;
#457 = FILL_AREA_STYLE ('',( #5050 ) ) ;
#458 =( LENGTH_UNIT ( ) NAMED_UNIT ( * ) SI_UNIT ( .MILLI., .METRE. ) );
#459 =( NAMED_UNIT ( * ) PLANE_ANGLE_UNIT ( ) SI_UNIT ( $, .RADIAN. ) );
#460 =( NAMED_UNIT ( * ) PLANE_ANGLE_UNIT ( ) SI_UNIT ( $, .RADIAN. ) );
#461 =( GEOMETRIC_REPRESENTATION_CONTEXT ( 3 ) GLOBAL_UNCERTAINTY_ASSIGNED_CONTEXT ( ( #5067 ) ) GLOBAL_UNIT_ASSIGNED_CONTEXT ( ( #3799, #305, #4355 ) ) REPRESENTATION_CONTEXT ( 'NONE', 'WORKASPACE' ) );
#462 = ORIENTED_EDGE ( 'NONE', *, *, #2527, .F. ) ;
#463 = EDGE_CURVE ( 'NONE', #2190, #4006, #2249, .T. ) ;
#464 = SURFACE_STYLE_FILL_AREA ( #1728 ) ;
#465 = COLOUR_RGB ( '',0.7960784313725489700, 0.8235294117647058400, 0.9372549019607843100 ) ;
#466 = ORIENTED_EDGE ( 'NONE', *, *, #87, .F. ) ;
#467 = ADVANCED_FACE ( 'NONE', ( #5131 ), #1868, .T. ) ;
#468 = SURFACE_STYLE_USAGE ( .BOTH. , #3934 ) ;
#469 = ORIENTED_EDGE ( 'NONE', *, *, #763, .T. ) ;
#470 = PRESENTATION_LAYER_ASSIGNMENT (  '', '', ( #7122 ) ) ;
#471 = MECHANICAL_DESIGN_GEOMETRIC_PRESENTATION_REPRESENTATION (  '', ( #6743 ), #860 ) ;
#472 = LINE ( 'NONE', #2477, #3545 ) ;
#473 = CARTESIAN_POINT ( 'NONE',  ( -2.540000000000000000, 1.700000000000000000, -11.06342105263158100 ) ) ;
#474 = SURFACE_STYLE_USAGE ( .BOTH. , #3939 ) ;
#475 = DIRECTION ( 'NONE',  ( 0.7071067811865486800, 0.0000000000000000000, 0.7071067811865464600 ) ) ;
#476 =( NAMED_UNIT ( * ) SI_UNIT ( $, .STERADIAN. ) SOLID_ANGLE_UNIT ( ) );
#477 = FILL_AREA_STYLE_COLOUR ( '', #2324 ) ;
#478 = ORIENTED_EDGE ( 'NONE', *, *, #1615, .F. ) ;
#479 = CARTESIAN_POINT ( 'NONE',  ( 2.540000000000000900, 1.700000000000000000, -4.210000000000000000 ) ) ;
#480 = CARTESIAN_POINT ( 'NONE',  ( -1.490000000000000200, -2.799999999999999400, -12.38000000000000300 ) ) ;
#481 = DIRECTION ( 'NONE',  ( 0.0000000000000000000, 0.0000000000000000000, 1.000000000000000000 ) ) ;
#482 = FACE_OUTER_BOUND ( 'NONE', #2508, .T. ) ;
#483 = UNCERTAINTY_MEASURE_WITH_UNIT (LENGTH_MEASURE( 1.000000000000000100E-005 ), #5282, 'distance_accuracy_value', 'NONE');
#484 = MECHANICAL_DESIGN_GEOMETRIC_PRESENTATION_REPRESENTATION (  '', ( #6761 ), #881 ) ;
#485 = AXIS2_PLACEMENT_3D ( 'NONE', #2860, #6833, #3444 ) ;
#486 = EDGE_CURVE ( 'NONE', #7249, #717, #4586, .T. ) ;
#487 = PRESENTATION_STYLE_ASSIGNMENT (( #6082 ) ) ;
#488 = FACE_OUTER_BOUND ( 'NONE', #696, .T. ) ;
#489 = CARTESIAN_POINT ( 'NONE',  ( -2.140000000000000600, 1.700000000000000000, -8.890000000000000600 ) ) ;
#490 = VECTOR ( 'NONE', #446, 1000.000000000000100 ) ;
#491 = COLOUR_RGB ( '',0.0000000000000000000, 0.003921568627450980300, 0.09019607843137254800 ) ;
#492 = MECHANICAL_DESIGN_GEOMETRIC_PRESENTATION_REPRESENTATION (  '', ( #6772 ), #898 ) ;
#493 =( LENGTH_UNIT ( ) NAMED_UNIT ( * ) SI_UNIT ( .MILLI., .METRE. ) );
#494 = LINE ( 'NONE', #1729, #2030 ) ;
#495 = CARTESIAN_POINT ( 'NONE',  ( 0.9499999999999999600, -2.799999999999999400, -10.38000000000000100 ) ) ;
#496 = COLOUR_RGB ( '',0.7960784313725489700, 0.8235294117647058400, 0.9372549019607843100 ) ;
#497 = LINE ( 'NONE', #4607, #3573 ) ;
#498 = VECTOR ( 'NONE', #1379, 1000.000000000000000 ) ;
#499 = ORIENTED_EDGE ( 'NONE', *, *, #949, .T. ) ;
#500 = ADVANCED_FACE ( 'NONE', ( #1529 ), #6463, .F. ) ;
#501 = CARTESIAN_POINT ( 'NONE',  ( -2.019999999999999600, 0.0000000000000000000, -13.97000000000000100 ) ) ;
#502 = FILL_AREA_STYLE_COLOUR ( '', #6329 ) ;
#503 =( GEOMETRIC_REPRESENTATION_CONTEXT ( 3 ) GLOBAL_UNCERTAINTY_ASSIGNED_CONTEXT ( ( #3497 ) ) GLOBAL_UNIT_ASSIGNED_CONTEXT ( ( #4608, #1172, #5185 ) ) REPRESENTATION_CONTEXT ( 'NONE', 'WORKASPACE' ) );
#504 = FACE_OUTER_BOUND ( 'NONE', #5927, .T. ) ;
#505 = EDGE_CURVE ( 'NONE', #7141, #1445, #5390, .T. ) ;
#506 = VERTEX_POINT ( 'NONE', #6482 ) ;
#507 = CARTESIAN_POINT ( 'NONE',  ( -1.490000000000000200, -2.799999999999999400, -12.38000000000000300 ) ) ;
#508 = SURFACE_STYLE_USAGE ( .BOTH. , #3977 ) ;
#509 = COLOUR_RGB ( '',0.7960784313725489700, 0.8235294117647058400, 0.9372549019607843100 ) ;
#510 = CARTESIAN_POINT ( 'NONE',  ( 0.0000000000000000000, 11.70000000000000100, 0.0000000000000000000 ) ) ;
#511 = VECTOR ( 'NONE', #7105, 1000.000000000000000 ) ;
#512 = ORIENTED_EDGE ( 'NONE', *, *, #4989, .T. ) ;
#513 = LINE ( 'NONE', #1342, #6777 ) ;
#514 = ORIENTED_EDGE ( 'NONE', *, *, #105, .T. ) ;
#515 = AXIS2_PLACEMENT_3D ( 'NONE', #1410, #5439, #3752 ) ;
#516 = DIRECTION ( 'NONE',  ( 0.0000000000000000000, 1.000000000000000000, 0.0000000000000000000 ) ) ;
#517 = EDGE_CURVE ( 'NONE', #1258, #1839, #6875, .T. ) ;
#518 = LINE ( 'NONE', #4668, #1872 ) ;
#519 = ORIENTED_EDGE ( 'NONE', *, *, #253, .F. ) ;
#520 =( GEOMETRIC_REPRESENTATION_CONTEXT ( 3 ) GLOBAL_UNCERTAINTY_ASSIGNED_CONTEXT ( ( #536 ) ) GLOBAL_UNIT_ASSIGNED_CONTEXT ( ( #264, #4306, #867 ) ) REPRESENTATION_CONTEXT ( 'NONE', 'WORKASPACE' ) );
#521 = EDGE_LOOP ( 'NONE', ( #3056, #5456, #4956, #5912 ) ) ;
#522 = LINE ( 'NONE', #3175, #3597 ) ;
#523 = ORIENTED_EDGE ( 'NONE', *, *, #1439, .T. ) ;
#524 = DIRECTION ( 'NONE',  ( 0.7071067811865486800, 0.0000000000000000000, -0.7071067811865463500 ) ) ;
#525 = SURFACE_SIDE_STYLE ('',( #3398 ) ) ;
#526 = STYLED_ITEM ( 'NONE', ( #1037 ), #2475 ) ;
#527 = VECTOR ( 'NONE', #1271, 1000.000000000000000 ) ;
#528 = VECTOR ( 'NONE', #403, 1000.000000000000000 ) ;
#529 =( NAMED_UNIT ( * ) SI_UNIT ( $, .STERADIAN. ) SOLID_ANGLE_UNIT ( ) );
#530 = UNCERTAINTY_MEASURE_WITH_UNIT (LENGTH_MEASURE( 1.000000000000000100E-005 ), #1708, 'distance_accuracy_value', 'NONE');
#531 = DIRECTION ( 'NONE',  ( -1.000000000000000000, -0.0000000000000000000, -1.232047923278982200E-016 ) ) ;
#532 = ORIENTED_EDGE ( 'NONE', *, *, #3053, .F. ) ;
#533 = LINE ( 'NONE', #5535, #4954 ) ;
#534 = STYLED_ITEM ( 'NONE', ( #675 ), #90 ) ;
#535 = FILL_AREA_STYLE_COLOUR ( '', #1662 ) ;
#536 = UNCERTAINTY_MEASURE_WITH_UNIT (LENGTH_MEASURE( 1.000000000000000100E-005 ), #264, 'distance_accuracy_value', 'NONE');
#537 = PLANE ( 'NONE',  #6641 ) ;
#538 = ORIENTED_EDGE ( 'NONE', *, *, #4022, .F. ) ;
#539 = FILL_AREA_STYLE_COLOUR ( '', #1770 ) ;
#540 = COLOUR_RGB ( '',0.7960784313725489700, 0.8235294117647058400, 0.9372549019607843100 ) ;
#541 = SURFACE_STYLE_USAGE ( .BOTH. , #4000 ) ;
#542 = ORIENTED_EDGE ( 'NONE', *, *, #3303, .T. ) ;
#543 = EDGE_CURVE ( 'NONE', #2650, #3153, #3881, .T. ) ;
#544 = VERTEX_POINT ( 'NONE', #1365 ) ;
#545 = ORIENTED_EDGE ( 'NONE', *, *, #2863, .F. ) ;
#546 = ADVANCED_FACE ( 'NONE', ( #5212 ), #5396, .F. ) ;
#547 =( LENGTH_UNIT ( ) NAMED_UNIT ( * ) SI_UNIT ( .MILLI., .METRE. ) );
#548 = EDGE_CURVE ( 'NONE', #6003, #606, #2153, .T. ) ;
#549 = CARTESIAN_POINT ( 'NONE',  ( 0.9499999999999999600, -2.799999999999999400, -9.940000000000001300 ) ) ;
#550 = VERTEX_POINT ( 'NONE', #3696 ) ;
#551 = VECTOR ( 'NONE', #608, 1000.000000000000000 ) ;
#552 = VERTEX_POINT ( 'NONE', #812 ) ;
#553 = DIRECTION ( 'NONE',  ( 0.0000000000000000000, 0.0000000000000000000, 1.000000000000000000 ) ) ;
#554 = CARTESIAN_POINT ( 'NONE',  ( 0.0000000000000000000, -2.799999999999999400, -12.70000000000000100 ) ) ;
#555 = LINE ( 'NONE', #3954, #365 ) ;
#556 = CARTESIAN_POINT ( 'NONE',  ( 2.540000000000000900, 0.0000000000000000000, -9.290000000000000900 ) ) ;
#557 = ORIENTED_EDGE ( 'NONE', *, *, #5906, .F. ) ;
#558 = CARTESIAN_POINT ( 'NONE',  ( 2.140000000000000100, 1.700000000000000000, -8.890000000000000600 ) ) ;
#559 = CARTESIAN_POINT ( 'NONE',  ( 1.050000000000000000, -2.799999999999999400, -7.940000000000001300 ) ) ;
#560 = EDGE_CURVE ( 'NONE', #1460, #113, #2513, .T. ) ;
#561 = EDGE_LOOP ( 'NONE', ( #1834, #1732, #1974, #4329, #1140, #2525, #6414, #3335 ) ) ;
#562 = VECTOR ( 'NONE', #2023, 1000.000000000000000 ) ;
#563 =( LENGTH_UNIT ( ) NAMED_UNIT ( * ) SI_UNIT ( .MILLI., .METRE. ) );
#564 = CARTESIAN_POINT ( 'NONE',  ( 1.590000000000000100, -2.799999999999999400, -5.300000000000000700 ) ) ;
#565 = CARTESIAN_POINT ( 'NONE',  ( 2.540000000000000900, 1.700000000000000000, -3.410000000000000600 ) ) ;
#566 = AXIS2_PLACEMENT_3D ( 'NONE', #6808, #3413, #7379 ) ;
#567 = STYLED_ITEM ( 'NONE', ( #3468 ), #2136 ) ;
#568 = PRESENTATION_LAYER_ASSIGNMENT (  '', '', ( #7239 ) ) ;
#569 = SURFACE_STYLE_FILL_AREA ( #2825 ) ;
#570 = SURFACE_STYLE_USAGE ( .BOTH. , #4032 ) ;
#571 = SURFACE_STYLE_USAGE ( .BOTH. , #4034 ) ;
#572 = ADVANCED_FACE ( 'NONE', ( #612 ), #5972, .T. ) ;
#573 = SURFACE_STYLE_FILL_AREA ( #2159 ) ;
#574 = DIRECTION ( 'NONE',  ( 0.0000000000000000000, -0.0000000000000000000, -1.000000000000000000 ) ) ;
#575 = PRESENTATION_STYLE_ASSIGNMENT (( #4882 ) ) ;
#576 = DIRECTION ( 'NONE',  ( 0.0000000000000000000, 1.000000000000000000, 0.0000000000000000000 ) ) ;
#577 = UNCERTAINTY_MEASURE_WITH_UNIT (LENGTH_MEASURE( 1.000000000000000100E-005 ), #5644, 'distance_accuracy_value', 'NONE');
#578 = FILL_AREA_STYLE ('',( #7436 ) ) ;
#579 = DIRECTION ( 'NONE',  ( 0.0000000000000000000, 0.0000000000000000000, -1.000000000000000000 ) ) ;
#580 =( NAMED_UNIT ( * ) SI_UNIT ( $, .STERADIAN. ) SOLID_ANGLE_UNIT ( ) );
#581 = DIRECTION ( 'NONE',  ( 0.0000000000000000000, -0.0000000000000000000, -1.000000000000000000 ) ) ;
#582 = LINE ( 'NONE', #2967, #6489 ) ;
#583 = LINE ( 'NONE', #3228, #2926 ) ;
#584 = EDGE_CURVE ( 'NONE', #6325, #5225, #2954, .T. ) ;
#585 = FACE_OUTER_BOUND ( 'NONE', #3410, .T. ) ;
#586 = STYLED_ITEM ( 'NONE', ( #3465 ), #5078 ) ;
#587 = CARTESIAN_POINT ( 'NONE',  ( 2.140000000000000100, 0.0000000000000000000, -13.97000000000000100 ) ) ;
#588 = LINE ( 'NONE', #3278, #6492 ) ;
#589 = CARTESIAN_POINT ( 'NONE',  ( 1.590000000000000100, -2.799999999999999400, -0.2200000000000001400 ) ) ;
#590 = VECTOR ( 'NONE', #6780, 1000.000000000000000 ) ;
#591 = FILL_AREA_STYLE ('',( #7447 ) ) ;
#592 = EDGE_CURVE ( 'NONE', #6844, #552, #34, .T. ) ;
#593 = ORIENTED_EDGE ( 'NONE', *, *, #5984, .T. ) ;
#594 = STYLED_ITEM ( 'NONE', ( #7244 ), #4132 ) ;
#595 = VECTOR ( 'NONE', #220, 1000.000000000000000 ) ;
#596 =( NAMED_UNIT ( * ) SI_UNIT ( $, .STERADIAN. ) SOLID_ANGLE_UNIT ( ) );
#597 = DIRECTION ( 'NONE',  ( 2.492418787322998300E-016, 0.0000000000000000000, 1.000000000000000000 ) ) ;
#598 = PRESENTATION_STYLE_ASSIGNMENT (( #2089 ) ) ;
#599 = VECTOR ( 'NONE', #5416, 1000.000000000000000 ) ;
#600 = ORIENTED_EDGE ( 'NONE', *, *, #5149, .F. ) ;
#601 = FILL_AREA_STYLE_COLOUR ( '', #4538 ) ;
#602 = CARTESIAN_POINT ( 'NONE',  ( -2.140000000000000600, 0.0000000000000000000, -11.43000000000000100 ) ) ;
#603 = AXIS2_PLACEMENT_3D ( 'NONE', #325, #4374, #939 ) ;
#604 = EDGE_CURVE ( 'NONE', #6724, #4455, #4492, .T. ) ;
#605 = FACE_OUTER_BOUND ( 'NONE', #1021, .T. ) ;
#606 = VERTEX_POINT ( 'NONE', #4423 ) ;
#607 = CARTESIAN_POINT ( 'NONE',  ( -1.490000000000000200, 11.70000000000000100, -2.220000000000000200 ) ) ;
#608 = DIRECTION ( 'NONE',  ( -0.7071067811865489100, -0.0000000000000000000, 0.7071067811865462400 ) ) ;
#609 = CARTESIAN_POINT ( 'NONE',  ( -2.540000000000000000, 1.700000000000000000, -3.443421052631578900 ) ) ;
#610 = FILL_AREA_STYLE_COLOUR ( '', #3683 ) ;
#611 = ORIENTED_EDGE ( 'NONE', *, *, #710, .T. ) ;
#612 = FACE_OUTER_BOUND ( 'NONE', #1245, .T. ) ;
#613 = AXIS2_PLACEMENT_3D ( 'NONE', #5986, #2570, #6550 ) ;
#614 = SURFACE_STYLE_FILL_AREA ( #591 ) ;
#615 = COLOUR_RGB ( '',0.7960784313725489700, 0.8235294117647058400, 0.9372549019607843100 ) ;
#616 =( NAMED_UNIT ( * ) PLANE_ANGLE_UNIT ( ) SI_UNIT ( $, .RADIAN. ) );
#617 = ADVANCED_FACE ( 'NONE', ( #2782 ), #981, .F. ) ;
#618 = CLOSED_SHELL ( 'NONE', ( #2284, #3425, #422, #2630, #689, #5743, #5641, #6625, #5774, #3892 ) ) ;
#619 = SURFACE_STYLE_FILL_AREA ( #7346 ) ;
#620 =( GEOMETRIC_REPRESENTATION_CONTEXT ( 3 ) GLOBAL_UNCERTAINTY_ASSIGNED_CONTEXT ( ( #4461 ) ) GLOBAL_UNIT_ASSIGNED_CONTEXT ( ( #4574, #1133, #5153 ) ) REPRESENTATION_CONTEXT ( 'NONE', 'WORKASPACE' ) );
#621 = FILL_AREA_STYLE ('',( #2341 ) ) ;
#622 = ORIENTED_EDGE ( 'NONE', *, *, #155, .T. ) ;
#623 = FACE_OUTER_BOUND ( 'NONE', #2447, .T. ) ;
#624 = CARTESIAN_POINT ( 'NONE',  ( 2.140000000000001500, 1.700000000000000000, 1.270000000000000000 ) ) ;
#625 = ORIENTED_EDGE ( 'NONE', *, *, #6673, .T. ) ;
#626 = COLOUR_RGB ( '',0.7960784313725489700, 0.8235294117647058400, 0.9372549019607843100 ) ;
#627 = SURFACE_SIDE_STYLE ('',( #6115 ) ) ;
#628 = FILL_AREA_STYLE_COLOUR ( '', #7021 ) ;
#629 = UNCERTAINTY_MEASURE_WITH_UNIT (LENGTH_MEASURE( 1.000000000000000100E-005 ), #3544, 'distance_accuracy_value', 'NONE');
#630 =( GEOMETRIC_REPRESENTATION_CONTEXT ( 3 ) GLOBAL_UNCERTAINTY_ASSIGNED_CONTEXT ( ( #5472 ) ) GLOBAL_UNIT_ASSIGNED_CONTEXT ( ( #2074, #6071, #2645 ) ) REPRESENTATION_CONTEXT ( 'NONE', 'WORKASPACE' ) );
#631 = EDGE_LOOP ( 'NONE', ( #3516, #2146, #1788, #2780, #1353, #2343, #1096, #4665 ) ) ;
#632 = CARTESIAN_POINT ( 'NONE',  ( 1.590000000000000100, -2.799999999999999400, -4.860000000000000300 ) ) ;
#633 = VERTEX_POINT ( 'NONE', #1578 ) ;
#634 = DIRECTION ( 'NONE',  ( 0.0000000000000000000, 1.000000000000000000, 0.0000000000000000000 ) ) ;
#635 = EDGE_LOOP ( 'NONE', ( #782, #5989, #6461, #1383, #3874, #4229, #4369, #6445, #6428, #6438, #5864, #4764, #6599, #4491, #2698, #4490, #6196, #3337, #740, #4713, #385 ) ) ;
#636 =( GEOMETRIC_REPRESENTATION_CONTEXT ( 3 ) GLOBAL_UNCERTAINTY_ASSIGNED_CONTEXT ( ( #1153 ) ) GLOBAL_UNIT_ASSIGNED_CONTEXT ( ( #5835, #2405, #6391 ) ) REPRESENTATION_CONTEXT ( 'NONE', 'WORKASPACE' ) );
#637 = STYLED_ITEM ( 'NONE', ( #6072 ), #4651 ) ;
#638 = CARTESIAN_POINT ( 'NONE',  ( -2.539999999999999600, 0.0000000000000000000, -4.243421052631578800 ) ) ;
#639 = EDGE_CURVE ( 'NONE', #5952, #444, #5297, .T. ) ;
#640 = CARTESIAN_POINT ( 'NONE',  ( 1.050000000000000000, 11.70000000000000100, -4.760000000000000700 ) ) ;
#641 = PRESENTATION_LAYER_ASSIGNMENT (  '', '', ( #7297 ) ) ;
#642 = CARTESIAN_POINT ( 'NONE',  ( -1.490000000000000200, 11.70000000000000100, -12.38000000000000300 ) ) ;
#643 = ORIENTED_EDGE ( 'NONE', *, *, #7261, .T. ) ;
#644 = CARTESIAN_POINT ( 'NONE',  ( -0.9499999999999999600, -2.799999999999999400, -7.839999999999999900 ) ) ;
#645 = ORIENTED_EDGE ( 'NONE', *, *, #2267, .F. ) ;
#646 = CARTESIAN_POINT ( 'NONE',  ( 0.9499999999999999600, -2.799999999999999400, -5.299999999999999800 ) ) ;
#647 = MECHANICAL_DESIGN_GEOMETRIC_PRESENTATION_REPRESENTATION (  '', ( #6920 ), #1056 ) ;
#648 = ORIENTED_EDGE ( 'NONE', *, *, #3089, .T. ) ;
#649 = PLANE ( 'NONE',  #4155 ) ;
#650 = ADVANCED_FACE ( 'NONE', ( #5119 ), #6154, .F. ) ;
#651 = SURFACE_SIDE_STYLE ('',( #6826 ) ) ;
#652 = PLANE ( 'NONE',  #5 ) ;
#653 = ORIENTED_EDGE ( 'NONE', *, *, #1821, .T. ) ;
#654 = PLANE ( 'NONE',  #6927 ) ;
#655 =( NAMED_UNIT ( * ) PLANE_ANGLE_UNIT ( ) SI_UNIT ( $, .RADIAN. ) );
#656 = SURFACE_STYLE_USAGE ( .BOTH. , #4118 ) ;
#657 = FILL_AREA_STYLE_COLOUR ( '', #4503 ) ;
#658 =( GEOMETRIC_REPRESENTATION_CONTEXT ( 3 ) GLOBAL_UNCERTAINTY_ASSIGNED_CONTEXT ( ( #2890 ) ) GLOBAL_UNIT_ASSIGNED_CONTEXT ( ( #4161, #712, #4728 ) ) REPRESENTATION_CONTEXT ( 'NONE', 'WORKASPACE' ) );
#659 = EDGE_CURVE ( 'NONE', #4667, #6516, #6084, .T. ) ;
#660 = EDGE_CURVE ( 'NONE', #4681, #1954, #132, .T. ) ;
#661 = ORIENTED_EDGE ( 'NONE', *, *, #5973, .T. ) ;
#662 = VERTEX_POINT ( 'NONE', #4493 ) ;
#663 = MECHANICAL_DESIGN_GEOMETRIC_PRESENTATION_REPRESENTATION (  '', ( #6931 ), #1069 ) ;
#664 = ORIENTED_EDGE ( 'NONE', *, *, #6909, .T. ) ;
#665 = COLOUR_RGB ( '',0.0000000000000000000, 0.003921568627450980300, 0.09019607843137254800 ) ;
#666 = COLOUR_RGB ( '',0.7960784313725489700, 0.8235294117647058400, 0.9372549019607843100 ) ;
#667 = SURFACE_STYLE_USAGE ( .BOTH. , #4125 ) ;
#668 = UNCERTAINTY_MEASURE_WITH_UNIT (LENGTH_MEASURE( 1.000000000000000100E-005 ), #829, 'distance_accuracy_value', 'NONE');
#669 = CARTESIAN_POINT ( 'NONE',  ( 1.050000000000000000, 11.70000000000000100, -0.3200000000000001200 ) ) ;
#670 =( GEOMETRIC_REPRESENTATION_CONTEXT ( 3 ) GLOBAL_UNCERTAINTY_ASSIGNED_CONTEXT ( ( #1195 ) ) GLOBAL_UNIT_ASSIGNED_CONTEXT ( ( #226, #4265, #828 ) ) REPRESENTATION_CONTEXT ( 'NONE', 'WORKASPACE' ) );
#671 = ORIENTED_EDGE ( 'NONE', *, *, #3074, .F. ) ;
#672 = DIRECTION ( 'NONE',  ( 1.000000000000000000, 0.0000000000000000000, 0.0000000000000000000 ) ) ;
#673 = VECTOR ( 'NONE', #3284, 1000.000000000000000 ) ;
#674 = MANIFOLD_SOLID_BREP ( 'LPattern3[10]', #2692 ) ;
#675 = PRESENTATION_STYLE_ASSIGNMENT (( #1935 ) ) ;
#676 = EDGE_CURVE ( 'NONE', #2316, #5530, #985, .T. ) ;
#677 = FILL_AREA_STYLE ('',( #3554 ) ) ;
#678 =( NAMED_UNIT ( * ) SI_UNIT ( $, .STERADIAN. ) SOLID_ANGLE_UNIT ( ) );
#679 = LINE ( 'NONE', #5147, #2031 ) ;
#680 =( GEOMETRIC_REPRESENTATION_CONTEXT ( 3 ) GLOBAL_UNCERTAINTY_ASSIGNED_CONTEXT ( ( #4315 ) ) GLOBAL_UNIT_ASSIGNED_CONTEXT ( ( #2595, #6566, #3160 ) ) REPRESENTATION_CONTEXT ( 'NONE', 'WORKASPACE' ) );
#681 = CARTESIAN_POINT ( 'NONE',  ( -0.9499999999999999600, -2.799999999999999400, 0.2200000000000000800 ) ) ;
#682 = ORIENTED_EDGE ( 'NONE', *, *, #1292, .F. ) ;
#683 = FILL_AREA_STYLE_COLOUR ( '', #4759 ) ;
#684 = ORIENTED_EDGE ( 'NONE', *, *, #3329, .F. ) ;
#685 = LINE ( 'NONE', #2596, #3761 ) ;
#686 = SURFACE_SIDE_STYLE ('',( #223 ) ) ;
#687 = CARTESIAN_POINT ( 'NONE',  ( 0.9499999999999999600, 11.70000000000000100, -7.839999999999999900 ) ) ;
#688 = EDGE_CURVE ( 'NONE', #6889, #7078, #3037, .T. ) ;
#689 = ADVANCED_FACE ( 'NONE', ( #5376 ), #5093, .T. ) ;
#690 = ORIENTED_EDGE ( 'NONE', *, *, #3007, .T. ) ;
#691 = VECTOR ( 'NONE', #922, 1000.000000000000000 ) ;
#692 = FILL_AREA_STYLE_COLOUR ( '', #144 ) ;
#693 =( NAMED_UNIT ( * ) SI_UNIT ( $, .STERADIAN. ) SOLID_ANGLE_UNIT ( ) );
#694 = EDGE_CURVE ( 'NONE', #1639, #1191, #1783, .T. ) ;
#695 = LINE ( 'NONE', #4844, #2777 ) ;
#696 = EDGE_LOOP ( 'NONE', ( #4953, #3259, #5786, #5498 ) ) ;
#697 = LINE ( 'NONE', #5902, #6596 ) ;
#698 = VERTEX_POINT ( 'NONE', #7092 ) ;
#699 = SURFACE_STYLE_FILL_AREA ( #6711 ) ;
#700 = VECTOR ( 'NONE', #2367, 999.9999999999998900 ) ;
#701 = VERTEX_POINT ( 'NONE', #4271 ) ;
#702 = COLOUR_RGB ( '',0.7960784313725489700, 0.8235294117647058400, 0.9372549019607843100 ) ;
#703 = VERTEX_POINT ( 'NONE', #830 ) ;
#704 = VERTEX_POINT ( 'NONE', #230 ) ;
#705 = PRESENTATION_STYLE_ASSIGNMENT (( #2305 ) ) ;
#706 =( LENGTH_UNIT ( ) NAMED_UNIT ( * ) SI_UNIT ( .MILLI., .METRE. ) );
#707 = FILL_AREA_STYLE ('',( #3583 ) ) ;
#708 = EDGE_LOOP ( 'NONE', ( #1757, #3226, #260, #4786 ) ) ;
#709 = VECTOR ( 'NONE', #3593, 1000.000000000000100 ) ;
#710 = EDGE_CURVE ( 'NONE', #3008, #4454, #3324, .T. ) ;
#711 = FILL_AREA_STYLE_COLOUR ( '', #5638 ) ;
#712 =( NAMED_UNIT ( * ) PLANE_ANGLE_UNIT ( ) SI_UNIT ( $, .RADIAN. ) );
#713 = FACE_OUTER_BOUND ( 'NONE', #76, .T. ) ;
#714 = DIRECTION ( 'NONE',  ( -1.000000000000000000, -0.0000000000000000000, -1.232047923278982200E-016 ) ) ;
#715 = ORIENTED_EDGE ( 'NONE', *, *, #2910, .F. ) ;
#716 = LINE ( 'NONE', #6135, #4950 ) ;
#717 = VERTEX_POINT ( 'NONE', #5992 ) ;
#718 = STYLED_ITEM ( 'NONE', ( #1853 ), #2888 ) ;
#719 = LINE ( 'NONE', #4291, #2080 ) ;
#720 = AXIS2_PLACEMENT_3D ( 'NONE', #232, #4276, #835 ) ;
#721 = VERTEX_POINT ( 'NONE', #5437 ) ;
#722 = SURFACE_STYLE_FILL_AREA ( #4250 ) ;
#723 = SURFACE_STYLE_USAGE ( .BOTH. , #4170 ) ;
#724 = UNCERTAINTY_MEASURE_WITH_UNIT (LENGTH_MEASURE( 1.000000000000000100E-005 ), #5775, 'distance_accuracy_value', 'NONE');
#725 = ORIENTED_EDGE ( 'NONE', *, *, #6023, .F. ) ;
#726 = VERTEX_POINT ( 'NONE', #1993 ) ;
#727 = CARTESIAN_POINT ( 'NONE',  ( 2.140000000000000100, 1.700000000000000000, -11.43000000000000100 ) ) ;
#728 =( LENGTH_UNIT ( ) NAMED_UNIT ( * ) SI_UNIT ( .MILLI., .METRE. ) );
#729 = ADVANCED_FACE ( 'NONE', ( #6168 ), #4858, .F. ) ;
#730 = CARTESIAN_POINT ( 'NONE',  ( 1.490000000000000000, -2.799999999999999400, -13.02000000000000100 ) ) ;
#731 = FILL_AREA_STYLE_COLOUR ( '', #491 ) ;
#732 = FILL_AREA_STYLE_COLOUR ( '', #5877 ) ;
#733 = DIRECTION ( 'NONE',  ( 0.0000000000000000000, 1.000000000000000000, 0.0000000000000000000 ) ) ;
#734 = FILL_AREA_STYLE_COLOUR ( '', #5370 ) ;
#735 = SURFACE_STYLE_FILL_AREA ( #6925 ) ;
#736 = SURFACE_STYLE_USAGE ( .BOTH. , #4182 ) ;
#737 = ORIENTED_EDGE ( 'NONE', *, *, #4747, .T. ) ;
#738 = CARTESIAN_POINT ( 'NONE',  ( -1.050000000000000000, 11.70000000000000100, -5.400000000000000400 ) ) ;
#739 = DIRECTION ( 'NONE',  ( 0.0000000000000000000, -1.000000000000000000, 0.0000000000000000000 ) ) ;
#740 = ORIENTED_EDGE ( 'NONE', *, *, #3451, .F. ) ;
#741 = SURFACE_SIDE_STYLE ('',( #6267 ) ) ;
#742 = LINE ( 'NONE', #4286, #4984 ) ;
#743 = PRESENTATION_STYLE_ASSIGNMENT (( #4676 ) ) ;
#744 = STYLED_ITEM ( 'NONE', ( #1236 ), #1228 ) ;
#745 = EDGE_CURVE ( 'NONE', #544, #6205, #3122, .T. ) ;
#746 = DIRECTION ( 'NONE',  ( -0.0000000000000000000, -1.000000000000000000, -0.0000000000000000000 ) ) ;
#747 = PLANE ( 'NONE',  #6270 ) ;
#748 = VECTOR ( 'NONE', #3462, 999.9999999999998900 ) ;
#749 = CARTESIAN_POINT ( 'NONE',  ( 1.590000000000000100, 11.70000000000000100, -2.319999999999999800 ) ) ;
#750 = PRESENTATION_STYLE_ASSIGNMENT (( #7465 ) ) ;
#751 = CARTESIAN_POINT ( 'NONE',  ( -2.539999999999999600, 0.0000000000000000000, 0.8365789473684214200 ) ) ;
#752 =( NAMED_UNIT ( * ) SI_UNIT ( $, .STERADIAN. ) SOLID_ANGLE_UNIT ( ) );
#753 =( NAMED_UNIT ( * ) PLANE_ANGLE_UNIT ( ) SI_UNIT ( $, .RADIAN. ) );
#754 = ORIENTED_EDGE ( 'NONE', *, *, #4453, .F. ) ;
#755 = DIRECTION ( 'NONE',  ( 0.0000000000000000000, 1.000000000000000000, 0.0000000000000000000 ) ) ;
#756 = EDGE_LOOP ( 'NONE', ( #441, #7389, #2235, #7161 ) ) ;
#757 = CARTESIAN_POINT ( 'NONE',  ( -1.050000000000000000, -2.799999999999999400, -7.299999999999999800 ) ) ;
#758 = VECTOR ( 'NONE', #401, 1000.000000000000000 ) ;
#759 =( NAMED_UNIT ( * ) SI_UNIT ( $, .STERADIAN. ) SOLID_ANGLE_UNIT ( ) );
#760 = VECTOR ( 'NONE', #2546, 1000.000000000000000 ) ;
#761 = MECHANICAL_DESIGN_GEOMETRIC_PRESENTATION_REPRESENTATION (  '', ( #7024 ), #1162 ) ;
#762 = UNCERTAINTY_MEASURE_WITH_UNIT (LENGTH_MEASURE( 1.000000000000000100E-005 ), #1703, 'distance_accuracy_value', 'NONE');
#763 = EDGE_CURVE ( 'NONE', #1661, #7302, #1071, .T. ) ;
#764 = LINE ( 'NONE', #6570, #6670 ) ;
#765 = FILL_AREA_STYLE ('',( #2533 ) ) ;
#766 = MECHANICAL_DESIGN_GEOMETRIC_PRESENTATION_REPRESENTATION (  '', ( #7032 ), #1173 ) ;
#767 = EDGE_LOOP ( 'NONE', ( #5399, #3418, #2672, #4424 ) ) ;
#768 = VECTOR ( 'NONE', #7224, 1000.000000000000100 ) ;
#769 =( NAMED_UNIT ( * ) SI_UNIT ( $, .STERADIAN. ) SOLID_ANGLE_UNIT ( ) );
#770 = COLOUR_RGB ( '',0.7960784313725489700, 0.8235294117647058400, 0.9372549019607843100 ) ;
#771 = FILL_AREA_STYLE ('',( #4776 ) ) ;
#772 = CARTESIAN_POINT ( 'NONE',  ( 1.590000000000000100, 11.70000000000000100, -7.839999999999999900 ) ) ;
#773 = MECHANICAL_DESIGN_GEOMETRIC_PRESENTATION_REPRESENTATION (  '', ( #7039 ), #1179 ) ;
#774 = ORIENTED_EDGE ( 'NONE', *, *, #4432, .T. ) ;
#775 = DIRECTION ( 'NONE',  ( 0.0000000000000000000, 1.000000000000000000, 0.0000000000000000000 ) ) ;
#776 = CARTESIAN_POINT ( 'NONE',  ( -2.140000000000000600, 0.0000000000000000000, -1.270000000000000000 ) ) ;
#777 = SURFACE_SIDE_STYLE ('',( #3563 ) ) ;
#778 = EDGE_CURVE ( 'NONE', #6778, #5470, #6947, .T. ) ;
#779 = CARTESIAN_POINT ( 'NONE',  ( 1.490000000000000000, 11.70000000000000100, -5.400000000000000400 ) ) ;
#780 = LINE ( 'NONE', #6056, #3871 ) ;
#781 = CARTESIAN_POINT ( 'NONE',  ( 0.0000000000000000000, 1.700000000000000000, 0.0000000000000000000 ) ) ;
#782 = ORIENTED_EDGE ( 'NONE', *, *, #2077, .F. ) ;
#783 = ORIENTED_EDGE ( 'NONE', *, *, #3606, .F. ) ;
#784 = PRESENTATION_STYLE_ASSIGNMENT (( #2225 ) ) ;
#785 = DIRECTION ( 'NONE',  ( -0.7071067811865477900, -0.0000000000000000000, -0.7071067811865473500 ) ) ;
#786 = ORIENTED_EDGE ( 'NONE', *, *, #5627, .F. ) ;
#787 = PRESENTATION_STYLE_ASSIGNMENT (( #656 ) ) ;
#788 =( NAMED_UNIT ( * ) PLANE_ANGLE_UNIT ( ) SI_UNIT ( $, .RADIAN. ) );
#789 = SURFACE_STYLE_USAGE ( .BOTH. , #4233 ) ;
#790 = EDGE_LOOP ( 'NONE', ( #6900, #5383, #4040, #7045, #1873, #1705, #5569, #7056 ) ) ;
#791 = VECTOR ( 'NONE', #4252, 1000.000000000000000 ) ;
#792 = FILL_AREA_STYLE ('',( #4234 ) ) ;
#793 = STYLED_ITEM ( 'NONE', ( #3580 ), #899 ) ;
#794 = ORIENTED_EDGE ( 'NONE', *, *, #7195, .T. ) ;
#795 = VECTOR ( 'NONE', #3399, 1000.000000000000000 ) ;
#796 = VERTEX_POINT ( 'NONE', #4909 ) ;
#797 = SURFACE_SIDE_STYLE ('',( #1670 ) ) ;
#798 = VECTOR ( 'NONE', #3375, 1000.000000000000000 ) ;
#799 = ORIENTED_EDGE ( 'NONE', *, *, #5244, .T. ) ;
#800 = LINE ( 'NONE', #2039, #2165 ) ;
#801 =( NAMED_UNIT ( * ) PLANE_ANGLE_UNIT ( ) SI_UNIT ( $, .RADIAN. ) );
#802 = DIRECTION ( 'NONE',  ( 0.0000000000000000000, -0.0000000000000000000, -1.000000000000000000 ) ) ;
#804 = DIRECTION ( 'NONE',  ( 0.6782059721786389800, 0.0000000000000000000, 0.7348718659067220400 ) ) ;
#803 = LINE ( 'NONE', #3219, #3890 ) ;
#805 = DIRECTION ( 'NONE',  ( -1.000000000000000000, -0.0000000000000000000, -1.232047923278982200E-016 ) ) ;
#806 = VERTEX_POINT ( 'NONE', #2042 ) ;
#807 = EDGE_CURVE ( 'NONE', #4064, #3008, #877, .T. ) ;
#808 = DIRECTION ( 'NONE',  ( -2.492418787322998300E-016, 0.0000000000000000000, -1.000000000000000000 ) ) ;
#809 = SURFACE_SIDE_STYLE ('',( #722 ) ) ;
#810 = PRESENTATION_LAYER_ASSIGNMENT (  '', '', ( #7464 ) ) ;
#811 = PLANE ( 'NONE',  #720 ) ;
#812 = CARTESIAN_POINT ( 'NONE',  ( -1.050000000000000000, 11.70000000000000100, -2.860000000000000300 ) ) ;
#813 = EDGE_LOOP ( 'NONE', ( #1380, #4710, #2418, #950 ) ) ;
#814 = MECHANICAL_DESIGN_GEOMETRIC_PRESENTATION_REPRESENTATION (  '', ( #7079 ), #1209 ) ;
#815 = PRESENTATION_LAYER_ASSIGNMENT (  '', '', ( #6 ) ) ;
#816 = UNCERTAINTY_MEASURE_WITH_UNIT (LENGTH_MEASURE( 1.000000000000000100E-005 ), #1904, 'distance_accuracy_value', 'NONE');
#817 =( NAMED_UNIT ( * ) PLANE_ANGLE_UNIT ( ) SI_UNIT ( $, .RADIAN. ) );
#818 = CARTESIAN_POINT ( 'NONE',  ( 1.490000000000000000, -2.799999999999999400, -4.760000000000000700 ) ) ;
#819 = FACE_OUTER_BOUND ( 'NONE', #5855, .T. ) ;
#820 = EDGE_CURVE ( 'NONE', #5530, #4516, #6771, .T. ) ;
#821 = CARTESIAN_POINT ( 'NONE',  ( -2.140000000000000600, 1.700000000000000000, -6.350000000000000500 ) ) ;
#822 = CARTESIAN_POINT ( 'NONE',  ( 2.540000000000000900, 1.700000000000000000, -13.57000000000000200 ) ) ;
#823 = CARTESIAN_POINT ( 'NONE',  ( -1.490000000000000000, 11.70000000000000100, -10.48000000000000200 ) ) ;
#824 = AXIS2_PLACEMENT_3D ( 'NONE', #2371, #6357, #2937 ) ;
#825 = CLOSED_SHELL ( 'NONE', ( #3276, #7222, #137, #14, #5117, #2136, #1458, #57, #467, #2594 ) ) ;
#826 = SURFACE_STYLE_USAGE ( .BOTH. , #4264 ) ;
#827 = CARTESIAN_POINT ( 'NONE',  ( 0.9499999999999999600, -2.799999999999999400, -2.319999999999999800 ) ) ;
#828 =( NAMED_UNIT ( * ) SI_UNIT ( $, .STERADIAN. ) SOLID_ANGLE_UNIT ( ) );
#829 =( LENGTH_UNIT ( ) NAMED_UNIT ( * ) SI_UNIT ( .MILLI., .METRE. ) );
#830 = CARTESIAN_POINT ( 'NONE',  ( -1.050000000000000000, -2.799999999999999400, -0.3200000000000000600 ) ) ;
#831 = EDGE_CURVE ( 'NONE', #6716, #982, #3770, .T. ) ;
#832 =( NAMED_UNIT ( * ) SI_UNIT ( $, .STERADIAN. ) SOLID_ANGLE_UNIT ( ) );
#833 = COLOUR_RGB ( '',0.7960784313725489700, 0.8235294117647058400, 0.9372549019607843100 ) ;
#834 = PRESENTATION_LAYER_ASSIGNMENT (  '', '', ( #25 ) ) ;
#835 = DIRECTION ( 'NONE',  ( -0.6782059721786390900, 0.0000000000000000000, -0.7348718659067219300 ) ) ;
#836 = CARTESIAN_POINT ( 'NONE',  ( 0.0000000000000000000, 11.70000000000000100, -5.080000000000000100 ) ) ;
#837 = EDGE_CURVE ( 'NONE', #4400, #6369, #2230, .T. ) ;
#838 =( GEOMETRIC_REPRESENTATION_CONTEXT ( 3 ) GLOBAL_UNCERTAINTY_ASSIGNED_CONTEXT ( ( #283 ) ) GLOBAL_UNIT_ASSIGNED_CONTEXT ( ( #81, #4149, #693 ) ) REPRESENTATION_CONTEXT ( 'NONE', 'WORKASPACE' ) );
#839 = FACE_OUTER_BOUND ( 'NONE', #767, .T. ) ;
#840 = DIRECTION ( 'NONE',  ( -0.7372346670543746800, -0.0000000000000000000, 0.6756367705307528800 ) ) ;
#841 =( LENGTH_UNIT ( ) NAMED_UNIT ( * ) SI_UNIT ( .MILLI., .METRE. ) );
#842 = LINE ( 'NONE', #2275, #6741 ) ;
#843 = FILL_AREA_STYLE ('',( #239 ) ) ;
#844 = CARTESIAN_POINT ( 'NONE',  ( -1.490000000000000200, -2.799999999999999400, -7.299999999999999800 ) ) ;
#845 = VERTEX_POINT ( 'NONE', #1492 ) ;
#846 = VECTOR ( 'NONE', #2831, 1000.000000000000000 ) ;
#847 = CARTESIAN_POINT ( 'NONE',  ( 1.050000000000000000, -2.799999999999999400, -13.02000000000000100 ) ) ;
#848 = LINE ( 'NONE', #6635, #5262 ) ;
#849 = PLANE ( 'NONE',  #1838 ) ;
#850 = CARTESIAN_POINT ( 'NONE',  ( -1.590000000000000300, -2.799999999999999400, -0.2200000000000002500 ) ) ;
#851 = ORIENTED_EDGE ( 'NONE', *, *, #5627, .T. ) ;
#852 = DIRECTION ( 'NONE',  ( 0.0000000000000000000, 1.000000000000000000, 0.0000000000000000000 ) ) ;
#853 = SURFACE_SIDE_STYLE ('',( #6668 ) ) ;
#854 = UNCERTAINTY_MEASURE_WITH_UNIT (LENGTH_MEASURE( 1.000000000000000100E-005 ), #5779, 'distance_accuracy_value', 'NONE');
#855 = VECTOR ( 'NONE', #143, 1000.000000000000000 ) ;
#856 = CARTESIAN_POINT ( 'NONE',  ( 2.540000000000000900, 1.700000000000000000, -11.03000000000000100 ) ) ;
#857 = LINE ( 'NONE', #6122, #3936 ) ;
#858 =( NAMED_UNIT ( * ) SI_UNIT ( $, .STERADIAN. ) SOLID_ANGLE_UNIT ( ) );
#859 = MECHANICAL_DESIGN_GEOMETRIC_PRESENTATION_REPRESENTATION (  '', ( #7122 ), #1251 ) ;
#860 =( GEOMETRIC_REPRESENTATION_CONTEXT ( 3 ) GLOBAL_UNCERTAINTY_ASSIGNED_CONTEXT ( ( #4515 ) ) GLOBAL_UNIT_ASSIGNED_CONTEXT ( ( #1719, #5725, #2292 ) ) REPRESENTATION_CONTEXT ( 'NONE', 'WORKASPACE' ) );
#861 =( NAMED_UNIT ( * ) PLANE_ANGLE_UNIT ( ) SI_UNIT ( $, .RADIAN. ) );
#862 = UNCERTAINTY_MEASURE_WITH_UNIT (LENGTH_MEASURE( 1.000000000000000100E-005 ), #5918, 'distance_accuracy_value', 'NONE');
#863 = STYLED_ITEM ( 'NONE', ( #4656 ), #5879 ) ;
#864 = EDGE_LOOP ( 'NONE', ( #6804, #4644, #6610, #3347 ) ) ;
#865 = ORIENTED_EDGE ( 'NONE', *, *, #912, .F. ) ;
#866 = COLOUR_RGB ( '',0.0000000000000000000, 0.003921568627450980300, 0.09019607843137254800 ) ;
#867 =( NAMED_UNIT ( * ) SI_UNIT ( $, .STERADIAN. ) SOLID_ANGLE_UNIT ( ) );
#868 = FILL_AREA_STYLE_COLOUR ( '', #1052 ) ;
#869 = CARTESIAN_POINT ( 'NONE',  ( -1.590000000000000300, -2.799999999999999400, -7.400000000000000400 ) ) ;
#870 = CARTESIAN_POINT ( 'NONE',  ( 2.540000000000000900, 0.0000000000000000000, -13.57000000000000200 ) ) ;
#871 = CARTESIAN_POINT ( 'NONE',  ( 2.540000000000000900, 0.0000000000000000000, -11.83000000000000200 ) ) ;
#872 = STYLED_ITEM ( 'NONE', ( #4521 ), #6661 ) ;
#873 = LINE ( 'NONE', #3887, #2406 ) ;
#874 = PRESENTATION_STYLE_ASSIGNMENT (( #3876 ) ) ;
#875 = LINE ( 'NONE', #925, #3951 ) ;
#876 = ORIENTED_EDGE ( 'NONE', *, *, #7351, .F. ) ;
#877 = LINE ( 'NONE', #4332, #5288 ) ;
#878 =( LENGTH_UNIT ( ) NAMED_UNIT ( * ) SI_UNIT ( .MILLI., .METRE. ) );
#879 = DIRECTION ( 'NONE',  ( -0.7071067811865469100, 0.0000000000000000000, 0.7071067811865482400 ) ) ;
#880 =( LENGTH_UNIT ( ) NAMED_UNIT ( * ) SI_UNIT ( .MILLI., .METRE. ) );
#881 =( GEOMETRIC_REPRESENTATION_CONTEXT ( 3 ) GLOBAL_UNCERTAINTY_ASSIGNED_CONTEXT ( ( #4602 ) ) GLOBAL_UNIT_ASSIGNED_CONTEXT ( ( #7096, #3726, #234 ) ) REPRESENTATION_CONTEXT ( 'NONE', 'WORKASPACE' ) );
#882 = VERTEX_POINT ( 'NONE', #1469 ) ;
#883 = VERTEX_POINT ( 'NONE', #3200 ) ;
#884 = VECTOR ( 'NONE', #4760, 1000.000000000000000 ) ;
#885 = CARTESIAN_POINT ( 'NONE',  ( -1.050000000000000000, -2.799999999999999400, -2.220000000000000200 ) ) ;
#887 =( NAMED_UNIT ( * ) SI_UNIT ( $, .STERADIAN. ) SOLID_ANGLE_UNIT ( ) );
#886 = PRESENTATION_LAYER_ASSIGNMENT (  '', '', ( #72 ) ) ;
#888 = DIRECTION ( 'NONE',  ( -0.7071067811865489100, -0.0000000000000000000, 0.7071067811865462400 ) ) ;
#889 = VERTEX_POINT ( 'NONE', #6638 ) ;
#890 =( LENGTH_UNIT ( ) NAMED_UNIT ( * ) SI_UNIT ( .MILLI., .METRE. ) );
#891 = DIRECTION ( 'NONE',  ( -0.6782059721786390900, 0.0000000000000000000, -0.7348718659067219300 ) ) ;
#892 = LINE ( 'NONE', #624, #3963 ) ;
#893 = LINE ( 'NONE', #1760, #3785 ) ;
#894 = PRODUCT ( '2x6', '2x6', '', ( #3848 ) ) ;
#895 = FILL_AREA_STYLE_COLOUR ( '', #4485 ) ;
#896 = ORIENTED_EDGE ( 'NONE', *, *, #4300, .F. ) ;
#897 = LINE ( 'NONE', #2862, #3965 ) ;
#898 =( GEOMETRIC_REPRESENTATION_CONTEXT ( 3 ) GLOBAL_UNCERTAINTY_ASSIGNED_CONTEXT ( ( #6186 ) ) GLOBAL_UNIT_ASSIGNED_CONTEXT ( ( #458, #4499, #1059 ) ) REPRESENTATION_CONTEXT ( 'NONE', 'WORKASPACE' ) );
#899 = ADVANCED_FACE ( 'NONE', ( #3953 ), #2646, .T. ) ;
#900 = ORIENTED_EDGE ( 'NONE', *, *, #1917, .F. ) ;
#901 = LINE ( 'NONE', #3540, #5309 ) ;
#902 = FILL_AREA_STYLE ('',( #6145 ) ) ;
#903 = LINE ( 'NONE', #7252, #2431 ) ;
#904 =( NAMED_UNIT ( * ) PLANE_ANGLE_UNIT ( ) SI_UNIT ( $, .RADIAN. ) );
#905 =( NAMED_UNIT ( * ) PLANE_ANGLE_UNIT ( ) SI_UNIT ( $, .RADIAN. ) );
#906 = ORIENTED_EDGE ( 'NONE', *, *, #2979, .F. ) ;
#907 = COLOUR_RGB ( '',0.7960784313725489700, 0.8235294117647058400, 0.9372549019607843100 ) ;
#908 = DIRECTION ( 'NONE',  ( -0.7071067811865477900, -0.0000000000000000000, -0.7071067811865473500 ) ) ;
#909 =( NAMED_UNIT ( * ) SI_UNIT ( $, .STERADIAN. ) SOLID_ANGLE_UNIT ( ) );
#910 = DIRECTION ( 'NONE',  ( -0.7071067811865475700, 0.0000000000000000000, 0.7071067811865475700 ) ) ;
#911 = EDGE_LOOP ( 'NONE', ( #2308, #1545, #5210, #5604, #935, #1346, #1246, #3083 ) ) ;
#912 = EDGE_CURVE ( 'NONE', #2649, #3511, #4572, .T. ) ;
#913 = VECTOR ( 'NONE', #5931, 1000.000000000000100 ) ;
#914 = SURFACE_STYLE_USAGE ( .BOTH. , #4347 ) ;
#915 = ORIENTED_EDGE ( 'NONE', *, *, #1562, .F. ) ;
#916 = ORIENTED_EDGE ( 'NONE', *, *, #178, .F. ) ;
#917 =( NAMED_UNIT ( * ) PLANE_ANGLE_UNIT ( ) SI_UNIT ( $, .RADIAN. ) );
#918 = CARTESIAN_POINT ( 'NONE',  ( -1.590000000000000300, -2.799999999999999400, 0.2199999999999998100 ) ) ;
#919 = FACE_OUTER_BOUND ( 'NONE', #4856, .T. ) ;
#920 = PRESENTATION_LAYER_ASSIGNMENT (  '', '', ( #102 ) ) ;
#921 = FILL_AREA_STYLE_COLOUR ( '', #6675 ) ;
#922 = DIRECTION ( 'NONE',  ( -1.000000000000000000, -0.0000000000000000000, -0.0000000000000000000 ) ) ;
#923 = EDGE_CURVE ( 'NONE', #2109, #2272, #1511, .T. ) ;
#924 = MANIFOLD_SOLID_BREP ( 'LPattern3[4]', #618 ) ;
#925 = CARTESIAN_POINT ( 'NONE',  ( -0.9499999999999999600, -2.799999999999999400, -10.38000000000000100 ) ) ;
#926 = STYLED_ITEM ( 'NONE', ( #6047 ), #3457 ) ;
#927 = AXIS2_PLACEMENT_3D ( 'NONE', #6407, #2991, #6966 ) ;
#928 = FILL_AREA_STYLE_COLOUR ( '', #1899 ) ;
#929 = COLOUR_RGB ( '',0.0000000000000000000, 0.003921568627450980300, 0.09019607843137254800 ) ;
#930 = PLANE ( 'NONE',  #6120 ) ;
#931 = FILL_AREA_STYLE_COLOUR ( '', #7452 ) ;
#932 = CARTESIAN_POINT ( 'NONE',  ( -1.050000000000000000, -2.799999999999999400, -2.220000000000000200 ) ) ;
#933 = PRESENTATION_LAYER_ASSIGNMENT (  '', '', ( #534 ) ) ;
#934 = LINE ( 'NONE', #5387, #6820 ) ;
#935 = ORIENTED_EDGE ( 'NONE', *, *, #6819, .F. ) ;
#936 = ADVANCED_FACE ( 'NONE', ( #4387 ), #4417, .T. ) ;
#937 = EDGE_CURVE ( 'NONE', #6530, #6778, #3315, .T. ) ;
#938 = CARTESIAN_POINT ( 'NONE',  ( -1.050000000000000000, -2.799999999999999400, -13.02000000000000100 ) ) ;
#939 = DIRECTION ( 'NONE',  ( -0.7071067811865470200, 0.0000000000000000000, 0.7071067811865481300 ) ) ;
#940 = EDGE_LOOP ( 'NONE', ( #1559, #3989, #45, #3252 ) ) ;
#941 = STYLED_ITEM ( 'NONE', ( #6615 ), #6980 ) ;
#942 = DIRECTION ( 'NONE',  ( -0.7071067811865470200, 0.0000000000000000000, 0.7071067811865481300 ) ) ;
#943 =( LENGTH_UNIT ( ) NAMED_UNIT ( * ) SI_UNIT ( .MILLI., .METRE. ) );
#944 = CARTESIAN_POINT ( 'NONE',  ( -1.490000000000000000, 11.70000000000000100, -13.02000000000000100 ) ) ;
#945 = VECTOR ( 'NONE', #4628, 1000.000000000000000 ) ;
#946 = DIRECTION ( 'NONE',  ( -0.7071067811865469100, -0.0000000000000000000, 0.7071067811865482400 ) ) ;
#947 = FILL_AREA_STYLE ('',( #335 ) ) ;
#948 =( LENGTH_UNIT ( ) NAMED_UNIT ( * ) SI_UNIT ( .MILLI., .METRE. ) );
#949 = EDGE_CURVE ( 'NONE', #7417, #5917, #407, .T. ) ;
#950 = ORIENTED_EDGE ( 'NONE', *, *, #4075, .T. ) ;
#951 =( NAMED_UNIT ( * ) SI_UNIT ( $, .STERADIAN. ) SOLID_ANGLE_UNIT ( ) );
#952 = LINE ( 'NONE', #1727, #4009 ) ;
#953 = LINE ( 'NONE', #1187, #4010 ) ;
#954 = DIRECTION ( 'NONE',  ( 0.0000000000000000000, 1.000000000000000000, 0.0000000000000000000 ) ) ;
#955 = SURFACE_STYLE_USAGE ( .BOTH. , #4390 ) ;
#956 = ORIENTED_EDGE ( 'NONE', *, *, #5555, .T. ) ;
#957 = FILL_AREA_STYLE ('',( #1505 ) ) ;
#958 = CARTESIAN_POINT ( 'NONE',  ( 1.490000000000000000, -2.799999999999999400, -2.220000000000000200 ) ) ;
#959 = CARTESIAN_POINT ( 'NONE',  ( 2.140000000000001500, 0.0000000000000000000, -8.890000000000000600 ) ) ;
#960 = VECTOR ( 'NONE', #5427, 1000.000000000000000 ) ;
#961 = LINE ( 'NONE', #6457, #6843 ) ;
#962 = ORIENTED_EDGE ( 'NONE', *, *, #4171, .T. ) ;
#963 = LINE ( 'NONE', #3099, #3851 ) ;
#964 = SURFACE_STYLE_FILL_AREA ( #2971 ) ;
#965 = UNCERTAINTY_MEASURE_WITH_UNIT (LENGTH_MEASURE( 1.000000000000000100E-005 ), #4973, 'distance_accuracy_value', 'NONE');
#966 = EDGE_CURVE ( 'NONE', #4064, #5194, #4828, .T. ) ;
#967 =( NAMED_UNIT ( * ) PLANE_ANGLE_UNIT ( ) SI_UNIT ( $, .RADIAN. ) );
#968 = SURFACE_STYLE_USAGE ( .BOTH. , #1001 ) ;
#969 = ORIENTED_EDGE ( 'NONE', *, *, #2361, .T. ) ;
#970 = LINE ( 'NONE', #6094, #3857 ) ;
#971 =( NAMED_UNIT ( * ) SI_UNIT ( $, .STERADIAN. ) SOLID_ANGLE_UNIT ( ) );
#972 = FACE_OUTER_BOUND ( 'NONE', #5042, .T. ) ;
#973 = CARTESIAN_POINT ( 'NONE',  ( 2.140000000000000100, 1.700000000000000000, -11.43000000000000100 ) ) ;
#974 = FILL_AREA_STYLE_COLOUR ( '', #7395 ) ;
#975 = PRESENTATION_LAYER_ASSIGNMENT (  '', '', ( #163 ) ) ;
#976 = AXIS2_PLACEMENT_3D ( 'NONE', #847, #4874, #1427 ) ;
#977 = EDGE_LOOP ( 'NONE', ( #2655, #2885, #865, #4743 ) ) ;
#978 = MECHANICAL_DESIGN_GEOMETRIC_PRESENTATION_REPRESENTATION (  '', ( #7239 ), #2467 ) ;
#979 = ADVANCED_FACE ( 'NONE', ( #1776 ), #6172, .T. ) ;
#980 = FILL_AREA_STYLE ('',( #4420 ) ) ;
#981 = PLANE ( 'NONE',  #4349 ) ;
#982 = VERTEX_POINT ( 'NONE', #2178 ) ;
#983 = CARTESIAN_POINT ( 'NONE',  ( 1.590000000000000100, 11.70000000000000100, -9.940000000000001300 ) ) ;
#984 = ORIENTED_EDGE ( 'NONE', *, *, #2140, .T. ) ;
#985 = LINE ( 'NONE', #456, #6864 ) ;
#986 = SURFACE_SIDE_STYLE ('',( #6910 ) ) ;
#987 =( NAMED_UNIT ( * ) PLANE_ANGLE_UNIT ( ) SI_UNIT ( $, .RADIAN. ) );
#988 =( NAMED_UNIT ( * ) SI_UNIT ( $, .STERADIAN. ) SOLID_ANGLE_UNIT ( ) );
#989 = ORIENTED_EDGE ( 'NONE', *, *, #1485, .F. ) ;
#990 = PRESENTATION_STYLE_ASSIGNMENT (( #1846 ) ) ;
#991 = ORIENTED_EDGE ( 'NONE', *, *, #7292, .F. ) ;
#992 = LINE ( 'NONE', #4020, #2510 ) ;
#993 = ORIENTED_EDGE ( 'NONE', *, *, #1082, .T. ) ;
#994 = VECTOR ( 'NONE', #7052, 1000.000000000000000 ) ;
#995 = PLANE ( 'NONE',  #1317 ) ;
#996 = CARTESIAN_POINT ( 'NONE',  ( -1.490000000000000000, -2.799999999999999400, -10.48000000000000200 ) ) ;
#997 = EDGE_CURVE ( 'NONE', #1445, #2878, #2585, .T. ) ;
#998 = CARTESIAN_POINT ( 'NONE',  ( -1.490000000000000000, -2.799999999999999400, -0.3200000000000001200 ) ) ;
#1001 = SURFACE_SIDE_STYLE ('',( #5220 ) ) ;
#1000 = AXIS2_PLACEMENT_3D ( 'NONE', #4995, #1554, #5575 ) ;
#999 = VECTOR ( 'NONE', #1091, 1000.000000000000000 ) ;
#1002 = ORIENTED_EDGE ( 'NONE', *, *, #2252, .T. ) ;
#1003 = VERTEX_POINT ( 'NONE', #3940 ) ;
#1004 = COLOUR_RGB ( '',0.7960784313725489700, 0.8235294117647058400, 0.9372549019607843100 ) ;
#1005 = ORIENTED_EDGE ( 'NONE', *, *, #6356, .F. ) ;
#1006 = CARTESIAN_POINT ( 'NONE',  ( 1.050000000000000000, -2.799999999999999400, -13.02000000000000100 ) ) ;
#1007 =( NAMED_UNIT ( * ) SI_UNIT ( $, .STERADIAN. ) SOLID_ANGLE_UNIT ( ) );
#1008 = SURFACE_STYLE_USAGE ( .BOTH. , #4438 ) ;
#1009 = EDGE_CURVE ( 'NONE', #1340, #4289, #5457, .T. ) ;
#1010 = AXIS2_PLACEMENT_3D ( 'NONE', #4731, #1289, #5327 ) ;
#1011 = PRESENTATION_STYLE_ASSIGNMENT (( #2615 ) ) ;
#1012 = DIRECTION ( 'NONE',  ( -0.7071067811865470200, 0.0000000000000000000, -0.7071067811865481300 ) ) ;
#1013 = ORIENTED_EDGE ( 'NONE', *, *, #4852, .T. ) ;
#1014 = DIRECTION ( 'NONE',  ( 0.0000000000000000000, 0.0000000000000000000, 1.000000000000000000 ) ) ;
#1015 = CARTESIAN_POINT ( 'NONE',  ( 0.9499999999999999600, 11.70000000000000100, -12.92000000000000200 ) ) ;
#1016 = FACE_OUTER_BOUND ( 'NONE', #2350, .T. ) ;
#1017 = UNCERTAINTY_MEASURE_WITH_UNIT (LENGTH_MEASURE( 1.000000000000000100E-005 ), #6718, 'distance_accuracy_value', 'NONE');
#1018 = PRESENTATION_LAYER_ASSIGNMENT (  '', '', ( #195 ) ) ;
#1019 = VECTOR ( 'NONE', #1270, 1000.000000000000000 ) ;
#1020 = EDGE_CURVE ( 'NONE', #1197, #1882, #6940, .T. ) ;
#1021 = EDGE_LOOP ( 'NONE', ( #414, #4771, #1343, #2295 ) ) ;
#1022 = ADVANCED_FACE ( 'NONE', ( #2402 ), #2217, .F. ) ;
#1023 = PRESENTATION_LAYER_ASSIGNMENT (  '', '', ( #202 ) ) ;
#1024 = ORIENTED_EDGE ( 'NONE', *, *, #2362, .T. ) ;
#1025 = FILL_AREA_STYLE ('',( #1434 ) ) ;
#1026 = DIRECTION ( 'NONE',  ( 0.0000000000000000000, 1.000000000000000000, 0.0000000000000000000 ) ) ;
#1027 = PLANE ( 'NONE',  #2550 ) ;
#1028 = VERTEX_POINT ( 'NONE', #5086 ) ;
#1029 = COLOUR_RGB ( '',0.7960784313725489700, 0.8235294117647058400, 0.9372549019607843100 ) ;
#1030 = VECTOR ( 'NONE', #3793, 1000.000000000000000 ) ;
#1031 = ORIENTED_EDGE ( 'NONE', *, *, #6860, .F. ) ;
#1032 = DIRECTION ( 'NONE',  ( 0.0000000000000000000, 0.0000000000000000000, 1.000000000000000000 ) ) ;
#1033 = SURFACE_STYLE_USAGE ( .BOTH. , #4469 ) ;
#1034 = ORIENTED_EDGE ( 'NONE', *, *, #3847, .F. ) ;
#1035 = LINE ( 'NONE', #6113, #2551 ) ;
#1036 = DIRECTION ( 'NONE',  ( 0.0000000000000000000, -0.0000000000000000000, 1.000000000000000000 ) ) ;
#1037 = PRESENTATION_STYLE_ASSIGNMENT (( #3014 ) ) ;
#1038 = DIRECTION ( 'NONE',  ( 0.7348718659067219300, 0.0000000000000000000, -0.6782059721786390900 ) ) ;
#1039 = DIRECTION ( 'NONE',  ( -0.6782059721786390900, 0.0000000000000000000, -0.7348718659067219300 ) ) ;
#1040 = DIRECTION ( 'NONE',  ( 0.7071067811865474600, 0.0000000000000000000, 0.7071067811865474600 ) ) ;
#1041 = VERTEX_POINT ( 'NONE', #1667 ) ;
#1042 = SURFACE_STYLE_FILL_AREA ( #4683 ) ;
#1043 = SURFACE_STYLE_FILL_AREA ( #792 ) ;
#1044 = AXIS2_PLACEMENT_3D ( 'NONE', #432, #4474, #1039 ) ;
#1045 = VECTOR ( 'NONE', #5686, 999.9999999999998900 ) ;
#1046 = EDGE_CURVE ( 'NONE', #2370, #1092, #1852, .T. ) ;
#1047 =( LENGTH_UNIT ( ) NAMED_UNIT ( * ) SI_UNIT ( .MILLI., .METRE. ) );
#1048 = MECHANICAL_DESIGN_GEOMETRIC_PRESENTATION_REPRESENTATION (  '', ( #7297 ), #1417 ) ;
#1049 = PRESENTATION_STYLE_ASSIGNMENT (( #1551 ) ) ;
#1050 = CARTESIAN_POINT ( 'NONE',  ( 1.490000000000000000, 11.70000000000000100, -4.760000000000000700 ) ) ;
#1051 = ADVANCED_FACE ( 'NONE', ( #6240 ), #2824, .T. ) ;
#1052 = COLOUR_RGB ( '',0.0000000000000000000, 0.003921568627450980300, 0.09019607843137254800 ) ;
#1053 = CARTESIAN_POINT ( 'NONE',  ( -2.540000000000000000, 0.0000000000000000000, -5.983421052631579900 ) ) ;
#1054 = CARTESIAN_POINT ( 'NONE',  ( 2.540000000000000900, 1.700000000000000000, -0.8700000000000006600 ) ) ;
#1055 = VECTOR ( 'NONE', #2470, 1000.000000000000100 ) ;
#1056 =( GEOMETRIC_REPRESENTATION_CONTEXT ( 3 ) GLOBAL_UNCERTAINTY_ASSIGNED_CONTEXT ( ( #7455 ) ) GLOBAL_UNIT_ASSIGNED_CONTEXT ( ( #3918, #448, #4489 ) ) REPRESENTATION_CONTEXT ( 'NONE', 'WORKASPACE' ) );
#1057 = VERTEX_POINT ( 'NONE', #3406 ) ;
#1058 = SURFACE_STYLE_USAGE ( .BOTH. , #4497 ) ;
#1059 =( NAMED_UNIT ( * ) SI_UNIT ( $, .STERADIAN. ) SOLID_ANGLE_UNIT ( ) );
#1060 = SURFACE_STYLE_FILL_AREA ( #2882 ) ;
#1061 = UNCERTAINTY_MEASURE_WITH_UNIT (LENGTH_MEASURE( 1.000000000000000100E-005 ), #2750, 'distance_accuracy_value', 'NONE');
#1062 = COLOUR_RGB ( '',0.7960784313725489700, 0.8235294117647058400, 0.9372549019607843100 ) ;
#1063 = VERTEX_POINT ( 'NONE', #3436 ) ;
#1064 = VECTOR ( 'NONE', #475, 999.9999999999998900 ) ;
#1065 =( NAMED_UNIT ( * ) PLANE_ANGLE_UNIT ( ) SI_UNIT ( $, .RADIAN. ) );
#1066 = EDGE_CURVE ( 'NONE', #5731, #3070, #4290, .T. ) ;
#1067 = FACE_OUTER_BOUND ( 'NONE', #3297, .T. ) ;
#1068 = EDGE_CURVE ( 'NONE', #6888, #435, #5717, .T. ) ;
#1069 =( GEOMETRIC_REPRESENTATION_CONTEXT ( 3 ) GLOBAL_UNCERTAINTY_ASSIGNED_CONTEXT ( ( #4558 ) ) GLOBAL_UNIT_ASSIGNED_CONTEXT ( ( #1327, #5350, #1896 ) ) REPRESENTATION_CONTEXT ( 'NONE', 'WORKASPACE' ) );
#1070 = ORIENTED_EDGE ( 'NONE', *, *, #543, .F. ) ;
#1071 = LINE ( 'NONE', #3168, #5471 ) ;
#1072 = COLOUR_RGB ( '',0.7960784313725489700, 0.8235294117647058400, 0.9372549019607843100 ) ;
#1073 = DIRECTION ( 'NONE',  ( 0.7372346670543746800, 0.0000000000000000000, -0.6756367705307528800 ) ) ;
#1074 =( NAMED_UNIT ( * ) PLANE_ANGLE_UNIT ( ) SI_UNIT ( $, .RADIAN. ) );
#1075 = STYLED_ITEM ( 'NONE', ( #4706 ), #2365 ) ;
#1076 = ORIENTED_EDGE ( 'NONE', *, *, #3808, .F. ) ;
#1077 = LINE ( 'NONE', #100, #5476 ) ;
#1078 = VERTEX_POINT ( 'NONE', #5726 ) ;
#1079 = DIRECTION ( 'NONE',  ( 0.7071067811865473500, 0.0000000000000000000, -0.7071067811865477900 ) ) ;
#1080 = CARTESIAN_POINT ( 'NONE',  ( -1.590000000000000300, -2.799999999999999400, -2.760000000000000200 ) ) ;
#1081 = DIRECTION ( 'NONE',  ( 0.0000000000000000000, 1.000000000000000000, 0.0000000000000000000 ) ) ;
#1082 = EDGE_CURVE ( 'NONE', #4502, #6003, #4126, .T. ) ;
#1083 = PLANE ( 'NONE',  #443 ) ;
#1084 = ORIENTED_EDGE ( 'NONE', *, *, #3451, .T. ) ;
#1085 = FACE_OUTER_BOUND ( 'NONE', #1971, .T. ) ;
#1086 = PLANE ( 'NONE',  #4358 ) ;
#1087 = CARTESIAN_POINT ( 'NONE',  ( -1.590000000000000300, 11.70000000000000100, -5.300000000000000700 ) ) ;
#1088 = CARTESIAN_POINT ( 'NONE',  ( 1.590000000000000100, -2.799999999999999400, -12.92000000000000200 ) ) ;
#1089 = VERTEX_POINT ( 'NONE', #7399 ) ;
#1090 = ADVANCED_FACE ( 'NONE', ( #7215 ), #7428, .T. ) ;
#1091 = DIRECTION ( 'NONE',  ( -0.0000000000000000000, -1.000000000000000000, -0.0000000000000000000 ) ) ;
#1092 = VERTEX_POINT ( 'NONE', #5752 ) ;
#1093 = PRESENTATION_STYLE_ASSIGNMENT (( #4986 ) ) ;
#1095 = ORIENTED_EDGE ( 'NONE', *, *, #4477, .T. ) ;
#1094 = EDGE_CURVE ( 'NONE', #2272, #1839, #2047, .T. ) ;
#1096 = ORIENTED_EDGE ( 'NONE', *, *, #1861, .F. ) ;
#1097 =( NAMED_UNIT ( * ) SI_UNIT ( $, .STERADIAN. ) SOLID_ANGLE_UNIT ( ) );
#1098 = ORIENTED_EDGE ( 'NONE', *, *, #1549, .F. ) ;
#1099 = PLANE ( 'NONE',  #7123 ) ;
#1100 = DIRECTION ( 'NONE',  ( -1.000000000000000000, 0.0000000000000000000, 0.0000000000000000000 ) ) ;
#1101 = ORIENTED_EDGE ( 'NONE', *, *, #5272, .T. ) ;
#1102 = EDGE_CURVE ( 'NONE', #726, #3095, #5651, .T. ) ;
#1103 = EDGE_LOOP ( 'NONE', ( #3804, #2474, #7253, #5280 ) ) ;
#1104 = CARTESIAN_POINT ( 'NONE',  ( -1.590000000000000300, -2.799999999999999400, -12.48000000000000200 ) ) ;
#1105 = PRESENTATION_STYLE_ASSIGNMENT (( #570 ) ) ;
#1106 = UNCERTAINTY_MEASURE_WITH_UNIT (LENGTH_MEASURE( 1.000000000000000100E-005 ), #294, 'distance_accuracy_value', 'NONE');
#1107 = FILL_AREA_STYLE ('',( #502 ) ) ;
#1108 = DIRECTION ( 'NONE',  ( 0.7348718659067219300, 0.0000000000000000000, -0.6782059721786390900 ) ) ;
#1109 = UNCERTAINTY_MEASURE_WITH_UNIT (LENGTH_MEASURE( 1.000000000000000100E-005 ), #5231, 'distance_accuracy_value', 'NONE');
#1110 = DIRECTION ( 'NONE',  ( 1.000000000000000000, 0.0000000000000000000, 1.232047923278982000E-016 ) ) ;
#1111 =( NAMED_UNIT ( * ) PLANE_ANGLE_UNIT ( ) SI_UNIT ( $, .RADIAN. ) );
#1112 = DIRECTION ( 'NONE',  ( 0.0000000000000000000, -0.0000000000000000000, 1.000000000000000000 ) ) ;
#1113 = ORIENTED_EDGE ( 'NONE', *, *, #3893, .F. ) ;
#1114 = EDGE_CURVE ( 'NONE', #796, #6626, #4927, .T. ) ;
#1115 = LINE ( 'NONE', #3280, #6984 ) ;
#1116 = VERTEX_POINT ( 'NONE', #2349 ) ;
#1117 = EDGE_LOOP ( 'NONE', ( #2279, #5219, #5491, #2131 ) ) ;
#1118 = AXIS2_PLACEMENT_3D ( 'NONE', #395, #4443, #1012 ) ;
#1119 = STYLED_ITEM ( 'NONE', ( #2209 ), #2018 ) ;
#1120 = COLOUR_RGB ( '',0.7960784313725489700, 0.8235294117647058400, 0.9372549019607843100 ) ;
#1121 = VECTOR ( 'NONE', #7042, 1000.000000000000000 ) ;
#1122 = ORIENTED_EDGE ( 'NONE', *, *, #1066, .T. ) ;
#1123 = PRESENTATION_LAYER_ASSIGNMENT (  '', '', ( #312 ) ) ;
#1124 = DIRECTION ( 'NONE',  ( 0.7071067811865463500, -0.0000000000000000000, 0.7071067811865487900 ) ) ;
#1125 =( LENGTH_UNIT ( ) NAMED_UNIT ( * ) SI_UNIT ( .MILLI., .METRE. ) );
#1126 = ADVANCED_FACE ( 'NONE', ( #313 ), #6338, .T. ) ;
#1127 = CARTESIAN_POINT ( 'NONE',  ( -1.590000000000000300, -2.799999999999999400, -5.300000000000000700 ) ) ;
#1128 = CARTESIAN_POINT ( 'NONE',  ( -1.490000000000000000, 11.70000000000000100, -10.48000000000000200 ) ) ;
#1129 = ORIENTED_EDGE ( 'NONE', *, *, #5214, .T. ) ;
#1130 = SURFACE_SIDE_STYLE ('',( #6046 ) ) ;
#1131 = FILL_AREA_STYLE ('',( #5689 ) ) ;
#1132 = SURFACE_SIDE_STYLE ('',( #4821 ) ) ;
#1133 =( NAMED_UNIT ( * ) PLANE_ANGLE_UNIT ( ) SI_UNIT ( $, .RADIAN. ) );
#1134 = VECTOR ( 'NONE', #1628, 1000.000000000000000 ) ;
#1135 = STYLED_ITEM ( 'NONE', ( #4266 ), #4970 ) ;
#1136 =( NAMED_UNIT ( * ) SI_UNIT ( $, .STERADIAN. ) SOLID_ANGLE_UNIT ( ) );
#1137 = LINE ( 'NONE', #3709, #2661 ) ;
#1138 = VERTEX_POINT ( 'NONE', #2915 ) ;
#1139 = STYLED_ITEM ( 'NONE', ( #7356 ), #4026 ) ;
#1140 = ORIENTED_EDGE ( 'NONE', *, *, #3674, .T. ) ;
#1141 = DIRECTION ( 'NONE',  ( 0.7071067811865486800, 0.0000000000000000000, 0.7071067811865464600 ) ) ;
#1142 = SURFACE_SIDE_STYLE ('',( #7113 ) ) ;
#1143 = CARTESIAN_POINT ( 'NONE',  ( 0.9499999999999999600, -2.799999999999999400, -7.839999999999999900 ) ) ;
#1144 = FACE_OUTER_BOUND ( 'NONE', #5492, .T. ) ;
#1145 = VECTOR ( 'NONE', #5237, 1000.000000000000000 ) ;
#1146 = PRESENTATION_STYLE_ASSIGNMENT (( #3530 ) ) ;
#1147 = ORIENTED_EDGE ( 'NONE', *, *, #1902, .T. ) ;
#1148 = DIRECTION ( 'NONE',  ( 0.0000000000000000000, -0.0000000000000000000, 1.000000000000000000 ) ) ;
#1149 = AXIS2_PLACEMENT_3D ( 'NONE', #1957, #5964, #2540 ) ;
#1150 = LINE ( 'NONE', #6203, #4029 ) ;
#1151 = VECTOR ( 'NONE', #7305, 1000.000000000000000 ) ;
#1152 = EDGE_CURVE ( 'NONE', #3619, #7040, #7221, .T. ) ;
#1153 = UNCERTAINTY_MEASURE_WITH_UNIT (LENGTH_MEASURE( 1.000000000000000100E-005 ), #5835, 'distance_accuracy_value', 'NONE');
#1154 = DIRECTION ( 'NONE',  ( 2.492418787322998300E-016, 0.0000000000000000000, 1.000000000000000000 ) ) ;
#1155 = ORIENTED_EDGE ( 'NONE', *, *, #4613, .F. ) ;
#1156 = FILL_AREA_STYLE_COLOUR ( '', #6378 ) ;
#1157 = PLANE ( 'NONE',  #4096 ) ;
#1158 = PRESENTATION_STYLE_ASSIGNMENT (( #5971 ) ) ;
#1159 =( NAMED_UNIT ( * ) SI_UNIT ( $, .STERADIAN. ) SOLID_ANGLE_UNIT ( ) );
#1160 = ADVANCED_FACE ( 'NONE', ( #5724 ), #747, .T. ) ;
#1161 = EDGE_LOOP ( 'NONE', ( #6870, #5011, #5322, #3107 ) ) ;
#1162 =( GEOMETRIC_REPRESENTATION_CONTEXT ( 3 ) GLOBAL_UNCERTAINTY_ASSIGNED_CONTEXT ( ( #1017 ) ) GLOBAL_UNIT_ASSIGNED_CONTEXT ( ( #6718, #3327, #7286 ) ) REPRESENTATION_CONTEXT ( 'NONE', 'WORKASPACE' ) );
#1163 = PLANE ( 'NONE',  #413 ) ;
#1164 = SURFACE_SIDE_STYLE ('',( #6520 ) ) ;
#1165 = EDGE_CURVE ( 'NONE', #4455, #4974, #2135, .T. ) ;
#1166 = SURFACE_STYLE_FILL_AREA ( #111 ) ;
#1167 = ORIENTED_EDGE ( 'NONE', *, *, #22, .T. ) ;
#1168 = EDGE_LOOP ( 'NONE', ( #514, #462, #1464, #5308 ) ) ;
#1169 = ORIENTED_EDGE ( 'NONE', *, *, #6562, .T. ) ;
#1170 =( NAMED_UNIT ( * ) PLANE_ANGLE_UNIT ( ) SI_UNIT ( $, .RADIAN. ) );
#1171 = DIRECTION ( 'NONE',  ( -0.7071067811865469100, -0.0000000000000000000, 0.7071067811865482400 ) ) ;
#1172 =( NAMED_UNIT ( * ) PLANE_ANGLE_UNIT ( ) SI_UNIT ( $, .RADIAN. ) );
#1173 =( GEOMETRIC_REPRESENTATION_CONTEXT ( 3 ) GLOBAL_UNCERTAINTY_ASSIGNED_CONTEXT ( ( #2006 ) ) GLOBAL_UNIT_ASSIGNED_CONTEXT ( ( #2526, #6504, #3090 ) ) REPRESENTATION_CONTEXT ( 'NONE', 'WORKASPACE' ) );
#1174 = ORIENTED_EDGE ( 'NONE', *, *, #2745, .F. ) ;
#1175 = VECTOR ( 'NONE', #3022, 1000.000000000000000 ) ;
#1176 = LINE ( 'NONE', #2208, #7050 ) ;
#1177 = LINE ( 'NONE', #7029, #4049 ) ;
#1178 = VERTEX_POINT ( 'NONE', #4197 ) ;
#1179 =( GEOMETRIC_REPRESENTATION_CONTEXT ( 3 ) GLOBAL_UNCERTAINTY_ASSIGNED_CONTEXT ( ( #5159 ) ) GLOBAL_UNIT_ASSIGNED_CONTEXT ( ( #3795, #3717, #3684 ) ) REPRESENTATION_CONTEXT ( 'NONE', 'WORKASPACE' ) );
#1180 = SURFACE_STYLE_USAGE ( .BOTH. , #4614 ) ;
#1181 = CARTESIAN_POINT ( 'NONE',  ( -1.050000000000000000, -2.799999999999999400, -5.400000000000000400 ) ) ;
#1182 = CARTESIAN_POINT ( 'NONE',  ( 0.9499999999999999600, -2.799999999999999400, -2.760000000000000200 ) ) ;
#1183 = STYLED_ITEM ( 'NONE', ( #598 ), #4552 ) ;
#1184 = LINE ( 'NONE', #4312, #2708 ) ;
#1185 = EDGE_CURVE ( 'NONE', #1362, #6970, #6502, .T. ) ;
#1186 = ORIENTED_EDGE ( 'NONE', *, *, #807, .F. ) ;
#1187 = CARTESIAN_POINT ( 'NONE',  ( -2.540000000000000000, 1.700000000000000000, -13.60342105263158000 ) ) ;
#1188 = STYLED_ITEM ( 'NONE', ( #6740 ), #3568 ) ;
#1189 = DIRECTION ( 'NONE',  ( 0.0000000000000000000, 0.0000000000000000000, -1.000000000000000000 ) ) ;
#1190 = SURFACE_STYLE_USAGE ( .BOTH. , #4621 ) ;
#1191 = VERTEX_POINT ( 'NONE', #171 ) ;
#1192 = CARTESIAN_POINT ( 'NONE',  ( -0.9499999999999999600, -2.799999999999999400, -7.839999999999999900 ) ) ;
#1193 = CARTESIAN_POINT ( 'NONE',  ( -2.540000000000000000, 1.700000000000000000, -13.60342105263158000 ) ) ;
#1194 = DIRECTION ( 'NONE',  ( 0.7071067811865486800, 0.0000000000000000000, 0.7071067811865464600 ) ) ;
#1195 = UNCERTAINTY_MEASURE_WITH_UNIT (LENGTH_MEASURE( 1.000000000000000100E-005 ), #226, 'distance_accuracy_value', 'NONE');
#1196 = AXIS2_PLACEMENT_3D ( 'NONE', #5464, #2012, #6026 ) ;
#1197 = VERTEX_POINT ( 'NONE', #6498 ) ;
#1198 = ADVANCED_FACE ( 'NONE', ( #6683 ), #5382, .T. ) ;
#1199 = FILL_AREA_STYLE ('',( #601 ) ) ;
#1200 = CARTESIAN_POINT ( 'NONE',  ( -2.540000000000000000, 0.0000000000000000000, -3.443421052631578900 ) ) ;
#1201 = LINE ( 'NONE', #2261, #4242 ) ;
#1202 = VECTOR ( 'NONE', #5458, 1000.000000000000000 ) ;
#1203 = FILL_AREA_STYLE ('',( #6886 ) ) ;
#1204 = SURFACE_SIDE_STYLE ('',( #3043 ) ) ;
#1205 = EDGE_CURVE ( 'NONE', #1293, #6626, #2936, .T. ) ;
#1206 = MECHANICAL_DESIGN_GEOMETRIC_PRESENTATION_REPRESENTATION (  '', ( #7464 ), #1590 ) ;
#1207 = SURFACE_STYLE_FILL_AREA ( #2451 ) ;
#1208 = SURFACE_STYLE_USAGE ( .BOTH. , #4641 ) ;
#1209 =( GEOMETRIC_REPRESENTATION_CONTEXT ( 3 ) GLOBAL_UNCERTAINTY_ASSIGNED_CONTEXT ( ( #5198 ) ) GLOBAL_UNIT_ASSIGNED_CONTEXT ( ( #5319, #1860, #5868 ) ) REPRESENTATION_CONTEXT ( 'NONE', 'WORKASPACE' ) );
#1210 = MECHANICAL_DESIGN_GEOMETRIC_PRESENTATION_REPRESENTATION (  '', ( #6 ), #1594 ) ;
#1211 = ORIENTED_EDGE ( 'NONE', *, *, #7046, .F. ) ;
#1212 =( LENGTH_UNIT ( ) NAMED_UNIT ( * ) SI_UNIT ( .MILLI., .METRE. ) );
#1213 = PLANE ( 'NONE',  #6605 ) ;
#1215 = ORIENTED_EDGE ( 'NONE', *, *, #4613, .T. ) ;
#1214 = EDGE_CURVE ( 'NONE', #4938, #544, #4479, .T. ) ;
#1216 = COLOUR_RGB ( '',0.0000000000000000000, 0.003921568627450980300, 0.09019607843137254800 ) ;
#1217 = PRESENTATION_LAYER_ASSIGNMENT (  '', '', ( #436 ) ) ;
#1218 = ORIENTED_EDGE ( 'NONE', *, *, #5174, .F. ) ;
#1219 = DIRECTION ( 'NONE',  ( 1.000000000000000000, 0.0000000000000000000, 0.0000000000000000000 ) ) ;
#1220 = DIRECTION ( 'NONE',  ( 0.6782059721786389800, 0.0000000000000000000, 0.7348718659067220400 ) ) ;
#1221 = LINE ( 'NONE', #5479, #2572 ) ;
#1222 = LINE ( 'NONE', #4755, #4267 ) ;
#1223 = LINE ( 'NONE', #6454, #2575 ) ;
#1224 = EDGE_CURVE ( 'NONE', #3570, #2986, #3669, .T. ) ;
#1225 = FACE_OUTER_BOUND ( 'NONE', #4994, .T. ) ;
#1226 = MECHANICAL_DESIGN_GEOMETRIC_PRESENTATION_REPRESENTATION (  '', ( #25 ), #1618 ) ;
#1227 = COLOUR_RGB ( '',0.7921568627450980000, 0.8196078431372548800, 0.9333333333333333500 ) ;
#1228 = ADVANCED_FACE ( 'NONE', ( #5807 ), #5985, .T. ) ;
#1229 = UNCERTAINTY_MEASURE_WITH_UNIT (LENGTH_MEASURE( 1.000000000000000100E-005 ), #2629, 'distance_accuracy_value', 'NONE');
#1230 = VECTOR ( 'NONE', #3392, 1000.000000000000100 ) ;
#1231 = CARTESIAN_POINT ( 'NONE',  ( 0.9499999999999999600, -2.799999999999999400, -0.2200000000000000000 ) ) ;
#1232 = LINE ( 'NONE', #1691, #4280 ) ;
#1233 = EDGE_CURVE ( 'NONE', #2753, #16, #685, .T. ) ;
#1234 = SURFACE_STYLE_FILL_AREA ( #6477 ) ;
#1235 = ORIENTED_EDGE ( 'NONE', *, *, #1965, .T. ) ;
#1236 = PRESENTATION_STYLE_ASSIGNMENT (( #3138 ) ) ;
#1237 = DIRECTION ( 'NONE',  ( 0.0000000000000000000, 0.0000000000000000000, 1.000000000000000000 ) ) ;
#1238 = ORIENTED_EDGE ( 'NONE', *, *, #185, .T. ) ;
#1239 =( LENGTH_UNIT ( ) NAMED_UNIT ( * ) SI_UNIT ( .MILLI., .METRE. ) );
#1240 = VECTOR ( 'NONE', #4588, 1000.000000000000000 ) ;
#1241 = CARTESIAN_POINT ( 'NONE',  ( 2.540000000000000900, 0.0000000000000000000, 0.8699999999999996600 ) ) ;
#1242 = STYLED_ITEM ( 'NONE', ( #5980 ), #1573 ) ;
#1243 = SURFACE_STYLE_FILL_AREA ( #3672 ) ;
#1244 = SURFACE_SIDE_STYLE ('',( #1042 ) ) ;
#1245 = EDGE_LOOP ( 'NONE', ( #406, #7412, #4594, #984, #6221, #6118, #5738, #4622 ) ) ;
#1246 = ORIENTED_EDGE ( 'NONE', *, *, #778, .F. ) ;
#1247 =( NAMED_UNIT ( * ) PLANE_ANGLE_UNIT ( ) SI_UNIT ( $, .RADIAN. ) );
#1248 = ORIENTED_EDGE ( 'NONE', *, *, #997, .T. ) ;
#1249 = PRESENTATION_STYLE_ASSIGNMENT (( #6131 ) ) ;
#1250 = FILL_AREA_STYLE ('',( #657 ) ) ;
#1251 =( GEOMETRIC_REPRESENTATION_CONTEXT ( 3 ) GLOBAL_UNCERTAINTY_ASSIGNED_CONTEXT ( ( #3638 ) ) GLOBAL_UNIT_ASSIGNED_CONTEXT ( ( #5497, #2048, #6051 ) ) REPRESENTATION_CONTEXT ( 'NONE', 'WORKASPACE' ) );
#1252 = DIRECTION ( 'NONE',  ( -0.7071067811865461300, 0.0000000000000000000, 0.7071067811865489100 ) ) ;
#1253 = SURFACE_STYLE_FILL_AREA ( #3155 ) ;
#1254 = AXIS2_PLACEMENT_3D ( 'NONE', #5834, #2404, #6390 ) ;
#1255 =( NAMED_UNIT ( * ) PLANE_ANGLE_UNIT ( ) SI_UNIT ( $, .RADIAN. ) );
#1256 = EDGE_LOOP ( 'NONE', ( #2079, #421, #545, #6591, #2205, #6110, #3429, #5751, #3103, #7340, #3182, #7323, #4079, #3004, #4238, #900, #916, #6595, #1174, #5293, #3499 ) ) ;
#1257 = CARTESIAN_POINT ( 'NONE',  ( 2.020000000000001400, 0.2999999999999999900, -13.97000000000000100 ) ) ;
#1258 = VERTEX_POINT ( 'NONE', #5454 ) ;
#1259 = SURFACE_STYLE_USAGE ( .BOTH. , #4696 ) ;
#1260 = VECTOR ( 'NONE', #1536, 1000.000000000000000 ) ;
#1261 = AXIS2_PLACEMENT_3D ( 'NONE', #1665, #5680, #2248 ) ;
#1262 = ORIENTED_EDGE ( 'NONE', *, *, #427, .T. ) ;
#1263 = VECTOR ( 'NONE', #5489, 1000.000000000000000 ) ;
#1264 = ADVANCED_FACE ( 'NONE', ( #2222 ), #6015, .T. ) ;
#1265 = ORIENTED_EDGE ( 'NONE', *, *, #3623, .T. ) ;
#1266 = SURFACE_STYLE_USAGE ( .BOTH. , #4699 ) ;
#1267 = COLOUR_RGB ( '',0.0000000000000000000, 0.003921568627450980300, 0.09019607843137254800 ) ;
#1268 = CARTESIAN_POINT ( 'NONE',  ( 2.140000000000000100, 1.700000000000000000, -11.43000000000000100 ) ) ;
#1269 = ORIENTED_EDGE ( 'NONE', *, *, #6063, .F. ) ;
#1270 = DIRECTION ( 'NONE',  ( -0.0000000000000000000, -0.0000000000000000000, -1.000000000000000000 ) ) ;
#1271 = DIRECTION ( 'NONE',  ( -0.0000000000000000000, -0.0000000000000000000, -1.000000000000000000 ) ) ;
#1272 = MECHANICAL_DESIGN_GEOMETRIC_PRESENTATION_REPRESENTATION (  '', ( #72 ), #1657 ) ;
#1273 =( LENGTH_UNIT ( ) NAMED_UNIT ( * ) SI_UNIT ( .MILLI., .METRE. ) );
#1274 = FILL_AREA_STYLE ('',( #6959 ) ) ;
#1275 = CARTESIAN_POINT ( 'NONE',  ( -1.050000000000000000, -2.799999999999999400, 0.3199999999999999000 ) ) ;
#1276 = UNCERTAINTY_MEASURE_WITH_UNIT (LENGTH_MEASURE( 1.000000000000000100E-005 ), #5572, 'distance_accuracy_value', 'NONE');
#1277 = EDGE_LOOP ( 'NONE', ( #7150, #1031, #4220, #4990 ) ) ;
#1278 = FACE_OUTER_BOUND ( 'NONE', #4099, .T. ) ;
#1279 = FACE_OUTER_BOUND ( 'NONE', #635, .T. ) ;
#1280 = ORIENTED_EDGE ( 'NONE', *, *, #4688, .F. ) ;
#1281 = CARTESIAN_POINT ( 'NONE',  ( 1.050000000000000000, -2.799999999999999400, -9.840000000000001600 ) ) ;
#1282 = STYLED_ITEM ( 'NONE', ( #6252 ), #1126 ) ;
#1283 = EDGE_CURVE ( 'NONE', #233, #2684, #115, .T. ) ;
#1284 =( NAMED_UNIT ( * ) SI_UNIT ( $, .STERADIAN. ) SOLID_ANGLE_UNIT ( ) );
#1285 = CARTESIAN_POINT ( 'NONE',  ( -1.590000000000000300, -2.799999999999999400, -12.48000000000000200 ) ) ;
#1286 = SURFACE_STYLE_USAGE ( .BOTH. , #4723 ) ;
#1287 = SURFACE_SIDE_STYLE ('',( #5891 ) ) ;
#1288 = ORIENTED_EDGE ( 'NONE', *, *, #2905, .T. ) ;
#1289 = DIRECTION ( 'NONE',  ( 0.7071067811865481300, 0.0000000000000000000, -0.7071067811865470200 ) ) ;
#1290 = LINE ( 'NONE', #212, #7186 ) ;
#1291 = MECHANICAL_DESIGN_GEOMETRIC_PRESENTATION_REPRESENTATION (  '', ( #102 ), #1682 ) ;
#1292 = EDGE_CURVE ( 'NONE', #6888, #4064, #4566, .T. ) ;
#1293 = VERTEX_POINT ( 'NONE', #4348 ) ;
#1294 = ORIENTED_EDGE ( 'NONE', *, *, #5969, .T. ) ;
#1295 =( GEOMETRIC_REPRESENTATION_CONTEXT ( 3 ) GLOBAL_UNCERTAINTY_ASSIGNED_CONTEXT ( ( #6640 ) ) GLOBAL_UNIT_ASSIGNED_CONTEXT ( ( #2612, #904, #4920 ) ) REPRESENTATION_CONTEXT ( 'NONE', 'WORKASPACE' ) );
#1296 = ADVANCED_FACE ( 'NONE', ( #3023 ), #5507, .F. ) ;
#1297 = CARTESIAN_POINT ( 'NONE',  ( -1.050000000000000000, 11.70000000000000100, -0.3200000000000000600 ) ) ;
#1298 = VECTOR ( 'NONE', #1576, 1000.000000000000000 ) ;
#1299 =( NAMED_UNIT ( * ) PLANE_ANGLE_UNIT ( ) SI_UNIT ( $, .RADIAN. ) );
#1300 = AXIS2_PLACEMENT_3D ( 'NONE', #7229, #3843, #358 ) ;
#1301 = PRESENTATION_LAYER_ASSIGNMENT (  '', '', ( #526 ) ) ;
#1302 = COLOUR_RGB ( '',0.0000000000000000000, 0.003921568627450980300, 0.09019607843137254800 ) ;
#1303 = DIRECTION ( 'NONE',  ( -0.7071067811865489100, -0.0000000000000000000, -0.7071067811865461300 ) ) ;
#1304 = SURFACE_STYLE_FILL_AREA ( #3111 ) ;
#1305 =( NAMED_UNIT ( * ) SI_UNIT ( $, .STERADIAN. ) SOLID_ANGLE_UNIT ( ) );
#1306 = MECHANICAL_DESIGN_GEOMETRIC_PRESENTATION_REPRESENTATION (  '', ( #534 ), #1700 ) ;
#1307 = ORIENTED_EDGE ( 'NONE', *, *, #837, .T. ) ;
#1308 = DIRECTION ( 'NONE',  ( -0.7071067811865477900, 0.0000000000000000000, -0.7071067811865473500 ) ) ;
#1309 = SURFACE_SIDE_STYLE ('',( #4275 ) ) ;
#1310 = DIRECTION ( 'NONE',  ( 0.0000000000000000000, 1.000000000000000000, 0.0000000000000000000 ) ) ;
#1311 = DIRECTION ( 'NONE',  ( 0.0000000000000000000, 1.000000000000000000, 0.0000000000000000000 ) ) ;
#1312 = LINE ( 'NONE', #17, #3018 ) ;
#1313 = EDGE_CURVE ( 'NONE', #2529, #3142, #6850, .T. ) ;
#1314 = LINE ( 'NONE', #2914, #1145 ) ;
#1315 = SURFACE_SIDE_STYLE ('',( #3866 ) ) ;
#1316 = LINE ( 'NONE', #1440, #4917 ) ;
#1317 = AXIS2_PLACEMENT_3D ( 'NONE', #3894, #409, #4452 ) ;
#1318 = CARTESIAN_POINT ( 'NONE',  ( -1.490000000000000200, -2.799999999999999400, -2.220000000000000200 ) ) ;
#1319 = FACE_OUTER_BOUND ( 'NONE', #151, .T. ) ;
#1320 = VERTEX_POINT ( 'NONE', #2094 ) ;
#1321 = CARTESIAN_POINT ( 'NONE',  ( -1.590000000000000300, -2.799999999999999400, -12.92000000000000200 ) ) ;
#1322 = DIRECTION ( 'NONE',  ( 0.6782059721786389800, 0.0000000000000000000, 0.7348718659067220400 ) ) ;
#1323 = UNCERTAINTY_MEASURE_WITH_UNIT (LENGTH_MEASURE( 1.000000000000000100E-005 ), #4341, 'distance_accuracy_value', 'NONE');
#1324 = LINE ( 'NONE', #1054, #5719 ) ;
#1325 = ORIENTED_EDGE ( 'NONE', *, *, #1444, .F. ) ;
#1326 = PRESENTATION_STYLE_ASSIGNMENT (( #2119 ) ) ;
#1327 =( LENGTH_UNIT ( ) NAMED_UNIT ( * ) SI_UNIT ( .MILLI., .METRE. ) );
#1328 = VECTOR ( 'NONE', #146, 1000.000000000000000 ) ;
#1329 = DIRECTION ( 'NONE',  ( -0.0000000000000000000, -0.0000000000000000000, -1.000000000000000000 ) ) ;
#1330 = VECTOR ( 'NONE', #2025, 1000.000000000000000 ) ;
#1331 = EDGE_LOOP ( 'NONE', ( #5352, #5655, #1366, #5929 ) ) ;
#1332 = VECTOR ( 'NONE', #3694, 1000.000000000000000 ) ;
#1333 = ORIENTED_EDGE ( 'NONE', *, *, #4989, .F. ) ;
#1334 = PLANE ( 'NONE',  #3824 ) ;
#1335 = FILL_AREA_STYLE ('',( #33 ) ) ;
#1336 = SURFACE_SIDE_STYLE ('',( #2861 ) ) ;
#1337 = EDGE_LOOP ( 'NONE', ( #227, #2638, #3527, #799 ) ) ;
#1338 = ORIENTED_EDGE ( 'NONE', *, *, #4075, .F. ) ;
#1339 = CARTESIAN_POINT ( 'NONE',  ( 1.490000000000000000, -2.799999999999999400, -5.400000000000000400 ) ) ;
#1340 = VERTEX_POINT ( 'NONE', #1484 ) ;
#1341 = EDGE_CURVE ( 'NONE', #796, #4336, #2309, .T. ) ;
#1342 = CARTESIAN_POINT ( 'NONE',  ( -1.590000000000000300, 11.70000000000000100, -7.839999999999999900 ) ) ;
#1343 = ORIENTED_EDGE ( 'NONE', *, *, #7013, .F. ) ;
#1344 = CARTESIAN_POINT ( 'NONE',  ( -2.540000000000000000, 1.700000000000000000, -8.523421052631579900 ) ) ;
#1345 = SURFACE_STYLE_FILL_AREA ( #6737 ) ;
#1346 = ORIENTED_EDGE ( 'NONE', *, *, #4803, .F. ) ;
#1347 = FACE_OUTER_BOUND ( 'NONE', #6370, .T. ) ;
#1348 = MECHANICAL_DESIGN_GEOMETRIC_PRESENTATION_REPRESENTATION (  '', ( #163 ), #1737 ) ;
#1349 = PRESENTATION_LAYER_ASSIGNMENT (  '', '', ( #567 ) ) ;
#1350 = FACE_OUTER_BOUND ( 'NONE', #2347, .T. ) ;
#1351 = DIRECTION ( 'NONE',  ( -0.0000000000000000000, -0.0000000000000000000, -1.000000000000000000 ) ) ;
#1352 = DIRECTION ( 'NONE',  ( 0.7071067811865473500, 0.0000000000000000000, -0.7071067811865477900 ) ) ;
#1353 = ORIENTED_EDGE ( 'NONE', *, *, #1850, .T. ) ;
#1354 = CARTESIAN_POINT ( 'NONE',  ( 0.0000000000000000000, -2.799999999999999400, -10.16000000000000000 ) ) ;
#1355 = SURFACE_STYLE_USAGE ( .BOTH. , #4797 ) ;
#1356 = DIRECTION ( 'NONE',  ( -0.0000000000000000000, -0.0000000000000000000, -1.000000000000000000 ) ) ;
#1357 = ORIENTED_EDGE ( 'NONE', *, *, #6403, .F. ) ;
#1358 = PLANE ( 'NONE',  #5169 ) ;
#1359 =( LENGTH_UNIT ( ) NAMED_UNIT ( * ) SI_UNIT ( .MILLI., .METRE. ) );
#1360 = EDGE_CURVE ( 'NONE', #2712, #6101, #970, .T. ) ;
#1361 = DIRECTION ( 'NONE',  ( 0.0000000000000000000, -0.0000000000000000000, -1.000000000000000000 ) ) ;
#1362 = VERTEX_POINT ( 'NONE', #4407 ) ;
#1363 = PRESENTATION_LAYER_ASSIGNMENT (  '', '', ( #586 ) ) ;
#1364 = DIRECTION ( 'NONE',  ( -0.0000000000000000000, 1.000000000000000000, 0.0000000000000000000 ) ) ;
#1365 = CARTESIAN_POINT ( 'NONE',  ( 1.490000000000000000, -2.799999999999999400, -12.38000000000000300 ) ) ;
#1366 = ORIENTED_EDGE ( 'NONE', *, *, #3112, .F. ) ;
#1367 = UNCERTAINTY_MEASURE_WITH_UNIT (LENGTH_MEASURE( 1.000000000000000100E-005 ), #5014, 'distance_accuracy_value', 'NONE');
#1368 = EDGE_CURVE ( 'NONE', #1400, #698, #3662, .T. ) ;
#1369 = PRESENTATION_LAYER_ASSIGNMENT (  '', '', ( #594 ) ) ;
#1370 = ORIENTED_EDGE ( 'NONE', *, *, #639, .T. ) ;
#1371 =( NAMED_UNIT ( * ) PLANE_ANGLE_UNIT ( ) SI_UNIT ( $, .RADIAN. ) );
#1372 = SURFACE_STYLE_USAGE ( .BOTH. , #4814 ) ;
#1373 = SURFACE_STYLE_USAGE ( .BOTH. , #4816 ) ;
#1374 =( LENGTH_UNIT ( ) NAMED_UNIT ( * ) SI_UNIT ( .MILLI., .METRE. ) );
#1375 = MECHANICAL_DESIGN_GEOMETRIC_PRESENTATION_REPRESENTATION (  '', ( #195 ), #1769 ) ;
#1376 = EDGE_CURVE ( 'NONE', #5543, #1668, #5189, .T. ) ;
#1377 = FILL_AREA_STYLE_COLOUR ( '', #1267 ) ;
#1378 = CARTESIAN_POINT ( 'NONE',  ( 2.540000000000000900, 1.700000000000000000, 0.8699999999999996600 ) ) ;
#1379 = DIRECTION ( 'NONE',  ( 0.0000000000000000000, 0.0000000000000000000, 1.000000000000000000 ) ) ;
#1380 = ORIENTED_EDGE ( 'NONE', *, *, #74, .T. ) ;
#1381 = MECHANICAL_DESIGN_GEOMETRIC_PRESENTATION_REPRESENTATION (  '', ( #202 ), #1780 ) ;
#1382 =( LENGTH_UNIT ( ) NAMED_UNIT ( * ) SI_UNIT ( .MILLI., .METRE. ) );
#1383 = ORIENTED_EDGE ( 'NONE', *, *, #820, .F. ) ;
#1384 = PRESENTATION_STYLE_ASSIGNMENT (( #1058 ) ) ;
#1385 = LINE ( 'NONE', #3225, #2203 ) ;
#1386 = STYLED_ITEM ( 'NONE', ( #705 ), #5774 ) ;
#1387 = FILL_AREA_STYLE ('',( #4842 ) ) ;
#1388 = SURFACE_SIDE_STYLE ('',( #1830 ) ) ;
#1389 = DIRECTION ( 'NONE',  ( 0.0000000000000000000, 1.000000000000000000, 0.0000000000000000000 ) ) ;
#1391 = LINE ( 'NONE', #84, #2925 ) ;
#1390 = STYLED_ITEM ( 'NONE', ( #7295 ), #6434 ) ;
#1392 = COLOUR_RGB ( '',0.7960784313725489700, 0.8235294117647058400, 0.9372549019607843100 ) ;
#1393 = LINE ( 'NONE', #3087, #2759 ) ;
#1394 = ORIENTED_EDGE ( 'NONE', *, *, #6796, .T. ) ;
#1395 = CARTESIAN_POINT ( 'NONE',  ( -1.490000000000000200, -2.799999999999999400, -9.840000000000001600 ) ) ;
#1396 = LINE ( 'NONE', #7360, #2933 ) ;
#1397 = DIRECTION ( 'NONE',  ( 0.0000000000000000000, 0.0000000000000000000, 1.000000000000000000 ) ) ;
#1398 = FILL_AREA_STYLE_COLOUR ( '', #2767 ) ;
#1399 = STYLED_ITEM ( 'NONE', ( #2066 ), #467 ) ;
#1400 = VERTEX_POINT ( 'NONE', #6674 ) ;
#1401 =( NAMED_UNIT ( * ) PLANE_ANGLE_UNIT ( ) SI_UNIT ( $, .RADIAN. ) );
#1403 = DIRECTION ( 'NONE',  ( 0.7071067811865486800, 0.0000000000000000000, 0.7071067811865464600 ) ) ;
#1402 = PRESENTATION_LAYER_ASSIGNMENT (  '', '', ( #637 ) ) ;
#1404 = SURFACE_STYLE_FILL_AREA ( #2568 ) ;
#1405 = CARTESIAN_POINT ( 'NONE',  ( 1.490000000000000000, -2.799999999999999400, -7.299999999999999800 ) ) ;
#1406 = EDGE_CURVE ( 'NONE', #6778, #6335, #5009, .T. ) ;
#1407 = UNCERTAINTY_MEASURE_WITH_UNIT (LENGTH_MEASURE( 1.000000000000000100E-005 ), #1555, 'distance_accuracy_value', 'NONE');
#1408 =( NAMED_UNIT ( * ) SI_UNIT ( $, .STERADIAN. ) SOLID_ANGLE_UNIT ( ) );
#1409 = FACE_OUTER_BOUND ( 'NONE', #7442, .T. ) ;
#1410 = CARTESIAN_POINT ( 'NONE',  ( 1.050000000000000000, -2.799999999999999400, -7.299999999999999800 ) ) ;
#1411 = FACE_OUTER_BOUND ( 'NONE', #1717, .T. ) ;
#1412 = FACE_OUTER_BOUND ( 'NONE', #5081, .T. ) ;
#1413 = PLANE ( 'NONE',  #3033 ) ;
#1414 = ORIENTED_EDGE ( 'NONE', *, *, #6095, .T. ) ;
#1415 = UNCERTAINTY_MEASURE_WITH_UNIT (LENGTH_MEASURE( 1.000000000000000100E-005 ), #360, 'distance_accuracy_value', 'NONE');
#1416 = DIRECTION ( 'NONE',  ( 0.0000000000000000000, -0.0000000000000000000, 1.000000000000000000 ) ) ;
#1417 =( GEOMETRIC_REPRESENTATION_CONTEXT ( 3 ) GLOBAL_UNCERTAINTY_ASSIGNED_CONTEXT ( ( #2756 ) ) GLOBAL_UNIT_ASSIGNED_CONTEXT ( ( #7216, #3832, #346 ) ) REPRESENTATION_CONTEXT ( 'NONE', 'WORKASPACE' ) );
#1418 = FACE_OUTER_BOUND ( 'NONE', #4866, .T. ) ;
#1419 = CARTESIAN_POINT ( 'NONE',  ( 0.9499999999999999600, -2.799999999999999400, -12.92000000000000200 ) ) ;
#1420 =( NAMED_UNIT ( * ) SI_UNIT ( $, .STERADIAN. ) SOLID_ANGLE_UNIT ( ) );
#1421 = ORIENTED_EDGE ( 'NONE', *, *, #5321, .F. ) ;
#1422 = COLOUR_RGB ( '',0.0000000000000000000, 0.003921568627450980300, 0.09019607843137254800 ) ;
#1423 = SURFACE_STYLE_USAGE ( .BOTH. , #4869 ) ;
#1424 = PLANE ( 'NONE',  #6671 ) ;
#1425 = FACE_OUTER_BOUND ( 'NONE', #1168, .T. ) ;
#1426 = FACE_OUTER_BOUND ( 'NONE', #3616, .T. ) ;
#1427 = DIRECTION ( 'NONE',  ( -1.000000000000000000, 0.0000000000000000000, -0.0000000000000000000 ) ) ;
#1428 = SURFACE_STYLE_FILL_AREA ( #7384 ) ;
#1429 = ORIENTED_EDGE ( 'NONE', *, *, #6577, .F. ) ;
#1430 = SURFACE_STYLE_FILL_AREA ( #1250 ) ;
#1431 = DIRECTION ( 'NONE',  ( -0.7071067811865489100, 0.0000000000000000000, 0.7071067811865462400 ) ) ;
#1432 = PLANE ( 'NONE',  #2927 ) ;
#1434 = FILL_AREA_STYLE_COLOUR ( '', #3700 ) ;
#1433 = VECTOR ( 'NONE', #6117, 1000.000000000000000 ) ;
#1435 =( LENGTH_UNIT ( ) NAMED_UNIT ( * ) SI_UNIT ( .MILLI., .METRE. ) );
#1436 = ORIENTED_EDGE ( 'NONE', *, *, #7319, .T. ) ;
#1437 = STYLED_ITEM ( 'NONE', ( #4514 ), #5451 ) ;
#1438 = ORIENTED_EDGE ( 'NONE', *, *, #2538, .F. ) ;
#1439 = EDGE_CURVE ( 'NONE', #3133, #4655, #588, .T. ) ;
#1440 = CARTESIAN_POINT ( 'NONE',  ( -1.590000000000000300, 11.70000000000000100, -0.2200000000000002500 ) ) ;
#1441 = PLANE ( 'NONE',  #1636 ) ;
#1442 = DIRECTION ( 'NONE',  ( 0.0000000000000000000, 1.000000000000000000, 0.0000000000000000000 ) ) ;
#1443 = EDGE_LOOP ( 'NONE', ( #5445, #63, #5571, #7362 ) ) ;
#1444 = EDGE_CURVE ( 'NONE', #6554, #796, #1943, .T. ) ;
#1445 = VERTEX_POINT ( 'NONE', #996 ) ;
#1446 = SURFACE_STYLE_FILL_AREA ( #2503 ) ;
#1447 = STYLED_ITEM ( 'NONE', ( #575 ), #3356 ) ;
#1448 = AXIS2_PLACEMENT_3D ( 'NONE', #7432, #4037, #574 ) ;
#1449 = ORIENTED_EDGE ( 'NONE', *, *, #745, .T. ) ;
#1450 = EDGE_LOOP ( 'NONE', ( #6450, #4398, #5837, #148, #1076, #1988, #7220, #5182 ) ) ;
#1451 = CARTESIAN_POINT ( 'NONE',  ( -1.490000000000000000, -2.799999999999999400, -0.3200000000000001200 ) ) ;
#1452 = ORIENTED_EDGE ( 'NONE', *, *, #5609, .T. ) ;
#1453 = CARTESIAN_POINT ( 'NONE',  ( -0.9499999999999999600, 11.70000000000000100, -7.839999999999999900 ) ) ;
#1454 = ORIENTED_EDGE ( 'NONE', *, *, #3001, .F. ) ;
#1455 = PLANE ( 'NONE',  #1561 ) ;
#1456 = FILL_AREA_STYLE ('',( #1941 ) ) ;
#1457 = EDGE_CURVE ( 'NONE', #3379, #423, #400, .T. ) ;
#1458 = ADVANCED_FACE ( 'NONE', ( #4818 ), #7274, .T. ) ;
#1459 = PLANE ( 'NONE',  #4160 ) ;
#1460 = VERTEX_POINT ( 'NONE', #2138 ) ;
#1461 =( NAMED_UNIT ( * ) SI_UNIT ( $, .STERADIAN. ) SOLID_ANGLE_UNIT ( ) );
#1462 = VECTOR ( 'NONE', #5761, 999.9999999999998900 ) ;
#1463 = STYLED_ITEM ( 'NONE', ( #7251 ), #6879 ) ;
#1464 = ORIENTED_EDGE ( 'NONE', *, *, #3230, .F. ) ;
#1465 = DIRECTION ( 'NONE',  ( 0.7071067811865487900, 0.0000000000000000000, -0.7071067811865463500 ) ) ;
#1466 = DIRECTION ( 'NONE',  ( -0.7071067811865464600, 0.0000000000000000000, 0.7071067811865486800 ) ) ;
#1467 = PLANE ( 'NONE',  #6425 ) ;
#1468 =( NAMED_UNIT ( * ) SI_UNIT ( $, .STERADIAN. ) SOLID_ANGLE_UNIT ( ) );
#1469 = CARTESIAN_POINT ( 'NONE',  ( 2.020000000000001400, 0.2999999999999999900, 1.270000000000000000 ) ) ;
#1470 = EDGE_CURVE ( 'NONE', #982, #1925, #2761, .T. ) ;
#1471 = MANIFOLD_SOLID_BREP ( 'LPattern3[5]', #452 ) ;
#1472 = CARTESIAN_POINT ( 'NONE',  ( -2.539999999999999600, 1.700000000000000000, -11.86342105263158000 ) ) ;
#1473 = SURFACE_STYLE_USAGE ( .BOTH. , #4915 ) ;
#1474 = EDGE_CURVE ( 'NONE', #5204, #2370, #6578, .T. ) ;
#1475 = VERTEX_POINT ( 'NONE', #7016 ) ;
#1476 = CARTESIAN_POINT ( 'NONE',  ( 1.050000000000000000, -2.799999999999999400, -7.940000000000001300 ) ) ;
#1477 = CARTESIAN_POINT ( 'NONE',  ( 2.140000000000000100, 1.700000000000000000, -8.890000000000000600 ) ) ;
#1478 = CARTESIAN_POINT ( 'NONE',  ( -1.490000000000000000, -2.799999999999999400, -10.48000000000000200 ) ) ;
#1479 = ORIENTED_EDGE ( 'NONE', *, *, #4446, .F. ) ;
#1480 = ORIENTED_EDGE ( 'NONE', *, *, #560, .F. ) ;
#1481 = FACE_OUTER_BOUND ( 'NONE', #3162, .T. ) ;
#1482 = LINE ( 'NONE', #5045, #1298 ) ;
#1483 =( NAMED_UNIT ( * ) PLANE_ANGLE_UNIT ( ) SI_UNIT ( $, .RADIAN. ) );
#1484 = CARTESIAN_POINT ( 'NONE',  ( 0.9499999999999999600, -2.799999999999999400, -2.319999999999999800 ) ) ;
#1485 = EDGE_CURVE ( 'NONE', #506, #889, #7108, .T. ) ;
#1486 = ORIENTED_EDGE ( 'NONE', *, *, #694, .T. ) ;
#1487 = CARTESIAN_POINT ( 'NONE',  ( 0.9499999999999999600, 11.70000000000000100, -10.38000000000000100 ) ) ;
#1488 = DIRECTION ( 'NONE',  ( 0.7071067811865474600, 0.0000000000000000000, 0.7071067811865474600 ) ) ;
#1489 = VECTOR ( 'NONE', #805, 1000.000000000000000 ) ;
#1490 = SURFACE_SIDE_STYLE ('',( #6490 ) ) ;
#1491 = DIRECTION ( 'NONE',  ( -1.000000000000000000, 0.0000000000000000000, 0.0000000000000000000 ) ) ;
#1492 = CARTESIAN_POINT ( 'NONE',  ( -1.050000000000000000, 11.70000000000000100, 0.3199999999999999000 ) ) ;
#1493 = PRESENTATION_LAYER_ASSIGNMENT (  '', '', ( #718 ) ) ;
#1494 = AXIS2_PLACEMENT_3D ( 'NONE', #2987, #6964, #3577 ) ;
#1495 = LINE ( 'NONE', #4830, #7380 ) ;
#1496 = LINE ( 'NONE', #4907, #3013 ) ;
#1497 = MECHANICAL_DESIGN_GEOMETRIC_PRESENTATION_REPRESENTATION (  '', ( #312 ), #1876 ) ;
#1498 = ADVANCED_FACE ( 'NONE', ( #3567 ), #5463, .F. ) ;
#1499 = VECTOR ( 'NONE', #1351, 1000.000000000000000 ) ;
#1500 = LINE ( 'NONE', #5218, #4563 ) ;
#1501 = FILL_AREA_STYLE ('',( #928 ) ) ;
#1502 = ORIENTED_EDGE ( 'NONE', *, *, #1376, .F. ) ;
#1503 = EDGE_LOOP ( 'NONE', ( #1095, #4926, #1218, #4810 ) ) ;
#1504 = VECTOR ( 'NONE', #7168, 1000.000000000000000 ) ;
#1505 = FILL_AREA_STYLE_COLOUR ( '', #1302 ) ;
#1506 = DIRECTION ( 'NONE',  ( 0.7071067811865486800, 0.0000000000000000000, 0.7071067811865464600 ) ) ;
#1507 = FILL_AREA_STYLE ('',( #318 ) ) ;
#1508 = SURFACE_SIDE_STYLE ('',( #1979 ) ) ;
#1509 = LINE ( 'NONE', #5292, #7393 ) ;
#1510 = ORIENTED_EDGE ( 'NONE', *, *, #4045, .F. ) ;
#1511 = LINE ( 'NONE', #3845, #5893 ) ;
#1512 = UNCERTAINTY_MEASURE_WITH_UNIT (LENGTH_MEASURE( 1.000000000000000100E-005 ), #4854, 'distance_accuracy_value', 'NONE');
#1513 = CARTESIAN_POINT ( 'NONE',  ( -1.490000000000000000, 11.70000000000000100, -0.3200000000000001200 ) ) ;
#1514 = LINE ( 'NONE', #1944, #5727 ) ;
#1515 = CARTESIAN_POINT ( 'NONE',  ( 1.590000000000000100, -2.799999999999999400, -10.38000000000000100 ) ) ;
#1516 = AXIS2_PLACEMENT_3D ( 'NONE', #2000, #6007, #2587 ) ;
#1517 = FILL_AREA_STYLE ('',( #330 ) ) ;
#1518 = ORIENTED_EDGE ( 'NONE', *, *, #1368, .F. ) ;
#1519 = VECTOR ( 'NONE', #3344, 1000.000000000000100 ) ;
#1520 = DIRECTION ( 'NONE',  ( 0.0000000000000000000, 0.0000000000000000000, 1.000000000000000000 ) ) ;
#1521 = SURFACE_STYLE_USAGE ( .BOTH. , #4965 ) ;
#1522 =( NAMED_UNIT ( * ) SI_UNIT ( $, .STERADIAN. ) SOLID_ANGLE_UNIT ( ) );
#1523 = ORIENTED_EDGE ( 'NONE', *, *, #2382, .F. ) ;
#1524 = VECTOR ( 'NONE', #5815, 1000.000000000000000 ) ;
#1525 = PRESENTATION_STYLE_ASSIGNMENT (( #3209 ) ) ;
#1526 = VECTOR ( 'NONE', #7460, 1000.000000000000000 ) ;
#1527 = AXIS2_PLACEMENT_3D ( 'NONE', #7437, #4041, #579 ) ;
#1528 = ORIENTED_EDGE ( 'NONE', *, *, #4782, .T. ) ;
#1529 = FACE_OUTER_BOUND ( 'NONE', #2894, .T. ) ;
#1530 = DIRECTION ( 'NONE',  ( -0.0000000000000000000, -0.0000000000000000000, -1.000000000000000000 ) ) ;
#1531 =( NAMED_UNIT ( * ) PLANE_ANGLE_UNIT ( ) SI_UNIT ( $, .RADIAN. ) );
#1532 = CARTESIAN_POINT ( 'NONE',  ( -0.9499999999999999600, 11.70000000000000100, -5.299999999999999800 ) ) ;
#1533 = DIRECTION ( 'NONE',  ( 0.7071067811865477900, 0.0000000000000000000, -0.7071067811865473500 ) ) ;
#1534 = CARTESIAN_POINT ( 'NONE',  ( 2.140000000000001500, 1.700000000000000000, -6.349999999999999600 ) ) ;
#1535 = DIRECTION ( 'NONE',  ( -0.0000000000000000000, -1.000000000000000000, -0.0000000000000000000 ) ) ;
#1536 = DIRECTION ( 'NONE',  ( 0.7071067811865470200, 0.0000000000000000000, -0.7071067811865481300 ) ) ;
#1537 = ORIENTED_EDGE ( 'NONE', *, *, #3116, .F. ) ;
#1538 = PRESENTATION_LAYER_ASSIGNMENT (  '', '', ( #744 ) ) ;
#1539 = EDGE_CURVE ( 'NONE', #6369, #5146, #1496, .T. ) ;
#1540 = EDGE_LOOP ( 'NONE', ( #3682, #5840, #6945, #478, #6744, #1421, #1829, #3998 ) ) ;
#1541 = VECTOR ( 'NONE', #4899, 1000.000000000000000 ) ;
#1542 = ADVANCED_FACE ( 'NONE', ( #2842 ), #1441, .T. ) ;
#1543 = DIRECTION ( 'NONE',  ( -1.000000000000000000, 0.0000000000000000000, 0.0000000000000000000 ) ) ;
#1544 = ORIENTED_EDGE ( 'NONE', *, *, #5961, .F. ) ;
#1545 = ORIENTED_EDGE ( 'NONE', *, *, #5080, .F. ) ;
#1546 = CARTESIAN_POINT ( 'NONE',  ( 0.9499999999999999600, -2.799999999999999400, -4.860000000000000300 ) ) ;
#1547 = CARTESIAN_POINT ( 'NONE',  ( 1.050000000000000000, -2.799999999999999400, -0.3200000000000001200 ) ) ;
#1548 = FILL_AREA_STYLE ('',( #974 ) ) ;
#1549 = EDGE_CURVE ( 'NONE', #717, #3345, #3118, .T. ) ;
#1550 = ORIENTED_EDGE ( 'NONE', *, *, #5961, .T. ) ;
#1551 = SURFACE_STYLE_USAGE ( .BOTH. , #4993 ) ;
#1552 = PLANE ( 'NONE',  #1118 ) ;
#1553 = ORIENTED_EDGE ( 'NONE', *, *, #5329, .T. ) ;
#1554 = DIRECTION ( 'NONE',  ( 0.7348718659067219300, 0.0000000000000000000, -0.6782059721786390900 ) ) ;
#1555 =( LENGTH_UNIT ( ) NAMED_UNIT ( * ) SI_UNIT ( .MILLI., .METRE. ) );
#1556 = FILL_AREA_STYLE_COLOUR ( '', #398 ) ;
#1557 = UNCERTAINTY_MEASURE_WITH_UNIT (LENGTH_MEASURE( 1.000000000000000100E-005 ), #7048, 'distance_accuracy_value', 'NONE');
#1558 = CARTESIAN_POINT ( 'NONE',  ( 0.9499999999999999600, -2.799999999999999400, -7.839999999999999900 ) ) ;
#1559 = ORIENTED_EDGE ( 'NONE', *, *, #5541, .T. ) ;
#1560 = ORIENTED_EDGE ( 'NONE', *, *, #5656, .T. ) ;
#1561 = AXIS2_PLACEMENT_3D ( 'NONE', #1477, #5502, #2056 ) ;
#1562 = EDGE_CURVE ( 'NONE', #6542, #6383, #23, .T. ) ;
#1563 = CARTESIAN_POINT ( 'NONE',  ( -2.140000000000000600, 1.700000000000000000, -6.350000000000000500 ) ) ;
#1564 = EDGE_LOOP ( 'NONE', ( #216, #3002, #2731, #3686, #3369, #6644, #5745, #5036 ) ) ;
#1565 = CARTESIAN_POINT ( 'NONE',  ( -1.590000000000000300, -2.799999999999999400, -12.92000000000000200 ) ) ;
#1566 = VECTOR ( 'NONE', #3811, 1000.000000000000000 ) ;
#1567 = AXIS2_PLACEMENT_3D ( 'NONE', #4690, #1252, #5275 ) ;
#1568 = DIRECTION ( 'NONE',  ( 0.0000000000000000000, 1.000000000000000000, 0.0000000000000000000 ) ) ;
#1569 = CARTESIAN_POINT ( 'NONE',  ( 1.050000000000000000, -2.799999999999999400, -5.400000000000000400 ) ) ;
#1570 =( NAMED_UNIT ( * ) PLANE_ANGLE_UNIT ( ) SI_UNIT ( $, .RADIAN. ) );
#1571 = COLOUR_RGB ( '',0.02745098039215686200, 0.003921568627450980300, 0.0000000000000000000 ) ;
#1572 = VECTOR ( 'NONE', #6350, 1000.000000000000000 ) ;
#1573 = ADVANCED_FACE ( 'NONE', ( #1411 ), #3820, .T. ) ;
#1574 = PRESENTATION_STYLE_ASSIGNMENT (( #3412 ) ) ;
#1575 = CARTESIAN_POINT ( 'NONE',  ( 2.540000000000000900, 0.0000000000000000000, -6.750000000000000900 ) ) ;
#1576 = DIRECTION ( 'NONE',  ( -0.0000000000000000000, -1.000000000000000000, -0.0000000000000000000 ) ) ;
#1577 = CARTESIAN_POINT ( 'NONE',  ( -2.540000000000000000, 1.700000000000000000, -5.983421052631579900 ) ) ;
#1578 = CARTESIAN_POINT ( 'NONE',  ( 1.050000000000000000, -2.799999999999999400, -4.760000000000000700 ) ) ;
#1579 = PRESENTATION_LAYER_ASSIGNMENT (  '', '', ( #793 ) ) ;
#1580 = VERTEX_POINT ( 'NONE', #3229 ) ;
#1581 = ORIENTED_EDGE ( 'NONE', *, *, #7206, .F. ) ;
#1582 = CARTESIAN_POINT ( 'NONE',  ( 1.050000000000000000, 11.70000000000000100, 0.3199999999999999000 ) ) ;
#1583 = PLANE ( 'NONE',  #7156 ) ;
#1584 = SURFACE_STYLE_FILL_AREA ( #5490 ) ;
#1585 = ORIENTED_EDGE ( 'NONE', *, *, #5926, .F. ) ;
#1586 = ORIENTED_EDGE ( 'NONE', *, *, #6201, .T. ) ;
#1587 = CARTESIAN_POINT ( 'NONE',  ( -1.050000000000000000, -2.799999999999999400, -9.840000000000001600 ) ) ;
#1588 = EDGE_CURVE ( 'NONE', #806, #4974, #2409, .T. ) ;
#1589 = VECTOR ( 'NONE', #4939, 1000.000000000000100 ) ;
#1590 =( GEOMETRIC_REPRESENTATION_CONTEXT ( 3 ) GLOBAL_UNCERTAINTY_ASSIGNED_CONTEXT ( ( #1109 ) ) GLOBAL_UNIT_ASSIGNED_CONTEXT ( ( #5231, #1785, #5789 ) ) REPRESENTATION_CONTEXT ( 'NONE', 'WORKASPACE' ) );
#1591 = CARTESIAN_POINT ( 'NONE',  ( -1.490000000000000000, 11.70000000000000100, -2.860000000000000300 ) ) ;
#1592 = CARTESIAN_POINT ( 'NONE',  ( 1.590000000000000100, 11.70000000000000100, -4.860000000000000300 ) ) ;
#1593 = FILL_AREA_STYLE_COLOUR ( '', #3108 ) ;
#1594 =( GEOMETRIC_REPRESENTATION_CONTEXT ( 3 ) GLOBAL_UNCERTAINTY_ASSIGNED_CONTEXT ( ( #6050 ) ) GLOBAL_UNIT_ASSIGNED_CONTEXT ( ( #3365, #7336, #3945 ) ) REPRESENTATION_CONTEXT ( 'NONE', 'WORKASPACE' ) );
#1595 = VERTEX_POINT ( 'NONE', #4988 ) ;
#1596 = PRESENTATION_STYLE_ASSIGNMENT (( #7300 ) ) ;
#1597 = FILL_AREA_STYLE_COLOUR ( '', #7008 ) ;
#1598 =( NAMED_UNIT ( * ) PLANE_ANGLE_UNIT ( ) SI_UNIT ( $, .RADIAN. ) );
#1599 = DIRECTION ( 'NONE',  ( -0.7071067811865481300, 0.0000000000000000000, -0.7071067811865470200 ) ) ;
#1600 = SURFACE_STYLE_FILL_AREA ( #7247 ) ;
#1601 = SURFACE_STYLE_FILL_AREA ( #947 ) ;
#1602 = EDGE_CURVE ( 'NONE', #4114, #1948, #5285, .T. ) ;
#1603 = VECTOR ( 'NONE', #5441, 1000.000000000000000 ) ;
#1604 = CARTESIAN_POINT ( 'NONE',  ( 2.020000000000001400, 0.0000000000000000000, -13.97000000000000100 ) ) ;
#1605 = ORIENTED_EDGE ( 'NONE', *, *, #4929, .T. ) ;
#1606 = SURFACE_STYLE_FILL_AREA ( #3144 ) ;
#1607 = DIRECTION ( 'NONE',  ( 0.7071067811865474600, 0.0000000000000000000, 0.7071067811865474600 ) ) ;
#1608 = CARTESIAN_POINT ( 'NONE',  ( -1.590000000000000300, -2.799999999999999400, -7.400000000000000400 ) ) ;
#1609 = CARTESIAN_POINT ( 'NONE',  ( 1.490000000000000000, -2.799999999999999400, 0.3199999999999999000 ) ) ;
#1610 = UNCERTAINTY_MEASURE_WITH_UNIT (LENGTH_MEASURE( 1.000000000000000100E-005 ), #706, 'distance_accuracy_value', 'NONE');
#1611 = MECHANICAL_DESIGN_GEOMETRIC_PRESENTATION_REPRESENTATION (  '', ( #436 ), #1989 ) ;
#1612 = ADVANCED_FACE ( 'NONE', ( #6768 ), #6679, .T. ) ;
#1613 = ORIENTED_EDGE ( 'NONE', *, *, #291, .F. ) ;
#1614 =( NAMED_UNIT ( * ) SI_UNIT ( $, .STERADIAN. ) SOLID_ANGLE_UNIT ( ) );
#1615 = EDGE_CURVE ( 'NONE', #2712, #2794, #3215, .T. ) ;
#1616 = VERTEX_POINT ( 'NONE', #3309 ) ;
#1618 =( GEOMETRIC_REPRESENTATION_CONTEXT ( 3 ) GLOBAL_UNCERTAINTY_ASSIGNED_CONTEXT ( ( #762 ) ) GLOBAL_UNIT_ASSIGNED_CONTEXT ( ( #1703, #5708, #2277 ) ) REPRESENTATION_CONTEXT ( 'NONE', 'WORKASPACE' ) );
#1617 = PRESENTATION_STYLE_ASSIGNMENT (( #2889 ) ) ;
#1619 = EDGE_LOOP ( 'NONE', ( #1978, #3184, #3437, #2766, #5474, #1265, #4652, #1486 ) ) ;
#1620 = EDGE_LOOP ( 'NONE', ( #5528, #1211, #5903, #82 ) ) ;
#1621 = FILL_AREA_STYLE_COLOUR ( '', #104 ) ;
#1622 = VECTOR ( 'NONE', #3898, 1000.000000000000000 ) ;
#1623 = CARTESIAN_POINT ( 'NONE',  ( -1.050000000000000000, 11.70000000000000100, -13.02000000000000100 ) ) ;
#1624 = DIRECTION ( 'NONE',  ( 1.000000000000000000, 0.0000000000000000000, 0.0000000000000000000 ) ) ;
#1625 = EDGE_CURVE ( 'NONE', #2487, #1362, #6075, .T. ) ;
#1626 = STYLED_ITEM ( 'NONE', ( #7038 ), #4359 ) ;
#1627 = LINE ( 'NONE', #2111, #4671 ) ;
#1628 = DIRECTION ( 'NONE',  ( -0.0000000000000000000, -0.0000000000000000000, -1.000000000000000000 ) ) ;
#1629 = SURFACE_STYLE_USAGE ( .BOTH. , #5071 ) ;
#1630 = ORIENTED_EDGE ( 'NONE', *, *, #7225, .F. ) ;
#1631 =( NAMED_UNIT ( * ) PLANE_ANGLE_UNIT ( ) SI_UNIT ( $, .RADIAN. ) );
#1632 = CARTESIAN_POINT ( 'NONE',  ( 0.0000000000000000000, 11.70000000000000100, -5.080000000000000100 ) ) ;
#1633 = EDGE_LOOP ( 'NONE', ( #4581, #1438, #538, #1338, #3526, #1325, #754, #3092 ) ) ;
#1634 = DIRECTION ( 'NONE',  ( 0.0000000000000000000, 0.0000000000000000000, -1.000000000000000000 ) ) ;
#1635 = DIRECTION ( 'NONE',  ( -1.000000000000000000, 0.0000000000000000000, 0.0000000000000000000 ) ) ;
#1636 = AXIS2_PLACEMENT_3D ( 'NONE', #4940, #1491, #5515 ) ;
#1637 = LINE ( 'NONE', #5900, #3352 ) ;
#1638 = ORIENTED_EDGE ( 'NONE', *, *, #4661, .T. ) ;
#1639 = VERTEX_POINT ( 'NONE', #5040 ) ;
#1640 = ORIENTED_EDGE ( 'NONE', *, *, #2574, .F. ) ;
#1641 = LINE ( 'NONE', #3984, #4687 ) ;
#1642 = STYLED_ITEM ( 'NONE', ( #5101 ), #1794 ) ;
#1643 = PRESENTATION_LAYER_ASSIGNMENT (  '', '', ( #863 ) ) ;
#1644 = CARTESIAN_POINT ( 'NONE',  ( -1.590000000000000300, 11.70000000000000100, -12.92000000000000200 ) ) ;
#1645 = ADVANCED_FACE ( 'NONE', ( #3028 ), #1027, .F. ) ;
#1646 = UNCERTAINTY_MEASURE_WITH_UNIT (LENGTH_MEASURE( 1.000000000000000100E-005 ), #5205, 'distance_accuracy_value', 'NONE');
#1647 = DIRECTION ( 'NONE',  ( -0.7071067811865489100, 0.0000000000000000000, 0.7071067811865462400 ) ) ;
#1648 = FILL_AREA_STYLE ('',( #477 ) ) ;
#1649 = PRESENTATION_LAYER_ASSIGNMENT (  '', '', ( #872 ) ) ;
#1650 = COLOUR_RGB ( '',0.0000000000000000000, 0.003921568627450980300, 0.09019607843137254800 ) ;
#1651 = FILL_AREA_STYLE_COLOUR ( '', #665 ) ;
#1652 = VECTOR ( 'NONE', #174, 1000.000000000000000 ) ;
#1653 = UNCERTAINTY_MEASURE_WITH_UNIT (LENGTH_MEASURE( 1.000000000000000100E-005 ), #3839, 'distance_accuracy_value', 'NONE');
#1654 = FILL_AREA_STYLE_COLOUR ( '', #3273 ) ;
#1655 = DIRECTION ( 'NONE',  ( 0.0000000000000000000, 0.0000000000000000000, 1.000000000000000000 ) ) ;
#1656 = STYLED_ITEM ( 'NONE', ( #1249 ), #617 ) ;
#1657 =( GEOMETRIC_REPRESENTATION_CONTEXT ( 3 ) GLOBAL_UNCERTAINTY_ASSIGNED_CONTEXT ( ( #6636 ) ) GLOBAL_UNIT_ASSIGNED_CONTEXT ( ( #7438, #4042, #580 ) ) REPRESENTATION_CONTEXT ( 'NONE', 'WORKASPACE' ) );
#1658 = LINE ( 'NONE', #3478, #3177 ) ;
#1659 = CARTESIAN_POINT ( 'NONE',  ( -1.490000000000000200, -2.799999999999999400, -12.38000000000000300 ) ) ;
#1660 = VERTEX_POINT ( 'NONE', #1592 ) ;
#1661 = VERTEX_POINT ( 'NONE', #5063 ) ;
#1662 = COLOUR_RGB ( '',0.7960784313725489700, 0.8235294117647058400, 0.9372549019607843100 ) ;
#1663 = STYLED_ITEM ( 'NONE', ( #1905 ), #3922 ) ;
#1664 = SURFACE_STYLE_FILL_AREA ( #3448 ) ;
#1665 = CARTESIAN_POINT ( 'NONE',  ( -1.590000000000000300, -2.799999999999999400, -5.300000000000000700 ) ) ;
#1666 = DIRECTION ( 'NONE',  ( 0.0000000000000000000, 0.0000000000000000000, 1.000000000000000000 ) ) ;
#1667 = CARTESIAN_POINT ( 'NONE',  ( 2.540000000000000900, 0.0000000000000000000, -8.490000000000000200 ) ) ;
#1668 = VERTEX_POINT ( 'NONE', #1623 ) ;
#1669 = SURFACE_STYLE_USAGE ( .BOTH. , #5121 ) ;
#1670 = SURFACE_STYLE_FILL_AREA ( #4237 ) ;
#1671 = AXIS2_PLACEMENT_3D ( 'NONE', #2319, #6307, #2897 ) ;
#1672 = VECTOR ( 'NONE', #7299, 1000.000000000000000 ) ;
#1673 = EDGE_CURVE ( 'NONE', #7190, #1660, #5551, .T. ) ;
#1674 = FACE_OUTER_BOUND ( 'NONE', #1443, .T. ) ;
#1675 = ORIENTED_EDGE ( 'NONE', *, *, #3937, .T. ) ;
#1676 = CARTESIAN_POINT ( 'NONE',  ( -0.9499999999999999600, -2.799999999999999400, -9.940000000000001300 ) ) ;
#1677 = CARTESIAN_POINT ( 'NONE',  ( -2.540000000000000000, 1.700000000000000000, -0.9034210526315790100 ) ) ;
#1678 = VECTOR ( 'NONE', #5780, 1000.000000000000000 ) ;
#1679 = EDGE_LOOP ( 'NONE', ( #3417, #4773, #2411, #1307 ) ) ;
#1680 = VECTOR ( 'NONE', #3189, 1000.000000000000000 ) ;
#1681 = ADVANCED_FACE ( 'NONE', ( #4030 ), #3361, .F. ) ;
#1682 =( GEOMETRIC_REPRESENTATION_CONTEXT ( 3 ) GLOBAL_UNCERTAINTY_ASSIGNED_CONTEXT ( ( #5012 ) ) GLOBAL_UNIT_ASSIGNED_CONTEXT ( ( #6590, #3180, #7165 ) ) REPRESENTATION_CONTEXT ( 'NONE', 'WORKASPACE' ) );
#1683 = DIRECTION ( 'NONE',  ( 0.0000000000000000000, 1.000000000000000000, 0.0000000000000000000 ) ) ;
#1684 = SURFACE_STYLE_FILL_AREA ( #6736 ) ;
#1685 = EDGE_CURVE ( 'NONE', #7302, #1293, #6333, .T. ) ;
#1686 = SURFACE_STYLE_FILL_AREA ( #5614 ) ;
#1687 = VECTOR ( 'NONE', #70, 1000.000000000000000 ) ;
#1688 = AXIS2_PLACEMENT_3D ( 'NONE', #1451, #5478, #2021 ) ;
#1689 = VERTEX_POINT ( 'NONE', #6774 ) ;
#1690 = CARTESIAN_POINT ( 'NONE',  ( -1.590000000000000300, -2.799999999999999400, -0.2200000000000002500 ) ) ;
#1691 = CARTESIAN_POINT ( 'NONE',  ( -2.539999999999999600, 1.700000000000000000, 0.8365789473684214200 ) ) ;
#1692 =( NAMED_UNIT ( * ) SI_UNIT ( $, .STERADIAN. ) SOLID_ANGLE_UNIT ( ) );
#1693 = PRESENTATION_LAYER_ASSIGNMENT (  '', '', ( #926 ) ) ;
#1694 = MECHANICAL_DESIGN_GEOMETRIC_PRESENTATION_REPRESENTATION (  '', ( #526 ), #2083 ) ;
#1695 = EDGE_LOOP ( 'NONE', ( #4044, #3376, #2817, #3249 ) ) ;
#1696 = VECTOR ( 'NONE', #5597, 1000.000000000000000 ) ;
#1697 = DIRECTION ( 'NONE',  ( -0.7071067811865489100, 0.0000000000000000000, 0.7071067811865462400 ) ) ;
#1698 = UNCERTAINTY_MEASURE_WITH_UNIT (LENGTH_MEASURE( 1.000000000000000100E-005 ), #1909, 'distance_accuracy_value', 'NONE');
#1699 = SURFACE_STYLE_FILL_AREA ( #2983 ) ;
#1700 =( GEOMETRIC_REPRESENTATION_CONTEXT ( 3 ) GLOBAL_UNCERTAINTY_ASSIGNED_CONTEXT ( ( #1698 ) ) GLOBAL_UNIT_ASSIGNED_CONTEXT ( ( #1909, #1888, #1858 ) ) REPRESENTATION_CONTEXT ( 'NONE', 'WORKASPACE' ) );
#1701 = VERTEX_POINT ( 'NONE', #3382 ) ;
#1702 = VECTOR ( 'NONE', #4666, 1000.000000000000000 ) ;
#1703 =( LENGTH_UNIT ( ) NAMED_UNIT ( * ) SI_UNIT ( .MILLI., .METRE. ) );
#1704 = ORIENTED_EDGE ( 'NONE', *, *, #7046, .T. ) ;
#1705 = ORIENTED_EDGE ( 'NONE', *, *, #6137, .F. ) ;
#1706 = LINE ( 'NONE', #6887, #1526 ) ;
#1707 = SURFACE_STYLE_USAGE ( .BOTH. , #5151 ) ;
#1708 =( LENGTH_UNIT ( ) NAMED_UNIT ( * ) SI_UNIT ( .MILLI., .METRE. ) );
#1709 = VERTEX_POINT ( 'NONE', #2774 ) ;
#1710 = EDGE_CURVE ( 'NONE', #2171, #1197, #3311, .T. ) ;
#1711 = PRESENTATION_LAYER_ASSIGNMENT (  '', '', ( #941 ) ) ;
#1712 = SURFACE_STYLE_FILL_AREA ( #7318 ) ;
#1713 = VECTOR ( 'NONE', #7007, 999.9999999999998900 ) ;
#1714 = CARTESIAN_POINT ( 'NONE',  ( 0.0000000000000000000, 11.70000000000000100, -2.540000000000000000 ) ) ;
#1715 = ORIENTED_EDGE ( 'NONE', *, *, #351, .T. ) ;
#1716 =( NAMED_UNIT ( * ) SI_UNIT ( $, .STERADIAN. ) SOLID_ANGLE_UNIT ( ) );
#1717 = EDGE_LOOP ( 'NONE', ( #3127, #7125, #4557, #2463 ) ) ;
#1718 = FILL_AREA_STYLE_COLOUR ( '', #3982 ) ;
#1719 =( LENGTH_UNIT ( ) NAMED_UNIT ( * ) SI_UNIT ( .MILLI., .METRE. ) );
#1720 = CARTESIAN_POINT ( 'NONE',  ( -1.490000000000000200, -2.799999999999999400, -7.299999999999999800 ) ) ;
#1721 = ORIENTED_EDGE ( 'NONE', *, *, #1068, .F. ) ;
#1722 = ORIENTED_EDGE ( 'NONE', *, *, #6447, .T. ) ;
#1723 = ADVANCED_FACE ( 'NONE', ( #208 ), #1099, .T. ) ;
#1724 = SURFACE_SIDE_STYLE ('',( #3923 ) ) ;
#1725 = ORIENTED_EDGE ( 'NONE', *, *, #2092, .T. ) ;
#1726 = PRESENTATION_STYLE_ASSIGNMENT (( #4646 ) ) ;
#1727 = CARTESIAN_POINT ( 'NONE',  ( 2.140000000000000100, 1.700000000000000000, -6.350000000000000500 ) ) ;
#1728 = FILL_AREA_STYLE ('',( #1156 ) ) ;
#1729 = CARTESIAN_POINT ( 'NONE',  ( -2.140000000000000600, 0.0000000000000000000, -13.97000000000000100 ) ) ;
#1730 = FILL_AREA_STYLE ('',( #6834 ) ) ;
#1731 = EDGE_CURVE ( 'NONE', #5553, #27, #1232, .T. ) ;
#1732 = ORIENTED_EDGE ( 'NONE', *, *, #5945, .T. ) ;
#1733 = PLANE ( 'NONE',  #4413 ) ;
#1734 = CARTESIAN_POINT ( 'NONE',  ( 1.490000000000000000, 11.70000000000000100, -4.760000000000000700 ) ) ;
#1735 = ORIENTED_EDGE ( 'NONE', *, *, #2828, .F. ) ;
#1736 =( LENGTH_UNIT ( ) NAMED_UNIT ( * ) SI_UNIT ( .MILLI., .METRE. ) );
#1737 =( GEOMETRIC_REPRESENTATION_CONTEXT ( 3 ) GLOBAL_UNCERTAINTY_ASSIGNED_CONTEXT ( ( #1743 ) ) GLOBAL_UNIT_ASSIGNED_CONTEXT ( ( #6827, #3441, #7406 ) ) REPRESENTATION_CONTEXT ( 'NONE', 'WORKASPACE' ) );
#1738 = MECHANICAL_DESIGN_GEOMETRIC_PRESENTATION_REPRESENTATION (  '', ( #567 ), #2120 ) ;
#1739 = FACE_OUTER_BOUND ( 'NONE', #6195, .T. ) ;
#1740 = VECTOR ( 'NONE', #7117, 1000.000000000000000 ) ;
#1741 = ORIENTED_EDGE ( 'NONE', *, *, #6860, .T. ) ;
#1742 = DIRECTION ( 'NONE',  ( 1.000000000000000000, 0.0000000000000000000, 1.232047923278982200E-016 ) ) ;
#1743 = UNCERTAINTY_MEASURE_WITH_UNIT (LENGTH_MEASURE( 1.000000000000000100E-005 ), #6827, 'distance_accuracy_value', 'NONE');
#1744 = VECTOR ( 'NONE', #6619, 1000.000000000000000 ) ;
#1745 = SURFACE_STYLE_FILL_AREA ( #677 ) ;
#1746 = SURFACE_SIDE_STYLE ('',( #5100 ) ) ;
#1747 = EDGE_LOOP ( 'NONE', ( #6650, #7326, #3981, #6513 ) ) ;
#1748 = ORIENTED_EDGE ( 'NONE', *, *, #3913, .F. ) ;
#1749 = VERTEX_POINT ( 'NONE', #5700 ) ;
#1750 =( NAMED_UNIT ( * ) PLANE_ANGLE_UNIT ( ) SI_UNIT ( $, .RADIAN. ) );
#1751 = LINE ( 'NONE', #7456, #3084 ) ;
#1752 = CARTESIAN_POINT ( 'NONE',  ( 0.9499999999999999600, 11.70000000000000100, -4.860000000000000300 ) ) ;
#1753 = LINE ( 'NONE', #640, #1572 ) ;
#1754 = DIRECTION ( 'NONE',  ( -0.7071067811865469100, 0.0000000000000000000, 0.7071067811865482400 ) ) ;
#1755 = CARTESIAN_POINT ( 'NONE',  ( -2.540000000000000000, 0.0000000000000000000, -0.9034210526315790100 ) ) ;
#1756 = EDGE_CURVE ( 'NONE', #6689, #2684, #4110, .T. ) ;
#1757 = ORIENTED_EDGE ( 'NONE', *, *, #5341, .T. ) ;
#1758 = MECHANICAL_DESIGN_GEOMETRIC_PRESENTATION_REPRESENTATION (  '', ( #586 ), #2144 ) ;
#1759 = ADVANCED_FACE ( 'NONE', ( #2763 ), #2844, .T. ) ;
#1760 = CARTESIAN_POINT ( 'NONE',  ( -1.490000000000000200, 11.70000000000000100, -2.220000000000000200 ) ) ;
#1761 =( NAMED_UNIT ( * ) PLANE_ANGLE_UNIT ( ) SI_UNIT ( $, .RADIAN. ) );
#1762 = EDGE_CURVE ( 'NONE', #7427, #2529, #497, .T. ) ;
#1763 = MECHANICAL_DESIGN_GEOMETRIC_PRESENTATION_REPRESENTATION (  '', ( #594 ), #2151 ) ;
#1764 = DIRECTION ( 'NONE',  ( -2.492418787322998300E-016, 0.0000000000000000000, -1.000000000000000000 ) ) ;
#1765 = COLOUR_RGB ( '',0.0000000000000000000, 0.003921568627450980300, 0.09019607843137254800 ) ;
#1766 = COLOUR_RGB ( '',0.7960784313725489700, 0.8235294117647058400, 0.9372549019607843100 ) ;
#1767 = SURFACE_STYLE_USAGE ( .BOTH. , #5217 ) ;
#1768 = DIRECTION ( 'NONE',  ( 0.6782059721786389800, 0.0000000000000000000, 0.7348718659067220400 ) ) ;
#1769 =( GEOMETRIC_REPRESENTATION_CONTEXT ( 3 ) GLOBAL_UNCERTAINTY_ASSIGNED_CONTEXT ( ( #1610 ) ) GLOBAL_UNIT_ASSIGNED_CONTEXT ( ( #706, #4721, #1284 ) ) REPRESENTATION_CONTEXT ( 'NONE', 'WORKASPACE' ) );
#1770 = COLOUR_RGB ( '',0.0000000000000000000, 0.003921568627450980300, 0.09019607843137254800 ) ;
#1771 = EDGE_CURVE ( 'NONE', #1820, #606, #2033, .T. ) ;
#1772 = VECTOR ( 'NONE', #1666, 1000.000000000000000 ) ;
#1773 = PRESENTATION_STYLE_ASSIGNMENT (( #156 ) ) ;
#1774 = DIRECTION ( 'NONE',  ( -0.7372346670543746800, -0.0000000000000000000, 0.6756367705307528800 ) ) ;
#1775 = VERTEX_POINT ( 'NONE', #4033 ) ;
#1776 = FACE_OUTER_BOUND ( 'NONE', #2134, .T. ) ;
#1777 = SURFACE_STYLE_USAGE ( .BOTH. , #5221 ) ;
#1778 = CARTESIAN_POINT ( 'NONE',  ( -1.590000000000000300, 11.70000000000000100, -9.940000000000001300 ) ) ;
#1779 =( LENGTH_UNIT ( ) NAMED_UNIT ( * ) SI_UNIT ( .MILLI., .METRE. ) );
#1780 =( GEOMETRIC_REPRESENTATION_CONTEXT ( 3 ) GLOBAL_UNCERTAINTY_ASSIGNED_CONTEXT ( ( #141 ) ) GLOBAL_UNIT_ASSIGNED_CONTEXT ( ( #7146, #3760, #278 ) ) REPRESENTATION_CONTEXT ( 'NONE', 'WORKASPACE' ) );
#1781 = DIRECTION ( 'NONE',  ( -0.7071067811865475700, 0.0000000000000000000, 0.7071067811865475700 ) ) ;
#1782 = ORIENTED_EDGE ( 'NONE', *, *, #2212, .T. ) ;
#1783 = LINE ( 'NONE', #303, #4836 ) ;
#1784 = AXIS2_PLACEMENT_3D ( 'NONE', #5711, #2281, #6274 ) ;
#1785 =( NAMED_UNIT ( * ) PLANE_ANGLE_UNIT ( ) SI_UNIT ( $, .RADIAN. ) );
#1786 = UNCERTAINTY_MEASURE_WITH_UNIT (LENGTH_MEASURE( 1.000000000000000100E-005 ), #1779, 'distance_accuracy_value', 'NONE');
#1787 = ORIENTED_EDGE ( 'NONE', *, *, #6483, .T. ) ;
#1788 = ORIENTED_EDGE ( 'NONE', *, *, #4693, .F. ) ;
#1789 =( NAMED_UNIT ( * ) SI_UNIT ( $, .STERADIAN. ) SOLID_ANGLE_UNIT ( ) );
#1790 = CARTESIAN_POINT ( 'NONE',  ( -1.050000000000000000, -2.799999999999999400, -10.48000000000000200 ) ) ;
#1791 = AXIS2_PLACEMENT_3D ( 'NONE', #7203, #3819, #333 ) ;
#1792 = FILL_AREA_STYLE ('',( #2373 ) ) ;
#1793 = ORIENTED_EDGE ( 'NONE', *, *, #6726, .F. ) ;
#1794 = ADVANCED_FACE ( 'NONE', ( #3395 ), #2318, .F. ) ;
#1795 = ORIENTED_EDGE ( 'NONE', *, *, #659, .T. ) ;
#1796 = CARTESIAN_POINT ( 'NONE',  ( 1.050000000000000000, -2.799999999999999400, 0.3199999999999999000 ) ) ;
#1797 = ORIENTED_EDGE ( 'NONE', *, *, #3517, .T. ) ;
#1798 = AXIS2_PLACEMENT_3D ( 'NONE', #3562, #75, #4140 ) ;
#1799 = MECHANICAL_DESIGN_GEOMETRIC_PRESENTATION_REPRESENTATION (  '', ( #637 ), #2191 ) ;
#1800 = CARTESIAN_POINT ( 'NONE',  ( 2.140000000000001500, 0.0000000000000000000, 1.270000000000000000 ) ) ;
#1801 = FACE_OUTER_BOUND ( 'NONE', #1256, .T. ) ;
#1802 = EDGE_CURVE ( 'NONE', #131, #3143, #4373, .T. ) ;
#1803 = EDGE_LOOP ( 'NONE', ( #6227, #4152, #3314, #7130 ) ) ;
#1804 = PLANE ( 'NONE',  #1567 ) ;
#1805 = CARTESIAN_POINT ( 'NONE',  ( -0.9499999999999999600, 11.70000000000000100, -10.38000000000000100 ) ) ;
#1806 = LINE ( 'NONE', #3617, #4679 ) ;
#1807 = DIRECTION ( 'NONE',  ( 0.0000000000000000000, 0.0000000000000000000, 1.000000000000000000 ) ) ;
#1808 = ORIENTED_EDGE ( 'NONE', *, *, #3801, .F. ) ;
#1809 = STYLED_ITEM ( 'NONE', ( #6763 ), #1022 ) ;
#1810 =( NAMED_UNIT ( * ) SI_UNIT ( $, .STERADIAN. ) SOLID_ANGLE_UNIT ( ) );
#1811 = DIRECTION ( 'NONE',  ( -0.0000000000000000000, -1.000000000000000000, -0.0000000000000000000 ) ) ;
#1812 = CARTESIAN_POINT ( 'NONE',  ( 2.540000000000000900, 1.700000000000000000, -11.03000000000000100 ) ) ;
#1813 =( LENGTH_UNIT ( ) NAMED_UNIT ( * ) SI_UNIT ( .MILLI., .METRE. ) );
#1814 = VECTOR ( 'NONE', #6096, 1000.000000000000000 ) ;
#1815 = DIRECTION ( 'NONE',  ( 0.7071067811865473500, -0.0000000000000000000, 0.7071067811865477900 ) ) ;
#1816 = VERTEX_POINT ( 'NONE', #3503 ) ;
#1817 = SURFACE_STYLE_USAGE ( .BOTH. , #5271 ) ;
#1818 = AXIS2_PLACEMENT_3D ( 'NONE', #5326, #1864, #5871 ) ;
#1819 = EDGE_CURVE ( 'NONE', #435, #5194, #5713, .T. ) ;
#1820 = VERTEX_POINT ( 'NONE', #8 ) ;
#1821 = EDGE_CURVE ( 'NONE', #1709, #7249, #1314, .T. ) ;
#1822 = VECTOR ( 'NONE', #1014, 1000.000000000000000 ) ;
#1823 = STYLED_ITEM ( 'NONE', ( #3886 ), #7369 ) ;
#1824 = ADVANCED_FACE ( 'NONE', ( #2849 ), #1213, .T. ) ;
#1825 = LINE ( 'NONE', #1908, #4698 ) ;
#1826 = AXIS2_PLACEMENT_3D ( 'NONE', #1405, #5433, #1991 ) ;
#1827 = PRESENTATION_LAYER_ASSIGNMENT (  '', '', ( #1075 ) ) ;
#1828 = UNCERTAINTY_MEASURE_WITH_UNIT (LENGTH_MEASURE( 1.000000000000000100E-005 ), #6919, 'distance_accuracy_value', 'NONE');
#1829 = ORIENTED_EDGE ( 'NONE', *, *, #4209, .F. ) ;
#1830 = SURFACE_STYLE_FILL_AREA ( #7060 ) ;
#1831 =( NAMED_UNIT ( * ) PLANE_ANGLE_UNIT ( ) SI_UNIT ( $, .RADIAN. ) );
#1832 = ORIENTED_EDGE ( 'NONE', *, *, #6929, .F. ) ;
#1833 = STYLED_ITEM ( 'NONE', ( #1146 ), #14 ) ;
#1834 = ORIENTED_EDGE ( 'NONE', *, *, #5473, .T. ) ;
#1835 =( NAMED_UNIT ( * ) PLANE_ANGLE_UNIT ( ) SI_UNIT ( $, .RADIAN. ) );
#1836 = DIRECTION ( 'NONE',  ( 0.7071067811865489100, 0.0000000000000000000, 0.7071067811865461300 ) ) ;
#1837 = CARTESIAN_POINT ( 'NONE',  ( 1.590000000000000100, -2.799999999999999400, -12.48000000000000200 ) ) ;
#1838 = AXIS2_PLACEMENT_3D ( 'NONE', #274, #4322, #879 ) ;
#1839 = VERTEX_POINT ( 'NONE', #5794 ) ;
#1840 = DIRECTION ( 'NONE',  ( 0.0000000000000000000, 1.000000000000000000, 0.0000000000000000000 ) ) ;
#1841 =( NAMED_UNIT ( * ) SI_UNIT ( $, .STERADIAN. ) SOLID_ANGLE_UNIT ( ) );
#1842 = FACE_OUTER_BOUND ( 'NONE', #561, .T. ) ;
#1843 = DIRECTION ( 'NONE',  ( -0.7071067811865470200, -0.0000000000000000000, -0.7071067811865481300 ) ) ;
#1844 = VECTOR ( 'NONE', #2176, 1000.000000000000000 ) ;
#1845 = EDGE_CURVE ( 'NONE', #7141, #3570, #3656, .T. ) ;
#1846 = SURFACE_STYLE_USAGE ( .BOTH. , #5307 ) ;
#1847 = VECTOR ( 'NONE', #6317, 1000.000000000000000 ) ;
#1848 = DIRECTION ( 'NONE',  ( 0.7071067811865487900, 0.0000000000000000000, -0.7071067811865463500 ) ) ;
#1849 = COLOUR_RGB ( '',0.0000000000000000000, 0.003921568627450980300, 0.09019607843137254800 ) ;
#1850 = EDGE_CURVE ( 'NONE', #5582, #5846, #582, .T. ) ;
#1851 = VERTEX_POINT ( 'NONE', #5255 ) ;
#1852 = LINE ( 'NONE', #2251, #4730 ) ;
#1853 = PRESENTATION_STYLE_ASSIGNMENT (( #1033 ) ) ;
#1854 = ADVANCED_FACE ( 'NONE', ( #2124 ), #3551, .T. ) ;
#1855 = ORIENTED_EDGE ( 'NONE', *, *, #4022, .T. ) ;
#1856 = FILL_AREA_STYLE_COLOUR ( '', #5612 ) ;
#1857 = CARTESIAN_POINT ( 'NONE',  ( -1.590000000000000300, -2.799999999999999400, -7.400000000000000400 ) ) ;
#1858 =( NAMED_UNIT ( * ) SI_UNIT ( $, .STERADIAN. ) SOLID_ANGLE_UNIT ( ) );
#1859 = VECTOR ( 'NONE', #4625, 1000.000000000000000 ) ;
#1860 =( NAMED_UNIT ( * ) PLANE_ANGLE_UNIT ( ) SI_UNIT ( $, .RADIAN. ) );
#1861 = EDGE_CURVE ( 'NONE', #1775, #1028, #1391, .T. ) ;
#1862 =( LENGTH_UNIT ( ) NAMED_UNIT ( * ) SI_UNIT ( .MILLI., .METRE. ) );
#1863 = PRESENTATION_STYLE_ASSIGNMENT (( #2002 ) ) ;
#1864 = DIRECTION ( 'NONE',  ( -0.0000000000000000000, 1.000000000000000000, 0.0000000000000000000 ) ) ;
#1865 = ORIENTED_EDGE ( 'NONE', *, *, #2210, .F. ) ;
#1866 = CARTESIAN_POINT ( 'NONE',  ( 1.490000000000000000, -2.799999999999999400, -10.48000000000000200 ) ) ;
#1867 = EDGE_LOOP ( 'NONE', ( #5536, #915, #6161, #6787 ) ) ;
#1868 = PLANE ( 'NONE',  #4111 ) ;
#1869 = UNCERTAINTY_MEASURE_WITH_UNIT (LENGTH_MEASURE( 1.000000000000000100E-005 ), #4547, 'distance_accuracy_value', 'NONE');
#1870 = MECHANICAL_DESIGN_GEOMETRIC_PRESENTATION_REPRESENTATION (  '', ( #718 ), #2269 ) ;
#1871 = PRESENTATION_LAYER_ASSIGNMENT (  '', '', ( #1119 ) ) ;
#1872 = VECTOR ( 'NONE', #5253, 1000.000000000000000 ) ;
#1873 = ORIENTED_EDGE ( 'NONE', *, *, #4069, .F. ) ;
#1874 = UNCERTAINTY_MEASURE_WITH_UNIT (LENGTH_MEASURE( 1.000000000000000100E-005 ), #4254, 'distance_accuracy_value', 'NONE');
#1875 = EDGE_LOOP ( 'NONE', ( #6952, #2912, #1721, #6939 ) ) ;
#1876 =( GEOMETRIC_REPRESENTATION_CONTEXT ( 3 ) GLOBAL_UNCERTAINTY_ASSIGNED_CONTEXT ( ( #2566 ) ) GLOBAL_UNIT_ASSIGNED_CONTEXT ( ( #4301, #861, #4886 ) ) REPRESENTATION_CONTEXT ( 'NONE', 'WORKASPACE' ) );
#1877 = CARTESIAN_POINT ( 'NONE',  ( -1.490000000000000000, -2.799999999999999400, -0.3200000000000001200 ) ) ;
#1878 = ORIENTED_EDGE ( 'NONE', *, *, #3743, .T. ) ;
#1879 = LINE ( 'NONE', #4138, #527 ) ;
#1880 = LINE ( 'NONE', #1877, #4762 ) ;
#1881 = PRESENTATION_STYLE_ASSIGNMENT (( #2740 ) ) ;
#1882 = VERTEX_POINT ( 'NONE', #1281 ) ;
#1883 = VECTOR ( 'NONE', #4224, 999.9999999999998900 ) ;
#1884 = CARTESIAN_POINT ( 'NONE',  ( -1.590000000000000300, -2.799999999999999400, -12.92000000000000200 ) ) ;
#1885 = CARTESIAN_POINT ( 'NONE',  ( 1.490000000000000000, 11.70000000000000100, -7.299999999999999800 ) ) ;
#1886 = ORIENTED_EDGE ( 'NONE', *, *, #291, .T. ) ;
#1887 =( LENGTH_UNIT ( ) NAMED_UNIT ( * ) SI_UNIT ( .MILLI., .METRE. ) );
#1888 =( NAMED_UNIT ( * ) PLANE_ANGLE_UNIT ( ) SI_UNIT ( $, .RADIAN. ) );
#1889 = PLANE ( 'NONE',  #4669 ) ;
#1890 = ORIENTED_EDGE ( 'NONE', *, *, #1562, .T. ) ;
#1891 =( LENGTH_UNIT ( ) NAMED_UNIT ( * ) SI_UNIT ( .MILLI., .METRE. ) );
#1892 = CARTESIAN_POINT ( 'NONE',  ( -2.540000000000000000, 0.0000000000000000000, -8.523421052631579900 ) ) ;
#1893 = PRESENTATION_LAYER_ASSIGNMENT (  '', '', ( #1135 ) ) ;
#1894 = LINE ( 'NONE', #2895, #4964 ) ;
#1895 = PRESENTATION_LAYER_ASSIGNMENT (  '', '', ( #1139 ) ) ;
#1896 =( NAMED_UNIT ( * ) SI_UNIT ( $, .STERADIAN. ) SOLID_ANGLE_UNIT ( ) );
#1897 = ORIENTED_EDGE ( 'NONE', *, *, #4662, .F. ) ;
#1898 = FILL_AREA_STYLE_COLOUR ( '', #5024 ) ;
#1899 = COLOUR_RGB ( '',0.7921568627450980000, 0.8196078431372548800, 0.9333333333333333500 ) ;
#1900 = MECHANICAL_DESIGN_GEOMETRIC_PRESENTATION_REPRESENTATION (  '', ( #744 ), #2298 ) ;
#1901 = ORIENTED_EDGE ( 'NONE', *, *, #48, .F. ) ;
#1902 = EDGE_CURVE ( 'NONE', #7266, #3570, #397, .T. ) ;
#1903 = SURFACE_STYLE_USAGE ( .BOTH. , #5354 ) ;
#1904 =( LENGTH_UNIT ( ) NAMED_UNIT ( * ) SI_UNIT ( .MILLI., .METRE. ) );
#1905 = PRESENTATION_STYLE_ASSIGNMENT (( #2810 ) ) ;
#1906 = LINE ( 'NONE', #3739, #1740 ) ;
#1907 = VERTEX_POINT ( 'NONE', #5313 ) ;
#1908 = CARTESIAN_POINT ( 'NONE',  ( -1.050000000000000000, 11.70000000000000100, -12.38000000000000300 ) ) ;
#1909 =( LENGTH_UNIT ( ) NAMED_UNIT ( * ) SI_UNIT ( .MILLI., .METRE. ) );
#1910 = DIRECTION ( 'NONE',  ( -0.7071067811865477900, 0.0000000000000000000, -0.7071067811865473500 ) ) ;
#1911 = CARTESIAN_POINT ( 'NONE',  ( 0.9499999999999999600, -2.799999999999999400, -7.839999999999999900 ) ) ;
#1912 = FILL_AREA_STYLE_COLOUR ( '', #5844 ) ;
#1913 = LINE ( 'NONE', #2614, #373 ) ;
#1914 = DIRECTION ( 'NONE',  ( 0.0000000000000000000, 0.0000000000000000000, 1.000000000000000000 ) ) ;
#1915 = DIRECTION ( 'NONE',  ( 0.7372346670543746800, 0.0000000000000000000, -0.6756367705307528800 ) ) ;
#1916 = STYLED_ITEM ( 'NONE', ( #5744 ), #5675 ) ;
#1917 = EDGE_CURVE ( 'NONE', #1116, #1178, #7294, .T. ) ;
#1918 = UNCERTAINTY_MEASURE_WITH_UNIT (LENGTH_MEASURE( 1.000000000000000100E-005 ), #3905, 'distance_accuracy_value', 'NONE');
#1919 = VERTEX_POINT ( 'NONE', #3009 ) ;
#1920 = CARTESIAN_POINT ( 'NONE',  ( 1.050000000000000000, -2.799999999999999400, -2.220000000000000200 ) ) ;
#1921 = CARTESIAN_POINT ( 'NONE',  ( 2.140000000000000100, 1.700000000000000000, -13.97000000000000100 ) ) ;
#1922 = CARTESIAN_POINT ( 'NONE',  ( -2.540000000000000000, 0.0000000000000000000, -3.443421052631578900 ) ) ;
#1923 = DIRECTION ( 'NONE',  ( 0.7071067811865470200, 0.0000000000000000000, -0.7071067811865481300 ) ) ;
#1924 = STYLED_ITEM ( 'NONE', ( #3396 ), #6327 ) ;
#1925 = VERTEX_POINT ( 'NONE', #116 ) ;
#1926 = ORIENTED_EDGE ( 'NONE', *, *, #3378, .T. ) ;
#1927 = ORIENTED_EDGE ( 'NONE', *, *, #5617, .F. ) ;
#1928 = DIRECTION ( 'NONE',  ( 0.0000000000000000000, -0.0000000000000000000, -1.000000000000000000 ) ) ;
#1929 = SURFACE_STYLE_FILL_AREA ( #3755 ) ;
#1930 =( NAMED_UNIT ( * ) PLANE_ANGLE_UNIT ( ) SI_UNIT ( $, .RADIAN. ) );
#1931 = FILL_AREA_STYLE_COLOUR ( '', #3488 ) ;
#1932 = STYLED_ITEM ( 'NONE', ( #7250 ), #341 ) ;
#1933 = FILL_AREA_STYLE ('',( #4799 ) ) ;
#1935 = SURFACE_STYLE_USAGE ( .BOTH. , #1962 ) ;
#1934 = PRESENTATION_LAYER_ASSIGNMENT (  '', '', ( #1183 ) ) ;
#1936 =( NAMED_UNIT ( * ) SI_UNIT ( $, .STERADIAN. ) SOLID_ANGLE_UNIT ( ) );
#1937 = VECTOR ( 'NONE', #5851, 1000.000000000000000 ) ;
#1938 = EDGE_CURVE ( 'NONE', #4289, #4945, #5796, .T. ) ;
#1939 = COLOUR_RGB ( '',0.7960784313725489700, 0.8235294117647058400, 0.9372549019607843100 ) ;
#1940 = SURFACE_SIDE_STYLE ('',( #1234 ) ) ;
#1941 = FILL_AREA_STYLE_COLOUR ( '', #4057 ) ;
#1942 = SURFACE_STYLE_FILL_AREA ( #7257 ) ;
#1943 = LINE ( 'NONE', #384, #6326 ) ;
#1944 = CARTESIAN_POINT ( 'NONE',  ( -2.540000000000000000, 1.700000000000000000, -5.983421052631579900 ) ) ;
#1945 = PRESENTATION_LAYER_ASSIGNMENT (  '', '', ( #1188 ) ) ;
#1946 = LINE ( 'NONE', #3388, #404 ) ;
#1947 = VECTOR ( 'NONE', #3970, 1000.000000000000100 ) ;
#1948 = VERTEX_POINT ( 'NONE', #727 ) ;
#1949 = DIRECTION ( 'NONE',  ( 0.7071067811865473500, -0.0000000000000000000, 0.7071067811865477900 ) ) ;
#1950 = SURFACE_STYLE_FILL_AREA ( #7068 ) ;
#1951 =( NAMED_UNIT ( * ) PLANE_ANGLE_UNIT ( ) SI_UNIT ( $, .RADIAN. ) );
#1952 =( NAMED_UNIT ( * ) PLANE_ANGLE_UNIT ( ) SI_UNIT ( $, .RADIAN. ) );
#1953 = MECHANICAL_DESIGN_GEOMETRIC_PRESENTATION_REPRESENTATION (  '', ( #793 ), #2351 ) ;
#1954 = VERTEX_POINT ( 'NONE', #5332 ) ;
#1955 =( NAMED_UNIT ( * ) SI_UNIT ( $, .STERADIAN. ) SOLID_ANGLE_UNIT ( ) );
#1956 = PLANE ( 'NONE',  #6950 ) ;
#1957 = CARTESIAN_POINT ( 'NONE',  ( 0.9499999999999999600, -2.799999999999999400, 0.2200000000000000600 ) ) ;
#1958 = VECTOR ( 'NONE', #1329, 1000.000000000000000 ) ;
#1959 = EDGE_LOOP ( 'NONE', ( #3003, #5055, #2518, #5317 ) ) ;
#1960 = ORIENTED_EDGE ( 'NONE', *, *, #74, .F. ) ;
#1961 = FILL_AREA_STYLE_COLOUR ( '', #5336 ) ;
#1962 = SURFACE_SIDE_STYLE ('',( #2213 ) ) ;
#1963 = CLOSED_SHELL ( 'NONE', ( #1264, #2959, #2852, #7290, #4359, #5305, #5190, #2206, #2018, #4590 ) ) ;
#1964 = UNCERTAINTY_MEASURE_WITH_UNIT (LENGTH_MEASURE( 1.000000000000000100E-005 ), #4072, 'distance_accuracy_value', 'NONE');
#1965 = EDGE_CURVE ( 'NONE', #6078, #506, #5630, .T. ) ;
#1966 = FILL_AREA_STYLE_COLOUR ( '', #6412 ) ;
#1967 = EDGE_CURVE ( 'NONE', #806, #6844, #1223, .T. ) ;
#1968 =( NAMED_UNIT ( * ) SI_UNIT ( $, .STERADIAN. ) SOLID_ANGLE_UNIT ( ) );
#1969 = PRESENTATION_STYLE_ASSIGNMENT (( #5181 ) ) ;
#1970 = SURFACE_SIDE_STYLE ('',( #7227 ) ) ;
#1971 = EDGE_LOOP ( 'NONE', ( #4411, #1518, #1333, #1436 ) ) ;
#1972 = DIRECTION ( 'NONE',  ( 0.0000000000000000000, 1.000000000000000000, 0.0000000000000000000 ) ) ;
#1973 = PRESENTATION_STYLE_ASSIGNMENT (( #6225 ) ) ;
#1974 = ORIENTED_EDGE ( 'NONE', *, *, #1625, .T. ) ;
#1975 = STYLED_ITEM ( 'NONE', ( #2573 ), #3238 ) ;
#1976 = DIRECTION ( 'NONE',  ( -0.7071067811865464600, 0.0000000000000000000, 0.7071067811865486800 ) ) ;
#1977 = SURFACE_STYLE_USAGE ( .BOTH. , #5421 ) ;
#1978 = ORIENTED_EDGE ( 'NONE', *, *, #6299, .T. ) ;
#1979 = SURFACE_STYLE_FILL_AREA ( #4952 ) ;
#1980 =( LENGTH_UNIT ( ) NAMED_UNIT ( * ) SI_UNIT ( .MILLI., .METRE. ) );
#1981 = DIRECTION ( 'NONE',  ( 0.7071067811865474600, 0.0000000000000000000, 0.7071067811865474600 ) ) ;
#1982 = ORIENTED_EDGE ( 'NONE', *, *, #133, .T. ) ;
#1983 = EDGE_CURVE ( 'NONE', #1138, #6325, #4104, .T. ) ;
#1984 = PLANE ( 'NONE',  #976 ) ;
#1985 = VECTOR ( 'NONE', #5410, 1000.000000000000000 ) ;
#1986 = CARTESIAN_POINT ( 'NONE',  ( 2.540000000000000900, 1.700000000000000000, -0.8700000000000006600 ) ) ;
#1987 = FILL_AREA_STYLE_COLOUR ( '', #5281 ) ;
#1988 = ORIENTED_EDGE ( 'NONE', *, *, #659, .F. ) ;
#1989 =( GEOMETRIC_REPRESENTATION_CONTEXT ( 3 ) GLOBAL_UNCERTAINTY_ASSIGNED_CONTEXT ( ( #862 ) ) GLOBAL_UNIT_ASSIGNED_CONTEXT ( ( #5918, #2495, #6473 ) ) REPRESENTATION_CONTEXT ( 'NONE', 'WORKASPACE' ) );
#1990 = PLANE ( 'NONE',  #6902 ) ;
#1991 = DIRECTION ( 'NONE',  ( 0.7071067811865477900, 0.0000000000000000000, -0.7071067811865473500 ) ) ;
#1992 = CARTESIAN_POINT ( 'NONE',  ( -1.590000000000000300, 11.70000000000000100, -2.320000000000000300 ) ) ;
#1993 = CARTESIAN_POINT ( 'NONE',  ( 0.9499999999999999600, -2.799999999999999400, 0.2200000000000000600 ) ) ;
#1994 = EDGE_CURVE ( 'NONE', #1003, #845, #5448, .T. ) ;
#1995 = EDGE_CURVE ( 'NONE', #3615, #6542, #2393, .T. ) ;
#1996 = FACE_OUTER_BOUND ( 'NONE', #4025, .T. ) ;
#1997 = AXIS2_PLACEMENT_3D ( 'NONE', #1275, #5310, #1848 ) ;
#1998 = ORIENTED_EDGE ( 'NONE', *, *, #4005, .F. ) ;
#1999 = PLANE ( 'NONE',  #1688 ) ;
#2000 = CARTESIAN_POINT ( 'NONE',  ( 0.0000000000000000000, 11.70000000000000100, -12.70000000000000100 ) ) ;
#2001 =( NAMED_UNIT ( * ) PLANE_ANGLE_UNIT ( ) SI_UNIT ( $, .RADIAN. ) );
#2002 = SURFACE_STYLE_USAGE ( .BOTH. , #5447 ) ;
#2003 = ORIENTED_EDGE ( 'NONE', *, *, #3019, .F. ) ;
#2004 = LINE ( 'NONE', #4779, #5074 ) ;
#2005 = FILL_AREA_STYLE_COLOUR ( '', #3296 ) ;
#2006 = UNCERTAINTY_MEASURE_WITH_UNIT (LENGTH_MEASURE( 1.000000000000000100E-005 ), #2526, 'distance_accuracy_value', 'NONE');
#2007 = PRESENTATION_LAYER_ASSIGNMENT (  '', '', ( #1242 ) ) ;
#2008 = SURFACE_SIDE_STYLE ('',( #5139 ) ) ;
#2009 =( NAMED_UNIT ( * ) SI_UNIT ( $, .STERADIAN. ) SOLID_ANGLE_UNIT ( ) );
#2010 = DIRECTION ( 'NONE',  ( -0.0000000000000000000, -1.000000000000000000, -0.0000000000000000000 ) ) ;
#2011 = FILL_AREA_STYLE ('',( #731 ) ) ;
#2012 = DIRECTION ( 'NONE',  ( 0.6756367705307529900, -0.0000000000000000000, 0.7372346670543747900 ) ) ;
#2013 = ORIENTED_EDGE ( 'NONE', *, *, #7098, .T. ) ;
#2014 = STYLED_ITEM ( 'NONE', ( #2141 ), #2808 ) ;
#2015 = AXIS2_PLACEMENT_3D ( 'NONE', #2873, #6847, #3455 ) ;
#2016 = CARTESIAN_POINT ( 'NONE',  ( 2.540000000000000900, 1.700000000000000000, -0.8700000000000006600 ) ) ;
#2017 = MECHANICAL_DESIGN_GEOMETRIC_PRESENTATION_REPRESENTATION (  '', ( #863 ), #2413 ) ;
#2018 = ADVANCED_FACE ( 'NONE', ( #3753 ), #1334, .T. ) ;
#2019 = SURFACE_STYLE_FILL_AREA ( #2154 ) ;
#2020 = ORIENTED_EDGE ( 'NONE', *, *, #4120, .F. ) ;
#2021 = DIRECTION ( 'NONE',  ( -1.000000000000000000, 0.0000000000000000000, -1.232047923278982000E-016 ) ) ;
#2022 = LINE ( 'NONE', #6617, #5089 ) ;
#2023 = DIRECTION ( 'NONE',  ( 0.0000000000000000000, 1.000000000000000000, 0.0000000000000000000 ) ) ;
#2024 = COLOUR_RGB ( '',0.7960784313725489700, 0.8235294117647058400, 0.9372549019607843100 ) ;
#2025 = DIRECTION ( 'NONE',  ( -0.0000000000000000000, -0.0000000000000000000, -1.000000000000000000 ) ) ;
#2026 = DIRECTION ( 'NONE',  ( 0.0000000000000000000, 1.000000000000000000, 0.0000000000000000000 ) ) ;
#2027 = MECHANICAL_DESIGN_GEOMETRIC_PRESENTATION_REPRESENTATION (  '', ( #872 ), #2419 ) ;
#2028 = VECTOR ( 'NONE', #6705, 1000.000000000000000 ) ;
#2029 = SURFACE_STYLE_FILL_AREA ( #2011 ) ;
#2030 = VECTOR ( 'NONE', #2332, 1000.000000000000000 ) ;
#2031 = VECTOR ( 'NONE', #576, 1000.000000000000000 ) ;
#2032 = DIRECTION ( 'NONE',  ( -0.7071067811865470200, -0.0000000000000000000, -0.7071067811865481300 ) ) ;
#2033 = LINE ( 'NONE', #4011, #4916 ) ;
#2034 = CARTESIAN_POINT ( 'NONE',  ( -1.590000000000000300, -2.799999999999999400, -10.38000000000000100 ) ) ;
#2035 = AXIS2_PLACEMENT_3D ( 'NONE', #836, #4862, #1416 ) ;
#2036 = FACE_OUTER_BOUND ( 'NONE', #60, .T. ) ;
#2037 = ORIENTED_EDGE ( 'NONE', *, *, #48, .T. ) ;
#2038 = CARTESIAN_POINT ( 'NONE',  ( 1.490000000000000000, -2.799999999999999400, -10.48000000000000200 ) ) ;
#2039 = CARTESIAN_POINT ( 'NONE',  ( 0.9499999999999999600, 11.70000000000000100, -7.839999999999999900 ) ) ;
#2040 = CARTESIAN_POINT ( 'NONE',  ( 2.540000000000000900, 1.700000000000000000, -3.410000000000000600 ) ) ;
#2041 = DIRECTION ( 'NONE',  ( 0.7071067811865470200, 0.0000000000000000000, -0.7071067811865481300 ) ) ;
#2042 = CARTESIAN_POINT ( 'NONE',  ( -0.9499999999999999600, -2.799999999999999400, -2.760000000000000200 ) ) ;
#2043 = SURFACE_SIDE_STYLE ('',( #5981 ) ) ;
#2044 = EDGE_LOOP ( 'NONE', ( #32, #1901, #5599, #622 ) ) ;
#2045 = SURFACE_STYLE_FILL_AREA ( #3822 ) ;
#2046 = AXIS2_PLACEMENT_3D ( 'NONE', #1632, #5649, #2202 ) ;
#2047 = LINE ( 'NONE', #2293, #6424 ) ;
#2048 =( NAMED_UNIT ( * ) PLANE_ANGLE_UNIT ( ) SI_UNIT ( $, .RADIAN. ) );
#2049 = LINE ( 'NONE', #213, #511 ) ;
#2050 = VERTEX_POINT ( 'NONE', #6493 ) ;
#2051 = ORIENTED_EDGE ( 'NONE', *, *, #4637, .T. ) ;
#2052 = VECTOR ( 'NONE', #159, 999.9999999999998900 ) ;
#2053 = DIRECTION ( 'NONE',  ( -0.7071067811865481300, 0.0000000000000000000, -0.7071067811865470200 ) ) ;
#2054 = EDGE_LOOP ( 'NONE', ( #6522, #3130, #600, #399 ) ) ;
#2055 = CARTESIAN_POINT ( 'NONE',  ( 2.140000000000001500, 1.700000000000000000, -3.810000000000000100 ) ) ;
#2056 = DIRECTION ( 'NONE',  ( 0.7071067811865489100, 0.0000000000000000000, 0.7071067811865461300 ) ) ;
#2057 = PRESENTATION_LAYER_ASSIGNMENT (  '', '', ( #1282 ) ) ;
#2058 = EDGE_CURVE ( 'NONE', #3500, #3133, #6229, .T. ) ;
#2059 = LINE ( 'NONE', #644, #4943 ) ;
#2060 = ORIENTED_EDGE ( 'NONE', *, *, #6739, .T. ) ;
#2061 = ORIENTED_EDGE ( 'NONE', *, *, #4005, .T. ) ;
#2062 = ORIENTED_EDGE ( 'NONE', *, *, #7072, .F. ) ;
#2063 = COLOUR_RGB ( '',0.7921568627450980000, 0.8196078431372548800, 0.9333333333333333500 ) ;
#2064 = ADVANCED_FACE ( 'NONE', ( #6058 ), #3080, .F. ) ;
#2065 = ORIENTED_EDGE ( 'NONE', *, *, #2532, .T. ) ;
#2066 = PRESENTATION_STYLE_ASSIGNMENT (( #6443 ) ) ;
#2067 = UNCERTAINTY_MEASURE_WITH_UNIT (LENGTH_MEASURE( 1.000000000000000100E-005 ), #2296, 'distance_accuracy_value', 'NONE');
#2068 = FILL_AREA_STYLE ('',( #3163 ) ) ;
#2069 = LINE ( 'NONE', #6388, #326 ) ;
#2070 = FILL_AREA_STYLE ('',( #3192 ) ) ;
#2071 = FILL_AREA_STYLE ('',( #2453 ) ) ;
#2072 = FACE_OUTER_BOUND ( 'NONE', #3147, .T. ) ;
#2073 = ORIENTED_EDGE ( 'NONE', *, *, #22, .F. ) ;
#2074 =( LENGTH_UNIT ( ) NAMED_UNIT ( * ) SI_UNIT ( .MILLI., .METRE. ) );
#2075 = LINE ( 'NONE', #4378, #1883 ) ;
#2076 = DIRECTION ( 'NONE',  ( -0.7372346670543746800, -0.0000000000000000000, 0.6756367705307528800 ) ) ;
#2077 = EDGE_CURVE ( 'NONE', #5103, #5582, #1137, .T. ) ;
#2078 = CARTESIAN_POINT ( 'NONE',  ( -0.9499999999999999600, 11.70000000000000100, -4.860000000000000300 ) ) ;
#2079 = ORIENTED_EDGE ( 'NONE', *, *, #4782, .F. ) ;
#2080 = VECTOR ( 'NONE', #3735, 1000.000000000000000 ) ;
#2081 = ORIENTED_EDGE ( 'NONE', *, *, #2382, .T. ) ;
#2082 = MECHANICAL_DESIGN_GEOMETRIC_PRESENTATION_REPRESENTATION (  '', ( #926 ), #2466 ) ;
#2083 =( GEOMETRIC_REPRESENTATION_CONTEXT ( 3 ) GLOBAL_UNCERTAINTY_ASSIGNED_CONTEXT ( ( #4178 ) ) GLOBAL_UNIT_ASSIGNED_CONTEXT ( ( #6992, #3608, #122 ) ) REPRESENTATION_CONTEXT ( 'NONE', 'WORKASPACE' ) );
#2084 = SURFACE_STYLE_USAGE ( .BOTH. , #5523 ) ;
#2085 = VERTEX_POINT ( 'NONE', #821 ) ;
#2086 = ORIENTED_EDGE ( 'NONE', *, *, #5234, .F. ) ;
#2087 = SURFACE_SIDE_STYLE ('',( #4904 ) ) ;
#2088 = FILL_AREA_STYLE_COLOUR ( '', #833 ) ;
#2089 = SURFACE_STYLE_USAGE ( .BOTH. , #5526 ) ;
#2090 = FILL_AREA_STYLE_COLOUR ( '', #4274 ) ;
#2091 =( LENGTH_UNIT ( ) NAMED_UNIT ( * ) SI_UNIT ( .MILLI., .METRE. ) );
#2092 = EDGE_CURVE ( 'NONE', #1320, #5543, #2484, .T. ) ;
#2093 = DIRECTION ( 'NONE',  ( -0.0000000000000000000, -0.0000000000000000000, -1.000000000000000000 ) ) ;
#2094 = CARTESIAN_POINT ( 'NONE',  ( -0.9499999999999999600, 11.70000000000000100, -12.48000000000000200 ) ) ;
#2095 = PRESENTATION_STYLE_ASSIGNMENT (( #49 ) ) ;
#2096 = MECHANICAL_DESIGN_GEOMETRIC_PRESENTATION_REPRESENTATION (  '', ( #941 ), #2482 ) ;
#2097 = ORIENTED_EDGE ( 'NONE', *, *, #1994, .T. ) ;
#2098 = CARTESIAN_POINT ( 'NONE',  ( -2.540000000000000000, 1.700000000000000000, -8.523421052631579900 ) ) ;
#2099 = SURFACE_STYLE_USAGE ( .BOTH. , #5537 ) ;
#2100 = FILL_AREA_STYLE_COLOUR ( '', #1392 ) ;
#2101 =( NAMED_UNIT ( * ) PLANE_ANGLE_UNIT ( ) SI_UNIT ( $, .RADIAN. ) );
#2102 = CARTESIAN_POINT ( 'NONE',  ( 0.0000000000000000000, -2.799999999999999400, -2.540000000000000000 ) ) ;
#2103 = ORIENTED_EDGE ( 'NONE', *, *, #6930, .F. ) ;
#2104 = ADVANCED_FACE ( 'NONE', ( #5539 ), #1984, .T. ) ;
#2105 = LINE ( 'NONE', #1453, #5166 ) ;
#2106 = PLANE ( 'NONE',  #1000 ) ;
#2107 = UNCERTAINTY_MEASURE_WITH_UNIT (LENGTH_MEASURE( 1.000000000000000100E-005 ), #6786, 'distance_accuracy_value', 'NONE');
#2108 = FILL_AREA_STYLE_COLOUR ( '', #5665 ) ;
#2109 = VERTEX_POINT ( 'NONE', #218 ) ;
#2110 = SURFACE_STYLE_FILL_AREA ( #2223 ) ;
#2111 = CARTESIAN_POINT ( 'NONE',  ( 0.9499999999999999600, 11.70000000000000100, -2.760000000000000200 ) ) ;
#2112 = DIRECTION ( 'NONE',  ( -0.7071067811865470200, -0.0000000000000000000, -0.7071067811865481300 ) ) ;
#2113 = EDGE_CURVE ( 'NONE', #4596, #2535, #388, .T. ) ;
#2114 = DIRECTION ( 'NONE',  ( -0.7071067811865482400, 0.0000000000000000000, -0.7071067811865469100 ) ) ;
#2115 = DIRECTION ( 'NONE',  ( 0.7372346670543746800, 0.0000000000000000000, -0.6756367705307528800 ) ) ;
#2116 = FACE_OUTER_BOUND ( 'NONE', #1540, .T. ) ;
#2117 = COLOUR_RGB ( '',0.0000000000000000000, 0.003921568627450980300, 0.09019607843137254800 ) ;
#2118 = DIRECTION ( 'NONE',  ( -1.000000000000000000, 0.0000000000000000000, -0.0000000000000000000 ) ) ;
#2119 = SURFACE_STYLE_USAGE ( .BOTH. , #5566 ) ;
#2120 =( GEOMETRIC_REPRESENTATION_CONTEXT ( 3 ) GLOBAL_UNCERTAINTY_ASSIGNED_CONTEXT ( ( #2620 ) ) GLOBAL_UNIT_ASSIGNED_CONTEXT ( ( #878, #4897, #3302 ) ) REPRESENTATION_CONTEXT ( 'NONE', 'WORKASPACE' ) );
#2121 =( NAMED_UNIT ( * ) PLANE_ANGLE_UNIT ( ) SI_UNIT ( $, .RADIAN. ) );
#2122 = FILL_AREA_STYLE ('',( #369 ) ) ;
#2123 = SURFACE_SIDE_STYLE ('',( #5821 ) ) ;
#2124 = FACE_OUTER_BOUND ( 'NONE', #5567, .T. ) ;
#2125 = LINE ( 'NONE', #3798, #5187 ) ;
#2126 = VECTOR ( 'NONE', #1535, 1000.000000000000000 ) ;
#2127 = VECTOR ( 'NONE', #5557, 1000.000000000000000 ) ;
#2128 = CARTESIAN_POINT ( 'NONE',  ( 1.490000000000000000, 11.70000000000000100, -13.02000000000000100 ) ) ;
#2129 =( NAMED_UNIT ( * ) SI_UNIT ( $, .STERADIAN. ) SOLID_ANGLE_UNIT ( ) );
#2130 = DIRECTION ( 'NONE',  ( 0.0000000000000000000, -1.000000000000000000, 0.0000000000000000000 ) ) ;
#2131 = ORIENTED_EDGE ( 'NONE', *, *, #6552, .T. ) ;
#2132 = DIRECTION ( 'NONE',  ( -0.7071067811865469100, 0.0000000000000000000, 0.7071067811865482400 ) ) ;
#2133 = SURFACE_STYLE_FILL_AREA ( #1107 ) ;
#2134 = EDGE_LOOP ( 'NONE', ( #4212, #2436, #4123, #661 ) ) ;
#2135 = LINE ( 'NONE', #4798, #5197 ) ;
#2136 = ADVANCED_FACE ( 'NONE', ( #6313 ), #5450, .T. ) ;
#2137 = SURFACE_SIDE_STYLE ('',( #6005 ) ) ;
#2138 = CARTESIAN_POINT ( 'NONE',  ( -2.140000000000000600, 1.700000000000000000, -1.270000000000000000 ) ) ;
#2139 = COLOUR_RGB ( '',0.7960784313725489700, 0.8235294117647058400, 0.9372549019607843100 ) ;
#2140 = EDGE_CURVE ( 'NONE', #1660, #4070, #2748, .T. ) ;
#2141 = PRESENTATION_STYLE_ASSIGNMENT (( #2084 ) ) ;
#2142 = FACE_OUTER_BOUND ( 'NONE', #7135, .T. ) ;
#2143 = DIRECTION ( 'NONE',  ( 0.0000000000000000000, 0.0000000000000000000, 1.000000000000000000 ) ) ;
#2145 = DIRECTION ( 'NONE',  ( 0.6756367705307529900, -0.0000000000000000000, 0.7372346670543747900 ) ) ;
#2144 =( GEOMETRIC_REPRESENTATION_CONTEXT ( 3 ) GLOBAL_UNCERTAINTY_ASSIGNED_CONTEXT ( ( #4775 ) ) GLOBAL_UNIT_ASSIGNED_CONTEXT ( ( #6714, #3322, #7281 ) ) REPRESENTATION_CONTEXT ( 'NONE', 'WORKASPACE' ) );
#2146 = ORIENTED_EDGE ( 'NONE', *, *, #5809, .F. ) ;
#2147 = DIRECTION ( 'NONE',  ( -1.000000000000000000, 0.0000000000000000000, -0.0000000000000000000 ) ) ;
#2148 = EDGE_CURVE ( 'NONE', #2690, #2171, #7287, .T. ) ;
#2149 = VECTOR ( 'NONE', #4191, 999.9999999999998900 ) ;
#2150 = ORIENTED_EDGE ( 'NONE', *, *, #6483, .F. ) ;
#2151 =( GEOMETRIC_REPRESENTATION_CONTEXT ( 3 ) GLOBAL_UNCERTAINTY_ASSIGNED_CONTEXT ( ( #4311 ) ) GLOBAL_UNIT_ASSIGNED_CONTEXT ( ( #2723, #4987, #1716 ) ) REPRESENTATION_CONTEXT ( 'NONE', 'WORKASPACE' ) );
#2152 = VERTEX_POINT ( 'NONE', #6663 ) ;
#2153 = LINE ( 'NONE', #205, #791 ) ;
#2154 = FILL_AREA_STYLE ('',( #4442 ) ) ;
#2155 = CARTESIAN_POINT ( 'NONE',  ( -2.139999999999999700, 0.0000000000000000000, 1.270000000000000000 ) ) ;
#2156 = DIRECTION ( 'NONE',  ( 0.7071067811865486800, 0.0000000000000000000, 0.7071067811865464600 ) ) ;
#2157 = LINE ( 'NONE', #3450, #3691 ) ;
#2158 = VECTOR ( 'NONE', #1683, 1000.000000000000000 ) ;
#2159 = FILL_AREA_STYLE ('',( #2713 ) ) ;
#2160 = ORIENTED_EDGE ( 'NONE', *, *, #1994, .F. ) ;
#2161 = VECTOR ( 'NONE', #2204, 1000.000000000000000 ) ;
#2162 = FILL_AREA_STYLE ('',( #6114 ) ) ;
#2163 = FILL_AREA_STYLE ('',( #2715 ) ) ;
#2164 = ORIENTED_EDGE ( 'NONE', *, *, #3019, .T. ) ;
#2165 = VECTOR ( 'NONE', #2545, 1000.000000000000000 ) ;
#2166 = EDGE_CURVE ( 'NONE', #314, #4346, #4261, .T. ) ;
#2167 = UNCERTAINTY_MEASURE_WITH_UNIT (LENGTH_MEASURE( 1.000000000000000100E-005 ), #728, 'distance_accuracy_value', 'NONE');
#2168 = FACE_OUTER_BOUND ( 'NONE', #6433, .T. ) ;
#2169 = DIRECTION ( 'NONE',  ( 0.7071067811865486800, 0.0000000000000000000, -0.7071067811865463500 ) ) ;
#2170 = ORIENTED_EDGE ( 'NONE', *, *, #3542, .T. ) ;
#2171 = VERTEX_POINT ( 'NONE', #368 ) ;
#2172 = STYLED_ITEM ( 'NONE', ( #6854 ), #1681 ) ;
#2173 = CARTESIAN_POINT ( 'NONE',  ( -2.540000000000000000, 1.700000000000000000, -13.60342105263158000 ) ) ;
#2174 = ORIENTED_EDGE ( 'NONE', *, *, #7013, .T. ) ;
#2175 = PRESENTATION_LAYER_ASSIGNMENT (  '', '', ( #1386 ) ) ;
#2176 = DIRECTION ( 'NONE',  ( 1.000000000000000000, 0.0000000000000000000, 0.0000000000000000000 ) ) ;
#2177 = SURFACE_SIDE_STYLE ('',( #1686 ) ) ;
#2178 = CARTESIAN_POINT ( 'NONE',  ( -2.019999999999999600, 0.2999999999999999900, -13.97000000000000100 ) ) ;
#2179 = ORIENTED_EDGE ( 'NONE', *, *, #4765, .T. ) ;
#2180 = ADVANCED_FACE ( 'NONE', ( #2567 ), #4388, .F. ) ;
#2181 = CARTESIAN_POINT ( 'NONE',  ( -1.490000000000000200, -2.799999999999999400, -4.760000000000000700 ) ) ;
#2182 = CARTESIAN_POINT ( 'NONE',  ( -1.490000000000000200, -2.799999999999999400, -12.38000000000000300 ) ) ;
#2183 = PRESENTATION_LAYER_ASSIGNMENT (  '', '', ( #1390 ) ) ;
#2184 = CARTESIAN_POINT ( 'NONE',  ( -1.490000000000000000, -2.799999999999999400, -2.860000000000000300 ) ) ;
#2185 = PLANE ( 'NONE',  #2046 ) ;
#2186 = CARTESIAN_POINT ( 'NONE',  ( -2.540000000000000000, 0.0000000000000000000, -11.06342105263158100 ) ) ;
#2187 = FILL_AREA_STYLE_COLOUR ( '', #2875 ) ;
#2188 = ORIENTED_EDGE ( 'NONE', *, *, #3357, .T. ) ;
#2189 = PRESENTATION_LAYER_ASSIGNMENT (  '', '', ( #1399 ) ) ;
#2190 = VERTEX_POINT ( 'NONE', #3853 ) ;
#2191 =( GEOMETRIC_REPRESENTATION_CONTEXT ( 3 ) GLOBAL_UNCERTAINTY_ASSIGNED_CONTEXT ( ( #3212 ) ) GLOBAL_UNIT_ASSIGNED_CONTEXT ( ( #3931, #459, #4500 ) ) REPRESENTATION_CONTEXT ( 'NONE', 'WORKASPACE' ) );
#2192 = EDGE_CURVE ( 'NONE', #2515, #1362, #3556, .T. ) ;
#2193 = CARTESIAN_POINT ( 'NONE',  ( 0.9499999999999999600, -2.799999999999999400, -10.38000000000000100 ) ) ;
#2194 = STYLED_ITEM ( 'NONE', ( #6733 ), #3814 ) ;
#2195 = FILL_AREA_STYLE ('',( #1621 ) ) ;
#2196 = UNCERTAINTY_MEASURE_WITH_UNIT (LENGTH_MEASURE( 1.000000000000000100E-005 ), #6294, 'distance_accuracy_value', 'NONE');
#2197 = CARTESIAN_POINT ( 'NONE',  ( -1.490000000000000200, 11.70000000000000100, -12.38000000000000300 ) ) ;
#2198 =( NAMED_UNIT ( * ) PLANE_ANGLE_UNIT ( ) SI_UNIT ( $, .RADIAN. ) );
#2199 = AXIS2_PLACEMENT_3D ( 'NONE', #5064, #1624, #5636 ) ;
#2200 = UNCERTAINTY_MEASURE_WITH_UNIT (LENGTH_MEASURE( 1.000000000000000100E-005 ), #1212, 'distance_accuracy_value', 'NONE');
#2201 = VECTOR ( 'NONE', #5096, 1000.000000000000000 ) ;
#2202 = DIRECTION ( 'NONE',  ( 0.0000000000000000000, -0.0000000000000000000, -1.000000000000000000 ) ) ;
#2203 = VECTOR ( 'NONE', #4353, 1000.000000000000000 ) ;
#2204 = DIRECTION ( 'NONE',  ( 0.0000000000000000000, 1.000000000000000000, 0.0000000000000000000 ) ) ;
#2205 = ORIENTED_EDGE ( 'NONE', *, *, #5783, .F. ) ;
#2206 = ADVANCED_FACE ( 'NONE', ( #482 ), #393, .T. ) ;
#2207 = PRESENTATION_LAYER_ASSIGNMENT (  '', '', ( #1437 ) ) ;
#2208 = CARTESIAN_POINT ( 'NONE',  ( 1.590000000000000100, -2.799999999999999400, -0.2200000000000001400 ) ) ;
#2209 = PRESENTATION_STYLE_ASSIGNMENT (( #3650 ) ) ;
#2210 = EDGE_CURVE ( 'NONE', #6554, #1293, #4360, .T. ) ;
#2211 = LINE ( 'NONE', #1006, #5094 ) ;
#2212 = EDGE_CURVE ( 'NONE', #3978, #7169, #1482, .T. ) ;
#2213 = SURFACE_STYLE_FILL_AREA ( #2071 ) ;
#2214 = AXIS2_PLACEMENT_3D ( 'NONE', #2488, #6469, #3054 ) ;
#2215 = CARTESIAN_POINT ( 'NONE',  ( 2.020000000000001400, 0.2999999999999999900, 1.270000000000000000 ) ) ;
#2216 = DIRECTION ( 'NONE',  ( 1.000000000000000000, 0.0000000000000000000, -2.492418787322998300E-016 ) ) ;
#2217 = PLANE ( 'NONE',  #4522 ) ;
#2218 = LINE ( 'NONE', #2297, #5278 ) ;
#2219 = PRESENTATION_LAYER_ASSIGNMENT (  '', '', ( #1447 ) ) ;
#2220 = MECHANICAL_DESIGN_GEOMETRIC_PRESENTATION_REPRESENTATION (  '', ( #1075 ), #2611 ) ;
#2221 = ORIENTED_EDGE ( 'NONE', *, *, #3253, .T. ) ;
#2222 = FACE_OUTER_BOUND ( 'NONE', #186, .T. ) ;
#2223 = FILL_AREA_STYLE ('',( #5069 ) ) ;
#2224 = PLANE ( 'NONE',  #566 ) ;
#2225 = SURFACE_STYLE_USAGE ( .BOTH. , #5667 ) ;
#2226 = PRESENTATION_STYLE_ASSIGNMENT (( #2739 ) ) ;
#2227 = COLOUR_RGB ( '',0.7960784313725489700, 0.8235294117647058400, 0.9372549019607843100 ) ;
#2228 = PRESENTATION_LAYER_ASSIGNMENT (  '', '', ( #1833 ) ) ;
#2229 = VERTEX_POINT ( 'NONE', #7304 ) ;
#2230 = LINE ( 'NONE', #4941, #5111 ) ;
#2231 = FILL_AREA_STYLE ('',( #1654 ) ) ;
#2232 = SURFACE_SIDE_STYLE ('',( #619 ) ) ;
#2233 = LINE ( 'NONE', #3077, #5114 ) ;
#2234 = PRESENTATION_LAYER_ASSIGNMENT (  '', '', ( #1463 ) ) ;
#2235 = ORIENTED_EDGE ( 'NONE', *, *, #3712, .F. ) ;
#2236 = EDGE_LOOP ( 'NONE', ( #6354, #215, #956, #1013, #3397, #3236, #3065, #690 ) ) ;
#2237 = VECTOR ( 'NONE', #3618, 1000.000000000000000 ) ;
#2238 = EDGE_LOOP ( 'NONE', ( #1414, #1832, #2103, #3331 ) ) ;
#2239 = COLOUR_RGB ( '',0.0000000000000000000, 0.003921568627450980300, 0.09019607843137254800 ) ;
#2240 = DIRECTION ( 'NONE',  ( 0.0000000000000000000, 1.000000000000000000, 0.0000000000000000000 ) ) ;
#2241 = EDGE_CURVE ( 'NONE', #3511, #6101, #5698, .T. ) ;
#2242 = VECTOR ( 'NONE', #4, 999.9999999999998900 ) ;
#2243 = VERTEX_POINT ( 'NONE', #3343 ) ;
#2244 = FACE_OUTER_BOUND ( 'NONE', #2870, .T. ) ;
#2245 = ORIENTED_EDGE ( 'NONE', *, *, #6272, .T. ) ;
#2246 = COLOUR_RGB ( '',0.7960784313725489700, 0.8235294117647058400, 0.9372549019607843100 ) ;
#2247 = EDGE_LOOP ( 'NONE', ( #1370, #4458, #4386, #2790, #499, #1741, #4226, #4263 ) ) ;
#2248 = DIRECTION ( 'NONE',  ( 0.0000000000000000000, 0.0000000000000000000, 1.000000000000000000 ) ) ;
#2249 = LINE ( 'NONE', #3000, #709 ) ;
#2250 = FILL_AREA_STYLE_COLOUR ( '', #3481 ) ;
#2251 = CARTESIAN_POINT ( 'NONE',  ( 0.9499999999999999600, 11.70000000000000100, -12.92000000000000200 ) ) ;
#2252 = EDGE_CURVE ( 'NONE', #16, #1041, #7194, .T. ) ;
#2253 = ORIENTED_EDGE ( 'NONE', *, *, #287, .T. ) ;
#2254 = VECTOR ( 'NONE', #2169, 1000.000000000000100 ) ;
#2255 = ADVANCED_FACE ( 'NONE', ( #5869 ), #5642, .T. ) ;
#2256 = FILL_AREA_STYLE_COLOUR ( '', #6476 ) ;
#2257 =( NAMED_UNIT ( * ) PLANE_ANGLE_UNIT ( ) SI_UNIT ( $, .RADIAN. ) );
#2258 = ORIENTED_EDGE ( 'NONE', *, *, #4883, .T. ) ;
#2259 = MANIFOLD_SOLID_BREP ( 'Boss-Extrude2[2]', #3059 ) ;
#2260 = PLANE ( 'NONE',  #2770 ) ;
#2261 = CARTESIAN_POINT ( 'NONE',  ( -1.590000000000000300, -2.799999999999999400, 0.2199999999999998100 ) ) ;
#2262 = DIRECTION ( 'NONE',  ( 0.0000000000000000000, 0.0000000000000000000, 1.000000000000000000 ) ) ;
#2263 = LINE ( 'NONE', #4822, #6624 ) ;
#2264 = CARTESIAN_POINT ( 'NONE',  ( 1.490000000000000000, -2.799999999999999400, -7.299999999999999800 ) ) ;
#2265 = COLOUR_RGB ( '',0.7960784313725489700, 0.8235294117647058400, 0.9372549019607843100 ) ;
#2266 = VERTEX_POINT ( 'NONE', #4539 ) ;
#2267 = EDGE_CURVE ( 'NONE', #2535, #550, #7461, .T. ) ;
#2268 = VERTEX_POINT ( 'NONE', #1104 ) ;
#2269 =( GEOMETRIC_REPRESENTATION_CONTEXT ( 3 ) GLOBAL_UNCERTAINTY_ASSIGNED_CONTEXT ( ( #5739 ) ) GLOBAL_UNIT_ASSIGNED_CONTEXT ( ( #5046, #1598, #5620 ) ) REPRESENTATION_CONTEXT ( 'NONE', 'WORKASPACE' ) );
#2270 = MECHANICAL_DESIGN_GEOMETRIC_PRESENTATION_REPRESENTATION (  '', ( #1119 ), #2648 ) ;
#2271 = FILL_AREA_STYLE ('',( #7374 ) ) ;
#2272 = VERTEX_POINT ( 'NONE', #1053 ) ;
#2273 = CARTESIAN_POINT ( 'NONE',  ( -0.9499999999999999600, -2.799999999999999400, -2.760000000000000200 ) ) ;
#2274 = ORIENTED_EDGE ( 'NONE', *, *, #6884, .T. ) ;
#2275 = CARTESIAN_POINT ( 'NONE',  ( -1.590000000000000300, 11.70000000000000100, -10.38000000000000100 ) ) ;
#2276 = FILL_AREA_STYLE ('',( #4567 ) ) ;
#2277 =( NAMED_UNIT ( * ) SI_UNIT ( $, .STERADIAN. ) SOLID_ANGLE_UNIT ( ) );
#2278 =( NAMED_UNIT ( * ) PLANE_ANGLE_UNIT ( ) SI_UNIT ( $, .RADIAN. ) );
#2279 = ORIENTED_EDGE ( 'NONE', *, *, #2631, .T. ) ;
#2280 =( NAMED_UNIT ( * ) SI_UNIT ( $, .STERADIAN. ) SOLID_ANGLE_UNIT ( ) );
#2281 = DIRECTION ( 'NONE',  ( -1.232047923278982000E-016, 0.0000000000000000000, 1.000000000000000000 ) ) ;
#2282 = ORIENTED_EDGE ( 'NONE', *, *, #5555, .F. ) ;
#2283 = MECHANICAL_DESIGN_GEOMETRIC_PRESENTATION_REPRESENTATION (  '', ( #1135 ), #2669 ) ;
#2284 = ADVANCED_FACE ( 'NONE', ( #4451 ), #6241, .T. ) ;
#2285 = COLOUR_RGB ( '',0.0000000000000000000, 0.003921568627450980300, 0.09019607843137254800 ) ;
#2286 = DIRECTION ( 'NONE',  ( 0.0000000000000000000, -0.0000000000000000000, 1.000000000000000000 ) ) ;
#2287 = CARTESIAN_POINT ( 'NONE',  ( -0.9499999999999999600, -2.799999999999999400, -12.92000000000000200 ) ) ;
#2288 = LINE ( 'NONE', #5732, #748 ) ;
#2289 = MECHANICAL_DESIGN_GEOMETRIC_PRESENTATION_REPRESENTATION (  '', ( #1139 ), #2679 ) ;
#2290 = COLOUR_RGB ( '',0.7960784313725489700, 0.8235294117647058400, 0.9372549019607843100 ) ;
#2291 = CARTESIAN_POINT ( 'NONE',  ( -0.9499999999999999600, -2.799999999999999400, -0.2199999999999999700 ) ) ;
#2292 =( NAMED_UNIT ( * ) SI_UNIT ( $, .STERADIAN. ) SOLID_ANGLE_UNIT ( ) );
#2293 = CARTESIAN_POINT ( 'NONE',  ( -2.540000000000000000, 0.0000000000000000000, -5.983421052631579900 ) ) ;
#2294 = UNCERTAINTY_MEASURE_WITH_UNIT (LENGTH_MEASURE( 1.000000000000000100E-005 ), #6081, 'distance_accuracy_value', 'NONE');
#2295 = ORIENTED_EDGE ( 'NONE', *, *, #2166, .T. ) ;
#2296 =( LENGTH_UNIT ( ) NAMED_UNIT ( * ) SI_UNIT ( .MILLI., .METRE. ) );
#2297 = CARTESIAN_POINT ( 'NONE',  ( 1.590000000000000100, -2.799999999999999400, -5.300000000000000700 ) ) ;
#2298 =( GEOMETRIC_REPRESENTATION_CONTEXT ( 3 ) GLOBAL_UNCERTAINTY_ASSIGNED_CONTEXT ( ( #5616 ) ) GLOBAL_UNIT_ASSIGNED_CONTEXT ( ( #7114, #3737, #246 ) ) REPRESENTATION_CONTEXT ( 'NONE', 'WORKASPACE' ) );
#2299 = EDGE_CURVE ( 'NONE', #2649, #2712, #5434, .T. ) ;
#2300 = VECTOR ( 'NONE', #280, 1000.000000000000000 ) ;
#2301 = VERTEX_POINT ( 'NONE', #501 ) ;
#2302 = DIRECTION ( 'NONE',  ( -0.7071067811865489100, -0.0000000000000000000, -0.7071067811865461300 ) ) ;
#2303 = SURFACE_STYLE_USAGE ( .BOTH. , #5735 ) ;
#2304 = VERTEX_POINT ( 'NONE', #2853 ) ;
#2305 = SURFACE_STYLE_USAGE ( .BOTH. , #5737 ) ;
#2306 = SURFACE_STYLE_FILL_AREA ( #1387 ) ;
#2307 = DIRECTION ( 'NONE',  ( -0.0000000000000000000, 1.000000000000000000, 0.0000000000000000000 ) ) ;
#2308 = ORIENTED_EDGE ( 'NONE', *, *, #4059, .F. ) ;
#2309 = LINE ( 'NONE', #6652, #768 ) ;
#2310 = AXIS2_PLACEMENT_3D ( 'NONE', #434, #4475, #1040 ) ;
#2311 = FILL_AREA_STYLE ('',( #2867 ) ) ;
#2312 = VECTOR ( 'NONE', #2811, 1000.000000000000000 ) ;
#2313 =( NAMED_UNIT ( * ) SI_UNIT ( $, .STERADIAN. ) SOLID_ANGLE_UNIT ( ) );
#2314 = EDGE_CURVE ( 'NONE', #3613, #4849, #842, .T. ) ;
#2315 = LINE ( 'NONE', #7047, #5803 ) ;
#2316 = VERTEX_POINT ( 'NONE', #7404 ) ;
#2317 = DIRECTION ( 'NONE',  ( 0.6756367705307529900, -0.0000000000000000000, 0.7372346670543747900 ) ) ;
#2318 = PLANE ( 'NONE',  #4334 ) ;
#2319 = CARTESIAN_POINT ( 'NONE',  ( 1.050000000000000000, -2.799999999999999400, -4.760000000000000700 ) ) ;
#2320 = AXIS2_PLACEMENT_3D ( 'NONE', #201, #4249, #808 ) ;
#2321 = SURFACE_STYLE_FILL_AREA ( #1507 ) ;
#2322 = ADVANCED_FACE ( 'NONE', ( #2381 ), #4015, .F. ) ;
#2323 = ORIENTED_EDGE ( 'NONE', *, *, #3279, .T. ) ;
#2324 = COLOUR_RGB ( '',0.7960784313725489700, 0.8235294117647058400, 0.9372549019607843100 ) ;
#2325 = CARTESIAN_POINT ( 'NONE',  ( 1.490000000000000000, 11.70000000000000100, -9.840000000000001600 ) ) ;
#2326 =( LENGTH_UNIT ( ) NAMED_UNIT ( * ) SI_UNIT ( .MILLI., .METRE. ) );
#2327 = AXIS2_PLACEMENT_3D ( 'NONE', #3635, #3610, #3581 ) ;
#2328 = ORIENTED_EDGE ( 'NONE', *, *, #1762, .F. ) ;
#2329 = ORIENTED_EDGE ( 'NONE', *, *, #6339, .F. ) ;
#2330 = CLOSED_SHELL ( 'NONE', ( #5570, #6694, #6765, #6080, #2395, #2180, #6116, #3532, #5451, #2779, #1645, #3457, #5259, #3356, #259, #5156, #4970, #6361, #4480, #729, #1681, #1498, #617, #1022, #4719, #500, #3187, #4618, #2707, #6392, #4518, #6580, #6286, #3850, #650, #6184, #3148, #546, #341, #1794, #5043, #1296, #6806, #2064 ) ) ;
#2331 = VECTOR ( 'NONE', #1220, 999.9999999999998900 ) ;
#2332 = DIRECTION ( 'NONE',  ( -1.000000000000000000, -0.0000000000000000000, -0.0000000000000000000 ) ) ;
#2333 = MECHANICAL_DESIGN_GEOMETRIC_PRESENTATION_REPRESENTATION (  '', ( #1183 ), #2718 ) ;
#2334 = CARTESIAN_POINT ( 'NONE',  ( -0.9499999999999999600, 11.70000000000000100, -7.839999999999999900 ) ) ;
#2335 = ORIENTED_EDGE ( 'NONE', *, *, #1102, .T. ) ;
#2336 = VECTOR ( 'NONE', #4230, 1000.000000000000000 ) ;
#2337 = EDGE_CURVE ( 'NONE', #4038, #2529, #6917, .T. ) ;
#2338 = VECTOR ( 'NONE', #516, 1000.000000000000000 ) ;
#2339 = LINE ( 'NONE', #6204, #2161 ) ;
#2340 = MECHANICAL_DESIGN_GEOMETRIC_PRESENTATION_REPRESENTATION (  '', ( #1188 ), #2725 ) ;
#2341 = FILL_AREA_STYLE_COLOUR ( '', #702 ) ;
#2342 = UNCERTAINTY_MEASURE_WITH_UNIT (LENGTH_MEASURE( 1.000000000000000100E-005 ), #377, 'distance_accuracy_value', 'NONE');
#2343 = ORIENTED_EDGE ( 'NONE', *, *, #4171, .F. ) ;
#2344 = VECTOR ( 'NONE', #3305, 1000.000000000000000 ) ;
#2345 = VERTEX_POINT ( 'NONE', #2325 ) ;
#2346 = LINE ( 'NONE', #5534, #6709 ) ;
#2347 = EDGE_LOOP ( 'NONE', ( #1186, #682, #3695, #5934, #1070, #108, #7463, #2953 ) ) ;
#2348 = CARTESIAN_POINT ( 'NONE',  ( 2.540000000000000900, 1.700000000000000000, 0.8699999999999996600 ) ) ;
#2349 = CARTESIAN_POINT ( 'NONE',  ( -2.539999999999999600, 0.0000000000000000000, -9.323421052631580600 ) ) ;
#2350 = EDGE_LOOP ( 'NONE', ( #6692, #344, #5371, #1782 ) ) ;
#2351 =( GEOMETRIC_REPRESENTATION_CONTEXT ( 3 ) GLOBAL_UNCERTAINTY_ASSIGNED_CONTEXT ( ( #4054 ) ) GLOBAL_UNIT_ASSIGNED_CONTEXT ( ( #948, #4966, #1522 ) ) REPRESENTATION_CONTEXT ( 'NONE', 'WORKASPACE' ) );
#2352 =( NAMED_UNIT ( * ) PLANE_ANGLE_UNIT ( ) SI_UNIT ( $, .RADIAN. ) );
#2353 = VERTEX_POINT ( 'NONE', #5755 ) ;
#2354 = CARTESIAN_POINT ( 'NONE',  ( 2.140000000000000100, 1.700000000000000000, -11.43000000000000100 ) ) ;
#2355 = ORIENTED_EDGE ( 'NONE', *, *, #3408, .T. ) ;
#2356 = PLANE ( 'NONE',  #4660 ) ;
#2357 =( NAMED_UNIT ( * ) PLANE_ANGLE_UNIT ( ) SI_UNIT ( $, .RADIAN. ) );
#2358 = DIRECTION ( 'NONE',  ( -0.7071067811865489100, -0.0000000000000000000, -0.7071067811865461300 ) ) ;
#2359 =( NAMED_UNIT ( * ) SI_UNIT ( $, .STERADIAN. ) SOLID_ANGLE_UNIT ( ) );
#2360 = VECTOR ( 'NONE', #6211, 1000.000000000000000 ) ;
#2361 = EDGE_CURVE ( 'NONE', #5553, #1775, #6218, .T. ) ;
#2362 = EDGE_CURVE ( 'NONE', #2316, #6078, #1658, .T. ) ;
#2363 = STYLED_ITEM ( 'NONE', ( #4399 ), #7263 ) ;
#2364 = CARTESIAN_POINT ( 'NONE',  ( 1.590000000000000100, 11.70000000000000100, -2.760000000000000200 ) ) ;
#2365 = ADVANCED_FACE ( 'NONE', ( #2999 ), #7453, .T. ) ;
#2366 = ORIENTED_EDGE ( 'NONE', *, *, #5714, .T. ) ;
#2367 = DIRECTION ( 'NONE',  ( 0.7071067811865477900, 0.0000000000000000000, -0.7071067811865473500 ) ) ;
#2368 = AXIS2_PLACEMENT_3D ( 'NONE', #6437, #3016, #6995 ) ;
#2369 = STYLED_ITEM ( 'NONE', ( #4992 ), #2259 ) ;
#2370 = VERTEX_POINT ( 'NONE', #6310 ) ;
#2371 = CARTESIAN_POINT ( 'NONE',  ( 0.0000000000000000000, -2.799999999999999400, -10.16000000000000000 ) ) ;
#2372 = FILL_AREA_STYLE ('',( #628 ) ) ;
#2373 = FILL_AREA_STYLE_COLOUR ( '', #2667 ) ;
#2374 = EDGE_CURVE ( 'NONE', #4846, #7141, #5525, .T. ) ;
#2375 = VECTOR ( 'NONE', #2685, 1000.000000000000100 ) ;
#2376 = DIRECTION ( 'NONE',  ( 0.0000000000000000000, 1.000000000000000000, 0.0000000000000000000 ) ) ;
#2377 = CARTESIAN_POINT ( 'NONE',  ( -1.590000000000000300, 11.70000000000000100, -12.48000000000000200 ) ) ;
#2378 = COLOUR_RGB ( '',0.7960784313725489700, 0.8235294117647058400, 0.9372549019607843100 ) ;
#2379 = PLANE ( 'NONE',  #6127 ) ;
#2380 = VECTOR ( 'NONE', #3671, 1000.000000000000000 ) ;
#2381 = FACE_OUTER_BOUND ( 'NONE', #5475, .T. ) ;
#2382 = EDGE_CURVE ( 'NONE', #4895, #1660, #2469, .T. ) ;
#2383 = ORIENTED_EDGE ( 'NONE', *, *, #4910, .T. ) ;
#2384 = STYLED_ITEM ( 'NONE', ( #3837 ), #5230 ) ;
#2385 = DIRECTION ( 'NONE',  ( -0.7372346670543746800, -0.0000000000000000000, 0.6756367705307528800 ) ) ;
#2386 = ORIENTED_EDGE ( 'NONE', *, *, #6583, .T. ) ;
#2387 = LINE ( 'NONE', #5513, #3930 ) ;
#2388 = CARTESIAN_POINT ( 'NONE',  ( 2.140000000000000100, 0.0000000000000000000, -6.350000000000000500 ) ) ;
#2389 = UNCERTAINTY_MEASURE_WITH_UNIT (LENGTH_MEASURE( 1.000000000000000100E-005 ), #390, 'distance_accuracy_value', 'NONE');
#2390 = EDGE_CURVE ( 'NONE', #1340, #1063, #4001, .T. ) ;
#2391 = PRESENTATION_LAYER_ASSIGNMENT (  '', '', ( #1626 ) ) ;
#2392 = FILL_AREA_STYLE_COLOUR ( '', #1939 ) ;
#2393 = LINE ( 'NONE', #4195, #5273 ) ;
#2394 = LINE ( 'NONE', #2703, #3754 ) ;
#2395 = ADVANCED_FACE ( 'NONE', ( #5343 ), #43, .F. ) ;
#2396 = CARTESIAN_POINT ( 'NONE',  ( -2.139999999999999700, 1.700000000000000000, 1.270000000000000000 ) ) ;
#2397 = PLANE ( 'NONE',  #2368 ) ;
#2398 = MECHANICAL_DESIGN_GEOMETRIC_PRESENTATION_REPRESENTATION (  '', ( #1242 ), #2791 ) ;
#2399 = DIRECTION ( 'NONE',  ( 0.0000000000000000000, 0.0000000000000000000, 1.000000000000000000 ) ) ;
#2400 =( NAMED_UNIT ( * ) SI_UNIT ( $, .STERADIAN. ) SOLID_ANGLE_UNIT ( ) );
#2401 = ORIENTED_EDGE ( 'NONE', *, *, #5449, .T. ) ;
#2402 = FACE_OUTER_BOUND ( 'NONE', #6543, .T. ) ;
#2403 = CARTESIAN_POINT ( 'NONE',  ( 2.540000000000000900, 1.700000000000000000, -11.03000000000000100 ) ) ;
#2404 = DIRECTION ( 'NONE',  ( 1.232047923278982000E-016, 0.0000000000000000000, -1.000000000000000000 ) ) ;
#2405 =( NAMED_UNIT ( * ) PLANE_ANGLE_UNIT ( ) SI_UNIT ( $, .RADIAN. ) );
#2406 = VECTOR ( 'NONE', #4449, 1000.000000000000000 ) ;
#2407 = AXIS2_PLACEMENT_3D ( 'NONE', #3206, #7184, #3806 ) ;
#2408 = PRESENTATION_LAYER_ASSIGNMENT (  '', '', ( #1642 ) ) ;
#2409 = LINE ( 'NONE', #4416, #3950 ) ;
#2410 = PRESENTATION_STYLE_ASSIGNMENT (( #3825 ) ) ;
#2411 = ORIENTED_EDGE ( 'NONE', *, *, #7167, .F. ) ;
#2412 = VECTOR ( 'NONE', #7155, 1000.000000000000100 ) ;
#2413 =( GEOMETRIC_REPRESENTATION_CONTEXT ( 3 ) GLOBAL_UNCERTAINTY_ASSIGNED_CONTEXT ( ( #6541 ) ) GLOBAL_UNIT_ASSIGNED_CONTEXT ( ( #1273, #5295, #1841 ) ) REPRESENTATION_CONTEXT ( 'NONE', 'WORKASPACE' ) );
#2414 = DIRECTION ( 'NONE',  ( 0.7071067811865481300, 0.0000000000000000000, -0.7071067811865470200 ) ) ;
#2415 = CARTESIAN_POINT ( 'NONE',  ( 1.490000000000000000, -2.799999999999999400, -0.3200000000000001200 ) ) ;
#2416 = VERTEX_POINT ( 'NONE', #68 ) ;
#2417 = VECTOR ( 'NONE', #2457, 999.9999999999998900 ) ;
#2418 = ORIENTED_EDGE ( 'NONE', *, *, #2677, .F. ) ;
#2419 =( GEOMETRIC_REPRESENTATION_CONTEXT ( 3 ) GLOBAL_UNCERTAINTY_ASSIGNED_CONTEXT ( ( #4873 ) ) GLOBAL_UNIT_ASSIGNED_CONTEXT ( ( #6822, #3434, #7397 ) ) REPRESENTATION_CONTEXT ( 'NONE', 'WORKASPACE' ) );
#2420 = LINE ( 'NONE', #4074, #2242 ) ;
#2421 = VECTOR ( 'NONE', #3495, 1000.000000000000000 ) ;
#2422 = ORIENTED_EDGE ( 'NONE', *, *, #427, .F. ) ;
#2423 = LINE ( 'NONE', #559, #3787 ) ;
#2424 = CARTESIAN_POINT ( 'NONE',  ( 1.050000000000000000, -2.799999999999999400, -5.400000000000000400 ) ) ;
#2425 = ORIENTED_EDGE ( 'NONE', *, *, #2501, .F. ) ;
#2426 = LINE ( 'NONE', #5856, #3969 ) ;
#2427 = CARTESIAN_POINT ( 'NONE',  ( -1.590000000000000300, -2.799999999999999400, 0.2199999999999998100 ) ) ;
#2428 = PRESENTATION_LAYER_ASSIGNMENT (  '', '', ( #1656 ) ) ;
#2429 = DIRECTION ( 'NONE',  ( 0.0000000000000000000, 1.000000000000000000, 0.0000000000000000000 ) ) ;
#2430 = PLANE ( 'NONE',  #1010 ) ;
#2432 = STYLED_ITEM ( 'NONE', ( #5881 ), #4889 ) ;
#2431 = VECTOR ( 'NONE', #5031, 1000.000000000000100 ) ;
#2433 = CARTESIAN_POINT ( 'NONE',  ( -1.490000000000000200, -2.799999999999999400, -2.220000000000000200 ) ) ;
#2434 = VECTOR ( 'NONE', #6934, 999.9999999999998900 ) ;
#2435 = UNCERTAINTY_MEASURE_WITH_UNIT (LENGTH_MEASURE( 1.000000000000000100E-005 ), #6009, 'distance_accuracy_value', 'NONE');
#2436 = ORIENTED_EDGE ( 'NONE', *, *, #6909, .F. ) ;
#2437 = ORIENTED_EDGE ( 'NONE', *, *, #6188, .T. ) ;
#2438 = ADVANCED_FACE ( 'NONE', ( #3283 ), #3533, .T. ) ;
#2439 = UNCERTAINTY_MEASURE_WITH_UNIT (LENGTH_MEASURE( 1.000000000000000100E-005 ), #6865, 'distance_accuracy_value', 'NONE');
#2440 = PRESENTATION_LAYER_ASSIGNMENT (  '', '', ( #1663 ) ) ;
#2441 = ORIENTED_EDGE ( 'NONE', *, *, #5227, .T. ) ;
#2442 =( NAMED_UNIT ( * ) PLANE_ANGLE_UNIT ( ) SI_UNIT ( $, .RADIAN. ) );
#2443 = CARTESIAN_POINT ( 'NONE',  ( -0.9499999999999999600, -2.799999999999999400, -4.860000000000000300 ) ) ;
#2444 = ORIENTED_EDGE ( 'NONE', *, *, #410, .F. ) ;
#2445 = ORIENTED_EDGE ( 'NONE', *, *, #3253, .F. ) ;
#2446 = CARTESIAN_POINT ( 'NONE',  ( -2.539999999999999600, 0.0000000000000000000, -9.323421052631580600 ) ) ;
#2447 = EDGE_LOOP ( 'NONE', ( #3633, #5581, #4609, #2830 ) ) ;
#2448 = VECTOR ( 'NONE', #6282, 1000.000000000000000 ) ;
#2449 = MECHANICAL_DESIGN_GEOMETRIC_PRESENTATION_REPRESENTATION (  '', ( #1282 ), #2826 ) ;
#2450 = EDGE_CURVE ( 'NONE', #4938, #5734, #2737, .T. ) ;
#2451 = FILL_AREA_STYLE ('',( #1856 ) ) ;
#2452 = DIRECTION ( 'NONE',  ( 0.7071067811865474600, 0.0000000000000000000, 0.7071067811865474600 ) ) ;
#2453 = FILL_AREA_STYLE_COLOUR ( '', #5798 ) ;
#2454 =( NAMED_UNIT ( * ) SI_UNIT ( $, .STERADIAN. ) SOLID_ANGLE_UNIT ( ) );
#2455 = CARTESIAN_POINT ( 'NONE',  ( 2.140000000000000100, 0.0000000000000000000, -8.890000000000000600 ) ) ;
#2456 = VECTOR ( 'NONE', #6699, 1000.000000000000000 ) ;
#2457 = DIRECTION ( 'NONE',  ( -0.7071067811865477900, -0.0000000000000000000, -0.7071067811865473500 ) ) ;
#2458 = SURFACE_SIDE_STYLE ('',( #3789 ) ) ;
#2459 = STYLED_ITEM ( 'NONE', ( #2523 ), #5570 ) ;
#2460 = EDGE_CURVE ( 'NONE', #4007, #2109, #7086, .T. ) ;
#2461 = STYLED_ITEM ( 'NONE', ( #1525 ), #5337 ) ;
#2462 = PRESENTATION_STYLE_ASSIGNMENT (( #826 ) ) ;
#2463 = ORIENTED_EDGE ( 'NONE', *, *, #5321, .T. ) ;
#2464 = DIRECTION ( 'NONE',  ( -1.000000000000000000, -0.0000000000000000000, -1.232047923278982200E-016 ) ) ;
#2465 = DIRECTION ( 'NONE',  ( 0.7071067811865463500, -0.0000000000000000000, 0.7071067811865487900 ) ) ;
#2466 =( GEOMETRIC_REPRESENTATION_CONTEXT ( 3 ) GLOBAL_UNCERTAINTY_ASSIGNED_CONTEXT ( ( #3319 ) ) GLOBAL_UNIT_ASSIGNED_CONTEXT ( ( #563, #4598, #1159 ) ) REPRESENTATION_CONTEXT ( 'NONE', 'WORKASPACE' ) );
#2467 =( GEOMETRIC_REPRESENTATION_CONTEXT ( 3 ) GLOBAL_UNCERTAINTY_ASSIGNED_CONTEXT ( ( #6001 ) ) GLOBAL_UNIT_ASSIGNED_CONTEXT ( ( #1862, #5870, #2454 ) ) REPRESENTATION_CONTEXT ( 'NONE', 'WORKASPACE' ) );
#2468 = ORIENTED_EDGE ( 'NONE', *, *, #5087, .F. ) ;
#2469 = LINE ( 'NONE', #632, #7002 ) ;
#2470 = DIRECTION ( 'NONE',  ( -0.7071067811865489100, -0.0000000000000000000, -0.7071067811865461300 ) ) ;
#2471 = DIRECTION ( 'NONE',  ( -0.7071067811865489100, 0.0000000000000000000, 0.7071067811865462400 ) ) ;
#2473 = ORIENTED_EDGE ( 'NONE', *, *, #1802, .T. ) ;
#2472 = STYLED_ITEM ( 'NONE', ( #6060 ), #137 ) ;
#2474 = ORIENTED_EDGE ( 'NONE', *, *, #3131, .F. ) ;
#2475 = ADVANCED_FACE ( 'NONE', ( #2553 ), #5316, .T. ) ;
#2476 = LINE ( 'NONE', #3416, #6830 ) ;
#2477 = CARTESIAN_POINT ( 'NONE',  ( -1.590000000000000300, 11.70000000000000100, -7.400000000000000400 ) ) ;
#2478 = LINE ( 'NONE', #7443, #5532 ) ;
#2479 =( NAMED_UNIT ( * ) SI_UNIT ( $, .STERADIAN. ) SOLID_ANGLE_UNIT ( ) );
#2480 = EDGE_CURVE ( 'NONE', #5324, #1820, #472, .T. ) ;
#2481 =( NAMED_UNIT ( * ) SI_UNIT ( $, .STERADIAN. ) SOLID_ANGLE_UNIT ( ) );
#2482 =( GEOMETRIC_REPRESENTATION_CONTEXT ( 3 ) GLOBAL_UNCERTAINTY_ASSIGNED_CONTEXT ( ( #6406 ) ) GLOBAL_UNIT_ASSIGNED_CONTEXT ( ( #1047, #5057, #1614 ) ) REPRESENTATION_CONTEXT ( 'NONE', 'WORKASPACE' ) );
#2483 = CARTESIAN_POINT ( 'NONE',  ( -0.9499999999999999600, -2.799999999999999400, -12.92000000000000200 ) ) ;
#2484 = LINE ( 'NONE', #4847, #960 ) ;
#2485 = UNCERTAINTY_MEASURE_WITH_UNIT (LENGTH_MEASURE( 1.000000000000000100E-005 ), #943, 'distance_accuracy_value', 'NONE');
#2486 = LINE ( 'NONE', #6408, #3653 ) ;
#2487 = VERTEX_POINT ( 'NONE', #1885 ) ;
#2488 = CARTESIAN_POINT ( 'NONE',  ( 0.9499999999999999600, -2.799999999999999400, -12.92000000000000200 ) ) ;
#2489 = PRESENTATION_STYLE_ASSIGNMENT (( #3555 ) ) ;
#2490 = FILL_AREA_STYLE ('',( #1898 ) ) ;
#2491 = VERTEX_POINT ( 'NONE', #5894 ) ;
#2492 = VECTOR ( 'NONE', #4931, 1000.000000000000000 ) ;
#2493 = CARTESIAN_POINT ( 'NONE',  ( -2.140000000000000600, 1.700000000000000000, -11.43000000000000100 ) ) ;
#2494 = SURFACE_STYLE_FILL_AREA ( #7365 ) ;
#2495 =( NAMED_UNIT ( * ) PLANE_ANGLE_UNIT ( ) SI_UNIT ( $, .RADIAN. ) );
#2496 = SURFACE_STYLE_FILL_AREA ( #7329 ) ;
#2497 =( NAMED_UNIT ( * ) SI_UNIT ( $, .STERADIAN. ) SOLID_ANGLE_UNIT ( ) );
#2498 = ORIENTED_EDGE ( 'NONE', *, *, #6698, .F. ) ;
#2499 =( NAMED_UNIT ( * ) SI_UNIT ( $, .STERADIAN. ) SOLID_ANGLE_UNIT ( ) );
#2500 = CARTESIAN_POINT ( 'NONE',  ( 1.590000000000000100, -2.799999999999999400, -0.2200000000000001400 ) ) ;
#2501 = EDGE_CURVE ( 'NONE', #2622, #1919, #4887, .T. ) ;
#2502 = DIRECTION ( 'NONE',  ( 0.0000000000000000000, 0.0000000000000000000, 1.000000000000000000 ) ) ;
#2503 = FILL_AREA_STYLE ('',( #1912 ) ) ;
#2504 = PLANE ( 'NONE',  #5858 ) ;
#2505 = ORIENTED_EDGE ( 'NONE', *, *, #5810, .T. ) ;
#2506 = SURFACE_STYLE_FILL_AREA ( #1648 ) ;
#2507 = STYLED_ITEM ( 'NONE', ( #3571 ), #3030 ) ;
#2508 = EDGE_LOOP ( 'NONE', ( #6452, #5805, #5576, #1452 ) ) ;
#2509 = EDGE_LOOP ( 'NONE', ( #512, #991, #3052, #5733 ) ) ;
#2510 = VECTOR ( 'NONE', #4090, 1000.000000000000000 ) ;
#2511 = DIRECTION ( 'NONE',  ( 1.000000000000000000, 0.0000000000000000000, 0.0000000000000000000 ) ) ;
#2512 = VERTEX_POINT ( 'NONE', #749 ) ;
#2513 = LINE ( 'NONE', #7076, #5029 ) ;
#2514 = DIRECTION ( 'NONE',  ( -1.000000000000000000, -0.0000000000000000000, -0.0000000000000000000 ) ) ;
#2515 = VERTEX_POINT ( 'NONE', #4199 ) ;
#2516 = LINE ( 'NONE', #1659, #5393 ) ;
#2517 = LINE ( 'NONE', #1920, #6880 ) ;
#2518 = ORIENTED_EDGE ( 'NONE', *, *, #5529, .F. ) ;
#2519 = DIRECTION ( 'NONE',  ( 1.000000000000000000, 0.0000000000000000000, 0.0000000000000000000 ) ) ;
#2520 = SURFACE_STYLE_USAGE ( .BOTH. , #5943 ) ;
#2521 =( NAMED_UNIT ( * ) PLANE_ANGLE_UNIT ( ) SI_UNIT ( $, .RADIAN. ) );
#2522 = CARTESIAN_POINT ( 'NONE',  ( -1.590000000000000300, -2.799999999999999400, -7.839999999999999900 ) ) ;
#2523 = PRESENTATION_STYLE_ASSIGNMENT (( #5527 ) ) ;
#2524 = UNCERTAINTY_MEASURE_WITH_UNIT (LENGTH_MEASURE( 1.000000000000000100E-005 ), #1359, 'distance_accuracy_value', 'NONE');
#2525 = ORIENTED_EDGE ( 'NONE', *, *, #4942, .T. ) ;
#2526 =( LENGTH_UNIT ( ) NAMED_UNIT ( * ) SI_UNIT ( .MILLI., .METRE. ) );
#2527 = EDGE_CURVE ( 'NONE', #6672, #5314, #2004, .T. ) ;
#2528 = DIRECTION ( 'NONE',  ( 0.0000000000000000000, 0.0000000000000000000, 1.000000000000000000 ) ) ;
#2529 = VERTEX_POINT ( 'NONE', #7015 ) ;
#2530 = LINE ( 'NONE', #4100, #5590 ) ;
#2531 = PRESENTATION_STYLE_ASSIGNMENT (( #98 ) ) ;
#2532 = EDGE_CURVE ( 'NONE', #5154, #1320, #1825, .T. ) ;
#2533 = FILL_AREA_STYLE_COLOUR ( '', #3336 ) ;
#2534 = DIRECTION ( 'NONE',  ( 0.7071067811865473500, -0.0000000000000000000, 0.7071067811865477900 ) ) ;
#2535 = VERTEX_POINT ( 'NONE', #5922 ) ;
#2536 = CARTESIAN_POINT ( 'NONE',  ( 2.140000000000000100, 1.700000000000000000, -13.97000000000000100 ) ) ;
#2537 = STYLED_ITEM ( 'NONE', ( #2578 ), #1471 ) ;
#2538 = EDGE_CURVE ( 'NONE', #1057, #5953, #272, .T. ) ;
#2539 = FILL_AREA_STYLE ('',( #1377 ) ) ;
#2540 = DIRECTION ( 'NONE',  ( 0.7071067811865486800, 0.0000000000000000000, 0.7071067811865464600 ) ) ;
#2541 = VECTOR ( 'NONE', #3997, 1000.000000000000000 ) ;
#2542 = LINE ( 'NONE', #2038, #1030 ) ;
#2543 = ORIENTED_EDGE ( 'NONE', *, *, #4603, .T. ) ;
#2544 = CARTESIAN_POINT ( 'NONE',  ( -1.590000000000000300, -2.799999999999999400, -5.300000000000000700 ) ) ;
#2545 = DIRECTION ( 'NONE',  ( -0.7071067811865469100, -0.0000000000000000000, 0.7071067811865482400 ) ) ;
#2546 = DIRECTION ( 'NONE',  ( 1.000000000000000000, 0.0000000000000000000, 0.0000000000000000000 ) ) ;
#2547 = CARTESIAN_POINT ( 'NONE',  ( 2.140000000000001500, 0.0000000000000000000, -3.810000000000000100 ) ) ;
#2548 = ORIENTED_EDGE ( 'NONE', *, *, #4693, .T. ) ;
#2549 = STYLED_ITEM ( 'NONE', ( #3909 ), #2707 ) ;
#2550 = AXIS2_PLACEMENT_3D ( 'NONE', #3917, #447, #4488 ) ;
#2551 = VECTOR ( 'NONE', #1506, 999.9999999999998900 ) ;
#2552 =( LENGTH_UNIT ( ) NAMED_UNIT ( * ) SI_UNIT ( .MILLI., .METRE. ) );
#2553 = FACE_OUTER_BOUND ( 'NONE', #6856, .T. ) ;
#2554 = FILL_AREA_STYLE ('',( #4837 ) ) ;
#2555 = MECHANICAL_DESIGN_GEOMETRIC_PRESENTATION_REPRESENTATION (  '', ( #1386 ), #2931 ) ;
#2556 = LINE ( 'NONE', #5804, #5429 ) ;
#2557 = VECTOR ( 'NONE', #2385, 1000.000000000000100 ) ;
#2558 = CARTESIAN_POINT ( 'NONE',  ( -1.050000000000000000, -2.799999999999999400, -5.400000000000000400 ) ) ;
#2559 =( NAMED_UNIT ( * ) PLANE_ANGLE_UNIT ( ) SI_UNIT ( $, .RADIAN. ) );
#2560 =( NAMED_UNIT ( * ) SI_UNIT ( $, .STERADIAN. ) SOLID_ANGLE_UNIT ( ) );
#2561 = FILL_AREA_STYLE ('',( #6545 ) ) ;
#2562 = MECHANICAL_DESIGN_GEOMETRIC_PRESENTATION_REPRESENTATION (  '', ( #1390 ), #2939 ) ;
#2563 = ORIENTED_EDGE ( 'NONE', *, *, #2776, .F. ) ;
#2564 = ORIENTED_EDGE ( 'NONE', *, *, #5379, .T. ) ;
#2565 = FILL_AREA_STYLE ('',( #194 ) ) ;
#2566 = UNCERTAINTY_MEASURE_WITH_UNIT (LENGTH_MEASURE( 1.000000000000000100E-005 ), #4301, 'distance_accuracy_value', 'NONE');
#2567 = FACE_OUTER_BOUND ( 'NONE', #3135, .T. ) ;
#2568 = FILL_AREA_STYLE ('',( #1398 ) ) ;
#2569 = MECHANICAL_DESIGN_GEOMETRIC_PRESENTATION_REPRESENTATION (  '', ( #1399 ), #2948 ) ;
#2570 = DIRECTION ( 'NONE',  ( 1.000000000000000000, 0.0000000000000000000, 0.0000000000000000000 ) ) ;
#2571 = CARTESIAN_POINT ( 'NONE',  ( -2.540000000000000000, 1.700000000000000000, -8.523421052631579900 ) ) ;
#2572 = VECTOR ( 'NONE', #2613, 1000.000000000000000 ) ;
#2573 = PRESENTATION_STYLE_ASSIGNMENT (( #3636 ) ) ;
#2574 = EDGE_CURVE ( 'NONE', #6530, #6383, #6384, .T. ) ;
#2575 = VECTOR ( 'NONE', #7010, 1000.000000000000000 ) ;
#2576 = DIRECTION ( 'NONE',  ( -0.7071067811865464600, 0.0000000000000000000, 0.7071067811865486800 ) ) ;
#2577 = FILL_AREA_STYLE_COLOUR ( '', #5983 ) ;
#2578 = PRESENTATION_STYLE_ASSIGNMENT (( #5340 ) ) ;
#2579 = CARTESIAN_POINT ( 'NONE',  ( 0.9499999999999999600, 11.70000000000000100, -12.48000000000000200 ) ) ;
#2580 = AXIS2_PLACEMENT_3D ( 'NONE', #958, #4975, #1533 ) ;
#2581 = FACE_OUTER_BOUND ( 'NONE', #2238, .T. ) ;
#2582 = VECTOR ( 'NONE', #7398, 1000.000000000000000 ) ;
#2583 = PRESENTATION_STYLE_ASSIGNMENT (( #5946 ) ) ;
#2584 = ORIENTED_EDGE ( 'NONE', *, *, #1457, .T. ) ;
#2585 = LINE ( 'NONE', #6750, #4115 ) ;
#2586 = FILL_AREA_STYLE_COLOUR ( '', #2608 ) ;
#2587 = DIRECTION ( 'NONE',  ( 0.0000000000000000000, -0.0000000000000000000, -1.000000000000000000 ) ) ;
#2588 =( NAMED_UNIT ( * ) PLANE_ANGLE_UNIT ( ) SI_UNIT ( $, .RADIAN. ) );
#2589 = PRESENTATION_LAYER_ASSIGNMENT (  '', '', ( #1809 ) ) ;
#2590 = SURFACE_STYLE_FILL_AREA ( #2122 ) ;
#2591 = ORIENTED_EDGE ( 'NONE', *, *, #155, .F. ) ;
#2592 = VECTOR ( 'NONE', #3800, 1000.000000000000000 ) ;
#2593 = VECTOR ( 'NONE', #2874, 1000.000000000000000 ) ;
#2594 = ADVANCED_FACE ( 'NONE', ( #6033 ), #4223, .F. ) ;
#2595 =( LENGTH_UNIT ( ) NAMED_UNIT ( * ) SI_UNIT ( .MILLI., .METRE. ) );
#2596 = CARTESIAN_POINT ( 'NONE',  ( 2.140000000000001500, 0.0000000000000000000, -6.349999999999999600 ) ) ;
#2597 = LINE ( 'NONE', #4165, #5653 ) ;
#2598 = FILL_AREA_STYLE ('',( #6018 ) ) ;
#2599 =( LENGTH_UNIT ( ) NAMED_UNIT ( * ) SI_UNIT ( .MILLI., .METRE. ) );
#2600 = CARTESIAN_POINT ( 'NONE',  ( -2.540000000000000000, 1.700000000000000000, -3.443421052631578900 ) ) ;
#2601 = ORIENTED_EDGE ( 'NONE', *, *, #6074, .F. ) ;
#2602 = MECHANICAL_DESIGN_GEOMETRIC_PRESENTATION_REPRESENTATION (  '', ( #1437 ), #2977 ) ;
#2603 = SURFACE_STYLE_USAGE ( .BOTH. , #6025 ) ;
#2604 = DIRECTION ( 'NONE',  ( 0.7071067811865477900, 0.0000000000000000000, -0.7071067811865473500 ) ) ;
#2605 = EDGE_CURVE ( 'NONE', #4217, #4849, #5519, .T. ) ;
#2606 = PRESENTATION_LAYER_ASSIGNMENT (  '', '', ( #1823 ) ) ;
#2607 = DIRECTION ( 'NONE',  ( 0.0000000000000000000, 0.0000000000000000000, 1.000000000000000000 ) ) ;
#2608 = COLOUR_RGB ( '',0.7960784313725489700, 0.8235294117647058400, 0.9372549019607843100 ) ;
#2609 = ORIENTED_EDGE ( 'NONE', *, *, #5214, .F. ) ;
#2610 = MECHANICAL_DESIGN_GEOMETRIC_PRESENTATION_REPRESENTATION (  '', ( #1447 ), #2984 ) ;
#2611 =( GEOMETRIC_REPRESENTATION_CONTEXT ( 3 ) GLOBAL_UNCERTAINTY_ASSIGNED_CONTEXT ( ( #724 ) ) GLOBAL_UNIT_ASSIGNED_CONTEXT ( ( #5775, #2352, #6342 ) ) REPRESENTATION_CONTEXT ( 'NONE', 'WORKASPACE' ) );
#2612 =( LENGTH_UNIT ( ) NAMED_UNIT ( * ) SI_UNIT ( .MILLI., .METRE. ) );
#2613 = DIRECTION ( 'NONE',  ( 0.7071067811865470200, 0.0000000000000000000, -0.7071067811865481300 ) ) ;
#2614 = CARTESIAN_POINT ( 'NONE',  ( 1.490000000000000000, 11.70000000000000100, -7.940000000000001300 ) ) ;
#2615 = SURFACE_STYLE_USAGE ( .BOTH. , #6032 ) ;
#2616 = EDGE_LOOP ( 'NONE', ( #6991, #4756, #4350, #2060 ) ) ;
#2617 = COLOUR_RGB ( '',0.0000000000000000000, 0.003921568627450980300, 0.09019607843137254800 ) ;
#2618 = MECHANICAL_DESIGN_GEOMETRIC_PRESENTATION_REPRESENTATION (  '', ( #1833 ), #2989 ) ;
#2619 = CARTESIAN_POINT ( 'NONE',  ( 2.540000000000000900, 1.700000000000000000, -0.8700000000000006600 ) ) ;
#2620 = UNCERTAINTY_MEASURE_WITH_UNIT (LENGTH_MEASURE( 1.000000000000000100E-005 ), #878, 'distance_accuracy_value', 'NONE');
#2621 = DIRECTION ( 'NONE',  ( -0.7071067811865489100, 0.0000000000000000000, 0.7071067811865462400 ) ) ;
#2622 = VERTEX_POINT ( 'NONE', #2544 ) ;
#2623 = MECHANICAL_DESIGN_GEOMETRIC_PRESENTATION_REPRESENTATION (  '', ( #1463 ), #2995 ) ;
#2624 = CARTESIAN_POINT ( 'NONE',  ( -0.9499999999999999600, 11.70000000000000100, -0.2199999999999999700 ) ) ;
#2625 =( NAMED_UNIT ( * ) SI_UNIT ( $, .STERADIAN. ) SOLID_ANGLE_UNIT ( ) );
#2626 = SURFACE_SIDE_STYLE ('',( #1584 ) ) ;
#2627 = DIRECTION ( 'NONE',  ( 0.0000000000000000000, 0.0000000000000000000, 1.000000000000000000 ) ) ;
#2628 = EDGE_CURVE ( 'NONE', #5123, #6689, #934, .T. ) ;
#2629 =( LENGTH_UNIT ( ) NAMED_UNIT ( * ) SI_UNIT ( .MILLI., .METRE. ) );
#2630 = ADVANCED_FACE ( 'NONE', ( #3996 ), #5966, .T. ) ;
#2631 = EDGE_CURVE ( 'NONE', #1689, #2487, #4789, .T. ) ;
#2632 = LINE ( 'NONE', #1565, #5684 ) ;
#2633 = ORIENTED_EDGE ( 'NONE', *, *, #966, .F. ) ;
#2634 = FILL_AREA_STYLE ('',( #4340 ) ) ;
#2635 = CARTESIAN_POINT ( 'NONE',  ( -1.050000000000000000, -2.799999999999999400, -0.3200000000000000600 ) ) ;
#2636 = DIRECTION ( 'NONE',  ( 0.7071067811865470200, 0.0000000000000000000, -0.7071067811865481300 ) ) ;
#2637 = DIRECTION ( 'NONE',  ( 0.7071067811865477900, 0.0000000000000000000, -0.7071067811865473500 ) ) ;
#2638 = ORIENTED_EDGE ( 'NONE', *, *, #3549, .F. ) ;
#2639 = LINE ( 'NONE', #5623, #4168 ) ;
#2640 = DIRECTION ( 'NONE',  ( -0.0000000000000000000, 1.000000000000000000, 0.0000000000000000000 ) ) ;
#2641 = SURFACE_STYLE_USAGE ( .BOTH. , #6065 ) ;
#2642 = EDGE_CURVE ( 'NONE', #4258, #1919, #1906, .T. ) ;
#2643 = SURFACE_STYLE_USAGE ( .BOTH. , #6068 ) ;
#2644 =( NAMED_UNIT ( * ) PLANE_ANGLE_UNIT ( ) SI_UNIT ( $, .RADIAN. ) );
#2645 =( NAMED_UNIT ( * ) SI_UNIT ( $, .STERADIAN. ) SOLID_ANGLE_UNIT ( ) );
#2646 = PLANE ( 'NONE',  #3505 ) ;
#2647 = EDGE_LOOP ( 'NONE', ( #3676, #6150, #4695, #993 ) ) ;
#2648 =( GEOMETRIC_REPRESENTATION_CONTEXT ( 3 ) GLOBAL_UNCERTAINTY_ASSIGNED_CONTEXT ( ( #6582 ) ) GLOBAL_UNIT_ASSIGNED_CONTEXT ( ( #168, #4218, #769 ) ) REPRESENTATION_CONTEXT ( 'NONE', 'WORKASPACE' ) );
#2649 = VERTEX_POINT ( 'NONE', #3716 ) ;
#2650 = VERTEX_POINT ( 'NONE', #4880 ) ;
#2651 = CARTESIAN_POINT ( 'NONE',  ( -1.490000000000000000, -2.799999999999999400, -0.3200000000000001200 ) ) ;
#2652 = STYLED_ITEM ( 'NONE', ( #7307 ), #6151 ) ;
#2653 = SURFACE_STYLE_FILL_AREA ( #6197 ) ;
#2654 =( NAMED_UNIT ( * ) PLANE_ANGLE_UNIT ( ) SI_UNIT ( $, .RADIAN. ) );
#2655 = ORIENTED_EDGE ( 'NONE', *, *, #1360, .T. ) ;
#2656 =( LENGTH_UNIT ( ) NAMED_UNIT ( * ) SI_UNIT ( .MILLI., .METRE. ) );
#2657 = FILL_AREA_STYLE ('',( #931 ) ) ;
#2658 =( NAMED_UNIT ( * ) PLANE_ANGLE_UNIT ( ) SI_UNIT ( $, .RADIAN. ) );
#2659 = UNCERTAINTY_MEASURE_WITH_UNIT (LENGTH_MEASURE( 1.000000000000000100E-005 ), #841, 'distance_accuracy_value', 'NONE');
#2660 =( NAMED_UNIT ( * ) SI_UNIT ( $, .STERADIAN. ) SOLID_ANGLE_UNIT ( ) );
#2661 = VECTOR ( 'NONE', #7087, 1000.000000000000000 ) ;
#2662 = ADVANCED_FACE ( 'NONE', ( #6293 ), #1432, .T. ) ;
#2663 = VECTOR ( 'NONE', #5801, 1000.000000000000000 ) ;
#2664 = DIRECTION ( 'NONE',  ( -0.7071067811865469100, -0.0000000000000000000, 0.7071067811865482400 ) ) ;
#2665 = SURFACE_STYLE_FILL_AREA ( #2372 ) ;
#2666 = PRESENTATION_STYLE_ASSIGNMENT (( #4330 ) ) ;
#2667 = COLOUR_RGB ( '',0.7960784313725489700, 0.8235294117647058400, 0.9372549019607843100 ) ;
#2668 = DIRECTION ( 'NONE',  ( 0.6782059721786389800, 0.0000000000000000000, 0.7348718659067220400 ) ) ;
#2670 =( LENGTH_UNIT ( ) NAMED_UNIT ( * ) SI_UNIT ( .MILLI., .METRE. ) );
#2669 =( GEOMETRIC_REPRESENTATION_CONTEXT ( 3 ) GLOBAL_UNCERTAINTY_ASSIGNED_CONTEXT ( ( #1323 ) ) GLOBAL_UNIT_ASSIGNED_CONTEXT ( ( #4341, #905, #4921 ) ) REPRESENTATION_CONTEXT ( 'NONE', 'WORKASPACE' ) );
#2671 =( NAMED_UNIT ( * ) PLANE_ANGLE_UNIT ( ) SI_UNIT ( $, .RADIAN. ) );
#2672 = ORIENTED_EDGE ( 'NONE', *, *, #5449, .F. ) ;
#2673 = PLANE ( 'NONE',  #4103 ) ;
#2674 = VECTOR ( 'NONE', #7344, 1000.000000000000000 ) ;
#2675 = DIRECTION ( 'NONE',  ( 0.0000000000000000000, -0.0000000000000000000, -1.000000000000000000 ) ) ;
#2676 = LINE ( 'NONE', #1577, #1151 ) ;
#2677 = EDGE_CURVE ( 'NONE', #4336, #6181, #7081, .T. ) ;
#2678 = ORIENTED_EDGE ( 'NONE', *, *, #3993, .F. ) ;
#2679 =( GEOMETRIC_REPRESENTATION_CONTEXT ( 3 ) GLOBAL_UNCERTAINTY_ASSIGNED_CONTEXT ( ( #854 ) ) GLOBAL_UNIT_ASSIGNED_CONTEXT ( ( #5779, #2357, #6346 ) ) REPRESENTATION_CONTEXT ( 'NONE', 'WORKASPACE' ) );
#2680 = PRESENTATION_STYLE_ASSIGNMENT (( #5356 ) ) ;
#2681 = DIRECTION ( 'NONE',  ( 1.232047923278982000E-016, 0.0000000000000000000, -1.000000000000000000 ) ) ;
#2682 = CARTESIAN_POINT ( 'NONE',  ( 2.140000000000001500, 0.0000000000000000000, -3.810000000000000100 ) ) ;
#2683 = LINE ( 'NONE', #4861, #599 ) ;
#2684 = VERTEX_POINT ( 'NONE', #2624 ) ;
#2685 = DIRECTION ( 'NONE',  ( 0.7071067811865486800, 0.0000000000000000000, -0.7071067811865463500 ) ) ;
#2686 = DIRECTION ( 'NONE',  ( 0.7071067811865474600, 0.0000000000000000000, 0.7071067811865474600 ) ) ;
#2687 = PLANE ( 'NONE',  #7420 ) ;
#2688 = EDGE_CURVE ( 'NONE', #7055, #6812, #2542, .T. ) ;
#2689 = COLOUR_RGB ( '',0.7960784313725489700, 0.8235294117647058400, 0.9372549019607843100 ) ;
#2690 = VERTEX_POINT ( 'NONE', #7172 ) ;
#2691 = ORIENTED_EDGE ( 'NONE', *, *, #2374, .T. ) ;
#2692 = CLOSED_SHELL ( 'NONE', ( #1126, #2819, #7263, #4132, #1723, #3922, #5533, #4169, #4552, #4928 ) ) ;
#2693 = ORIENTED_EDGE ( 'NONE', *, *, #4675, .T. ) ;
#2694 = CARTESIAN_POINT ( 'NONE',  ( -1.590000000000000300, -2.799999999999999400, -2.320000000000000300 ) ) ;
#2695 = COLOUR_RGB ( '',0.7960784313725489700, 0.8235294117647058400, 0.9372549019607843100 ) ;
#2696 = CARTESIAN_POINT ( 'NONE',  ( -2.539999999999999600, 0.0000000000000000000, -11.86342105263158000 ) ) ;
#2697 = SURFACE_STYLE_USAGE ( .BOTH. , #2724 ) ;
#2698 = ORIENTED_EDGE ( 'NONE', *, *, #1983, .F. ) ;
#2699 = ORIENTED_EDGE ( 'NONE', *, *, #3470, .F. ) ;
#2700 = VECTOR ( 'NONE', #4791, 1000.000000000000000 ) ;
#2701 = PRESENTATION_LAYER_ASSIGNMENT (  '', '', ( #1916 ) ) ;
#2702 = ORIENTED_EDGE ( 'NONE', *, *, #807, .T. ) ;
#2703 = CARTESIAN_POINT ( 'NONE',  ( 2.140000000000000100, 1.700000000000000000, -1.270000000000000000 ) ) ;
#2704 = FILL_AREA_STYLE_COLOUR ( '', #2227 ) ;
#2705 =( NAMED_UNIT ( * ) PLANE_ANGLE_UNIT ( ) SI_UNIT ( $, .RADIAN. ) );
#2706 = EDGE_CURVE ( 'NONE', #3191, #3445, #5606, .T. ) ;
#2707 = ADVANCED_FACE ( 'NONE', ( #4077 ), #5510, .F. ) ;
#2708 = VECTOR ( 'NONE', #268, 1000.000000000000000 ) ;
#2709 = SURFACE_STYLE_USAGE ( .BOTH. , #6130 ) ;
#2710 =( LENGTH_UNIT ( ) NAMED_UNIT ( * ) SI_UNIT ( .MILLI., .METRE. ) );
#2711 = PRESENTATION_LAYER_ASSIGNMENT (  '', '', ( #1924 ) ) ;
#2712 = VERTEX_POINT ( 'NONE', #4351 ) ;
#2713 = FILL_AREA_STYLE_COLOUR ( '', #4996 ) ;
#2714 = CARTESIAN_POINT ( 'NONE',  ( -1.490000000000000200, -2.799999999999999400, 0.3199999999999998400 ) ) ;
#2715 = FILL_AREA_STYLE_COLOUR ( '', #3427 ) ;
#2716 = UNCERTAINTY_MEASURE_WITH_UNIT (LENGTH_MEASURE( 1.000000000000000100E-005 ), #6124, 'distance_accuracy_value', 'NONE');
#2717 = PRESENTATION_LAYER_ASSIGNMENT (  '', '', ( #1932 ) ) ;
#2718 =( GEOMETRIC_REPRESENTATION_CONTEXT ( 3 ) GLOBAL_UNCERTAINTY_ASSIGNED_CONTEXT ( ( #7175 ) ) GLOBAL_UNIT_ASSIGNED_CONTEXT ( ( #6086, #2658, #6647 ) ) REPRESENTATION_CONTEXT ( 'NONE', 'WORKASPACE' ) );
#2719 = EDGE_CURVE ( 'NONE', #3057, #6016, #4878, .T. ) ;
#2720 =( LENGTH_UNIT ( ) NAMED_UNIT ( * ) SI_UNIT ( .MILLI., .METRE. ) );
#2721 = FILL_AREA_STYLE_COLOUR ( '', #1766 ) ;
#2722 = VERTEX_POINT ( 'NONE', #1515 ) ;
#2723 =( LENGTH_UNIT ( ) NAMED_UNIT ( * ) SI_UNIT ( .MILLI., .METRE. ) );
#2724 = SURFACE_SIDE_STYLE ('',( #5746 ) ) ;
#2725 =( GEOMETRIC_REPRESENTATION_CONTEXT ( 3 ) GLOBAL_UNCERTAINTY_ASSIGNED_CONTEXT ( ( #6720 ) ) GLOBAL_UNIT_ASSIGNED_CONTEXT ( ( #5403, #1951, #5958 ) ) REPRESENTATION_CONTEXT ( 'NONE', 'WORKASPACE' ) );
#2726 = CARTESIAN_POINT ( 'NONE',  ( 0.9499999999999999600, -2.799999999999999400, -4.860000000000000300 ) ) ;
#2727 = CARTESIAN_POINT ( 'NONE',  ( 1.490000000000000000, 11.70000000000000100, -7.299999999999999800 ) ) ;
#2728 = DIRECTION ( 'NONE',  ( -1.000000000000000000, 0.0000000000000000000, 0.0000000000000000000 ) ) ;
#2729 = SURFACE_STYLE_FILL_AREA ( #1131 ) ;
#2730 = VECTOR ( 'NONE', #852, 1000.000000000000000 ) ;
#2731 = ORIENTED_EDGE ( 'NONE', *, *, #2374, .F. ) ;
#2732 = SURFACE_STYLE_USAGE ( .BOTH. , #6152 ) ;
#2733 = CARTESIAN_POINT ( 'NONE',  ( 1.490000000000000000, -2.799999999999999400, -9.840000000000001600 ) ) ;
#2734 = FILL_AREA_STYLE ('',( #6732 ) ) ;
#2735 = ORIENTED_EDGE ( 'NONE', *, *, #6930, .T. ) ;
#2736 = SURFACE_STYLE_USAGE ( .BOTH. , #6156 ) ;
#2737 = LINE ( 'NONE', #6362, #4251 ) ;
#2738 = SURFACE_SIDE_STYLE ('',( #271 ) ) ;
#2739 = SURFACE_STYLE_USAGE ( .BOTH. , #6158 ) ;
#2740 = SURFACE_STYLE_USAGE ( .BOTH. , #6159 ) ;
#2741 = EDGE_LOOP ( 'NONE', ( #3797, #3222, #7004, #1449 ) ) ;
#2742 = ADVANCED_FACE ( 'NONE', ( #263 ), #4961, .T. ) ;
#2743 = FILL_AREA_STYLE_COLOUR ( '', #6793 ) ;
#2744 = EDGE_CURVE ( 'NONE', #4596, #2899, #7171, .T. ) ;
#2745 = EDGE_CURVE ( 'NONE', #2266, #3133, #4338, .T. ) ;
#2746 = AXIS2_PLACEMENT_3D ( 'NONE', #6353, #2932, #6913 ) ;
#2747 = ORIENTED_EDGE ( 'NONE', *, *, #5529, .T. ) ;
#2748 = LINE ( 'NONE', #4971, #5790 ) ;
#2749 = CARTESIAN_POINT ( 'NONE',  ( -1.490000000000000000, 11.70000000000000100, -13.02000000000000100 ) ) ;
#2750 =( LENGTH_UNIT ( ) NAMED_UNIT ( * ) SI_UNIT ( .MILLI., .METRE. ) );
#2751 = PRESENTATION_LAYER_ASSIGNMENT (  '', '', ( #1975 ) ) ;
#2752 = AXIS2_PLACEMENT_3D ( 'NONE', #4520, #1079, #5090 ) ;
#2753 = VERTEX_POINT ( 'NONE', #5007 ) ;
#2754 = LINE ( 'NONE', #3750, #5793 ) ;
#2755 = COLOUR_RGB ( '',0.7960784313725489700, 0.8235294117647058400, 0.9372549019607843100 ) ;
#2756 = UNCERTAINTY_MEASURE_WITH_UNIT (LENGTH_MEASURE( 1.000000000000000100E-005 ), #7216, 'distance_accuracy_value', 'NONE');
#2757 = DIRECTION ( 'NONE',  ( -1.000000000000000000, 0.0000000000000000000, 0.0000000000000000000 ) ) ;
#2758 = VECTOR ( 'NONE', #4745, 999.9999999999998900 ) ;
#2759 = VECTOR ( 'NONE', #3282, 1000.000000000000000 ) ;
#2760 = EDGE_CURVE ( 'NONE', #5266, #2512, #1115, .T. ) ;
#2761 = LINE ( 'NONE', #6436, #5634 ) ;
#2762 = SURFACE_STYLE_FILL_AREA ( #2276 ) ;
#2763 = FACE_OUTER_BOUND ( 'NONE', #1337, .T. ) ;
#2764 = LINE ( 'NONE', #3658, #7115 ) ;
#2765 = STYLED_ITEM ( 'NONE', ( #3350 ), #6767 ) ;
#2766 = ORIENTED_EDGE ( 'NONE', *, *, #1771, .T. ) ;
#2767 = COLOUR_RGB ( '',0.7960784313725489700, 0.8235294117647058400, 0.9372549019607843100 ) ;
#2768 = DIRECTION ( 'NONE',  ( -0.7071067811865469100, 0.0000000000000000000, 0.7071067811865482400 ) ) ;
#2769 = EDGE_CURVE ( 'NONE', #2353, #2268, #2632, .T. ) ;
#2770 = AXIS2_PLACEMENT_3D ( 'NONE', #2857, #6829, #3442 ) ;
#2771 = ORIENTED_EDGE ( 'NONE', *, *, #4367, .T. ) ;
#2772 = SURFACE_STYLE_FILL_AREA ( #6848 ) ;
#2773 = SURFACE_STYLE_USAGE ( .BOTH. , #6192 ) ;
#2774 = CARTESIAN_POINT ( 'NONE',  ( -2.540000000000000000, 1.700000000000000000, -11.06342105263158100 ) ) ;
#2775 = DIRECTION ( 'NONE',  ( -0.7071067811865489100, -0.0000000000000000000, 0.7071067811865462400 ) ) ;
#2776 = EDGE_CURVE ( 'NONE', #6187, #698, #5509, .T. ) ;
#2777 = VECTOR ( 'NONE', #1389, 1000.000000000000000 ) ;
#2778 = MECHANICAL_DESIGN_GEOMETRIC_PRESENTATION_REPRESENTATION (  '', ( #1626 ), #3154 ) ;
#2779 = ADVANCED_FACE ( 'NONE', ( #1279 ), #6614, .T. ) ;
#2780 = ORIENTED_EDGE ( 'NONE', *, *, #6583, .F. ) ;
#2781 = EDGE_LOOP ( 'NONE', ( #4593, #430, #3860, #5143 ) ) ;
#2782 = FACE_OUTER_BOUND ( 'NONE', #756, .T. ) ;
#2783 = SURFACE_SIDE_STYLE ('',( #2653 ) ) ;
#2784 = FILL_AREA_STYLE ('',( #5070 ) ) ;
#2785 = DIRECTION ( 'NONE',  ( 0.7071067811865463500, -0.0000000000000000000, 0.7071067811865487900 ) ) ;
#2786 = ORIENTED_EDGE ( 'NONE', *, *, #4300, .T. ) ;
#2787 = VECTOR ( 'NONE', #6006, 1000.000000000000000 ) ;
#2788 = CARTESIAN_POINT ( 'NONE',  ( 0.9499999999999999600, 11.70000000000000100, -0.2200000000000000000 ) ) ;
#2789 = CARTESIAN_POINT ( 'NONE',  ( -1.590000000000000300, -2.799999999999999400, -5.300000000000000700 ) ) ;
#2790 = ORIENTED_EDGE ( 'NONE', *, *, #12, .T. ) ;
#2791 =( GEOMETRIC_REPRESENTATION_CONTEXT ( 3 ) GLOBAL_UNCERTAINTY_ASSIGNED_CONTEXT ( ( #3736 ) ) GLOBAL_UNIT_ASSIGNED_CONTEXT ( ( #5540, #2101, #6102 ) ) REPRESENTATION_CONTEXT ( 'NONE', 'WORKASPACE' ) );
#2792 = VECTOR ( 'NONE', #4977, 1000.000000000000000 ) ;
#2793 = DIRECTION ( 'NONE',  ( -0.0000000000000000000, -1.000000000000000000, -0.0000000000000000000 ) ) ;
#2794 = VERTEX_POINT ( 'NONE', #3897 ) ;
#2795 = LINE ( 'NONE', #5560, #1263 ) ;
#2796 = PRESENTATION_LAYER_ASSIGNMENT (  '', '', ( #2014 ) ) ;
#2797 = MECHANICAL_DESIGN_GEOMETRIC_PRESENTATION_REPRESENTATION (  '', ( #1642 ), #3170 ) ;
#2798 = SHAPE_DEFINITION_REPRESENTATION ( #37, #5337 ) ;
#2799 = SURFACE_STYLE_FILL_AREA ( #2539 ) ;
#2800 = CARTESIAN_POINT ( 'NONE',  ( 0.9499999999999999600, -2.799999999999999400, -2.760000000000000200 ) ) ;
#2801 = ORIENTED_EDGE ( 'NONE', *, *, #178, .T. ) ;
#2802 = SURFACE_SIDE_STYLE ('',( #5640 ) ) ;
#2803 = ORIENTED_EDGE ( 'NONE', *, *, #6367, .T. ) ;
#2804 = ORIENTED_EDGE ( 'NONE', *, *, #1224, .T. ) ;
#2805 = SURFACE_STYLE_USAGE ( .BOTH. , #6219 ) ;
#2806 = CARTESIAN_POINT ( 'NONE',  ( 2.140000000000001500, 0.0000000000000000000, -11.43000000000000100 ) ) ;
#2807 =( NAMED_UNIT ( * ) PLANE_ANGLE_UNIT ( ) SI_UNIT ( $, .RADIAN. ) );
#2808 = MANIFOLD_SOLID_BREP ( 'LPattern3[11]', #4529 ) ;
#2809 = SURFACE_STYLE_USAGE ( .BOTH. , #6222 ) ;
#2810 = SURFACE_STYLE_USAGE ( .BOTH. , #6223 ) ;
#2811 = DIRECTION ( 'NONE',  ( 0.0000000000000000000, 0.0000000000000000000, 1.000000000000000000 ) ) ;
#2812 =( LENGTH_UNIT ( ) NAMED_UNIT ( * ) SI_UNIT ( .MILLI., .METRE. ) );
#2813 = ORIENTED_EDGE ( 'NONE', *, *, #2337, .T. ) ;
#2814 = MECHANICAL_DESIGN_GEOMETRIC_PRESENTATION_REPRESENTATION (  '', ( #1656 ), #3190 ) ;
#2815 = VECTOR ( 'NONE', #5171, 1000.000000000000000 ) ;
#2816 = VECTOR ( 'NONE', #3872, 1000.000000000000000 ) ;
#2817 = ORIENTED_EDGE ( 'NONE', *, *, #1588, .F. ) ;
#2818 = AXIS2_PLACEMENT_3D ( 'NONE', #1182, #5196, #1754 ) ;
#2819 = ADVANCED_FACE ( 'NONE', ( #355 ), #4361, .T. ) ;
#2820 = CARTESIAN_POINT ( 'NONE',  ( 2.540000000000000900, 0.0000000000000000000, -5.950000000000001100 ) ) ;
#2821 = MECHANICAL_DESIGN_GEOMETRIC_PRESENTATION_REPRESENTATION (  '', ( #1663 ), #3204 ) ;
#2822 = CARTESIAN_POINT ( 'NONE',  ( -0.9499999999999999600, -2.799999999999999400, -12.48000000000000200 ) ) ;
#2823 = SURFACE_SIDE_STYLE ('',( #405 ) ) ;
#2824 = PLANE ( 'NONE',  #6782 ) ;
#2825 = FILL_AREA_STYLE ('',( #2256 ) ) ;
#2826 =( GEOMETRIC_REPRESENTATION_CONTEXT ( 3 ) GLOBAL_UNCERTAINTY_ASSIGNED_CONTEXT ( ( #2167 ) ) GLOBAL_UNIT_ASSIGNED_CONTEXT ( ( #728, #4748, #1305 ) ) REPRESENTATION_CONTEXT ( 'NONE', 'WORKASPACE' ) );
#2827 = ORIENTED_EDGE ( 'NONE', *, *, #1457, .F. ) ;
#2828 = EDGE_CURVE ( 'NONE', #2152, #2190, #4121, .T. ) ;
#2829 = EDGE_LOOP ( 'NONE', ( #2963, #906, #6868, #6535 ) ) ;
#2830 = ORIENTED_EDGE ( 'NONE', *, *, #2390, .T. ) ;
#2831 = DIRECTION ( 'NONE',  ( -0.0000000000000000000, -0.0000000000000000000, 1.000000000000000000 ) ) ;
#2832 = CARTESIAN_POINT ( 'NONE',  ( -2.140000000000000600, 1.700000000000000000, -3.810000000000000100 ) ) ;
#2833 = PRESENTATION_STYLE_ASSIGNMENT (( #6751 ) ) ;
#2834 = EDGE_LOOP ( 'NONE', ( #3910, #1429, #411, #6607 ) ) ;
#2835 = LINE ( 'NONE', #2128, #3649 ) ;
#2836 = VECTOR ( 'NONE', #176, 1000.000000000000100 ) ;
#2837 = AXIS2_PLACEMENT_3D ( 'NONE', #4344, #910, #4922 ) ;
#2838 = CARTESIAN_POINT ( 'NONE',  ( -1.050000000000000000, -2.799999999999999400, -10.48000000000000200 ) ) ;
#2839 = EDGE_CURVE ( 'NONE', #4217, #4596, #5645, .T. ) ;
#2840 = PRESENTATION_LAYER_ASSIGNMENT (  '', '', ( #2461 ) ) ;
#2841 = ORIENTED_EDGE ( 'NONE', *, *, #5465, .F. ) ;
#2842 = FACE_OUTER_BOUND ( 'NONE', #521, .T. ) ;
#2843 = SURFACE_STYLE_USAGE ( .BOTH. , #6264 ) ;
#2844 = PLANE ( 'NONE',  #2015 ) ;
#2845 = DIRECTION ( 'NONE',  ( 0.0000000000000000000, 0.0000000000000000000, -1.000000000000000000 ) ) ;
#2846 = VECTOR ( 'NONE', #2919, 1000.000000000000000 ) ;
#2847 = STYLED_ITEM ( 'NONE', ( #4532 ), #2594 ) ;
#2848 = UNCERTAINTY_MEASURE_WITH_UNIT (LENGTH_MEASURE( 1.000000000000000100E-005 ), #6500, 'distance_accuracy_value', 'NONE');
#2849 = FACE_OUTER_BOUND ( 'NONE', #4980, .T. ) ;
#2850 = VECTOR ( 'NONE', #4298, 1000.000000000000000 ) ;
#2851 = ORIENTED_EDGE ( 'NONE', *, *, #3657, .T. ) ;
#2852 = ADVANCED_FACE ( 'NONE', ( #1067 ), #1552, .T. ) ;
#2853 = CARTESIAN_POINT ( 'NONE',  ( 1.050000000000000000, 11.70000000000000100, -9.840000000000001600 ) ) ;
#2854 = SURFACE_STYLE_USAGE ( .BOTH. , #6268 ) ;
#2855 = AXIS2_PLACEMENT_3D ( 'NONE', #1546, #1466, #1403 ) ;
#2856 = FACE_OUTER_BOUND ( 'NONE', #1103, .T. ) ;
#2857 = CARTESIAN_POINT ( 'NONE',  ( -1.590000000000000300, -2.799999999999999400, -9.940000000000001300 ) ) ;
#2858 = EDGE_LOOP ( 'NONE', ( #4540, #3538, #4404, #4885, #321, #2073, #2898, #6309 ) ) ;
#2859 = SURFACE_STYLE_FILL_AREA ( #1548 ) ;
#2860 = CARTESIAN_POINT ( 'NONE',  ( 2.140000000000000100, 1.700000000000000000, -6.350000000000000500 ) ) ;
#2861 = SURFACE_STYLE_FILL_AREA ( #4777 ) ;
#2862 = CARTESIAN_POINT ( 'NONE',  ( 1.050000000000000000, -2.799999999999999400, 0.3199999999999999000 ) ) ;
#2863 = EDGE_CURVE ( 'NONE', #2050, #3207, #3401, .T. ) ;
#2864 = PRESENTATION_STYLE_ASSIGNMENT (( #3780 ) ) ;
#2865 = FACE_OUTER_BOUND ( 'NONE', #3096, .T. ) ;
#2866 = ORIENTED_EDGE ( 'NONE', *, *, #7320, .F. ) ;
#2867 = FILL_AREA_STYLE_COLOUR ( '', #5824 ) ;
#2868 = DIRECTION ( 'NONE',  ( 0.0000000000000000000, 0.0000000000000000000, -1.000000000000000000 ) ) ;
#2869 = ORIENTED_EDGE ( 'NONE', *, *, #5414, .F. ) ;
#2870 = EDGE_LOOP ( 'NONE', ( #209, #6969, #4046, #2323 ) ) ;
#2871 = ORIENTED_EDGE ( 'NONE', *, *, #3490, .T. ) ;
#2872 = DIRECTION ( 'NONE',  ( 0.0000000000000000000, 1.000000000000000000, 0.0000000000000000000 ) ) ;
#2873 = CARTESIAN_POINT ( 'NONE',  ( 1.050000000000000000, -2.799999999999999400, -10.48000000000000200 ) ) ;
#2874 = DIRECTION ( 'NONE',  ( 1.000000000000000000, 0.0000000000000000000, 1.232047923278982200E-016 ) ) ;
#2875 = COLOUR_RGB ( '',0.7960784313725489700, 0.8235294117647058400, 0.9372549019607843100 ) ;
#2876 =( NAMED_UNIT ( * ) SI_UNIT ( $, .STERADIAN. ) SOLID_ANGLE_UNIT ( ) );
#2877 = CARTESIAN_POINT ( 'NONE',  ( 0.9499999999999999600, 11.70000000000000100, -2.760000000000000200 ) ) ;
#2878 = VERTEX_POINT ( 'NONE', #4946 ) ;
#2879 = COLOUR_RGB ( '',0.0000000000000000000, 0.003921568627450980300, 0.09019607843137254800 ) ;
#2880 = FILL_AREA_STYLE_COLOUR ( '', #1571 ) ;
#2881 =( NAMED_UNIT ( * ) PLANE_ANGLE_UNIT ( ) SI_UNIT ( $, .RADIAN. ) );
#2882 = FILL_AREA_STYLE ('',( #3420 ) ) ;
#2883 = COLOUR_RGB ( '',0.7960784313725489700, 0.8235294117647058400, 0.9372549019607843100 ) ;
#2884 =( NAMED_UNIT ( * ) PLANE_ANGLE_UNIT ( ) SI_UNIT ( $, .RADIAN. ) );
#2885 = ORIENTED_EDGE ( 'NONE', *, *, #2241, .F. ) ;
#2886 = EDGE_CURVE ( 'NONE', #3183, #1475, #307, .T. ) ;
#2887 = ORIENTED_EDGE ( 'NONE', *, *, #1470, .F. ) ;
#2888 = ADVANCED_FACE ( 'NONE', ( #504 ), #7278, .T. ) ;
#2889 = SURFACE_STYLE_USAGE ( .BOTH. , #6304 ) ;
#2890 = UNCERTAINTY_MEASURE_WITH_UNIT (LENGTH_MEASURE( 1.000000000000000100E-005 ), #4161, 'distance_accuracy_value', 'NONE');
#2891 = ORIENTED_EDGE ( 'NONE', *, *, #6534, .T. ) ;
#2892 = AXIS2_PLACEMENT_3D ( 'NONE', #554, #4592, #1148 ) ;
#2893 = STYLED_ITEM ( 'NONE', ( #1049 ), #2180 ) ;
#2894 = EDGE_LOOP ( 'NONE', ( #5208, #53, #1098, #1704 ) ) ;
#2895 = CARTESIAN_POINT ( 'NONE',  ( 1.490000000000000000, -2.799999999999999400, -5.400000000000000400 ) ) ;
#2896 = FILL_AREA_STYLE ('',( #6306 ) ) ;
#2897 = DIRECTION ( 'NONE',  ( 1.000000000000000000, 0.0000000000000000000, -0.0000000000000000000 ) ) ;
#2898 = ORIENTED_EDGE ( 'NONE', *, *, #745, .F. ) ;
#2899 = VERTEX_POINT ( 'NONE', #3925 ) ;
#2900 =( NAMED_UNIT ( * ) SI_UNIT ( $, .STERADIAN. ) SOLID_ANGLE_UNIT ( ) );
#2901 = DIRECTION ( 'NONE',  ( 0.0000000000000000000, -1.000000000000000000, 0.0000000000000000000 ) ) ;
#2902 = CARTESIAN_POINT ( 'NONE',  ( -1.490000000000000200, -2.799999999999999400, -2.220000000000000200 ) ) ;
#2903 = DIRECTION ( 'NONE',  ( 0.0000000000000000000, -1.000000000000000000, 0.0000000000000000000 ) ) ;
#2904 = VERTEX_POINT ( 'NONE', #455 ) ;
#2905 = EDGE_CURVE ( 'NONE', #7157, #2272, #2676, .T. ) ;
#2906 = STYLED_ITEM ( 'NONE', ( #1384 ), #5117 ) ;
#2907 = PLANE ( 'NONE',  #6678 ) ;
#2908 = CARTESIAN_POINT ( 'NONE',  ( 1.050000000000000000, -2.799999999999999400, -9.840000000000001600 ) ) ;
#2909 = DIRECTION ( 'NONE',  ( -1.000000000000000000, 0.0000000000000000000, 0.0000000000000000000 ) ) ;
#2910 = EDGE_CURVE ( 'NONE', #131, #6836, #1324, .T. ) ;
#2911 = EDGE_LOOP ( 'NONE', ( #4729, #3141, #1357, #3579 ) ) ;
#2912 = ORIENTED_EDGE ( 'NONE', *, *, #1819, .F. ) ;
#2913 = STYLED_ITEM ( 'NONE', ( #1969 ), #4146 ) ;
#2914 = CARTESIAN_POINT ( 'NONE',  ( -2.540000000000000000, 1.700000000000000000, -11.06342105263158100 ) ) ;
#2915 = CARTESIAN_POINT ( 'NONE',  ( 2.540000000000000900, 0.0000000000000000000, -3.410000000000000600 ) ) ;
#2916 = ADVANCED_FACE ( 'NONE', ( #4196 ), #6199, .T. ) ;
#2917 = LINE ( 'NONE', #2184, #5962 ) ;
#2918 = COLOUR_RGB ( '',0.7960784313725489700, 0.8235294117647058400, 0.9372549019607843100 ) ;
#2919 = DIRECTION ( 'NONE',  ( -0.7071067811865470200, -0.0000000000000000000, -0.7071067811865481300 ) ) ;
#2920 = AXIS2_PLACEMENT_3D ( 'NONE', #1857, #5866, #2452 ) ;
#2921 = EDGE_CURVE ( 'NONE', #704, #5530, #5015, .T. ) ;
#2922 = SURFACE_SIDE_STYLE ('',( #7457 ) ) ;
#2923 = ORIENTED_EDGE ( 'NONE', *, *, #6555, .T. ) ;
#2924 = CARTESIAN_POINT ( 'NONE',  ( 1.050000000000000000, -2.799999999999999400, -9.840000000000001600 ) ) ;
#2925 = VECTOR ( 'NONE', #672, 1000.000000000000000 ) ;
#2926 = VECTOR ( 'NONE', #946, 1000.000000000000000 ) ;
#2927 = AXIS2_PLACEMENT_3D ( 'NONE', #885, #4901, #1465 ) ;
#2928 = PRESENTATION_LAYER_ASSIGNMENT (  '', '', ( #2172 ) ) ;
#2929 = VECTOR ( 'NONE', #3194, 1000.000000000000000 ) ;
#2930 = CARTESIAN_POINT ( 'NONE',  ( -2.140000000000000600, 1.700000000000000000, -11.43000000000000100 ) ) ;
#2931 =( GEOMETRIC_REPRESENTATION_CONTEXT ( 3 ) GLOBAL_UNCERTAINTY_ASSIGNED_CONTEXT ( ( #3105 ) ) GLOBAL_UNIT_ASSIGNED_CONTEXT ( ( #6298, #2884, #6859 ) ) REPRESENTATION_CONTEXT ( 'NONE', 'WORKASPACE' ) );
#2932 = DIRECTION ( 'NONE',  ( 1.232047923278982000E-016, 0.0000000000000000000, -1.000000000000000000 ) ) ;
#2933 = VECTOR ( 'NONE', #531, 1000.000000000000000 ) ;
#2934 = UNCERTAINTY_MEASURE_WITH_UNIT (LENGTH_MEASURE( 1.000000000000000100E-005 ), #6629, 'distance_accuracy_value', 'NONE');
#2935 = ORIENTED_EDGE ( 'NONE', *, *, #1406, .T. ) ;
#2936 = LINE ( 'NONE', #3714, #595 ) ;
#2937 = DIRECTION ( 'NONE',  ( 0.0000000000000000000, -0.0000000000000000000, 1.000000000000000000 ) ) ;
#2938 = SURFACE_STYLE_USAGE ( .BOTH. , #6358 ) ;
#2939 =( GEOMETRIC_REPRESENTATION_CONTEXT ( 3 ) GLOBAL_UNCERTAINTY_ASSIGNED_CONTEXT ( ( #1415 ) ) GLOBAL_UNIT_ASSIGNED_CONTEXT ( ( #360, #4415, #971 ) ) REPRESENTATION_CONTEXT ( 'NONE', 'WORKASPACE' ) );
#2940 = VECTOR ( 'NONE', #2686, 1000.000000000000100 ) ;
#2941 = DIRECTION ( 'NONE',  ( -0.0000000000000000000, -0.0000000000000000000, -1.000000000000000000 ) ) ;
#2942 = COLOUR_RGB ( '',0.7960784313725489700, 0.8235294117647058400, 0.9372549019607843100 ) ;
#2943 = VECTOR ( 'NONE', #289, 1000.000000000000000 ) ;
#2944 = VERTEX_POINT ( 'NONE', #2197 ) ;
#2945 = FILL_AREA_STYLE_COLOUR ( '', #2285 ) ;
#2946 = DIRECTION ( 'NONE',  ( -0.7071067811865477900, -0.0000000000000000000, -0.7071067811865473500 ) ) ;
#2947 = VECTOR ( 'NONE', #1923, 1000.000000000000000 ) ;
#2948 =( GEOMETRIC_REPRESENTATION_CONTEXT ( 3 ) GLOBAL_UNCERTAINTY_ASSIGNED_CONTEXT ( ( #7235 ) ) GLOBAL_UNIT_ASSIGNED_CONTEXT ( ( #3025, #7003, #3620 ) ) REPRESENTATION_CONTEXT ( 'NONE', 'WORKASPACE' ) );
#2949 = DIRECTION ( 'NONE',  ( 0.7071067811865470200, 0.0000000000000000000, -0.7071067811865481300 ) ) ;
#2950 = CARTESIAN_POINT ( 'NONE',  ( -1.050000000000000000, -2.799999999999999400, 0.3199999999999999000 ) ) ;
#2951 = STYLED_ITEM ( 'NONE', ( #3863 ), #4691 ) ;
#2952 = DIRECTION ( 'NONE',  ( 0.7071067811865486800, 0.0000000000000000000, -0.7071067811865463500 ) ) ;
#2953 = ORIENTED_EDGE ( 'NONE', *, *, #6552, .F. ) ;
#2954 = LINE ( 'NONE', #2682, #5990 ) ;
#2955 = EDGE_CURVE ( 'NONE', #1063, #4945, #1946, .T. ) ;
#2956 = COLOUR_RGB ( '',0.7960784313725489700, 0.8235294117647058400, 0.9372549019607843100 ) ;
#2957 = SURFACE_STYLE_FILL_AREA ( #2311 ) ;
#2958 = SURFACE_SIDE_STYLE ('',( #4624 ) ) ;
#2959 = ADVANCED_FACE ( 'NONE', ( #3480 ), #2224, .T. ) ;
#2960 = LINE ( 'NONE', #2264, #6703 ) ;
#2961 = PRESENTATION_LAYER_ASSIGNMENT (  '', '', ( #2194 ) ) ;
#2962 = DIRECTION ( 'NONE',  ( -0.7071067811865489100, -0.0000000000000000000, -0.7071067811865461300 ) ) ;
#2963 = ORIENTED_EDGE ( 'NONE', *, *, #3112, .T. ) ;
#2964 = VECTOR ( 'NONE', #52, 1000.000000000000000 ) ;
#2965 = PRESENTATION_STYLE_ASSIGNMENT (( #6141 ) ) ;
#2966 = ORIENTED_EDGE ( 'NONE', *, *, #3808, .T. ) ;
#2967 = CARTESIAN_POINT ( 'NONE',  ( -2.139999999999999700, 0.0000000000000000000, 1.270000000000000000 ) ) ;
#2968 = EDGE_LOOP ( 'NONE', ( #6138, #5820, #1735, #3256 ) ) ;
#2969 = MECHANICAL_DESIGN_GEOMETRIC_PRESENTATION_REPRESENTATION (  '', ( #1809 ), #3368 ) ;
#2970 = DIRECTION ( 'NONE',  ( -1.000000000000000000, 0.0000000000000000000, -0.0000000000000000000 ) ) ;
#2971 = FILL_AREA_STYLE ('',( #5826 ) ) ;
#2972 = VECTOR ( 'NONE', #755, 1000.000000000000000 ) ;
#2973 = ORIENTED_EDGE ( 'NONE', *, *, #3460, .F. ) ;
#2974 = CARTESIAN_POINT ( 'NONE',  ( 0.9499999999999999600, -2.799999999999999400, -4.860000000000000300 ) ) ;
#2975 = CARTESIAN_POINT ( 'NONE',  ( -1.490000000000000200, -2.799999999999999400, -9.840000000000001600 ) ) ;
#2976 = FILL_AREA_STYLE_COLOUR ( '', #3126 ) ;
#2977 =( GEOMETRIC_REPRESENTATION_CONTEXT ( 3 ) GLOBAL_UNCERTAINTY_ASSIGNED_CONTEXT ( ( #1557 ) ) GLOBAL_UNIT_ASSIGNED_CONTEXT ( ( #7048, #3660, #179 ) ) REPRESENTATION_CONTEXT ( 'NONE', 'WORKASPACE' ) );
#2978 = UNCERTAINTY_MEASURE_WITH_UNIT (LENGTH_MEASURE( 1.000000000000000100E-005 ), #1736, 'distance_accuracy_value', 'NONE');
#2979 = EDGE_CURVE ( 'NONE', #6017, #4258, #1396, .T. ) ;
#2980 = MECHANICAL_DESIGN_GEOMETRIC_PRESENTATION_REPRESENTATION (  '', ( #1823 ), #3380 ) ;
#2981 = UNCERTAINTY_MEASURE_WITH_UNIT (LENGTH_MEASURE( 1.000000000000000100E-005 ), #4930, 'distance_accuracy_value', 'NONE');
#2982 = CARTESIAN_POINT ( 'NONE',  ( -2.539999999999999600, 1.700000000000000000, -1.703421052631578900 ) ) ;
#2983 = FILL_AREA_STYLE ('',( #5279 ) ) ;
#2984 =( GEOMETRIC_REPRESENTATION_CONTEXT ( 3 ) GLOBAL_UNCERTAINTY_ASSIGNED_CONTEXT ( ( #7273 ) ) GLOBAL_UNIT_ASSIGNED_CONTEXT ( ( #1435, #5460, #2009 ) ) REPRESENTATION_CONTEXT ( 'NONE', 'WORKASPACE' ) );
#2985 = LINE ( 'NONE', #4615, #2815 ) ;
#2986 = VERTEX_POINT ( 'NONE', #1128 ) ;
#2987 = CARTESIAN_POINT ( 'NONE',  ( 1.590000000000000100, -2.799999999999999400, -5.300000000000000700 ) ) ;
#2988 = ORIENTED_EDGE ( 'NONE', *, *, #3214, .F. ) ;
#2989 =( GEOMETRIC_REPRESENTATION_CONTEXT ( 3 ) GLOBAL_UNCERTAINTY_ASSIGNED_CONTEXT ( ( #5696 ) ) GLOBAL_UNIT_ASSIGNED_CONTEXT ( ( #4674, #6921, #6360 ) ) REPRESENTATION_CONTEXT ( 'NONE', 'WORKASPACE' ) );
#2990 = ADVANCED_FACE ( 'NONE', ( #5802 ), #5707, .F. ) ;
#2991 = DIRECTION ( 'NONE',  ( 0.0000000000000000000, 0.0000000000000000000, 1.000000000000000000 ) ) ;
#2992 = SURFACE_STYLE_USAGE ( .BOTH. , #3015 ) ;
#2993 = CARTESIAN_POINT ( 'NONE',  ( 1.490000000000000000, -2.799999999999999400, -9.840000000000001600 ) ) ;
#2994 = DIRECTION ( 'NONE',  ( 0.7071067811865486800, 0.0000000000000000000, 0.7071067811865464600 ) ) ;
#2995 =( GEOMETRIC_REPRESENTATION_CONTEXT ( 3 ) GLOBAL_UNCERTAINTY_ASSIGNED_CONTEXT ( ( #2981 ) ) GLOBAL_UNIT_ASSIGNED_CONTEXT ( ( #4930, #1483, #5506 ) ) REPRESENTATION_CONTEXT ( 'NONE', 'WORKASPACE' ) );
#2996 = PLANE ( 'NONE',  #1818 ) ;
#2997 = SURFACE_SIDE_STYLE ('',( #6266 ) ) ;
#2998 = DIRECTION ( 'NONE',  ( 1.000000000000000000, 0.0000000000000000000, 1.232047923278982000E-016 ) ) ;
#2999 = FACE_OUTER_BOUND ( 'NONE', #4128, .T. ) ;
#3000 = CARTESIAN_POINT ( 'NONE',  ( 2.140000000000000100, 1.700000000000000000, -3.810000000000000100 ) ) ;
#3001 = EDGE_CURVE ( 'NONE', #4895, #2904, #2218, .T. ) ;
#3002 = ORIENTED_EDGE ( 'NONE', *, *, #505, .F. ) ;
#3003 = ORIENTED_EDGE ( 'NONE', *, *, #7206, .T. ) ;
#3004 = ORIENTED_EDGE ( 'NONE', *, *, #4765, .F. ) ;
#3005 = VECTOR ( 'NONE', #7382, 1000.000000000000000 ) ;
#3006 = COLOUR_RGB ( '',0.02745098039215686200, 0.003921568627450980300, 0.0000000000000000000 ) ;
#3007 = EDGE_CURVE ( 'NONE', #4395, #4289, #6760, .T. ) ;
#3008 = VERTEX_POINT ( 'NONE', #5168 ) ;
#3009 = CARTESIAN_POINT ( 'NONE',  ( -1.590000000000000300, 11.70000000000000100, -5.300000000000000700 ) ) ;
#3010 = LINE ( 'NONE', #7071, #2836 ) ;
#3011 = SURFACE_STYLE_FILL_AREA ( #175 ) ;
#3012 = ORIENTED_EDGE ( 'NONE', *, *, #1094, .T. ) ;
#3013 = VECTOR ( 'NONE', #2041, 1000.000000000000000 ) ;
#3014 = SURFACE_STYLE_USAGE ( .BOTH. , #6435 ) ;
#3015 = SURFACE_SIDE_STYLE ('',( #7107 ) ) ;
#3016 = DIRECTION ( 'NONE',  ( 1.000000000000000000, 0.0000000000000000000, -2.492418787322998300E-016 ) ) ;
#3017 = LINE ( 'NONE', #4792, #1499 ) ;
#3018 = VECTOR ( 'NONE', #634, 1000.000000000000000 ) ;
#3019 = EDGE_CURVE ( 'NONE', #3183, #2345, #679, .T. ) ;
#3020 = CARTESIAN_POINT ( 'NONE',  ( 1.490000000000000000, -2.799999999999999400, -10.48000000000000200 ) ) ;
#3021 = ORIENTED_EDGE ( 'NONE', *, *, #7408, .T. ) ;
#3022 = DIRECTION ( 'NONE',  ( 0.0000000000000000000, 1.000000000000000000, 0.0000000000000000000 ) ) ;
#3023 = FACE_OUTER_BOUND ( 'NONE', #1803, .T. ) ;
#3024 = CARTESIAN_POINT ( 'NONE',  ( 0.9499999999999999600, 11.70000000000000100, -10.38000000000000100 ) ) ;
#3025 =( LENGTH_UNIT ( ) NAMED_UNIT ( * ) SI_UNIT ( .MILLI., .METRE. ) );
#3026 = STYLED_ITEM ( 'NONE', ( #5550 ), #2916 ) ;
#3027 = UNCERTAINTY_MEASURE_WITH_UNIT (LENGTH_MEASURE( 1.000000000000000100E-005 ), #2599, 'distance_accuracy_value', 'NONE');
#3028 = FACE_OUTER_BOUND ( 'NONE', #5827, .T. ) ;
#3029 = PRESENTATION_STYLE_ASSIGNMENT (( #5323 ) ) ;
#3030 = ADVANCED_FACE ( 'NONE', ( #3756 ), #4611, .T. ) ;
#3031 = ORIENTED_EDGE ( 'NONE', *, *, #256, .F. ) ;
#3032 = COLOUR_RGB ( '',0.7960784313725489700, 0.8235294117647058400, 0.9372549019607843100 ) ;
#3033 = AXIS2_PLACEMENT_3D ( 'NONE', #2016, #6027, #2607 ) ;
#3034 = CARTESIAN_POINT ( 'NONE',  ( -1.490000000000000200, 11.70000000000000100, 0.3199999999999998400 ) ) ;
#3035 = CARTESIAN_POINT ( 'NONE',  ( 1.590000000000000100, 11.70000000000000100, -12.92000000000000200 ) ) ;
#3036 = EDGE_LOOP ( 'NONE', ( #1169, #7368, #4790, #332 ) ) ;
#3037 = LINE ( 'NONE', #3367, #3875 ) ;
#3038 = CARTESIAN_POINT ( 'NONE',  ( 2.140000000000000100, 0.0000000000000000000, -3.810000000000000100 ) ) ;
#3039 = ORIENTED_EDGE ( 'NONE', *, *, #1376, .T. ) ;
#3040 = FACE_OUTER_BOUND ( 'NONE', #5521, .T. ) ;
#3041 = VERTEX_POINT ( 'NONE', #1200 ) ;
#3042 = SURFACE_STYLE_FILL_AREA ( #2634 ) ;
#3043 = SURFACE_STYLE_FILL_AREA ( #4636 ) ;
#3044 = CARTESIAN_POINT ( 'NONE',  ( -1.490000000000000000, -2.799999999999999400, -5.400000000000000400 ) ) ;
#3045 = FILL_AREA_STYLE ('',( #2090 ) ) ;
#3046 = FILL_AREA_STYLE ('',( #5897 ) ) ;
#3047 = ORIENTED_EDGE ( 'NONE', *, *, #4383, .F. ) ;
#3048 = SURFACE_STYLE_FILL_AREA ( #3051 ) ;
#3049 = PLANE ( 'NONE',  #7429 ) ;
#3050 = CARTESIAN_POINT ( 'NONE',  ( 1.590000000000000100, -2.799999999999999400, -7.839999999999999900 ) ) ;
#3051 = FILL_AREA_STYLE ('',( #4734 ) ) ;
#3052 = ORIENTED_EDGE ( 'NONE', *, *, #1756, .F. ) ;
#3053 = EDGE_CURVE ( 'NONE', #6167, #3500, #1500, .T. ) ;
#3054 = DIRECTION ( 'NONE',  ( -0.7071067811865469100, 0.0000000000000000000, 0.7071067811865482400 ) ) ;
#3055 = SURFACE_STYLE_USAGE ( .BOTH. , #6470 ) ;
#3056 = ORIENTED_EDGE ( 'NONE', *, *, #1009, .T. ) ;
#3057 = VERTEX_POINT ( 'NONE', #4630 ) ;
#3058 = FILL_AREA_STYLE ('',( #6472 ) ) ;
#3059 = CLOSED_SHELL ( 'NONE', ( #1198, #6912, #2742, #6434, #4402, #7181, #4026, #2438, #6151, #5703 ) ) ;
#3060 = COLOUR_RGB ( '',0.7960784313725489700, 0.8235294117647058400, 0.9372549019607843100 ) ;
#3061 = STYLED_ITEM ( 'NONE', ( #5104 ), #1264 ) ;
#3062 = PRESENTATION_STYLE_ASSIGNMENT (( #5265 ) ) ;
#3063 = EDGE_CURVE ( 'NONE', #6689, #703, #4371, .T. ) ;
#3064 = CARTESIAN_POINT ( 'NONE',  ( -1.050000000000000000, -2.799999999999999400, -2.860000000000000300 ) ) ;
#3065 = ORIENTED_EDGE ( 'NONE', *, *, #6929, .T. ) ;
#3066 = CARTESIAN_POINT ( 'NONE',  ( -1.590000000000000300, -2.799999999999999400, -2.760000000000000200 ) ) ;
#3067 = CARTESIAN_POINT ( 'NONE',  ( 0.9499999999999999600, 11.70000000000000100, -9.940000000000001300 ) ) ;
#3068 = UNCERTAINTY_MEASURE_WITH_UNIT (LENGTH_MEASURE( 1.000000000000000100E-005 ), #5687, 'distance_accuracy_value', 'NONE');
#3069 = SURFACE_STYLE_USAGE ( .BOTH. , #6478 ) ;
#3070 = VERTEX_POINT ( 'NONE', #3510 ) ;
#3071 = SURFACE_SIDE_STYLE ('',( #5116 ) ) ;
#3072 = CARTESIAN_POINT ( 'NONE',  ( -1.490000000000000000, -2.799999999999999400, -10.48000000000000200 ) ) ;
#3073 = MECHANICAL_DESIGN_GEOMETRIC_PRESENTATION_REPRESENTATION (  '', ( #1916 ), #3466 ) ;
#3074 = EDGE_CURVE ( 'NONE', #1948, #704, #7386, .T. ) ;
#3075 = ORIENTED_EDGE ( 'NONE', *, *, #6721, .F. ) ;
#3076 = CARTESIAN_POINT ( 'NONE',  ( 1.050000000000000000, 11.70000000000000100, -10.48000000000000200 ) ) ;
#3077 = CARTESIAN_POINT ( 'NONE',  ( -1.590000000000000300, -2.799999999999999400, -4.860000000000000300 ) ) ;
#3078 = MECHANICAL_DESIGN_GEOMETRIC_PRESENTATION_REPRESENTATION (  '', ( #1924 ), #3473 ) ;
#3079 = FACE_OUTER_BOUND ( 'NONE', #5892, .T. ) ;
#3080 = PLANE ( 'NONE',  #6105 ) ;
#3081 = CARTESIAN_POINT ( 'NONE',  ( -0.9499999999999999600, 11.70000000000000100, -7.400000000000000400 ) ) ;
#3082 = MECHANICAL_DESIGN_GEOMETRIC_PRESENTATION_REPRESENTATION (  '', ( #1932 ), #3482 ) ;
#3083 = ORIENTED_EDGE ( 'NONE', *, *, #937, .F. ) ;
#3084 = VECTOR ( 'NONE', #4632, 1000.000000000000000 ) ;
#3085 =( NAMED_UNIT ( * ) PLANE_ANGLE_UNIT ( ) SI_UNIT ( $, .RADIAN. ) );
#3086 = PRESENTATION_STYLE_ASSIGNMENT (( #6932 ) ) ;
#3087 = CARTESIAN_POINT ( 'NONE',  ( -2.019999999999999600, 0.2999999999999999900, -13.97000000000000100 ) ) ;
#3088 = DIRECTION ( 'NONE',  ( -0.7071067811865489100, 0.0000000000000000000, 0.7071067811865462400 ) ) ;
#3089 = EDGE_CURVE ( 'NONE', #6630, #1320, #1312, .T. ) ;
#3090 =( NAMED_UNIT ( * ) SI_UNIT ( $, .STERADIAN. ) SOLID_ANGLE_UNIT ( ) );
#3091 = PLANE ( 'NONE',  #515 ) ;
#3092 = ORIENTED_EDGE ( 'NONE', *, *, #5695, .F. ) ;
#3093 = DIRECTION ( 'NONE',  ( 0.0000000000000000000, 1.000000000000000000, 0.0000000000000000000 ) ) ;
#3094 = VECTOR ( 'NONE', #888, 1000.000000000000000 ) ;
#3095 = VERTEX_POINT ( 'NONE', #1796 ) ;
#3096 = EDGE_LOOP ( 'NONE', ( #6002, #2444, #4325, #3097 ) ) ;
#3097 = ORIENTED_EDGE ( 'NONE', *, *, #1731, .T. ) ;
#3098 = PLANE ( 'NONE',  #6797 ) ;
#3099 = CARTESIAN_POINT ( 'NONE',  ( 1.490000000000000000, -2.799999999999999400, -13.02000000000000100 ) ) ;
#3100 = DIRECTION ( 'NONE',  ( 0.7071067811865473500, 0.0000000000000000000, -0.7071067811865477900 ) ) ;
#3101 = CARTESIAN_POINT ( 'NONE',  ( 1.050000000000000000, -2.799999999999999400, -12.38000000000000300 ) ) ;
#3102 = STYLED_ITEM ( 'NONE', ( #1326 ), #924 ) ;
#3103 = ORIENTED_EDGE ( 'NONE', *, *, #3542, .F. ) ;
#3104 = DIRECTION ( 'NONE',  ( 0.7071067811865489100, 0.0000000000000000000, 0.7071067811865461300 ) ) ;
#3105 = UNCERTAINTY_MEASURE_WITH_UNIT (LENGTH_MEASURE( 1.000000000000000100E-005 ), #6298, 'distance_accuracy_value', 'NONE');
#3106 = SURFACE_STYLE_USAGE ( .BOTH. , #6527 ) ;
#3107 = ORIENTED_EDGE ( 'NONE', *, *, #5598, .T. ) ;
#3108 = COLOUR_RGB ( '',0.7960784313725489700, 0.8235294117647058400, 0.9372549019607843100 ) ;
#3109 = DIRECTION ( 'NONE',  ( -0.0000000000000000000, -0.0000000000000000000, -1.000000000000000000 ) ) ;
#3110 = PLANE ( 'NONE',  #4631 ) ;
#3111 = FILL_AREA_STYLE ('',( #3685 ) ) ;
#3112 = EDGE_CURVE ( 'NONE', #5953, #4258, #5712, .T. ) ;
#3113 = FILL_AREA_STYLE ('',( #1966 ) ) ;
#3114 = VECTOR ( 'NONE', #5548, 1000.000000000000000 ) ;
#3115 = PRESENTATION_STYLE_ASSIGNMENT (( #955 ) ) ;
#3116 = EDGE_CURVE ( 'NONE', #4849, #2535, #5882, .T. ) ;
#3117 = FILL_AREA_STYLE ('',( #6537 ) ) ;
#3118 = LINE ( 'NONE', #6073, #4650 ) ;
#3119 = PRESENTATION_LAYER_ASSIGNMENT (  '', '', ( #2363 ) ) ;
#3120 =( NAMED_UNIT ( * ) SI_UNIT ( $, .STERADIAN. ) SOLID_ANGLE_UNIT ( ) );
#3121 = ORIENTED_EDGE ( 'NONE', *, *, #604, .T. ) ;
#3122 = LINE ( 'NONE', #6576, #4124 ) ;
#3123 = SURFACE_STYLE_USAGE ( .BOTH. , #6539 ) ;
#3124 = MECHANICAL_DESIGN_GEOMETRIC_PRESENTATION_REPRESENTATION (  '', ( #1975 ), #3524 ) ;
#3125 = PRESENTATION_LAYER_ASSIGNMENT (  '', '', ( #2369 ) ) ;
#3126 = COLOUR_RGB ( '',0.7960784313725489700, 0.8235294117647058400, 0.9372549019607843100 ) ;
#3127 = ORIENTED_EDGE ( 'NONE', *, *, #912, .T. ) ;
#3128 = ORIENTED_EDGE ( 'NONE', *, *, #2760, .T. ) ;
#3129 = DIRECTION ( 'NONE',  ( -1.000000000000000000, -0.0000000000000000000, -1.232047923278982200E-016 ) ) ;
#3130 = ORIENTED_EDGE ( 'NONE', *, *, #604, .F. ) ;
#3131 = EDGE_CURVE ( 'NONE', #1701, #6812, #4190, .T. ) ;
#3132 = EDGE_LOOP ( 'NONE', ( #3566, #3415, #4867, #4772 ) ) ;
#3133 = VERTEX_POINT ( 'NONE', #602 ) ;
#3134 = SURFACE_STYLE_USAGE ( .BOTH. , #6546 ) ;
#3135 = EDGE_LOOP ( 'NONE', ( #5648, #6762, #7272, #962 ) ) ;
#3136 = LINE ( 'NONE', #11, #2964 ) ;
#3137 = CARTESIAN_POINT ( 'NONE',  ( -1.050000000000000000, -2.799999999999999400, -2.220000000000000200 ) ) ;
#3138 = SURFACE_STYLE_USAGE ( .BOTH. , #6548 ) ;
#3139 = AXIS2_PLACEMENT_3D ( 'NONE', #7036, #3652, #170 ) ;
#3140 = LINE ( 'NONE', #4957, #1433 ) ;
#3141 = ORIENTED_EDGE ( 'NONE', *, *, #2905, .F. ) ;
#3142 = VERTEX_POINT ( 'NONE', #4108 ) ;
#3143 = VERTEX_POINT ( 'NONE', #1241 ) ;
#3144 = FILL_AREA_STYLE ('',( #2577 ) ) ;
#3145 = EDGE_CURVE ( 'NONE', #4006, #6325, #6849, .T. ) ;
#3146 = PRESENTATION_LAYER_ASSIGNMENT (  '', '', ( #2384 ) ) ;
#3147 = EDGE_LOOP ( 'NONE', ( #121, #6143, #4014, #3592 ) ) ;
#3148 = ADVANCED_FACE ( 'NONE', ( #1144 ), #652, .F. ) ;
#3149 = ORIENTED_EDGE ( 'NONE', *, *, #1233, .T. ) ;
#3150 = LINE ( 'NONE', #4181, #61 ) ;
#3151 = ORIENTED_EDGE ( 'NONE', *, *, #4179, .F. ) ;
#3152 = EDGE_CURVE ( 'NONE', #1078, #7427, #394, .T. ) ;
#3153 = VERTEX_POINT ( 'NONE', #6409 ) ;
#3154 =( GEOMETRIC_REPRESENTATION_CONTEXT ( 3 ) GLOBAL_UNCERTAINTY_ASSIGNED_CONTEXT ( ( #6400 ) ) GLOBAL_UNIT_ASSIGNED_CONTEXT ( ( #4742, #1299, #5331 ) ) REPRESENTATION_CONTEXT ( 'NONE', 'WORKASPACE' ) );
#3155 = FILL_AREA_STYLE ('',( #2586 ) ) ;
#3156 = CARTESIAN_POINT ( 'NONE',  ( 1.050000000000000000, 11.70000000000000100, -4.760000000000000700 ) ) ;
#3157 = DIRECTION ( 'NONE',  ( 0.0000000000000000000, -1.000000000000000000, 0.0000000000000000000 ) ) ;
#3158 = LINE ( 'NONE', #3404, #66 ) ;
#3159 = FILL_AREA_STYLE_COLOUR ( '', #3006 ) ;
#3160 =( NAMED_UNIT ( * ) SI_UNIT ( $, .STERADIAN. ) SOLID_ANGLE_UNIT ( ) );
#3161 = UNCERTAINTY_MEASURE_WITH_UNIT (LENGTH_MEASURE( 1.000000000000000100E-005 ), #7450, 'distance_accuracy_value', 'NONE');
#3162 = EDGE_LOOP ( 'NONE', ( #6817, #1537, #4870, #3553 ) ) ;
#3163 = FILL_AREA_STYLE_COLOUR ( '', #7391 ) ;
#3164 = SURFACE_STYLE_USAGE ( .BOTH. , #6569 ) ;
#3165 = PLANE ( 'NONE',  #2855 ) ;
#3166 = DIRECTION ( 'NONE',  ( 0.7372346670543746800, 0.0000000000000000000, -0.6756367705307528800 ) ) ;
#3167 =( NAMED_UNIT ( * ) PLANE_ANGLE_UNIT ( ) SI_UNIT ( $, .RADIAN. ) );
#3168 = CARTESIAN_POINT ( 'NONE',  ( -1.590000000000000300, -2.799999999999999400, -4.860000000000000300 ) ) ;
#3169 = MECHANICAL_DESIGN_GEOMETRIC_PRESENTATION_REPRESENTATION (  '', ( #2014 ), #3565 ) ;
#3170 =( GEOMETRIC_REPRESENTATION_CONTEXT ( 3 ) GLOBAL_UNCERTAINTY_ASSIGNED_CONTEXT ( ( #3161 ) ) GLOBAL_UNIT_ASSIGNED_CONTEXT ( ( #7450, #4056, #596 ) ) REPRESENTATION_CONTEXT ( 'NONE', 'WORKASPACE' ) );
#3171 = VECTOR ( 'NONE', #402, 1000.000000000000100 ) ;
#3172 = CARTESIAN_POINT ( 'NONE',  ( -1.490000000000000200, -2.799999999999999400, 0.3199999999999998400 ) ) ;
#3173 = COLOUR_RGB ( '',0.7960784313725489700, 0.8235294117647058400, 0.9372549019607843100 ) ;
#3174 = STYLED_ITEM ( 'NONE', ( #4935 ), #6034 ) ;
#3175 = CARTESIAN_POINT ( 'NONE',  ( 2.540000000000000900, 1.700000000000000000, -5.950000000000001100 ) ) ;
#3176 = DIRECTION ( 'NONE',  ( 0.0000000000000000000, 1.000000000000000000, 0.0000000000000000000 ) ) ;
#3177 = VECTOR ( 'NONE', #4061, 1000.000000000000000 ) ;
#3178 = DIRECTION ( 'NONE',  ( 0.0000000000000000000, 0.0000000000000000000, 1.000000000000000000 ) ) ;
#3179 = FILL_AREA_STYLE ('',( #5482 ) ) ;
#3180 =( NAMED_UNIT ( * ) PLANE_ANGLE_UNIT ( ) SI_UNIT ( $, .RADIAN. ) );
#3181 = STYLED_ITEM ( 'NONE', ( #1105 ), #6694 ) ;
#3182 = ORIENTED_EDGE ( 'NONE', *, *, #1094, .F. ) ;
#3183 = VERTEX_POINT ( 'NONE', #2993 ) ;
#3184 = ORIENTED_EDGE ( 'NONE', *, *, #6023, .T. ) ;
#3185 = LINE ( 'NONE', #1676, #3005 ) ;
#3186 = LINE ( 'NONE', #3818, #4546 ) ;
#3187 = ADVANCED_FACE ( 'NONE', ( #3300 ), #2397, .F. ) ;
#3188 = FILL_AREA_STYLE_COLOUR ( '', #2883 ) ;
#3189 = DIRECTION ( 'NONE',  ( -0.0000000000000000000, -0.0000000000000000000, -1.000000000000000000 ) ) ;
#3190 =( GEOMETRIC_REPRESENTATION_CONTEXT ( 3 ) GLOBAL_UNCERTAINTY_ASSIGNED_CONTEXT ( ( #3272 ) ) GLOBAL_UNIT_ASSIGNED_CONTEXT ( ( #2710, #6686, #3292 ) ) REPRESENTATION_CONTEXT ( 'NONE', 'WORKASPACE' ) );
#3191 = VERTEX_POINT ( 'NONE', #96 ) ;
#3192 = FILL_AREA_STYLE_COLOUR ( '', #5419 ) ;
#3194 = DIRECTION ( 'NONE',  ( 0.0000000000000000000, 1.000000000000000000, 0.0000000000000000000 ) ) ;
#3193 = PRESENTATION_LAYER_ASSIGNMENT (  '', '', ( #2432 ) ) ;
#3195 =( LENGTH_UNIT ( ) NAMED_UNIT ( * ) SI_UNIT ( .MILLI., .METRE. ) );
#3196 = COLOUR_RGB ( '',0.0000000000000000000, 0.003921568627450980300, 0.09019607843137254800 ) ;
#3197 = PLANE ( 'NONE',  #1791 ) ;
#3198 = SURFACE_SIDE_STYLE ('',( #7381 ) ) ;
#3199 = PRESENTATION_STYLE_ASSIGNMENT (( #2773 ) ) ;
#3200 = CARTESIAN_POINT ( 'NONE',  ( -1.590000000000000300, 11.70000000000000100, 0.2199999999999998100 ) ) ;
#3201 = VECTOR ( 'NONE', #1310, 1000.000000000000000 ) ;
#3202 = ORIENTED_EDGE ( 'NONE', *, *, #4549, .T. ) ;
#3203 =( NAMED_UNIT ( * ) SI_UNIT ( $, .STERADIAN. ) SOLID_ANGLE_UNIT ( ) );
#3204 =( GEOMETRIC_REPRESENTATION_CONTEXT ( 3 ) GLOBAL_UNCERTAINTY_ASSIGNED_CONTEXT ( ( #4871 ) ) GLOBAL_UNIT_ASSIGNED_CONTEXT ( ( #6789, #3391, #7364 ) ) REPRESENTATION_CONTEXT ( 'NONE', 'WORKASPACE' ) );
#3205 = VECTOR ( 'NONE', #2358, 1000.000000000000100 ) ;
#3206 = CARTESIAN_POINT ( 'NONE',  ( 0.0000000000000000000, 0.0000000000000000000, 0.0000000000000000000 ) ) ;
#3207 = VERTEX_POINT ( 'NONE', #4176 ) ;
#3208 = COLOUR_RGB ( '',0.7960784313725489700, 0.8235294117647058400, 0.9372549019607843100 ) ;
#3209 = SURFACE_STYLE_USAGE ( .BOTH. , #6616 ) ;
#3210 = DIRECTION ( 'NONE',  ( -0.0000000000000000000, -0.0000000000000000000, -1.000000000000000000 ) ) ;
#3211 = CARTESIAN_POINT ( 'NONE',  ( -1.590000000000000300, 11.70000000000000100, -7.839999999999999900 ) ) ;
#3212 = UNCERTAINTY_MEASURE_WITH_UNIT (LENGTH_MEASURE( 1.000000000000000100E-005 ), #3931, 'distance_accuracy_value', 'NONE');
#3213 = FACE_OUTER_BOUND ( 'NONE', #300, .T. ) ;
#3214 = EDGE_CURVE ( 'NONE', #3153, #6341, #5795, .T. ) ;
#3215 = LINE ( 'NONE', #6147, #6246 ) ;
#3216 = LINE ( 'NONE', #6386, #309 ) ;
#3217 = EDGE_LOOP ( 'NONE', ( #167, #6873, #3550, #6128 ) ) ;
#3218 = UNCERTAINTY_MEASURE_WITH_UNIT (LENGTH_MEASURE( 1.000000000000000100E-005 ), #4232, 'distance_accuracy_value', 'NONE');
#3219 = CARTESIAN_POINT ( 'NONE',  ( -1.050000000000000000, 11.70000000000000100, -2.860000000000000300 ) ) ;
#3220 =( NAMED_UNIT ( * ) PLANE_ANGLE_UNIT ( ) SI_UNIT ( $, .RADIAN. ) );
#3221 = ORIENTED_EDGE ( 'NONE', *, *, #2719, .T. ) ;
#3222 = ORIENTED_EDGE ( 'NONE', *, *, #688, .F. ) ;
#3223 =( NAMED_UNIT ( * ) PLANE_ANGLE_UNIT ( ) SI_UNIT ( $, .RADIAN. ) );
#3224 = CARTESIAN_POINT ( 'NONE',  ( 1.050000000000000000, 11.70000000000000100, -2.860000000000000300 ) ) ;
#3225 = CARTESIAN_POINT ( 'NONE',  ( -1.050000000000000000, -2.799999999999999400, -7.940000000000001300 ) ) ;
#3226 = ORIENTED_EDGE ( 'NONE', *, *, #6739, .F. ) ;
#3227 = PRESENTATION_LAYER_ASSIGNMENT (  '', '', ( #2459 ) ) ;
#3228 = CARTESIAN_POINT ( 'NONE',  ( 0.9499999999999999600, -2.799999999999999400, -2.760000000000000200 ) ) ;
#3229 = CARTESIAN_POINT ( 'NONE',  ( -0.9499999999999999600, -2.799999999999999400, -5.299999999999999800 ) ) ;
#3230 = EDGE_CURVE ( 'NONE', #2353, #6672, #1222, .T. ) ;
#3231 = VECTOR ( 'NONE', #6377, 1000.000000000000100 ) ;
#3232 = ORIENTED_EDGE ( 'NONE', *, *, #1152, .T. ) ;
#3233 = LINE ( 'NONE', #5252, #1524 ) ;
#3234 = MECHANICAL_DESIGN_GEOMETRIC_PRESENTATION_REPRESENTATION (  '', ( #2461 ), #3624 ) ;
#3235 = FILL_AREA_STYLE ('',( #5518 ) ) ;
#3236 = ORIENTED_EDGE ( 'NONE', *, *, #5906, .T. ) ;
#3237 = VECTOR ( 'NONE', #5762, 1000.000000000000000 ) ;
#3238 = ADVANCED_FACE ( 'NONE', ( #4102 ), #1889, .T. ) ;
#3239 = EDGE_LOOP ( 'NONE', ( #114, #5183, #4130, #1294 ) ) ;
#3240 = CARTESIAN_POINT ( 'NONE',  ( -1.490000000000000200, -2.799999999999999400, -7.299999999999999800 ) ) ;
#3241 = AXIS2_PLACEMENT_3D ( 'NONE', #730, #4752, #1308 ) ;
#3242 = STYLED_ITEM ( 'NONE', ( #6855 ), #6233 ) ;
#3243 = PRESENTATION_STYLE_ASSIGNMENT (( #6973 ) ) ;
#3244 = COLOUR_RGB ( '',0.7921568627450980000, 0.8196078431372548800, 0.9333333333333333500 ) ;
#3245 =( NAMED_UNIT ( * ) SI_UNIT ( $, .STERADIAN. ) SOLID_ANGLE_UNIT ( ) );
#3246 = FACE_OUTER_BOUND ( 'NONE', #352, .T. ) ;
#3247 = SURFACE_STYLE_USAGE ( .BOTH. , #6646 ) ;
#3248 = CARTESIAN_POINT ( 'NONE',  ( 0.0000000000000000000, 0.0000000000000000000, 0.0000000000000000000 ) ) ;
#3249 = ORIENTED_EDGE ( 'NONE', *, *, #1967, .T. ) ;
#3250 = PRESENTATION_LAYER_ASSIGNMENT (  '', '', ( #2472 ) ) ;
#3251 =( GEOMETRIC_REPRESENTATION_CONTEXT ( 3 ) GLOBAL_UNCERTAINTY_ASSIGNED_CONTEXT ( ( #3781 ) ) GLOBAL_UNIT_ASSIGNED_CONTEXT ( ( #5404, #1952, #5959 ) ) REPRESENTATION_CONTEXT ( 'NONE', 'WORKASPACE' ) );
#3252 = ORIENTED_EDGE ( 'NONE', *, *, #505, .T. ) ;
#3253 = EDGE_CURVE ( 'NONE', #3379, #314, #5091, .T. ) ;
#3254 = SURFACE_SIDE_STYLE ('',( #3703 ) ) ;
#3255 = VERTEX_POINT ( 'NONE', #3067 ) ;
#3256 = ORIENTED_EDGE ( 'NONE', *, *, #4999, .T. ) ;
#3257 = STYLED_ITEM ( 'NONE', ( #4589 ), #6988 ) ;
#3258 = FILL_AREA_STYLE_COLOUR ( '', #2879 ) ;
#3259 = ORIENTED_EDGE ( 'NONE', *, *, #6299, .F. ) ;
#3260 = LINE ( 'NONE', #6845, #4600 ) ;
#3261 = FILL_AREA_STYLE ('',( #2100 ) ) ;
#3262 = DIRECTION ( 'NONE',  ( 1.000000000000000000, 0.0000000000000000000, 0.0000000000000000000 ) ) ;
#3263 = CARTESIAN_POINT ( 'NONE',  ( 1.590000000000000100, -2.799999999999999400, -2.760000000000000200 ) ) ;
#3264 = DIRECTION ( 'NONE',  ( 0.0000000000000000000, 0.0000000000000000000, 1.000000000000000000 ) ) ;
#3265 = CARTESIAN_POINT ( 'NONE',  ( 1.490000000000000000, -2.799999999999999400, -0.3200000000000001200 ) ) ;
#3266 = CARTESIAN_POINT ( 'NONE',  ( 2.540000000000000900, 1.700000000000000000, -3.410000000000000600 ) ) ;
#3267 = ORIENTED_EDGE ( 'NONE', *, *, #2148, .T. ) ;
#3268 = SURFACE_STYLE_USAGE ( .BOTH. , #6666 ) ;
#3269 = CARTESIAN_POINT ( 'NONE',  ( 1.590000000000000100, -2.799999999999999400, -9.940000000000001300 ) ) ;
#3270 = DIRECTION ( 'NONE',  ( -0.0000000000000000000, -1.000000000000000000, -0.0000000000000000000 ) ) ;
#3271 = FILL_AREA_STYLE ('',( #2108 ) ) ;
#3272 = UNCERTAINTY_MEASURE_WITH_UNIT (LENGTH_MEASURE( 1.000000000000000100E-005 ), #2710, 'distance_accuracy_value', 'NONE');
#3273 = COLOUR_RGB ( '',0.7960784313725489700, 0.8235294117647058400, 0.9372549019607843100 ) ;
#3274 = SURFACE_STYLE_FILL_AREA ( #2598 ) ;
#3275 = ORIENTED_EDGE ( 'NONE', *, *, #2677, .T. ) ;
#3276 = ADVANCED_FACE ( 'NONE', ( #488 ), #3655, .T. ) ;
#3277 = CARTESIAN_POINT ( 'NONE',  ( 1.050000000000000000, -2.799999999999999400, -2.860000000000000300 ) ) ;
#3278 = CARTESIAN_POINT ( 'NONE',  ( -2.540000000000000000, 0.0000000000000000000, -11.06342105263158100 ) ) ;
#3279 = EDGE_CURVE ( 'NONE', #4820, #4599, #5876, .T. ) ;
#3280 = CARTESIAN_POINT ( 'NONE',  ( 1.590000000000000100, -2.799999999999999400, -2.319999999999999800 ) ) ;
#3281 = LINE ( 'NONE', #5501, #1744 ) ;
#3282 = DIRECTION ( 'NONE',  ( 0.0000000000000000000, -1.000000000000000000, 0.0000000000000000000 ) ) ;
#3283 = FACE_OUTER_BOUND ( 'NONE', #4714, .T. ) ;
#3284 = DIRECTION ( 'NONE',  ( 0.0000000000000000000, 1.000000000000000000, 0.0000000000000000000 ) ) ;
#3285 = FILL_AREA_STYLE ('',( #2704 ) ) ;
#3286 = PRESENTATION_LAYER_ASSIGNMENT (  '', '', ( #2507 ) ) ;
#3287 = AXIS2_PLACEMENT_3D ( 'NONE', #3240, #7209, #3828 ) ;
#3288 = VECTOR ( 'NONE', #4039, 1000.000000000000000 ) ;
#3289 = LINE ( 'NONE', #4094, #188 ) ;
#3290 = DIRECTION ( 'NONE',  ( -0.7071067811865481300, 0.0000000000000000000, -0.7071067811865470200 ) ) ;
#3291 =( NAMED_UNIT ( * ) PLANE_ANGLE_UNIT ( ) SI_UNIT ( $, .RADIAN. ) );
#3292 =( NAMED_UNIT ( * ) SI_UNIT ( $, .STERADIAN. ) SOLID_ANGLE_UNIT ( ) );
#3293 = DIRECTION ( 'NONE',  ( 1.000000000000000000, 0.0000000000000000000, 1.232047923278982000E-016 ) ) ;
#3294 = CARTESIAN_POINT ( 'NONE',  ( -1.490000000000000200, -2.799999999999999400, -9.840000000000001600 ) ) ;
#3295 = CARTESIAN_POINT ( 'NONE',  ( -1.590000000000000300, -2.799999999999999400, -10.38000000000000100 ) ) ;
#3296 = COLOUR_RGB ( '',0.7960784313725489700, 0.8235294117647058400, 0.9372549019607843100 ) ;
#3297 = EDGE_LOOP ( 'NONE', ( #7237, #3708, #4564, #2691 ) ) ;
#3298 = EDGE_LOOP ( 'NONE', ( #6258, #372, #4227, #6612, #3964, #3681, #1262, #3341 ) ) ;
#3299 = PRESENTATION_STYLE_ASSIGNMENT (( #4285 ) ) ;
#3300 = FACE_OUTER_BOUND ( 'NONE', #6712, .T. ) ;
#3301 =( NAMED_UNIT ( * ) SI_UNIT ( $, .STERADIAN. ) SOLID_ANGLE_UNIT ( ) );
#3302 =( NAMED_UNIT ( * ) SI_UNIT ( $, .STERADIAN. ) SOLID_ANGLE_UNIT ( ) );
#3303 = EDGE_CURVE ( 'NONE', #113, #7169, #3010, .T. ) ;
#3305 = DIRECTION ( 'NONE',  ( 2.492418787322998300E-016, 0.0000000000000000000, 1.000000000000000000 ) ) ;
#3304 = AXIS2_PLACEMENT_3D ( 'NONE', #428, #4472, #1036 ) ;
#3306 = SURFACE_STYLE_FILL_AREA ( #3895 ) ;
#3307 = CARTESIAN_POINT ( 'NONE',  ( -1.050000000000000000, -2.799999999999999400, -12.38000000000000300 ) ) ;
#3308 = VECTOR ( 'NONE', #3999, 1000.000000000000000 ) ;
#3309 = CARTESIAN_POINT ( 'NONE',  ( -1.590000000000000300, -2.799999999999999400, -0.2200000000000002500 ) ) ;
#3310 = CARTESIAN_POINT ( 'NONE',  ( 1.490000000000000000, 11.70000000000000100, -0.3200000000000001200 ) ) ;
#3311 = LINE ( 'NONE', #495, #1772 ) ;
#3312 = EDGE_CURVE ( 'NONE', #2229, #3379, #4364, .T. ) ;
#3313 = SURFACE_STYLE_FILL_AREA ( #126 ) ;
#3314 = ORIENTED_EDGE ( 'NONE', *, *, #4405, .F. ) ;
#3315 = LINE ( 'NONE', #416, #6336 ) ;
#3316 = AXIS2_PLACEMENT_3D ( 'NONE', #2287, #6280, #2868 ) ;
#3317 = ADVANCED_FACE ( 'NONE', ( #7378 ), #6533, .T. ) ;
#3318 =( NAMED_UNIT ( * ) PLANE_ANGLE_UNIT ( ) SI_UNIT ( $, .RADIAN. ) );
#3319 = UNCERTAINTY_MEASURE_WITH_UNIT (LENGTH_MEASURE( 1.000000000000000100E-005 ), #563, 'distance_accuracy_value', 'NONE');
#3320 = DIRECTION ( 'NONE',  ( 0.7071067811865477900, 0.0000000000000000000, -0.7071067811865473500 ) ) ;
#3321 = SURFACE_SIDE_STYLE ('',( #699 ) ) ;
#3322 =( NAMED_UNIT ( * ) PLANE_ANGLE_UNIT ( ) SI_UNIT ( $, .RADIAN. ) );
#3323 = ORIENTED_EDGE ( 'NONE', *, *, #937, .T. ) ;
#3324 = LINE ( 'NONE', #3947, #28 ) ;
#3325 =( LENGTH_UNIT ( ) NAMED_UNIT ( * ) SI_UNIT ( .MILLI., .METRE. ) );
#3326 =( NAMED_UNIT ( * ) PLANE_ANGLE_UNIT ( ) SI_UNIT ( $, .RADIAN. ) );
#3327 =( NAMED_UNIT ( * ) PLANE_ANGLE_UNIT ( ) SI_UNIT ( $, .RADIAN. ) );
#3328 = PRESENTATION_LAYER_ASSIGNMENT (  '', '', ( #2537 ) ) ;
#3329 = EDGE_CURVE ( 'NONE', #5734, #6889, #5179, .T. ) ;
#3330 = EDGE_LOOP ( 'NONE', ( #1926, #4744, #269, #6295, #2065, #1725, #3039, #5668 ) ) ;
#3331 = ORIENTED_EDGE ( 'NONE', *, *, #6420, .T. ) ;
#3332 = CARTESIAN_POINT ( 'NONE',  ( 1.590000000000000100, 11.70000000000000100, -7.839999999999999900 ) ) ;
#3333 = PRESENTATION_LAYER_ASSIGNMENT (  '', '', ( #2549 ) ) ;
#3334 = MECHANICAL_DESIGN_GEOMETRIC_PRESENTATION_REPRESENTATION (  '', ( #2172 ), #3723 ) ;
#3335 = ORIENTED_EDGE ( 'NONE', *, *, #1819, .T. ) ;
#3336 = COLOUR_RGB ( '',0.7960784313725489700, 0.8235294117647058400, 0.9372549019607843100 ) ;
#3337 = ORIENTED_EDGE ( 'NONE', *, *, #4838, .F. ) ;
#3338 = DIRECTION ( 'NONE',  ( -0.7071067811865489100, -0.0000000000000000000, 0.7071067811865462400 ) ) ;
#3339 =( NAMED_UNIT ( * ) SI_UNIT ( $, .STERADIAN. ) SOLID_ANGLE_UNIT ( ) );
#3340 = SURFACE_SIDE_STYLE ('',( #6162 ) ) ;
#3341 = ORIENTED_EDGE ( 'NONE', *, *, #2979, .T. ) ;
#3342 = VECTOR ( 'NONE', #2637, 999.9999999999998900 ) ;
#3343 = CARTESIAN_POINT ( 'NONE',  ( 1.050000000000000000, -2.799999999999999400, -13.02000000000000100 ) ) ;
#3344 = DIRECTION ( 'NONE',  ( -0.7372346670543746800, -0.0000000000000000000, 0.6756367705307528800 ) ) ;
#3345 = VERTEX_POINT ( 'NONE', #2571 ) ;
#3346 = CARTESIAN_POINT ( 'NONE',  ( -1.050000000000000000, 11.70000000000000100, -12.38000000000000300 ) ) ;
#3347 = ORIENTED_EDGE ( 'NONE', *, *, #6649, .T. ) ;
#3348 = FILL_AREA_STYLE ('',( #6735 ) ) ;
#3349 = SURFACE_SIDE_STYLE ('',( #1684 ) ) ;
#3350 = PRESENTATION_STYLE_ASSIGNMENT (( #1355 ) ) ;
#3351 = SURFACE_SIDE_STYLE ('',( #1345 ) ) ;
#3352 = VECTOR ( 'NONE', #3641, 1000.000000000000000 ) ;
#3353 = ORIENTED_EDGE ( 'NONE', *, *, #6496, .T. ) ;
#3354 = EDGE_LOOP ( 'NONE', ( #6728, #1005, #2563, #2188 ) ) ;
#3355 = AXIS2_PLACEMENT_3D ( 'NONE', #5075, #1634, #5650 ) ;
#3356 = ADVANCED_FACE ( 'NONE', ( #3651 ), #3741, .F. ) ;
#3357 = EDGE_CURVE ( 'NONE', #6187, #1616, #2, .T. ) ;
#3358 = MECHANICAL_DESIGN_GEOMETRIC_PRESENTATION_REPRESENTATION (  '', ( #2194 ), #3747 ) ;
#3359 = UNCERTAINTY_MEASURE_WITH_UNIT (LENGTH_MEASURE( 1.000000000000000100E-005 ), #4203, 'distance_accuracy_value', 'NONE');
#3360 =( NAMED_UNIT ( * ) PLANE_ANGLE_UNIT ( ) SI_UNIT ( $, .RADIAN. ) );
#3361 = PLANE ( 'NONE',  #4860 ) ;
#3362 = CARTESIAN_POINT ( 'NONE',  ( 0.9499999999999999600, -2.799999999999999400, -2.319999999999999800 ) ) ;
#3363 = SURFACE_STYLE_FILL_AREA ( #7228 ) ;
#3364 = ORIENTED_EDGE ( 'NONE', *, *, #6281, .T. ) ;
#3365 =( LENGTH_UNIT ( ) NAMED_UNIT ( * ) SI_UNIT ( .MILLI., .METRE. ) );
#3366 = SURFACE_STYLE_USAGE ( .BOTH. , #6752 ) ;
#3367 = CARTESIAN_POINT ( 'NONE',  ( 1.490000000000000000, 11.70000000000000100, -12.38000000000000300 ) ) ;
#3368 =( GEOMETRIC_REPRESENTATION_CONTEXT ( 3 ) GLOBAL_UNCERTAINTY_ASSIGNED_CONTEXT ( ( #6149 ) ) GLOBAL_UNIT_ASSIGNED_CONTEXT ( ( #3383, #7354, #3971 ) ) REPRESENTATION_CONTEXT ( 'NONE', 'WORKASPACE' ) );
#3369 = ORIENTED_EDGE ( 'NONE', *, *, #6962, .F. ) ;
#3370 = LINE ( 'NONE', #5023, #3171 ) ;
#3371 = FILL_AREA_STYLE ('',( #1651 ) ) ;
#3372 = VECTOR ( 'NONE', #147, 1000.000000000000000 ) ;
#3373 = CARTESIAN_POINT ( 'NONE',  ( 1.050000000000000000, -2.799999999999999400, 0.3199999999999999000 ) ) ;
#3374 = DIRECTION ( 'NONE',  ( -0.0000000000000000000, -1.000000000000000000, -0.0000000000000000000 ) ) ;
#3375 = DIRECTION ( 'NONE',  ( -0.0000000000000000000, -0.0000000000000000000, -1.000000000000000000 ) ) ;
#3376 = ORIENTED_EDGE ( 'NONE', *, *, #6884, .F. ) ;
#3377 = SURFACE_STYLE_FILL_AREA ( #843 ) ;
#3378 = EDGE_CURVE ( 'NONE', #3445, #6672, #4629, .T. ) ;
#3379 = VERTEX_POINT ( 'NONE', #7148 ) ;
#3380 =( GEOMETRIC_REPRESENTATION_CONTEXT ( 3 ) GLOBAL_UNCERTAINTY_ASSIGNED_CONTEXT ( ( #3218 ) ) GLOBAL_UNIT_ASSIGNED_CONTEXT ( ( #4232, #788, #4811 ) ) REPRESENTATION_CONTEXT ( 'NONE', 'WORKASPACE' ) );
#3381 = FILL_AREA_STYLE ('',( #5663 ) ) ;
#3382 = CARTESIAN_POINT ( 'NONE',  ( 1.590000000000000100, 11.70000000000000100, -10.38000000000000100 ) ) ;
#3383 =( LENGTH_UNIT ( ) NAMED_UNIT ( * ) SI_UNIT ( .MILLI., .METRE. ) );
#3384 = STYLED_ITEM ( 'NONE', ( #743 ), #2395 ) ;
#3385 = ADVANCED_FACE ( 'NONE', ( #5963 ), #1467, .T. ) ;
#3386 = COLOUR_RGB ( '',0.7960784313725489700, 0.8235294117647058400, 0.9372549019607843100 ) ;
#3387 =( NAMED_UNIT ( * ) PLANE_ANGLE_UNIT ( ) SI_UNIT ( $, .RADIAN. ) );
#3388 = CARTESIAN_POINT ( 'NONE',  ( 1.050000000000000000, -2.799999999999999400, -2.220000000000000200 ) ) ;
#3389 = LINE ( 'NONE', #2749, #1672 ) ;
#3390 =( NAMED_UNIT ( * ) PLANE_ANGLE_UNIT ( ) SI_UNIT ( $, .RADIAN. ) );
#3391 =( NAMED_UNIT ( * ) PLANE_ANGLE_UNIT ( ) SI_UNIT ( $, .RADIAN. ) );
#3392 = DIRECTION ( 'NONE',  ( -0.7071067811865489100, -0.0000000000000000000, -0.7071067811865461300 ) ) ;
#3393 =( NAMED_UNIT ( * ) SI_UNIT ( $, .STERADIAN. ) SOLID_ANGLE_UNIT ( ) );
#3394 = LINE ( 'NONE', #7459, #6236 ) ;
#3395 = FACE_OUTER_BOUND ( 'NONE', #62, .T. ) ;
#3396 = PRESENTATION_STYLE_ASSIGNMENT (( #4270 ) ) ;
#3397 = ORIENTED_EDGE ( 'NONE', *, *, #2241, .T. ) ;
#3398 = SURFACE_STYLE_FILL_AREA ( #3987 ) ;
#3399 = DIRECTION ( 'NONE',  ( 0.0000000000000000000, 1.000000000000000000, 0.0000000000000000000 ) ) ;
#3400 = EDGE_CURVE ( 'NONE', #7249, #1116, #2387, .T. ) ;
#3401 = LINE ( 'NONE', #2155, #6419 ) ;
#3402 = EDGE_LOOP ( 'NONE', ( #2548, #2887, #6704, #438 ) ) ;
#3403 = SURFACE_STYLE_FILL_AREA ( #3504 ) ;
#3404 = CARTESIAN_POINT ( 'NONE',  ( -1.590000000000000300, -2.799999999999999400, -12.48000000000000200 ) ) ;
#3405 =( LENGTH_UNIT ( ) NAMED_UNIT ( * ) SI_UNIT ( .MILLI., .METRE. ) );
#3406 = CARTESIAN_POINT ( 'NONE',  ( -1.050000000000000000, -2.799999999999999400, -5.400000000000000400 ) ) ;
#3407 = UNCERTAINTY_MEASURE_WITH_UNIT (LENGTH_MEASURE( 1.000000000000000100E-005 ), #7377, 'distance_accuracy_value', 'NONE');
#3408 = EDGE_CURVE ( 'NONE', #1078, #4038, #848, .T. ) ;
#3409 = FACE_OUTER_BOUND ( 'NONE', #5886, .T. ) ;
#3410 = EDGE_LOOP ( 'NONE', ( #4259, #725, #5974, #6261 ) ) ;
#3411 = EDGE_LOOP ( 'NONE', ( #2170, #2591, #2841, #1122 ) ) ;
#3412 = SURFACE_STYLE_USAGE ( .BOTH. , #6807 ) ;
#3413 = DIRECTION ( 'NONE',  ( 1.232047923278982000E-016, 0.0000000000000000000, -1.000000000000000000 ) ) ;
#3414 = COLOUR_RGB ( '',0.7960784313725489700, 0.8235294117647058400, 0.9372549019607843100 ) ;
#3415 = ORIENTED_EDGE ( 'NONE', *, *, #1283, .F. ) ;
#3416 = CARTESIAN_POINT ( 'NONE',  ( -2.540000000000000000, 1.700000000000000000, -0.9034210526315790100 ) ) ;
#3417 = ORIENTED_EDGE ( 'NONE', *, *, #1539, .T. ) ;
#3418 = ORIENTED_EDGE ( 'NONE', *, *, #3674, .F. ) ;
#3419 = CARTESIAN_POINT ( 'NONE',  ( -1.050000000000000000, -2.799999999999999400, -12.38000000000000300 ) ) ;
#3420 = FILL_AREA_STYLE_COLOUR ( '', #6935 ) ;
#3421 = DIRECTION ( 'NONE',  ( 0.0000000000000000000, 1.000000000000000000, 0.0000000000000000000 ) ) ;
#3422 = EDGE_LOOP ( 'NONE', ( #248, #1797, #1886, #664, #5406, #6239, #3221, #1550 ) ) ;
#3423 = EDGE_CURVE ( 'NONE', #4820, #1639, #1385, .T. ) ;
#3424 = VECTOR ( 'NONE', #3560, 1000.000000000000100 ) ;
#3425 = ADVANCED_FACE ( 'NONE', ( #3748 ), #4963, .T. ) ;
#3426 = VECTOR ( 'NONE', #5330, 1000.000000000000000 ) ;
#3427 = COLOUR_RGB ( '',0.7960784313725489700, 0.8235294117647058400, 0.9372549019607843100 ) ;
#3428 = FILL_AREA_STYLE ('',( #6818 ) ) ;
#3429 = ORIENTED_EDGE ( 'NONE', *, *, #5227, .F. ) ;
#3430 = SURFACE_STYLE_FILL_AREA ( #3873 ) ;
#3431 = AXIS2_PLACEMENT_3D ( 'NONE', #6177, #2757, #6731 ) ;
#3432 = STYLED_ITEM ( 'NONE', ( #4716 ), #2064 ) ;
#3433 = PRESENTATION_LAYER_ASSIGNMENT (  '', '', ( #2652 ) ) ;
#3434 =( NAMED_UNIT ( * ) PLANE_ANGLE_UNIT ( ) SI_UNIT ( $, .RADIAN. ) );
#3435 = FILL_AREA_STYLE_COLOUR ( '', #1062 ) ;
#3436 = CARTESIAN_POINT ( 'NONE',  ( 1.050000000000000000, -2.799999999999999400, -2.220000000000000200 ) ) ;
#3437 = ORIENTED_EDGE ( 'NONE', *, *, #2480, .T. ) ;
#3438 = ORIENTED_EDGE ( 'NONE', *, *, #4465, .F. ) ;
#3439 = FILL_AREA_STYLE_COLOUR ( '', #5254 ) ;
#3440 = LINE ( 'NONE', #6874, #4774 ) ;
#3441 =( NAMED_UNIT ( * ) PLANE_ANGLE_UNIT ( ) SI_UNIT ( $, .RADIAN. ) );
#3442 = DIRECTION ( 'NONE',  ( 0.7071067811865474600, 0.0000000000000000000, 0.7071067811865474600 ) ) ;
#3443 = DIRECTION ( 'NONE',  ( -0.0000000000000000000, 1.000000000000000000, 0.0000000000000000000 ) ) ;
#3444 = DIRECTION ( 'NONE',  ( 0.7071067811865489100, 0.0000000000000000000, 0.7071067811865461300 ) ) ;
#3445 = VERTEX_POINT ( 'NONE', #944 ) ;
#3446 = SURFACE_STYLE_FILL_AREA ( #1501 ) ;
#3447 = STYLED_ITEM ( 'NONE', ( #487 ), #5001 ) ;
#3448 = FILL_AREA_STYLE ('',( #3159 ) ) ;
#3449 = UNCERTAINTY_MEASURE_WITH_UNIT (LENGTH_MEASURE( 1.000000000000000100E-005 ), #5073, 'distance_accuracy_value', 'NONE');
#3450 = CARTESIAN_POINT ( 'NONE',  ( -1.050000000000000000, -2.799999999999999400, -7.940000000000001300 ) ) ;
#3451 = EDGE_CURVE ( 'NONE', #3143, #6632, #3186, .T. ) ;
#3452 = LINE ( 'NONE', #3373, #6466 ) ;
#3453 = STYLED_ITEM ( 'NONE', ( #2095 ), #4060 ) ;
#3454 = ORIENTED_EDGE ( 'NONE', *, *, #1602, .T. ) ;
#3455 = DIRECTION ( 'NONE',  ( -1.000000000000000000, 0.0000000000000000000, -0.0000000000000000000 ) ) ;
#3456 = LINE ( 'NONE', #1476, #6471 ) ;
#3457 = ADVANCED_FACE ( 'NONE', ( #93 ), #1733, .F. ) ;
#3458 = DIRECTION ( 'NONE',  ( 0.0000000000000000000, 1.000000000000000000, 0.0000000000000000000 ) ) ;
#3459 = AXIS2_PLACEMENT_3D ( 'NONE', #850, #4876, #1431 ) ;
#3460 = EDGE_CURVE ( 'NONE', #3587, #7190, #2478, .T. ) ;
#3461 = ORIENTED_EDGE ( 'NONE', *, *, #4269, .T. ) ;
#3462 = DIRECTION ( 'NONE',  ( 0.6782059721786389800, 0.0000000000000000000, 0.7348718659067220400 ) ) ;
#3463 = SURFACE_STYLE_USAGE ( .BOTH. , #6858 ) ;
#3464 = VERTEX_POINT ( 'NONE', #587 ) ;
#3465 = PRESENTATION_STYLE_ASSIGNMENT (( #2736 ) ) ;
#3466 =( GEOMETRIC_REPRESENTATION_CONTEXT ( 3 ) GLOBAL_UNCERTAINTY_ASSIGNED_CONTEXT ( ( #7077 ) ) GLOBAL_UNIT_ASSIGNED_CONTEXT ( ( #3932, #460, #4501 ) ) REPRESENTATION_CONTEXT ( 'NONE', 'WORKASPACE' ) );
#3467 =( NAMED_UNIT ( * ) PLANE_ANGLE_UNIT ( ) SI_UNIT ( $, .RADIAN. ) );
#3468 = PRESENTATION_STYLE_ASSIGNMENT (( #4316 ) ) ;
#3469 = PLANE ( 'NONE',  #7100 ) ;
#3470 = EDGE_CURVE ( 'NONE', #1089, #6776, #6832, .T. ) ;
#3471 = SURFACE_STYLE_USAGE ( .BOTH. , #6876 ) ;
#3472 = CARTESIAN_POINT ( 'NONE',  ( -1.050000000000000000, -2.799999999999999400, -4.760000000000000700 ) ) ;
#3474 = SURFACE_STYLE_FILL_AREA ( #64 ) ;
#3473 =( GEOMETRIC_REPRESENTATION_CONTEXT ( 3 ) GLOBAL_UNCERTAINTY_ASSIGNED_CONTEXT ( ( #668 ) ) GLOBAL_UNIT_ASSIGNED_CONTEXT ( ( #829, #4857, #1408 ) ) REPRESENTATION_CONTEXT ( 'NONE', 'WORKASPACE' ) );
#3475 = VECTOR ( 'NONE', #3270, 1000.000000000000000 ) ;
#3476 = ORIENTED_EDGE ( 'NONE', *, *, #6063, .T. ) ;
#3477 = VECTOR ( 'NONE', #3870, 1000.000000000000000 ) ;
#3478 = CARTESIAN_POINT ( 'NONE',  ( 2.540000000000000900, 1.700000000000000000, -13.57000000000000200 ) ) ;
#3479 = CARTESIAN_POINT ( 'NONE',  ( -0.9499999999999999600, -2.799999999999999400, -0.2199999999999999700 ) ) ;
#3480 = FACE_OUTER_BOUND ( 'NONE', #940, .T. ) ;
#3481 = COLOUR_RGB ( '',0.7960784313725489700, 0.8235294117647058400, 0.9372549019607843100 ) ;
#3482 =( GEOMETRIC_REPRESENTATION_CONTEXT ( 3 ) GLOBAL_UNCERTAINTY_ASSIGNED_CONTEXT ( ( #3835 ) ) GLOBAL_UNIT_ASSIGNED_CONTEXT ( ( #2670, #2644, #2625 ) ) REPRESENTATION_CONTEXT ( 'NONE', 'WORKASPACE' ) );
#3483 = CARTESIAN_POINT ( 'NONE',  ( -1.050000000000000000, -2.799999999999999400, -9.840000000000001600 ) ) ;
#3484 = ORIENTED_EDGE ( 'NONE', *, *, #6439, .F. ) ;
#3485 = CARTESIAN_POINT ( 'NONE',  ( 0.9499999999999999600, -2.799999999999999400, -5.299999999999999800 ) ) ;
#3486 = DIRECTION ( 'NONE',  ( -1.000000000000000000, -0.0000000000000000000, -0.0000000000000000000 ) ) ;
#3487 = STYLED_ITEM ( 'NONE', ( #5979 ), #4590 ) ;
#3488 = COLOUR_RGB ( '',0.7960784313725489700, 0.8235294117647058400, 0.9372549019607843100 ) ;
#3489 = PLANE ( 'NONE',  #6375 ) ;
#3490 = EDGE_CURVE ( 'NONE', #7034, #1954, #953, .T. ) ;
#3491 = SURFACE_SIDE_STYLE ('',( #7006 ) ) ;
#3492 = ADVANCED_FACE ( 'NONE', ( #3838 ), #2907, .T. ) ;
#3493 = ORIENTED_EDGE ( 'NONE', *, *, #6403, .T. ) ;
#3494 = STYLED_ITEM ( 'NONE', ( #4704 ), #3594 ) ;
#3495 = DIRECTION ( 'NONE',  ( 0.0000000000000000000, 1.000000000000000000, 0.0000000000000000000 ) ) ;
#3496 = CARTESIAN_POINT ( 'NONE',  ( 1.490000000000000000, -2.799999999999999400, -13.02000000000000100 ) ) ;
#3497 = UNCERTAINTY_MEASURE_WITH_UNIT (LENGTH_MEASURE( 1.000000000000000100E-005 ), #4608, 'distance_accuracy_value', 'NONE');
#3498 = LINE ( 'NONE', #3035, #1958 ) ;
#3499 = ORIENTED_EDGE ( 'NONE', *, *, #660, .F. ) ;
#3500 = VERTEX_POINT ( 'NONE', #2930 ) ;
#3501 = FILL_AREA_STYLE_COLOUR ( '', #3060 ) ;
#3502 = COLOUR_RGB ( '',0.7960784313725489700, 0.8235294117647058400, 0.9372549019607843100 ) ;
#3503 = CARTESIAN_POINT ( 'NONE',  ( 1.050000000000000000, -2.799999999999999400, -7.940000000000001300 ) ) ;
#3504 = FILL_AREA_STYLE ('',( #5772 ) ) ;
#3505 = AXIS2_PLACEMENT_3D ( 'NONE', #2102, #6103, #2675 ) ;
#3506 = COLOUR_RGB ( '',0.7921568627450980000, 0.8196078431372548800, 0.9333333333333333500 ) ;
#3507 = ORIENTED_EDGE ( 'NONE', *, *, #1710, .F. ) ;
#3508 = FACE_OUTER_BOUND ( 'NONE', #2247, .T. ) ;
#3509 = DIRECTION ( 'NONE',  ( 1.000000000000000000, 0.0000000000000000000, 0.0000000000000000000 ) ) ;
#3510 = CARTESIAN_POINT ( 'NONE',  ( -2.140000000000000600, 0.0000000000000000000, -3.810000000000000100 ) ) ;
#3511 = VERTEX_POINT ( 'NONE', #2364 ) ;
#3512 =( LENGTH_UNIT ( ) NAMED_UNIT ( * ) SI_UNIT ( .MILLI., .METRE. ) );
#3513 = DIRECTION ( 'NONE',  ( 0.7071067811865473500, -0.0000000000000000000, 0.7071067811865477900 ) ) ;
#3514 = DIRECTION ( 'NONE',  ( 1.000000000000000000, 0.0000000000000000000, -0.0000000000000000000 ) ) ;
#3515 = LINE ( 'NONE', #1478, #5044 ) ;
#3516 = ORIENTED_EDGE ( 'NONE', *, *, #2863, .T. ) ;
#3517 = EDGE_CURVE ( 'NONE', #2304, #2345, #4800, .T. ) ;
#3518 = EDGE_CURVE ( 'NONE', #5953, #2622, #3289, .T. ) ;
#3519 = MECHANICAL_DESIGN_GEOMETRIC_PRESENTATION_REPRESENTATION (  '', ( #2363 ), #3915 ) ;
#3520 = COLOUR_RGB ( '',0.7921568627450980000, 0.8196078431372548800, 0.9333333333333333500 ) ;
#3521 = CARTESIAN_POINT ( 'NONE',  ( -2.539999999999999600, 1.700000000000000000, -9.323421052631580600 ) ) ;
#3522 = ORIENTED_EDGE ( 'NONE', *, *, #4555, .T. ) ;
#3523 = DIRECTION ( 'NONE',  ( -0.0000000000000000000, -1.000000000000000000, -0.0000000000000000000 ) ) ;
#3524 =( GEOMETRIC_REPRESENTATION_CONTEXT ( 3 ) GLOBAL_UNCERTAINTY_ASSIGNED_CONTEXT ( ( #3883 ) ) GLOBAL_UNIT_ASSIGNED_CONTEXT ( ( #150, #4202, #752 ) ) REPRESENTATION_CONTEXT ( 'NONE', 'WORKASPACE' ) );
#3525 = MECHANICAL_DESIGN_GEOMETRIC_PRESENTATION_REPRESENTATION (  '', ( #2369 ), #3919 ) ;
#3526 = ORIENTED_EDGE ( 'NONE', *, *, #1341, .F. ) ;
#3527 = ORIENTED_EDGE ( 'NONE', *, *, #2688, .F. ) ;
#3528 = CARTESIAN_POINT ( 'NONE',  ( 2.140000000000000100, 1.700000000000000000, -6.350000000000000500 ) ) ;
#3529 =( NAMED_UNIT ( * ) PLANE_ANGLE_UNIT ( ) SI_UNIT ( $, .RADIAN. ) );
#3530 = SURFACE_STYLE_USAGE ( .BOTH. , #38 ) ;
#3531 = EDGE_CURVE ( 'NONE', #4959, #7190, #1753, .T. ) ;
#3532 = ADVANCED_FACE ( 'NONE', ( #5954 ), #1804, .F. ) ;
#3533 = PLANE ( 'NONE',  #927 ) ;
#3534 = PRESENTATION_STYLE_ASSIGNMENT (( #2303 ) ) ;
#3535 = PRESENTATION_LAYER_ASSIGNMENT (  '', '', ( #2765 ) ) ;
#3536 = CARTESIAN_POINT ( 'NONE',  ( -2.540000000000000000, 1.700000000000000000, -0.9034210526315790100 ) ) ;
#3537 = SURFACE_SIDE_STYLE ('',( #735 ) ) ;
#3538 = ORIENTED_EDGE ( 'NONE', *, *, #7441, .F. ) ;
#3539 = DIRECTION ( 'NONE',  ( -1.000000000000000000, -0.0000000000000000000, -0.0000000000000000000 ) ) ;
#3540 = CARTESIAN_POINT ( 'NONE',  ( -1.050000000000000000, 11.70000000000000100, -5.400000000000000400 ) ) ;
#3541 = UNCERTAINTY_MEASURE_WITH_UNIT (LENGTH_MEASURE( 1.000000000000000100E-005 ), #5709, 'distance_accuracy_value', 'NONE');
#3542 = EDGE_CURVE ( 'NONE', #3070, #3041, #6916, .T. ) ;
#3543 = MECHANICAL_DESIGN_GEOMETRIC_PRESENTATION_REPRESENTATION (  '', ( #2384 ), #3938 ) ;
#3544 =( LENGTH_UNIT ( ) NAMED_UNIT ( * ) SI_UNIT ( .MILLI., .METRE. ) );
#3545 = VECTOR ( 'NONE', #6456, 1000.000000000000100 ) ;
#3546 = UNCERTAINTY_MEASURE_WITH_UNIT (LENGTH_MEASURE( 1.000000000000000100E-005 ), #4606, 'distance_accuracy_value', 'NONE');
#3547 = PLANE ( 'NONE',  #5060 ) ;
#3548 = CARTESIAN_POINT ( 'NONE',  ( 0.9499999999999999600, 11.70000000000000100, -2.319999999999999800 ) ) ;
#3549 = EDGE_CURVE ( 'NONE', #6812, #3057, #5431, .T. ) ;
#3550 = ORIENTED_EDGE ( 'NONE', *, *, #5436, .F. ) ;
#3551 = PLANE ( 'NONE',  #1494 ) ;
#3552 = EDGE_LOOP ( 'NONE', ( #6525, #4978, #6206, #851, #2786, #5485, #5115, #6882 ) ) ;
#3553 = ORIENTED_EDGE ( 'NONE', *, *, #2839, .T. ) ;
#3554 = FILL_AREA_STYLE_COLOUR ( '', #182 ) ;
#3555 = SURFACE_STYLE_USAGE ( .BOTH. , #6949 ) ;
#3556 = LINE ( 'NONE', #3882, #6394 ) ;
#3557 = STYLED_ITEM ( 'NONE', ( #874 ), #1612 ) ;
#3558 = DIRECTION ( 'NONE',  ( 1.000000000000000000, 0.0000000000000000000, 1.232047923278982000E-016 ) ) ;
#3559 = ORIENTED_EDGE ( 'NONE', *, *, #6125, .T. ) ;
#3560 = DIRECTION ( 'NONE',  ( 0.7071067811865486800, 0.0000000000000000000, -0.7071067811865463500 ) ) ;
#3561 = LINE ( 'NONE', #2635, #6397 ) ;
#3562 = CARTESIAN_POINT ( 'NONE',  ( -1.050000000000000000, -2.799999999999999400, -5.400000000000000400 ) ) ;
#3563 = SURFACE_STYLE_FILL_AREA ( #4225 ) ;
#3564 = LINE ( 'NONE', #4462, #1844 ) ;
#3565 =( GEOMETRIC_REPRESENTATION_CONTEXT ( 3 ) GLOBAL_UNCERTAINTY_ASSIGNED_CONTEXT ( ( #2294 ) ) GLOBAL_UNIT_ASSIGNED_CONTEXT ( ( #6081, #2654, #6642 ) ) REPRESENTATION_CONTEXT ( 'NONE', 'WORKASPACE' ) );
#3566 = ORIENTED_EDGE ( 'NONE', *, *, #1756, .T. ) ;
#3567 = FACE_OUTER_BOUND ( 'NONE', #1747, .T. ) ;
#3568 = ADVANCED_FACE ( 'NONE', ( #839 ), #5250, .T. ) ;
#3569 = AXIS2_PLACEMENT_3D ( 'NONE', #2433, #6416, #2998 ) ;
#3570 = VERTEX_POINT ( 'NONE', #191 ) ;
#3571 = PRESENTATION_STYLE_ASSIGNMENT (( #5756 ) ) ;
#3572 = SURFACE_STYLE_USAGE ( .BOTH. , #6961 ) ;
#3573 = VECTOR ( 'NONE', #1171, 1000.000000000000000 ) ;
#3574 = PRODUCT_DEFINITION_CONTEXT ( 'detailed design', #364, 'design' ) ;
#3575 = SURFACE_STYLE_FILL_AREA ( #3113 ) ;
#3576 = ORIENTED_EDGE ( 'NONE', *, *, #1020, .F. ) ;
#3577 = DIRECTION ( 'NONE',  ( 0.0000000000000000000, 0.0000000000000000000, -1.000000000000000000 ) ) ;
#3578 = AXIS2_PLACEMENT_3D ( 'NONE', #549, #4585, #1141 ) ;
#3579 = ORIENTED_EDGE ( 'NONE', *, *, #7027, .T. ) ;
#3580 = PRESENTATION_STYLE_ASSIGNMENT (( #4382 ) ) ;
#3581 = DIRECTION ( 'NONE',  ( -1.000000000000000000, 0.0000000000000000000, -0.0000000000000000000 ) ) ;
#3582 = VECTOR ( 'NONE', #1194, 999.9999999999998900 ) ;
#3583 = FILL_AREA_STYLE_COLOUR ( '', #1765 ) ;
#3584 = PLANE ( 'NONE',  #3628 ) ;
#3585 = COLOUR_RGB ( '',0.0000000000000000000, 0.003921568627450980300, 0.09019607843137254800 ) ;
#3586 = SURFACE_SIDE_STYLE ('',( #4065 ) ) ;
#3587 = VERTEX_POINT ( 'NONE', #818 ) ;
#3588 = LINE ( 'NONE', #130, #2052 ) ;
#3589 =( LENGTH_UNIT ( ) NAMED_UNIT ( * ) SI_UNIT ( .MILLI., .METRE. ) );
#3590 = MECHANICAL_DESIGN_GEOMETRIC_PRESENTATION_REPRESENTATION (  '', ( #2432 ), #3980 ) ;
#3591 = CARTESIAN_POINT ( 'NONE',  ( 1.490000000000000000, 11.70000000000000100, -0.3200000000000001200 ) ) ;
#3592 = ORIENTED_EDGE ( 'NONE', *, *, #4453, .T. ) ;
#3593 = DIRECTION ( 'NONE',  ( -0.7071067811865489100, -0.0000000000000000000, -0.7071067811865461300 ) ) ;
#3594 = MANIFOLD_SOLID_BREP ( 'LPattern3[7]', #4430 ) ;
#3595 = VECTOR ( 'NONE', #1807, 1000.000000000000000 ) ;
#3596 = EDGE_LOOP ( 'NONE', ( #1793, #4835, #5345, #3075, #6695, #4437, #5763, #4414 ) ) ;
#3597 = VECTOR ( 'NONE', #7159, 1000.000000000000000 ) ;
#3598 = DIRECTION ( 'NONE',  ( 1.000000000000000000, 0.0000000000000000000, 0.0000000000000000000 ) ) ;
#3599 = ORIENTED_EDGE ( 'NONE', *, *, #196, .T. ) ;
#3600 = COLOUR_RGB ( '',0.7960784313725489700, 0.8235294117647058400, 0.9372549019607843100 ) ;
#3601 = CARTESIAN_POINT ( 'NONE',  ( 2.140000000000000100, 1.700000000000000000, -13.97000000000000100 ) ) ;
#3602 = LINE ( 'NONE', #3295, #6618 ) ;
#3603 = ORIENTED_EDGE ( 'NONE', *, *, #6281, .F. ) ;
#3604 = STYLED_ITEM ( 'NONE', ( #2680 ), #1160 ) ;
#3605 = LINE ( 'NONE', #4410, #5137 ) ;
#3606 = EDGE_CURVE ( 'NONE', #552, #6542, #1290, .T. ) ;
#3607 = ADVANCED_FACE ( 'NONE', ( #4172 ), #3731, .T. ) ;
#3608 =( NAMED_UNIT ( * ) PLANE_ANGLE_UNIT ( ) SI_UNIT ( $, .RADIAN. ) );
#3610 = DIRECTION ( 'NONE',  ( 0.0000000000000000000, 0.0000000000000000000, -1.000000000000000000 ) ) ;
#3609 = FACE_OUTER_BOUND ( 'NONE', #347, .T. ) ;
#3611 = CARTESIAN_POINT ( 'NONE',  ( 1.490000000000000000, -2.799999999999999400, -7.940000000000001300 ) ) ;
#3612 = PRESENTATION_STYLE_ASSIGNMENT (( #4833 ) ) ;
#3613 = VERTEX_POINT ( 'NONE', #4255 ) ;
#3614 = DIRECTION ( 'NONE',  ( -0.7071067811865477900, 0.0000000000000000000, -0.7071067811865473500 ) ) ;
#3615 = VERTEX_POINT ( 'NONE', #266 ) ;
#3616 = EDGE_LOOP ( 'NONE', ( #2174, #6183, #2827, #2221 ) ) ;
#3617 = CARTESIAN_POINT ( 'NONE',  ( 2.540000000000000900, 1.700000000000000000, -5.950000000000001100 ) ) ;
#3618 = DIRECTION ( 'NONE',  ( 0.0000000000000000000, 0.0000000000000000000, 1.000000000000000000 ) ) ;
#3619 = VERTEX_POINT ( 'NONE', #4309 ) ;
#3620 =( NAMED_UNIT ( * ) SI_UNIT ( $, .STERADIAN. ) SOLID_ANGLE_UNIT ( ) );
#3621 = ORIENTED_EDGE ( 'NONE', *, *, #1205, .F. ) ;
#3622 = MECHANICAL_DESIGN_GEOMETRIC_PRESENTATION_REPRESENTATION (  '', ( #2459 ), #4002 ) ;
#3623 = EDGE_CURVE ( 'NONE', #6776, #5792, #2105, .T. ) ;
#3624 =( GEOMETRIC_REPRESENTATION_CONTEXT ( 3 ) GLOBAL_UNCERTAINTY_ASSIGNED_CONTEXT ( ( #4008 ) ) GLOBAL_UNIT_ASSIGNED_CONTEXT ( ( #7187, #3809, #315 ) ) REPRESENTATION_CONTEXT ( 'NONE', 'WORKASPACE' ) );
#3625 = PLANE ( 'NONE',  #2214 ) ;
#3626 = CARTESIAN_POINT ( 'NONE',  ( 2.540000000000000900, 1.700000000000000000, -9.290000000000000900 ) ) ;
#3627 = PRESENTATION_LAYER_ASSIGNMENT (  '', '', ( #2847 ) ) ;
#3628 = AXIS2_PLACEMENT_3D ( 'NONE', #3020, #6996, #3614 ) ;
#3629 = LINE ( 'NONE', #4089, #551 ) ;
#3630 = CARTESIAN_POINT ( 'NONE',  ( -1.050000000000000000, -2.799999999999999400, 0.3199999999999999000 ) ) ;
#3631 = FILL_AREA_STYLE_COLOUR ( '', #4201 ) ;
#3632 = MECHANICAL_DESIGN_GEOMETRIC_PRESENTATION_REPRESENTATION (  '', ( #2472 ), #4017 ) ;
#3633 = ORIENTED_EDGE ( 'NONE', *, *, #2955, .T. ) ;
#3634 = DIRECTION ( 'NONE',  ( -1.000000000000000000, -0.0000000000000000000, -0.0000000000000000000 ) ) ;
#3635 = CARTESIAN_POINT ( 'NONE',  ( 1.050000000000000000, -2.799999999999999400, -7.940000000000001300 ) ) ;
#3636 = SURFACE_STYLE_USAGE ( .BOTH. , #7019 ) ;
#3637 = EDGE_CURVE ( 'NONE', #7430, #5324, #3642, .T. ) ;
#3638 = UNCERTAINTY_MEASURE_WITH_UNIT (LENGTH_MEASURE( 1.000000000000000100E-005 ), #5497, 'distance_accuracy_value', 'NONE');
#3639 = SURFACE_SIDE_STYLE ('',( #3313 ) ) ;
#3640 = AXIS2_PLACEMENT_3D ( 'NONE', #2193, #6185, #2768 ) ;
#3641 = DIRECTION ( 'NONE',  ( 0.0000000000000000000, 1.000000000000000000, 0.0000000000000000000 ) ) ;
#3642 = LINE ( 'NONE', #869, #562 ) ;
#3643 = SURFACE_STYLE_USAGE ( .BOTH. , #7023 ) ;
#3644 = CARTESIAN_POINT ( 'NONE',  ( 1.050000000000000000, -2.799999999999999400, -0.3200000000000001200 ) ) ;
#3645 = COLOUR_RGB ( '',0.7921568627450980000, 0.8196078431372548800, 0.9333333333333333500 ) ;
#3646 =( NAMED_UNIT ( * ) PLANE_ANGLE_UNIT ( ) SI_UNIT ( $, .RADIAN. ) );
#3647 =( GEOMETRIC_REPRESENTATION_CONTEXT ( 3 ) GLOBAL_UNCERTAINTY_ASSIGNED_CONTEXT ( ( #577 ) ) GLOBAL_UNIT_ASSIGNED_CONTEXT ( ( #5644, #2198, #6200 ) ) REPRESENTATION_CONTEXT ( 'NONE', 'WORKASPACE' ) );
#3648 = ORIENTED_EDGE ( 'NONE', *, *, #7462, .F. ) ;
#3649 = VECTOR ( 'NONE', #5546, 999.9999999999998900 ) ;
#3650 = SURFACE_STYLE_USAGE ( .BOTH. , #7035 ) ;
#3651 = FACE_OUTER_BOUND ( 'NONE', #3411, .T. ) ;
#3652 = DIRECTION ( 'NONE',  ( 1.000000000000000000, 0.0000000000000000000, -2.492418787322998300E-016 ) ) ;
#3653 = VECTOR ( 'NONE', #6532, 1000.000000000000000 ) ;
#3654 = DIRECTION ( 'NONE',  ( -0.7071067811865470200, 0.0000000000000000000, -0.7071067811865481300 ) ) ;
#3655 = PLANE ( 'NONE',  #6937 ) ;
#3656 = LINE ( 'NONE', #1790, #5003 ) ;
#3657 = EDGE_CURVE ( 'NONE', #5400, #199, #742, .T. ) ;
#3658 = CARTESIAN_POINT ( 'NONE',  ( 1.490000000000000000, -2.799999999999999400, -5.400000000000000400 ) ) ;
#3659 = FACE_OUTER_BOUND ( 'NONE', #4604, .T. ) ;
#3660 =( NAMED_UNIT ( * ) PLANE_ANGLE_UNIT ( ) SI_UNIT ( $, .RADIAN. ) );
#3661 = LINE ( 'NONE', #6340, #6491 ) ;
#3662 = LINE ( 'NONE', #1513, #2127 ) ;
#3663 =( LENGTH_UNIT ( ) NAMED_UNIT ( * ) SI_UNIT ( .MILLI., .METRE. ) );
#3664 = CARTESIAN_POINT ( 'NONE',  ( -2.539999999999999600, 1.700000000000000000, -4.243421052631578800 ) ) ;
#3665 = MECHANICAL_DESIGN_GEOMETRIC_PRESENTATION_REPRESENTATION (  '', ( #2507 ), #4052 ) ;
#3666 = PRESENTATION_LAYER_ASSIGNMENT (  '', '', ( #2893 ) ) ;
#3667 = VERTEX_POINT ( 'NONE', #7162 ) ;
#3668 = SURFACE_SIDE_STYLE ('',( #5577 ) ) ;
#3669 = LINE ( 'NONE', #823, #4284 ) ;
#3670 = PLANE ( 'NONE',  #5133 ) ;
#3671 = DIRECTION ( 'NONE',  ( -1.000000000000000000, -0.0000000000000000000, -0.0000000000000000000 ) ) ;
#3672 = FILL_AREA_STYLE ('',( #4235 ) ) ;
#3673 = VECTOR ( 'NONE', #4365, 1000.000000000000000 ) ;
#3674 = EDGE_CURVE ( 'NONE', #6970, #6341, #1913, .T. ) ;
#3675 = COLOUR_RGB ( '',0.0000000000000000000, 0.003921568627450980300, 0.09019607843137254800 ) ;
#3676 = ORIENTED_EDGE ( 'NONE', *, *, #548, .T. ) ;
#3677 = UNCERTAINTY_MEASURE_WITH_UNIT (LENGTH_MEASURE( 1.000000000000000100E-005 ), #2091, 'distance_accuracy_value', 'NONE');
#3678 = CARTESIAN_POINT ( 'NONE',  ( -1.490000000000000200, -2.799999999999999400, 0.3199999999999998400 ) ) ;
#3679 = SURFACE_SIDE_STYLE ('',( #1950 ) ) ;
#3680 = SURFACE_STYLE_FILL_AREA ( #2490 ) ;
#3681 = ORIENTED_EDGE ( 'NONE', *, *, #5030, .T. ) ;
#3682 = ORIENTED_EDGE ( 'NONE', *, *, #2390, .F. ) ;
#3683 = COLOUR_RGB ( '',0.7960784313725489700, 0.8235294117647058400, 0.9372549019607843100 ) ;
#3684 =( NAMED_UNIT ( * ) SI_UNIT ( $, .STERADIAN. ) SOLID_ANGLE_UNIT ( ) );
#3685 = FILL_AREA_STYLE_COLOUR ( '', #5706 ) ;
#3686 = ORIENTED_EDGE ( 'NONE', *, *, #6164, .F. ) ;
#3687 = SURFACE_STYLE_FILL_AREA ( #2554 ) ;
#3688 = CARTESIAN_POINT ( 'NONE',  ( 0.9499999999999999600, -2.799999999999999400, -2.760000000000000200 ) ) ;
#3689 = EDGE_CURVE ( 'NONE', #1816, #1749, #3456, .T. ) ;
#3690 = DIRECTION ( 'NONE',  ( 0.7071067811865486800, 0.0000000000000000000, 0.7071067811865464600 ) ) ;
#3691 = VECTOR ( 'NONE', #6840, 1000.000000000000000 ) ;
#3693 = PRESENTATION_LAYER_ASSIGNMENT (  '', '', ( #2906 ) ) ;
#3692 = VECTOR ( 'NONE', #7370, 999.9999999999998900 ) ;
#3694 = DIRECTION ( 'NONE',  ( 1.000000000000000000, 0.0000000000000000000, 0.0000000000000000000 ) ) ;
#3695 = ORIENTED_EDGE ( 'NONE', *, *, #3937, .F. ) ;
#3696 = CARTESIAN_POINT ( 'NONE',  ( -1.050000000000000000, 11.70000000000000100, -9.840000000000001600 ) ) ;
#3697 = LINE ( 'NONE', #2789, #6524 ) ;
#3698 = VERTEX_POINT ( 'NONE', #6055 ) ;
#3699 = ORIENTED_EDGE ( 'NONE', *, *, #4209, .T. ) ;
#3700 = COLOUR_RGB ( '',0.7960784313725489700, 0.8235294117647058400, 0.9372549019607843100 ) ;
#3701 = EDGE_CURVE ( 'NONE', #152, #7430, #3281, .T. ) ;
#3702 = PRESENTATION_LAYER_ASSIGNMENT (  '', '', ( #2913 ) ) ;
#3703 = SURFACE_STYLE_FILL_AREA ( #6651 ) ;
#3704 = SURFACE_SIDE_STYLE ('',( #4848 ) ) ;
#3705 = PLANE ( 'NONE',  #1516 ) ;
#3706 = FILL_AREA_STYLE_COLOUR ( '', #6216 ) ;
#3707 = DIRECTION ( 'NONE',  ( 1.000000000000000000, 0.0000000000000000000, -0.0000000000000000000 ) ) ;
#3708 = ORIENTED_EDGE ( 'NONE', *, *, #1902, .F. ) ;
#3709 = CARTESIAN_POINT ( 'NONE',  ( 2.020000000000001400, 0.0000000000000000000, -1.270000000000000000 ) ) ;
#3710 = MECHANICAL_DESIGN_GEOMETRIC_PRESENTATION_REPRESENTATION (  '', ( #2537 ), #4085 ) ;
#3711 = ORIENTED_EDGE ( 'NONE', *, *, #5695, .T. ) ;
#3712 = EDGE_CURVE ( 'NONE', #4006, #5136, #4795, .T. ) ;
#3713 =( NAMED_UNIT ( * ) PLANE_ANGLE_UNIT ( ) SI_UNIT ( $, .RADIAN. ) );
#3714 = CARTESIAN_POINT ( 'NONE',  ( -1.490000000000000200, 11.70000000000000100, -4.760000000000000700 ) ) ;
#3715 = ORIENTED_EDGE ( 'NONE', *, *, #7072, .T. ) ;
#3716 = CARTESIAN_POINT ( 'NONE',  ( 1.590000000000000100, -2.799999999999999400, -2.760000000000000200 ) ) ;
#3717 =( NAMED_UNIT ( * ) PLANE_ANGLE_UNIT ( ) SI_UNIT ( $, .RADIAN. ) );
#3718 = SURFACE_STYLE_USAGE ( .BOTH. , #7091 ) ;
#3719 = PRESENTATION_STYLE_ASSIGNMENT (( #3968 ) ) ;
#3720 = CARTESIAN_POINT ( 'NONE',  ( -0.9499999999999999600, -2.799999999999999400, -12.92000000000000200 ) ) ;
#3721 = DIRECTION ( 'NONE',  ( -1.000000000000000000, -0.0000000000000000000, -1.232047923278982200E-016 ) ) ;
#3722 = MECHANICAL_DESIGN_GEOMETRIC_PRESENTATION_REPRESENTATION (  '', ( #2549 ), #4092 ) ;
#3723 =( GEOMETRIC_REPRESENTATION_CONTEXT ( 3 ) GLOBAL_UNCERTAINTY_ASSIGNED_CONTEXT ( ( #7128 ) ) GLOBAL_UNIT_ASSIGNED_CONTEXT ( ( #4512, #1074, #5085 ) ) REPRESENTATION_CONTEXT ( 'NONE', 'WORKASPACE' ) );
#3724 = SURFACE_STYLE_USAGE ( .BOTH. , #7094 ) ;
#3725 = CARTESIAN_POINT ( 'NONE',  ( 1.490000000000000000, -2.799999999999999400, -5.400000000000000400 ) ) ;
#3726 =( NAMED_UNIT ( * ) PLANE_ANGLE_UNIT ( ) SI_UNIT ( $, .RADIAN. ) );
#3727 = STYLED_ITEM ( 'NONE', ( #6090 ), #5813 ) ;
#3728 = ORIENTED_EDGE ( 'NONE', *, *, #639, .F. ) ;
#3729 = CARTESIAN_POINT ( 'NONE',  ( -1.590000000000000300, -2.799999999999999400, -7.400000000000000400 ) ) ;
#3730 = FILL_AREA_STYLE ('',( #7102 ) ) ;
#3731 = PLANE ( 'NONE',  #235 ) ;
#3732 = CARTESIAN_POINT ( 'NONE',  ( -0.9499999999999999600, -2.799999999999999400, -10.38000000000000100 ) ) ;
#3733 = STYLED_ITEM ( 'NONE', ( #3199 ), #6580 ) ;
#3734 =( NAMED_UNIT ( * ) PLANE_ANGLE_UNIT ( ) SI_UNIT ( $, .RADIAN. ) );
#3735 = DIRECTION ( 'NONE',  ( -1.000000000000000000, -0.0000000000000000000, -0.0000000000000000000 ) ) ;
#3736 = UNCERTAINTY_MEASURE_WITH_UNIT (LENGTH_MEASURE( 1.000000000000000100E-005 ), #5540, 'distance_accuracy_value', 'NONE');
#3737 =( NAMED_UNIT ( * ) PLANE_ANGLE_UNIT ( ) SI_UNIT ( $, .RADIAN. ) );
#3738 = STYLED_ITEM ( 'NONE', ( #5914 ), #500 ) ;
#3739 = CARTESIAN_POINT ( 'NONE',  ( -1.590000000000000300, 11.70000000000000100, -5.300000000000000700 ) ) ;
#3740 = PRESENTATION_LAYER_ASSIGNMENT (  '', '', ( #2951 ) ) ;
#3741 = PLANE ( 'NONE',  #4150 ) ;
#3742 = PRESENTATION_STYLE_ASSIGNMENT (( #5729 ) ) ;
#3743 = EDGE_CURVE ( 'NONE', #4038, #6509, #180, .T. ) ;
#3744 = SURFACE_STYLE_USAGE ( .BOTH. , #7120 ) ;
#3745 = SURFACE_SIDE_STYLE ('',( #5201 ) ) ;
#3746 = FACE_OUTER_BOUND ( 'NONE', #5118, .T. ) ;
#3747 =( GEOMETRIC_REPRESENTATION_CONTEXT ( 3 ) GLOBAL_UNCERTAINTY_ASSIGNED_CONTEXT ( ( #1407 ) ) GLOBAL_UNIT_ASSIGNED_CONTEXT ( ( #1555, #5578, #2129 ) ) REPRESENTATION_CONTEXT ( 'NONE', 'WORKASPACE' ) );
#3748 = FACE_OUTER_BOUND ( 'NONE', #2829, .T. ) ;
#3749 = SURFACE_STYLE_USAGE ( .BOTH. , #7133 ) ;
#3750 = CARTESIAN_POINT ( 'NONE',  ( -0.9499999999999999600, 11.70000000000000100, -10.38000000000000100 ) ) ;
#3751 = CARTESIAN_POINT ( 'NONE',  ( 2.140000000000000100, 1.700000000000000000, -3.810000000000000100 ) ) ;
#3752 = DIRECTION ( 'NONE',  ( 1.000000000000000000, 0.0000000000000000000, -0.0000000000000000000 ) ) ;
#3753 = FACE_OUTER_BOUND ( 'NONE', #1564, .T. ) ;
#3754 = VECTOR ( 'NONE', #7258, 1000.000000000000100 ) ;
#3755 = FILL_AREA_STYLE ('',( #2005 ) ) ;
#3756 = FACE_OUTER_BOUND ( 'NONE', #3132, .T. ) ;
#3757 = CARTESIAN_POINT ( 'NONE',  ( -1.050000000000000000, -2.799999999999999400, -2.860000000000000300 ) ) ;
#3758 = FILL_AREA_STYLE ('',( #1987 ) ) ;
#3759 = ORIENTED_EDGE ( 'NONE', *, *, #4304, .F. ) ;
#3760 =( NAMED_UNIT ( * ) PLANE_ANGLE_UNIT ( ) SI_UNIT ( $, .RADIAN. ) );
#3761 = VECTOR ( 'NONE', #6567, 1000.000000000000000 ) ;
#3762 = STYLED_ITEM ( 'NONE', ( #3612 ), #5483 ) ;
#3763 = FILL_AREA_STYLE ('',( #5461 ) ) ;
#3764 = FACE_OUTER_BOUND ( 'NONE', #5048, .T. ) ;
#3765 = EDGE_CURVE ( 'NONE', #889, #4681, #6132, .T. ) ;
#3766 = VECTOR ( 'NONE', #6123, 1000.000000000000100 ) ;
#3767 = COLOUR_RGB ( '',0.0000000000000000000, 0.003921568627450980300, 0.09019607843137254800 ) ;
#3768 = DIRECTION ( 'NONE',  ( -0.0000000000000000000, -0.0000000000000000000, -1.000000000000000000 ) ) ;
#3769 = ORIENTED_EDGE ( 'NONE', *, *, #3053, .T. ) ;
#3770 = LINE ( 'NONE', #306, #691 ) ;
#3771 = ADVANCED_FACE ( 'NONE', ( #3079 ), #6085, .T. ) ;
#3772 = STYLED_ITEM ( 'NONE', ( #7284 ), #3385 ) ;
#3773 = AXIS2_PLACEMENT_3D ( 'NONE', #6899, #3509, #15 ) ;
#3774 = VECTOR ( 'NONE', #4287, 1000.000000000000000 ) ;
#3775 = ORIENTED_EDGE ( 'NONE', *, *, #3893, .T. ) ;
#3776 = LINE ( 'NONE', #3024, #2237 ) ;
#3777 = SURFACE_SIDE_STYLE ('',( #7291 ) ) ;
#3778 = ORIENTED_EDGE ( 'NONE', *, *, #5072, .T. ) ;
#3779 = PRESENTATION_STYLE_ASSIGNMENT (( #7279 ) ) ;
#3780 = SURFACE_STYLE_USAGE ( .BOTH. , #7164 ) ;
#3781 = UNCERTAINTY_MEASURE_WITH_UNIT (LENGTH_MEASURE( 1.000000000000000100E-005 ), #5404, 'distance_accuracy_value', 'NONE');
#3782 = LINE ( 'NONE', #1231, #3595 ) ;
#3783 = STYLED_ITEM ( 'NONE', ( #6323 ), #57 ) ;
#3784 = EDGE_LOOP ( 'NONE', ( #6396, #6623, #5562, #3476 ) ) ;
#3785 = VECTOR ( 'NONE', #6328, 1000.000000000000000 ) ;
#3786 = UNCERTAINTY_MEASURE_WITH_UNIT (LENGTH_MEASURE( 1.000000000000000100E-005 ), #547, 'distance_accuracy_value', 'NONE');
#3787 = VECTOR ( 'NONE', #7416, 1000.000000000000000 ) ;
#3788 = ORIENTED_EDGE ( 'NONE', *, *, #4045, .T. ) ;
#3789 = SURFACE_STYLE_FILL_AREA ( #5875 ) ;
#3790 = CARTESIAN_POINT ( 'NONE',  ( 0.9499999999999999600, -2.799999999999999400, -7.839999999999999900 ) ) ;
#3791 = CARTESIAN_POINT ( 'NONE',  ( 0.9499999999999999600, -2.799999999999999400, -7.839999999999999900 ) ) ;
#3792 = STYLED_ITEM ( 'NONE', ( #5223 ), #6912 ) ;
#3793 = DIRECTION ( 'NONE',  ( 0.0000000000000000000, 1.000000000000000000, 0.0000000000000000000 ) ) ;
#3795 =( LENGTH_UNIT ( ) NAMED_UNIT ( * ) SI_UNIT ( .MILLI., .METRE. ) );
#3794 = SURFACE_STYLE_FILL_AREA ( #3911 ) ;
#3796 =( NAMED_UNIT ( * ) SI_UNIT ( $, .STERADIAN. ) SOLID_ANGLE_UNIT ( ) );
#3797 = ORIENTED_EDGE ( 'NONE', *, *, #7254, .T. ) ;
#3798 = CARTESIAN_POINT ( 'NONE',  ( -1.590000000000000300, -2.799999999999999400, 0.2199999999999998100 ) ) ;
#3799 =( LENGTH_UNIT ( ) NAMED_UNIT ( * ) SI_UNIT ( .MILLI., .METRE. ) );
#3800 = DIRECTION ( 'NONE',  ( -0.0000000000000000000, -0.0000000000000000000, -1.000000000000000000 ) ) ;
#3801 = EDGE_CURVE ( 'NONE', #6111, #5734, #1035, .T. ) ;
#3802 = CARTESIAN_POINT ( 'NONE',  ( 0.0000000000000000000, -2.799999999999999400, 0.0000000000000000000 ) ) ;
#3803 = LINE ( 'NONE', #3137, #5318 ) ;
#3804 = ORIENTED_EDGE ( 'NONE', *, *, #2688, .T. ) ;
#3805 = LINE ( 'NONE', #6506, #6627 ) ;
#3806 = DIRECTION ( 'NONE',  ( 0.0000000000000000000, -0.0000000000000000000, -1.000000000000000000 ) ) ;
#3807 = ORIENTED_EDGE ( 'NONE', *, *, #5465, .T. ) ;
#3808 = EDGE_CURVE ( 'NONE', #6516, #6630, #5426, .T. ) ;
#3809 =( NAMED_UNIT ( * ) PLANE_ANGLE_UNIT ( ) SI_UNIT ( $, .RADIAN. ) );
#3810 = ORIENTED_EDGE ( 'NONE', *, *, #1995, .T. ) ;
#3811 = DIRECTION ( 'NONE',  ( -0.0000000000000000000, -1.000000000000000000, -0.0000000000000000000 ) ) ;
#3812 = CARTESIAN_POINT ( 'NONE',  ( 2.540000000000000900, 1.700000000000000000, -11.03000000000000100 ) ) ;
#3813 = PLANE ( 'NONE',  #5157 ) ;
#3814 = ADVANCED_FACE ( 'NONE', ( #3914 ), #375, .T. ) ;
#3815 = EDGE_CURVE ( 'NONE', #199, #5952, #6208, .T. ) ;
#3816 = ORIENTED_EDGE ( 'NONE', *, *, #1625, .F. ) ;
#3817 = SURFACE_STYLE_USAGE ( .BOTH. , #3842 ) ;
#3818 = CARTESIAN_POINT ( 'NONE',  ( 2.540000000000000900, 0.0000000000000000000, -0.8700000000000006600 ) ) ;
#3819 = DIRECTION ( 'NONE',  ( -1.000000000000000000, 0.0000000000000000000, 0.0000000000000000000 ) ) ;
#3820 = PLANE ( 'NONE',  #3956 ) ;
#3821 = ORIENTED_EDGE ( 'NONE', *, *, #2140, .F. ) ;
#3822 = FILL_AREA_STYLE ('',( #7205 ) ) ;
#3823 = PRESENTATION_LAYER_ASSIGNMENT (  '', '', ( #3026 ) ) ;
#3824 = AXIS2_PLACEMENT_3D ( 'NONE', #1354, #5377, #1928 ) ;
#3825 = SURFACE_STYLE_USAGE ( .BOTH. , #7208 ) ;
#3826 = ORIENTED_EDGE ( 'NONE', *, *, #87, .T. ) ;
#3827 = MECHANICAL_DESIGN_GEOMETRIC_PRESENTATION_REPRESENTATION (  '', ( #2652 ), #4188 ) ;
#3828 = DIRECTION ( 'NONE',  ( 1.000000000000000000, 0.0000000000000000000, 1.232047923278982000E-016 ) ) ;
#3829 = FILL_AREA_STYLE_COLOUR ( '', #6165 ) ;
#3830 = CARTESIAN_POINT ( 'NONE',  ( 0.0000000000000000000, 11.70000000000000100, -7.620000000000000100 ) ) ;
#3831 = VECTOR ( 'NONE', #4653, 999.9999999999998900 ) ;
#3832 =( NAMED_UNIT ( * ) PLANE_ANGLE_UNIT ( ) SI_UNIT ( $, .RADIAN. ) );
#3833 = DIRECTION ( 'NONE',  ( 0.0000000000000000000, -1.000000000000000000, 0.0000000000000000000 ) ) ;
#3834 = DIRECTION ( 'NONE',  ( 0.0000000000000000000, -0.0000000000000000000, -1.000000000000000000 ) ) ;
#3835 = UNCERTAINTY_MEASURE_WITH_UNIT (LENGTH_MEASURE( 1.000000000000000100E-005 ), #2670, 'distance_accuracy_value', 'NONE');
#3836 = ORIENTED_EDGE ( 'NONE', *, *, #6659, .T. ) ;
#3837 = PRESENTATION_STYLE_ASSIGNMENT (( #1180 ) ) ;
#3838 = FACE_OUTER_BOUND ( 'NONE', #2781, .T. ) ;
#3839 =( LENGTH_UNIT ( ) NAMED_UNIT ( * ) SI_UNIT ( .MILLI., .METRE. ) );
#3840 = SURFACE_SIDE_STYLE ('',( #3363 ) ) ;
#3842 = SURFACE_SIDE_STYLE ('',( #3430 ) ) ;
#3841 = AXIS2_PLACEMENT_3D ( 'NONE', #5500, #2053, #6054 ) ;
#3843 = DIRECTION ( 'NONE',  ( 1.232047923278982000E-016, 0.0000000000000000000, -1.000000000000000000 ) ) ;
#3844 = SURFACE_STYLE_USAGE ( .BOTH. , #7231 ) ;
#3845 = CARTESIAN_POINT ( 'NONE',  ( -2.540000000000000000, 0.0000000000000000000, -5.983421052631579900 ) ) ;
#3846 = LINE ( 'NONE', #6597, #2300 ) ;
#3847 = EDGE_CURVE ( 'NONE', #550, #3667, #3370, .T. ) ;
#3848 = PRODUCT_CONTEXT ( 'NONE', #6053, 'mechanical' ) ;
#3849 = AXIS2_PLACEMENT_3D ( 'NONE', #6906, #3513, #20 ) ;
#3850 = ADVANCED_FACE ( 'NONE', ( #77 ), #1583, .F. ) ;
#3851 = VECTOR ( 'NONE', #7058, 999.9999999999998900 ) ;
#3852 = CARTESIAN_POINT ( 'NONE',  ( -2.539999999999999600, 0.0000000000000000000, 0.8365789473684214200 ) ) ;
#3853 = CARTESIAN_POINT ( 'NONE',  ( 2.540000000000000900, 1.700000000000000000, -3.410000000000000600 ) ) ;
#3854 = COLOUR_RGB ( '',0.0000000000000000000, 0.003921568627450980300, 0.09019607843137254800 ) ;
#3855 = FILL_AREA_STYLE_COLOUR ( '', #1422 ) ;
#3856 = ORIENTED_EDGE ( 'NONE', *, *, #6214, .F. ) ;
#3857 = VECTOR ( 'NONE', #354, 1000.000000000000000 ) ;
#3858 =( NAMED_UNIT ( * ) PLANE_ANGLE_UNIT ( ) SI_UNIT ( $, .RADIAN. ) );
#3859 = SURFACE_SIDE_STYLE ('',( #1600 ) ) ;
#3860 = ORIENTED_EDGE ( 'NONE', *, *, #1406, .F. ) ;
#3861 = SURFACE_STYLE_USAGE ( .BOTH. , #7248 ) ;
#3862 = PRESENTATION_LAYER_ASSIGNMENT (  '', '', ( #3061 ) ) ;
#3863 = PRESENTATION_STYLE_ASSIGNMENT (( #508 ) ) ;
#3864 = EDGE_CURVE ( 'NONE', #883, #7339, #2639, .T. ) ;
#3865 = COLOUR_RGB ( '',0.0000000000000000000, 0.003921568627450980300, 0.09019607843137254800 ) ;
#3866 = SURFACE_STYLE_FILL_AREA ( #4757 ) ;
#3867 = ORIENTED_EDGE ( 'NONE', *, *, #6796, .F. ) ;
#3868 = PRESENTATION_STYLE_ASSIGNMENT (( #1008 ) ) ;
#3869 = DIRECTION ( 'NONE',  ( 0.0000000000000000000, 1.000000000000000000, 0.0000000000000000000 ) ) ;
#3870 = DIRECTION ( 'NONE',  ( 0.0000000000000000000, 1.000000000000000000, 0.0000000000000000000 ) ) ;
#3871 = VECTOR ( 'NONE', #6031, 1000.000000000000000 ) ;
#3872 = DIRECTION ( 'NONE',  ( 1.000000000000000000, 0.0000000000000000000, 1.232047923278982200E-016 ) ) ;
#3873 = FILL_AREA_STYLE ('',( #4352 ) ) ;
#3874 = ORIENTED_EDGE ( 'NONE', *, *, #2921, .F. ) ;
#3875 = VECTOR ( 'NONE', #3926, 999.9999999999998900 ) ;
#3876 = SURFACE_STYLE_USAGE ( .BOTH. , #7259 ) ;
#3877 = EDGE_LOOP ( 'NONE', ( #1394, #4320, #4214, #7435 ) ) ;
#3878 = SURFACE_STYLE_FILL_AREA ( #1274 ) ;
#3879 = SURFACE_STYLE_FILL_AREA ( #51 ) ;
#3880 = ORIENTED_EDGE ( 'NONE', *, *, #1549, .T. ) ;
#3881 = LINE ( 'NONE', #183, #6696 ) ;
#3882 = CARTESIAN_POINT ( 'NONE',  ( 1.590000000000000100, -2.799999999999999400, -7.400000000000000400 ) ) ;
#3883 = UNCERTAINTY_MEASURE_WITH_UNIT (LENGTH_MEASURE( 1.000000000000000100E-005 ), #150, 'distance_accuracy_value', 'NONE');
#3884 = CARTESIAN_POINT ( 'NONE',  ( 2.140000000000001500, 1.700000000000000000, -3.810000000000000100 ) ) ;
#3885 = LINE ( 'NONE', #5677, #2338 ) ;
#3886 = PRESENTATION_STYLE_ASSIGNMENT (( #189 ) ) ;
#3887 = CARTESIAN_POINT ( 'NONE',  ( 0.9499999999999999600, -2.799999999999999400, -12.48000000000000200 ) ) ;
#3888 = PLANE ( 'NONE',  #4619 ) ;
#3889 = ORIENTED_EDGE ( 'NONE', *, *, #1360, .F. ) ;
#3891 = AXIS2_PLACEMENT_3D ( 'NONE', #7217, #3833, #348 ) ;
#3890 = VECTOR ( 'NONE', #2032, 1000.000000000000000 ) ;
#3892 = ADVANCED_FACE ( 'NONE', ( #5517 ), #2185, .F. ) ;
#3893 = EDGE_CURVE ( 'NONE', #3095, #2229, #3452, .T. ) ;
#3894 = CARTESIAN_POINT ( 'NONE',  ( -1.590000000000000300, -2.799999999999999400, -0.2200000000000002500 ) ) ;
#3895 = FILL_AREA_STYLE ('',( #2721 ) ) ;
#3896 = ORIENTED_EDGE ( 'NONE', *, *, #4167, .T. ) ;
#3897 = CARTESIAN_POINT ( 'NONE',  ( 1.050000000000000000, -2.799999999999999400, -2.860000000000000300 ) ) ;
#3898 = DIRECTION ( 'NONE',  ( -0.0000000000000000000, -0.0000000000000000000, 1.000000000000000000 ) ) ;
#3899 = AXIS2_PLACEMENT_3D ( 'NONE', #6518, #3100, #7083 ) ;
#3900 = CARTESIAN_POINT ( 'NONE',  ( 1.490000000000000000, -2.799999999999999400, -2.220000000000000200 ) ) ;
#3901 = DIRECTION ( 'NONE',  ( 0.7071067811865477900, 0.0000000000000000000, -0.7071067811865473500 ) ) ;
#3902 = DIRECTION ( 'NONE',  ( 0.0000000000000000000, 1.000000000000000000, 0.0000000000000000000 ) ) ;
#3903 = COLOUR_RGB ( '',0.7960784313725489700, 0.8235294117647058400, 0.9372549019607843100 ) ;
#3904 = COLOUR_RGB ( '',0.7960784313725489700, 0.8235294117647058400, 0.9372549019607843100 ) ;
#3905 =( LENGTH_UNIT ( ) NAMED_UNIT ( * ) SI_UNIT ( .MILLI., .METRE. ) );
#3906 = PRESENTATION_LAYER_ASSIGNMENT (  '', '', ( #3102 ) ) ;
#3907 =( NAMED_UNIT ( * ) SI_UNIT ( $, .STERADIAN. ) SOLID_ANGLE_UNIT ( ) );
#3908 = ORIENTED_EDGE ( 'NONE', *, *, #2744, .T. ) ;
#3909 = PRESENTATION_STYLE_ASSIGNMENT (( #2643 ) ) ;
#3910 = ORIENTED_EDGE ( 'NONE', *, *, #2706, .T. ) ;
#3911 = FILL_AREA_STYLE ('',( #2743 ) ) ;
#3912 = EDGE_CURVE ( 'NONE', #5792, #1639, #555, .T. ) ;
#3913 = EDGE_CURVE ( 'NONE', #1882, #3183, #4979, .T. ) ;
#3914 = FACE_OUTER_BOUND ( 'NONE', #4526, .T. ) ;
#3915 =( GEOMETRIC_REPRESENTATION_CONTEXT ( 3 ) GLOBAL_UNCERTAINTY_ASSIGNED_CONTEXT ( ( #7180 ) ) GLOBAL_UNIT_ASSIGNED_CONTEXT ( ( #4692, #1255, #5277 ) ) REPRESENTATION_CONTEXT ( 'NONE', 'WORKASPACE' ) );
#3916 = UNCERTAINTY_MEASURE_WITH_UNIT (LENGTH_MEASURE( 1.000000000000000100E-005 ), #2552, 'distance_accuracy_value', 'NONE');
#3917 = CARTESIAN_POINT ( 'NONE',  ( -2.019999999999999600, 0.2999999999999999900, -1.270000000000000000 ) ) ;
#3918 =( LENGTH_UNIT ( ) NAMED_UNIT ( * ) SI_UNIT ( .MILLI., .METRE. ) );
#3919 =( GEOMETRIC_REPRESENTATION_CONTEXT ( 3 ) GLOBAL_UNCERTAINTY_ASSIGNED_CONTEXT ( ( #4725 ) ) GLOBAL_UNIT_ASSIGNED_CONTEXT ( ( #6779, #3387, #7359 ) ) REPRESENTATION_CONTEXT ( 'NONE', 'WORKASPACE' ) );
#3920 = FACE_OUTER_BOUND ( 'NONE', #4303, .T. ) ;
#3921 = COLOUR_RGB ( '',0.7960784313725489700, 0.8235294117647058400, 0.9372549019607843100 ) ;
#3922 = ADVANCED_FACE ( 'NONE', ( #1739 ), #1086, .T. ) ;
#3923 = SURFACE_STYLE_FILL_AREA ( #4591 ) ;
#3924 = CARTESIAN_POINT ( 'NONE',  ( 2.540000000000000900, 0.0000000000000000000, -8.490000000000000200 ) ) ;
#3925 = CARTESIAN_POINT ( 'NONE',  ( -1.050000000000000000, -2.799999999999999400, -9.840000000000001600 ) ) ;
#3926 = DIRECTION ( 'NONE',  ( 0.7071067811865477900, 0.0000000000000000000, -0.7071067811865473500 ) ) ;
#3927 = EDGE_CURVE ( 'NONE', #6255, #3698, #1201, .T. ) ;
#3928 = PLANE ( 'NONE',  #5610 ) ;
#3929 = SURFACE_STYLE_USAGE ( .BOTH. , #7310 ) ;
#3930 = VECTOR ( 'NONE', #6038, 1000.000000000000000 ) ;
#3931 =( LENGTH_UNIT ( ) NAMED_UNIT ( * ) SI_UNIT ( .MILLI., .METRE. ) );
#3932 =( LENGTH_UNIT ( ) NAMED_UNIT ( * ) SI_UNIT ( .MILLI., .METRE. ) );
#3933 = MECHANICAL_DESIGN_GEOMETRIC_PRESENTATION_REPRESENTATION (  '', ( #2765 ), #4293 ) ;
#3934 = SURFACE_SIDE_STYLE ('',( #1712 ) ) ;
#3935 = VECTOR ( 'NONE', #1303, 1000.000000000000100 ) ;
#3936 = VECTOR ( 'NONE', #1520, 1000.000000000000000 ) ;
#3937 = EDGE_CURVE ( 'NONE', #1816, #6888, #5768, .T. ) ;
#3938 =( GEOMETRIC_REPRESENTATION_CONTEXT ( 3 ) GLOBAL_UNCERTAINTY_ASSIGNED_CONTEXT ( ( #6851 ) ) GLOBAL_UNIT_ASSIGNED_CONTEXT ( ( #5193, #1750, #5760 ) ) REPRESENTATION_CONTEXT ( 'NONE', 'WORKASPACE' ) );
#3939 = SURFACE_SIDE_STYLE ('',( #2496 ) ) ;
#3940 = CARTESIAN_POINT ( 'NONE',  ( -1.050000000000000000, -2.799999999999999400, 0.3199999999999999000 ) ) ;
#3941 = EDGE_CURVE ( 'NONE', #6516, #5154, #7080, .T. ) ;
#3942 = ORIENTED_EDGE ( 'NONE', *, *, #7341, .F. ) ;
#3943 = VECTOR ( 'NONE', #4513, 1000.000000000000000 ) ;
#3944 = STYLED_ITEM ( 'NONE', ( #6343 ), #4402 ) ;
#3945 =( NAMED_UNIT ( * ) SI_UNIT ( $, .STERADIAN. ) SOLID_ANGLE_UNIT ( ) );
#3946 =( NAMED_UNIT ( * ) PLANE_ANGLE_UNIT ( ) SI_UNIT ( $, .RADIAN. ) );
#3947 = CARTESIAN_POINT ( 'NONE',  ( 1.050000000000000000, -2.799999999999999400, -7.299999999999999800 ) ) ;
#3948 = COLOUR_RGB ( '',0.0000000000000000000, 0.003921568627450980300, 0.09019607843137254800 ) ;
#3949 = PRESENTATION_STYLE_ASSIGNMENT (( #2709 ) ) ;
#3950 = VECTOR ( 'NONE', #361, 1000.000000000000000 ) ;
#3951 = VECTOR ( 'NONE', #3768, 1000.000000000000000 ) ;
#3952 = ORIENTED_EDGE ( 'NONE', *, *, #5244, .F. ) ;
#3953 = FACE_OUTER_BOUND ( 'NONE', #911, .T. ) ;
#3954 = CARTESIAN_POINT ( 'NONE',  ( -1.050000000000000000, 11.70000000000000100, -7.940000000000001300 ) ) ;
#3955 = FILL_AREA_STYLE_COLOUR ( '', #5037 ) ;
#3956 = AXIS2_PLACEMENT_3D ( 'NONE', #6657, #3262, #7232 ) ;
#3957 = LINE ( 'NONE', #1866, #2417 ) ;
#3958 = ADVANCED_FACE ( 'NONE', ( #4076 ), #537, .T. ) ;
#3959 = ORIENTED_EDGE ( 'NONE', *, *, #5174, .T. ) ;
#3960 = CARTESIAN_POINT ( 'NONE',  ( -2.540000000000000000, 1.700000000000000000, -13.60342105263158000 ) ) ;
#3961 = STYLED_ITEM ( 'NONE', ( #3115 ), #2819 ) ;
#3962 = STYLED_ITEM ( 'NONE', ( #7212 ), #1824 ) ;
#3963 = VECTOR ( 'NONE', #4643, 1000.000000000000000 ) ;
#3964 = ORIENTED_EDGE ( 'NONE', *, *, #5847, .T. ) ;
#3965 = VECTOR ( 'NONE', #3421, 1000.000000000000000 ) ;
#3966 = PRESENTATION_LAYER_ASSIGNMENT (  '', '', ( #3174 ) ) ;
#3967 = EDGE_LOOP ( 'NONE', ( #523, #5334, #2869, #4143 ) ) ;
#3968 = SURFACE_STYLE_USAGE ( .BOTH. , #7352 ) ;
#3969 = VECTOR ( 'NONE', #6417, 1000.000000000000000 ) ;
#3970 = DIRECTION ( 'NONE',  ( 0.7071067811865474600, 0.0000000000000000000, 0.7071067811865474600 ) ) ;
#3971 =( NAMED_UNIT ( * ) SI_UNIT ( $, .STERADIAN. ) SOLID_ANGLE_UNIT ( ) );
#3972 = UNCERTAINTY_MEASURE_WITH_UNIT (LENGTH_MEASURE( 1.000000000000000100E-005 ), #7109, 'distance_accuracy_value', 'NONE');
#3973 = DIRECTION ( 'NONE',  ( 0.0000000000000000000, 1.000000000000000000, 0.0000000000000000000 ) ) ;
#3974 = DIRECTION ( 'NONE',  ( 0.7071067811865463500, -0.0000000000000000000, 0.7071067811865487900 ) ) ;
#3975 = PRESENTATION_LAYER_ASSIGNMENT (  '', '', ( #3181 ) ) ;
#3976 = ORIENTED_EDGE ( 'NONE', *, *, #451, .T. ) ;
#3977 = SURFACE_SIDE_STYLE ('',( #2494 ) ) ;
#3978 = VERTEX_POINT ( 'NONE', #1677 ) ;
#3979 = STYLED_ITEM ( 'NONE', ( #3779 ), #650 ) ;
#3980 =( GEOMETRIC_REPRESENTATION_CONTEXT ( 3 ) GLOBAL_UNCERTAINTY_ASSIGNED_CONTEXT ( ( #5333 ) ) GLOBAL_UNIT_ASSIGNED_CONTEXT ( ( #4812, #1371, #5402 ) ) REPRESENTATION_CONTEXT ( 'NONE', 'WORKASPACE' ) );
#3981 = ORIENTED_EDGE ( 'NONE', *, *, #287, .F. ) ;
#3982 = COLOUR_RGB ( '',0.0000000000000000000, 0.003921568627450980300, 0.09019607843137254800 ) ;
#3983 = STYLED_ITEM ( 'NONE', ( #6903 ), #3958 ) ;
#3984 = CARTESIAN_POINT ( 'NONE',  ( -1.050000000000000000, -2.799999999999999400, -7.299999999999999800 ) ) ;
#3985 =( NAMED_UNIT ( * ) SI_UNIT ( $, .STERADIAN. ) SOLID_ANGLE_UNIT ( ) );
#3986 = VERTEX_POINT ( 'NONE', #556 ) ;
#3987 = FILL_AREA_STYLE ('',( #6238 ) ) ;
#3988 = SURFACE_STYLE_FILL_AREA ( #902 ) ;
#3989 = ORIENTED_EDGE ( 'NONE', *, *, #1224, .F. ) ;
#3990 = ADVANCED_FACE ( 'NONE', ( #1996 ), #4595, .T. ) ;
#3991 =( NAMED_UNIT ( * ) PLANE_ANGLE_UNIT ( ) SI_UNIT ( $, .RADIAN. ) );
#3992 = AXIS2_PLACEMENT_3D ( 'NONE', #1884, #5890, #2471 ) ;
#3993 = EDGE_CURVE ( 'NONE', #3142, #4959, #5853, .T. ) ;
#3994 = PRESENTATION_STYLE_ASSIGNMENT (( #3929 ) ) ;
#3995 = CARTESIAN_POINT ( 'NONE',  ( 0.9499999999999999600, 11.70000000000000100, -7.400000000000000400 ) ) ;
#3996 = FACE_OUTER_BOUND ( 'NONE', #813, .T. ) ;
#3997 = DIRECTION ( 'NONE',  ( 0.0000000000000000000, 1.000000000000000000, 0.0000000000000000000 ) ) ;
#3998 = ORIENTED_EDGE ( 'NONE', *, *, #7355, .F. ) ;
#3999 = DIRECTION ( 'NONE',  ( -1.000000000000000000, -0.0000000000000000000, -0.0000000000000000000 ) ) ;
#4000 = SURFACE_SIDE_STYLE ('',( #1428 ) ) ;
#4001 = LINE ( 'NONE', #5800, #3831 ) ;
#4002 =( GEOMETRIC_REPRESENTATION_CONTEXT ( 3 ) GLOBAL_UNCERTAINTY_ASSIGNED_CONTEXT ( ( #3677 ) ) GLOBAL_UNIT_ASSIGNED_CONTEXT ( ( #2091, #6087, #2660 ) ) REPRESENTATION_CONTEXT ( 'NONE', 'WORKASPACE' ) );
#4003 = SURFACE_STYLE_USAGE ( .BOTH. , #7392 ) ;
#4004 = UNCERTAINTY_MEASURE_WITH_UNIT (LENGTH_MEASURE( 1.000000000000000100E-005 ), #5977, 'distance_accuracy_value', 'NONE');
#4005 = EDGE_CURVE ( 'NONE', #4750, #5400, #2985, .T. ) ;
#4006 = VERTEX_POINT ( 'NONE', #5195 ) ;
#4007 = VERTEX_POINT ( 'NONE', #6316 ) ;
#4008 = UNCERTAINTY_MEASURE_WITH_UNIT (LENGTH_MEASURE( 1.000000000000000100E-005 ), #7187, 'distance_accuracy_value', 'NONE');
#4009 = VECTOR ( 'NONE', #2302, 1000.000000000000100 ) ;
#4010 = VECTOR ( 'NONE', #4617, 1000.000000000000000 ) ;
#4011 = CARTESIAN_POINT ( 'NONE',  ( -1.490000000000000200, 11.70000000000000100, -7.299999999999999800 ) ) ;
#4012 = MECHANICAL_DESIGN_GEOMETRIC_PRESENTATION_REPRESENTATION (  '', ( #2847 ), #4389 ) ;
#4013 = PRESENTATION_LAYER_ASSIGNMENT (  '', '', ( #3242 ) ) ;
#4014 = ORIENTED_EDGE ( 'NONE', *, *, #763, .F. ) ;
#4015 = PLANE ( 'NONE',  #1448 ) ;
#4016 = PRESENTATION_STYLE_ASSIGNMENT (( #3134 ) ) ;
#4017 =( GEOMETRIC_REPRESENTATION_CONTEXT ( 3 ) GLOBAL_UNCERTAINTY_ASSIGNED_CONTEXT ( ( #337 ) ) GLOBAL_UNIT_ASSIGNED_CONTEXT ( ( #7199, #7090, #7070 ) ) REPRESENTATION_CONTEXT ( 'NONE', 'WORKASPACE' ) );
#4018 = CARTESIAN_POINT ( 'NONE',  ( 1.490000000000000000, 11.70000000000000100, -13.02000000000000100 ) ) ;
#4019 = STYLED_ITEM ( 'NONE', ( #1863 ), #4480 ) ;
#4020 = CARTESIAN_POINT ( 'NONE',  ( -1.590000000000000300, 11.70000000000000100, -2.760000000000000200 ) ) ;
#4021 = VECTOR ( 'NONE', #2946, 999.9999999999998900 ) ;
#4022 = EDGE_CURVE ( 'NONE', #1580, #1057, #7170, .T. ) ;
#4023 = PRESENTATION_LAYER_ASSIGNMENT (  '', '', ( #3257 ) ) ;
#4024 = SURFACE_STYLE_USAGE ( .BOTH. , #7419 ) ;
#4025 = EDGE_LOOP ( 'NONE', ( #2401, #4839, #4403, #1238 ) ) ;
#4026 = ADVANCED_FACE ( 'NONE', ( #1278 ), #4633, .T. ) ;
#4027 = STYLED_ITEM ( 'NONE', ( #750 ), #3492 ) ;
#4028 = DIRECTION ( 'NONE',  ( 0.7071067811865470200, 0.0000000000000000000, -0.7071067811865481300 ) ) ;
#4029 = VECTOR ( 'NONE', #3374, 1000.000000000000000 ) ;
#4030 = FACE_OUTER_BOUND ( 'NONE', #5480, .T. ) ;
#4031 = EDGE_LOOP ( 'NONE', ( #2543, #1613, #2003, #6029 ) ) ;
#4032 = SURFACE_SIDE_STYLE ('',( #6977 ) ) ;
#4033 = CARTESIAN_POINT ( 'NONE',  ( -2.139999999999999700, 1.700000000000000000, 1.270000000000000000 ) ) ;
#4034 = SURFACE_SIDE_STYLE ('',( #2772 ) ) ;
#4035 = STYLED_ITEM ( 'NONE', ( #784 ), #689 ) ;
#4036 = ORIENTED_EDGE ( 'NONE', *, *, #1214, .T. ) ;
#4037 = DIRECTION ( 'NONE',  ( 0.0000000000000000000, -1.000000000000000000, 0.0000000000000000000 ) ) ;
#4038 = VERTEX_POINT ( 'NONE', #3485 ) ;
#4039 = DIRECTION ( 'NONE',  ( 0.0000000000000000000, 1.000000000000000000, 0.0000000000000000000 ) ) ;
#4040 = ORIENTED_EDGE ( 'NONE', *, *, #3063, .F. ) ;
#4041 = DIRECTION ( 'NONE',  ( 1.000000000000000000, 0.0000000000000000000, 0.0000000000000000000 ) ) ;
#4042 =( NAMED_UNIT ( * ) PLANE_ANGLE_UNIT ( ) SI_UNIT ( $, .RADIAN. ) );
#4043 = DIRECTION ( 'NONE',  ( 0.0000000000000000000, -1.000000000000000000, 0.0000000000000000000 ) ) ;
#4044 = ORIENTED_EDGE ( 'NONE', *, *, #592, .T. ) ;
#4045 = EDGE_CURVE ( 'NONE', #154, #4007, #5155, .T. ) ;
#4046 = ORIENTED_EDGE ( 'NONE', *, *, #3423, .F. ) ;
#4047 = VECTOR ( 'NONE', #2793, 1000.000000000000000 ) ;
#4048 = DIRECTION ( 'NONE',  ( 0.0000000000000000000, 1.000000000000000000, 0.0000000000000000000 ) ) ;
#4049 = VECTOR ( 'NONE', #5880, 1000.000000000000000 ) ;
#4050 = ORIENTED_EDGE ( 'NONE', *, *, #4069, .T. ) ;
#4051 = DIRECTION ( 'NONE',  ( 0.0000000000000000000, 1.000000000000000000, 0.0000000000000000000 ) ) ;
#4052 =( GEOMETRIC_REPRESENTATION_CONTEXT ( 3 ) GLOBAL_UNCERTAINTY_ASSIGNED_CONTEXT ( ( #383 ) ) GLOBAL_UNIT_ASSIGNED_CONTEXT ( ( #2326, #6312, #2900 ) ) REPRESENTATION_CONTEXT ( 'NONE', 'WORKASPACE' ) );
#4053 = MECHANICAL_DESIGN_GEOMETRIC_PRESENTATION_REPRESENTATION (  '', ( #2893 ), #4439 ) ;
#4054 = UNCERTAINTY_MEASURE_WITH_UNIT (LENGTH_MEASURE( 1.000000000000000100E-005 ), #948, 'distance_accuracy_value', 'NONE');
#4055 = DIRECTION ( 'NONE',  ( -0.0000000000000000000, -1.000000000000000000, -0.0000000000000000000 ) ) ;
#4056 =( NAMED_UNIT ( * ) PLANE_ANGLE_UNIT ( ) SI_UNIT ( $, .RADIAN. ) );
#4057 = COLOUR_RGB ( '',0.7960784313725489700, 0.8235294117647058400, 0.9372549019607843100 ) ;
#4058 = ORIENTED_EDGE ( 'NONE', *, *, #7271, .F. ) ;
#4059 = EDGE_CURVE ( 'NONE', #3615, #6530, #3629, .T. ) ;
#4060 = ADVANCED_FACE ( 'NONE', ( #5487 ), #2379, .T. ) ;
#4061 = DIRECTION ( 'NONE',  ( -0.0000000000000000000, -0.0000000000000000000, -1.000000000000000000 ) ) ;
#4062 = COLOUR_RGB ( '',0.0000000000000000000, 0.003921568627450980300, 0.09019607843137254800 ) ;
#4063 = DIRECTION ( 'NONE',  ( 0.0000000000000000000, 0.0000000000000000000, -1.000000000000000000 ) ) ;
#4064 = VERTEX_POINT ( 'NONE', #5806 ) ;
#4065 = SURFACE_STYLE_FILL_AREA ( #6972 ) ;
#4066 = DIRECTION ( 'NONE',  ( -0.7071067811865470200, -0.0000000000000000000, -0.7071067811865481300 ) ) ;
#4067 = CARTESIAN_POINT ( 'NONE',  ( -1.050000000000000000, -2.799999999999999400, -7.940000000000001300 ) ) ;
#4068 = FILL_AREA_STYLE_COLOUR ( '', #7413 ) ;
#4069 = EDGE_CURVE ( 'NONE', #1003, #5123, #6441, .T. ) ;
#4070 = VERTEX_POINT ( 'NONE', #6954 ) ;
#4071 = MECHANICAL_DESIGN_GEOMETRIC_PRESENTATION_REPRESENTATION (  '', ( #2906 ), #4456 ) ;
#4072 =( LENGTH_UNIT ( ) NAMED_UNIT ( * ) SI_UNIT ( .MILLI., .METRE. ) );
#4073 = ORIENTED_EDGE ( 'NONE', *, *, #3408, .F. ) ;
#4074 = CARTESIAN_POINT ( 'NONE',  ( 1.490000000000000000, -2.799999999999999400, -2.220000000000000200 ) ) ;
#4075 = EDGE_CURVE ( 'NONE', #4336, #1580, #2069, .T. ) ;
#4076 = FACE_OUTER_BOUND ( 'NONE', #7394, .T. ) ;
#4077 = FACE_OUTER_BOUND ( 'NONE', #7074, .T. ) ;
#4078 = MECHANICAL_DESIGN_GEOMETRIC_PRESENTATION_REPRESENTATION (  '', ( #2913 ), #4467 ) ;
#4079 = ORIENTED_EDGE ( 'NONE', *, *, #2460, .F. ) ;
#4080 = FILL_AREA_STYLE ('',( #3501 ) ) ;
#4081 = DIRECTION ( 'NONE',  ( 0.0000000000000000000, 0.0000000000000000000, 1.000000000000000000 ) ) ;
#4082 = VECTOR ( 'NONE', #4720, 999.9999999999998900 ) ;
#4083 = CARTESIAN_POINT ( 'NONE',  ( -1.050000000000000000, -2.799999999999999400, -10.48000000000000200 ) ) ;
#4084 = DIRECTION ( 'NONE',  ( -0.0000000000000000000, -1.000000000000000000, -0.0000000000000000000 ) ) ;
#4085 =( GEOMETRIC_REPRESENTATION_CONTEXT ( 3 ) GLOBAL_UNCERTAINTY_ASSIGNED_CONTEXT ( ( #237 ) ) GLOBAL_UNIT_ASSIGNED_CONTEXT ( ( #1887, #5895, #2479 ) ) REPRESENTATION_CONTEXT ( 'NONE', 'WORKASPACE' ) );
#4086 = EDGE_CURVE ( 'NONE', #5146, #1138, #1879, .T. ) ;
#4087 =( NAMED_UNIT ( * ) SI_UNIT ( $, .STERADIAN. ) SOLID_ANGLE_UNIT ( ) );
#4088 = VECTOR ( 'NONE', #1774, 1000.000000000000100 ) ;
#4089 = CARTESIAN_POINT ( 'NONE',  ( -1.590000000000000300, -2.799999999999999400, -2.760000000000000200 ) ) ;
#4090 = DIRECTION ( 'NONE',  ( 0.0000000000000000000, 0.0000000000000000000, 1.000000000000000000 ) ) ;
#4091 = UNCERTAINTY_MEASURE_WITH_UNIT (LENGTH_MEASURE( 1.000000000000000100E-005 ), #5446, 'distance_accuracy_value', 'NONE');
#4092 =( GEOMETRIC_REPRESENTATION_CONTEXT ( 3 ) GLOBAL_UNCERTAINTY_ASSIGNED_CONTEXT ( ( #6275 ) ) GLOBAL_UNIT_ASSIGNED_CONTEXT ( ( #6633, #3223, #7198 ) ) REPRESENTATION_CONTEXT ( 'NONE', 'WORKASPACE' ) );
#4093 = EDGE_LOOP ( 'NONE', ( #3576, #3507, #5144, #3952, #1585, #6315, #7315, #1748 ) ) ;
#4094 = CARTESIAN_POINT ( 'NONE',  ( -1.590000000000000300, -2.799999999999999400, -5.300000000000000700 ) ) ;
#4095 = ADVANCED_FACE ( 'NONE', ( #4947 ), #2430, .T. ) ;
#4096 = AXIS2_PLACEMENT_3D ( 'NONE', #7440, #4043, #581 ) ;
#4097 = VECTOR ( 'NONE', #7241, 999.9999999999998900 ) ;
#4098 = CARTESIAN_POINT ( 'NONE',  ( 1.490000000000000000, 11.70000000000000100, 0.3199999999999999000 ) ) ;
#4099 = EDGE_LOOP ( 'NONE', ( #2584, #5681, #5226, #7422 ) ) ;
#4100 = CARTESIAN_POINT ( 'NONE',  ( 2.140000000000000100, 1.700000000000000000, -8.890000000000000600 ) ) ;
#4101 = FACE_OUTER_BOUND ( 'NONE', #1679, .T. ) ;
#4102 = FACE_OUTER_BOUND ( 'NONE', #6260, .T. ) ;
#4104 = LINE ( 'NONE', #3038, #3935 ) ;
#4103 = AXIS2_PLACEMENT_3D ( 'NONE', #1547, #5565, #2118 ) ;
#4105 = DIRECTION ( 'NONE',  ( 0.0000000000000000000, 0.0000000000000000000, -1.000000000000000000 ) ) ;
#4106 = VECTOR ( 'NONE', #4780, 1000.000000000000000 ) ;
#4107 = FILL_AREA_STYLE ('',( #2945 ) ) ;
#4108 = CARTESIAN_POINT ( 'NONE',  ( 0.9499999999999999600, 11.70000000000000100, -4.860000000000000300 ) ) ;
#4109 = VECTOR ( 'NONE', #5736, 1000.000000000000000 ) ;
#4110 = LINE ( 'NONE', #6823, #2582 ) ;
#4111 = AXIS2_PLACEMENT_3D ( 'NONE', #4184, #739, #4761 ) ;
#4112 = FACE_OUTER_BOUND ( 'NONE', #4509, .T. ) ;
#4113 = CARTESIAN_POINT ( 'NONE',  ( -1.590000000000000300, 11.70000000000000100, -7.400000000000000400 ) ) ;
#4114 = VERTEX_POINT ( 'NONE', #2403 ) ;
#4115 = VECTOR ( 'NONE', #2775, 1000.000000000000000 ) ;
#4116 =( LENGTH_UNIT ( ) NAMED_UNIT ( * ) SI_UNIT ( .MILLI., .METRE. ) );
#4117 = MECHANICAL_DESIGN_GEOMETRIC_PRESENTATION_REPRESENTATION (  '', ( #2951 ), #4506 ) ;
#4118 = SURFACE_SIDE_STYLE ('',( #3879 ) ) ;
#4119 = CARTESIAN_POINT ( 'NONE',  ( -0.9499999999999999600, 11.70000000000000100, -5.299999999999999800 ) ) ;
#4120 = EDGE_CURVE ( 'NONE', #2690, #3057, #4216, .T. ) ;
#4121 = LINE ( 'NONE', #3266, #7121 ) ;
#4122 =( NAMED_UNIT ( * ) SI_UNIT ( $, .STERADIAN. ) SOLID_ANGLE_UNIT ( ) );
#4123 = ORIENTED_EDGE ( 'NONE', *, *, #4603, .F. ) ;
#4124 = VECTOR ( 'NONE', #2604, 999.9999999999998900 ) ;
#4125 = SURFACE_SIDE_STYLE ('',( #7410 ) ) ;
#4126 = LINE ( 'NONE', #1720, #2593 ) ;
#4127 = CARTESIAN_POINT ( 'NONE',  ( 1.590000000000000100, 11.70000000000000100, -12.92000000000000200 ) ) ;
#4128 = EDGE_LOOP ( 'NONE', ( #4517, #3047, #6825, #1167 ) ) ;
#4129 = LINE ( 'NONE', #1321, #884 ) ;
#4130 = ORIENTED_EDGE ( 'NONE', *, *, #2706, .F. ) ;
#4131 = STYLED_ITEM ( 'NONE', ( #301 ), #1051 ) ;
#4132 = ADVANCED_FACE ( 'NONE', ( #7049 ), #6999, .T. ) ;
#4133 = PRESENTATION_STYLE_ASSIGNMENT (( #3749 ) ) ;
#4134 =( NAMED_UNIT ( * ) PLANE_ANGLE_UNIT ( ) SI_UNIT ( $, .RADIAN. ) );
#4135 = ORIENTED_EDGE ( 'NONE', *, *, #3941, .F. ) ;
#4136 = DIRECTION ( 'NONE',  ( 0.7071067811865486800, 0.0000000000000000000, 0.7071067811865464600 ) ) ;
#4137 = CARTESIAN_POINT ( 'NONE',  ( 1.590000000000000100, -2.799999999999999400, -2.760000000000000200 ) ) ;
#4138 = CARTESIAN_POINT ( 'NONE',  ( 2.540000000000000900, 0.0000000000000000000, -3.410000000000000600 ) ) ;
#4139 = FILL_AREA_STYLE ('',( #2976 ) ) ;
#4140 = DIRECTION ( 'NONE',  ( -0.7071067811865470200, 0.0000000000000000000, -0.7071067811865481300 ) ) ;
#4141 = PRESENTATION_STYLE_ASSIGNMENT (( #3861 ) ) ;
#4142 = AXIS2_PLACEMENT_3D ( 'NONE', #781, #4805, #1361 ) ;
#4143 = ORIENTED_EDGE ( 'NONE', *, *, #2058, .T. ) ;
#4144 = VECTOR ( 'NONE', #5412, 1000.000000000000100 ) ;
#4145 = EDGE_CURVE ( 'NONE', #1595, #4820, #2157, .T. ) ;
#4146 = MANIFOLD_SOLID_BREP ( 'LPattern3[9]', #5109 ) ;
#4147 = STYLED_ITEM ( 'NONE', ( #6352 ), #7401 ) ;
#4148 = ORIENTED_EDGE ( 'NONE', *, *, #2077, .T. ) ;
#4149 =( NAMED_UNIT ( * ) PLANE_ANGLE_UNIT ( ) SI_UNIT ( $, .RADIAN. ) );
#4150 = AXIS2_PLACEMENT_3D ( 'NONE', #2600, #6572, #3166 ) ;
#4151 = PRESENTATION_LAYER_ASSIGNMENT (  '', '', ( #3384 ) ) ;
#4152 = ORIENTED_EDGE ( 'NONE', *, *, #676, .F. ) ;
#4153 = ORIENTED_EDGE ( 'NONE', *, *, #560, .T. ) ;
#4154 = DIRECTION ( 'NONE',  ( -0.7071067811865470200, -0.0000000000000000000, -0.7071067811865481300 ) ) ;
#4155 = AXIS2_PLACEMENT_3D ( 'NONE', #5258, #5239, #4105 ) ;
#4156 = CARTESIAN_POINT ( 'NONE',  ( -2.539999999999999600, 0.0000000000000000000, -6.783421052631577900 ) ) ;
#4157 = SURFACE_STYLE_USAGE ( .BOTH. , #94 ) ;
#4158 = FILL_AREA_STYLE_COLOUR ( '', #4384 ) ;
#4159 = COLOUR_RGB ( '',0.7960784313725489700, 0.8235294117647058400, 0.9372549019607843100 ) ;
#4160 = AXIS2_PLACEMENT_3D ( 'NONE', #6064, #2640, #6628 ) ;
#4161 =( LENGTH_UNIT ( ) NAMED_UNIT ( * ) SI_UNIT ( .MILLI., .METRE. ) );
#4162 = VECTOR ( 'NONE', #2668, 999.9999999999998900 ) ;
#4163 =( NAMED_UNIT ( * ) SI_UNIT ( $, .STERADIAN. ) SOLID_ANGLE_UNIT ( ) );
#4164 = ORIENTED_EDGE ( 'NONE', *, *, #2212, .F. ) ;
#4165 = CARTESIAN_POINT ( 'NONE',  ( -1.490000000000000000, -2.799999999999999400, -13.02000000000000100 ) ) ;
#4166 = DIRECTION ( 'NONE',  ( -0.7071067811865469100, -0.0000000000000000000, 0.7071067811865482400 ) ) ;
#4167 = EDGE_CURVE ( 'NONE', #2190, #1138, #5995, .T. ) ;
#4168 = VECTOR ( 'NONE', #1607, 1000.000000000000100 ) ;
#4169 = ADVANCED_FACE ( 'NONE', ( #1425 ), #3469, .T. ) ;
#4170 = SURFACE_SIDE_STYLE ('',( #1166 ) ) ;
#4171 = EDGE_CURVE ( 'NONE', #1028, #5846, #892, .T. ) ;
#4172 = FACE_OUTER_BOUND ( 'NONE', #790, .T. ) ;
#4173 = CARTESIAN_POINT ( 'NONE',  ( 0.9499999999999999600, 11.70000000000000100, -2.319999999999999800 ) ) ;
#4174 = SURFACE_STYLE_USAGE ( .BOTH. , #9 ) ;
#4175 = DIRECTION ( 'NONE',  ( -0.0000000000000000000, -0.0000000000000000000, 1.000000000000000000 ) ) ;
#4176 = CARTESIAN_POINT ( 'NONE',  ( -2.019999999999999600, 0.0000000000000000000, 1.270000000000000000 ) ) ;
#4177 = VECTOR ( 'NONE', #454, 999.9999999999998900 ) ;
#4178 = UNCERTAINTY_MEASURE_WITH_UNIT (LENGTH_MEASURE( 1.000000000000000100E-005 ), #6992, 'distance_accuracy_value', 'NONE');
#4179 = EDGE_CURVE ( 'NONE', #4478, #5204, #5484, .T. ) ;
#4180 = FILL_AREA_STYLE_COLOUR ( '', #4826 ) ;
#4181 = CARTESIAN_POINT ( 'NONE',  ( -2.540000000000000000, 1.700000000000000000, -11.06342105263158100 ) ) ;
#4182 = SURFACE_SIDE_STYLE ('',( #5740 ) ) ;
#4183 = PRESENTATION_STYLE_ASSIGNMENT (( #3268 ) ) ;
#4184 = CARTESIAN_POINT ( 'NONE',  ( 0.0000000000000000000, -2.799999999999999400, -7.620000000000000100 ) ) ;
#4185 = PRESENTATION_STYLE_ASSIGNMENT (( #3718 ) ) ;
#4186 = MECHANICAL_DESIGN_GEOMETRIC_PRESENTATION_REPRESENTATION (  '', ( #3026 ), #4579 ) ;
#4187 = PRESENTATION_LAYER_ASSIGNMENT (  '', '', ( #3432 ) ) ;
#4188 =( GEOMETRIC_REPRESENTATION_CONTEXT ( 3 ) GLOBAL_UNCERTAINTY_ASSIGNED_CONTEXT ( ( #1229 ) ) GLOBAL_UNIT_ASSIGNED_CONTEXT ( ( #2629, #6609, #3203 ) ) REPRESENTATION_CONTEXT ( 'NONE', 'WORKASPACE' ) );
#4189 = FILL_AREA_STYLE ('',( #692 ) ) ;
#4190 = LINE ( 'NONE', #44, #4021 ) ;
#4191 = DIRECTION ( 'NONE',  ( 0.6782059721786389800, 0.0000000000000000000, 0.7348718659067220400 ) ) ;
#4192 = VECTOR ( 'NONE', #4081, 1000.000000000000000 ) ;
#4193 = COLOUR_RGB ( '',0.0000000000000000000, 0.003921568627450980300, 0.09019607843137254800 ) ;
#4194 = VECTOR ( 'NONE', #2941, 1000.000000000000000 ) ;
#4195 = CARTESIAN_POINT ( 'NONE',  ( -1.490000000000000000, -2.799999999999999400, -2.860000000000000300 ) ) ;
#4196 = FACE_OUTER_BOUND ( 'NONE', #1867, .T. ) ;
#4197 = CARTESIAN_POINT ( 'NONE',  ( -2.140000000000000600, 0.0000000000000000000, -8.890000000000000600 ) ) ;
#4198 = EDGE_LOOP ( 'NONE', ( #2935, #5910, #1640, #3323 ) ) ;
#4199 = CARTESIAN_POINT ( 'NONE',  ( 1.590000000000000100, -2.799999999999999400, -7.400000000000000400 ) ) ;
#4200 = CARTESIAN_POINT ( 'NONE',  ( -2.140000000000000600, 1.700000000000000000, -13.97000000000000100 ) ) ;
#4201 = COLOUR_RGB ( '',0.7960784313725489700, 0.8235294117647058400, 0.9372549019607843100 ) ;
#4202 =( NAMED_UNIT ( * ) PLANE_ANGLE_UNIT ( ) SI_UNIT ( $, .RADIAN. ) );
#4203 =( LENGTH_UNIT ( ) NAMED_UNIT ( * ) SI_UNIT ( .MILLI., .METRE. ) );
#4204 = COLOUR_RGB ( '',0.0000000000000000000, 0.003921568627450980300, 0.09019607843137254800 ) ;
#4205 = PRESENTATION_LAYER_ASSIGNMENT (  '', '', ( #3447 ) ) ;
#4206 = CARTESIAN_POINT ( 'NONE',  ( 0.9499999999999999600, 11.70000000000000100, -10.38000000000000100 ) ) ;
#4207 = ORIENTED_EDGE ( 'NONE', *, *, #6348, .T. ) ;
#4208 =( NAMED_UNIT ( * ) PLANE_ANGLE_UNIT ( ) SI_UNIT ( $, .RADIAN. ) );
#4209 = EDGE_CURVE ( 'NONE', #4440, #5266, #2420, .T. ) ;
#4210 = FACE_OUTER_BOUND ( 'NONE', #4243, .T. ) ;
#4211 = ORIENTED_EDGE ( 'NONE', *, *, #5059, .F. ) ;
#4212 = ORIENTED_EDGE ( 'NONE', *, *, #5692, .T. ) ;
#4213 = PRESENTATION_LAYER_ASSIGNMENT (  '', '', ( #3453 ) ) ;
#4214 = ORIENTED_EDGE ( 'NONE', *, *, #6367, .F. ) ;
#4215 = ORIENTED_EDGE ( 'NONE', *, *, #5300, .T. ) ;
#4216 = LINE ( 'NONE', #5854, #1175 ) ;
#4217 = VERTEX_POINT ( 'NONE', #5232 ) ;
#4218 =( NAMED_UNIT ( * ) PLANE_ANGLE_UNIT ( ) SI_UNIT ( $, .RADIAN. ) );
#4219 = UNCERTAINTY_MEASURE_WITH_UNIT (LENGTH_MEASURE( 1.000000000000000100E-005 ), #1813, 'distance_accuracy_value', 'NONE');
#4220 = ORIENTED_EDGE ( 'NONE', *, *, #7093, .F. ) ;
#4221 = MECHANICAL_DESIGN_GEOMETRIC_PRESENTATION_REPRESENTATION (  '', ( #3061 ), #4612 ) ;
#4222 = EDGE_CURVE ( 'NONE', #1709, #4655, #6606, .T. ) ;
#4223 = PLANE ( 'NONE',  #5646 ) ;
#4224 = DIRECTION ( 'NONE',  ( 0.7071067811865477900, 0.0000000000000000000, -0.7071067811865473500 ) ) ;
#4225 = FILL_AREA_STYLE ('',( #7044 ) ) ;
#4226 = ORIENTED_EDGE ( 'NONE', *, *, #4662, .T. ) ;
#4227 = ORIENTED_EDGE ( 'NONE', *, *, #1685, .T. ) ;
#4228 =( NAMED_UNIT ( * ) SI_UNIT ( $, .STERADIAN. ) SOLID_ANGLE_UNIT ( ) );
#4229 = ORIENTED_EDGE ( 'NONE', *, *, #6189, .F. ) ;
#4230 = DIRECTION ( 'NONE',  ( -0.0000000000000000000, -1.000000000000000000, -0.0000000000000000000 ) ) ;
#4231 = STYLED_ITEM ( 'NONE', ( #1973 ), #5703 ) ;
#4232 =( LENGTH_UNIT ( ) NAMED_UNIT ( * ) SI_UNIT ( .MILLI., .METRE. ) );
#4233 = SURFACE_SIDE_STYLE ('',( #4560 ) ) ;
#4234 = FILL_AREA_STYLE_COLOUR ( '', #3921 ) ;
#4235 = FILL_AREA_STYLE_COLOUR ( '', #5818 ) ;
#4236 = STYLED_ITEM ( 'NONE', ( #2666 ), #6361 ) ;
#4237 = FILL_AREA_STYLE ('',( #5940 ) ) ;
#4238 = ORIENTED_EDGE ( 'NONE', *, *, #7424, .F. ) ;
#4239 = CARTESIAN_POINT ( 'NONE',  ( 1.490000000000000000, 11.70000000000000100, -10.48000000000000200 ) ) ;
#4240 =( LENGTH_UNIT ( ) NAMED_UNIT ( * ) SI_UNIT ( .MILLI., .METRE. ) );
#4241 = STYLED_ITEM ( 'NONE', ( #6526 ), #381 ) ;
#4242 = VECTOR ( 'NONE', #6250, 1000.000000000000100 ) ;
#4243 = EDGE_LOOP ( 'NONE', ( #3959, #1034, #2086, #5022 ) ) ;
#4244 = DIRECTION ( 'NONE',  ( 0.0000000000000000000, -1.000000000000000000, 0.0000000000000000000 ) ) ;
#4246 = CARTESIAN_POINT ( 'NONE',  ( 1.590000000000000100, -2.799999999999999400, -0.2200000000000001400 ) ) ;
#4245 = PRESENTATION_LAYER_ASSIGNMENT (  '', '', ( #3487 ) ) ;
#4247 = CARTESIAN_POINT ( 'NONE',  ( -1.490000000000000000, -2.799999999999999400, -7.940000000000001300 ) ) ;
#4248 = EDGE_CURVE ( 'NONE', #5861, #423, #6784, .T. ) ;
#4249 = DIRECTION ( 'NONE',  ( 1.000000000000000000, 0.0000000000000000000, -2.492418787322998300E-016 ) ) ;
#4250 = FILL_AREA_STYLE ('',( #7073 ) ) ;
#4251 = VECTOR ( 'NONE', #92, 1000.000000000000000 ) ;
#4252 = DIRECTION ( 'NONE',  ( 0.0000000000000000000, 1.000000000000000000, 0.0000000000000000000 ) ) ;
#4253 = PRESENTATION_LAYER_ASSIGNMENT (  '', '', ( #3494 ) ) ;
#4254 =( LENGTH_UNIT ( ) NAMED_UNIT ( * ) SI_UNIT ( .MILLI., .METRE. ) );
#4255 = CARTESIAN_POINT ( 'NONE',  ( -1.590000000000000300, 11.70000000000000100, -10.38000000000000100 ) ) ;
#4256 = CARTESIAN_POINT ( 'NONE',  ( 1.050000000000000000, 11.70000000000000100, -7.299999999999999800 ) ) ;
#4257 = MECHANICAL_DESIGN_GEOMETRIC_PRESENTATION_REPRESENTATION (  '', ( #3102 ), #4647 ) ;
#4258 = VERTEX_POINT ( 'NONE', #6914 ) ;
#4259 = ORIENTED_EDGE ( 'NONE', *, *, #3637, .T. ) ;
#4260 = SURFACE_STYLE_FILL_AREA ( #457 ) ;
#4261 = LINE ( 'NONE', #3265, #4097 ) ;
#4262 = UNCERTAINTY_MEASURE_WITH_UNIT (LENGTH_MEASURE( 1.000000000000000100E-005 ), #880, 'distance_accuracy_value', 'NONE');
#4263 = ORIENTED_EDGE ( 'NONE', *, *, #3815, .T. ) ;
#4264 = SURFACE_SIDE_STYLE ('',( #6990 ) ) ;
#4265 =( NAMED_UNIT ( * ) PLANE_ANGLE_UNIT ( ) SI_UNIT ( $, .RADIAN. ) );
#4266 = PRESENTATION_STYLE_ASSIGNMENT (( #293 ) ) ;
#4267 = VECTOR ( 'NONE', #733, 1000.000000000000000 ) ;
#4268 = VECTOR ( 'NONE', #4154, 1000.000000000000000 ) ;
#4269 = EDGE_CURVE ( 'NONE', #5400, #726, #3782, .T. ) ;
#4270 = SURFACE_STYLE_USAGE ( .BOTH. , #229 ) ;
#4271 = CARTESIAN_POINT ( 'NONE',  ( 2.540000000000000900, 0.0000000000000000000, -11.03000000000000100 ) ) ;
#4272 = EDGE_CURVE ( 'NONE', #1595, #5792, #2059, .T. ) ;
#4273 =( NAMED_UNIT ( * ) PLANE_ANGLE_UNIT ( ) SI_UNIT ( $, .RADIAN. ) );
#4274 = COLOUR_RGB ( '',0.7921568627450980000, 0.8196078431372548800, 0.9333333333333333500 ) ;
#4275 = SURFACE_STYLE_FILL_AREA ( #4753 ) ;
#4276 = DIRECTION ( 'NONE',  ( 0.7348718659067219300, 0.0000000000000000000, -0.6782059721786390900 ) ) ;
#4277 = COLOUR_RGB ( '',0.7960784313725489700, 0.8235294117647058400, 0.9372549019607843100 ) ;
#4278 = STYLED_ITEM ( 'NONE', ( #6399 ), #3276 ) ;
#4279 = STYLED_ITEM ( 'NONE', ( #1574 ), #2284 ) ;
#4280 = VECTOR ( 'NONE', #5112, 1000.000000000000000 ) ;
#4281 = LINE ( 'NONE', #3688, #498 ) ;
#4282 = ORIENTED_EDGE ( 'NONE', *, *, #4530, .F. ) ;
#4283 = CARTESIAN_POINT ( 'NONE',  ( 1.050000000000000000, 11.70000000000000100, -5.400000000000000400 ) ) ;
#4284 = VECTOR ( 'NONE', #7089, 1000.000000000000000 ) ;
#4285 = SURFACE_STYLE_USAGE ( .BOTH. , #238 ) ;
#4286 = CARTESIAN_POINT ( 'NONE',  ( 0.9499999999999999600, -2.799999999999999400, -0.2200000000000000000 ) ) ;
#4287 = DIRECTION ( 'NONE',  ( 0.0000000000000000000, 1.000000000000000000, 0.0000000000000000000 ) ) ;
#4288 = EDGE_CURVE ( 'NONE', #7040, #1041, #518, .T. ) ;
#4289 = VERTEX_POINT ( 'NONE', #3548 ) ;
#4290 = LINE ( 'NONE', #6824, #7127 ) ;
#4291 = CARTESIAN_POINT ( 'NONE',  ( 1.050000000000000000, 11.70000000000000100, -5.400000000000000400 ) ) ;
#4292 = VECTOR ( 'NONE', #2514, 1000.000000000000000 ) ;
#4293 =( GEOMETRIC_REPRESENTATION_CONTEXT ( 3 ) GLOBAL_UNCERTAINTY_ASSIGNED_CONTEXT ( ( #6946 ) ) GLOBAL_UNIT_ASSIGNED_CONTEXT ( ( #5380, #1930, #5941 ) ) REPRESENTATION_CONTEXT ( 'NONE', 'WORKASPACE' ) );
#4294 = DIRECTION ( 'NONE',  ( 0.0000000000000000000, 1.000000000000000000, 0.0000000000000000000 ) ) ;
#4295 = FILL_AREA_STYLE ('',( #250 ) ) ;
#4296 = VERTEX_POINT ( 'NONE', #4127 ) ;
#4297 = VECTOR ( 'NONE', #5998, 1000.000000000000100 ) ;
#4298 = DIRECTION ( 'NONE',  ( 0.0000000000000000000, 1.000000000000000000, 0.0000000000000000000 ) ) ;
#4299 =( NAMED_UNIT ( * ) PLANE_ANGLE_UNIT ( ) SI_UNIT ( $, .RADIAN. ) );
#4300 = EDGE_CURVE ( 'NONE', #845, #233, #4749, .T. ) ;
#4301 =( LENGTH_UNIT ( ) NAMED_UNIT ( * ) SI_UNIT ( .MILLI., .METRE. ) );
#4302 = LINE ( 'NONE', #2558, #7324 ) ;
#4303 = EDGE_LOOP ( 'NONE', ( #4894, #645, #5389, #3908 ) ) ;
#4304 = EDGE_CURVE ( 'NONE', #5103, #6716, #6431, .T. ) ;
#4305 = AXIS2_PLACEMENT_3D ( 'NONE', #5883, #2465, #6451 ) ;
#4306 =( NAMED_UNIT ( * ) PLANE_ANGLE_UNIT ( ) SI_UNIT ( $, .RADIAN. ) );
#4307 = CARTESIAN_POINT ( 'NONE',  ( 1.050000000000000000, 11.70000000000000100, -2.220000000000000200 ) ) ;
#4308 = LINE ( 'NONE', #350, #2792 ) ;
#4309 = CARTESIAN_POINT ( 'NONE',  ( 2.540000000000000900, 1.700000000000000000, -6.750000000000000900 ) ) ;
#4310 = DIRECTION ( 'NONE',  ( 0.7071067811865489100, 0.0000000000000000000, 0.7071067811865461300 ) ) ;
#4311 = UNCERTAINTY_MEASURE_WITH_UNIT (LENGTH_MEASURE( 1.000000000000000100E-005 ), #2723, 'distance_accuracy_value', 'NONE');
#4312 = CARTESIAN_POINT ( 'NONE',  ( 0.9499999999999999600, -2.799999999999999400, -9.940000000000001300 ) ) ;
#4313 = ORIENTED_EDGE ( 'NONE', *, *, #4555, .F. ) ;
#4314 = FACE_OUTER_BOUND ( 'NONE', #2044, .T. ) ;
#4315 = UNCERTAINTY_MEASURE_WITH_UNIT (LENGTH_MEASURE( 1.000000000000000100E-005 ), #2595, 'distance_accuracy_value', 'NONE');
#4316 = SURFACE_STYLE_USAGE ( .BOTH. , #273 ) ;
#4317 = VECTOR ( 'NONE', #197, 1000.000000000000000 ) ;
#4318 = ADVANCED_FACE ( 'NONE', ( #320 ), #6395, .T. ) ;
#4319 = PRESENTATION_LAYER_ASSIGNMENT (  '', '', ( #3557 ) ) ;
#4320 = ORIENTED_EDGE ( 'NONE', *, *, #3864, .F. ) ;
#4321 = FACE_OUTER_BOUND ( 'NONE', #6011, .T. ) ;
#4322 = DIRECTION ( 'NONE',  ( -0.7071067811865482400, 0.0000000000000000000, -0.7071067811865469100 ) ) ;
#4323 = SURFACE_STYLE_USAGE ( .BOTH. , #275 ) ;
#4324 = ORIENTED_EDGE ( 'NONE', *, *, #4465, .T. ) ;
#4325 = ORIENTED_EDGE ( 'NONE', *, *, #2361, .F. ) ;
#4326 = DIRECTION ( 'NONE',  ( 0.6782059721786389800, 0.0000000000000000000, 0.7348718659067220400 ) ) ;
#4327 = CARTESIAN_POINT ( 'NONE',  ( -1.590000000000000300, -2.799999999999999400, -0.2200000000000002500 ) ) ;
#4328 = ORIENTED_EDGE ( 'NONE', *, *, #820, .T. ) ;
#4329 = ORIENTED_EDGE ( 'NONE', *, *, #1185, .T. ) ;
#4330 = SURFACE_STYLE_USAGE ( .BOTH. , #284 ) ;
#4331 = DIRECTION ( 'NONE',  ( 0.7348718659067219300, 0.0000000000000000000, -0.6782059721786390900 ) ) ;
#4332 = CARTESIAN_POINT ( 'NONE',  ( 0.9499999999999999600, -2.799999999999999400, -7.400000000000000400 ) ) ;
#4333 = PRESENTATION_LAYER_ASSIGNMENT (  '', '', ( #3961 ) ) ;
#4334 = AXIS2_PLACEMENT_3D ( 'NONE', #1193, #5213, #1764 ) ;
#4335 = MECHANICAL_DESIGN_GEOMETRIC_PRESENTATION_REPRESENTATION (  '', ( #3174 ), #4711 ) ;
#4336 = VERTEX_POINT ( 'NONE', #2443 ) ;
#4337 = SURFACE_STYLE_FILL_AREA ( #1203 ) ;
#4338 = LINE ( 'NONE', #2696, #4162 ) ;
#4339 = VERTEX_POINT ( 'NONE', #669 ) ;
#4340 = FILL_AREA_STYLE_COLOUR ( '', #2063 ) ;
#4341 =( LENGTH_UNIT ( ) NAMED_UNIT ( * ) SI_UNIT ( .MILLI., .METRE. ) );
#4342 = DIRECTION ( 'NONE',  ( 0.0000000000000000000, 1.000000000000000000, 0.0000000000000000000 ) ) ;
#4343 =( NAMED_UNIT ( * ) PLANE_ANGLE_UNIT ( ) SI_UNIT ( $, .RADIAN. ) );
#4344 = CARTESIAN_POINT ( 'NONE',  ( -1.590000000000000300, -2.799999999999999400, -12.48000000000000200 ) ) ;
#4345 = MECHANICAL_DESIGN_GEOMETRIC_PRESENTATION_REPRESENTATION (  '', ( #3181 ), #4715 ) ;
#4346 = VERTEX_POINT ( 'NONE', #2415 ) ;
#4347 = SURFACE_SIDE_STYLE ('',( #5923 ) ) ;
#4348 = CARTESIAN_POINT ( 'NONE',  ( -1.490000000000000200, 11.70000000000000100, -4.760000000000000700 ) ) ;
#4349 = AXIS2_PLACEMENT_3D ( 'NONE', #3884, #396, #4444 ) ;
#4350 = ORIENTED_EDGE ( 'NONE', *, *, #196, .F. ) ;
#4351 = CARTESIAN_POINT ( 'NONE',  ( 1.490000000000000000, -2.799999999999999400, -2.860000000000000300 ) ) ;
#4352 = FILL_AREA_STYLE_COLOUR ( '', #334 ) ;
#4353 = DIRECTION ( 'NONE',  ( 0.0000000000000000000, 1.000000000000000000, 0.0000000000000000000 ) ) ;
#4354 = FILL_AREA_STYLE ('',( #921 ) ) ;
#4355 =( NAMED_UNIT ( * ) SI_UNIT ( $, .STERADIAN. ) SOLID_ANGLE_UNIT ( ) );
#4356 = ORIENTED_EDGE ( 'NONE', *, *, #7085, .T. ) ;
#4357 = DIRECTION ( 'NONE',  ( 0.0000000000000000000, -0.0000000000000000000, 1.000000000000000000 ) ) ;
#4358 = AXIS2_PLACEMENT_3D ( 'NONE', #507, #4545, #1110 ) ;
#4359 = ADVANCED_FACE ( 'NONE', ( #4210 ), #5860, .T. ) ;
#4360 = LINE ( 'NONE', #2181, #7373 ) ;
#4361 = PLANE ( 'NONE',  #6231 ) ;
#4362 = LINE ( 'NONE', #1532, #5874 ) ;
#4363 = CARTESIAN_POINT ( 'NONE',  ( -2.140000000000000600, 1.700000000000000000, -13.97000000000000100 ) ) ;
#4364 = LINE ( 'NONE', #5413, #7202 ) ;
#4365 = DIRECTION ( 'NONE',  ( -0.0000000000000000000, -0.0000000000000000000, -1.000000000000000000 ) ) ;
#4366 = PRESENTATION_LAYER_ASSIGNMENT (  '', '', ( #3604 ) ) ;
#4367 = EDGE_CURVE ( 'NONE', #154, #2085, #6512, .T. ) ;
#4368 = UNCERTAINTY_MEASURE_WITH_UNIT (LENGTH_MEASURE( 1.000000000000000100E-005 ), #6967, 'distance_accuracy_value', 'NONE');
#4369 = ORIENTED_EDGE ( 'NONE', *, *, #6188, .F. ) ;
#4370 = COLOUR_RGB ( '',0.7960784313725489700, 0.8235294117647058400, 0.9372549019607843100 ) ;
#4371 = LINE ( 'NONE', #7433, #2846 ) ;
#4372 = PLANE ( 'NONE',  #6440 ) ;
#4373 = LINE ( 'NONE', #2348, #5884 ) ;
#4374 = DIRECTION ( 'NONE',  ( -0.7071067811865481300, 0.0000000000000000000, -0.7071067811865470200 ) ) ;
#4375 = SURFACE_STYLE_FILL_AREA ( #3763 ) ;
#4376 = VERTEX_POINT ( 'NONE', #3626 ) ;
#4377 = DIRECTION ( 'NONE',  ( -0.7071067811865481300, 0.0000000000000000000, -0.7071067811865470200 ) ) ;
#4378 = CARTESIAN_POINT ( 'NONE',  ( 1.490000000000000000, 11.70000000000000100, -9.840000000000001600 ) ) ;
#4379 = CLOSED_SHELL ( 'NONE', ( #381, #1542, #4767, #4651, #2255, #1573, #3771, #4691, #5078, #7140 ) ) ;
#4380 = CARTESIAN_POINT ( 'NONE',  ( -2.540000000000000000, 1.700000000000000000, -5.983421052631579900 ) ) ;
#4381 = DIRECTION ( 'NONE',  ( -1.000000000000000000, -0.0000000000000000000, -0.0000000000000000000 ) ) ;
#4382 = SURFACE_STYLE_USAGE ( .BOTH. , #336 ) ;
#4383 = EDGE_CURVE ( 'NONE', #7078, #4296, #3498, .T. ) ;
#4384 = COLOUR_RGB ( '',0.7960784313725489700, 0.8235294117647058400, 0.9372549019607843100 ) ;
#4385 =( NAMED_UNIT ( * ) PLANE_ANGLE_UNIT ( ) SI_UNIT ( $, .RADIAN. ) );
#4386 = ORIENTED_EDGE ( 'NONE', *, *, #4248, .T. ) ;
#4387 = FACE_OUTER_BOUND ( 'NONE', #5130, .T. ) ;
#4388 = PLANE ( 'NONE',  #5596 ) ;
#4389 =( GEOMETRIC_REPRESENTATION_CONTEXT ( 3 ) GLOBAL_UNCERTAINTY_ASSIGNED_CONTEXT ( ( #2848 ) ) GLOBAL_UNIT_ASSIGNED_CONTEXT ( ( #6500, #3085, #7069 ) ) REPRESENTATION_CONTEXT ( 'NONE', 'WORKASPACE' ) );
#4390 = SURFACE_SIDE_STYLE ('',( #4649 ) ) ;
#4391 = MECHANICAL_DESIGN_GEOMETRIC_PRESENTATION_REPRESENTATION (  '', ( #3242 ), #4770 ) ;
#4392 = SURFACE_STYLE_FILL_AREA ( #3179 ) ;
#4393 = LINE ( 'NONE', #6508, #7400 ) ;
#4394 = DIRECTION ( 'NONE',  ( 0.0000000000000000000, -0.0000000000000000000, 1.000000000000000000 ) ) ;
#4395 = VERTEX_POINT ( 'NONE', #4769 ) ;
#4396 = FILL_AREA_STYLE_COLOUR ( '', #4648 ) ;
#4397 = CARTESIAN_POINT ( 'NONE',  ( 1.050000000000000000, 11.70000000000000100, -2.220000000000000200 ) ) ;
#4398 = ORIENTED_EDGE ( 'NONE', *, *, #5889, .F. ) ;
#4399 = PRESENTATION_STYLE_ASSIGNMENT (( #667 ) ) ;
#4400 = VERTEX_POINT ( 'NONE', #7009 ) ;
#4401 = AXIS2_PLACEMENT_3D ( 'NONE', #3101, #7084, #3707 ) ;
#4402 = ADVANCED_FACE ( 'NONE', ( #605 ), #5351, .T. ) ;
#4403 = ORIENTED_EDGE ( 'NONE', *, *, #2192, .F. ) ;
#4404 = ORIENTED_EDGE ( 'NONE', *, *, #451, .F. ) ;
#4405 = EDGE_CURVE ( 'NONE', #1948, #2316, #419, .T. ) ;
#4406 =( NAMED_UNIT ( * ) SI_UNIT ( $, .STERADIAN. ) SOLID_ANGLE_UNIT ( ) );
#4407 = CARTESIAN_POINT ( 'NONE',  ( 1.590000000000000100, 11.70000000000000100, -7.400000000000000400 ) ) ;
#4408 = MECHANICAL_DESIGN_GEOMETRIC_PRESENTATION_REPRESENTATION (  '', ( #3257 ), #4784 ) ;
#4409 =( LENGTH_UNIT ( ) NAMED_UNIT ( * ) SI_UNIT ( .MILLI., .METRE. ) );
#4410 = CARTESIAN_POINT ( 'NONE',  ( -1.050000000000000000, -2.799999999999999400, -13.02000000000000100 ) ) ;
#4411 = ORIENTED_EDGE ( 'NONE', *, *, #2776, .T. ) ;
#4412 = LINE ( 'NONE', #1609, #5916 ) ;
#4413 = AXIS2_PLACEMENT_3D ( 'NONE', #5742, #2307, #6302 ) ;
#4414 = ORIENTED_EDGE ( 'NONE', *, *, #3701, .F. ) ;
#4415 =( NAMED_UNIT ( * ) PLANE_ANGLE_UNIT ( ) SI_UNIT ( $, .RADIAN. ) );
#4416 = CARTESIAN_POINT ( 'NONE',  ( -0.9499999999999999600, -2.799999999999999400, -2.760000000000000200 ) ) ;
#4417 = PLANE ( 'NONE',  #7306 ) ;
#4418 = APPLICATION_PROTOCOL_DEFINITION ( 'draft international standard', 'automotive_design', 1998, #364 ) ;
#4419 = VECTOR ( 'NONE', #6035, 1000.000000000000000 ) ;
#4420 = FILL_AREA_STYLE_COLOUR ( '', #1216 ) ;
#4421 = UNCERTAINTY_MEASURE_WITH_UNIT (LENGTH_MEASURE( 1.000000000000000100E-005 ), #7337, 'distance_accuracy_value', 'NONE');
#4422 = DIRECTION ( 'NONE',  ( 0.7071067811865474600, 0.0000000000000000000, 0.7071067811865474600 ) ) ;
#4423 = CARTESIAN_POINT ( 'NONE',  ( -1.050000000000000000, 11.70000000000000100, -7.299999999999999800 ) ) ;
#4424 = ORIENTED_EDGE ( 'NONE', *, *, #543, .T. ) ;
#4425 = PRESENTATION_LAYER_ASSIGNMENT (  '', '', ( #4035 ) ) ;
#4426 = EDGE_LOOP ( 'NONE', ( #4433, #5913, #4073, #519, #3603, #1454, #6828, #1269 ) ) ;
#4427 = FILL_AREA_STYLE ('',( #2088 ) ) ;
#4428 =( LENGTH_UNIT ( ) NAMED_UNIT ( * ) SI_UNIT ( .MILLI., .METRE. ) );
#4429 =( NAMED_UNIT ( * ) PLANE_ANGLE_UNIT ( ) SI_UNIT ( $, .RADIAN. ) );
#4430 = CLOSED_SHELL ( 'NONE', ( #7401, #6257, #5607, #297, #3568, #3990, #3317, #5496, #6879, #5001 ) ) ;
#4431 = DIRECTION ( 'NONE',  ( -0.7372346670543746800, -0.0000000000000000000, 0.6756367705307528800 ) ) ;
#4432 = EDGE_CURVE ( 'NONE', #4478, #2243, #7314, .T. ) ;
#4433 = ORIENTED_EDGE ( 'NONE', *, *, #6201, .F. ) ;
#4434 = DIRECTION ( 'NONE',  ( -0.7071067811865470200, -0.0000000000000000000, -0.7071067811865481300 ) ) ;
#4435 = CARTESIAN_POINT ( 'NONE',  ( -1.490000000000000200, -2.799999999999999400, -4.760000000000000700 ) ) ;
#4436 =( NAMED_UNIT ( * ) PLANE_ANGLE_UNIT ( ) SI_UNIT ( $, .RADIAN. ) );
#4437 = ORIENTED_EDGE ( 'NONE', *, *, #1082, .F. ) ;
#4438 = SURFACE_SIDE_STYLE ('',( #5372 ) ) ;
#4439 =( GEOMETRIC_REPRESENTATION_CONTEXT ( 3 ) GLOBAL_UNCERTAINTY_ASSIGNED_CONTEXT ( ( #1276 ) ) GLOBAL_UNIT_ASSIGNED_CONTEXT ( ( #5572, #2121, #6129 ) ) REPRESENTATION_CONTEXT ( 'NONE', 'WORKASPACE' ) );
#4440 = VERTEX_POINT ( 'NONE', #192 ) ;
#4441 = ADVANCED_FACE ( 'NONE', ( #1418 ), #7061, .T. ) ;
#4442 = FILL_AREA_STYLE_COLOUR ( '', #4898 ) ;
#4443 = DIRECTION ( 'NONE',  ( 0.7071067811865481300, 0.0000000000000000000, -0.7071067811865470200 ) ) ;
#4444 = DIRECTION ( 'NONE',  ( -0.7071067811865470200, 0.0000000000000000000, 0.7071067811865481300 ) ) ;
#4445 = CLOSED_SHELL ( 'NONE', ( #2916, #5849, #1160, #1051, #2662, #5879, #3492, #5675, #899, #2322 ) ) ;
#4446 = EDGE_CURVE ( 'NONE', #6509, #3142, #695, .T. ) ;
#4447 = DIRECTION ( 'NONE',  ( -0.0000000000000000000, -1.000000000000000000, -0.0000000000000000000 ) ) ;
#4448 = CARTESIAN_POINT ( 'NONE',  ( 0.9499999999999999600, 11.70000000000000100, -0.2200000000000000000 ) ) ;
#4449 = DIRECTION ( 'NONE',  ( 0.0000000000000000000, 1.000000000000000000, 0.0000000000000000000 ) ) ;
#4450 = DIRECTION ( 'NONE',  ( 1.000000000000000000, 0.0000000000000000000, 1.232047923278982200E-016 ) ) ;
#4451 = FACE_OUTER_BOUND ( 'NONE', #1331, .T. ) ;
#4452 = DIRECTION ( 'NONE',  ( 0.0000000000000000000, 0.0000000000000000000, 1.000000000000000000 ) ) ;
#4453 = EDGE_CURVE ( 'NONE', #1661, #6554, #2233, .T. ) ;
#4454 = VERTEX_POINT ( 'NONE', #4256 ) ;
#4455 = VERTEX_POINT ( 'NONE', #5423 ) ;
#4457 = DIRECTION ( 'NONE',  ( -2.492418787322998300E-016, 0.0000000000000000000, -1.000000000000000000 ) ) ;
#4456 =( GEOMETRIC_REPRESENTATION_CONTEXT ( 3 ) GLOBAL_UNCERTAINTY_ASSIGNED_CONTEXT ( ( #3449 ) ) GLOBAL_UNIT_ASSIGNED_CONTEXT ( ( #5073, #1631, #5647 ) ) REPRESENTATION_CONTEXT ( 'NONE', 'WORKASPACE' ) );
#4458 = ORIENTED_EDGE ( 'NONE', *, *, #5087, .T. ) ;
#4459 = LINE ( 'NONE', #1582, #7282 ) ;
#4460 = VECTOR ( 'NONE', #281, 1000.000000000000000 ) ;
#4461 = UNCERTAINTY_MEASURE_WITH_UNIT (LENGTH_MEASURE( 1.000000000000000100E-005 ), #4574, 'distance_accuracy_value', 'NONE');
#4462 = CARTESIAN_POINT ( 'NONE',  ( 1.050000000000000000, -2.799999999999999400, -7.299999999999999800 ) ) ;
#4463 = DIRECTION ( 'NONE',  ( 0.7071067811865477900, 0.0000000000000000000, -0.7071067811865473500 ) ) ;
#4464 = DIRECTION ( 'NONE',  ( 0.0000000000000000000, 0.0000000000000000000, 1.000000000000000000 ) ) ;
#4465 = EDGE_CURVE ( 'NONE', #7034, #6167, #2049, .T. ) ;
#4466 = EDGE_LOOP ( 'NONE', ( #3715, #3031, #4565, #3836 ) ) ;
#4467 =( GEOMETRIC_REPRESENTATION_CONTEXT ( 3 ) GLOBAL_UNCERTAINTY_ASSIGNED_CONTEXT ( ( #2978 ) ) GLOBAL_UNIT_ASSIGNED_CONTEXT ( ( #1736, #5747, #2313 ) ) REPRESENTATION_CONTEXT ( 'NONE', 'WORKASPACE' ) );
#4468 = DIRECTION ( 'NONE',  ( -1.000000000000000000, 0.0000000000000000000, 0.0000000000000000000 ) ) ;
#4469 = SURFACE_SIDE_STYLE ('',( #4923 ) ) ;
#4470 =( NAMED_UNIT ( * ) SI_UNIT ( $, .STERADIAN. ) SOLID_ANGLE_UNIT ( ) );
#4471 = SURFACE_STYLE_FILL_AREA ( #3261 ) ;
#4472 = DIRECTION ( 'NONE',  ( -0.0000000000000000000, 1.000000000000000000, 0.0000000000000000000 ) ) ;
#4473 = CARTESIAN_POINT ( 'NONE',  ( -2.539999999999999600, 1.700000000000000000, -9.323421052631580600 ) ) ;
#4474 = DIRECTION ( 'NONE',  ( 0.7348718659067219300, 0.0000000000000000000, -0.6782059721786390900 ) ) ;
#4475 = DIRECTION ( 'NONE',  ( -0.7071067811865475700, 0.0000000000000000000, 0.7071067811865475700 ) ) ;
#4476 = STYLED_ITEM ( 'NONE', ( #6405 ), #1498 ) ;
#4477 = EDGE_CURVE ( 'NONE', #4846, #7266, #6594, .T. ) ;
#4478 = VERTEX_POINT ( 'NONE', #240 ) ;
#4479 = LINE ( 'NONE', #6528, #7303 ) ;
#4480 = ADVANCED_FACE ( 'NONE', ( #3409 ), #1424, .F. ) ;
#4481 = SURFACE_STYLE_USAGE ( .BOTH. , #440 ) ;
#4482 = LINE ( 'NONE', #4976, #2940 ) ;
#4483 = STYLED_ITEM ( 'NONE', ( #4824 ), #1723 ) ;
#4484 = VECTOR ( 'NONE', #6637, 1000.000000000000000 ) ;
#4485 = COLOUR_RGB ( '',0.7960784313725489700, 0.8235294117647058400, 0.9372549019607843100 ) ;
#4486 = ORIENTED_EDGE ( 'NONE', *, *, #3689, .F. ) ;
#4487 = PRESENTATION_LAYER_ASSIGNMENT (  '', '', ( #3727 ) ) ;
#4488 = DIRECTION ( 'NONE',  ( -0.0000000000000000000, 0.0000000000000000000, 1.000000000000000000 ) ) ;
#4489 =( NAMED_UNIT ( * ) SI_UNIT ( $, .STERADIAN. ) SOLID_ANGLE_UNIT ( ) );
#4490 = ORIENTED_EDGE ( 'NONE', *, *, #4086, .F. ) ;
#4491 = ORIENTED_EDGE ( 'NONE', *, *, #584, .F. ) ;
#4492 = LINE ( 'NONE', #7243, #4297 ) ;
#4493 = CARTESIAN_POINT ( 'NONE',  ( 0.9499999999999999600, -2.799999999999999400, -12.92000000000000200 ) ) ;
#4494 = PRESENTATION_LAYER_ASSIGNMENT (  '', '', ( #3733 ) ) ;
#4495 = VECTOR ( 'NONE', #6866, 1000.000000000000000 ) ;
#4496 = LINE ( 'NONE', #564, #7321 ) ;
#4497 = SURFACE_SIDE_STYLE ('',( #4260 ) ) ;
#4498 = COLOUR_RGB ( '',0.7960784313725489700, 0.8235294117647058400, 0.9372549019607843100 ) ;
#4499 =( NAMED_UNIT ( * ) PLANE_ANGLE_UNIT ( ) SI_UNIT ( $, .RADIAN. ) );
#4500 =( NAMED_UNIT ( * ) SI_UNIT ( $, .STERADIAN. ) SOLID_ANGLE_UNIT ( ) );
#4501 =( NAMED_UNIT ( * ) SI_UNIT ( $, .STERADIAN. ) SOLID_ANGLE_UNIT ( ) );
#4502 = VERTEX_POINT ( 'NONE', #844 ) ;
#4503 = COLOUR_RGB ( '',0.7960784313725489700, 0.8235294117647058400, 0.9372549019607843100 ) ;
#4504 = PRESENTATION_LAYER_ASSIGNMENT (  '', '', ( #3738 ) ) ;
#4506 =( GEOMETRIC_REPRESENTATION_CONTEXT ( 3 ) GLOBAL_UNCERTAINTY_ASSIGNED_CONTEXT ( ( #1869 ) ) GLOBAL_UNIT_ASSIGNED_CONTEXT ( ( #4547, #1111, #5127 ) ) REPRESENTATION_CONTEXT ( 'NONE', 'WORKASPACE' ) );
#4505 = VECTOR ( 'NONE', #3869, 1000.000000000000000 ) ;
#4507 = EDGE_CURVE ( 'NONE', #6630, #5982, #5899, .T. ) ;
#4508 =( LENGTH_UNIT ( ) NAMED_UNIT ( * ) SI_UNIT ( .MILLI., .METRE. ) );
#4509 = EDGE_LOOP ( 'NONE', ( #2801, #322, #247, #7028 ) ) ;
#4510 = STYLED_ITEM ( 'NONE', ( #4697 ), #3850 ) ;
#4511 = DIRECTION ( 'NONE',  ( 0.6756367705307529900, -0.0000000000000000000, 0.7372346670543747900 ) ) ;
#4512 =( LENGTH_UNIT ( ) NAMED_UNIT ( * ) SI_UNIT ( .MILLI., .METRE. ) );
#4513 = DIRECTION ( 'NONE',  ( 0.0000000000000000000, 1.000000000000000000, 0.0000000000000000000 ) ) ;
#4514 = PRESENTATION_STYLE_ASSIGNMENT (( #3069 ) ) ;
#4515 = UNCERTAINTY_MEASURE_WITH_UNIT (LENGTH_MEASURE( 1.000000000000000100E-005 ), #1719, 'distance_accuracy_value', 'NONE');
#4516 = VERTEX_POINT ( 'NONE', #870 ) ;
#4517 = ORIENTED_EDGE ( 'NONE', *, *, #5438, .T. ) ;
#4518 = ADVANCED_FACE ( 'NONE', ( #7226 ), #1455, .F. ) ;
#4519 = ORIENTED_EDGE ( 'NONE', *, *, #4383, .T. ) ;
#4520 = CARTESIAN_POINT ( 'NONE',  ( 1.490000000000000000, -2.799999999999999400, -2.860000000000000300 ) ) ;
#4521 = PRESENTATION_STYLE_ASSIGNMENT (( #2843 ) ) ;
#4522 = AXIS2_PLACEMENT_3D ( 'NONE', #4534, #1100, #5113 ) ;
#4523 = CARTESIAN_POINT ( 'NONE',  ( -1.050000000000000000, -2.799999999999999400, -2.220000000000000200 ) ) ;
#4524 = CARTESIAN_POINT ( 'NONE',  ( 1.050000000000000000, -2.799999999999999400, -9.840000000000001600 ) ) ;
#4525 = CARTESIAN_POINT ( 'NONE',  ( -2.140000000000000600, 0.0000000000000000000, -13.97000000000000100 ) ) ;
#4526 = EDGE_LOOP ( 'NONE', ( #2097, #786, #3867, #340 ) ) ;
#4527 = PRESENTATION_LAYER_ASSIGNMENT (  '', '', ( #3762 ) ) ;
#4528 = CARTESIAN_POINT ( 'NONE',  ( 1.490000000000000000, -2.799999999999999400, -10.48000000000000200 ) ) ;
#4529 = CLOSED_SHELL ( 'NONE', ( #6327, #2888, #7334, #2104, #2475, #2365, #7369, #4441, #2990, #3958 ) ) ;
#4530 = EDGE_CURVE ( 'NONE', #4750, #4339, #780, .T. ) ;
#4531 = AXIS2_PLACEMENT_3D ( 'NONE', #5401, #1949, #5955 ) ;
#4532 = PRESENTATION_STYLE_ASSIGNMENT (( #2520 ) ) ;
#4533 =( NAMED_UNIT ( * ) PLANE_ANGLE_UNIT ( ) SI_UNIT ( $, .RADIAN. ) );
#4534 = CARTESIAN_POINT ( 'NONE',  ( 2.540000000000000900, 1.700000000000000000, -5.950000000000001100 ) ) ;
#4535 = PRESENTATION_LAYER_ASSIGNMENT (  '', '', ( #3772 ) ) ;
#4536 = MECHANICAL_DESIGN_GEOMETRIC_PRESENTATION_REPRESENTATION (  '', ( #3384 ), #4914 ) ;
#4537 = VERTEX_POINT ( 'NONE', #3211 ) ;
#4538 = COLOUR_RGB ( '',0.7960784313725489700, 0.8235294117647058400, 0.9372549019607843100 ) ;
#4539 = CARTESIAN_POINT ( 'NONE',  ( -2.539999999999999600, 0.0000000000000000000, -11.86342105263158000 ) ) ;
#4540 = ORIENTED_EDGE ( 'NONE', *, *, #7112, .F. ) ;
#4542 = ORIENTED_EDGE ( 'NONE', *, *, #5379, .F. ) ;
#4541 = PRESENTATION_LAYER_ASSIGNMENT (  '', '', ( #3783 ) ) ;
#4543 = CARTESIAN_POINT ( 'NONE',  ( -2.539999999999999600, 1.700000000000000000, -1.703421052631578900 ) ) ;
#4544 = PRESENTATION_STYLE_ASSIGNMENT (( #5150 ) ) ;
#4545 = DIRECTION ( 'NONE',  ( -1.232047923278982000E-016, 0.0000000000000000000, 1.000000000000000000 ) ) ;
#4546 = VECTOR ( 'NONE', #5561, 1000.000000000000000 ) ;
#4547 =( LENGTH_UNIT ( ) NAMED_UNIT ( * ) SI_UNIT ( .MILLI., .METRE. ) );
#4548 = DIRECTION ( 'NONE',  ( -0.0000000000000000000, 1.000000000000000000, 0.0000000000000000000 ) ) ;
#4549 = EDGE_CURVE ( 'NONE', #4376, #4114, #6688, .T. ) ;
#4550 = PRESENTATION_LAYER_ASSIGNMENT (  '', '', ( #3792 ) ) ;
#4551 = ORIENTED_EDGE ( 'NONE', *, *, #3089, .F. ) ;
#4552 = ADVANCED_FACE ( 'NONE', ( #5200 ), #4951, .T. ) ;
#4553 = CARTESIAN_POINT ( 'NONE',  ( 0.9499999999999999600, -2.799999999999999400, 0.2200000000000000600 ) ) ;
#4554 = UNCERTAINTY_MEASURE_WITH_UNIT (LENGTH_MEASURE( 1.000000000000000100E-005 ), #6717, 'distance_accuracy_value', 'NONE');
#4555 = EDGE_CURVE ( 'NONE', #6791, #3619, #21, .T. ) ;
#4556 = VECTOR ( 'NONE', #804, 999.9999999999998900 ) ;
#4557 = ORIENTED_EDGE ( 'NONE', *, *, #2760, .F. ) ;
#4558 = UNCERTAINTY_MEASURE_WITH_UNIT (LENGTH_MEASURE( 1.000000000000000100E-005 ), #1327, 'distance_accuracy_value', 'NONE');
#4559 = DIRECTION ( 'NONE',  ( 0.7071067811865474600, 0.0000000000000000000, 0.7071067811865474600 ) ) ;
#4560 = SURFACE_STYLE_FILL_AREA ( #190 ) ;
#4561 = CARTESIAN_POINT ( 'NONE',  ( -1.050000000000000000, -2.799999999999999400, -12.38000000000000300 ) ) ;
#4562 = SURFACE_STYLE_USAGE ( .BOTH. , #525 ) ;
#4563 = VECTOR ( 'NONE', #1768, 999.9999999999998900 ) ;
#4564 = ORIENTED_EDGE ( 'NONE', *, *, #4477, .F. ) ;
#4565 = ORIENTED_EDGE ( 'NONE', *, *, #105, .F. ) ;
#4566 = LINE ( 'NONE', #3791, #1504 ) ;
#4567 = FILL_AREA_STYLE_COLOUR ( '', #4277 ) ;
#4568 = VECTOR ( 'NONE', #4463, 999.9999999999998900 ) ;
#4569 = VECTOR ( 'NONE', #4136, 999.9999999999998900 ) ;
#4570 = FILL_AREA_STYLE ('',( #535 ) ) ;
#4571 = VERTEX_POINT ( 'NONE', #932 ) ;
#4572 = LINE ( 'NONE', #3263, #6079 ) ;
#4573 = FILL_AREA_STYLE ('',( #539 ) ) ;
#4574 =( LENGTH_UNIT ( ) NAMED_UNIT ( * ) SI_UNIT ( .MILLI., .METRE. ) );
#4575 = EDGE_CURVE ( 'NONE', #6335, #5247, #4482, .T. ) ;
#4576 = ORIENTED_EDGE ( 'NONE', *, *, #4446, .T. ) ;
#4577 = SURFACE_STYLE_FILL_AREA ( #2734 ) ;
#4578 =( NAMED_UNIT ( * ) PLANE_ANGLE_UNIT ( ) SI_UNIT ( $, .RADIAN. ) );
#4579 =( GEOMETRIC_REPRESENTATION_CONTEXT ( 3 ) GLOBAL_UNCERTAINTY_ASSIGNED_CONTEXT ( ( #4421 ) ) GLOBAL_UNIT_ASSIGNED_CONTEXT ( ( #7337, #3946, #476 ) ) REPRESENTATION_CONTEXT ( 'NONE', 'WORKASPACE' ) );
#4580 = MECHANICAL_DESIGN_GEOMETRIC_PRESENTATION_REPRESENTATION (  '', ( #3432 ), #4967 ) ;
#4581 = ORIENTED_EDGE ( 'NONE', *, *, #3518, .F. ) ;
#4582 = VECTOR ( 'NONE', #2962, 1000.000000000000100 ) ;
#4583 = VECTOR ( 'NONE', #2903, 1000.000000000000000 ) ;
#4584 = ORIENTED_EDGE ( 'NONE', *, *, #837, .F. ) ;
#4585 = DIRECTION ( 'NONE',  ( -0.7071067811865464600, 0.0000000000000000000, 0.7071067811865486800 ) ) ;
#4586 = LINE ( 'NONE', #5344, #6092 ) ;
#4587 = FILL_AREA_STYLE ('',( #3435 ) ) ;
#4588 = DIRECTION ( 'NONE',  ( 0.0000000000000000000, 1.000000000000000000, 0.0000000000000000000 ) ) ;
#4589 = PRESENTATION_STYLE_ASSIGNMENT (( #468 ) ) ;
#4590 = ADVANCED_FACE ( 'NONE', ( #1409 ), #6669, .F. ) ;
#4591 = FILL_AREA_STYLE ('',( #3439 ) ) ;
#4592 = DIRECTION ( 'NONE',  ( -0.0000000000000000000, 1.000000000000000000, 0.0000000000000000000 ) ) ;
#4593 = ORIENTED_EDGE ( 'NONE', *, *, #5436, .T. ) ;
#4594 = ORIENTED_EDGE ( 'NONE', *, *, #1673, .T. ) ;
#4595 = PLANE ( 'NONE',  #1527 ) ;
#4596 = VERTEX_POINT ( 'NONE', #3294 ) ;
#4597 = MECHANICAL_DESIGN_GEOMETRIC_PRESENTATION_REPRESENTATION (  '', ( #3447 ), #4985 ) ;
#4598 =( NAMED_UNIT ( * ) PLANE_ANGLE_UNIT ( ) SI_UNIT ( $, .RADIAN. ) );
#4599 = VERTEX_POINT ( 'NONE', #7268 ) ;
#4600 = VECTOR ( 'NONE', #6897, 1000.000000000000000 ) ;
#4601 = FILL_AREA_STYLE ('',( #7423 ) ) ;
#4602 = UNCERTAINTY_MEASURE_WITH_UNIT (LENGTH_MEASURE( 1.000000000000000100E-005 ), #7096, 'distance_accuracy_value', 'NONE');
#4603 = EDGE_CURVE ( 'NONE', #1475, #5054, #6766, .T. ) ;
#4604 = EDGE_LOOP ( 'NONE', ( #1002, #450, #5722, #6933 ) ) ;
#4605 = MECHANICAL_DESIGN_GEOMETRIC_PRESENTATION_REPRESENTATION (  '', ( #3453 ), #4991 ) ;
#4606 =( LENGTH_UNIT ( ) NAMED_UNIT ( * ) SI_UNIT ( .MILLI., .METRE. ) );
#4607 = CARTESIAN_POINT ( 'NONE',  ( 0.9499999999999999600, 11.70000000000000100, -5.299999999999999800 ) ) ;
#4608 =( LENGTH_UNIT ( ) NAMED_UNIT ( * ) SI_UNIT ( .MILLI., .METRE. ) );
#4609 = ORIENTED_EDGE ( 'NONE', *, *, #1009, .F. ) ;
#4610 = ORIENTED_EDGE ( 'NONE', *, *, #5759, .T. ) ;
#4611 = PLANE ( 'NONE',  #5206 ) ;
#4612 =( GEOMETRIC_REPRESENTATION_CONTEXT ( 3 ) GLOBAL_UNCERTAINTY_ASSIGNED_CONTEXT ( ( #4262 ) ) GLOBAL_UNIT_ASSIGNED_CONTEXT ( ( #880, #4900, #1461 ) ) REPRESENTATION_CONTEXT ( 'NONE', 'WORKASPACE' ) );
#4613 = EDGE_CURVE ( 'NONE', #5161, #6111, #873, .T. ) ;
#4614 = SURFACE_SIDE_STYLE ('',( #5531 ) ) ;
#4615 = CARTESIAN_POINT ( 'NONE',  ( 0.9499999999999999600, -2.799999999999999400, -0.2200000000000000000 ) ) ;
#4616 = VECTOR ( 'NONE', #3178, 1000.000000000000000 ) ;
#4617 = DIRECTION ( 'NONE',  ( -0.0000000000000000000, -1.000000000000000000, -0.0000000000000000000 ) ) ;
#4618 = ADVANCED_FACE ( 'NONE', ( #3764 ), #5602, .F. ) ;
#4619 = AXIS2_PLACEMENT_3D ( 'NONE', #5076, #1635, #5652 ) ;
#4620 = DIRECTION ( 'NONE',  ( 1.000000000000000000, 0.0000000000000000000, 0.0000000000000000000 ) ) ;
#4621 = SURFACE_SIDE_STYLE ('',( #614 ) ) ;
#4622 = ORIENTED_EDGE ( 'NONE', *, *, #1313, .T. ) ;
#4623 = PRESENTATION_STYLE_ASSIGNMENT (( #6904 ) ) ;
#4624 = SURFACE_STYLE_FILL_AREA ( #6374 ) ;
#4625 = DIRECTION ( 'NONE',  ( 0.0000000000000000000, 1.000000000000000000, 0.0000000000000000000 ) ) ;
#4626 = AXIS2_PLACEMENT_3D ( 'NONE', #5991, #2576, #6553 ) ;
#4627 = ORIENTED_EDGE ( 'NONE', *, *, #6272, .F. ) ;
#4628 = DIRECTION ( 'NONE',  ( -0.7071067811865470200, -0.0000000000000000000, -0.7071067811865481300 ) ) ;
#4629 = LINE ( 'NONE', #4903, #4460 ) ;
#4630 = CARTESIAN_POINT ( 'NONE',  ( 1.050000000000000000, 11.70000000000000100, -10.48000000000000200 ) ) ;
#4631 = AXIS2_PLACEMENT_3D ( 'NONE', #2173, #2145, #2115 ) ;
#4632 = DIRECTION ( 'NONE',  ( -1.000000000000000000, -0.0000000000000000000, -0.0000000000000000000 ) ) ;
#4633 = PLANE ( 'NONE',  #3849 ) ;
#4634 = CARTESIAN_POINT ( 'NONE',  ( -0.9499999999999999600, -2.799999999999999400, -10.38000000000000100 ) ) ;
#4635 = MECHANICAL_DESIGN_GEOMETRIC_PRESENTATION_REPRESENTATION (  '', ( #3487 ), #5027 ) ;
#4636 = FILL_AREA_STYLE ('',( #4068 ) ) ;
#4637 = EDGE_CURVE ( 'NONE', #7430, #4502, #4735, .T. ) ;
#4638 = UNCERTAINTY_MEASURE_WITH_UNIT (LENGTH_MEASURE( 1.000000000000000100E-005 ), #6098, 'distance_accuracy_value', 'NONE');
#4639 =( NAMED_UNIT ( * ) SI_UNIT ( $, .STERADIAN. ) SOLID_ANGLE_UNIT ( ) );
#4640 = MECHANICAL_DESIGN_GEOMETRIC_PRESENTATION_REPRESENTATION (  '', ( #3494 ), #5038 ) ;
#4641 = SURFACE_SIDE_STYLE ('',( #5303 ) ) ;
#4642 = PRESENTATION_STYLE_ASSIGNMENT (( #5152 ) ) ;
#4643 = DIRECTION ( 'NONE',  ( -0.0000000000000000000, -1.000000000000000000, -0.0000000000000000000 ) ) ;
#4644 = ORIENTED_EDGE ( 'NONE', *, *, #6957, .F. ) ;
#4645 = VECTOR ( 'NONE', #3902, 1000.000000000000000 ) ;
#4646 = SURFACE_STYLE_USAGE ( .BOTH. , #627 ) ;
#4647 =( GEOMETRIC_REPRESENTATION_CONTEXT ( 3 ) GLOBAL_UNCERTAINTY_ASSIGNED_CONTEXT ( ( #2716 ) ) GLOBAL_UNIT_ASSIGNED_CONTEXT ( ( #6124, #2705, #6680 ) ) REPRESENTATION_CONTEXT ( 'NONE', 'WORKASPACE' ) );
#4648 = COLOUR_RGB ( '',0.7960784313725489700, 0.8235294117647058400, 0.9372549019607843100 ) ;
#4649 = SURFACE_STYLE_FILL_AREA ( #343 ) ;
#4650 = VECTOR ( 'NONE', #2076, 1000.000000000000100 ) ;
#4651 = ADVANCED_FACE ( 'NONE', ( #3213 ), #6182, .T. ) ;
#4652 = ORIENTED_EDGE ( 'NONE', *, *, #3912, .T. ) ;
#4653 = DIRECTION ( 'NONE',  ( 0.7071067811865486800, 0.0000000000000000000, 0.7071067811865464600 ) ) ;
#4654 = CARTESIAN_POINT ( 'NONE',  ( 2.020000000000001400, 0.2999999999999999900, -1.270000000000000000 ) ) ;
#4655 = VERTEX_POINT ( 'NONE', #2186 ) ;
#4656 = PRESENTATION_STYLE_ASSIGNMENT (( #4705 ) ) ;
#4657 = CARTESIAN_POINT ( 'NONE',  ( -2.539999999999999600, 1.700000000000000000, -6.783421052631577900 ) ) ;
#4658 = CARTESIAN_POINT ( 'NONE',  ( -1.050000000000000000, 11.70000000000000100, -4.760000000000000700 ) ) ;
#4659 = ORIENTED_EDGE ( 'NONE', *, *, #2631, .F. ) ;
#4660 = AXIS2_PLACEMENT_3D ( 'NONE', #4654, #1219, #5245 ) ;
#4661 = EDGE_CURVE ( 'NONE', #4376, #3986, #1150, .T. ) ;
#4662 = EDGE_CURVE ( 'NONE', #4339, #199, #5549, .T. ) ;
#4663 = STYLED_ITEM ( 'NONE', ( #990 ), #7290 ) ;
#4664 = DIRECTION ( 'NONE',  ( -0.7071067811865489100, -0.0000000000000000000, 0.7071067811865462400 ) ) ;
#4665 = ORIENTED_EDGE ( 'NONE', *, *, #410, .T. ) ;
#4666 = DIRECTION ( 'NONE',  ( 1.000000000000000000, 0.0000000000000000000, 1.232047923278982200E-016 ) ) ;
#4667 = VERTEX_POINT ( 'NONE', #480 ) ;
#4668 = CARTESIAN_POINT ( 'NONE',  ( 2.540000000000000900, 1.700000000000000000, -8.490000000000000200 ) ) ;
#4669 = AXIS2_PLACEMENT_3D ( 'NONE', #1339, #5360, #1910 ) ;
#4670 = PRESENTATION_LAYER_ASSIGNMENT (  '', '', ( #4279 ) ) ;
#4671 = VECTOR ( 'NONE', #2664, 1000.000000000000000 ) ;
#4672 = DIRECTION ( 'NONE',  ( -1.000000000000000000, 0.0000000000000000000, 0.0000000000000000000 ) ) ;
#4673 = ORIENTED_EDGE ( 'NONE', *, *, #1114, .T. ) ;
#4674 =( LENGTH_UNIT ( ) NAMED_UNIT ( * ) SI_UNIT ( .MILLI., .METRE. ) );
#4675 = EDGE_CURVE ( 'NONE', #1092, #6111, #6853, .T. ) ;
#4676 = SURFACE_STYLE_USAGE ( .BOTH. , #651 ) ;
#4677 = UNCERTAINTY_MEASURE_WITH_UNIT (LENGTH_MEASURE( 1.000000000000000100E-005 ), #1891, 'distance_accuracy_value', 'NONE');
#4678 = CARTESIAN_POINT ( 'NONE',  ( 2.140000000000000100, 1.700000000000000000, -3.810000000000000100 ) ) ;
#4679 = VECTOR ( 'NONE', #128, 1000.000000000000000 ) ;
#4680 = ORIENTED_EDGE ( 'NONE', *, *, #6835, .F. ) ;
#4681 = VERTEX_POINT ( 'NONE', #4525 ) ;
#4682 = STYLED_ITEM ( 'NONE', ( #6363 ), #6806 ) ;
#4683 = FILL_AREA_STYLE ('',( #6924 ) ) ;
#4684 =( NAMED_UNIT ( * ) SI_UNIT ( $, .STERADIAN. ) SOLID_ANGLE_UNIT ( ) );
#4685 =( LENGTH_UNIT ( ) NAMED_UNIT ( * ) SI_UNIT ( .MILLI., .METRE. ) );
#4686 = CARTESIAN_POINT ( 'NONE',  ( 1.590000000000000100, 11.70000000000000100, 0.2199999999999999200 ) ) ;
#4687 = VECTOR ( 'NONE', #524, 1000.000000000000100 ) ;
#4688 = EDGE_CURVE ( 'NONE', #1919, #7302, #7025, .T. ) ;
#4689 = STYLED_ITEM ( 'NONE', ( #4623 ), #5259 ) ;
#4690 = CARTESIAN_POINT ( 'NONE',  ( 2.140000000000000100, 1.700000000000000000, -1.270000000000000000 ) ) ;
#4691 = ADVANCED_FACE ( 'NONE', ( #972 ), #6224, .T. ) ;
#4692 =( LENGTH_UNIT ( ) NAMED_UNIT ( * ) SI_UNIT ( .MILLI., .METRE. ) );
#4693 = EDGE_CURVE ( 'NONE', #882, #1925, #207, .T. ) ;
#4694 = PRESENTATION_LAYER_ASSIGNMENT (  '', '', ( #3944 ) ) ;
#4695 = ORIENTED_EDGE ( 'NONE', *, *, #7085, .F. ) ;
#4696 = SURFACE_SIDE_STYLE ('',( #3474 ) ) ;
#4697 = PRESENTATION_STYLE_ASSIGNMENT (( #6715 ) ) ;
#4698 = VECTOR ( 'NONE', #6474, 1000.000000000000100 ) ;
#4699 = SURFACE_SIDE_STYLE ('',( #1745 ) ) ;
#4700 = MECHANICAL_DESIGN_GEOMETRIC_PRESENTATION_REPRESENTATION (  '', ( #3557 ), #5099 ) ;
#4701 = DIRECTION ( 'NONE',  ( -0.7071067811865489100, -0.0000000000000000000, -0.7071067811865461300 ) ) ;
#4702 = DIRECTION ( 'NONE',  ( -0.7071067811865489100, -0.0000000000000000000, -0.7071067811865461300 ) ) ;
#4703 = DIRECTION ( 'NONE',  ( -0.0000000000000000000, -0.0000000000000000000, -1.000000000000000000 ) ) ;
#4704 = PRESENTATION_STYLE_ASSIGNMENT (( #5422 ) ) ;
#4705 = SURFACE_STYLE_USAGE ( .BOTH. , #686 ) ;
#4706 = PRESENTATION_STYLE_ASSIGNMENT (( #1767 ) ) ;
#4707 = CARTESIAN_POINT ( 'NONE',  ( 0.9499999999999999600, -2.799999999999999400, -12.92000000000000200 ) ) ;
#4708 = MECHANICAL_DESIGN_GEOMETRIC_PRESENTATION_REPRESENTATION (  '', ( #3961 ), #5107 ) ;
#4709 = PRESENTATION_LAYER_ASSIGNMENT (  '', '', ( #3962 ) ) ;
#4710 = ORIENTED_EDGE ( 'NONE', *, *, #5030, .F. ) ;
#4711 =( GEOMETRIC_REPRESENTATION_CONTEXT ( 3 ) GLOBAL_UNCERTAINTY_ASSIGNED_CONTEXT ( ( #5240 ) ) GLOBAL_UNIT_ASSIGNED_CONTEXT ( ( #3663, #181, #4228 ) ) REPRESENTATION_CONTEXT ( 'NONE', 'WORKASPACE' ) );
#4712 = PLANE ( 'NONE',  #7322 ) ;
#4713 = ORIENTED_EDGE ( 'NONE', *, *, #4960, .F. ) ;
#4714 = EDGE_LOOP ( 'NONE', ( #1560, #2468, #6359, #3775 ) ) ;
#4716 = PRESENTATION_STYLE_ASSIGNMENT (( #4819 ) ) ;
#4715 =( GEOMETRIC_REPRESENTATION_CONTEXT ( 3 ) GLOBAL_UNCERTAINTY_ASSIGNED_CONTEXT ( ( #3546 ) ) GLOBAL_UNIT_ASSIGNED_CONTEXT ( ( #4606, #1170, #5184 ) ) REPRESENTATION_CONTEXT ( 'NONE', 'WORKASPACE' ) );
#4717 = SURFACE_STYLE_FILL_AREA ( #2195 ) ;
#4718 = LINE ( 'NONE', #751, #4556 ) ;
#4719 = ADVANCED_FACE ( 'NONE', ( #6160 ), #6810, .F. ) ;
#4720 = DIRECTION ( 'NONE',  ( 0.6782059721786389800, 0.0000000000000000000, 0.7348718659067220400 ) ) ;
#4721 =( NAMED_UNIT ( * ) PLANE_ANGLE_UNIT ( ) SI_UNIT ( $, .RADIAN. ) );
#4722 = DIRECTION ( 'NONE',  ( 1.000000000000000000, 0.0000000000000000000, -2.492418787322998300E-016 ) ) ;
#4723 = SURFACE_SIDE_STYLE ('',( #4815 ) ) ;
#4724 = LINE ( 'NONE', #5222, #3205 ) ;
#4725 = UNCERTAINTY_MEASURE_WITH_UNIT (LENGTH_MEASURE( 1.000000000000000100E-005 ), #6779, 'distance_accuracy_value', 'NONE');
#4726 = FILL_AREA_STYLE ('',( #4158 ) ) ;
#4727 = PRESENTATION_LAYER_ASSIGNMENT (  '', '', ( #3979 ) ) ;
#4728 =( NAMED_UNIT ( * ) SI_UNIT ( $, .STERADIAN. ) SOLID_ANGLE_UNIT ( ) );
#4729 = ORIENTED_EDGE ( 'NONE', *, *, #923, .T. ) ;
#4730 = VECTOR ( 'NONE', #6800, 1000.000000000000000 ) ;
#4731 = CARTESIAN_POINT ( 'NONE',  ( -1.050000000000000000, -2.799999999999999400, -0.3200000000000000600 ) ) ;
#4732 = STYLED_ITEM ( 'NONE', ( #6846 ), #4924 ) ;
#4733 = ORIENTED_EDGE ( 'NONE', *, *, #1102, .F. ) ;
#4734 = FILL_AREA_STYLE_COLOUR ( '', #7418 ) ;
#4735 = LINE ( 'NONE', #1608, #6244 ) ;
#4736 = COLOUR_RGB ( '',0.7960784313725489700, 0.8235294117647058400, 0.9372549019607843100 ) ;
#4737 = PRESENTATION_STYLE_ASSIGNMENT (( #6171 ) ) ;
#4738 = LINE ( 'NONE', #6077, #1687 ) ;
#4739 = EDGE_LOOP ( 'NONE', ( #2386, #5753, #3759, #4148 ) ) ;
#4740 = PRESENTATION_LAYER_ASSIGNMENT (  '', '', ( #3983 ) ) ;
#4741 = CARTESIAN_POINT ( 'NONE',  ( -1.590000000000000300, 11.70000000000000100, -4.860000000000000300 ) ) ;
#4742 =( LENGTH_UNIT ( ) NAMED_UNIT ( * ) SI_UNIT ( .MILLI., .METRE. ) );
#4743 = ORIENTED_EDGE ( 'NONE', *, *, #2299, .T. ) ;
#4744 = ORIENTED_EDGE ( 'NONE', *, *, #2527, .T. ) ;
#4745 = DIRECTION ( 'NONE',  ( 0.7071067811865486800, 0.0000000000000000000, 0.7071067811865464600 ) ) ;
#4746 = MECHANICAL_DESIGN_GEOMETRIC_PRESENTATION_REPRESENTATION (  '', ( #3604 ), #5148 ) ;
#4747 = EDGE_CURVE ( 'NONE', #7040, #7230, #7111, .T. ) ;
#4748 =( NAMED_UNIT ( * ) PLANE_ANGLE_UNIT ( ) SI_UNIT ( $, .RADIAN. ) );
#4749 = LINE ( 'NONE', #6936, #3231 ) ;
#4750 = VERTEX_POINT ( 'NONE', #7415 ) ;
#4751 = LINE ( 'NONE', #6318, #4583 ) ;
#4752 = DIRECTION ( 'NONE',  ( 0.7071067811865473500, 0.0000000000000000000, -0.7071067811865477900 ) ) ;
#4753 = FILL_AREA_STYLE ('',( #123 ) ) ;
#4754 = CARTESIAN_POINT ( 'NONE',  ( -2.540000000000000000, 1.700000000000000000, -3.443421052631578900 ) ) ;
#4755 = CARTESIAN_POINT ( 'NONE',  ( -1.590000000000000300, -2.799999999999999400, -12.92000000000000200 ) ) ;
#4756 = ORIENTED_EDGE ( 'NONE', *, *, #4661, .F. ) ;
#4757 = FILL_AREA_STYLE ('',( #734 ) ) ;
#4758 = CARTESIAN_POINT ( 'NONE',  ( 0.9499999999999999600, -2.799999999999999400, -0.2200000000000000000 ) ) ;
#4759 = COLOUR_RGB ( '',0.7960784313725489700, 0.8235294117647058400, 0.9372549019607843100 ) ;
#4760 = DIRECTION ( 'NONE',  ( -0.7071067811865489100, -0.0000000000000000000, 0.7071067811865462400 ) ) ;
#4761 = DIRECTION ( 'NONE',  ( 0.0000000000000000000, -0.0000000000000000000, -1.000000000000000000 ) ) ;
#4762 = VECTOR ( 'NONE', #2464, 1000.000000000000000 ) ;
#4763 = STYLED_ITEM ( 'NONE', ( #4141 ), #5607 ) ;
#4764 = ORIENTED_EDGE ( 'NONE', *, *, #7261, .F. ) ;
#4765 = EDGE_CURVE ( 'NONE', #5408, #4007, #5635, .T. ) ;
#4766 = AXIS2_PLACEMENT_3D ( 'NONE', #6587, #3264, #7236 ) ;
#4767 = ADVANCED_FACE ( 'NONE', ( #2581 ), #6296, .T. ) ;
#4768 = SURFACE_STYLE_USAGE ( .BOTH. , #741 ) ;
#4769 = CARTESIAN_POINT ( 'NONE',  ( 0.9499999999999999600, 11.70000000000000100, -2.760000000000000200 ) ) ;
#4770 =( GEOMETRIC_REPRESENTATION_CONTEXT ( 3 ) GLOBAL_UNCERTAINTY_ASSIGNED_CONTEXT ( ( #4677 ) ) GLOBAL_UNIT_ASSIGNED_CONTEXT ( ( #1891, #5898, #2481 ) ) REPRESENTATION_CONTEXT ( 'NONE', 'WORKASPACE' ) );
#4771 = ORIENTED_EDGE ( 'NONE', *, *, #949, .F. ) ;
#4772 = ORIENTED_EDGE ( 'NONE', *, *, #2628, .T. ) ;
#4773 = ORIENTED_EDGE ( 'NONE', *, *, #4999, .F. ) ;
#4774 = VECTOR ( 'NONE', #4055, 1000.000000000000000 ) ;
#4775 = UNCERTAINTY_MEASURE_WITH_UNIT (LENGTH_MEASURE( 1.000000000000000100E-005 ), #6714, 'distance_accuracy_value', 'NONE');
#4776 = FILL_AREA_STYLE_COLOUR ( '', #3520 ) ;
#4777 = FILL_AREA_STYLE ('',( #3631 ) ) ;
#4778 = STYLED_ITEM ( 'NONE', ( #1093 ), #259 ) ;
#4779 = CARTESIAN_POINT ( 'NONE',  ( -1.590000000000000300, 11.70000000000000100, -12.92000000000000200 ) ) ;
#4780 = DIRECTION ( 'NONE',  ( -1.000000000000000000, -0.0000000000000000000, -0.0000000000000000000 ) ) ;
#4781 = PRESENTATION_LAYER_ASSIGNMENT (  '', '', ( #4019 ) ) ;
#4782 = EDGE_CURVE ( 'NONE', #2301, #4681, #494, .T. ) ;
#4783 =( NAMED_UNIT ( * ) SI_UNIT ( $, .STERADIAN. ) SOLID_ANGLE_UNIT ( ) );
#4784 =( GEOMETRIC_REPRESENTATION_CONTEXT ( 3 ) GLOBAL_UNCERTAINTY_ASSIGNED_CONTEXT ( ( #5110 ) ) GLOBAL_UNIT_ASSIGNED_CONTEXT ( ( #4508, #1065, #5079 ) ) REPRESENTATION_CONTEXT ( 'NONE', 'WORKASPACE' ) );
#4785 = DIRECTION ( 'NONE',  ( 0.0000000000000000000, 1.000000000000000000, 0.0000000000000000000 ) ) ;
#4786 = ORIENTED_EDGE ( 'NONE', *, *, #4288, .T. ) ;
#4787 = PRESENTATION_LAYER_ASSIGNMENT (  '', '', ( #4027 ) ) ;
#4788 = VECTOR ( 'NONE', #5097, 1000.000000000000000 ) ;
#4789 = LINE ( 'NONE', #249, #366 ) ;
#4790 = ORIENTED_EDGE ( 'NONE', *, *, #1965, .F. ) ;
#4791 = DIRECTION ( 'NONE',  ( -1.000000000000000000, -0.0000000000000000000, -0.0000000000000000000 ) ) ;
#4792 = CARTESIAN_POINT ( 'NONE',  ( 1.590000000000000100, 11.70000000000000100, -2.760000000000000200 ) ) ;
#4793 = CARTESIAN_POINT ( 'NONE',  ( 1.490000000000000000, -2.799999999999999400, -0.3200000000000001200 ) ) ;
#4794 = MECHANICAL_DESIGN_GEOMETRIC_PRESENTATION_REPRESENTATION (  '', ( #4035 ), #5186 ) ;
#4795 = LINE ( 'NONE', #2055, #6654 ) ;
#4796 = PRESENTATION_STYLE_ASSIGNMENT (( #1266 ) ) ;
#4797 = SURFACE_SIDE_STYLE ('',( #4863 ) ) ;
#4798 = CARTESIAN_POINT ( 'NONE',  ( -0.9499999999999999600, 11.70000000000000100, -2.760000000000000200 ) ) ;
#4799 = FILL_AREA_STYLE_COLOUR ( '', #3173 ) ;
#4800 = LINE ( 'NONE', #6911, #6140 ) ;
#4801 = DIRECTION ( 'NONE',  ( -0.7071067811865464600, 0.0000000000000000000, 0.7071067811865486800 ) ) ;
#4802 = SURFACE_STYLE_USAGE ( .BOTH. , #777 ) ;
#4803 = EDGE_CURVE ( 'NONE', #5470, #4571, #4912, .T. ) ;
#4804 = DIRECTION ( 'NONE',  ( -0.7071067811865489100, -0.0000000000000000000, 0.7071067811865462400 ) ) ;
#4805 = DIRECTION ( 'NONE',  ( 0.0000000000000000000, -1.000000000000000000, 0.0000000000000000000 ) ) ;
#4806 = CARTESIAN_POINT ( 'NONE',  ( 0.0000000000000000000, -2.799999999999999400, -5.080000000000000100 ) ) ;
#4807 = VECTOR ( 'NONE', #6564, 1000.000000000000000 ) ;
#4808 = STYLED_ITEM ( 'NONE', ( #2489 ), #3148 ) ;
#4809 = ORIENTED_EDGE ( 'NONE', *, *, #831, .T. ) ;
#4810 = ORIENTED_EDGE ( 'NONE', *, *, #6164, .T. ) ;
#4811 =( NAMED_UNIT ( * ) SI_UNIT ( $, .STERADIAN. ) SOLID_ANGLE_UNIT ( ) );
#4812 =( LENGTH_UNIT ( ) NAMED_UNIT ( * ) SI_UNIT ( .MILLI., .METRE. ) );
#4813 = SURFACE_STYLE_FILL_AREA ( #3730 ) ;
#4814 = SURFACE_SIDE_STYLE ('',( #1043 ) ) ;
#4815 = SURFACE_STYLE_FILL_AREA ( #707 ) ;
#4816 = SURFACE_SIDE_STYLE ('',( #1243 ) ) ;
#4817 = EDGE_CURVE ( 'NONE', #3464, #5103, #3394, .T. ) ;
#4818 = FACE_OUTER_BOUND ( 'NONE', #6155, .T. ) ;
#4819 = SURFACE_STYLE_USAGE ( .BOTH. , #797 ) ;
#4820 = VERTEX_POINT ( 'NONE', #4067 ) ;
#4821 = SURFACE_STYLE_FILL_AREA ( #4573 ) ;
#4822 = CARTESIAN_POINT ( 'NONE',  ( 0.9499999999999999600, -2.799999999999999400, -12.92000000000000200 ) ) ;
#4823 = UNCERTAINTY_MEASURE_WITH_UNIT (LENGTH_MEASURE( 1.000000000000000100E-005 ), #1125, 'distance_accuracy_value', 'NONE');
#4824 = PRESENTATION_STYLE_ASSIGNMENT (( #6799 ) ) ;
#4825 =( NAMED_UNIT ( * ) SI_UNIT ( $, .STERADIAN. ) SOLID_ANGLE_UNIT ( ) );
#4826 = COLOUR_RGB ( '',0.7960784313725489700, 0.8235294117647058400, 0.9372549019607843100 ) ;
#4827 = ORIENTED_EDGE ( 'NONE', *, *, #3329, .T. ) ;
#4828 = LINE ( 'NONE', #5041, #4645 ) ;
#4829 = CARTESIAN_POINT ( 'NONE',  ( -1.590000000000000300, -2.799999999999999400, -9.940000000000001300 ) ) ;
#4830 = CARTESIAN_POINT ( 'NONE',  ( -1.050000000000000000, -2.799999999999999400, -13.02000000000000100 ) ) ;
#4831 = CARTESIAN_POINT ( 'NONE',  ( -1.590000000000000300, 11.70000000000000100, -7.839999999999999900 ) ) ;
#4832 = EDGE_CURVE ( 'NONE', #1907, #2416, #298, .T. ) ;
#4833 = SURFACE_STYLE_USAGE ( .BOTH. , #809 ) ;
#4834 = FILL_AREA_STYLE ('',( #5949 ) ) ;
#4835 = ORIENTED_EDGE ( 'NONE', *, *, #3279, .F. ) ;
#4836 = VECTOR ( 'NONE', #3721, 1000.000000000000000 ) ;
#4837 = FILL_AREA_STYLE_COLOUR ( '', #3502 ) ;
#4838 = EDGE_CURVE ( 'NONE', #6632, #6369, #4724, .T. ) ;
#4839 = ORIENTED_EDGE ( 'NONE', *, *, #1185, .F. ) ;
#4840 = STYLED_ITEM ( 'NONE', ( #5032 ), #4169 ) ;
#4841 =( NAMED_UNIT ( * ) SI_UNIT ( $, .STERADIAN. ) SOLID_ANGLE_UNIT ( ) );
#4842 = FILL_AREA_STYLE_COLOUR ( '', #5361 ) ;
#4843 = ORIENTED_EDGE ( 'NONE', *, *, #1485, .T. ) ;
#4844 = CARTESIAN_POINT ( 'NONE',  ( 0.9499999999999999600, -2.799999999999999400, -4.860000000000000300 ) ) ;
#4845 = ORIENTED_EDGE ( 'NONE', *, *, #2910, .T. ) ;
#4846 = VERTEX_POINT ( 'NONE', #4634 ) ;
#4847 = CARTESIAN_POINT ( 'NONE',  ( -0.9499999999999999600, 11.70000000000000100, -12.92000000000000200 ) ) ;
#4848 = SURFACE_STYLE_FILL_AREA ( #765 ) ;
#4849 = VERTEX_POINT ( 'NONE', #1778 ) ;
#4850 = EDGE_LOOP ( 'NONE', ( #4328, #5375, #5701, #356 ) ) ;
#4851 = PRESENTATION_LAYER_ASSIGNMENT (  '', '', ( #4476 ) ) ;
#4852 = EDGE_CURVE ( 'NONE', #2512, #3511, #3017, .T. ) ;
#4853 = DIRECTION ( 'NONE',  ( -1.000000000000000000, 0.0000000000000000000, 0.0000000000000000000 ) ) ;
#4854 =( LENGTH_UNIT ( ) NAMED_UNIT ( * ) SI_UNIT ( .MILLI., .METRE. ) );
#4855 = LINE ( 'NONE', #5504, #3342 ) ;
#4856 = EDGE_LOOP ( 'NONE', ( #542, #4164, #5819, #4153 ) ) ;
#4857 =( NAMED_UNIT ( * ) PLANE_ANGLE_UNIT ( ) SI_UNIT ( $, .RADIAN. ) );
#4858 = PLANE ( 'NONE',  #1196 ) ;
#4859 = STYLED_ITEM ( 'NONE', ( #6379 ), #2742 ) ;
#4860 = AXIS2_PLACEMENT_3D ( 'NONE', #5664, #2216, #6212 ) ;
#4861 = CARTESIAN_POINT ( 'NONE',  ( 0.9499999999999999600, -2.799999999999999400, -2.760000000000000200 ) ) ;
#4862 = DIRECTION ( 'NONE',  ( -0.0000000000000000000, 1.000000000000000000, 0.0000000000000000000 ) ) ;
#4863 = SURFACE_STYLE_FILL_AREA ( #771 ) ;
#4864 = MECHANICAL_DESIGN_GEOMETRIC_PRESENTATION_REPRESENTATION (  '', ( #3727 ), #5251 ) ;
#4865 = LINE ( 'NONE', #2455, #449 ) ;
#4866 = EDGE_LOOP ( 'NONE', ( #6499, #684, #6021, #4036 ) ) ;
#4867 = ORIENTED_EDGE ( 'NONE', *, *, #5329, .F. ) ;
#4868 =( NAMED_UNIT ( * ) PLANE_ANGLE_UNIT ( ) SI_UNIT ( $, .RADIAN. ) );
#4869 = SURFACE_SIDE_STYLE ('',( #3377 ) ) ;
#4870 = ORIENTED_EDGE ( 'NONE', *, *, #2605, .F. ) ;
#4871 = UNCERTAINTY_MEASURE_WITH_UNIT (LENGTH_MEASURE( 1.000000000000000100E-005 ), #6789, 'distance_accuracy_value', 'NONE');
#4872 = MECHANICAL_DESIGN_GEOMETRIC_PRESENTATION_REPRESENTATION (  '', ( #3733 ), #5256 ) ;
#4873 = UNCERTAINTY_MEASURE_WITH_UNIT (LENGTH_MEASURE( 1.000000000000000100E-005 ), #6822, 'distance_accuracy_value', 'NONE');
#4874 = DIRECTION ( 'NONE',  ( 0.0000000000000000000, 0.0000000000000000000, -1.000000000000000000 ) ) ;
#4875 = FILL_AREA_STYLE ('',( #245 ) ) ;
#4876 = DIRECTION ( 'NONE',  ( -0.7071067811865462400, 0.0000000000000000000, -0.7071067811865489100 ) ) ;
#4877 = MECHANICAL_DESIGN_GEOMETRIC_PRESENTATION_REPRESENTATION (  '', ( #3738 ), #5263 ) ;
#4878 = LINE ( 'NONE', #1487, #1814 ) ;
#4879 = ORIENTED_EDGE ( 'NONE', *, *, #6867, .T. ) ;
#4880 = CARTESIAN_POINT ( 'NONE',  ( 1.590000000000000100, -2.799999999999999400, -7.839999999999999900 ) ) ;
#4881 =( NAMED_UNIT ( * ) SI_UNIT ( $, .STERADIAN. ) SOLID_ANGLE_UNIT ( ) );
#4882 = SURFACE_STYLE_USAGE ( .BOTH. , #853 ) ;
#4883 = EDGE_CURVE ( 'NONE', #506, #3464, #6410, .T. ) ;
#4884 = DIRECTION ( 'NONE',  ( -0.7071067811865489100, -0.0000000000000000000, 0.7071067811865462400 ) ) ;
#4885 = ORIENTED_EDGE ( 'NONE', *, *, #4432, .F. ) ;
#4886 =( NAMED_UNIT ( * ) SI_UNIT ( $, .STERADIAN. ) SOLID_ANGLE_UNIT ( ) );
#4887 = LINE ( 'NONE', #5339, #3372 ) ;
#4888 = AXIS2_PLACEMENT_3D ( 'NONE', #2714, #6690, #3293 ) ;
#4889 = ADVANCED_FACE ( 'NONE', ( #7385 ), #3670, .T. ) ;
#4890 = DIRECTION ( 'NONE',  ( -1.000000000000000000, -0.0000000000000000000, -0.0000000000000000000 ) ) ;
#4891 = DIRECTION ( 'NONE',  ( 0.0000000000000000000, 1.000000000000000000, 0.0000000000000000000 ) ) ;
#4892 = PLANE ( 'NONE',  #2837 ) ;
#4893 = PRESENTATION_LAYER_ASSIGNMENT (  '', '', ( #4131 ) ) ;
#4894 = ORIENTED_EDGE ( 'NONE', *, *, #5234, .T. ) ;
#4895 = VERTEX_POINT ( 'NONE', #5936 ) ;
#4896 = EDGE_LOOP ( 'NONE', ( #4673, #3621, #1865, #79 ) ) ;
#4897 =( NAMED_UNIT ( * ) PLANE_ANGLE_UNIT ( ) SI_UNIT ( $, .RADIAN. ) );
#4898 = COLOUR_RGB ( '',0.7960784313725489700, 0.8235294117647058400, 0.9372549019607843100 ) ;
#4899 = DIRECTION ( 'NONE',  ( -0.0000000000000000000, -1.000000000000000000, -0.0000000000000000000 ) ) ;
#4900 =( NAMED_UNIT ( * ) PLANE_ANGLE_UNIT ( ) SI_UNIT ( $, .RADIAN. ) );
#4901 = DIRECTION ( 'NONE',  ( 0.7071067811865463500, -0.0000000000000000000, 0.7071067811865487900 ) ) ;
#4902 =( NAMED_UNIT ( * ) PLANE_ANGLE_UNIT ( ) SI_UNIT ( $, .RADIAN. ) );
#4903 = CARTESIAN_POINT ( 'NONE',  ( -1.590000000000000300, 11.70000000000000100, -12.92000000000000200 ) ) ;
#4904 = SURFACE_STYLE_FILL_AREA ( #5524 ) ;
#4905 = MECHANICAL_DESIGN_GEOMETRIC_PRESENTATION_REPRESENTATION (  '', ( #3762 ), #5299 ) ;
#4906 =( NAMED_UNIT ( * ) PLANE_ANGLE_UNIT ( ) SI_UNIT ( $, .RADIAN. ) );
#4907 = CARTESIAN_POINT ( 'NONE',  ( 2.140000000000001500, 0.0000000000000000000, -1.270000000000000000 ) ) ;
#4908 = VECTOR ( 'NONE', #1026, 1000.000000000000000 ) ;
#4909 = CARTESIAN_POINT ( 'NONE',  ( -1.050000000000000000, -2.799999999999999400, -4.760000000000000700 ) ) ;
#4910 = EDGE_CURVE ( 'NONE', #5702, #4478, #963, .T. ) ;
#4911 = PRESENTATION_LAYER_ASSIGNMENT (  '', '', ( #4147 ) ) ;
#4912 = LINE ( 'NONE', #2902, #1847 ) ;
#4913 = MECHANICAL_DESIGN_GEOMETRIC_PRESENTATION_REPRESENTATION (  '', ( #3772 ), #5311 ) ;
#4914 =( GEOMETRIC_REPRESENTATION_CONTEXT ( 3 ) GLOBAL_UNCERTAINTY_ASSIGNED_CONTEXT ( ( #6814 ) ) GLOBAL_UNIT_ASSIGNED_CONTEXT ( ( #1239, #5261, #1810 ) ) REPRESENTATION_CONTEXT ( 'NONE', 'WORKASPACE' ) );
#4915 = SURFACE_SIDE_STYLE ('',( #3988 ) ) ;
#4916 = VECTOR ( 'NONE', #1742, 1000.000000000000000 ) ;
#4917 = VECTOR ( 'NONE', #4884, 1000.000000000000000 ) ;
#4918 = ORIENTED_EDGE ( 'NONE', *, *, #5414, .T. ) ;
#4919 = ORIENTED_EDGE ( 'NONE', *, *, #7098, .F. ) ;
#4920 =( NAMED_UNIT ( * ) SI_UNIT ( $, .STERADIAN. ) SOLID_ANGLE_UNIT ( ) );
#4921 =( NAMED_UNIT ( * ) SI_UNIT ( $, .STERADIAN. ) SOLID_ANGLE_UNIT ( ) );
#4922 = DIRECTION ( 'NONE',  ( 0.7071067811865474600, 0.0000000000000000000, 0.7071067811865474600 ) ) ;
#4923 = SURFACE_STYLE_FILL_AREA ( #425 ) ;
#4924 = MANIFOLD_SOLID_BREP ( 'Boss-Extrude2[1]', #6467 ) ;
#4925 = MECHANICAL_DESIGN_GEOMETRIC_PRESENTATION_REPRESENTATION (  '', ( #3783 ), #5315 ) ;
#4926 = ORIENTED_EDGE ( 'NONE', *, *, #4929, .F. ) ;
#4927 = LINE ( 'NONE', #3472, #1859 ) ;
#4928 = ADVANCED_FACE ( 'NONE', ( #392 ), #3705, .F. ) ;
#4929 = EDGE_CURVE ( 'NONE', #3667, #7266, #2754, .T. ) ;
#4930 =( LENGTH_UNIT ( ) NAMED_UNIT ( * ) SI_UNIT ( .MILLI., .METRE. ) );
#4931 = DIRECTION ( 'NONE',  ( 0.0000000000000000000, 0.0000000000000000000, 1.000000000000000000 ) ) ;
#4932 = COLOUR_RGB ( '',0.0000000000000000000, 0.003921568627450980300, 0.09019607843137254800 ) ;
#4933 = MECHANICAL_DESIGN_GEOMETRIC_PRESENTATION_REPRESENTATION (  '', ( #3792 ), #5325 ) ;
#4934 = ORIENTED_EDGE ( 'NONE', *, *, #1710, .T. ) ;
#4935 = PRESENTATION_STYLE_ASSIGNMENT (( #7051 ) ) ;
#4936 =( LENGTH_UNIT ( ) NAMED_UNIT ( * ) SI_UNIT ( .MILLI., .METRE. ) );
#4937 = DIRECTION ( 'NONE',  ( -0.7071067811865475700, 0.0000000000000000000, 0.7071067811865475700 ) ) ;
#4938 = VERTEX_POINT ( 'NONE', #7134 ) ;
#4939 = DIRECTION ( 'NONE',  ( -0.7372346670543746800, -0.0000000000000000000, 0.6756367705307528800 ) ) ;
#4940 = CARTESIAN_POINT ( 'NONE',  ( 0.9499999999999999600, -2.799999999999999400, -2.760000000000000200 ) ) ;
#4941 = CARTESIAN_POINT ( 'NONE',  ( 2.140000000000000100, 1.700000000000000000, -1.270000000000000000 ) ) ;
#4942 = EDGE_CURVE ( 'NONE', #6341, #1749, #7103, .T. ) ;
#4943 = VECTOR ( 'NONE', #5816, 1000.000000000000000 ) ;
#4944 = EDGE_LOOP ( 'NONE', ( #2081, #7018, #2973, #593 ) ) ;
#4945 = VERTEX_POINT ( 'NONE', #4307 ) ;
#4946 = CARTESIAN_POINT ( 'NONE',  ( -1.590000000000000300, -2.799999999999999400, -10.38000000000000100 ) ) ;
#4947 = FACE_OUTER_BOUND ( 'NONE', #2509, .T. ) ;
#4948 = FILL_AREA_STYLE_COLOUR ( '', #3386 ) ;
#4949 = LINE ( 'NONE', #6449, #1713 ) ;
#4950 = VECTOR ( 'NONE', #4450, 1000.000000000000000 ) ;
#4951 = PLANE ( 'NONE',  #3891 ) ;
#4952 = FILL_AREA_STYLE ('',( #6620 ) ) ;
#4953 = ORIENTED_EDGE ( 'NONE', *, *, #228, .T. ) ;
#4954 = VECTOR ( 'NONE', #4326, 999.9999999999998900 ) ;
#4955 = PRESENTATION_STYLE_ASSIGNMENT (( #6014 ) ) ;
#4956 = ORIENTED_EDGE ( 'NONE', *, *, #6095, .F. ) ;
#4957 = CARTESIAN_POINT ( 'NONE',  ( -0.9499999999999999600, -2.799999999999999400, -2.319999999999999800 ) ) ;
#4958 = CARTESIAN_POINT ( 'NONE',  ( 0.9499999999999999600, 11.70000000000000100, -5.299999999999999800 ) ) ;
#4959 = VERTEX_POINT ( 'NONE', #3156 ) ;
#4960 = EDGE_CURVE ( 'NONE', #5846, #3143, #1221, .T. ) ;
#4961 = PLANE ( 'NONE',  #54 ) ;
#4962 = CARTESIAN_POINT ( 'NONE',  ( -0.9499999999999999600, -2.799999999999999400, -5.299999999999999800 ) ) ;
#4963 = PLANE ( 'NONE',  #1300 ) ;
#4964 = VECTOR ( 'NONE', #2872, 1000.000000000000000 ) ;
#4965 = SURFACE_SIDE_STYLE ('',( #1601 ) ) ;
#4966 =( NAMED_UNIT ( * ) PLANE_ANGLE_UNIT ( ) SI_UNIT ( $, .RADIAN. ) );
#4967 =( GEOMETRIC_REPRESENTATION_CONTEXT ( 3 ) GLOBAL_UNCERTAINTY_ASSIGNED_CONTEXT ( ( #5291 ) ) GLOBAL_UNIT_ASSIGNED_CONTEXT ( ( #1374, #5407, #1955 ) ) REPRESENTATION_CONTEXT ( 'NONE', 'WORKASPACE' ) );
#4968 = EDGE_LOOP ( 'NONE', ( #643, #6453, #2609, #5591 ) ) ;
#4969 = STYLED_ITEM ( 'NONE', ( #2410 ), #6184 ) ;
#4970 = ADVANCED_FACE ( 'NONE', ( #4101 ), #6030, .F. ) ;
#4971 = CARTESIAN_POINT ( 'NONE',  ( 1.590000000000000100, 11.70000000000000100, -5.300000000000000700 ) ) ;
#4972 = UNCERTAINTY_MEASURE_WITH_UNIT (LENGTH_MEASURE( 1.000000000000000100E-005 ), #4409, 'distance_accuracy_value', 'NONE');
#4973 =( LENGTH_UNIT ( ) NAMED_UNIT ( * ) SI_UNIT ( .MILLI., .METRE. ) );
#4974 = VERTEX_POINT ( 'NONE', #6589 ) ;
#4975 = DIRECTION ( 'NONE',  ( 0.7071067811865473500, -0.0000000000000000000, 0.7071067811865477900 ) ) ;
#4976 = CARTESIAN_POINT ( 'NONE',  ( -1.590000000000000300, 11.70000000000000100, -2.320000000000000300 ) ) ;
#4977 = DIRECTION ( 'NONE',  ( -0.0000000000000000000, -0.0000000000000000000, -1.000000000000000000 ) ) ;
#4978 = ORIENTED_EDGE ( 'NONE', *, *, #6439, .T. ) ;
#4979 = LINE ( 'NONE', #4524, #4788 ) ;
#4980 = EDGE_LOOP ( 'NONE', ( #4576, #169, #5769, #1878 ) ) ;
#4981 = CARTESIAN_POINT ( 'NONE',  ( 0.9499999999999999600, -2.799999999999999400, -0.2200000000000000000 ) ) ;
#4982 = CARTESIAN_POINT ( 'NONE',  ( -1.050000000000000000, 11.70000000000000100, -13.02000000000000100 ) ) ;
#4983 =( NAMED_UNIT ( * ) SI_UNIT ( $, .STERADIAN. ) SOLID_ANGLE_UNIT ( ) );
#4984 = VECTOR ( 'NONE', #4891, 1000.000000000000000 ) ;
#4986 = SURFACE_STYLE_USAGE ( .BOTH. , #5008 ) ;
#4985 =( GEOMETRIC_REPRESENTATION_CONTEXT ( 3 ) GLOBAL_UNCERTAINTY_ASSIGNED_CONTEXT ( ( #7405 ) ) GLOBAL_UNIT_ASSIGNED_CONTEXT ( ( #2656, #6645, #3245 ) ) REPRESENTATION_CONTEXT ( 'NONE', 'WORKASPACE' ) );
#4987 =( NAMED_UNIT ( * ) PLANE_ANGLE_UNIT ( ) SI_UNIT ( $, .RADIAN. ) );
#4988 = CARTESIAN_POINT ( 'NONE',  ( -0.9499999999999999600, -2.799999999999999400, -7.839999999999999900 ) ) ;
#4989 = EDGE_CURVE ( 'NONE', #703, #1400, #3561, .T. ) ;
#4990 = ORIENTED_EDGE ( 'NONE', *, *, #7351, .T. ) ;
#4991 =( GEOMETRIC_REPRESENTATION_CONTEXT ( 3 ) GLOBAL_UNCERTAINTY_ASSIGNED_CONTEXT ( ( #6941 ) ) GLOBAL_UNIT_ASSIGNED_CONTEXT ( ( #4116, #655, #4684 ) ) REPRESENTATION_CONTEXT ( 'NONE', 'WORKASPACE' ) );
#4992 = PRESENTATION_STYLE_ASSIGNMENT (( #2805 ) ) ;
#4993 = SURFACE_SIDE_STYLE ('',( #5625 ) ) ;
#4994 = EDGE_LOOP ( 'NONE', ( #3353, #2678, #1479, #1586 ) ) ;
#4995 = CARTESIAN_POINT ( 'NONE',  ( -2.539999999999999600, 1.700000000000000000, -11.86342105263158000 ) ) ;
#4996 = COLOUR_RGB ( '',0.7960784313725489700, 0.8235294117647058400, 0.9372549019607843100 ) ;
#4997 = SURFACE_STYLE_USAGE ( .BOTH. , #986 ) ;
#4998 =( NAMED_UNIT ( * ) SI_UNIT ( $, .STERADIAN. ) SOLID_ANGLE_UNIT ( ) );
#4999 = EDGE_CURVE ( 'NONE', #2152, #5146, #2022, .T. ) ;
#5000 = EDGE_LOOP ( 'NONE', ( #5674, #6347, #2988, #4610 ) ) ;
#5001 = ADVANCED_FACE ( 'NONE', ( #1842 ), #930, .T. ) ;
#5002 = FILL_AREA_STYLE_COLOUR ( '', #7333 ) ;
#5003 = VECTOR ( 'NONE', #6381, 1000.000000000000000 ) ;
#5004 = DIRECTION ( 'NONE',  ( 1.000000000000000000, 0.0000000000000000000, 1.232047923278982200E-016 ) ) ;
#5005 = PRESENTATION_STYLE_ASSIGNMENT (( #5514 ) ) ;
#5006 = LINE ( 'NONE', #6289, #2126 ) ;
#5007 = CARTESIAN_POINT ( 'NONE',  ( 2.140000000000001500, 0.0000000000000000000, -6.349999999999999600 ) ) ;
#5008 = SURFACE_SIDE_STYLE ('',( #7153 ) ) ;
#5009 = LINE ( 'NONE', #2694, #3477 ) ;
#5010 = PRESENTATION_LAYER_ASSIGNMENT (  '', '', ( #4231 ) ) ;
#5011 = ORIENTED_EDGE ( 'NONE', *, *, #1165, .F. ) ;
#5012 = UNCERTAINTY_MEASURE_WITH_UNIT (LENGTH_MEASURE( 1.000000000000000100E-005 ), #6590, 'distance_accuracy_value', 'NONE');
#5013 = CARTESIAN_POINT ( 'NONE',  ( -1.590000000000000300, -2.799999999999999400, -2.760000000000000200 ) ) ;
#5014 =( LENGTH_UNIT ( ) NAMED_UNIT ( * ) SI_UNIT ( .MILLI., .METRE. ) );
#5015 = LINE ( 'NONE', #2806, #590 ) ;
#5016 = ORIENTED_EDGE ( 'NONE', *, *, #3490, .F. ) ;
#5017 = VECTOR ( 'NONE', #5942, 1000.000000000000000 ) ;
#5018 = FILL_AREA_STYLE_COLOUR ( '', #4736 ) ;
#5019 = CARTESIAN_POINT ( 'NONE',  ( 0.9499999999999999600, 11.70000000000000100, 0.2200000000000000600 ) ) ;
#5020 = PRESENTATION_LAYER_ASSIGNMENT (  '', '', ( #4236 ) ) ;
#5021 = PRESENTATION_STYLE_ASSIGNMENT (( #258 ) ) ;
#5022 = ORIENTED_EDGE ( 'NONE', *, *, #6962, .T. ) ;
#5023 = CARTESIAN_POINT ( 'NONE',  ( -1.050000000000000000, 11.70000000000000100, -9.840000000000001600 ) ) ;
#5024 = COLOUR_RGB ( '',0.7960784313725489700, 0.8235294117647058400, 0.9372549019607843100 ) ;
#5025 = PRESENTATION_LAYER_ASSIGNMENT (  '', '', ( #4241 ) ) ;
#5026 = EDGE_LOOP ( 'NONE', ( #2803, #3484, #7358, #625 ) ) ;
#5027 =( GEOMETRIC_REPRESENTATION_CONTEXT ( 3 ) GLOBAL_UNCERTAINTY_ASSIGNED_CONTEXT ( ( #5862 ) ) GLOBAL_UNIT_ASSIGNED_CONTEXT ( ( #4428, #987, #4998 ) ) REPRESENTATION_CONTEXT ( 'NONE', 'WORKASPACE' ) );
#5028 = ORIENTED_EDGE ( 'NONE', *, *, #3606, .T. ) ;
#5029 = VECTOR ( 'NONE', #5417, 1000.000000000000000 ) ;
#5030 = EDGE_CURVE ( 'NONE', #6181, #420, #4362, .T. ) ;
#5031 = DIRECTION ( 'NONE',  ( 0.7071067811865486800, 0.0000000000000000000, -0.7071067811865463500 ) ) ;
#5032 = PRESENTATION_STYLE_ASSIGNMENT (( #1190 ) ) ;
#5034 = FILL_AREA_STYLE ('',( #5896 ) ) ;
#5033 = PRESENTATION_STYLE_ASSIGNMENT (( #4003 ) ) ;
#5035 = ORIENTED_EDGE ( 'NONE', *, *, #1068, .T. ) ;
#5036 = ORIENTED_EDGE ( 'NONE', *, *, #5609, .F. ) ;
#5037 = COLOUR_RGB ( '',0.7960784313725489700, 0.8235294117647058400, 0.9372549019607843100 ) ;
#5038 =( GEOMETRIC_REPRESENTATION_CONTEXT ( 3 ) GLOBAL_UNCERTAINTY_ASSIGNED_CONTEXT ( ( #5424 ) ) GLOBAL_UNIT_ASSIGNED_CONTEXT ( ( #1980, #5978, #2560 ) ) REPRESENTATION_CONTEXT ( 'NONE', 'WORKASPACE' ) );
#5039 = VERTEX_POINT ( 'NONE', #6112 ) ;
#5040 = CARTESIAN_POINT ( 'NONE',  ( -1.050000000000000000, 11.70000000000000100, -7.940000000000001300 ) ) ;
#5041 = CARTESIAN_POINT ( 'NONE',  ( 0.9499999999999999600, -2.799999999999999400, -7.400000000000000400 ) ) ;
#5042 = EDGE_LOOP ( 'NONE', ( #2891, #1927, #7062, #6585 ) ) ;
#5043 = ADVANCED_FACE ( 'NONE', ( #7201 ), #2106, .F. ) ;
#5044 = VECTOR ( 'NONE', #2026, 1000.000000000000000 ) ;
#5045 = CARTESIAN_POINT ( 'NONE',  ( -2.540000000000000000, 1.700000000000000000, -0.9034210526315790100 ) ) ;
#5046 =( LENGTH_UNIT ( ) NAMED_UNIT ( * ) SI_UNIT ( .MILLI., .METRE. ) );
#5047 = CARTESIAN_POINT ( 'NONE',  ( 2.140000000000001500, 1.700000000000000000, -8.890000000000000600 ) ) ;
#5048 = EDGE_LOOP ( 'NONE', ( #6430, #379, #6985, #3788 ) ) ;
#5049 = STYLED_ITEM ( 'NONE', ( #3868 ), #936 ) ;
#5050 = FILL_AREA_STYLE_COLOUR ( '', #5787 ) ;
#5051 = DIRECTION ( 'NONE',  ( -0.6782059721786390900, 0.0000000000000000000, -0.7348718659067219300 ) ) ;
#5052 = DIRECTION ( 'NONE',  ( 0.7071067811865474600, 0.0000000000000000000, 0.7071067811865474600 ) ) ;
#5053 = DIRECTION ( 'NONE',  ( 0.0000000000000000000, 1.000000000000000000, 0.0000000000000000000 ) ) ;
#5054 = VERTEX_POINT ( 'NONE', #983 ) ;
#5055 = ORIENTED_EDGE ( 'NONE', *, *, #6207, .F. ) ;
#5056 = PRESENTATION_LAYER_ASSIGNMENT (  '', '', ( #6958 ) ) ;
#5057 =( NAMED_UNIT ( * ) PLANE_ANGLE_UNIT ( ) SI_UNIT ( $, .RADIAN. ) );
#5058 = EDGE_CURVE ( 'NONE', #4296, #5204, #2835, .T. ) ;
#5059 = EDGE_CURVE ( 'NONE', #3619, #16, #5177, .T. ) ;
#5060 = AXIS2_PLACEMENT_3D ( 'NONE', #5843, #2414, #6393 ) ;
#5061 = CARTESIAN_POINT ( 'NONE',  ( 1.590000000000000100, 11.70000000000000100, -0.2200000000000001400 ) ) ;
#5062 = PLANE ( 'NONE',  #6382 ) ;
#5063 = CARTESIAN_POINT ( 'NONE',  ( -1.590000000000000300, -2.799999999999999400, -4.860000000000000300 ) ) ;
#5064 = CARTESIAN_POINT ( 'NONE',  ( 1.590000000000000100, -2.799999999999999400, -10.38000000000000100 ) ) ;
#5065 = PRESENTATION_LAYER_ASSIGNMENT (  '', '', ( #4278 ) ) ;
#5066 = MECHANICAL_DESIGN_GEOMETRIC_PRESENTATION_REPRESENTATION (  '', ( #4279 ), #5444 ) ;
#5067 = UNCERTAINTY_MEASURE_WITH_UNIT (LENGTH_MEASURE( 1.000000000000000100E-005 ), #3799, 'distance_accuracy_value', 'NONE');
#5068 = ORIENTED_EDGE ( 'NONE', *, *, #5080, .T. ) ;
#5069 = FILL_AREA_STYLE_COLOUR ( '', #3645 ) ;
#5070 = FILL_AREA_STYLE_COLOUR ( '', #7219 ) ;
#5071 = SURFACE_SIDE_STYLE ('',( #4577 ) ) ;
#5072 = EDGE_CURVE ( 'NONE', #5136, #5225, #6667, .T. ) ;
#5073 =( LENGTH_UNIT ( ) NAMED_UNIT ( * ) SI_UNIT ( .MILLI., .METRE. ) );
#5074 = VECTOR ( 'NONE', #5358, 1000.000000000000000 ) ;
#5075 = CARTESIAN_POINT ( 'NONE',  ( 1.050000000000000000, -2.799999999999999400, -2.860000000000000300 ) ) ;
#5076 = CARTESIAN_POINT ( 'NONE',  ( -1.590000000000000300, -2.799999999999999400, -2.760000000000000200 ) ) ;
#5077 = PRESENTATION_LAYER_ASSIGNMENT (  '', '', ( #4682 ) ) ;
#5078 = ADVANCED_FACE ( 'NONE', ( #2116 ), #5600, .F. ) ;
#5079 =( NAMED_UNIT ( * ) SI_UNIT ( $, .STERADIAN. ) SOLID_ANGLE_UNIT ( ) );
#5080 = EDGE_CURVE ( 'NONE', #6844, #3615, #2917, .T. ) ;
#5081 = EDGE_LOOP ( 'NONE', ( #4733, #5243, #1998, #876, #6088, #2445, #6805, #1113 ) ) ;
#5082 = AXIS2_PLACEMENT_3D ( 'NONE', #6314, #2901, #6885 ) ;
#5083 = PRESENTATION_STYLE_ASSIGNMENT (( #2732 ) ) ;
#5084 = PLANE ( 'NONE',  #1261 ) ;
#5085 =( NAMED_UNIT ( * ) SI_UNIT ( $, .STERADIAN. ) SOLID_ANGLE_UNIT ( ) );
#5086 = CARTESIAN_POINT ( 'NONE',  ( 2.140000000000001500, 1.700000000000000000, 1.270000000000000000 ) ) ;
#5087 = EDGE_CURVE ( 'NONE', #444, #5861, #4459, .T. ) ;
#5088 = MECHANICAL_DESIGN_GEOMETRIC_PRESENTATION_REPRESENTATION (  '', ( #3944 ), #5477 ) ;
#5089 = VECTOR ( 'NONE', #316, 1000.000000000000000 ) ;
#5090 = DIRECTION ( 'NONE',  ( -0.7071067811865477900, 0.0000000000000000000, -0.7071067811865473500 ) ) ;
#5091 = LINE ( 'NONE', #2500, #6573 ) ;
#5092 = DIRECTION ( 'NONE',  ( -0.7071067811865462400, 0.0000000000000000000, -0.7071067811865489100 ) ) ;
#5093 = PLANE ( 'NONE',  #6308 ) ;
#5094 = VECTOR ( 'NONE', #1568, 1000.000000000000000 ) ;
#5095 = VECTOR ( 'NONE', #3634, 1000.000000000000000 ) ;
#5096 = DIRECTION ( 'NONE',  ( 0.0000000000000000000, 1.000000000000000000, 0.0000000000000000000 ) ) ;
#5097 = DIRECTION ( 'NONE',  ( 1.000000000000000000, 0.0000000000000000000, 0.0000000000000000000 ) ) ;
#5098 = FILL_AREA_STYLE_COLOUR ( '', #770 ) ;
#5099 =( GEOMETRIC_REPRESENTATION_CONTEXT ( 3 ) GLOBAL_UNCERTAINTY_ASSIGNED_CONTEXT ( ( #2389 ) ) GLOBAL_UNIT_ASSIGNED_CONTEXT ( ( #390, #4436, #1007 ) ) REPRESENTATION_CONTEXT ( 'NONE', 'WORKASPACE' ) );
#5100 = SURFACE_STYLE_FILL_AREA ( #5192 ) ;
#5101 = PRESENTATION_STYLE_ASSIGNMENT (( #3471 ) ) ;
#5102 = LINE ( 'NONE', #4831, #6584 ) ;
#5103 = VERTEX_POINT ( 'NONE', #1604 ) ;
#5104 = PRESENTATION_STYLE_ASSIGNMENT (( #4323 ) ) ;
#5105 = CARTESIAN_POINT ( 'NONE',  ( 1.590000000000000100, 11.70000000000000100, -12.48000000000000200 ) ) ;
#5106 = UNCERTAINTY_MEASURE_WITH_UNIT (LENGTH_MEASURE( 1.000000000000000100E-005 ), #7030, 'distance_accuracy_value', 'NONE');
#5107 =( GEOMETRIC_REPRESENTATION_CONTEXT ( 3 ) GLOBAL_UNCERTAINTY_ASSIGNED_CONTEXT ( ( #965 ) ) GLOBAL_UNIT_ASSIGNED_CONTEXT ( ( #4973, #1531, #5544 ) ) REPRESENTATION_CONTEXT ( 'NONE', 'WORKASPACE' ) );
#5108 = MECHANICAL_DESIGN_GEOMETRIC_PRESENTATION_REPRESENTATION (  '', ( #3962 ), #5493 ) ;
#5109 = CLOSED_SHELL ( 'NONE', ( #6661, #936, #6980, #1759, #6217, #979, #4889, #5813, #6729, #5335 ) ) ;
#5110 = UNCERTAINTY_MEASURE_WITH_UNIT (LENGTH_MEASURE( 1.000000000000000100E-005 ), #4508, 'distance_accuracy_value', 'NONE');
#5111 = VECTOR ( 'NONE', #5516, 1000.000000000000000 ) ;
#5112 = DIRECTION ( 'NONE',  ( -0.0000000000000000000, -1.000000000000000000, -0.0000000000000000000 ) ) ;
#5113 = DIRECTION ( 'NONE',  ( 0.0000000000000000000, 0.0000000000000000000, 1.000000000000000000 ) ) ;
#5114 = VECTOR ( 'NONE', #1981, 1000.000000000000100 ) ;
#5115 = ORIENTED_EDGE ( 'NONE', *, *, #7292, .T. ) ;
#5116 = SURFACE_STYLE_FILL_AREA ( #6480 ) ;
#5117 = ADVANCED_FACE ( 'NONE', ( #1 ), #3928, .T. ) ;
#5118 = EDGE_LOOP ( 'NONE', ( #2441, #1480, #4058, #2037 ) ) ;
#5119 = FACE_OUTER_BOUND ( 'NONE', #2616, .T. ) ;
#5120 = DIRECTION ( 'NONE',  ( 1.000000000000000000, 0.0000000000000000000, 1.232047923278982200E-016 ) ) ;
#5121 = SURFACE_SIDE_STYLE ('',( #2133 ) ) ;
#5122 = VECTOR ( 'NONE', #3523, 1000.000000000000000 ) ;
#5123 = VERTEX_POINT ( 'NONE', #7308 ) ;
#5124 = DIRECTION ( 'NONE',  ( -0.6782059721786390900, 0.0000000000000000000, -0.7348718659067219300 ) ) ;
#5125 = ORIENTED_EDGE ( 'NONE', *, *, #2267, .T. ) ;
#5126 = CARTESIAN_POINT ( 'NONE',  ( 0.9499999999999999600, -2.799999999999999400, -7.839999999999999900 ) ) ;
#5127 =( NAMED_UNIT ( * ) SI_UNIT ( $, .STERADIAN. ) SOLID_ANGLE_UNIT ( ) );
#5128 = CARTESIAN_POINT ( 'NONE',  ( 1.050000000000000000, 11.70000000000000100, -12.38000000000000300 ) ) ;
#5129 = ORIENTED_EDGE ( 'NONE', *, *, #7341, .T. ) ;
#5130 = EDGE_LOOP ( 'NONE', ( #2747, #1544, #3942, #4934 ) ) ;
#5131 = FACE_OUTER_BOUND ( 'NONE', #3596, .T. ) ;
#5132 = MECHANICAL_DESIGN_GEOMETRIC_PRESENTATION_REPRESENTATION (  '', ( #3979 ), #5508 ) ;
#5133 = AXIS2_PLACEMENT_3D ( 'NONE', #5956, #2534, #6515 ) ;
#5134 = LINE ( 'NONE', #4397, #528 ) ;
#5135 = PLANE ( 'NONE',  #5589 ) ;
#5136 = VERTEX_POINT ( 'NONE', #479 ) ;
#5137 = VECTOR ( 'NONE', #4434, 1000.000000000000000 ) ;
#5138 = MECHANICAL_DESIGN_GEOMETRIC_PRESENTATION_REPRESENTATION (  '', ( #3983 ), #5520 ) ;
#5139 = SURFACE_STYLE_FILL_AREA ( #4875 ) ;
#5140 = DIRECTION ( 'NONE',  ( 0.7071067811865487900, 0.0000000000000000000, -0.7071067811865463500 ) ) ;
#5141 =( NAMED_UNIT ( * ) PLANE_ANGLE_UNIT ( ) SI_UNIT ( $, .RADIAN. ) );
#5142 = FACE_OUTER_BOUND ( 'NONE', #1117, .T. ) ;
#5143 = ORIENTED_EDGE ( 'NONE', *, *, #778, .T. ) ;
#5144 = ORIENTED_EDGE ( 'NONE', *, *, #2148, .F. ) ;
#5145 = DIRECTION ( 'NONE',  ( -0.7071067811865462400, 0.0000000000000000000, -0.7071067811865489100 ) ) ;
#5146 = VERTEX_POINT ( 'NONE', #7342 ) ;
#5147 = CARTESIAN_POINT ( 'NONE',  ( 1.490000000000000000, -2.799999999999999400, -9.840000000000001600 ) ) ;
#5148 =( GEOMETRIC_REPRESENTATION_CONTEXT ( 3 ) GLOBAL_UNCERTAINTY_ASSIGNED_CONTEXT ( ( #816 ) ) GLOBAL_UNIT_ASSIGNED_CONTEXT ( ( #1904, #5920, #2497 ) ) REPRESENTATION_CONTEXT ( 'NONE', 'WORKASPACE' ) );
#5149 = EDGE_CURVE ( 'NONE', #4571, #6724, #6745, .T. ) ;
#5150 = SURFACE_STYLE_USAGE ( .BOTH. , #1130 ) ;
#5151 = SURFACE_SIDE_STYLE ('',( #2729 ) ) ;
#5152 = SURFACE_STYLE_USAGE ( .BOTH. , #1132 ) ;
#5153 =( NAMED_UNIT ( * ) SI_UNIT ( $, .STERADIAN. ) SOLID_ANGLE_UNIT ( ) );
#5154 = VERTEX_POINT ( 'NONE', #3346 ) ;
#5155 = LINE ( 'NONE', #4657, #6643 ) ;
#5156 = ADVANCED_FACE ( 'NONE', ( #3746 ), #1083, .F. ) ;
#5157 = AXIS2_PLACEMENT_3D ( 'NONE', #3248, #7218, #3834 ) ;
#5158 = EDGE_CURVE ( 'NONE', #6716, #882, #91, .T. ) ;
#5159 = UNCERTAINTY_MEASURE_WITH_UNIT (LENGTH_MEASURE( 1.000000000000000100E-005 ), #3795, 'distance_accuracy_value', 'NONE');
#5160 = PRODUCT_DEFINITION ( 'UNKNOWN', '', #5542, #3574 ) ;
#5161 = VERTEX_POINT ( 'NONE', #5688 ) ;
#5162 = PLANE ( 'NONE',  #5863 ) ;
#5163 = SURFACE_STYLE_USAGE ( .BOTH. , #1142 ) ;
#5164 = STYLED_ITEM ( 'NONE', ( #2462 ), #2630 ) ;
#5165 = STYLED_ITEM ( 'NONE', ( #1773 ), #6257 ) ;
#5166 = VECTOR ( 'NONE', #5481, 1000.000000000000000 ) ;
#5167 = CARTESIAN_POINT ( 'NONE',  ( -2.539999999999999600, 1.700000000000000000, 0.8365789473684214200 ) ) ;
#5168 = CARTESIAN_POINT ( 'NONE',  ( 1.050000000000000000, -2.799999999999999400, -7.299999999999999800 ) ) ;
#5169 = AXIS2_PLACEMENT_3D ( 'NONE', #7017, #6994, #6701 ) ;
#5170 = ORIENTED_EDGE ( 'NONE', *, *, #3765, .F. ) ;
#5171 = DIRECTION ( 'NONE',  ( -0.7071067811865469100, -0.0000000000000000000, 0.7071067811865482400 ) ) ;
#5172 = CARTESIAN_POINT ( 'NONE',  ( -2.540000000000000000, 0.0000000000000000000, -8.523421052631579900 ) ) ;
#5173 = MECHANICAL_DESIGN_GEOMETRIC_PRESENTATION_REPRESENTATION (  '', ( #4019 ), #5554 ) ;
#5174 = EDGE_CURVE ( 'NONE', #5039, #3667, #3185, .T. ) ;
#5175 = STYLED_ITEM ( 'NONE', ( #5033 ), #7140 ) ;
#5176 = ORIENTED_EDGE ( 'NONE', *, *, #517, .F. ) ;
#5177 = LINE ( 'NONE', #7267, #758 ) ;
#5178 = MECHANICAL_DESIGN_GEOMETRIC_PRESENTATION_REPRESENTATION (  '', ( #4027 ), #5563 ) ;
#5179 = LINE ( 'NONE', #5988, #760 ) ;
#5180 = DIRECTION ( 'NONE',  ( 0.0000000000000000000, 1.000000000000000000, 0.0000000000000000000 ) ) ;
#5181 = SURFACE_STYLE_USAGE ( .BOTH. , #1164 ) ;
#5182 = ORIENTED_EDGE ( 'NONE', *, *, #2769, .F. ) ;
#5183 = ORIENTED_EDGE ( 'NONE', *, *, #3378, .F. ) ;
#5184 =( NAMED_UNIT ( * ) SI_UNIT ( $, .STERADIAN. ) SOLID_ANGLE_UNIT ( ) );
#5185 =( NAMED_UNIT ( * ) SI_UNIT ( $, .STERADIAN. ) SOLID_ANGLE_UNIT ( ) );
#5186 =( GEOMETRIC_REPRESENTATION_CONTEXT ( 3 ) GLOBAL_UNCERTAINTY_ASSIGNED_CONTEXT ( ( #6681 ) ) GLOBAL_UNIT_ASSIGNED_CONTEXT ( ( #6220, #2807, #6781 ) ) REPRESENTATION_CONTEXT ( 'NONE', 'WORKASPACE' ) );
#5187 = VECTOR ( 'NONE', #304, 1000.000000000000000 ) ;
#5188 = LINE ( 'NONE', #5619, #3475 ) ;
#5189 = LINE ( 'NONE', #4982, #6677 ) ;
#5190 = ADVANCED_FACE ( 'NONE', ( #1481 ), #2260, .T. ) ;
#5191 = CARTESIAN_POINT ( 'NONE',  ( 0.9499999999999999600, -2.799999999999999400, -5.299999999999999800 ) ) ;
#5192 = FILL_AREA_STYLE ('',( #6852 ) ) ;
#5193 =( LENGTH_UNIT ( ) NAMED_UNIT ( * ) SI_UNIT ( .MILLI., .METRE. ) );
#5194 = VERTEX_POINT ( 'NONE', #3995 ) ;
#5195 = CARTESIAN_POINT ( 'NONE',  ( 2.140000000000000100, 1.700000000000000000, -3.810000000000000100 ) ) ;
#5196 = DIRECTION ( 'NONE',  ( -0.7071067811865482400, 0.0000000000000000000, -0.7071067811865469100 ) ) ;
#5197 = VECTOR ( 'NONE', #1356, 1000.000000000000000 ) ;
#5198 = UNCERTAINTY_MEASURE_WITH_UNIT (LENGTH_MEASURE( 1.000000000000000100E-005 ), #5319, 'distance_accuracy_value', 'NONE');
#5199 = EDGE_CURVE ( 'NONE', #3978, #5553, #2476, .T. ) ;
#5200 = FACE_OUTER_BOUND ( 'NONE', #1450, .T. ) ;
#5201 = SURFACE_STYLE_FILL_AREA ( #7124 ) ;
#5202 = STYLED_ITEM ( 'NONE', ( #1617 ), #7181 ) ;
#5203 = DIRECTION ( 'NONE',  ( 0.0000000000000000000, 1.000000000000000000, 0.0000000000000000000 ) ) ;
#5204 = VERTEX_POINT ( 'NONE', #4018 ) ;
#5205 =( LENGTH_UNIT ( ) NAMED_UNIT ( * ) SI_UNIT ( .MILLI., .METRE. ) );
#5206 = AXIS2_PLACEMENT_3D ( 'NONE', #3479, #7454, #4063 ) ;
#5207 = STYLED_ITEM ( 'NONE', ( #5083 ), #2206 ) ;
#5208 = ORIENTED_EDGE ( 'NONE', *, *, #7424, .T. ) ;
#5209 = VECTOR ( 'NONE', #2952, 1000.000000000000100 ) ;
#5210 = ORIENTED_EDGE ( 'NONE', *, *, #1967, .F. ) ;
#5211 = CARTESIAN_POINT ( 'NONE',  ( -1.050000000000000000, 11.70000000000000100, -2.220000000000000200 ) ) ;
#5212 = FACE_OUTER_BOUND ( 'NONE', #6091, .T. ) ;
#5213 = DIRECTION ( 'NONE',  ( 1.000000000000000000, 0.0000000000000000000, -2.492418787322998300E-016 ) ) ;
#5214 = EDGE_CURVE ( 'NONE', #6344, #6791, #952, .T. ) ;
#5215 = SURFACE_STYLE_FILL_AREA ( #3428 ) ;
#5216 = LINE ( 'NONE', #6759, #798 ) ;
#5217 = SURFACE_SIDE_STYLE ('',( #6039 ) ) ;
#5218 = CARTESIAN_POINT ( 'NONE',  ( -2.539999999999999600, 1.700000000000000000, -11.86342105263158000 ) ) ;
#5219 = ORIENTED_EDGE ( 'NONE', *, *, #5945, .F. ) ;
#5220 = SURFACE_STYLE_FILL_AREA ( #1025 ) ;
#5221 = SURFACE_SIDE_STYLE ('',( #4337 ) ) ;
#5222 = CARTESIAN_POINT ( 'NONE',  ( 2.140000000000000100, 0.0000000000000000000, -1.270000000000000000 ) ) ;
#5223 = PRESENTATION_STYLE_ASSIGNMENT (( #7223 ) ) ;
#5224 = SURFACE_STYLE_USAGE ( .BOTH. , #1204 ) ;
#5225 = VERTEX_POINT ( 'NONE', #7411 ) ;
#5226 = ORIENTED_EDGE ( 'NONE', *, *, #5656, .F. ) ;
#5227 = EDGE_CURVE ( 'NONE', #5568, #113, #2288, .T. ) ;
#5228 = STYLED_ITEM ( 'NONE', ( #6563 ), #5156 ) ;
#5229 = CARTESIAN_POINT ( 'NONE',  ( -1.590000000000000300, -2.799999999999999400, -2.320000000000000300 ) ) ;
#5230 = ADVANCED_FACE ( 'NONE', ( #5347 ), #6292, .F. ) ;
#5231 =( LENGTH_UNIT ( ) NAMED_UNIT ( * ) SI_UNIT ( .MILLI., .METRE. ) );
#5232 = CARTESIAN_POINT ( 'NONE',  ( -1.590000000000000300, -2.799999999999999400, -9.940000000000001300 ) ) ;
#5233 = ORIENTED_EDGE ( 'NONE', *, *, #7167, .T. ) ;
#5234 = EDGE_CURVE ( 'NONE', #2899, #550, #187, .T. ) ;
#5235 = PRESENTATION_LAYER_ASSIGNMENT (  '', '', ( #4840 ) ) ;
#5236 =( NAMED_UNIT ( * ) PLANE_ANGLE_UNIT ( ) SI_UNIT ( $, .RADIAN. ) );
#5237 = DIRECTION ( 'NONE',  ( 2.492418787322998300E-016, 0.0000000000000000000, 1.000000000000000000 ) ) ;
#5238 = SURFACE_STYLE_FILL_AREA ( #3381 ) ;
#5239 = DIRECTION ( 'NONE',  ( 1.000000000000000000, 0.0000000000000000000, 0.0000000000000000000 ) ) ;
#5240 = UNCERTAINTY_MEASURE_WITH_UNIT (LENGTH_MEASURE( 1.000000000000000100E-005 ), #3663, 'distance_accuracy_value', 'NONE');
#5241 = CARTESIAN_POINT ( 'NONE',  ( -1.490000000000000000, -2.799999999999999400, -5.400000000000000400 ) ) ;
#5242 = MECHANICAL_DESIGN_GEOMETRIC_PRESENTATION_REPRESENTATION (  '', ( #4476 ), #5626 ) ;
#5243 = ORIENTED_EDGE ( 'NONE', *, *, #4269, .F. ) ;
#5244 = EDGE_CURVE ( 'NONE', #7055, #2690, #1751, .T. ) ;
#5245 = DIRECTION ( 'NONE',  ( 0.0000000000000000000, 0.0000000000000000000, -1.000000000000000000 ) ) ;
#5246 = DIRECTION ( 'NONE',  ( -0.0000000000000000000, -1.000000000000000000, -0.0000000000000000000 ) ) ;
#5247 = VERTEX_POINT ( 'NONE', #607 ) ;
#5248 = AXIS2_PLACEMENT_3D ( 'NONE', #327, #4377, #942 ) ;
#5249 = PRESENTATION_LAYER_ASSIGNMENT (  '', '', ( #4483 ) ) ;
#5250 = PLANE ( 'NONE',  #3899 ) ;
#5251 =( GEOMETRIC_REPRESENTATION_CONTEXT ( 3 ) GLOBAL_UNCERTAINTY_ASSIGNED_CONTEXT ( ( #1786 ) ) GLOBAL_UNIT_ASSIGNED_CONTEXT ( ( #1779, #5782, #2359 ) ) REPRESENTATION_CONTEXT ( 'NONE', 'WORKASPACE' ) );
#5252 = CARTESIAN_POINT ( 'NONE',  ( 1.590000000000000100, -2.799999999999999400, -12.48000000000000200 ) ) ;
#5253 = DIRECTION ( 'NONE',  ( -0.0000000000000000000, -1.000000000000000000, -0.0000000000000000000 ) ) ;
#5254 = COLOUR_RGB ( '',0.7960784313725489700, 0.8235294117647058400, 0.9372549019607843100 ) ;
#5255 = CARTESIAN_POINT ( 'NONE',  ( -0.9499999999999999600, -2.799999999999999400, -2.319999999999999800 ) ) ;
#5256 =( GEOMETRIC_REPRESENTATION_CONTEXT ( 3 ) GLOBAL_UNCERTAINTY_ASSIGNED_CONTEXT ( ( #40 ) ) GLOBAL_UNIT_ASSIGNED_CONTEXT ( ( #6748, #3360, #7327 ) ) REPRESENTATION_CONTEXT ( 'NONE', 'WORKASPACE' ) );
#5257 = ORIENTED_EDGE ( 'NONE', *, *, #6555, .F. ) ;
#5258 = CARTESIAN_POINT ( 'NONE',  ( -0.9499999999999999600, -2.799999999999999400, -7.839999999999999900 ) ) ;
#5259 = ADVANCED_FACE ( 'NONE', ( #6139 ), #2356, .F. ) ;
#5260 = SURFACE_STYLE_FILL_AREA ( #3371 ) ;
#5261 =( NAMED_UNIT ( * ) PLANE_ANGLE_UNIT ( ) SI_UNIT ( $, .RADIAN. ) );
#5262 = VECTOR ( 'NONE', #7200, 1000.000000000000000 ) ;
#5263 =( GEOMETRIC_REPRESENTATION_CONTEXT ( 3 ) GLOBAL_UNCERTAINTY_ASSIGNED_CONTEXT ( ( #5919 ) ) GLOBAL_UNIT_ASSIGNED_CONTEXT ( ( #161, #4208, #759 ) ) REPRESENTATION_CONTEXT ( 'NONE', 'WORKASPACE' ) );
#5264 = ORIENTED_EDGE ( 'NONE', *, *, #2092, .F. ) ;
#5265 = SURFACE_STYLE_USAGE ( .BOTH. , #1244 ) ;
#5266 = VERTEX_POINT ( 'NONE', #5778 ) ;
#5267 = CARTESIAN_POINT ( 'NONE',  ( 1.490000000000000000, -2.799999999999999400, -4.760000000000000700 ) ) ;
#5268 = STYLED_ITEM ( 'NONE', ( #4642 ), #4719 ) ;
#5269 = ORIENTED_EDGE ( 'NONE', *, *, #6721, .T. ) ;
#5270 =( NAMED_UNIT ( * ) SI_UNIT ( $, .STERADIAN. ) SOLID_ANGLE_UNIT ( ) );
#5271 = SURFACE_SIDE_STYLE ('',( #1430 ) ) ;
#5272 = EDGE_CURVE ( 'NONE', #1028, #131, #2556, .T. ) ;
#5273 = VECTOR ( 'NONE', #5353, 1000.000000000000000 ) ;
#5274 = LINE ( 'NONE', #6170, #6230 ) ;
#5275 = DIRECTION ( 'NONE',  ( 0.7071067811865489100, 0.0000000000000000000, 0.7071067811865461300 ) ) ;
#5276 = PRESENTATION_LAYER_ASSIGNMENT (  '', '', ( #4510 ) ) ;
#5277 =( NAMED_UNIT ( * ) SI_UNIT ( $, .STERADIAN. ) SOLID_ANGLE_UNIT ( ) );
#5278 = VECTOR ( 'NONE', #6288, 1000.000000000000000 ) ;
#5279 = FILL_AREA_STYLE_COLOUR ( '', #3414 ) ;
#5280 = ORIENTED_EDGE ( 'NONE', *, *, #5926, .T. ) ;
#5281 = COLOUR_RGB ( '',0.7960784313725489700, 0.8235294117647058400, 0.9372549019607843100 ) ;
#5282 =( LENGTH_UNIT ( ) NAMED_UNIT ( * ) SI_UNIT ( .MILLI., .METRE. ) );
#5283 = MECHANICAL_DESIGN_GEOMETRIC_PRESENTATION_REPRESENTATION (  '', ( #4131 ), #5669 ) ;
#5284 = VECTOR ( 'NONE', #6691, 1000.000000000000000 ) ;
#5285 = LINE ( 'NONE', #973, #3766 ) ;
#5286 = SURFACE_STYLE_FILL_AREA ( #3235 ) ;
#5287 = ORIENTED_EDGE ( 'NONE', *, *, #6044, .T. ) ;
#5288 = VECTOR ( 'NONE', #6603, 999.9999999999998900 ) ;
#5289 =( LENGTH_UNIT ( ) NAMED_UNIT ( * ) SI_UNIT ( .MILLI., .METRE. ) );
#5290 = DIRECTION ( 'NONE',  ( -0.7071067811865461300, 0.0000000000000000000, 0.7071067811865489100 ) ) ;
#5291 = UNCERTAINTY_MEASURE_WITH_UNIT (LENGTH_MEASURE( 1.000000000000000100E-005 ), #1374, 'distance_accuracy_value', 'NONE');
#5292 = CARTESIAN_POINT ( 'NONE',  ( 0.9499999999999999600, 11.70000000000000100, -9.940000000000001300 ) ) ;
#5293 = ORIENTED_EDGE ( 'NONE', *, *, #5810, .F. ) ;
#5294 = FACE_OUTER_BOUND ( 'NONE', #4426, .T. ) ;
#5295 =( NAMED_UNIT ( * ) PLANE_ANGLE_UNIT ( ) SI_UNIT ( $, .RADIAN. ) );
#5296 = ORIENTED_EDGE ( 'NONE', *, *, #4507, .T. ) ;
#5297 = LINE ( 'NONE', #5019, #6600 ) ;
#5298 = CARTESIAN_POINT ( 'NONE',  ( 1.050000000000000000, 11.70000000000000100, 0.3199999999999999000 ) ) ;
#5299 =( GEOMETRIC_REPRESENTATION_CONTEXT ( 3 ) GLOBAL_UNCERTAINTY_ASSIGNED_CONTEXT ( ( #184 ) ) GLOBAL_UNIT_ASSIGNED_CONTEXT ( ( #1382, #5415, #1968 ) ) REPRESENTATION_CONTEXT ( 'NONE', 'WORKASPACE' ) );
#5300 = EDGE_CURVE ( 'NONE', #1460, #3978, #6915, .T. ) ;
#5301 = VECTOR ( 'NONE', #4051, 1000.000000000000000 ) ;
#5302 = ORIENTED_EDGE ( 'NONE', *, *, #3941, .T. ) ;
#5303 = SURFACE_STYLE_FILL_AREA ( #621 ) ;
#5304 = MECHANICAL_DESIGN_GEOMETRIC_PRESENTATION_REPRESENTATION (  '', ( #4147 ), #5679 ) ;
#5305 = ADVANCED_FACE ( 'NONE', ( #3920 ), #654, .T. ) ;
#5306 = SURFACE_STYLE_FILL_AREA ( #1730 ) ;
#5307 = SURFACE_SIDE_STYLE ('',( #3878 ) ) ;
#5308 = ORIENTED_EDGE ( 'NONE', *, *, #2769, .T. ) ;
#5309 = VECTOR ( 'NONE', #1843, 1000.000000000000000 ) ;
#5310 = DIRECTION ( 'NONE',  ( 0.7071067811865463500, -0.0000000000000000000, 0.7071067811865487900 ) ) ;
#5311 =( GEOMETRIC_REPRESENTATION_CONTEXT ( 3 ) GLOBAL_UNCERTAINTY_ASSIGNED_CONTEXT ( ( #5960 ) ) GLOBAL_UNIT_ASSIGNED_CONTEXT ( ( #3195, #7174, #3796 ) ) REPRESENTATION_CONTEXT ( 'NONE', 'WORKASPACE' ) );
#5312 = LINE ( 'NONE', #1587, #2254 ) ;
#5313 = CARTESIAN_POINT ( 'NONE',  ( -2.540000000000000000, 1.700000000000000000, -3.443421052631578900 ) ) ;
#5314 = VERTEX_POINT ( 'NONE', #2377 ) ;
#5315 =( GEOMETRIC_REPRESENTATION_CONTEXT ( 3 ) GLOBAL_UNCERTAINTY_ASSIGNED_CONTEXT ( ( #4368 ) ) GLOBAL_UNIT_ASSIGNED_CONTEXT ( ( #6967, #6676, #6475 ) ) REPRESENTATION_CONTEXT ( 'NONE', 'WORKASPACE' ) );
#5316 = PLANE ( 'NONE',  #3241 ) ;
#5317 = ORIENTED_EDGE ( 'NONE', *, *, #1020, .T. ) ;
#5318 = VECTOR ( 'NONE', #5428, 1000.000000000000100 ) ;
#5319 =( LENGTH_UNIT ( ) NAMED_UNIT ( * ) SI_UNIT ( .MILLI., .METRE. ) );
#5320 = LINE ( 'NONE', #5392, #913 ) ;
#5321 = EDGE_CURVE ( 'NONE', #5266, #2649, #5594, .T. ) ;
#5322 = ORIENTED_EDGE ( 'NONE', *, *, #6943, .F. ) ;
#5323 = SURFACE_STYLE_USAGE ( .BOTH. , #1287 ) ;
#5324 = VERTEX_POINT ( 'NONE', #4113 ) ;
#5325 =( GEOMETRIC_REPRESENTATION_CONTEXT ( 3 ) GLOBAL_UNCERTAINTY_ASSIGNED_CONTEXT ( ( #1653 ) ) GLOBAL_UNIT_ASSIGNED_CONTEXT ( ( #3839, #353, #4406 ) ) REPRESENTATION_CONTEXT ( 'NONE', 'WORKASPACE' ) );
#5326 = CARTESIAN_POINT ( 'NONE',  ( 0.0000000000000000000, 11.70000000000000100, -10.16000000000000000 ) ) ;
#5327 = DIRECTION ( 'NONE',  ( -0.7071067811865470200, 0.0000000000000000000, -0.7071067811865481300 ) ) ;
#5328 = CARTESIAN_POINT ( 'NONE',  ( 0.9499999999999999600, 11.70000000000000100, 0.2200000000000000600 ) ) ;
#5329 = EDGE_CURVE ( 'NONE', #5123, #233, #7066, .T. ) ;
#5330 = DIRECTION ( 'NONE',  ( -0.7071067811865470200, -0.0000000000000000000, -0.7071067811865481300 ) ) ;
#5331 =( NAMED_UNIT ( * ) SI_UNIT ( $, .STERADIAN. ) SOLID_ANGLE_UNIT ( ) );
#5332 = CARTESIAN_POINT ( 'NONE',  ( -2.540000000000000000, 0.0000000000000000000, -13.60342105263158000 ) ) ;
#5333 = UNCERTAINTY_MEASURE_WITH_UNIT (LENGTH_MEASURE( 1.000000000000000100E-005 ), #4812, 'distance_accuracy_value', 'NONE');
#5334 = ORIENTED_EDGE ( 'NONE', *, *, #4222, .F. ) ;
#5335 = ADVANCED_FACE ( 'NONE', ( #6894 ), #2996, .T. ) ;
#5336 = COLOUR_RGB ( '',0.7960784313725489700, 0.8235294117647058400, 0.9372549019607843100 ) ;
#5337 = ADVANCED_BREP_SHAPE_REPRESENTATION ( '2x6', ( #4924, #2259, #6988, #6233, #5483, #924, #1471, #6767, #3594, #88, #4146, #674, #2808, #4766 ), #1295 ) ;
#5338 = ORIENTED_EDGE ( 'NONE', *, *, #4272, .T. ) ;
#5339 = CARTESIAN_POINT ( 'NONE',  ( -1.590000000000000300, -2.799999999999999400, -5.300000000000000700 ) ) ;
#5340 = SURFACE_STYLE_USAGE ( .BOTH. , #1309 ) ;
#5341 = EDGE_CURVE ( 'NONE', #1041, #2491, #4865, .T. ) ;
#5342 = SURFACE_STYLE_USAGE ( .BOTH. , #1315 ) ;
#5343 = FACE_OUTER_BOUND ( 'NONE', #631, .T. ) ;
#5344 = CARTESIAN_POINT ( 'NONE',  ( -2.539999999999999600, 1.700000000000000000, -9.323421052631580600 ) ) ;
#5345 = ORIENTED_EDGE ( 'NONE', *, *, #4145, .F. ) ;
#5346 = STYLED_ITEM ( 'NONE', ( #6495 ), #2959 ) ;
#5347 = FACE_OUTER_BOUND ( 'NONE', #3552, .T. ) ;
#5348 = VECTOR ( 'NONE', #5203, 1000.000000000000000 ) ;
#5349 = AXIS2_PLACEMENT_3D ( 'NONE', #3802, #310, #4357 ) ;
#5350 =( NAMED_UNIT ( * ) PLANE_ANGLE_UNIT ( ) SI_UNIT ( $, .RADIAN. ) );
#5351 = PLANE ( 'NONE',  #6586 ) ;
#5352 = ORIENTED_EDGE ( 'NONE', *, *, #2501, .T. ) ;
#5353 = DIRECTION ( 'NONE',  ( 0.0000000000000000000, 1.000000000000000000, 0.0000000000000000000 ) ) ;
#5354 = SURFACE_SIDE_STYLE ('',( #7065 ) ) ;
#5355 = LINE ( 'NONE', #6121, #5838 ) ;
#5356 = SURFACE_STYLE_USAGE ( .BOTH. , #1336 ) ;
#5357 = ORIENTED_EDGE ( 'NONE', *, *, #1474, .T. ) ;
#5358 = DIRECTION ( 'NONE',  ( 0.0000000000000000000, 0.0000000000000000000, 1.000000000000000000 ) ) ;
#5359 = DIRECTION ( 'NONE',  ( 0.0000000000000000000, 0.0000000000000000000, 1.000000000000000000 ) ) ;
#5360 = DIRECTION ( 'NONE',  ( 0.7071067811865473500, 0.0000000000000000000, -0.7071067811865477900 ) ) ;
#5361 = COLOUR_RGB ( '',0.7921568627450980000, 0.8196078431372548800, 0.9333333333333333500 ) ;
#5362 = VECTOR ( 'NONE', #1811, 1000.000000000000000 ) ;
#5363 = DIRECTION ( 'NONE',  ( -0.0000000000000000000, -1.000000000000000000, -0.0000000000000000000 ) ) ;
#5364 = PLANE ( 'NONE',  #4142 ) ;
#5365 = VECTOR ( 'NONE', #6142, 1000.000000000000000 ) ;
#5366 = DIRECTION ( 'NONE',  ( 0.6756367705307529900, -0.0000000000000000000, 0.7372346670543747900 ) ) ;
#5367 = VECTOR ( 'NONE', #1655, 1000.000000000000000 ) ;
#5368 = VECTOR ( 'NONE', #3901, 999.9999999999998900 ) ;
#5369 = EDGE_CURVE ( 'NONE', #4599, #1191, #6366, .T. ) ;
#5370 = COLOUR_RGB ( '',0.7921568627450980000, 0.8196078431372548800, 0.9333333333333333500 ) ;
#5371 = ORIENTED_EDGE ( 'NONE', *, *, #5199, .F. ) ;
#5372 = SURFACE_STYLE_FILL_AREA ( #391 ) ;
#5373 = DIRECTION ( 'NONE',  ( -0.0000000000000000000, -1.000000000000000000, -0.0000000000000000000 ) ) ;
#5374 = DIRECTION ( 'NONE',  ( -0.7071067811865477900, 0.0000000000000000000, -0.7071067811865473500 ) ) ;
#5375 = ORIENTED_EDGE ( 'NONE', *, *, #6713, .F. ) ;
#5376 = FACE_OUTER_BOUND ( 'NONE', #7163, .T. ) ;
#5377 = DIRECTION ( 'NONE',  ( 0.0000000000000000000, -1.000000000000000000, 0.0000000000000000000 ) ) ;
#5378 = STYLED_ITEM ( 'NONE', ( #6070 ), #1296 ) ;
#5379 = EDGE_CURVE ( 'NONE', #5136, #6344, #1806, .T. ) ;
#5380 =( LENGTH_UNIT ( ) NAMED_UNIT ( * ) SI_UNIT ( .MILLI., .METRE. ) );
#5381 = UNCERTAINTY_MEASURE_WITH_UNIT (LENGTH_MEASURE( 1.000000000000000100E-005 ), #255, 'distance_accuracy_value', 'NONE');
#5382 = PLANE ( 'NONE',  #1149 ) ;
#5383 = ORIENTED_EDGE ( 'NONE', *, *, #7319, .F. ) ;
#5384 = FACE_OUTER_BOUND ( 'NONE', #1503, .T. ) ;
#5385 = ORIENTED_EDGE ( 'NONE', *, *, #4575, .T. ) ;
#5386 = LINE ( 'NONE', #638, #2331 ) ;
#5387 = CARTESIAN_POINT ( 'NONE',  ( -0.9499999999999999600, -2.799999999999999400, -0.2199999999999999700 ) ) ;
#5388 =( NAMED_UNIT ( * ) PLANE_ANGLE_UNIT ( ) SI_UNIT ( $, .RADIAN. ) );
#5389 = ORIENTED_EDGE ( 'NONE', *, *, #2113, .F. ) ;
#5390 = LINE ( 'NONE', #3072, #994 ) ;
#5391 = PLANE ( 'NONE',  #2320 ) ;
#5392 = CARTESIAN_POINT ( 'NONE',  ( -2.540000000000000000, 1.700000000000000000, -3.443421052631578900 ) ) ;
#5393 = VECTOR ( 'NONE', #2240, 1000.000000000000000 ) ;
#5394 = DIRECTION ( 'NONE',  ( 0.0000000000000000000, -0.0000000000000000000, 1.000000000000000000 ) ) ;
#5395 = ORIENTED_EDGE ( 'NONE', *, *, #4817, .T. ) ;
#5396 = PLANE ( 'NONE',  #7144 ) ;
#5397 = FACE_OUTER_BOUND ( 'NONE', #2741, .T. ) ;
#5398 = MECHANICAL_DESIGN_GEOMETRIC_PRESENTATION_REPRESENTATION (  '', ( #4231 ), #5765 ) ;
#5399 = ORIENTED_EDGE ( 'NONE', *, *, #3214, .T. ) ;
#5400 = VERTEX_POINT ( 'NONE', #4758 ) ;
#5401 = CARTESIAN_POINT ( 'NONE',  ( 1.490000000000000000, -2.799999999999999400, -12.38000000000000300 ) ) ;
#5402 =( NAMED_UNIT ( * ) SI_UNIT ( $, .STERADIAN. ) SOLID_ANGLE_UNIT ( ) );
#5403 =( LENGTH_UNIT ( ) NAMED_UNIT ( * ) SI_UNIT ( .MILLI., .METRE. ) );
#5404 =( LENGTH_UNIT ( ) NAMED_UNIT ( * ) SI_UNIT ( .MILLI., .METRE. ) );
#5405 = MECHANICAL_DESIGN_GEOMETRIC_PRESENTATION_REPRESENTATION (  '', ( #4236 ), #5773 ) ;
#5406 = ORIENTED_EDGE ( 'NONE', *, *, #3131, .T. ) ;
#5407 =( NAMED_UNIT ( * ) PLANE_ANGLE_UNIT ( ) SI_UNIT ( $, .RADIAN. ) );
#5408 = VERTEX_POINT ( 'NONE', #1892 ) ;
#5409 = VECTOR ( 'NONE', #2429, 1000.000000000000000 ) ;
#5410 = DIRECTION ( 'NONE',  ( 0.0000000000000000000, 1.000000000000000000, 0.0000000000000000000 ) ) ;
#5411 = MECHANICAL_DESIGN_GEOMETRIC_PRESENTATION_REPRESENTATION (  '', ( #4241 ), #5777 ) ;
#5412 = DIRECTION ( 'NONE',  ( 0.7071067811865474600, 0.0000000000000000000, 0.7071067811865474600 ) ) ;
#5413 = CARTESIAN_POINT ( 'NONE',  ( 1.490000000000000000, -2.799999999999999400, 0.3199999999999999000 ) ) ;
#5414 = EDGE_CURVE ( 'NONE', #3500, #1709, #3150, .T. ) ;
#5415 =( NAMED_UNIT ( * ) PLANE_ANGLE_UNIT ( ) SI_UNIT ( $, .RADIAN. ) );
#5416 = DIRECTION ( 'NONE',  ( 0.0000000000000000000, 1.000000000000000000, 0.0000000000000000000 ) ) ;
#5417 = DIRECTION ( 'NONE',  ( -0.0000000000000000000, -1.000000000000000000, -0.0000000000000000000 ) ) ;
#5418 = STYLED_ITEM ( 'NONE', ( #279 ), #3607 ) ;
#5419 = COLOUR_RGB ( '',0.0000000000000000000, 0.003921568627450980300, 0.09019607843137254800 ) ;
#5420 = CARTESIAN_POINT ( 'NONE',  ( 0.9499999999999999600, -2.799999999999999400, -7.400000000000000400 ) ) ;
#5421 = SURFACE_SIDE_STYLE ('',( #2306 ) ) ;
#5422 = SURFACE_STYLE_USAGE ( .BOTH. , #1388 ) ;
#5423 = CARTESIAN_POINT ( 'NONE',  ( -0.9499999999999999600, 11.70000000000000100, -2.319999999999999800 ) ) ;
#5424 = UNCERTAINTY_MEASURE_WITH_UNIT (LENGTH_MEASURE( 1.000000000000000100E-005 ), #1980, 'distance_accuracy_value', 'NONE');
#5425 = PRESENTATION_LAYER_ASSIGNMENT (  '', '', ( #5049 ) ) ;
#5426 = LINE ( 'NONE', #5547, #2375 ) ;
#5427 = DIRECTION ( 'NONE',  ( -0.0000000000000000000, -0.0000000000000000000, -1.000000000000000000 ) ) ;
#5428 = DIRECTION ( 'NONE',  ( 0.7071067811865486800, 0.0000000000000000000, -0.7071067811865463500 ) ) ;
#5429 = VECTOR ( 'NONE', #2949, 1000.000000000000000 ) ;
#5430 =( NAMED_UNIT ( * ) SI_UNIT ( $, .STERADIAN. ) SOLID_ANGLE_UNIT ( ) );
#5431 = LINE ( 'NONE', #3076, #2380 ) ;
#5432 = FILL_AREA_STYLE ('',( #3258 ) ) ;
#5433 = DIRECTION ( 'NONE',  ( 0.7071067811865473500, -0.0000000000000000000, 0.7071067811865477900 ) ) ;
#5434 = LINE ( 'NONE', #5705, #1045 ) ;
#5435 = MECHANICAL_DESIGN_GEOMETRIC_PRESENTATION_REPRESENTATION (  '', ( #6958 ), #5808 ) ;
#5436 = EDGE_CURVE ( 'NONE', #5470, #5247, #1637, .T. ) ;
#5437 = CARTESIAN_POINT ( 'NONE',  ( -1.590000000000000300, 11.70000000000000100, -0.2200000000000002500 ) ) ;
#5438 = EDGE_CURVE ( 'NONE', #5702, #4296, #6013, .T. ) ;
#5439 = DIRECTION ( 'NONE',  ( 0.0000000000000000000, 0.0000000000000000000, 1.000000000000000000 ) ) ;
#5440 = PRESENTATION_LAYER_ASSIGNMENT (  '', '', ( #4663 ) ) ;
#5441 = DIRECTION ( 'NONE',  ( -0.0000000000000000000, -1.000000000000000000, -0.0000000000000000000 ) ) ;
#5442 = CARTESIAN_POINT ( 'NONE',  ( -1.050000000000000000, -2.799999999999999400, -2.860000000000000300 ) ) ;
#5443 = MECHANICAL_DESIGN_GEOMETRIC_PRESENTATION_REPRESENTATION (  '', ( #4278 ), #5817 ) ;
#5444 =( GEOMETRIC_REPRESENTATION_CONTEXT ( 3 ) GLOBAL_UNCERTAINTY_ASSIGNED_CONTEXT ( ( #3407 ) ) GLOBAL_UNIT_ASSIGNED_CONTEXT ( ( #7377, #3991, #529 ) ) REPRESENTATION_CONTEXT ( 'NONE', 'WORKASPACE' ) );
#5445 = ORIENTED_EDGE ( 'NONE', *, *, #3423, .T. ) ;
#5446 =( LENGTH_UNIT ( ) NAMED_UNIT ( * ) SI_UNIT ( .MILLI., .METRE. ) );
#5447 = SURFACE_SIDE_STYLE ('',( #6427 ) ) ;
#5448 = LINE ( 'NONE', #3630, #855 ) ;
#5449 = EDGE_CURVE ( 'NONE', #2650, #6970, #6193, .T. ) ;
#5450 = PLANE ( 'NONE',  #3287 ) ;
#5451 = ADVANCED_FACE ( 'NONE', ( #4321 ), #5364, .F. ) ;
#5452 = PRESENTATION_STYLE_ASSIGNMENT (( #3463 ) ) ;
#5453 = CARTESIAN_POINT ( 'NONE',  ( 1.050000000000000000, 11.70000000000000100, -0.3200000000000001200 ) ) ;
#5454 = CARTESIAN_POINT ( 'NONE',  ( -2.539999999999999600, 1.700000000000000000, -4.243421052631578800 ) ) ;
#5455 = MECHANICAL_DESIGN_GEOMETRIC_PRESENTATION_REPRESENTATION (  '', ( #4682 ), #5830 ) ;
#5456 = ORIENTED_EDGE ( 'NONE', *, *, #3007, .F. ) ;
#5457 = LINE ( 'NONE', #3362, #3943 ) ;
#5458 = DIRECTION ( 'NONE',  ( 0.0000000000000000000, 1.000000000000000000, 0.0000000000000000000 ) ) ;
#5459 = DIRECTION ( 'NONE',  ( -1.000000000000000000, 0.0000000000000000000, 0.0000000000000000000 ) ) ;
#5460 =( NAMED_UNIT ( * ) PLANE_ANGLE_UNIT ( ) SI_UNIT ( $, .RADIAN. ) );
#5461 = FILL_AREA_STYLE_COLOUR ( '', #4193 ) ;
#5462 = SURFACE_STYLE_FILL_AREA ( #2162 ) ;
#5463 = PLANE ( 'NONE',  #6738 ) ;
#5464 = CARTESIAN_POINT ( 'NONE',  ( -2.540000000000000000, 1.700000000000000000, -5.983421052631579900 ) ) ;
#5465 = EDGE_CURVE ( 'NONE', #5731, #1907, #5320, .T. ) ;
#5466 = COLOUR_RGB ( '',0.7960784313725489700, 0.8235294117647058400, 0.9372549019607843100 ) ;
#5467 = SURFACE_STYLE_FILL_AREA ( #3285 ) ;
#5468 = PRESENTATION_LAYER_ASSIGNMENT (  '', '', ( #4689 ) ) ;
#5469 = PLANE ( 'NONE',  #5349 ) ;
#5470 = VERTEX_POINT ( 'NONE', #1318 ) ;
#5471 = VECTOR ( 'NONE', #1442, 1000.000000000000000 ) ;
#5472 = UNCERTAINTY_MEASURE_WITH_UNIT (LENGTH_MEASURE( 1.000000000000000100E-005 ), #2074, 'distance_accuracy_value', 'NONE');
#5473 = EDGE_CURVE ( 'NONE', #5194, #4454, #3805, .T. ) ;
#5474 = ORIENTED_EDGE ( 'NONE', *, *, #6957, .T. ) ;
#5475 = EDGE_LOOP ( 'NONE', ( #1890, #7116, #5385, #794, #3121, #6742, #2274, #5028 ) ) ;
#5476 = VECTOR ( 'NONE', #5873, 1000.000000000000000 ) ;
#5477 =( GEOMETRIC_REPRESENTATION_CONTEXT ( 3 ) GLOBAL_UNCERTAINTY_ASSIGNED_CONTEXT ( ( #5106 ) ) GLOBAL_UNIT_ASSIGNED_CONTEXT ( ( #7030, #3646, #166 ) ) REPRESENTATION_CONTEXT ( 'NONE', 'WORKASPACE' ) );
#5478 = DIRECTION ( 'NONE',  ( 1.232047923278982000E-016, 0.0000000000000000000, -1.000000000000000000 ) ) ;
#5479 = CARTESIAN_POINT ( 'NONE',  ( 2.140000000000001500, 0.0000000000000000000, 1.270000000000000000 ) ) ;
#5480 = EDGE_LOOP ( 'NONE', ( #3012, #5176, #2601, #1288 ) ) ;
#5481 = DIRECTION ( 'NONE',  ( -0.0000000000000000000, -0.0000000000000000000, -1.000000000000000000 ) ) ;
#5482 = FILL_AREA_STYLE_COLOUR ( '', #3585 ) ;
#5483 = MANIFOLD_SOLID_BREP ( 'LPattern3[3]', #4379 ) ;
#5484 = LINE ( 'NONE', #3496, #5301 ) ;
#5485 = ORIENTED_EDGE ( 'NONE', *, *, #1283, .T. ) ;
#5486 = EDGE_LOOP ( 'NONE', ( #6571, #4584, #7158, #4879 ) ) ;
#5487 = FACE_OUTER_BOUND ( 'NONE', #4944, .T. ) ;
#5488 = CARTESIAN_POINT ( 'NONE',  ( -0.9499999999999999600, -2.799999999999999400, -4.860000000000000300 ) ) ;
#5489 = DIRECTION ( 'NONE',  ( -1.000000000000000000, -0.0000000000000000000, -0.0000000000000000000 ) ) ;
#5490 = FILL_AREA_STYLE ('',( #7118 ) ) ;
#5491 = ORIENTED_EDGE ( 'NONE', *, *, #710, .F. ) ;
#5492 = EDGE_LOOP ( 'NONE', ( #6682, #671, #6976, #4207 ) ) ;
#5493 =( GEOMETRIC_REPRESENTATION_CONTEXT ( 3 ) GLOBAL_UNCERTAINTY_ASSIGNED_CONTEXT ( ( #1828 ) ) GLOBAL_UNIT_ASSIGNED_CONTEXT ( ( #6919, #3529, #35 ) ) REPRESENTATION_CONTEXT ( 'NONE', 'WORKASPACE' ) );
#5494 = FILL_AREA_STYLE ('',( #895 ) ) ;
#5495 = STYLED_ITEM ( 'NONE', ( #1158 ), #6080 ) ;
#5496 = ADVANCED_FACE ( 'NONE', ( #5142 ), #3091, .T. ) ;
#5497 =( LENGTH_UNIT ( ) NAMED_UNIT ( * ) SI_UNIT ( .MILLI., .METRE. ) );
#5498 = ORIENTED_EDGE ( 'NONE', *, *, #6726, .T. ) ;
#5499 = APPLICATION_PROTOCOL_DEFINITION ( 'draft international standard', 'automotive_design', 1998, #6053 ) ;
#5500 = CARTESIAN_POINT ( 'NONE',  ( 2.140000000000001500, 1.700000000000000000, -1.270000000000000000 ) ) ;
#5501 = CARTESIAN_POINT ( 'NONE',  ( -1.590000000000000300, -2.799999999999999400, -7.839999999999999900 ) ) ;
#5502 = DIRECTION ( 'NONE',  ( -0.7071067811865461300, 0.0000000000000000000, 0.7071067811865489100 ) ) ;
#5503 = LINE ( 'NONE', #1690, #2448 ) ;
#5504 = CARTESIAN_POINT ( 'NONE',  ( 1.490000000000000000, 11.70000000000000100, -2.220000000000000200 ) ) ;
#5505 = STYLED_ITEM ( 'NONE', ( #1726 ), #6729 ) ;
#5506 =( NAMED_UNIT ( * ) SI_UNIT ( $, .STERADIAN. ) SOLID_ANGLE_UNIT ( ) );
#5507 = PLANE ( 'NONE',  #603 ) ;
#5508 =( GEOMETRIC_REPRESENTATION_CONTEXT ( 3 ) GLOBAL_UNCERTAINTY_ASSIGNED_CONTEXT ( ( #1918 ) ) GLOBAL_UNIT_ASSIGNED_CONTEXT ( ( #3905, #426, #4470 ) ) REPRESENTATION_CONTEXT ( 'NONE', 'WORKASPACE' ) );
#5509 = LINE ( 'NONE', #998, #2456 ) ;
#5510 = PLANE ( 'NONE',  #5248 ) ;
#5512 = PLANE ( 'NONE',  #7434 ) ;
#5511 = PRESENTATION_LAYER_ASSIGNMENT (  '', '', ( #4732 ) ) ;
#5513 = CARTESIAN_POINT ( 'NONE',  ( -2.539999999999999600, 1.700000000000000000, -9.323421052631580600 ) ) ;
#5514 = SURFACE_STYLE_USAGE ( .BOTH. , #1490 ) ;
#5515 = DIRECTION ( 'NONE',  ( 0.0000000000000000000, 0.0000000000000000000, 1.000000000000000000 ) ) ;
#5516 = DIRECTION ( 'NONE',  ( -0.0000000000000000000, -1.000000000000000000, -0.0000000000000000000 ) ) ;
#5517 = FACE_OUTER_BOUND ( 'NONE', #3298, .T. ) ;
#5518 = FILL_AREA_STYLE_COLOUR ( '', #3767 ) ;
#5519 = LINE ( 'NONE', #4829, #1121 ) ;
#5520 =( GEOMETRIC_REPRESENTATION_CONTEXT ( 3 ) GLOBAL_UNCERTAINTY_ASSIGNED_CONTEXT ( ( #3541 ) ) GLOBAL_UNIT_ASSIGNED_CONTEXT ( ( #5709, #2278, #6273 ) ) REPRESENTATION_CONTEXT ( 'NONE', 'WORKASPACE' ) );
#5521 = EDGE_LOOP ( 'NONE', ( #1982, #1502, #2329, #157 ) ) ;
#5522 = UNCERTAINTY_MEASURE_WITH_UNIT (LENGTH_MEASURE( 1.000000000000000100E-005 ), #5289, 'distance_accuracy_value', 'NONE');
#5523 = SURFACE_SIDE_STYLE ('',( #3446 ) ) ;
#5524 = FILL_AREA_STYLE ('',( #4948 ) ) ;
#5525 = LINE ( 'NONE', #4083, #945 ) ;
#5526 = SURFACE_SIDE_STYLE ('',( #2321 ) ) ;
#5527 = SURFACE_STYLE_USAGE ( .BOTH. , #1508 ) ;
#5528 = ORIENTED_EDGE ( 'NONE', *, *, #1917, .T. ) ;
#5529 = EDGE_CURVE ( 'NONE', #1197, #3255, #1184, .T. ) ;
#5530 = VERTEX_POINT ( 'NONE', #871 ) ;
#5531 = SURFACE_STYLE_FILL_AREA ( #578 ) ;
#5532 = VECTOR ( 'NONE', #4048, 1000.000000000000000 ) ;
#5533 = ADVANCED_FACE ( 'NONE', ( #5583 ), #4892, .T. ) ;
#5534 = CARTESIAN_POINT ( 'NONE',  ( 1.590000000000000100, 11.70000000000000100, -10.38000000000000100 ) ) ;
#5535 = CARTESIAN_POINT ( 'NONE',  ( -2.539999999999999600, 1.700000000000000000, -4.243421052631578800 ) ) ;
#5536 = ORIENTED_EDGE ( 'NONE', *, *, #2574, .T. ) ;
#5537 = SURFACE_SIDE_STYLE ('',( #6746 ) ) ;
#5538 = PRESENTATION_LAYER_ASSIGNMENT (  '', '', ( #4763 ) ) ;
#5539 = FACE_OUTER_BOUND ( 'NONE', #292, .T. ) ;
#5540 =( LENGTH_UNIT ( ) NAMED_UNIT ( * ) SI_UNIT ( .MILLI., .METRE. ) );
#5541 = EDGE_CURVE ( 'NONE', #1445, #2986, #3515, .T. ) ;
#5542 = PRODUCT_DEFINITION_FORMATION_WITH_SPECIFIED_SOURCE ( 'ANY', '', #894, .NOT_KNOWN. ) ;
#5543 = VERTEX_POINT ( 'NONE', #295 ) ;
#5544 =( NAMED_UNIT ( * ) SI_UNIT ( $, .STERADIAN. ) SOLID_ANGLE_UNIT ( ) );
#5545 = PRESENTATION_LAYER_ASSIGNMENT (  '', '', ( #5165 ) ) ;
#5546 = DIRECTION ( 'NONE',  ( -0.7071067811865477900, -0.0000000000000000000, -0.7071067811865473500 ) ) ;
#5547 = CARTESIAN_POINT ( 'NONE',  ( -1.050000000000000000, -2.799999999999999400, -12.38000000000000300 ) ) ;
#5548 = DIRECTION ( 'NONE',  ( 0.7071067811865470200, 0.0000000000000000000, -0.7071067811865481300 ) ) ;
#5549 = LINE ( 'NONE', #2788, #2674 ) ;
#5550 = PRESENTATION_STYLE_ASSIGNMENT (( #3366 ) ) ;
#5551 = LINE ( 'NONE', #1050, #5368 ) ;
#5552 = PRESENTATION_LAYER_ASSIGNMENT (  '', '', ( #4778 ) ) ;
#5553 = VERTEX_POINT ( 'NONE', #6057 ) ;
#5554 =( GEOMETRIC_REPRESENTATION_CONTEXT ( 3 ) GLOBAL_UNCERTAINTY_ASSIGNED_CONTEXT ( ( #2435 ) ) GLOBAL_UNIT_ASSIGNED_CONTEXT ( ( #6009, #2588, #6561 ) ) REPRESENTATION_CONTEXT ( 'NONE', 'WORKASPACE' ) );
#5555 = EDGE_CURVE ( 'NONE', #241, #2512, #4855, .T. ) ;
#5556 = DIRECTION ( 'NONE',  ( 0.0000000000000000000, 0.0000000000000000000, 1.000000000000000000 ) ) ;
#5557 = DIRECTION ( 'NONE',  ( -1.000000000000000000, -0.0000000000000000000, -1.232047923278982200E-016 ) ) ;
#5558 = PRESENTATION_LAYER_ASSIGNMENT (  '', '', ( #5175 ) ) ;
#5559 = CARTESIAN_POINT ( 'NONE',  ( 0.9499999999999999600, -2.799999999999999400, -0.2200000000000000000 ) ) ;
#5560 = CARTESIAN_POINT ( 'NONE',  ( 1.050000000000000000, -2.799999999999999400, -5.400000000000000400 ) ) ;
#5561 = DIRECTION ( 'NONE',  ( -0.0000000000000000000, -0.0000000000000000000, -1.000000000000000000 ) ) ;
#5562 = ORIENTED_EDGE ( 'NONE', *, *, #6496, .F. ) ;
#5563 =( GEOMETRIC_REPRESENTATION_CONTEXT ( 3 ) GLOBAL_UNCERTAINTY_ASSIGNED_CONTEXT ( ( #1964 ) ) GLOBAL_UNIT_ASSIGNED_CONTEXT ( ( #4072, #616, #4639 ) ) REPRESENTATION_CONTEXT ( 'NONE', 'WORKASPACE' ) );
#5564 = UNCERTAINTY_MEASURE_WITH_UNIT (LENGTH_MEASURE( 1.000000000000000100E-005 ), #3512, 'distance_accuracy_value', 'NONE');
#5565 = DIRECTION ( 'NONE',  ( 0.0000000000000000000, 0.0000000000000000000, -1.000000000000000000 ) ) ;
#5566 = SURFACE_SIDE_STYLE ('',( #2859 ) ) ;
#5567 = EDGE_LOOP ( 'NONE', ( #139, #3821, #1523, #6795 ) ) ;
#5568 = VERTEX_POINT ( 'NONE', #7189 ) ;
#5569 = ORIENTED_EDGE ( 'NONE', *, *, #3927, .F. ) ;
#5570 = ADVANCED_FACE ( 'NONE', ( #1801 ), #3813, .T. ) ;
#5571 = ORIENTED_EDGE ( 'NONE', *, *, #4272, .F. ) ;
#5572 =( LENGTH_UNIT ( ) NAMED_UNIT ( * ) SI_UNIT ( .MILLI., .METRE. ) );
#5573 = FILL_AREA_STYLE ('',( #3855 ) ) ;
#5574 = LINE ( 'NONE', #489, #999 ) ;
#5575 = DIRECTION ( 'NONE',  ( -0.6782059721786390900, 0.0000000000000000000, -0.7348718659067219300 ) ) ;
#5576 = ORIENTED_EDGE ( 'NONE', *, *, #6044, .F. ) ;
#5577 = SURFACE_STYLE_FILL_AREA ( #7057 ) ;
#5578 =( NAMED_UNIT ( * ) PLANE_ANGLE_UNIT ( ) SI_UNIT ( $, .RADIAN. ) );
#5579 = CARTESIAN_POINT ( 'NONE',  ( 0.0000000000000000000, 11.70000000000000100, -10.16000000000000000 ) ) ;
#5580 = DIRECTION ( 'NONE',  ( -0.7071067811865482400, 0.0000000000000000000, -0.7071067811865469100 ) ) ;
#5581 = ORIENTED_EDGE ( 'NONE', *, *, #1938, .F. ) ;
#5582 = VERTEX_POINT ( 'NONE', #319 ) ;
#5583 = FACE_OUTER_BOUND ( 'NONE', #4466, .T. ) ;
#5584 = FILL_AREA_STYLE ('',( #5002 ) ) ;
#5585 = CARTESIAN_POINT ( 'NONE',  ( 1.590000000000000100, -2.799999999999999400, 0.2199999999999999200 ) ) ;
#5586 = ORIENTED_EDGE ( 'NONE', *, *, #3913, .T. ) ;
#5587 = EDGE_CURVE ( 'NONE', #2491, #3986, #7335, .T. ) ;
#5588 = DIRECTION ( 'NONE',  ( 0.0000000000000000000, 1.000000000000000000, 0.0000000000000000000 ) ) ;
#5589 = AXIS2_PLACEMENT_3D ( 'NONE', #1714, #5718, #2286 ) ;
#5590 = VECTOR ( 'NONE', #746, 1000.000000000000000 ) ;
#5591 = ORIENTED_EDGE ( 'NONE', *, *, #7462, .T. ) ;
#5592 = DIRECTION ( 'NONE',  ( 0.0000000000000000000, 0.0000000000000000000, -1.000000000000000000 ) ) ;
#5593 =( NAMED_UNIT ( * ) SI_UNIT ( $, .STERADIAN. ) SOLID_ANGLE_UNIT ( ) );
#5594 = LINE ( 'NONE', #4137, #1019 ) ;
#5595 = PRESENTATION_LAYER_ASSIGNMENT (  '', '', ( #4808 ) ) ;
#5596 = AXIS2_PLACEMENT_3D ( 'NONE', #6684, #3290, #7264 ) ;
#5597 = DIRECTION ( 'NONE',  ( 1.000000000000000000, 0.0000000000000000000, 1.232047923278982200E-016 ) ) ;
#5598 = EDGE_CURVE ( 'NONE', #1851, #806, #4308, .T. ) ;
#5599 = ORIENTED_EDGE ( 'NONE', *, *, #4832, .F. ) ;
#5600 = PLANE ( 'NONE',  #3304 ) ;
#5601 = FILL_AREA_STYLE_COLOUR ( '', #1650 ) ;
#5602 = PLANE ( 'NONE',  #1044 ) ;
#5603 = PLANE ( 'NONE',  #2310 ) ;
#5604 = ORIENTED_EDGE ( 'NONE', *, *, #5598, .F. ) ;
#5605 = VECTOR ( 'NONE', #5671, 1000.000000000000000 ) ;
#5606 = LINE ( 'NONE', #302, #1202 ) ;
#5607 = ADVANCED_FACE ( 'NONE', ( #5836 ), #2687, .T. ) ;
#5608 = PLANE ( 'NONE',  #3640 ) ;
#5609 = EDGE_CURVE ( 'NONE', #2878, #4217, #3602, .T. ) ;
#5611 = CARTESIAN_POINT ( 'NONE',  ( 1.490000000000000000, 11.70000000000000100, -2.220000000000000200 ) ) ;
#5610 = AXIS2_PLACEMENT_3D ( 'NONE', #6202, #2785, #6756 ) ;
#5612 = COLOUR_RGB ( '',0.7960784313725489700, 0.8235294117647058400, 0.9372549019607843100 ) ;
#5613 = CARTESIAN_POINT ( 'NONE',  ( 2.140000000000000100, 0.0000000000000000000, -13.97000000000000100 ) ) ;
#5614 = FILL_AREA_STYLE ('',( #415 ) ) ;
#5615 = FILL_AREA_STYLE_COLOUR ( '', #866 ) ;
#5616 = UNCERTAINTY_MEASURE_WITH_UNIT (LENGTH_MEASURE( 1.000000000000000100E-005 ), #7114, 'distance_accuracy_value', 'NONE');
#5617 = EDGE_CURVE ( 'NONE', #4945, #241, #5134, .T. ) ;
#5618 = MECHANICAL_DESIGN_GEOMETRIC_PRESENTATION_REPRESENTATION (  '', ( #4840 ), #5975 ) ;
#5619 = CARTESIAN_POINT ( 'NONE',  ( 2.140000000000000100, 1.700000000000000000, -6.350000000000000500 ) ) ;
#5620 =( NAMED_UNIT ( * ) SI_UNIT ( $, .STERADIAN. ) SOLID_ANGLE_UNIT ( ) );
#5621 = DIRECTION ( 'NONE',  ( -0.7071067811865470200, 0.0000000000000000000, 0.7071067811865481300 ) ) ;
#5622 = ORIENTED_EDGE ( 'NONE', *, *, #5541, .F. ) ;
#5623 = CARTESIAN_POINT ( 'NONE',  ( -1.590000000000000300, 11.70000000000000100, 0.2199999999999998100 ) ) ;
#5624 = FILL_AREA_STYLE_COLOUR ( '', #117 ) ;
#5625 = SURFACE_STYLE_FILL_AREA ( #980 ) ;
#5626 =( GEOMETRIC_REPRESENTATION_CONTEXT ( 3 ) GLOBAL_UNCERTAINTY_ASSIGNED_CONTEXT ( ( #6368 ) ) GLOBAL_UNIT_ASSIGNED_CONTEXT ( ( #6574, #3167, #7154 ) ) REPRESENTATION_CONTEXT ( 'NONE', 'WORKASPACE' ) );
#5627 = EDGE_CURVE ( 'NONE', #7339, #845, #716, .T. ) ;
#5628 = VECTOR ( 'NONE', #4890, 1000.000000000000000 ) ;
#5629 = SURFACE_STYLE_FILL_AREA ( #3046 ) ;
#5630 = LINE ( 'NONE', #3601, #1055 ) ;
#5631 = PRESENTATION_LAYER_ASSIGNMENT (  '', '', ( #4859 ) ) ;
#5632 = MECHANICAL_DESIGN_GEOMETRIC_PRESENTATION_REPRESENTATION (  '', ( #4483 ), #5994 ) ;
#5633 = PRESENTATION_STYLE_ASSIGNMENT (( #2992 ) ) ;
#5634 = VECTOR ( 'NONE', #4175, 1000.000000000000000 ) ;
#5635 = LINE ( 'NONE', #5172, #4109 ) ;
#5636 = DIRECTION ( 'NONE',  ( 0.0000000000000000000, 0.0000000000000000000, -1.000000000000000000 ) ) ;
#5637 = PRESENTATION_STYLE_ASSIGNMENT (( #5163 ) ) ;
#5638 = COLOUR_RGB ( '',0.0000000000000000000, 0.003921568627450980300, 0.09019607843137254800 ) ;
#5639 = ORIENTED_EDGE ( 'NONE', *, *, #3116, .T. ) ;
#5640 = SURFACE_STYLE_FILL_AREA ( #6213 ) ;
#5641 = ADVANCED_FACE ( 'NONE', ( #2072 ), #5603, .T. ) ;
#5642 = PLANE ( 'NONE',  #2752 ) ;
#5643 = DIRECTION ( 'NONE',  ( -0.0000000000000000000, -0.0000000000000000000, -1.000000000000000000 ) ) ;
#5644 =( LENGTH_UNIT ( ) NAMED_UNIT ( * ) SI_UNIT ( .MILLI., .METRE. ) );
#5645 = LINE ( 'NONE', #7242, #6942 ) ;
#5646 = AXIS2_PLACEMENT_3D ( 'NONE', #200, #4244, #802 ) ;
#5647 =( NAMED_UNIT ( * ) SI_UNIT ( $, .STERADIAN. ) SOLID_ANGLE_UNIT ( ) );
#5648 = ORIENTED_EDGE ( 'NONE', *, *, #4960, .T. ) ;
#5649 = DIRECTION ( 'NONE',  ( 0.0000000000000000000, -1.000000000000000000, 0.0000000000000000000 ) ) ;
#5650 = DIRECTION ( 'NONE',  ( -1.000000000000000000, 0.0000000000000000000, -0.0000000000000000000 ) ) ;
#5651 = LINE ( 'NONE', #6877, #3582 ) ;
#5652 = DIRECTION ( 'NONE',  ( 0.0000000000000000000, 0.0000000000000000000, 1.000000000000000000 ) ) ;
#5653 = VECTOR ( 'NONE', #714, 1000.000000000000000 ) ;
#5654 = AXIS2_PLACEMENT_3D ( 'NONE', #5690, #2262, #6251 ) ;
#5655 = ORIENTED_EDGE ( 'NONE', *, *, #2642, .F. ) ;
#5656 = EDGE_CURVE ( 'NONE', #2229, #5861, #4412, .T. ) ;
#5657 = DIRECTION ( 'NONE',  ( 0.0000000000000000000, 1.000000000000000000, 0.0000000000000000000 ) ) ;
#5658 = UNCERTAINTY_MEASURE_WITH_UNIT (LENGTH_MEASURE( 1.000000000000000100E-005 ), #3589, 'distance_accuracy_value', 'NONE');
#5659 = UNCERTAINTY_MEASURE_WITH_UNIT (LENGTH_MEASURE( 1.000000000000000100E-005 ), #7088, 'distance_accuracy_value', 'NONE');
#5660 = VECTOR ( 'NONE', #840, 1000.000000000000100 ) ;
#5661 = MECHANICAL_DESIGN_GEOMETRIC_PRESENTATION_REPRESENTATION (  '', ( #4510 ), #6028 ) ;
#5662 = EDGE_LOOP ( 'NONE', ( #2437, #7033, #7298, #1638 ) ) ;
#5663 = FILL_AREA_STYLE_COLOUR ( '', #3904 ) ;
#5664 = CARTESIAN_POINT ( 'NONE',  ( -2.540000000000000000, 1.700000000000000000, -5.983421052631579900 ) ) ;
#5665 = COLOUR_RGB ( '',0.7960784313725489700, 0.8235294117647058400, 0.9372549019607843100 ) ;
#5666 = CARTESIAN_POINT ( 'NONE',  ( -1.490000000000000200, 11.70000000000000100, -9.840000000000001600 ) ) ;
#5667 = SURFACE_SIDE_STYLE ('',( #2506 ) ) ;
#5668 = ORIENTED_EDGE ( 'NONE', *, *, #6577, .T. ) ;
#5669 =( GEOMETRIC_REPRESENTATION_CONTEXT ( 3 ) GLOBAL_UNCERTAINTY_ASSIGNED_CONTEXT ( ( #4823 ) ) GLOBAL_UNIT_ASSIGNED_CONTEXT ( ( #1125, #5141, #1692 ) ) REPRESENTATION_CONTEXT ( 'NONE', 'WORKASPACE' ) );
#5670 = LINE ( 'NONE', #6020, #4144 ) ;
#5671 = DIRECTION ( 'NONE',  ( -0.7071067811865469100, -0.0000000000000000000, 0.7071067811865482400 ) ) ;
#5672 = PLANE ( 'NONE',  #6893 ) ;
#5673 = ORIENTED_EDGE ( 'NONE', *, *, #3801, .T. ) ;
#5674 = ORIENTED_EDGE ( 'NONE', *, *, #3689, .T. ) ;
#5675 = ADVANCED_FACE ( 'NONE', ( #7246 ), #3888, .T. ) ;
#5676 = STYLED_ITEM ( 'NONE', ( #6107 ), #5496 ) ;
#5677 = CARTESIAN_POINT ( 'NONE',  ( 1.490000000000000000, -2.799999999999999400, -0.3200000000000001200 ) ) ;
#5678 = EDGE_CURVE ( 'NONE', #5225, #7095, #5216, .T. ) ;
#5679 =( GEOMETRIC_REPRESENTATION_CONTEXT ( 3 ) GLOBAL_UNCERTAINTY_ASSIGNED_CONTEXT ( ( #1874 ) ) GLOBAL_UNIT_ASSIGNED_CONTEXT ( ( #4254, #817, #4841 ) ) REPRESENTATION_CONTEXT ( 'NONE', 'WORKASPACE' ) );
#5680 = DIRECTION ( 'NONE',  ( -1.000000000000000000, 0.0000000000000000000, 0.0000000000000000000 ) ) ;
#5681 = ORIENTED_EDGE ( 'NONE', *, *, #4248, .F. ) ;
#5682 = STYLED_ITEM ( 'NONE', ( #4796 ), #2438 ) ;
#5683 = VECTOR ( 'NONE', #4066, 1000.000000000000000 ) ;
#5684 = VECTOR ( 'NONE', #2143, 1000.000000000000000 ) ;
#5685 = ORIENTED_EDGE ( 'NONE', *, *, #4832, .T. ) ;
#5686 = DIRECTION ( 'NONE',  ( -0.7071067811865477900, -0.0000000000000000000, -0.7071067811865473500 ) ) ;
#5687 =( LENGTH_UNIT ( ) NAMED_UNIT ( * ) SI_UNIT ( .MILLI., .METRE. ) );
#5688 = CARTESIAN_POINT ( 'NONE',  ( 0.9499999999999999600, -2.799999999999999400, -12.48000000000000200 ) ) ;
#5689 = FILL_AREA_STYLE_COLOUR ( '', #1029 ) ;
#5690 = CARTESIAN_POINT ( 'NONE',  ( 1.050000000000000000, -2.799999999999999400, -2.220000000000000200 ) ) ;
#5691 = PLANE ( 'NONE',  #1784 ) ;
#5692 = EDGE_CURVE ( 'NONE', #2722, #1701, #2339, .T. ) ;
#5693 = COLOUR_RGB ( '',0.7960784313725489700, 0.8235294117647058400, 0.9372549019607843100 ) ;
#5694 = CARTESIAN_POINT ( 'NONE',  ( 0.9499999999999999600, -2.799999999999999400, -12.48000000000000200 ) ) ;
#5695 = EDGE_CURVE ( 'NONE', #2622, #1661, #3697, .T. ) ;
#5696 = UNCERTAINTY_MEASURE_WITH_UNIT (LENGTH_MEASURE( 1.000000000000000100E-005 ), #4674, 'distance_accuracy_value', 'NONE');
#5697 = EDGE_LOOP ( 'NONE', ( #648, #6380, #4135, #2966 ) ) ;
#5698 = LINE ( 'NONE', #6730, #4177 ) ;
#5699 = PLANE ( 'NONE',  #3578 ) ;
#5700 = CARTESIAN_POINT ( 'NONE',  ( 1.050000000000000000, 11.70000000000000100, -7.940000000000001300 ) ) ;
#5701 = ORIENTED_EDGE ( 'NONE', *, *, #2362, .F. ) ;
#5702 = VERTEX_POINT ( 'NONE', #1088 ) ;
#5703 = ADVANCED_FACE ( 'NONE', ( #3508 ), #5672, .T. ) ;
#5704 = SURFACE_STYLE_FILL_AREA ( #957 ) ;
#5705 = CARTESIAN_POINT ( 'NONE',  ( 1.490000000000000000, -2.799999999999999400, -2.860000000000000300 ) ) ;
#5706 = COLOUR_RGB ( '',0.7960784313725489700, 0.8235294117647058400, 0.9372549019607843100 ) ;
#5707 = PLANE ( 'NONE',  #2892 ) ;
#5708 =( NAMED_UNIT ( * ) PLANE_ANGLE_UNIT ( ) SI_UNIT ( $, .RADIAN. ) );
#5709 =( LENGTH_UNIT ( ) NAMED_UNIT ( * ) SI_UNIT ( .MILLI., .METRE. ) );
#5710 =( NAMED_UNIT ( * ) PLANE_ANGLE_UNIT ( ) SI_UNIT ( $, .RADIAN. ) );
#5711 = CARTESIAN_POINT ( 'NONE',  ( -1.490000000000000200, -2.799999999999999400, -4.760000000000000700 ) ) ;
#5712 = LINE ( 'NONE', #5241, #2663 ) ;
#5713 = LINE ( 'NONE', #6337, #4192 ) ;
#5714 = EDGE_CURVE ( 'NONE', #1689, #2515, #2960, .T. ) ;
#5715 = FACE_OUTER_BOUND ( 'NONE', #2968, .T. ) ;
#5716 = LINE ( 'NONE', #5061, #4194 ) ;
#5717 = LINE ( 'NONE', #1143, #1240 ) ;
#5718 = DIRECTION ( 'NONE',  ( -0.0000000000000000000, 1.000000000000000000, 0.0000000000000000000 ) ) ;
#5719 = VECTOR ( 'NONE', #5643, 1000.000000000000000 ) ;
#5720 = AXIS2_PLACEMENT_3D ( 'NONE', #1080, #5092, #1647 ) ;
#5721 = STYLED_ITEM ( 'NONE', ( #4016 ), #2104 ) ;
#5722 = ORIENTED_EDGE ( 'NONE', *, *, #1152, .F. ) ;
#5723 = PRESENTATION_LAYER_ASSIGNMENT (  '', '', ( #4969 ) ) ;
#5724 = FACE_OUTER_BOUND ( 'NONE', #1695, .T. ) ;
#5725 =( NAMED_UNIT ( * ) PLANE_ANGLE_UNIT ( ) SI_UNIT ( $, .RADIAN. ) );
#5726 = CARTESIAN_POINT ( 'NONE',  ( 1.050000000000000000, -2.799999999999999400, -5.400000000000000400 ) ) ;
#5727 = VECTOR ( 'NONE', #204, 1000.000000000000000 ) ;
#5728 = ORIENTED_EDGE ( 'NONE', *, *, #5438, .F. ) ;
#5729 = SURFACE_STYLE_USAGE ( .BOTH. , #1724 ) ;
#5730 = DIRECTION ( 'NONE',  ( 0.0000000000000000000, 0.0000000000000000000, 1.000000000000000000 ) ) ;
#5731 = VERTEX_POINT ( 'NONE', #2832 ) ;
#5732 = CARTESIAN_POINT ( 'NONE',  ( -2.539999999999999600, 0.0000000000000000000, -1.703421052631578900 ) ) ;
#5733 = ORIENTED_EDGE ( 'NONE', *, *, #3063, .T. ) ;
#5734 = VERTEX_POINT ( 'NONE', #5128 ) ;
#5735 = SURFACE_SIDE_STYLE ('',( #464 ) ) ;
#5736 = DIRECTION ( 'NONE',  ( 2.492418787322998300E-016, 0.0000000000000000000, 1.000000000000000000 ) ) ;
#5737 = SURFACE_SIDE_STYLE ('',( #5306 ) ) ;
#5738 = ORIENTED_EDGE ( 'NONE', *, *, #1762, .T. ) ;
#5739 = UNCERTAINTY_MEASURE_WITH_UNIT (LENGTH_MEASURE( 1.000000000000000100E-005 ), #5046, 'distance_accuracy_value', 'NONE');
#5740 = SURFACE_STYLE_FILL_AREA ( #129 ) ;
#5741 = STYLED_ITEM ( 'NONE', ( #4183 ), #5043 ) ;
#5742 = CARTESIAN_POINT ( 'NONE',  ( -2.019999999999999600, 0.2999999999999999900, -1.270000000000000000 ) ) ;
#5743 = ADVANCED_FACE ( 'NONE', ( #5999 ), #5691, .T. ) ;
#5744 = PRESENTATION_STYLE_ASSIGNMENT (( #7313 ) ) ;
#5745 = ORIENTED_EDGE ( 'NONE', *, *, #2839, .F. ) ;
#5746 = SURFACE_STYLE_FILL_AREA ( #5432 ) ;
#5747 =( NAMED_UNIT ( * ) PLANE_ANGLE_UNIT ( ) SI_UNIT ( $, .RADIAN. ) );
#5748 = EDGE_CURVE ( 'NONE', #3095, #444, #897, .T. ) ;
#5749 = STYLED_ITEM ( 'NONE', ( #3243 ), #4095 ) ;
#5750 = CARTESIAN_POINT ( 'NONE',  ( -2.540000000000000000, 1.700000000000000000, -0.9034210526315790100 ) ) ;
#5751 = ORIENTED_EDGE ( 'NONE', *, *, #442, .F. ) ;
#5752 = CARTESIAN_POINT ( 'NONE',  ( 0.9499999999999999600, 11.70000000000000100, -12.92000000000000200 ) ) ;
#5753 = ORIENTED_EDGE ( 'NONE', *, *, #5158, .F. ) ;
#5754 = ORIENTED_EDGE ( 'NONE', *, *, #3765, .T. ) ;
#5755 = CARTESIAN_POINT ( 'NONE',  ( -1.590000000000000300, -2.799999999999999400, -12.92000000000000200 ) ) ;
#5756 = SURFACE_STYLE_USAGE ( .BOTH. , #1746 ) ;
#5757 = AXIS2_PLACEMENT_3D ( 'NONE', #2034, #6036, #2621 ) ;
#5758 = ORIENTED_EDGE ( 'NONE', *, *, #3517, .F. ) ;
#5759 = EDGE_CURVE ( 'NONE', #3153, #1816, #2423, .T. ) ;
#5760 =( NAMED_UNIT ( * ) SI_UNIT ( $, .STERADIAN. ) SOLID_ANGLE_UNIT ( ) );
#5761 = DIRECTION ( 'NONE',  ( 0.7071067811865486800, 0.0000000000000000000, 0.7071067811865464600 ) ) ;
#5762 = DIRECTION ( 'NONE',  ( 2.492418787322998300E-016, 0.0000000000000000000, 1.000000000000000000 ) ) ;
#5763 = ORIENTED_EDGE ( 'NONE', *, *, #4637, .F. ) ;
#5764 = FILL_AREA_STYLE_COLOUR ( '', #2290 ) ;
#5765 =( GEOMETRIC_REPRESENTATION_CONTEXT ( 3 ) GLOBAL_UNCERTAINTY_ASSIGNED_CONTEXT ( ( #5776 ) ) GLOBAL_UNIT_ASSIGNED_CONTEXT ( ( #2812, #6790, #3393 ) ) REPRESENTATION_CONTEXT ( 'NONE', 'WORKASPACE' ) );
#5766 = FILL_AREA_STYLE_COLOUR ( '', #5908 ) ;
#5767 =( NAMED_UNIT ( * ) SI_UNIT ( $, .STERADIAN. ) SOLID_ANGLE_UNIT ( ) );
#5768 = LINE ( 'NONE', #5126, #5605 ) ;
#5769 = ORIENTED_EDGE ( 'NONE', *, *, #2337, .F. ) ;
#5770 = DIRECTION ( 'NONE',  ( -0.0000000000000000000, -0.0000000000000000000, -1.000000000000000000 ) ) ;
#5771 = DIRECTION ( 'NONE',  ( -0.0000000000000000000, -1.000000000000000000, -0.0000000000000000000 ) ) ;
#5772 = FILL_AREA_STYLE_COLOUR ( '', #509 ) ;
#5773 =( GEOMETRIC_REPRESENTATION_CONTEXT ( 3 ) GLOBAL_UNCERTAINTY_ASSIGNED_CONTEXT ( ( #6758 ) ) GLOBAL_UNIT_ASSIGNED_CONTEXT ( ( #890, #4906, #1468 ) ) REPRESENTATION_CONTEXT ( 'NONE', 'WORKASPACE' ) );
#5774 = ADVANCED_FACE ( 'NONE', ( #6788 ), #1157, .T. ) ;
#5775 =( LENGTH_UNIT ( ) NAMED_UNIT ( * ) SI_UNIT ( .MILLI., .METRE. ) );
#5776 = UNCERTAINTY_MEASURE_WITH_UNIT (LENGTH_MEASURE( 1.000000000000000100E-005 ), #2812, 'distance_accuracy_value', 'NONE');
#5777 =( GEOMETRIC_REPRESENTATION_CONTEXT ( 3 ) GLOBAL_UNCERTAINTY_ASSIGNED_CONTEXT ( ( #2485 ) ) GLOBAL_UNIT_ASSIGNED_CONTEXT ( ( #943, #917, #887 ) ) REPRESENTATION_CONTEXT ( 'NONE', 'WORKASPACE' ) );
#5778 = CARTESIAN_POINT ( 'NONE',  ( 1.590000000000000100, -2.799999999999999400, -2.319999999999999800 ) ) ;
#5779 =( LENGTH_UNIT ( ) NAMED_UNIT ( * ) SI_UNIT ( .MILLI., .METRE. ) );
#5780 = DIRECTION ( 'NONE',  ( 2.492418787322998300E-016, 0.0000000000000000000, 1.000000000000000000 ) ) ;
#5781 = STYLED_ITEM ( 'NONE', ( #2226 ), #4618 ) ;
#5782 =( NAMED_UNIT ( * ) PLANE_ANGLE_UNIT ( ) SI_UNIT ( $, .RADIAN. ) );
#5783 = EDGE_CURVE ( 'NONE', #7169, #27, #138, .T. ) ;
#5784 = ORIENTED_EDGE ( 'NONE', *, *, #3657, .F. ) ;
#5785 = DIRECTION ( 'NONE',  ( 0.7071067811865474600, 0.0000000000000000000, 0.7071067811865474600 ) ) ;
#5786 = ORIENTED_EDGE ( 'NONE', *, *, #5369, .F. ) ;
#5787 = COLOUR_RGB ( '',0.7960784313725489700, 0.8235294117647058400, 0.9372549019607843100 ) ;
#5788 = PRESENTATION_LAYER_ASSIGNMENT (  '', '', ( #5418 ) ) ;
#5789 =( NAMED_UNIT ( * ) SI_UNIT ( $, .STERADIAN. ) SOLID_ANGLE_UNIT ( ) );
#5790 = VECTOR ( 'NONE', #1530, 1000.000000000000000 ) ;
#5791 = EDGE_LOOP ( 'NONE', ( #611, #7185, #2633, #2702 ) ) ;
#5792 = VERTEX_POINT ( 'NONE', #2334 ) ;
#5793 = VECTOR ( 'NONE', #265, 1000.000000000000000 ) ;
#5794 = CARTESIAN_POINT ( 'NONE',  ( -2.539999999999999600, 0.0000000000000000000, -4.243421052631578800 ) ) ;
#5795 = LINE ( 'NONE', #3611, #7104 ) ;
#5796 = LINE ( 'NONE', #4173, #2758 ) ;
#5797 = MECHANICAL_DESIGN_GEOMETRIC_PRESENTATION_REPRESENTATION (  '', ( #5049 ), #6179 ) ;
#5798 = COLOUR_RGB ( '',0.7960784313725489700, 0.8235294117647058400, 0.9372549019607843100 ) ;
#5799 = ORIENTED_EDGE ( 'NONE', *, *, #382, .F. ) ;
#5800 = CARTESIAN_POINT ( 'NONE',  ( 0.9499999999999999600, -2.799999999999999400, -2.319999999999999800 ) ) ;
#5801 = DIRECTION ( 'NONE',  ( 0.0000000000000000000, 1.000000000000000000, 0.0000000000000000000 ) ) ;
#5802 = FACE_OUTER_BOUND ( 'NONE', #2858, .T. ) ;
#5803 = VECTOR ( 'NONE', #5363, 1000.000000000000000 ) ;
#5804 = CARTESIAN_POINT ( 'NONE',  ( 2.140000000000001500, 1.700000000000000000, 1.270000000000000000 ) ) ;
#5805 = ORIENTED_EDGE ( 'NONE', *, *, #2314, .F. ) ;
#5806 = CARTESIAN_POINT ( 'NONE',  ( 0.9499999999999999600, -2.799999999999999400, -7.400000000000000400 ) ) ;
#5807 = FACE_OUTER_BOUND ( 'NONE', #3354, .T. ) ;
#5808 =( GEOMETRIC_REPRESENTATION_CONTEXT ( 3 ) GLOBAL_UNCERTAINTY_ASSIGNED_CONTEXT ( ( #4219 ) ) GLOBAL_UNIT_ASSIGNED_CONTEXT ( ( #1813, #5831, #2400 ) ) REPRESENTATION_CONTEXT ( 'NONE', 'WORKASPACE' ) );
#5809 = EDGE_CURVE ( 'NONE', #1925, #3207, #4751, .T. ) ;
#5810 = EDGE_CURVE ( 'NONE', #1954, #2266, #1706, .T. ) ;
#5811 = MECHANICAL_DESIGN_GEOMETRIC_PRESENTATION_REPRESENTATION (  '', ( #4663 ), #6190 ) ;
#5812 = FILL_AREA_STYLE_COLOUR ( '', #7458 ) ;
#5813 = ADVANCED_FACE ( 'NONE', ( #5911 ), #3489, .T. ) ;
#5814 = ORIENTED_EDGE ( 'NONE', *, *, #5809, .T. ) ;
#5815 = DIRECTION ( 'NONE',  ( 0.0000000000000000000, 1.000000000000000000, 0.0000000000000000000 ) ) ;
#5816 = DIRECTION ( 'NONE',  ( 0.0000000000000000000, 1.000000000000000000, 0.0000000000000000000 ) ) ;
#5817 =( GEOMETRIC_REPRESENTATION_CONTEXT ( 3 ) GLOBAL_UNCERTAINTY_ASSIGNED_CONTEXT ( ( #2524 ) ) GLOBAL_UNIT_ASSIGNED_CONTEXT ( ( #1359, #5388, #1936 ) ) REPRESENTATION_CONTEXT ( 'NONE', 'WORKASPACE' ) );
#5818 = COLOUR_RGB ( '',0.7960784313725489700, 0.8235294117647058400, 0.9372549019607843100 ) ;
#5819 = ORIENTED_EDGE ( 'NONE', *, *, #5300, .F. ) ;
#5820 = ORIENTED_EDGE ( 'NONE', *, *, #4167, .F. ) ;
#5821 = SURFACE_STYLE_FILL_AREA ( #5573 ) ;
#5822 = DIRECTION ( 'NONE',  ( 1.000000000000000000, 0.0000000000000000000, 0.0000000000000000000 ) ) ;
#5823 = EDGE_CURVE ( 'NONE', #6383, #6335, #992, .T. ) ;
#5824 = COLOUR_RGB ( '',0.7960784313725489700, 0.8235294117647058400, 0.9372549019607843100 ) ;
#5825 = LINE ( 'NONE', #1419, #2787 ) ;
#5826 = FILL_AREA_STYLE_COLOUR ( '', #3854 ) ;
#5827 = EDGE_LOOP ( 'NONE', ( #5814, #5799, #466, #6175 ) ) ;
#5828 = UNCERTAINTY_MEASURE_WITH_UNIT (LENGTH_MEASURE( 1.000000000000000100E-005 ), #3405, 'distance_accuracy_value', 'NONE');
#5829 = DIRECTION ( 'NONE',  ( -1.000000000000000000, 0.0000000000000000000, 0.0000000000000000000 ) ) ;
#5830 =( GEOMETRIC_REPRESENTATION_CONTEXT ( 3 ) GLOBAL_UNCERTAINTY_ASSIGNED_CONTEXT ( ( #5659 ) ) GLOBAL_UNIT_ASSIGNED_CONTEXT ( ( #7088, #3713, #219 ) ) REPRESENTATION_CONTEXT ( 'NONE', 'WORKASPACE' ) );
#5831 =( NAMED_UNIT ( * ) PLANE_ANGLE_UNIT ( ) SI_UNIT ( $, .RADIAN. ) );
#5832 = DIRECTION ( 'NONE',  ( 0.7071067811865477900, 0.0000000000000000000, -0.7071067811865473500 ) ) ;
#5833 = FACE_OUTER_BOUND ( 'NONE', #5026, .T. ) ;
#5834 = CARTESIAN_POINT ( 'NONE',  ( -1.490000000000000000, -2.799999999999999400, -2.860000000000000300 ) ) ;
#5835 =( LENGTH_UNIT ( ) NAMED_UNIT ( * ) SI_UNIT ( .MILLI., .METRE. ) );
#5836 = FACE_OUTER_BOUND ( 'NONE', #7193, .T. ) ;
#5837 = ORIENTED_EDGE ( 'NONE', *, *, #270, .F. ) ;
#5838 = VECTOR ( 'NONE', #5924, 1000.000000000000000 ) ;
#5839 = EDGE_CURVE ( 'NONE', #1839, #3070, #5386, .T. ) ;
#5840 = ORIENTED_EDGE ( 'NONE', *, *, #6322, .F. ) ;
#5841 = MECHANICAL_DESIGN_GEOMETRIC_PRESENTATION_REPRESENTATION (  '', ( #4689 ), #6209 ) ;
#5842 = LINE ( 'NONE', #6497, #4317 ) ;
#5843 = CARTESIAN_POINT ( 'NONE',  ( -1.050000000000000000, -2.799999999999999400, -13.02000000000000100 ) ) ;
#5844 = COLOUR_RGB ( '',0.0000000000000000000, 0.003921568627450980300, 0.09019607843137254800 ) ;
#5845 = DIRECTION ( 'NONE',  ( -0.0000000000000000000, 1.000000000000000000, -0.0000000000000000000 ) ) ;
#5846 = VERTEX_POINT ( 'NONE', #1800 ) ;
#5847 = EDGE_CURVE ( 'NONE', #6626, #6181, #6693, .T. ) ;
#5848 =( NAMED_UNIT ( * ) SI_UNIT ( $, .STERADIAN. ) SOLID_ANGLE_UNIT ( ) );
#5849 = ADVANCED_FACE ( 'NONE', ( #6871 ), #6372, .T. ) ;
#5850 =( NAMED_UNIT ( * ) SI_UNIT ( $, .STERADIAN. ) SOLID_ANGLE_UNIT ( ) );
#5851 = DIRECTION ( 'NONE',  ( 0.0000000000000000000, 1.000000000000000000, 0.0000000000000000000 ) ) ;
#5852 = STYLED_ITEM ( 'NONE', ( #4737 ), #1645 ) ;
#5853 = LINE ( 'NONE', #1752, #1462 ) ;
#5854 = CARTESIAN_POINT ( 'NONE',  ( 1.050000000000000000, -2.799999999999999400, -10.48000000000000200 ) ) ;
#5855 = EDGE_LOOP ( 'NONE', ( #469, #1280, #2425, #3711 ) ) ;
#5856 = CARTESIAN_POINT ( 'NONE',  ( -2.540000000000000000, 0.0000000000000000000, -3.443421052631578900 ) ) ;
#5857 = STYLED_ITEM ( 'NONE', ( #3949 ), #2852 ) ;
#5858 = AXIS2_PLACEMENT_3D ( 'NONE', #4806, #1364, #5394 ) ;
#5859 =( LENGTH_UNIT ( ) NAMED_UNIT ( * ) SI_UNIT ( .MILLI., .METRE. ) );
#5860 = PLANE ( 'NONE',  #4305 ) ;
#5861 = VERTEX_POINT ( 'NONE', #6926 ) ;
#5862 = UNCERTAINTY_MEASURE_WITH_UNIT (LENGTH_MEASURE( 1.000000000000000100E-005 ), #4428, 'distance_accuracy_value', 'NONE');
#5863 = AXIS2_PLACEMENT_3D ( 'NONE', #5750, #2317, #6305 ) ;
#5864 = ORIENTED_EDGE ( 'NONE', *, *, #1233, .F. ) ;
#5865 = UNCERTAINTY_MEASURE_WITH_UNIT (LENGTH_MEASURE( 1.000000000000000100E-005 ), #5859, 'distance_accuracy_value', 'NONE');
#5866 = DIRECTION ( 'NONE',  ( -0.7071067811865475700, 0.0000000000000000000, 0.7071067811865475700 ) ) ;
#5867 = CARTESIAN_POINT ( 'NONE',  ( -0.9499999999999999600, 11.70000000000000100, 0.2200000000000000800 ) ) ;
#5868 =( NAMED_UNIT ( * ) SI_UNIT ( $, .STERADIAN. ) SOLID_ANGLE_UNIT ( ) );
#5869 = FACE_OUTER_BOUND ( 'NONE', #977, .T. ) ;
#5870 =( NAMED_UNIT ( * ) PLANE_ANGLE_UNIT ( ) SI_UNIT ( $, .RADIAN. ) );
#5871 = DIRECTION ( 'NONE',  ( 0.0000000000000000000, -0.0000000000000000000, 1.000000000000000000 ) ) ;
#5872 = MECHANICAL_DESIGN_GEOMETRIC_PRESENTATION_REPRESENTATION (  '', ( #4732 ), #6256 ) ;
#5873 = DIRECTION ( 'NONE',  ( 1.000000000000000000, 0.0000000000000000000, 0.0000000000000000000 ) ) ;
#5874 = VECTOR ( 'NONE', #3210, 1000.000000000000000 ) ;
#5875 = FILL_AREA_STYLE ('',( #101 ) ) ;
#5876 = LINE ( 'NONE', #4247, #1489 ) ;
#5877 = COLOUR_RGB ( '',0.7960784313725489700, 0.8235294117647058400, 0.9372549019607843100 ) ;
#5878 = PRESENTATION_STYLE_ASSIGNMENT (( #7177 ) ) ;
#5879 = ADVANCED_FACE ( 'NONE', ( #6173 ), #73, .T. ) ;
#5880 = DIRECTION ( 'NONE',  ( 0.0000000000000000000, 1.000000000000000000, 0.0000000000000000000 ) ) ;
#5881 = PRESENTATION_STYLE_ASSIGNMENT (( #789 ) ) ;
#5882 = LINE ( 'NONE', #6364, #7020 ) ;
#5883 = CARTESIAN_POINT ( 'NONE',  ( -1.050000000000000000, -2.799999999999999400, -9.840000000000001600 ) ) ;
#5884 = VECTOR ( 'NONE', #5771, 1000.000000000000000 ) ;
#5885 = LINE ( 'NONE', #3720, #2850 ) ;
#5886 = EDGE_LOOP ( 'NONE', ( #236, #437, #288, #3896 ) ) ;
#5887 = SURFACE_STYLE_FILL_AREA ( #2068 ) ;
#5888 = STYLED_ITEM ( 'NONE', ( #408 ), #1198 ) ;
#5889 = EDGE_CURVE ( 'NONE', #6896, #3191, #2597, .T. ) ;
#5890 = DIRECTION ( 'NONE',  ( -0.7071067811865462400, 0.0000000000000000000, -0.7071067811865489100 ) ) ;
#5891 = SURFACE_STYLE_FILL_AREA ( #4726 ) ;
#5892 = EDGE_LOOP ( 'NONE', ( #3128, #2282, #5939, #3699 ) ) ;
#5893 = VECTOR ( 'NONE', #7233, 1000.000000000000100 ) ;
#5894 = CARTESIAN_POINT ( 'NONE',  ( 2.140000000000001500, 0.0000000000000000000, -8.890000000000000600 ) ) ;
#5895 =( NAMED_UNIT ( * ) PLANE_ANGLE_UNIT ( ) SI_UNIT ( $, .RADIAN. ) );
#5896 = FILL_AREA_STYLE_COLOUR ( '', #2617 ) ;
#5897 = FILL_AREA_STYLE_COLOUR ( '', #2755 ) ;
#5898 =( NAMED_UNIT ( * ) PLANE_ANGLE_UNIT ( ) SI_UNIT ( $, .RADIAN. ) );
#5899 = LINE ( 'NONE', #7137, #1330 ) ;
#5900 = CARTESIAN_POINT ( 'NONE',  ( -1.490000000000000200, -2.799999999999999400, -2.220000000000000200 ) ) ;
#5901 = LINE ( 'NONE', #5932, #1332 ) ;
#5902 = CARTESIAN_POINT ( 'NONE',  ( 1.590000000000000100, -2.799999999999999400, -10.38000000000000100 ) ) ;
#5903 = ORIENTED_EDGE ( 'NONE', *, *, #486, .F. ) ;
#5904 = PRESENTATION_STYLE_ASSIGNMENT (( #1629 ) ) ;
#5905 = MECHANICAL_DESIGN_GEOMETRIC_PRESENTATION_REPRESENTATION (  '', ( #4763 ), #6278 ) ;
#5906 = EDGE_CURVE ( 'NONE', #6101, #317, #7132, .T. ) ;
#5907 = ORIENTED_EDGE ( 'NONE', *, *, #1341, .T. ) ;
#5908 = COLOUR_RGB ( '',0.7960784313725489700, 0.8235294117647058400, 0.9372549019607843100 ) ;
#5909 = PRODUCT_RELATED_PRODUCT_CATEGORY ( 'part', '', ( #894 ) ) ;
#5910 = ORIENTED_EDGE ( 'NONE', *, *, #5823, .F. ) ;
#5911 = FACE_OUTER_BOUND ( 'NONE', #6484, .T. ) ;
#5912 = ORIENTED_EDGE ( 'NONE', *, *, #6322, .T. ) ;
#5913 = ORIENTED_EDGE ( 'NONE', *, *, #3743, .F. ) ;
#5914 = PRESENTATION_STYLE_ASSIGNMENT (( #3643 ) ) ;
#5915 = MECHANICAL_DESIGN_GEOMETRIC_PRESENTATION_REPRESENTATION (  '', ( #5165 ), #6284 ) ;
#5916 = VECTOR ( 'NONE', #5053, 1000.000000000000000 ) ;
#5917 = VERTEX_POINT ( 'NONE', #3591 ) ;
#5918 =( LENGTH_UNIT ( ) NAMED_UNIT ( * ) SI_UNIT ( .MILLI., .METRE. ) );
#5919 = UNCERTAINTY_MEASURE_WITH_UNIT (LENGTH_MEASURE( 1.000000000000000100E-005 ), #161, 'distance_accuracy_value', 'NONE');
#5920 =( NAMED_UNIT ( * ) PLANE_ANGLE_UNIT ( ) SI_UNIT ( $, .RADIAN. ) );
#5921 = MECHANICAL_DESIGN_GEOMETRIC_PRESENTATION_REPRESENTATION (  '', ( #4778 ), #6290 ) ;
#5922 = CARTESIAN_POINT ( 'NONE',  ( -1.490000000000000200, 11.70000000000000100, -9.840000000000001600 ) ) ;
#5924 = DIRECTION ( 'NONE',  ( 0.0000000000000000000, 1.000000000000000000, 0.0000000000000000000 ) ) ;
#5923 = SURFACE_STYLE_FILL_AREA ( #299 ) ;
#5925 = DIRECTION ( 'NONE',  ( -0.0000000000000000000, -0.0000000000000000000, -1.000000000000000000 ) ) ;
#5926 = EDGE_CURVE ( 'NONE', #2722, #7055, #3957, .T. ) ;
#5927 = EDGE_LOOP ( 'NONE', ( #1215, #7402, #89, #6549 ) ) ;
#5928 = DIRECTION ( 'NONE',  ( -1.000000000000000000, 0.0000000000000000000, 0.0000000000000000000 ) ) ;
#5929 = ORIENTED_EDGE ( 'NONE', *, *, #3518, .T. ) ;
#5930 = MECHANICAL_DESIGN_GEOMETRIC_PRESENTATION_REPRESENTATION (  '', ( #5175 ), #6300 ) ;
#5931 = DIRECTION ( 'NONE',  ( -0.7372346670543746800, -0.0000000000000000000, 0.6756367705307528800 ) ) ;
#5932 = CARTESIAN_POINT ( 'NONE',  ( 1.050000000000000000, -2.799999999999999400, -4.760000000000000700 ) ) ;
#5933 = CARTESIAN_POINT ( 'NONE',  ( -2.140000000000000600, 1.700000000000000000, -13.97000000000000100 ) ) ;
#5934 = ORIENTED_EDGE ( 'NONE', *, *, #5759, .F. ) ;
#5935 = FILL_AREA_STYLE_COLOUR ( '', #1004 ) ;
#5936 = CARTESIAN_POINT ( 'NONE',  ( 1.590000000000000100, -2.799999999999999400, -4.860000000000000300 ) ) ;
#5937 = CARTESIAN_POINT ( 'NONE',  ( 2.140000000000001500, 1.700000000000000000, -11.43000000000000100 ) ) ;
#5938 = STYLED_ITEM ( 'NONE', ( #217 ), #729 ) ;
#5939 = ORIENTED_EDGE ( 'NONE', *, *, #6534, .F. ) ;
#5940 = FILL_AREA_STYLE_COLOUR ( '', #3196 ) ;
#5941 =( NAMED_UNIT ( * ) SI_UNIT ( $, .STERADIAN. ) SOLID_ANGLE_UNIT ( ) );
#5942 = DIRECTION ( 'NONE',  ( -0.0000000000000000000, -0.0000000000000000000, -1.000000000000000000 ) ) ;
#5943 = SURFACE_SIDE_STYLE ('',( #78 ) ) ;
#5944 = CARTESIAN_POINT ( 'NONE',  ( 0.9499999999999999600, 11.70000000000000100, -0.2200000000000000000 ) ) ;
#5945 = EDGE_CURVE ( 'NONE', #4454, #2487, #1077, .T. ) ;
#5946 = SURFACE_STYLE_USAGE ( .BOTH. , #1940 ) ;
#5947 = PRESENTATION_STYLE_ASSIGNMENT (( #3247 ) ) ;
#5948 = PRESENTATION_LAYER_ASSIGNMENT (  '', '', ( #5202 ) ) ;
#5949 = FILL_AREA_STYLE_COLOUR ( '', #4204 ) ;
#5950 = MECHANICAL_DESIGN_GEOMETRIC_PRESENTATION_REPRESENTATION (  '', ( #4808 ), #6331 ) ;
#5951 = PRESENTATION_LAYER_ASSIGNMENT (  '', '', ( #5207 ) ) ;
#5952 = VERTEX_POINT ( 'NONE', #5328 ) ;
#5953 = VERTEX_POINT ( 'NONE', #7001 ) ;
#5954 = FACE_OUTER_BOUND ( 'NONE', #5486, .T. ) ;
#5955 = DIRECTION ( 'NONE',  ( 0.7071067811865477900, 0.0000000000000000000, -0.7071067811865473500 ) ) ;
#5956 = CARTESIAN_POINT ( 'NONE',  ( 1.490000000000000000, -2.799999999999999400, -9.840000000000001600 ) ) ;
#5957 = VECTOR ( 'NONE', #5120, 1000.000000000000000 ) ;
#5958 =( NAMED_UNIT ( * ) SI_UNIT ( $, .STERADIAN. ) SOLID_ANGLE_UNIT ( ) );
#5959 =( NAMED_UNIT ( * ) SI_UNIT ( $, .STERADIAN. ) SOLID_ANGLE_UNIT ( ) );
#5960 = UNCERTAINTY_MEASURE_WITH_UNIT (LENGTH_MEASURE( 1.000000000000000100E-005 ), #3195, 'distance_accuracy_value', 'NONE');
#5961 = EDGE_CURVE ( 'NONE', #6016, #3255, #3776, .T. ) ;
#5962 = VECTOR ( 'NONE', #6180, 1000.000000000000000 ) ;
#5963 = FACE_OUTER_BOUND ( 'NONE', #3877, .T. ) ;
#5964 = DIRECTION ( 'NONE',  ( -0.7071067811865464600, 0.0000000000000000000, 0.7071067811865486800 ) ) ;
#5965 = ORIENTED_EDGE ( 'NONE', *, *, #7178, .F. ) ;
#5966 = PLANE ( 'NONE',  #613 ) ;
#5967 = DIRECTION ( 'NONE',  ( 0.7071067811865477900, 0.0000000000000000000, -0.7071067811865473500 ) ) ;
#5968 = FACE_OUTER_BOUND ( 'NONE', #1277, .T. ) ;
#5969 = EDGE_CURVE ( 'NONE', #3191, #2353, #4129, .T. ) ;
#5970 = PRESENTATION_LAYER_ASSIGNMENT (  '', '', ( #5228 ) ) ;
#5971 = SURFACE_STYLE_USAGE ( .BOTH. , #1970 ) ;
#5972 = PLANE ( 'NONE',  #2035 ) ;
#5973 = EDGE_CURVE ( 'NONE', #1475, #2722, #697, .T. ) ;
#5974 = ORIENTED_EDGE ( 'NONE', *, *, #228, .F. ) ;
#5975 =( GEOMETRIC_REPRESENTATION_CONTEXT ( 3 ) GLOBAL_UNCERTAINTY_ASSIGNED_CONTEXT ( ( #1646 ) ) GLOBAL_UNIT_ASSIGNED_CONTEXT ( ( #5205, #1761, #5767 ) ) REPRESENTATION_CONTEXT ( 'NONE', 'WORKASPACE' ) );
#5976 = DIRECTION ( 'NONE',  ( 0.7071067811865486800, 0.0000000000000000000, 0.7071067811865464600 ) ) ;
#5977 =( LENGTH_UNIT ( ) NAMED_UNIT ( * ) SI_UNIT ( .MILLI., .METRE. ) );
#5978 =( NAMED_UNIT ( * ) PLANE_ANGLE_UNIT ( ) SI_UNIT ( $, .RADIAN. ) );
#5979 = PRESENTATION_STYLE_ASSIGNMENT (( #376 ) ) ;
#5980 = PRESENTATION_STYLE_ASSIGNMENT (( #1521 ) ) ;
#5981 = SURFACE_STYLE_FILL_AREA ( #5494 ) ;
#5982 = VERTEX_POINT ( 'NONE', #2483 ) ;
#5983 = COLOUR_RGB ( '',0.0000000000000000000, 0.003921568627450980300, 0.09019607843137254800 ) ;
#5984 = EDGE_CURVE ( 'NONE', #3587, #4895, #3588, .T. ) ;
#5985 = PLANE ( 'NONE',  #3459 ) ;
#5986 = CARTESIAN_POINT ( 'NONE',  ( -0.9499999999999999600, -2.799999999999999400, -5.299999999999999800 ) ) ;
#5987 = CARTESIAN_POINT ( 'NONE',  ( -1.590000000000000300, -2.799999999999999400, -7.839999999999999900 ) ) ;
#5988 = CARTESIAN_POINT ( 'NONE',  ( 1.050000000000000000, 11.70000000000000100, -12.38000000000000300 ) ) ;
#5989 = ORIENTED_EDGE ( 'NONE', *, *, #4817, .F. ) ;
#5990 = VECTOR ( 'NONE', #6665, 1000.000000000000000 ) ;
#5991 = CARTESIAN_POINT ( 'NONE',  ( 0.9499999999999999600, -2.799999999999999400, -12.48000000000000200 ) ) ;
#5992 = CARTESIAN_POINT ( 'NONE',  ( -2.140000000000000600, 1.700000000000000000, -8.890000000000000600 ) ) ;
#5993 = MECHANICAL_DESIGN_GEOMETRIC_PRESENTATION_REPRESENTATION (  '', ( #4859 ), #6373 ) ;
#5994 =( GEOMETRIC_REPRESENTATION_CONTEXT ( 3 ) GLOBAL_UNCERTAINTY_ASSIGNED_CONTEXT ( ( #5828 ) ) GLOBAL_UNIT_ASSIGNED_CONTEXT ( ( #3405, #7375, #3985 ) ) REPRESENTATION_CONTEXT ( 'NONE', 'WORKASPACE' ) );
#5995 = LINE ( 'NONE', #565, #4495 ) ;
#5996 = LINE ( 'NONE', #7421, #39 ) ;
#5997 = CARTESIAN_POINT ( 'NONE',  ( 1.490000000000000000, 11.70000000000000100, -2.860000000000000300 ) ) ;
#5998 = DIRECTION ( 'NONE',  ( 0.7071067811865486800, 0.0000000000000000000, -0.7071067811865463500 ) ) ;
#5999 = FACE_OUTER_BOUND ( 'NONE', #4896, .T. ) ;
#6000 = STYLED_ITEM ( 'NONE', ( #787 ), #5849 ) ;
#6001 = UNCERTAINTY_MEASURE_WITH_UNIT (LENGTH_MEASURE( 1.000000000000000100E-005 ), #1862, 'distance_accuracy_value', 'NONE');
#6002 = ORIENTED_EDGE ( 'NONE', *, *, #125, .T. ) ;
#6003 = VERTEX_POINT ( 'NONE', #757 ) ;
#6004 = LINE ( 'NONE', #225, #1622 ) ;
#6005 = SURFACE_STYLE_FILL_AREA ( #5584 ) ;
#6006 = DIRECTION ( 'NONE',  ( 0.0000000000000000000, 0.0000000000000000000, 1.000000000000000000 ) ) ;
#6007 = DIRECTION ( 'NONE',  ( 0.0000000000000000000, -1.000000000000000000, 0.0000000000000000000 ) ) ;
#6008 =( NAMED_UNIT ( * ) SI_UNIT ( $, .STERADIAN. ) SOLID_ANGLE_UNIT ( ) );
#6009 =( LENGTH_UNIT ( ) NAMED_UNIT ( * ) SI_UNIT ( .MILLI., .METRE. ) );
#6010 = STYLED_ITEM ( 'NONE', ( #3719 ), #6625 ) ;
#6011 = EDGE_LOOP ( 'NONE', ( #1722, #5233, #7131, #276, #7151, #2564, #1129, #3522, #3232, #737, #3599, #3202, #3454, #7431, #1024, #1235, #4843, #367, #4324, #3769, #4918, #653, #19, #3880, #1715, #2771, #3493, #6351, #2253, #3807, #5685, #7240, #4215, #7041, #969, #7192, #1101, #4845 ) ) ;
#6012 = ORIENTED_EDGE ( 'NONE', *, *, #1615, .T. ) ;
#6013 = LINE ( 'NONE', #158, #2972 ) ;
#6014 = SURFACE_STYLE_USAGE ( .BOTH. , #2008 ) ;
#6015 = PLANE ( 'NONE',  #5757 ) ;
#6016 = VERTEX_POINT ( 'NONE', #4206 ) ;
#6017 = VERTEX_POINT ( 'NONE', #738 ) ;
#6018 = FILL_AREA_STYLE_COLOUR ( '', #6126 ) ;
#6020 = CARTESIAN_POINT ( 'NONE',  ( -1.590000000000000300, 11.70000000000000100, -12.48000000000000200 ) ) ;
#6019 = PRESENTATION_LAYER_ASSIGNMENT (  '', '', ( #5268 ) ) ;
#6021 = ORIENTED_EDGE ( 'NONE', *, *, #2450, .F. ) ;
#6022 = ORIENTED_EDGE ( 'NONE', *, *, #1114, .F. ) ;
#6023 = EDGE_CURVE ( 'NONE', #4537, #5324, #513, .T. ) ;
#6024 = COLOUR_RGB ( '',0.7960784313725489700, 0.8235294117647058400, 0.9372549019607843100 ) ;
#6025 = SURFACE_SIDE_STYLE ('',( #2029 ) ) ;
#6026 = DIRECTION ( 'NONE',  ( 0.7372346670543746800, 0.0000000000000000000, -0.6756367705307528800 ) ) ;
#6027 = DIRECTION ( 'NONE',  ( -1.000000000000000000, 0.0000000000000000000, 0.0000000000000000000 ) ) ;
#6028 =( GEOMETRIC_REPRESENTATION_CONTEXT ( 3 ) GLOBAL_UNCERTAINTY_ASSIGNED_CONTEXT ( ( #36 ) ) GLOBAL_UNIT_ASSIGNED_CONTEXT ( ( #3325, #7283, #3907 ) ) REPRESENTATION_CONTEXT ( 'NONE', 'WORKASPACE' ) );
#6029 = ORIENTED_EDGE ( 'NONE', *, *, #2886, .T. ) ;
#6030 = PLANE ( 'NONE',  #3841 ) ;
#6031 = DIRECTION ( 'NONE',  ( 0.0000000000000000000, 1.000000000000000000, 0.0000000000000000000 ) ) ;
#6032 = SURFACE_SIDE_STYLE ('',( #7059 ) ) ;
#6033 = FACE_OUTER_BOUND ( 'NONE', #1619, .T. ) ;
#6034 = ADVANCED_FACE ( 'NONE', ( #5294 ), #2504, .F. ) ;
#6035 = DIRECTION ( 'NONE',  ( -1.000000000000000000, -0.0000000000000000000, -0.0000000000000000000 ) ) ;
#6036 = DIRECTION ( 'NONE',  ( -0.7071067811865462400, 0.0000000000000000000, -0.7071067811865489100 ) ) ;
#6037 = PLANE ( 'NONE',  #6432 ) ;
#6038 = DIRECTION ( 'NONE',  ( -0.0000000000000000000, -1.000000000000000000, -0.0000000000000000000 ) ) ;
#6039 = SURFACE_STYLE_FILL_AREA ( #1199 ) ;
#6040 = PRESENTATION_LAYER_ASSIGNMENT (  '', '', ( #5676 ) ) ;
#6041 = DIRECTION ( 'NONE',  ( -1.000000000000000000, 0.0000000000000000000, 0.0000000000000000000 ) ) ;
#6042 = FILL_AREA_STYLE_COLOUR ( '', #4370 ) ;
#6043 = CARTESIAN_POINT ( 'NONE',  ( 2.540000000000000900, 0.0000000000000000000, -13.57000000000000200 ) ) ;
#6044 = EDGE_CURVE ( 'NONE', #2878, #3613, #4393, .T. ) ;
#6045 = SURFACE_STYLE_USAGE ( .BOTH. , #2043 ) ;
#6046 = SURFACE_STYLE_FILL_AREA ( #4570 ) ;
#6047 = PRESENTATION_STYLE_ASSIGNMENT (( #4024 ) ) ;
#6048 = STYLED_ITEM ( 'NONE', ( #6565 ), #3425 ) ;
#6049 = AXIS2_PLACEMENT_3D ( 'NONE', #2396, #6385, #2970 ) ;
#6050 = UNCERTAINTY_MEASURE_WITH_UNIT (LENGTH_MEASURE( 1.000000000000000100E-005 ), #3365, 'distance_accuracy_value', 'NONE');
#6051 =( NAMED_UNIT ( * ) SI_UNIT ( $, .STERADIAN. ) SOLID_ANGLE_UNIT ( ) );
#6052 = EDGE_LOOP ( 'NONE', ( #6404, #3816, #4659, #2366 ) ) ;
#6053 = APPLICATION_CONTEXT ( 'automotive_design' ) ;
#6054 = DIRECTION ( 'NONE',  ( -0.7071067811865470200, 0.0000000000000000000, 0.7071067811865481300 ) ) ;
#6055 = CARTESIAN_POINT ( 'NONE',  ( -1.490000000000000200, -2.799999999999999400, 0.3199999999999998400 ) ) ;
#6056 = CARTESIAN_POINT ( 'NONE',  ( 1.050000000000000000, -2.799999999999999400, -0.3200000000000001200 ) ) ;
#6057 = CARTESIAN_POINT ( 'NONE',  ( -2.539999999999999600, 1.700000000000000000, 0.8365789473684214200 ) ) ;
#6058 = FACE_OUTER_BOUND ( 'NONE', #3036, .T. ) ;
#6059 = FACE_OUTER_BOUND ( 'NONE', #3967, .T. ) ;
#6060 = PRESENTATION_STYLE_ASSIGNMENT (( #149 ) ) ;
#6061 = STYLED_ITEM ( 'NONE', ( #5633 ), #88 ) ;
#6062 = COLOUR_RGB ( '',0.7960784313725489700, 0.8235294117647058400, 0.9372549019607843100 ) ;
#6063 = EDGE_CURVE ( 'NONE', #633, #3587, #5901, .T. ) ;
#6064 = CARTESIAN_POINT ( 'NONE',  ( 0.0000000000000000000, -2.799999999999999400, -7.620000000000000100 ) ) ;
#6065 = SURFACE_SIDE_STYLE ('',( #5887 ) ) ;
#6066 = STYLED_ITEM ( 'NONE', ( #2965 ), #6944 ) ;
#6067 = EDGE_LOOP ( 'NONE', ( #3021, #2422, #1960, #1855 ) ) ;
#6068 = SURFACE_SIDE_STYLE ('',( #6905 ) ) ;
#6069 = ORIENTED_EDGE ( 'NONE', *, *, #351, .F. ) ;
#6070 = PRESENTATION_STYLE_ASSIGNMENT (( #2641 ) ) ;
#6071 =( NAMED_UNIT ( * ) PLANE_ANGLE_UNIT ( ) SI_UNIT ( $, .RADIAN. ) );
#6072 = PRESENTATION_STYLE_ASSIGNMENT (( #7311 ) ) ;
#6073 = CARTESIAN_POINT ( 'NONE',  ( -2.540000000000000000, 1.700000000000000000, -8.523421052631579900 ) ) ;
#6074 = EDGE_CURVE ( 'NONE', #7157, #1258, #1514, .T. ) ;
#6075 = LINE ( 'NONE', #2727, #4568 ) ;
#6076 = VECTOR ( 'NONE', #97, 1000.000000000000100 ) ;
#6077 = CARTESIAN_POINT ( 'NONE',  ( 2.540000000000000900, 0.0000000000000000000, -11.03000000000000100 ) ) ;
#6078 = VERTEX_POINT ( 'NONE', #7075 ) ;
#6079 = VECTOR ( 'NONE', #6658, 1000.000000000000000 ) ;
#6080 = ADVANCED_FACE ( 'NONE', ( #2865 ), #811, .F. ) ;
#6081 =( LENGTH_UNIT ( ) NAMED_UNIT ( * ) SI_UNIT ( .MILLI., .METRE. ) );
#6082 = SURFACE_STYLE_USAGE ( .BOTH. , #2087 ) ;
#6083 = VERTEX_POINT ( 'NONE', #3725 ) ;
#6084 = LINE ( 'NONE', #2182, #1696 ) ;
#6085 = PLANE ( 'NONE',  #2580 ) ;
#6086 =( LENGTH_UNIT ( ) NAMED_UNIT ( * ) SI_UNIT ( .MILLI., .METRE. ) );
#6087 =( NAMED_UNIT ( * ) PLANE_ANGLE_UNIT ( ) SI_UNIT ( $, .RADIAN. ) );
#6088 = ORIENTED_EDGE ( 'NONE', *, *, #2166, .F. ) ;
#6089 = LINE ( 'NONE', #642, #1702 ) ;
#6090 = PRESENTATION_STYLE_ASSIGNMENT (( #5224 ) ) ;
#6091 = EDGE_LOOP ( 'NONE', ( #4809, #3826, #1528, #5170, #989, #2258, #5395, #6922 ) ) ;
#6092 = VECTOR ( 'NONE', #1322, 999.9999999999998900 ) ;
#6093 = FILL_AREA_STYLE_COLOUR ( '', #626 ) ;
#6094 = CARTESIAN_POINT ( 'NONE',  ( 1.490000000000000000, -2.799999999999999400, -2.860000000000000300 ) ) ;
#6095 = EDGE_CURVE ( 'NONE', #6622, #4395, #2683, .T. ) ;
#6096 = DIRECTION ( 'NONE',  ( -0.7071067811865469100, -0.0000000000000000000, 0.7071067811865482400 ) ) ;
#6097 = LINE ( 'NONE', #1563, #4047 ) ;
#6098 =( LENGTH_UNIT ( ) NAMED_UNIT ( * ) SI_UNIT ( .MILLI., .METRE. ) );
#6099 = PRESENTATION_STYLE_ASSIGNMENT (( #4768 ) ) ;
#6100 = UNCERTAINTY_MEASURE_WITH_UNIT (LENGTH_MEASURE( 1.000000000000000100E-005 ), #7245, 'distance_accuracy_value', 'NONE');
#6101 = VERTEX_POINT ( 'NONE', #5997 ) ;
#6102 =( NAMED_UNIT ( * ) SI_UNIT ( $, .STERADIAN. ) SOLID_ANGLE_UNIT ( ) );
#6103 = DIRECTION ( 'NONE',  ( 0.0000000000000000000, -1.000000000000000000, 0.0000000000000000000 ) ) ;
#6104 = PRESENTATION_LAYER_ASSIGNMENT (  '', '', ( #5346 ) ) ;
#6105 = AXIS2_PLACEMENT_3D ( 'NONE', #2536, #6523, #3104 ) ;
#6106 = MECHANICAL_DESIGN_GEOMETRIC_PRESENTATION_REPRESENTATION (  '', ( #4969 ), #6468 ) ;
#6107 = PRESENTATION_STYLE_ASSIGNMENT (( #3724 ) ) ;
#6108 = DIRECTION ( 'NONE',  ( -0.7071067811865469100, -0.0000000000000000000, 0.7071067811865482400 ) ) ;
#6109 = CARTESIAN_POINT ( 'NONE',  ( -1.490000000000000000, -2.799999999999999400, -13.02000000000000100 ) ) ;
#6110 = ORIENTED_EDGE ( 'NONE', *, *, #3303, .F. ) ;
#6111 = VERTEX_POINT ( 'NONE', #2579 ) ;
#6112 = CARTESIAN_POINT ( 'NONE',  ( -0.9499999999999999600, -2.799999999999999400, -9.940000000000001300 ) ) ;
#6113 = CARTESIAN_POINT ( 'NONE',  ( 0.9499999999999999600, 11.70000000000000100, -12.48000000000000200 ) ) ;
#6114 = FILL_AREA_STYLE_COLOUR ( '', #3948 ) ;
#6115 = SURFACE_STYLE_FILL_AREA ( #4080 ) ;
#6116 = ADVANCED_FACE ( 'NONE', ( #2142 ), #1413, .F. ) ;
#6117 = DIRECTION ( 'NONE',  ( 0.0000000000000000000, 1.000000000000000000, 0.0000000000000000000 ) ) ;
#6118 = ORIENTED_EDGE ( 'NONE', *, *, #6835, .T. ) ;
#6119 = DIRECTION ( 'NONE',  ( -0.7071067811865469100, 0.0000000000000000000, 0.7071067811865482400 ) ) ;
#6121 = CARTESIAN_POINT ( 'NONE',  ( -1.590000000000000300, -2.799999999999999400, -7.839999999999999900 ) ) ;
#6120 = AXIS2_PLACEMENT_3D ( 'NONE', #3830, #345, #4394 ) ;
#6122 = CARTESIAN_POINT ( 'NONE',  ( -1.590000000000000300, 11.70000000000000100, -0.2200000000000002500 ) ) ;
#6123 = DIRECTION ( 'NONE',  ( -0.7071067811865489100, -0.0000000000000000000, -0.7071067811865461300 ) ) ;
#6124 =( LENGTH_UNIT ( ) NAMED_UNIT ( * ) SI_UNIT ( .MILLI., .METRE. ) );
#6125 = EDGE_CURVE ( 'NONE', #3345, #5408, #24, .T. ) ;
#6126 = COLOUR_RGB ( '',0.7960784313725489700, 0.8235294117647058400, 0.9372549019607843100 ) ;
#6127 = AXIS2_PLACEMENT_3D ( 'NONE', #5267, #1815, #5832 ) ;
#6128 = ORIENTED_EDGE ( 'NONE', *, *, #4803, .T. ) ;
#6129 =( NAMED_UNIT ( * ) SI_UNIT ( $, .STERADIAN. ) SOLID_ANGLE_UNIT ( ) );
#6130 = SURFACE_SIDE_STYLE ('',( #2590 ) ) ;
#6131 = SURFACE_STYLE_USAGE ( .BOTH. , #2123 ) ;
#6132 = LINE ( 'NONE', #4363, #1566 ) ;
#6133 = CARTESIAN_POINT ( 'NONE',  ( 2.540000000000000900, 1.700000000000000000, -4.210000000000000000 ) ) ;
#6134 = DIRECTION ( 'NONE',  ( 0.0000000000000000000, -0.0000000000000000000, -1.000000000000000000 ) ) ;
#6135 = CARTESIAN_POINT ( 'NONE',  ( -1.490000000000000200, 11.70000000000000100, 0.3199999999999998400 ) ) ;
#6136 = PRESENTATION_LAYER_ASSIGNMENT (  '', '', ( #5378 ) ) ;
#6137 = EDGE_CURVE ( 'NONE', #3698, #1003, #6507, .T. ) ;
#6138 = ORIENTED_EDGE ( 'NONE', *, *, #4086, .T. ) ;
#6139 = FACE_OUTER_BOUND ( 'NONE', #4739, .T. ) ;
#6140 = VECTOR ( 'NONE', #26, 1000.000000000000000 ) ;
#6141 = SURFACE_STYLE_USAGE ( .BOTH. , #2137 ) ;
#6142 = DIRECTION ( 'NONE',  ( 0.0000000000000000000, 1.000000000000000000, 0.0000000000000000000 ) ) ;
#6143 = ORIENTED_EDGE ( 'NONE', *, *, #1685, .F. ) ;
#6144 = PRESENTATION_LAYER_ASSIGNMENT (  '', '', ( #5164 ) ) ;
#6145 = FILL_AREA_STYLE_COLOUR ( '', #929 ) ;
#6146 = CARTESIAN_POINT ( 'NONE',  ( 1.050000000000000000, -2.799999999999999400, -4.760000000000000700 ) ) ;
#6147 = CARTESIAN_POINT ( 'NONE',  ( 1.050000000000000000, -2.799999999999999400, -2.860000000000000300 ) ) ;
#6148 = CARTESIAN_POINT ( 'NONE',  ( 0.9499999999999999600, -2.799999999999999400, -10.38000000000000100 ) ) ;
#6149 = UNCERTAINTY_MEASURE_WITH_UNIT (LENGTH_MEASURE( 1.000000000000000100E-005 ), #3383, 'distance_accuracy_value', 'NONE');
#6150 = ORIENTED_EDGE ( 'NONE', *, *, #1771, .F. ) ;
#6151 = ADVANCED_FACE ( 'NONE', ( #1412 ), #5469, .F. ) ;
#6152 = SURFACE_SIDE_STYLE ('',( #2019 ) ) ;
#6153 = DIRECTION ( 'NONE',  ( 1.000000000000000000, 0.0000000000000000000, 0.0000000000000000000 ) ) ;
#6154 = PLANE ( 'NONE',  #6631 ) ;
#6155 = EDGE_LOOP ( 'NONE', ( #4356, #173, #145, #2051 ) ) ;
#6156 = SURFACE_SIDE_STYLE ('',( #573 ) ) ;
#6157 = FILL_AREA_STYLE ('',( #5601 ) ) ;
#6158 = SURFACE_SIDE_STYLE ('',( #5462 ) ) ;
#6159 = SURFACE_SIDE_STYLE ('',( #6444 ) ) ;
#6160 = FACE_OUTER_BOUND ( 'NONE', #4968, .T. ) ;
#6161 = ORIENTED_EDGE ( 'NONE', *, *, #1995, .F. ) ;
#6162 = SURFACE_STYLE_FILL_AREA ( #6725 ) ;
#6163 = AXIS2_PLACEMENT_3D ( 'NONE', #5579, #2130, #6134 ) ;
#6164 = EDGE_CURVE ( 'NONE', #5039, #4846, #875, .T. ) ;
#6165 = COLOUR_RGB ( '',0.7960784313725489700, 0.8235294117647058400, 0.9372549019607843100 ) ;
#6166 = DIRECTION ( 'NONE',  ( -0.0000000000000000000, -0.0000000000000000000, -1.000000000000000000 ) ) ;
#6167 = VERTEX_POINT ( 'NONE', #1472 ) ;
#6168 = FACE_OUTER_BOUND ( 'NONE', #2911, .T. ) ;
#6169 = MECHANICAL_DESIGN_GEOMETRIC_PRESENTATION_REPRESENTATION (  '', ( #5418 ), #6540 ) ;
#6170 = CARTESIAN_POINT ( 'NONE',  ( -1.590000000000000300, 11.70000000000000100, -10.38000000000000100 ) ) ;
#6171 = SURFACE_STYLE_USAGE ( .BOTH. , #2177 ) ;
#6172 = PLANE ( 'NONE',  #2199 ) ;
#6173 = FACE_OUTER_BOUND ( 'NONE', #3217, .T. ) ;
#6174 = ORIENTED_EDGE ( 'NONE', *, *, #363, .F. ) ;
#6175 = ORIENTED_EDGE ( 'NONE', *, *, #1470, .T. ) ;
#6176 = DIRECTION ( 'NONE',  ( 0.0000000000000000000, 1.000000000000000000, 0.0000000000000000000 ) ) ;
#6177 = CARTESIAN_POINT ( 'NONE',  ( 0.9499999999999999600, -2.799999999999999400, -12.92000000000000200 ) ) ;
#6178 = CARTESIAN_POINT ( 'NONE',  ( -2.540000000000000000, 0.0000000000000000000, -13.60342105263158000 ) ) ;
#6179 =( GEOMETRIC_REPRESENTATION_CONTEXT ( 3 ) GLOBAL_UNCERTAINTY_ASSIGNED_CONTEXT ( ( #1367 ) ) GLOBAL_UNIT_ASSIGNED_CONTEXT ( ( #5014, #1570, #5593 ) ) REPRESENTATION_CONTEXT ( 'NONE', 'WORKASPACE' ) );
#6180 = DIRECTION ( 'NONE',  ( -1.000000000000000000, -0.0000000000000000000, -1.232047923278982200E-016 ) ) ;
#6181 = VERTEX_POINT ( 'NONE', #2078 ) ;
#6182 = PLANE ( 'NONE',  #3355 ) ;
#6183 = ORIENTED_EDGE ( 'NONE', *, *, #12, .F. ) ;
#6184 = ADVANCED_FACE ( 'NONE', ( #6769 ), #6639, .F. ) ;
#6185 = DIRECTION ( 'NONE',  ( -0.7071067811865482400, 0.0000000000000000000, -0.7071067811865469100 ) ) ;
#6186 = UNCERTAINTY_MEASURE_WITH_UNIT (LENGTH_MEASURE( 1.000000000000000100E-005 ), #458, 'distance_accuracy_value', 'NONE');
#6187 = VERTEX_POINT ( 'NONE', #2651 ) ;
#6188 = EDGE_CURVE ( 'NONE', #3986, #701, #4738, .T. ) ;
#6189 = EDGE_CURVE ( 'NONE', #701, #704, #3216, .T. ) ;
#6190 =( GEOMETRIC_REPRESENTATION_CONTEXT ( 3 ) GLOBAL_UNCERTAINTY_ASSIGNED_CONTEXT ( ( #5865 ) ) GLOBAL_UNIT_ASSIGNED_CONTEXT ( ( #5859, #2442, #6423 ) ) REPRESENTATION_CONTEXT ( 'NONE', 'WORKASPACE' ) );
#6191 = UNCERTAINTY_MEASURE_WITH_UNIT (LENGTH_MEASURE( 1.000000000000000100E-005 ), #493, 'distance_accuracy_value', 'NONE');
#6192 = SURFACE_SIDE_STYLE ('',( #4717 ) ) ;
#6193 = LINE ( 'NONE', #3050, #7347 ) ;
#6194 = STYLED_ITEM ( 'NONE', ( #3742 ), #2322 ) ;
#6195 = EDGE_LOOP ( 'NONE', ( #5302, #1630, #2062, #1795 ) ) ;
#6196 = ORIENTED_EDGE ( 'NONE', *, *, #1539, .F. ) ;
#6197 = FILL_AREA_STYLE ('',( #1597 ) ) ;
#6198 = SURFACE_STYLE_FILL_AREA ( #2271 ) ;
#6199 = PLANE ( 'NONE',  #5720 ) ;
#6200 =( NAMED_UNIT ( * ) SI_UNIT ( $, .STERADIAN. ) SOLID_ANGLE_UNIT ( ) );
#6201 = EDGE_CURVE ( 'NONE', #6509, #633, #6247, .T. ) ;
#6202 = CARTESIAN_POINT ( 'NONE',  ( -1.050000000000000000, -2.799999999999999400, -7.299999999999999800 ) ) ;
#6203 = CARTESIAN_POINT ( 'NONE',  ( 2.540000000000000900, 1.700000000000000000, -9.290000000000000900 ) ) ;
#6204 = CARTESIAN_POINT ( 'NONE',  ( 1.590000000000000100, -2.799999999999999400, -10.38000000000000100 ) ) ;
#6205 = VERTEX_POINT ( 'NONE', #1837 ) ;
#6206 = ORIENTED_EDGE ( 'NONE', *, *, #3864, .T. ) ;
#6207 = EDGE_CURVE ( 'NONE', #3255, #2304, #1509, .T. ) ;
#6208 = LINE ( 'NONE', #4448, #1822 ) ;
#6209 =( GEOMETRIC_REPRESENTATION_CONTEXT ( 3 ) GLOBAL_UNCERTAINTY_ASSIGNED_CONTEXT ( ( #5564 ) ) GLOBAL_UNIT_ASSIGNED_CONTEXT ( ( #3512, #18, #4087 ) ) REPRESENTATION_CONTEXT ( 'NONE', 'WORKASPACE' ) );
#6210 = VECTOR ( 'NONE', #775, 1000.000000000000000 ) ;
#6211 = DIRECTION ( 'NONE',  ( -0.0000000000000000000, 1.000000000000000000, -0.0000000000000000000 ) ) ;
#6212 = DIRECTION ( 'NONE',  ( -2.492418787322998300E-016, 0.0000000000000000000, -1.000000000000000000 ) ) ;
#6213 = FILL_AREA_STYLE ('',( #5615 ) ) ;
#6214 = EDGE_CURVE ( 'NONE', #889, #7034, #120, .T. ) ;
#6215 = STYLED_ITEM ( 'NONE', ( #7129 ), #4441 ) ;
#6216 = COLOUR_RGB ( '',0.7921568627450980000, 0.8196078431372548800, 0.9333333333333333500 ) ;
#6217 = ADVANCED_FACE ( 'NONE', ( #2856 ), #3584, .T. ) ;
#6218 = LINE ( 'NONE', #5167, #83 ) ;
#6219 = SURFACE_SIDE_STYLE ('',( #2110 ) ) ;
#6220 =( LENGTH_UNIT ( ) NAMED_UNIT ( * ) SI_UNIT ( .MILLI., .METRE. ) );
#6221 = ORIENTED_EDGE ( 'NONE', *, *, #7320, .T. ) ;
#6222 = SURFACE_SIDE_STYLE ('',( #5260 ) ) ;
#6223 = SURFACE_SIDE_STYLE ('',( #6291 ) ) ;
#6224 = PLANE ( 'NONE',  #5654 ) ;
#6225 = SURFACE_STYLE_USAGE ( .BOTH. , #2232 ) ;
#6226 = AXIS2_PLACEMENT_3D ( 'NONE', #1569, #5592, #2147 ) ;
#6227 = ORIENTED_EDGE ( 'NONE', *, *, #2921, .T. ) ;
#6228 = CARTESIAN_POINT ( 'NONE',  ( -1.490000000000000200, -2.799999999999999400, -7.299999999999999800 ) ) ;
#6229 = LINE ( 'NONE', #2493, #103 ) ;
#6230 = VECTOR ( 'NONE', #3338, 1000.000000000000000 ) ;
#6231 = AXIS2_PLACEMENT_3D ( 'NONE', #6109, #2681, #6664 ) ;
#6232 = STYLED_ITEM ( 'NONE', ( #6321 ), #1854 ) ;
#6233 = MANIFOLD_SOLID_BREP ( 'LPattern3[2]', #4445 ) ;
#6234 = ORIENTED_EDGE ( 'NONE', *, *, #592, .F. ) ;
#6235 = PRESENTATION_LAYER_ASSIGNMENT (  '', '', ( #5495 ) ) ;
#6236 = VECTOR ( 'NONE', #3486, 1000.000000000000000 ) ;
#6237 = FILL_AREA_STYLE ('',( #2250 ) ) ;
#6238 = FILL_AREA_STYLE_COLOUR ( '', #3208 ) ;
#6239 = ORIENTED_EDGE ( 'NONE', *, *, #3549, .T. ) ;
#6240 = FACE_OUTER_BOUND ( 'NONE', #1161, .T. ) ;
#6241 = PLANE ( 'NONE',  #6558 ) ;
#6242 =( NAMED_UNIT ( * ) SI_UNIT ( $, .STERADIAN. ) SOLID_ANGLE_UNIT ( ) );
#6243 = PRESENTATION_LAYER_ASSIGNMENT (  '', '', ( #5505 ) ) ;
#6244 = VECTOR ( 'NONE', #5052, 1000.000000000000100 ) ;
#6245 = VECTOR ( 'NONE', #3320, 999.9999999999998900 ) ;
#6246 = VECTOR ( 'NONE', #4381, 1000.000000000000000 ) ;
#6247 = LINE ( 'NONE', #2974, #4569 ) ;
#6248 = CARTESIAN_POINT ( 'NONE',  ( 2.020000000000001400, 0.2999999999999999900, -1.270000000000000000 ) ) ;
#6249 = ORIENTED_EDGE ( 'NONE', *, *, #5678, .T. ) ;
#6250 = DIRECTION ( 'NONE',  ( 0.7071067811865474600, 0.0000000000000000000, 0.7071067811865474600 ) ) ;
#6251 = DIRECTION ( 'NONE',  ( 1.000000000000000000, 0.0000000000000000000, -0.0000000000000000000 ) ) ;
#6252 = PRESENTATION_STYLE_ASSIGNMENT (( #4174 ) ) ;
#6253 = DIRECTION ( 'NONE',  ( 0.7071067811865477900, 0.0000000000000000000, -0.7071067811865473500 ) ) ;
#6254 = STYLED_ITEM ( 'NONE', ( #5904 ), #674 ) ;
#6255 = VERTEX_POINT ( 'NONE', #2427 ) ;
#6256 =( GEOMETRIC_REPRESENTATION_CONTEXT ( 3 ) GLOBAL_UNCERTAINTY_ASSIGNED_CONTEXT ( ( #4004 ) ) GLOBAL_UNIT_ASSIGNED_CONTEXT ( ( #5977, #2559, #6544 ) ) REPRESENTATION_CONTEXT ( 'NONE', 'WORKASPACE' ) );
#6257 = ADVANCED_FACE ( 'NONE', ( #6334 ), #3049, .T. ) ;
#6258 = ORIENTED_EDGE ( 'NONE', *, *, #2642, .T. ) ;
#6259 = VECTOR ( 'NONE', #5845, 1000.000000000000000 ) ;
#6260 = EDGE_LOOP ( 'NONE', ( #193, #2866, #5965, #3364 ) ) ;
#6261 = ORIENTED_EDGE ( 'NONE', *, *, #3701, .T. ) ;
#6262 = STYLED_ITEM ( 'NONE', ( #3534 ), #3990 ) ;
#6263 = ORIENTED_EDGE ( 'NONE', *, *, #6813, .T. ) ;
#6264 = SURFACE_SIDE_STYLE ('',( #6198 ) ) ;
#6265 = DIRECTION ( 'NONE',  ( 1.000000000000000000, 0.0000000000000000000, 0.0000000000000000000 ) ) ;
#6266 = SURFACE_STYLE_FILL_AREA ( #6415 ) ;
#6267 = SURFACE_STYLE_FILL_AREA ( #4189 ) ;
#6268 = SURFACE_SIDE_STYLE ('',( #2762 ) ) ;
#6269 = ORIENTED_EDGE ( 'NONE', *, *, #3623, .F. ) ;
#6270 = AXIS2_PLACEMENT_3D ( 'NONE', #3064, #7037, #3654 ) ;
#6271 = PRESENTATION_STYLE_ASSIGNMENT (( #3817 ) ) ;
#6272 = EDGE_CURVE ( 'NONE', #6167, #2266, #2315, .T. ) ;
#6273 =( NAMED_UNIT ( * ) SI_UNIT ( $, .STERADIAN. ) SOLID_ANGLE_UNIT ( ) );
#6274 = DIRECTION ( 'NONE',  ( 1.000000000000000000, 0.0000000000000000000, 1.232047923278982000E-016 ) ) ;
#6275 = UNCERTAINTY_MEASURE_WITH_UNIT (LENGTH_MEASURE( 1.000000000000000100E-005 ), #6633, 'distance_accuracy_value', 'NONE');
#6276 = ORIENTED_EDGE ( 'NONE', *, *, #2314, .T. ) ;
#6277 = LINE ( 'NONE', #1192, #162 ) ;
#6278 =( GEOMETRIC_REPRESENTATION_CONTEXT ( 3 ) GLOBAL_UNCERTAINTY_ASSIGNED_CONTEXT ( ( #2342 ) ) GLOBAL_UNIT_ASSIGNED_CONTEXT ( ( #377, #4429, #988 ) ) REPRESENTATION_CONTEXT ( 'NONE', 'WORKASPACE' ) );
#6279 = CARTESIAN_POINT ( 'NONE',  ( -2.540000000000000000, 1.700000000000000000, -5.983421052631579900 ) ) ;
#6280 = DIRECTION ( 'NONE',  ( 1.000000000000000000, 0.0000000000000000000, 0.0000000000000000000 ) ) ;
#6281 = EDGE_CURVE ( 'NONE', #2904, #6083, #2764, .T. ) ;
#6282 = DIRECTION ( 'NONE',  ( 0.0000000000000000000, 0.0000000000000000000, 1.000000000000000000 ) ) ;
#6283 = FILL_AREA_STYLE_COLOUR ( '', #1072 ) ;
#6284 =( GEOMETRIC_REPRESENTATION_CONTEXT ( 3 ) GLOBAL_UNCERTAINTY_ASSIGNED_CONTEXT ( ( #3359 ) ) GLOBAL_UNIT_ASSIGNED_CONTEXT ( ( #4203, #753, #4783 ) ) REPRESENTATION_CONTEXT ( 'NONE', 'WORKASPACE' ) );
#6285 = VERTEX_POINT ( 'NONE', #779 ) ;
#6286 = ADVANCED_FACE ( 'NONE', ( #4112 ), #5391, .F. ) ;
#6287 =( NAMED_UNIT ( * ) PLANE_ANGLE_UNIT ( ) SI_UNIT ( $, .RADIAN. ) );
#6289 = CARTESIAN_POINT ( 'NONE',  ( -2.539999999999999600, 1.700000000000000000, -1.703421052631578900 ) ) ;
#6288 = DIRECTION ( 'NONE',  ( -0.0000000000000000000, -0.0000000000000000000, -1.000000000000000000 ) ) ;
#6290 =( GEOMETRIC_REPRESENTATION_CONTEXT ( 3 ) GLOBAL_UNCERTAINTY_ASSIGNED_CONTEXT ( ( #6455 ) ) GLOBAL_UNIT_ASSIGNED_CONTEXT ( ( #4936, #4902, #4881 ) ) REPRESENTATION_CONTEXT ( 'NONE', 'WORKASPACE' ) );
#6291 = SURFACE_STYLE_FILL_AREA ( #2231 ) ;
#6292 = PLANE ( 'NONE',  #5082 ) ;
#6293 = FACE_OUTER_BOUND ( 'NONE', #2054, .T. ) ;
#6294 =( LENGTH_UNIT ( ) NAMED_UNIT ( * ) SI_UNIT ( .MILLI., .METRE. ) );
#6295 = ORIENTED_EDGE ( 'NONE', *, *, #7225, .T. ) ;
#6296 = PLANE ( 'NONE',  #2818 ) ;
#6297 = STYLED_ITEM ( 'NONE', ( #2864 ), #4518 ) ;
#6298 =( LENGTH_UNIT ( ) NAMED_UNIT ( * ) SI_UNIT ( .MILLI., .METRE. ) );
#6299 = EDGE_CURVE ( 'NONE', #1191, #4537, #5102, .T. ) ;
#6300 =( GEOMETRIC_REPRESENTATION_CONTEXT ( 3 ) GLOBAL_UNCERTAINTY_ASSIGNED_CONTEXT ( ( #3786 ) ) GLOBAL_UNIT_ASSIGNED_CONTEXT ( ( #547, #4578, #1136 ) ) REPRESENTATION_CONTEXT ( 'NONE', 'WORKASPACE' ) );
#6301 = SURFACE_STYLE_FILL_AREA ( #2657 ) ;
#6302 = DIRECTION ( 'NONE',  ( 0.0000000000000000000, -0.0000000000000000000, 1.000000000000000000 ) ) ;
#6303 = STYLED_ITEM ( 'NONE', ( #3086 ), #3532 ) ;
#6304 = SURFACE_SIDE_STYLE ('',( #2957 ) ) ;
#6305 = DIRECTION ( 'NONE',  ( 0.7372346670543746800, 0.0000000000000000000, -0.6756367705307528800 ) ) ;
#6306 = FILL_AREA_STYLE_COLOUR ( '', #1849 ) ;
#6307 = DIRECTION ( 'NONE',  ( 0.0000000000000000000, 0.0000000000000000000, 1.000000000000000000 ) ) ;
#6308 = AXIS2_PLACEMENT_3D ( 'NONE', #7361, #3974, #386 ) ;
#6309 = ORIENTED_EDGE ( 'NONE', *, *, #1214, .F. ) ;
#6310 = CARTESIAN_POINT ( 'NONE',  ( 1.050000000000000000, 11.70000000000000100, -13.02000000000000100 ) ) ;
#6311 = UNCERTAINTY_MEASURE_WITH_UNIT (LENGTH_MEASURE( 1.000000000000000100E-005 ), #231, 'distance_accuracy_value', 'NONE');
#6312 =( NAMED_UNIT ( * ) PLANE_ANGLE_UNIT ( ) SI_UNIT ( $, .RADIAN. ) );
#6313 = FACE_OUTER_BOUND ( 'NONE', #2647, .T. ) ;
#6314 = CARTESIAN_POINT ( 'NONE',  ( 0.0000000000000000000, 11.70000000000000100, 0.0000000000000000000 ) ) ;
#6315 = ORIENTED_EDGE ( 'NONE', *, *, #5973, .F. ) ;
#6316 = CARTESIAN_POINT ( 'NONE',  ( -2.539999999999999600, 0.0000000000000000000, -6.783421052631577900 ) ) ;
#6317 = DIRECTION ( 'NONE',  ( 1.000000000000000000, 0.0000000000000000000, 1.232047923278982200E-016 ) ) ;
#6318 = CARTESIAN_POINT ( 'NONE',  ( -2.019999999999999600, 0.2999999999999999900, 1.270000000000000000 ) ) ;
#6319 = COLOUR_RGB ( '',0.7960784313725489700, 0.8235294117647058400, 0.9372549019607843100 ) ;
#6320 = PRESENTATION_STYLE_ASSIGNMENT (( #1286 ) ) ;
#6321 = PRESENTATION_STYLE_ASSIGNMENT (( #1259 ) ) ;
#6322 = EDGE_CURVE ( 'NONE', #6622, #1340, #4281, .T. ) ;
#6323 = PRESENTATION_STYLE_ASSIGNMENT (( #7147 ) ) ;
#6324 = MECHANICAL_DESIGN_GEOMETRIC_PRESENTATION_REPRESENTATION (  '', ( #5202 ), #6702 ) ;
#6325 = VERTEX_POINT ( 'NONE', #2547 ) ;
#6326 = VECTOR ( 'NONE', #5004, 1000.000000000000000 ) ;
#6327 = ADVANCED_FACE ( 'NONE', ( #2036 ), #6536, .T. ) ;
#6328 = DIRECTION ( 'NONE',  ( 1.000000000000000000, 0.0000000000000000000, 1.232047923278982200E-016 ) ) ;
#6329 = COLOUR_RGB ( '',0.7960784313725489700, 0.8235294117647058400, 0.9372549019607843100 ) ;
#6330 = CARTESIAN_POINT ( 'NONE',  ( -1.590000000000000300, -2.799999999999999400, -12.92000000000000200 ) ) ;
#6331 =( GEOMETRIC_REPRESENTATION_CONTEXT ( 3 ) GLOBAL_UNCERTAINTY_ASSIGNED_CONTEXT ( ( #6488 ) ) GLOBAL_UNIT_ASSIGNED_CONTEXT ( ( #69, #4134, #678 ) ) REPRESENTATION_CONTEXT ( 'NONE', 'WORKASPACE' ) );
#6332 = MECHANICAL_DESIGN_GEOMETRIC_PRESENTATION_REPRESENTATION (  '', ( #5207 ), #6708 ) ;
#6333 = LINE ( 'NONE', #7353, #1947 ) ;
#6334 = FACE_OUTER_BOUND ( 'NONE', #1875, .T. ) ;
#6335 = VERTEX_POINT ( 'NONE', #1992 ) ;
#6336 = VECTOR ( 'NONE', #4464, 1000.000000000000000 ) ;
#6337 = CARTESIAN_POINT ( 'NONE',  ( 0.9499999999999999600, 11.70000000000000100, -7.839999999999999900 ) ) ;
#6338 = PLANE ( 'NONE',  #3992 ) ;
#6339 = EDGE_CURVE ( 'NONE', #5982, #5543, #5885, .T. ) ;
#6340 = CARTESIAN_POINT ( 'NONE',  ( 1.590000000000000100, -2.799999999999999400, -12.92000000000000200 ) ) ;
#6341 = VERTEX_POINT ( 'NONE', #7119 ) ;
#6342 =( NAMED_UNIT ( * ) SI_UNIT ( $, .STERADIAN. ) SOLID_ANGLE_UNIT ( ) );
#6343 = PRESENTATION_STYLE_ASSIGNMENT (( #3055 ) ) ;
#6344 = VERTEX_POINT ( 'NONE', #254 ) ;
#6345 = FILL_AREA_STYLE ('',( #2880 ) ) ;
#6346 =( NAMED_UNIT ( * ) SI_UNIT ( $, .STERADIAN. ) SOLID_ANGLE_UNIT ( ) );
#6347 = ORIENTED_EDGE ( 'NONE', *, *, #4942, .F. ) ;
#6348 = EDGE_CURVE ( 'NONE', #4114, #701, #7388, .T. ) ;
#6349 = MECHANICAL_DESIGN_GEOMETRIC_PRESENTATION_REPRESENTATION (  '', ( #5228 ), #6722 ) ;
#6350 = DIRECTION ( 'NONE',  ( 1.000000000000000000, 0.0000000000000000000, 0.0000000000000000000 ) ) ;
#6351 = ORIENTED_EDGE ( 'NONE', *, *, #6074, .T. ) ;
#6352 = PRESENTATION_STYLE_ASSIGNMENT (( #211 ) ) ;
#6353 = CARTESIAN_POINT ( 'NONE',  ( -1.490000000000000000, -2.799999999999999400, -7.940000000000001300 ) ) ;
#6354 = ORIENTED_EDGE ( 'NONE', *, *, #1938, .T. ) ;
#6355 = CARTESIAN_POINT ( 'NONE',  ( -2.540000000000000000, 1.700000000000000000, -11.06342105263158100 ) ) ;
#6356 = EDGE_CURVE ( 'NONE', #698, #721, #1316, .T. ) ;
#6357 = DIRECTION ( 'NONE',  ( -0.0000000000000000000, 1.000000000000000000, 0.0000000000000000000 ) ) ;
#6358 = SURFACE_SIDE_STYLE ('',( #2665 ) ) ;
#6359 = ORIENTED_EDGE ( 'NONE', *, *, #5748, .F. ) ;
#6360 =( NAMED_UNIT ( * ) SI_UNIT ( $, .STERADIAN. ) SOLID_ANGLE_UNIT ( ) );
#6361 = ADVANCED_FACE ( 'NONE', ( #5715 ), #7152, .F. ) ;
#6362 = CARTESIAN_POINT ( 'NONE',  ( 1.050000000000000000, -2.799999999999999400, -12.38000000000000300 ) ) ;
#6363 = PRESENTATION_STYLE_ASSIGNMENT (( #3106 ) ) ;
#6364 = CARTESIAN_POINT ( 'NONE',  ( -1.590000000000000300, 11.70000000000000100, -9.940000000000001300 ) ) ;
#6365 = STYLED_ITEM ( 'NONE', ( #5878 ), #1542 ) ;
#6366 = LINE ( 'NONE', #6998, #244 ) ;
#6367 = EDGE_CURVE ( 'NONE', #6255, #883, #2125, .T. ) ;
#6368 = UNCERTAINTY_MEASURE_WITH_UNIT (LENGTH_MEASURE( 1.000000000000000100E-005 ), #6574, 'distance_accuracy_value', 'NONE');
#6369 = VERTEX_POINT ( 'NONE', #7176 ) ;
#6370 = EDGE_LOOP ( 'NONE', ( #7348, #5016, #3856, #5754 ) ) ;
#6371 = FILL_AREA_STYLE_COLOUR ( '', #6459 ) ;
#6372 = PLANE ( 'NONE',  #1254 ) ;
#6373 =( GEOMETRIC_REPRESENTATION_CONTEXT ( 3 ) GLOBAL_UNCERTAINTY_ASSIGNED_CONTEXT ( ( #4972 ) ) GLOBAL_UNIT_ASSIGNED_CONTEXT ( ( #4409, #967, #4983 ) ) REPRESENTATION_CONTEXT ( 'NONE', 'WORKASPACE' ) );
#6374 = FILL_AREA_STYLE ('',( #5812 ) ) ;
#6375 = AXIS2_PLACEMENT_3D ( 'NONE', #2924, #6908, #3514 ) ;
#6376 = ORIENTED_EDGE ( 'NONE', *, *, #1046, .F. ) ;
#6377 = DIRECTION ( 'NONE',  ( 0.7071067811865486800, 0.0000000000000000000, -0.7071067811865463500 ) ) ;
#6378 = COLOUR_RGB ( '',0.7960784313725489700, 0.8235294117647058400, 0.9372549019607843100 ) ;
#6379 = PRESENTATION_STYLE_ASSIGNMENT (( #357 ) ) ;
#6380 = ORIENTED_EDGE ( 'NONE', *, *, #2532, .F. ) ;
#6381 = DIRECTION ( 'NONE',  ( 0.0000000000000000000, 1.000000000000000000, 0.0000000000000000000 ) ) ;
#6382 = AXIS2_PLACEMENT_3D ( 'NONE', #473, #4511, #1073 ) ;
#6383 = VERTEX_POINT ( 'NONE', #6601 ) ;
#6384 = LINE ( 'NONE', #3066, #6210 ) ;
#6385 = DIRECTION ( 'NONE',  ( 0.0000000000000000000, 0.0000000000000000000, -1.000000000000000000 ) ) ;
#6386 = CARTESIAN_POINT ( 'NONE',  ( 2.140000000000000100, 0.0000000000000000000, -11.43000000000000100 ) ) ;
#6387 = AXIS2_PLACEMENT_3D ( 'NONE', #1344, #5366, #1915 ) ;
#6388 = CARTESIAN_POINT ( 'NONE',  ( -0.9499999999999999600, -2.799999999999999400, -5.299999999999999800 ) ) ;
#6389 = MECHANICAL_DESIGN_GEOMETRIC_PRESENTATION_REPRESENTATION (  '', ( #5268 ), #6764 ) ;
#6390 = DIRECTION ( 'NONE',  ( -1.000000000000000000, 0.0000000000000000000, -1.232047923278982000E-016 ) ) ;
#6391 =( NAMED_UNIT ( * ) SI_UNIT ( $, .STERADIAN. ) SOLID_ANGLE_UNIT ( ) );
#6392 = ADVANCED_FACE ( 'NONE', ( #3659 ), #3197, .F. ) ;
#6393 = DIRECTION ( 'NONE',  ( -0.7071067811865470200, 0.0000000000000000000, -0.7071067811865481300 ) ) ;
#6394 = VECTOR ( 'NONE', #954, 1000.000000000000000 ) ;
#6395 = PLANE ( 'NONE',  #1997 ) ;
#6396 = ORIENTED_EDGE ( 'NONE', *, *, #3460, .T. ) ;
#6397 = VECTOR ( 'NONE', #3176, 1000.000000000000000 ) ;
#6398 = CARTESIAN_POINT ( 'NONE',  ( -1.050000000000000000, 11.70000000000000100, -10.48000000000000200 ) ) ;
#6399 = PRESENTATION_STYLE_ASSIGNMENT (( #4802 ) ) ;
#6400 = UNCERTAINTY_MEASURE_WITH_UNIT (LENGTH_MEASURE( 1.000000000000000100E-005 ), #4742, 'distance_accuracy_value', 'NONE');
#6401 = STYLED_ITEM ( 'NONE', ( #6948 ), #1090 ) ;
#6402 = LINE ( 'NONE', #3900, #4908 ) ;
#6403 = EDGE_CURVE ( 'NONE', #2085, #7157, #10, .T. ) ;
#6404 = ORIENTED_EDGE ( 'NONE', *, *, #2192, .T. ) ;
#6405 = PRESENTATION_STYLE_ASSIGNMENT (( #2603 ) ) ;
#6406 = UNCERTAINTY_MEASURE_WITH_UNIT (LENGTH_MEASURE( 1.000000000000000100E-005 ), #1047, 'distance_accuracy_value', 'NONE');
#6407 = CARTESIAN_POINT ( 'NONE',  ( 1.050000000000000000, -2.799999999999999400, 0.3199999999999999000 ) ) ;
#6408 = CARTESIAN_POINT ( 'NONE',  ( 2.140000000000001500, 1.700000000000000000, -8.890000000000000600 ) ) ;
#6409 = CARTESIAN_POINT ( 'NONE',  ( 1.490000000000000000, -2.799999999999999400, -7.940000000000001300 ) ) ;
#6410 = LINE ( 'NONE', #1921, #110 ) ;
#6411 = SURFACE_STYLE_FILL_AREA ( #2896 ) ;
#6412 = COLOUR_RGB ( '',0.7960784313725489700, 0.8235294117647058400, 0.9372549019607843100 ) ;
#6413 = FILL_AREA_STYLE_COLOUR ( '', #3903 ) ;
#6414 = ORIENTED_EDGE ( 'NONE', *, *, #363, .T. ) ;
#6415 = FILL_AREA_STYLE ('',( #683 ) ) ;
#6416 = DIRECTION ( 'NONE',  ( -1.232047923278982000E-016, 0.0000000000000000000, 1.000000000000000000 ) ) ;
#6417 = DIRECTION ( 'NONE',  ( 2.492418787322998300E-016, 0.0000000000000000000, 1.000000000000000000 ) ) ;
#6418 = MECHANICAL_DESIGN_GEOMETRIC_PRESENTATION_REPRESENTATION (  '', ( #5676 ), #6794 ) ;
#6419 = VECTOR ( 'NONE', #6153, 1000.000000000000000 ) ;
#6420 = EDGE_CURVE ( 'NONE', #2794, #6622, #583, .T. ) ;
#6421 = STYLED_ITEM ( 'NONE', ( #4133 ), #7444 ) ;
#6422 = EDGE_LOOP ( 'NONE', ( #7270, #135, #532, #2245 ) ) ;
#6423 =( NAMED_UNIT ( * ) SI_UNIT ( $, .STERADIAN. ) SOLID_ANGLE_UNIT ( ) );
#6424 = VECTOR ( 'NONE', #597, 1000.000000000000000 ) ;
#6425 = AXIS2_PLACEMENT_3D ( 'NONE', #918, #4937, #1488 ) ;
#6426 = PRESENTATION_LAYER_ASSIGNMENT (  '', '', ( #5682 ) ) ;
#6427 = SURFACE_STYLE_FILL_AREA ( #2561 ) ;
#6428 = ORIENTED_EDGE ( 'NONE', *, *, #5341, .F. ) ;
#6429 = COLOUR_RGB ( '',0.7960784313725489700, 0.8235294117647058400, 0.9372549019607843100 ) ;
#6430 = ORIENTED_EDGE ( 'NONE', *, *, #2460, .T. ) ;
#6431 = LINE ( 'NONE', #1257, #6259 ) ;
#6432 = AXIS2_PLACEMENT_3D ( 'NONE', #5987, #5459, #5359 ) ;
#6433 = EDGE_LOOP ( 'NONE', ( #2013, #6960, #5784, #3461 ) ) ;
#6434 = ADVANCED_FACE ( 'NONE', ( #5968 ), #2673, .T. ) ;
#6435 = SURFACE_SIDE_STYLE ('',( #1207 ) ) ;
#6436 = CARTESIAN_POINT ( 'NONE',  ( -2.019999999999999600, 0.2999999999999999900, -1.270000000000000000 ) ) ;
#6437 = CARTESIAN_POINT ( 'NONE',  ( -2.540000000000000000, 1.700000000000000000, -8.523421052631579900 ) ) ;
#6438 = ORIENTED_EDGE ( 'NONE', *, *, #2252, .F. ) ;
#6439 = EDGE_CURVE ( 'NONE', #721, #883, #857, .T. ) ;
#6440 = AXIS2_PLACEMENT_3D ( 'NONE', #4981, #1543, #5556 ) ;
#6441 = LINE ( 'NONE', #2950, #3424 ) ;
#6442 = FILL_AREA_STYLE_COLOUR ( '', #2695 ) ;
#6443 = SURFACE_STYLE_USAGE ( .BOTH. , #2458 ) ;
#6444 = SURFACE_STYLE_FILL_AREA ( #2163 ) ;
#6445 = ORIENTED_EDGE ( 'NONE', *, *, #5587, .F. ) ;
#6446 = FACE_OUTER_BOUND ( 'NONE', #5000, .T. ) ;
#6447 = EDGE_CURVE ( 'NONE', #6836, #4400, #2394, .T. ) ;
#6448 = LINE ( 'NONE', #2619, #1541 ) ;
#6449 = CARTESIAN_POINT ( 'NONE',  ( 1.490000000000000000, 11.70000000000000100, -5.400000000000000400 ) ) ;
#6450 = ORIENTED_EDGE ( 'NONE', *, *, #5969, .F. ) ;
#6451 = DIRECTION ( 'NONE',  ( 0.7071067811865487900, 0.0000000000000000000, -0.7071067811865463500 ) ) ;
#6452 = ORIENTED_EDGE ( 'NONE', *, *, #2605, .T. ) ;
#6453 = ORIENTED_EDGE ( 'NONE', *, *, #30, .F. ) ;
#6454 = CARTESIAN_POINT ( 'NONE',  ( -1.050000000000000000, -2.799999999999999400, -2.860000000000000300 ) ) ;
#6455 = UNCERTAINTY_MEASURE_WITH_UNIT (LENGTH_MEASURE( 1.000000000000000100E-005 ), #4936, 'distance_accuracy_value', 'NONE');
#6456 = DIRECTION ( 'NONE',  ( 0.7071067811865474600, 0.0000000000000000000, 0.7071067811865474600 ) ) ;
#6457 = CARTESIAN_POINT ( 'NONE',  ( -2.540000000000000000, 0.0000000000000000000, -11.06342105263158100 ) ) ;
#6458 = EDGE_CURVE ( 'NONE', #1616, #721, #6755, .T. ) ;
#6459 = COLOUR_RGB ( '',0.7960784313725489700, 0.8235294117647058400, 0.9372549019607843100 ) ;
#6460 = DIRECTION ( 'NONE',  ( -0.7372346670543746800, -0.0000000000000000000, 0.6756367705307528800 ) ) ;
#6461 = ORIENTED_EDGE ( 'NONE', *, *, #6562, .F. ) ;
#6462 = DIRECTION ( 'NONE',  ( -0.0000000000000000000, -0.0000000000000000000, -1.000000000000000000 ) ) ;
#6463 = PLANE ( 'NONE',  #6387 ) ;
#6464 = MECHANICAL_DESIGN_GEOMETRIC_PRESENTATION_REPRESENTATION (  '', ( #5346 ), #6841 ) ;
#6465 = PRESENTATION_LAYER_ASSIGNMENT (  '', '', ( #5721 ) ) ;
#6466 = VECTOR ( 'NONE', #7343, 1000.000000000000000 ) ;
#6467 = CLOSED_SHELL ( 'NONE', ( #1228, #7444, #4095, #3030, #4318, #3814, #3385, #6944, #3607, #5230 ) ) ;
#6468 =( GEOMETRIC_REPRESENTATION_CONTEXT ( 3 ) GLOBAL_UNCERTAINTY_ASSIGNED_CONTEXT ( ( #7312 ) ) GLOBAL_UNIT_ASSIGNED_CONTEXT ( ( #338, #4385, #951 ) ) REPRESENTATION_CONTEXT ( 'NONE', 'WORKASPACE' ) );
#6469 = DIRECTION ( 'NONE',  ( -0.7071067811865482400, 0.0000000000000000000, -0.7071067811865469100 ) ) ;
#6470 = SURFACE_SIDE_STYLE ('',( #3680 ) ) ;
#6471 = VECTOR ( 'NONE', #4342, 1000.000000000000000 ) ;
#6472 = FILL_AREA_STYLE_COLOUR ( '', #6754 ) ;
#6473 =( NAMED_UNIT ( * ) SI_UNIT ( $, .STERADIAN. ) SOLID_ANGLE_UNIT ( ) );
#6474 = DIRECTION ( 'NONE',  ( 0.7071067811865486800, 0.0000000000000000000, -0.7071067811865463500 ) ) ;
#6475 =( NAMED_UNIT ( * ) SI_UNIT ( $, .STERADIAN. ) SOLID_ANGLE_UNIT ( ) );
#6476 = COLOUR_RGB ( '',0.7960784313725489700, 0.8235294117647058400, 0.9372549019607843100 ) ;
#6477 = FILL_AREA_STYLE ('',( #711 ) ) ;
#6478 = SURFACE_SIDE_STYLE ('',( #1446 ) ) ;
#6479 = PRESENTATION_LAYER_ASSIGNMENT (  '', '', ( #5741 ) ) ;
#6480 = FILL_AREA_STYLE ('',( #7022 ) ) ;
#6481 = VECTOR ( 'NONE', #4447, 1000.000000000000000 ) ;
#6482 = CARTESIAN_POINT ( 'NONE',  ( 2.140000000000000100, 1.700000000000000000, -13.97000000000000100 ) ) ;
#6483 = EDGE_CURVE ( 'NONE', #2243, #2370, #2211, .T. ) ;
#6484 = EDGE_LOOP ( 'NONE', ( #2164, #5758, #1581, #5586 ) ) ;
#6485 = PRESENTATION_LAYER_ASSIGNMENT (  '', '', ( #5749 ) ) ;
#6486 = FILL_AREA_STYLE_COLOUR ( '', #6062 ) ;
#6487 = CARTESIAN_POINT ( 'NONE',  ( 1.050000000000000000, -2.799999999999999400, -13.02000000000000100 ) ) ;
#6488 = UNCERTAINTY_MEASURE_WITH_UNIT (LENGTH_MEASURE( 1.000000000000000100E-005 ), #69, 'distance_accuracy_value', 'NONE');
#6489 = VECTOR ( 'NONE', #5822, 1000.000000000000000 ) ;
#6490 = SURFACE_STYLE_FILL_AREA ( #4354 ) ;
#6491 = VECTOR ( 'NONE', #6662, 1000.000000000000000 ) ;
#6492 = VECTOR ( 'NONE', #4431, 1000.000000000000100 ) ;
#6493 = CARTESIAN_POINT ( 'NONE',  ( -2.139999999999999700, 0.0000000000000000000, 1.270000000000000000 ) ) ;
#6494 = MECHANICAL_DESIGN_GEOMETRIC_PRESENTATION_REPRESENTATION (  '', ( #5378 ), #6883 ) ;
#6495 = PRESENTATION_STYLE_ASSIGNMENT (( #1669 ) ) ;
#6496 = EDGE_CURVE ( 'NONE', #633, #4959, #6575, .T. ) ;
#6497 = CARTESIAN_POINT ( 'NONE',  ( 1.490000000000000000, -2.799999999999999400, -12.38000000000000300 ) ) ;
#6498 = CARTESIAN_POINT ( 'NONE',  ( 0.9499999999999999600, -2.799999999999999400, -9.940000000000001300 ) ) ;
#6499 = ORIENTED_EDGE ( 'NONE', *, *, #6783, .T. ) ;
#6500 =( LENGTH_UNIT ( ) NAMED_UNIT ( * ) SI_UNIT ( .MILLI., .METRE. ) );
#6501 = DIRECTION ( 'NONE',  ( 2.492418787322998300E-016, 0.0000000000000000000, 1.000000000000000000 ) ) ;
#6502 = LINE ( 'NONE', #772, #5017 ) ;
#6503 = DIRECTION ( 'NONE',  ( -0.7071067811865462400, 0.0000000000000000000, -0.7071067811865489100 ) ) ;
#6504 =( NAMED_UNIT ( * ) PLANE_ANGLE_UNIT ( ) SI_UNIT ( $, .RADIAN. ) );
#6505 = MECHANICAL_DESIGN_GEOMETRIC_PRESENTATION_REPRESENTATION (  '', ( #5164 ), #6890 ) ;
#6506 = CARTESIAN_POINT ( 'NONE',  ( 0.9499999999999999600, 11.70000000000000100, -7.400000000000000400 ) ) ;
#6507 = LINE ( 'NONE', #3172, #2943 ) ;
#6508 = CARTESIAN_POINT ( 'NONE',  ( -1.590000000000000300, -2.799999999999999400, -10.38000000000000100 ) ) ;
#6509 = VERTEX_POINT ( 'NONE', #2726 ) ;
#6510 = DIRECTION ( 'NONE',  ( 1.000000000000000000, 0.0000000000000000000, -0.0000000000000000000 ) ) ;
#6511 = STYLED_ITEM ( 'NONE', ( #7325 ), #5743 ) ;
#6512 = LINE ( 'NONE', #140, #2149 ) ;
#6513 = ORIENTED_EDGE ( 'NONE', *, *, #517, .T. ) ;
#6514 = CARTESIAN_POINT ( 'NONE',  ( -2.540000000000000000, 0.0000000000000000000, -8.523421052631579900 ) ) ;
#6515 = DIRECTION ( 'NONE',  ( 0.7071067811865477900, 0.0000000000000000000, -0.7071067811865473500 ) ) ;
#6516 = VERTEX_POINT ( 'NONE', #3307 ) ;
#6517 = PRESENTATION_STYLE_ASSIGNMENT (( #3123 ) ) ;
#6518 = CARTESIAN_POINT ( 'NONE',  ( 1.490000000000000000, -2.799999999999999400, -7.940000000000001300 ) ) ;
#6519 = STYLED_ITEM ( 'NONE', ( #5005 ), #6392 ) ;
#6520 = SURFACE_STYLE_FILL_AREA ( #4601 ) ;
#6521 = FACE_OUTER_BOUND ( 'NONE', #2236, .T. ) ;
#6522 = ORIENTED_EDGE ( 'NONE', *, *, #6943, .T. ) ;
#6523 = DIRECTION ( 'NONE',  ( -0.7071067811865461300, 0.0000000000000000000, 0.7071067811865489100 ) ) ;
#6524 = VECTOR ( 'NONE', #481, 1000.000000000000000 ) ;
#6525 = ORIENTED_EDGE ( 'NONE', *, *, #6356, .T. ) ;
#6526 = PRESENTATION_STYLE_ASSIGNMENT (( #968 ) ) ;
#6527 = SURFACE_SIDE_STYLE ('',( #2799 ) ) ;
#6528 = CARTESIAN_POINT ( 'NONE',  ( 1.050000000000000000, -2.799999999999999400, -12.38000000000000300 ) ) ;
#6529 = STYLED_ITEM ( 'NONE', ( #7328 ), #422 ) ;
#6530 = VERTEX_POINT ( 'NONE', #5013 ) ;
#6532 = DIRECTION ( 'NONE',  ( 0.7071067811865470200, 0.0000000000000000000, -0.7071067811865481300 ) ) ;
#6531 = PRESENTATION_LAYER_ASSIGNMENT (  '', '', ( #5781 ) ) ;
#6533 = PLANE ( 'NONE',  #1826 ) ;
#6534 = EDGE_CURVE ( 'NONE', #4440, #241, #6402, .T. ) ;
#6535 = ORIENTED_EDGE ( 'NONE', *, *, #2538, .T. ) ;
#6536 = PLANE ( 'NONE',  #4626 ) ;
#6537 = FILL_AREA_STYLE_COLOUR ( '', #2265 ) ;
#6538 =( NAMED_UNIT ( * ) PLANE_ANGLE_UNIT ( ) SI_UNIT ( $, .RADIAN. ) );
#6539 = SURFACE_SIDE_STYLE ('',( #3687 ) ) ;
#6540 =( GEOMETRIC_REPRESENTATION_CONTEXT ( 3 ) GLOBAL_UNCERTAINTY_ASSIGNED_CONTEXT ( ( #4091 ) ) GLOBAL_UNIT_ASSIGNED_CONTEXT ( ( #5446, #2001, #6008 ) ) REPRESENTATION_CONTEXT ( 'NONE', 'WORKASPACE' ) );
#6541 = UNCERTAINTY_MEASURE_WITH_UNIT (LENGTH_MEASURE( 1.000000000000000100E-005 ), #1273, 'distance_accuracy_value', 'NONE');
#6542 = VERTEX_POINT ( 'NONE', #1591 ) ;
#6543 = EDGE_LOOP ( 'NONE', ( #6249, #3648, #4542, #3778 ) ) ;
#6544 =( NAMED_UNIT ( * ) SI_UNIT ( $, .STERADIAN. ) SOLID_ANGLE_UNIT ( ) );
#6545 = FILL_AREA_STYLE_COLOUR ( '', #4932 ) ;
#6546 = SURFACE_SIDE_STYLE ('',( #7011 ) ) ;
#6547 = DIRECTION ( 'NONE',  ( 0.0000000000000000000, 1.000000000000000000, 0.0000000000000000000 ) ) ;
#6548 = SURFACE_SIDE_STYLE ('',( #1404 ) ) ;
#6549 = ORIENTED_EDGE ( 'NONE', *, *, #7441, .T. ) ;
#6550 = DIRECTION ( 'NONE',  ( 0.0000000000000000000, 0.0000000000000000000, -1.000000000000000000 ) ) ;
#6551 = STYLED_ITEM ( 'NONE', ( #2531 ), #5335 ) ;
#6552 = EDGE_CURVE ( 'NONE', #3008, #1689, #3564, .T. ) ;
#6553 = DIRECTION ( 'NONE',  ( 0.7071067811865486800, 0.0000000000000000000, 0.7071067811865464600 ) ) ;
#6554 = VERTEX_POINT ( 'NONE', #4435 ) ;
#6555 = EDGE_CURVE ( 'NONE', #2986, #3613, #5274, .T. ) ;
#6556 = FILL_AREA_STYLE_COLOUR ( '', #3675 ) ;
#6557 = STYLED_ITEM ( 'NONE', ( #4185 ), #3317 ) ;
#6558 = AXIS2_PLACEMENT_3D ( 'NONE', #1127, #5145, #1697 ) ;
#6559 = CARTESIAN_POINT ( 'NONE',  ( 1.050000000000000000, 11.70000000000000100, -7.940000000000001300 ) ) ;
#6560 = CARTESIAN_POINT ( 'NONE',  ( 0.0000000000000000000, -2.799999999999999400, 0.0000000000000000000 ) ) ;
#6561 =( NAMED_UNIT ( * ) SI_UNIT ( $, .STERADIAN. ) SOLID_ANGLE_UNIT ( ) );
#6562 = EDGE_CURVE ( 'NONE', #4516, #3464, #296, .T. ) ;
#6563 = PRESENTATION_STYLE_ASSIGNMENT (( #2809 ) ) ;
#6564 = DIRECTION ( 'NONE',  ( 0.0000000000000000000, 1.000000000000000000, 0.0000000000000000000 ) ) ;
#6565 = PRESENTATION_STYLE_ASSIGNMENT (( #2099 ) ) ;
#6566 =( NAMED_UNIT ( * ) PLANE_ANGLE_UNIT ( ) SI_UNIT ( $, .RADIAN. ) );
#6567 = DIRECTION ( 'NONE',  ( 0.7071067811865470200, 0.0000000000000000000, -0.7071067811865481300 ) ) ;
#6568 = STYLED_ITEM ( 'NONE', ( #4955 ), #6837 ) ;
#6569 = SURFACE_SIDE_STYLE ('',( #3274 ) ) ;
#6570 = CARTESIAN_POINT ( 'NONE',  ( 1.590000000000000100, -2.799999999999999400, -7.839999999999999900 ) ) ;
#6571 = ORIENTED_EDGE ( 'NONE', *, *, #4838, .T. ) ;
#6572 = DIRECTION ( 'NONE',  ( 0.6756367705307529900, -0.0000000000000000000, 0.7372346670543747900 ) ) ;
#6573 = VECTOR ( 'NONE', #5925, 1000.000000000000000 ) ;
#6574 =( LENGTH_UNIT ( ) NAMED_UNIT ( * ) SI_UNIT ( .MILLI., .METRE. ) );
#6575 = LINE ( 'NONE', #6146, #2028 ) ;
#6576 = CARTESIAN_POINT ( 'NONE',  ( 1.490000000000000000, -2.799999999999999400, -12.38000000000000300 ) ) ;
#6577 = EDGE_CURVE ( 'NONE', #1668, #3445, #3389, .T. ) ;
#6578 = LINE ( 'NONE', #6993, #5095 ) ;
#6579 = CARTESIAN_POINT ( 'NONE',  ( -2.540000000000000000, 1.700000000000000000, -8.523421052631579900 ) ) ;
#6580 = ADVANCED_FACE ( 'NONE', ( #6059 ), #5062, .F. ) ;
#6581 = VECTOR ( 'NONE', #5730, 1000.000000000000000 ) ;
#6582 = UNCERTAINTY_MEASURE_WITH_UNIT (LENGTH_MEASURE( 1.000000000000000100E-005 ), #168, 'distance_accuracy_value', 'NONE');
#6583 = EDGE_CURVE ( 'NONE', #5582, #882, #6719, .T. ) ;
#6584 = VECTOR ( 'NONE', #4804, 1000.000000000000000 ) ;
#6585 = ORIENTED_EDGE ( 'NONE', *, *, #7355, .T. ) ;
#6586 = AXIS2_PLACEMENT_3D ( 'NONE', #4793, #1352, #5374 ) ;
#6587 = CARTESIAN_POINT ( 'NONE',  ( 0.0000000000000000000, 0.0000000000000000000, 0.0000000000000000000 ) ) ;
#6588 = SURFACE_STYLE_FILL_AREA ( #3758 ) ;
#6589 = CARTESIAN_POINT ( 'NONE',  ( -0.9499999999999999600, 11.70000000000000100, -2.760000000000000200 ) ) ;
#6590 =( LENGTH_UNIT ( ) NAMED_UNIT ( * ) SI_UNIT ( .MILLI., .METRE. ) );
#6591 = ORIENTED_EDGE ( 'NONE', *, *, #125, .F. ) ;
#6592 = COLOUR_RGB ( '',0.7960784313725489700, 0.8235294117647058400, 0.9372549019607843100 ) ;
#6593 = PRESENTATION_LAYER_ASSIGNMENT (  '', '', ( #5852 ) ) ;
#6594 = LINE ( 'NONE', #3732, #3774 ) ;
#6595 = ORIENTED_EDGE ( 'NONE', *, *, #1439, .F. ) ;
#6596 = VECTOR ( 'NONE', #6462, 1000.000000000000000 ) ;
#6597 = CARTESIAN_POINT ( 'NONE',  ( -2.540000000000000000, 1.700000000000000000, -3.443421052631578900 ) ) ;
#6598 = SURFACE_STYLE_USAGE ( .BOTH. , #2626 ) ;
#6599 = ORIENTED_EDGE ( 'NONE', *, *, #5678, .F. ) ;
#6600 = VECTOR ( 'NONE', #2156, 999.9999999999998900 ) ;
#6601 = CARTESIAN_POINT ( 'NONE',  ( -1.590000000000000300, 11.70000000000000100, -2.760000000000000200 ) ) ;
#6602 = FILL_AREA_STYLE ('',( #6042 ) ) ;
#6603 = DIRECTION ( 'NONE',  ( 0.7071067811865486800, 0.0000000000000000000, 0.7071067811865464600 ) ) ;
#6604 = PRESENTATION_LAYER_ASSIGNMENT (  '', '', ( #5857 ) ) ;
#6605 = AXIS2_PLACEMENT_3D ( 'NONE', #646, #4672, #1237 ) ;
#6606 = LINE ( 'NONE', #6355, #5122 ) ;
#6607 = ORIENTED_EDGE ( 'NONE', *, *, #5889, .T. ) ;
#6608 = PRESENTATION_STYLE_ASSIGNMENT (( #1208 ) ) ;
#6609 =( NAMED_UNIT ( * ) PLANE_ANGLE_UNIT ( ) SI_UNIT ( $, .RADIAN. ) );
#6610 = ORIENTED_EDGE ( 'NONE', *, *, #548, .F. ) ;
#6611 = MECHANICAL_DESIGN_GEOMETRIC_PRESENTATION_REPRESENTATION (  '', ( #5495 ), #6981 ) ;
#6612 = ORIENTED_EDGE ( 'NONE', *, *, #1205, .T. ) ;
#6613 = VECTOR ( 'NONE', #4166, 1000.000000000000000 ) ;
#6614 = PLANE ( 'NONE',  #2407 ) ;
#6615 = PRESENTATION_STYLE_ASSIGNMENT (( #4481 ) ) ;
#6616 = SURFACE_SIDE_STYLE ('',( #3042 ) ) ;
#6617 = CARTESIAN_POINT ( 'NONE',  ( 2.540000000000000900, 1.700000000000000000, -1.670000000000000400 ) ) ;
#6618 = VECTOR ( 'NONE', #7269, 1000.000000000000000 ) ;
#6619 = DIRECTION ( 'NONE',  ( 0.0000000000000000000, 0.0000000000000000000, 1.000000000000000000 ) ) ;
#6620 = FILL_AREA_STYLE_COLOUR ( '', #439 ) ;
#6621 = MECHANICAL_DESIGN_GEOMETRIC_PRESENTATION_REPRESENTATION (  '', ( #5505 ), #6987 ) ;
#6622 = VERTEX_POINT ( 'NONE', #2800 ) ;
#6623 = ORIENTED_EDGE ( 'NONE', *, *, #3531, .F. ) ;
#6624 = VECTOR ( 'NONE', #6547, 1000.000000000000000 ) ;
#6625 = ADVANCED_FACE ( 'NONE', ( #819 ), #5084, .T. ) ;
#6626 = VERTEX_POINT ( 'NONE', #6773 ) ;
#6627 = VECTOR ( 'NONE', #3690, 999.9999999999998900 ) ;
#6628 = DIRECTION ( 'NONE',  ( 0.0000000000000000000, -0.0000000000000000000, 1.000000000000000000 ) ) ;
#6629 =( LENGTH_UNIT ( ) NAMED_UNIT ( * ) SI_UNIT ( .MILLI., .METRE. ) );
#6630 = VERTEX_POINT ( 'NONE', #2822 ) ;
#6631 = AXIS2_PLACEMENT_3D ( 'NONE', #5047, #1599, #5621 ) ;
#6632 = VERTEX_POINT ( 'NONE', #6798 ) ;
#6633 =( LENGTH_UNIT ( ) NAMED_UNIT ( * ) SI_UNIT ( .MILLI., .METRE. ) );
#6634 = STYLED_ITEM ( 'NONE', ( #3299 ), #4928 ) ;
#6635 = CARTESIAN_POINT ( 'NONE',  ( 0.9499999999999999600, -2.799999999999999400, -5.299999999999999800 ) ) ;
#6636 = UNCERTAINTY_MEASURE_WITH_UNIT (LENGTH_MEASURE( 1.000000000000000100E-005 ), #7438, 'distance_accuracy_value', 'NONE');
#6637 = DIRECTION ( 'NONE',  ( -0.7071067811865489100, -0.0000000000000000000, 0.7071067811865462400 ) ) ;
#6638 = CARTESIAN_POINT ( 'NONE',  ( -2.140000000000000600, 1.700000000000000000, -13.97000000000000100 ) ) ;
#6639 = PLANE ( 'NONE',  #164 ) ;
#6640 = UNCERTAINTY_MEASURE_WITH_UNIT (LENGTH_MEASURE( 1.000000000000000100E-005 ), #2612, 'distance_accuracy_value', 'NONE');
#6641 = AXIS2_PLACEMENT_3D ( 'NONE', #6831, #3443, #7414 ) ;
#6642 =( NAMED_UNIT ( * ) SI_UNIT ( $, .STERADIAN. ) SOLID_ANGLE_UNIT ( ) );
#6643 = VECTOR ( 'NONE', #5246, 1000.000000000000000 ) ;
#6644 = ORIENTED_EDGE ( 'NONE', *, *, #2744, .F. ) ;
#6645 =( NAMED_UNIT ( * ) PLANE_ANGLE_UNIT ( ) SI_UNIT ( $, .RADIAN. ) );
#6646 = SURFACE_SIDE_STYLE ('',( #6301 ) ) ;
#6647 =( NAMED_UNIT ( * ) SI_UNIT ( $, .STERADIAN. ) SOLID_ANGLE_UNIT ( ) );
#6648 = PRESENTATION_LAYER_ASSIGNMENT (  '', '', ( #5888 ) ) ;
#6649 = EDGE_CURVE ( 'NONE', #6003, #1089, #1641, .T. ) ;
#6650 = ORIENTED_EDGE ( 'NONE', *, *, #5839, .T. ) ;
#6651 = FILL_AREA_STYLE ('',( #6093 ) ) ;
#6652 = CARTESIAN_POINT ( 'NONE',  ( -1.050000000000000000, -2.799999999999999400, -4.760000000000000700 ) ) ;
#6653 = FILL_AREA_STYLE_COLOUR ( '', #465 ) ;
#6654 = VECTOR ( 'NONE', #2636, 1000.000000000000000 ) ;
#6655 = CARTESIAN_POINT ( 'NONE',  ( -2.539999999999999600, 1.700000000000000000, -6.783421052631577900 ) ) ;
#6656 =( NAMED_UNIT ( * ) SI_UNIT ( $, .STERADIAN. ) SOLID_ANGLE_UNIT ( ) );
#6657 = CARTESIAN_POINT ( 'NONE',  ( 1.590000000000000100, -2.799999999999999400, -2.760000000000000200 ) ) ;
#6658 = DIRECTION ( 'NONE',  ( 0.0000000000000000000, 1.000000000000000000, 0.0000000000000000000 ) ) ;
#6659 = EDGE_CURVE ( 'NONE', #2268, #4667, #3158, .T. ) ;
#6660 = COLOUR_RGB ( '',0.7960784313725489700, 0.8235294117647058400, 0.9372549019607843100 ) ;
#6661 = ADVANCED_FACE ( 'NONE', ( #251 ), #5699, .T. ) ;
#6662 = DIRECTION ( 'NONE',  ( -0.0000000000000000000, -0.0000000000000000000, -1.000000000000000000 ) ) ;
#6663 = CARTESIAN_POINT ( 'NONE',  ( 2.540000000000000900, 1.700000000000000000, -1.670000000000000400 ) ) ;
#6664 = DIRECTION ( 'NONE',  ( -1.000000000000000000, 0.0000000000000000000, -1.232047923278982000E-016 ) ) ;
#6665 = DIRECTION ( 'NONE',  ( 0.7071067811865470200, 0.0000000000000000000, -0.7071067811865481300 ) ) ;
#6666 = SURFACE_SIDE_STYLE ('',( #5704 ) ) ;
#6667 = LINE ( 'NONE', #6133, #6481 ) ;
#6668 = SURFACE_STYLE_FILL_AREA ( #4295 ) ;
#6669 = PLANE ( 'NONE',  #6163 ) ;
#6670 = VECTOR ( 'NONE', #6166, 1000.000000000000000 ) ;
#6671 = AXIS2_PLACEMENT_3D ( 'NONE', #3751, #267, #4310 ) ;
#6672 = VERTEX_POINT ( 'NONE', #1644 ) ;
#6673 = EDGE_CURVE ( 'NONE', #1616, #6255, #5503, .T. ) ;
#6674 = CARTESIAN_POINT ( 'NONE',  ( -1.050000000000000000, 11.70000000000000100, -0.3200000000000000600 ) ) ;
#6675 = COLOUR_RGB ( '',0.0000000000000000000, 0.003921568627450980300, 0.09019607843137254800 ) ;
#6676 =( NAMED_UNIT ( * ) PLANE_ANGLE_UNIT ( ) SI_UNIT ( $, .RADIAN. ) );
#6677 = VECTOR ( 'NONE', #2112, 1000.000000000000000 ) ;
#6678 = AXIS2_PLACEMENT_3D ( 'NONE', #5229, #1781, #5785 ) ;
#6679 = PLANE ( 'NONE',  #6226 ) ;
#6680 =( NAMED_UNIT ( * ) SI_UNIT ( $, .STERADIAN. ) SOLID_ANGLE_UNIT ( ) );
#6681 = UNCERTAINTY_MEASURE_WITH_UNIT (LENGTH_MEASURE( 1.000000000000000100E-005 ), #6220, 'distance_accuracy_value', 'NONE');
#6682 = ORIENTED_EDGE ( 'NONE', *, *, #6189, .T. ) ;
#6683 = FACE_OUTER_BOUND ( 'NONE', #6975, .T. ) ;
#6684 = CARTESIAN_POINT ( 'NONE',  ( 2.140000000000001500, 1.700000000000000000, 1.270000000000000000 ) ) ;
#6685 =( LENGTH_UNIT ( ) NAMED_UNIT ( * ) SI_UNIT ( .MILLI., .METRE. ) );
#6686 =( NAMED_UNIT ( * ) PLANE_ANGLE_UNIT ( ) SI_UNIT ( $, .RADIAN. ) );
#6687 = PRESENTATION_LAYER_ASSIGNMENT (  '', '', ( #5938 ) ) ;
#6688 = LINE ( 'NONE', #3812, #3673 ) ;
#6689 = VERTEX_POINT ( 'NONE', #2291 ) ;
#6690 = DIRECTION ( 'NONE',  ( -1.232047923278982000E-016, 0.0000000000000000000, 1.000000000000000000 ) ) ;
#6691 = DIRECTION ( 'NONE',  ( 0.0000000000000000000, 1.000000000000000000, 0.0000000000000000000 ) ) ;
#6692 = ORIENTED_EDGE ( 'NONE', *, *, #5783, .T. ) ;
#6693 = LINE ( 'NONE', #4658, #5209 ) ;
#6694 = ADVANCED_FACE ( 'NONE', ( #919 ), #5162, .F. ) ;
#6695 = ORIENTED_EDGE ( 'NONE', *, *, #6649, .F. ) ;
#6696 = VECTOR ( 'NONE', #785, 999.9999999999998900 ) ;
#6697 =( NAMED_UNIT ( * ) PLANE_ANGLE_UNIT ( ) SI_UNIT ( $, .RADIAN. ) );
#6698 = EDGE_CURVE ( 'NONE', #6083, #6285, #1894, .T. ) ;
#6699 = DIRECTION ( 'NONE',  ( 0.0000000000000000000, 1.000000000000000000, 0.0000000000000000000 ) ) ;
#6701 = DIRECTION ( 'NONE',  ( -0.7071067811865470200, 0.0000000000000000000, -0.7071067811865481300 ) ) ;
#6700 = LINE ( 'NONE', #4553, #2158 ) ;
#6702 =( GEOMETRIC_REPRESENTATION_CONTEXT ( 3 ) GLOBAL_UNCERTAINTY_ASSIGNED_CONTEXT ( ( #2439 ) ) GLOBAL_UNIT_ASSIGNED_CONTEXT ( ( #6865, #3467, #7446 ) ) REPRESENTATION_CONTEXT ( 'NONE', 'WORKASPACE' ) );
#6703 = VECTOR ( 'NONE', #6253, 999.9999999999998900 ) ;
#6704 = ORIENTED_EDGE ( 'NONE', *, *, #831, .F. ) ;
#6705 = DIRECTION ( 'NONE',  ( 0.0000000000000000000, 1.000000000000000000, 0.0000000000000000000 ) ) ;
#6706 = LINE ( 'NONE', #2098, #2344 ) ;
#6707 = DIRECTION ( 'NONE',  ( 0.0000000000000000000, 0.0000000000000000000, 1.000000000000000000 ) ) ;
#6708 =( GEOMETRIC_REPRESENTATION_CONTEXT ( 3 ) GLOBAL_UNCERTAINTY_ASSIGNED_CONTEXT ( ( #7367 ) ) GLOBAL_UNIT_ASSIGNED_CONTEXT ( ( #6710, #3318, #7277 ) ) REPRESENTATION_CONTEXT ( 'NONE', 'WORKASPACE' ) );
#6709 = VECTOR ( 'NONE', #2093, 1000.000000000000000 ) ;
#6710 =( LENGTH_UNIT ( ) NAMED_UNIT ( * ) SI_UNIT ( .MILLI., .METRE. ) );
#6711 = FILL_AREA_STYLE ('',( #370 ) ) ;
#6712 = EDGE_LOOP ( 'NONE', ( #2179, #1510, #6069, #3559 ) ) ;
#6713 = EDGE_CURVE ( 'NONE', #6078, #4516, #3440, .T. ) ;
#6714 =( LENGTH_UNIT ( ) NAMED_UNIT ( * ) SI_UNIT ( .MILLI., .METRE. ) );
#6715 = SURFACE_STYLE_USAGE ( .BOTH. , #2738 ) ;
#6716 = VERTEX_POINT ( 'NONE', #7449 ) ;
#6717 =( LENGTH_UNIT ( ) NAMED_UNIT ( * ) SI_UNIT ( .MILLI., .METRE. ) );
#6718 =( LENGTH_UNIT ( ) NAMED_UNIT ( * ) SI_UNIT ( .MILLI., .METRE. ) );
#6719 = LINE ( 'NONE', #2215, #2360 ) ;
#6720 = UNCERTAINTY_MEASURE_WITH_UNIT (LENGTH_MEASURE( 1.000000000000000100E-005 ), #5403, 'distance_accuracy_value', 'NONE');
#6721 = EDGE_CURVE ( 'NONE', #1089, #1595, #6277, .T. ) ;
#6722 =( GEOMETRIC_REPRESENTATION_CONTEXT ( 3 ) GLOBAL_UNCERTAINTY_ASSIGNED_CONTEXT ( ( #2107 ) ) GLOBAL_UNIT_ASSIGNED_CONTEXT ( ( #6786, #3390, #7363 ) ) REPRESENTATION_CONTEXT ( 'NONE', 'WORKASPACE' ) );
#6723 =( NAMED_UNIT ( * ) PLANE_ANGLE_UNIT ( ) SI_UNIT ( $, .RADIAN. ) );
#6724 = VERTEX_POINT ( 'NONE', #5211 ) ;
#6725 = FILL_AREA_STYLE ('',( #1593 ) ) ;
#6726 = EDGE_CURVE ( 'NONE', #4599, #152, #3260, .T. ) ;
#6727 = STYLED_ITEM ( 'NONE', ( #134 ), #4318 ) ;
#6728 = ORIENTED_EDGE ( 'NONE', *, *, #6458, .T. ) ;
#6729 = ADVANCED_FACE ( 'NONE', ( #349 ), #7, .F. ) ;
#6730 = CARTESIAN_POINT ( 'NONE',  ( 1.490000000000000000, 11.70000000000000100, -2.860000000000000300 ) ) ;
#6731 = DIRECTION ( 'NONE',  ( 0.0000000000000000000, 0.0000000000000000000, 1.000000000000000000 ) ) ;
#6732 = FILL_AREA_STYLE_COLOUR ( '', #7403 ) ;
#6733 = PRESENTATION_STYLE_ASSIGNMENT (( #4997 ) ) ;
#6734 = DIRECTION ( 'NONE',  ( 1.000000000000000000, 0.0000000000000000000, 0.0000000000000000000 ) ) ;
#6735 = FILL_AREA_STYLE_COLOUR ( '', #1120 ) ;
#6736 = FILL_AREA_STYLE ('',( #5624 ) ) ;
#6737 = FILL_AREA_STYLE ('',( #2187 ) ) ;
#6738 = AXIS2_PLACEMENT_3D ( 'NONE', #285, #4331, #891 ) ;
#6739 = EDGE_CURVE ( 'NONE', #7230, #2491, #2530, .T. ) ;
#6740 = PRESENTATION_STYLE_ASSIGNMENT (( #1372 ) ) ;
#6741 = VECTOR ( 'NONE', #553, 1000.000000000000000 ) ;
#6742 = ORIENTED_EDGE ( 'NONE', *, *, #1165, .T. ) ;
#6743 = STYLED_ITEM ( 'NONE', ( #5637 ), #1759 ) ;
#6744 = ORIENTED_EDGE ( 'NONE', *, *, #2299, .F. ) ;
#6745 = LINE ( 'NONE', #4523, #2201 ) ;
#6746 = SURFACE_STYLE_FILL_AREA ( #1517 ) ;
#6747 = PRESENTATION_LAYER_ASSIGNMENT (  '', '', ( #6000 ) ) ;
#6748 =( LENGTH_UNIT ( ) NAMED_UNIT ( * ) SI_UNIT ( .MILLI., .METRE. ) );
#6749 = FILL_AREA_STYLE_COLOUR ( '', #3865 ) ;
#6750 = CARTESIAN_POINT ( 'NONE',  ( -1.590000000000000300, -2.799999999999999400, -10.38000000000000100 ) ) ;
#6751 = SURFACE_STYLE_USAGE ( .BOTH. , #2783 ) ;
#6752 = SURFACE_SIDE_STYLE ('',( #7026 ) ) ;
#6754 = COLOUR_RGB ( '',0.7960784313725489700, 0.8235294117647058400, 0.9372549019607843100 ) ;
#6753 = PRESENTATION_LAYER_ASSIGNMENT (  '', '', ( #6010 ) ) ;
#6755 = LINE ( 'NONE', #389, #673 ) ;
#6756 = DIRECTION ( 'NONE',  ( 0.7071067811865487900, 0.0000000000000000000, -0.7071067811865463500 ) ) ;
#6757 = DIRECTION ( 'NONE',  ( -0.7071067811865470200, -0.0000000000000000000, -0.7071067811865481300 ) ) ;
#6758 = UNCERTAINTY_MEASURE_WITH_UNIT (LENGTH_MEASURE( 1.000000000000000100E-005 ), #890, 'distance_accuracy_value', 'NONE');
#6759 = CARTESIAN_POINT ( 'NONE',  ( 2.540000000000000900, 0.0000000000000000000, -5.950000000000001100 ) ) ;
#6760 = LINE ( 'NONE', #2877, #6581 ) ;
#6761 = STYLED_ITEM ( 'NONE', ( #6517 ), #572 ) ;
#6762 = ORIENTED_EDGE ( 'NONE', *, *, #1802, .F. ) ;
#6763 = PRESENTATION_STYLE_ASSIGNMENT (( #6775 ) ) ;
#6764 =( GEOMETRIC_REPRESENTATION_CONTEXT ( 3 ) GLOBAL_UNCERTAINTY_ASSIGNED_CONTEXT ( ( #530 ) ) GLOBAL_UNIT_ASSIGNED_CONTEXT ( ( #1708, #5710, #2280 ) ) REPRESENTATION_CONTEXT ( 'NONE', 'WORKASPACE' ) );
#6765 = ADVANCED_FACE ( 'NONE', ( #1016 ), #6918, .F. ) ;
#6766 = LINE ( 'NONE', #3269, #5284 ) ;
#6767 = MANIFOLD_SOLID_BREP ( 'LPattern3[6]', #825 ) ;
#6768 = FACE_OUTER_BOUND ( 'NONE', #7409, .T. ) ;
#6769 = FACE_OUTER_BOUND ( 'NONE', #5662, .T. ) ;
#6770 = EDGE_LOOP ( 'NONE', ( #3810, #783, #6234, #5068 ) ) ;
#6771 = LINE ( 'NONE', #6043, #2592 ) ;
#6772 = STYLED_ITEM ( 'NONE', ( #3994 ), #3892 ) ;
#6773 = CARTESIAN_POINT ( 'NONE',  ( -1.050000000000000000, 11.70000000000000100, -4.760000000000000700 ) ) ;
#6774 = CARTESIAN_POINT ( 'NONE',  ( 1.490000000000000000, -2.799999999999999400, -7.299999999999999800 ) ) ;
#6775 = SURFACE_STYLE_USAGE ( .BOTH. , #2802 ) ;
#6776 = VERTEX_POINT ( 'NONE', #3081 ) ;
#6777 = VECTOR ( 'NONE', #1914, 1000.000000000000000 ) ;
#6778 = VERTEX_POINT ( 'NONE', #7067 ) ;
#6779 =( LENGTH_UNIT ( ) NAMED_UNIT ( * ) SI_UNIT ( .MILLI., .METRE. ) );
#6780 = DIRECTION ( 'NONE',  ( 0.7071067811865470200, 0.0000000000000000000, -0.7071067811865481300 ) ) ;
#6781 =( NAMED_UNIT ( * ) SI_UNIT ( $, .STERADIAN. ) SOLID_ANGLE_UNIT ( ) );
#6782 = AXIS2_PLACEMENT_3D ( 'NONE', #2273, #6265, #2845 ) ;
#6783 = EDGE_CURVE ( 'NONE', #544, #6889, #5842, .T. ) ;
#6784 = LINE ( 'NONE', #4098, #700 ) ;
#6785 = LINE ( 'NONE', #2908, #2421 ) ;
#6786 =( LENGTH_UNIT ( ) NAMED_UNIT ( * ) SI_UNIT ( .MILLI., .METRE. ) );
#6787 = ORIENTED_EDGE ( 'NONE', *, *, #4059, .T. ) ;
#6788 = FACE_OUTER_BOUND ( 'NONE', #1633, .T. ) ;
#6789 =( LENGTH_UNIT ( ) NAMED_UNIT ( * ) SI_UNIT ( .MILLI., .METRE. ) );
#6790 =( NAMED_UNIT ( * ) PLANE_ANGLE_UNIT ( ) SI_UNIT ( $, .RADIAN. ) );
#6791 = VERTEX_POINT ( 'NONE', #3528 ) ;
#6792 = LINE ( 'NONE', #4707, #6613 ) ;
#6793 = COLOUR_RGB ( '',0.7960784313725489700, 0.8235294117647058400, 0.9372549019607843100 ) ;
#6794 =( GEOMETRIC_REPRESENTATION_CONTEXT ( 3 ) GLOBAL_UNCERTAINTY_ASSIGNED_CONTEXT ( ( #6311 ) ) GLOBAL_UNIT_ASSIGNED_CONTEXT ( ( #231, #4273, #832 ) ) REPRESENTATION_CONTEXT ( 'NONE', 'WORKASPACE' ) );
#6795 = ORIENTED_EDGE ( 'NONE', *, *, #3001, .T. ) ;
#6796 = EDGE_CURVE ( 'NONE', #3698, #7339, #7345, .T. ) ;
#6797 = AXIS2_PLACEMENT_3D ( 'NONE', #5420, #1976, #5976 ) ;
#6798 = CARTESIAN_POINT ( 'NONE',  ( 2.540000000000000900, 0.0000000000000000000, -0.8700000000000006600 ) ) ;
#6799 = SURFACE_STYLE_USAGE ( .BOTH. , #2823 ) ;
#6800 = DIRECTION ( 'NONE',  ( -0.7071067811865469100, -0.0000000000000000000, 0.7071067811865482400 ) ) ;
#6801 = COLOUR_RGB ( '',0.7921568627450980000, 0.8196078431372548800, 0.9333333333333333500 ) ;
#6802 = PRESENTATION_LAYER_ASSIGNMENT (  '', '', ( #6048 ) ) ;
#6803 = MECHANICAL_DESIGN_GEOMETRIC_PRESENTATION_REPRESENTATION (  '', ( #5682 ), #7183 ) ;
#6804 = ORIENTED_EDGE ( 'NONE', *, *, #3470, .T. ) ;
#6805 = ORIENTED_EDGE ( 'NONE', *, *, #3312, .F. ) ;
#6806 = ADVANCED_FACE ( 'NONE', ( #445 ), #1956, .F. ) ;
#6807 = SURFACE_SIDE_STYLE ('',( #569 ) ) ;
#6808 = CARTESIAN_POINT ( 'NONE',  ( -1.490000000000000000, -2.799999999999999400, -10.48000000000000200 ) ) ;
#6809 = PRESENTATION_LAYER_ASSIGNMENT (  '', '', ( #6061 ) ) ;
#6810 = PLANE ( 'NONE',  #485 ) ;
#6811 = FILL_AREA_STYLE_COLOUR ( '', #4498 ) ;
#6812 = VERTEX_POINT ( 'NONE', #4239 ) ;
#6813 = EDGE_CURVE ( 'NONE', #662, #1092, #2263, .T. ) ;
#6814 = UNCERTAINTY_MEASURE_WITH_UNIT (LENGTH_MEASURE( 1.000000000000000100E-005 ), #1239, 'distance_accuracy_value', 'NONE');
#6815 = PRESENTATION_LAYER_ASSIGNMENT (  '', '', ( #6066 ) ) ;
#6816 = PRESENTATION_STYLE_ASSIGNMENT (( #1473 ) ) ;
#6817 = ORIENTED_EDGE ( 'NONE', *, *, #2113, .T. ) ;
#6818 = FILL_AREA_STYLE_COLOUR ( '', #615 ) ;
#6819 = EDGE_CURVE ( 'NONE', #4571, #1851, #3803, .T. ) ;
#6820 = VECTOR ( 'NONE', #3109, 1000.000000000000000 ) ;
#6821 = ORIENTED_EDGE ( 'NONE', *, *, #1046, .T. ) ;
#6822 =( LENGTH_UNIT ( ) NAMED_UNIT ( * ) SI_UNIT ( .MILLI., .METRE. ) );
#6823 = CARTESIAN_POINT ( 'NONE',  ( -0.9499999999999999600, -2.799999999999999400, -0.2199999999999999700 ) ) ;
#6824 = CARTESIAN_POINT ( 'NONE',  ( -2.140000000000000600, 1.700000000000000000, -3.810000000000000100 ) ) ;
#6825 = ORIENTED_EDGE ( 'NONE', *, *, #7254, .F. ) ;
#6826 = SURFACE_STYLE_FILL_AREA ( #4107 ) ;
#6827 =( LENGTH_UNIT ( ) NAMED_UNIT ( * ) SI_UNIT ( .MILLI., .METRE. ) );
#6828 = ORIENTED_EDGE ( 'NONE', *, *, #5984, .F. ) ;
#6829 = DIRECTION ( 'NONE',  ( -0.7071067811865475700, 0.0000000000000000000, 0.7071067811865475700 ) ) ;
#6830 = VECTOR ( 'NONE', #1154, 1000.000000000000000 ) ;
#6831 = CARTESIAN_POINT ( 'NONE',  ( 0.0000000000000000000, 11.70000000000000100, -12.70000000000000100 ) ) ;
#6832 = LINE ( 'NONE', #6862, #5348 ) ;
#6833 = DIRECTION ( 'NONE',  ( -0.7071067811865461300, 0.0000000000000000000, 0.7071067811865489100 ) ) ;
#6834 = FILL_AREA_STYLE_COLOUR ( '', #2246 ) ;
#6835 = EDGE_CURVE ( 'NONE', #6285, #7427, #719, .T. ) ;
#6836 = VERTEX_POINT ( 'NONE', #1986 ) ;
#6837 = ADVANCED_FACE ( 'NONE', ( #3609 ), #849, .T. ) ;
#6838 = CARTESIAN_POINT ( 'NONE',  ( -2.540000000000000000, 0.0000000000000000000, -0.9034210526315790100 ) ) ;
#6839 = COLOUR_RGB ( '',0.7960784313725489700, 0.8235294117647058400, 0.9372549019607843100 ) ;
#6840 = DIRECTION ( 'NONE',  ( -0.7071067811865470200, -0.0000000000000000000, -0.7071067811865481300 ) ) ;
#6841 =( GEOMETRIC_REPRESENTATION_CONTEXT ( 3 ) GLOBAL_UNCERTAINTY_ASSIGNED_CONTEXT ( ( #3068 ) ) GLOBAL_UNIT_ASSIGNED_CONTEXT ( ( #5687, #2257, #6242 ) ) REPRESENTATION_CONTEXT ( 'NONE', 'WORKASPACE' ) );
#6842 = MECHANICAL_DESIGN_GEOMETRIC_PRESENTATION_REPRESENTATION (  '', ( #5721 ), #7234 ) ;
#6843 = VECTOR ( 'NONE', #6501, 1000.000000000000000 ) ;
#6844 = VERTEX_POINT ( 'NONE', #3757 ) ;
#6845 = CARTESIAN_POINT ( 'NONE',  ( -1.590000000000000300, -2.799999999999999400, -7.839999999999999900 ) ) ;
#6846 = PRESENTATION_STYLE_ASSIGNMENT (( #1977 ) ) ;
#6847 = DIRECTION ( 'NONE',  ( 0.0000000000000000000, 0.0000000000000000000, -1.000000000000000000 ) ) ;
#6848 = FILL_AREA_STYLE ('',( #6283 ) ) ;
#6849 = LINE ( 'NONE', #4678, #5362 ) ;
#6850 = LINE ( 'NONE', #4958, #2492 ) ;
#6851 = UNCERTAINTY_MEASURE_WITH_UNIT (LENGTH_MEASURE( 1.000000000000000100E-005 ), #5193, 'distance_accuracy_value', 'NONE');
#6852 = FILL_AREA_STYLE_COLOUR ( '', #496 ) ;
#6853 = LINE ( 'NONE', #1015, #5367 ) ;
#6854 = PRESENTATION_STYLE_ASSIGNMENT (( #474 ) ) ;
#6855 = PRESENTATION_STYLE_ASSIGNMENT (( #5342 ) ) ;
#6856 = EDGE_LOOP ( 'NONE', ( #86, #7145, #5728, #2383 ) ) ;
#6857 =( NAMED_UNIT ( * ) SI_UNIT ( $, .STERADIAN. ) SOLID_ANGLE_UNIT ( ) );
#6858 = SURFACE_SIDE_STYLE ('',( #1060 ) ) ;
#6859 =( NAMED_UNIT ( * ) SI_UNIT ( $, .STERADIAN. ) SOLID_ANGLE_UNIT ( ) );
#6860 = EDGE_CURVE ( 'NONE', #5917, #4339, #7425, .T. ) ;
#6861 = MECHANICAL_DESIGN_GEOMETRIC_PRESENTATION_REPRESENTATION (  '', ( #5741 ), #7256 ) ;
#6862 = CARTESIAN_POINT ( 'NONE',  ( -0.9499999999999999600, -2.799999999999999400, -7.400000000000000400 ) ) ;
#6863 = ORIENTED_EDGE ( 'NONE', *, *, #5058, .T. ) ;
#6864 = VECTOR ( 'NONE', #7338, 1000.000000000000000 ) ;
#6865 =( LENGTH_UNIT ( ) NAMED_UNIT ( * ) SI_UNIT ( .MILLI., .METRE. ) );
#6866 = DIRECTION ( 'NONE',  ( -0.0000000000000000000, -1.000000000000000000, -0.0000000000000000000 ) ) ;
#6867 = EDGE_CURVE ( 'NONE', #6836, #6632, #6448, .T. ) ;
#6868 = ORIENTED_EDGE ( 'NONE', *, *, #7408, .F. ) ;
#6869 = LINE ( 'NONE', #2982, #2434 ) ;
#6870 = ORIENTED_EDGE ( 'NONE', *, *, #1588, .T. ) ;
#6871 = FACE_OUTER_BOUND ( 'NONE', #6770, .T. ) ;
#6872 = MECHANICAL_DESIGN_GEOMETRIC_PRESENTATION_REPRESENTATION (  '', ( #5749 ), #7262 ) ;
#6873 = ORIENTED_EDGE ( 'NONE', *, *, #7195, .F. ) ;
#6874 = CARTESIAN_POINT ( 'NONE',  ( 2.540000000000000900, 1.700000000000000000, -13.57000000000000200 ) ) ;
#6875 = LINE ( 'NONE', #3664, #2336 ) ;
#6876 = SURFACE_SIDE_STYLE ('',( #6411 ) ) ;
#6877 = CARTESIAN_POINT ( 'NONE',  ( 0.9499999999999999600, -2.799999999999999400, 0.2200000000000000600 ) ) ;
#6878 = LINE ( 'NONE', #5694, #3692 ) ;
#6879 = ADVANCED_FACE ( 'NONE', ( #1350 ), #1459, .F. ) ;
#6880 = VECTOR ( 'NONE', #2511, 1000.000000000000000 ) ;
#6881 = DIRECTION ( 'NONE',  ( 0.6782059721786389800, 0.0000000000000000000, 0.7348718659067220400 ) ) ;
#6882 = ORIENTED_EDGE ( 'NONE', *, *, #1368, .T. ) ;
#6883 =( GEOMETRIC_REPRESENTATION_CONTEXT ( 3 ) GLOBAL_UNCERTAINTY_ASSIGNED_CONTEXT ( ( #2934 ) ) GLOBAL_UNIT_ASSIGNED_CONTEXT ( ( #6629, #3220, #7196 ) ) REPRESENTATION_CONTEXT ( 'NONE', 'WORKASPACE' ) );
#6884 = EDGE_CURVE ( 'NONE', #4974, #552, #803, .T. ) ;
#6885 = DIRECTION ( 'NONE',  ( 0.0000000000000000000, -0.0000000000000000000, -1.000000000000000000 ) ) ;
#6886 = FILL_AREA_STYLE_COLOUR ( '', #4159 ) ;
#6887 = CARTESIAN_POINT ( 'NONE',  ( -2.540000000000000000, 0.0000000000000000000, -13.60342105263158000 ) ) ;
#6888 = VERTEX_POINT ( 'NONE', #3790 ) ;
#6889 = VERTEX_POINT ( 'NONE', #324 ) ;
#6890 =( GEOMETRIC_REPRESENTATION_CONTEXT ( 3 ) GLOBAL_UNCERTAINTY_ASSIGNED_CONTEXT ( ( #1512 ) ) GLOBAL_UNIT_ASSIGNED_CONTEXT ( ( #4854, #1401, #5430 ) ) REPRESENTATION_CONTEXT ( 'NONE', 'WORKASPACE' ) );
#6891 = FILL_AREA_STYLE ('',( #5764 ) ) ;
#6892 = PRESENTATION_STYLE_ASSIGNMENT (( #1903 ) ) ;
#6893 = AXIS2_PLACEMENT_3D ( 'NONE', #510, #4548, #1112 ) ;
#6894 = FACE_OUTER_BOUND ( 'NONE', #3422, .T. ) ;
#6895 = DIRECTION ( 'NONE',  ( 0.0000000000000000000, 0.0000000000000000000, 1.000000000000000000 ) ) ;
#6896 = VERTEX_POINT ( 'NONE', #938 ) ;
#6897 = DIRECTION ( 'NONE',  ( -0.7071067811865489100, -0.0000000000000000000, 0.7071067811865462400 ) ) ;
#6898 = AXIS2_PLACEMENT_3D ( 'NONE', #2040, #6041, #2627 ) ;
#6899 = CARTESIAN_POINT ( 'NONE',  ( 1.590000000000000100, -2.799999999999999400, -12.92000000000000200 ) ) ;
#6900 = ORIENTED_EDGE ( 'NONE', *, *, #3357, .F. ) ;
#6901 = UNCERTAINTY_MEASURE_WITH_UNIT (LENGTH_MEASURE( 1.000000000000000100E-005 ), #4240, 'distance_accuracy_value', 'NONE');
#6902 = AXIS2_PLACEMENT_3D ( 'NONE', #827, #4801, #412 ) ;
#6903 = PRESENTATION_STYLE_ASSIGNMENT (( #1707 ) ) ;
#6904 = SURFACE_STYLE_USAGE ( .BOTH. , #2922 ) ;
#6905 = SURFACE_STYLE_FILL_AREA ( #2070 ) ;
#6906 = CARTESIAN_POINT ( 'NONE',  ( 1.490000000000000000, -2.799999999999999400, 0.3199999999999999000 ) ) ;
#6907 = MECHANICAL_DESIGN_GEOMETRIC_PRESENTATION_REPRESENTATION (  '', ( #5781 ), #7289 ) ;
#6908 = DIRECTION ( 'NONE',  ( 0.0000000000000000000, 0.0000000000000000000, 1.000000000000000000 ) ) ;
#6909 = EDGE_CURVE ( 'NONE', #5054, #1701, #2346, .T. ) ;
#6910 = SURFACE_STYLE_FILL_AREA ( #4427 ) ;
#6911 = CARTESIAN_POINT ( 'NONE',  ( 1.050000000000000000, 11.70000000000000100, -9.840000000000001600 ) ) ;
#6912 = ADVANCED_FACE ( 'NONE', ( #2168 ), #4372, .T. ) ;
#6913 = DIRECTION ( 'NONE',  ( -1.000000000000000000, 0.0000000000000000000, -1.232047923278982000E-016 ) ) ;
#6914 = CARTESIAN_POINT ( 'NONE',  ( -1.490000000000000000, 11.70000000000000100, -5.400000000000000400 ) ) ;
#6915 = LINE ( 'NONE', #3536, #4088 ) ;
#6916 = LINE ( 'NONE', #1922, #2557 ) ;
#6917 = LINE ( 'NONE', #5191, #282 ) ;
#6918 = PLANE ( 'NONE',  #3139 ) ;
#6919 =( LENGTH_UNIT ( ) NAMED_UNIT ( * ) SI_UNIT ( .MILLI., .METRE. ) );
#6920 = STYLED_ITEM ( 'NONE', ( #1596 ), #979 ) ;
#6921 =( NAMED_UNIT ( * ) PLANE_ANGLE_UNIT ( ) SI_UNIT ( $, .RADIAN. ) );
#6922 = ORIENTED_EDGE ( 'NONE', *, *, #4304, .T. ) ;
#6923 = DIRECTION ( 'NONE',  ( 0.7071067811865474600, 0.0000000000000000000, 0.7071067811865474600 ) ) ;
#6924 = FILL_AREA_STYLE_COLOUR ( '', #2378 ) ;
#6925 = FILL_AREA_STYLE ('',( #6371 ) ) ;
#6926 = CARTESIAN_POINT ( 'NONE',  ( 1.490000000000000000, 11.70000000000000100, 0.3199999999999999000 ) ) ;
#6927 = AXIS2_PLACEMENT_3D ( 'NONE', #2975, #6951, #3558 ) ;
#6928 = SURFACE_STYLE_FILL_AREA ( #3058 ) ;
#6929 = EDGE_CURVE ( 'NONE', #317, #4395, #1627, .T. ) ;
#6930 = EDGE_CURVE ( 'NONE', #2794, #317, #50, .T. ) ;
#6931 = STYLED_ITEM ( 'NONE', ( #6099 ), #7334 ) ;
#6932 = SURFACE_STYLE_USAGE ( .BOTH. , #2958 ) ;
#6933 = ORIENTED_EDGE ( 'NONE', *, *, #5059, .T. ) ;
#6934 = DIRECTION ( 'NONE',  ( 0.6782059721786389800, 0.0000000000000000000, 0.7348718659067220400 ) ) ;
#6935 = COLOUR_RGB ( '',0.7960784313725489700, 0.8235294117647058400, 0.9372549019607843100 ) ;
#6936 = CARTESIAN_POINT ( 'NONE',  ( -1.050000000000000000, 11.70000000000000100, 0.3199999999999999000 ) ) ;
#6937 = AXIS2_PLACEMENT_3D ( 'NONE', #2522, #6503, #3088 ) ;
#6938 = PRESENTATION_LAYER_ASSIGNMENT (  '', '', ( #6194 ) ) ;
#6939 = ORIENTED_EDGE ( 'NONE', *, *, #1292, .T. ) ;
#6940 = LINE ( 'NONE', #7330, #1064 ) ;
#6941 = UNCERTAINTY_MEASURE_WITH_UNIT (LENGTH_MEASURE( 1.000000000000000100E-005 ), #4116, 'distance_accuracy_value', 'NONE');
#6942 = VECTOR ( 'NONE', #4422, 1000.000000000000100 ) ;
#6943 = EDGE_CURVE ( 'NONE', #1851, #4455, #3140, .T. ) ;
#6944 = ADVANCED_FACE ( 'NONE', ( #5833 ), #995, .T. ) ;
#6945 = ORIENTED_EDGE ( 'NONE', *, *, #6420, .F. ) ;
#6946 = UNCERTAINTY_MEASURE_WITH_UNIT (LENGTH_MEASURE( 1.000000000000000100E-005 ), #5380, 'distance_accuracy_value', 'NONE');
#6947 = LINE ( 'NONE', #286, #2412 ) ;
#6948 = PRESENTATION_STYLE_ASSIGNMENT (( #571 ) ) ;
#6949 = SURFACE_SIDE_STYLE ('',( #964 ) ) ;
#6950 = AXIS2_PLACEMENT_3D ( 'NONE', #822, #4853, #1397 ) ;
#6951 = DIRECTION ( 'NONE',  ( -1.232047923278982000E-016, 0.0000000000000000000, 1.000000000000000000 ) ) ;
#6952 = ORIENTED_EDGE ( 'NONE', *, *, #966, .T. ) ;
#6953 = VECTOR ( 'NONE', #3539, 1000.000000000000000 ) ;
#6954 = CARTESIAN_POINT ( 'NONE',  ( 1.590000000000000100, 11.70000000000000100, -5.300000000000000700 ) ) ;
#6955 = ORIENTED_EDGE ( 'NONE', *, *, #5748, .T. ) ;
#6956 = PLANE ( 'NONE',  #1798 ) ;
#6957 = EDGE_CURVE ( 'NONE', #606, #6776, #903, .T. ) ;
#6958 = STYLED_ITEM ( 'NONE', ( #3062 ), #5305 ) ;
#6959 = FILL_AREA_STYLE_COLOUR ( '', #907 ) ;
#6960 = ORIENTED_EDGE ( 'NONE', *, *, #3815, .F. ) ;
#6961 = SURFACE_SIDE_STYLE ('',( #1699 ) ) ;
#6962 = EDGE_CURVE ( 'NONE', #2899, #5039, #5312, .T. ) ;
#6963 = PRESENTATION_LAYER_ASSIGNMENT (  '', '', ( #6215 ) ) ;
#6964 = DIRECTION ( 'NONE',  ( 1.000000000000000000, 0.0000000000000000000, 0.0000000000000000000 ) ) ;
#6965 = ORIENTED_EDGE ( 'NONE', *, *, #3152, .F. ) ;
#6966 = DIRECTION ( 'NONE',  ( 1.000000000000000000, 0.0000000000000000000, -0.0000000000000000000 ) ) ;
#6967 =( LENGTH_UNIT ( ) NAMED_UNIT ( * ) SI_UNIT ( .MILLI., .METRE. ) );
#6968 = MECHANICAL_DESIGN_GEOMETRIC_PRESENTATION_REPRESENTATION (  '', ( #5852 ), #7366 ) ;
#6969 = ORIENTED_EDGE ( 'NONE', *, *, #694, .F. ) ;
#6970 = VERTEX_POINT ( 'NONE', #3332 ) ;
#6971 = CARTESIAN_POINT ( 'NONE',  ( -2.540000000000000000, 1.700000000000000000, -13.60342105263158000 ) ) ;
#6972 = FILL_AREA_STYLE ('',( #6413 ) ) ;
#6973 = SURFACE_STYLE_USAGE ( .BOTH. , #2997 ) ;
#6974 = CARTESIAN_POINT ( 'NONE',  ( 1.050000000000000000, 11.70000000000000100, -2.860000000000000300 ) ) ;
#6975 = EDGE_LOOP ( 'NONE', ( #6955, #3728, #4919, #2335 ) ) ;
#6976 = ORIENTED_EDGE ( 'NONE', *, *, #1602, .F. ) ;
#6977 = SURFACE_STYLE_FILL_AREA ( #7426 ) ;
#6978 = MECHANICAL_DESIGN_GEOMETRIC_PRESENTATION_REPRESENTATION (  '', ( #5857 ), #7371 ) ;
#6979 = PRESENTATION_LAYER_ASSIGNMENT (  '', '', ( #6232 ) ) ;
#6980 = ADVANCED_FACE ( 'NONE', ( #713 ), #5608, .T. ) ;
#6981 =( GEOMETRIC_REPRESENTATION_CONTEXT ( 3 ) GLOBAL_UNCERTAINTY_ASSIGNED_CONTEXT ( ( #3916 ) ) GLOBAL_UNIT_ASSIGNED_CONTEXT ( ( #2552, #6538, #3120 ) ) REPRESENTATION_CONTEXT ( 'NONE', 'WORKASPACE' ) );
#6982 = CARTESIAN_POINT ( 'NONE',  ( -0.9499999999999999600, -2.799999999999999400, -10.38000000000000100 ) ) ;
#6983 = FILL_AREA_STYLE_COLOUR ( '', #2689 ) ;
#6984 = VECTOR ( 'NONE', #5588, 1000.000000000000000 ) ;
#6985 = ORIENTED_EDGE ( 'NONE', *, *, #4367, .F. ) ;
#6986 = DIRECTION ( 'NONE',  ( 0.6782059721786389800, 0.0000000000000000000, 0.7348718659067220400 ) ) ;
#6987 =( GEOMETRIC_REPRESENTATION_CONTEXT ( 3 ) GLOBAL_UNCERTAINTY_ASSIGNED_CONTEXT ( ( #2200 ) ) GLOBAL_UNIT_ASSIGNED_CONTEXT ( ( #1212, #5236, #1789 ) ) REPRESENTATION_CONTEXT ( 'NONE', 'WORKASPACE' ) );
#6988 = MANIFOLD_SOLID_BREP ( 'LPattern3[1]', #2330 ) ;
#6989 = SURFACE_STYLE_FILL_AREA ( #3348 ) ;
#6990 = SURFACE_STYLE_FILL_AREA ( #224 ) ;
#6991 = ORIENTED_EDGE ( 'NONE', *, *, #5587, .T. ) ;
#6992 =( LENGTH_UNIT ( ) NAMED_UNIT ( * ) SI_UNIT ( .MILLI., .METRE. ) );
#6993 = CARTESIAN_POINT ( 'NONE',  ( 1.050000000000000000, 11.70000000000000100, -13.02000000000000100 ) ) ;
#6994 = DIRECTION ( 'NONE',  ( 0.7071067811865481300, 0.0000000000000000000, -0.7071067811865470200 ) ) ;
#6995 = DIRECTION ( 'NONE',  ( -2.492418787322998300E-016, 0.0000000000000000000, -1.000000000000000000 ) ) ;
#6996 = DIRECTION ( 'NONE',  ( 0.7071067811865473500, 0.0000000000000000000, -0.7071067811865477900 ) ) ;
#6997 = PRESENTATION_LAYER_ASSIGNMENT (  '', '', ( #6254 ) ) ;
#6998 = CARTESIAN_POINT ( 'NONE',  ( -1.490000000000000000, -2.799999999999999400, -7.940000000000001300 ) ) ;
#6999 = PLANE ( 'NONE',  #3316 ) ;
#7000 = PRESENTATION_LAYER_ASSIGNMENT (  '', '', ( #6634 ) ) ;
#7001 = CARTESIAN_POINT ( 'NONE',  ( -1.490000000000000000, -2.799999999999999400, -5.400000000000000400 ) ) ;
#7002 = VECTOR ( 'NONE', #2376, 1000.000000000000000 ) ;
#7003 =( NAMED_UNIT ( * ) PLANE_ANGLE_UNIT ( ) SI_UNIT ( $, .RADIAN. ) );
#7004 = ORIENTED_EDGE ( 'NONE', *, *, #6783, .F. ) ;
#7005 = PRESENTATION_LAYER_ASSIGNMENT (  '', '', ( #6262 ) ) ;
#7006 = SURFACE_STYLE_FILL_AREA ( #6891 ) ;
#7007 = DIRECTION ( 'NONE',  ( -0.7071067811865477900, -0.0000000000000000000, -0.7071067811865473500 ) ) ;
#7008 = COLOUR_RGB ( '',0.7960784313725489700, 0.8235294117647058400, 0.9372549019607843100 ) ;
#7009 = CARTESIAN_POINT ( 'NONE',  ( 2.140000000000000100, 1.700000000000000000, -1.270000000000000000 ) ) ;
#7010 = DIRECTION ( 'NONE',  ( -0.7071067811865470200, -0.0000000000000000000, -0.7071067811865481300 ) ) ;
#7011 = SURFACE_STYLE_FILL_AREA ( #2565 ) ;
#7012 = MECHANICAL_DESIGN_GEOMETRIC_PRESENTATION_REPRESENTATION (  '', ( #5888 ), #7407 ) ;
#7013 = EDGE_CURVE ( 'NONE', #314, #7417, #1176, .T. ) ;
#7014 = CARTESIAN_POINT ( 'NONE',  ( 2.540000000000000900, 1.700000000000000000, -8.490000000000000200 ) ) ;
#7015 = CARTESIAN_POINT ( 'NONE',  ( 0.9499999999999999600, 11.70000000000000100, -5.299999999999999800 ) ) ;
#7016 = CARTESIAN_POINT ( 'NONE',  ( 1.590000000000000100, -2.799999999999999400, -9.940000000000001300 ) ) ;
#7017 = CARTESIAN_POINT ( 'NONE',  ( -1.050000000000000000, -2.799999999999999400, -7.940000000000001300 ) ) ;
#7018 = ORIENTED_EDGE ( 'NONE', *, *, #1673, .F. ) ;
#7019 = SURFACE_SIDE_STYLE ('',( #5629 ) ) ;
#7020 = VECTOR ( 'NONE', #6923, 1000.000000000000100 ) ;
#7021 = COLOUR_RGB ( '',0.7960784313725489700, 0.8235294117647058400, 0.9372549019607843100 ) ;
#7022 = FILL_AREA_STYLE_COLOUR ( '', #6429 ) ;
#7023 = SURFACE_SIDE_STYLE ('',( #3048 ) ) ;
#7024 = STYLED_ITEM ( 'NONE', ( #1881 ), #5641 ) ;
#7025 = LINE ( 'NONE', #1087, #2312 ) ;
#7026 = SURFACE_STYLE_FILL_AREA ( #2784 ) ;
#7027 = EDGE_CURVE ( 'NONE', #2085, #2109, #6097, .T. ) ;
#7028 = ORIENTED_EDGE ( 'NONE', *, *, #4222, .T. ) ;
#7029 = CARTESIAN_POINT ( 'NONE',  ( 0.9499999999999999600, -2.799999999999999400, -10.38000000000000100 ) ) ;
#7030 =( LENGTH_UNIT ( ) NAMED_UNIT ( * ) SI_UNIT ( .MILLI., .METRE. ) );
#7031 = UNCERTAINTY_MEASURE_WITH_UNIT (LENGTH_MEASURE( 1.000000000000000100E-005 ), #6685, 'distance_accuracy_value', 'NONE');
#7032 = STYLED_ITEM ( 'NONE', ( #2583 ), #6286 ) ;
#7033 = ORIENTED_EDGE ( 'NONE', *, *, #6348, .F. ) ;
#7034 = VERTEX_POINT ( 'NONE', #3960 ) ;
#7035 = SURFACE_SIDE_STYLE ('',( #6928 ) ) ;
#7036 = CARTESIAN_POINT ( 'NONE',  ( -2.540000000000000000, 1.700000000000000000, -0.9034210526315790100 ) ) ;
#7037 = DIRECTION ( 'NONE',  ( 0.7071067811865481300, 0.0000000000000000000, -0.7071067811865470200 ) ) ;
#7038 = PRESENTATION_STYLE_ASSIGNMENT (( #723 ) ) ;
#7039 = STYLED_ITEM ( 'NONE', ( #6271 ), #297 ) ;
#7040 = VERTEX_POINT ( 'NONE', #7350 ) ;
#7041 = ORIENTED_EDGE ( 'NONE', *, *, #5199, .T. ) ;
#7042 = DIRECTION ( 'NONE',  ( 0.0000000000000000000, 1.000000000000000000, 0.0000000000000000000 ) ) ;
#7043 = PRESENTATION_LAYER_ASSIGNMENT (  '', '', ( #6297 ) ) ;
#7044 = FILL_AREA_STYLE_COLOUR ( '', #2024 ) ;
#7045 = ORIENTED_EDGE ( 'NONE', *, *, #2628, .F. ) ;
#7046 = EDGE_CURVE ( 'NONE', #717, #1178, #5574, .T. ) ;
#7047 = CARTESIAN_POINT ( 'NONE',  ( -2.539999999999999600, 1.700000000000000000, -11.86342105263158000 ) ) ;
#7048 =( LENGTH_UNIT ( ) NAMED_UNIT ( * ) SI_UNIT ( .MILLI., .METRE. ) );
#7049 = FACE_OUTER_BOUND ( 'NONE', #65, .T. ) ;
#7050 = VECTOR ( 'NONE', #5657, 1000.000000000000000 ) ;
#7051 = SURFACE_STYLE_USAGE ( .BOTH. , #3071 ) ;
#7052 = DIRECTION ( 'NONE',  ( -1.000000000000000000, -0.0000000000000000000, -1.232047923278982200E-016 ) ) ;
#7053 = LINE ( 'NONE', #3644, #2700 ) ;
#7054 = PRESENTATION_LAYER_ASSIGNMENT (  '', '', ( #6303 ) ) ;
#7055 = VERTEX_POINT ( 'NONE', #4528 ) ;
#7056 = ORIENTED_EDGE ( 'NONE', *, *, #6673, .F. ) ;
#7057 = FILL_AREA_STYLE ('',( #5935 ) ) ;
#7058 = DIRECTION ( 'NONE',  ( -0.7071067811865477900, -0.0000000000000000000, -0.7071067811865473500 ) ) ;
#7059 = SURFACE_STYLE_FILL_AREA ( #1456 ) ;
#7060 = FILL_AREA_STYLE ('',( #3706 ) ) ;
#7061 = PLANE ( 'NONE',  #4401 ) ;
#7062 = ORIENTED_EDGE ( 'NONE', *, *, #2955, .F. ) ;
#7063 = MECHANICAL_DESIGN_GEOMETRIC_PRESENTATION_REPRESENTATION (  '', ( #5938 ), #7451 ) ;
#7064 = DIRECTION ( 'NONE',  ( -0.0000000000000000000, -1.000000000000000000, -0.0000000000000000000 ) ) ;
#7065 = SURFACE_STYLE_FILL_AREA ( #1335 ) ;
#7066 = LINE ( 'NONE', #681, #5409 ) ;
#7067 = CARTESIAN_POINT ( 'NONE',  ( -1.590000000000000300, -2.799999999999999400, -2.320000000000000300 ) ) ;
#7068 = FILL_AREA_STYLE ('',( #1931 ) ) ;
#7069 =( NAMED_UNIT ( * ) SI_UNIT ( $, .STERADIAN. ) SOLID_ANGLE_UNIT ( ) );
#7070 =( NAMED_UNIT ( * ) SI_UNIT ( $, .STERADIAN. ) SOLID_ANGLE_UNIT ( ) );
#7071 = CARTESIAN_POINT ( 'NONE',  ( -2.540000000000000000, 0.0000000000000000000, -0.9034210526315790100 ) ) ;
#7072 = EDGE_CURVE ( 'NONE', #4667, #2944, #2516, .T. ) ;
#7073 = FILL_AREA_STYLE_COLOUR ( '', #6801 ) ;
#7074 = EDGE_LOOP ( 'NONE', ( #3149, #4211, #4313, #42 ) ) ;
#7075 = CARTESIAN_POINT ( 'NONE',  ( 2.540000000000000900, 1.700000000000000000, -13.57000000000000200 ) ) ;
#7076 = CARTESIAN_POINT ( 'NONE',  ( -2.140000000000000600, 1.700000000000000000, -1.270000000000000000 ) ) ;
#7077 = UNCERTAINTY_MEASURE_WITH_UNIT (LENGTH_MEASURE( 1.000000000000000100E-005 ), #3932, 'distance_accuracy_value', 'NONE');
#7078 = VERTEX_POINT ( 'NONE', #5105 ) ;
#7079 = STYLED_ITEM ( 'NONE', ( #6320 ), #3187 ) ;
#7080 = LINE ( 'NONE', #3419, #2541 ) ;
#7081 = LINE ( 'NONE', #5488, #2730 ) ;
#7082 = DIRECTION ( 'NONE',  ( 0.0000000000000000000, 1.000000000000000000, 0.0000000000000000000 ) ) ;
#7083 = DIRECTION ( 'NONE',  ( -0.7071067811865477900, 0.0000000000000000000, -0.7071067811865473500 ) ) ;
#7084 = DIRECTION ( 'NONE',  ( 0.0000000000000000000, 0.0000000000000000000, 1.000000000000000000 ) ) ;
#7085 = EDGE_CURVE ( 'NONE', #4502, #1820, #142, .T. ) ;
#7086 = LINE ( 'NONE', #4156, #4082 ) ;
#7087 = DIRECTION ( 'NONE',  ( -0.0000000000000000000, -0.0000000000000000000, 1.000000000000000000 ) ) ;
#7088 =( LENGTH_UNIT ( ) NAMED_UNIT ( * ) SI_UNIT ( .MILLI., .METRE. ) );
#7089 = DIRECTION ( 'NONE',  ( -1.000000000000000000, -0.0000000000000000000, -1.232047923278982200E-016 ) ) ;
#7090 =( NAMED_UNIT ( * ) PLANE_ANGLE_UNIT ( ) SI_UNIT ( $, .RADIAN. ) );
#7091 = SURFACE_SIDE_STYLE ('',( #1304 ) ) ;
#7092 = CARTESIAN_POINT ( 'NONE',  ( -1.490000000000000000, 11.70000000000000100, -0.3200000000000001200 ) ) ;
#7093 = EDGE_CURVE ( 'NONE', #4346, #5917, #3885, .T. ) ;
#7094 = SURFACE_SIDE_STYLE ('',( #153 ) ) ;
#7095 = VERTEX_POINT ( 'NONE', #2820 ) ;
#7096 =( LENGTH_UNIT ( ) NAMED_UNIT ( * ) SI_UNIT ( .MILLI., .METRE. ) );
#7097 = VECTOR ( 'NONE', #6108, 1000.000000000000000 ) ;
#7098 = EDGE_CURVE ( 'NONE', #726, #5952, #6700, .T. ) ;
#7099 = ORIENTED_EDGE ( 'NONE', *, *, #253, .T. ) ;
#7100 = AXIS2_PLACEMENT_3D ( 'NONE', #6330, #2909, #6895 ) ;
#7101 = CARTESIAN_POINT ( 'NONE',  ( 1.590000000000000100, 11.70000000000000100, -0.2200000000000001400 ) ) ;
#7102 = FILL_AREA_STYLE_COLOUR ( '', #6319 ) ;
#7103 = LINE ( 'NONE', #6559, #5628 ) ;
#7104 = VECTOR ( 'NONE', #1311, 1000.000000000000000 ) ;
#7105 = DIRECTION ( 'NONE',  ( 2.492418787322998300E-016, 0.0000000000000000000, 1.000000000000000000 ) ) ;
#7106 = VECTOR ( 'NONE', #6986, 999.9999999999998900 ) ;
#7107 = SURFACE_STYLE_FILL_AREA ( #3045 ) ;
#7108 = LINE ( 'NONE', #4200, #4106 ) ;
#7109 =( LENGTH_UNIT ( ) NAMED_UNIT ( * ) SI_UNIT ( .MILLI., .METRE. ) );
#7110 = PRESENTATION_LAYER_ASSIGNMENT (  '', '', ( #6365 ) ) ;
#7111 = LINE ( 'NONE', #558, #1230 ) ;
#7112 = EDGE_CURVE ( 'NONE', #5161, #4938, #6878, .T. ) ;
#7113 = SURFACE_STYLE_FILL_AREA ( #4587 ) ;
#7114 =( LENGTH_UNIT ( ) NAMED_UNIT ( * ) SI_UNIT ( .MILLI., .METRE. ) );
#7115 = VECTOR ( 'NONE', #177, 999.9999999999998900 ) ;
#7116 = ORIENTED_EDGE ( 'NONE', *, *, #5823, .T. ) ;
#7117 = DIRECTION ( 'NONE',  ( -0.7071067811865489100, -0.0000000000000000000, 0.7071067811865462400 ) ) ;
#7118 = FILL_AREA_STYLE_COLOUR ( '', #2918 ) ;
#7119 = CARTESIAN_POINT ( 'NONE',  ( 1.490000000000000000, 11.70000000000000100, -7.940000000000001300 ) ) ;
#7120 = SURFACE_SIDE_STYLE ('',( #1606 ) ) ;
#7121 = VECTOR ( 'NONE', #7211, 1000.000000000000000 ) ;
#7122 = STYLED_ITEM ( 'NONE', ( #6816 ), #2779 ) ;
#7123 = AXIS2_PLACEMENT_3D ( 'NONE', #4561, #1124, #5140 ) ;
#7124 = FILL_AREA_STYLE ('',( #6556 ) ) ;
#7125 = ORIENTED_EDGE ( 'NONE', *, *, #4852, .F. ) ;
#7126 = MECHANICAL_DESIGN_GEOMETRIC_PRESENTATION_REPRESENTATION (  '', ( #6000 ), #58 ) ;
#7127 = VECTOR ( 'NONE', #7376, 1000.000000000000000 ) ;
#7128 = UNCERTAINTY_MEASURE_WITH_UNIT (LENGTH_MEASURE( 1.000000000000000100E-005 ), #4512, 'distance_accuracy_value', 'NONE');
#7129 = PRESENTATION_STYLE_ASSIGNMENT (( #1373 ) ) ;
#7130 = ORIENTED_EDGE ( 'NONE', *, *, #3074, .T. ) ;
#7131 = ORIENTED_EDGE ( 'NONE', *, *, #2828, .T. ) ;
#7132 = LINE ( 'NONE', #6974, #6953 ) ;
#7133 = SURFACE_SIDE_STYLE ('',( #1253 ) ) ;
#7134 = CARTESIAN_POINT ( 'NONE',  ( 1.050000000000000000, -2.799999999999999400, -12.38000000000000300 ) ) ;
#7135 = EDGE_LOOP ( 'NONE', ( #1084, #323, #715, #2473 ) ) ;
#7136 = DIRECTION ( 'NONE',  ( 0.0000000000000000000, -0.0000000000000000000, -1.000000000000000000 ) ) ;
#7137 = CARTESIAN_POINT ( 'NONE',  ( -0.9499999999999999600, -2.799999999999999400, -12.92000000000000200 ) ) ;
#7138 = MECHANICAL_DESIGN_GEOMETRIC_PRESENTATION_REPRESENTATION (  '', ( #6010 ), #67 ) ;
#7139 = LINE ( 'NONE', #6514, #5660 ) ;
#7140 = ADVANCED_FACE ( 'NONE', ( #6521 ), #5135, .T. ) ;
#7141 = VERTEX_POINT ( 'NONE', #2838 ) ;
#7142 = ORIENTED_EDGE ( 'NONE', *, *, #5847, .F. ) ;
#7143 = CARTESIAN_POINT ( 'NONE',  ( -0.9499999999999999600, 11.70000000000000100, -0.2199999999999999700 ) ) ;
#7144 = AXIS2_PLACEMENT_3D ( 'NONE', #5933, #2528, #6510 ) ;
#7145 = ORIENTED_EDGE ( 'NONE', *, *, #5058, .F. ) ;
#7146 =( LENGTH_UNIT ( ) NAMED_UNIT ( * ) SI_UNIT ( .MILLI., .METRE. ) );
#7147 = SURFACE_STYLE_USAGE ( .BOTH. , #7173 ) ;
#7148 = CARTESIAN_POINT ( 'NONE',  ( 1.590000000000000100, -2.799999999999999400, 0.2199999999999999200 ) ) ;
#7149 = SURFACE_STYLE_FILL_AREA ( #3271 ) ;
#7150 = ORIENTED_EDGE ( 'NONE', *, *, #4530, .T. ) ;
#7151 = ORIENTED_EDGE ( 'NONE', *, *, #3712, .T. ) ;
#7152 = PLANE ( 'NONE',  #6898 ) ;
#7153 = SURFACE_STYLE_FILL_AREA ( #5034 ) ;
#7154 =( NAMED_UNIT ( * ) SI_UNIT ( $, .STERADIAN. ) SOLID_ANGLE_UNIT ( ) );
#7155 = DIRECTION ( 'NONE',  ( 0.7071067811865474600, 0.0000000000000000000, 0.7071067811865474600 ) ) ;
#7156 = AXIS2_PLACEMENT_3D ( 'NONE', #4473, #1038, #5051 ) ;
#7157 = VERTEX_POINT ( 'NONE', #6279 ) ;
#7158 = ORIENTED_EDGE ( 'NONE', *, *, #6447, .F. ) ;
#7159 = DIRECTION ( 'NONE',  ( -0.0000000000000000000, -1.000000000000000000, -0.0000000000000000000 ) ) ;
#7160 = FILL_AREA_STYLE ('',( #868 ) ) ;
#7161 = ORIENTED_EDGE ( 'NONE', *, *, #3145, .T. ) ;
#7162 = CARTESIAN_POINT ( 'NONE',  ( -0.9499999999999999600, 11.70000000000000100, -9.940000000000001300 ) ) ;
#7163 = EDGE_LOOP ( 'NONE', ( #3275, #7142, #6022, #5907 ) ) ;
#7164 = SURFACE_SIDE_STYLE ('',( #4392 ) ) ;
#7165 =( NAMED_UNIT ( * ) SI_UNIT ( $, .STERADIAN. ) SOLID_ANGLE_UNIT ( ) );
#7166 = PRESENTATION_LAYER_ASSIGNMENT (  '', '', ( #6401 ) ) ;
#7167 = EDGE_CURVE ( 'NONE', #4400, #2152, #5996, .T. ) ;
#7168 = DIRECTION ( 'NONE',  ( 0.0000000000000000000, 0.0000000000000000000, 1.000000000000000000 ) ) ;
#7169 = VERTEX_POINT ( 'NONE', #6838 ) ;
#7170 = LINE ( 'NONE', #1181, #5683 ) ;
#7171 = LINE ( 'NONE', #7255, #2816 ) ;
#7172 = CARTESIAN_POINT ( 'NONE',  ( 1.050000000000000000, -2.799999999999999400, -10.48000000000000200 ) ) ;
#7173 = SURFACE_SIDE_STYLE ('',( #1942 ) ) ;
#7174 =( NAMED_UNIT ( * ) PLANE_ANGLE_UNIT ( ) SI_UNIT ( $, .RADIAN. ) );
#7175 = UNCERTAINTY_MEASURE_WITH_UNIT (LENGTH_MEASURE( 1.000000000000000100E-005 ), #6086, 'distance_accuracy_value', 'NONE');
#7176 = CARTESIAN_POINT ( 'NONE',  ( 2.140000000000000100, 0.0000000000000000000, -1.270000000000000000 ) ) ;
#7177 = SURFACE_STYLE_USAGE ( .BOTH. , #3198 ) ;
#7178 = EDGE_CURVE ( 'NONE', #2904, #4070, #4496, .T. ) ;
#7179 = PRESENTATION_LAYER_ASSIGNMENT (  '', '', ( #6421 ) ) ;
#7180 = UNCERTAINTY_MEASURE_WITH_UNIT (LENGTH_MEASURE( 1.000000000000000100E-005 ), #4692, 'distance_accuracy_value', 'NONE');
#7181 = ADVANCED_FACE ( 'NONE', ( #1426 ), #1163, .T. ) ;
#7182 = MECHANICAL_DESIGN_GEOMETRIC_PRESENTATION_REPRESENTATION (  '', ( #6048 ), #112 ) ;
#7183 =( GEOMETRIC_REPRESENTATION_CONTEXT ( 3 ) GLOBAL_UNCERTAINTY_ASSIGNED_CONTEXT ( ( #5522 ) ) GLOBAL_UNIT_ASSIGNED_CONTEXT ( ( #5289, #1835, #5850 ) ) REPRESENTATION_CONTEXT ( 'NONE', 'WORKASPACE' ) );
#7184 = DIRECTION ( 'NONE',  ( 0.0000000000000000000, -1.000000000000000000, 0.0000000000000000000 ) ) ;
#7185 = ORIENTED_EDGE ( 'NONE', *, *, #5473, .F. ) ;
#7186 = VECTOR ( 'NONE', #3129, 1000.000000000000000 ) ;
#7187 =( LENGTH_UNIT ( ) NAMED_UNIT ( * ) SI_UNIT ( .MILLI., .METRE. ) );
#7188 = CARTESIAN_POINT ( 'NONE',  ( 0.9499999999999999600, -2.799999999999999400, -5.299999999999999800 ) ) ;
#7189 = CARTESIAN_POINT ( 'NONE',  ( -2.539999999999999600, 0.0000000000000000000, -1.703421052631578900 ) ) ;
#7190 = VERTEX_POINT ( 'NONE', #1734 ) ;
#7191 = MECHANICAL_DESIGN_GEOMETRIC_PRESENTATION_REPRESENTATION (  '', ( #6061 ), #119 ) ;
#7192 = ORIENTED_EDGE ( 'NONE', *, *, #1861, .T. ) ;
#7193 = EDGE_LOOP ( 'NONE', ( #5035, #6174, #4486, #1675 ) ) ;
#7194 = LINE ( 'NONE', #3924, #1134 ) ;
#7195 = EDGE_CURVE ( 'NONE', #5247, #6724, #893, .T. ) ;
#7196 =( NAMED_UNIT ( * ) SI_UNIT ( $, .STERADIAN. ) SOLID_ANGLE_UNIT ( ) );
#7197 = MECHANICAL_DESIGN_GEOMETRIC_PRESENTATION_REPRESENTATION (  '', ( #6066 ), #127 ) ;
#7198 =( NAMED_UNIT ( * ) SI_UNIT ( $, .STERADIAN. ) SOLID_ANGLE_UNIT ( ) );
#7199 =( LENGTH_UNIT ( ) NAMED_UNIT ( * ) SI_UNIT ( .MILLI., .METRE. ) );
#7200 = DIRECTION ( 'NONE',  ( -0.7071067811865469100, -0.0000000000000000000, 0.7071067811865482400 ) ) ;
#7201 = FACE_OUTER_BOUND ( 'NONE', #6422, .T. ) ;
#7202 = VECTOR ( 'NONE', #5967, 999.9999999999998900 ) ;
#7203 = CARTESIAN_POINT ( 'NONE',  ( 2.540000000000000900, 1.700000000000000000, -8.490000000000000200 ) ) ;
#7204 = CARTESIAN_POINT ( 'NONE',  ( -1.590000000000000300, 11.70000000000000100, -2.760000000000000200 ) ) ;
#7205 = FILL_AREA_STYLE_COLOUR ( '', #6592 ) ;
#7206 = EDGE_CURVE ( 'NONE', #1882, #2304, #6785, .T. ) ;
#7207 = ORIENTED_EDGE ( 'NONE', *, *, #7112, .T. ) ;
#7208 = SURFACE_SIDE_STYLE ('',( #5286 ) ) ;
#7209 = DIRECTION ( 'NONE',  ( -1.232047923278982000E-016, 0.0000000000000000000, 1.000000000000000000 ) ) ;
#7210 = VECTOR ( 'NONE', #4084, 1000.000000000000000 ) ;
#7211 = DIRECTION ( 'NONE',  ( -0.0000000000000000000, -0.0000000000000000000, -1.000000000000000000 ) ) ;
#7212 = PRESENTATION_STYLE_ASSIGNMENT (( #2938 ) ) ;
#7213 = VECTOR ( 'NONE', #2010, 1000.000000000000000 ) ;
#7214 = SURFACE_STYLE_FILL_AREA ( #1792 ) ;
#7215 = FACE_OUTER_BOUND ( 'NONE', #3784, .T. ) ;
#7216 =( LENGTH_UNIT ( ) NAMED_UNIT ( * ) SI_UNIT ( .MILLI., .METRE. ) );
#7217 = CARTESIAN_POINT ( 'NONE',  ( 0.0000000000000000000, -2.799999999999999400, -12.70000000000000100 ) ) ;
#7218 = DIRECTION ( 'NONE',  ( 0.0000000000000000000, -1.000000000000000000, 0.0000000000000000000 ) ) ;
#7219 = COLOUR_RGB ( '',0.7960784313725489700, 0.8235294117647058400, 0.9372549019607843100 ) ;
#7220 = ORIENTED_EDGE ( 'NONE', *, *, #6659, .F. ) ;
#7221 = LINE ( 'NONE', #7014, #1328 ) ;
#7222 = ADVANCED_FACE ( 'NONE', ( #2244 ), #3, .T. ) ;
#7223 = SURFACE_STYLE_USAGE ( .BOTH. , #3254 ) ;
#7224 = DIRECTION ( 'NONE',  ( 0.7071067811865486800, 0.0000000000000000000, -0.7071067811865463500 ) ) ;
#7225 = EDGE_CURVE ( 'NONE', #2944, #5154, #6089, .T. ) ;
#7226 = FACE_OUTER_BOUND ( 'NONE', #708, .T. ) ;
#7227 = SURFACE_STYLE_FILL_AREA ( #4834 ) ;
#7228 = FILL_AREA_STYLE ('',( #6653 ) ) ;
#7229 = CARTESIAN_POINT ( 'NONE',  ( -1.490000000000000000, -2.799999999999999400, -5.400000000000000400 ) ) ;
#7230 = VERTEX_POINT ( 'NONE', #29 ) ;
#7231 = SURFACE_SIDE_STYLE ('',( #4471 ) ) ;
#7232 = DIRECTION ( 'NONE',  ( 0.0000000000000000000, 0.0000000000000000000, -1.000000000000000000 ) ) ;
#7233 = DIRECTION ( 'NONE',  ( -0.7372346670543746800, -0.0000000000000000000, 0.6756367705307528800 ) ) ;
#7234 =( GEOMETRIC_REPRESENTATION_CONTEXT ( 3 ) GLOBAL_UNCERTAINTY_ASSIGNED_CONTEXT ( ( #3972 ) ) GLOBAL_UNIT_ASSIGNED_CONTEXT ( ( #7109, #3734, #243 ) ) REPRESENTATION_CONTEXT ( 'NONE', 'WORKASPACE' ) );
#7235 = UNCERTAINTY_MEASURE_WITH_UNIT (LENGTH_MEASURE( 1.000000000000000100E-005 ), #3025, 'distance_accuracy_value', 'NONE');
#7236 = DIRECTION ( 'NONE',  ( 1.000000000000000000, 0.0000000000000000000, 0.0000000000000000000 ) ) ;
#7237 = ORIENTED_EDGE ( 'NONE', *, *, #1845, .T. ) ;
#7238 = ORIENTED_EDGE ( 'NONE', *, *, #688, .T. ) ;
#7239 = STYLED_ITEM ( 'NONE', ( #3029 ), #6217 ) ;
#7240 = ORIENTED_EDGE ( 'NONE', *, *, #7271, .T. ) ;
#7241 = DIRECTION ( 'NONE',  ( -0.7071067811865477900, -0.0000000000000000000, -0.7071067811865473500 ) ) ;
#7242 = CARTESIAN_POINT ( 'NONE',  ( -1.590000000000000300, -2.799999999999999400, -9.940000000000001300 ) ) ;
#7243 = CARTESIAN_POINT ( 'NONE',  ( -1.050000000000000000, 11.70000000000000100, -2.220000000000000200 ) ) ;
#7244 = PRESENTATION_STYLE_ASSIGNMENT (( #736 ) ) ;
#7245 =( LENGTH_UNIT ( ) NAMED_UNIT ( * ) SI_UNIT ( .MILLI., .METRE. ) );
#7246 = FACE_OUTER_BOUND ( 'NONE', #4198, .T. ) ;
#7247 = FILL_AREA_STYLE ('',( #4396 ) ) ;
#7248 = SURFACE_SIDE_STYLE ('',( #7149 ) ) ;
#7249 = VERTEX_POINT ( 'NONE', #3521 ) ;
#7250 = PRESENTATION_STYLE_ASSIGNMENT (( #2697 ) ) ;
#7251 = PRESENTATION_STYLE_ASSIGNMENT (( #914 ) ) ;
#7252 = CARTESIAN_POINT ( 'NONE',  ( -1.050000000000000000, 11.70000000000000100, -7.299999999999999800 ) ) ;
#7253 = ORIENTED_EDGE ( 'NONE', *, *, #5692, .F. ) ;
#7254 = EDGE_CURVE ( 'NONE', #6205, #7078, #3233, .T. ) ;
#7255 = CARTESIAN_POINT ( 'NONE',  ( -1.490000000000000200, -2.799999999999999400, -9.840000000000001600 ) ) ;
#7257 = FILL_AREA_STYLE ('',( #1556 ) ) ;
#7256 =( GEOMETRIC_REPRESENTATION_CONTEXT ( 3 ) GLOBAL_UNCERTAINTY_ASSIGNED_CONTEXT ( ( #6100 ) ) GLOBAL_UNIT_ASSIGNED_CONTEXT ( ( #7245, #3858, #374 ) ) REPRESENTATION_CONTEXT ( 'NONE', 'WORKASPACE' ) );
#7258 = DIRECTION ( 'NONE',  ( -0.7071067811865489100, -0.0000000000000000000, -0.7071067811865461300 ) ) ;
#7259 = SURFACE_SIDE_STYLE ('',( #5467 ) ) ;
#7260 = FILL_AREA_STYLE_COLOUR ( '', #3032 ) ;
#7261 = EDGE_CURVE ( 'NONE', #7095, #2753, #136, .T. ) ;
#7262 =( GEOMETRIC_REPRESENTATION_CONTEXT ( 3 ) GLOBAL_UNCERTAINTY_ASSIGNED_CONTEXT ( ( #5658 ) ) GLOBAL_UNIT_ASSIGNED_CONTEXT ( ( #3589, #99, #4163 ) ) REPRESENTATION_CONTEXT ( 'NONE', 'WORKASPACE' ) );
#7263 = ADVANCED_FACE ( 'NONE', ( #3040 ), #3547, .T. ) ;
#7264 = DIRECTION ( 'NONE',  ( -0.7071067811865470200, 0.0000000000000000000, 0.7071067811865481300 ) ) ;
#7265 =( NAMED_UNIT ( * ) SI_UNIT ( $, .STERADIAN. ) SOLID_ANGLE_UNIT ( ) );
#7266 = VERTEX_POINT ( 'NONE', #1805 ) ;
#7267 = CARTESIAN_POINT ( 'NONE',  ( 2.540000000000000900, 1.700000000000000000, -6.750000000000000900 ) ) ;
#7268 = CARTESIAN_POINT ( 'NONE',  ( -1.490000000000000000, -2.799999999999999400, -7.940000000000001300 ) ) ;
#7269 = DIRECTION ( 'NONE',  ( 0.0000000000000000000, 0.0000000000000000000, 1.000000000000000000 ) ) ;
#7270 = ORIENTED_EDGE ( 'NONE', *, *, #2745, .T. ) ;
#7271 = EDGE_CURVE ( 'NONE', #2416, #1460, #6869, .T. ) ;
#7272 = ORIENTED_EDGE ( 'NONE', *, *, #5272, .F. ) ;
#7273 = UNCERTAINTY_MEASURE_WITH_UNIT (LENGTH_MEASURE( 1.000000000000000100E-005 ), #1435, 'distance_accuracy_value', 'NONE');
#7274 = PLANE ( 'NONE',  #2920 ) ;
#7275 = SURFACE_SIDE_STYLE ('',( #3011 ) ) ;
#7276 = PRESENTATION_LAYER_ASSIGNMENT (  '', '', ( #6511 ) ) ;
#7277 =( NAMED_UNIT ( * ) SI_UNIT ( $, .STERADIAN. ) SOLID_ANGLE_UNIT ( ) );
#7278 = PLANE ( 'NONE',  #3431 ) ;
#7279 = SURFACE_STYLE_USAGE ( .BOTH. , #3321 ) ;
#7280 = PRESENTATION_LAYER_ASSIGNMENT (  '', '', ( #6519 ) ) ;
#7281 =( NAMED_UNIT ( * ) SI_UNIT ( $, .STERADIAN. ) SOLID_ANGLE_UNIT ( ) );
#7282 = VECTOR ( 'NONE', #6734, 1000.000000000000000 ) ;
#7283 =( NAMED_UNIT ( * ) PLANE_ANGLE_UNIT ( ) SI_UNIT ( $, .RADIAN. ) );
#7284 = PRESENTATION_STYLE_ASSIGNMENT (( #6598 ) ) ;
#7285 =( NAMED_UNIT ( * ) SI_UNIT ( $, .STERADIAN. ) SOLID_ANGLE_UNIT ( ) );
#7286 =( NAMED_UNIT ( * ) SI_UNIT ( $, .STERADIAN. ) SOLID_ANGLE_UNIT ( ) );
#7287 = LINE ( 'NONE', #342, #7097 ) ;
#7288 = PRESENTATION_LAYER_ASSIGNMENT (  '', '', ( #6529 ) ) ;
#7289 =( GEOMETRIC_REPRESENTATION_CONTEXT ( 3 ) GLOBAL_UNCERTAINTY_ASSIGNED_CONTEXT ( ( #4554 ) ) GLOBAL_UNIT_ASSIGNED_CONTEXT ( ( #6717, #3326, #7285 ) ) REPRESENTATION_CONTEXT ( 'NONE', 'WORKASPACE' ) );
#7290 = ADVANCED_FACE ( 'NONE', ( #5384 ), #4712, .T. ) ;
#7291 = SURFACE_STYLE_FILL_AREA ( #7160 ) ;
#7292 = EDGE_CURVE ( 'NONE', #2684, #1400, #331, .T. ) ;
#7293 = FILL_AREA_STYLE_COLOUR ( '', #3244 ) ;
#7294 = LINE ( 'NONE', #2446, #7106 ) ;
#7295 = PRESENTATION_STYLE_ASSIGNMENT (( #3844 ) ) ;
#7296 = LINE ( 'NONE', #4962, #2929 ) ;
#7297 = STYLED_ITEM ( 'NONE', ( #5947 ), #3771 ) ;
#7298 = ORIENTED_EDGE ( 'NONE', *, *, #4549, .F. ) ;
#7299 = DIRECTION ( 'NONE',  ( -1.000000000000000000, -0.0000000000000000000, -1.232047923278982200E-016 ) ) ;
#7300 = SURFACE_STYLE_USAGE ( .BOTH. , #3340 ) ;
#7301 = PRESENTATION_STYLE_ASSIGNMENT (( #2854 ) ) ;
#7302 = VERTEX_POINT ( 'NONE', #4741 ) ;
#7303 = VECTOR ( 'NONE', #2519, 1000.000000000000000 ) ;
#7304 = CARTESIAN_POINT ( 'NONE',  ( 1.490000000000000000, -2.799999999999999400, 0.3199999999999999000 ) ) ;
#7305 = DIRECTION ( 'NONE',  ( -0.0000000000000000000, -1.000000000000000000, -0.0000000000000000000 ) ) ;
#7306 = AXIS2_PLACEMENT_3D ( 'NONE', #6148, #2728, #6707 ) ;
#7307 = PRESENTATION_STYLE_ASSIGNMENT (( #6045 ) ) ;
#7308 = CARTESIAN_POINT ( 'NONE',  ( -0.9499999999999999600, -2.799999999999999400, 0.2200000000000000800 ) ) ;
#7309 = ORIENTED_EDGE ( 'NONE', *, *, #2719, .F. ) ;
#7310 = SURFACE_SIDE_STYLE ('',( #6989 ) ) ;
#7311 = SURFACE_STYLE_USAGE ( .BOTH. , #3349 ) ;
#7312 = UNCERTAINTY_MEASURE_WITH_UNIT (LENGTH_MEASURE( 1.000000000000000100E-005 ), #338, 'distance_accuracy_value', 'NONE');
#7313 = SURFACE_STYLE_USAGE ( .BOTH. , #3351 ) ;
#7314 = LINE ( 'NONE', #6487, #4292 ) ;
#7315 = ORIENTED_EDGE ( 'NONE', *, *, #2886, .F. ) ;
#7316 = VECTOR ( 'NONE', #1972, 1000.000000000000000 ) ;
#7317 = PRESENTATION_LAYER_ASSIGNMENT (  '', '', ( #6551 ) ) ;
#7318 = FILL_AREA_STYLE ('',( #7293 ) ) ;
#7319 = EDGE_CURVE ( 'NONE', #703, #6187, #1880, .T. ) ;
#7320 = EDGE_CURVE ( 'NONE', #4070, #6285, #4949, .T. ) ;
#7321 = VECTOR ( 'NONE', #5180, 1000.000000000000000 ) ;
#7322 = AXIS2_PLACEMENT_3D ( 'NONE', #6982, #3598, #109 ) ;
#7323 = ORIENTED_EDGE ( 'NONE', *, *, #923, .F. ) ;
#7324 = VECTOR ( 'NONE', #7082, 1000.000000000000000 ) ;
#7325 = PRESENTATION_STYLE_ASSIGNMENT (( #541 ) ) ;
#7326 = ORIENTED_EDGE ( 'NONE', *, *, #1066, .F. ) ;
#7327 =( NAMED_UNIT ( * ) SI_UNIT ( $, .STERADIAN. ) SOLID_ANGLE_UNIT ( ) );
#7328 = PRESENTATION_STYLE_ASSIGNMENT (( #1817 ) ) ;
#7329 = FILL_AREA_STYLE ('',( #6749 ) ) ;
#7330 = CARTESIAN_POINT ( 'NONE',  ( 0.9499999999999999600, -2.799999999999999400, -9.940000000000001300 ) ) ;
#7331 = PRESENTATION_LAYER_ASSIGNMENT (  '', '', ( #6557 ) ) ;
#7332 = MECHANICAL_DESIGN_GEOMETRIC_PRESENTATION_REPRESENTATION (  '', ( #6194 ), #262 ) ;
#7333 = COLOUR_RGB ( '',0.7960784313725489700, 0.8235294117647058400, 0.9372549019607843100 ) ;
#7334 = ADVANCED_FACE ( 'NONE', ( #3246 ), #3625, .T. ) ;
#7335 = LINE ( 'NONE', #959, #1260 ) ;
#7336 =( NAMED_UNIT ( * ) PLANE_ANGLE_UNIT ( ) SI_UNIT ( $, .RADIAN. ) );
#7337 =( LENGTH_UNIT ( ) NAMED_UNIT ( * ) SI_UNIT ( .MILLI., .METRE. ) );
#7338 = DIRECTION ( 'NONE',  ( -0.0000000000000000000, -1.000000000000000000, -0.0000000000000000000 ) ) ;
#7339 = VERTEX_POINT ( 'NONE', #3034 ) ;
#7340 = ORIENTED_EDGE ( 'NONE', *, *, #5839, .F. ) ;
#7341 = EDGE_CURVE ( 'NONE', #2171, #6016, #1177, .T. ) ;
#7342 = CARTESIAN_POINT ( 'NONE',  ( 2.540000000000000900, 0.0000000000000000000, -1.670000000000000400 ) ) ;
#7343 = DIRECTION ( 'NONE',  ( 1.000000000000000000, 0.0000000000000000000, 0.0000000000000000000 ) ) ;
#7344 = DIRECTION ( 'NONE',  ( -0.7071067811865469100, -0.0000000000000000000, 0.7071067811865482400 ) ) ;
#7345 = LINE ( 'NONE', #3678, #1985 ) ;
#7346 = FILL_AREA_STYLE ('',( #3955 ) ) ;
#7347 = VECTOR ( 'NONE', #4785, 1000.000000000000000 ) ;
#7348 = ORIENTED_EDGE ( 'NONE', *, *, #660, .T. ) ;
#7349 = PRESENTATION_LAYER_ASSIGNMENT (  '', '', ( #6568 ) ) ;
#7350 = CARTESIAN_POINT ( 'NONE',  ( 2.540000000000000900, 1.700000000000000000, -8.490000000000000200 ) ) ;
#7351 = EDGE_CURVE ( 'NONE', #4346, #4750, #7053, .T. ) ;
#7352 = SURFACE_SIDE_STYLE ('',( #5238 ) ) ;
#7353 = CARTESIAN_POINT ( 'NONE',  ( -1.590000000000000300, 11.70000000000000100, -4.860000000000000300 ) ) ;
#7354 =( NAMED_UNIT ( * ) PLANE_ANGLE_UNIT ( ) SI_UNIT ( $, .RADIAN. ) );
#7355 = EDGE_CURVE ( 'NONE', #1063, #4440, #2517, .T. ) ;
#7356 = PRESENTATION_STYLE_ASSIGNMENT (( #1777 ) ) ;
#7357 = MECHANICAL_DESIGN_GEOMETRIC_PRESENTATION_REPRESENTATION (  '', ( #6215 ), #3251 ) ;
#7358 = ORIENTED_EDGE ( 'NONE', *, *, #6458, .F. ) ;
#7359 =( NAMED_UNIT ( * ) SI_UNIT ( $, .STERADIAN. ) SOLID_ANGLE_UNIT ( ) );
#7360 = CARTESIAN_POINT ( 'NONE',  ( -1.490000000000000000, 11.70000000000000100, -5.400000000000000400 ) ) ;
#7361 = CARTESIAN_POINT ( 'NONE',  ( -1.050000000000000000, -2.799999999999999400, -4.760000000000000700 ) ) ;
#7362 = ORIENTED_EDGE ( 'NONE', *, *, #4145, .T. ) ;
#7363 =( NAMED_UNIT ( * ) SI_UNIT ( $, .STERADIAN. ) SOLID_ANGLE_UNIT ( ) );
#7364 =( NAMED_UNIT ( * ) SI_UNIT ( $, .STERADIAN. ) SOLID_ANGLE_UNIT ( ) );
#7365 = FILL_AREA_STYLE ('',( #5098 ) ) ;
#7366 =( GEOMETRIC_REPRESENTATION_CONTEXT ( 3 ) GLOBAL_UNCERTAINTY_ASSIGNED_CONTEXT ( ( #1061 ) ) GLOBAL_UNIT_ASSIGNED_CONTEXT ( ( #2750, #6723, #3339 ) ) REPRESENTATION_CONTEXT ( 'NONE', 'WORKASPACE' ) );
#7367 = UNCERTAINTY_MEASURE_WITH_UNIT (LENGTH_MEASURE( 1.000000000000000100E-005 ), #6710, 'distance_accuracy_value', 'NONE');
#7368 = ORIENTED_EDGE ( 'NONE', *, *, #4883, .F. ) ;
#7369 = ADVANCED_FACE ( 'NONE', ( #5397 ), #165, .T. ) ;
#7370 = DIRECTION ( 'NONE',  ( 0.7071067811865486800, 0.0000000000000000000, 0.7071067811865464600 ) ) ;
#7371 =( GEOMETRIC_REPRESENTATION_CONTEXT ( 3 ) GLOBAL_UNCERTAINTY_ASSIGNED_CONTEXT ( ( #7031 ) ) GLOBAL_UNIT_ASSIGNED_CONTEXT ( ( #6685, #3291, #7265 ) ) REPRESENTATION_CONTEXT ( 'NONE', 'WORKASPACE' ) );
#7372 = MECHANICAL_DESIGN_GEOMETRIC_PRESENTATION_REPRESENTATION (  '', ( #6232 ), #308 ) ;
#7373 = VECTOR ( 'NONE', #6176, 1000.000000000000000 ) ;
#7374 = FILL_AREA_STYLE_COLOUR ( '', #6024 ) ;
#7375 =( NAMED_UNIT ( * ) PLANE_ANGLE_UNIT ( ) SI_UNIT ( $, .RADIAN. ) );
#7376 = DIRECTION ( 'NONE',  ( -0.0000000000000000000, -1.000000000000000000, -0.0000000000000000000 ) ) ;
#7377 =( LENGTH_UNIT ( ) NAMED_UNIT ( * ) SI_UNIT ( .MILLI., .METRE. ) );
#7378 = FACE_OUTER_BOUND ( 'NONE', #6052, .T. ) ;
#7379 = DIRECTION ( 'NONE',  ( -1.000000000000000000, 0.0000000000000000000, -1.232047923278982000E-016 ) ) ;
#7380 = VECTOR ( 'NONE', #95, 1000.000000000000000 ) ;
#7381 = SURFACE_STYLE_FILL_AREA ( #6602 ) ;
#7382 = DIRECTION ( 'NONE',  ( 0.0000000000000000000, 1.000000000000000000, 0.0000000000000000000 ) ) ;
#7383 = CARTESIAN_POINT ( 'NONE',  ( -2.019999999999999600, 0.2999999999999999900, 1.270000000000000000 ) ) ;
#7384 = FILL_AREA_STYLE ('',( #6811 ) ) ;
#7385 = FACE_OUTER_BOUND ( 'NONE', #4031, .T. ) ;
#7386 = LINE ( 'NONE', #2354, #7210 ) ;
#7387 = MECHANICAL_DESIGN_GEOMETRIC_PRESENTATION_REPRESENTATION (  '', ( #6254 ), #3647 ) ;
#7388 = LINE ( 'NONE', #856, #7213 ) ;
#7389 = ORIENTED_EDGE ( 'NONE', *, *, #5072, .F. ) ;
#7390 = MECHANICAL_DESIGN_GEOMETRIC_PRESENTATION_REPRESENTATION (  '', ( #6634 ), #328 ) ;
#7391 = COLOUR_RGB ( '',0.0000000000000000000, 0.003921568627450980300, 0.09019607843137254800 ) ;
#7392 = SURFACE_SIDE_STYLE ('',( #5215 ) ) ;
#7393 = VECTOR ( 'NONE', #2994, 999.9999999999998900 ) ;
#7394 = EDGE_LOOP ( 'NONE', ( #5673, #4827, #7238, #4519, #6863, #5357, #6821, #2693 ) ) ;
#7395 = COLOUR_RGB ( '',0.7921568627450980000, 0.8196078431372548800, 0.9333333333333333500 ) ;
#7396 = MECHANICAL_DESIGN_GEOMETRIC_PRESENTATION_REPRESENTATION (  '', ( #6262 ), #339 ) ;
#7397 =( NAMED_UNIT ( * ) SI_UNIT ( $, .STERADIAN. ) SOLID_ANGLE_UNIT ( ) );
#7398 = DIRECTION ( 'NONE',  ( 0.0000000000000000000, 1.000000000000000000, 0.0000000000000000000 ) ) ;
#7399 = CARTESIAN_POINT ( 'NONE',  ( -0.9499999999999999600, -2.799999999999999400, -7.400000000000000400 ) ) ;
#7400 = VECTOR ( 'NONE', #3093, 1000.000000000000000 ) ;
#7401 = ADVANCED_FACE ( 'NONE', ( #431 ), #3098, .T. ) ;
#7402 = ORIENTED_EDGE ( 'NONE', *, *, #4675, .F. ) ;
#7403 = COLOUR_RGB ( '',0.7921568627450980000, 0.8196078431372548800, 0.9333333333333333500 ) ;
#7404 = CARTESIAN_POINT ( 'NONE',  ( 2.540000000000000900, 1.700000000000000000, -11.83000000000000200 ) ) ;
#7405 = UNCERTAINTY_MEASURE_WITH_UNIT (LENGTH_MEASURE( 1.000000000000000100E-005 ), #2656, 'distance_accuracy_value', 'NONE');
#7406 =( NAMED_UNIT ( * ) SI_UNIT ( $, .STERADIAN. ) SOLID_ANGLE_UNIT ( ) );
#7407 =( GEOMETRIC_REPRESENTATION_CONTEXT ( 3 ) GLOBAL_UNCERTAINTY_ASSIGNED_CONTEXT ( ( #6901 ) ) GLOBAL_UNIT_ASSIGNED_CONTEXT ( ( #4240, #801, #4825 ) ) REPRESENTATION_CONTEXT ( 'NONE', 'WORKASPACE' ) );
#7408 = EDGE_CURVE ( 'NONE', #1057, #6017, #4302, .T. ) ;
#7409 = EDGE_LOOP ( 'NONE', ( #222, #4680, #2498, #7099 ) ) ;
#7410 = SURFACE_STYLE_FILL_AREA ( #59 ) ;
#7411 = CARTESIAN_POINT ( 'NONE',  ( 2.540000000000000900, 0.0000000000000000000, -4.210000000000000000 ) ) ;
#7412 = ORIENTED_EDGE ( 'NONE', *, *, #3531, .T. ) ;
#7413 = COLOUR_RGB ( '',0.7960784313725489700, 0.8235294117647058400, 0.9372549019607843100 ) ;
#7414 = DIRECTION ( 'NONE',  ( 0.0000000000000000000, -0.0000000000000000000, 1.000000000000000000 ) ) ;
#7415 = CARTESIAN_POINT ( 'NONE',  ( 1.050000000000000000, -2.799999999999999400, -0.3200000000000001200 ) ) ;
#7416 = DIRECTION ( 'NONE',  ( -1.000000000000000000, -0.0000000000000000000, -0.0000000000000000000 ) ) ;
#7417 = VERTEX_POINT ( 'NONE', #7101 ) ;
#7418 = COLOUR_RGB ( '',0.0000000000000000000, 0.003921568627450980300, 0.09019607843137254800 ) ;
#7419 = SURFACE_SIDE_STYLE ('',( #1664 ) ) ;
#7420 = AXIS2_PLACEMENT_3D ( 'NONE', #1558, #5580, #2132 ) ;
#7421 = CARTESIAN_POINT ( 'NONE',  ( 2.140000000000001500, 1.700000000000000000, -1.270000000000000000 ) ) ;
#7422 = ORIENTED_EDGE ( 'NONE', *, *, #3312, .T. ) ;
#7423 = FILL_AREA_STYLE_COLOUR ( '', #3506 ) ;
#7424 = EDGE_CURVE ( 'NONE', #1178, #5408, #7139, .T. ) ;
#7425 = LINE ( 'NONE', #5453, #4419 ) ;
#7426 = FILL_AREA_STYLE ('',( #1718 ) ) ;
#7427 = VERTEX_POINT ( 'NONE', #4283 ) ;
#7428 = PLANE ( 'NONE',  #1671 ) ;
#7429 = AXIS2_PLACEMENT_3D ( 'NONE', #1911, #5928, #2502 ) ;
#7430 = VERTEX_POINT ( 'NONE', #3729 ) ;
#7431 = ORIENTED_EDGE ( 'NONE', *, *, #4405, .T. ) ;
#7432 = CARTESIAN_POINT ( 'NONE',  ( 0.0000000000000000000, 11.70000000000000100, -2.540000000000000000 ) ) ;
#7433 = CARTESIAN_POINT ( 'NONE',  ( -1.050000000000000000, -2.799999999999999400, -0.3200000000000000600 ) ) ;
#7434 = AXIS2_PLACEMENT_3D ( 'NONE', #4754, #4722, #4457 ) ;
#7435 = ORIENTED_EDGE ( 'NONE', *, *, #3927, .T. ) ;
#7436 = FILL_AREA_STYLE_COLOUR ( '', #6660 ) ;
#7437 = CARTESIAN_POINT ( 'NONE',  ( 1.590000000000000100, -2.799999999999999400, -7.839999999999999900 ) ) ;
#7438 =( LENGTH_UNIT ( ) NAMED_UNIT ( * ) SI_UNIT ( .MILLI., .METRE. ) );
#7439 = MECHANICAL_DESIGN_GEOMETRIC_PRESENTATION_REPRESENTATION (  '', ( #6297 ), #380 ) ;
#7440 = CARTESIAN_POINT ( 'NONE',  ( 0.0000000000000000000, -2.799999999999999400, -5.080000000000000100 ) ) ;
#7441 = EDGE_CURVE ( 'NONE', #662, #5161, #5825, .T. ) ;
#7442 = EDGE_LOOP ( 'NONE', ( #2923, #6276, #5639, #5125, #160, #1605, #1147, #2804 ) ) ;
#7443 = CARTESIAN_POINT ( 'NONE',  ( 1.490000000000000000, -2.799999999999999400, -4.760000000000000700 ) ) ;
#7444 = ADVANCED_FACE ( 'NONE', ( #1085 ), #1999, .T. ) ;
#7445 = MECHANICAL_DESIGN_GEOMETRIC_PRESENTATION_REPRESENTATION (  '', ( #6303 ), #387 ) ;
#7446 =( NAMED_UNIT ( * ) SI_UNIT ( $, .STERADIAN. ) SOLID_ANGLE_UNIT ( ) );
#7447 = FILL_AREA_STYLE_COLOUR ( '', #2956 ) ;
#7448 = EDGE_LOOP ( 'NONE', ( #2851, #1897, #4282, #2061 ) ) ;
#7449 = CARTESIAN_POINT ( 'NONE',  ( 2.020000000000001800, 0.2999999999999999300, -13.97000000000000100 ) ) ;
#7450 =( LENGTH_UNIT ( ) NAMED_UNIT ( * ) SI_UNIT ( .MILLI., .METRE. ) );
#7451 =( GEOMETRIC_REPRESENTATION_CONTEXT ( 3 ) GLOBAL_UNCERTAINTY_ASSIGNED_CONTEXT ( ( #5381 ) ) GLOBAL_UNIT_ASSIGNED_CONTEXT ( ( #255, #4299, #858 ) ) REPRESENTATION_CONTEXT ( 'NONE', 'WORKASPACE' ) );
#7452 = COLOUR_RGB ( '',0.7960784313725489700, 0.8235294117647058400, 0.9372549019607843100 ) ;
#7453 = PLANE ( 'NONE',  #3773 ) ;
#7454 = DIRECTION ( 'NONE',  ( 1.000000000000000000, 0.0000000000000000000, 0.0000000000000000000 ) ) ;
#7455 = UNCERTAINTY_MEASURE_WITH_UNIT (LENGTH_MEASURE( 1.000000000000000100E-005 ), #3918, 'distance_accuracy_value', 'NONE');
#7456 = CARTESIAN_POINT ( 'NONE',  ( 1.050000000000000000, -2.799999999999999400, -10.48000000000000200 ) ) ;
#7457 = SURFACE_STYLE_FILL_AREA ( #6345 ) ;
#7458 = COLOUR_RGB ( '',0.0000000000000000000, 0.003921568627450980300, 0.09019607843137254800 ) ;
#7459 = CARTESIAN_POINT ( 'NONE',  ( -2.140000000000000600, 0.0000000000000000000, -13.97000000000000100 ) ) ;
#7460 = DIRECTION ( 'NONE',  ( 2.492418787322998300E-016, 0.0000000000000000000, 1.000000000000000000 ) ) ;
#7461 = LINE ( 'NONE', #5666, #5957 ) ;
#7462 = EDGE_CURVE ( 'NONE', #6344, #7095, #522, .T. ) ;
#7463 = ORIENTED_EDGE ( 'NONE', *, *, #5714, .F. ) ;
#7464 = STYLED_ITEM ( 'NONE', ( #6608 ), #7222 ) ;
#7465 = SURFACE_STYLE_USAGE ( .BOTH. , #3491 ) ;
ENDSEC;
END-ISO-10303-21;
