ISO-10303-21;
HEADER;
FILE_DESCRIPTION (( 'STEP AP214' ),
    '1' );
FILE_NAME ('2x7.STEP',
    '2019-03-31T22:01:45',
    ( '' ),
    ( '' ),
    'SwSTEP 2.0',
    'SolidWorks 2014',
    '' );
FILE_SCHEMA (( 'AUTOMOTIVE_DESIGN' ));
ENDSEC;

DATA;
#1 = ADVANCED_FACE ( 'NONE', ( #8245 ), #6828, .T. ) ;
#2 = DIRECTION ( 'NONE',  ( 0.0000000000000000000, 0.0000000000000000000, -1.000000000000000000 ) ) ;
#3 = STYLED_ITEM ( 'NONE', ( #7174 ), #940 ) ;
#4 = FILL_AREA_STYLE_COLOUR ( '', #3226 ) ;
#5 = LINE ( 'NONE', #6236, #3591 ) ;
#6 = DIRECTION ( 'NONE',  ( 0.7071067811865474600, 0.0000000000000000000, 0.7071067811865474600 ) ) ;
#7 = CARTESIAN_POINT ( 'NONE',  ( -0.9499999999999999600, -2.799999999999999400, -15.45999999999999900 ) ) ;
#8 = LINE ( 'NONE', #4130, #2436 ) ;
#9 = LINE ( 'NONE', #4464, #6301 ) ;
#10 = DIRECTION ( 'NONE',  ( -0.7071067811865469100, -0.0000000000000000000, 0.7071067811865482400 ) ) ;
#11 =( NAMED_UNIT ( * ) SI_UNIT ( $, .STERADIAN. ) SOLID_ANGLE_UNIT ( ) );
#12 =( GEOMETRIC_REPRESENTATION_CONTEXT ( 3 ) GLOBAL_UNCERTAINTY_ASSIGNED_CONTEXT ( ( #8277 ) ) GLOBAL_UNIT_ASSIGNED_CONTEXT ( ( #3611, #8231, #4295 ) ) REPRESENTATION_CONTEXT ( 'NONE', 'WORKASPACE' ) );
#13 = AXIS2_PLACEMENT_3D ( 'NONE', #1860, #6535, #2537 ) ;
#14 = CARTESIAN_POINT ( 'NONE',  ( 1.590000000000000100, 11.70000000000000100, -5.300000000000000700 ) ) ;
#15 =( NAMED_UNIT ( * ) SI_UNIT ( $, .STERADIAN. ) SOLID_ANGLE_UNIT ( ) );
#16 = ORIENTED_EDGE ( 'NONE', *, *, #5191, .T. ) ;
#17 = STYLED_ITEM ( 'NONE', ( #1161 ), #2961 ) ;
#18 = VERTEX_POINT ( 'NONE', #7724 ) ;
#19 = MECHANICAL_DESIGN_GEOMETRIC_PRESENTATION_REPRESENTATION (  '', ( #7219 ), #472 ) ;
#20 = PRESENTATION_LAYER_ASSIGNMENT (  '', '', ( #7788 ) ) ;
#21 = CARTESIAN_POINT ( 'NONE',  ( 1.050000000000000000, -2.799999999999999400, -14.92000000000000200 ) ) ;
#22 = LINE ( 'NONE', #2497, #1393 ) ;
#23 = EDGE_CURVE ( 'NONE', #5017, #6204, #5894, .T. ) ;
#24 = ORIENTED_EDGE ( 'NONE', *, *, #1409, .T. ) ;
#25 = SURFACE_STYLE_FILL_AREA ( #7580 ) ;
#26 = LINE ( 'NONE', #261, #6721 ) ;
#27 = CARTESIAN_POINT ( 'NONE',  ( 1.490000000000000000, 11.70000000000000100, 0.3199999999999999000 ) ) ;
#28 =( GEOMETRIC_REPRESENTATION_CONTEXT ( 3 ) GLOBAL_UNCERTAINTY_ASSIGNED_CONTEXT ( ( #3538 ) ) GLOBAL_UNIT_ASSIGNED_CONTEXT ( ( #316, #5011, #1006 ) ) REPRESENTATION_CONTEXT ( 'NONE', 'WORKASPACE' ) );
#29 = CARTESIAN_POINT ( 'NONE',  ( 1.490000000000000000, -2.799999999999999400, -10.48000000000000200 ) ) ;
#30 = MECHANICAL_DESIGN_GEOMETRIC_PRESENTATION_REPRESENTATION (  '', ( #7343 ), #486 ) ;
#31 = VECTOR ( 'NONE', #2739, 1000.000000000000000 ) ;
#32 = CARTESIAN_POINT ( 'NONE',  ( -2.540000000000000000, 1.700000000000000000, -0.9034210526315790100 ) ) ;
#33 = DIRECTION ( 'NONE',  ( 0.7071067811865470200, 0.0000000000000000000, -0.7071067811865481300 ) ) ;
#34 = CARTESIAN_POINT ( 'NONE',  ( -1.050000000000000000, -2.799999999999999400, -7.940000000000001300 ) ) ;
#35 = DIRECTION ( 'NONE',  ( 1.000000000000000000, 0.0000000000000000000, -0.0000000000000000000 ) ) ;
#36 = FILL_AREA_STYLE_COLOUR ( '', #1300 ) ;
#37 = PRESENTATION_STYLE_ASSIGNMENT (( #363 ) ) ;
#38 = PRESENTATION_STYLE_ASSIGNMENT (( #109 ) ) ;
#39 = AXIS2_PLACEMENT_3D ( 'NONE', #632, #5326, #1305 ) ;
#40 = VERTEX_POINT ( 'NONE', #6228 ) ;
#41 = ORIENTED_EDGE ( 'NONE', *, *, #7308, .F. ) ;
#42 = CARTESIAN_POINT ( 'NONE',  ( 1.490000000000000000, -2.799999999999999400, 0.3199999999999999000 ) ) ;
#43 = SURFACE_SIDE_STYLE ('',( #5729 ) ) ;
#44 = DIRECTION ( 'NONE',  ( 2.492418787322998300E-016, 0.0000000000000000000, 1.000000000000000000 ) ) ;
#45 = ADVANCED_FACE ( 'NONE', ( #7420 ), #6180, .T. ) ;
#46 = EDGE_CURVE ( 'NONE', #6066, #7876, #6813, .T. ) ;
#47 = LINE ( 'NONE', #7855, #6955 ) ;
#48 = PRESENTATION_STYLE_ASSIGNMENT (( #5231 ) ) ;
#49 = CARTESIAN_POINT ( 'NONE',  ( 0.9499999999999999600, -2.799999999999999400, -4.860000000000000300 ) ) ;
#50 = DIRECTION ( 'NONE',  ( 1.000000000000000000, 0.0000000000000000000, -2.492418787322998300E-016 ) ) ;
#51 = SURFACE_SIDE_STYLE ('',( #3806 ) ) ;
#52 = CARTESIAN_POINT ( 'NONE',  ( -0.9499999999999999600, -2.799999999999999400, -7.400000000000000400 ) ) ;
#53 = EDGE_CURVE ( 'NONE', #7716, #7206, #3493, .T. ) ;
#54 = PRESENTATION_LAYER_ASSIGNMENT (  '', '', ( #7817 ) ) ;
#55 = EDGE_CURVE ( 'NONE', #6465, #40, #8558, .T. ) ;
#56 = SURFACE_STYLE_FILL_AREA ( #4655 ) ;
#57 = VECTOR ( 'NONE', #4384, 1000.000000000000100 ) ;
#58 = PRESENTATION_STYLE_ASSIGNMENT (( #2311 ) ) ;
#59 = ORIENTED_EDGE ( 'NONE', *, *, #224, .F. ) ;
#60 = SURFACE_STYLE_USAGE ( .BOTH. , #4095 ) ;
#61 =( NAMED_UNIT ( * ) PLANE_ANGLE_UNIT ( ) SI_UNIT ( $, .RADIAN. ) );
#62 =( LENGTH_UNIT ( ) NAMED_UNIT ( * ) SI_UNIT ( .MILLI., .METRE. ) );
#63 = VECTOR ( 'NONE', #5905, 1000.000000000000000 ) ;
#64 = ORIENTED_EDGE ( 'NONE', *, *, #4119, .F. ) ;
#65 = PRESENTATION_STYLE_ASSIGNMENT (( #311 ) ) ;
#66 = AXIS2_PLACEMENT_3D ( 'NONE', #4088, #50, #4745 ) ;
#67 = CARTESIAN_POINT ( 'NONE',  ( 0.0000000000000000000, -2.799999999999999400, -2.540000000000000000 ) ) ;
#68 = VECTOR ( 'NONE', #433, 1000.000000000000000 ) ;
#69 = ORIENTED_EDGE ( 'NONE', *, *, #1273, .T. ) ;
#70 = PRESENTATION_LAYER_ASSIGNMENT (  '', '', ( #7831 ) ) ;
#71 =( GEOMETRIC_REPRESENTATION_CONTEXT ( 3 ) GLOBAL_UNCERTAINTY_ASSIGNED_CONTEXT ( ( #3484 ) ) GLOBAL_UNIT_ASSIGNED_CONTEXT ( ( #4550, #534, #5237 ) ) REPRESENTATION_CONTEXT ( 'NONE', 'WORKASPACE' ) );
#72 = FILL_AREA_STYLE ('',( #8030 ) ) ;
#73 = FILL_AREA_STYLE_COLOUR ( '', #6580 ) ;
#74 = ORIENTED_EDGE ( 'NONE', *, *, #7865, .T. ) ;
#75 = CARTESIAN_POINT ( 'NONE',  ( -1.490000000000000000, -2.799999999999999400, -5.400000000000000400 ) ) ;
#76 = UNCERTAINTY_MEASURE_WITH_UNIT (LENGTH_MEASURE( 1.000000000000000100E-005 ), #7484, 'distance_accuracy_value', 'NONE');
#77 = ORIENTED_EDGE ( 'NONE', *, *, #1711, .F. ) ;
#78 = CARTESIAN_POINT ( 'NONE',  ( -2.540000000000000000, 1.700000000000000000, -5.983421052631579900 ) ) ;
#79 =( GEOMETRIC_REPRESENTATION_CONTEXT ( 3 ) GLOBAL_UNCERTAINTY_ASSIGNED_CONTEXT ( ( #1553 ) ) GLOBAL_UNIT_ASSIGNED_CONTEXT ( ( #1432, #6132, #2097 ) ) REPRESENTATION_CONTEXT ( 'NONE', 'WORKASPACE' ) );
#80 = LINE ( 'NONE', #7466, #3439 ) ;
#81 = AXIS2_PLACEMENT_3D ( 'NONE', #5185, #1173, #5842 ) ;
#82 = EDGE_CURVE ( 'NONE', #5958, #772, #5073, .T. ) ;
#83 = VERTEX_POINT ( 'NONE', #8221 ) ;
#84 = SURFACE_SIDE_STYLE ('',( #4198 ) ) ;
#85 = SURFACE_STYLE_USAGE ( .BOTH. , #4121 ) ;
#86 = EDGE_LOOP ( 'NONE', ( #24, #3478, #8226, #6162, #89, #7443, #3447, #2899 ) ) ;
#87 = LINE ( 'NONE', #4487, #3675 ) ;
#88 = CARTESIAN_POINT ( 'NONE',  ( 2.540000000000000900, 1.700000000000000000, 0.8699999999999996600 ) ) ;
#89 = ORIENTED_EDGE ( 'NONE', *, *, #1688, .T. ) ;
#90 = MECHANICAL_DESIGN_GEOMETRIC_PRESENTATION_REPRESENTATION (  '', ( #7403 ), #546 ) ;
#91 = VERTEX_POINT ( 'NONE', #5705 ) ;
#92 = ADVANCED_FACE ( 'NONE', ( #1488 ), #4912, .T. ) ;
#93 = ORIENTED_EDGE ( 'NONE', *, *, #2750, .F. ) ;
#94 = LINE ( 'NONE', #3231, #7392 ) ;
#95 = DIRECTION ( 'NONE',  ( -0.0000000000000000000, -1.000000000000000000, -0.0000000000000000000 ) ) ;
#96 = FILL_AREA_STYLE_COLOUR ( '', #6527 ) ;
#97 = ORIENTED_EDGE ( 'NONE', *, *, #6399, .F. ) ;
#98 = VECTOR ( 'NONE', #4468, 1000.000000000000000 ) ;
#99 = MECHANICAL_DESIGN_GEOMETRIC_PRESENTATION_REPRESENTATION (  '', ( #7407 ), #554 ) ;
#100 = DIRECTION ( 'NONE',  ( 0.7071067811865489100, 0.0000000000000000000, 0.7071067811865461300 ) ) ;
#101 = CARTESIAN_POINT ( 'NONE',  ( -0.9499999999999999600, 11.70000000000000100, -10.38000000000000100 ) ) ;
#102 =( GEOMETRIC_REPRESENTATION_CONTEXT ( 3 ) GLOBAL_UNCERTAINTY_ASSIGNED_CONTEXT ( ( #2621 ) ) GLOBAL_UNIT_ASSIGNED_CONTEXT ( ( #5076, #5044, #4405 ) ) REPRESENTATION_CONTEXT ( 'NONE', 'WORKASPACE' ) );
#103 = ORIENTED_EDGE ( 'NONE', *, *, #2099, .F. ) ;
#104 = PLANE ( 'NONE',  #231 ) ;
#105 = SURFACE_STYLE_USAGE ( .BOTH. , #4140 ) ;
#106 = DIRECTION ( 'NONE',  ( -0.0000000000000000000, -0.0000000000000000000, -1.000000000000000000 ) ) ;
#107 = ORIENTED_EDGE ( 'NONE', *, *, #7765, .F. ) ;
#108 = FACE_OUTER_BOUND ( 'NONE', #8420, .T. ) ;
#109 = SURFACE_STYLE_USAGE ( .BOTH. , #4143 ) ;
#110 = UNCERTAINTY_MEASURE_WITH_UNIT (LENGTH_MEASURE( 1.000000000000000100E-005 ), #6512, 'distance_accuracy_value', 'NONE');
#111 = SURFACE_SIDE_STYLE ('',( #4509 ) ) ;
#112 = EDGE_LOOP ( 'NONE', ( #3409, #2731, #6770, #3753 ) ) ;
#113 = SURFACE_STYLE_FILL_AREA ( #8060 ) ;
#114 = EDGE_CURVE ( 'NONE', #8619, #1854, #3067, .T. ) ;
#115 = VECTOR ( 'NONE', #5010, 1000.000000000000000 ) ;
#116 = DIRECTION ( 'NONE',  ( -0.7071067811865477900, -0.0000000000000000000, -0.7071067811865473500 ) ) ;
#117 = CARTESIAN_POINT ( 'NONE',  ( -2.539999999999999600, 1.700000000000000000, -14.40342105263157900 ) ) ;
#118 = FILL_AREA_STYLE_COLOUR ( '', #2309 ) ;
#119 = VECTOR ( 'NONE', #1714, 1000.000000000000000 ) ;
#120 = CARTESIAN_POINT ( 'NONE',  ( 1.050000000000000000, -2.799999999999999400, -13.02000000000000100 ) ) ;
#121 =( NAMED_UNIT ( * ) PLANE_ANGLE_UNIT ( ) SI_UNIT ( $, .RADIAN. ) );
#122 = VECTOR ( 'NONE', #3428, 1000.000000000000000 ) ;
#123 =( LENGTH_UNIT ( ) NAMED_UNIT ( * ) SI_UNIT ( .MILLI., .METRE. ) );
#124 = MECHANICAL_DESIGN_GEOMETRIC_PRESENTATION_REPRESENTATION (  '', ( #7431 ), #579 ) ;
#125 = CARTESIAN_POINT ( 'NONE',  ( -1.590000000000000300, -2.799999999999999400, -0.2200000000000002500 ) ) ;
#126 = ORIENTED_EDGE ( 'NONE', *, *, #2756, .T. ) ;
#127 = CARTESIAN_POINT ( 'NONE',  ( -1.490000000000000000, 11.70000000000000100, -13.02000000000000100 ) ) ;
#128 = DIRECTION ( 'NONE',  ( -0.7071067811865461300, 0.0000000000000000000, 0.7071067811865489100 ) ) ;
#129 = ORIENTED_EDGE ( 'NONE', *, *, #6369, .F. ) ;
#130 =( LENGTH_UNIT ( ) NAMED_UNIT ( * ) SI_UNIT ( .MILLI., .METRE. ) );
#131 = MECHANICAL_DESIGN_GEOMETRIC_PRESENTATION_REPRESENTATION (  '', ( #7442 ), #589 ) ;
#132 =( NAMED_UNIT ( * ) SI_UNIT ( $, .STERADIAN. ) SOLID_ANGLE_UNIT ( ) );
#133 = DIRECTION ( 'NONE',  ( -0.0000000000000000000, -1.000000000000000000, -0.0000000000000000000 ) ) ;
#134 = ADVANCED_FACE ( 'NONE', ( #7520 ), #7768, .T. ) ;
#135 = PRESENTATION_LAYER_ASSIGNMENT (  '', '', ( #7889 ) ) ;
#136 = FILL_AREA_STYLE ('',( #6805 ) ) ;
#137 = DIRECTION ( 'NONE',  ( 0.0000000000000000000, -0.0000000000000000000, -1.000000000000000000 ) ) ;
#138 = PLANE ( 'NONE',  #4146 ) ;
#139 = DIRECTION ( 'NONE',  ( 0.0000000000000000000, 1.000000000000000000, 0.0000000000000000000 ) ) ;
#140 = MANIFOLD_SOLID_BREP ( 'LPattern3[1]', #5248 ) ;
#141 = LINE ( 'NONE', #7401, #5097 ) ;
#142 = ORIENTED_EDGE ( 'NONE', *, *, #1879, .T. ) ;
#143 = EDGE_CURVE ( 'NONE', #8103, #6551, #9, .T. ) ;
#144 = CARTESIAN_POINT ( 'NONE',  ( -2.539999999999999600, 0.0000000000000000000, -1.703421052631578900 ) ) ;
#145 = DIRECTION ( 'NONE',  ( 0.7071067811865477900, 0.0000000000000000000, -0.7071067811865473500 ) ) ;
#146 = MECHANICAL_DESIGN_GEOMETRIC_PRESENTATION_REPRESENTATION (  '', ( #7463 ), #606 ) ;
#147 = COLOUR_RGB ( '',0.7960784313725489700, 0.8235294117647058400, 0.9372549019607843100 ) ;
#148 = UNCERTAINTY_MEASURE_WITH_UNIT (LENGTH_MEASURE( 1.000000000000000100E-005 ), #6470, 'distance_accuracy_value', 'NONE');
#149 = VECTOR ( 'NONE', #6983, 1000.000000000000000 ) ;
#150 = FILL_AREA_STYLE ('',( #8122 ) ) ;
#151 = FILL_AREA_STYLE_COLOUR ( '', #1649 ) ;
#152 = CARTESIAN_POINT ( 'NONE',  ( 1.490000000000000000, 11.70000000000000100, -15.56000000000000000 ) ) ;
#153 =( GEOMETRIC_REPRESENTATION_CONTEXT ( 3 ) GLOBAL_UNCERTAINTY_ASSIGNED_CONTEXT ( ( #4773 ) ) GLOBAL_UNIT_ASSIGNED_CONTEXT ( ( #3736, #8348, #4413 ) ) REPRESENTATION_CONTEXT ( 'NONE', 'WORKASPACE' ) );
#154 = CARTESIAN_POINT ( 'NONE',  ( -1.490000000000000000, -2.799999999999999400, -7.940000000000001300 ) ) ;
#155 = ORIENTED_EDGE ( 'NONE', *, *, #1428, .T. ) ;
#156 = VECTOR ( 'NONE', #3136, 1000.000000000000000 ) ;
#157 =( LENGTH_UNIT ( ) NAMED_UNIT ( * ) SI_UNIT ( .MILLI., .METRE. ) );
#158 = COLOUR_RGB ( '',0.7960784313725489700, 0.8235294117647058400, 0.9372549019607843100 ) ;
#159 = ORIENTED_EDGE ( 'NONE', *, *, #3975, .T. ) ;
#160 = ORIENTED_EDGE ( 'NONE', *, *, #4998, .T. ) ;
#161 = ORIENTED_EDGE ( 'NONE', *, *, #2063, .F. ) ;
#162 = VECTOR ( 'NONE', #3304, 1000.000000000000000 ) ;
#163 = ORIENTED_EDGE ( 'NONE', *, *, #6799, .T. ) ;
#164 = CARTESIAN_POINT ( 'NONE',  ( 2.140000000000000100, 0.0000000000000000000, -6.350000000000000500 ) ) ;
#165 = ORIENTED_EDGE ( 'NONE', *, *, #2230, .F. ) ;
#166 = PRESENTATION_STYLE_ASSIGNMENT (( #1204 ) ) ;
#167 = LINE ( 'NONE', #951, #3318 ) ;
#168 = DIRECTION ( 'NONE',  ( -0.7372346670543746800, -0.0000000000000000000, 0.6756367705307528800 ) ) ;
#169 = SURFACE_SIDE_STYLE ('',( #6757 ) ) ;
#170 = CARTESIAN_POINT ( 'NONE',  ( 0.0000000000000000000, -2.799999999999999400, 0.0000000000000000000 ) ) ;
#171 = EDGE_CURVE ( 'NONE', #4583, #4775, #5178, .T. ) ;
#172 = VERTEX_POINT ( 'NONE', #3732 ) ;
#173 = ADVANCED_FACE ( 'NONE', ( #7832 ), #3606, .T. ) ;
#174 = VECTOR ( 'NONE', #1389, 1000.000000000000100 ) ;
#175 = PRESENTATION_STYLE_ASSIGNMENT (( #268 ) ) ;
#176 = SURFACE_STYLE_USAGE ( .BOTH. , #4222 ) ;
#177 = ORIENTED_EDGE ( 'NONE', *, *, #2681, .T. ) ;
#178 = FILL_AREA_STYLE ('',( #4227 ) ) ;
#179 =( GEOMETRIC_REPRESENTATION_CONTEXT ( 3 ) GLOBAL_UNCERTAINTY_ASSIGNED_CONTEXT ( ( #7522 ) ) GLOBAL_UNIT_ASSIGNED_CONTEXT ( ( #1069, #5740, #1723 ) ) REPRESENTATION_CONTEXT ( 'NONE', 'WORKASPACE' ) );
#180 = CARTESIAN_POINT ( 'NONE',  ( -1.050000000000000000, -2.799999999999999400, 0.3199999999999999000 ) ) ;
#181 = UNCERTAINTY_MEASURE_WITH_UNIT (LENGTH_MEASURE( 1.000000000000000100E-005 ), #3120, 'distance_accuracy_value', 'NONE');
#182 = ORIENTED_EDGE ( 'NONE', *, *, #1538, .T. ) ;
#183 = EDGE_LOOP ( 'NONE', ( #5198, #5167, #7591, #5383 ) ) ;
#184 = MECHANICAL_DESIGN_GEOMETRIC_PRESENTATION_REPRESENTATION (  '', ( #7497 ), #643 ) ;
#185 = CARTESIAN_POINT ( 'NONE',  ( -1.490000000000000000, -2.799999999999999400, -7.940000000000001300 ) ) ;
#186 = PRESENTATION_STYLE_ASSIGNMENT (( #6108 ) ) ;
#187 =( NAMED_UNIT ( * ) SI_UNIT ( $, .STERADIAN. ) SOLID_ANGLE_UNIT ( ) );
#188 = CARTESIAN_POINT ( 'NONE',  ( 1.050000000000000000, -2.799999999999999400, 0.3199999999999999000 ) ) ;
#189 = FILL_AREA_STYLE_COLOUR ( '', #1362 ) ;
#190 = AXIS2_PLACEMENT_3D ( 'NONE', #5087, #1073, #5744 ) ;
#191 = ORIENTED_EDGE ( 'NONE', *, *, #2174, .F. ) ;
#192 = LINE ( 'NONE', #8017, #7091 ) ;
#193 = EDGE_CURVE ( 'NONE', #5229, #2836, #4536, .T. ) ;
#194 = VECTOR ( 'NONE', #4542, 1000.000000000000000 ) ;
#195 = EDGE_CURVE ( 'NONE', #7555, #8230, #7207, .T. ) ;
#196 = CARTESIAN_POINT ( 'NONE',  ( 0.9499999999999999600, -2.799999999999999400, -15.45999999999999900 ) ) ;
#197 = LINE ( 'NONE', #3199, #3570 ) ;
#198 =( NAMED_UNIT ( * ) SI_UNIT ( $, .STERADIAN. ) SOLID_ANGLE_UNIT ( ) );
#199 = CARTESIAN_POINT ( 'NONE',  ( 2.140000000000001500, 1.700000000000000000, -8.890000000000000600 ) ) ;
#200 = EDGE_LOOP ( 'NONE', ( #4607, #5755, #3735, #7369 ) ) ;
#201 = PRESENTATION_STYLE_ASSIGNMENT (( #3778 ) ) ;
#202 = DIRECTION ( 'NONE',  ( 0.0000000000000000000, 0.0000000000000000000, 1.000000000000000000 ) ) ;
#203 = ORIENTED_EDGE ( 'NONE', *, *, #1461, .T. ) ;
#204 = PRESENTATION_LAYER_ASSIGNMENT (  '', '', ( #7945 ) ) ;
#205 = DIRECTION ( 'NONE',  ( -0.7372346670543746800, -0.0000000000000000000, 0.6756367705307528800 ) ) ;
#206 = VECTOR ( 'NONE', #4956, 1000.000000000000100 ) ;
#207 = ORIENTED_EDGE ( 'NONE', *, *, #1574, .F. ) ;
#208 = SURFACE_STYLE_USAGE ( .BOTH. , #4250 ) ;
#209 = PRESENTATION_STYLE_ASSIGNMENT (( #4255 ) ) ;
#210 = CLOSED_SHELL ( 'NONE', ( #4061, #667, #3163, #1032, #6242, #5424, #3933, #6412, #8115, #8521 ) ) ;
#211 = STYLED_ITEM ( 'NONE', ( #6569 ), #4466 ) ;
#212 = PRESENTATION_STYLE_ASSIGNMENT (( #5110 ) ) ;
#213 = FILL_AREA_STYLE_COLOUR ( '', #4961 ) ;
#214 =( LENGTH_UNIT ( ) NAMED_UNIT ( * ) SI_UNIT ( .MILLI., .METRE. ) );
#215 = UNCERTAINTY_MEASURE_WITH_UNIT (LENGTH_MEASURE( 1.000000000000000100E-005 ), #3627, 'distance_accuracy_value', 'NONE');
#216 = DIRECTION ( 'NONE',  ( -0.7071067811865477900, -0.0000000000000000000, -0.7071067811865473500 ) ) ;
#217 = CARTESIAN_POINT ( 'NONE',  ( 2.540000000000000900, 1.700000000000000000, -5.950000000000001100 ) ) ;
#218 = ORIENTED_EDGE ( 'NONE', *, *, #1567, .F. ) ;
#219 = EDGE_CURVE ( 'NONE', #680, #8214, #324, .T. ) ;
#220 =( NAMED_UNIT ( * ) PLANE_ANGLE_UNIT ( ) SI_UNIT ( $, .RADIAN. ) );
#221 = DIRECTION ( 'NONE',  ( -0.0000000000000000000, -1.000000000000000000, -0.0000000000000000000 ) ) ;
#222 = ADVANCED_FACE ( 'NONE', ( #1899 ), #1144, .F. ) ;
#223 = EDGE_CURVE ( 'NONE', #4656, #8422, #4636, .T. ) ;
#224 = EDGE_CURVE ( 'NONE', #1306, #5262, #1274, .T. ) ;
#225 =( NAMED_UNIT ( * ) PLANE_ANGLE_UNIT ( ) SI_UNIT ( $, .RADIAN. ) );
#226 = DIRECTION ( 'NONE',  ( -0.7071067811865477900, -0.0000000000000000000, -0.7071067811865473500 ) ) ;
#227 = SURFACE_SIDE_STYLE ('',( #636 ) ) ;
#228 = DIRECTION ( 'NONE',  ( 0.7071067811865463500, -0.0000000000000000000, 0.7071067811865487900 ) ) ;
#229 = ORIENTED_EDGE ( 'NONE', *, *, #1142, .F. ) ;
#230 = STYLED_ITEM ( 'NONE', ( #8134 ), #7942 ) ;
#231 = AXIS2_PLACEMENT_3D ( 'NONE', #4170, #128, #4817 ) ;
#232 = PLANE ( 'NONE',  #1827 ) ;
#233 = MECHANICAL_DESIGN_GEOMETRIC_PRESENTATION_REPRESENTATION (  '', ( #7553 ), #690 ) ;
#234 = ORIENTED_EDGE ( 'NONE', *, *, #195, .T. ) ;
#235 = EDGE_LOOP ( 'NONE', ( #4495, #1701, #2701, #3665, #3469, #422, #3027, #569 ) ) ;
#236 = CARTESIAN_POINT ( 'NONE',  ( -2.140000000000000600, 0.0000000000000000000, -16.51000000000000200 ) ) ;
#237 = CARTESIAN_POINT ( 'NONE',  ( 2.540000000000000900, 0.0000000000000000000, -8.490000000000000200 ) ) ;
#238 = MECHANICAL_DESIGN_GEOMETRIC_PRESENTATION_REPRESENTATION (  '', ( #7281 ), #699 ) ;
#239 = CARTESIAN_POINT ( 'NONE',  ( -2.140000000000000600, 0.0000000000000000000, -1.270000000000000000 ) ) ;
#240 = UNCERTAINTY_MEASURE_WITH_UNIT (LENGTH_MEASURE( 1.000000000000000100E-005 ), #6665, 'distance_accuracy_value', 'NONE');
#241 = CARTESIAN_POINT ( 'NONE',  ( -2.539999999999999600, 0.0000000000000000000, -11.86342105263158000 ) ) ;
#242 = STYLED_ITEM ( 'NONE', ( #8334 ), #3802 ) ;
#243 = ORIENTED_EDGE ( 'NONE', *, *, #7531, .F. ) ;
#244 = CARTESIAN_POINT ( 'NONE',  ( 2.140000000000001500, 1.700000000000000000, -3.810000000000000100 ) ) ;
#245 = SURFACE_STYLE_USAGE ( .BOTH. , #3634 ) ;
#246 =( NAMED_UNIT ( * ) SI_UNIT ( $, .STERADIAN. ) SOLID_ANGLE_UNIT ( ) );
#247 = FACE_OUTER_BOUND ( 'NONE', #2152, .T. ) ;
#248 = PRESENTATION_LAYER_ASSIGNMENT (  '', '', ( #7997 ) ) ;
#249 = FACE_OUTER_BOUND ( 'NONE', #112, .T. ) ;
#250 = DIRECTION ( 'NONE',  ( -1.000000000000000000, 0.0000000000000000000, -0.0000000000000000000 ) ) ;
#251 = EDGE_LOOP ( 'NONE', ( #787, #3773, #6898, #5164 ) ) ;
#252 = DIRECTION ( 'NONE',  ( -0.0000000000000000000, -1.000000000000000000, -0.0000000000000000000 ) ) ;
#253 = FILL_AREA_STYLE ('',( #8234 ) ) ;
#254 = FILL_AREA_STYLE ('',( #5596 ) ) ;
#255 = FACE_OUTER_BOUND ( 'NONE', #4286, .T. ) ;
#256 = UNCERTAINTY_MEASURE_WITH_UNIT (LENGTH_MEASURE( 1.000000000000000100E-005 ), #4681, 'distance_accuracy_value', 'NONE');
#257 = ADVANCED_FACE ( 'NONE', ( #7921 ), #1732, .F. ) ;
#258 = VECTOR ( 'NONE', #5860, 1000.000000000000000 ) ;
#259 = MECHANICAL_DESIGN_GEOMETRIC_PRESENTATION_REPRESENTATION (  '', ( #7575 ), #721 ) ;
#260 = CARTESIAN_POINT ( 'NONE',  ( 0.9499999999999999600, 11.70000000000000100, -12.92000000000000200 ) ) ;
#261 = CARTESIAN_POINT ( 'NONE',  ( 0.9499999999999999600, -2.799999999999999400, -0.2200000000000000000 ) ) ;
#262 =( GEOMETRIC_REPRESENTATION_CONTEXT ( 3 ) GLOBAL_UNCERTAINTY_ASSIGNED_CONTEXT ( ( #7976 ) ) GLOBAL_UNIT_ASSIGNED_CONTEXT ( ( #2253, #6937, #2955 ) ) REPRESENTATION_CONTEXT ( 'NONE', 'WORKASPACE' ) );
#263 = VECTOR ( 'NONE', #33, 1000.000000000000000 ) ;
#264 =( NAMED_UNIT ( * ) PLANE_ANGLE_UNIT ( ) SI_UNIT ( $, .RADIAN. ) );
#265 = LINE ( 'NONE', #2635, #3643 ) ;
#266 = VECTOR ( 'NONE', #1630, 1000.000000000000100 ) ;
#267 = VECTOR ( 'NONE', #3651, 1000.000000000000000 ) ;
#268 = SURFACE_STYLE_USAGE ( .BOTH. , #4318 ) ;
#269 = DIRECTION ( 'NONE',  ( 1.000000000000000000, 0.0000000000000000000, 1.232047923278982200E-016 ) ) ;
#270 = ORIENTED_EDGE ( 'NONE', *, *, #7720, .F. ) ;
#271 = CARTESIAN_POINT ( 'NONE',  ( -1.050000000000000000, -2.799999999999999400, -4.760000000000000700 ) ) ;
#272 = LINE ( 'NONE', #5782, #2045 ) ;
#273 = EDGE_CURVE ( 'NONE', #3764, #3985, #7302, .T. ) ;
#274 = DIRECTION ( 'NONE',  ( 0.0000000000000000000, 0.0000000000000000000, 1.000000000000000000 ) ) ;
#275 = VECTOR ( 'NONE', #7200, 1000.000000000000000 ) ;
#276 = ORIENTED_EDGE ( 'NONE', *, *, #4010, .F. ) ;
#277 = DIRECTION ( 'NONE',  ( 1.000000000000000000, 0.0000000000000000000, 0.0000000000000000000 ) ) ;
#278 = FILL_AREA_STYLE ('',( #8259 ) ) ;
#279 = DIRECTION ( 'NONE',  ( -0.7372346670543746800, -0.0000000000000000000, 0.6756367705307528800 ) ) ;
#280 = VERTEX_POINT ( 'NONE', #3406 ) ;
#281 = SURFACE_SIDE_STYLE ('',( #8435 ) ) ;
#282 =( LENGTH_UNIT ( ) NAMED_UNIT ( * ) SI_UNIT ( .MILLI., .METRE. ) );
#283 = FILL_AREA_STYLE_COLOUR ( '', #3647 ) ;
#284 = ORIENTED_EDGE ( 'NONE', *, *, #6945, .F. ) ;
#285 = PRESENTATION_LAYER_ASSIGNMENT (  '', '', ( #8024 ) ) ;
#286 = FACE_OUTER_BOUND ( 'NONE', #2580, .T. ) ;
#287 = ORIENTED_EDGE ( 'NONE', *, *, #3500, .F. ) ;
#288 = DIRECTION ( 'NONE',  ( 0.0000000000000000000, -0.0000000000000000000, 1.000000000000000000 ) ) ;
#289 = ORIENTED_EDGE ( 'NONE', *, *, #1344, .F. ) ;
#290 = DIRECTION ( 'NONE',  ( 0.0000000000000000000, 1.000000000000000000, 0.0000000000000000000 ) ) ;
#291 = SURFACE_STYLE_USAGE ( .BOTH. , #4340 ) ;
#292 = ORIENTED_EDGE ( 'NONE', *, *, #652, .F. ) ;
#293 = STYLED_ITEM ( 'NONE', ( #3211 ), #3396 ) ;
#294 = FILL_AREA_STYLE_COLOUR ( '', #2129 ) ;
#295 = MECHANICAL_DESIGN_GEOMETRIC_PRESENTATION_REPRESENTATION (  '', ( #7610 ), #756 ) ;
#296 =( LENGTH_UNIT ( ) NAMED_UNIT ( * ) SI_UNIT ( .MILLI., .METRE. ) );
#297 = LINE ( 'NONE', #6579, #2066 ) ;
#298 = ORIENTED_EDGE ( 'NONE', *, *, #5074, .T. ) ;
#299 = LINE ( 'NONE', #1189, #3685 ) ;
#300 = PRESENTATION_LAYER_ASSIGNMENT (  '', '', ( #8038 ) ) ;
#301 = MANIFOLD_SOLID_BREP ( 'LPattern3[6]', #8337 ) ;
#302 = ORIENTED_EDGE ( 'NONE', *, *, #2699, .F. ) ;
#303 = LINE ( 'NONE', #428, #98 ) ;
#304 = CARTESIAN_POINT ( 'NONE',  ( -1.490000000000000200, -2.799999999999999400, -7.299999999999999800 ) ) ;
#305 = CARTESIAN_POINT ( 'NONE',  ( 0.9499999999999999600, -2.799999999999999400, 0.2200000000000000600 ) ) ;
#306 = ADVANCED_FACE ( 'NONE', ( #8444 ), #4769, .T. ) ;
#307 =( GEOMETRIC_REPRESENTATION_CONTEXT ( 3 ) GLOBAL_UNCERTAINTY_ASSIGNED_CONTEXT ( ( #7357 ) ) GLOBAL_UNIT_ASSIGNED_CONTEXT ( ( #7352, #3394, #8015 ) ) REPRESENTATION_CONTEXT ( 'NONE', 'WORKASPACE' ) );
#308 = COLOUR_RGB ( '',0.7960784313725489700, 0.8235294117647058400, 0.9372549019607843100 ) ;
#309 = ORIENTED_EDGE ( 'NONE', *, *, #3232, .T. ) ;
#310 = PRESENTATION_STYLE_ASSIGNMENT (( #4342 ) ) ;
#311 = SURFACE_STYLE_USAGE ( .BOTH. , #4350 ) ;
#312 = VECTOR ( 'NONE', #487, 1000.000000000000100 ) ;
#313 = ORIENTED_EDGE ( 'NONE', *, *, #1824, .T. ) ;
#314 = CARTESIAN_POINT ( 'NONE',  ( 0.9499999999999999600, -2.799999999999999400, -7.400000000000000400 ) ) ;
#315 = CARTESIAN_POINT ( 'NONE',  ( -1.490000000000000000, 11.70000000000000100, -5.400000000000000400 ) ) ;
#316 =( LENGTH_UNIT ( ) NAMED_UNIT ( * ) SI_UNIT ( .MILLI., .METRE. ) );
#317 = CARTESIAN_POINT ( 'NONE',  ( -0.9499999999999999600, 11.70000000000000100, -12.48000000000000200 ) ) ;
#318 = EDGE_CURVE ( 'NONE', #8214, #6548, #6098, .T. ) ;
#319 = SURFACE_STYLE_USAGE ( .BOTH. , #4355 ) ;
#320 = DIRECTION ( 'NONE',  ( -0.0000000000000000000, 1.000000000000000000, 0.0000000000000000000 ) ) ;
#321 = LINE ( 'NONE', #6756, #3703 ) ;
#322 = PRESENTATION_LAYER_ASSIGNMENT (  '', '', ( #8509 ) ) ;
#323 = EDGE_LOOP ( 'NONE', ( #5013, #7584, #8070, #3771 ) ) ;
#324 = LINE ( 'NONE', #1619, #119 ) ;
#325 = MECHANICAL_DESIGN_GEOMETRIC_PRESENTATION_REPRESENTATION (  '', ( #7642 ), #788 ) ;
#326 = PLANE ( 'NONE',  #3399 ) ;
#327 = COLOUR_RGB ( '',0.7960784313725489700, 0.8235294117647058400, 0.9372549019607843100 ) ;
#328 = CARTESIAN_POINT ( 'NONE',  ( 1.590000000000000100, -2.799999999999999400, -10.38000000000000100 ) ) ;
#329 = SURFACE_SIDE_STYLE ('',( #3104 ) ) ;
#330 = EDGE_CURVE ( 'NONE', #1351, #4403, #2523, .T. ) ;
#331 = CARTESIAN_POINT ( 'NONE',  ( -0.9499999999999999600, 11.70000000000000100, -2.760000000000000200 ) ) ;
#332 = FILL_AREA_STYLE ('',( #3757 ) ) ;
#333 = SURFACE_SIDE_STYLE ('',( #623 ) ) ;
#334 =( GEOMETRIC_REPRESENTATION_CONTEXT ( 3 ) GLOBAL_UNCERTAINTY_ASSIGNED_CONTEXT ( ( #7041 ) ) GLOBAL_UNIT_ASSIGNED_CONTEXT ( ( #8467, #4532, #502 ) ) REPRESENTATION_CONTEXT ( 'NONE', 'WORKASPACE' ) );
#335 = ORIENTED_EDGE ( 'NONE', *, *, #3500, .T. ) ;
#336 = EDGE_CURVE ( 'NONE', #7065, #1465, #4331, .T. ) ;
#337 = DIRECTION ( 'NONE',  ( 0.0000000000000000000, 1.000000000000000000, 0.0000000000000000000 ) ) ;
#338 = DIRECTION ( 'NONE',  ( -1.000000000000000000, 0.0000000000000000000, 0.0000000000000000000 ) ) ;
#339 =( LENGTH_UNIT ( ) NAMED_UNIT ( * ) SI_UNIT ( .MILLI., .METRE. ) );
#340 = DIRECTION ( 'NONE',  ( 0.7071067811865486800, 0.0000000000000000000, 0.7071067811865464600 ) ) ;
#341 = SURFACE_STYLE_USAGE ( .BOTH. , #4382 ) ;
#342 = DIRECTION ( 'NONE',  ( 0.0000000000000000000, 1.000000000000000000, 0.0000000000000000000 ) ) ;
#343 = FACE_OUTER_BOUND ( 'NONE', #5339, .T. ) ;
#344 = ORIENTED_EDGE ( 'NONE', *, *, #3045, .T. ) ;
#345 = COLOUR_RGB ( '',0.7960784313725489700, 0.8235294117647058400, 0.9372549019607843100 ) ;
#346 = ADVANCED_FACE ( 'NONE', ( #743 ), #799, .T. ) ;
#347 = MECHANICAL_DESIGN_GEOMETRIC_PRESENTATION_REPRESENTATION (  '', ( #7667 ), #810 ) ;
#348 = CARTESIAN_POINT ( 'NONE',  ( 2.140000000000001500, 0.0000000000000000000, 1.270000000000000000 ) ) ;
#349 = CARTESIAN_POINT ( 'NONE',  ( -2.540000000000000000, 1.700000000000000000, -5.983421052631579900 ) ) ;
#350 = PRESENTATION_LAYER_ASSIGNMENT (  '', '', ( #8093 ) ) ;
#351 = EDGE_LOOP ( 'NONE', ( #7914, #4508, #7529, #5687 ) ) ;
#352 = FACE_OUTER_BOUND ( 'NONE', #1163, .T. ) ;
#353 = DIRECTION ( 'NONE',  ( 0.0000000000000000000, 1.000000000000000000, 0.0000000000000000000 ) ) ;
#354 = DIRECTION ( 'NONE',  ( 1.000000000000000000, 0.0000000000000000000, 0.0000000000000000000 ) ) ;
#355 = VERTEX_POINT ( 'NONE', #4803 ) ;
#356 = PRESENTATION_STYLE_ASSIGNMENT (( #5968 ) ) ;
#357 = STYLED_ITEM ( 'NONE', ( #3114 ), #6242 ) ;
#358 = UNCERTAINTY_MEASURE_WITH_UNIT (LENGTH_MEASURE( 1.000000000000000100E-005 ), #3540, 'distance_accuracy_value', 'NONE');
#359 = EDGE_CURVE ( 'NONE', #8620, #3090, #1683, .T. ) ;
#360 = LINE ( 'NONE', #6960, #7239 ) ;
#361 = EDGE_CURVE ( 'NONE', #1841, #2162, #3472, .T. ) ;
#362 = DIRECTION ( 'NONE',  ( -1.000000000000000000, -0.0000000000000000000, -0.0000000000000000000 ) ) ;
#363 = SURFACE_STYLE_USAGE ( .BOTH. , #4404 ) ;
#364 = CARTESIAN_POINT ( 'NONE',  ( 0.9499999999999999600, -2.799999999999999400, -15.45999999999999900 ) ) ;
#365 = COLOUR_RGB ( '',0.7960784313725489700, 0.8235294117647058400, 0.9372549019607843100 ) ;
#366 = FACE_OUTER_BOUND ( 'NONE', #685, .T. ) ;
#367 = AXIS2_PLACEMENT_3D ( 'NONE', #5636, #1613, #6304 ) ;
#368 = SURFACE_SIDE_STYLE ('',( #4442 ) ) ;
#369 =( LENGTH_UNIT ( ) NAMED_UNIT ( * ) SI_UNIT ( .MILLI., .METRE. ) );
#370 = PRESENTATION_STYLE_ASSIGNMENT (( #4739 ) ) ;
#371 = ORIENTED_EDGE ( 'NONE', *, *, #6767, .T. ) ;
#372 = UNCERTAINTY_MEASURE_WITH_UNIT (LENGTH_MEASURE( 1.000000000000000100E-005 ), #3081, 'distance_accuracy_value', 'NONE');
#373 = FILL_AREA_STYLE_COLOUR ( '', #5258 ) ;
#374 = VECTOR ( 'NONE', #1074, 1000.000000000000000 ) ;
#375 = CARTESIAN_POINT ( 'NONE',  ( 0.9499999999999999600, -2.799999999999999400, -12.92000000000000200 ) ) ;
#376 = DIRECTION ( 'NONE',  ( -0.0000000000000000000, -0.0000000000000000000, -1.000000000000000000 ) ) ;
#377 = VERTEX_POINT ( 'NONE', #3524 ) ;
#378 = PRESENTATION_LAYER_ASSIGNMENT (  '', '', ( #8123 ) ) ;
#379 = ORIENTED_EDGE ( 'NONE', *, *, #8131, .T. ) ;
#380 = CARTESIAN_POINT ( 'NONE',  ( 0.9499999999999999600, -2.799999999999999400, -5.299999999999999800 ) ) ;
#381 = PLANE ( 'NONE',  #7933 ) ;
#382 = PLANE ( 'NONE',  #1308 ) ;
#383 = AXIS2_PLACEMENT_3D ( 'NONE', #1471, #6167, #2128 ) ;
#384 = DIRECTION ( 'NONE',  ( -1.000000000000000000, -0.0000000000000000000, -1.232047923278982200E-016 ) ) ;
#385 = ORIENTED_EDGE ( 'NONE', *, *, #8395, .F. ) ;
#386 = ORIENTED_EDGE ( 'NONE', *, *, #7179, .F. ) ;
#387 = EDGE_CURVE ( 'NONE', #3470, #8404, #8543, .T. ) ;
#388 = VECTOR ( 'NONE', #3615, 1000.000000000000100 ) ;
#389 = EDGE_CURVE ( 'NONE', #7895, #3674, #3264, .T. ) ;
#390 = VERTEX_POINT ( 'NONE', #864 ) ;
#391 =( NAMED_UNIT ( * ) SI_UNIT ( $, .STERADIAN. ) SOLID_ANGLE_UNIT ( ) );
#392 = DIRECTION ( 'NONE',  ( 1.000000000000000000, 0.0000000000000000000, 1.232047923278982000E-016 ) ) ;
#393 = ADVANCED_FACE ( 'NONE', ( #3054 ), #6212, .F. ) ;
#394 = VERTEX_POINT ( 'NONE', #4241 ) ;
#395 = EDGE_LOOP ( 'NONE', ( #234, #1085, #8644, #3014 ) ) ;
#396 = LINE ( 'NONE', #2036, #2165 ) ;
#397 = SURFACE_SIDE_STYLE ('',( #861 ) ) ;
#398 = CARTESIAN_POINT ( 'NONE',  ( 1.050000000000000000, 11.70000000000000100, -2.220000000000000200 ) ) ;
#399 = CARTESIAN_POINT ( 'NONE',  ( 2.140000000000000100, 1.700000000000000000, -3.810000000000000100 ) ) ;
#400 = COLOUR_RGB ( '',0.7960784313725489700, 0.8235294117647058400, 0.9372549019607843100 ) ;
#401 = VERTEX_POINT ( 'NONE', #1546 ) ;
#402 = VECTOR ( 'NONE', #6707, 1000.000000000000000 ) ;
#403 = CARTESIAN_POINT ( 'NONE',  ( 1.490000000000000000, -2.799999999999999400, -10.48000000000000200 ) ) ;
#404 = CARTESIAN_POINT ( 'NONE',  ( 1.050000000000000000, -2.799999999999999400, -7.299999999999999800 ) ) ;
#405 = DIRECTION ( 'NONE',  ( 1.000000000000000000, 0.0000000000000000000, 0.0000000000000000000 ) ) ;
#406 =( GEOMETRIC_REPRESENTATION_CONTEXT ( 3 ) GLOBAL_UNCERTAINTY_ASSIGNED_CONTEXT ( ( #2573 ) ) GLOBAL_UNIT_ASSIGNED_CONTEXT ( ( #1966, #6642, #2657 ) ) REPRESENTATION_CONTEXT ( 'NONE', 'WORKASPACE' ) );
#407 = ORIENTED_EDGE ( 'NONE', *, *, #1072, .T. ) ;
#408 = PRESENTATION_LAYER_ASSIGNMENT (  '', '', ( #2637 ) ) ;
#409 =( LENGTH_UNIT ( ) NAMED_UNIT ( * ) SI_UNIT ( .MILLI., .METRE. ) );
#410 = UNCERTAINTY_MEASURE_WITH_UNIT (LENGTH_MEASURE( 1.000000000000000100E-005 ), #5338, 'distance_accuracy_value', 'NONE');
#411 = COLOUR_RGB ( '',0.0000000000000000000, 0.003921568627450980300, 0.09019607843137254800 ) ;
#412 = VERTEX_POINT ( 'NONE', #2208 ) ;
#413 = FILL_AREA_STYLE ('',( #8389 ) ) ;
#414 = CARTESIAN_POINT ( 'NONE',  ( -1.590000000000000300, -2.799999999999999400, -12.92000000000000200 ) ) ;
#415 = VECTOR ( 'NONE', #4433, 1000.000000000000000 ) ;
#416 = VECTOR ( 'NONE', #4823, 1000.000000000000000 ) ;
#417 = EDGE_LOOP ( 'NONE', ( #2217, #2598, #207, #8308 ) ) ;
#418 = PRESENTATION_STYLE_ASSIGNMENT (( #7240 ) ) ;
#419 =( NAMED_UNIT ( * ) SI_UNIT ( $, .STERADIAN. ) SOLID_ANGLE_UNIT ( ) );
#420 = EDGE_LOOP ( 'NONE', ( #8165, #6322, #2508, #7126 ) ) ;
#421 = VECTOR ( 'NONE', #4228, 1000.000000000000100 ) ;
#422 = ORIENTED_EDGE ( 'NONE', *, *, #1498, .F. ) ;
#423 = SURFACE_STYLE_USAGE ( .BOTH. , #1087 ) ;
#424 = UNCERTAINTY_MEASURE_WITH_UNIT (LENGTH_MEASURE( 1.000000000000000100E-005 ), #339, 'distance_accuracy_value', 'NONE');
#425 = CARTESIAN_POINT ( 'NONE',  ( 0.9499999999999999600, 11.70000000000000100, -15.02000000000000000 ) ) ;
#426 = AXIS2_PLACEMENT_3D ( 'NONE', #2360, #7028, #3034 ) ;
#427 = PRESENTATION_STYLE_ASSIGNMENT (( #4747 ) ) ;
#428 = CARTESIAN_POINT ( 'NONE',  ( 0.9499999999999999600, 11.70000000000000100, -2.760000000000000200 ) ) ;
#429 = DIRECTION ( 'NONE',  ( 0.0000000000000000000, 0.0000000000000000000, 1.000000000000000000 ) ) ;
#430 = CARTESIAN_POINT ( 'NONE',  ( -2.140000000000000600, 1.700000000000000000, -16.51000000000000200 ) ) ;
#431 = EDGE_CURVE ( 'NONE', #1944, #6625, #5986, .T. ) ;
#432 =( NAMED_UNIT ( * ) SI_UNIT ( $, .STERADIAN. ) SOLID_ANGLE_UNIT ( ) );
#433 = DIRECTION ( 'NONE',  ( 0.0000000000000000000, 1.000000000000000000, 0.0000000000000000000 ) ) ;
#434 = MECHANICAL_DESIGN_GEOMETRIC_PRESENTATION_REPRESENTATION (  '', ( #8171 ), #900 ) ;
#435 = ORIENTED_EDGE ( 'NONE', *, *, #4555, .F. ) ;
#436 = ADVANCED_FACE ( 'NONE', ( #2421 ), #8193, .T. ) ;
#437 = FILL_AREA_STYLE_COLOUR ( '', #411 ) ;
#438 = EDGE_CURVE ( 'NONE', #7895, #7852, #6901, .T. ) ;
#439 = LINE ( 'NONE', #4719, #1589 ) ;
#440 = SURFACE_STYLE_USAGE ( .BOTH. , #4481 ) ;
#441 = FILL_AREA_STYLE_COLOUR ( '', #5807 ) ;
#442 = PRESENTATION_STYLE_ASSIGNMENT (( #7613 ) ) ;
#443 = VERTEX_POINT ( 'NONE', #8233 ) ;
#444 = PRESENTATION_LAYER_ASSIGNMENT (  '', '', ( #8638 ) ) ;
#445 = DIRECTION ( 'NONE',  ( -0.0000000000000000000, -0.0000000000000000000, -1.000000000000000000 ) ) ;
#446 = EDGE_CURVE ( 'NONE', #2190, #453, #3363, .T. ) ;
#447 = COLOUR_RGB ( '',0.0000000000000000000, 0.003921568627450980300, 0.09019607843137254800 ) ;
#448 = VERTEX_POINT ( 'NONE', #4951 ) ;
#449 = ORIENTED_EDGE ( 'NONE', *, *, #6526, .T. ) ;
#450 = DIRECTION ( 'NONE',  ( -0.7071067811865477900, 0.0000000000000000000, -0.7071067811865473500 ) ) ;
#451 = CARTESIAN_POINT ( 'NONE',  ( 1.590000000000000100, -2.799999999999999400, -4.860000000000000300 ) ) ;
#452 = AXIS2_PLACEMENT_3D ( 'NONE', #5497, #1468, #6160 ) ;
#453 = VERTEX_POINT ( 'NONE', #949 ) ;
#454 =( LENGTH_UNIT ( ) NAMED_UNIT ( * ) SI_UNIT ( .MILLI., .METRE. ) );
#455 = ORIENTED_EDGE ( 'NONE', *, *, #5210, .F. ) ;
#456 = DIRECTION ( 'NONE',  ( -0.7071067811865482400, 0.0000000000000000000, -0.7071067811865469100 ) ) ;
#457 = PLANE ( 'NONE',  #2562 ) ;
#458 = PLANE ( 'NONE',  #5588 ) ;
#459 = PLANE ( 'NONE',  #4626 ) ;
#460 = DIRECTION ( 'NONE',  ( 1.232047923278982000E-016, 0.0000000000000000000, -1.000000000000000000 ) ) ;
#461 = UNCERTAINTY_MEASURE_WITH_UNIT (LENGTH_MEASURE( 1.000000000000000100E-005 ), #3692, 'distance_accuracy_value', 'NONE');
#462 = SURFACE_STYLE_FILL_AREA ( #7371 ) ;
#463 = LINE ( 'NONE', #5419, #3838 ) ;
#464 = PRESENTATION_LAYER_ASSIGNMENT (  '', '', ( #8210 ) ) ;
#465 = ORIENTED_EDGE ( 'NONE', *, *, #7205, .F. ) ;
#466 = ORIENTED_EDGE ( 'NONE', *, *, #822, .T. ) ;
#467 = FACE_OUTER_BOUND ( 'NONE', #489, .T. ) ;
#468 = CARTESIAN_POINT ( 'NONE',  ( -0.9499999999999999600, 11.70000000000000100, -9.940000000000001300 ) ) ;
#469 = DIRECTION ( 'NONE',  ( -0.0000000000000000000, -1.000000000000000000, -0.0000000000000000000 ) ) ;
#470 = CARTESIAN_POINT ( 'NONE',  ( -1.590000000000000300, 11.70000000000000100, -15.02000000000000000 ) ) ;
#471 = AXIS2_PLACEMENT_3D ( 'NONE', #8555, #4613, #592 ) ;
#472 =( GEOMETRIC_REPRESENTATION_CONTEXT ( 3 ) GLOBAL_UNCERTAINTY_ASSIGNED_CONTEXT ( ( #4434 ) ) GLOBAL_UNIT_ASSIGNED_CONTEXT ( ( #5886, #1865, #6539 ) ) REPRESENTATION_CONTEXT ( 'NONE', 'WORKASPACE' ) );
#473 = CARTESIAN_POINT ( 'NONE',  ( -2.540000000000000000, 1.700000000000000000, -8.523421052631579900 ) ) ;
#474 = PRESENTATION_STYLE_ASSIGNMENT (( #3489 ) ) ;
#475 = VERTEX_POINT ( 'NONE', #6295 ) ;
#476 = MECHANICAL_DESIGN_GEOMETRIC_PRESENTATION_REPRESENTATION (  '', ( #7788 ), #941 ) ;
#477 = EDGE_LOOP ( 'NONE', ( #1636, #4189, #3711, #6841 ) ) ;
#478 = EDGE_CURVE ( 'NONE', #3024, #3979, #8642, .T. ) ;
#479 = LINE ( 'NONE', #2017, #4060 ) ;
#480 = CARTESIAN_POINT ( 'NONE',  ( -2.539999999999999600, 1.700000000000000000, -1.703421052631578900 ) ) ;
#481 = ADVANCED_FACE ( 'NONE', ( #5160 ), #8260, .T. ) ;
#482 = VECTOR ( 'NONE', #612, 1000.000000000000000 ) ;
#483 = EDGE_LOOP ( 'NONE', ( #5046, #7358, #1539, #1218 ) ) ;
#484 = UNCERTAINTY_MEASURE_WITH_UNIT (LENGTH_MEASURE( 1.000000000000000100E-005 ), #8222, 'distance_accuracy_value', 'NONE');
#485 = CARTESIAN_POINT ( 'NONE',  ( 1.050000000000000000, 11.70000000000000100, -13.02000000000000100 ) ) ;
#486 =( GEOMETRIC_REPRESENTATION_CONTEXT ( 3 ) GLOBAL_UNCERTAINTY_ASSIGNED_CONTEXT ( ( #6386 ) ) GLOBAL_UNIT_ASSIGNED_CONTEXT ( ( #6273, #2245, #6929 ) ) REPRESENTATION_CONTEXT ( 'NONE', 'WORKASPACE' ) );
#487 = DIRECTION ( 'NONE',  ( -0.7071067811865489100, -0.0000000000000000000, -0.7071067811865461300 ) ) ;
#488 = CARTESIAN_POINT ( 'NONE',  ( 2.540000000000000900, 0.0000000000000000000, -11.83000000000000200 ) ) ;
#489 = EDGE_LOOP ( 'NONE', ( #1679, #7007, #6258, #7374 ) ) ;
#490 = DIRECTION ( 'NONE',  ( 0.0000000000000000000, 1.000000000000000000, 0.0000000000000000000 ) ) ;
#491 = CARTESIAN_POINT ( 'NONE',  ( 1.590000000000000100, 11.70000000000000100, -12.48000000000000200 ) ) ;
#492 =( NAMED_UNIT ( * ) PLANE_ANGLE_UNIT ( ) SI_UNIT ( $, .RADIAN. ) );
#493 = FACE_OUTER_BOUND ( 'NONE', #8071, .T. ) ;
#494 = PRESENTATION_LAYER_ASSIGNMENT (  '', '', ( #8240 ) ) ;
#495 = LINE ( 'NONE', #3911, #275 ) ;
#496 = ORIENTED_EDGE ( 'NONE', *, *, #567, .T. ) ;
#497 = CARTESIAN_POINT ( 'NONE',  ( -1.490000000000000000, 11.70000000000000100, -10.48000000000000200 ) ) ;
#498 = SURFACE_STYLE_FILL_AREA ( #2175 ) ;
#499 = EDGE_LOOP ( 'NONE', ( #1184, #8432, #2179, #860 ) ) ;
#500 = FACE_OUTER_BOUND ( 'NONE', #8451, .T. ) ;
#501 = ORIENTED_EDGE ( 'NONE', *, *, #3494, .T. ) ;
#502 =( NAMED_UNIT ( * ) SI_UNIT ( $, .STERADIAN. ) SOLID_ANGLE_UNIT ( ) );
#503 = DIRECTION ( 'NONE',  ( -0.0000000000000000000, -0.0000000000000000000, 1.000000000000000000 ) ) ;
#504 = LINE ( 'NONE', #7457, #4083 ) ;
#505 = EDGE_CURVE ( 'NONE', #6363, #1760, #7813, .T. ) ;
#506 = PRESENTATION_STYLE_ASSIGNMENT (( #1704 ) ) ;
#507 = VERTEX_POINT ( 'NONE', #4354 ) ;
#508 = FACE_OUTER_BOUND ( 'NONE', #3256, .T. ) ;
#509 = ORIENTED_EDGE ( 'NONE', *, *, #7458, .T. ) ;
#510 = VERTEX_POINT ( 'NONE', #317 ) ;
#511 = SURFACE_STYLE_FILL_AREA ( #5336 ) ;
#512 = MECHANICAL_DESIGN_GEOMETRIC_PRESENTATION_REPRESENTATION (  '', ( #7817 ), #973 ) ;
#513 = EDGE_CURVE ( 'NONE', #6564, #83, #4326, .T. ) ;
#514 = DIRECTION ( 'NONE',  ( 0.0000000000000000000, -1.000000000000000000, 0.0000000000000000000 ) ) ;
#515 = FACE_OUTER_BOUND ( 'NONE', #2619, .T. ) ;
#516 = ORIENTED_EDGE ( 'NONE', *, *, #1072, .F. ) ;
#517 =( NAMED_UNIT ( * ) SI_UNIT ( $, .STERADIAN. ) SOLID_ANGLE_UNIT ( ) );
#518 =( LENGTH_UNIT ( ) NAMED_UNIT ( * ) SI_UNIT ( .MILLI., .METRE. ) );
#519 = VECTOR ( 'NONE', #1815, 1000.000000000000000 ) ;
#520 = COLOUR_RGB ( '',0.7960784313725489700, 0.8235294117647058400, 0.9372549019607843100 ) ;
#521 = DIRECTION ( 'NONE',  ( 2.492418787322998300E-016, 0.0000000000000000000, 1.000000000000000000 ) ) ;
#522 = PRESENTATION_STYLE_ASSIGNMENT (( #7321 ) ) ;
#523 =( LENGTH_UNIT ( ) NAMED_UNIT ( * ) SI_UNIT ( .MILLI., .METRE. ) );
#524 =( LENGTH_UNIT ( ) NAMED_UNIT ( * ) SI_UNIT ( .MILLI., .METRE. ) );
#525 = PRESENTATION_LAYER_ASSIGNMENT (  '', '', ( #8265 ) ) ;
#526 = SURFACE_SIDE_STYLE ('',( #5614 ) ) ;
#527 = FILL_AREA_STYLE ('',( #7162 ) ) ;
#528 = VERTEX_POINT ( 'NONE', #5683 ) ;
#529 = MECHANICAL_DESIGN_GEOMETRIC_PRESENTATION_REPRESENTATION (  '', ( #7831 ), #987 ) ;
#530 = VECTOR ( 'NONE', #1588, 1000.000000000000000 ) ;
#531 = STYLED_ITEM ( 'NONE', ( #5660 ), #2554 ) ;
#532 = ORIENTED_EDGE ( 'NONE', *, *, #2302, .F. ) ;
#533 = LINE ( 'NONE', #6489, #4110 ) ;
#534 =( NAMED_UNIT ( * ) PLANE_ANGLE_UNIT ( ) SI_UNIT ( $, .RADIAN. ) );
#535 =( NAMED_UNIT ( * ) SI_UNIT ( $, .STERADIAN. ) SOLID_ANGLE_UNIT ( ) );
#536 = PRESENTATION_STYLE_ASSIGNMENT (( #2118 ) ) ;
#537 = SURFACE_STYLE_USAGE ( .BOTH. , #4552 ) ;
#538 = PRESENTATION_LAYER_ASSIGNMENT (  '', '', ( #8279 ) ) ;
#539 = DIRECTION ( 'NONE',  ( 1.000000000000000000, 0.0000000000000000000, 0.0000000000000000000 ) ) ;
#540 =( NAMED_UNIT ( * ) SI_UNIT ( $, .STERADIAN. ) SOLID_ANGLE_UNIT ( ) );
#541 = EDGE_CURVE ( 'NONE', #4068, #3154, #2514, .T. ) ;
#542 = UNCERTAINTY_MEASURE_WITH_UNIT (LENGTH_MEASURE( 1.000000000000000100E-005 ), #7948, 'distance_accuracy_value', 'NONE');
#543 = ADVANCED_FACE ( 'NONE', ( #5872 ), #3716, .T. ) ;
#544 = PRESENTATION_STYLE_ASSIGNMENT (( #176 ) ) ;
#545 =( NAMED_UNIT ( * ) SI_UNIT ( $, .STERADIAN. ) SOLID_ANGLE_UNIT ( ) );
#546 =( GEOMETRIC_REPRESENTATION_CONTEXT ( 3 ) GLOBAL_UNCERTAINTY_ASSIGNED_CONTEXT ( ( #4568 ) ) GLOBAL_UNIT_ASSIGNED_CONTEXT ( ( #3505, #8121, #4196 ) ) REPRESENTATION_CONTEXT ( 'NONE', 'WORKASPACE' ) );
#547 = FILL_AREA_STYLE ('',( #2559 ) ) ;
#548 = CARTESIAN_POINT ( 'NONE',  ( -1.050000000000000000, 11.70000000000000100, -13.02000000000000100 ) ) ;
#549 = SURFACE_STYLE_FILL_AREA ( #1332 ) ;
#550 = VECTOR ( 'NONE', #7110, 1000.000000000000000 ) ;
#551 =( NAMED_UNIT ( * ) PLANE_ANGLE_UNIT ( ) SI_UNIT ( $, .RADIAN. ) );
#552 =( LENGTH_UNIT ( ) NAMED_UNIT ( * ) SI_UNIT ( .MILLI., .METRE. ) );
#553 = CARTESIAN_POINT ( 'NONE',  ( 0.9499999999999999600, 11.70000000000000100, 0.2200000000000000600 ) ) ;
#554 =( GEOMETRIC_REPRESENTATION_CONTEXT ( 3 ) GLOBAL_UNCERTAINTY_ASSIGNED_CONTEXT ( ( #3612 ) ) GLOBAL_UNIT_ASSIGNED_CONTEXT ( ( #157, #4850, #853 ) ) REPRESENTATION_CONTEXT ( 'NONE', 'WORKASPACE' ) );
#555 = STYLED_ITEM ( 'NONE', ( #6107 ), #173 ) ;
#556 = PLANE ( 'NONE',  #2260 ) ;
#557 = DIRECTION ( 'NONE',  ( 0.0000000000000000000, 0.0000000000000000000, 1.000000000000000000 ) ) ;
#558 = LINE ( 'NONE', #4581, #2331 ) ;
#559 = STYLED_ITEM ( 'NONE', ( #4835 ), #2054 ) ;
#560 = VECTOR ( 'NONE', #8125, 999.9999999999998900 ) ;
#561 = ORIENTED_EDGE ( 'NONE', *, *, #6968, .F. ) ;
#562 = FILL_AREA_STYLE_COLOUR ( '', #7164 ) ;
#563 = DIRECTION ( 'NONE',  ( 0.7071067811865486800, 0.0000000000000000000, -0.7071067811865463500 ) ) ;
#564 = PRESENTATION_STYLE_ASSIGNMENT (( #7672 ) ) ;
#565 = DIRECTION ( 'NONE',  ( -1.000000000000000000, 0.0000000000000000000, 0.0000000000000000000 ) ) ;
#566 = FILL_AREA_STYLE_COLOUR ( '', #7902 ) ;
#567 = EDGE_CURVE ( 'NONE', #7733, #3887, #3465, .T. ) ;
#568 = EDGE_LOOP ( 'NONE', ( #3811, #709, #8168, #344 ) ) ;
#569 = ORIENTED_EDGE ( 'NONE', *, *, #737, .T. ) ;
#570 = FACE_OUTER_BOUND ( 'NONE', #4084, .T. ) ;
#571 = UNCERTAINTY_MEASURE_WITH_UNIT (LENGTH_MEASURE( 1.000000000000000100E-005 ), #3431, 'distance_accuracy_value', 'NONE');
#572 = FACE_OUTER_BOUND ( 'NONE', #8502, .T. ) ;
#573 = ORIENTED_EDGE ( 'NONE', *, *, #4346, .F. ) ;
#574 = CARTESIAN_POINT ( 'NONE',  ( 1.050000000000000000, -2.799999999999999400, -2.220000000000000200 ) ) ;
#575 = VERTEX_POINT ( 'NONE', #4418 ) ;
#576 = LINE ( 'NONE', #2591, #3939 ) ;
#577 =( NAMED_UNIT ( * ) SI_UNIT ( $, .STERADIAN. ) SOLID_ANGLE_UNIT ( ) );
#578 =( NAMED_UNIT ( * ) PLANE_ANGLE_UNIT ( ) SI_UNIT ( $, .RADIAN. ) );
#579 =( GEOMETRIC_REPRESENTATION_CONTEXT ( 3 ) GLOBAL_UNCERTAINTY_ASSIGNED_CONTEXT ( ( #1330 ) ) GLOBAL_UNIT_ASSIGNED_CONTEXT ( ( #6493, #2488, #7133 ) ) REPRESENTATION_CONTEXT ( 'NONE', 'WORKASPACE' ) );
#580 = FILL_AREA_STYLE_COLOUR ( '', #7996 ) ;
#581 = VECTOR ( 'NONE', #991, 1000.000000000000000 ) ;
#582 = CARTESIAN_POINT ( 'NONE',  ( -2.540000000000000000, 1.700000000000000000, -5.983421052631579900 ) ) ;
#583 = PLANE ( 'NONE',  #3769 ) ;
#584 = ORIENTED_EDGE ( 'NONE', *, *, #8051, .F. ) ;
#585 = CARTESIAN_POINT ( 'NONE',  ( 2.540000000000000900, 1.700000000000000000, -1.670000000000000400 ) ) ;
#586 = LINE ( 'NONE', #3632, #2135 ) ;
#587 = SURFACE_SIDE_STYLE ('',( #4489 ) ) ;
#588 = ADVANCED_FACE ( 'NONE', ( #1675 ), #7012, .T. ) ;
#589 =( GEOMETRIC_REPRESENTATION_CONTEXT ( 3 ) GLOBAL_UNCERTAINTY_ASSIGNED_CONTEXT ( ( #7941 ) ) GLOBAL_UNIT_ASSIGNED_CONTEXT ( ( #7318, #3362, #7974 ) ) REPRESENTATION_CONTEXT ( 'NONE', 'WORKASPACE' ) );
#590 = ORIENTED_EDGE ( 'NONE', *, *, #4875, .T. ) ;
#591 = CARTESIAN_POINT ( 'NONE',  ( -0.9499999999999999600, -2.799999999999999400, -7.839999999999999900 ) ) ;
#592 = DIRECTION ( 'NONE',  ( 0.7071067811865474600, 0.0000000000000000000, 0.7071067811865474600 ) ) ;
#593 = CARTESIAN_POINT ( 'NONE',  ( -1.050000000000000000, -2.799999999999999400, -12.38000000000000300 ) ) ;
#594 = ORIENTED_EDGE ( 'NONE', *, *, #513, .F. ) ;
#595 = CARTESIAN_POINT ( 'NONE',  ( -2.019999999999999600, 0.2999999999999999900, -16.51000000000000200 ) ) ;
#596 = MECHANICAL_DESIGN_GEOMETRIC_PRESENTATION_REPRESENTATION (  '', ( #7889 ), #1058 ) ;
#597 = ORIENTED_EDGE ( 'NONE', *, *, #4976, .F. ) ;
#598 = STYLED_ITEM ( 'NONE', ( #2875 ), #6796 ) ;
#599 = ORIENTED_EDGE ( 'NONE', *, *, #5186, .F. ) ;
#600 = FACE_OUTER_BOUND ( 'NONE', #3139, .T. ) ;
#601 = ORIENTED_EDGE ( 'NONE', *, *, #8045, .F. ) ;
#602 = CARTESIAN_POINT ( 'NONE',  ( 1.490000000000000000, -2.799999999999999400, -7.299999999999999800 ) ) ;
#603 = SURFACE_SIDE_STYLE ('',( #4385 ) ) ;
#604 = EDGE_CURVE ( 'NONE', #6973, #8462, #1064, .T. ) ;
#605 = ORIENTED_EDGE ( 'NONE', *, *, #8107, .F. ) ;
#606 =( GEOMETRIC_REPRESENTATION_CONTEXT ( 3 ) GLOBAL_UNCERTAINTY_ASSIGNED_CONTEXT ( ( #4035 ) ) GLOBAL_UNIT_ASSIGNED_CONTEXT ( ( #1942, #6617, #2629 ) ) REPRESENTATION_CONTEXT ( 'NONE', 'WORKASPACE' ) );
#607 = FILL_AREA_STYLE_COLOUR ( '', #5654 ) ;
#608 = DIRECTION ( 'NONE',  ( -0.0000000000000000000, 1.000000000000000000, 0.0000000000000000000 ) ) ;
#609 = FILL_AREA_STYLE_COLOUR ( '', #8468 ) ;
#610 = ORIENTED_EDGE ( 'NONE', *, *, #5572, .T. ) ;
#611 = FILL_AREA_STYLE_COLOUR ( '', #2565 ) ;
#612 = DIRECTION ( 'NONE',  ( -0.0000000000000000000, 1.000000000000000000, -0.0000000000000000000 ) ) ;
#613 = LINE ( 'NONE', #49, #5751 ) ;
#614 = ORIENTED_EDGE ( 'NONE', *, *, #8045, .T. ) ;
#615 = FACE_OUTER_BOUND ( 'NONE', #5609, .T. ) ;
#616 = VERTEX_POINT ( 'NONE', #4448 ) ;
#617 = CARTESIAN_POINT ( 'NONE',  ( 2.540000000000000900, 1.700000000000000000, -5.950000000000001100 ) ) ;
#618 = UNCERTAINTY_MEASURE_WITH_UNIT (LENGTH_MEASURE( 1.000000000000000100E-005 ), #3375, 'distance_accuracy_value', 'NONE');
#619 = VECTOR ( 'NONE', #644, 1000.000000000000000 ) ;
#620 = VERTEX_POINT ( 'NONE', #399 ) ;
#621 = PLANE ( 'NONE',  #3169 ) ;
#622 = SURFACE_SIDE_STYLE ('',( #6607 ) ) ;
#623 = SURFACE_STYLE_FILL_AREA ( #7005 ) ;
#624 = ORIENTED_EDGE ( 'NONE', *, *, #7395, .T. ) ;
#625 = ADVANCED_FACE ( 'NONE', ( #6186 ), #1188, .T. ) ;
#626 = LINE ( 'NONE', #3804, #4216 ) ;
#627 = ORIENTED_EDGE ( 'NONE', *, *, #5297, .F. ) ;
#628 = LINE ( 'NONE', #5033, #5771 ) ;
#629 = DIRECTION ( 'NONE',  ( 0.0000000000000000000, 0.0000000000000000000, 1.000000000000000000 ) ) ;
#630 = STYLED_ITEM ( 'NONE', ( #6377 ), #803 ) ;
#631 = EDGE_CURVE ( 'NONE', #3575, #3956, #3787, .T. ) ;
#632 = CARTESIAN_POINT ( 'NONE',  ( 0.0000000000000000000, 11.70000000000000100, -2.540000000000000000 ) ) ;
#633 = LINE ( 'NONE', #582, #4002 ) ;
#634 = FILL_AREA_STYLE ('',( #1962 ) ) ;
#635 = SURFACE_SIDE_STYLE ('',( #3532 ) ) ;
#636 = SURFACE_STYLE_FILL_AREA ( #4274 ) ;
#637 = UNCERTAINTY_MEASURE_WITH_UNIT (LENGTH_MEASURE( 1.000000000000000100E-005 ), #7980, 'distance_accuracy_value', 'NONE');
#638 = ORIENTED_EDGE ( 'NONE', *, *, #5902, .T. ) ;
#639 = SURFACE_STYLE_USAGE ( .BOTH. , #4653 ) ;
#640 = STYLED_ITEM ( 'NONE', ( #212 ), #8345 ) ;
#641 = CARTESIAN_POINT ( 'NONE',  ( -2.539999999999999600, 1.700000000000000000, -6.783421052631577900 ) ) ;
#642 = SURFACE_SIDE_STYLE ('',( #56 ) ) ;
#643 =( GEOMETRIC_REPRESENTATION_CONTEXT ( 3 ) GLOBAL_UNCERTAINTY_ASSIGNED_CONTEXT ( ( #5310 ) ) GLOBAL_UNIT_ASSIGNED_CONTEXT ( ( #5154, #1134, #5815 ) ) REPRESENTATION_CONTEXT ( 'NONE', 'WORKASPACE' ) );
#644 = DIRECTION ( 'NONE',  ( -0.0000000000000000000, -1.000000000000000000, -0.0000000000000000000 ) ) ;
#645 = UNCERTAINTY_MEASURE_WITH_UNIT (LENGTH_MEASURE( 1.000000000000000100E-005 ), #4264, 'distance_accuracy_value', 'NONE');
#646 = FACE_OUTER_BOUND ( 'NONE', #7459, .T. ) ;
#647 = PRESENTATION_LAYER_ASSIGNMENT (  '', '', ( #8394 ) ) ;
#648 = CARTESIAN_POINT ( 'NONE',  ( 0.9499999999999999600, -2.799999999999999400, -9.940000000000001300 ) ) ;
#649 = SURFACE_STYLE_FILL_AREA ( #2734 ) ;
#650 = EDGE_CURVE ( 'NONE', #5983, #528, #5553, .T. ) ;
#651 = SURFACE_STYLE_FILL_AREA ( #7127 ) ;
#652 = EDGE_CURVE ( 'NONE', #8591, #1149, #197, .T. ) ;
#653 = COLOUR_RGB ( '',0.7960784313725489700, 0.8235294117647058400, 0.9372549019607843100 ) ;
#654 = FILL_AREA_STYLE_COLOUR ( '', #327 ) ;
#655 = SURFACE_STYLE_FILL_AREA ( #6965 ) ;
#656 = ORIENTED_EDGE ( 'NONE', *, *, #5469, .T. ) ;
#657 =( NAMED_UNIT ( * ) PLANE_ANGLE_UNIT ( ) SI_UNIT ( $, .RADIAN. ) );
#658 = MECHANICAL_DESIGN_GEOMETRIC_PRESENTATION_REPRESENTATION (  '', ( #7945 ), #1122 ) ;
#659 = DIRECTION ( 'NONE',  ( -0.0000000000000000000, -1.000000000000000000, -0.0000000000000000000 ) ) ;
#660 = SURFACE_STYLE_FILL_AREA ( #1135 ) ;
#661 = LINE ( 'NONE', #3417, #2216 ) ;
#662 = CARTESIAN_POINT ( 'NONE',  ( 0.9499999999999999600, -2.799999999999999400, -12.48000000000000200 ) ) ;
#663 = SURFACE_STYLE_FILL_AREA ( #4899 ) ;
#664 = AXIS2_PLACEMENT_3D ( 'NONE', #7769, #3817, #8429 ) ;
#665 =( NAMED_UNIT ( * ) PLANE_ANGLE_UNIT ( ) SI_UNIT ( $, .RADIAN. ) );
#666 = DIRECTION ( 'NONE',  ( 0.0000000000000000000, 1.000000000000000000, 0.0000000000000000000 ) ) ;
#667 = ADVANCED_FACE ( 'NONE', ( #1970 ), #1876, .T. ) ;
#668 = FACE_OUTER_BOUND ( 'NONE', #739, .T. ) ;
#669 = ORIENTED_EDGE ( 'NONE', *, *, #2617, .F. ) ;
#670 = VECTOR ( 'NONE', #7851, 1000.000000000000000 ) ;
#671 = VECTOR ( 'NONE', #6, 1000.000000000000100 ) ;
#672 = EDGE_CURVE ( 'NONE', #355, #830, #1166, .T. ) ;
#673 = CARTESIAN_POINT ( 'NONE',  ( -1.490000000000000000, -2.799999999999999400, -15.56000000000000000 ) ) ;
#674 = SURFACE_SIDE_STYLE ('',( #7311 ) ) ;
#675 = CARTESIAN_POINT ( 'NONE',  ( -0.9499999999999999600, -2.799999999999999400, -12.48000000000000200 ) ) ;
#676 = EDGE_CURVE ( 'NONE', #2226, #6135, #2932, .T. ) ;
#677 = EDGE_CURVE ( 'NONE', #7515, #741, #6278, .T. ) ;
#678 = PRESENTATION_STYLE_ASSIGNMENT (( #5675 ) ) ;
#679 = ORIENTED_EDGE ( 'NONE', *, *, #3973, .F. ) ;
#680 = VERTEX_POINT ( 'NONE', #595 ) ;
#681 = LINE ( 'NONE', #3731, #2238 ) ;
#682 = CARTESIAN_POINT ( 'NONE',  ( 1.590000000000000100, 11.70000000000000100, -15.45999999999999900 ) ) ;
#683 = FILL_AREA_STYLE ('',( #4 ) ) ;
#684 = FACE_OUTER_BOUND ( 'NONE', #4684, .T. ) ;
#685 = EDGE_LOOP ( 'NONE', ( #5098, #6374, #5607, #7304 ) ) ;
#686 = FILL_AREA_STYLE_COLOUR ( '', #7549 ) ;
#687 = AXIS2_PLACEMENT_3D ( 'NONE', #3941, #8556, #4614 ) ;
#688 = DIRECTION ( 'NONE',  ( 0.0000000000000000000, 0.0000000000000000000, -1.000000000000000000 ) ) ;
#689 = PRESENTATION_LAYER_ASSIGNMENT (  '', '', ( #8439 ) ) ;
#690 =( GEOMETRIC_REPRESENTATION_CONTEXT ( 3 ) GLOBAL_UNCERTAINTY_ASSIGNED_CONTEXT ( ( #5792 ) ) GLOBAL_UNIT_ASSIGNED_CONTEXT ( ( #3061, #7706, #3748 ) ) REPRESENTATION_CONTEXT ( 'NONE', 'WORKASPACE' ) );
#691 = SURFACE_SIDE_STYLE ('',( #5962 ) ) ;
#692 = CARTESIAN_POINT ( 'NONE',  ( -1.050000000000000000, 11.70000000000000100, -7.299999999999999800 ) ) ;
#693 = CARTESIAN_POINT ( 'NONE',  ( -2.540000000000000000, 1.700000000000000000, -16.14342105263157700 ) ) ;
#694 = UNCERTAINTY_MEASURE_WITH_UNIT (LENGTH_MEASURE( 1.000000000000000100E-005 ), #4783, 'distance_accuracy_value', 'NONE');
#695 = FILL_AREA_STYLE_COLOUR ( '', #6233 ) ;
#696 = CARTESIAN_POINT ( 'NONE',  ( -1.050000000000000000, -2.799999999999999400, 0.3199999999999999000 ) ) ;
#697 = VERTEX_POINT ( 'NONE', #4616 ) ;
#698 = DIRECTION ( 'NONE',  ( 0.0000000000000000000, 1.000000000000000000, 0.0000000000000000000 ) ) ;
#699 =( GEOMETRIC_REPRESENTATION_CONTEXT ( 3 ) GLOBAL_UNCERTAINTY_ASSIGNED_CONTEXT ( ( #6229 ) ) GLOBAL_UNIT_ASSIGNED_CONTEXT ( ( #1654, #6339, #2327 ) ) REPRESENTATION_CONTEXT ( 'NONE', 'WORKASPACE' ) );
#700 = AXIS2_PLACEMENT_3D ( 'NONE', #1645, #6332, #2320 ) ;
#701 = PRESENTATION_STYLE_ASSIGNMENT (( #4539 ) ) ;
#702 = ORIENTED_EDGE ( 'NONE', *, *, #2173, .F. ) ;
#703 = PRESENTATION_STYLE_ASSIGNMENT (( #5619 ) ) ;
#704 = FILL_AREA_STYLE ('',( #7331 ) ) ;
#705 = CARTESIAN_POINT ( 'NONE',  ( -0.9499999999999999600, -2.799999999999999400, -2.760000000000000200 ) ) ;
#706 = LINE ( 'NONE', #4153, #2261 ) ;
#707 = DIRECTION ( 'NONE',  ( 1.000000000000000000, 0.0000000000000000000, -2.492418787322998300E-016 ) ) ;
#708 = MECHANICAL_DESIGN_GEOMETRIC_PRESENTATION_REPRESENTATION (  '', ( #7997 ), #1179 ) ;
#709 = ORIENTED_EDGE ( 'NONE', *, *, #6232, .F. ) ;
#710 = LINE ( 'NONE', #164, #4077 ) ;
#711 = ORIENTED_EDGE ( 'NONE', *, *, #389, .F. ) ;
#712 = ADVANCED_FACE ( 'NONE', ( #7998 ), #1272, .F. ) ;
#713 = ORIENTED_EDGE ( 'NONE', *, *, #1574, .T. ) ;
#714 = PRESENTATION_STYLE_ASSIGNMENT (( #6790 ) ) ;
#715 = DIRECTION ( 'NONE',  ( 0.0000000000000000000, -1.000000000000000000, 0.0000000000000000000 ) ) ;
#716 = CARTESIAN_POINT ( 'NONE',  ( 1.490000000000000000, -2.799999999999999400, 0.3199999999999999000 ) ) ;
#717 = LINE ( 'NONE', #6326, #5858 ) ;
#718 = EDGE_LOOP ( 'NONE', ( #160, #3059, #129, #5236 ) ) ;
#719 = DIRECTION ( 'NONE',  ( 0.7372346670543746800, 0.0000000000000000000, -0.6756367705307528800 ) ) ;
#720 = PLANE ( 'NONE',  #4637 ) ;
#721 =( GEOMETRIC_REPRESENTATION_CONTEXT ( 3 ) GLOBAL_UNCERTAINTY_ASSIGNED_CONTEXT ( ( #1957 ) ) GLOBAL_UNIT_ASSIGNED_CONTEXT ( ( #5508, #5489, #5535 ) ) REPRESENTATION_CONTEXT ( 'NONE', 'WORKASPACE' ) );
#722 = COLOUR_RGB ( '',0.7960784313725489700, 0.8235294117647058400, 0.9372549019607843100 ) ;
#723 = EDGE_LOOP ( 'NONE', ( #6568, #4570, #4275, #610 ) ) ;
#724 = CARTESIAN_POINT ( 'NONE',  ( 0.9499999999999999600, 11.70000000000000100, -4.860000000000000300 ) ) ;
#725 = CARTESIAN_POINT ( 'NONE',  ( -1.590000000000000300, -2.799999999999999400, 0.2199999999999998100 ) ) ;
#726 = SURFACE_SIDE_STYLE ('',( #6419 ) ) ;
#727 = DIRECTION ( 'NONE',  ( 0.7071067811865477900, 0.0000000000000000000, -0.7071067811865473500 ) ) ;
#728 =( LENGTH_UNIT ( ) NAMED_UNIT ( * ) SI_UNIT ( .MILLI., .METRE. ) );
#729 = CARTESIAN_POINT ( 'NONE',  ( -1.050000000000000000, 11.70000000000000100, -10.48000000000000200 ) ) ;
#730 = EDGE_LOOP ( 'NONE', ( #4078, #2926, #4866, #4787 ) ) ;
#731 = LINE ( 'NONE', #8183, #4096 ) ;
#732 = ORIENTED_EDGE ( 'NONE', *, *, #6192, .F. ) ;
#733 = SURFACE_STYLE_FILL_AREA ( #8321 ) ;
#734 = DIRECTION ( 'NONE',  ( -1.000000000000000000, -0.0000000000000000000, -1.232047923278982200E-016 ) ) ;
#735 =( LENGTH_UNIT ( ) NAMED_UNIT ( * ) SI_UNIT ( .MILLI., .METRE. ) );
#736 = ORIENTED_EDGE ( 'NONE', *, *, #1737, .T. ) ;
#737 = EDGE_CURVE ( 'NONE', #3244, #2008, #297, .T. ) ;
#738 = PLANE ( 'NONE',  #6455 ) ;
#739 = EDGE_LOOP ( 'NONE', ( #2825, #5901, #1276, #309, #4892, #3209, #2223, #614 ) ) ;
#740 = UNCERTAINTY_MEASURE_WITH_UNIT (LENGTH_MEASURE( 1.000000000000000100E-005 ), #6367, 'distance_accuracy_value', 'NONE');
#741 = VERTEX_POINT ( 'NONE', #5293 ) ;
#742 = ORIENTED_EDGE ( 'NONE', *, *, #7678, .F. ) ;
#743 = FACE_OUTER_BOUND ( 'NONE', #2907, .T. ) ;
#744 =( NAMED_UNIT ( * ) PLANE_ANGLE_UNIT ( ) SI_UNIT ( $, .RADIAN. ) );
#745 = MECHANICAL_DESIGN_GEOMETRIC_PRESENTATION_REPRESENTATION (  '', ( #8024 ), #1197 ) ;
#746 =( NAMED_UNIT ( * ) SI_UNIT ( $, .STERADIAN. ) SOLID_ANGLE_UNIT ( ) );
#747 = ORIENTED_EDGE ( 'NONE', *, *, #773, .F. ) ;
#748 = VECTOR ( 'NONE', #8191, 1000.000000000000000 ) ;
#749 = DIRECTION ( 'NONE',  ( 1.000000000000000000, 0.0000000000000000000, 0.0000000000000000000 ) ) ;
#750 = DIRECTION ( 'NONE',  ( 0.0000000000000000000, -0.0000000000000000000, -1.000000000000000000 ) ) ;
#751 = LINE ( 'NONE', #2154, #4123 ) ;
#752 = SURFACE_STYLE_USAGE ( .BOTH. , #4759 ) ;
#753 =( LENGTH_UNIT ( ) NAMED_UNIT ( * ) SI_UNIT ( .MILLI., .METRE. ) );
#754 = PLANE ( 'NONE',  #2215 ) ;
#755 = AXIS2_PLACEMENT_3D ( 'NONE', #6533, #2533, #7184 ) ;
#756 =( GEOMETRIC_REPRESENTATION_CONTEXT ( 3 ) GLOBAL_UNCERTAINTY_ASSIGNED_CONTEXT ( ( #5379 ) ) GLOBAL_UNIT_ASSIGNED_CONTEXT ( ( #3365, #7979, #4049 ) ) REPRESENTATION_CONTEXT ( 'NONE', 'WORKASPACE' ) );
#757 = CARTESIAN_POINT ( 'NONE',  ( 1.590000000000000100, -2.799999999999999400, -12.92000000000000200 ) ) ;
#758 = SURFACE_SIDE_STYLE ('',( #1322 ) ) ;
#759 = UNCERTAINTY_MEASURE_WITH_UNIT (LENGTH_MEASURE( 1.000000000000000100E-005 ), #4269, 'distance_accuracy_value', 'NONE');
#760 = CARTESIAN_POINT ( 'NONE',  ( -2.140000000000000600, 0.0000000000000000000, -13.97000000000000100 ) ) ;
#761 = SURFACE_STYLE_FILL_AREA ( #8043 ) ;
#762 = ADVANCED_FACE ( 'NONE', ( #3680 ), #1298, .T. ) ;
#763 = MECHANICAL_DESIGN_GEOMETRIC_PRESENTATION_REPRESENTATION (  '', ( #8038 ), #1212 ) ;
#764 = LINE ( 'NONE', #8589, #5893 ) ;
#765 = STYLED_ITEM ( 'NONE', ( #370 ), #5720 ) ;
#766 = ORIENTED_EDGE ( 'NONE', *, *, #5549, .T. ) ;
#767 =( LENGTH_UNIT ( ) NAMED_UNIT ( * ) SI_UNIT ( .MILLI., .METRE. ) );
#768 =( NAMED_UNIT ( * ) PLANE_ANGLE_UNIT ( ) SI_UNIT ( $, .RADIAN. ) );
#769 = CARTESIAN_POINT ( 'NONE',  ( 1.590000000000000100, -2.799999999999999400, -2.760000000000000200 ) ) ;
#770 = SURFACE_SIDE_STYLE ('',( #6464 ) ) ;
#771 = LINE ( 'NONE', #6144, #2541 ) ;
#772 = VERTEX_POINT ( 'NONE', #2644 ) ;
#773 = EDGE_CURVE ( 'NONE', #616, #1262, #4806, .T. ) ;
#774 = LINE ( 'NONE', #3694, #4147 ) ;
#775 = SURFACE_SIDE_STYLE ('',( #1408 ) ) ;
#776 = MECHANICAL_DESIGN_GEOMETRIC_PRESENTATION_REPRESENTATION (  '', ( #8509 ), #1227 ) ;
#777 = ORIENTED_EDGE ( 'NONE', *, *, #974, .T. ) ;
#778 = ORIENTED_EDGE ( 'NONE', *, *, #4584, .T. ) ;
#779 = LINE ( 'NONE', #6140, #5909 ) ;
#780 = CARTESIAN_POINT ( 'NONE',  ( 1.050000000000000000, -2.799999999999999400, -7.940000000000001300 ) ) ;
#781 = SURFACE_STYLE_USAGE ( .BOTH. , #4781 ) ;
#782 = CARTESIAN_POINT ( 'NONE',  ( -0.9499999999999999600, 11.70000000000000100, 0.2200000000000000800 ) ) ;
#783 = LINE ( 'NONE', #125, #4155 ) ;
#784 =( NAMED_UNIT ( * ) PLANE_ANGLE_UNIT ( ) SI_UNIT ( $, .RADIAN. ) );
#785 = CARTESIAN_POINT ( 'NONE',  ( -0.9499999999999999600, -2.799999999999999400, -15.45999999999999900 ) ) ;
#786 = COLOUR_RGB ( '',0.0000000000000000000, 0.003921568627450980300, 0.09019607843137254800 ) ;
#787 = ORIENTED_EDGE ( 'NONE', *, *, #897, .T. ) ;
#788 =( GEOMETRIC_REPRESENTATION_CONTEXT ( 3 ) GLOBAL_UNCERTAINTY_ASSIGNED_CONTEXT ( ( #759 ) ) GLOBAL_UNIT_ASSIGNED_CONTEXT ( ( #4269, #225, #4915 ) ) REPRESENTATION_CONTEXT ( 'NONE', 'WORKASPACE' ) );
#789 = ORIENTED_EDGE ( 'NONE', *, *, #2325, .T. ) ;
#790 = EDGE_LOOP ( 'NONE', ( #7917, #3870, #2153, #2369 ) ) ;
#791 =( NAMED_UNIT ( * ) PLANE_ANGLE_UNIT ( ) SI_UNIT ( $, .RADIAN. ) );
#792 = DIRECTION ( 'NONE',  ( -0.7071067811865477900, -0.0000000000000000000, -0.7071067811865473500 ) ) ;
#793 =( LENGTH_UNIT ( ) NAMED_UNIT ( * ) SI_UNIT ( .MILLI., .METRE. ) );
#794 = EDGE_CURVE ( 'NONE', #3436, #1882, #3031, .T. ) ;
#795 = VECTOR ( 'NONE', #6227, 1000.000000000000000 ) ;
#796 = FACE_OUTER_BOUND ( 'NONE', #1101, .T. ) ;
#797 = CARTESIAN_POINT ( 'NONE',  ( -1.590000000000000300, 11.70000000000000100, -7.400000000000000400 ) ) ;
#798 = VERTEX_POINT ( 'NONE', #8646 ) ;
#799 = PLANE ( 'NONE',  #2928 ) ;
#800 = DIRECTION ( 'NONE',  ( 0.7071067811865474600, 0.0000000000000000000, 0.7071067811865474600 ) ) ;
#801 = EDGE_CURVE ( 'NONE', #1848, #3561, #2822, .T. ) ;
#802 = VECTOR ( 'NONE', #1098, 1000.000000000000000 ) ;
#803 = ADVANCED_FACE ( 'NONE', ( #4609 ), #2006, .F. ) ;
#804 = VERTEX_POINT ( 'NONE', #675 ) ;
#805 =( NAMED_UNIT ( * ) SI_UNIT ( $, .STERADIAN. ) SOLID_ANGLE_UNIT ( ) );
#806 = FILL_AREA_STYLE ('',( #8118 ) ) ;
#807 = COLOUR_RGB ( '',0.7921568627450980000, 0.8196078431372548800, 0.9333333333333333500 ) ;
#808 = UNCERTAINTY_MEASURE_WITH_UNIT (LENGTH_MEASURE( 1.000000000000000100E-005 ), #5524, 'distance_accuracy_value', 'NONE');
#809 = ORIENTED_EDGE ( 'NONE', *, *, #801, .T. ) ;
#810 =( GEOMETRIC_REPRESENTATION_CONTEXT ( 3 ) GLOBAL_UNCERTAINTY_ASSIGNED_CONTEXT ( ( #3550 ) ) GLOBAL_UNIT_ASSIGNED_CONTEXT ( ( #6921, #2933, #7569 ) ) REPRESENTATION_CONTEXT ( 'NONE', 'WORKASPACE' ) );
#811 = VECTOR ( 'NONE', #4890, 1000.000000000000000 ) ;
#812 = MECHANICAL_DESIGN_GEOMETRIC_PRESENTATION_REPRESENTATION (  '', ( #8093 ), #1261 ) ;
#813 = CARTESIAN_POINT ( 'NONE',  ( 2.140000000000001500, 0.0000000000000000000, -6.349999999999999600 ) ) ;
#814 =( NAMED_UNIT ( * ) SI_UNIT ( $, .STERADIAN. ) SOLID_ANGLE_UNIT ( ) );
#815 = ORIENTED_EDGE ( 'NONE', *, *, #1192, .T. ) ;
#816 = SURFACE_STYLE_USAGE ( .BOTH. , #4821 ) ;
#817 = CARTESIAN_POINT ( 'NONE',  ( 2.140000000000001500, 1.700000000000000000, -1.270000000000000000 ) ) ;
#818 = ORIENTED_EDGE ( 'NONE', *, *, #5435, .T. ) ;
#819 = AXIS2_PLACEMENT_3D ( 'NONE', #4922, #918, #5595 ) ;
#820 = COLOUR_RGB ( '',0.7960784313725489700, 0.8235294117647058400, 0.9372549019607843100 ) ;
#821 = SURFACE_STYLE_FILL_AREA ( #4905 ) ;
#822 = EDGE_CURVE ( 'NONE', #1854, #4176, #396, .T. ) ;
#823 = EDGE_CURVE ( 'NONE', #2067, #3782, #3984, .T. ) ;
#824 = ORIENTED_EDGE ( 'NONE', *, *, #6209, .T. ) ;
#825 = LINE ( 'NONE', #3805, #7083 ) ;
#826 = VERTEX_POINT ( 'NONE', #52 ) ;
#827 = DIRECTION ( 'NONE',  ( 0.7071067811865473500, 0.0000000000000000000, -0.7071067811865477900 ) ) ;
#828 = SURFACE_STYLE_USAGE ( .BOTH. , #4829 ) ;
#829 = VECTOR ( 'NONE', #6105, 1000.000000000000000 ) ;
#830 = VERTEX_POINT ( 'NONE', #4091 ) ;
#831 = CARTESIAN_POINT ( 'NONE',  ( -2.540000000000000000, 1.700000000000000000, -11.06342105263158100 ) ) ;
#832 = LINE ( 'NONE', #5877, #2606 ) ;
#833 = DIRECTION ( 'NONE',  ( 0.7348718659067219300, 0.0000000000000000000, -0.6782059721786390900 ) ) ;
#834 = CARTESIAN_POINT ( 'NONE',  ( -1.050000000000000000, -2.799999999999999400, -12.38000000000000300 ) ) ;
#835 = PRESENTATION_STYLE_ASSIGNMENT (( #5389 ) ) ;
#836 = PRESENTATION_LAYER_ASSIGNMENT (  '', '', ( #8568 ) ) ;
#837 = ORIENTED_EDGE ( 'NONE', *, *, #5926, .F. ) ;
#838 = ORIENTED_EDGE ( 'NONE', *, *, #4119, .T. ) ;
#839 = CARTESIAN_POINT ( 'NONE',  ( -1.590000000000000300, -2.799999999999999400, -12.48000000000000200 ) ) ;
#840 = LINE ( 'NONE', #271, #4210 ) ;
#841 = SURFACE_STYLE_USAGE ( .BOTH. , #4837 ) ;
#842 = PRESENTATION_STYLE_ASSIGNMENT (( #1826 ) ) ;
#843 = STYLED_ITEM ( 'NONE', ( #3990 ), #4335 ) ;
#844 = DIRECTION ( 'NONE',  ( -0.7071067811865464600, 0.0000000000000000000, 0.7071067811865486800 ) ) ;
#845 = SURFACE_STYLE_USAGE ( .BOTH. , #4840 ) ;
#846 = MECHANICAL_DESIGN_GEOMETRIC_PRESENTATION_REPRESENTATION (  '', ( #8123 ), #1287 ) ;
#847 = UNCERTAINTY_MEASURE_WITH_UNIT (LENGTH_MEASURE( 1.000000000000000100E-005 ), #979, 'distance_accuracy_value', 'NONE');
#848 = ORIENTED_EDGE ( 'NONE', *, *, #3201, .T. ) ;
#849 = PRESENTATION_LAYER_ASSIGNMENT (  '', '', ( #8578 ) ) ;
#850 = FILL_AREA_STYLE ('',( #151 ) ) ;
#851 = DIRECTION ( 'NONE',  ( -0.7372346670543746800, -0.0000000000000000000, 0.6756367705307528800 ) ) ;
#852 = DIRECTION ( 'NONE',  ( -1.000000000000000000, -0.0000000000000000000, -1.232047923278982200E-016 ) ) ;
#853 =( NAMED_UNIT ( * ) SI_UNIT ( $, .STERADIAN. ) SOLID_ANGLE_UNIT ( ) );
#854 = ADVANCED_FACE ( 'NONE', ( #7273 ), #738, .T. ) ;
#855 = UNCERTAINTY_MEASURE_WITH_UNIT (LENGTH_MEASURE( 1.000000000000000100E-005 ), #2668, 'distance_accuracy_value', 'NONE');
#856 = ORIENTED_EDGE ( 'NONE', *, *, #5881, .F. ) ;
#857 = EDGE_CURVE ( 'NONE', #7477, #5247, #1348, .T. ) ;
#858 = ORIENTED_EDGE ( 'NONE', *, *, #2529, .F. ) ;
#859 = EDGE_CURVE ( 'NONE', #4775, #5625, #3129, .T. ) ;
#860 = ORIENTED_EDGE ( 'NONE', *, *, #6506, .T. ) ;
#861 = SURFACE_STYLE_FILL_AREA ( #4446 ) ;
#862 = DIRECTION ( 'NONE',  ( -0.7071067811865489100, -0.0000000000000000000, -0.7071067811865461300 ) ) ;
#863 = PLANE ( 'NONE',  #8090 ) ;
#864 = CARTESIAN_POINT ( 'NONE',  ( -1.590000000000000300, 11.70000000000000100, 0.2199999999999998100 ) ) ;
#865 = LINE ( 'NONE', #6927, #6807 ) ;
#866 =( LENGTH_UNIT ( ) NAMED_UNIT ( * ) SI_UNIT ( .MILLI., .METRE. ) );
#867 = DIRECTION ( 'NONE',  ( 0.0000000000000000000, -0.0000000000000000000, 1.000000000000000000 ) ) ;
#868 = LINE ( 'NONE', #3523, #4236 ) ;
#869 = STYLED_ITEM ( 'NONE', ( #7755 ), #7778 ) ;
#870 =( NAMED_UNIT ( * ) PLANE_ANGLE_UNIT ( ) SI_UNIT ( $, .RADIAN. ) );
#871 = VECTOR ( 'NONE', #6083, 999.9999999999998900 ) ;
#872 = CARTESIAN_POINT ( 'NONE',  ( 0.9499999999999999600, -2.799999999999999400, -12.48000000000000200 ) ) ;
#873 = MECHANICAL_DESIGN_GEOMETRIC_PRESENTATION_REPRESENTATION (  '', ( #2637 ), #1311 ) ;
#874 = ORIENTED_EDGE ( 'NONE', *, *, #4717, .T. ) ;
#875 = SURFACE_STYLE_USAGE ( .BOTH. , #4868 ) ;
#876 = DIRECTION ( 'NONE',  ( 0.7071067811865486800, 0.0000000000000000000, 0.7071067811865464600 ) ) ;
#877 = UNCERTAINTY_MEASURE_WITH_UNIT (LENGTH_MEASURE( 1.000000000000000100E-005 ), #1309, 'distance_accuracy_value', 'NONE');
#878 = CARTESIAN_POINT ( 'NONE',  ( 2.140000000000000100, 1.700000000000000000, -6.350000000000000500 ) ) ;
#879 = EDGE_LOOP ( 'NONE', ( #5665, #2874, #3333, #8409 ) ) ;
#880 = DIRECTION ( 'NONE',  ( 0.0000000000000000000, -1.000000000000000000, 0.0000000000000000000 ) ) ;
#881 = STYLED_ITEM ( 'NONE', ( #209 ), #3672 ) ;
#882 = CARTESIAN_POINT ( 'NONE',  ( 1.490000000000000000, -2.799999999999999400, -5.400000000000000400 ) ) ;
#883 = DIRECTION ( 'NONE',  ( 1.000000000000000000, 0.0000000000000000000, -0.0000000000000000000 ) ) ;
#884 = SURFACE_SIDE_STYLE ('',( #3146 ) ) ;
#885 = LINE ( 'NONE', #1763, #6014 ) ;
#886 = PRESENTATION_LAYER_ASSIGNMENT (  '', '', ( #8618 ) ) ;
#887 = DIRECTION ( 'NONE',  ( -0.7071067811865469100, 0.0000000000000000000, 0.7071067811865482400 ) ) ;
#888 = CARTESIAN_POINT ( 'NONE',  ( -1.590000000000000300, -2.799999999999999400, -7.839999999999999900 ) ) ;
#889 = DIRECTION ( 'NONE',  ( -0.7071067811865470200, 0.0000000000000000000, 0.7071067811865481300 ) ) ;
#890 = CARTESIAN_POINT ( 'NONE',  ( -1.590000000000000300, 11.70000000000000100, -9.940000000000001300 ) ) ;
#891 = DIRECTION ( 'NONE',  ( 0.0000000000000000000, 1.000000000000000000, 0.0000000000000000000 ) ) ;
#892 = ORIENTED_EDGE ( 'NONE', *, *, #7145, .F. ) ;
#893 = VECTOR ( 'NONE', #5257, 1000.000000000000000 ) ;
#894 = LINE ( 'NONE', #1994, #671 ) ;
#895 = UNCERTAINTY_MEASURE_WITH_UNIT (LENGTH_MEASURE( 1.000000000000000100E-005 ), #5624, 'distance_accuracy_value', 'NONE');
#896 = ADVANCED_FACE ( 'NONE', ( #2917 ), #6133, .T. ) ;
#897 = EDGE_CURVE ( 'NONE', #5980, #6562, #504, .T. ) ;
#898 = FILL_AREA_STYLE ('',( #5575 ) ) ;
#899 =( NAMED_UNIT ( * ) PLANE_ANGLE_UNIT ( ) SI_UNIT ( $, .RADIAN. ) );
#900 =( GEOMETRIC_REPRESENTATION_CONTEXT ( 3 ) GLOBAL_UNCERTAINTY_ASSIGNED_CONTEXT ( ( #7248 ) ) GLOBAL_UNIT_ASSIGNED_CONTEXT ( ( #6120, #2081, #6758 ) ) REPRESENTATION_CONTEXT ( 'NONE', 'WORKASPACE' ) );
#901 = ORIENTED_EDGE ( 'NONE', *, *, #943, .F. ) ;
#902 = LINE ( 'NONE', #1618, #4477 ) ;
#903 = PRESENTATION_STYLE_ASSIGNMENT (( #4416 ) ) ;
#904 = SURFACE_SIDE_STYLE ('',( #663 ) ) ;
#905 =( NAMED_UNIT ( * ) SI_UNIT ( $, .STERADIAN. ) SOLID_ANGLE_UNIT ( ) );
#906 = EDGE_LOOP ( 'NONE', ( #2729, #601, #1552, #5916 ) ) ;
#907 = EDGE_CURVE ( 'NONE', #3326, #5288, #5855, .T. ) ;
#908 = SURFACE_SIDE_STYLE ('',( #821 ) ) ;
#909 = MECHANICAL_DESIGN_GEOMETRIC_PRESENTATION_REPRESENTATION (  '', ( #8638 ), #1347 ) ;
#910 = CARTESIAN_POINT ( 'NONE',  ( -0.9499999999999999600, 11.70000000000000100, -12.92000000000000200 ) ) ;
#911 = VECTOR ( 'NONE', #490, 1000.000000000000000 ) ;
#912 = CARTESIAN_POINT ( 'NONE',  ( 2.140000000000000100, 1.700000000000000000, -3.810000000000000100 ) ) ;
#913 = UNCERTAINTY_MEASURE_WITH_UNIT (LENGTH_MEASURE( 1.000000000000000100E-005 ), #130, 'distance_accuracy_value', 'NONE');
#914 = EDGE_CURVE ( 'NONE', #5004, #5935, #7373, .T. ) ;
#915 = FILL_AREA_STYLE_COLOUR ( '', #3223 ) ;
#916 =( LENGTH_UNIT ( ) NAMED_UNIT ( * ) SI_UNIT ( .MILLI., .METRE. ) );
#917 = ORIENTED_EDGE ( 'NONE', *, *, #7681, .F. ) ;
#918 = DIRECTION ( 'NONE',  ( 0.7071067811865473500, -0.0000000000000000000, 0.7071067811865477900 ) ) ;
#919 = CARTESIAN_POINT ( 'NONE',  ( 1.050000000000000000, -2.799999999999999400, -4.760000000000000700 ) ) ;
#920 = PRESENTATION_LAYER_ASSIGNMENT (  '', '', ( #3 ) ) ;
#921 = FACE_OUTER_BOUND ( 'NONE', #7182, .T. ) ;
#922 = UNCERTAINTY_MEASURE_WITH_UNIT (LENGTH_MEASURE( 1.000000000000000100E-005 ), #3741, 'distance_accuracy_value', 'NONE');
#923 = VERTEX_POINT ( 'NONE', #1494 ) ;
#924 = SURFACE_STYLE_FILL_AREA ( #4293 ) ;
#925 = VECTOR ( 'NONE', #376, 1000.000000000000000 ) ;
#926 = DIRECTION ( 'NONE',  ( 1.232047923278982000E-016, 0.0000000000000000000, -1.000000000000000000 ) ) ;
#927 = FILL_AREA_STYLE ('',( #2906 ) ) ;
#928 = STYLED_ITEM ( 'NONE', ( #3967 ), #3271 ) ;
#929 = ORIENTED_EDGE ( 'NONE', *, *, #974, .F. ) ;
#930 = DIRECTION ( 'NONE',  ( -1.000000000000000000, -0.0000000000000000000, -0.0000000000000000000 ) ) ;
#931 = MECHANICAL_DESIGN_GEOMETRIC_PRESENTATION_REPRESENTATION (  '', ( #8210 ), #1372 ) ;
#932 = ORIENTED_EDGE ( 'NONE', *, *, #7538, .T. ) ;
#933 = PRESENTATION_LAYER_ASSIGNMENT (  '', '', ( #17 ) ) ;
#934 = DIRECTION ( 'NONE',  ( -1.000000000000000000, -0.0000000000000000000, -0.0000000000000000000 ) ) ;
#935 = DIRECTION ( 'NONE',  ( -0.7071067811865470200, 0.0000000000000000000, 0.7071067811865481300 ) ) ;
#936 = EDGE_LOOP ( 'NONE', ( #3999, #8073, #7891, #8341 ) ) ;
#937 = FILL_AREA_STYLE_COLOUR ( '', #6845 ) ;
#938 =( NAMED_UNIT ( * ) PLANE_ANGLE_UNIT ( ) SI_UNIT ( $, .RADIAN. ) );
#939 = CARTESIAN_POINT ( 'NONE',  ( -1.590000000000000300, -2.799999999999999400, 0.2199999999999998100 ) ) ;
#940 = ADVANCED_FACE ( 'NONE', ( #286 ), #4186, .F. ) ;
#941 =( GEOMETRIC_REPRESENTATION_CONTEXT ( 3 ) GLOBAL_UNCERTAINTY_ASSIGNED_CONTEXT ( ( #3384 ) ) GLOBAL_UNIT_ASSIGNED_CONTEXT ( ( #2567, #7215, #3253 ) ) REPRESENTATION_CONTEXT ( 'NONE', 'WORKASPACE' ) );
#942 = VERTEX_POINT ( 'NONE', #5519 ) ;
#943 = EDGE_CURVE ( 'NONE', #741, #804, #8311, .T. ) ;
#944 = LINE ( 'NONE', #1742, #3350 ) ;
#945 = SURFACE_SIDE_STYLE ('',( #924 ) ) ;
#946 = DIRECTION ( 'NONE',  ( -1.000000000000000000, 0.0000000000000000000, 0.0000000000000000000 ) ) ;
#947 = VECTOR ( 'NONE', #8560, 1000.000000000000000 ) ;
#948 = CARTESIAN_POINT ( 'NONE',  ( -2.019999999999999600, 0.0000000000000000000, -16.51000000000000200 ) ) ;
#949 = CARTESIAN_POINT ( 'NONE',  ( 2.020000000000001400, 0.0000000000000000000, -16.51000000000000200 ) ) ;
#950 = VERTEX_POINT ( 'NONE', #2182 ) ;
#951 = CARTESIAN_POINT ( 'NONE',  ( 2.540000000000000900, 1.700000000000000000, -3.410000000000000600 ) ) ;
#952 = SURFACE_STYLE_USAGE ( .BOTH. , #4953 ) ;
#953 = SURFACE_STYLE_FILL_AREA ( #5109 ) ;
#954 = STYLED_ITEM ( 'NONE', ( #903 ), #1412 ) ;
#955 = VECTOR ( 'NONE', #7629, 1000.000000000000000 ) ;
#956 = CARTESIAN_POINT ( 'NONE',  ( 2.540000000000000900, 0.0000000000000000000, -11.03000000000000100 ) ) ;
#957 = COLOUR_RGB ( '',0.0000000000000000000, 0.003921568627450980300, 0.09019607843137254800 ) ;
#958 = ORIENTED_EDGE ( 'NONE', *, *, #8471, .F. ) ;
#959 = ORIENTED_EDGE ( 'NONE', *, *, #1110, .T. ) ;
#960 = MECHANICAL_DESIGN_GEOMETRIC_PRESENTATION_REPRESENTATION (  '', ( #8240 ), #1398 ) ;
#961 = DIRECTION ( 'NONE',  ( 1.000000000000000000, 0.0000000000000000000, -2.492418787322998300E-016 ) ) ;
#962 =( NAMED_UNIT ( * ) PLANE_ANGLE_UNIT ( ) SI_UNIT ( $, .RADIAN. ) );
#963 = CARTESIAN_POINT ( 'NONE',  ( -1.050000000000000000, -2.799999999999999400, -2.860000000000000300 ) ) ;
#964 = ORIENTED_EDGE ( 'NONE', *, *, #4744, .F. ) ;
#965 = DIRECTION ( 'NONE',  ( 0.7071067811865470200, 0.0000000000000000000, -0.7071067811865481300 ) ) ;
#966 = EDGE_CURVE ( 'NONE', #2091, #3707, #6559, .T. ) ;
#967 = DIRECTION ( 'NONE',  ( -0.0000000000000000000, 1.000000000000000000, 0.0000000000000000000 ) ) ;
#968 =( NAMED_UNIT ( * ) PLANE_ANGLE_UNIT ( ) SI_UNIT ( $, .RADIAN. ) );
#969 = SURFACE_SIDE_STYLE ('',( #8530 ) ) ;
#970 = VECTOR ( 'NONE', #3641, 1000.000000000000000 ) ;
#971 = VECTOR ( 'NONE', #8116, 1000.000000000000000 ) ;
#972 = COLOUR_RGB ( '',0.7960784313725489700, 0.8235294117647058400, 0.9372549019607843100 ) ;
#973 =( GEOMETRIC_REPRESENTATION_CONTEXT ( 3 ) GLOBAL_UNCERTAINTY_ASSIGNED_CONTEXT ( ( #847 ) ) GLOBAL_UNIT_ASSIGNED_CONTEXT ( ( #979, #5659, #1629 ) ) REPRESENTATION_CONTEXT ( 'NONE', 'WORKASPACE' ) );
#974 = EDGE_CURVE ( 'NONE', #5002, #1415, #3020, .T. ) ;
#975 = CARTESIAN_POINT ( 'NONE',  ( -2.539999999999999600, 1.700000000000000000, -14.40342105263157900 ) ) ;
#976 = FILL_AREA_STYLE ('',( #3587 ) ) ;
#977 = SURFACE_STYLE_USAGE ( .BOTH. , #4980 ) ;
#978 = CARTESIAN_POINT ( 'NONE',  ( -2.540000000000000000, 1.700000000000000000, -11.06342105263158100 ) ) ;
#979 =( LENGTH_UNIT ( ) NAMED_UNIT ( * ) SI_UNIT ( .MILLI., .METRE. ) );
#980 = VERTEX_POINT ( 'NONE', #4891 ) ;
#981 =( NAMED_UNIT ( * ) SI_UNIT ( $, .STERADIAN. ) SOLID_ANGLE_UNIT ( ) );
#982 = CARTESIAN_POINT ( 'NONE',  ( 2.540000000000000900, 1.700000000000000000, -16.10999999999999900 ) ) ;
#983 = ADVANCED_FACE ( 'NONE', ( #4598 ), #1549, .T. ) ;
#984 = MECHANICAL_DESIGN_GEOMETRIC_PRESENTATION_REPRESENTATION (  '', ( #8265 ), #1418 ) ;
#985 = DIRECTION ( 'NONE',  ( -0.7071067811865469100, -0.0000000000000000000, 0.7071067811865482400 ) ) ;
#986 = FILL_AREA_STYLE_COLOUR ( '', #1350 ) ;
#987 =( GEOMETRIC_REPRESENTATION_CONTEXT ( 3 ) GLOBAL_UNCERTAINTY_ASSIGNED_CONTEXT ( ( #372 ) ) GLOBAL_UNIT_ASSIGNED_CONTEXT ( ( #3081, #7732, #3768 ) ) REPRESENTATION_CONTEXT ( 'NONE', 'WORKASPACE' ) );
#988 =( NAMED_UNIT ( * ) PLANE_ANGLE_UNIT ( ) SI_UNIT ( $, .RADIAN. ) );
#989 = PRESENTATION_LAYER_ASSIGNMENT (  '', '', ( #531 ) ) ;
#990 = ORIENTED_EDGE ( 'NONE', *, *, #3378, .T. ) ;
#991 = DIRECTION ( 'NONE',  ( -0.0000000000000000000, -0.0000000000000000000, -1.000000000000000000 ) ) ;
#992 =( NAMED_UNIT ( * ) SI_UNIT ( $, .STERADIAN. ) SOLID_ANGLE_UNIT ( ) );
#993 = STYLED_ITEM ( 'NONE', ( #4069 ), #6124 ) ;
#994 = DIRECTION ( 'NONE',  ( -1.000000000000000000, 0.0000000000000000000, 0.0000000000000000000 ) ) ;
#995 = MECHANICAL_DESIGN_GEOMETRIC_PRESENTATION_REPRESENTATION (  '', ( #8279 ), #1427 ) ;
#996 = EDGE_CURVE ( 'NONE', #3691, #8591, #5745, .T. ) ;
#997 = VERTEX_POINT ( 'NONE', #6267 ) ;
#998 = ORIENTED_EDGE ( 'NONE', *, *, #4149, .T. ) ;
#999 = DIRECTION ( 'NONE',  ( 1.000000000000000000, 0.0000000000000000000, 1.232047923278982000E-016 ) ) ;
#1000 = SURFACE_SIDE_STYLE ('',( #7766 ) ) ;
#1001 =( LENGTH_UNIT ( ) NAMED_UNIT ( * ) SI_UNIT ( .MILLI., .METRE. ) );
#1002 = DIRECTION ( 'NONE',  ( -0.7071067811865489100, -0.0000000000000000000, 0.7071067811865462400 ) ) ;
#1003 = LINE ( 'NONE', #331, #6134 ) ;
#1004 =( NAMED_UNIT ( * ) PLANE_ANGLE_UNIT ( ) SI_UNIT ( $, .RADIAN. ) );
#1005 = PLANE ( 'NONE',  #6732 ) ;
#1006 =( NAMED_UNIT ( * ) SI_UNIT ( $, .STERADIAN. ) SOLID_ANGLE_UNIT ( ) );
#1007 = VERTEX_POINT ( 'NONE', #2240 ) ;
#1008 = CARTESIAN_POINT ( 'NONE',  ( -2.540000000000000000, 0.0000000000000000000, -13.60342105263158000 ) ) ;
#1009 =( NAMED_UNIT ( * ) PLANE_ANGLE_UNIT ( ) SI_UNIT ( $, .RADIAN. ) );
#1010 = CARTESIAN_POINT ( 'NONE',  ( 1.590000000000000100, 11.70000000000000100, -7.400000000000000400 ) ) ;
#1011 = PRESENTATION_STYLE_ASSIGNMENT (( #1945 ) ) ;
#1012 = PRESENTATION_STYLE_ASSIGNMENT (( #3254 ) ) ;
#1013 = PRESENTATION_LAYER_ASSIGNMENT (  '', '', ( #555 ) ) ;
#1014 = ORIENTED_EDGE ( 'NONE', *, *, #1192, .F. ) ;
#1015 = SURFACE_SIDE_STYLE ('',( #6287 ) ) ;
#1016 = DIRECTION ( 'NONE',  ( 0.7071067811865473500, 0.0000000000000000000, -0.7071067811865477900 ) ) ;
#1017 = DIRECTION ( 'NONE',  ( -1.000000000000000000, -0.0000000000000000000, -0.0000000000000000000 ) ) ;
#1018 = AXIS2_PLACEMENT_3D ( 'NONE', #7969, #4041, #2 ) ;
#1019 = DIRECTION ( 'NONE',  ( 0.7348718659067219300, 0.0000000000000000000, -0.6782059721786390900 ) ) ;
#1020 = DIRECTION ( 'NONE',  ( -0.7071067811865470200, -0.0000000000000000000, -0.7071067811865481300 ) ) ;
#1021 = FACE_OUTER_BOUND ( 'NONE', #5850, .T. ) ;
#1022 = PRESENTATION_STYLE_ASSIGNMENT (( #3796 ) ) ;
#1023 = COLOUR_RGB ( '',0.7960784313725489700, 0.8235294117647058400, 0.9372549019607843100 ) ;
#1024 = PLANE ( 'NONE',  #6996 ) ;
#1025 = ORIENTED_EDGE ( 'NONE', *, *, #3135, .F. ) ;
#1026 = EDGE_CURVE ( 'NONE', #4150, #7964, #3976, .T. ) ;
#1027 =( LENGTH_UNIT ( ) NAMED_UNIT ( * ) SI_UNIT ( .MILLI., .METRE. ) );
#1028 = DIRECTION ( 'NONE',  ( 0.7071067811865474600, 0.0000000000000000000, 0.7071067811865474600 ) ) ;
#1029 = DIRECTION ( 'NONE',  ( 0.7071067811865473500, 0.0000000000000000000, -0.7071067811865477900 ) ) ;
#1030 = ORIENTED_EDGE ( 'NONE', *, *, #4555, .T. ) ;
#1031 =( LENGTH_UNIT ( ) NAMED_UNIT ( * ) SI_UNIT ( .MILLI., .METRE. ) );
#1032 = ADVANCED_FACE ( 'NONE', ( #1441 ), #4301, .T. ) ;
#1033 = LINE ( 'NONE', #3009, #4586 ) ;
#1034 = COLOUR_RGB ( '',0.7960784313725489700, 0.8235294117647058400, 0.9372549019607843100 ) ;
#1035 = LINE ( 'NONE', #7483, #811 ) ;
#1036 = FILL_AREA_STYLE_COLOUR ( '', #6899 ) ;
#1037 = VERTEX_POINT ( 'NONE', #8196 ) ;
#1038 =( NAMED_UNIT ( * ) SI_UNIT ( $, .STERADIAN. ) SOLID_ANGLE_UNIT ( ) );
#1039 = CARTESIAN_POINT ( 'NONE',  ( 2.540000000000000900, 1.700000000000000000, -0.8700000000000006600 ) ) ;
#1040 = UNCERTAINTY_MEASURE_WITH_UNIT (LENGTH_MEASURE( 1.000000000000000100E-005 ), #1367, 'distance_accuracy_value', 'NONE');
#1041 = ORIENTED_EDGE ( 'NONE', *, *, #773, .T. ) ;
#1042 =( NAMED_UNIT ( * ) PLANE_ANGLE_UNIT ( ) SI_UNIT ( $, .RADIAN. ) );
#1043 = DIRECTION ( 'NONE',  ( 0.6782059721786389800, 0.0000000000000000000, 0.7348718659067220400 ) ) ;
#1044 = PLANE ( 'NONE',  #5251 ) ;
#1045 = LINE ( 'NONE', #878, #4596 ) ;
#1046 = ORIENTED_EDGE ( 'NONE', *, *, #2617, .T. ) ;
#1047 = FILL_AREA_STYLE ('',( #1703 ) ) ;
#1048 = ORIENTED_EDGE ( 'NONE', *, *, #7106, .T. ) ;
#1049 = FILL_AREA_STYLE ('',( #7670 ) ) ;
#1050 = DIRECTION ( 'NONE',  ( 0.7348718659067219300, 0.0000000000000000000, -0.6782059721786390900 ) ) ;
#1051 = DIRECTION ( 'NONE',  ( -0.0000000000000000000, -1.000000000000000000, -0.0000000000000000000 ) ) ;
#1052 = VECTOR ( 'NONE', #1356, 1000.000000000000000 ) ;
#1053 = ORIENTED_EDGE ( 'NONE', *, *, #8175, .T. ) ;
#1054 = ORIENTED_EDGE ( 'NONE', *, *, #2262, .F. ) ;
#1055 = VECTOR ( 'NONE', #5271, 999.9999999999998900 ) ;
#1056 = ORIENTED_EDGE ( 'NONE', *, *, #3066, .F. ) ;
#1057 = LINE ( 'NONE', #3844, #4617 ) ;
#1058 =( GEOMETRIC_REPRESENTATION_CONTEXT ( 3 ) GLOBAL_UNCERTAINTY_ASSIGNED_CONTEXT ( ( #2186 ) ) GLOBAL_UNIT_ASSIGNED_CONTEXT ( ( #2866, #7503, #3543 ) ) REPRESENTATION_CONTEXT ( 'NONE', 'WORKASPACE' ) );
#1059 = CARTESIAN_POINT ( 'NONE',  ( -1.590000000000000300, -2.799999999999999400, -7.839999999999999900 ) ) ;
#1060 =( NAMED_UNIT ( * ) PLANE_ANGLE_UNIT ( ) SI_UNIT ( $, .RADIAN. ) );
#1061 = FILL_AREA_STYLE ('',( #1690 ) ) ;
#1062 = FILL_AREA_STYLE_COLOUR ( '', #8628 ) ;
#1063 = AXIS2_PLACEMENT_3D ( 'NONE', #882, #5561, #1530 ) ;
#1064 = LINE ( 'NONE', #1097, #2835 ) ;
#1065 = ORIENTED_EDGE ( 'NONE', *, *, #2612, .F. ) ;
#1066 = CLOSED_SHELL ( 'NONE', ( #7654, #2989, #2867, #2010, #6540, #3039, #2904, #1412, #436, #1534 ) ) ;
#1067 = DIRECTION ( 'NONE',  ( -1.000000000000000000, 0.0000000000000000000, 0.0000000000000000000 ) ) ;
#1068 = DIRECTION ( 'NONE',  ( -0.0000000000000000000, -0.0000000000000000000, -1.000000000000000000 ) ) ;
#1069 =( LENGTH_UNIT ( ) NAMED_UNIT ( * ) SI_UNIT ( .MILLI., .METRE. ) );
#1070 =( NAMED_UNIT ( * ) SI_UNIT ( $, .STERADIAN. ) SOLID_ANGLE_UNIT ( ) );
#1071 = FILL_AREA_STYLE ('',( #373 ) ) ;
#1072 = EDGE_CURVE ( 'NONE', #1225, #5692, #7151, .T. ) ;
#1073 = DIRECTION ( 'NONE',  ( 1.000000000000000000, 0.0000000000000000000, 0.0000000000000000000 ) ) ;
#1074 = DIRECTION ( 'NONE',  ( 2.492418787322998300E-016, 0.0000000000000000000, 1.000000000000000000 ) ) ;
#1075 = VERTEX_POINT ( 'NONE', #4985 ) ;
#1076 = FACE_OUTER_BOUND ( 'NONE', #6483, .T. ) ;
#1077 = STYLED_ITEM ( 'NONE', ( #5195 ), #1621 ) ;
#1078 = ADVANCED_FACE ( 'NONE', ( #1839 ), #1631, .T. ) ;
#1079 = ORIENTED_EDGE ( 'NONE', *, *, #6656, .T. ) ;
#1080 = DIRECTION ( 'NONE',  ( -0.7071067811865469100, 0.0000000000000000000, 0.7071067811865482400 ) ) ;
#1081 = UNCERTAINTY_MEASURE_WITH_UNIT (LENGTH_MEASURE( 1.000000000000000100E-005 ), #524, 'distance_accuracy_value', 'NONE');
#1082 = CARTESIAN_POINT ( 'NONE',  ( -2.540000000000000000, 0.0000000000000000000, -8.523421052631579900 ) ) ;
#1083 = VECTOR ( 'NONE', #2540, 1000.000000000000000 ) ;
#1084 = STYLED_ITEM ( 'NONE', ( #8003 ), #4926 ) ;
#1085 = ORIENTED_EDGE ( 'NONE', *, *, #2295, .F. ) ;
#1086 = CARTESIAN_POINT ( 'NONE',  ( 1.050000000000000000, 11.70000000000000100, -2.220000000000000200 ) ) ;
#1087 = SURFACE_SIDE_STYLE ('',( #5483 ) ) ;
#1088 = UNCERTAINTY_MEASURE_WITH_UNIT (LENGTH_MEASURE( 1.000000000000000100E-005 ), #2725, 'distance_accuracy_value', 'NONE');
#1089 = DIRECTION ( 'NONE',  ( 0.0000000000000000000, 1.000000000000000000, 0.0000000000000000000 ) ) ;
#1090 = ORIENTED_EDGE ( 'NONE', *, *, #8539, .T. ) ;
#1091 = AXIS2_PLACEMENT_3D ( 'NONE', #5354, #1326, #6016 ) ;
#1092 = VERTEX_POINT ( 'NONE', #982 ) ;
#1093 = EDGE_CURVE ( 'NONE', #6576, #394, #4774, .T. ) ;
#1094 = SURFACE_SIDE_STYLE ('',( #953 ) ) ;
#1095 =( LENGTH_UNIT ( ) NAMED_UNIT ( * ) SI_UNIT ( .MILLI., .METRE. ) );
#1096 = FILL_AREA_STYLE ('',( #7728 ) ) ;
#1097 = CARTESIAN_POINT ( 'NONE',  ( -1.590000000000000300, 11.70000000000000100, -2.760000000000000200 ) ) ;
#1098 = DIRECTION ( 'NONE',  ( 0.0000000000000000000, 1.000000000000000000, 0.0000000000000000000 ) ) ;
#1099 = CARTESIAN_POINT ( 'NONE',  ( 1.050000000000000000, -2.799999999999999400, -5.400000000000000400 ) ) ;
#1100 = DIRECTION ( 'NONE',  ( -0.0000000000000000000, -1.000000000000000000, -0.0000000000000000000 ) ) ;
#1101 = EDGE_LOOP ( 'NONE', ( #8472, #3571, #7686, #1768 ) ) ;
#1102 = PRESENTATION_LAYER_ASSIGNMENT (  '', '', ( #640 ) ) ;
#1103 =( NAMED_UNIT ( * ) SI_UNIT ( $, .STERADIAN. ) SOLID_ANGLE_UNIT ( ) );
#1104 = SURFACE_STYLE_USAGE ( .BOTH. , #5123 ) ;
#1105 = STYLED_ITEM ( 'NONE', ( #5341 ), #2824 ) ;
#1106 = VERTEX_POINT ( 'NONE', #1010 ) ;
#1107 = CARTESIAN_POINT ( 'NONE',  ( 2.540000000000000900, 1.700000000000000000, -13.57000000000000200 ) ) ;
#1108 = ORIENTED_EDGE ( 'NONE', *, *, #1112, .F. ) ;
#1109 = MECHANICAL_DESIGN_GEOMETRIC_PRESENTATION_REPRESENTATION (  '', ( #8394 ), #1535 ) ;
#1110 = EDGE_CURVE ( 'NONE', #1092, #1634, #1222, .T. ) ;
#1111 = PRESENTATION_STYLE_ASSIGNMENT (( #6049 ) ) ;
#1112 = EDGE_CURVE ( 'NONE', #7297, #5147, #2040, .T. ) ;
#1113 = DIRECTION ( 'NONE',  ( 1.000000000000000000, 0.0000000000000000000, -2.492418787322998300E-016 ) ) ;
#1115 = FILL_AREA_STYLE ('',( #1784 ) ) ;
#1114 = LINE ( 'NONE', #6033, #7953 ) ;
#1116 = FILL_AREA_STYLE ('',( #3100 ) ) ;
#1117 = ADVANCED_FACE ( 'NONE', ( #6351 ), #1044, .T. ) ;
#1118 = LINE ( 'NONE', #6379, #4667 ) ;
#1119 = EDGE_LOOP ( 'NONE', ( #2494, #3047, #6976, #3221 ) ) ;
#1120 = EDGE_LOOP ( 'NONE', ( #7882, #6429, #4003, #3878 ) ) ;
#1121 = DIRECTION ( 'NONE',  ( 0.0000000000000000000, 1.000000000000000000, 0.0000000000000000000 ) ) ;
#1122 =( GEOMETRIC_REPRESENTATION_CONTEXT ( 3 ) GLOBAL_UNCERTAINTY_ASSIGNED_CONTEXT ( ( #2363 ) ) GLOBAL_UNIT_ASSIGNED_CONTEXT ( ( #1438, #6138, #2102 ) ) REPRESENTATION_CONTEXT ( 'NONE', 'WORKASPACE' ) );
#1123 = CARTESIAN_POINT ( 'NONE',  ( -2.019999999999999600, 0.2999999999999999900, 1.270000000000000000 ) ) ;
#1124 = ORIENTED_EDGE ( 'NONE', *, *, #4725, .F. ) ;
#1125 = VECTOR ( 'NONE', #4520, 1000.000000000000100 ) ;
#1126 = VECTOR ( 'NONE', #6462, 1000.000000000000000 ) ;
#1127 = CARTESIAN_POINT ( 'NONE',  ( -2.539999999999999600, 1.700000000000000000, 0.8365789473684214200 ) ) ;
#1128 = CARTESIAN_POINT ( 'NONE',  ( -1.590000000000000300, 11.70000000000000100, -5.300000000000000700 ) ) ;
#1129 = UNCERTAINTY_MEASURE_WITH_UNIT (LENGTH_MEASURE( 1.000000000000000100E-005 ), #5786, 'distance_accuracy_value', 'NONE');
#1130 = UNCERTAINTY_MEASURE_WITH_UNIT (LENGTH_MEASURE( 1.000000000000000100E-005 ), #7780, 'distance_accuracy_value', 'NONE');
#1131 = FACE_OUTER_BOUND ( 'NONE', #2786, .T. ) ;
#1132 = PRESENTATION_LAYER_ASSIGNMENT (  '', '', ( #211 ) ) ;
#1133 = VECTOR ( 'NONE', #2569, 1000.000000000000000 ) ;
#1134 =( NAMED_UNIT ( * ) PLANE_ANGLE_UNIT ( ) SI_UNIT ( $, .RADIAN. ) );
#1135 = FILL_AREA_STYLE ('',( #441 ) ) ;
#1136 = VERTEX_POINT ( 'NONE', #7665 ) ;
#1137 = FILL_AREA_STYLE ('',( #3810 ) ) ;
#1138 = EDGE_CURVE ( 'NONE', #7555, #6333, #2144, .T. ) ;
#1139 = VERTEX_POINT ( 'NONE', #1727 ) ;
#1140 = VECTOR ( 'NONE', #7700, 1000.000000000000000 ) ;
#1141 = EDGE_CURVE ( 'NONE', #91, #7808, #3953, .T. ) ;
#1142 = EDGE_CURVE ( 'NONE', #4327, #997, #3752, .T. ) ;
#1143 = ORIENTED_EDGE ( 'NONE', *, *, #1798, .T. ) ;
#1144 = PLANE ( 'NONE',  #5939 ) ;
#1145 = SURFACE_STYLE_FILL_AREA ( #3197 ) ;
#1146 = VERTEX_POINT ( 'NONE', #404 ) ;
#1147 = UNCERTAINTY_MEASURE_WITH_UNIT (LENGTH_MEASURE( 1.000000000000000100E-005 ), #8494, 'distance_accuracy_value', 'NONE');
#1148 = ORIENTED_EDGE ( 'NONE', *, *, #2529, .T. ) ;
#1149 = VERTEX_POINT ( 'NONE', #2406 ) ;
#1150 =( NAMED_UNIT ( * ) SI_UNIT ( $, .STERADIAN. ) SOLID_ANGLE_UNIT ( ) );
#1151 = PRESENTATION_STYLE_ASSIGNMENT (( #8080 ) ) ;
#1152 = CARTESIAN_POINT ( 'NONE',  ( -1.050000000000000000, -2.799999999999999400, -13.02000000000000100 ) ) ;
#1153 = SURFACE_SIDE_STYLE ('',( #4158 ) ) ;
#1154 = EDGE_LOOP ( 'NONE', ( #1562, #3960, #7801, #2422 ) ) ;
#1155 = ORIENTED_EDGE ( 'NONE', *, *, #6507, .F. ) ;
#1156 = PRESENTATION_LAYER_ASSIGNMENT (  '', '', ( #230 ) ) ;
#1157 = VECTOR ( 'NONE', #2087, 1000.000000000000000 ) ;
#1158 = SURFACE_SIDE_STYLE ('',( #1736 ) ) ;
#1159 = FILL_AREA_STYLE ('',( #5175 ) ) ;
#1160 = CARTESIAN_POINT ( 'NONE',  ( 2.540000000000000900, 1.700000000000000000, -0.8700000000000006600 ) ) ;
#1161 = PRESENTATION_STYLE_ASSIGNMENT (( #6632 ) ) ;
#1162 = MECHANICAL_DESIGN_GEOMETRIC_PRESENTATION_REPRESENTATION (  '', ( #8439 ), #1583 ) ;
#1163 = EDGE_LOOP ( 'NONE', ( #713, #3541, #5652, #2134 ) ) ;
#1164 = VECTOR ( 'NONE', #2536, 999.9999999999998900 ) ;
#1165 = ADVANCED_FACE ( 'NONE', ( #7253 ), #8382, .T. ) ;
#1166 = LINE ( 'NONE', #1238, #4709 ) ;
#1167 = DIRECTION ( 'NONE',  ( -0.7071067811865481300, 0.0000000000000000000, -0.7071067811865470200 ) ) ;
#1168 = ORIENTED_EDGE ( 'NONE', *, *, #7078, .F. ) ;
#1169 = FILL_AREA_STYLE_COLOUR ( '', #5957 ) ;
#1170 = LINE ( 'NONE', #6505, #519 ) ;
#1171 = PRESENTATION_LAYER_ASSIGNMENT (  '', '', ( #242 ) ) ;
#1172 = ORIENTED_EDGE ( 'NONE', *, *, #438, .F. ) ;
#1173 = DIRECTION ( 'NONE',  ( 0.7071067811865473500, -0.0000000000000000000, 0.7071067811865477900 ) ) ;
#1174 = PRESENTATION_STYLE_ASSIGNMENT (( #5688 ) ) ;
#1175 = ORIENTED_EDGE ( 'NONE', *, *, #676, .F. ) ;
#1176 = VECTOR ( 'NONE', #7525, 1000.000000000000100 ) ;
#1177 = DIRECTION ( 'NONE',  ( -0.0000000000000000000, -1.000000000000000000, -0.0000000000000000000 ) ) ;
#1178 = PRESENTATION_STYLE_ASSIGNMENT (( #7113 ) ) ;
#1179 =( GEOMETRIC_REPRESENTATION_CONTEXT ( 3 ) GLOBAL_UNCERTAINTY_ASSIGNED_CONTEXT ( ( #542 ) ) GLOBAL_UNIT_ASSIGNED_CONTEXT ( ( #7948, #4015, #8626 ) ) REPRESENTATION_CONTEXT ( 'NONE', 'WORKASPACE' ) );
#1180 = FILL_AREA_STYLE ('',( #7797 ) ) ;
#1181 = DIRECTION ( 'NONE',  ( -0.0000000000000000000, -1.000000000000000000, -0.0000000000000000000 ) ) ;
#1182 = UNCERTAINTY_MEASURE_WITH_UNIT (LENGTH_MEASURE( 1.000000000000000100E-005 ), #1203, 'distance_accuracy_value', 'NONE');
#1183 = STYLED_ITEM ( 'NONE', ( #442 ), #1930 ) ;
#1184 = ORIENTED_EDGE ( 'NONE', *, *, #672, .T. ) ;
#1185 = CARTESIAN_POINT ( 'NONE',  ( 2.140000000000001500, 0.0000000000000000000, 1.270000000000000000 ) ) ;
#1186 = CARTESIAN_POINT ( 'NONE',  ( 0.9499999999999999600, 11.70000000000000100, -12.48000000000000200 ) ) ;
#1187 = DIRECTION ( 'NONE',  ( 0.0000000000000000000, 1.000000000000000000, 0.0000000000000000000 ) ) ;
#1188 = PLANE ( 'NONE',  #1694 ) ;
#1189 = CARTESIAN_POINT ( 'NONE',  ( 1.490000000000000000, 11.70000000000000100, -7.299999999999999800 ) ) ;
#1190 = UNCERTAINTY_MEASURE_WITH_UNIT (LENGTH_MEASURE( 1.000000000000000100E-005 ), #7560, 'distance_accuracy_value', 'NONE');
#1191 = VECTOR ( 'NONE', #3198, 1000.000000000000000 ) ;
#1192 = EDGE_CURVE ( 'NONE', #5935, #8103, #8166, .T. ) ;
#1193 = ORIENTED_EDGE ( 'NONE', *, *, #6802, .T. ) ;
#1194 = DIRECTION ( 'NONE',  ( -0.7372346670543746800, -0.0000000000000000000, 0.6756367705307528800 ) ) ;
#1195 = CARTESIAN_POINT ( 'NONE',  ( 0.9499999999999999600, -2.799999999999999400, -2.760000000000000200 ) ) ;
#1196 =( NAMED_UNIT ( * ) SI_UNIT ( $, .STERADIAN. ) SOLID_ANGLE_UNIT ( ) );
#1197 =( GEOMETRIC_REPRESENTATION_CONTEXT ( 3 ) GLOBAL_UNCERTAINTY_ASSIGNED_CONTEXT ( ( #6552 ) ) GLOBAL_UNIT_ASSIGNED_CONTEXT ( ( #6987, #2986, #7632 ) ) REPRESENTATION_CONTEXT ( 'NONE', 'WORKASPACE' ) );
#1198 = FILL_AREA_STYLE_COLOUR ( '', #7093 ) ;
#1199 =( NAMED_UNIT ( * ) SI_UNIT ( $, .STERADIAN. ) SOLID_ANGLE_UNIT ( ) );
#1200 =( NAMED_UNIT ( * ) SI_UNIT ( $, .STERADIAN. ) SOLID_ANGLE_UNIT ( ) );
#1201 = VERTEX_POINT ( 'NONE', #1099 ) ;
#1202 = DIRECTION ( 'NONE',  ( -1.000000000000000000, 0.0000000000000000000, 0.0000000000000000000 ) ) ;
#1203 =( LENGTH_UNIT ( ) NAMED_UNIT ( * ) SI_UNIT ( .MILLI., .METRE. ) );
#1204 = SURFACE_STYLE_USAGE ( .BOTH. , #5233 ) ;
#1205 = PRESENTATION_LAYER_ASSIGNMENT (  '', '', ( #293 ) ) ;
#1206 = LINE ( 'NONE', #4204, #7444 ) ;
#1207 = PRESENTATION_STYLE_ASSIGNMENT (( #7114 ) ) ;
#1208 = ORIENTED_EDGE ( 'NONE', *, *, #7841, .T. ) ;
#1209 = LINE ( 'NONE', #7183, #8050 ) ;
#1210 = CARTESIAN_POINT ( 'NONE',  ( -1.050000000000000000, -2.799999999999999400, -13.02000000000000100 ) ) ;
#1211 =( NAMED_UNIT ( * ) PLANE_ANGLE_UNIT ( ) SI_UNIT ( $, .RADIAN. ) );
#1212 =( GEOMETRIC_REPRESENTATION_CONTEXT ( 3 ) GLOBAL_UNCERTAINTY_ASSIGNED_CONTEXT ( ( #5311 ) ) GLOBAL_UNIT_ASSIGNED_CONTEXT ( ( #767, #5462, #1430 ) ) REPRESENTATION_CONTEXT ( 'NONE', 'WORKASPACE' ) );
#1213 = AXIS2_PLACEMENT_3D ( 'NONE', #696, #5394, #1374 ) ;
#1214 = CARTESIAN_POINT ( 'NONE',  ( -1.590000000000000300, 11.70000000000000100, -12.92000000000000200 ) ) ;
#1215 = VECTOR ( 'NONE', #1916, 999.9999999999998900 ) ;
#1216 = STYLED_ITEM ( 'NONE', ( #38 ), #6662 ) ;
#1217 = SURFACE_STYLE_FILL_AREA ( #2568 ) ;
#1218 = ORIENTED_EDGE ( 'NONE', *, *, #5355, .T. ) ;
#1219 = CARTESIAN_POINT ( 'NONE',  ( -2.139999999999999700, 1.700000000000000000, 1.270000000000000000 ) ) ;
#1220 = LINE ( 'NONE', #7957, #4772 ) ;
#1221 = ORIENTED_EDGE ( 'NONE', *, *, #8248, .F. ) ;
#1222 = LINE ( 'NONE', #6353, #4579 ) ;
#1223 = PLANE ( 'NONE',  #5825 ) ;
#1224 = EDGE_CURVE ( 'NONE', #475, #4507, #6445, .T. ) ;
#1225 = VERTEX_POINT ( 'NONE', #7117 ) ;
#1226 = ORIENTED_EDGE ( 'NONE', *, *, #5737, .F. ) ;
#1227 =( GEOMETRIC_REPRESENTATION_CONTEXT ( 3 ) GLOBAL_UNCERTAINTY_ASSIGNED_CONTEXT ( ( #4930 ) ) GLOBAL_UNIT_ASSIGNED_CONTEXT ( ( #1804, #6490, #2483 ) ) REPRESENTATION_CONTEXT ( 'NONE', 'WORKASPACE' ) );
#1228 =( NAMED_UNIT ( * ) SI_UNIT ( $, .STERADIAN. ) SOLID_ANGLE_UNIT ( ) );
#1229 = CARTESIAN_POINT ( 'NONE',  ( -0.9499999999999999600, 11.70000000000000100, -2.319999999999999800 ) ) ;
#1230 = EDGE_LOOP ( 'NONE', ( #7659, #1866, #8399, #16 ) ) ;
#1231 = PLANE ( 'NONE',  #7341 ) ;
#1232 = CARTESIAN_POINT ( 'NONE',  ( -0.9499999999999999600, -2.799999999999999400, -10.38000000000000100 ) ) ;
#1233 = ORIENTED_EDGE ( 'NONE', *, *, #8425, .T. ) ;
#1234 = CARTESIAN_POINT ( 'NONE',  ( 2.140000000000000100, 1.700000000000000000, -11.43000000000000100 ) ) ;
#1235 = VERTEX_POINT ( 'NONE', #1783 ) ;
#1236 = PLANE ( 'NONE',  #687 ) ;
#1237 = ORIENTED_EDGE ( 'NONE', *, *, #5401, .T. ) ;
#1238 = CARTESIAN_POINT ( 'NONE',  ( 1.050000000000000000, -2.799999999999999400, 0.3199999999999999000 ) ) ;
#1239 = SURFACE_STYLE_FILL_AREA ( #2872 ) ;
#1240 = EDGE_CURVE ( 'NONE', #6066, #1235, #6243, .T. ) ;
#1241 = ORIENTED_EDGE ( 'NONE', *, *, #5395, .T. ) ;
#1242 = ORIENTED_EDGE ( 'NONE', *, *, #5357, .F. ) ;
#1243 = ORIENTED_EDGE ( 'NONE', *, *, #6942, .T. ) ;
#1244 = ADVANCED_FACE ( 'NONE', ( #2678 ), #5805, .T. ) ;
#1245 = ORIENTED_EDGE ( 'NONE', *, *, #4004, .T. ) ;
#1246 = STYLED_ITEM ( 'NONE', ( #8633 ), #667 ) ;
#1247 = EDGE_CURVE ( 'NONE', #1136, #1587, #3847, .T. ) ;
#1248 = CARTESIAN_POINT ( 'NONE',  ( -1.490000000000000200, -2.799999999999999400, -9.840000000000001600 ) ) ;
#1249 = SURFACE_STYLE_FILL_AREA ( #6686 ) ;
#1250 = ORIENTED_EDGE ( 'NONE', *, *, #6430, .T. ) ;
#1251 = ORIENTED_EDGE ( 'NONE', *, *, #1384, .T. ) ;
#1252 = FILL_AREA_STYLE ('',( #3954 ) ) ;
#1253 = LINE ( 'NONE', #6525, #1055 ) ;
#1254 = FILL_AREA_STYLE ('',( #580 ) ) ;
#1255 = DIRECTION ( 'NONE',  ( -0.0000000000000000000, -1.000000000000000000, -0.0000000000000000000 ) ) ;
#1256 = FILL_AREA_STYLE ('',( #3927 ) ) ;
#1257 =( LENGTH_UNIT ( ) NAMED_UNIT ( * ) SI_UNIT ( .MILLI., .METRE. ) );
#1258 = SURFACE_STYLE_FILL_AREA ( #3772 ) ;
#1259 = ORIENTED_EDGE ( 'NONE', *, *, #1669, .T. ) ;
#1260 = COLOUR_RGB ( '',0.7960784313725489700, 0.8235294117647058400, 0.9372549019607843100 ) ;
#1261 =( GEOMETRIC_REPRESENTATION_CONTEXT ( 3 ) GLOBAL_UNCERTAINTY_ASSIGNED_CONTEXT ( ( #461 ) ) GLOBAL_UNIT_ASSIGNED_CONTEXT ( ( #3692, #8302, #4361 ) ) REPRESENTATION_CONTEXT ( 'NONE', 'WORKASPACE' ) );
#1262 = VERTEX_POINT ( 'NONE', #491 ) ;
#1263 = FACE_OUTER_BOUND ( 'NONE', #5078, .T. ) ;
#1264 = DIRECTION ( 'NONE',  ( 0.0000000000000000000, 1.000000000000000000, 0.0000000000000000000 ) ) ;
#1265 = PRESENTATION_LAYER_ASSIGNMENT (  '', '', ( #357 ) ) ;
#1266 = CARTESIAN_POINT ( 'NONE',  ( 0.9499999999999999600, 11.70000000000000100, -15.02000000000000000 ) ) ;
#1267 = PRESENTATION_STYLE_ASSIGNMENT (( #6860 ) ) ;
#1268 = CARTESIAN_POINT ( 'NONE',  ( 0.9499999999999999600, -2.799999999999999400, -2.319999999999999800 ) ) ;
#1269 = EDGE_CURVE ( 'NONE', #8111, #4524, #7144, .T. ) ;
#1270 = EDGE_LOOP ( 'NONE', ( #7925, #8605, #284, #4195 ) ) ;
#1271 = LINE ( 'NONE', #127, #1888 ) ;
#1272 = PLANE ( 'NONE',  #7055 ) ;
#1273 = EDGE_CURVE ( 'NONE', #980, #5268, #2032, .T. ) ;
#1274 = LINE ( 'NONE', #3963, #1083 ) ;
#1275 = PLANE ( 'NONE',  #39 ) ;
#1276 = ORIENTED_EDGE ( 'NONE', *, *, #7356, .T. ) ;
#1277 = MECHANICAL_DESIGN_GEOMETRIC_PRESENTATION_REPRESENTATION (  '', ( #8568 ), #1721 ) ;
#1278 = ORIENTED_EDGE ( 'NONE', *, *, #3095, .T. ) ;
#1279 = SURFACE_SIDE_STYLE ('',( #7446 ) ) ;
#1280 =( LENGTH_UNIT ( ) NAMED_UNIT ( * ) SI_UNIT ( .MILLI., .METRE. ) );
#1281 = UNCERTAINTY_MEASURE_WITH_UNIT (LENGTH_MEASURE( 1.000000000000000100E-005 ), #2434, 'distance_accuracy_value', 'NONE');
#1282 = SURFACE_STYLE_FILL_AREA ( #4285 ) ;
#1283 = CARTESIAN_POINT ( 'NONE',  ( -1.590000000000000300, -2.799999999999999400, -7.400000000000000400 ) ) ;
#1284 = SURFACE_SIDE_STYLE ('',( #6725 ) ) ;
#1285 = AXIS2_PLACEMENT_3D ( 'NONE', #2980, #7618, #3671 ) ;
#1286 = ORIENTED_EDGE ( 'NONE', *, *, #6868, .F. ) ;
#1287 =( GEOMETRIC_REPRESENTATION_CONTEXT ( 3 ) GLOBAL_UNCERTAINTY_ASSIGNED_CONTEXT ( ( #1375 ) ) GLOBAL_UNIT_ASSIGNED_CONTEXT ( ( #735, #5434, #1406 ) ) REPRESENTATION_CONTEXT ( 'NONE', 'WORKASPACE' ) );
#1288 = FILL_AREA_STYLE ('',( #611 ) ) ;
#1289 = LINE ( 'NONE', #4006, #7526 ) ;
#1290 = ADVANCED_FACE ( 'NONE', ( #1831 ), #459, .F. ) ;
#1291 = MECHANICAL_DESIGN_GEOMETRIC_PRESENTATION_REPRESENTATION (  '', ( #8578 ), #1734 ) ;
#1292 = VECTOR ( 'NONE', #4282, 1000.000000000000000 ) ;
#1293 = EDGE_LOOP ( 'NONE', ( #4687, #1025, #892, #7271 ) ) ;
#1294 = DIRECTION ( 'NONE',  ( -0.7071067811865475700, 0.0000000000000000000, 0.7071067811865475700 ) ) ;
#1295 = UNCERTAINTY_MEASURE_WITH_UNIT (LENGTH_MEASURE( 1.000000000000000100E-005 ), #1320, 'distance_accuracy_value', 'NONE');
#1296 = FILL_AREA_STYLE_COLOUR ( '', #3881 ) ;
#1297 =( LENGTH_UNIT ( ) NAMED_UNIT ( * ) SI_UNIT ( .MILLI., .METRE. ) );
#1298 = PLANE ( 'NONE',  #1091 ) ;
#1299 = EDGE_CURVE ( 'NONE', #5004, #7787, #8058, .T. ) ;
#1300 = COLOUR_RGB ( '',0.7921568627450980000, 0.8196078431372548800, 0.9333333333333333500 ) ;
#1301 = EDGE_CURVE ( 'NONE', #5581, #3575, #4766, .T. ) ;
#1302 = PRESENTATION_STYLE_ASSIGNMENT (( #208 ) ) ;
#1303 = ORIENTED_EDGE ( 'NONE', *, *, #5955, .T. ) ;
#1304 = LINE ( 'NONE', #2202, #8151 ) ;
#1305 = DIRECTION ( 'NONE',  ( 0.0000000000000000000, -0.0000000000000000000, -1.000000000000000000 ) ) ;
#1306 = VERTEX_POINT ( 'NONE', #1896 ) ;
#1307 = ORIENTED_EDGE ( 'NONE', *, *, #4461, .T. ) ;
#1308 = AXIS2_PLACEMENT_3D ( 'NONE', #3776, #8390, #4456 ) ;
#1309 =( LENGTH_UNIT ( ) NAMED_UNIT ( * ) SI_UNIT ( .MILLI., .METRE. ) );
#1310 = STYLED_ITEM ( 'NONE', ( #835 ), #5166 ) ;
#1311 =( GEOMETRIC_REPRESENTATION_CONTEXT ( 3 ) GLOBAL_UNCERTAINTY_ASSIGNED_CONTEXT ( ( #3865 ) ) GLOBAL_UNIT_ASSIGNED_CONTEXT ( ( #7551, #3594, #8204 ) ) REPRESENTATION_CONTEXT ( 'NONE', 'WORKASPACE' ) );
#1312 = SURFACE_SIDE_STYLE ('',( #511 ) ) ;
#1313 = LINE ( 'NONE', #8339, #4664 ) ;
#1314 = PLANE ( 'NONE',  #8035 ) ;
#1315 =( NAMED_UNIT ( * ) PLANE_ANGLE_UNIT ( ) SI_UNIT ( $, .RADIAN. ) );
#1316 = ORIENTED_EDGE ( 'NONE', *, *, #53, .T. ) ;
#1317 = VECTOR ( 'NONE', #8320, 1000.000000000000000 ) ;
#1318 = CARTESIAN_POINT ( 'NONE',  ( -1.490000000000000200, 11.70000000000000100, -4.760000000000000700 ) ) ;
#1319 = VECTOR ( 'NONE', #7004, 999.9999999999998900 ) ;
#1320 =( LENGTH_UNIT ( ) NAMED_UNIT ( * ) SI_UNIT ( .MILLI., .METRE. ) );
#1321 = AXIS2_PLACEMENT_3D ( 'NONE', #6846, #2861, #7493 ) ;
#1322 = SURFACE_STYLE_FILL_AREA ( #4763 ) ;
#1323 = DIRECTION ( 'NONE',  ( 0.0000000000000000000, 1.000000000000000000, 0.0000000000000000000 ) ) ;
#1324 = VECTOR ( 'NONE', #4449, 1000.000000000000000 ) ;
#1325 = CARTESIAN_POINT ( 'NONE',  ( -2.539999999999999600, 0.0000000000000000000, -11.86342105263158000 ) ) ;
#1326 = DIRECTION ( 'NONE',  ( 0.7071067811865481300, 0.0000000000000000000, -0.7071067811865470200 ) ) ;
#1327 = ORIENTED_EDGE ( 'NONE', *, *, #2213, .F. ) ;
#1328 = MECHANICAL_DESIGN_GEOMETRIC_PRESENTATION_REPRESENTATION (  '', ( #8618 ), #1774 ) ;
#1329 = LINE ( 'NONE', #3907, #4886 ) ;
#1330 = UNCERTAINTY_MEASURE_WITH_UNIT (LENGTH_MEASURE( 1.000000000000000100E-005 ), #6493, 'distance_accuracy_value', 'NONE');
#1331 = ADVANCED_FACE ( 'NONE', ( #2782 ), #1231, .F. ) ;
#1332 = FILL_AREA_STYLE ('',( #654 ) ) ;
#1333 = ORIENTED_EDGE ( 'NONE', *, *, #2446, .F. ) ;
#1334 = VERTEX_POINT ( 'NONE', #3906 ) ;
#1335 = DIRECTION ( 'NONE',  ( -0.0000000000000000000, 1.000000000000000000, 0.0000000000000000000 ) ) ;
#1336 = EDGE_CURVE ( 'NONE', #6465, #3977, #3945, .T. ) ;
#1337 = CARTESIAN_POINT ( 'NONE',  ( 2.140000000000001500, 1.700000000000000000, 1.270000000000000000 ) ) ;
#1338 = DIRECTION ( 'NONE',  ( 0.7071067811865486800, 0.0000000000000000000, 0.7071067811865464600 ) ) ;
#1339 = DIRECTION ( 'NONE',  ( 1.000000000000000000, 0.0000000000000000000, 0.0000000000000000000 ) ) ;
#1340 = ORIENTED_EDGE ( 'NONE', *, *, #4883, .F. ) ;
#1341 = UNCERTAINTY_MEASURE_WITH_UNIT (LENGTH_MEASURE( 1.000000000000000100E-005 ), #552, 'distance_accuracy_value', 'NONE');
#1342 = ORIENTED_EDGE ( 'NONE', *, *, #5493, .T. ) ;
#1343 = ORIENTED_EDGE ( 'NONE', *, *, #2001, .F. ) ;
#1344 = EDGE_CURVE ( 'NONE', #443, #5245, #2130, .T. ) ;
#1345 = VECTOR ( 'NONE', #3950, 1000.000000000000000 ) ;
#1346 = SURFACE_STYLE_FILL_AREA ( #72 ) ;
#1347 =( GEOMETRIC_REPRESENTATION_CONTEXT ( 3 ) GLOBAL_UNCERTAINTY_ASSIGNED_CONTEXT ( ( #7211 ) ) GLOBAL_UNIT_ASSIGNED_CONTEXT ( ( #4565, #551, #5254 ) ) REPRESENTATION_CONTEXT ( 'NONE', 'WORKASPACE' ) );
#1348 = LINE ( 'NONE', #88, #4908 ) ;
#1349 = DIRECTION ( 'NONE',  ( 0.7071067811865481300, 0.0000000000000000000, -0.7071067811865470200 ) ) ;
#1350 = COLOUR_RGB ( '',0.7960784313725489700, 0.8235294117647058400, 0.9372549019607843100 ) ;
#1351 = VERTEX_POINT ( 'NONE', #5658 ) ;
#1352 = CARTESIAN_POINT ( 'NONE',  ( 1.490000000000000000, 11.70000000000000100, -10.48000000000000200 ) ) ;
#1353 =( LENGTH_UNIT ( ) NAMED_UNIT ( * ) SI_UNIT ( .MILLI., .METRE. ) );
#1354 = LINE ( 'NONE', #5920, #6477 ) ;
#1355 = EDGE_CURVE ( 'NONE', #3674, #7947, #1929, .T. ) ;
#1356 = DIRECTION ( 'NONE',  ( -0.0000000000000000000, -1.000000000000000000, -0.0000000000000000000 ) ) ;
#1357 = VECTOR ( 'NONE', #7189, 1000.000000000000000 ) ;
#1358 = VECTOR ( 'NONE', #4527, 999.9999999999998900 ) ;
#1359 = ORIENTED_EDGE ( 'NONE', *, *, #1383, .T. ) ;
#1360 = SURFACE_STYLE_FILL_AREA ( #1137 ) ;
#1361 = MECHANICAL_DESIGN_GEOMETRIC_PRESENTATION_REPRESENTATION (  '', ( #3 ), #1801 ) ;
#1362 = COLOUR_RGB ( '',0.0000000000000000000, 0.003921568627450980300, 0.09019607843137254800 ) ;
#1363 = ORIENTED_EDGE ( 'NONE', *, *, #4650, .F. ) ;
#1364 = SURFACE_STYLE_USAGE ( .BOTH. , #5384 ) ;
#1365 = VECTOR ( 'NONE', #8599, 1000.000000000000000 ) ;
#1366 = ORIENTED_EDGE ( 'NONE', *, *, #3766, .T. ) ;
#1367 =( LENGTH_UNIT ( ) NAMED_UNIT ( * ) SI_UNIT ( .MILLI., .METRE. ) );
#1368 = DIRECTION ( 'NONE',  ( 0.7372346670543746800, 0.0000000000000000000, -0.6756367705307528800 ) ) ;
#1370 = EDGE_LOOP ( 'NONE', ( #8077, #5773, #1442, #1671 ) ) ;
#1369 = AXIS2_PLACEMENT_3D ( 'NONE', #4948, #946, #5620 ) ;
#1371 = SURFACE_STYLE_FILL_AREA ( #6458 ) ;
#1372 =( GEOMETRIC_REPRESENTATION_CONTEXT ( 3 ) GLOBAL_UNCERTAINTY_ASSIGNED_CONTEXT ( ( #1341 ) ) GLOBAL_UNIT_ASSIGNED_CONTEXT ( ( #552, #5256, #1228 ) ) REPRESENTATION_CONTEXT ( 'NONE', 'WORKASPACE' ) );
#1373 = PLANE ( 'NONE',  #1657 ) ;
#1374 = DIRECTION ( 'NONE',  ( 0.7071067811865487900, 0.0000000000000000000, -0.7071067811865463500 ) ) ;
#1375 = UNCERTAINTY_MEASURE_WITH_UNIT (LENGTH_MEASURE( 1.000000000000000100E-005 ), #735, 'distance_accuracy_value', 'NONE');
#1376 = CARTESIAN_POINT ( 'NONE',  ( 0.9499999999999999600, 11.70000000000000100, -15.45999999999999900 ) ) ;
#1377 = ADVANCED_FACE ( 'NONE', ( #7054 ), #6317, .T. ) ;
#1378 = MECHANICAL_DESIGN_GEOMETRIC_PRESENTATION_REPRESENTATION (  '', ( #17 ), #1812 ) ;
#1379 = STYLED_ITEM ( 'NONE', ( #6251 ), #5587 ) ;
#1380 = SURFACE_STYLE_USAGE ( .BOTH. , #5398 ) ;
#1381 = UNCERTAINTY_MEASURE_WITH_UNIT (LENGTH_MEASURE( 1.000000000000000100E-005 ), #6389, 'distance_accuracy_value', 'NONE');
#1382 = CARTESIAN_POINT ( 'NONE',  ( -1.590000000000000300, -2.799999999999999400, -12.92000000000000200 ) ) ;
#1383 = EDGE_CURVE ( 'NONE', #3154, #1882, #6437, .T. ) ;
#1384 = EDGE_CURVE ( 'NONE', #3696, #2760, #3101, .T. ) ;
#1385 = FACE_OUTER_BOUND ( 'NONE', #3799, .T. ) ;
#1386 = ORIENTED_EDGE ( 'NONE', *, *, #3668, .F. ) ;
#1387 = DIRECTION ( 'NONE',  ( 0.7071067811865477900, 0.0000000000000000000, -0.7071067811865473500 ) ) ;
#1388 = AXIS2_PLACEMENT_3D ( 'NONE', #1664, #6348, #2338 ) ;
#1389 = DIRECTION ( 'NONE',  ( -0.7372346670543746800, -0.0000000000000000000, 0.6756367705307528800 ) ) ;
#1390 = STYLED_ITEM ( 'NONE', ( #3398 ), #7654 ) ;
#1391 = CARTESIAN_POINT ( 'NONE',  ( 1.590000000000000100, 11.70000000000000100, -0.2200000000000001400 ) ) ;
#1392 = FILL_AREA_STYLE_COLOUR ( '', #2636 ) ;
#1393 = VECTOR ( 'NONE', #4530, 1000.000000000000000 ) ;
#1394 = DIRECTION ( 'NONE',  ( 0.7071067811865486800, 0.0000000000000000000, 0.7071067811865464600 ) ) ;
#1395 = FACE_OUTER_BOUND ( 'NONE', #2840, .T. ) ;
#1396 = VERTEX_POINT ( 'NONE', #1039 ) ;
#1397 =( LENGTH_UNIT ( ) NAMED_UNIT ( * ) SI_UNIT ( .MILLI., .METRE. ) );
#1398 =( GEOMETRIC_REPRESENTATION_CONTEXT ( 3 ) GLOBAL_UNCERTAINTY_ASSIGNED_CONTEXT ( ( #5439 ) ) GLOBAL_UNIT_ASSIGNED_CONTEXT ( ( #4672, #657, #5362 ) ) REPRESENTATION_CONTEXT ( 'NONE', 'WORKASPACE' ) );
#1399 =( NAMED_UNIT ( * ) SI_UNIT ( $, .STERADIAN. ) SOLID_ANGLE_UNIT ( ) );
#1400 = UNCERTAINTY_MEASURE_WITH_UNIT (LENGTH_MEASURE( 1.000000000000000100E-005 ), #3180, 'distance_accuracy_value', 'NONE');
#1401 = SURFACE_SIDE_STYLE ('',( #2172 ) ) ;
#1402 = CLOSED_SHELL ( 'NONE', ( #1497, #4160, #2648, #3492, #7942, #5166, #5019, #2187, #588, #1621 ) ) ;
#1403 = PRESENTATION_STYLE_ASSIGNMENT (( #2075 ) ) ;
#1404 = EDGE_CURVE ( 'NONE', #680, #1465, #7955, .T. ) ;
#1405 = CARTESIAN_POINT ( 'NONE',  ( 1.590000000000000100, -2.799999999999999400, -10.38000000000000100 ) ) ;
#1406 =( NAMED_UNIT ( * ) SI_UNIT ( $, .STERADIAN. ) SOLID_ANGLE_UNIT ( ) );
#1407 = SURFACE_SIDE_STYLE ('',( #5545 ) ) ;
#1408 = SURFACE_STYLE_FILL_AREA ( #4777 ) ;
#1409 = EDGE_CURVE ( 'NONE', #2676, #6213, #1118, .T. ) ;
#1410 = VECTOR ( 'NONE', #4471, 1000.000000000000000 ) ;
#1411 = LINE ( 'NONE', #4563, #4762 ) ;
#1412 = ADVANCED_FACE ( 'NONE', ( #8159 ), #7694, .T. ) ;
#1413 = DIRECTION ( 'NONE',  ( -0.7071067811865481300, 0.0000000000000000000, -0.7071067811865470200 ) ) ;
#1414 = CARTESIAN_POINT ( 'NONE',  ( -1.490000000000000000, -2.799999999999999400, -2.860000000000000300 ) ) ;
#1415 = VERTEX_POINT ( 'NONE', #5054 ) ;
#1416 = VECTOR ( 'NONE', #852, 1000.000000000000000 ) ;
#1417 = FILL_AREA_STYLE ('',( #5449 ) ) ;
#1418 =( GEOMETRIC_REPRESENTATION_CONTEXT ( 3 ) GLOBAL_UNCERTAINTY_ASSIGNED_CONTEXT ( ( #8146 ) ) GLOBAL_UNIT_ASSIGNED_CONTEXT ( ( #4768, #768, #5463 ) ) REPRESENTATION_CONTEXT ( 'NONE', 'WORKASPACE' ) );
#1419 = CARTESIAN_POINT ( 'NONE',  ( 1.490000000000000000, -2.799999999999999400, -12.38000000000000300 ) ) ;
#1420 = MECHANICAL_DESIGN_GEOMETRIC_PRESENTATION_REPRESENTATION (  '', ( #531 ), #1869 ) ;
#1421 =( NAMED_UNIT ( * ) PLANE_ANGLE_UNIT ( ) SI_UNIT ( $, .RADIAN. ) );
#1422 = SURFACE_STYLE_USAGE ( .BOTH. , #5453 ) ;
#1423 = ORIENTED_EDGE ( 'NONE', *, *, #7256, .F. ) ;
#1424 = DIRECTION ( 'NONE',  ( 0.7071067811865470200, 0.0000000000000000000, -0.7071067811865481300 ) ) ;
#1425 =( LENGTH_UNIT ( ) NAMED_UNIT ( * ) SI_UNIT ( .MILLI., .METRE. ) );
#1426 = AXIS2_PLACEMENT_3D ( 'NONE', #2787, #7425, #3467 ) ;
#1427 =( GEOMETRIC_REPRESENTATION_CONTEXT ( 3 ) GLOBAL_UNCERTAINTY_ASSIGNED_CONTEXT ( ( #1147 ) ) GLOBAL_UNIT_ASSIGNED_CONTEXT ( ( #8494, #4554, #540 ) ) REPRESENTATION_CONTEXT ( 'NONE', 'WORKASPACE' ) );
#1428 = EDGE_CURVE ( 'NONE', #2454, #2808, #3841, .T. ) ;
#1429 = ORIENTED_EDGE ( 'NONE', *, *, #2030, .T. ) ;
#1430 =( NAMED_UNIT ( * ) SI_UNIT ( $, .STERADIAN. ) SOLID_ANGLE_UNIT ( ) );
#1431 = DIRECTION ( 'NONE',  ( 0.0000000000000000000, 0.0000000000000000000, -1.000000000000000000 ) ) ;
#1432 =( LENGTH_UNIT ( ) NAMED_UNIT ( * ) SI_UNIT ( .MILLI., .METRE. ) );
#1433 = STYLED_ITEM ( 'NONE', ( #3294 ), #7250 ) ;
#1434 = VERTEX_POINT ( 'NONE', #398 ) ;
#1435 = VECTOR ( 'NONE', #226, 999.9999999999998900 ) ;
#1436 = ORIENTED_EDGE ( 'NONE', *, *, #1688, .F. ) ;
#1437 = CARTESIAN_POINT ( 'NONE',  ( 2.140000000000001500, 0.0000000000000000000, -13.97000000000000100 ) ) ;
#1438 =( LENGTH_UNIT ( ) NAMED_UNIT ( * ) SI_UNIT ( .MILLI., .METRE. ) );
#1439 = ORIENTED_EDGE ( 'NONE', *, *, #7333, .F. ) ;
#1440 = CARTESIAN_POINT ( 'NONE',  ( 1.490000000000000000, -2.799999999999999400, -4.760000000000000700 ) ) ;
#1441 = FACE_OUTER_BOUND ( 'NONE', #2385, .T. ) ;
#1442 = ORIENTED_EDGE ( 'NONE', *, *, #8373, .F. ) ;
#1443 = UNCERTAINTY_MEASURE_WITH_UNIT (LENGTH_MEASURE( 1.000000000000000100E-005 ), #1559, 'distance_accuracy_value', 'NONE');
#1444 = STYLED_ITEM ( 'NONE', ( #6680 ), #4207 ) ;
#1445 = COLOUR_RGB ( '',0.7960784313725489700, 0.8235294117647058400, 0.9372549019607843100 ) ;
#1446 = ORIENTED_EDGE ( 'NONE', *, *, #3548, .T. ) ;
#1447 =( NAMED_UNIT ( * ) PLANE_ANGLE_UNIT ( ) SI_UNIT ( $, .RADIAN. ) );
#1448 = MECHANICAL_DESIGN_GEOMETRIC_PRESENTATION_REPRESENTATION (  '', ( #555 ), #1894 ) ;
#1449 = VECTOR ( 'NONE', #2003, 999.9999999999998900 ) ;
#1450 = ORIENTED_EDGE ( 'NONE', *, *, #3608, .T. ) ;
#1451 = VECTOR ( 'NONE', #1177, 1000.000000000000000 ) ;
#1452 = PRESENTATION_LAYER_ASSIGNMENT (  '', '', ( #559 ) ) ;
#1453 = FILL_AREA_STYLE_COLOUR ( '', #3127 ) ;
#1454 =( NAMED_UNIT ( * ) SI_UNIT ( $, .STERADIAN. ) SOLID_ANGLE_UNIT ( ) );
#1455 = ADVANCED_FACE ( 'NONE', ( #249 ), #4447, .F. ) ;
#1456 = VECTOR ( 'NONE', #4611, 1000.000000000000000 ) ;
#1457 = ORIENTED_EDGE ( 'NONE', *, *, #1269, .T. ) ;
#1458 = COLOUR_RGB ( '',0.7960784313725489700, 0.8235294117647058400, 0.9372549019607843100 ) ;
#1459 = ORIENTED_EDGE ( 'NONE', *, *, #3833, .T. ) ;
#1460 = SHAPE_DEFINITION_REPRESENTATION ( #8140, #2233 ) ;
#1461 = EDGE_CURVE ( 'NONE', #2797, #377, #8271, .T. ) ;
#1462 = PLANE ( 'NONE',  #4678 ) ;
#1463 = CARTESIAN_POINT ( 'NONE',  ( -1.590000000000000300, 11.70000000000000100, -2.320000000000000300 ) ) ;
#1464 = FILL_AREA_STYLE ('',( #118 ) ) ;
#1465 = VERTEX_POINT ( 'NONE', #1123 ) ;
#1466 = SURFACE_STYLE_FILL_AREA ( #6362 ) ;
#1467 = FILL_AREA_STYLE_COLOUR ( '', #7576 ) ;
#1468 = DIRECTION ( 'NONE',  ( -0.7071067811865475700, 0.0000000000000000000, 0.7071067811865475700 ) ) ;
#1469 = ORIENTED_EDGE ( 'NONE', *, *, #6002, .F. ) ;
#1470 = VECTOR ( 'NONE', #8135, 1000.000000000000000 ) ;
#1471 = CARTESIAN_POINT ( 'NONE',  ( 1.590000000000000100, -2.799999999999999400, -10.38000000000000100 ) ) ;
#1472 = STYLED_ITEM ( 'NONE', ( #48 ), #1290 ) ;
#1473 = EDGE_LOOP ( 'NONE', ( #6416, #5946, #276, #1738 ) ) ;
#1474 = DIRECTION ( 'NONE',  ( 0.0000000000000000000, 0.0000000000000000000, 1.000000000000000000 ) ) ;
#1475 = PRESENTATION_STYLE_ASSIGNMENT (( #4380 ) ) ;
#1476 = DIRECTION ( 'NONE',  ( 1.000000000000000000, 0.0000000000000000000, 1.232047923278982200E-016 ) ) ;
#1477 = CARTESIAN_POINT ( 'NONE',  ( 0.9499999999999999600, -2.799999999999999400, -2.319999999999999800 ) ) ;
#1478 = SURFACE_STYLE_FILL_AREA ( #898 ) ;
#1479 = CARTESIAN_POINT ( 'NONE',  ( -2.540000000000000000, 0.0000000000000000000, -8.523421052631579900 ) ) ;
#1480 = CARTESIAN_POINT ( 'NONE',  ( -1.050000000000000000, -2.799999999999999400, -9.840000000000001600 ) ) ;
#1481 = STYLED_ITEM ( 'NONE', ( #3854 ), #3529 ) ;
#1482 =( NAMED_UNIT ( * ) PLANE_ANGLE_UNIT ( ) SI_UNIT ( $, .RADIAN. ) );
#1483 = DIRECTION ( 'NONE',  ( -0.7071067811865470200, 0.0000000000000000000, 0.7071067811865481300 ) ) ;
#1484 = FILL_AREA_STYLE_COLOUR ( '', #2183 ) ;
#1485 = PRESENTATION_STYLE_ASSIGNMENT (( #828 ) ) ;
#1486 = MANIFOLD_SOLID_BREP ( 'LPattern3[12]', #1402 ) ;
#1487 = SURFACE_STYLE_FILL_AREA ( #6692 ) ;
#1488 = FACE_OUTER_BOUND ( 'NONE', #6392, .T. ) ;
#1489 = PRESENTATION_LAYER_ASSIGNMENT (  '', '', ( #598 ) ) ;
#1490 =( NAMED_UNIT ( * ) PLANE_ANGLE_UNIT ( ) SI_UNIT ( $, .RADIAN. ) );
#1491 = FACE_OUTER_BOUND ( 'NONE', #7355, .T. ) ;
#1492 = FILL_AREA_STYLE ('',( #4215 ) ) ;
#1493 = CARTESIAN_POINT ( 'NONE',  ( -1.050000000000000000, 11.70000000000000100, -5.400000000000000400 ) ) ;
#1494 = CARTESIAN_POINT ( 'NONE',  ( -2.140000000000000600, 0.0000000000000000000, -3.810000000000000100 ) ) ;
#1495 = VECTOR ( 'NONE', #2200, 1000.000000000000000 ) ;
#1496 = ORIENTED_EDGE ( 'NONE', *, *, #6313, .F. ) ;
#1497 = ADVANCED_FACE ( 'NONE', ( #5917 ), #457, .T. ) ;
#1498 = EDGE_CURVE ( 'NONE', #2474, #2492, #1722, .T. ) ;
#1499 = PLANE ( 'NONE',  #8597 ) ;
#1500 = PRESENTATION_STYLE_ASSIGNMENT (( #6414 ) ) ;
#1501 =( NAMED_UNIT ( * ) PLANE_ANGLE_UNIT ( ) SI_UNIT ( $, .RADIAN. ) );
#1502 = PRESENTATION_LAYER_ASSIGNMENT (  '', '', ( #1077 ) ) ;
#1503 = LINE ( 'NONE', #1504, #5091 ) ;
#1504 = CARTESIAN_POINT ( 'NONE',  ( -2.540000000000000000, 1.700000000000000000, -0.9034210526315790100 ) ) ;
#1505 =( NAMED_UNIT ( * ) PLANE_ANGLE_UNIT ( ) SI_UNIT ( $, .RADIAN. ) );
#1506 = SURFACE_STYLE_USAGE ( .BOTH. , #5531 ) ;
#1507 = LINE ( 'NONE', #6217, #4859 ) ;
#1508 = VERTEX_POINT ( 'NONE', #488 ) ;
#1509 = SURFACE_STYLE_FILL_AREA ( #2227 ) ;
#1510 = AXIS2_PLACEMENT_3D ( 'NONE', #5083, #1067, #5738 ) ;
#1511 = VERTEX_POINT ( 'NONE', #5856 ) ;
#1512 = SURFACE_STYLE_FILL_AREA ( #634 ) ;
#1513 = CARTESIAN_POINT ( 'NONE',  ( -1.490000000000000000, -2.799999999999999400, -15.56000000000000000 ) ) ;
#1514 = SURFACE_STYLE_FILL_AREA ( #6943 ) ;
#1515 = DIRECTION ( 'NONE',  ( -1.000000000000000000, -0.0000000000000000000, -0.0000000000000000000 ) ) ;
#1516 = ORIENTED_EDGE ( 'NONE', *, *, #7791, .T. ) ;
#1517 = VECTOR ( 'NONE', #965, 1000.000000000000000 ) ;
#1518 =( NAMED_UNIT ( * ) SI_UNIT ( $, .STERADIAN. ) SOLID_ANGLE_UNIT ( ) );
#1519 = PRESENTATION_LAYER_ASSIGNMENT (  '', '', ( #630 ) ) ;
#1520 = EDGE_CURVE ( 'NONE', #5875, #7733, #7047, .T. ) ;
#1521 = VECTOR ( 'NONE', #8016, 1000.000000000000000 ) ;
#1522 = VERTEX_POINT ( 'NONE', #1779 ) ;
#1523 = DIRECTION ( 'NONE',  ( 0.0000000000000000000, 1.000000000000000000, 0.0000000000000000000 ) ) ;
#1524 =( NAMED_UNIT ( * ) PLANE_ANGLE_UNIT ( ) SI_UNIT ( $, .RADIAN. ) );
#1525 = MECHANICAL_DESIGN_GEOMETRIC_PRESENTATION_REPRESENTATION (  '', ( #640 ), #1969 ) ;
#1526 = SURFACE_STYLE_FILL_AREA ( #253 ) ;
#1527 = PRESENTATION_LAYER_ASSIGNMENT (  '', '', ( #1105 ) ) ;
#1528 = DIRECTION ( 'NONE',  ( 0.0000000000000000000, 1.000000000000000000, 0.0000000000000000000 ) ) ;
#1529 = ORIENTED_EDGE ( 'NONE', *, *, #3813, .T. ) ;
#1530 = DIRECTION ( 'NONE',  ( -0.7071067811865477900, 0.0000000000000000000, -0.7071067811865473500 ) ) ;
#1531 = COLOUR_RGB ( '',0.7960784313725489700, 0.8235294117647058400, 0.9372549019607843100 ) ;
#1532 = ORIENTED_EDGE ( 'NONE', *, *, #2756, .F. ) ;
#1533 =( LENGTH_UNIT ( ) NAMED_UNIT ( * ) SI_UNIT ( .MILLI., .METRE. ) );
#1534 = ADVANCED_FACE ( 'NONE', ( #3300 ), #7157, .F. ) ;
#1535 =( GEOMETRIC_REPRESENTATION_CONTEXT ( 3 ) GLOBAL_UNCERTAINTY_ASSIGNED_CONTEXT ( ( #7989 ) ) GLOBAL_UNIT_ASSIGNED_CONTEXT ( ( #8406, #4473, #432 ) ) REPRESENTATION_CONTEXT ( 'NONE', 'WORKASPACE' ) );
#1536 = VECTOR ( 'NONE', #8228, 1000.000000000000100 ) ;
#1537 = EDGE_CURVE ( 'NONE', #5876, #1573, #2665, .T. ) ;
#1538 = EDGE_CURVE ( 'NONE', #3436, #7895, #7946, .T. ) ;
#1539 = ORIENTED_EDGE ( 'NONE', *, *, #907, .F. ) ;
#1540 = PLANE ( 'NONE',  #2110 ) ;
#1541 = VERTEX_POINT ( 'NONE', #553 ) ;
#1542 = CARTESIAN_POINT ( 'NONE',  ( 1.590000000000000100, -2.799999999999999400, -5.300000000000000700 ) ) ;
#1543 = DIRECTION ( 'NONE',  ( 0.0000000000000000000, 0.0000000000000000000, 1.000000000000000000 ) ) ;
#1544 = LINE ( 'NONE', #8074, #6660 ) ;
#1545 = VERTEX_POINT ( 'NONE', #1229 ) ;
#1546 = CARTESIAN_POINT ( 'NONE',  ( -0.9499999999999999600, -2.799999999999999400, -15.45999999999999900 ) ) ;
#1547 = VECTOR ( 'NONE', #5929, 1000.000000000000000 ) ;
#1548 = FILL_AREA_STYLE_COLOUR ( '', #5943 ) ;
#1549 = PLANE ( 'NONE',  #5853 ) ;
#1550 = ORIENTED_EDGE ( 'NONE', *, *, #7657, .F. ) ;
#1551 = VECTOR ( 'NONE', #10, 1000.000000000000000 ) ;
#1552 = ORIENTED_EDGE ( 'NONE', *, *, #4178, .F. ) ;
#1553 = UNCERTAINTY_MEASURE_WITH_UNIT (LENGTH_MEASURE( 1.000000000000000100E-005 ), #1432, 'distance_accuracy_value', 'NONE');
#1554 = SURFACE_STYLE_FILL_AREA ( #6994 ) ;
#1555 = ORIENTED_EDGE ( 'NONE', *, *, #7630, .F. ) ;
#1556 = PLANE ( 'NONE',  #2656 ) ;
#1557 = SURFACE_STYLE_FILL_AREA ( #4406 ) ;
#1558 = MECHANICAL_DESIGN_GEOMETRIC_PRESENTATION_REPRESENTATION (  '', ( #211 ), #1997 ) ;
#1559 =( LENGTH_UNIT ( ) NAMED_UNIT ( * ) SI_UNIT ( .MILLI., .METRE. ) );
#1560 = CARTESIAN_POINT ( 'NONE',  ( 0.9499999999999999600, -2.799999999999999400, -10.38000000000000100 ) ) ;
#1561 = VECTOR ( 'NONE', #7807, 1000.000000000000000 ) ;
#1562 = ORIENTED_EDGE ( 'NONE', *, *, #4833, .T. ) ;
#1563 =( LENGTH_UNIT ( ) NAMED_UNIT ( * ) SI_UNIT ( .MILLI., .METRE. ) );
#1564 = CARTESIAN_POINT ( 'NONE',  ( 2.020000000000001400, 0.0000000000000000000, 1.270000000000000000 ) ) ;
#1565 = LINE ( 'NONE', #5975, #3358 ) ;
#1566 = FILL_AREA_STYLE_COLOUR ( '', #6425 ) ;
#1567 = EDGE_CURVE ( 'NONE', #3691, #8531, #6025, .T. ) ;
#1568 = DIRECTION ( 'NONE',  ( -1.000000000000000000, 0.0000000000000000000, 0.0000000000000000000 ) ) ;
#1569 = FILL_AREA_STYLE_COLOUR ( '', #520 ) ;
#1570 = VECTOR ( 'NONE', #5623, 1000.000000000000000 ) ;
#1571 = ORIENTED_EDGE ( 'NONE', *, *, #8167, .F. ) ;
#1572 = EDGE_CURVE ( 'NONE', #6596, #5573, #4260, .T. ) ;
#1573 = VERTEX_POINT ( 'NONE', #3250 ) ;
#1574 = EDGE_CURVE ( 'NONE', #1653, #697, #5819, .T. ) ;
#1575 = CARTESIAN_POINT ( 'NONE',  ( -2.019999999999999600, 0.2999999999999999900, -1.270000000000000000 ) ) ;
#1576 = ORIENTED_EDGE ( 'NONE', *, *, #505, .F. ) ;
#1577 = FILL_AREA_STYLE ('',( #4917 ) ) ;
#1578 =( NAMED_UNIT ( * ) SI_UNIT ( $, .STERADIAN. ) SOLID_ANGLE_UNIT ( ) );
#1579 = COLOUR_RGB ( '',0.7960784313725489700, 0.8235294117647058400, 0.9372549019607843100 ) ;
#1580 = ADVANCED_FACE ( 'NONE', ( #4469 ), #7214, .F. ) ;
#1581 = MECHANICAL_DESIGN_GEOMETRIC_PRESENTATION_REPRESENTATION (  '', ( #230 ), #2016 ) ;
#1582 = SURFACE_STYLE_FILL_AREA ( #3474 ) ;
#1584 = PRESENTATION_STYLE_ASSIGNMENT (( #5105 ) ) ;
#1583 =( GEOMETRIC_REPRESENTATION_CONTEXT ( 3 ) GLOBAL_UNCERTAINTY_ASSIGNED_CONTEXT ( ( #5070 ) ) GLOBAL_UNIT_ASSIGNED_CONTEXT ( ( #6203, #2163, #6847 ) ) REPRESENTATION_CONTEXT ( 'NONE', 'WORKASPACE' ) );
#1585 = SURFACE_STYLE_USAGE ( .BOTH. , #5600 ) ;
#1586 = STYLED_ITEM ( 'NONE', ( #6584 ), #2425 ) ;
#1587 = VERTEX_POINT ( 'NONE', #8547 ) ;
#1588 = DIRECTION ( 'NONE',  ( -1.000000000000000000, -0.0000000000000000000, -0.0000000000000000000 ) ) ;
#1589 = VECTOR ( 'NONE', #2697, 1000.000000000000100 ) ;
#1590 = STYLED_ITEM ( 'NONE', ( #37 ), #5993 ) ;
#1591 = MANIFOLD_SOLID_BREP ( 'LPattern3[8]', #7677 ) ;
#1592 = LINE ( 'NONE', #963, #6710 ) ;
#1593 = ORIENTED_EDGE ( 'NONE', *, *, #6612, .T. ) ;
#1594 = SURFACE_SIDE_STYLE ('',( #6822 ) ) ;
#1595 = MECHANICAL_DESIGN_GEOMETRIC_PRESENTATION_REPRESENTATION (  '', ( #242 ), #2029 ) ;
#1596 = CARTESIAN_POINT ( 'NONE',  ( 1.490000000000000000, -2.799999999999999400, 0.3199999999999999000 ) ) ;
#1597 = DIRECTION ( 'NONE',  ( -0.0000000000000000000, -1.000000000000000000, -0.0000000000000000000 ) ) ;
#1598 = DIRECTION ( 'NONE',  ( 0.7071067811865474600, 0.0000000000000000000, 0.7071067811865474600 ) ) ;
#1599 = VECTOR ( 'NONE', #5155, 1000.000000000000100 ) ;
#1600 = VECTOR ( 'NONE', #106, 1000.000000000000000 ) ;
#1601 = ORIENTED_EDGE ( 'NONE', *, *, #2123, .T. ) ;
#1602 = PRESENTATION_STYLE_ASSIGNMENT (( #8241 ) ) ;
#1603 =( LENGTH_UNIT ( ) NAMED_UNIT ( * ) SI_UNIT ( .MILLI., .METRE. ) );
#1604 = DIRECTION ( 'NONE',  ( -0.0000000000000000000, -0.0000000000000000000, -1.000000000000000000 ) ) ;
#1605 =( NAMED_UNIT ( * ) PLANE_ANGLE_UNIT ( ) SI_UNIT ( $, .RADIAN. ) );
#1606 = VECTOR ( 'NONE', #6302, 1000.000000000000000 ) ;
#1607 = FACE_OUTER_BOUND ( 'NONE', #1789, .T. ) ;
#1608 = VECTOR ( 'NONE', #2679, 1000.000000000000000 ) ;
#1609 = STYLED_ITEM ( 'NONE', ( #8129 ), #92 ) ;
#1610 = FILL_AREA_STYLE ('',( #4308 ) ) ;
#1611 = AXIS2_PLACEMENT_3D ( 'NONE', #3631, #8246, #4319 ) ;
#1612 = FACE_OUTER_BOUND ( 'NONE', #86, .T. ) ;
#1613 = DIRECTION ( 'NONE',  ( 0.7071067811865473500, -0.0000000000000000000, 0.7071067811865477900 ) ) ;
#1614 = CARTESIAN_POINT ( 'NONE',  ( 1.050000000000000000, -2.799999999999999400, -13.02000000000000100 ) ) ;
#1615 = DIRECTION ( 'NONE',  ( 0.0000000000000000000, 1.000000000000000000, 0.0000000000000000000 ) ) ;
#1616 = PLANE ( 'NONE',  #6423 ) ;
#1617 = LINE ( 'NONE', #6826, #3412 ) ;
#1618 = CARTESIAN_POINT ( 'NONE',  ( -1.590000000000000300, -2.799999999999999400, -0.2200000000000002500 ) ) ;
#1619 = CARTESIAN_POINT ( 'NONE',  ( -2.019999999999999600, 0.2999999999999999900, -16.51000000000000200 ) ) ;
#1620 =( LENGTH_UNIT ( ) NAMED_UNIT ( * ) SI_UNIT ( .MILLI., .METRE. ) );
#1621 = ADVANCED_FACE ( 'NONE', ( #1607 ), #583, .F. ) ;
#1622 = ORIENTED_EDGE ( 'NONE', *, *, #5357, .T. ) ;
#1623 = EDGE_CURVE ( 'NONE', #3582, #1545, #3925, .T. ) ;
#1624 = EDGE_LOOP ( 'NONE', ( #6781, #4549, #4127, #736 ) ) ;
#1625 = SURFACE_STYLE_USAGE ( .BOTH. , #5656 ) ;
#1626 =( NAMED_UNIT ( * ) PLANE_ANGLE_UNIT ( ) SI_UNIT ( $, .RADIAN. ) );
#1627 = ORIENTED_EDGE ( 'NONE', *, *, #5349, .T. ) ;
#1628 = PRESENTATION_STYLE_ASSIGNMENT (( #7698 ) ) ;
#1629 =( NAMED_UNIT ( * ) SI_UNIT ( $, .STERADIAN. ) SOLID_ANGLE_UNIT ( ) );
#1630 = DIRECTION ( 'NONE',  ( 0.7071067811865486800, 0.0000000000000000000, -0.7071067811865463500 ) ) ;
#1631 = PLANE ( 'NONE',  #2534 ) ;
#1632 = ORIENTED_EDGE ( 'NONE', *, *, #4938, .T. ) ;
#1633 = LINE ( 'NONE', #1887, #6753 ) ;
#1634 = VERTEX_POINT ( 'NONE', #4677 ) ;
#1635 = COLOUR_RGB ( '',0.0000000000000000000, 0.003921568627450980300, 0.09019607843137254800 ) ;
#1636 = ORIENTED_EDGE ( 'NONE', *, *, #6945, .T. ) ;
#1637 = COLOUR_RGB ( '',0.7960784313725489700, 0.8235294117647058400, 0.9372549019607843100 ) ;
#1638 = ORIENTED_EDGE ( 'NONE', *, *, #3349, .T. ) ;
#1639 = DIRECTION ( 'NONE',  ( -0.0000000000000000000, -0.0000000000000000000, -1.000000000000000000 ) ) ;
#1640 = FACE_OUTER_BOUND ( 'NONE', #6263, .T. ) ;
#1641 = DIRECTION ( 'NONE',  ( 0.0000000000000000000, 1.000000000000000000, 0.0000000000000000000 ) ) ;
#1642 = MECHANICAL_DESIGN_GEOMETRIC_PRESENTATION_REPRESENTATION (  '', ( #293 ), #2082 ) ;
#1643 = ORIENTED_EDGE ( 'NONE', *, *, #7226, .F. ) ;
#1644 =( GEOMETRIC_REPRESENTATION_CONTEXT ( 3 ) GLOBAL_UNCERTAINTY_ASSIGNED_CONTEXT ( ( #3826 ) ) GLOBAL_UNIT_ASSIGNED_CONTEXT ( ( #753, #6118, #2080 ) ) REPRESENTATION_CONTEXT ( 'NONE', 'WORKASPACE' ) );
#1645 = CARTESIAN_POINT ( 'NONE',  ( 1.050000000000000000, -2.799999999999999400, -7.299999999999999800 ) ) ;
#1646 = LINE ( 'NONE', #5568, #5238 ) ;
#1647 = ORIENTED_EDGE ( 'NONE', *, *, #3068, .F. ) ;
#1648 = LINE ( 'NONE', #7316, #3438 ) ;
#1649 = COLOUR_RGB ( '',0.7960784313725489700, 0.8235294117647058400, 0.9372549019607843100 ) ;
#1650 = ORIENTED_EDGE ( 'NONE', *, *, #513, .T. ) ;
#1651 = DIRECTION ( 'NONE',  ( 0.0000000000000000000, 1.000000000000000000, 0.0000000000000000000 ) ) ;
#1652 = PRESENTATION_LAYER_ASSIGNMENT (  '', '', ( #765 ) ) ;
#1653 = VERTEX_POINT ( 'NONE', #5374 ) ;
#1654 =( LENGTH_UNIT ( ) NAMED_UNIT ( * ) SI_UNIT ( .MILLI., .METRE. ) );
#1655 = DIRECTION ( 'NONE',  ( 0.7071067811865486800, 0.0000000000000000000, -0.7071067811865463500 ) ) ;
#1656 = PRESENTATION_STYLE_ASSIGNMENT (( #1104 ) ) ;
#1657 = AXIS2_PLACEMENT_3D ( 'NONE', #42, #4738, #727 ) ;
#1658 = ORIENTED_EDGE ( 'NONE', *, *, #6338, .T. ) ;
#1659 = ORIENTED_EDGE ( 'NONE', *, *, #6318, .F. ) ;
#1660 = VECTOR ( 'NONE', #2479, 1000.000000000000000 ) ;
#1661 = FACE_OUTER_BOUND ( 'NONE', #6611, .T. ) ;
#1662 = CARTESIAN_POINT ( 'NONE',  ( 2.540000000000000900, 0.0000000000000000000, -0.8700000000000006600 ) ) ;
#1663 = DIRECTION ( 'NONE',  ( 0.0000000000000000000, 1.000000000000000000, 0.0000000000000000000 ) ) ;
#1664 = CARTESIAN_POINT ( 'NONE',  ( 0.9499999999999999600, -2.799999999999999400, -7.400000000000000400 ) ) ;
#1665 = UNCERTAINTY_MEASURE_WITH_UNIT (LENGTH_MEASURE( 1.000000000000000100E-005 ), #454, 'distance_accuracy_value', 'NONE');
#1666 = DIRECTION ( 'NONE',  ( 0.6782059721786389800, 0.0000000000000000000, 0.7348718659067220400 ) ) ;
#1667 = VECTOR ( 'NONE', #6574, 1000.000000000000000 ) ;
#1668 = ORIENTED_EDGE ( 'NONE', *, *, #8508, .F. ) ;
#1669 = EDGE_CURVE ( 'NONE', #7104, #1037, #5700, .T. ) ;
#1670 = LINE ( 'NONE', #2259, #3460 ) ;
#1671 = ORIENTED_EDGE ( 'NONE', *, *, #8508, .T. ) ;
#1672 = PRESENTATION_STYLE_ASSIGNMENT (( #4491 ) ) ;
#1673 = VECTOR ( 'NONE', #6060, 1000.000000000000000 ) ;
#1674 = ADVANCED_FACE ( 'NONE', ( #343 ), #1996, .F. ) ;
#1675 = FACE_OUTER_BOUND ( 'NONE', #5669, .T. ) ;
#1676 =( LENGTH_UNIT ( ) NAMED_UNIT ( * ) SI_UNIT ( .MILLI., .METRE. ) );
#1677 = ORIENTED_EDGE ( 'NONE', *, *, #6447, .T. ) ;
#1678 = DIRECTION ( 'NONE',  ( -0.7071067811865489100, -0.0000000000000000000, 0.7071067811865462400 ) ) ;
#1679 = ORIENTED_EDGE ( 'NONE', *, *, #7923, .T. ) ;
#1680 = STYLED_ITEM ( 'NONE', ( #703 ), #4794 ) ;
#1681 = ORIENTED_EDGE ( 'NONE', *, *, #2957, .F. ) ;
#1682 = CARTESIAN_POINT ( 'NONE',  ( 1.050000000000000000, 11.70000000000000100, -12.38000000000000300 ) ) ;
#1683 = LINE ( 'NONE', #8079, #6798 ) ;
#1684 = ORIENTED_EDGE ( 'NONE', *, *, #6165, .T. ) ;
#1685 = SURFACE_STYLE_USAGE ( .BOTH. , #5698 ) ;
#1686 = ORIENTED_EDGE ( 'NONE', *, *, #4462, .F. ) ;
#1687 =( NAMED_UNIT ( * ) SI_UNIT ( $, .STERADIAN. ) SOLID_ANGLE_UNIT ( ) );
#1688 = EDGE_CURVE ( 'NONE', #2604, #3010, #6615, .T. ) ;
#1689 = PLANE ( 'NONE',  #4741 ) ;
#1690 = FILL_AREA_STYLE_COLOUR ( '', #7021 ) ;
#1691 =( NAMED_UNIT ( * ) SI_UNIT ( $, .STERADIAN. ) SOLID_ANGLE_UNIT ( ) );
#1692 = VECTOR ( 'NONE', #4328, 1000.000000000000000 ) ;
#1693 = VECTOR ( 'NONE', #205, 1000.000000000000100 ) ;
#1694 = AXIS2_PLACEMENT_3D ( 'NONE', #5867, #1842, #6524 ) ;
#1695 = EDGE_CURVE ( 'NONE', #6658, #2195, #4853, .T. ) ;
#1696 = CARTESIAN_POINT ( 'NONE',  ( -2.540000000000000000, 1.700000000000000000, -0.9034210526315790100 ) ) ;
#1697 = DIRECTION ( 'NONE',  ( -0.0000000000000000000, -0.0000000000000000000, 1.000000000000000000 ) ) ;
#1698 = FACE_OUTER_BOUND ( 'NONE', #3729, .T. ) ;
#1699 = SURFACE_SIDE_STYLE ('',( #2793 ) ) ;
#1700 = VECTOR ( 'NONE', #8154, 1000.000000000000000 ) ;
#1701 = ORIENTED_EDGE ( 'NONE', *, *, #6078, .F. ) ;
#1702 = STYLED_ITEM ( 'NONE', ( #7619 ), #8251 ) ;
#1703 = FILL_AREA_STYLE_COLOUR ( '', #308 ) ;
#1704 = SURFACE_STYLE_USAGE ( .BOTH. , #5724 ) ;
#1705 = MANIFOLD_SOLID_BREP ( 'LPattern3[11]', #8349 ) ;
#1706 = VECTOR ( 'NONE', #1528, 1000.000000000000000 ) ;
#1707 = ORIENTED_EDGE ( 'NONE', *, *, #1112, .T. ) ;
#1708 = MECHANICAL_DESIGN_GEOMETRIC_PRESENTATION_REPRESENTATION (  '', ( #357 ), #2143 ) ;
#1709 = VECTOR ( 'NONE', #4431, 1000.000000000000100 ) ;
#1710 = EDGE_CURVE ( 'NONE', #7964, #7792, #7537, .T. ) ;
#1711 = EDGE_CURVE ( 'NONE', #1933, #8416, #661, .T. ) ;
#1712 = VERTEX_POINT ( 'NONE', #8033 ) ;
#1713 = FILL_AREA_STYLE_COLOUR ( '', #5608 ) ;
#1714 = DIRECTION ( 'NONE',  ( 0.0000000000000000000, -1.000000000000000000, 0.0000000000000000000 ) ) ;
#1715 = UNCERTAINTY_MEASURE_WITH_UNIT (LENGTH_MEASURE( 1.000000000000000100E-005 ), #2415, 'distance_accuracy_value', 'NONE');
#1716 = SURFACE_SIDE_STYLE ('',( #1557 ) ) ;
#1717 = ADVANCED_FACE ( 'NONE', ( #7320 ), #754, .F. ) ;
#1718 = VECTOR ( 'NONE', #8426, 999.9999999999998900 ) ;
#1719 = ORIENTED_EDGE ( 'NONE', *, *, #5615, .T. ) ;
#1720 = CARTESIAN_POINT ( 'NONE',  ( -0.9499999999999999600, 11.70000000000000100, -0.2199999999999999700 ) ) ;
#1721 =( GEOMETRIC_REPRESENTATION_CONTEXT ( 3 ) GLOBAL_UNCERTAINTY_ASSIGNED_CONTEXT ( ( #7017 ) ) GLOBAL_UNIT_ASSIGNED_CONTEXT ( ( #3700, #8306, #4366 ) ) REPRESENTATION_CONTEXT ( 'NONE', 'WORKASPACE' ) );
#1722 = LINE ( 'NONE', #5197, #5300 ) ;
#1723 =( NAMED_UNIT ( * ) SI_UNIT ( $, .STERADIAN. ) SOLID_ANGLE_UNIT ( ) );
#1724 = CARTESIAN_POINT ( 'NONE',  ( -1.590000000000000300, -2.799999999999999400, -12.92000000000000200 ) ) ;
#1725 = SURFACE_STYLE_USAGE ( .BOTH. , #5743 ) ;
#1726 = DIRECTION ( 'NONE',  ( -0.0000000000000000000, -0.0000000000000000000, -1.000000000000000000 ) ) ;
#1727 = CARTESIAN_POINT ( 'NONE',  ( -2.540000000000000000, 1.700000000000000000, -13.60342105263158000 ) ) ;
#1728 = PLANE ( 'NONE',  #2317 ) ;
#1729 = VECTOR ( 'NONE', #1597, 1000.000000000000000 ) ;
#1730 = PRESENTATION_LAYER_ASSIGNMENT (  '', '', ( #843 ) ) ;
#1731 = STYLED_ITEM ( 'NONE', ( #3155 ), #306 ) ;
#1732 = PLANE ( 'NONE',  #8576 ) ;
#1733 = SURFACE_SIDE_STYLE ('',( #8571 ) ) ;
#1734 =( GEOMETRIC_REPRESENTATION_CONTEXT ( 3 ) GLOBAL_UNCERTAINTY_ASSIGNED_CONTEXT ( ( #5679 ) ) GLOBAL_UNIT_ASSIGNED_CONTEXT ( ( #4864, #870, #5550 ) ) REPRESENTATION_CONTEXT ( 'NONE', 'WORKASPACE' ) );
#1735 = ORIENTED_EDGE ( 'NONE', *, *, #7205, .T. ) ;
#1736 = SURFACE_STYLE_FILL_AREA ( #5174 ) ;
#1737 = EDGE_CURVE ( 'NONE', #3582, #412, #2447, .T. ) ;
#1738 = ORIENTED_EDGE ( 'NONE', *, *, #4724, .T. ) ;
#1739 = EDGE_CURVE ( 'NONE', #401, #8619, #6717, .T. ) ;
#1740 = DIRECTION ( 'NONE',  ( 1.000000000000000000, 0.0000000000000000000, 0.0000000000000000000 ) ) ;
#1741 = PRESENTATION_STYLE_ASSIGNMENT (( #5333 ) ) ;
#1742 = CARTESIAN_POINT ( 'NONE',  ( 1.050000000000000000, -2.799999999999999400, 0.3199999999999999000 ) ) ;
#1743 = VECTOR ( 'NONE', #3614, 1000.000000000000000 ) ;
#1744 =( LENGTH_UNIT ( ) NAMED_UNIT ( * ) SI_UNIT ( .MILLI., .METRE. ) );
#1745 = VERTEX_POINT ( 'NONE', #2109 ) ;
#1746 =( NAMED_UNIT ( * ) SI_UNIT ( $, .STERADIAN. ) SOLID_ANGLE_UNIT ( ) );
#1747 = SURFACE_STYLE_USAGE ( .BOTH. , #5778 ) ;
#1748 = ORIENTED_EDGE ( 'NONE', *, *, #3035, .T. ) ;
#1749 = LINE ( 'NONE', #4778, #5129 ) ;
#1750 = PRESENTATION_LAYER_ASSIGNMENT (  '', '', ( #869 ) ) ;
#1751 = SURFACE_SIDE_STYLE ('',( #7061 ) ) ;
#1752 = SURFACE_STYLE_FILL_AREA ( #8243 ) ;
#1753 = CARTESIAN_POINT ( 'NONE',  ( 1.490000000000000000, 11.70000000000000100, 0.3199999999999999000 ) ) ;
#1754 = AXIS2_PLACEMENT_3D ( 'NONE', #3330, #7950, #4020 ) ;
#1755 = ORIENTED_EDGE ( 'NONE', *, *, #4947, .F. ) ;
#1756 = ADVANCED_FACE ( 'NONE', ( #1395 ), #5486, .T. ) ;
#1757 = VECTOR ( 'NONE', #469, 1000.000000000000000 ) ;
#1758 = ORIENTED_EDGE ( 'NONE', *, *, #6226, .F. ) ;
#1759 = CARTESIAN_POINT ( 'NONE',  ( 0.0000000000000000000, 11.70000000000000100, 0.0000000000000000000 ) ) ;
#1760 = VERTEX_POINT ( 'NONE', #7441 ) ;
#1761 = VECTOR ( 'NONE', #7868, 1000.000000000000000 ) ;
#1762 =( NAMED_UNIT ( * ) PLANE_ANGLE_UNIT ( ) SI_UNIT ( $, .RADIAN. ) );
#1763 = CARTESIAN_POINT ( 'NONE',  ( -1.050000000000000000, 11.70000000000000100, -7.299999999999999800 ) ) ;
#1764 = EDGE_LOOP ( 'NONE', ( #2197, #8315, #8078, #6127 ) ) ;
#1765 = LINE ( 'NONE', #724, #5141 ) ;
#1766 = PRESENTATION_LAYER_ASSIGNMENT (  '', '', ( #881 ) ) ;
#1767 = DIRECTION ( 'NONE',  ( 0.0000000000000000000, 0.0000000000000000000, 1.000000000000000000 ) ) ;
#1768 = ORIENTED_EDGE ( 'NONE', *, *, #943, .T. ) ;
#1769 = ORIENTED_EDGE ( 'NONE', *, *, #7771, .T. ) ;
#1770 = ORIENTED_EDGE ( 'NONE', *, *, #5461, .F. ) ;
#1771 = DIRECTION ( 'NONE',  ( 0.7071067811865486800, 0.0000000000000000000, -0.7071067811865463500 ) ) ;
#1772 = DIRECTION ( 'NONE',  ( 0.0000000000000000000, 1.000000000000000000, 0.0000000000000000000 ) ) ;
#1773 = SURFACE_STYLE_USAGE ( .BOTH. , #5796 ) ;
#1774 =( GEOMETRIC_REPRESENTATION_CONTEXT ( 3 ) GLOBAL_UNCERTAINTY_ASSIGNED_CONTEXT ( ( #5225 ) ) GLOBAL_UNIT_ASSIGNED_CONTEXT ( ( #8476, #4538, #517 ) ) REPRESENTATION_CONTEXT ( 'NONE', 'WORKASPACE' ) );
#1775 = COLOUR_RGB ( '',0.7960784313725489700, 0.8235294117647058400, 0.9372549019607843100 ) ;
#1776 = UNCERTAINTY_MEASURE_WITH_UNIT (LENGTH_MEASURE( 1.000000000000000100E-005 ), #214, 'distance_accuracy_value', 'NONE');
#1777 = ORIENTED_EDGE ( 'NONE', *, *, #2448, .F. ) ;
#1778 = FILL_AREA_STYLE_COLOUR ( '', #3461 ) ;
#1779 = CARTESIAN_POINT ( 'NONE',  ( 2.020000000000001800, 0.2999999999999999300, -16.51000000000000200 ) ) ;
#1780 = VECTOR ( 'NONE', #252, 1000.000000000000000 ) ;
#1781 = EDGE_CURVE ( 'NONE', #5573, #4583, #771, .T. ) ;
#1782 = DIRECTION ( 'NONE',  ( -0.6782059721786390900, 0.0000000000000000000, -0.7348718659067219300 ) ) ;
#1783 = CARTESIAN_POINT ( 'NONE',  ( 1.590000000000000100, -2.799999999999999400, -15.02000000000000000 ) ) ;
#1784 = FILL_AREA_STYLE_COLOUR ( '', #2851 ) ;
#1785 = PLANE ( 'NONE',  #5028 ) ;
#1786 = EDGE_LOOP ( 'NONE', ( #2371, #3148, #3446, #2344 ) ) ;
#1787 = STYLED_ITEM ( 'NONE', ( #8255 ), #1756 ) ;
#1788 = ORIENTED_EDGE ( 'NONE', *, *, #5294, .F. ) ;
#1789 = EDGE_LOOP ( 'NONE', ( #8182, #3652, #1303, #2160, #7795, #5470, #8189, #466 ) ) ;
#1790 = CARTESIAN_POINT ( 'NONE',  ( 2.140000000000001500, 1.700000000000000000, -13.97000000000000100 ) ) ;
#1791 = EDGE_CURVE ( 'NONE', #4111, #7716, #4348, .T. ) ;
#1792 = SURFACE_STYLE_USAGE ( .BOTH. , #5816 ) ;
#1793 = ORIENTED_EDGE ( 'NONE', *, *, #604, .F. ) ;
#1794 = ORIENTED_EDGE ( 'NONE', *, *, #859, .T. ) ;
#1795 = LINE ( 'NONE', #2206, #3370 ) ;
#1796 = LINE ( 'NONE', #1437, #5177 ) ;
#1797 = COLOUR_RGB ( '',0.7921568627450980000, 0.8196078431372548800, 0.9333333333333333500 ) ;
#1798 = EDGE_CURVE ( 'NONE', #5288, #2333, #5900, .T. ) ;
#1799 = DIRECTION ( 'NONE',  ( 1.000000000000000000, 0.0000000000000000000, 1.232047923278982200E-016 ) ) ;
#1800 = ADVANCED_FACE ( 'NONE', ( #2332 ), #2164, .T. ) ;
#1801 =( GEOMETRIC_REPRESENTATION_CONTEXT ( 3 ) GLOBAL_UNCERTAINTY_ASSIGNED_CONTEXT ( ( #76 ) ) GLOBAL_UNIT_ASSIGNED_CONTEXT ( ( #7484, #3526, #8137 ) ) REPRESENTATION_CONTEXT ( 'NONE', 'WORKASPACE' ) );
#1802 = ORIENTED_EDGE ( 'NONE', *, *, #1781, .F. ) ;
#1803 = CARTESIAN_POINT ( 'NONE',  ( -1.490000000000000000, -2.799999999999999400, -5.400000000000000400 ) ) ;
#1804 =( LENGTH_UNIT ( ) NAMED_UNIT ( * ) SI_UNIT ( .MILLI., .METRE. ) );
#1805 =( LENGTH_UNIT ( ) NAMED_UNIT ( * ) SI_UNIT ( .MILLI., .METRE. ) );
#1806 = SURFACE_STYLE_USAGE ( .BOTH. , #5834 ) ;
#1807 = PLANE ( 'NONE',  #7671 ) ;
#1808 = ORIENTED_EDGE ( 'NONE', *, *, #5143, .F. ) ;
#1809 = PRESENTATION_LAYER_ASSIGNMENT (  '', '', ( #928 ) ) ;
#1810 = CARTESIAN_POINT ( 'NONE',  ( -2.539999999999999600, 0.0000000000000000000, 0.8365789473684214200 ) ) ;
#1811 = SURFACE_SIDE_STYLE ('',( #7704 ) ) ;
#1812 =( GEOMETRIC_REPRESENTATION_CONTEXT ( 3 ) GLOBAL_UNCERTAINTY_ASSIGNED_CONTEXT ( ( #2005 ) ) GLOBAL_UNIT_ASSIGNED_CONTEXT ( ( #2642, #7277, #3313 ) ) REPRESENTATION_CONTEXT ( 'NONE', 'WORKASPACE' ) );
#1813 = VECTOR ( 'NONE', #4224, 1000.000000000000000 ) ;
#1814 = AXIS2_PLACEMENT_3D ( 'NONE', #7195, #3216, #7857 ) ;
#1815 = DIRECTION ( 'NONE',  ( 0.0000000000000000000, 1.000000000000000000, 0.0000000000000000000 ) ) ;
#1816 = UNCERTAINTY_MEASURE_WITH_UNIT (LENGTH_MEASURE( 1.000000000000000100E-005 ), #6620, 'distance_accuracy_value', 'NONE');
#1817 = STYLED_ITEM ( 'NONE', ( #1011 ), #6540 ) ;
#1818 = EDGE_CURVE ( 'NONE', #1201, #5229, #8566, .T. ) ;
#1819 = ORIENTED_EDGE ( 'NONE', *, *, #4650, .T. ) ;
#1820 = LINE ( 'NONE', #5704, #5403 ) ;
#1821 = VECTOR ( 'NONE', #1424, 1000.000000000000000 ) ;
#1822 = PLANE ( 'NONE',  #3367 ) ;
#1823 = ORIENTED_EDGE ( 'NONE', *, *, #4717, .F. ) ;
#1824 = EDGE_CURVE ( 'NONE', #6823, #5458, #5081, .T. ) ;
#1825 = PRESENTATION_LAYER_ASSIGNMENT (  '', '', ( #954 ) ) ;
#1826 = SURFACE_STYLE_USAGE ( .BOTH. , #5854 ) ;
#1827 = AXIS2_PLACEMENT_3D ( 'NONE', #7577, #3620, #8238 ) ;
#1828 = DIRECTION ( 'NONE',  ( 0.7071067811865477900, 0.0000000000000000000, -0.7071067811865473500 ) ) ;
#1829 = DIRECTION ( 'NONE',  ( 0.6782059721786389800, 0.0000000000000000000, 0.7348718659067220400 ) ) ;
#1830 = SURFACE_STYLE_FILL_AREA ( #5911 ) ;
#1831 = FACE_OUTER_BOUND ( 'NONE', #7802, .T. ) ;
#1832 = PLANE ( 'NONE',  #8223 ) ;
#1833 = CARTESIAN_POINT ( 'NONE',  ( -1.590000000000000300, -2.799999999999999400, -7.400000000000000400 ) ) ;
#1834 = CARTESIAN_POINT ( 'NONE',  ( 0.0000000000000000000, -2.799999999999999400, -7.620000000000000100 ) ) ;
#1835 = COLOUR_RGB ( '',0.7960784313725489700, 0.8235294117647058400, 0.9372549019607843100 ) ;
#1836 = ORIENTED_EDGE ( 'NONE', *, *, #7356, .F. ) ;
#1837 = CARTESIAN_POINT ( 'NONE',  ( 1.050000000000000000, -2.799999999999999400, -10.48000000000000200 ) ) ;
#1838 = FACE_OUTER_BOUND ( 'NONE', #4959, .T. ) ;
#1839 = FACE_OUTER_BOUND ( 'NONE', #8300, .T. ) ;
#1840 = CARTESIAN_POINT ( 'NONE',  ( -2.140000000000000600, 0.0000000000000000000, -11.43000000000000100 ) ) ;
#1841 = VERTEX_POINT ( 'NONE', #4258 ) ;
#1842 = DIRECTION ( 'NONE',  ( 0.0000000000000000000, 0.0000000000000000000, -1.000000000000000000 ) ) ;
#1843 = DIRECTION ( 'NONE',  ( 0.7071067811865477900, 0.0000000000000000000, -0.7071067811865473500 ) ) ;
#1844 = EDGE_CURVE ( 'NONE', #2417, #1541, #6610, .T. ) ;
#1845 = LINE ( 'NONE', #7847, #3424 ) ;
#1846 = VERTEX_POINT ( 'NONE', #8177 ) ;
#1847 = LINE ( 'NONE', #975, #6975 ) ;
#1848 = VERTEX_POINT ( 'NONE', #5584 ) ;
#1849 = VECTOR ( 'NONE', #2435, 1000.000000000000000 ) ;
#1850 = VERTEX_POINT ( 'NONE', #1564 ) ;
#1851 = STYLED_ITEM ( 'NONE', ( #6088 ), #543 ) ;
#1852 = EDGE_CURVE ( 'NONE', #6711, #4882, #8138, .T. ) ;
#1853 = PRESENTATION_STYLE_ASSIGNMENT (( #2574 ) ) ;
#1854 = VERTEX_POINT ( 'NONE', #6254 ) ;
#1855 = ORIENTED_EDGE ( 'NONE', *, *, #7458, .F. ) ;
#1856 = DIRECTION ( 'NONE',  ( 0.0000000000000000000, 0.0000000000000000000, 1.000000000000000000 ) ) ;
#1857 = PLANE ( 'NONE',  #755 ) ;
#1858 = LINE ( 'NONE', #1479, #6988 ) ;
#1859 = CARTESIAN_POINT ( 'NONE',  ( -1.590000000000000300, -2.799999999999999400, -9.940000000000001300 ) ) ;
#1860 = CARTESIAN_POINT ( 'NONE',  ( -2.539999999999999600, 1.700000000000000000, -14.40342105263157900 ) ) ;
#1861 = CARTESIAN_POINT ( 'NONE',  ( 0.0000000000000000000, 11.70000000000000100, -12.70000000000000100 ) ) ;
#1862 = VERTEX_POINT ( 'NONE', #3573 ) ;
#1863 = CARTESIAN_POINT ( 'NONE',  ( 2.540000000000000900, 1.700000000000000000, -6.750000000000000900 ) ) ;
#1864 =( NAMED_UNIT ( * ) SI_UNIT ( $, .STERADIAN. ) SOLID_ANGLE_UNIT ( ) );
#1865 =( NAMED_UNIT ( * ) PLANE_ANGLE_UNIT ( ) SI_UNIT ( $, .RADIAN. ) );
#1866 = ORIENTED_EDGE ( 'NONE', *, *, #8082, .F. ) ;
#1867 = LINE ( 'NONE', #6481, #3448 ) ;
#1868 = STYLED_ITEM ( 'NONE', ( #8499 ), #5472 ) ;
#1869 =( GEOMETRIC_REPRESENTATION_CONTEXT ( 3 ) GLOBAL_UNCERTAINTY_ASSIGNED_CONTEXT ( ( #5048 ) ) GLOBAL_UNIT_ASSIGNED_CONTEXT ( ( #3910, #8526, #4576 ) ) REPRESENTATION_CONTEXT ( 'NONE', 'WORKASPACE' ) );
#1870 = PRESENTATION_STYLE_ASSIGNMENT (( #7938 ) ) ;
#1871 = FILL_AREA_STYLE_COLOUR ( '', #7598 ) ;
#1872 = PRESENTATION_LAYER_ASSIGNMENT (  '', '', ( #993 ) ) ;
#1873 = ORIENTED_EDGE ( 'NONE', *, *, #4290, .T. ) ;
#1874 = DIRECTION ( 'NONE',  ( -0.7071067811865470200, 0.0000000000000000000, -0.7071067811865481300 ) ) ;
#1875 = COLOUR_RGB ( '',0.7960784313725489700, 0.8235294117647058400, 0.9372549019607843100 ) ;
#1876 = PLANE ( 'NONE',  #4411 ) ;
#1877 = LINE ( 'NONE', #5801, #5253 ) ;
#1878 = DIRECTION ( 'NONE',  ( 0.7071067811865481300, 0.0000000000000000000, -0.7071067811865470200 ) ) ;
#1879 = EDGE_CURVE ( 'NONE', #4731, #7100, #4645, .T. ) ;
#1880 = ORIENTED_EDGE ( 'NONE', *, *, #8354, .T. ) ;
#1881 = ORIENTED_EDGE ( 'NONE', *, *, #3201, .F. ) ;
#1882 = VERTEX_POINT ( 'NONE', #241 ) ;
#1883 = DIRECTION ( 'NONE',  ( -1.000000000000000000, 0.0000000000000000000, -0.0000000000000000000 ) ) ;
#1884 = COLOUR_RGB ( '',0.0000000000000000000, 0.003921568627450980300, 0.09019607843137254800 ) ;
#1885 = AXIS2_PLACEMENT_3D ( 'NONE', #4838, #844, #5528 ) ;
#1886 = CARTESIAN_POINT ( 'NONE',  ( -1.490000000000000000, 11.70000000000000100, -2.860000000000000300 ) ) ;
#1887 = CARTESIAN_POINT ( 'NONE',  ( -1.050000000000000000, -2.799999999999999400, -15.56000000000000000 ) ) ;
#1888 = VECTOR ( 'NONE', #4166, 1000.000000000000000 ) ;
#1889 = DIRECTION ( 'NONE',  ( -0.7071067811865475700, 0.0000000000000000000, 0.7071067811865475700 ) ) ;
#1890 = CARTESIAN_POINT ( 'NONE',  ( -0.9499999999999999600, -2.799999999999999400, -10.38000000000000100 ) ) ;
#1891 = ORIENTED_EDGE ( 'NONE', *, *, #4725, .T. ) ;
#1892 = AXIS2_PLACEMENT_3D ( 'NONE', #1513, #6206, #2169 ) ;
#1893 = LINE ( 'NONE', #3681, #1692 ) ;
#1894 =( GEOMETRIC_REPRESENTATION_CONTEXT ( 3 ) GLOBAL_UNCERTAINTY_ASSIGNED_CONTEXT ( ( #181 ) ) GLOBAL_UNIT_ASSIGNED_CONTEXT ( ( #3120, #3037, #3004 ) ) REPRESENTATION_CONTEXT ( 'NONE', 'WORKASPACE' ) );
#1895 = SURFACE_SIDE_STYLE ('',( #1830 ) ) ;
#1896 = CARTESIAN_POINT ( 'NONE',  ( -0.9499999999999999600, -2.799999999999999400, 0.2200000000000000800 ) ) ;
#1897 = CARTESIAN_POINT ( 'NONE',  ( -1.050000000000000000, -2.799999999999999400, -7.940000000000001300 ) ) ;
#1898 = ADVANCED_FACE ( 'NONE', ( #3074 ), #2916, .T. ) ;
#1899 = FACE_OUTER_BOUND ( 'NONE', #4245, .T. ) ;
#1900 = MECHANICAL_DESIGN_GEOMETRIC_PRESENTATION_REPRESENTATION (  '', ( #559 ), #2349 ) ;
#1901 = EDGE_LOOP ( 'NONE', ( #1041, #107, #7547, #6992 ) ) ;
#1902 = DIRECTION ( 'NONE',  ( 0.7071067811865489100, 0.0000000000000000000, 0.7071067811865461300 ) ) ;
#1903 = FILL_AREA_STYLE ('',( #562 ) ) ;
#1904 = SURFACE_SIDE_STYLE ('',( #4136 ) ) ;
#1905 = PLANE ( 'NONE',  #5492 ) ;
#1906 = EDGE_CURVE ( 'NONE', #3825, #4694, #4028, .T. ) ;
#1907 = UNCERTAINTY_MEASURE_WITH_UNIT (LENGTH_MEASURE( 1.000000000000000100E-005 ), #4031, 'distance_accuracy_value', 'NONE');
#1908 = ORIENTED_EDGE ( 'NONE', *, *, #6447, .F. ) ;
#1909 = CARTESIAN_POINT ( 'NONE',  ( 1.050000000000000000, 11.70000000000000100, 0.3199999999999999000 ) ) ;
#1910 = DIRECTION ( 'NONE',  ( 1.000000000000000000, 0.0000000000000000000, -2.492418787322998300E-016 ) ) ;
#1911 = DIRECTION ( 'NONE',  ( 0.7071067811865473500, 0.0000000000000000000, -0.7071067811865477900 ) ) ;
#1912 = AXIS2_PLACEMENT_3D ( 'NONE', #7804, #3851, #8457 ) ;
#1913 = SURFACE_STYLE_USAGE ( .BOTH. , #5934 ) ;
#1914 = CARTESIAN_POINT ( 'NONE',  ( 2.540000000000000900, 0.0000000000000000000, -1.670000000000000400 ) ) ;
#1915 = SURFACE_STYLE_USAGE ( .BOTH. , #5936 ) ;
#1916 = DIRECTION ( 'NONE',  ( 0.7071067811865486800, 0.0000000000000000000, 0.7071067811865464600 ) ) ;
#1917 =( NAMED_UNIT ( * ) SI_UNIT ( $, .STERADIAN. ) SOLID_ANGLE_UNIT ( ) );
#1918 = AXIS2_PLACEMENT_3D ( 'NONE', #7, #4702, #688 ) ;
#1919 = LINE ( 'NONE', #6448, #3734 ) ;
#1920 = VERTEX_POINT ( 'NONE', #6310 ) ;
#1921 = ORIENTED_EDGE ( 'NONE', *, *, #2009, .F. ) ;
#1922 = ORIENTED_EDGE ( 'NONE', *, *, #2477, .F. ) ;
#1923 = CARTESIAN_POINT ( 'NONE',  ( -2.539999999999999600, 1.700000000000000000, -14.40342105263157900 ) ) ;
#1924 = UNCERTAINTY_MEASURE_WITH_UNIT (LENGTH_MEASURE( 1.000000000000000100E-005 ), #4965, 'distance_accuracy_value', 'NONE');
#1925 = SURFACE_SIDE_STYLE ('',( #2717 ) ) ;
#1926 = STYLED_ITEM ( 'NONE', ( #5927 ), #5847 ) ;
#1927 = LINE ( 'NONE', #4654, #5513 ) ;
#1928 = MECHANICAL_DESIGN_GEOMETRIC_PRESENTATION_REPRESENTATION (  '', ( #598 ), #2392 ) ;
#1929 = LINE ( 'NONE', #978, #149 ) ;
#1930 = ADVANCED_FACE ( 'NONE', ( #2211 ), #4967, .F. ) ;
#1931 = DIRECTION ( 'NONE',  ( 0.7071067811865486800, 0.0000000000000000000, 0.7071067811865464600 ) ) ;
#1932 = PLANE ( 'NONE',  #2746 ) ;
#1933 = VERTEX_POINT ( 'NONE', #8218 ) ;
#1934 = VECTOR ( 'NONE', #3080, 1000.000000000000000 ) ;
#1935 =( LENGTH_UNIT ( ) NAMED_UNIT ( * ) SI_UNIT ( .MILLI., .METRE. ) );
#1936 =( NAMED_UNIT ( * ) SI_UNIT ( $, .STERADIAN. ) SOLID_ANGLE_UNIT ( ) );
#1937 = EDGE_CURVE ( 'NONE', #412, #5958, #1592, .T. ) ;
#1938 = MECHANICAL_DESIGN_GEOMETRIC_PRESENTATION_REPRESENTATION (  '', ( #1077 ), #2409 ) ;
#1939 = SURFACE_STYLE_USAGE ( .BOTH. , #5973 ) ;
#1940 = ORIENTED_EDGE ( 'NONE', *, *, #6592, .F. ) ;
#1941 = CARTESIAN_POINT ( 'NONE',  ( 1.490000000000000000, -2.799999999999999400, -4.760000000000000700 ) ) ;
#1942 =( LENGTH_UNIT ( ) NAMED_UNIT ( * ) SI_UNIT ( .MILLI., .METRE. ) );
#1943 = LINE ( 'NONE', #3276, #162 ) ;
#1944 = VERTEX_POINT ( 'NONE', #7001 ) ;
#1945 = SURFACE_STYLE_USAGE ( .BOTH. , #5977 ) ;
#1946 = FACE_OUTER_BOUND ( 'NONE', #5967, .T. ) ;
#1947 = ORIENTED_EDGE ( 'NONE', *, *, #8419, .T. ) ;
#1948 = PRESENTATION_LAYER_ASSIGNMENT (  '', '', ( #1084 ) ) ;
#1949 = DIRECTION ( 'NONE',  ( 1.000000000000000000, 0.0000000000000000000, 0.0000000000000000000 ) ) ;
#1950 = ORIENTED_EDGE ( 'NONE', *, *, #1623, .T. ) ;
#1951 = SURFACE_SIDE_STYLE ('',( #4704 ) ) ;
#1952 =( NAMED_UNIT ( * ) SI_UNIT ( $, .STERADIAN. ) SOLID_ANGLE_UNIT ( ) );
#1953 = VECTOR ( 'NONE', #934, 1000.000000000000000 ) ;
#1954 = ORIENTED_EDGE ( 'NONE', *, *, #5612, .F. ) ;
#1955 = ORIENTED_EDGE ( 'NONE', *, *, #6879, .T. ) ;
#1956 = ORIENTED_EDGE ( 'NONE', *, *, #7291, .F. ) ;
#1957 = UNCERTAINTY_MEASURE_WITH_UNIT (LENGTH_MEASURE( 1.000000000000000100E-005 ), #5508, 'distance_accuracy_value', 'NONE');
#1958 = MECHANICAL_DESIGN_GEOMETRIC_PRESENTATION_REPRESENTATION (  '', ( #630 ), #2427 ) ;
#1959 = EDGE_CURVE ( 'NONE', #5213, #6551, #8452, .T. ) ;
#1960 = COLOUR_RGB ( '',0.7960784313725489700, 0.8235294117647058400, 0.9372549019607843100 ) ;
#1961 = VERTEX_POINT ( 'NONE', #4369 ) ;
#1962 = FILL_AREA_STYLE_COLOUR ( '', #6629 ) ;
#1963 =( NAMED_UNIT ( * ) SI_UNIT ( $, .STERADIAN. ) SOLID_ANGLE_UNIT ( ) );
#1964 = VECTOR ( 'NONE', #698, 1000.000000000000000 ) ;
#1965 = LINE ( 'NONE', #7825, #194 ) ;
#1966 =( LENGTH_UNIT ( ) NAMED_UNIT ( * ) SI_UNIT ( .MILLI., .METRE. ) );
#1967 = FILL_AREA_STYLE_COLOUR ( '', #4716 ) ;
#1968 = UNCERTAINTY_MEASURE_WITH_UNIT (LENGTH_MEASURE( 1.000000000000000100E-005 ), #5657, 'distance_accuracy_value', 'NONE');
#1969 =( GEOMETRIC_REPRESENTATION_CONTEXT ( 3 ) GLOBAL_UNCERTAINTY_ASSIGNED_CONTEXT ( ( #6018 ) ) GLOBAL_UNIT_ASSIGNED_CONTEXT ( ( #1095, #5777, #1746 ) ) REPRESENTATION_CONTEXT ( 'NONE', 'WORKASPACE' ) );
#1970 = FACE_OUTER_BOUND ( 'NONE', #3937, .T. ) ;
#1971 = PLANE ( 'NONE',  #7620 ) ;
#1972 =( NAMED_UNIT ( * ) SI_UNIT ( $, .STERADIAN. ) SOLID_ANGLE_UNIT ( ) );
#1973 = ADVANCED_FACE ( 'NONE', ( #1385 ), #1024, .T. ) ;
#1974 = ORIENTED_EDGE ( 'NONE', *, *, #5731, .T. ) ;
#1975 = COLOUR_RGB ( '',0.0000000000000000000, 0.003921568627450980300, 0.09019607843137254800 ) ;
#1976 = MECHANICAL_DESIGN_GEOMETRIC_PRESENTATION_REPRESENTATION (  '', ( #1105 ), #2442 ) ;
#1977 = PRESENTATION_STYLE_ASSIGNMENT (( #4206 ) ) ;
#1978 = ORIENTED_EDGE ( 'NONE', *, *, #5549, .F. ) ;
#1979 = ORIENTED_EDGE ( 'NONE', *, *, #1299, .F. ) ;
#1980 = ORIENTED_EDGE ( 'NONE', *, *, #7623, .T. ) ;
#1981 = CARTESIAN_POINT ( 'NONE',  ( -2.540000000000000000, 0.0000000000000000000, -0.9034210526315790100 ) ) ;
#1982 = SURFACE_SIDE_STYLE ('',( #5651 ) ) ;
#1983 = LINE ( 'NONE', #839, #206 ) ;
#1984 = EDGE_CURVE ( 'NONE', #1541, #830, #3380, .T. ) ;
#1985 = ORIENTED_EDGE ( 'NONE', *, *, #7958, .T. ) ;
#1986 = VECTOR ( 'NONE', #876, 999.9999999999998900 ) ;
#1987 = CARTESIAN_POINT ( 'NONE',  ( 1.590000000000000100, -2.799999999999999400, -12.48000000000000200 ) ) ;
#1988 = EDGE_CURVE ( 'NONE', #4304, #91, #764, .T. ) ;
#1989 = EDGE_LOOP ( 'NONE', ( #4226, #7594, #3046, #1316 ) ) ;
#1990 = COLOUR_RGB ( '',0.7960784313725489700, 0.8235294117647058400, 0.9372549019607843100 ) ;
#1991 = SURFACE_STYLE_USAGE ( .BOTH. , #6019 ) ;
#1992 = DIRECTION ( 'NONE',  ( -0.7071067811865461300, 0.0000000000000000000, 0.7071067811865489100 ) ) ;
#1993 = STYLED_ITEM ( 'NONE', ( #2121 ), #7517 ) ;
#1994 = CARTESIAN_POINT ( 'NONE',  ( -1.590000000000000300, 11.70000000000000100, -9.940000000000001300 ) ) ;
#1995 = FILL_AREA_STYLE ('',( #4017 ) ) ;
#1996 = PLANE ( 'NONE',  #6434 ) ;
#1997 =( GEOMETRIC_REPRESENTATION_CONTEXT ( 3 ) GLOBAL_UNCERTAINTY_ASSIGNED_CONTEXT ( ( #1400 ) ) GLOBAL_UNIT_ASSIGNED_CONTEXT ( ( #3180, #7820, #3866 ) ) REPRESENTATION_CONTEXT ( 'NONE', 'WORKASPACE' ) );
#1998 = CARTESIAN_POINT ( 'NONE',  ( 0.0000000000000000000, -2.799999999999999400, -7.620000000000000100 ) ) ;
#1999 = FILL_AREA_STYLE_COLOUR ( '', #2790 ) ;
#2000 = ORIENTED_EDGE ( 'NONE', *, *, #4292, .T. ) ;
#2001 = EDGE_CURVE ( 'NONE', #7297, #4656, #2535, .T. ) ;
#2002 = CARTESIAN_POINT ( 'NONE',  ( 0.9499999999999999600, 11.70000000000000100, -9.940000000000001300 ) ) ;
#2003 = DIRECTION ( 'NONE',  ( 0.7071067811865486800, 0.0000000000000000000, 0.7071067811865464600 ) ) ;
#2004 =( NAMED_UNIT ( * ) SI_UNIT ( $, .STERADIAN. ) SOLID_ANGLE_UNIT ( ) );
#2005 = UNCERTAINTY_MEASURE_WITH_UNIT (LENGTH_MEASURE( 1.000000000000000100E-005 ), #2642, 'distance_accuracy_value', 'NONE');
#2006 = PLANE ( 'NONE',  #3790 ) ;
#2007 = EDGE_CURVE ( 'NONE', #6685, #3033, #4131, .T. ) ;
#2008 = VERTEX_POINT ( 'NONE', #7287 ) ;
#2009 = EDGE_CURVE ( 'NONE', #3102, #1434, #3914, .T. ) ;
#2010 = ADVANCED_FACE ( 'NONE', ( #5686 ), #5360, .T. ) ;
#2011 = PLANE ( 'NONE',  #3724 ) ;
#2012 =( LENGTH_UNIT ( ) NAMED_UNIT ( * ) SI_UNIT ( .MILLI., .METRE. ) );
#2013 =( NAMED_UNIT ( * ) PLANE_ANGLE_UNIT ( ) SI_UNIT ( $, .RADIAN. ) );
#2014 = EDGE_LOOP ( 'NONE', ( #7230, #1168, #5323, #8596 ) ) ;
#2015 = FILL_AREA_STYLE ('',( #686 ) ) ;
#2016 =( GEOMETRIC_REPRESENTATION_CONTEXT ( 3 ) GLOBAL_UNCERTAINTY_ASSIGNED_CONTEXT ( ( #4211 ) ) GLOBAL_UNIT_ASSIGNED_CONTEXT ( ( #1297, #5987, #1952 ) ) REPRESENTATION_CONTEXT ( 'NONE', 'WORKASPACE' ) );
#2017 = CARTESIAN_POINT ( 'NONE',  ( 1.050000000000000000, -2.799999999999999400, -13.02000000000000100 ) ) ;
#2018 = AXIS2_PLACEMENT_3D ( 'NONE', #380, #5092, #1080 ) ;
#2019 =( NAMED_UNIT ( * ) SI_UNIT ( $, .STERADIAN. ) SOLID_ANGLE_UNIT ( ) );
#2020 = FACE_OUTER_BOUND ( 'NONE', #7285, .T. ) ;
#2021 = CARTESIAN_POINT ( 'NONE',  ( -2.539999999999999600, 0.0000000000000000000, -9.323421052631580600 ) ) ;
#2022 = ORIENTED_EDGE ( 'NONE', *, *, #7077, .T. ) ;
#2023 = LINE ( 'NONE', #4761, #1821 ) ;
#2024 = SURFACE_STYLE_FILL_AREA ( #1096 ) ;
#2025 = ORIENTED_EDGE ( 'NONE', *, *, #6779, .T. ) ;
#2026 = FILL_AREA_STYLE ('',( #695 ) ) ;
#2027 = UNCERTAINTY_MEASURE_WITH_UNIT (LENGTH_MEASURE( 1.000000000000000100E-005 ), #1533, 'distance_accuracy_value', 'NONE');
#2028 = AXIS2_PLACEMENT_3D ( 'NONE', #3003, #7651, #3708 ) ;
#2029 =( GEOMETRIC_REPRESENTATION_CONTEXT ( 3 ) GLOBAL_UNCERTAINTY_ASSIGNED_CONTEXT ( ( #5814 ) ) GLOBAL_UNIT_ASSIGNED_CONTEXT ( ( #3030, #7673, #3726 ) ) REPRESENTATION_CONTEXT ( 'NONE', 'WORKASPACE' ) );
#2030 = EDGE_CURVE ( 'NONE', #448, #5288, #3278, .T. ) ;
#2031 = VECTOR ( 'NONE', #2516, 1000.000000000000000 ) ;
#2032 = LINE ( 'NONE', #7160, #258 ) ;
#2033 =( NAMED_UNIT ( * ) PLANE_ANGLE_UNIT ( ) SI_UNIT ( $, .RADIAN. ) );
#2034 = SURFACE_SIDE_STYLE ('',( #8450 ) ) ;
#2035 = EDGE_LOOP ( 'NONE', ( #5367, #6554, #605, #1529 ) ) ;
#2036 = CARTESIAN_POINT ( 'NONE',  ( -1.490000000000000000, 11.70000000000000100, -15.56000000000000000 ) ) ;
#2037 = LINE ( 'NONE', #6056, #263 ) ;
#2038 = STYLED_ITEM ( 'NONE', ( #4045 ), #7095 ) ;
#2039 = VECTOR ( 'NONE', #7910, 1000.000000000000000 ) ;
#2040 = LINE ( 'NONE', #8325, #3000 ) ;
#2041 = FILL_AREA_STYLE_COLOUR ( '', #6003 ) ;
#2042 = EDGE_LOOP ( 'NONE', ( #7379, #6649, #2440, #1446 ) ) ;
#2043 = FILL_AREA_STYLE ('',( #1392 ) ) ;
#2044 = AXIS2_PLACEMENT_3D ( 'NONE', #4145, #4175, #4205 ) ;
#2045 = VECTOR ( 'NONE', #1100, 1000.000000000000000 ) ;
#2046 = PRESENTATION_LAYER_ASSIGNMENT (  '', '', ( #1183 ) ) ;
#2047 = DIRECTION ( 'NONE',  ( 0.6782059721786389800, 0.0000000000000000000, 0.7348718659067220400 ) ) ;
#2048 =( NAMED_UNIT ( * ) SI_UNIT ( $, .STERADIAN. ) SOLID_ANGLE_UNIT ( ) );
#2049 = SURFACE_STYLE_FILL_AREA ( #1903 ) ;
#2050 = ORIENTED_EDGE ( 'NONE', *, *, #2929, .T. ) ;
#2051 = CARTESIAN_POINT ( 'NONE',  ( -1.590000000000000300, -2.799999999999999400, -0.2200000000000002500 ) ) ;
#2052 = EDGE_LOOP ( 'NONE', ( #8374, #289, #6618, #1576, #6373, #2877, #5730, #516 ) ) ;
#2053 =( LENGTH_UNIT ( ) NAMED_UNIT ( * ) SI_UNIT ( .MILLI., .METRE. ) );
#2054 = ADVANCED_FACE ( 'NONE', ( #8358 ), #2011, .T. ) ;
#2055 = VECTOR ( 'NONE', #139, 1000.000000000000000 ) ;
#2056 = ORIENTED_EDGE ( 'NONE', *, *, #1273, .F. ) ;
#2057 = ORIENTED_EDGE ( 'NONE', *, *, #4094, .T. ) ;
#2058 = PLANE ( 'NONE',  #2546 ) ;
#2059 = DIRECTION ( 'NONE',  ( 0.0000000000000000000, 1.000000000000000000, 0.0000000000000000000 ) ) ;
#2060 = ORIENTED_EDGE ( 'NONE', *, *, #7623, .F. ) ;
#2061 = FILL_AREA_STYLE_COLOUR ( '', #6691 ) ;
#2062 = UNCERTAINTY_MEASURE_WITH_UNIT (LENGTH_MEASURE( 1.000000000000000100E-005 ), #1397, 'distance_accuracy_value', 'NONE');
#2063 = EDGE_CURVE ( 'NONE', #7100, #980, #7743, .T. ) ;
#2064 =( LENGTH_UNIT ( ) NAMED_UNIT ( * ) SI_UNIT ( .MILLI., .METRE. ) );
#2065 = EDGE_LOOP ( 'NONE', ( #4592, #292, #7761, #5451 ) ) ;
#2066 = VECTOR ( 'NONE', #5320, 1000.000000000000000 ) ;
#2067 = VERTEX_POINT ( 'NONE', #6048 ) ;
#2068 = VECTOR ( 'NONE', #3174, 1000.000000000000000 ) ;
#2069 = CARTESIAN_POINT ( 'NONE',  ( 0.0000000000000000000, 0.0000000000000000000, 0.0000000000000000000 ) ) ;
#2070 = STYLED_ITEM ( 'NONE', ( #7870 ), #1117 ) ;
#2071 = DIRECTION ( 'NONE',  ( 0.6782059721786389800, 0.0000000000000000000, 0.7348718659067220400 ) ) ;
#2072 = ORIENTED_EDGE ( 'NONE', *, *, #672, .F. ) ;
#2073 = DIRECTION ( 'NONE',  ( -1.000000000000000000, 0.0000000000000000000, -1.232047923278982000E-016 ) ) ;
#2074 = UNCERTAINTY_MEASURE_WITH_UNIT (LENGTH_MEASURE( 1.000000000000000100E-005 ), #1935, 'distance_accuracy_value', 'NONE');
#2075 = SURFACE_STYLE_USAGE ( .BOTH. , #6114 ) ;
#2076 = LINE ( 'NONE', #348, #3894 ) ;
#2077 = ORIENTED_EDGE ( 'NONE', *, *, #1141, .F. ) ;
#2078 = FACE_OUTER_BOUND ( 'NONE', #2343, .T. ) ;
#2079 = ORIENTED_EDGE ( 'NONE', *, *, #4221, .T. ) ;
#2080 =( NAMED_UNIT ( * ) SI_UNIT ( $, .STERADIAN. ) SOLID_ANGLE_UNIT ( ) );
#2081 =( NAMED_UNIT ( * ) PLANE_ANGLE_UNIT ( ) SI_UNIT ( $, .RADIAN. ) );
#2082 =( GEOMETRIC_REPRESENTATION_CONTEXT ( 3 ) GLOBAL_UNCERTAINTY_ASSIGNED_CONTEXT ( ( #3997 ) ) GLOBAL_UNIT_ASSIGNED_CONTEXT ( ( #4594, #578, #5280 ) ) REPRESENTATION_CONTEXT ( 'NONE', 'WORKASPACE' ) );
#2083 = ORIENTED_EDGE ( 'NONE', *, *, #5956, .T. ) ;
#2084 = LINE ( 'NONE', #3845, #312 ) ;
#2085 = AXIS2_PLACEMENT_3D ( 'NONE', #3391, #4071, #35 ) ;
#2086 =( NAMED_UNIT ( * ) SI_UNIT ( $, .STERADIAN. ) SOLID_ANGLE_UNIT ( ) );
#2087 = DIRECTION ( 'NONE',  ( -1.000000000000000000, -0.0000000000000000000, -1.232047923278982200E-016 ) ) ;
#2088 = STYLED_ITEM ( 'NONE', ( #6877 ), #3121 ) ;
#2089 = LINE ( 'NONE', #1419, #3902 ) ;
#2090 = MECHANICAL_DESIGN_GEOMETRIC_PRESENTATION_REPRESENTATION (  '', ( #765 ), #2549 ) ;
#2091 = VERTEX_POINT ( 'NONE', #6720 ) ;
#2092 = PRESENTATION_LAYER_ASSIGNMENT (  '', '', ( #1216 ) ) ;
#2093 = CARTESIAN_POINT ( 'NONE',  ( 0.0000000000000000000, 11.70000000000000100, -12.70000000000000100 ) ) ;
#2094 = DIRECTION ( 'NONE',  ( 0.0000000000000000000, -1.000000000000000000, 0.0000000000000000000 ) ) ;
#2095 = CARTESIAN_POINT ( 'NONE',  ( -2.019999999999999600, 0.0000000000000000000, -1.270000000000000000 ) ) ;
#2096 = VECTOR ( 'NONE', #2296, 1000.000000000000000 ) ;
#2097 =( NAMED_UNIT ( * ) SI_UNIT ( $, .STERADIAN. ) SOLID_ANGLE_UNIT ( ) );
#2098 = ADVANCED_FACE ( 'NONE', ( #4237 ), #7370, .T. ) ;
#2099 = EDGE_CURVE ( 'NONE', #5742, #3696, #8, .T. ) ;
#2100 = DIRECTION ( 'NONE',  ( 0.7071067811865470200, 0.0000000000000000000, -0.7071067811865481300 ) ) ;
#2101 = VECTOR ( 'NONE', #4669, 999.9999999999998900 ) ;
#2102 =( NAMED_UNIT ( * ) SI_UNIT ( $, .STERADIAN. ) SOLID_ANGLE_UNIT ( ) );
#2103 = STYLED_ITEM ( 'NONE', ( #8580 ), #1534 ) ;
#2104 = DIRECTION ( 'NONE',  ( 1.000000000000000000, 0.0000000000000000000, 1.232047923278982200E-016 ) ) ;
#2105 = UNCERTAINTY_MEASURE_WITH_UNIT (LENGTH_MEASURE( 1.000000000000000100E-005 ), #5063, 'distance_accuracy_value', 'NONE');
#2106 = SURFACE_SIDE_STYLE ('',( #7586 ) ) ;
#2107 = DIRECTION ( 'NONE',  ( 1.000000000000000000, 0.0000000000000000000, 0.0000000000000000000 ) ) ;
#2108 = VERTEX_POINT ( 'NONE', #3440 ) ;
#2109 = CARTESIAN_POINT ( 'NONE',  ( 1.050000000000000000, 11.70000000000000100, -14.92000000000000200 ) ) ;
#2110 = AXIS2_PLACEMENT_3D ( 'NONE', #1575, #6260, #2234 ) ;
#2111 = DIRECTION ( 'NONE',  ( -1.000000000000000000, 0.0000000000000000000, 0.0000000000000000000 ) ) ;
#2112 = FILL_AREA_STYLE ('',( #7470 ) ) ;
#2113 = SURFACE_STYLE_FILL_AREA ( #2686 ) ;
#2114 = ORIENTED_EDGE ( 'NONE', *, *, #4983, .F. ) ;
#2115 = VECTOR ( 'NONE', #1476, 1000.000000000000000 ) ;
#2116 = EDGE_CURVE ( 'NONE', #1396, #2091, #3595, .T. ) ;
#2117 = DIRECTION ( 'NONE',  ( 0.7071067811865474600, 0.0000000000000000000, 0.7071067811865474600 ) ) ;
#2118 = SURFACE_STYLE_USAGE ( .BOTH. , #6159 ) ;
#2119 = FILL_AREA_STYLE ('',( #1467 ) ) ;
#2120 = DIRECTION ( 'NONE',  ( 0.0000000000000000000, 1.000000000000000000, 0.0000000000000000000 ) ) ;
#2121 = PRESENTATION_STYLE_ASSIGNMENT (( #841 ) ) ;
#2122 = PRESENTATION_LAYER_ASSIGNMENT (  '', '', ( #1246 ) ) ;
#2123 = EDGE_CURVE ( 'NONE', #3238, #3928, #1796, .T. ) ;
#2124 = VERTEX_POINT ( 'NONE', #6136 ) ;
#2125 = VECTOR ( 'NONE', #851, 1000.000000000000100 ) ;
#2126 = ORIENTED_EDGE ( 'NONE', *, *, #6767, .F. ) ;
#2127 = FACE_OUTER_BOUND ( 'NONE', #2393, .T. ) ;
#2128 = DIRECTION ( 'NONE',  ( 0.0000000000000000000, 0.0000000000000000000, -1.000000000000000000 ) ) ;
#2129 = COLOUR_RGB ( '',0.0000000000000000000, 0.003921568627450980300, 0.09019607843137254800 ) ;
#2130 = LINE ( 'NONE', #4329, #5721 ) ;
#2131 = PLANE ( 'NONE',  #1885 ) ;
#2132 = AXIS2_PLACEMENT_3D ( 'NONE', #8232, #4296, #250 ) ;
#2133 = DIRECTION ( 'NONE',  ( 0.6782059721786389800, 0.0000000000000000000, 0.7348718659067220400 ) ) ;
#2134 = ORIENTED_EDGE ( 'NONE', *, *, #5716, .T. ) ;
#2135 = VECTOR ( 'NONE', #269, 1000.000000000000000 ) ;
#2136 = STYLED_ITEM ( 'NONE', ( #506 ), #2732 ) ;
#2137 = DIRECTION ( 'NONE',  ( 0.7071067811865487900, 0.0000000000000000000, -0.7071067811865463500 ) ) ;
#2138 = LINE ( 'NONE', #6706, #3951 ) ;
#2139 = DIRECTION ( 'NONE',  ( 0.0000000000000000000, 1.000000000000000000, 0.0000000000000000000 ) ) ;
#2140 = ORIENTED_EDGE ( 'NONE', *, *, #1669, .F. ) ;
#2141 = CARTESIAN_POINT ( 'NONE',  ( -1.050000000000000000, 11.70000000000000100, -4.760000000000000700 ) ) ;
#2142 = ADVANCED_FACE ( 'NONE', ( #8448 ), #8052, .T. ) ;
#2143 =( GEOMETRIC_REPRESENTATION_CONTEXT ( 3 ) GLOBAL_UNCERTAINTY_ASSIGNED_CONTEXT ( ( #4046 ) ) GLOBAL_UNIT_ASSIGNED_CONTEXT ( ( #282, #4984, #981 ) ) REPRESENTATION_CONTEXT ( 'NONE', 'WORKASPACE' ) );
#2144 = LINE ( 'NONE', #375, #5521 ) ;
#2145 = EDGE_CURVE ( 'NONE', #2615, #1508, #6106, .T. ) ;
#2146 = EDGE_CURVE ( 'NONE', #5958, #5330, #2741, .T. ) ;
#2147 = VERTEX_POINT ( 'NONE', #144 ) ;
#2148 = CARTESIAN_POINT ( 'NONE',  ( -1.050000000000000000, -2.799999999999999400, -9.840000000000001600 ) ) ;
#2149 = CARTESIAN_POINT ( 'NONE',  ( 2.140000000000000100, 1.700000000000000000, -11.43000000000000100 ) ) ;
#2150 = FILL_AREA_STYLE ('',( #6190 ) ) ;
#2151 = UNCERTAINTY_MEASURE_WITH_UNIT (LENGTH_MEASURE( 1.000000000000000100E-005 ), #2064, 'distance_accuracy_value', 'NONE');
#2152 = EDGE_LOOP ( 'NONE', ( #6182, #3919, #5285, #1880 ) ) ;
#2153 = ORIENTED_EDGE ( 'NONE', *, *, #7257, .F. ) ;
#2154 = CARTESIAN_POINT ( 'NONE',  ( 1.050000000000000000, -2.799999999999999400, -7.299999999999999800 ) ) ;
#2155 = COLOUR_RGB ( '',0.7960784313725489700, 0.8235294117647058400, 0.9372549019607843100 ) ;
#2156 = MECHANICAL_DESIGN_GEOMETRIC_PRESENTATION_REPRESENTATION (  '', ( #843 ), #2631 ) ;
#2157 = ORIENTED_EDGE ( 'NONE', *, *, #4090, .T. ) ;
#2158 = PRESENTATION_LAYER_ASSIGNMENT (  '', '', ( #1731 ) ) ;
#2159 = PRESENTATION_STYLE_ASSIGNMENT (( #4767 ) ) ;
#2160 = ORIENTED_EDGE ( 'NONE', *, *, #6831, .T. ) ;
#2161 = UNCERTAINTY_MEASURE_WITH_UNIT (LENGTH_MEASURE( 1.000000000000000100E-005 ), #7224, 'distance_accuracy_value', 'NONE');
#2162 = VERTEX_POINT ( 'NONE', #7460 ) ;
#2163 =( NAMED_UNIT ( * ) PLANE_ANGLE_UNIT ( ) SI_UNIT ( $, .RADIAN. ) );
#2164 = PLANE ( 'NONE',  #7578 ) ;
#2165 = VECTOR ( 'NONE', #6075, 1000.000000000000000 ) ;
#2166 = CARTESIAN_POINT ( 'NONE',  ( 0.9499999999999999600, -2.799999999999999400, -7.400000000000000400 ) ) ;
#2167 = ORIENTED_EDGE ( 'NONE', *, *, #8471, .T. ) ;
#2168 = SURFACE_SIDE_STYLE ('',( #3202 ) ) ;
#2169 = DIRECTION ( 'NONE',  ( -1.000000000000000000, 0.0000000000000000000, -1.232047923278982000E-016 ) ) ;
#2170 = VECTOR ( 'NONE', #1323, 1000.000000000000000 ) ;
#2171 = ORIENTED_EDGE ( 'NONE', *, *, #3668, .T. ) ;
#2172 = SURFACE_STYLE_FILL_AREA ( #5423 ) ;
#2173 = EDGE_CURVE ( 'NONE', #1106, #3621, #4338, .T. ) ;
#2174 = EDGE_CURVE ( 'NONE', #1146, #3887, #751, .T. ) ;
#2175 = FILL_AREA_STYLE ('',( #4856 ) ) ;
#2176 = DIRECTION ( 'NONE',  ( 0.6782059721786389800, 0.0000000000000000000, 0.7348718659067220400 ) ) ;
#2177 = SURFACE_SIDE_STYLE ('',( #8340 ) ) ;
#2178 = VECTOR ( 'NONE', #5152, 1000.000000000000100 ) ;
#2179 = ORIENTED_EDGE ( 'NONE', *, *, #3833, .F. ) ;
#2180 = LINE ( 'NONE', #6395, #415 ) ;
#2181 = CARTESIAN_POINT ( 'NONE',  ( 0.0000000000000000000, 11.70000000000000100, -2.540000000000000000 ) ) ;
#2182 = CARTESIAN_POINT ( 'NONE',  ( -1.050000000000000000, -2.799999999999999400, -14.92000000000000200 ) ) ;
#2183 = COLOUR_RGB ( '',0.7960784313725489700, 0.8235294117647058400, 0.9372549019607843100 ) ;
#2184 = FACE_OUTER_BOUND ( 'NONE', #7641, .T. ) ;
#2185 = ORIENTED_EDGE ( 'NONE', *, *, #7291, .T. ) ;
#2186 = UNCERTAINTY_MEASURE_WITH_UNIT (LENGTH_MEASURE( 1.000000000000000100E-005 ), #2866, 'distance_accuracy_value', 'NONE');
#2187 = ADVANCED_FACE ( 'NONE', ( #2315 ), #1499, .T. ) ;
#2188 = MECHANICAL_DESIGN_GEOMETRIC_PRESENTATION_REPRESENTATION (  '', ( #869 ), #2652 ) ;
#2189 = DIRECTION ( 'NONE',  ( -1.000000000000000000, 0.0000000000000000000, 0.0000000000000000000 ) ) ;
#2190 = VERTEX_POINT ( 'NONE', #3530 ) ;
#2191 = PRESENTATION_LAYER_ASSIGNMENT (  '', '', ( #1310 ) ) ;
#2192 = CARTESIAN_POINT ( 'NONE',  ( 0.9499999999999999600, -2.799999999999999400, -12.92000000000000200 ) ) ;
#2193 = LINE ( 'NONE', #3535, #7105 ) ;
#2194 = STYLED_ITEM ( 'NONE', ( #3581 ), #2277 ) ;
#2195 = VERTEX_POINT ( 'NONE', #7518 ) ;
#2196 = ORIENTED_EDGE ( 'NONE', *, *, #7509, .F. ) ;
#2197 = ORIENTED_EDGE ( 'NONE', *, *, #3182, .T. ) ;
#2198 = VECTOR ( 'NONE', #2726, 1000.000000000000000 ) ;
#2199 = DIRECTION ( 'NONE',  ( 0.0000000000000000000, 1.000000000000000000, 0.0000000000000000000 ) ) ;
#2200 = DIRECTION ( 'NONE',  ( 0.0000000000000000000, 1.000000000000000000, 0.0000000000000000000 ) ) ;
#2201 = MECHANICAL_DESIGN_GEOMETRIC_PRESENTATION_REPRESENTATION (  '', ( #881 ), #2663 ) ;
#2202 = CARTESIAN_POINT ( 'NONE',  ( -1.490000000000000200, -2.799999999999999400, -2.220000000000000200 ) ) ;
#2203 = CARTESIAN_POINT ( 'NONE',  ( -0.9499999999999999600, 11.70000000000000100, -10.38000000000000100 ) ) ;
#2204 =( NAMED_UNIT ( * ) SI_UNIT ( $, .STERADIAN. ) SOLID_ANGLE_UNIT ( ) );
#2205 = FILL_AREA_STYLE_COLOUR ( '', #6653 ) ;
#2206 = CARTESIAN_POINT ( 'NONE',  ( 2.540000000000000900, 0.0000000000000000000, -16.10999999999999900 ) ) ;
#2207 = VECTOR ( 'NONE', #8613, 999.9999999999998900 ) ;
#2208 = CARTESIAN_POINT ( 'NONE',  ( -0.9499999999999999600, -2.799999999999999400, -2.760000000000000200 ) ) ;
#2209 = FILL_AREA_STYLE ('',( #1548 ) ) ;
#2210 = SURFACE_STYLE_USAGE ( .BOTH. , #6239 ) ;
#2211 = FACE_OUTER_BOUND ( 'NONE', #2862, .T. ) ;
#2212 = EDGE_LOOP ( 'NONE', ( #1956, #3654, #8088, #3861, #1423, #1327, #1855, #8152, #6593, #5498, #229, #6792, #6864, #3381, #4943, #8594, #5448, #3897, #2708, #3171, #7579, #669, #4386, #1823 ) ) ;
#2213 = EDGE_CURVE ( 'NONE', #5359, #2650, #5275, .T. ) ;
#2214 = DIRECTION ( 'NONE',  ( -0.7071067811865461300, 0.0000000000000000000, 0.7071067811865489100 ) ) ;
#2215 = AXIS2_PLACEMENT_3D ( 'NONE', #3452, #8063, #4142 ) ;
#2216 = VECTOR ( 'NONE', #4107, 1000.000000000000000 ) ;
#2217 = ORIENTED_EDGE ( 'NONE', *, *, #1818, .T. ) ;
#2218 =( NAMED_UNIT ( * ) SI_UNIT ( $, .STERADIAN. ) SOLID_ANGLE_UNIT ( ) );
#2219 = DIRECTION ( 'NONE',  ( -0.7071067811865469100, 0.0000000000000000000, 0.7071067811865482400 ) ) ;
#2220 = EDGE_CURVE ( 'NONE', #4996, #2312, #8552, .T. ) ;
#2221 =( NAMED_UNIT ( * ) SI_UNIT ( $, .STERADIAN. ) SOLID_ANGLE_UNIT ( ) );
#2222 = DIRECTION ( 'NONE',  ( -0.0000000000000000000, -0.0000000000000000000, -1.000000000000000000 ) ) ;
#2223 = ORIENTED_EDGE ( 'NONE', *, *, #7818, .T. ) ;
#2224 = COLOUR_RGB ( '',0.0000000000000000000, 0.003921568627450980300, 0.09019607843137254800 ) ;
#2225 = EDGE_LOOP ( 'NONE', ( #4199, #7987, #6197, #6874, #3315, #2126, #1054, #4141 ) ) ;
#2226 = VERTEX_POINT ( 'NONE', #6245 ) ;
#2227 = FILL_AREA_STYLE ('',( #1566 ) ) ;
#2228 = DIRECTION ( 'NONE',  ( -0.0000000000000000000, -0.0000000000000000000, -1.000000000000000000 ) ) ;
#2229 = ADVANCED_FACE ( 'NONE', ( #3272 ), #1556, .T. ) ;
#2230 = EDGE_CURVE ( 'NONE', #443, #6471, #865, .T. ) ;
#2231 = LINE ( 'NONE', #27, #5822 ) ;
#2232 = VECTOR ( 'NONE', #3418, 1000.000000000000000 ) ;
#2233 = ADVANCED_BREP_SHAPE_REPRESENTATION ( '2x7', ( #7250, #8570, #140, #8309, #5108, #5734, #2778, #301, #3422, #1591, #5215, #4986, #1705, #1486, #2509, #5695 ), #1644 ) ;
#2234 = DIRECTION ( 'NONE',  ( 0.0000000000000000000, -0.0000000000000000000, 1.000000000000000000 ) ) ;
#2235 = CARTESIAN_POINT ( 'NONE',  ( -1.490000000000000200, 11.70000000000000100, -7.299999999999999800 ) ) ;
#2236 = SURFACE_STYLE_USAGE ( .BOTH. , #6265 ) ;
#2237 = ORIENTED_EDGE ( 'NONE', *, *, #4535, .F. ) ;
#2238 = VECTOR ( 'NONE', #362, 1000.000000000000000 ) ;
#2239 = CARTESIAN_POINT ( 'NONE',  ( 0.0000000000000000000, -2.799999999999999400, -12.70000000000000100 ) ) ;
#2240 = CARTESIAN_POINT ( 'NONE',  ( -2.539999999999999600, 0.0000000000000000000, -14.40342105263157900 ) ) ;
#2241 = COLOUR_RGB ( '',0.0000000000000000000, 0.003921568627450980300, 0.09019607843137254800 ) ;
#2242 = EDGE_LOOP ( 'NONE', ( #2079, #2519, #5536, #6545 ) ) ;
#2243 = EDGE_LOOP ( 'NONE', ( #3324, #3832, #4177, #5107 ) ) ;
#2244 = CARTESIAN_POINT ( 'NONE',  ( -1.590000000000000300, -2.799999999999999400, -2.320000000000000300 ) ) ;
#2245 =( NAMED_UNIT ( * ) PLANE_ANGLE_UNIT ( ) SI_UNIT ( $, .RADIAN. ) );
#2246 = MECHANICAL_DESIGN_GEOMETRIC_PRESENTATION_REPRESENTATION (  '', ( #928 ), #2715 ) ;
#2247 = VECTOR ( 'NONE', #5414, 1000.000000000000100 ) ;
#2248 = DIRECTION ( 'NONE',  ( 0.0000000000000000000, 1.000000000000000000, 0.0000000000000000000 ) ) ;
#2249 = STYLED_ITEM ( 'NONE', ( #418 ), #8521 ) ;
#2250 = PLANE ( 'NONE',  #6681 ) ;
#2251 = LINE ( 'NONE', #3962, #2039 ) ;
#2252 = CARTESIAN_POINT ( 'NONE',  ( 2.540000000000000900, 1.700000000000000000, -13.57000000000000200 ) ) ;
#2253 =( LENGTH_UNIT ( ) NAMED_UNIT ( * ) SI_UNIT ( .MILLI., .METRE. ) );
#2254 = PRESENTATION_LAYER_ASSIGNMENT (  '', '', ( #1379 ) ) ;
#2255 = CARTESIAN_POINT ( 'NONE',  ( -1.050000000000000000, 11.70000000000000100, -12.38000000000000300 ) ) ;
#2256 = PLANE ( 'NONE',  #7986 ) ;
#2257 = CARTESIAN_POINT ( 'NONE',  ( 0.9499999999999999600, -2.799999999999999400, -12.92000000000000200 ) ) ;
#2258 = ORIENTED_EDGE ( 'NONE', *, *, #857, .F. ) ;
#2259 = CARTESIAN_POINT ( 'NONE',  ( 1.050000000000000000, -2.799999999999999400, -14.92000000000000200 ) ) ;
#2260 = AXIS2_PLACEMENT_3D ( 'NONE', #3931, #8550, #4604 ) ;
#2261 = VECTOR ( 'NONE', #800, 1000.000000000000100 ) ;
#2262 = EDGE_CURVE ( 'NONE', #5983, #5477, #4443, .T. ) ;
#2263 =( NAMED_UNIT ( * ) SI_UNIT ( $, .STERADIAN. ) SOLID_ANGLE_UNIT ( ) );
#2264 = VERTEX_POINT ( 'NONE', #3619 ) ;
#2265 = DIRECTION ( 'NONE',  ( -0.7071067811865470200, -0.0000000000000000000, -0.7071067811865481300 ) ) ;
#2266 = PLANE ( 'NONE',  #4839 ) ;
#2267 = DIRECTION ( 'NONE',  ( 1.000000000000000000, 0.0000000000000000000, -2.492418787322998300E-016 ) ) ;
#2268 = UNCERTAINTY_MEASURE_WITH_UNIT (LENGTH_MEASURE( 1.000000000000000100E-005 ), #916, 'distance_accuracy_value', 'NONE');
#2269 = COLOUR_RGB ( '',0.7960784313725489700, 0.8235294117647058400, 0.9372549019607843100 ) ;
#2270 = ORIENTED_EDGE ( 'NONE', *, *, #4764, .T. ) ;
#2271 = SURFACE_STYLE_FILL_AREA ( #7944 ) ;
#2272 = EDGE_CURVE ( 'NONE', #8128, #7515, #1983, .T. ) ;
#2273 = CARTESIAN_POINT ( 'NONE',  ( -1.490000000000000000, -2.799999999999999400, -7.940000000000001300 ) ) ;
#2274 = MECHANICAL_DESIGN_GEOMETRIC_PRESENTATION_REPRESENTATION (  '', ( #954 ), #2735 ) ;
#2275 = PRESENTATION_LAYER_ASSIGNMENT (  '', '', ( #1390 ) ) ;
#2276 = SURFACE_STYLE_FILL_AREA ( #2150 ) ;
#2277 = ADVANCED_FACE ( 'NONE', ( #4229 ), #5630, .T. ) ;
#2278 = FACE_OUTER_BOUND ( 'NONE', #4432, .T. ) ;
#2279 = ORIENTED_EDGE ( 'NONE', *, *, #1299, .T. ) ;
#2280 = SURFACE_STYLE_USAGE ( .BOTH. , #6300 ) ;
#2281 = ORIENTED_EDGE ( 'NONE', *, *, #3608, .F. ) ;
#2282 = UNCERTAINTY_MEASURE_WITH_UNIT (LENGTH_MEASURE( 1.000000000000000100E-005 ), #2496, 'distance_accuracy_value', 'NONE');
#2283 = DIRECTION ( 'NONE',  ( 0.0000000000000000000, 0.0000000000000000000, 1.000000000000000000 ) ) ;
#2284 = EDGE_LOOP ( 'NONE', ( #7599, #5391, #964, #4931 ) ) ;
#2285 = PRESENTATION_STYLE_ASSIGNMENT (( #1939 ) ) ;
#2286 = STYLED_ITEM ( 'NONE', ( #6766 ), #4668 ) ;
#2287 = CARTESIAN_POINT ( 'NONE',  ( -1.590000000000000300, 11.70000000000000100, -0.2200000000000002500 ) ) ;
#2288 = VECTOR ( 'NONE', #5889, 1000.000000000000000 ) ;
#2289 = ORIENTED_EDGE ( 'NONE', *, *, #1384, .F. ) ;
#2290 = DIRECTION ( 'NONE',  ( 0.0000000000000000000, 0.0000000000000000000, 1.000000000000000000 ) ) ;
#2291 = FACE_OUTER_BOUND ( 'NONE', #4935, .T. ) ;
#2292 = FILL_AREA_STYLE_COLOUR ( '', #5799 ) ;
#2293 = VECTOR ( 'NONE', #2713, 1000.000000000000000 ) ;
#2294 = FILL_AREA_STYLE ('',( #8247 ) ) ;
#2295 = EDGE_CURVE ( 'NONE', #4994, #8230, #6495, .T. ) ;
#2296 = DIRECTION ( 'NONE',  ( -0.7071067811865469100, -0.0000000000000000000, 0.7071067811865482400 ) ) ;
#2297 =( NAMED_UNIT ( * ) SI_UNIT ( $, .STERADIAN. ) SOLID_ANGLE_UNIT ( ) );
#2298 = COLOUR_RGB ( '',0.7960784313725489700, 0.8235294117647058400, 0.9372549019607843100 ) ;
#2299 = ORIENTED_EDGE ( 'NONE', *, *, #3944, .F. ) ;
#2300 = ORIENTED_EDGE ( 'NONE', *, *, #2894, .T. ) ;
#2301 = AXIS2_PLACEMENT_3D ( 'NONE', #2308, #6985, #2985 ) ;
#2302 = EDGE_CURVE ( 'NONE', #7206, #8647, #2943, .T. ) ;
#2303 = CARTESIAN_POINT ( 'NONE',  ( 1.050000000000000000, -2.799999999999999400, -9.840000000000001600 ) ) ;
#2304 = LINE ( 'NONE', #3794, #5672 ) ;
#2305 =( NAMED_UNIT ( * ) PLANE_ANGLE_UNIT ( ) SI_UNIT ( $, .RADIAN. ) );
#2306 = DIRECTION ( 'NONE',  ( -0.7071067811865489100, -0.0000000000000000000, -0.7071067811865461300 ) ) ;
#2307 = UNCERTAINTY_MEASURE_WITH_UNIT (LENGTH_MEASURE( 1.000000000000000100E-005 ), #62, 'distance_accuracy_value', 'NONE');
#2308 = CARTESIAN_POINT ( 'NONE',  ( 0.9499999999999999600, -2.799999999999999400, -7.839999999999999900 ) ) ;
#2309 = COLOUR_RGB ( '',0.7960784313725489700, 0.8235294117647058400, 0.9372549019607843100 ) ;
#2310 = DIRECTION ( 'NONE',  ( 0.7071067811865473500, 0.0000000000000000000, -0.7071067811865477900 ) ) ;
#2311 = SURFACE_STYLE_USAGE ( .BOTH. , #6320 ) ;
#2312 = VERTEX_POINT ( 'NONE', #6325 ) ;
#2313 = STYLED_ITEM ( 'NONE', ( #1485 ), #8115 ) ;
#2314 = FILL_AREA_STYLE_COLOUR ( '', #957 ) ;
#2315 = FACE_OUTER_BOUND ( 'NONE', #2355, .T. ) ;
#2316 = PLANE ( 'NONE',  #2608 ) ;
#2317 = AXIS2_PLACEMENT_3D ( 'NONE', #4450, #405, #5116 ) ;
#2318 = DIRECTION ( 'NONE',  ( -0.7071067811865462400, 0.0000000000000000000, -0.7071067811865489100 ) ) ;
#2319 = PLANE ( 'NONE',  #3077 ) ;
#2320 = DIRECTION ( 'NONE',  ( 1.000000000000000000, 0.0000000000000000000, -0.0000000000000000000 ) ) ;
#2321 = MECHANICAL_DESIGN_GEOMETRIC_PRESENTATION_REPRESENTATION (  '', ( #993 ), #2777 ) ;
#2322 = VECTOR ( 'NONE', #5995, 1000.000000000000000 ) ;
#2323 = SURFACE_STYLE_FILL_AREA ( #6257 ) ;
#2324 = STYLED_ITEM ( 'NONE', ( #6183 ), #4026 ) ;
#2325 = EDGE_CURVE ( 'NONE', #6764, #2417, #4720, .T. ) ;
#2326 = CARTESIAN_POINT ( 'NONE',  ( 1.490000000000000000, 11.70000000000000100, -0.3200000000000001200 ) ) ;
#2327 =( NAMED_UNIT ( * ) SI_UNIT ( $, .STERADIAN. ) SOLID_ANGLE_UNIT ( ) );
#2328 = DIRECTION ( 'NONE',  ( 0.0000000000000000000, 0.0000000000000000000, 1.000000000000000000 ) ) ;
#2329 = CARTESIAN_POINT ( 'NONE',  ( -1.590000000000000300, -2.799999999999999400, -15.45999999999999900 ) ) ;
#2330 = ADVANCED_FACE ( 'NONE', ( #4523 ), #3689, .F. ) ;
#2331 = VECTOR ( 'NONE', #563, 1000.000000000000100 ) ;
#2332 = FACE_OUTER_BOUND ( 'NONE', #6403, .T. ) ;
#2333 = VERTEX_POINT ( 'NONE', #4360 ) ;
#2334 = DIRECTION ( 'NONE',  ( -1.000000000000000000, 0.0000000000000000000, 0.0000000000000000000 ) ) ;
#2335 = PRESENTATION_LAYER_ASSIGNMENT (  '', '', ( #1433 ) ) ;
#2336 = SURFACE_SIDE_STYLE ('',( #3325 ) ) ;
#2337 = CARTESIAN_POINT ( 'NONE',  ( -1.050000000000000000, 11.70000000000000100, -13.02000000000000100 ) ) ;
#2338 = DIRECTION ( 'NONE',  ( 0.7071067811865486800, 0.0000000000000000000, 0.7071067811865464600 ) ) ;
#2339 = FILL_AREA_STYLE_COLOUR ( '', #2298 ) ;
#2340 = DIRECTION ( 'NONE',  ( 0.6756367705307529900, -0.0000000000000000000, 0.7372346670543747900 ) ) ;
#2341 = DIRECTION ( 'NONE',  ( 0.0000000000000000000, 1.000000000000000000, 0.0000000000000000000 ) ) ;
#2342 = FACE_OUTER_BOUND ( 'NONE', #3355, .T. ) ;
#2343 = EDGE_LOOP ( 'NONE', ( #590, #465, #191, #4845 ) ) ;
#2344 = ORIENTED_EDGE ( 'NONE', *, *, #5041, .T. ) ;
#2345 = VECTOR ( 'NONE', #3480, 1000.000000000000000 ) ;
#2346 = PRESENTATION_LAYER_ASSIGNMENT (  '', '', ( #1444 ) ) ;
#2347 =( NAMED_UNIT ( * ) SI_UNIT ( $, .STERADIAN. ) SOLID_ANGLE_UNIT ( ) );
#2348 = FILL_AREA_STYLE_COLOUR ( '', #5906 ) ;
#2349 =( GEOMETRIC_REPRESENTATION_CONTEXT ( 3 ) GLOBAL_UNCERTAINTY_ASSIGNED_CONTEXT ( ( #2410 ) ) GLOBAL_UNIT_ASSIGNED_CONTEXT ( ( #3379, #8001, #4063 ) ) REPRESENTATION_CONTEXT ( 'NONE', 'WORKASPACE' ) );
#2350 = VECTOR ( 'NONE', #5409, 999.9999999999998900 ) ;
#2351 = ORIENTED_EDGE ( 'NONE', *, *, #5926, .T. ) ;
#2352 = PRESENTATION_STYLE_ASSIGNMENT (( #5829 ) ) ;
#2353 = FILL_AREA_STYLE_COLOUR ( '', #6435 ) ;
#2354 = SURFACE_SIDE_STYLE ('',( #1466 ) ) ;
#2355 = EDGE_LOOP ( 'NONE', ( #5525, #2664, #2395, #8328 ) ) ;
#2356 = ORIENTED_EDGE ( 'NONE', *, *, #1269, .F. ) ;
#2357 =( NAMED_UNIT ( * ) PLANE_ANGLE_UNIT ( ) SI_UNIT ( $, .RADIAN. ) );
#2358 = VECTOR ( 'NONE', #2951, 1000.000000000000000 ) ;
#2359 = EDGE_CURVE ( 'NONE', #2492, #5247, #2076, .T. ) ;
#2360 = CARTESIAN_POINT ( 'NONE',  ( 2.140000000000001500, 1.700000000000000000, -13.97000000000000100 ) ) ;
#2361 = FACE_OUTER_BOUND ( 'NONE', #5438, .T. ) ;
#2362 = CARTESIAN_POINT ( 'NONE',  ( 0.9499999999999999600, -2.799999999999999400, -2.760000000000000200 ) ) ;
#2363 = UNCERTAINTY_MEASURE_WITH_UNIT (LENGTH_MEASURE( 1.000000000000000100E-005 ), #1438, 'distance_accuracy_value', 'NONE');
#2364 = ORIENTED_EDGE ( 'NONE', *, *, #4126, .F. ) ;
#2365 = LINE ( 'NONE', #2255, #5928 ) ;
#2366 = PLANE ( 'NONE',  #1510 ) ;
#2367 = DIRECTION ( 'NONE',  ( -0.0000000000000000000, 1.000000000000000000, -0.0000000000000000000 ) ) ;
#2368 = DIRECTION ( 'NONE',  ( -0.7071067811865461300, 0.0000000000000000000, 0.7071067811865489100 ) ) ;
#2369 = ORIENTED_EDGE ( 'NONE', *, *, #677, .T. ) ;
#2370 = DIRECTION ( 'NONE',  ( 0.7071067811865481300, 0.0000000000000000000, -0.7071067811865470200 ) ) ;
#2371 = ORIENTED_EDGE ( 'NONE', *, *, #2230, .T. ) ;
#2372 = PLANE ( 'NONE',  #190 ) ;
#2373 =( LENGTH_UNIT ( ) NAMED_UNIT ( * ) SI_UNIT ( .MILLI., .METRE. ) );
#2374 = PRESENTATION_LAYER_ASSIGNMENT (  '', '', ( #1472 ) ) ;
#2375 = VERTEX_POINT ( 'NONE', #5723 ) ;
#2376 = ADVANCED_FACE ( 'NONE', ( #5664 ), #5062, .T. ) ;
#2377 = SURFACE_SIDE_STYLE ('',( #5465 ) ) ;
#2378 =( NAMED_UNIT ( * ) SI_UNIT ( $, .STERADIAN. ) SOLID_ANGLE_UNIT ( ) );
#2379 =( NAMED_UNIT ( * ) PLANE_ANGLE_UNIT ( ) SI_UNIT ( $, .RADIAN. ) );
#2380 = CARTESIAN_POINT ( 'NONE',  ( 2.540000000000000900, 1.700000000000000000, -9.290000000000000900 ) ) ;
#2381 = PRESENTATION_LAYER_ASSIGNMENT (  '', '', ( #1481 ) ) ;
#2382 = ORIENTED_EDGE ( 'NONE', *, *, #1344, .T. ) ;
#2383 = DIRECTION ( 'NONE',  ( 2.492418787322998300E-016, 0.0000000000000000000, 1.000000000000000000 ) ) ;
#2384 = LINE ( 'NONE', #6950, #7471 ) ;
#2385 = EDGE_LOOP ( 'NONE', ( #777, #5547, #5082, #766 ) ) ;
#2386 = AXIS2_PLACEMENT_3D ( 'NONE', #188, #4877, #883 ) ;
#2387 = CLOSED_SHELL ( 'NONE', ( #1377, #6662, #481, #7019, #3579, #2732, #1244, #3759, #5510, #5898 ) ) ;
#2388 = DIRECTION ( 'NONE',  ( -0.0000000000000000000, 1.000000000000000000, 0.0000000000000000000 ) ) ;
#2389 = CARTESIAN_POINT ( 'NONE',  ( 0.9499999999999999600, 11.70000000000000100, -5.299999999999999800 ) ) ;
#2390 =( LENGTH_UNIT ( ) NAMED_UNIT ( * ) SI_UNIT ( .MILLI., .METRE. ) );
#2391 = PRESENTATION_STYLE_ASSIGNMENT (( #440 ) ) ;
#2392 =( GEOMETRIC_REPRESENTATION_CONTEXT ( 3 ) GLOBAL_UNCERTAINTY_ASSIGNED_CONTEXT ( ( #1190 ) ) GLOBAL_UNIT_ASSIGNED_CONTEXT ( ( #7560, #3604, #8220 ) ) REPRESENTATION_CONTEXT ( 'NONE', 'WORKASPACE' ) );
#2393 = EDGE_LOOP ( 'NONE', ( #7380, #5264, #2910, #69 ) ) ;
#2394 = VECTOR ( 'NONE', #4718, 999.9999999999998900 ) ;
#2395 = ORIENTED_EDGE ( 'NONE', *, *, #5789, .F. ) ;
#2396 = FACE_OUTER_BOUND ( 'NONE', #235, .T. ) ;
#2397 = VECTOR ( 'NONE', #7978, 1000.000000000000000 ) ;
#2398 = CARTESIAN_POINT ( 'NONE',  ( 2.540000000000000900, 1.700000000000000000, -5.950000000000001100 ) ) ;
#2399 = CARTESIAN_POINT ( 'NONE',  ( -1.490000000000000200, -2.799999999999999400, 0.3199999999999998400 ) ) ;
#2400 = DIRECTION ( 'NONE',  ( 0.0000000000000000000, 0.0000000000000000000, 1.000000000000000000 ) ) ;
#2401 = ORIENTED_EDGE ( 'NONE', *, *, #6210, .F. ) ;
#2402 =( NAMED_UNIT ( * ) PLANE_ANGLE_UNIT ( ) SI_UNIT ( $, .RADIAN. ) );
#2403 = SURFACE_STYLE_FILL_AREA ( #7305 ) ;
#2404 = ORIENTED_EDGE ( 'NONE', *, *, #2405, .F. ) ;
#2405 = EDGE_CURVE ( 'NONE', #3621, #8281, #7196, .T. ) ;
#2406 = CARTESIAN_POINT ( 'NONE',  ( 1.490000000000000000, 11.70000000000000100, -4.760000000000000700 ) ) ;
#2407 = SURFACE_SIDE_STYLE ('',( #2698 ) ) ;
#2408 = VECTOR ( 'NONE', #5077, 1000.000000000000000 ) ;
#2409 =( GEOMETRIC_REPRESENTATION_CONTEXT ( 3 ) GLOBAL_UNCERTAINTY_ASSIGNED_CONTEXT ( ( #410 ) ) GLOBAL_UNIT_ASSIGNED_CONTEXT ( ( #5338, #1315, #6007 ) ) REPRESENTATION_CONTEXT ( 'NONE', 'WORKASPACE' ) );
#2410 = UNCERTAINTY_MEASURE_WITH_UNIT (LENGTH_MEASURE( 1.000000000000000100E-005 ), #3379, 'distance_accuracy_value', 'NONE');
#2411 = FILL_AREA_STYLE_COLOUR ( '', #3040 ) ;
#2412 = LINE ( 'NONE', #497, #1561 ) ;
#2413 = EDGE_LOOP ( 'NONE', ( #6989, #7883, #6189, #4659 ) ) ;
#2414 = CARTESIAN_POINT ( 'NONE',  ( -1.490000000000000000, -2.799999999999999400, -0.3200000000000001200 ) ) ;
#2415 =( LENGTH_UNIT ( ) NAMED_UNIT ( * ) SI_UNIT ( .MILLI., .METRE. ) );
#2416 = VECTOR ( 'NONE', #384, 1000.000000000000000 ) ;
#2417 = VERTEX_POINT ( 'NONE', #5750 ) ;
#2418 = MECHANICAL_DESIGN_GEOMETRIC_PRESENTATION_REPRESENTATION (  '', ( #1084 ), #2864 ) ;
#2419 = COLOUR_RGB ( '',0.7960784313725489700, 0.8235294117647058400, 0.9372549019607843100 ) ;
#2420 = CARTESIAN_POINT ( 'NONE',  ( 1.050000000000000000, 11.70000000000000100, -7.299999999999999800 ) ) ;
#2421 = FACE_OUTER_BOUND ( 'NONE', #3946, .T. ) ;
#2422 = ORIENTED_EDGE ( 'NONE', *, *, #3016, .T. ) ;
#2423 = DIRECTION ( 'NONE',  ( 0.7071067811865486800, 0.0000000000000000000, 0.7071067811865464600 ) ) ;
#2424 = CARTESIAN_POINT ( 'NONE',  ( -2.539999999999999600, 0.0000000000000000000, -6.783421052631577900 ) ) ;
#2425 = ADVANCED_FACE ( 'NONE', ( #4814 ), #7736, .F. ) ;
#2426 = UNCERTAINTY_MEASURE_WITH_UNIT (LENGTH_MEASURE( 1.000000000000000100E-005 ), #1280, 'distance_accuracy_value', 'NONE');
#2427 =( GEOMETRIC_REPRESENTATION_CONTEXT ( 3 ) GLOBAL_UNCERTAINTY_ASSIGNED_CONTEXT ( ( #618 ) ) GLOBAL_UNIT_ASSIGNED_CONTEXT ( ( #3375, #7995, #4059 ) ) REPRESENTATION_CONTEXT ( 'NONE', 'WORKASPACE' ) );
#2428 = EDGE_CURVE ( 'NONE', #3602, #3928, #626, .T. ) ;
#2429 =( NAMED_UNIT ( * ) SI_UNIT ( $, .STERADIAN. ) SOLID_ANGLE_UNIT ( ) );
#2430 = CARTESIAN_POINT ( 'NONE',  ( -0.9499999999999999600, -2.799999999999999400, -2.760000000000000200 ) ) ;
#2431 =( NAMED_UNIT ( * ) PLANE_ANGLE_UNIT ( ) SI_UNIT ( $, .RADIAN. ) );
#2432 = SURFACE_STYLE_FILL_AREA ( #2869 ) ;
#2433 = FILL_AREA_STYLE_COLOUR ( '', #5931 ) ;
#2434 =( LENGTH_UNIT ( ) NAMED_UNIT ( * ) SI_UNIT ( .MILLI., .METRE. ) );
#2435 = DIRECTION ( 'NONE',  ( 0.0000000000000000000, 1.000000000000000000, 0.0000000000000000000 ) ) ;
#2436 = VECTOR ( 'NONE', #95, 1000.000000000000000 ) ;
#2437 = COLOUR_RGB ( '',0.7960784313725489700, 0.8235294117647058400, 0.9372549019607843100 ) ;
#2438 = DIRECTION ( 'NONE',  ( 0.0000000000000000000, -0.0000000000000000000, -1.000000000000000000 ) ) ;
#2439 = VECTOR ( 'NONE', #7962, 1000.000000000000000 ) ;
#2440 = ORIENTED_EDGE ( 'NONE', *, *, #1906, .F. ) ;
#2441 = DIRECTION ( 'NONE',  ( 0.7071067811865486800, 0.0000000000000000000, -0.7071067811865463500 ) ) ;
#2442 =( GEOMETRIC_REPRESENTATION_CONTEXT ( 3 ) GLOBAL_UNCERTAINTY_ASSIGNED_CONTEXT ( ( #2282 ) ) GLOBAL_UNIT_ASSIGNED_CONTEXT ( ( #2496, #7139, #3167 ) ) REPRESENTATION_CONTEXT ( 'NONE', 'WORKASPACE' ) );
#2443 = ORIENTED_EDGE ( 'NONE', *, *, #2645, .F. ) ;
#2444 = STYLED_ITEM ( 'NONE', ( #5111 ), #6412 ) ;
#2445 = VECTOR ( 'NONE', #7099, 999.9999999999998900 ) ;
#2446 = EDGE_CURVE ( 'NONE', #5244, #1854, #5979, .T. ) ;
#2447 = LINE ( 'NONE', #4784, #1600 ) ;
#2448 = EDGE_CURVE ( 'NONE', #1841, #6596, #7494, .T. ) ;
#2449 = VECTOR ( 'NONE', #2883, 1000.000000000000000 ) ;
#2450 = CARTESIAN_POINT ( 'NONE',  ( 1.490000000000000000, -2.799999999999999400, -7.299999999999999800 ) ) ;
#2451 = DIRECTION ( 'NONE',  ( -0.7071067811865464600, 0.0000000000000000000, 0.7071067811865486800 ) ) ;
#2452 =( NAMED_UNIT ( * ) PLANE_ANGLE_UNIT ( ) SI_UNIT ( $, .RADIAN. ) );
#2453 = LINE ( 'NONE', #8206, #4257 ) ;
#2454 = VERTEX_POINT ( 'NONE', #5813 ) ;
#2455 = AXIS2_PLACEMENT_3D ( 'NONE', #2795, #7432, #3476 ) ;
#2456 = PRESENTATION_STYLE_ASSIGNMENT (( #1915 ) ) ;
#2457 = SURFACE_SIDE_STYLE ('',( #1371 ) ) ;
#2458 = SURFACE_SIDE_STYLE ('',( #6530 ) ) ;
#2459 = VECTOR ( 'NONE', #5385, 1000.000000000000000 ) ;
#2460 = FILL_AREA_STYLE_COLOUR ( '', #6852 ) ;
#2461 = CARTESIAN_POINT ( 'NONE',  ( -0.9499999999999999600, 11.70000000000000100, -7.839999999999999900 ) ) ;
#2462 = SURFACE_SIDE_STYLE ('',( #7161 ) ) ;
#2463 = FACE_OUTER_BOUND ( 'NONE', #8022, .T. ) ;
#2464 = ADVANCED_FACE ( 'NONE', ( #7284 ), #2467, .F. ) ;
#2465 = VERTEX_POINT ( 'NONE', #468 ) ;
#2466 = VECTOR ( 'NONE', #8313, 1000.000000000000000 ) ;
#2467 = PLANE ( 'NONE',  #7382 ) ;
#2468 = PLANE ( 'NONE',  #3808 ) ;
#2469 =( NAMED_UNIT ( * ) PLANE_ANGLE_UNIT ( ) SI_UNIT ( $, .RADIAN. ) );
#2470 = PLANE ( 'NONE',  #81 ) ;
#2471 = EDGE_CURVE ( 'NONE', #4038, #3602, #8431, .T. ) ;
#2472 = VECTOR ( 'NONE', #3456, 1000.000000000000000 ) ;
#2473 = UNCERTAINTY_MEASURE_WITH_UNIT (LENGTH_MEASURE( 1.000000000000000100E-005 ), #5015, 'distance_accuracy_value', 'NONE');
#2474 = VERTEX_POINT ( 'NONE', #6502 ) ;
#2475 = EDGE_CURVE ( 'NONE', #18, #2008, #6678, .T. ) ;
#2476 = STYLED_ITEM ( 'NONE', ( #1267 ), #393 ) ;
#2477 = EDGE_CURVE ( 'NONE', #2730, #5876, #2412, .T. ) ;
#2478 = CARTESIAN_POINT ( 'NONE',  ( 0.9499999999999999600, -2.799999999999999400, 0.2200000000000000600 ) ) ;
#2479 = DIRECTION ( 'NONE',  ( -1.000000000000000000, -0.0000000000000000000, -0.0000000000000000000 ) ) ;
#2480 = ORIENTED_EDGE ( 'NONE', *, *, #1355, .F. ) ;
#2481 = DIRECTION ( 'NONE',  ( -1.000000000000000000, 0.0000000000000000000, -1.232047923278982000E-016 ) ) ;
#2482 = DIRECTION ( 'NONE',  ( -0.0000000000000000000, -1.000000000000000000, -0.0000000000000000000 ) ) ;
#2483 =( NAMED_UNIT ( * ) SI_UNIT ( $, .STERADIAN. ) SOLID_ANGLE_UNIT ( ) );
#2484 = VECTOR ( 'NONE', #8350, 1000.000000000000000 ) ;
#2485 = EDGE_LOOP ( 'NONE', ( #6170, #4871, #4358, #1873 ) ) ;
#2486 = COLOUR_RGB ( '',0.7960784313725489700, 0.8235294117647058400, 0.9372549019607843100 ) ;
#2487 =( NAMED_UNIT ( * ) SI_UNIT ( $, .STERADIAN. ) SOLID_ANGLE_UNIT ( ) );
#2488 =( NAMED_UNIT ( * ) PLANE_ANGLE_UNIT ( ) SI_UNIT ( $, .RADIAN. ) );
#2489 = DIRECTION ( 'NONE',  ( -1.000000000000000000, -0.0000000000000000000, -0.0000000000000000000 ) ) ;
#2490 = STYLED_ITEM ( 'NONE', ( #2813 ), #5346 ) ;
#2491 = PRESENTATION_LAYER_ASSIGNMENT (  '', '', ( #1586 ) ) ;
#2492 = VERTEX_POINT ( 'NONE', #1185 ) ;
#2493 = PRESENTATION_STYLE_ASSIGNMENT (( #2868 ) ) ;
#2494 = ORIENTED_EDGE ( 'NONE', *, *, #7812, .T. ) ;
#2495 = PRESENTATION_LAYER_ASSIGNMENT (  '', '', ( #1590 ) ) ;
#2496 =( LENGTH_UNIT ( ) NAMED_UNIT ( * ) SI_UNIT ( .MILLI., .METRE. ) );
#2497 = CARTESIAN_POINT ( 'NONE',  ( -1.050000000000000000, 11.70000000000000100, -7.940000000000001300 ) ) ;
#2498 = ORIENTED_EDGE ( 'NONE', *, *, #676, .T. ) ;
#2499 = FACE_OUTER_BOUND ( 'NONE', #4700, .T. ) ;
#2500 = FILL_AREA_STYLE_COLOUR ( '', #1875 ) ;
#2501 = EDGE_CURVE ( 'NONE', #1760, #3351, #8213, .T. ) ;
#2502 = ORIENTED_EDGE ( 'NONE', *, *, #6318, .T. ) ;
#2503 = LINE ( 'NONE', #3722, #4305 ) ;
#2504 = ORIENTED_EDGE ( 'NONE', *, *, #359, .T. ) ;
#2505 = VECTOR ( 'NONE', #7745, 1000.000000000000000 ) ;
#2506 = SURFACE_SIDE_STYLE ('',( #3239 ) ) ;
#2507 = AXIS2_PLACEMENT_3D ( 'NONE', #5363, #1335, #6027 ) ;
#2508 = ORIENTED_EDGE ( 'NONE', *, *, #8539, .F. ) ;
#2509 = MANIFOLD_SOLID_BREP ( 'LPattern3[13]', #210 ) ;
#2510 = VECTOR ( 'NONE', #221, 1000.000000000000000 ) ;
#2511 =( NAMED_UNIT ( * ) PLANE_ANGLE_UNIT ( ) SI_UNIT ( $, .RADIAN. ) );
#2512 = PLANE ( 'NONE',  #13 ) ;
#2513 = DIRECTION ( 'NONE',  ( 0.0000000000000000000, 0.0000000000000000000, 1.000000000000000000 ) ) ;
#2514 = LINE ( 'NONE', #1008, #4104 ) ;
#2515 = PRESENTATION_LAYER_ASSIGNMENT (  '', '', ( #1609 ) ) ;
#2516 = DIRECTION ( 'NONE',  ( -0.0000000000000000000, -1.000000000000000000, -0.0000000000000000000 ) ) ;
#2517 = DIRECTION ( 'NONE',  ( 0.7071067811865474600, 0.0000000000000000000, 0.7071067811865474600 ) ) ;
#2518 = DIRECTION ( 'NONE',  ( 0.0000000000000000000, -0.0000000000000000000, 1.000000000000000000 ) ) ;
#2519 = ORIENTED_EDGE ( 'NONE', *, *, #7759, .F. ) ;
#2520 = MECHANICAL_DESIGN_GEOMETRIC_PRESENTATION_REPRESENTATION (  '', ( #1183 ), #2974 ) ;
#2521 = DIRECTION ( 'NONE',  ( 0.0000000000000000000, 1.000000000000000000, 0.0000000000000000000 ) ) ;
#2522 = PLANE ( 'NONE',  #471 ) ;
#2523 = LINE ( 'NONE', #7361, #7612 ) ;
#2524 = CARTESIAN_POINT ( 'NONE',  ( 1.490000000000000000, 11.70000000000000100, -14.92000000000000200 ) ) ;
#2525 = CARTESIAN_POINT ( 'NONE',  ( -1.490000000000000000, -2.799999999999999400, -0.3200000000000001200 ) ) ;
#2526 = ORIENTED_EDGE ( 'NONE', *, *, #8373, .T. ) ;
#2527 = LINE ( 'NONE', #5621, #970 ) ;
#2528 = VECTOR ( 'NONE', #2794, 1000.000000000000000 ) ;
#2529 = EDGE_CURVE ( 'NONE', #6711, #4996, #4092, .T. ) ;
#2530 = FILL_AREA_STYLE_COLOUR ( '', #4200 ) ;
#2531 = LINE ( 'NONE', #705, #7628 ) ;
#2532 = CARTESIAN_POINT ( 'NONE',  ( -1.490000000000000000, -2.799999999999999400, -15.56000000000000000 ) ) ;
#2533 = DIRECTION ( 'NONE',  ( 1.232047923278982000E-016, 0.0000000000000000000, -1.000000000000000000 ) ) ;
#2534 = AXIS2_PLACEMENT_3D ( 'NONE', #4356, #320, #5016 ) ;
#2535 = LINE ( 'NONE', #3296, #2322 ) ;
#2536 = DIRECTION ( 'NONE',  ( 0.6782059721786389800, 0.0000000000000000000, 0.7348718659067220400 ) ) ;
#2537 = DIRECTION ( 'NONE',  ( -0.6782059721786390900, 0.0000000000000000000, -0.7348718659067219300 ) ) ;
#2538 = DIRECTION ( 'NONE',  ( 0.0000000000000000000, -0.0000000000000000000, -1.000000000000000000 ) ) ;
#2539 = CARTESIAN_POINT ( 'NONE',  ( -2.019999999999999600, 0.2999999999999999900, -1.270000000000000000 ) ) ;
#2540 = DIRECTION ( 'NONE',  ( 0.0000000000000000000, 1.000000000000000000, 0.0000000000000000000 ) ) ;
#2541 = VECTOR ( 'NONE', #3509, 1000.000000000000000 ) ;
#2542 = ORIENTED_EDGE ( 'NONE', *, *, #2007, .T. ) ;
#2543 = STYLED_ITEM ( 'NONE', ( #5974 ), #2233 ) ;
#2544 = CARTESIAN_POINT ( 'NONE',  ( -1.050000000000000000, -2.799999999999999400, -4.760000000000000700 ) ) ;
#2545 = DIRECTION ( 'NONE',  ( -1.000000000000000000, 0.0000000000000000000, 0.0000000000000000000 ) ) ;
#2546 = AXIS2_PLACEMENT_3D ( 'NONE', #2093, #6771, #2783 ) ;
#2547 = LINE ( 'NONE', #8303, #6125 ) ;
#2548 = SURFACE_SIDE_STYLE ('',( #5358 ) ) ;
#2549 =( GEOMETRIC_REPRESENTATION_CONTEXT ( 3 ) GLOBAL_UNCERTAINTY_ASSIGNED_CONTEXT ( ( #6854 ) ) GLOBAL_UNIT_ASSIGNED_CONTEXT ( ( #728, #5421, #1399 ) ) REPRESENTATION_CONTEXT ( 'NONE', 'WORKASPACE' ) );
#2550 = ORIENTED_EDGE ( 'NONE', *, *, #6832, .T. ) ;
#2551 = VERTEX_POINT ( 'NONE', #2544 ) ;
#2552 = LINE ( 'NONE', #2800, #2345 ) ;
#2553 = MECHANICAL_DESIGN_GEOMETRIC_PRESENTATION_REPRESENTATION (  '', ( #1216 ), #3008 ) ;
#2554 = ADVANCED_FACE ( 'NONE', ( #515 ), #6542, .F. ) ;
#2555 = SURFACE_STYLE_FILL_AREA ( #806 ) ;
#2556 = VECTOR ( 'NONE', #1740, 1000.000000000000000 ) ;
#2557 = ORIENTED_EDGE ( 'NONE', *, *, #318, .F. ) ;
#2558 = ORIENTED_EDGE ( 'NONE', *, *, #478, .F. ) ;
#2559 = FILL_AREA_STYLE_COLOUR ( '', #6334 ) ;
#2560 = DIRECTION ( 'NONE',  ( -0.7071067811865470200, -0.0000000000000000000, -0.7071067811865481300 ) ) ;
#2561 = EDGE_CURVE ( 'NONE', #3864, #2333, #5862, .T. ) ;
#2562 = AXIS2_PLACEMENT_3D ( 'NONE', #3158, #7800, #3846 ) ;
#2563 = DIRECTION ( 'NONE',  ( -0.7071067811865462400, 0.0000000000000000000, -0.7071067811865489100 ) ) ;
#2564 = VERTEX_POINT ( 'NONE', #3262 ) ;
#2565 = COLOUR_RGB ( '',0.7960784313725489700, 0.8235294117647058400, 0.9372549019607843100 ) ;
#2566 = ORIENTED_EDGE ( 'NONE', *, *, #2446, .T. ) ;
#2567 =( LENGTH_UNIT ( ) NAMED_UNIT ( * ) SI_UNIT ( .MILLI., .METRE. ) );
#2568 = FILL_AREA_STYLE ('',( #5912 ) ) ;
#2569 = DIRECTION ( 'NONE',  ( -0.7071067811865470200, -0.0000000000000000000, -0.7071067811865481300 ) ) ;
#2570 = PRESENTATION_LAYER_ASSIGNMENT (  '', '', ( #1680 ) ) ;
#2571 = CARTESIAN_POINT ( 'NONE',  ( 1.490000000000000000, -2.799999999999999400, -15.56000000000000000 ) ) ;
#2572 = LINE ( 'NONE', #7062, #802 ) ;
#2573 = UNCERTAINTY_MEASURE_WITH_UNIT (LENGTH_MEASURE( 1.000000000000000100E-005 ), #1966, 'distance_accuracy_value', 'NONE');
#2574 = SURFACE_STYLE_USAGE ( .BOTH. , #6577 ) ;
#2575 =( LENGTH_UNIT ( ) NAMED_UNIT ( * ) SI_UNIT ( .MILLI., .METRE. ) );
#2576 = DIRECTION ( 'NONE',  ( -0.7071067811865489100, -0.0000000000000000000, -0.7071067811865461300 ) ) ;
#2577 = FILL_AREA_STYLE ('',( #566 ) ) ;
#2578 = EDGE_CURVE ( 'NONE', #1522, #680, #3243, .T. ) ;
#2579 = LINE ( 'NONE', #7901, #6153 ) ;
#2580 = EDGE_LOOP ( 'NONE', ( #7899, #3228, #8236, #2903, #3618, #6104, #5427, #8091 ) ) ;
#2581 = FACE_OUTER_BOUND ( 'NONE', #5009, .T. ) ;
#2582 = PRESENTATION_STYLE_ASSIGNMENT (( #8458 ) ) ;
#2583 = EDGE_LOOP ( 'NONE', ( #4272, #93, #8256, #3809 ) ) ;
#2584 = VECTOR ( 'NONE', #2938, 1000.000000000000000 ) ;
#2585 = MECHANICAL_DESIGN_GEOMETRIC_PRESENTATION_REPRESENTATION (  '', ( #1246 ), #3044 ) ;
#2586 = EDGE_CURVE ( 'NONE', #5650, #4507, #8527, .T. ) ;
#2587 = CARTESIAN_POINT ( 'NONE',  ( 1.590000000000000100, -2.799999999999999400, -15.02000000000000000 ) ) ;
#2588 = ORIENTED_EDGE ( 'NONE', *, *, #7650, .T. ) ;
#2589 = VERTEX_POINT ( 'NONE', #1923 ) ;
#2590 = LINE ( 'NONE', #716, #6164 ) ;
#2591 = CARTESIAN_POINT ( 'NONE',  ( 0.9499999999999999600, -2.799999999999999400, -5.299999999999999800 ) ) ;
#2592 = FILL_AREA_STYLE_COLOUR ( '', #7064 ) ;
#2593 = ORIENTED_EDGE ( 'NONE', *, *, #4047, .F. ) ;
#2594 = VECTOR ( 'NONE', #2199, 1000.000000000000000 ) ;
#2595 =( NAMED_UNIT ( * ) PLANE_ANGLE_UNIT ( ) SI_UNIT ( $, .RADIAN. ) );
#2596 = SURFACE_SIDE_STYLE ('',( #5775 ) ) ;
#2597 =( NAMED_UNIT ( * ) PLANE_ANGLE_UNIT ( ) SI_UNIT ( $, .RADIAN. ) );
#2598 = ORIENTED_EDGE ( 'NONE', *, *, #8131, .F. ) ;
#2599 = COLOUR_RGB ( '',0.7921568627450980000, 0.8196078431372548800, 0.9333333333333333500 ) ;
#2600 = ORIENTED_EDGE ( 'NONE', *, *, #3097, .F. ) ;
#2601 = PRESENTATION_LAYER_ASSIGNMENT (  '', '', ( #1702 ) ) ;
#2602 = DIRECTION ( 'NONE',  ( -0.0000000000000000000, -1.000000000000000000, -0.0000000000000000000 ) ) ;
#2603 = CARTESIAN_POINT ( 'NONE',  ( -1.050000000000000000, -2.799999999999999400, -2.220000000000000200 ) ) ;
#2604 = VERTEX_POINT ( 'NONE', #5290 ) ;
#2605 = ADVANCED_FACE ( 'NONE', ( #5034 ), #2610, .T. ) ;
#2606 = VECTOR ( 'NONE', #1194, 1000.000000000000100 ) ;
#2607 = COLOUR_RGB ( '',0.7960784313725489700, 0.8235294117647058400, 0.9372549019607843100 ) ;
#2608 = AXIS2_PLACEMENT_3D ( 'NONE', #5027, #1016, #5690 ) ;
#2609 = ORIENTED_EDGE ( 'NONE', *, *, #6076, .F. ) ;
#2610 = PLANE ( 'NONE',  #5914 ) ;
#2611 = ORIENTED_EDGE ( 'NONE', *, *, #7923, .F. ) ;
#2612 = EDGE_CURVE ( 'NONE', #1745, #7876, #6575, .T. ) ;
#2613 = VECTOR ( 'NONE', #1002, 1000.000000000000000 ) ;
#2614 =( LENGTH_UNIT ( ) NAMED_UNIT ( * ) SI_UNIT ( .MILLI., .METRE. ) );
#2615 = VERTEX_POINT ( 'NONE', #2639 ) ;
#2616 = COLOUR_RGB ( '',0.7921568627450980000, 0.8196078431372548800, 0.9333333333333333500 ) ;
#2617 = EDGE_CURVE ( 'NONE', #1007, #4068, #5966, .T. ) ;
#2618 = PRESENTATION_STYLE_ASSIGNMENT (( #3860 ) ) ;
#2619 = EDGE_LOOP ( 'NONE', ( #1233, #2401, #1175, #998 ) ) ;
#2620 = DIRECTION ( 'NONE',  ( -1.000000000000000000, 0.0000000000000000000, 0.0000000000000000000 ) ) ;
#2621 = UNCERTAINTY_MEASURE_WITH_UNIT (LENGTH_MEASURE( 1.000000000000000100E-005 ), #5076, 'distance_accuracy_value', 'NONE');
#2622 = FILL_AREA_STYLE ('',( #7897 ) ) ;
#2623 = STYLED_ITEM ( 'NONE', ( #1111 ), #7388 ) ;
#2624 =( NAMED_UNIT ( * ) SI_UNIT ( $, .STERADIAN. ) SOLID_ANGLE_UNIT ( ) );
#2625 = PLANE ( 'NONE',  #1918 ) ;
#2626 = ORIENTED_EDGE ( 'NONE', *, *, #7967, .F. ) ;
#2627 =( NAMED_UNIT ( * ) PLANE_ANGLE_UNIT ( ) SI_UNIT ( $, .RADIAN. ) );
#2628 = ORIENTED_EDGE ( 'NONE', *, *, #5643, .T. ) ;
#2629 =( NAMED_UNIT ( * ) SI_UNIT ( $, .STERADIAN. ) SOLID_ANGLE_UNIT ( ) );
#2630 = UNCERTAINTY_MEASURE_WITH_UNIT (LENGTH_MEASURE( 1.000000000000000100E-005 ), #1353, 'distance_accuracy_value', 'NONE');
#2631 =( GEOMETRIC_REPRESENTATION_CONTEXT ( 3 ) GLOBAL_UNCERTAINTY_ASSIGNED_CONTEXT ( ( #6080 ) ) GLOBAL_UNIT_ASSIGNED_CONTEXT ( ( #1031, #5706, #1691 ) ) REPRESENTATION_CONTEXT ( 'NONE', 'WORKASPACE' ) );
#2632 = LINE ( 'NONE', #2399, #3801 ) ;
#2633 = MECHANICAL_DESIGN_GEOMETRIC_PRESENTATION_REPRESENTATION (  '', ( #1731 ), #3086 ) ;
#2634 =( NAMED_UNIT ( * ) PLANE_ANGLE_UNIT ( ) SI_UNIT ( $, .RADIAN. ) );
#2635 = CARTESIAN_POINT ( 'NONE',  ( 1.490000000000000000, 11.70000000000000100, -9.840000000000001600 ) ) ;
#2636 = COLOUR_RGB ( '',0.7960784313725489700, 0.8235294117647058400, 0.9372549019607843100 ) ;
#2637 = STYLED_ITEM ( 'NONE', ( #8347 ), #2229 ) ;
#2638 = ORIENTED_EDGE ( 'NONE', *, *, #4094, .F. ) ;
#2639 = CARTESIAN_POINT ( 'NONE',  ( 2.540000000000000900, 1.700000000000000000, -11.83000000000000200 ) ) ;
#2640 = VECTOR ( 'NONE', #1515, 1000.000000000000000 ) ;
#2641 = ORIENTED_EDGE ( 'NONE', *, *, #4322, .T. ) ;
#2642 =( LENGTH_UNIT ( ) NAMED_UNIT ( * ) SI_UNIT ( .MILLI., .METRE. ) );
#2643 = CARTESIAN_POINT ( 'NONE',  ( -2.540000000000000000, 0.0000000000000000000, -11.06342105263158100 ) ) ;
#2644 = CARTESIAN_POINT ( 'NONE',  ( -1.050000000000000000, 11.70000000000000100, -2.860000000000000300 ) ) ;
#2645 = EDGE_CURVE ( 'NONE', #4882, #2312, #4208, .T. ) ;
#2646 = EDGE_CURVE ( 'NONE', #2551, #4150, #5759, .T. ) ;
#2647 = ORIENTED_EDGE ( 'NONE', *, *, #8167, .T. ) ;
#2648 = ADVANCED_FACE ( 'NONE', ( #3986 ), #6651, .T. ) ;
#2649 = CARTESIAN_POINT ( 'NONE',  ( -1.490000000000000200, -2.799999999999999400, -14.92000000000000200 ) ) ;
#2650 = VERTEX_POINT ( 'NONE', #1981 ) ;
#2651 = DIRECTION ( 'NONE',  ( -0.0000000000000000000, -0.0000000000000000000, -1.000000000000000000 ) ) ;
#2652 =( GEOMETRIC_REPRESENTATION_CONTEXT ( 3 ) GLOBAL_UNCERTAINTY_ASSIGNED_CONTEXT ( ( #148 ) ) GLOBAL_UNIT_ASSIGNED_CONTEXT ( ( #6470, #2469, #7122 ) ) REPRESENTATION_CONTEXT ( 'NONE', 'WORKASPACE' ) );
#2653 = CARTESIAN_POINT ( 'NONE',  ( 2.540000000000000900, 1.700000000000000000, -8.490000000000000200 ) ) ;
#2654 = LINE ( 'NONE', #414, #6216 ) ;
#2655 = MECHANICAL_DESIGN_GEOMETRIC_PRESENTATION_REPRESENTATION (  '', ( #1310 ), #3110 ) ;
#2656 = AXIS2_PLACEMENT_3D ( 'NONE', #4929, #926, #5599 ) ;
#2657 =( NAMED_UNIT ( * ) SI_UNIT ( $, .STERADIAN. ) SOLID_ANGLE_UNIT ( ) );
#2658 = FILL_AREA_STYLE ('',( #1967 ) ) ;
#2659 = DIRECTION ( 'NONE',  ( 0.0000000000000000000, -1.000000000000000000, 0.0000000000000000000 ) ) ;
#2660 = ORIENTED_EDGE ( 'NONE', *, *, #4557, .T. ) ;
#2661 = FILL_AREA_STYLE_COLOUR ( '', #147 ) ;
#2662 = CARTESIAN_POINT ( 'NONE',  ( 1.050000000000000000, -2.799999999999999400, -4.760000000000000700 ) ) ;
#2663 =( GEOMETRIC_REPRESENTATION_CONTEXT ( 3 ) GLOBAL_UNCERTAINTY_ASSIGNED_CONTEXT ( ( #1776 ) ) GLOBAL_UNIT_ASSIGNED_CONTEXT ( ( #214, #4900, #905 ) ) REPRESENTATION_CONTEXT ( 'NONE', 'WORKASPACE' ) );
#2664 = ORIENTED_EDGE ( 'NONE', *, *, #8562, .F. ) ;
#2665 = LINE ( 'NONE', #3904, #6224 ) ;
#2666 = VERTEX_POINT ( 'NONE', #7330 ) ;
#2667 = ORIENTED_EDGE ( 'NONE', *, *, #4809, .T. ) ;
#2668 =( LENGTH_UNIT ( ) NAMED_UNIT ( * ) SI_UNIT ( .MILLI., .METRE. ) );
#2669 = CARTESIAN_POINT ( 'NONE',  ( -1.590000000000000300, -2.799999999999999400, -10.38000000000000100 ) ) ;
#2670 = CARTESIAN_POINT ( 'NONE',  ( -1.590000000000000300, -2.799999999999999400, -10.38000000000000100 ) ) ;
#2671 = LINE ( 'NONE', #7616, #4268 ) ;
#2672 = STYLED_ITEM ( 'NONE', ( #4562 ), #6974 ) ;
#2673 = COLOUR_RGB ( '',0.7960784313725489700, 0.8235294117647058400, 0.9372549019607843100 ) ;
#2674 =( NAMED_UNIT ( * ) PLANE_ANGLE_UNIT ( ) SI_UNIT ( $, .RADIAN. ) );
#2675 = DIRECTION ( 'NONE',  ( -0.7071067811865489100, -0.0000000000000000000, 0.7071067811865462400 ) ) ;
#2676 = VERTEX_POINT ( 'NONE', #2002 ) ;
#2677 = PRESENTATION_STYLE_ASSIGNMENT (( #7828 ) ) ;
#2678 = FACE_OUTER_BOUND ( 'NONE', #5598, .T. ) ;
#2679 = DIRECTION ( 'NONE',  ( -0.0000000000000000000, -1.000000000000000000, -0.0000000000000000000 ) ) ;
#2680 = SURFACE_STYLE_USAGE ( .BOTH. , #6672 ) ;
#2681 = EDGE_CURVE ( 'NONE', #950, #507, #8421, .T. ) ;
#2682 = ORIENTED_EDGE ( 'NONE', *, *, #2007, .F. ) ;
#2683 = PRESENTATION_LAYER_ASSIGNMENT (  '', '', ( #1787 ) ) ;
#2684 = FILL_AREA_STYLE_COLOUR ( '', #2607 ) ;
#2685 = SURFACE_SIDE_STYLE ('',( #5868 ) ) ;
#2686 = FILL_AREA_STYLE ('',( #8632 ) ) ;
#2687 = DIRECTION ( 'NONE',  ( 0.0000000000000000000, -0.0000000000000000000, -1.000000000000000000 ) ) ;
#2688 = FILL_AREA_STYLE ('',( #1999 ) ) ;
#2689 = ORIENTED_EDGE ( 'NONE', *, *, #2586, .T. ) ;
#2690 = UNCERTAINTY_MEASURE_WITH_UNIT (LENGTH_MEASURE( 1.000000000000000100E-005 ), #7785, 'distance_accuracy_value', 'NONE');
#2691 = EDGE_CURVE ( 'NONE', #5770, #7269, #3344, .T. ) ;
#2692 = ADVANCED_FACE ( 'NONE', ( #3133 ), #2316, .T. ) ;
#2693 = CARTESIAN_POINT ( 'NONE',  ( -1.050000000000000000, -2.799999999999999400, -14.92000000000000200 ) ) ;
#2694 = LINE ( 'NONE', #5712, #6052 ) ;
#2695 = VERTEX_POINT ( 'NONE', #328 ) ;
#2696 = CARTESIAN_POINT ( 'NONE',  ( -1.050000000000000000, -2.799999999999999400, 0.3199999999999999000 ) ) ;
#2697 = DIRECTION ( 'NONE',  ( 0.7071067811865474600, 0.0000000000000000000, 0.7071067811865474600 ) ) ;
#2698 = SURFACE_STYLE_FILL_AREA ( #6410 ) ;
#2699 = EDGE_CURVE ( 'NONE', #620, #6711, #717, .T. ) ;
#2700 = SURFACE_SIDE_STYLE ('',( #1249 ) ) ;
#2701 = ORIENTED_EDGE ( 'NONE', *, *, #336, .F. ) ;
#2702 = CLOSED_SHELL ( 'NONE', ( #2961, #6926, #2776, #625, #3121, #306, #6207, #5381, #7053, #6163 ) ) ;
#2703 = ORIENTED_EDGE ( 'NONE', *, *, #23, .T. ) ;
#2704 = SURFACE_SIDE_STYLE ('',( #1487 ) ) ;
#2705 = STYLED_ITEM ( 'NONE', ( #2814 ), #983 ) ;
#2706 =( NAMED_UNIT ( * ) SI_UNIT ( $, .STERADIAN. ) SOLID_ANGLE_UNIT ( ) );
#2707 = EDGE_LOOP ( 'NONE', ( #2913, #1668, #1940, #8310 ) ) ;
#2708 = ORIENTED_EDGE ( 'NONE', *, *, #7966, .F. ) ;
#2709 = SURFACE_STYLE_USAGE ( .BOTH. , #6698 ) ;
#2710 = PRESENTATION_STYLE_ASSIGNMENT (( #4793 ) ) ;
#2711 = LINE ( 'NONE', #3786, #2505 ) ;
#2712 = CARTESIAN_POINT ( 'NONE',  ( -1.490000000000000200, -2.799999999999999400, -14.92000000000000200 ) ) ;
#2713 = DIRECTION ( 'NONE',  ( 0.0000000000000000000, 0.0000000000000000000, 1.000000000000000000 ) ) ;
#2714 = CARTESIAN_POINT ( 'NONE',  ( 1.490000000000000000, 11.70000000000000100, -10.48000000000000200 ) ) ;
#2715 =( GEOMETRIC_REPRESENTATION_CONTEXT ( 3 ) GLOBAL_UNCERTAINTY_ASSIGNED_CONTEXT ( ( #8588 ) ) GLOBAL_UNIT_ASSIGNED_CONTEXT ( ( #6315, #2305, #6981 ) ) REPRESENTATION_CONTEXT ( 'NONE', 'WORKASPACE' ) );
#2716 = AXIS2_PLACEMENT_3D ( 'NONE', #6560, #2563, #7213 ) ;
#2717 = SURFACE_STYLE_FILL_AREA ( #5954 ) ;
#2718 = SURFACE_STYLE_USAGE ( .BOTH. , #6705 ) ;
#2719 = CARTESIAN_POINT ( 'NONE',  ( 1.590000000000000100, -2.799999999999999400, -5.300000000000000700 ) ) ;
#2720 = ORIENTED_EDGE ( 'NONE', *, *, #3813, .F. ) ;
#2721 = STYLED_ITEM ( 'NONE', ( #7378 ), #2989 ) ;
#2722 = LINE ( 'NONE', #7057, #6283 ) ;
#2723 = MECHANICAL_DESIGN_GEOMETRIC_PRESENTATION_REPRESENTATION (  '', ( #1379 ), #3173 ) ;
#2724 = PRESENTATION_LAYER_ASSIGNMENT (  '', '', ( #1817 ) ) ;
#2725 =( LENGTH_UNIT ( ) NAMED_UNIT ( * ) SI_UNIT ( .MILLI., .METRE. ) );
#2726 = DIRECTION ( 'NONE',  ( 0.0000000000000000000, 1.000000000000000000, 0.0000000000000000000 ) ) ;
#2727 = VECTOR ( 'NONE', #8301, 1000.000000000000000 ) ;
#2728 = EDGE_CURVE ( 'NONE', #1634, #2797, #2503, .T. ) ;
#2729 = ORIENTED_EDGE ( 'NONE', *, *, #5319, .T. ) ;
#2730 = VERTEX_POINT ( 'NONE', #8332 ) ;
#2731 = ORIENTED_EDGE ( 'NONE', *, *, #2145, .F. ) ;
#2732 = ADVANCED_FACE ( 'NONE', ( #2278 ), #4392, .T. ) ;
#2733 = EDGE_CURVE ( 'NONE', #2755, #4417, #8515, .T. ) ;
#2734 = FILL_AREA_STYLE ('',( #2041 ) ) ;
#2735 =( GEOMETRIC_REPRESENTATION_CONTEXT ( 3 ) GLOBAL_UNCERTAINTY_ASSIGNED_CONTEXT ( ( #5214 ) ) GLOBAL_UNIT_ASSIGNED_CONTEXT ( ( #369, #5086, #1070 ) ) REPRESENTATION_CONTEXT ( 'NONE', 'WORKASPACE' ) );
#2736 = DIRECTION ( 'NONE',  ( 1.000000000000000000, 0.0000000000000000000, -0.0000000000000000000 ) ) ;
#2737 = MECHANICAL_DESIGN_GEOMETRIC_PRESENTATION_REPRESENTATION (  '', ( #1390 ), #3184 ) ;
#2738 = UNCERTAINTY_MEASURE_WITH_UNIT (LENGTH_MEASURE( 1.000000000000000100E-005 ), #8153, 'distance_accuracy_value', 'NONE');
#2739 = DIRECTION ( 'NONE',  ( 2.492418787322998300E-016, 0.0000000000000000000, 1.000000000000000000 ) ) ;
#2740 = SURFACE_STYLE_USAGE ( .BOTH. , #6727 ) ;
#2741 = LINE ( 'NONE', #6812, #2528 ) ;
#2742 = VECTOR ( 'NONE', #4440, 1000.000000000000000 ) ;
#2743 = DIRECTION ( 'NONE',  ( -0.0000000000000000000, -1.000000000000000000, -0.0000000000000000000 ) ) ;
#2744 = CARTESIAN_POINT ( 'NONE',  ( 0.0000000000000000000, 0.0000000000000000000, 0.0000000000000000000 ) ) ;
#2745 = CARTESIAN_POINT ( 'NONE',  ( -0.9499999999999999600, 11.70000000000000100, -5.299999999999999800 ) ) ;
#2746 = AXIS2_PLACEMENT_3D ( 'NONE', #6024, #1992, #6666 ) ;
#2747 = CARTESIAN_POINT ( 'NONE',  ( 1.590000000000000100, -2.799999999999999400, -15.45999999999999900 ) ) ;
#2748 = DIRECTION ( 'NONE',  ( -0.7071067811865489100, 0.0000000000000000000, 0.7071067811865462400 ) ) ;
#2749 =( NAMED_UNIT ( * ) SI_UNIT ( $, .STERADIAN. ) SOLID_ANGLE_UNIT ( ) );
#2750 = EDGE_CURVE ( 'NONE', #2124, #1712, #5243, .T. ) ;
#2751 = PLANE ( 'NONE',  #2762 ) ;
#2752 = SURFACE_SIDE_STYLE ('',( #4939 ) ) ;
#2753 =( NAMED_UNIT ( * ) SI_UNIT ( $, .STERADIAN. ) SOLID_ANGLE_UNIT ( ) );
#2754 = PRESENTATION_LAYER_ASSIGNMENT (  '', '', ( #1851 ) ) ;
#2755 = VERTEX_POINT ( 'NONE', #5093 ) ;
#2756 = EDGE_CURVE ( 'NONE', #3956, #1587, #6769, .T. ) ;
#2757 = DIRECTION ( 'NONE',  ( 0.0000000000000000000, -0.0000000000000000000, -1.000000000000000000 ) ) ;
#2758 = CARTESIAN_POINT ( 'NONE',  ( 0.9499999999999999600, -2.799999999999999400, -15.45999999999999900 ) ) ;
#2759 = CARTESIAN_POINT ( 'NONE',  ( -2.539999999999999600, 1.700000000000000000, 0.8365789473684214200 ) ) ;
#2760 = VERTEX_POINT ( 'NONE', #7070 ) ;
#2761 =( NAMED_UNIT ( * ) PLANE_ANGLE_UNIT ( ) SI_UNIT ( $, .RADIAN. ) );
#2762 = AXIS2_PLACEMENT_3D ( 'NONE', #6130, #2094, #6772 ) ;
#2763 = CARTESIAN_POINT ( 'NONE',  ( 2.540000000000000900, 0.0000000000000000000, -3.410000000000000600 ) ) ;
#2764 = UNCERTAINTY_MEASURE_WITH_UNIT (LENGTH_MEASURE( 1.000000000000000100E-005 ), #2373, 'distance_accuracy_value', 'NONE');
#2765 = PRESENTATION_LAYER_ASSIGNMENT (  '', '', ( #1868 ) ) ;
#2766 = STYLED_ITEM ( 'NONE', ( #3032 ), #2605 ) ;
#2767 = CARTESIAN_POINT ( 'NONE',  ( -1.590000000000000300, 11.70000000000000100, -0.2200000000000002500 ) ) ;
#2768 = APPLICATION_PROTOCOL_DEFINITION ( 'draft international standard', 'automotive_design', 1998, #3451 ) ;
#2769 = PRESENTATION_STYLE_ASSIGNMENT (( #7744 ) ) ;
#2770 = PRESENTATION_STYLE_ASSIGNMENT (( #816 ) ) ;
#2771 = ORIENTED_EDGE ( 'NONE', *, *, #5612, .T. ) ;
#2772 = ORIENTED_EDGE ( 'NONE', *, *, #2691, .F. ) ;
#2773 = FILL_AREA_STYLE_COLOUR ( '', #4559 ) ;
#2774 = CARTESIAN_POINT ( 'NONE',  ( 2.140000000000001500, 0.0000000000000000000, -8.890000000000000600 ) ) ;
#2775 = FILL_AREA_STYLE ('',( #7418 ) ) ;
#2776 = ADVANCED_FACE ( 'NONE', ( #6563 ), #381, .T. ) ;
#2777 =( GEOMETRIC_REPRESENTATION_CONTEXT ( 3 ) GLOBAL_UNCERTAINTY_ASSIGNED_CONTEXT ( ( #8640 ) ) GLOBAL_UNIT_ASSIGNED_CONTEXT ( ( #7456, #3497, #8112 ) ) REPRESENTATION_CONTEXT ( 'NONE', 'WORKASPACE' ) );
#2778 = MANIFOLD_SOLID_BREP ( 'LPattern3[5]', #3638 ) ;
#2779 = AXIS2_PLACEMENT_3D ( 'NONE', #5896, #1878, #6546 ) ;
#2780 = EDGE_CURVE ( 'NONE', #6102, #5136, #825, .T. ) ;
#2781 = VECTOR ( 'NONE', #2602, 1000.000000000000000 ) ;
#2782 = FACE_OUTER_BOUND ( 'NONE', #5635, .T. ) ;
#2783 = DIRECTION ( 'NONE',  ( 0.0000000000000000000, -0.0000000000000000000, 1.000000000000000000 ) ) ;
#2784 = CARTESIAN_POINT ( 'NONE',  ( -1.590000000000000300, -2.799999999999999400, -15.45999999999999900 ) ) ;
#2785 = CARTESIAN_POINT ( 'NONE',  ( -2.019999999999999600, 0.2999999999999999900, 1.270000000000000000 ) ) ;
#2786 = EDGE_LOOP ( 'NONE', ( #7210, #4105, #7073, #7680 ) ) ;
#2787 = CARTESIAN_POINT ( 'NONE',  ( -1.590000000000000300, -2.799999999999999400, -2.760000000000000200 ) ) ;
#2788 = FILL_AREA_STYLE_COLOUR ( '', #8199 ) ;
#2789 = MECHANICAL_DESIGN_GEOMETRIC_PRESENTATION_REPRESENTATION (  '', ( #1433 ), #3242 ) ;
#2790 = COLOUR_RGB ( '',0.7960784313725489700, 0.8235294117647058400, 0.9372549019607843100 ) ;
#2791 = ORIENTED_EDGE ( 'NONE', *, *, #3401, .T. ) ;
#2792 = LINE ( 'NONE', #6383, #7869 ) ;
#2793 = SURFACE_STYLE_FILL_AREA ( #5717 ) ;
#2794 = DIRECTION ( 'NONE',  ( -1.000000000000000000, -0.0000000000000000000, -1.232047923278982200E-016 ) ) ;
#2795 = CARTESIAN_POINT ( 'NONE',  ( -1.050000000000000000, -2.799999999999999400, -5.400000000000000400 ) ) ;
#2796 = EDGE_LOOP ( 'NONE', ( #6089, #3968, #8187, #5709 ) ) ;
#2797 = VERTEX_POINT ( 'NONE', #3829 ) ;
#2798 = MECHANICAL_DESIGN_GEOMETRIC_PRESENTATION_REPRESENTATION (  '', ( #1444 ), #3251 ) ;
#2799 = LINE ( 'NONE', #5711, #8637 ) ;
#2800 = CARTESIAN_POINT ( 'NONE',  ( 1.050000000000000000, 11.70000000000000100, -9.840000000000001600 ) ) ;
#2801 = CARTESIAN_POINT ( 'NONE',  ( 1.490000000000000000, -2.799999999999999400, -7.940000000000001300 ) ) ;
#2802 = STYLED_ITEM ( 'NONE', ( #5276 ), #222 ) ;
#2803 = LINE ( 'NONE', #1160, #6157 ) ;
#2804 = ORIENTED_EDGE ( 'NONE', *, *, #2220, .T. ) ;
#2805 =( LENGTH_UNIT ( ) NAMED_UNIT ( * ) SI_UNIT ( .MILLI., .METRE. ) );
#2806 = APPLICATION_CONTEXT ( 'automotive_design' ) ;
#2807 = FILL_AREA_STYLE_COLOUR ( '', #4958 ) ;
#2808 = VERTEX_POINT ( 'NONE', #6469 ) ;
#2809 = FILL_AREA_STYLE ('',( #2773 ) ) ;
#2810 = FILL_AREA_STYLE ('',( #5488 ) ) ;
#2811 = ORIENTED_EDGE ( 'NONE', *, *, #7791, .F. ) ;
#2812 = DIRECTION ( 'NONE',  ( -1.232047923278982000E-016, 0.0000000000000000000, 1.000000000000000000 ) ) ;
#2813 = PRESENTATION_STYLE_ASSIGNMENT (( #5582 ) ) ;
#2814 = PRESENTATION_STYLE_ASSIGNMENT (( #2210 ) ) ;
#2815 = EDGE_CURVE ( 'NONE', #5761, #923, #3551, .T. ) ;
#2816 = ORIENTED_EDGE ( 'NONE', *, *, #7003, .F. ) ;
#2817 = SURFACE_SIDE_STYLE ('',( #8411 ) ) ;
#2818 = ORIENTED_EDGE ( 'NONE', *, *, #3519, .T. ) ;
#2819 =( NAMED_UNIT ( * ) PLANE_ANGLE_UNIT ( ) SI_UNIT ( $, .RADIAN. ) );
#2820 = SURFACE_STYLE_USAGE ( .BOTH. , #6808 ) ;
#2821 = CARTESIAN_POINT ( 'NONE',  ( -1.590000000000000300, -2.799999999999999400, -5.300000000000000700 ) ) ;
#2822 = LINE ( 'NONE', #7965, #1052 ) ;
#2823 = ORIENTED_EDGE ( 'NONE', *, *, #4292, .F. ) ;
#2824 = ADVANCED_FACE ( 'NONE', ( #8617 ), #2468, .T. ) ;
#2825 = ORIENTED_EDGE ( 'NONE', *, *, #2750, .T. ) ;
#2826 = FACE_OUTER_BOUND ( 'NONE', #1119, .T. ) ;
#2827 = CARTESIAN_POINT ( 'NONE',  ( 1.590000000000000100, 11.70000000000000100, -7.839999999999999900 ) ) ;
#2828 = MECHANICAL_DESIGN_GEOMETRIC_PRESENTATION_REPRESENTATION (  '', ( #1472 ), #3277 ) ;
#2829 = STYLED_ITEM ( 'NONE', ( #2927 ), #5079 ) ;
#2830 = CARTESIAN_POINT ( 'NONE',  ( -1.490000000000000200, -2.799999999999999400, -12.38000000000000300 ) ) ;
#2831 = EDGE_LOOP ( 'NONE', ( #4904, #3697, #1643, #8567 ) ) ;
#2832 = SURFACE_STYLE_FILL_AREA ( #1180 ) ;
#2833 = SURFACE_SIDE_STYLE ('',( #5703 ) ) ;
#2834 = CARTESIAN_POINT ( 'NONE',  ( 1.590000000000000100, 11.70000000000000100, -7.839999999999999900 ) ) ;
#2835 = VECTOR ( 'NONE', #5112, 1000.000000000000000 ) ;
#2836 = VERTEX_POINT ( 'NONE', #5181 ) ;
#2837 = DIRECTION ( 'NONE',  ( -0.7372346670543746800, -0.0000000000000000000, 0.6756367705307528800 ) ) ;
#2838 = CARTESIAN_POINT ( 'NONE',  ( 2.140000000000001500, 1.700000000000000000, -8.890000000000000600 ) ) ;
#2840 = EDGE_LOOP ( 'NONE', ( #7559, #6760, #5397, #6697 ) ) ;
#2839 = MECHANICAL_DESIGN_GEOMETRIC_PRESENTATION_REPRESENTATION (  '', ( #1481 ), #3287 ) ;
#2841 = VERTEX_POINT ( 'NONE', #1186 ) ;
#2842 = CARTESIAN_POINT ( 'NONE',  ( 0.0000000000000000000, -2.799999999999999400, -12.70000000000000100 ) ) ;
#2843 = CARTESIAN_POINT ( 'NONE',  ( 0.9499999999999999600, 11.70000000000000100, -10.38000000000000100 ) ) ;
#2844 = CARTESIAN_POINT ( 'NONE',  ( -1.490000000000000000, 11.70000000000000100, -15.56000000000000000 ) ) ;
#2845 = UNCERTAINTY_MEASURE_WITH_UNIT (LENGTH_MEASURE( 1.000000000000000100E-005 ), #6427, 'distance_accuracy_value', 'NONE');
#2846 = EDGE_LOOP ( 'NONE', ( #1459, #3487, #7819, #2588 ) ) ;
#2847 = VECTOR ( 'NONE', #2133, 999.9999999999998900 ) ;
#2848 = PRESENTATION_LAYER_ASSIGNMENT (  '', '', ( #1926 ) ) ;
#2849 = DIRECTION ( 'NONE',  ( -0.7071067811865469100, -0.0000000000000000000, 0.7071067811865482400 ) ) ;
#2850 = DIRECTION ( 'NONE',  ( -0.0000000000000000000, 1.000000000000000000, 0.0000000000000000000 ) ) ;
#2851 = COLOUR_RGB ( '',0.0000000000000000000, 0.003921568627450980300, 0.09019607843137254800 ) ;
#2852 = DIRECTION ( 'NONE',  ( 1.000000000000000000, 0.0000000000000000000, 1.232047923278982200E-016 ) ) ;
#2853 = SURFACE_STYLE_USAGE ( .BOTH. , #6835 ) ;
#2854 = ORIENTED_EDGE ( 'NONE', *, *, #2262, .T. ) ;
#2855 = UNCERTAINTY_MEASURE_WITH_UNIT (LENGTH_MEASURE( 1.000000000000000100E-005 ), #1257, 'distance_accuracy_value', 'NONE');
#2856 = EDGE_CURVE ( 'NONE', #83, #8473, #4692, .T. ) ;
#2857 = DIRECTION ( 'NONE',  ( 0.0000000000000000000, 1.000000000000000000, 0.0000000000000000000 ) ) ;
#2858 = CARTESIAN_POINT ( 'NONE',  ( 2.020000000000001400, 0.2999999999999999900, -1.270000000000000000 ) ) ;
#2859 = EDGE_LOOP ( 'NONE', ( #501, #8579, #2060, #3083 ) ) ;
#2860 = CARTESIAN_POINT ( 'NONE',  ( 1.490000000000000000, -2.799999999999999400, -4.760000000000000700 ) ) ;
#2861 = DIRECTION ( 'NONE',  ( -0.7071067811865462400, 0.0000000000000000000, -0.7071067811865489100 ) ) ;
#2862 = EDGE_LOOP ( 'NONE', ( #1053, #6837, #6775, #6149 ) ) ;
#2863 = SURFACE_SIDE_STYLE ('',( #7640 ) ) ;
#2864 =( GEOMETRIC_REPRESENTATION_CONTEXT ( 3 ) GLOBAL_UNCERTAINTY_ASSIGNED_CONTEXT ( ( #3224 ) ) GLOBAL_UNIT_ASSIGNED_CONTEXT ( ( #1744, #6426, #2429 ) ) REPRESENTATION_CONTEXT ( 'NONE', 'WORKASPACE' ) );
#2865 = FILL_AREA_STYLE ('',( #4847 ) ) ;
#2866 =( LENGTH_UNIT ( ) NAMED_UNIT ( * ) SI_UNIT ( .MILLI., .METRE. ) );
#2867 = ADVANCED_FACE ( 'NONE', ( #7981 ), #7168, .T. ) ;
#2868 = SURFACE_STYLE_USAGE ( .BOTH. , #6857 ) ;
#2869 = FILL_AREA_STYLE ('',( #5540 ) ) ;
#2870 =( LENGTH_UNIT ( ) NAMED_UNIT ( * ) SI_UNIT ( .MILLI., .METRE. ) );
#2871 = DIRECTION ( 'NONE',  ( 0.0000000000000000000, -0.0000000000000000000, 1.000000000000000000 ) ) ;
#2872 = FILL_AREA_STYLE ('',( #8163 ) ) ;
#2873 = EDGE_CURVE ( 'NONE', #5692, #3825, #3867, .T. ) ;
#2874 = ORIENTED_EDGE ( 'NONE', *, *, #55, .F. ) ;
#2875 = PRESENTATION_STYLE_ASSIGNMENT (( #2918 ) ) ;
#2876 = ORIENTED_EDGE ( 'NONE', *, *, #8534, .F. ) ;
#2877 = ORIENTED_EDGE ( 'NONE', *, *, #3548, .F. ) ;
#2878 = PLANE ( 'NONE',  #7798 ) ;
#2879 = FACE_OUTER_BOUND ( 'NONE', #6903, .T. ) ;
#2880 = ORIENTED_EDGE ( 'NONE', *, *, #6547, .F. ) ;
#2881 = SURFACE_STYLE_FILL_AREA ( #2026 ) ;
#2882 = VECTOR ( 'NONE', #2306, 1000.000000000000100 ) ;
#2883 = DIRECTION ( 'NONE',  ( 2.492418787322998300E-016, 0.0000000000000000000, 1.000000000000000000 ) ) ;
#2884 = STYLED_ITEM ( 'NONE', ( #1178 ), #8385 ) ;
#2885 = FILL_AREA_STYLE_COLOUR ( '', #5369 ) ;
#2886 = CARTESIAN_POINT ( 'NONE',  ( 1.490000000000000000, 11.70000000000000100, -2.220000000000000200 ) ) ;
#2887 = CARTESIAN_POINT ( 'NONE',  ( 0.9499999999999999600, 11.70000000000000100, -0.2200000000000000000 ) ) ;
#2888 = CARTESIAN_POINT ( 'NONE',  ( 2.540000000000000900, 1.700000000000000000, -16.10999999999999900 ) ) ;
#2889 = EDGE_LOOP ( 'NONE', ( #5538, #1836, #2876, #1457 ) ) ;
#2890 = CARTESIAN_POINT ( 'NONE',  ( 2.540000000000000900, 1.700000000000000000, -3.410000000000000600 ) ) ;
#2891 = AXIS2_PLACEMENT_3D ( 'NONE', #1127, #5804, #1782 ) ;
#2892 = SURFACE_STYLE_FILL_AREA ( #1159 ) ;
#2893 = EDGE_CURVE ( 'NONE', #1712, #8089, #495, .T. ) ;
#2894 = EDGE_CURVE ( 'NONE', #6652, #2147, #5634, .T. ) ;
#2895 = VECTOR ( 'NONE', #5365, 1000.000000000000000 ) ;
#2896 = UNCERTAINTY_MEASURE_WITH_UNIT (LENGTH_MEASURE( 1.000000000000000100E-005 ), #523, 'distance_accuracy_value', 'NONE');
#2897 = CARTESIAN_POINT ( 'NONE',  ( -2.540000000000000000, 1.700000000000000000, -16.14342105263157700 ) ) ;
#2898 = PLANE ( 'NONE',  #2132 ) ;
#2899 = ORIENTED_EDGE ( 'NONE', *, *, #6002, .T. ) ;
#2900 = SURFACE_STYLE_USAGE ( .BOTH. , #6894 ) ;
#2901 =( NAMED_UNIT ( * ) PLANE_ANGLE_UNIT ( ) SI_UNIT ( $, .RADIAN. ) );
#2902 = PRESENTATION_LAYER_ASSIGNMENT (  '', '', ( #1993 ) ) ;
#2903 = ORIENTED_EDGE ( 'NONE', *, *, #5349, .F. ) ;
#2904 = ADVANCED_FACE ( 'NONE', ( #3659 ), #2522, .T. ) ;
#2905 = SURFACE_STYLE_USAGE ( .BOTH. , #6902 ) ;
#2906 = FILL_AREA_STYLE_COLOUR ( '', #7546 ) ;
#2907 = EDGE_LOOP ( 'NONE', ( #4455, #5859, #1802, #8377, #1777, #4179, #7874, #2626 ) ) ;
#2908 = STYLED_ITEM ( 'NONE', ( #5961 ), #4501 ) ;
#2909 = PRESENTATION_STYLE_ASSIGNMENT (( #3888 ) ) ;
#2910 = ORIENTED_EDGE ( 'NONE', *, *, #7841, .F. ) ;
#2911 = CARTESIAN_POINT ( 'NONE',  ( 1.590000000000000100, -2.799999999999999400, -12.92000000000000200 ) ) ;
#2912 = FILL_AREA_STYLE_COLOUR ( '', #6290 ) ;
#2913 = ORIENTED_EDGE ( 'NONE', *, *, #3677, .T. ) ;
#2914 = COLOUR_RGB ( '',0.7960784313725489700, 0.8235294117647058400, 0.9372549019607843100 ) ;
#2915 = CARTESIAN_POINT ( 'NONE',  ( -2.540000000000000000, 1.700000000000000000, -8.523421052631579900 ) ) ;
#2916 = PLANE ( 'NONE',  #1611 ) ;
#2917 = FACE_OUTER_BOUND ( 'NONE', #3499, .T. ) ;
#2918 = SURFACE_STYLE_USAGE ( .BOTH. , #6911 ) ;
#2919 = EDGE_CURVE ( 'NONE', #4437, #1745, #4786, .T. ) ;
#2920 = CARTESIAN_POINT ( 'NONE',  ( 0.9499999999999999600, 11.70000000000000100, -7.839999999999999900 ) ) ;
#2921 = FILL_AREA_STYLE ('',( #1569 ) ) ;
#2922 = ORIENTED_EDGE ( 'NONE', *, *, #4267, .F. ) ;
#2923 = VECTOR ( 'NONE', #6765, 1000.000000000000000 ) ;
#2924 = VECTOR ( 'NONE', #3289, 1000.000000000000000 ) ;
#2925 = EDGE_CURVE ( 'NONE', #8281, #4317, #1354, .T. ) ;
#2926 = ORIENTED_EDGE ( 'NONE', *, *, #3376, .F. ) ;
#2927 = PRESENTATION_STYLE_ASSIGNMENT (( #1913 ) ) ;
#2928 = AXIS2_PLACEMENT_3D ( 'NONE', #8110, #4185, #137 ) ;
#2929 = EDGE_CURVE ( 'NONE', #1306, #5581, #3138, .T. ) ;
#2930 = CARTESIAN_POINT ( 'NONE',  ( -1.490000000000000000, -2.799999999999999400, -10.48000000000000200 ) ) ;
#2931 = SURFACE_SIDE_STYLE ('',( #8307 ) ) ;
#2932 = LINE ( 'NONE', #5924, #4514 ) ;
#2933 =( NAMED_UNIT ( * ) PLANE_ANGLE_UNIT ( ) SI_UNIT ( $, .RADIAN. ) );
#2934 = DIRECTION ( 'NONE',  ( 0.0000000000000000000, -0.0000000000000000000, -1.000000000000000000 ) ) ;
#2935 = COLOUR_RGB ( '',0.7921568627450980000, 0.8196078431372548800, 0.9333333333333333500 ) ;
#2936 = EDGE_LOOP ( 'NONE', ( #1985, #1436, #1056, #5126 ) ) ;
#2937 = VECTOR ( 'NONE', #445, 1000.000000000000000 ) ;
#2938 = DIRECTION ( 'NONE',  ( 2.492418787322998300E-016, 0.0000000000000000000, 1.000000000000000000 ) ) ;
#2939 = CARTESIAN_POINT ( 'NONE',  ( -1.050000000000000000, 11.70000000000000100, -4.760000000000000700 ) ) ;
#2940 = FACE_OUTER_BOUND ( 'NONE', #6628, .T. ) ;
#2941 = STYLED_ITEM ( 'NONE', ( #5580 ), #7985 ) ;
#2942 = DIRECTION ( 'NONE',  ( 0.0000000000000000000, 1.000000000000000000, 0.0000000000000000000 ) ) ;
#2943 = LINE ( 'NONE', #956, #8008 ) ;
#2944 = ORIENTED_EDGE ( 'NONE', *, *, #2471, .F. ) ;
#2945 = AXIS2_PLACEMENT_3D ( 'NONE', #7498, #3539, #8147 ) ;
#2946 = VECTOR ( 'NONE', #5605, 1000.000000000000000 ) ;
#2947 = MECHANICAL_DESIGN_GEOMETRIC_PRESENTATION_REPRESENTATION (  '', ( #1586 ), #3389 ) ;
#2948 = ORIENTED_EDGE ( 'NONE', *, *, #2428, .F. ) ;
#2949 = ORIENTED_EDGE ( 'NONE', *, *, #4619, .F. ) ;
#2950 = COLOUR_RGB ( '',0.7960784313725489700, 0.8235294117647058400, 0.9372549019607843100 ) ;
#2951 = DIRECTION ( 'NONE',  ( -0.7071067811865489100, -0.0000000000000000000, 0.7071067811865462400 ) ) ;
#2952 = SURFACE_SIDE_STYLE ('',( #4525 ) ) ;
#2953 = MECHANICAL_DESIGN_GEOMETRIC_PRESENTATION_REPRESENTATION (  '', ( #1590 ), #3397 ) ;
#2954 = PLANE ( 'NONE',  #8267 ) ;
#2955 =( NAMED_UNIT ( * ) SI_UNIT ( $, .STERADIAN. ) SOLID_ANGLE_UNIT ( ) );
#2956 = STYLED_ITEM ( 'NONE', ( #201 ), #3840 ) ;
#2957 = EDGE_CURVE ( 'NONE', #5247, #3346, #8205, .T. ) ;
#2958 = SURFACE_SIDE_STYLE ('',( #1514 ) ) ;
#2959 =( NAMED_UNIT ( * ) SI_UNIT ( $, .STERADIAN. ) SOLID_ANGLE_UNIT ( ) );
#2960 = CARTESIAN_POINT ( 'NONE',  ( -0.9499999999999999600, -2.799999999999999400, -12.48000000000000200 ) ) ;
#2961 = ADVANCED_FACE ( 'NONE', ( #4510 ), #621, .T. ) ;
#2962 = CARTESIAN_POINT ( 'NONE',  ( -1.590000000000000300, 11.70000000000000100, -12.92000000000000200 ) ) ;
#2963 = PRESENTATION_LAYER_ASSIGNMENT (  '', '', ( #2038 ) ) ;
#2964 = CARTESIAN_POINT ( 'NONE',  ( -2.139999999999999700, 1.700000000000000000, 1.270000000000000000 ) ) ;
#2965 = CARTESIAN_POINT ( 'NONE',  ( -2.540000000000000000, 1.700000000000000000, -8.523421052631579900 ) ) ;
#2966 = UNCERTAINTY_MEASURE_WITH_UNIT (LENGTH_MEASURE( 1.000000000000000100E-005 ), #6451, 'distance_accuracy_value', 'NONE');
#2967 = FILL_AREA_STYLE ('',( #3686 ) ) ;
#2968 = DIRECTION ( 'NONE',  ( 0.0000000000000000000, 0.0000000000000000000, -1.000000000000000000 ) ) ;
#2969 = PRESENTATION_STYLE_ASSIGNMENT (( #7081 ) ) ;
#2970 = MECHANICAL_DESIGN_GEOMETRIC_PRESENTATION_REPRESENTATION (  '', ( #1609 ), #3415 ) ;
#2971 =( NAMED_UNIT ( * ) PLANE_ANGLE_UNIT ( ) SI_UNIT ( $, .RADIAN. ) );
#2972 = LINE ( 'NONE', #5209, #1191 ) ;
#2973 = PLANE ( 'NONE',  #4543 ) ;
#2974 =( GEOMETRIC_REPRESENTATION_CONTEXT ( 3 ) GLOBAL_UNCERTAINTY_ASSIGNED_CONTEXT ( ( #4618 ) ) GLOBAL_UNIT_ASSIGNED_CONTEXT ( ( #3666, #8278, #4345 ) ) REPRESENTATION_CONTEXT ( 'NONE', 'WORKASPACE' ) );
#2975 = EDGE_LOOP ( 'NONE', ( #5670, #6659, #6252, #2025 ) ) ;
#2976 = DIRECTION ( 'NONE',  ( -0.0000000000000000000, -0.0000000000000000000, -1.000000000000000000 ) ) ;
#2977 = SURFACE_SIDE_STYLE ('',( #655 ) ) ;
#2978 = SURFACE_STYLE_USAGE ( .BOTH. , #6969 ) ;
#2979 = PLANE ( 'NONE',  #2028 ) ;
#2980 = CARTESIAN_POINT ( 'NONE',  ( 1.050000000000000000, -2.799999999999999400, -13.02000000000000100 ) ) ;
#2981 = DIRECTION ( 'NONE',  ( 0.0000000000000000000, 1.000000000000000000, 0.0000000000000000000 ) ) ;
#2982 = COLOUR_RGB ( '',0.7921568627450980000, 0.8196078431372548800, 0.9333333333333333500 ) ;
#2983 = DIRECTION ( 'NONE',  ( -1.232047923278982000E-016, 0.0000000000000000000, 1.000000000000000000 ) ) ;
#2984 = FACE_OUTER_BOUND ( 'NONE', #6268, .T. ) ;
#2985 = DIRECTION ( 'NONE',  ( -0.7071067811865469100, 0.0000000000000000000, 0.7071067811865482400 ) ) ;
#2986 =( NAMED_UNIT ( * ) PLANE_ANGLE_UNIT ( ) SI_UNIT ( $, .RADIAN. ) );
#2987 = PRESENTATION_LAYER_ASSIGNMENT (  '', '', ( #2070 ) ) ;
#2988 = LINE ( 'NONE', #585, #7866 ) ;
#2989 = ADVANCED_FACE ( 'NONE', ( #508 ), #8583, .T. ) ;
#2990 = VECTOR ( 'NONE', #557, 1000.000000000000000 ) ;
#2991 = CARTESIAN_POINT ( 'NONE',  ( 0.9499999999999999600, 11.70000000000000100, -0.2200000000000000000 ) ) ;
#2992 = SURFACE_SIDE_STYLE ('',( #1554 ) ) ;
#2993 = DIRECTION ( 'NONE',  ( 0.0000000000000000000, 0.0000000000000000000, 1.000000000000000000 ) ) ;
#2994 = UNCERTAINTY_MEASURE_WITH_UNIT (LENGTH_MEASURE( 1.000000000000000100E-005 ), #8099, 'distance_accuracy_value', 'NONE');
#2995 = STYLED_ITEM ( 'NONE', ( #7875 ), #3422 ) ;
#2996 = SURFACE_SIDE_STYLE ('',( #3942 ) ) ;
#2997 = PRODUCT_DEFINITION ( 'UNKNOWN', '', #6146, #5144 ) ;
#2998 = PRESENTATION_STYLE_ASSIGNMENT (( #3368 ) ) ;
#2999 = ORIENTED_EDGE ( 'NONE', *, *, #4883, .T. ) ;
#3000 = VECTOR ( 'NONE', #342, 1000.000000000000000 ) ;
#3001 = PRESENTATION_LAYER_ASSIGNMENT (  '', '', ( #2088 ) ) ;
#3002 = DIRECTION ( 'NONE',  ( -0.7071067811865470200, -0.0000000000000000000, -0.7071067811865481300 ) ) ;
#3003 = CARTESIAN_POINT ( 'NONE',  ( -2.540000000000000000, 1.700000000000000000, -3.443421052631578900 ) ) ;
#3004 =( NAMED_UNIT ( * ) SI_UNIT ( $, .STERADIAN. ) SOLID_ANGLE_UNIT ( ) );
#3005 = UNCERTAINTY_MEASURE_WITH_UNIT (LENGTH_MEASURE( 1.000000000000000100E-005 ), #5552, 'distance_accuracy_value', 'NONE');
#3006 = ORIENTED_EDGE ( 'NONE', *, *, #1781, .T. ) ;
#3007 = PLANE ( 'NONE',  #3993 ) ;
#3008 =( GEOMETRIC_REPRESENTATION_CONTEXT ( 3 ) GLOBAL_UNCERTAINTY_ASSIGNED_CONTEXT ( ( #5857 ) ) GLOBAL_UNIT_ASSIGNED_CONTEXT ( ( #4788, #791, #5487 ) ) REPRESENTATION_CONTEXT ( 'NONE', 'WORKASPACE' ) );
#3009 = CARTESIAN_POINT ( 'NONE',  ( 0.9499999999999999600, -2.799999999999999400, -12.92000000000000200 ) ) ;
#3010 = VERTEX_POINT ( 'NONE', #1352 ) ;
#3011 =( LENGTH_UNIT ( ) NAMED_UNIT ( * ) SI_UNIT ( .MILLI., .METRE. ) );
#3012 = FILL_AREA_STYLE_COLOUR ( '', #3270 ) ;
#3013 = PRESENTATION_STYLE_ASSIGNMENT (( #7568 ) ) ;
#3014 = ORIENTED_EDGE ( 'NONE', *, *, #4852, .T. ) ;
#3015 = DIRECTION ( 'NONE',  ( -0.7372346670543746800, -0.0000000000000000000, 0.6756367705307528800 ) ) ;
#3016 = EDGE_CURVE ( 'NONE', #5245, #1225, #8519, .T. ) ;
#3017 = CARTESIAN_POINT ( 'NONE',  ( -1.050000000000000000, -2.799999999999999400, -14.92000000000000200 ) ) ;
#3018 = FILL_AREA_STYLE_COLOUR ( '', #1023 ) ;
#3019 = PRESENTATION_LAYER_ASSIGNMENT (  '', '', ( #2103 ) ) ;
#3020 = LINE ( 'NONE', #5544, #8087 ) ;
#3021 = EDGE_LOOP ( 'NONE', ( #6990, #2667, #7235, #4714, #163, #8514, #5564, #3225 ) ) ;
#3022 = VERTEX_POINT ( 'NONE', #673 ) ;
#3023 = CARTESIAN_POINT ( 'NONE',  ( -2.540000000000000000, 1.700000000000000000, -11.06342105263158100 ) ) ;
#3024 = VERTEX_POINT ( 'NONE', #2696 ) ;
#3025 = DIRECTION ( 'NONE',  ( 0.7071067811865470200, 0.0000000000000000000, -0.7071067811865481300 ) ) ;
#3026 = SURFACE_SIDE_STYLE ('',( #4357 ) ) ;
#3027 = ORIENTED_EDGE ( 'NONE', *, *, #5565, .F. ) ;
#3028 = MECHANICAL_DESIGN_GEOMETRIC_PRESENTATION_REPRESENTATION (  '', ( #1680 ), #3486 ) ;
#3029 = DIRECTION ( 'NONE',  ( 0.7071067811865474600, 0.0000000000000000000, 0.7071067811865474600 ) ) ;
#3030 =( LENGTH_UNIT ( ) NAMED_UNIT ( * ) SI_UNIT ( .MILLI., .METRE. ) );
#3031 = LINE ( 'NONE', #6655, #6573 ) ;
#3032 = PRESENTATION_STYLE_ASSIGNMENT (( #3288 ) ) ;
#3033 = VERTEX_POINT ( 'NONE', #6683 ) ;
#3034 = DIRECTION ( 'NONE',  ( -0.7071067811865470200, 0.0000000000000000000, 0.7071067811865481300 ) ) ;
#3035 = EDGE_CURVE ( 'NONE', #390, #7982, #6774, .T. ) ;
#3036 = CARTESIAN_POINT ( 'NONE',  ( -1.590000000000000300, -2.799999999999999400, -2.320000000000000300 ) ) ;
#3037 =( NAMED_UNIT ( * ) PLANE_ANGLE_UNIT ( ) SI_UNIT ( $, .RADIAN. ) );
#3038 = DIRECTION ( 'NONE',  ( 0.0000000000000000000, 0.0000000000000000000, 1.000000000000000000 ) ) ;
#3039 = ADVANCED_FACE ( 'NONE', ( #8316 ), #6041, .T. ) ;
#3040 = COLOUR_RGB ( '',0.7960784313725489700, 0.8235294117647058400, 0.9372549019607843100 ) ;
#3041 = VERTEX_POINT ( 'NONE', #21 ) ;
#3042 = VECTOR ( 'NONE', #1020, 1000.000000000000000 ) ;
#3043 = ORIENTED_EDGE ( 'NONE', *, *, #1984, .T. ) ;
#3044 =( GEOMETRIC_REPRESENTATION_CONTEXT ( 3 ) GLOBAL_UNCERTAINTY_ASSIGNED_CONTEXT ( ( #4606 ) ) GLOBAL_UNIT_ASSIGNED_CONTEXT ( ( #3230, #7863, #3915 ) ) REPRESENTATION_CONTEXT ( 'NONE', 'WORKASPACE' ) );
#3045 = EDGE_CURVE ( 'NONE', #1037, #7468, #7707, .T. ) ;
#3046 = ORIENTED_EDGE ( 'NONE', *, *, #5643, .F. ) ;
#3047 = ORIENTED_EDGE ( 'NONE', *, *, #1710, .F. ) ;
#3048 = SURFACE_SIDE_STYLE ('',( #5157 ) ) ;
#3049 = COLOUR_RGB ( '',0.7960784313725489700, 0.8235294117647058400, 0.9372549019607843100 ) ;
#3050 = CARTESIAN_POINT ( 'NONE',  ( 1.590000000000000100, -2.799999999999999400, -15.45999999999999900 ) ) ;
#3051 = FILL_AREA_STYLE_COLOUR ( '', #1990 ) ;
#3052 = DIRECTION ( 'NONE',  ( 0.0000000000000000000, 1.000000000000000000, 0.0000000000000000000 ) ) ;
#3053 = CARTESIAN_POINT ( 'NONE',  ( 0.9499999999999999600, 11.70000000000000100, -7.400000000000000400 ) ) ;
#3054 = FACE_OUTER_BOUND ( 'NONE', #323, .T. ) ;
#3055 = SURFACE_SIDE_STYLE ('',( #6961 ) ) ;
#3056 =( NAMED_UNIT ( * ) SI_UNIT ( $, .STERADIAN. ) SOLID_ANGLE_UNIT ( ) );
#3057 = ORIENTED_EDGE ( 'NONE', *, *, #8130, .T. ) ;
#3058 = LINE ( 'NONE', #5502, #2847 ) ;
#3059 = ORIENTED_EDGE ( 'NONE', *, *, #2325, .F. ) ;
#3060 = MECHANICAL_DESIGN_GEOMETRIC_PRESENTATION_REPRESENTATION (  '', ( #1702 ), #3506 ) ;
#3061 =( LENGTH_UNIT ( ) NAMED_UNIT ( * ) SI_UNIT ( .MILLI., .METRE. ) );
#3062 = FILL_AREA_STYLE_COLOUR ( '', #3291 ) ;
#3063 = PRESENTATION_LAYER_ASSIGNMENT (  '', '', ( #2136 ) ) ;
#3064 = CARTESIAN_POINT ( 'NONE',  ( 1.590000000000000100, -2.799999999999999400, -9.940000000000001300 ) ) ;
#3065 = STYLED_ITEM ( 'NONE', ( #7781 ), #6286 ) ;
#3066 = EDGE_CURVE ( 'NONE', #2695, #2604, #5959, .T. ) ;
#3067 = LINE ( 'NONE', #8344, #4238 ) ;
#3068 = EDGE_CURVE ( 'NONE', #2564, #4209, #613, .T. ) ;
#3069 = DIRECTION ( 'NONE',  ( 0.0000000000000000000, 0.0000000000000000000, 1.000000000000000000 ) ) ;
#3070 = SURFACE_SIDE_STYLE ('',( #6918 ) ) ;
#3071 =( NAMED_UNIT ( * ) SI_UNIT ( $, .STERADIAN. ) SOLID_ANGLE_UNIT ( ) );
#3072 = COLOUR_RGB ( '',0.7960784313725489700, 0.8235294117647058400, 0.9372549019607843100 ) ;
#3073 = ORIENTED_EDGE ( 'NONE', *, *, #7678, .T. ) ;
#3074 = FACE_OUTER_BOUND ( 'NONE', #2243, .T. ) ;
#3075 = ORIENTED_EDGE ( 'NONE', *, *, #6022, .F. ) ;
#3076 = DIRECTION ( 'NONE',  ( -0.0000000000000000000, -1.000000000000000000, -0.0000000000000000000 ) ) ;
#3077 = AXIS2_PLACEMENT_3D ( 'NONE', #5032, #1019, #5694 ) ;
#3078 = DIRECTION ( 'NONE',  ( 1.000000000000000000, 0.0000000000000000000, 1.232047923278982200E-016 ) ) ;
#3079 = DIRECTION ( 'NONE',  ( 0.0000000000000000000, 1.000000000000000000, 0.0000000000000000000 ) ) ;
#3080 = DIRECTION ( 'NONE',  ( 0.0000000000000000000, 1.000000000000000000, 0.0000000000000000000 ) ) ;
#3081 =( LENGTH_UNIT ( ) NAMED_UNIT ( * ) SI_UNIT ( .MILLI., .METRE. ) );
#3082 = PRESENTATION_STYLE_ASSIGNMENT (( #5416 ) ) ;
#3083 = ORIENTED_EDGE ( 'NONE', *, *, #3728, .T. ) ;
#3084 = SURFACE_STYLE_FILL_AREA ( #178 ) ;
#3085 = ADVANCED_FACE ( 'NONE', ( #3978 ), #2058, .T. ) ;
#3086 =( GEOMETRIC_REPRESENTATION_CONTEXT ( 3 ) GLOBAL_UNCERTAINTY_ASSIGNED_CONTEXT ( ( #571 ) ) GLOBAL_UNIT_ASSIGNED_CONTEXT ( ( #3431, #8044, #4122 ) ) REPRESENTATION_CONTEXT ( 'NONE', 'WORKASPACE' ) );
#3087 = FILL_AREA_STYLE_COLOUR ( '', #2599 ) ;
#3088 =( NAMED_UNIT ( * ) SI_UNIT ( $, .STERADIAN. ) SOLID_ANGLE_UNIT ( ) );
#3089 = FACE_OUTER_BOUND ( 'NONE', #2035, .T. ) ;
#3090 = VERTEX_POINT ( 'NONE', #3427 ) ;
#3091 = LINE ( 'NONE', #2166, #6626 ) ;
#3092 = FILL_AREA_STYLE ('',( #8367 ) ) ;
#3093 = ORIENTED_EDGE ( 'NONE', *, *, #7939, .T. ) ;
#3094 = ORIENTED_EDGE ( 'NONE', *, *, #7226, .T. ) ;
#3095 = EDGE_CURVE ( 'NONE', #5770, #3144, #3337, .T. ) ;
#3096 = LINE ( 'NONE', #7023, #6635 ) ;
#3097 = EDGE_CURVE ( 'NONE', #1634, #2190, #1544, .T. ) ;
#3098 = SURFACE_SIDE_STYLE ('',( #4364 ) ) ;
#3099 = SURFACE_STYLE_USAGE ( .BOTH. , #3070 ) ;
#3100 = FILL_AREA_STYLE_COLOUR ( '', #722 ) ;
#3101 = LINE ( 'NONE', #7011, #2882 ) ;
#3102 = VERTEX_POINT ( 'NONE', #7396 ) ;
#3103 = ORIENTED_EDGE ( 'NONE', *, *, #7536, .F. ) ;
#3104 = SURFACE_STYLE_FILL_AREA ( #4371 ) ;
#3105 = CARTESIAN_POINT ( 'NONE',  ( 0.0000000000000000000, -2.799999999999999400, -10.16000000000000000 ) ) ;
#3106 = DIRECTION ( 'NONE',  ( 0.0000000000000000000, 0.0000000000000000000, -1.000000000000000000 ) ) ;
#3107 = VECTOR ( 'NONE', #6148, 1000.000000000000000 ) ;
#3108 = FILL_AREA_STYLE ('',( #2433 ) ) ;
#3109 =( NAMED_UNIT ( * ) SI_UNIT ( $, .STERADIAN. ) SOLID_ANGLE_UNIT ( ) );
#3110 =( GEOMETRIC_REPRESENTATION_CONTEXT ( 3 ) GLOBAL_UNCERTAINTY_ASSIGNED_CONTEXT ( ( #1040 ) ) GLOBAL_UNIT_ASSIGNED_CONTEXT ( ( #1367, #6058, #2019 ) ) REPRESENTATION_CONTEXT ( 'NONE', 'WORKASPACE' ) );
#3111 = PRESENTATION_LAYER_ASSIGNMENT (  '', '', ( #2194 ) ) ;
#3112 = LINE ( 'NONE', #3191, #4682 ) ;
#3113 = DIRECTION ( 'NONE',  ( 0.0000000000000000000, 1.000000000000000000, 0.0000000000000000000 ) ) ;
#3114 = PRESENTATION_STYLE_ASSIGNMENT (( #4332 ) ) ;
#3115 = DIRECTION ( 'NONE',  ( -0.7071067811865482400, 0.0000000000000000000, -0.7071067811865469100 ) ) ;
#3116 = CARTESIAN_POINT ( 'NONE',  ( 2.540000000000000900, 1.700000000000000000, -16.10999999999999900 ) ) ;
#3117 = UNCERTAINTY_MEASURE_WITH_UNIT (LENGTH_MEASURE( 1.000000000000000100E-005 ), #3785, 'distance_accuracy_value', 'NONE');
#3118 = ORIENTED_EDGE ( 'NONE', *, *, #8105, .T. ) ;
#3119 = SURFACE_SIDE_STYLE ('',( #4865 ) ) ;
#3120 =( LENGTH_UNIT ( ) NAMED_UNIT ( * ) SI_UNIT ( .MILLI., .METRE. ) );
#3121 = ADVANCED_FACE ( 'NONE', ( #4901 ), #1462, .T. ) ;
#3122 = AXIS2_PLACEMENT_3D ( 'NONE', #1195, #5879, #1856 ) ;
#3123 = CLOSED_SHELL ( 'NONE', ( #6081, #4712, #543, #8345, #5587, #4115, #2605, #5120, #3529, #4588 ) ) ;
#3124 = COLOUR_RGB ( '',0.7960784313725489700, 0.8235294117647058400, 0.9372549019607843100 ) ;
#3125 = VERTEX_POINT ( 'NONE', #5496 ) ;
#3126 = SURFACE_STYLE_FILL_AREA ( #2622 ) ;
#3127 = COLOUR_RGB ( '',0.0000000000000000000, 0.003921568627450980300, 0.09019607843137254800 ) ;
#3128 = PLANE ( 'NONE',  #6883 ) ;
#3129 = LINE ( 'NONE', #2670, #4699 ) ;
#3130 =( LENGTH_UNIT ( ) NAMED_UNIT ( * ) SI_UNIT ( .MILLI., .METRE. ) );
#3131 =( LENGTH_UNIT ( ) NAMED_UNIT ( * ) SI_UNIT ( .MILLI., .METRE. ) );
#3132 = ORIENTED_EDGE ( 'NONE', *, *, #5615, .F. ) ;
#3133 = FACE_OUTER_BOUND ( 'NONE', #2936, .T. ) ;
#3134 = ORIENTED_EDGE ( 'NONE', *, *, #6022, .T. ) ;
#3135 = EDGE_CURVE ( 'NONE', #4317, #5875, #4297, .T. ) ;
#3136 = DIRECTION ( 'NONE',  ( 0.0000000000000000000, 1.000000000000000000, 0.0000000000000000000 ) ) ;
#3137 =( LENGTH_UNIT ( ) NAMED_UNIT ( * ) SI_UNIT ( .MILLI., .METRE. ) );
#3138 = LINE ( 'NONE', #5951, #2924 ) ;
#3139 = EDGE_LOOP ( 'NONE', ( #6191, #7322, #6388, #5313, #3938, #3987, #3360, #1769, #8097, #1250, #7434, #2628, #2498, #1241, #1237, #4515, #5739, #3319, #959, #6728, #1516, #824, #3590, #2171, #4646, #182, #5025, #8625, #298, #7606, #7814, #1650, #4933, #2526, #2647, #5067, #4022, #2502, #3094, #4259, #4621, #3354, #7120, #7084 ) ) ;
#3140 = MECHANICAL_DESIGN_GEOMETRIC_PRESENTATION_REPRESENTATION (  '', ( #1787 ), #3597 ) ;
#3141 = SURFACE_STYLE_USAGE ( .BOTH. , #7121 ) ;
#3142 = EDGE_CURVE ( 'NONE', #6102, #2666, #7793, .T. ) ;
#3143 = SURFACE_STYLE_FILL_AREA ( #7834 ) ;
#3144 = VERTEX_POINT ( 'NONE', #3522 ) ;
#3145 = LINE ( 'NONE', #7101, #4921 ) ;
#3146 = SURFACE_STYLE_FILL_AREA ( #4879 ) ;
#3147 = LINE ( 'NONE', #5337, #6487 ) ;
#3148 = ORIENTED_EDGE ( 'NONE', *, *, #5791, .F. ) ;
#3149 = SURFACE_STYLE_USAGE ( .BOTH. , #7125 ) ;
#3150 = ORIENTED_EDGE ( 'NONE', *, *, #5191, .F. ) ;
#3151 = EDGE_CURVE ( 'NONE', #2312, #5278, #710, .T. ) ;
#3152 = FILL_AREA_STYLE_COLOUR ( '', #8318 ) ;
#3153 = VECTOR ( 'NONE', #429, 1000.000000000000000 ) ;
#3154 = VERTEX_POINT ( 'NONE', #4213 ) ;
#3155 = PRESENTATION_STYLE_ASSIGNMENT (( #7398 ) ) ;
#3156 = AXIS2_PLACEMENT_3D ( 'NONE', #170, #4858, #867 ) ;
#3157 = DIRECTION ( 'NONE',  ( 0.0000000000000000000, 1.000000000000000000, 0.0000000000000000000 ) ) ;
#3158 = CARTESIAN_POINT ( 'NONE',  ( -1.590000000000000300, -2.799999999999999400, -15.45999999999999900 ) ) ;
#3159 = ORIENTED_EDGE ( 'NONE', *, *, #7753, .F. ) ;
#3160 = CARTESIAN_POINT ( 'NONE',  ( 1.050000000000000000, -2.799999999999999400, -14.92000000000000200 ) ) ;
#3161 = CARTESIAN_POINT ( 'NONE',  ( -1.590000000000000300, -2.799999999999999400, -2.320000000000000300 ) ) ;
#3162 = FILL_AREA_STYLE ('',( #7134 ) ) ;
#3163 = ADVANCED_FACE ( 'NONE', ( #5849 ), #6211, .T. ) ;
#3164 = PRESENTATION_LAYER_ASSIGNMENT (  '', '', ( #2249 ) ) ;
#3165 = DIRECTION ( 'NONE',  ( 0.7071067811865470200, 0.0000000000000000000, -0.7071067811865481300 ) ) ;
#3166 = FACE_OUTER_BOUND ( 'NONE', #8192, .T. ) ;
#3167 =( NAMED_UNIT ( * ) SI_UNIT ( $, .STERADIAN. ) SOLID_ANGLE_UNIT ( ) );
#3168 = DIRECTION ( 'NONE',  ( 0.0000000000000000000, 1.000000000000000000, 0.0000000000000000000 ) ) ;
#3169 = AXIS2_PLACEMENT_3D ( 'NONE', #4005, #8612, #4661 ) ;
#3170 = COLOUR_RGB ( '',0.7960784313725489700, 0.8235294117647058400, 0.9372549019607843100 ) ;
#3171 = ORIENTED_EDGE ( 'NONE', *, *, #1383, .F. ) ;
#3172 = FILL_AREA_STYLE ('',( #7141 ) ) ;
#3173 =( GEOMETRIC_REPRESENTATION_CONTEXT ( 3 ) GLOBAL_UNCERTAINTY_ASSIGNED_CONTEXT ( ( #2855 ) ) GLOBAL_UNIT_ASSIGNED_CONTEXT ( ( #1257, #5941, #1917 ) ) REPRESENTATION_CONTEXT ( 'NONE', 'WORKASPACE' ) );
#3174 = DIRECTION ( 'NONE',  ( 2.492418787322998300E-016, 0.0000000000000000000, 1.000000000000000000 ) ) ;
#3175 = MECHANICAL_DESIGN_GEOMETRIC_PRESENTATION_REPRESENTATION (  '', ( #1817 ), #3635 ) ;
#3176 = FACE_OUTER_BOUND ( 'NONE', #4561, .T. ) ;
#3177 = EDGE_CURVE ( 'NONE', #5625, #1573, #1646, .T. ) ;
#3178 = VECTOR ( 'NONE', #7413, 1000.000000000000000 ) ;
#3179 = ORIENTED_EDGE ( 'NONE', *, *, #1336, .F. ) ;
#3180 =( LENGTH_UNIT ( ) NAMED_UNIT ( * ) SI_UNIT ( .MILLI., .METRE. ) );
#3181 = FILL_AREA_STYLE ('',( #1713 ) ) ;
#3182 = EDGE_CURVE ( 'NONE', #7963, #6625, #3435, .T. ) ;
#3183 = FACE_OUTER_BOUND ( 'NONE', #2485, .T. ) ;
#3184 =( GEOMETRIC_REPRESENTATION_CONTEXT ( 3 ) GLOBAL_UNCERTAINTY_ASSIGNED_CONTEXT ( ( #4827 ) ) GLOBAL_UNIT_ASSIGNED_CONTEXT ( ( #4991, #988, #5666 ) ) REPRESENTATION_CONTEXT ( 'NONE', 'WORKASPACE' ) );
#3185 = FILL_AREA_STYLE_COLOUR ( '', #1884 ) ;
#3186 = FILL_AREA_STYLE_COLOUR ( '', #6838 ) ;
#3187 = VERTEX_POINT ( 'NONE', #7541 ) ;
#3188 = FACE_OUTER_BOUND ( 'NONE', #7674, .T. ) ;
#3189 = ORIENTED_EDGE ( 'NONE', *, *, #82, .T. ) ;
#3190 = SURFACE_SIDE_STYLE ('',( #6241 ) ) ;
#3191 = CARTESIAN_POINT ( 'NONE',  ( -2.139999999999999700, 1.700000000000000000, 1.270000000000000000 ) ) ;
#3192 = FACE_OUTER_BOUND ( 'NONE', #936, .T. ) ;
#3193 = PRESENTATION_LAYER_ASSIGNMENT (  '', '', ( #2286 ) ) ;
#3194 = ORIENTED_EDGE ( 'NONE', *, *, #6743, .T. ) ;
#3195 = SURFACE_STYLE_FILL_AREA ( #547 ) ;
#3196 = UNCERTAINTY_MEASURE_WITH_UNIT (LENGTH_MEASURE( 1.000000000000000100E-005 ), #6408, 'distance_accuracy_value', 'NONE');
#3197 = FILL_AREA_STYLE ('',( #5864 ) ) ;
#3198 = DIRECTION ( 'NONE',  ( 0.0000000000000000000, 1.000000000000000000, 0.0000000000000000000 ) ) ;
#3199 = CARTESIAN_POINT ( 'NONE',  ( 1.050000000000000000, 11.70000000000000100, -4.760000000000000700 ) ) ;
#3200 = FILL_AREA_STYLE ('',( #2500 ) ) ;
#3201 = EDGE_CURVE ( 'NONE', #6999, #5147, #6762, .T. ) ;
#3202 = SURFACE_STYLE_FILL_AREA ( #2112 ) ;
#3203 = MECHANICAL_DESIGN_GEOMETRIC_PRESENTATION_REPRESENTATION (  '', ( #1851 ), #3676 ) ;
#3204 = UNCERTAINTY_MEASURE_WITH_UNIT (LENGTH_MEASURE( 1.000000000000000100E-005 ), #123, 'distance_accuracy_value', 'NONE');
#3205 = EDGE_CURVE ( 'NONE', #7571, #3187, #8503, .T. ) ;
#3206 = FILL_AREA_STYLE ('',( #2530 ) ) ;
#3207 = ORIENTED_EDGE ( 'NONE', *, *, #6802, .F. ) ;
#3208 = VERTEX_POINT ( 'NONE', #6264 ) ;
#3209 = ORIENTED_EDGE ( 'NONE', *, *, #1224, .T. ) ;
#3210 = CARTESIAN_POINT ( 'NONE',  ( 1.050000000000000000, -2.799999999999999400, -4.760000000000000700 ) ) ;
#3211 = PRESENTATION_STYLE_ASSIGNMENT (( #8542 ) ) ;
#3212 = EDGE_LOOP ( 'NONE', ( #3660, #1155, #627, #7014 ) ) ;
#3213 = PRESENTATION_LAYER_ASSIGNMENT (  '', '', ( #2313 ) ) ;
#3214 = CARTESIAN_POINT ( 'NONE',  ( 0.9499999999999999600, 11.70000000000000100, -10.38000000000000100 ) ) ;
#3215 = DIRECTION ( 'NONE',  ( -0.0000000000000000000, 0.0000000000000000000, 1.000000000000000000 ) ) ;
#3216 = DIRECTION ( 'NONE',  ( 0.0000000000000000000, -1.000000000000000000, 0.0000000000000000000 ) ) ;
#3217 = EDGE_LOOP ( 'NONE', ( #4862, #3684, #6718, #6910, #8009, #7696, #3754, #6223 ) ) ;
#3218 = ADVANCED_FACE ( 'NONE', ( #4790 ), #4270, .T. ) ;
#3219 = MECHANICAL_DESIGN_GEOMETRIC_PRESENTATION_REPRESENTATION (  '', ( #1868 ), #3693 ) ;
#3220 = AXIS2_PLACEMENT_3D ( 'NONE', #1234, #5919, #1902 ) ;
#3221 = ORIENTED_EDGE ( 'NONE', *, *, #4976, .T. ) ;
#3222 = SURFACE_SIDE_STYLE ('',( #7389 ) ) ;
#3223 = COLOUR_RGB ( '',0.7960784313725489700, 0.8235294117647058400, 0.9372549019607843100 ) ;
#3224 = UNCERTAINTY_MEASURE_WITH_UNIT (LENGTH_MEASURE( 1.000000000000000100E-005 ), #1744, 'distance_accuracy_value', 'NONE');
#3225 = ORIENTED_EDGE ( 'NONE', *, *, #3593, .T. ) ;
#3226 = COLOUR_RGB ( '',0.7960784313725489700, 0.8235294117647058400, 0.9372549019607843100 ) ;
#3227 = CARTESIAN_POINT ( 'NONE',  ( 1.490000000000000000, -2.799999999999999400, -9.840000000000001600 ) ) ;
#3228 = ORIENTED_EDGE ( 'NONE', *, *, #7650, .F. ) ;
#3229 = PRESENTATION_LAYER_ASSIGNMENT (  '', '', ( #2324 ) ) ;
#3230 =( LENGTH_UNIT ( ) NAMED_UNIT ( * ) SI_UNIT ( .MILLI., .METRE. ) );
#3231 = CARTESIAN_POINT ( 'NONE',  ( 0.9499999999999999600, -2.799999999999999400, -4.860000000000000300 ) ) ;
#3232 = EDGE_CURVE ( 'NONE', #8202, #8574, #5948, .T. ) ;
#3233 = VECTOR ( 'NONE', #7514, 1000.000000000000000 ) ;
#3234 = ORIENTED_EDGE ( 'NONE', *, *, #6715, .T. ) ;
#3235 = SURFACE_STYLE_FILL_AREA ( #413 ) ;
#3236 = ORIENTED_EDGE ( 'NONE', *, *, #2123, .F. ) ;
#3237 = SURFACE_STYLE_FILL_AREA ( #704 ) ;
#3238 = VERTEX_POINT ( 'NONE', #7596 ) ;
#3239 = SURFACE_STYLE_FILL_AREA ( #6510 ) ;
#3240 = PRESENTATION_STYLE_ASSIGNMENT (( #6005 ) ) ;
#3241 = CARTESIAN_POINT ( 'NONE',  ( -0.9499999999999999600, 11.70000000000000100, -7.839999999999999900 ) ) ;
#3242 =( GEOMETRIC_REPRESENTATION_CONTEXT ( 3 ) GLOBAL_UNCERTAINTY_ASSIGNED_CONTEXT ( ( #3005 ) ) GLOBAL_UNIT_ASSIGNED_CONTEXT ( ( #5552, #1524, #6219 ) ) REPRESENTATION_CONTEXT ( 'NONE', 'WORKASPACE' ) );
#3243 = LINE ( 'NONE', #7222, #1456 ) ;
#3244 = VERTEX_POINT ( 'NONE', #2964 ) ;
#3245 = CARTESIAN_POINT ( 'NONE',  ( -2.539999999999999600, 0.0000000000000000000, -9.323421052631580600 ) ) ;
#3246 = VECTOR ( 'NONE', #6944, 1000.000000000000000 ) ;
#3247 = CARTESIAN_POINT ( 'NONE',  ( 0.9499999999999999600, -2.799999999999999400, -10.38000000000000100 ) ) ;
#3248 = LINE ( 'NONE', #2021, #5040 ) ;
#3249 = FILL_AREA_STYLE_COLOUR ( '', #2419 ) ;
#3250 = CARTESIAN_POINT ( 'NONE',  ( -1.590000000000000300, 11.70000000000000100, -10.38000000000000100 ) ) ;
#3251 =( GEOMETRIC_REPRESENTATION_CONTEXT ( 3 ) GLOBAL_UNCERTAINTY_ASSIGNED_CONTEXT ( ( #2027 ) ) GLOBAL_UNIT_ASSIGNED_CONTEXT ( ( #1533, #6230, #2204 ) ) REPRESENTATION_CONTEXT ( 'NONE', 'WORKASPACE' ) );
#3252 = AXIS2_PLACEMENT_3D ( 'NONE', #2478, #2451, #2423 ) ;
#3253 =( NAMED_UNIT ( * ) SI_UNIT ( $, .STERADIAN. ) SOLID_ANGLE_UNIT ( ) );
#3254 = SURFACE_STYLE_USAGE ( .BOTH. , #7216 ) ;
#3255 = CARTESIAN_POINT ( 'NONE',  ( -0.9499999999999999600, -2.799999999999999400, -0.2199999999999999700 ) ) ;
#3256 = EDGE_LOOP ( 'NONE', ( #5555, #6354, #7274, #3057 ) ) ;
#3257 = LINE ( 'NONE', #6998, #6586 ) ;
#3258 = STYLED_ITEM ( 'NONE', ( #7519 ), #2098 ) ;
#3259 = ORIENTED_EDGE ( 'NONE', *, *, #2925, .T. ) ;
#3260 = ORIENTED_EDGE ( 'NONE', *, *, #1572, .T. ) ;
#3261 = ORIENTED_EDGE ( 'NONE', *, *, #541, .T. ) ;
#3262 = CARTESIAN_POINT ( 'NONE',  ( 0.9499999999999999600, -2.799999999999999400, -4.860000000000000300 ) ) ;
#3263 =( NAMED_UNIT ( * ) PLANE_ANGLE_UNIT ( ) SI_UNIT ( $, .RADIAN. ) );
#3264 = LINE ( 'NONE', #831, #6591 ) ;
#3265 =( NAMED_UNIT ( * ) SI_UNIT ( $, .STERADIAN. ) SOLID_ANGLE_UNIT ( ) );
#3266 = ORIENTED_EDGE ( 'NONE', *, *, #5846, .F. ) ;
#3267 = SURFACE_STYLE_USAGE ( .BOTH. , #7228 ) ;
#3268 = EDGE_CURVE ( 'NONE', #172, #1136, #2384, .T. ) ;
#3269 = ORIENTED_EDGE ( 'NONE', *, *, #8557, .F. ) ;
#3270 = COLOUR_RGB ( '',0.0000000000000000000, 0.003921568627450980300, 0.09019607843137254800 ) ;
#3271 = ADVANCED_FACE ( 'NONE', ( #600 ), #4979, .F. ) ;
#3272 = FACE_OUTER_BOUND ( 'NONE', #3663, .T. ) ;
#3273 = EDGE_LOOP ( 'NONE', ( #4093, #1808, #747, #1366 ) ) ;
#3274 = VECTOR ( 'NONE', #2117, 1000.000000000000100 ) ;
#3275 = CARTESIAN_POINT ( 'NONE',  ( 1.590000000000000100, 11.70000000000000100, -2.760000000000000200 ) ) ;
#3276 = CARTESIAN_POINT ( 'NONE',  ( 1.590000000000000100, -2.799999999999999400, -2.319999999999999800 ) ) ;
#3277 =( GEOMETRIC_REPRESENTATION_CONTEXT ( 3 ) GLOBAL_UNCERTAINTY_ASSIGNED_CONTEXT ( ( #1182 ) ) GLOBAL_UNIT_ASSIGNED_CONTEXT ( ( #1203, #5885, #1864 ) ) REPRESENTATION_CONTEXT ( 'NONE', 'WORKASPACE' ) );
#3278 = LINE ( 'NONE', #682, #5072 ) ;
#3280 = VECTOR ( 'NONE', #7051, 1000.000000000000000 ) ;
#3279 = AXIS2_PLACEMENT_3D ( 'NONE', #5907, #1889, #6558 ) ;
#3281 =( LENGTH_UNIT ( ) NAMED_UNIT ( * ) SI_UNIT ( .MILLI., .METRE. ) );
#3282 = UNCERTAINTY_MEASURE_WITH_UNIT (LENGTH_MEASURE( 1.000000000000000100E-005 ), #3723, 'distance_accuracy_value', 'NONE');
#3283 = DIRECTION ( 'NONE',  ( 0.7071067811865487900, 0.0000000000000000000, -0.7071067811865463500 ) ) ;
#3284 = LINE ( 'NONE', #593, #8361 ) ;
#3285 = COLOUR_RGB ( '',0.7960784313725489700, 0.8235294117647058400, 0.9372549019607843100 ) ;
#3286 = EDGE_LOOP ( 'NONE', ( #778, #243, #6888, #7934 ) ) ;
#3287 =( GEOMETRIC_REPRESENTATION_CONTEXT ( 3 ) GLOBAL_UNCERTAINTY_ASSIGNED_CONTEXT ( ( #6441 ) ) GLOBAL_UNIT_ASSIGNED_CONTEXT ( ( #7377, #3414, #8028 ) ) REPRESENTATION_CONTEXT ( 'NONE', 'WORKASPACE' ) );
#3288 = SURFACE_STYLE_USAGE ( .BOTH. , #7252 ) ;
#3289 = DIRECTION ( 'NONE',  ( -0.0000000000000000000, -0.0000000000000000000, -1.000000000000000000 ) ) ;
#3290 = PLANE ( 'NONE',  #3386 ) ;
#3291 = COLOUR_RGB ( '',0.7960784313725489700, 0.8235294117647058400, 0.9372549019607843100 ) ;
#3292 =( NAMED_UNIT ( * ) SI_UNIT ( $, .STERADIAN. ) SOLID_ANGLE_UNIT ( ) );
#3293 = MECHANICAL_DESIGN_GEOMETRIC_PRESENTATION_REPRESENTATION (  '', ( #1926 ), #3755 ) ;
#3294 = PRESENTATION_STYLE_ASSIGNMENT (( #875 ) ) ;
#3295 = STYLED_ITEM ( 'NONE', ( #5517 ), #6840 ) ;
#3296 = CARTESIAN_POINT ( 'NONE',  ( 1.050000000000000000, -2.799999999999999400, -2.860000000000000300 ) ) ;
#3297 = LINE ( 'NONE', #872, #8371 ) ;
#3298 = ORIENTED_EDGE ( 'NONE', *, *, #8586, .T. ) ;
#3299 = SURFACE_STYLE_USAGE ( .BOTH. , #7263 ) ;
#3300 = FACE_OUTER_BOUND ( 'NONE', #3021, .T. ) ;
#3301 = EDGE_LOOP ( 'NONE', ( #7816, #4815, #270, #2056, #161, #4902, #5140, #3269 ) ) ;
#3302 = FACE_OUTER_BOUND ( 'NONE', #6661, .T. ) ;
#3303 = CARTESIAN_POINT ( 'NONE',  ( 2.540000000000000900, 1.700000000000000000, -13.57000000000000200 ) ) ;
#3304 = DIRECTION ( 'NONE',  ( 0.0000000000000000000, 1.000000000000000000, 0.0000000000000000000 ) ) ;
#3305 = EDGE_CURVE ( 'NONE', #2008, #6548, #5127, .T. ) ;
#3306 = STYLED_ITEM ( 'NONE', ( #3727 ), #1674 ) ;
#3307 = CARTESIAN_POINT ( 'NONE',  ( 1.050000000000000000, -2.799999999999999400, -7.299999999999999800 ) ) ;
#3308 = DIRECTION ( 'NONE',  ( 0.0000000000000000000, 1.000000000000000000, 0.0000000000000000000 ) ) ;
#3309 = VECTOR ( 'NONE', #3605, 1000.000000000000000 ) ;
#3310 = DIRECTION ( 'NONE',  ( 0.7071067811865477900, 0.0000000000000000000, -0.7071067811865473500 ) ) ;
#3311 = ADVANCED_FACE ( 'NONE', ( #8403 ), #1005, .T. ) ;
#3312 = CARTESIAN_POINT ( 'NONE',  ( -2.539999999999999600, 0.0000000000000000000, -14.40342105263157900 ) ) ;
#3313 =( NAMED_UNIT ( * ) SI_UNIT ( $, .STERADIAN. ) SOLID_ANGLE_UNIT ( ) );
#3314 = DIRECTION ( 'NONE',  ( 0.7071067811865463500, -0.0000000000000000000, 0.7071067811865487900 ) ) ;
#3315 = ORIENTED_EDGE ( 'NONE', *, *, #3519, .F. ) ;
#3316 = SURFACE_SIDE_STYLE ('',( #7181 ) ) ;
#3317 = VERTEX_POINT ( 'NONE', #314 ) ;
#3318 = VECTOR ( 'NONE', #1604, 1000.000000000000000 ) ;
#3319 = ORIENTED_EDGE ( 'NONE', *, *, #3893, .T. ) ;
#3320 = DIRECTION ( 'NONE',  ( 0.0000000000000000000, 1.000000000000000000, 0.0000000000000000000 ) ) ;
#3321 = STYLED_ITEM ( 'NONE', ( #186 ), #854 ) ;
#3322 = EDGE_CURVE ( 'NONE', #1850, #7065, #2694, .T. ) ;
#3323 = FILL_AREA_STYLE_COLOUR ( '', #4080 ) ;
#3324 = ORIENTED_EDGE ( 'NONE', *, *, #6192, .T. ) ;
#3325 = SURFACE_STYLE_FILL_AREA ( #6347 ) ;
#3326 = VERTEX_POINT ( 'NONE', #3050 ) ;
#3327 = SURFACE_STYLE_FILL_AREA ( #7540 ) ;
#3328 = SURFACE_STYLE_USAGE ( .BOTH. , #7289 ) ;
#3329 = DIRECTION ( 'NONE',  ( 1.000000000000000000, 0.0000000000000000000, -2.492418787322998300E-016 ) ) ;
#3330 = CARTESIAN_POINT ( 'NONE',  ( -1.590000000000000300, -2.799999999999999400, -2.760000000000000200 ) ) ;
#3331 = SURFACE_STYLE_USAGE ( .BOTH. , #7295 ) ;
#3332 = CARTESIAN_POINT ( 'NONE',  ( -0.9499999999999999600, -2.799999999999999400, -2.319999999999999800 ) ) ;
#3333 = ORIENTED_EDGE ( 'NONE', *, *, #5074, .F. ) ;
#3334 = ORIENTED_EDGE ( 'NONE', *, *, #4090, .F. ) ;
#3335 = AXIS2_PLACEMENT_3D ( 'NONE', #2430, #7088, #3106 ) ;
#3336 = DIRECTION ( 'NONE',  ( 1.000000000000000000, 0.0000000000000000000, -0.0000000000000000000 ) ) ;
#3337 = LINE ( 'NONE', #3464, #5137 ) ;
#3338 = UNCERTAINTY_MEASURE_WITH_UNIT (LENGTH_MEASURE( 1.000000000000000100E-005 ), #5529, 'distance_accuracy_value', 'NONE');
#3339 = ORIENTED_EDGE ( 'NONE', *, *, #907, .T. ) ;
#3340 = LINE ( 'NONE', #1909, #1761 ) ;
#3341 = COLOUR_RGB ( '',0.7921568627450980000, 0.8196078431372548800, 0.9333333333333333500 ) ;
#3342 = STYLED_ITEM ( 'NONE', ( #2909 ), #2867 ) ;
#3343 = SURFACE_SIDE_STYLE ('',( #2403 ) ) ;
#3344 = LINE ( 'NONE', #4339, #6668 ) ;
#3345 = PRESENTATION_LAYER_ASSIGNMENT (  '', '', ( #2444 ) ) ;
#3346 = VERTEX_POINT ( 'NONE', #1662 ) ;
#3347 =( NAMED_UNIT ( * ) SI_UNIT ( $, .STERADIAN. ) SOLID_ANGLE_UNIT ( ) );
#3348 = FILL_AREA_STYLE_COLOUR ( '', #653 ) ;
#3349 = EDGE_CURVE ( 'NONE', #5504, #7964, #4494, .T. ) ;
#3350 = VECTOR ( 'NONE', #6422, 1000.000000000000000 ) ;
#3351 = VERTEX_POINT ( 'NONE', #3737 ) ;
#3352 = EDGE_CURVE ( 'NONE', #510, #6783, #4284, .T. ) ;
#3353 = ADVANCED_FACE ( 'NONE', ( #921 ), #1857, .T. ) ;
#3354 = ORIENTED_EDGE ( 'NONE', *, *, #5565, .T. ) ;
#3355 = EDGE_LOOP ( 'NONE', ( #8504, #1172, #6745, #3965 ) ) ;
#3356 = PRESENTATION_STYLE_ASSIGNMENT (( #7690 ) ) ;
#3357 = CARTESIAN_POINT ( 'NONE',  ( 1.050000000000000000, -2.799999999999999400, -2.860000000000000300 ) ) ;
#3358 = VECTOR ( 'NONE', #3992, 1000.000000000000000 ) ;
#3359 = MECHANICAL_DESIGN_GEOMETRIC_PRESENTATION_REPRESENTATION (  '', ( #1993 ), #3820 ) ;
#3360 = ORIENTED_EDGE ( 'NONE', *, *, #5297, .T. ) ;
#3361 = DIRECTION ( 'NONE',  ( 0.6782059721786389800, 0.0000000000000000000, 0.7348718659067220400 ) ) ;
#3362 =( NAMED_UNIT ( * ) PLANE_ANGLE_UNIT ( ) SI_UNIT ( $, .RADIAN. ) );
#3363 = LINE ( 'NONE', #7570, #1570 ) ;
#3364 = VERTEX_POINT ( 'NONE', #3900 ) ;
#3365 =( LENGTH_UNIT ( ) NAMED_UNIT ( * ) SI_UNIT ( .MILLI., .METRE. ) );
#3366 = SURFACE_STYLE_USAGE ( .BOTH. , #7323 ) ;
#3367 = AXIS2_PLACEMENT_3D ( 'NONE', #4537, #514, #5216 ) ;
#3368 = SURFACE_STYLE_USAGE ( .BOTH. , #7327 ) ;
#3369 = EDGE_CURVE ( 'NONE', #6967, #2162, #1845, .T. ) ;
#3370 = VECTOR ( 'NONE', #7542, 1000.000000000000000 ) ;
#3371 = ORIENTED_EDGE ( 'NONE', *, *, #8396, .T. ) ;
#3372 = DIRECTION ( 'NONE',  ( -0.0000000000000000000, 1.000000000000000000, 0.0000000000000000000 ) ) ;
#3373 = VECTOR ( 'NONE', #5473, 1000.000000000000100 ) ;
#3374 = SURFACE_STYLE_FILL_AREA ( #5165 ) ;
#3375 =( LENGTH_UNIT ( ) NAMED_UNIT ( * ) SI_UNIT ( .MILLI., .METRE. ) );
#3376 = EDGE_CURVE ( 'NONE', #6783, #8295, #5224, .T. ) ;
#3377 = PRESENTATION_LAYER_ASSIGNMENT (  '', '', ( #2476 ) ) ;
#3378 = EDGE_CURVE ( 'NONE', #401, #5244, #1633, .T. ) ;
#3379 =( LENGTH_UNIT ( ) NAMED_UNIT ( * ) SI_UNIT ( .MILLI., .METRE. ) );
#3380 = LINE ( 'NONE', #3981, #4344 ) ;
#3381 = ORIENTED_EDGE ( 'NONE', *, *, #2733, .F. ) ;
#3382 = CARTESIAN_POINT ( 'NONE',  ( -1.490000000000000200, -2.799999999999999400, 0.3199999999999998400 ) ) ;
#3383 = DIRECTION ( 'NONE',  ( 0.0000000000000000000, 0.0000000000000000000, -1.000000000000000000 ) ) ;
#3384 = UNCERTAINTY_MEASURE_WITH_UNIT (LENGTH_MEASURE( 1.000000000000000100E-005 ), #2567, 'distance_accuracy_value', 'NONE');
#3385 =( NAMED_UNIT ( * ) PLANE_ANGLE_UNIT ( ) SI_UNIT ( $, .RADIAN. ) );
#3386 = AXIS2_PLACEMENT_3D ( 'NONE', #7278, #3314, #7936 ) ;
#3387 = LINE ( 'NONE', #7809, #8459 ) ;
#3388 = PRESENTATION_LAYER_ASSIGNMENT (  '', '', ( #2490 ) ) ;
#3389 =( GEOMETRIC_REPRESENTATION_CONTEXT ( 3 ) GLOBAL_UNCERTAINTY_ASSIGNED_CONTEXT ( ( #6570 ) ) GLOBAL_UNIT_ASSIGNED_CONTEXT ( ( #409, #5121, #1103 ) ) REPRESENTATION_CONTEXT ( 'NONE', 'WORKASPACE' ) );
#3390 = DIRECTION ( 'NONE',  ( 1.000000000000000000, 0.0000000000000000000, 1.232047923278982000E-016 ) ) ;
#3391 = CARTESIAN_POINT ( 'NONE',  ( -2.140000000000000600, 1.700000000000000000, -16.51000000000000200 ) ) ;
#3392 = ORIENTED_EDGE ( 'NONE', *, *, #7229, .F. ) ;
#3393 = FACE_OUTER_BOUND ( 'NONE', #420, .T. ) ;
#3394 =( NAMED_UNIT ( * ) PLANE_ANGLE_UNIT ( ) SI_UNIT ( $, .RADIAN. ) );
#3395 = FILL_AREA_STYLE_COLOUR ( '', #7251 ) ;
#3396 = ADVANCED_FACE ( 'NONE', ( #8495 ), #7212, .T. ) ;
#3397 =( GEOMETRIC_REPRESENTATION_CONTEXT ( 3 ) GLOBAL_UNCERTAINTY_ASSIGNED_CONTEXT ( ( #4673 ) ) GLOBAL_UNIT_ASSIGNED_CONTEXT ( ( #5075, #1060, #5732 ) ) REPRESENTATION_CONTEXT ( 'NONE', 'WORKASPACE' ) );
#3398 = PRESENTATION_STYLE_ASSIGNMENT (( #291 ) ) ;
#3399 = AXIS2_PLACEMENT_3D ( 'NONE', #4397, #354, #5069 ) ;
#3400 = SURFACE_STYLE_FILL_AREA ( #8600 ) ;
#3401 = EDGE_CURVE ( 'NONE', #3561, #4066, #2579, .T. ) ;
#3402 = VERTEX_POINT ( 'NONE', #7237 ) ;
#3403 = LINE ( 'NONE', #1391, #6726 ) ;
#3404 = DIRECTION ( 'NONE',  ( -1.232047923278982000E-016, 0.0000000000000000000, 1.000000000000000000 ) ) ;
#3405 =( NAMED_UNIT ( * ) SI_UNIT ( $, .STERADIAN. ) SOLID_ANGLE_UNIT ( ) );
#3406 = CARTESIAN_POINT ( 'NONE',  ( 1.490000000000000000, 11.70000000000000100, -9.840000000000001600 ) ) ;
#3407 = SURFACE_STYLE_FILL_AREA ( #8343 ) ;
#3408 = MECHANICAL_DESIGN_GEOMETRIC_PRESENTATION_REPRESENTATION (  '', ( #2038 ), #3868 ) ;
#3409 = ORIENTED_EDGE ( 'NONE', *, *, #6399, .T. ) ;
#3410 = SURFACE_SIDE_STYLE ('',( #462 ) ) ;
#3411 = FILL_AREA_STYLE ('',( #7372 ) ) ;
#3412 = VECTOR ( 'NONE', #2139, 1000.000000000000000 ) ;
#3413 = PLANE ( 'NONE',  #7844 ) ;
#3414 =( NAMED_UNIT ( * ) PLANE_ANGLE_UNIT ( ) SI_UNIT ( $, .RADIAN. ) );
#3415 =( GEOMETRIC_REPRESENTATION_CONTEXT ( 3 ) GLOBAL_UNCERTAINTY_ASSIGNED_CONTEXT ( ( #6010 ) ) GLOBAL_UNIT_ASSIGNED_CONTEXT ( ( #4972, #938, #2959 ) ) REPRESENTATION_CONTEXT ( 'NONE', 'WORKASPACE' ) );
#3416 = ORIENTED_EDGE ( 'NONE', *, *, #6831, .F. ) ;
#3417 = CARTESIAN_POINT ( 'NONE',  ( -1.050000000000000000, -2.799999999999999400, -13.02000000000000100 ) ) ;
#3418 = DIRECTION ( 'NONE',  ( -0.0000000000000000000, -0.0000000000000000000, -1.000000000000000000 ) ) ;
#3419 = CARTESIAN_POINT ( 'NONE',  ( 2.540000000000000900, 1.700000000000000000, -8.490000000000000200 ) ) ;
#3420 = COLOUR_RGB ( '',0.7960784313725489700, 0.8235294117647058400, 0.9372549019607843100 ) ;
#3421 = CARTESIAN_POINT ( 'NONE',  ( 0.9499999999999999600, -2.799999999999999400, -15.02000000000000000 ) ) ;
#3422 = MANIFOLD_SOLID_BREP ( 'LPattern3[7]', #2387 ) ;
#3423 = EDGE_CURVE ( 'NONE', #7468, #1920, #1943, .T. ) ;
#3424 = VECTOR ( 'NONE', #4564, 1000.000000000000000 ) ;
#3425 = ORIENTED_EDGE ( 'NONE', *, *, #1520, .T. ) ;
#3426 = VECTOR ( 'NONE', #2981, 1000.000000000000000 ) ;
#3427 = CARTESIAN_POINT ( 'NONE',  ( -1.490000000000000200, -2.799999999999999400, 0.3199999999999998400 ) ) ;
#3428 = DIRECTION ( 'NONE',  ( -0.7071067811865489100, -0.0000000000000000000, 0.7071067811865462400 ) ) ;
#3429 = FACE_OUTER_BOUND ( 'NONE', #906, .T. ) ;
#3430 = VECTOR ( 'NONE', #2852, 1000.000000000000000 ) ;
#3431 =( LENGTH_UNIT ( ) NAMED_UNIT ( * ) SI_UNIT ( .MILLI., .METRE. ) );
#3432 = PLANE ( 'NONE',  #1426 ) ;
#3433 = CARTESIAN_POINT ( 'NONE',  ( 1.050000000000000000, -2.799999999999999400, -10.48000000000000200 ) ) ;
#3434 = VERTEX_POINT ( 'NONE', #7265 ) ;
#3435 = LINE ( 'NONE', #1542, #5012 ) ;
#3436 = VERTEX_POINT ( 'NONE', #3989 ) ;
#3437 = ADVANCED_FACE ( 'NONE', ( #3756 ), #7927, .F. ) ;
#3438 = VECTOR ( 'NONE', #2675, 1000.000000000000000 ) ;
#3439 = VECTOR ( 'NONE', #4202, 1000.000000000000000 ) ;
#3440 = CARTESIAN_POINT ( 'NONE',  ( -1.490000000000000000, 11.70000000000000100, -5.400000000000000400 ) ) ;
#3441 = MECHANICAL_DESIGN_GEOMETRIC_PRESENTATION_REPRESENTATION (  '', ( #2070 ), #3901 ) ;
#3442 = PLANE ( 'NONE',  #2455 ) ;
#3443 = CARTESIAN_POINT ( 'NONE',  ( 1.590000000000000100, -2.799999999999999400, -7.400000000000000400 ) ) ;
#3444 = ORIENTED_EDGE ( 'NONE', *, *, #8424, .T. ) ;
#3445 = VECTOR ( 'NONE', #5753, 1000.000000000000000 ) ;
#3446 = ORIENTED_EDGE ( 'NONE', *, *, #2501, .F. ) ;
#3447 = ORIENTED_EDGE ( 'NONE', *, *, #5791, .T. ) ;
#3448 = VECTOR ( 'NONE', #1799, 1000.000000000000000 ) ;
#3449 = ORIENTED_EDGE ( 'NONE', *, *, #6078, .T. ) ;
#3450 = CARTESIAN_POINT ( 'NONE',  ( -1.050000000000000000, -2.799999999999999400, -15.56000000000000000 ) ) ;
#3451 = APPLICATION_CONTEXT ( 'automotive_design' ) ;
#3452 = CARTESIAN_POINT ( 'NONE',  ( -2.539999999999999600, 1.700000000000000000, -4.243421052631578800 ) ) ;
#3453 = AXIS2_PLACEMENT_3D ( 'NONE', #5933, #1911, #6590 ) ;
#3454 = PRESENTATION_LAYER_ASSIGNMENT (  '', '', ( #2543 ) ) ;
#3455 = PLANE ( 'NONE',  #4377 ) ;
#3456 = DIRECTION ( 'NONE',  ( 0.7071067811865470200, 0.0000000000000000000, -0.7071067811865481300 ) ) ;
#3457 = PLANE ( 'NONE',  #7853 ) ;
#3458 = ORIENTED_EDGE ( 'NONE', *, *, #2295, .T. ) ;
#3459 = MECHANICAL_DESIGN_GEOMETRIC_PRESENTATION_REPRESENTATION (  '', ( #2088 ), #3913 ) ;
#3460 = VECTOR ( 'NONE', #6285, 1000.000000000000000 ) ;
#3461 = COLOUR_RGB ( '',0.7960784313725489700, 0.8235294117647058400, 0.9372549019607843100 ) ;
#3462 = LINE ( 'NONE', #5390, #2293 ) ;
#3463 = STYLED_ITEM ( 'NONE', ( #8164 ), #5734 ) ;
#3464 = CARTESIAN_POINT ( 'NONE',  ( 1.490000000000000000, -2.799999999999999400, -0.3200000000000001200 ) ) ;
#3465 = LINE ( 'NONE', #3053, #7006 ) ;
#3466 = ORIENTED_EDGE ( 'NONE', *, *, #6633, .T. ) ;
#3467 = DIRECTION ( 'NONE',  ( -0.7071067811865489100, 0.0000000000000000000, 0.7071067811865462400 ) ) ;
#3468 = SURFACE_SIDE_STYLE ('',( #6473 ) ) ;
#3469 = ORIENTED_EDGE ( 'NONE', *, *, #7630, .T. ) ;
#3470 = VERTEX_POINT ( 'NONE', #4675 ) ;
#3471 = ORIENTED_EDGE ( 'NONE', *, *, #7209, .T. ) ;
#3472 = LINE ( 'NONE', #2148, #5266 ) ;
#3473 = EDGE_CURVE ( 'NONE', #3125, #5742, #6449, .T. ) ;
#3474 = FILL_AREA_STYLE ('',( #7430 ) ) ;
#3475 = ORIENTED_EDGE ( 'NONE', *, *, #3177, .T. ) ;
#3476 = DIRECTION ( 'NONE',  ( -0.7071067811865470200, 0.0000000000000000000, -0.7071067811865481300 ) ) ;
#3477 = MECHANICAL_DESIGN_GEOMETRIC_PRESENTATION_REPRESENTATION (  '', ( #2103 ), #3923 ) ;
#3478 = ORIENTED_EDGE ( 'NONE', *, *, #7186, .T. ) ;
#3479 = COLOUR_RGB ( '',0.7921568627450980000, 0.8196078431372548800, 0.9333333333333333500 ) ;
#3480 = DIRECTION ( 'NONE',  ( 1.000000000000000000, 0.0000000000000000000, 0.0000000000000000000 ) ) ;
#3481 = DIRECTION ( 'NONE',  ( -0.7071067811865477900, 0.0000000000000000000, -0.7071067811865473500 ) ) ;
#3482 = COLOUR_RGB ( '',0.7960784313725489700, 0.8235294117647058400, 0.9372549019607843100 ) ;
#3483 =( NAMED_UNIT ( * ) SI_UNIT ( $, .STERADIAN. ) SOLID_ANGLE_UNIT ( ) );
#3484 = UNCERTAINTY_MEASURE_WITH_UNIT (LENGTH_MEASURE( 1.000000000000000100E-005 ), #4550, 'distance_accuracy_value', 'NONE');
#3485 = FILL_AREA_STYLE ('',( #2807 ) ) ;
#3486 =( GEOMETRIC_REPRESENTATION_CONTEXT ( 3 ) GLOBAL_UNCERTAINTY_ASSIGNED_CONTEXT ( ( #7845 ) ) GLOBAL_UNIT_ASSIGNED_CONTEXT ( ( #1603, #6291, #2263 ) ) REPRESENTATION_CONTEXT ( 'NONE', 'WORKASPACE' ) );
#3487 = ORIENTED_EDGE ( 'NONE', *, *, #1844, .F. ) ;
#3488 = CARTESIAN_POINT ( 'NONE',  ( -1.490000000000000200, -2.799999999999999400, -14.92000000000000200 ) ) ;
#3489 = SURFACE_STYLE_USAGE ( .BOTH. , #7447 ) ;
#3490 = CARTESIAN_POINT ( 'NONE',  ( 1.050000000000000000, -2.799999999999999400, -14.92000000000000200 ) ) ;
#3491 = VECTOR ( 'NONE', #7453, 1000.000000000000100 ) ;
#3492 = ADVANCED_FACE ( 'NONE', ( #1131 ), #2625, .T. ) ;
#3493 = LINE ( 'NONE', #4265, #3280 ) ;
#3494 = EDGE_CURVE ( 'NONE', #6100, #4994, #479, .T. ) ;
#3495 =( LENGTH_UNIT ( ) NAMED_UNIT ( * ) SI_UNIT ( .MILLI., .METRE. ) );
#3496 = DIRECTION ( 'NONE',  ( -1.000000000000000000, -0.0000000000000000000, -1.232047923278982200E-016 ) ) ;
#3497 =( NAMED_UNIT ( * ) PLANE_ANGLE_UNIT ( ) SI_UNIT ( $, .RADIAN. ) );
#3498 = DIRECTION ( 'NONE',  ( 0.0000000000000000000, 1.000000000000000000, 0.0000000000000000000 ) ) ;
#3499 = EDGE_LOOP ( 'NONE', ( #6396, #7367, #2593, #4182 ) ) ;
#3500 = EDGE_CURVE ( 'NONE', #6564, #4417, #5837, .T. ) ;
#3501 = UNCERTAINTY_MEASURE_WITH_UNIT (LENGTH_MEASURE( 1.000000000000000100E-005 ), #1563, 'distance_accuracy_value', 'NONE');
#3502 = CARTESIAN_POINT ( 'NONE',  ( 2.540000000000000900, 1.700000000000000000, -11.83000000000000200 ) ) ;
#3503 = FACE_OUTER_BOUND ( 'NONE', #2284, .T. ) ;
#3504 = DIRECTION ( 'NONE',  ( -0.0000000000000000000, -0.0000000000000000000, -1.000000000000000000 ) ) ;
#3505 =( LENGTH_UNIT ( ) NAMED_UNIT ( * ) SI_UNIT ( .MILLI., .METRE. ) );
#3506 =( GEOMETRIC_REPRESENTATION_CONTEXT ( 3 ) GLOBAL_UNCERTAINTY_ASSIGNED_CONTEXT ( ( #1968 ) ) GLOBAL_UNIT_ASSIGNED_CONTEXT ( ( #5657, #1626, #6316 ) ) REPRESENTATION_CONTEXT ( 'NONE', 'WORKASPACE' ) );
#3507 = DIRECTION ( 'NONE',  ( 0.7071067811865486800, 0.0000000000000000000, 0.7071067811865464600 ) ) ;
#3508 = MECHANICAL_DESIGN_GEOMETRIC_PRESENTATION_REPRESENTATION (  '', ( #2136 ), #3964 ) ;
#3509 = DIRECTION ( 'NONE',  ( -0.7071067811865470200, -0.0000000000000000000, -0.7071067811865481300 ) ) ;
#3510 = LINE ( 'NONE', #2450, #1718 ) ;
#3511 = VERTEX_POINT ( 'NONE', #7346 ) ;
#3512 = SURFACE_STYLE_FILL_AREA ( #3876 ) ;
#3513 = ORIENTED_EDGE ( 'NONE', *, *, #114, .F. ) ;
#3514 = DIRECTION ( 'NONE',  ( 0.0000000000000000000, -0.0000000000000000000, 1.000000000000000000 ) ) ;
#3515 = DIRECTION ( 'NONE',  ( -0.7071067811865469100, -0.0000000000000000000, 0.7071067811865482400 ) ) ;
#3516 = FILL_AREA_STYLE ('',( #1484 ) ) ;
#3517 = AXIS2_PLACEMENT_3D ( 'NONE', #6319, #2310, #6986 ) ;
#3518 = EDGE_CURVE ( 'NONE', #2091, #2375, #2037, .T. ) ;
#3519 = EDGE_CURVE ( 'NONE', #2454, #3582, #7350, .T. ) ;
#3520 = FACE_OUTER_BOUND ( 'NONE', #3536, .T. ) ;
#3521 = PRESENTATION_STYLE_ASSIGNMENT (( #8634 ) ) ;
#3522 = CARTESIAN_POINT ( 'NONE',  ( 1.490000000000000000, -2.799999999999999400, -0.3200000000000001200 ) ) ;
#3523 = CARTESIAN_POINT ( 'NONE',  ( -1.490000000000000000, -2.799999999999999400, -13.02000000000000100 ) ) ;
#3524 = CARTESIAN_POINT ( 'NONE',  ( -2.140000000000000600, 0.0000000000000000000, -16.51000000000000200 ) ) ;
#3525 = FILL_AREA_STYLE_COLOUR ( '', #5234 ) ;
#3526 =( NAMED_UNIT ( * ) PLANE_ANGLE_UNIT ( ) SI_UNIT ( $, .RADIAN. ) );
#3527 = PRESENTATION_LAYER_ASSIGNMENT (  '', '', ( #2623 ) ) ;
#3528 = FACE_OUTER_BOUND ( 'NONE', #3552, .T. ) ;
#3529 = ADVANCED_FACE ( 'NONE', ( #7737 ), #720, .T. ) ;
#3530 = CARTESIAN_POINT ( 'NONE',  ( 2.140000000000000100, 0.0000000000000000000, -16.51000000000000200 ) ) ;
#3531 = DIRECTION ( 'NONE',  ( 0.0000000000000000000, 0.0000000000000000000, -1.000000000000000000 ) ) ;
#3532 = SURFACE_STYLE_FILL_AREA ( #4649 ) ;
#3533 = STYLED_ITEM ( 'NONE', ( #8423 ), #4376 ) ;
#3534 = DIRECTION ( 'NONE',  ( 0.7071067811865477900, 0.0000000000000000000, -0.7071067811865473500 ) ) ;
#3535 = CARTESIAN_POINT ( 'NONE',  ( -2.540000000000000000, 1.700000000000000000, -13.60342105263158000 ) ) ;
#3536 = EDGE_LOOP ( 'NONE', ( #496, #1735, #159, #4914, #4457, #3259, #4429, #3425 ) ) ;
#3537 = LINE ( 'NONE', #4300, #6859 ) ;
#3538 = UNCERTAINTY_MEASURE_WITH_UNIT (LENGTH_MEASURE( 1.000000000000000100E-005 ), #316, 'distance_accuracy_value', 'NONE');
#3539 = DIRECTION ( 'NONE',  ( 1.000000000000000000, 0.0000000000000000000, 0.0000000000000000000 ) ) ;
#3540 =( LENGTH_UNIT ( ) NAMED_UNIT ( * ) SI_UNIT ( .MILLI., .METRE. ) );
#3541 = ORIENTED_EDGE ( 'NONE', *, *, #7486, .F. ) ;
#3542 = SURFACE_STYLE_USAGE ( .BOTH. , #7502 ) ;
#3543 =( NAMED_UNIT ( * ) SI_UNIT ( $, .STERADIAN. ) SOLID_ANGLE_UNIT ( ) );
#3544 = ORIENTED_EDGE ( 'NONE', *, *, #4535, .T. ) ;
#3545 = FACE_OUTER_BOUND ( 'NONE', #2413, .T. ) ;
#3546 = VECTOR ( 'NONE', #216, 999.9999999999998900 ) ;
#3547 = EDGE_CURVE ( 'NONE', #5136, #616, #2089, .T. ) ;
#3548 = EDGE_CURVE ( 'NONE', #3825, #2695, #321, .T. ) ;
#3549 = EDGE_LOOP ( 'NONE', ( #2566, #3513, #5036, #990 ) ) ;
#3550 = UNCERTAINTY_MEASURE_WITH_UNIT (LENGTH_MEASURE( 1.000000000000000100E-005 ), #6921, 'distance_accuracy_value', 'NONE');
#3551 = LINE ( 'NONE', #8443, #1757 ) ;
#3552 = EDGE_LOOP ( 'NONE', ( #5997, #1065, #64, #4910 ) ) ;
#3553 =( NAMED_UNIT ( * ) PLANE_ANGLE_UNIT ( ) SI_UNIT ( $, .RADIAN. ) );
#3554 = SURFACE_STYLE_USAGE ( .BOTH. , #7511 ) ;
#3555 = ORIENTED_EDGE ( 'NONE', *, *, #6076, .T. ) ;
#3556 =( NAMED_UNIT ( * ) SI_UNIT ( $, .STERADIAN. ) SOLID_ANGLE_UNIT ( ) );
#3557 = LINE ( 'NONE', #6549, #7086 ) ;
#3558 = CARTESIAN_POINT ( 'NONE',  ( 2.540000000000000900, 0.0000000000000000000, -13.57000000000000200 ) ) ;
#3559 = CARTESIAN_POINT ( 'NONE',  ( 2.140000000000000100, 1.700000000000000000, -1.270000000000000000 ) ) ;
#3560 = LINE ( 'NONE', #4070, #5348 ) ;
#3561 = VERTEX_POINT ( 'NONE', #2763 ) ;
#3562 = ORIENTED_EDGE ( 'NONE', *, *, #8257, .T. ) ;
#3563 = STYLED_ITEM ( 'NONE', ( #4746 ), #7867 ) ;
#3564 = FACE_OUTER_BOUND ( 'NONE', #4755, .T. ) ;
#3565 = CARTESIAN_POINT ( 'NONE',  ( -2.540000000000000000, 0.0000000000000000000, -0.9034210526315790100 ) ) ;
#3566 = FACE_OUTER_BOUND ( 'NONE', #8486, .T. ) ;
#3567 = MECHANICAL_DESIGN_GEOMETRIC_PRESENTATION_REPRESENTATION (  '', ( #2194 ), #4019 ) ;
#3568 = PLANE ( 'NONE',  #6375 ) ;
#3569 = FILL_AREA_STYLE ('',( #2885 ) ) ;
#3570 = VECTOR ( 'NONE', #539, 1000.000000000000000 ) ;
#3571 = ORIENTED_EDGE ( 'NONE', *, *, #6799, .F. ) ;
#3572 = CARTESIAN_POINT ( 'NONE',  ( -1.490000000000000000, -2.799999999999999400, -2.860000000000000300 ) ) ;
#3573 = CARTESIAN_POINT ( 'NONE',  ( -2.539999999999999600, 1.700000000000000000, 0.8365789473684214200 ) ) ;
#3574 = STYLED_ITEM ( 'NONE', ( #8227 ), #3719 ) ;
#3575 = VERTEX_POINT ( 'NONE', #8006 ) ;
#3576 = CARTESIAN_POINT ( 'NONE',  ( 1.050000000000000000, 11.70000000000000100, -0.3200000000000001200 ) ) ;
#3577 = SURFACE_SIDE_STYLE ('',( #7666 ) ) ;
#3578 = DIRECTION ( 'NONE',  ( 0.0000000000000000000, 0.0000000000000000000, 1.000000000000000000 ) ) ;
#3579 = ADVANCED_FACE ( 'NONE', ( #5475 ), #6115, .T. ) ;
#3580 = PRESENTATION_STYLE_ASSIGNMENT (( #4982 ) ) ;
#3581 = PRESENTATION_STYLE_ASSIGNMENT (( #2280 ) ) ;
#3582 = VERTEX_POINT ( 'NONE', #6786 ) ;
#3583 = FACE_OUTER_BOUND ( 'NONE', #1786, .T. ) ;
#3584 = ORIENTED_EDGE ( 'NONE', *, *, #4584, .F. ) ;
#3585 = SURFACE_SIDE_STYLE ('',( #3327 ) ) ;
#3586 = PRESENTATION_LAYER_ASSIGNMENT (  '', '', ( #2672 ) ) ;
#3587 = FILL_AREA_STYLE_COLOUR ( '', #5741 ) ;
#3588 =( NAMED_UNIT ( * ) PLANE_ANGLE_UNIT ( ) SI_UNIT ( $, .RADIAN. ) );
#3589 = EDGE_LOOP ( 'NONE', ( #6071, #5583, #435, #1974 ) ) ;
#3590 = ORIENTED_EDGE ( 'NONE', *, *, #4826, .T. ) ;
#3591 = VECTOR ( 'NONE', #2176, 999.9999999999998900 ) ;
#3592 = ORIENTED_EDGE ( 'NONE', *, *, #5846, .T. ) ;
#3593 = EDGE_CURVE ( 'NONE', #8295, #8404, #1271, .T. ) ;
#3594 =( NAMED_UNIT ( * ) PLANE_ANGLE_UNIT ( ) SI_UNIT ( $, .RADIAN. ) );
#3595 = LINE ( 'NONE', #7404, #3373 ) ;
#3596 = DIRECTION ( 'NONE',  ( 0.0000000000000000000, 1.000000000000000000, 0.0000000000000000000 ) ) ;
#3597 =( GEOMETRIC_REPRESENTATION_CONTEXT ( 3 ) GLOBAL_UNCERTAINTY_ASSIGNED_CONTEXT ( ( #913 ) ) GLOBAL_UNIT_ASSIGNED_CONTEXT ( ( #130, #4818, #814 ) ) REPRESENTATION_CONTEXT ( 'NONE', 'WORKASPACE' ) );
#3598 = VERTEX_POINT ( 'NONE', #101 ) ;
#3599 = DIRECTION ( 'NONE',  ( 0.0000000000000000000, 0.0000000000000000000, -1.000000000000000000 ) ) ;
#3600 = EDGE_CURVE ( 'NONE', #997, #923, #3058, .T. ) ;
#3601 = DIRECTION ( 'NONE',  ( 0.7372346670543746800, 0.0000000000000000000, -0.6756367705307528800 ) ) ;
#3602 = VERTEX_POINT ( 'NONE', #6172 ) ;
#3603 = CARTESIAN_POINT ( 'NONE',  ( 1.590000000000000100, -2.799999999999999400, -7.839999999999999900 ) ) ;
#3604 =( NAMED_UNIT ( * ) PLANE_ANGLE_UNIT ( ) SI_UNIT ( $, .RADIAN. ) );
#3605 = DIRECTION ( 'NONE',  ( 1.000000000000000000, 0.0000000000000000000, 1.232047923278982200E-016 ) ) ;
#3606 = PLANE ( 'NONE',  #3252 ) ;
#3607 = SURFACE_STYLE_USAGE ( .BOTH. , #7564 ) ;
#3608 = EDGE_CURVE ( 'NONE', #2841, #2666, #4629, .T. ) ;
#3609 = ORIENTED_EDGE ( 'NONE', *, *, #5589, .T. ) ;
#3610 = CARTESIAN_POINT ( 'NONE',  ( -1.590000000000000300, -2.799999999999999400, -9.940000000000001300 ) ) ;
#3611 =( LENGTH_UNIT ( ) NAMED_UNIT ( * ) SI_UNIT ( .MILLI., .METRE. ) );
#3612 = UNCERTAINTY_MEASURE_WITH_UNIT (LENGTH_MEASURE( 1.000000000000000100E-005 ), #157, 'distance_accuracy_value', 'NONE');
#3613 = CARTESIAN_POINT ( 'NONE',  ( -1.050000000000000000, -2.799999999999999400, 0.3199999999999999000 ) ) ;
#3614 = DIRECTION ( 'NONE',  ( -0.0000000000000000000, -1.000000000000000000, -0.0000000000000000000 ) ) ;
#3615 = DIRECTION ( 'NONE',  ( 0.7071067811865486800, 0.0000000000000000000, -0.7071067811865463500 ) ) ;
#3616 = PRESENTATION_LAYER_ASSIGNMENT (  '', '', ( #2705 ) ) ;
#3617 = ADVANCED_FACE ( 'NONE', ( #1076 ), #4197, .T. ) ;
#3618 = ORIENTED_EDGE ( 'NONE', *, *, #3095, .F. ) ;
#3619 = CARTESIAN_POINT ( 'NONE',  ( 1.490000000000000000, 11.70000000000000100, -0.3200000000000001200 ) ) ;
#3620 = DIRECTION ( 'NONE',  ( 0.0000000000000000000, -1.000000000000000000, 0.0000000000000000000 ) ) ;
#3621 = VERTEX_POINT ( 'NONE', #2834 ) ;
#3622 = STYLED_ITEM ( 'NONE', ( #6865 ), #3311 ) ;
#3623 = LINE ( 'NONE', #4372, #6948 ) ;
#3624 = VECTOR ( 'NONE', #6761, 1000.000000000000000 ) ;
#3625 = SURFACE_SIDE_STYLE ('',( #25 ) ) ;
#3626 = MECHANICAL_DESIGN_GEOMETRIC_PRESENTATION_REPRESENTATION (  '', ( #2249 ), #4075 ) ;
#3627 =( LENGTH_UNIT ( ) NAMED_UNIT ( * ) SI_UNIT ( .MILLI., .METRE. ) );
#3628 = ORIENTED_EDGE ( 'NONE', *, *, #1937, .T. ) ;
#3629 = ORIENTED_EDGE ( 'NONE', *, *, #2815, .T. ) ;
#3630 = PRESENTATION_LAYER_ASSIGNMENT (  '', '', ( #2721 ) ) ;
#3631 = CARTESIAN_POINT ( 'NONE',  ( -1.050000000000000000, -2.799999999999999400, -0.3200000000000000600 ) ) ;
#3632 = CARTESIAN_POINT ( 'NONE',  ( -1.490000000000000200, 11.70000000000000100, -14.92000000000000200 ) ) ;
#3633 =( LENGTH_UNIT ( ) NAMED_UNIT ( * ) SI_UNIT ( .MILLI., .METRE. ) );
#3634 = SURFACE_SIDE_STYLE ('',( #1282 ) ) ;
#3635 =( GEOMETRIC_REPRESENTATION_CONTEXT ( 3 ) GLOBAL_UNCERTAINTY_ASSIGNED_CONTEXT ( ( #1816 ) ) GLOBAL_UNIT_ASSIGNED_CONTEXT ( ( #6620, #2634, #7270 ) ) REPRESENTATION_CONTEXT ( 'NONE', 'WORKASPACE' ) );
#3636 = COLOUR_RGB ( '',0.02745098039215686200, 0.003921568627450980300, 0.0000000000000000000 ) ;
#3637 = ORIENTED_EDGE ( 'NONE', *, *, #1224, .F. ) ;
#3638 = CLOSED_SHELL ( 'NONE', ( #7218, #3218, #2376, #8200, #6746, #5295, #7746, #5627, #7985, #1078 ) ) ;
#3639 = EDGE_CURVE ( 'NONE', #3024, #1306, #7293, .T. ) ;
#3640 = DIRECTION ( 'NONE',  ( -1.000000000000000000, 0.0000000000000000000, 0.0000000000000000000 ) ) ;
#3641 = DIRECTION ( 'NONE',  ( -0.0000000000000000000, -1.000000000000000000, -0.0000000000000000000 ) ) ;
#3642 = DIRECTION ( 'NONE',  ( 0.0000000000000000000, 0.0000000000000000000, 1.000000000000000000 ) ) ;
#3643 = VECTOR ( 'NONE', #3310, 999.9999999999998900 ) ;
#3644 = ORIENTED_EDGE ( 'NONE', *, *, #7108, .F. ) ;
#3645 = LINE ( 'NONE', #8292, #5218 ) ;
#3646 = FILL_AREA_STYLE_COLOUR ( '', #4927 ) ;
#3647 = COLOUR_RGB ( '',0.7960784313725489700, 0.8235294117647058400, 0.9372549019607843100 ) ;
#3648 = EDGE_CURVE ( 'NONE', #5342, #7104, #5566, .T. ) ;
#3649 = ORIENTED_EDGE ( 'NONE', *, *, #2272, .F. ) ;
#3650 = PLANE ( 'NONE',  #3517 ) ;
#3651 = DIRECTION ( 'NONE',  ( 1.000000000000000000, 0.0000000000000000000, 0.0000000000000000000 ) ) ;
#3652 = ORIENTED_EDGE ( 'NONE', *, *, #8562, .T. ) ;
#3653 = STYLED_ITEM ( 'NONE', ( #5604 ), #1455 ) ;
#3654 = ORIENTED_EDGE ( 'NONE', *, *, #318, .T. ) ;
#3655 = LINE ( 'NONE', #2303, #3426 ) ;
#3656 = LINE ( 'NONE', #8408, #68 ) ;
#3657 = UNCERTAINTY_MEASURE_WITH_UNIT (LENGTH_MEASURE( 1.000000000000000100E-005 ), #6598, 'distance_accuracy_value', 'NONE');
#3658 = MECHANICAL_DESIGN_GEOMETRIC_PRESENTATION_REPRESENTATION (  '', ( #2286 ), #4109 ) ;
#3659 = FACE_OUTER_BOUND ( 'NONE', #1120, .T. ) ;
#3660 = ORIENTED_EDGE ( 'NONE', *, *, #3151, .T. ) ;
#3661 = DIRECTION ( 'NONE',  ( 0.0000000000000000000, 1.000000000000000000, 0.0000000000000000000 ) ) ;
#3662 = FILL_AREA_STYLE ('',( #6306 ) ) ;
#3663 = EDGE_LOOP ( 'NONE', ( #74, #1922, #7919, #7990 ) ) ;
#3664 = PRESENTATION_STYLE_ASSIGNMENT (( #1506 ) ) ;
#3665 = ORIENTED_EDGE ( 'NONE', *, *, #3322, .F. ) ;
#3666 =( LENGTH_UNIT ( ) NAMED_UNIT ( * ) SI_UNIT ( .MILLI., .METRE. ) );
#3667 =( NAMED_UNIT ( * ) PLANE_ANGLE_UNIT ( ) SI_UNIT ( $, .RADIAN. ) );
#3668 = EDGE_CURVE ( 'NONE', #7481, #1139, #2193, .T. ) ;
#3669 = CARTESIAN_POINT ( 'NONE',  ( -1.590000000000000300, 11.70000000000000100, -5.300000000000000700 ) ) ;
#3670 = UNCERTAINTY_MEASURE_WITH_UNIT (LENGTH_MEASURE( 1.000000000000000100E-005 ), #8541, 'distance_accuracy_value', 'NONE');
#3671 = DIRECTION ( 'NONE',  ( -1.000000000000000000, 0.0000000000000000000, -0.0000000000000000000 ) ) ;
#3672 = ADVANCED_FACE ( 'NONE', ( #3583 ), #6876, .T. ) ;
#3673 = ORIENTED_EDGE ( 'NONE', *, *, #7102, .F. ) ;
#3674 = VERTEX_POINT ( 'NONE', #4869 ) ;
#3675 = VECTOR ( 'NONE', #4465, 1000.000000000000000 ) ;
#3676 =( GEOMETRIC_REPRESENTATION_CONTEXT ( 3 ) GLOBAL_UNCERTAINTY_ASSIGNED_CONTEXT ( ( #6827 ) ) GLOBAL_UNIT_ASSIGNED_CONTEXT ( ( #5055, #1042, #5715 ) ) REPRESENTATION_CONTEXT ( 'NONE', 'WORKASPACE' ) );
#3677 = EDGE_CURVE ( 'NONE', #8473, #4327, #6497, .T. ) ;
#3678 = DIRECTION ( 'NONE',  ( -0.7071067811865469100, -0.0000000000000000000, 0.7071067811865482400 ) ) ;
#3679 = DIRECTION ( 'NONE',  ( 0.0000000000000000000, -1.000000000000000000, 0.0000000000000000000 ) ) ;
#3680 = FACE_OUTER_BOUND ( 'NONE', #7984, .T. ) ;
#3681 = CARTESIAN_POINT ( 'NONE',  ( 1.490000000000000000, -2.799999999999999400, -2.220000000000000200 ) ) ;
#3682 = FILL_AREA_STYLE ('',( #7627 ) ) ;
#3683 = CARTESIAN_POINT ( 'NONE',  ( 1.050000000000000000, -2.799999999999999400, -10.48000000000000200 ) ) ;
#3684 = ORIENTED_EDGE ( 'NONE', *, *, #1138, .F. ) ;
#3685 = VECTOR ( 'NONE', #1843, 999.9999999999998900 ) ;
#3686 = FILL_AREA_STYLE_COLOUR ( '', #6046 ) ;
#3687 = LINE ( 'NONE', #5145, #7187 ) ;
#3688 = MECHANICAL_DESIGN_GEOMETRIC_PRESENTATION_REPRESENTATION (  '', ( #2313 ), #4134 ) ;
#3689 = PLANE ( 'NONE',  #7977 ) ;
#3690 = PRESENTATION_STYLE_ASSIGNMENT (( #7040 ) ) ;
#3691 = VERTEX_POINT ( 'NONE', #8211 ) ;
#3692 =( LENGTH_UNIT ( ) NAMED_UNIT ( * ) SI_UNIT ( .MILLI., .METRE. ) );
#3693 =( GEOMETRIC_REPRESENTATION_CONTEXT ( 3 ) GLOBAL_UNCERTAINTY_ASSIGNED_CONTEXT ( ( #7473 ) ) GLOBAL_UNIT_ASSIGNED_CONTEXT ( ( #3137, #7776, #3824 ) ) REPRESENTATION_CONTEXT ( 'NONE', 'WORKASPACE' ) );
#3694 = CARTESIAN_POINT ( 'NONE',  ( 1.050000000000000000, 11.70000000000000100, -2.860000000000000300 ) ) ;
#3695 = PRESENTATION_LAYER_ASSIGNMENT (  '', '', ( #2766 ) ) ;
#3696 = VERTEX_POINT ( 'NONE', #237 ) ;
#3697 = ORIENTED_EDGE ( 'NONE', *, *, #5897, .F. ) ;
#3698 = SURFACE_STYLE_FILL_AREA ( #3875 ) ;
#3699 = ORIENTED_EDGE ( 'NONE', *, *, #446, .F. ) ;
#3700 =( LENGTH_UNIT ( ) NAMED_UNIT ( * ) SI_UNIT ( .MILLI., .METRE. ) );
#3701 = STYLED_ITEM ( 'NONE', ( #5005 ), #6163 ) ;
#3702 = FILL_AREA_STYLE_COLOUR ( '', #3170 ) ;
#3703 = VECTOR ( 'NONE', #7409, 1000.000000000000000 ) ;
#3704 = MECHANICAL_DESIGN_GEOMETRIC_PRESENTATION_REPRESENTATION (  '', ( #2324 ), #4148 ) ;
#3705 = EDGE_CURVE ( 'NONE', #4403, #6161, #4722, .T. ) ;
#3706 = FILL_AREA_STYLE_COLOUR ( '', #8162 ) ;
#3707 = VERTEX_POINT ( 'NONE', #4279 ) ;
#3708 = DIRECTION ( 'NONE',  ( 0.7372346670543746800, 0.0000000000000000000, -0.6756367705307528800 ) ) ;
#3709 = FILL_AREA_STYLE_COLOUR ( '', #5763 ) ;
#3710 = VECTOR ( 'NONE', #1772, 1000.000000000000000 ) ;
#3711 = ORIENTED_EDGE ( 'NONE', *, *, #1824, .F. ) ;
#3712 = STYLED_ITEM ( 'NONE', ( #7757 ), #7261 ) ;
#3713 =( NAMED_UNIT ( * ) SI_UNIT ( $, .STERADIAN. ) SOLID_ANGLE_UNIT ( ) );
#3714 = FILL_AREA_STYLE ('',( #3012 ) ) ;
#3715 = CARTESIAN_POINT ( 'NONE',  ( -2.540000000000000000, 0.0000000000000000000, -13.60342105263158000 ) ) ;
#3716 = PLANE ( 'NONE',  #5006 ) ;
#3717 = DIRECTION ( 'NONE',  ( -0.7071067811865489100, -0.0000000000000000000, -0.7071067811865461300 ) ) ;
#3718 = UNCERTAINTY_MEASURE_WITH_UNIT (LENGTH_MEASURE( 1.000000000000000100E-005 ), #6341, 'distance_accuracy_value', 'NONE');
#3719 = ADVANCED_FACE ( 'NONE', ( #8010 ), #2250, .F. ) ;
#3720 = PRESENTATION_LAYER_ASSIGNMENT (  '', '', ( #2802 ) ) ;
#3721 = DIRECTION ( 'NONE',  ( 0.7372346670543746800, 0.0000000000000000000, -0.6756367705307528800 ) ) ;
#3722 = CARTESIAN_POINT ( 'NONE',  ( -2.140000000000000600, 1.700000000000000000, -16.51000000000000200 ) ) ;
#3723 =( LENGTH_UNIT ( ) NAMED_UNIT ( * ) SI_UNIT ( .MILLI., .METRE. ) );
#3724 = AXIS2_PLACEMENT_3D ( 'NONE', #4728, #715, #5407 ) ;
#3725 = ORIENTED_EDGE ( 'NONE', *, *, #2919, .F. ) ;
#3726 =( NAMED_UNIT ( * ) SI_UNIT ( $, .STERADIAN. ) SOLID_ANGLE_UNIT ( ) );
#3727 = PRESENTATION_STYLE_ASSIGNMENT (( #3366 ) ) ;
#3728 = EDGE_CURVE ( 'NONE', #2195, #6100, #5667, .T. ) ;
#3729 = EDGE_LOOP ( 'NONE', ( #5736, #6467, #4696, #1978, #7165, #4183, #8114, #2922 ) ) ;
#3730 = ORIENTED_EDGE ( 'NONE', *, *, #6338, .F. ) ;
#3731 = CARTESIAN_POINT ( 'NONE',  ( 1.050000000000000000, 11.70000000000000100, -15.56000000000000000 ) ) ;
#3732 = CARTESIAN_POINT ( 'NONE',  ( -0.9499999999999999600, 11.70000000000000100, -0.2199999999999999700 ) ) ;
#3733 = PLANE ( 'NONE',  #6645 ) ;
#3734 = VECTOR ( 'NONE', #1771, 1000.000000000000100 ) ;
#3735 = ORIENTED_EDGE ( 'NONE', *, *, #6947, .F. ) ;
#3736 =( LENGTH_UNIT ( ) NAMED_UNIT ( * ) SI_UNIT ( .MILLI., .METRE. ) );
#3737 = CARTESIAN_POINT ( 'NONE',  ( 1.050000000000000000, 11.70000000000000100, -10.48000000000000200 ) ) ;
#3738 = FILL_AREA_STYLE ('',( #5713 ) ) ;
#3739 = ORIENTED_EDGE ( 'NONE', *, *, #2359, .F. ) ;
#3740 = EDGE_LOOP ( 'NONE', ( #6952, #2600, #4281, #4051 ) ) ;
#3741 =( LENGTH_UNIT ( ) NAMED_UNIT ( * ) SI_UNIT ( .MILLI., .METRE. ) );
#3742 = CARTESIAN_POINT ( 'NONE',  ( 1.490000000000000000, -2.799999999999999400, -12.38000000000000300 ) ) ;
#3743 = CARTESIAN_POINT ( 'NONE',  ( 2.140000000000001500, 1.700000000000000000, -11.43000000000000100 ) ) ;
#3744 = PRESENTATION_LAYER_ASSIGNMENT (  '', '', ( #2829 ) ) ;
#3745 = PRESENTATION_STYLE_ASSIGNMENT (( #7643 ) ) ;
#3746 = FACE_OUTER_BOUND ( 'NONE', #7701, .T. ) ;
#3747 = SURFACE_STYLE_FILL_AREA ( #3682 ) ;
#3748 =( NAMED_UNIT ( * ) SI_UNIT ( $, .STERADIAN. ) SOLID_ANGLE_UNIT ( ) );
#3749 = DIRECTION ( 'NONE',  ( 1.000000000000000000, 0.0000000000000000000, 0.0000000000000000000 ) ) ;
#3750 = DIRECTION ( 'NONE',  ( 0.0000000000000000000, 0.0000000000000000000, 1.000000000000000000 ) ) ;
#3751 = CARTESIAN_POINT ( 'NONE',  ( -1.490000000000000000, 11.70000000000000100, -2.860000000000000300 ) ) ;
#3752 = LINE ( 'NONE', #7731, #374 ) ;
#3753 = ORIENTED_EDGE ( 'NONE', *, *, #6210, .T. ) ;
#3754 = ORIENTED_EDGE ( 'NONE', *, *, #3547, .F. ) ;
#3755 =( GEOMETRIC_REPRESENTATION_CONTEXT ( 3 ) GLOBAL_UNCERTAINTY_ASSIGNED_CONTEXT ( ( #645 ) ) GLOBAL_UNIT_ASSIGNED_CONTEXT ( ( #4264, #220, #4911 ) ) REPRESENTATION_CONTEXT ( 'NONE', 'WORKASPACE' ) );
#3756 = FACE_OUTER_BOUND ( 'NONE', #1230, .T. ) ;
#3757 = FILL_AREA_STYLE_COLOUR ( '', #972 ) ;
#3758 = ORIENTED_EDGE ( 'NONE', *, *, #794, .F. ) ;
#3759 = ADVANCED_FACE ( 'NONE', ( #2078 ), #7611, .T. ) ;
#3760 = AXIS2_PLACEMENT_3D ( 'NONE', #244, #4942, #935 ) ;
#3761 = LINE ( 'NONE', #3880, #4389 ) ;
#3762 = ORIENTED_EDGE ( 'NONE', *, *, #2728, .F. ) ;
#3763 = CARTESIAN_POINT ( 'NONE',  ( -2.540000000000000000, 1.700000000000000000, -3.443421052631578900 ) ) ;
#3764 = VERTEX_POINT ( 'NONE', #6277 ) ;
#3765 = DIRECTION ( 'NONE',  ( 0.0000000000000000000, -1.000000000000000000, 0.0000000000000000000 ) ) ;
#3766 = EDGE_CURVE ( 'NONE', #616, #6658, #3257, .T. ) ;
#3767 = LINE ( 'NONE', #8216, #3546 ) ;
#3768 =( NAMED_UNIT ( * ) SI_UNIT ( $, .STERADIAN. ) SOLID_ANGLE_UNIT ( ) );
#3769 = AXIS2_PLACEMENT_3D ( 'NONE', #6644, #2659, #7296 ) ;
#3770 = ORIENTED_EDGE ( 'NONE', *, *, #3401, .F. ) ;
#3771 = ORIENTED_EDGE ( 'NONE', *, *, #5113, .T. ) ;
#3772 = FILL_AREA_STYLE ('',( #2411 ) ) ;
#3773 = ORIENTED_EDGE ( 'NONE', *, *, #4938, .F. ) ;
#3774 =( NAMED_UNIT ( * ) PLANE_ANGLE_UNIT ( ) SI_UNIT ( $, .RADIAN. ) );
#3775 = DIRECTION ( 'NONE',  ( 1.000000000000000000, 0.0000000000000000000, 0.0000000000000000000 ) ) ;
#3776 = CARTESIAN_POINT ( 'NONE',  ( 1.490000000000000000, -2.799999999999999400, -4.760000000000000700 ) ) ;
#3777 = STYLED_ITEM ( 'NONE', ( #1672 ), #4974 ) ;
#3778 = SURFACE_STYLE_USAGE ( .BOTH. , #7740 ) ;
#3779 = VECTOR ( 'NONE', #8021, 1000.000000000000000 ) ;
#3780 = ORIENTED_EDGE ( 'NONE', *, *, #7037, .T. ) ;
#3781 = UNCERTAINTY_MEASURE_WITH_UNIT (LENGTH_MEASURE( 1.000000000000000100E-005 ), #8098, 'distance_accuracy_value', 'NONE');
#3782 = VERTEX_POINT ( 'NONE', #7644 ) ;
#3783 = LINE ( 'NONE', #5396, #1964 ) ;
#3784 = SURFACE_STYLE_FILL_AREA ( #7849 ) ;
#3785 =( LENGTH_UNIT ( ) NAMED_UNIT ( * ) SI_UNIT ( .MILLI., .METRE. ) );
#3786 = CARTESIAN_POINT ( 'NONE',  ( 0.9499999999999999600, -2.799999999999999400, -15.45999999999999900 ) ) ;
#3787 = LINE ( 'NONE', #2525, #7283 ) ;
#3788 = ORIENTED_EDGE ( 'NONE', *, *, #8185, .F. ) ;
#3789 = VECTOR ( 'NONE', #6417, 1000.000000000000000 ) ;
#3790 = AXIS2_PLACEMENT_3D ( 'NONE', #4723, #707, #5402 ) ;
#3791 = FACE_OUTER_BOUND ( 'NONE', #8294, .T. ) ;
#3792 = EDGE_CURVE ( 'NONE', #1846, #772, #5047, .T. ) ;
#3793 = DIRECTION ( 'NONE',  ( 0.0000000000000000000, -0.0000000000000000000, 1.000000000000000000 ) ) ;
#3794 = CARTESIAN_POINT ( 'NONE',  ( 1.490000000000000000, -2.799999999999999400, -0.3200000000000001200 ) ) ;
#3795 = DIRECTION ( 'NONE',  ( -0.7071067811865481300, 0.0000000000000000000, -0.7071067811865470200 ) ) ;
#3796 = SURFACE_STYLE_USAGE ( .BOTH. , #7754 ) ;
#3797 = CARTESIAN_POINT ( 'NONE',  ( 1.050000000000000000, -2.799999999999999400, -9.840000000000001600 ) ) ;
#3798 = CARTESIAN_POINT ( 'NONE',  ( -0.9499999999999999600, -2.799999999999999400, -12.92000000000000200 ) ) ;
#3799 = EDGE_LOOP ( 'NONE', ( #2703, #4665, #8083, #6964 ) ) ;
#3800 = SURFACE_STYLE_FILL_AREA ( #3569 ) ;
#3801 = VECTOR ( 'NONE', #3078, 1000.000000000000000 ) ;
#3802 = ADVANCED_FACE ( 'NONE', ( #4816 ), #326, .T. ) ;
#3803 = PRESENTATION_LAYER_ASSIGNMENT (  '', '', ( #2884 ) ) ;
#3804 = CARTESIAN_POINT ( 'NONE',  ( 2.540000000000000900, 1.700000000000000000, -14.37000000000000100 ) ) ;
#3805 = CARTESIAN_POINT ( 'NONE',  ( 1.050000000000000000, -2.799999999999999400, -12.38000000000000300 ) ) ;
#3806 = SURFACE_STYLE_FILL_AREA ( #4089 ) ;
#3807 = CARTESIAN_POINT ( 'NONE',  ( 2.140000000000001500, 1.700000000000000000, -6.349999999999999600 ) ) ;
#3808 = AXIS2_PLACEMENT_3D ( 'NONE', #3858, #8465, #4529 ) ;
#3809 = ORIENTED_EDGE ( 'NONE', *, *, #6917, .T. ) ;
#3810 = FILL_AREA_STYLE_COLOUR ( '', #8000 ) ;
#3811 = ORIENTED_EDGE ( 'NONE', *, *, #3423, .T. ) ;
#3812 = MECHANICAL_DESIGN_GEOMETRIC_PRESENTATION_REPRESENTATION (  '', ( #2444 ), #4266 ) ;
#3813 = EDGE_CURVE ( 'NONE', #7032, #6194, #4218, .T. ) ;
#3814 = EDGE_CURVE ( 'NONE', #7508, #1007, #628, .T. ) ;
#3815 = CARTESIAN_POINT ( 'NONE',  ( 1.590000000000000100, -2.799999999999999400, -7.400000000000000400 ) ) ;
#3816 = DIRECTION ( 'NONE',  ( 0.7071067811865474600, 0.0000000000000000000, 0.7071067811865474600 ) ) ;
#3817 = DIRECTION ( 'NONE',  ( -0.7071067811865482400, 0.0000000000000000000, -0.7071067811865469100 ) ) ;
#3818 = EDGE_LOOP ( 'NONE', ( #3371, #7264, #2772, #1278 ) ) ;
#3819 = FILL_AREA_STYLE ('',( #1778 ) ) ;
#3820 =( GEOMETRIC_REPRESENTATION_CONTEXT ( 3 ) GLOBAL_UNCERTAINTY_ASSIGNED_CONTEXT ( ( #808 ) ) GLOBAL_UNIT_ASSIGNED_CONTEXT ( ( #5524, #1501, #6195 ) ) REPRESENTATION_CONTEXT ( 'NONE', 'WORKASPACE' ) );
#3821 =( NAMED_UNIT ( * ) SI_UNIT ( $, .STERADIAN. ) SOLID_ANGLE_UNIT ( ) );
#3822 =( NAMED_UNIT ( * ) SI_UNIT ( $, .STERADIAN. ) SOLID_ANGLE_UNIT ( ) );
#3823 = CARTESIAN_POINT ( 'NONE',  ( 1.490000000000000000, -2.799999999999999400, -14.92000000000000200 ) ) ;
#3824 =( NAMED_UNIT ( * ) SI_UNIT ( $, .STERADIAN. ) SOLID_ANGLE_UNIT ( ) );
#3825 = VERTEX_POINT ( 'NONE', #3064 ) ;
#3826 = UNCERTAINTY_MEASURE_WITH_UNIT (LENGTH_MEASURE( 1.000000000000000100E-005 ), #753, 'distance_accuracy_value', 'NONE');
#3827 = PRESENTATION_LAYER_ASSIGNMENT (  '', '', ( #2908 ) ) ;
#3828 =( NAMED_UNIT ( * ) PLANE_ANGLE_UNIT ( ) SI_UNIT ( $, .RADIAN. ) );
#3829 = CARTESIAN_POINT ( 'NONE',  ( -2.140000000000000600, 1.700000000000000000, -16.51000000000000200 ) ) ;
#3830 = DIRECTION ( 'NONE',  ( -0.7071067811865464600, 0.0000000000000000000, 0.7071067811865486800 ) ) ;
#3831 =( NAMED_UNIT ( * ) PLANE_ANGLE_UNIT ( ) SI_UNIT ( $, .RADIAN. ) );
#3832 = ORIENTED_EDGE ( 'NONE', *, *, #3268, .F. ) ;
#3833 = EDGE_CURVE ( 'NONE', #5949, #1541, #2180, .T. ) ;
#3834 = EDGE_CURVE ( 'NONE', #772, #6973, #4000, .T. ) ;
#3835 = COLOUR_RGB ( '',0.0000000000000000000, 0.003921568627450980300, 0.09019607843137254800 ) ;
#3836 = MECHANICAL_DESIGN_GEOMETRIC_PRESENTATION_REPRESENTATION (  '', ( #2476 ), #4291 ) ;
#3837 = EDGE_CURVE ( 'NONE', #3317, #7733, #7286, .T. ) ;
#3838 = VECTOR ( 'NONE', #4710, 999.9999999999998900 ) ;
#3839 = CARTESIAN_POINT ( 'NONE',  ( -1.590000000000000300, -2.799999999999999400, -5.300000000000000700 ) ) ;
#3840 = ADVANCED_FACE ( 'NONE', ( #7496 ), #7072, .F. ) ;
#3841 = LINE ( 'NONE', #7058, #7137 ) ;
#3842 = ORIENTED_EDGE ( 'NONE', *, *, #6478, .T. ) ;
#3843 = PRESENTATION_STYLE_ASSIGNMENT (( #3871 ) ) ;
#3844 = CARTESIAN_POINT ( 'NONE',  ( -0.9499999999999999600, -2.799999999999999400, -5.299999999999999800 ) ) ;
#3845 = CARTESIAN_POINT ( 'NONE',  ( 2.140000000000000100, 0.0000000000000000000, -1.270000000000000000 ) ) ;
#3846 = DIRECTION ( 'NONE',  ( -0.7071067811865489100, 0.0000000000000000000, 0.7071067811865462400 ) ) ;
#3847 = LINE ( 'NONE', #4521, #7344 ) ;
#3848 = PRESENTATION_LAYER_ASSIGNMENT (  '', '', ( #2941 ) ) ;
#3849 = ORIENTED_EDGE ( 'NONE', *, *, #6657, .F. ) ;
#3850 = DIRECTION ( 'NONE',  ( 1.000000000000000000, 0.0000000000000000000, -0.0000000000000000000 ) ) ;
#3851 = DIRECTION ( 'NONE',  ( 0.7071067811865473500, -0.0000000000000000000, 0.7071067811865477900 ) ) ;
#3852 = SURFACE_SIDE_STYLE ('',( #4587 ) ) ;
#3853 = MECHANICAL_DESIGN_GEOMETRIC_PRESENTATION_REPRESENTATION (  '', ( #2490 ), #4311 ) ;
#3854 = PRESENTATION_STYLE_ASSIGNMENT (( #2740 ) ) ;
#3855 = ORIENTED_EDGE ( 'NONE', *, *, #7308, .T. ) ;
#3856 = FACE_OUTER_BOUND ( 'NONE', #2065, .T. ) ;
#3857 = FILL_AREA_STYLE ('',( #1871 ) ) ;
#3858 = CARTESIAN_POINT ( 'NONE',  ( -1.590000000000000300, -2.799999999999999400, -9.940000000000001300 ) ) ;
#3859 = PRESENTATION_LAYER_ASSIGNMENT (  '', '', ( #2956 ) ) ;
#3860 = SURFACE_STYLE_USAGE ( .BOTH. , #7810 ) ;
#3861 = ORIENTED_EDGE ( 'NONE', *, *, #2475, .F. ) ;
#3862 = CARTESIAN_POINT ( 'NONE',  ( -1.490000000000000000, -2.799999999999999400, -0.3200000000000001200 ) ) ;
#3863 = EDGE_CURVE ( 'NONE', #7314, #5770, #3145, .T. ) ;
#3864 = VERTEX_POINT ( 'NONE', #6444 ) ;
#3865 = UNCERTAINTY_MEASURE_WITH_UNIT (LENGTH_MEASURE( 1.000000000000000100E-005 ), #7551, 'distance_accuracy_value', 'NONE');
#3866 =( NAMED_UNIT ( * ) SI_UNIT ( $, .STERADIAN. ) SOLID_ANGLE_UNIT ( ) );
#3867 = LINE ( 'NONE', #3227, #7365 ) ;
#3868 =( GEOMETRIC_REPRESENTATION_CONTEXT ( 3 ) GLOBAL_UNCERTAINTY_ASSIGNED_CONTEXT ( ( #7637 ) ) GLOBAL_UNIT_ASSIGNED_CONTEXT ( ( #7345, #3385, #8005 ) ) REPRESENTATION_CONTEXT ( 'NONE', 'WORKASPACE' ) );
#3869 = ORIENTED_EDGE ( 'NONE', *, *, #3045, .F. ) ;
#3870 = ORIENTED_EDGE ( 'NONE', *, *, #6126, .F. ) ;
#3871 = SURFACE_STYLE_USAGE ( .BOTH. , #7822 ) ;
#3872 = FILL_AREA_STYLE ('',( #6376 ) ) ;
#3873 = CARTESIAN_POINT ( 'NONE',  ( 2.540000000000000900, 0.0000000000000000000, -4.210000000000000000 ) ) ;
#3874 = COLOUR_RGB ( '',0.7960784313725489700, 0.8235294117647058400, 0.9372549019607843100 ) ;
#3875 = FILL_AREA_STYLE ('',( #3185 ) ) ;
#3876 = FILL_AREA_STYLE ('',( #3186 ) ) ;
#3877 = ORIENTED_EDGE ( 'NONE', *, *, #6509, .T. ) ;
#3878 = ORIENTED_EDGE ( 'NONE', *, *, #2272, .T. ) ;
#3879 =( LENGTH_UNIT ( ) NAMED_UNIT ( * ) SI_UNIT ( .MILLI., .METRE. ) );
#3880 = CARTESIAN_POINT ( 'NONE',  ( 0.9499999999999999600, -2.799999999999999400, -15.45999999999999900 ) ) ;
#3881 = COLOUR_RGB ( '',0.7960784313725489700, 0.8235294117647058400, 0.9372549019607843100 ) ;
#3882 = ORIENTED_EDGE ( 'NONE', *, *, #2578, .T. ) ;
#3883 = ORIENTED_EDGE ( 'NONE', *, *, #8225, .T. ) ;
#3884 = STYLED_ITEM ( 'NONE', ( #8244 ), #1973 ) ;
#3885 = SURFACE_SIDE_STYLE ('',( #3143 ) ) ;
#3886 = UNCERTAINTY_MEASURE_WITH_UNIT (LENGTH_MEASURE( 1.000000000000000100E-005 ), #6050, 'distance_accuracy_value', 'NONE');
#3887 = VERTEX_POINT ( 'NONE', #2420 ) ;
#3888 = SURFACE_STYLE_USAGE ( .BOTH. , #7837 ) ;
#3889 = DIRECTION ( 'NONE',  ( 0.0000000000000000000, 1.000000000000000000, 0.0000000000000000000 ) ) ;
#3890 = LINE ( 'NONE', #8469, #7185 ) ;
#3891 = EDGE_LOOP ( 'NONE', ( #2351, #5784, #6225, #3877 ) ) ;
#3892 = SURFACE_STYLE_USAGE ( .BOTH. , #7840 ) ;
#3893 = EDGE_CURVE ( 'NONE', #3602, #1092, #8215, .T. ) ;
#3894 = VECTOR ( 'NONE', #4390, 1000.000000000000000 ) ;
#3895 = ORIENTED_EDGE ( 'NONE', *, *, #5113, .F. ) ;
#3896 = COLOUR_RGB ( '',0.7960784313725489700, 0.8235294117647058400, 0.9372549019607843100 ) ;
#3897 = ORIENTED_EDGE ( 'NONE', *, *, #7722, .F. ) ;
#3898 = SURFACE_STYLE_USAGE ( .BOTH. , #7843 ) ;
#3899 = VECTOR ( 'NONE', #7156, 1000.000000000000100 ) ;
#3900 = CARTESIAN_POINT ( 'NONE',  ( -2.539999999999999600, 1.700000000000000000, -1.703421052631578900 ) ) ;
#3901 =( GEOMETRIC_REPRESENTATION_CONTEXT ( 3 ) GLOBAL_UNCERTAINTY_ASSIGNED_CONTEXT ( ( #2764 ) ) GLOBAL_UNIT_ASSIGNED_CONTEXT ( ( #2373, #7039, #3056 ) ) REPRESENTATION_CONTEXT ( 'NONE', 'WORKASPACE' ) );
#3902 = VECTOR ( 'NONE', #5450, 999.9999999999998900 ) ;
#3903 = SURFACE_SIDE_STYLE ('',( #3784 ) ) ;
#3904 = CARTESIAN_POINT ( 'NONE',  ( -1.590000000000000300, 11.70000000000000100, -10.38000000000000100 ) ) ;
#3905 = CARTESIAN_POINT ( 'NONE',  ( -1.590000000000000300, -2.799999999999999400, -0.2200000000000002500 ) ) ;
#3906 = CARTESIAN_POINT ( 'NONE',  ( -1.590000000000000300, -2.799999999999999400, -2.760000000000000200 ) ) ;
#3907 = CARTESIAN_POINT ( 'NONE',  ( 1.050000000000000000, -2.799999999999999400, -15.56000000000000000 ) ) ;
#3908 = PRESENTATION_LAYER_ASSIGNMENT (  '', '', ( #2995 ) ) ;
#3909 = MECHANICAL_DESIGN_GEOMETRIC_PRESENTATION_REPRESENTATION (  '', ( #2543 ), #4367 ) ;
#3910 =( LENGTH_UNIT ( ) NAMED_UNIT ( * ) SI_UNIT ( .MILLI., .METRE. ) );
#3911 = CARTESIAN_POINT ( 'NONE',  ( -1.590000000000000300, 11.70000000000000100, -7.839999999999999900 ) ) ;
#3912 = CARTESIAN_POINT ( 'NONE',  ( -2.140000000000000600, 1.700000000000000000, -11.43000000000000100 ) ) ;
#3913 =( GEOMETRIC_REPRESENTATION_CONTEXT ( 3 ) GLOBAL_UNCERTAINTY_ASSIGNED_CONTEXT ( ( #8239 ) ) GLOBAL_UNIT_ASSIGNED_CONTEXT ( ( #3495, #8108, #4180 ) ) REPRESENTATION_CONTEXT ( 'NONE', 'WORKASPACE' ) );
#3914 = LINE ( 'NONE', #4644, #2101 ) ;
#3915 =( NAMED_UNIT ( * ) SI_UNIT ( $, .STERADIAN. ) SOLID_ANGLE_UNIT ( ) );
#3916 = AXIS2_PLACEMENT_3D ( 'NONE', #2051, #6735, #2748 ) ;
#3917 = STYLED_ITEM ( 'NONE', ( #2770 ), #6709 ) ;
#3918 = PRESENTATION_STYLE_ASSIGNMENT (( #6578 ) ) ;
#3919 = ORIENTED_EDGE ( 'NONE', *, *, #1520, .F. ) ;
#3920 = SURFACE_STYLE_USAGE ( .BOTH. , #7871 ) ;
#3921 = SURFACE_SIDE_STYLE ('',( #6971 ) ) ;
#3922 = EDGE_CURVE ( 'NONE', #6704, #3696, #6484, .T. ) ;
#3923 =( GEOMETRIC_REPRESENTATION_CONTEXT ( 3 ) GLOBAL_UNCERTAINTY_ASSIGNED_CONTEXT ( ( #1081 ) ) GLOBAL_UNIT_ASSIGNED_CONTEXT ( ( #524, #5223, #1200 ) ) REPRESENTATION_CONTEXT ( 'NONE', 'WORKASPACE' ) );
#3924 = FILL_AREA_STYLE_COLOUR ( '', #5031 ) ;
#3925 = LINE ( 'NONE', #3332, #7433 ) ;
#3926 = CARTESIAN_POINT ( 'NONE',  ( -2.140000000000000600, 0.0000000000000000000, -6.350000000000000500 ) ) ;
#3927 = FILL_AREA_STYLE_COLOUR ( '', #2224 ) ;
#3928 = VERTEX_POINT ( 'NONE', #5820 ) ;
#3929 = PRESENTATION_STYLE_ASSIGNMENT (( #7465 ) ) ;
#3930 = UNCERTAINTY_MEASURE_WITH_UNIT (LENGTH_MEASURE( 1.000000000000000100E-005 ), #4097, 'distance_accuracy_value', 'NONE');
#3931 = CARTESIAN_POINT ( 'NONE',  ( -1.050000000000000000, -2.799999999999999400, -4.760000000000000700 ) ) ;
#3932 =( NAMED_UNIT ( * ) PLANE_ANGLE_UNIT ( ) SI_UNIT ( $, .RADIAN. ) );
#3933 = ADVANCED_FACE ( 'NONE', ( #6280 ), #2470, .T. ) ;
#3934 = COLOUR_RGB ( '',0.02745098039215686200, 0.003921568627450980300, 0.0000000000000000000 ) ;
#3935 = ORIENTED_EDGE ( 'NONE', *, *, #5793, .F. ) ;
#3936 = SURFACE_STYLE_FILL_AREA ( #2865 ) ;
#3937 = EDGE_LOOP ( 'NONE', ( #6053, #6768, #573, #5345 ) ) ;
#3938 = ORIENTED_EDGE ( 'NONE', *, *, #2699, .T. ) ;
#3939 = VECTOR ( 'NONE', #8569, 1000.000000000000000 ) ;
#3940 = FILL_AREA_STYLE_COLOUR ( '', #8322 ) ;
#3941 = CARTESIAN_POINT ( 'NONE',  ( -0.9499999999999999600, -2.799999999999999400, -10.38000000000000100 ) ) ;
#3942 = SURFACE_STYLE_FILL_AREA ( #6997 ) ;
#3943 =( NAMED_UNIT ( * ) PLANE_ANGLE_UNIT ( ) SI_UNIT ( $, .RADIAN. ) );
#3944 = EDGE_CURVE ( 'NONE', #4749, #1712, #1170, .T. ) ;
#3945 = LINE ( 'NONE', #2965, #7243 ) ;
#3946 = EDGE_LOOP ( 'NONE', ( #4610, #4223, #77, #1770, #901, #4187, #3649, #3159 ) ) ;
#3947 = VECTOR ( 'NONE', #5645, 1000.000000000000000 ) ;
#3948 = STYLED_ITEM ( 'NONE', ( #6079 ), #712 ) ;
#3949 = EDGE_CURVE ( 'NONE', #3977, #6564, #5662, .T. ) ;
#3950 = DIRECTION ( 'NONE',  ( 0.0000000000000000000, 1.000000000000000000, 0.0000000000000000000 ) ) ;
#3951 = VECTOR ( 'NONE', #7354, 999.9999999999998900 ) ;
#3952 = ORIENTED_EDGE ( 'NONE', *, *, #2681, .F. ) ;
#3953 = LINE ( 'NONE', #6409, #1934 ) ;
#3954 = FILL_AREA_STYLE_COLOUR ( '', #5714 ) ;
#3955 = DIRECTION ( 'NONE',  ( -0.7071067811865489100, -0.0000000000000000000, -0.7071067811865461300 ) ) ;
#3956 = VERTEX_POINT ( 'NONE', #3862 ) ;
#3957 = DIRECTION ( 'NONE',  ( 1.000000000000000000, 0.0000000000000000000, 0.0000000000000000000 ) ) ;
#3958 =( NAMED_UNIT ( * ) SI_UNIT ( $, .STERADIAN. ) SOLID_ANGLE_UNIT ( ) );
#3959 = DIRECTION ( 'NONE',  ( -0.7071067811865461300, 0.0000000000000000000, 0.7071067811865489100 ) ) ;
#3960 = ORIENTED_EDGE ( 'NONE', *, *, #1409, .F. ) ;
#3961 = DIRECTION ( 'NONE',  ( 0.7071067811865486800, 0.0000000000000000000, -0.7071067811865463500 ) ) ;
#3962 = CARTESIAN_POINT ( 'NONE',  ( -1.490000000000000200, -2.799999999999999400, -2.220000000000000200 ) ) ;
#3963 = CARTESIAN_POINT ( 'NONE',  ( -0.9499999999999999600, -2.799999999999999400, 0.2200000000000000800 ) ) ;
#3964 =( GEOMETRIC_REPRESENTATION_CONTEXT ( 3 ) GLOBAL_UNCERTAINTY_ASSIGNED_CONTEXT ( ( #1381 ) ) GLOBAL_UNIT_ASSIGNED_CONTEXT ( ( #6389, #2379, #7042 ) ) REPRESENTATION_CONTEXT ( 'NONE', 'WORKASPACE' ) );
#3965 = ORIENTED_EDGE ( 'NONE', *, *, #794, .T. ) ;
#3966 =( NAMED_UNIT ( * ) PLANE_ANGLE_UNIT ( ) SI_UNIT ( $, .RADIAN. ) );
#3967 = PRESENTATION_STYLE_ASSIGNMENT (( #1625 ) ) ;
#3968 = ORIENTED_EDGE ( 'NONE', *, *, #4854, .F. ) ;
#3969 = PRESENTATION_LAYER_ASSIGNMENT (  '', '', ( #3065 ) ) ;
#3970 = DIRECTION ( 'NONE',  ( -0.0000000000000000000, -0.0000000000000000000, -1.000000000000000000 ) ) ;
#3971 = FILL_AREA_STYLE ('',( #5267 ) ) ;
#3972 = ORIENTED_EDGE ( 'NONE', *, *, #359, .F. ) ;
#3973 = EDGE_CURVE ( 'NONE', #1522, #7065, #3890, .T. ) ;
#3974 = CARTESIAN_POINT ( 'NONE',  ( -2.539999999999999600, 1.700000000000000000, -1.703421052631578900 ) ) ;
#3975 = EDGE_CURVE ( 'NONE', #1511, #1106, #299, .T. ) ;
#3976 = LINE ( 'NONE', #2939, #388 ) ;
#3977 = VERTEX_POINT ( 'NONE', #7142 ) ;
#3978 = FACE_OUTER_BOUND ( 'NONE', #5918, .T. ) ;
#3979 = VERTEX_POINT ( 'NONE', #5870 ) ;
#3980 = ADVANCED_FACE ( 'NONE', ( #7000 ), #7173, .T. ) ;
#3981 = CARTESIAN_POINT ( 'NONE',  ( 0.9499999999999999600, 11.70000000000000100, 0.2200000000000000600 ) ) ;
#3982 =( NAMED_UNIT ( * ) PLANE_ANGLE_UNIT ( ) SI_UNIT ( $, .RADIAN. ) );
#3983 = MECHANICAL_DESIGN_GEOMETRIC_PRESENTATION_REPRESENTATION (  '', ( #2623 ), #4445 ) ;
#3984 = LINE ( 'NONE', #7362, #3779 ) ;
#3985 = VERTEX_POINT ( 'NONE', #1214 ) ;
#3986 = FACE_OUTER_BOUND ( 'NONE', #3549, .T. ) ;
#3987 = ORIENTED_EDGE ( 'NONE', *, *, #1852, .T. ) ;
#3988 = DIRECTION ( 'NONE',  ( 0.0000000000000000000, 0.0000000000000000000, -1.000000000000000000 ) ) ;
#3989 = CARTESIAN_POINT ( 'NONE',  ( -2.539999999999999600, 1.700000000000000000, -11.86342105263158000 ) ) ;
#3990 = PRESENTATION_STYLE_ASSIGNMENT (( #5045 ) ) ;
#3991 = CARTESIAN_POINT ( 'NONE',  ( 1.490000000000000000, 11.70000000000000100, -2.860000000000000300 ) ) ;
#3992 = DIRECTION ( 'NONE',  ( 0.0000000000000000000, 1.000000000000000000, 0.0000000000000000000 ) ) ;
#3993 = AXIS2_PLACEMENT_3D ( 'NONE', #7029, #3038, #7687 ) ;
#3994 = STYLED_ITEM ( 'NONE', ( #536 ), #346 ) ;
#3995 = DIRECTION ( 'NONE',  ( 0.7071067811865463500, -0.0000000000000000000, 0.7071067811865487900 ) ) ;
#3996 = CARTESIAN_POINT ( 'NONE',  ( 1.490000000000000000, -2.799999999999999400, -9.840000000000001600 ) ) ;
#3997 = UNCERTAINTY_MEASURE_WITH_UNIT (LENGTH_MEASURE( 1.000000000000000100E-005 ), #4594, 'distance_accuracy_value', 'NONE');
#3998 = SURFACE_STYLE_FILL_AREA ( #7067 ) ;
#3999 = ORIENTED_EDGE ( 'NONE', *, *, #3705, .T. ) ;
#4000 = LINE ( 'NONE', #3751, #2416 ) ;
#4001 = LINE ( 'NONE', #5509, #5558 ) ;
#4002 = VECTOR ( 'NONE', #1255, 1000.000000000000000 ) ;
#4003 = ORIENTED_EDGE ( 'NONE', *, *, #6612, .F. ) ;
#4004 = EDGE_CURVE ( 'NONE', #2564, #3691, #94, .T. ) ;
#4005 = CARTESIAN_POINT ( 'NONE',  ( 0.9499999999999999600, -2.799999999999999400, -2.319999999999999800 ) ) ;
#4006 = CARTESIAN_POINT ( 'NONE',  ( 1.490000000000000000, -2.799999999999999400, -10.48000000000000200 ) ) ;
#4007 = ORIENTED_EDGE ( 'NONE', *, *, #966, .F. ) ;
#4008 =( LENGTH_UNIT ( ) NAMED_UNIT ( * ) SI_UNIT ( .MILLI., .METRE. ) );
#4009 = EDGE_CURVE ( 'NONE', #3434, #8574, #8104, .T. ) ;
#4010 = EDGE_CURVE ( 'NONE', #1862, #3244, #1253, .T. ) ;
#4011 = ORIENTED_EDGE ( 'NONE', *, *, #914, .F. ) ;
#4012 = FILL_AREA_STYLE_COLOUR ( '', #6604 ) ;
#4013 = SURFACE_SIDE_STYLE ('',( #2271 ) ) ;
#4014 = UNCERTAINTY_MEASURE_WITH_UNIT (LENGTH_MEASURE( 1.000000000000000100E-005 ), #4008, 'distance_accuracy_value', 'NONE');
#4015 =( NAMED_UNIT ( * ) PLANE_ANGLE_UNIT ( ) SI_UNIT ( $, .RADIAN. ) );
#4016 = AXIS2_PLACEMENT_3D ( 'NONE', #7783, #3830, #8445 ) ;
#4017 = FILL_AREA_STYLE_COLOUR ( '', #5322 ) ;
#4018 = STYLED_ITEM ( 'NONE', ( #8198 ), #5215 ) ;
#4019 =( GEOMETRIC_REPRESENTATION_CONTEXT ( 3 ) GLOBAL_UNCERTAINTY_ASSIGNED_CONTEXT ( ( #4303 ) ) GLOBAL_UNIT_ASSIGNED_CONTEXT ( ( #6957, #2971, #7605 ) ) REPRESENTATION_CONTEXT ( 'NONE', 'WORKASPACE' ) );
#4020 = DIRECTION ( 'NONE',  ( 0.0000000000000000000, 0.0000000000000000000, 1.000000000000000000 ) ) ;
#4021 =( NAMED_UNIT ( * ) PLANE_ANGLE_UNIT ( ) SI_UNIT ( $, .RADIAN. ) );
#4022 = ORIENTED_EDGE ( 'NONE', *, *, #7657, .T. ) ;
#4023 = SURFACE_SIDE_STYLE ('',( #7050 ) ) ;
#4024 = CARTESIAN_POINT ( 'NONE',  ( -1.490000000000000200, -2.799999999999999400, 0.3199999999999998400 ) ) ;
#4025 = LINE ( 'NONE', #1325, #2207 ) ;
#4026 = ADVANCED_FACE ( 'NONE', ( #2826 ), #1905, .T. ) ;
#4027 = UNCERTAINTY_MEASURE_WITH_UNIT (LENGTH_MEASURE( 1.000000000000000100E-005 ), #6072, 'distance_accuracy_value', 'NONE');
#4028 = LINE ( 'NONE', #5641, #7528 ) ;
#4029 = ORIENTED_EDGE ( 'NONE', *, *, #1498, .T. ) ;
#4030 = AXIS2_PLACEMENT_3D ( 'NONE', #1560, #6250, #2219 ) ;
#4031 =( LENGTH_UNIT ( ) NAMED_UNIT ( * ) SI_UNIT ( .MILLI., .METRE. ) );
#4032 = CARTESIAN_POINT ( 'NONE',  ( -1.490000000000000000, -2.799999999999999400, -13.02000000000000100 ) ) ;
#4033 = PLANE ( 'NONE',  #6087 ) ;
#4034 = FACE_OUTER_BOUND ( 'NONE', #1154, .T. ) ;
#4035 = UNCERTAINTY_MEASURE_WITH_UNIT (LENGTH_MEASURE( 1.000000000000000100E-005 ), #1942, 'distance_accuracy_value', 'NONE');
#4036 = DIRECTION ( 'NONE',  ( -0.0000000000000000000, -1.000000000000000000, -0.0000000000000000000 ) ) ;
#4037 = SURFACE_STYLE_FILL_AREA ( #4072 ) ;
#4038 = VERTEX_POINT ( 'NONE', #5925 ) ;
#4039 = FACE_OUTER_BOUND ( 'NONE', #3273, .T. ) ;
#4040 = MECHANICAL_DESIGN_GEOMETRIC_PRESENTATION_REPRESENTATION (  '', ( #2672 ), #4488 ) ;
#4041 = DIRECTION ( 'NONE',  ( 1.000000000000000000, 0.0000000000000000000, 0.0000000000000000000 ) ) ;
#4042 = VERTEX_POINT ( 'NONE', #1376 ) ;
#4043 = PLANE ( 'NONE',  #5454 ) ;
#4044 = VECTOR ( 'NONE', #4600, 1000.000000000000000 ) ;
#4045 = PRESENTATION_STYLE_ASSIGNMENT (( #2709 ) ) ;
#4046 = UNCERTAINTY_MEASURE_WITH_UNIT (LENGTH_MEASURE( 1.000000000000000100E-005 ), #282, 'distance_accuracy_value', 'NONE');
#4047 = EDGE_CURVE ( 'NONE', #7787, #8103, #3783, .T. ) ;
#4048 = LINE ( 'NONE', #4396, #5601 ) ;
#4049 =( NAMED_UNIT ( * ) SI_UNIT ( $, .STERADIAN. ) SOLID_ANGLE_UNIT ( ) );
#4050 =( NAMED_UNIT ( * ) PLANE_ANGLE_UNIT ( ) SI_UNIT ( $, .RADIAN. ) );
#4051 = ORIENTED_EDGE ( 'NONE', *, *, #6747, .T. ) ;
#4052 = CARTESIAN_POINT ( 'NONE',  ( -0.9499999999999999600, -2.799999999999999400, -9.940000000000001300 ) ) ;
#4053 = SURFACE_STYLE_FILL_AREA ( #3181 ) ;
#4054 =( NAMED_UNIT ( * ) PLANE_ANGLE_UNIT ( ) SI_UNIT ( $, .RADIAN. ) );
#4055 = EDGE_CURVE ( 'NONE', #1075, #7963, #5548, .T. ) ;
#4056 = SURFACE_STYLE_FILL_AREA ( #2810 ) ;
#4057 = DIRECTION ( 'NONE',  ( 0.7071067811865474600, 0.0000000000000000000, 0.7071067811865474600 ) ) ;
#4058 = EDGE_CURVE ( 'NONE', #7947, #6984, #192, .T. ) ;
#4059 =( NAMED_UNIT ( * ) SI_UNIT ( $, .STERADIAN. ) SOLID_ANGLE_UNIT ( ) );
#4060 = VECTOR ( 'NONE', #6699, 1000.000000000000000 ) ;
#4061 = ADVANCED_FACE ( 'NONE', ( #3564 ), #4079, .T. ) ;
#4062 = ORIENTED_EDGE ( 'NONE', *, *, #8312, .T. ) ;
#4063 =( NAMED_UNIT ( * ) SI_UNIT ( $, .STERADIAN. ) SOLID_ANGLE_UNIT ( ) );
#4064 = MECHANICAL_DESIGN_GEOMETRIC_PRESENTATION_REPRESENTATION (  '', ( #2705 ), #4517 ) ;
#4065 = DIRECTION ( 'NONE',  ( 1.000000000000000000, 0.0000000000000000000, 1.232047923278982000E-016 ) ) ;
#4066 = VERTEX_POINT ( 'NONE', #6067 ) ;
#4067 = DIRECTION ( 'NONE',  ( -0.7071067811865477900, -0.0000000000000000000, -0.7071067811865473500 ) ) ;
#4068 = VERTEX_POINT ( 'NONE', #760 ) ;
#4069 = PRESENTATION_STYLE_ASSIGNMENT (( #2820 ) ) ;
#4070 = CARTESIAN_POINT ( 'NONE',  ( 0.9499999999999999600, 11.70000000000000100, -5.299999999999999800 ) ) ;
#4071 = DIRECTION ( 'NONE',  ( 0.0000000000000000000, 0.0000000000000000000, 1.000000000000000000 ) ) ;
#4072 = FILL_AREA_STYLE ('',( #6061 ) ) ;
#4073 = AXIS2_PLACEMENT_3D ( 'NONE', #7625, #3679, #8288 ) ;
#4074 = ORIENTED_EDGE ( 'NONE', *, *, #6636, .T. ) ;
#4075 =( GEOMETRIC_REPRESENTATION_CONTEXT ( 3 ) GLOBAL_UNCERTAINTY_ASSIGNED_CONTEXT ( ( #8428 ) ) GLOBAL_UNIT_ASSIGNED_CONTEXT ( ( #3281, #7907, #3958 ) ) REPRESENTATION_CONTEXT ( 'NONE', 'WORKASPACE' ) );
#4076 = FILL_AREA_STYLE ('',( #3395 ) ) ;
#4077 = VECTOR ( 'NONE', #862, 1000.000000000000100 ) ;
#4078 = ORIENTED_EDGE ( 'NONE', *, *, #7593, .T. ) ;
#4079 = PLANE ( 'NONE',  #8106 ) ;
#4080 = COLOUR_RGB ( '',0.0000000000000000000, 0.003921568627450980300, 0.09019607843137254800 ) ;
#4081 = MECHANICAL_DESIGN_GEOMETRIC_PRESENTATION_REPRESENTATION (  '', ( #2721 ), #4531 ) ;
#4082 = STYLED_ITEM ( 'NONE', ( #5420 ), #5627 ) ;
#4083 = VECTOR ( 'NONE', #3498, 1000.000000000000000 ) ;
#4084 = EDGE_LOOP ( 'NONE', ( #5964, #5783, #1647, #1245 ) ) ;
#4085 = SURFACE_STYLE_FILL_AREA ( #1049 ) ;
#4086 = VERTEX_POINT ( 'NONE', #78 ) ;
#4087 = CARTESIAN_POINT ( 'NONE',  ( 1.490000000000000000, -2.799999999999999400, -2.220000000000000200 ) ) ;
#4088 = CARTESIAN_POINT ( 'NONE',  ( -2.540000000000000000, 1.700000000000000000, -11.06342105263158100 ) ) ;
#4089 = FILL_AREA_STYLE ('',( #8019 ) ) ;
#4090 = EDGE_CURVE ( 'NONE', #5244, #3022, #8203, .T. ) ;
#4091 = CARTESIAN_POINT ( 'NONE',  ( 1.050000000000000000, 11.70000000000000100, 0.3199999999999999000 ) ) ;
#4092 = LINE ( 'NONE', #6520, #2288 ) ;
#4093 = ORIENTED_EDGE ( 'NONE', *, *, #7364, .T. ) ;
#4094 = EDGE_CURVE ( 'NONE', #3598, #2730, #4703, .T. ) ;
#4095 = SURFACE_SIDE_STYLE ('',( #649 ) ) ;
#4096 = VECTOR ( 'NONE', #8155, 1000.000000000000000 ) ;
#4097 =( LENGTH_UNIT ( ) NAMED_UNIT ( * ) SI_UNIT ( .MILLI., .METRE. ) );
#4098 = ORIENTED_EDGE ( 'NONE', *, *, #914, .T. ) ;
#4099 = AXIS2_PLACEMENT_3D ( 'NONE', #1724, #6407, #2400 ) ;
#4100 = SURFACE_STYLE_USAGE ( .BOTH. , #8026 ) ;
#4101 = LINE ( 'NONE', #4707, #1673 ) ;
#4102 = STYLED_ITEM ( 'NONE', ( #564 ), #7703 ) ;
#4103 = CARTESIAN_POINT ( 'NONE',  ( -2.540000000000000000, 1.700000000000000000, -11.06342105263158100 ) ) ;
#4104 = VECTOR ( 'NONE', #3015, 1000.000000000000100 ) ;
#4105 = ORIENTED_EDGE ( 'NONE', *, *, #6345, .F. ) ;
#4106 = CARTESIAN_POINT ( 'NONE',  ( 1.050000000000000000, 11.70000000000000100, -5.400000000000000400 ) ) ;
#4107 = DIRECTION ( 'NONE',  ( -0.7071067811865470200, -0.0000000000000000000, -0.7071067811865481300 ) ) ;
#4108 = EDGE_LOOP ( 'NONE', ( #6924, #8263, #8636, #597, #2823, #856, #5440, #1979 ) ) ;
#4109 =( GEOMETRIC_REPRESENTATION_CONTEXT ( 3 ) GLOBAL_UNCERTAINTY_ASSIGNED_CONTEXT ( ( #3886 ) ) GLOBAL_UNIT_ASSIGNED_CONTEXT ( ( #6050, #2013, #6694 ) ) REPRESENTATION_CONTEXT ( 'NONE', 'WORKASPACE' ) );
#4110 = VECTOR ( 'NONE', #2482, 1000.000000000000000 ) ;
#4111 = VERTEX_POINT ( 'NONE', #8067 ) ;
#4112 = CARTESIAN_POINT ( 'NONE',  ( -2.540000000000000000, 1.700000000000000000, -8.523421052631579900 ) ) ;
#4113 = FILL_AREA_STYLE_COLOUR ( '', #8393 ) ;
#4114 = DIRECTION ( 'NONE',  ( 0.7071067811865486800, 0.0000000000000000000, 0.7071067811865464600 ) ) ;
#4115 = ADVANCED_FACE ( 'NONE', ( #6269 ), #3457, .T. ) ;
#4116 = VECTOR ( 'NONE', #6776, 1000.000000000000000 ) ;
#4117 = SURFACE_SIDE_STYLE ('',( #6404 ) ) ;
#4118 = ORIENTED_EDGE ( 'NONE', *, *, #4875, .F. ) ;
#4119 = EDGE_CURVE ( 'NONE', #3041, #1745, #5772, .T. ) ;
#4120 = FILL_AREA_STYLE ('',( #8042 ) ) ;
#4121 = SURFACE_SIDE_STYLE ('',( #761 ) ) ;
#4122 =( NAMED_UNIT ( * ) SI_UNIT ( $, .STERADIAN. ) SOLID_ANGLE_UNIT ( ) );
#4123 = VECTOR ( 'NONE', #2857, 1000.000000000000000 ) ;
#4124 = FILL_AREA_STYLE_COLOUR ( '', #6155 ) ;
#4125 = DIRECTION ( 'NONE',  ( -1.000000000000000000, 0.0000000000000000000, -0.0000000000000000000 ) ) ;
#4126 = EDGE_CURVE ( 'NONE', #1653, #1201, #6476, .T. ) ;
#4127 = ORIENTED_EDGE ( 'NONE', *, *, #1623, .F. ) ;
#4128 = FACE_OUTER_BOUND ( 'NONE', #5150, .T. ) ;
#4129 = ORIENTED_EDGE ( 'NONE', *, *, #631, .F. ) ;
#4130 = CARTESIAN_POINT ( 'NONE',  ( 2.540000000000000900, 1.700000000000000000, -8.490000000000000200 ) ) ;
#4131 = LINE ( 'NONE', #2649, #7419 ) ;
#4132 = COLOUR_RGB ( '',0.7960784313725489700, 0.8235294117647058400, 0.9372549019607843100 ) ;
#4133 = DIRECTION ( 'NONE',  ( -0.7071067811865461300, 0.0000000000000000000, 0.7071067811865489100 ) ) ;
#4134 =( GEOMETRIC_REPRESENTATION_CONTEXT ( 3 ) GLOBAL_UNCERTAINTY_ASSIGNED_CONTEXT ( ( #6637 ) ) GLOBAL_UNIT_ASSIGNED_CONTEXT ( ( #5516, #1490, #6187 ) ) REPRESENTATION_CONTEXT ( 'NONE', 'WORKASPACE' ) );
#4135 = FILL_AREA_STYLE_COLOUR ( '', #7202 ) ;
#4136 = SURFACE_STYLE_FILL_AREA ( #5922 ) ;
#4137 = MECHANICAL_DESIGN_GEOMETRIC_PRESENTATION_REPRESENTATION (  '', ( #2766 ), #4574 ) ;
#4138 = DIRECTION ( 'NONE',  ( -0.0000000000000000000, -0.0000000000000000000, -1.000000000000000000 ) ) ;
#4139 = VECTOR ( 'NONE', #6824, 1000.000000000000000 ) ;
#4140 = SURFACE_SIDE_STYLE ('',( #7721 ) ) ;
#4141 = ORIENTED_EDGE ( 'NONE', *, *, #8586, .F. ) ;
#4142 = DIRECTION ( 'NONE',  ( -0.6782059721786390900, 0.0000000000000000000, -0.7348718659067219300 ) ) ;
#4143 = SURFACE_SIDE_STYLE ('',( #5206 ) ) ;
#4144 = CARTESIAN_POINT ( 'NONE',  ( -2.140000000000000600, 1.700000000000000000, -3.810000000000000100 ) ) ;
#4145 = CARTESIAN_POINT ( 'NONE',  ( -1.590000000000000300, -2.799999999999999400, -5.300000000000000700 ) ) ;
#4146 = AXIS2_PLACEMENT_3D ( 'NONE', #4831, #833, #5518 ) ;
#4147 = VECTOR ( 'NONE', #1017, 1000.000000000000000 ) ;
#4148 =( GEOMETRIC_REPRESENTATION_CONTEXT ( 3 ) GLOBAL_UNCERTAINTY_ASSIGNED_CONTEXT ( ( #8212 ) ) GLOBAL_UNIT_ASSIGNED_CONTEXT ( ( #7890, #3943, #8561 ) ) REPRESENTATION_CONTEXT ( 'NONE', 'WORKASPACE' ) );
#4149 = EDGE_CURVE ( 'NONE', #2226, #8647, #4001, .T. ) ;
#4150 = VERTEX_POINT ( 'NONE', #2141 ) ;
#4151 = LINE ( 'NONE', #4813, #2115 ) ;
#4152 = CARTESIAN_POINT ( 'NONE',  ( 2.140000000000000100, 1.700000000000000000, -13.97000000000000100 ) ) ;
#4153 = CARTESIAN_POINT ( 'NONE',  ( -1.590000000000000300, -2.799999999999999400, -15.02000000000000000 ) ) ;
#4154 =( LENGTH_UNIT ( ) NAMED_UNIT ( * ) SI_UNIT ( .MILLI., .METRE. ) );
#4155 = VECTOR ( 'NONE', #1474, 1000.000000000000000 ) ;
#4156 = ORIENTED_EDGE ( 'NONE', *, *, #8312, .F. ) ;
#4157 = PRESENTATION_LAYER_ASSIGNMENT (  '', '', ( #3712 ) ) ;
#4158 = SURFACE_STYLE_FILL_AREA ( #5172 ) ;
#4159 = UNCERTAINTY_MEASURE_WITH_UNIT (LENGTH_MEASURE( 1.000000000000000100E-005 ), #6614, 'distance_accuracy_value', 'NONE');
#4160 = ADVANCED_FACE ( 'NONE', ( #3791 ), #6829, .T. ) ;
#4161 = SURFACE_STYLE_USAGE ( .BOTH. , #8085 ) ;
#4162 = CARTESIAN_POINT ( 'NONE',  ( -2.140000000000000600, 1.700000000000000000, -13.97000000000000100 ) ) ;
#4163 = COLOUR_RGB ( '',0.0000000000000000000, 0.003921568627450980300, 0.09019607843137254800 ) ;
#4164 = STYLED_ITEM ( 'NONE', ( #7393 ), #4247 ) ;
#4165 = CARTESIAN_POINT ( 'NONE',  ( 2.540000000000000900, 0.0000000000000000000, -9.290000000000000900 ) ) ;
#4166 = DIRECTION ( 'NONE',  ( -1.000000000000000000, -0.0000000000000000000, -1.232047923278982200E-016 ) ) ;
#4167 = MECHANICAL_DESIGN_GEOMETRIC_PRESENTATION_REPRESENTATION (  '', ( #2802 ), #4603 ) ;
#4168 = LINE ( 'NONE', #6884, #7454 ) ;
#4169 = PRESENTATION_LAYER_ASSIGNMENT (  '', '', ( #3258 ) ) ;
#4170 = CARTESIAN_POINT ( 'NONE',  ( 2.140000000000000100, 1.700000000000000000, -3.810000000000000100 ) ) ;
#4171 = SURFACE_STYLE_USAGE ( .BOTH. , #8094 ) ;
#4172 = CARTESIAN_POINT ( 'NONE',  ( -2.540000000000000000, 0.0000000000000000000, -3.443421052631578900 ) ) ;
#4173 =( NAMED_UNIT ( * ) PLANE_ANGLE_UNIT ( ) SI_UNIT ( $, .RADIAN. ) );
#4175 = DIRECTION ( 'NONE',  ( -1.000000000000000000, 0.0000000000000000000, 0.0000000000000000000 ) ) ;
#4174 = FACE_OUTER_BOUND ( 'NONE', #1473, .T. ) ;
#4176 = VERTEX_POINT ( 'NONE', #2844 ) ;
#4177 = ORIENTED_EDGE ( 'NONE', *, *, #6832, .F. ) ;
#4178 = EDGE_CURVE ( 'NONE', #5190, #7045, #4924, .T. ) ;
#4179 = ORIENTED_EDGE ( 'NONE', *, *, #5731, .F. ) ;
#4180 =( NAMED_UNIT ( * ) SI_UNIT ( $, .STERADIAN. ) SOLID_ANGLE_UNIT ( ) );
#4181 = PLANE ( 'NONE',  #5480 ) ;
#4182 = ORIENTED_EDGE ( 'NONE', *, *, #8020, .T. ) ;
#4183 = ORIENTED_EDGE ( 'NONE', *, *, #6636, .F. ) ;
#4184 = PRESENTATION_STYLE_ASSIGNMENT (( #2900 ) ) ;
#4185 = DIRECTION ( 'NONE',  ( 0.0000000000000000000, -1.000000000000000000, 0.0000000000000000000 ) ) ;
#4186 = PLANE ( 'NONE',  #3156 ) ;
#4187 = ORIENTED_EDGE ( 'NONE', *, *, #677, .F. ) ;
#4188 = SURFACE_STYLE_FILL_AREA ( #976 ) ;
#4189 = ORIENTED_EDGE ( 'NONE', *, *, #7395, .F. ) ;
#4190 = SURFACE_STYLE_FILL_AREA ( #3411 ) ;
#4191 = STYLED_ITEM ( 'NONE', ( #1012 ), #1331 ) ;
#4192 = MECHANICAL_DESIGN_GEOMETRIC_PRESENTATION_REPRESENTATION (  '', ( #2829 ), #4628 ) ;
#4193 = ORIENTED_EDGE ( 'NONE', *, *, #7939, .F. ) ;
#4194 = SURFACE_STYLE_FILL_AREA ( #8414 ) ;
#4195 = ORIENTED_EDGE ( 'NONE', *, *, #3863, .T. ) ;
#4196 =( NAMED_UNIT ( * ) SI_UNIT ( $, .STERADIAN. ) SOLID_ANGLE_UNIT ( ) );
#4197 = PLANE ( 'NONE',  #1321 ) ;
#4198 = SURFACE_STYLE_FILL_AREA ( #4120 ) ;
#4199 = ORIENTED_EDGE ( 'NONE', *, *, #8585, .F. ) ;
#4200 = COLOUR_RGB ( '',0.0000000000000000000, 0.003921568627450980300, 0.09019607843137254800 ) ;
#4201 = LINE ( 'NONE', #1337, #2397 ) ;
#4202 = DIRECTION ( 'NONE',  ( 0.0000000000000000000, 1.000000000000000000, 0.0000000000000000000 ) ) ;
#4203 = STYLED_ITEM ( 'NONE', ( #7015 ), #3579 ) ;
#4204 = CARTESIAN_POINT ( 'NONE',  ( -2.540000000000000000, 1.700000000000000000, -3.443421052631578900 ) ) ;
#4205 = DIRECTION ( 'NONE',  ( 0.0000000000000000000, 0.0000000000000000000, 1.000000000000000000 ) ) ;
#4206 = SURFACE_STYLE_USAGE ( .BOTH. , #8127 ) ;
#4207 = ADVANCED_FACE ( 'NONE', ( #6485 ), #7504, .F. ) ;
#4208 = LINE ( 'NONE', #617, #619 ) ;
#4209 = VERTEX_POINT ( 'NONE', #4235 ) ;
#4210 = VECTOR ( 'NONE', #1655, 1000.000000000000100 ) ;
#4211 = UNCERTAINTY_MEASURE_WITH_UNIT (LENGTH_MEASURE( 1.000000000000000100E-005 ), #1297, 'distance_accuracy_value', 'NONE');
#4212 = PRESENTATION_LAYER_ASSIGNMENT (  '', '', ( #3295 ) ) ;
#4213 = CARTESIAN_POINT ( 'NONE',  ( -2.540000000000000000, 0.0000000000000000000, -13.60342105263158000 ) ) ;
#4214 = CARTESIAN_POINT ( 'NONE',  ( 2.140000000000000100, 1.700000000000000000, -6.350000000000000500 ) ) ;
#4215 = FILL_AREA_STYLE_COLOUR ( '', #4824 ) ;
#4216 = VECTOR ( 'NONE', #8410, 1000.000000000000000 ) ;
#4217 = ORIENTED_EDGE ( 'NONE', *, *, #7531, .T. ) ;
#4218 = LINE ( 'NONE', #5728, #5981 ) ;
#4219 = FILL_AREA_STYLE ('',( #3525 ) ) ;
#4220 = VECTOR ( 'NONE', #7543, 1000.000000000000000 ) ;
#4221 = EDGE_CURVE ( 'NONE', #826, #475, #731, .T. ) ;
#4222 = SURFACE_SIDE_STYLE ('',( #7830 ) ) ;
#4223 = ORIENTED_EDGE ( 'NONE', *, *, #8130, .F. ) ;
#4224 = DIRECTION ( 'NONE',  ( 0.0000000000000000000, 1.000000000000000000, 0.0000000000000000000 ) ) ;
#4225 = PRESENTATION_LAYER_ASSIGNMENT (  '', '', ( #3306 ) ) ;
#4226 = ORIENTED_EDGE ( 'NONE', *, *, #2302, .T. ) ;
#4227 = FILL_AREA_STYLE_COLOUR ( '', #6619 ) ;
#4228 = DIRECTION ( 'NONE',  ( 0.7071067811865486800, 0.0000000000000000000, -0.7071067811865463500 ) ) ;
#4229 = FACE_OUTER_BOUND ( 'NONE', #5841, .T. ) ;
#4230 = DIRECTION ( 'NONE',  ( 0.0000000000000000000, 1.000000000000000000, 0.0000000000000000000 ) ) ;
#4231 =( NAMED_UNIT ( * ) SI_UNIT ( $, .STERADIAN. ) SOLID_ANGLE_UNIT ( ) );
#4232 = AXIS2_PLACEMENT_3D ( 'NONE', #3105, #7749, #3793 ) ;
#4233 =( NAMED_UNIT ( * ) PLANE_ANGLE_UNIT ( ) SI_UNIT ( $, .RADIAN. ) );
#4234 = CARTESIAN_POINT ( 'NONE',  ( -2.140000000000000600, 1.700000000000000000, -8.890000000000000600 ) ) ;
#4235 = CARTESIAN_POINT ( 'NONE',  ( 0.9499999999999999600, 11.70000000000000100, -4.860000000000000300 ) ) ;
#4236 = VECTOR ( 'NONE', #3496, 1000.000000000000000 ) ;
#4237 = FACE_OUTER_BOUND ( 'NONE', #2212, .T. ) ;
#4238 = VECTOR ( 'NONE', #7685, 1000.000000000000000 ) ;
#4239 =( NAMED_UNIT ( * ) PLANE_ANGLE_UNIT ( ) SI_UNIT ( $, .RADIAN. ) );
#4240 = FACE_OUTER_BOUND ( 'NONE', #4490, .T. ) ;
#4241 = CARTESIAN_POINT ( 'NONE',  ( -0.9499999999999999600, 11.70000000000000100, -15.02000000000000000 ) ) ;
#4242 = CARTESIAN_POINT ( 'NONE',  ( 0.9499999999999999600, 11.70000000000000100, -2.760000000000000200 ) ) ;
#4243 = DIRECTION ( 'NONE',  ( 0.0000000000000000000, 1.000000000000000000, 0.0000000000000000000 ) ) ;
#4244 = PRESENTATION_LAYER_ASSIGNMENT (  '', '', ( #3321 ) ) ;
#4245 = EDGE_LOOP ( 'NONE', ( #4419, #103, #7030, #6173 ) ) ;
#4246 = EDGE_CURVE ( 'NONE', #620, #4066, #7601, .T. ) ;
#4247 = ADVANCED_FACE ( 'NONE', ( #2291 ), #6913, .T. ) ;
#4248 = CARTESIAN_POINT ( 'NONE',  ( 2.540000000000000900, 0.0000000000000000000, -5.950000000000001100 ) ) ;
#4249 = LINE ( 'NONE', #3807, #7535 ) ;
#4250 = SURFACE_SIDE_STYLE ('',( #7439 ) ) ;
#4251 = STYLED_ITEM ( 'NONE', ( #2493 ), #3163 ) ;
#4252 = LINE ( 'NONE', #7491, #2449 ) ;
#4253 = FILL_AREA_STYLE_COLOUR ( '', #5811 ) ;
#4254 = MECHANICAL_DESIGN_GEOMETRIC_PRESENTATION_REPRESENTATION (  '', ( #2884 ), #4680 ) ;
#4255 = SURFACE_STYLE_USAGE ( .BOTH. , #8173 ) ;
#4256 = PRESENTATION_LAYER_ASSIGNMENT (  '', '', ( #3342 ) ) ;
#4257 = VECTOR ( 'NONE', #3596, 1000.000000000000000 ) ;
#4258 = CARTESIAN_POINT ( 'NONE',  ( -1.050000000000000000, -2.799999999999999400, -9.840000000000001600 ) ) ;
#4259 = ORIENTED_EDGE ( 'NONE', *, *, #6547, .T. ) ;
#4260 = LINE ( 'NONE', #1890, #670 ) ;
#4261 = ORIENTED_EDGE ( 'NONE', *, *, #4540, .T. ) ;
#4262 = DIRECTION ( 'NONE',  ( 1.000000000000000000, 0.0000000000000000000, 1.232047923278982200E-016 ) ) ;
#4263 = SURFACE_STYLE_FILL_AREA ( #2015 ) ;
#4264 =( LENGTH_UNIT ( ) NAMED_UNIT ( * ) SI_UNIT ( .MILLI., .METRE. ) );
#4265 = CARTESIAN_POINT ( 'NONE',  ( 2.540000000000000900, 1.700000000000000000, -9.290000000000000900 ) ) ;
#4266 =( GEOMETRIC_REPRESENTATION_CONTEXT ( 3 ) GLOBAL_UNCERTAINTY_ASSIGNED_CONTEXT ( ( #6491 ) ) GLOBAL_UNIT_ASSIGNED_CONTEXT ( ( #1805, #6492, #2487 ) ) REPRESENTATION_CONTEXT ( 'NONE', 'WORKASPACE' ) );
#4267 = EDGE_CURVE ( 'NONE', #3041, #6066, #1670, .T. ) ;
#4268 = VECTOR ( 'NONE', #6970, 1000.000000000000000 ) ;
#4269 =( LENGTH_UNIT ( ) NAMED_UNIT ( * ) SI_UNIT ( .MILLI., .METRE. ) );
#4270 = PLANE ( 'NONE',  #1369 ) ;
#4271 = DIRECTION ( 'NONE',  ( -0.7071067811865489100, -0.0000000000000000000, -0.7071067811865461300 ) ) ;
#4272 = ORIENTED_EDGE ( 'NONE', *, *, #3944, .T. ) ;
#4273 = UNCERTAINTY_MEASURE_WITH_UNIT (LENGTH_MEASURE( 1.000000000000000100E-005 ), #8392, 'distance_accuracy_value', 'NONE');
#4274 = FILL_AREA_STYLE ('',( #6892 ) ) ;
#4275 = ORIENTED_EDGE ( 'NONE', *, *, #2586, .F. ) ;
#4276 = CARTESIAN_POINT ( 'NONE',  ( -1.050000000000000000, -2.799999999999999400, -7.299999999999999800 ) ) ;
#4277 = LINE ( 'NONE', #2774, #2472 ) ;
#4278 = MECHANICAL_DESIGN_GEOMETRIC_PRESENTATION_REPRESENTATION (  '', ( #2908 ), #4708 ) ;
#4279 = CARTESIAN_POINT ( 'NONE',  ( 2.140000000000000100, 0.0000000000000000000, -1.270000000000000000 ) ) ;
#4280 = FACE_OUTER_BOUND ( 'NONE', #6669, .T. ) ;
#4281 = ORIENTED_EDGE ( 'NONE', *, *, #1110, .F. ) ;
#4282 = DIRECTION ( 'NONE',  ( -0.0000000000000000000, -0.0000000000000000000, -1.000000000000000000 ) ) ;
#4283 = EDGE_CURVE ( 'NONE', #804, #510, #6782, .T. ) ;
#4284 = LINE ( 'NONE', #4414, #7573 ) ;
#4285 = FILL_AREA_STYLE ('',( #5676 ) ) ;
#4286 = EDGE_LOOP ( 'NONE', ( #1638, #6394, #4306, #2000 ) ) ;
#4287 =( NAMED_UNIT ( * ) PLANE_ANGLE_UNIT ( ) SI_UNIT ( $, .RADIAN. ) );
#4288 = ADVANCED_FACE ( 'NONE', ( #8327 ), #8250, .T. ) ;
#4289 = LINE ( 'NONE', #2962, #5431 ) ;
#4290 = EDGE_CURVE ( 'NONE', #3470, #3764, #7719, .T. ) ;
#4291 =( GEOMETRIC_REPRESENTATION_CONTEXT ( 3 ) GLOBAL_UNCERTAINTY_ASSIGNED_CONTEXT ( ( #8563 ) ) GLOBAL_UNIT_ASSIGNED_CONTEXT ( ( #2870, #7512, #3556 ) ) REPRESENTATION_CONTEXT ( 'NONE', 'WORKASPACE' ) );
#4292 = EDGE_CURVE ( 'NONE', #2551, #5504, #840, .T. ) ;
#4293 = FILL_AREA_STYLE ('',( #7567 ) ) ;
#4294 = ORIENTED_EDGE ( 'NONE', *, *, #6069, .T. ) ;
#4295 =( NAMED_UNIT ( * ) SI_UNIT ( $, .STERADIAN. ) SOLID_ANGLE_UNIT ( ) );
#4296 = DIRECTION ( 'NONE',  ( 0.0000000000000000000, 0.0000000000000000000, -1.000000000000000000 ) ) ;
#4297 = LINE ( 'NONE', #6185, #6065 ) ;
#4298 = ORIENTED_EDGE ( 'NONE', *, *, #6398, .F. ) ;
#4299 = CARTESIAN_POINT ( 'NONE',  ( -2.140000000000000600, 1.700000000000000000, -11.43000000000000100 ) ) ;
#4300 = CARTESIAN_POINT ( 'NONE',  ( -1.490000000000000200, -2.799999999999999400, -7.299999999999999800 ) ) ;
#4301 = PLANE ( 'NONE',  #8478 ) ;
#4302 = VECTOR ( 'NONE', #4138, 1000.000000000000000 ) ;
#4303 = UNCERTAINTY_MEASURE_WITH_UNIT (LENGTH_MEASURE( 1.000000000000000100E-005 ), #6957, 'distance_accuracy_value', 'NONE');
#4304 = VERTEX_POINT ( 'NONE', #2329 ) ;
#4305 = VECTOR ( 'NONE', #7020, 1000.000000000000000 ) ;
#4306 = ORIENTED_EDGE ( 'NONE', *, *, #2646, .F. ) ;
#4307 = MECHANICAL_DESIGN_GEOMETRIC_PRESENTATION_REPRESENTATION (  '', ( #2941 ), #4733 ) ;
#4308 = FILL_AREA_STYLE_COLOUR ( '', #7103 ) ;
#4309 = UNCERTAINTY_MEASURE_WITH_UNIT (LENGTH_MEASURE( 1.000000000000000100E-005 ), #3131, 'distance_accuracy_value', 'NONE');
#4310 = FACE_OUTER_BOUND ( 'NONE', #395, .T. ) ;
#4311 =( GEOMETRIC_REPRESENTATION_CONTEXT ( 3 ) GLOBAL_UNCERTAINTY_ASSIGNED_CONTEXT ( ( #3501 ) ) GLOBAL_UNIT_ASSIGNED_CONTEXT ( ( #1563, #6253, #2221 ) ) REPRESENTATION_CONTEXT ( 'NONE', 'WORKASPACE' ) );
#4312 = CARTESIAN_POINT ( 'NONE',  ( 1.490000000000000000, -2.799999999999999400, -13.02000000000000100 ) ) ;
#4313 = STYLED_ITEM ( 'NONE', ( #5554 ), #2464 ) ;
#4314 =( LENGTH_UNIT ( ) NAMED_UNIT ( * ) SI_UNIT ( .MILLI., .METRE. ) );
#4315 =( NAMED_UNIT ( * ) SI_UNIT ( $, .STERADIAN. ) SOLID_ANGLE_UNIT ( ) );
#4316 = STYLED_ITEM ( 'NONE', ( #2769 ), #6035 ) ;
#4317 = VERTEX_POINT ( 'NONE', #8284 ) ;
#4318 = SURFACE_SIDE_STYLE ('',( #1752 ) ) ;
#4319 = DIRECTION ( 'NONE',  ( -0.7071067811865470200, 0.0000000000000000000, -0.7071067811865481300 ) ) ;
#4320 = MECHANICAL_DESIGN_GEOMETRIC_PRESENTATION_REPRESENTATION (  '', ( #2956 ), #4743 ) ;
#4321 = FACE_OUTER_BOUND ( 'NONE', #2052, .T. ) ;
#4322 = EDGE_CURVE ( 'NONE', #6333, #6102, #5971, .T. ) ;
#4323 =( NAMED_UNIT ( * ) SI_UNIT ( $, .STERADIAN. ) SOLID_ANGLE_UNIT ( ) );
#4324 = UNCERTAINTY_MEASURE_WITH_UNIT (LENGTH_MEASURE( 1.000000000000000100E-005 ), #5506, 'distance_accuracy_value', 'NONE');
#4325 = FILL_AREA_STYLE_COLOUR ( '', #1458 ) ;
#4326 = LINE ( 'NONE', #8291, #7604 ) ;
#4327 = VERTEX_POINT ( 'NONE', #6342 ) ;
#4328 = DIRECTION ( 'NONE',  ( 0.0000000000000000000, 1.000000000000000000, 0.0000000000000000000 ) ) ;
#4329 = CARTESIAN_POINT ( 'NONE',  ( 0.9499999999999999600, -2.799999999999999400, -10.38000000000000100 ) ) ;
#4330 = FILL_AREA_STYLE ('',( #3646 ) ) ;
#4331 = LINE ( 'NONE', #2785, #4116 ) ;
#4332 = SURFACE_STYLE_USAGE ( .BOTH. , #8261 ) ;
#4333 = FILL_AREA_STYLE ('',( #283 ) ) ;
#4334 = SURFACE_STYLE_FILL_AREA ( #278 ) ;
#4335 = ADVANCED_FACE ( 'NONE', ( #4423 ), #3007, .T. ) ;
#4336 = STYLED_ITEM ( 'NONE', ( #5790 ), #134 ) ;
#4337 = DIRECTION ( 'NONE',  ( -0.0000000000000000000, 1.000000000000000000, 0.0000000000000000000 ) ) ;
#4338 = LINE ( 'NONE', #2827, #7622 ) ;
#4339 = CARTESIAN_POINT ( 'NONE',  ( 1.590000000000000100, -2.799999999999999400, -0.2200000000000001400 ) ) ;
#4340 = SURFACE_SIDE_STYLE ('',( #8466 ) ) ;
#4341 = AXIS2_PLACEMENT_3D ( 'NONE', #4995, #994, #5673 ) ;
#4342 = SURFACE_STYLE_USAGE ( .BOTH. , #8273 ) ;
#4343 = PRESENTATION_STYLE_ASSIGNMENT (( #85 ) ) ;
#4344 = VECTOR ( 'NONE', #1931, 999.9999999999998900 ) ;
#4345 =( NAMED_UNIT ( * ) SI_UNIT ( $, .STERADIAN. ) SOLID_ANGLE_UNIT ( ) );
#4346 = EDGE_CURVE ( 'NONE', #7464, #4042, #5149, .T. ) ;
#4347 = FILL_AREA_STYLE_COLOUR ( '', #6031 ) ;
#4348 = LINE ( 'NONE', #2838, #4139 ) ;
#4349 = ORIENTED_EDGE ( 'NONE', *, *, #650, .F. ) ;
#4350 = SURFACE_SIDE_STYLE ('',( #5227 ) ) ;
#4351 = CARTESIAN_POINT ( 'NONE',  ( -2.139999999999999700, 0.0000000000000000000, 1.270000000000000000 ) ) ;
#4352 = DIRECTION ( 'NONE',  ( 2.492418787322998300E-016, 0.0000000000000000000, 1.000000000000000000 ) ) ;
#4353 = SURFACE_STYLE_USAGE ( .BOTH. , #8290 ) ;
#4354 = CARTESIAN_POINT ( 'NONE',  ( -1.050000000000000000, 11.70000000000000100, -14.92000000000000200 ) ) ;
#4355 = SURFACE_SIDE_STYLE ('',( #8603 ) ) ;
#4356 = CARTESIAN_POINT ( 'NONE',  ( 0.0000000000000000000, 11.70000000000000100, -5.080000000000000100 ) ) ;
#4357 = SURFACE_STYLE_FILL_AREA ( #7022 ) ;
#4358 = ORIENTED_EDGE ( 'NONE', *, *, #387, .F. ) ;
#4359 = LINE ( 'NONE', #780, #6128 ) ;
#4360 = CARTESIAN_POINT ( 'NONE',  ( 1.490000000000000000, 11.70000000000000100, -15.56000000000000000 ) ) ;
#4361 =( NAMED_UNIT ( * ) SI_UNIT ( $, .STERADIAN. ) SOLID_ANGLE_UNIT ( ) );
#4362 = DIRECTION ( 'NONE',  ( 2.492418787322998300E-016, 0.0000000000000000000, 1.000000000000000000 ) ) ;
#4363 = MECHANICAL_DESIGN_GEOMETRIC_PRESENTATION_REPRESENTATION (  '', ( #2995 ), #4785 ) ;
#4364 = SURFACE_STYLE_FILL_AREA ( #7080 ) ;
#4365 = VERTEX_POINT ( 'NONE', #4375 ) ;
#4366 =( NAMED_UNIT ( * ) SI_UNIT ( $, .STERADIAN. ) SOLID_ANGLE_UNIT ( ) );
#4367 =( GEOMETRIC_REPRESENTATION_CONTEXT ( 3 ) GLOBAL_UNCERTAINTY_ASSIGNED_CONTEXT ( ( #694 ) ) GLOBAL_UNIT_ASSIGNED_CONTEXT ( ( #4783, #784, #5485 ) ) REPRESENTATION_CONTEXT ( 'NONE', 'WORKASPACE' ) );
#4368 = CARTESIAN_POINT ( 'NONE',  ( -1.050000000000000000, 11.70000000000000100, -2.860000000000000300 ) ) ;
#4369 = CARTESIAN_POINT ( 'NONE',  ( 1.590000000000000100, 11.70000000000000100, 0.2199999999999999200 ) ) ;
#4370 = PRESENTATION_LAYER_ASSIGNMENT (  '', '', ( #3463 ) ) ;
#4371 = FILL_AREA_STYLE ('',( #3706 ) ) ;
#4372 = CARTESIAN_POINT ( 'NONE',  ( -1.590000000000000300, 11.70000000000000100, -15.02000000000000000 ) ) ;
#4374 = CARTESIAN_POINT ( 'NONE',  ( -1.490000000000000000, -2.799999999999999400, -10.48000000000000200 ) ) ;
#4373 = VECTOR ( 'NONE', #3961, 1000.000000000000100 ) ;
#4375 = CARTESIAN_POINT ( 'NONE',  ( 2.140000000000001500, 0.0000000000000000000, -11.43000000000000100 ) ) ;
#4376 = ADVANCED_FACE ( 'NONE', ( #6889 ), #3733, .T. ) ;
#4377 = AXIS2_PLACEMENT_3D ( 'NONE', #6147, #2111, #6793 ) ;
#4378 = CARTESIAN_POINT ( 'NONE',  ( -1.590000000000000300, 11.70000000000000100, -15.45999999999999900 ) ) ;
#4379 = CARTESIAN_POINT ( 'NONE',  ( -1.590000000000000300, -2.799999999999999400, -0.2200000000000002500 ) ) ;
#4380 = SURFACE_STYLE_USAGE ( .BOTH. , #8319 ) ;
#4381 = LINE ( 'NONE', #5780, #6150 ) ;
#4382 = SURFACE_SIDE_STYLE ('',( #733 ) ) ;
#4383 = EDGE_CURVE ( 'NONE', #355, #6823, #944, .T. ) ;
#4384 = DIRECTION ( 'NONE',  ( -0.7071067811865489100, -0.0000000000000000000, -0.7071067811865461300 ) ) ;
#4385 = SURFACE_STYLE_FILL_AREA ( #4625 ) ;
#4386 = ORIENTED_EDGE ( 'NONE', *, *, #3814, .F. ) ;
#4387 = VECTOR ( 'NONE', #5050, 1000.000000000000000 ) ;
#4388 = EDGE_LOOP ( 'NONE', ( #3855, #7970, #1748, #6037, #5527, #2999, #7692, #8150 ) ) ;
#4389 = VECTOR ( 'NONE', #8485, 1000.000000000000000 ) ;
#4390 = DIRECTION ( 'NONE',  ( 0.7071067811865470200, 0.0000000000000000000, -0.7071067811865481300 ) ) ;
#4391 = LINE ( 'NONE', #4242, #7880 ) ;
#4392 = PLANE ( 'NONE',  #5312 ) ;
#4393 =( NAMED_UNIT ( * ) SI_UNIT ( $, .STERADIAN. ) SOLID_ANGLE_UNIT ( ) );
#4394 = STYLED_ITEM ( 'NONE', ( #65 ), #4834 ) ;
#4395 = ORIENTED_EDGE ( 'NONE', *, *, #3369, .T. ) ;
#4396 = CARTESIAN_POINT ( 'NONE',  ( -1.590000000000000300, 11.70000000000000100, -2.760000000000000200 ) ) ;
#4397 = CARTESIAN_POINT ( 'NONE',  ( -0.9499999999999999600, -2.799999999999999400, -7.839999999999999900 ) ) ;
#4398 = ORIENTED_EDGE ( 'NONE', *, *, #652, .T. ) ;
#4399 = PRESENTATION_STYLE_ASSIGNMENT (( #4100 ) ) ;
#4400 = FACE_OUTER_BOUND ( 'NONE', #4595, .T. ) ;
#4401 = DIRECTION ( 'NONE',  ( -0.7071067811865489100, -0.0000000000000000000, 0.7071067811865462400 ) ) ;
#4402 = EDGE_CURVE ( 'NONE', #575, #6999, #4511, .T. ) ;
#4403 = VERTEX_POINT ( 'NONE', #7082 ) ;
#4404 = SURFACE_SIDE_STYLE ('',( #3407 ) ) ;
#4405 =( NAMED_UNIT ( * ) SI_UNIT ( $, .STERADIAN. ) SOLID_ANGLE_UNIT ( ) );
#4406 = FILL_AREA_STYLE ('',( #1062 ) ) ;
#4407 = ORIENTED_EDGE ( 'NONE', *, *, #5186, .T. ) ;
#4408 = ORIENTED_EDGE ( 'NONE', *, *, #7903, .F. ) ;
#4409 = ORIENTED_EDGE ( 'NONE', *, *, #7865, .F. ) ;
#4410 = LINE ( 'NONE', #6028, #7713 ) ;
#4411 = AXIS2_PLACEMENT_3D ( 'NONE', #4582, #565, #5269 ) ;
#4412 = EDGE_CURVE ( 'NONE', #5002, #7464, #2711, .T. ) ;
#4413 =( NAMED_UNIT ( * ) SI_UNIT ( $, .STERADIAN. ) SOLID_ANGLE_UNIT ( ) );
#4414 = CARTESIAN_POINT ( 'NONE',  ( -0.9499999999999999600, 11.70000000000000100, -12.92000000000000200 ) ) ;
#4415 = FILL_AREA_STYLE ('',( #8351 ) ) ;
#4416 = SURFACE_STYLE_USAGE ( .BOTH. , #8352 ) ;
#4417 = VERTEX_POINT ( 'NONE', #2424 ) ;
#4418 = CARTESIAN_POINT ( 'NONE',  ( 1.590000000000000100, -2.799999999999999400, -2.760000000000000200 ) ) ;
#4419 = ORIENTED_EDGE ( 'NONE', *, *, #3922, .T. ) ;
#4420 =( NAMED_UNIT ( * ) SI_UNIT ( $, .STERADIAN. ) SOLID_ANGLE_UNIT ( ) );
#4421 = DIRECTION ( 'NONE',  ( 0.7071067811865477900, 0.0000000000000000000, -0.7071067811865473500 ) ) ;
#4422 = CARTESIAN_POINT ( 'NONE',  ( 0.9499999999999999600, -2.799999999999999400, -7.839999999999999900 ) ) ;
#4423 = FACE_OUTER_BOUND ( 'NONE', #4691, .T. ) ;
#4424 = PRESENTATION_STYLE_ASSIGNMENT (( #8510 ) ) ;
#4425 = ADVANCED_FACE ( 'NONE', ( #4310 ), #5135, .T. ) ;
#4426 = STYLED_ITEM ( 'NONE', ( #1475 ), #8297 ) ;
#4427 = COLOUR_RGB ( '',0.7960784313725489700, 0.8235294117647058400, 0.9372549019607843100 ) ;
#4428 = DIRECTION ( 'NONE',  ( -0.7071067811865477900, -0.0000000000000000000, -0.7071067811865473500 ) ) ;
#4429 = ORIENTED_EDGE ( 'NONE', *, *, #3135, .T. ) ;
#4430 = CARTESIAN_POINT ( 'NONE',  ( -1.590000000000000300, 11.70000000000000100, -7.839999999999999900 ) ) ;
#4431 = DIRECTION ( 'NONE',  ( -0.7372346670543746800, -0.0000000000000000000, 0.6756367705307528800 ) ) ;
#4432 = EDGE_LOOP ( 'NONE', ( #1677, #702, #2609, #142 ) ) ;
#4433 = DIRECTION ( 'NONE',  ( 0.0000000000000000000, 1.000000000000000000, 0.0000000000000000000 ) ) ;
#4434 = UNCERTAINTY_MEASURE_WITH_UNIT (LENGTH_MEASURE( 1.000000000000000100E-005 ), #5886, 'distance_accuracy_value', 'NONE');
#4435 = MECHANICAL_DESIGN_GEOMETRIC_PRESENTATION_REPRESENTATION (  '', ( #3065 ), #4851 ) ;
#4436 = EDGE_CURVE ( 'NONE', #5220, #390, #87, .T. ) ;
#4437 = VERTEX_POINT ( 'NONE', #425 ) ;
#4438 = EDGE_CURVE ( 'NONE', #2264, #6764, #6993, .T. ) ;
#4439 = DIRECTION ( 'NONE',  ( -0.0000000000000000000, -0.0000000000000000000, -1.000000000000000000 ) ) ;
#4440 = DIRECTION ( 'NONE',  ( -1.000000000000000000, -0.0000000000000000000, -1.232047923278982200E-016 ) ) ;
#4441 = DIRECTION ( 'NONE',  ( -1.232047923278982000E-016, 0.0000000000000000000, 1.000000000000000000 ) ) ;
#4442 = SURFACE_STYLE_FILL_AREA ( #4415 ) ;
#4443 = LINE ( 'NONE', #2244, #5994 ) ;
#4444 = DIRECTION ( 'NONE',  ( -0.0000000000000000000, -0.0000000000000000000, -1.000000000000000000 ) ) ;
#4445 =( GEOMETRIC_REPRESENTATION_CONTEXT ( 3 ) GLOBAL_UNCERTAINTY_ASSIGNED_CONTEXT ( ( #5494 ) ) GLOBAL_UNIT_ASSIGNED_CONTEXT ( ( #2012, #6693, #2706 ) ) REPRESENTATION_CONTEXT ( 'NONE', 'WORKASPACE' ) );
#4446 = FILL_AREA_STYLE ('',( #3051 ) ) ;
#4447 = PLANE ( 'NONE',  #6750 ) ;
#4448 = CARTESIAN_POINT ( 'NONE',  ( 1.590000000000000100, -2.799999999999999400, -12.48000000000000200 ) ) ;
#4449 = DIRECTION ( 'NONE',  ( 0.0000000000000000000, 0.0000000000000000000, 1.000000000000000000 ) ) ;
#4450 = CARTESIAN_POINT ( 'NONE',  ( 1.590000000000000100, -2.799999999999999400, -15.45999999999999900 ) ) ;
#4451 = PRESENTATION_LAYER_ASSIGNMENT (  '', '', ( #3533 ) ) ;
#4452 = ORIENTED_EDGE ( 'NONE', *, *, #5281, .T. ) ;
#4453 = AXIS2_PLACEMENT_3D ( 'NONE', #769, #5464, #1431 ) ;
#4454 = SURFACE_STYLE_USAGE ( .BOTH. , #8388 ) ;
#4455 = ORIENTED_EDGE ( 'NONE', *, *, #859, .F. ) ;
#4456 = DIRECTION ( 'NONE',  ( 0.7071067811865477900, 0.0000000000000000000, -0.7071067811865473500 ) ) ;
#4457 = ORIENTED_EDGE ( 'NONE', *, *, #2405, .T. ) ;
#4458 =( NAMED_UNIT ( * ) PLANE_ANGLE_UNIT ( ) SI_UNIT ( $, .RADIAN. ) );
#4459 = EDGE_CURVE ( 'NONE', #7718, #2808, #1867, .T. ) ;
#4460 = LINE ( 'NONE', #5124, #2445 ) ;
#4461 = EDGE_CURVE ( 'NONE', #5574, #5004, #5246, .T. ) ;
#4462 = EDGE_CURVE ( 'NONE', #3364, #2147, #6777, .T. ) ;
#4463 =( NAMED_UNIT ( * ) SI_UNIT ( $, .STERADIAN. ) SOLID_ANGLE_UNIT ( ) );
#4464 = CARTESIAN_POINT ( 'NONE',  ( -1.590000000000000300, 11.70000000000000100, -4.860000000000000300 ) ) ;
#4465 = DIRECTION ( 'NONE',  ( 0.0000000000000000000, 0.0000000000000000000, 1.000000000000000000 ) ) ;
#4466 = ADVANCED_FACE ( 'NONE', ( #8522 ), #1822, .T. ) ;
#4467 = ORIENTED_EDGE ( 'NONE', *, *, #1093, .T. ) ;
#4468 = DIRECTION ( 'NONE',  ( -0.7071067811865469100, -0.0000000000000000000, 0.7071067811865482400 ) ) ;
#4469 = FACE_OUTER_BOUND ( 'NONE', #3212, .T. ) ;
#4470 = CARTESIAN_POINT ( 'NONE',  ( 0.9499999999999999600, -2.799999999999999400, -7.839999999999999900 ) ) ;
#4471 = DIRECTION ( 'NONE',  ( -0.0000000000000000000, -1.000000000000000000, -0.0000000000000000000 ) ) ;
#4472 = PRESENTATION_LAYER_ASSIGNMENT (  '', '', ( #3563 ) ) ;
#4473 =( NAMED_UNIT ( * ) PLANE_ANGLE_UNIT ( ) SI_UNIT ( $, .RADIAN. ) );
#4474 = DIRECTION ( 'NONE',  ( 1.000000000000000000, 0.0000000000000000000, -0.0000000000000000000 ) ) ;
#4475 = DIRECTION ( 'NONE',  ( -0.0000000000000000000, -0.0000000000000000000, -1.000000000000000000 ) ) ;
#4476 = AXIS2_PLACEMENT_3D ( 'NONE', #2712, #7347, #3390 ) ;
#4477 = VECTOR ( 'NONE', #6284, 1000.000000000000000 ) ;
#4478 = UNCERTAINTY_MEASURE_WITH_UNIT (LENGTH_MEASURE( 1.000000000000000100E-005 ), #3130, 'distance_accuracy_value', 'NONE');
#4479 = SURFACE_STYLE_FILL_AREA ( #3738 ) ;
#4480 = CARTESIAN_POINT ( 'NONE',  ( -1.050000000000000000, -2.799999999999999400, -9.840000000000001600 ) ) ;
#4481 = SURFACE_SIDE_STYLE ('',( #4194 ) ) ;
#4482 = DIRECTION ( 'NONE',  ( 0.7071067811865470200, 0.0000000000000000000, -0.7071067811865481300 ) ) ;
#4483 = PRESENTATION_LAYER_ASSIGNMENT (  '', '', ( #3574 ) ) ;
#4484 = DIRECTION ( 'NONE',  ( -0.0000000000000000000, -0.0000000000000000000, -1.000000000000000000 ) ) ;
#4485 = LINE ( 'NONE', #5200, #911 ) ;
#4486 = VECTOR ( 'NONE', #4497, 999.9999999999998900 ) ;
#4487 = CARTESIAN_POINT ( 'NONE',  ( -1.590000000000000300, 11.70000000000000100, -0.2200000000000002500 ) ) ;
#4488 =( GEOMETRIC_REPRESENTATION_CONTEXT ( 3 ) GLOBAL_UNCERTAINTY_ASSIGNED_CONTEXT ( ( #3670 ) ) GLOBAL_UNIT_ASSIGNED_CONTEXT ( ( #8541, #4593, #577 ) ) REPRESENTATION_CONTEXT ( 'NONE', 'WORKASPACE' ) );
#4489 = SURFACE_STYLE_FILL_AREA ( #4605 ) ;
#4490 = EDGE_LOOP ( 'NONE', ( #5942, #742, #2816, #2364, #5500, #7391, #3392, #218 ) ) ;
#4491 = SURFACE_STYLE_USAGE ( .BOTH. , #8433 ) ;
#4492 = CARTESIAN_POINT ( 'NONE',  ( 0.9499999999999999600, -2.799999999999999400, -0.2200000000000000000 ) ) ;
#4493 = FILL_AREA_STYLE_COLOUR ( '', #4760 ) ;
#4494 = LINE ( 'NONE', #7034, #2484 ) ;
#4495 = ORIENTED_EDGE ( 'NONE', *, *, #3305, .T. ) ;
#4496 = EDGE_CURVE ( 'NONE', #5761, #8323, #832, .T. ) ;
#4497 = DIRECTION ( 'NONE',  ( 0.7071067811865477900, 0.0000000000000000000, -0.7071067811865473500 ) ) ;
#4498 = LINE ( 'NONE', #2252, #925 ) ;
#4499 = CARTESIAN_POINT ( 'NONE',  ( -1.490000000000000000, -2.799999999999999400, -7.940000000000001300 ) ) ;
#4500 = STYLED_ITEM ( 'NONE', ( #5691 ), #1800 ) ;
#4501 = ADVANCED_FACE ( 'NONE', ( #2396 ), #6528, .F. ) ;
#4502 = COLOUR_RGB ( '',0.7960784313725489700, 0.8235294117647058400, 0.9372549019607843100 ) ;
#4503 = ORIENTED_EDGE ( 'NONE', *, *, #223, .T. ) ;
#4504 = EDGE_LOOP ( 'NONE', ( #8496, #7971, #5542, #4898 ) ) ;
#4505 = EDGE_CURVE ( 'NONE', #7940, #2190, #3557, .T. ) ;
#4506 = CARTESIAN_POINT ( 'NONE',  ( -2.540000000000000000, 1.700000000000000000, -16.14342105263157700 ) ) ;
#4507 = VERTEX_POINT ( 'NONE', #3241 ) ;
#4508 = ORIENTED_EDGE ( 'NONE', *, *, #8253, .F. ) ;
#4509 = SURFACE_STYLE_FILL_AREA ( #2775 ) ;
#4510 = FACE_OUTER_BOUND ( 'NONE', #7276, .T. ) ;
#4511 = LINE ( 'NONE', #5767, #6074 ) ;
#4512 = EDGE_CURVE ( 'NONE', #1075, #1944, #6880, .T. ) ;
#4513 = DIRECTION ( 'NONE',  ( -0.7071067811865489100, -0.0000000000000000000, 0.7071067811865462400 ) ) ;
#4514 = VECTOR ( 'NONE', #2576, 1000.000000000000100 ) ;
#4515 = ORIENTED_EDGE ( 'NONE', *, *, #8107, .T. ) ;
#4516 = PRESENTATION_STYLE_ASSIGNMENT (( #3149 ) ) ;
#4517 =( GEOMETRIC_REPRESENTATION_CONTEXT ( 3 ) GLOBAL_UNCERTAINTY_ASSIGNED_CONTEXT ( ( #6773 ) ) GLOBAL_UNIT_ASSIGNED_CONTEXT ( ( #6895, #2901, #7545 ) ) REPRESENTATION_CONTEXT ( 'NONE', 'WORKASPACE' ) );
#4518 = COLOUR_RGB ( '',0.7960784313725489700, 0.8235294117647058400, 0.9372549019607843100 ) ;
#4519 = CARTESIAN_POINT ( 'NONE',  ( 0.9499999999999999600, 11.70000000000000100, -7.839999999999999900 ) ) ;
#4520 = DIRECTION ( 'NONE',  ( -0.7071067811865489100, -0.0000000000000000000, -0.7071067811865461300 ) ) ;
#4521 = CARTESIAN_POINT ( 'NONE',  ( -1.490000000000000000, 11.70000000000000100, -0.3200000000000001200 ) ) ;
#4522 =( LENGTH_UNIT ( ) NAMED_UNIT ( * ) SI_UNIT ( .MILLI., .METRE. ) );
#4523 = FACE_OUTER_BOUND ( 'NONE', #5226, .T. ) ;
#4524 = VERTEX_POINT ( 'NONE', #5277 ) ;
#4525 = SURFACE_STYLE_FILL_AREA ( #6934 ) ;
#4526 = PRESENTATION_LAYER_ASSIGNMENT (  '', '', ( #3622 ) ) ;
#4527 = DIRECTION ( 'NONE',  ( 0.6782059721786389800, 0.0000000000000000000, 0.7348718659067220400 ) ) ;
#4528 = UNCERTAINTY_MEASURE_WITH_UNIT (LENGTH_MEASURE( 1.000000000000000100E-005 ), #2390, 'distance_accuracy_value', 'NONE');
#4529 = DIRECTION ( 'NONE',  ( 0.7071067811865474600, 0.0000000000000000000, 0.7071067811865474600 ) ) ;
#4530 = DIRECTION ( 'NONE',  ( -0.7071067811865470200, -0.0000000000000000000, -0.7071067811865481300 ) ) ;
#4531 =( GEOMETRIC_REPRESENTATION_CONTEXT ( 3 ) GLOBAL_UNCERTAINTY_ASSIGNED_CONTEXT ( ( #855 ) ) GLOBAL_UNIT_ASSIGNED_CONTEXT ( ( #2668, #7306, #3347 ) ) REPRESENTATION_CONTEXT ( 'NONE', 'WORKASPACE' ) );
#4532 =( NAMED_UNIT ( * ) PLANE_ANGLE_UNIT ( ) SI_UNIT ( $, .RADIAN. ) );
#4533 = AXIS2_PLACEMENT_3D ( 'NONE', #2603, #7247, #3283 ) ;
#4534 = STYLED_ITEM ( 'NONE', ( #3521 ), #6583 ) ;
#4535 = EDGE_CURVE ( 'NONE', #4749, #8111, #5347, .T. ) ;
#4536 = LINE ( 'NONE', #2389, #2096 ) ;
#4537 = CARTESIAN_POINT ( 'NONE',  ( 0.0000000000000000000, -2.799999999999999400, -5.080000000000000100 ) ) ;
#4538 =( NAMED_UNIT ( * ) PLANE_ANGLE_UNIT ( ) SI_UNIT ( $, .RADIAN. ) );
#4539 = SURFACE_STYLE_USAGE ( .BOTH. , #8477 ) ;
#4540 = EDGE_CURVE ( 'NONE', #830, #5458, #3340, .T. ) ;
#4541 = PRESENTATION_LAYER_ASSIGNMENT (  '', '', ( #3653 ) ) ;
#4542 = DIRECTION ( 'NONE',  ( 0.0000000000000000000, 1.000000000000000000, 0.0000000000000000000 ) ) ;
#4543 = AXIS2_PLACEMENT_3D ( 'NONE', #6327, #2318, #6995 ) ;
#4544 = SURFACE_STYLE_USAGE ( .BOTH. , #8480 ) ;
#4545 = SURFACE_STYLE_USAGE ( .BOTH. , #8481 ) ;
#4546 =( NAMED_UNIT ( * ) SI_UNIT ( $, .STERADIAN. ) SOLID_ANGLE_UNIT ( ) );
#4547 = FILL_AREA_STYLE ('',( #8484 ) ) ;
#4548 = PLANE ( 'NONE',  #1814 ) ;
#4549 = ORIENTED_EDGE ( 'NONE', *, *, #6015, .F. ) ;
#4550 =( LENGTH_UNIT ( ) NAMED_UNIT ( * ) SI_UNIT ( .MILLI., .METRE. ) );
#4551 =( NAMED_UNIT ( * ) PLANE_ANGLE_UNIT ( ) SI_UNIT ( $, .RADIAN. ) );
#4552 = SURFACE_SIDE_STYLE ('',( #8252 ) ) ;
#4553 = FILL_AREA_STYLE_COLOUR ( '', #7806 ) ;
#4554 =( NAMED_UNIT ( * ) PLANE_ANGLE_UNIT ( ) SI_UNIT ( $, .RADIAN. ) );
#4555 = EDGE_CURVE ( 'NONE', #3402, #6967, #8621, .T. ) ;
#4556 = STYLED_ITEM ( 'NONE', ( #6787 ), #588 ) ;
#4557 = EDGE_CURVE ( 'NONE', #7104, #1434, #8413, .T. ) ;
#4558 = LINE ( 'NONE', #7723, #6328 ) ;
#4559 = COLOUR_RGB ( '',0.7960784313725489700, 0.8235294117647058400, 0.9372549019607843100 ) ;
#4560 =( NAMED_UNIT ( * ) PLANE_ANGLE_UNIT ( ) SI_UNIT ( $, .RADIAN. ) );
#4561 = EDGE_LOOP ( 'NONE', ( #5021, #3207, #6438, #6082 ) ) ;
#4562 = PRESENTATION_STYLE_ASSIGNMENT (( #3920 ) ) ;
#4563 = CARTESIAN_POINT ( 'NONE',  ( -1.590000000000000300, -2.799999999999999400, -0.2200000000000002500 ) ) ;
#4564 = DIRECTION ( 'NONE',  ( 1.000000000000000000, 0.0000000000000000000, 1.232047923278982200E-016 ) ) ;
#4565 =( LENGTH_UNIT ( ) NAMED_UNIT ( * ) SI_UNIT ( .MILLI., .METRE. ) );
#4566 = SURFACE_STYLE_USAGE ( .BOTH. , #8512 ) ;
#4567 = LINE ( 'NONE', #5286, #4373 ) ;
#4568 = UNCERTAINTY_MEASURE_WITH_UNIT (LENGTH_MEASURE( 1.000000000000000100E-005 ), #3505, 'distance_accuracy_value', 'NONE');
#4569 = VECTOR ( 'NONE', #7829, 1000.000000000000000 ) ;
#4570 = ORIENTED_EDGE ( 'NONE', *, *, #7818, .F. ) ;
#4571 = DIRECTION ( 'NONE',  ( -1.000000000000000000, -0.0000000000000000000, -0.0000000000000000000 ) ) ;
#4572 = CARTESIAN_POINT ( 'NONE',  ( -1.590000000000000300, -2.799999999999999400, -5.300000000000000700 ) ) ;
#4573 = STYLED_ITEM ( 'NONE', ( #2582 ), #5510 ) ;
#4574 =( GEOMETRIC_REPRESENTATION_CONTEXT ( 3 ) GLOBAL_UNCERTAINTY_ASSIGNED_CONTEXT ( ( #7928 ) ) GLOBAL_UNIT_ASSIGNED_CONTEXT ( ( #7915, #3966, #8582 ) ) REPRESENTATION_CONTEXT ( 'NONE', 'WORKASPACE' ) );
#4575 = VECTOR ( 'NONE', #666, 1000.000000000000000 ) ;
#4576 =( NAMED_UNIT ( * ) SI_UNIT ( $, .STERADIAN. ) SOLID_ANGLE_UNIT ( ) );
#4577 = LINE ( 'NONE', #7730, #6350 ) ;
#4578 = PRESENTATION_LAYER_ASSIGNMENT (  '', '', ( #3701 ) ) ;
#4579 = VECTOR ( 'NONE', #3717, 1000.000000000000100 ) ;
#4580 = CARTESIAN_POINT ( 'NONE',  ( -2.540000000000000000, 0.0000000000000000000, -3.443421052631578900 ) ) ;
#4581 = CARTESIAN_POINT ( 'NONE',  ( -1.050000000000000000, 11.70000000000000100, -14.92000000000000200 ) ) ;
#4582 = CARTESIAN_POINT ( 'NONE',  ( 0.9499999999999999600, -2.799999999999999400, -15.45999999999999900 ) ) ;
#4583 = VERTEX_POINT ( 'NONE', #4622 ) ;
#4584 = EDGE_CURVE ( 'NONE', #1235, #448, #6468, .T. ) ;
#4585 = EDGE_LOOP ( 'NONE', ( #8076, #6627, #2880, #6893 ) ) ;
#4586 = VECTOR ( 'NONE', #3678, 1000.000000000000000 ) ;
#4587 = SURFACE_STYLE_FILL_AREA ( #3162 ) ;
#4588 = ADVANCED_FACE ( 'NONE', ( #6663 ), #1275, .F. ) ;
#4589 = DIRECTION ( 'NONE',  ( 0.0000000000000000000, 1.000000000000000000, 0.0000000000000000000 ) ) ;
#4590 = MECHANICAL_DESIGN_GEOMETRIC_PRESENTATION_REPRESENTATION (  '', ( #3712 ), #5051 ) ;
#4591 = ORIENTED_EDGE ( 'NONE', *, *, #5493, .F. ) ;
#4592 = ORIENTED_EDGE ( 'NONE', *, *, #4744, .T. ) ;
#4593 =( NAMED_UNIT ( * ) PLANE_ANGLE_UNIT ( ) SI_UNIT ( $, .RADIAN. ) );
#4594 =( LENGTH_UNIT ( ) NAMED_UNIT ( * ) SI_UNIT ( .MILLI., .METRE. ) );
#4595 = EDGE_LOOP ( 'NONE', ( #4452, #3849, #3179, #7574 ) ) ;
#4596 = VECTOR ( 'NONE', #5557, 1000.000000000000100 ) ;
#4597 = PLANE ( 'NONE',  #5972 ) ;
#4598 = FACE_OUTER_BOUND ( 'NONE', #2242, .T. ) ;
#4599 = DIRECTION ( 'NONE',  ( 0.0000000000000000000, 1.000000000000000000, 0.0000000000000000000 ) ) ;
#4600 = DIRECTION ( 'NONE',  ( 0.0000000000000000000, 1.000000000000000000, 0.0000000000000000000 ) ) ;
#4601 = AXIS2_PLACEMENT_3D ( 'NONE', #2890, #7534, #3578 ) ;
#4602 = ORIENTED_EDGE ( 'NONE', *, *, #2815, .F. ) ;
#4603 =( GEOMETRIC_REPRESENTATION_CONTEXT ( 3 ) GLOBAL_UNCERTAINTY_ASSIGNED_CONTEXT ( ( #7920 ) ) GLOBAL_UNIT_ASSIGNED_CONTEXT ( ( #1001, #968, #391 ) ) REPRESENTATION_CONTEXT ( 'NONE', 'WORKASPACE' ) );
#4604 = DIRECTION ( 'NONE',  ( 0.7071067811865487900, 0.0000000000000000000, -0.7071067811865463500 ) ) ;
#4605 = FILL_AREA_STYLE ('',( #8551 ) ) ;
#4606 = UNCERTAINTY_MEASURE_WITH_UNIT (LENGTH_MEASURE( 1.000000000000000100E-005 ), #3230, 'distance_accuracy_value', 'NONE');
#4607 = ORIENTED_EDGE ( 'NONE', *, *, #6366, .T. ) ;
#4608 = MECHANICAL_DESIGN_GEOMETRIC_PRESENTATION_REPRESENTATION (  '', ( #3258 ), #5066 ) ;
#4609 = FACE_OUTER_BOUND ( 'NONE', #4585, .T. ) ;
#4610 = ORIENTED_EDGE ( 'NONE', *, *, #4290, .F. ) ;
#4611 = DIRECTION ( 'NONE',  ( -1.000000000000000000, -0.0000000000000000000, -0.0000000000000000000 ) ) ;
#4612 = ORIENTED_EDGE ( 'NONE', *, *, #6657, .T. ) ;
#4613 = DIRECTION ( 'NONE',  ( -0.7071067811865475700, 0.0000000000000000000, 0.7071067811865475700 ) ) ;
#4614 = DIRECTION ( 'NONE',  ( 0.0000000000000000000, 0.0000000000000000000, -1.000000000000000000 ) ) ;
#4615 = VECTOR ( 'NONE', #8533, 1000.000000000000000 ) ;
#4616 = CARTESIAN_POINT ( 'NONE',  ( 1.490000000000000000, 11.70000000000000100, -5.400000000000000400 ) ) ;
#4617 = VECTOR ( 'NONE', #8454, 1000.000000000000000 ) ;
#4618 = UNCERTAINTY_MEASURE_WITH_UNIT (LENGTH_MEASURE( 1.000000000000000100E-005 ), #3666, 'distance_accuracy_value', 'NONE');
#4619 = EDGE_CURVE ( 'NONE', #7468, #575, #5851, .T. ) ;
#4620 = EDGE_LOOP ( 'NONE', ( #3882, #8049, #2185, #4798, #3762, #6043, #5863, #3609 ) ) ;
#4621 = ORIENTED_EDGE ( 'NONE', *, *, #4010, .T. ) ;
#4622 = CARTESIAN_POINT ( 'NONE',  ( -1.050000000000000000, -2.799999999999999400, -10.48000000000000200 ) ) ;
#4623 = ORIENTED_EDGE ( 'NONE', *, *, #8419, .F. ) ;
#4624 = DIRECTION ( 'NONE',  ( 0.0000000000000000000, 1.000000000000000000, 0.0000000000000000000 ) ) ;
#4625 = FILL_AREA_STYLE ('',( #8507 ) ) ;
#4626 = AXIS2_PLACEMENT_3D ( 'NONE', #2539, #7194, #3215 ) ;
#4627 = ORIENTED_EDGE ( 'NONE', *, *, #2957, .T. ) ;
#4628 =( GEOMETRIC_REPRESENTATION_CONTEXT ( 3 ) GLOBAL_UNCERTAINTY_ASSIGNED_CONTEXT ( ( #5697 ) ) GLOBAL_UNIT_ASSIGNED_CONTEXT ( ( #6595, #2595, #7238 ) ) REPRESENTATION_CONTEXT ( 'NONE', 'WORKASPACE' ) );
#4629 = LINE ( 'NONE', #6817, #7918 ) ;
#4630 = FILL_AREA_STYLE ('',( #607 ) ) ;
#4631 = CARTESIAN_POINT ( 'NONE',  ( 0.0000000000000000000, 11.70000000000000100, -15.24000000000000000 ) ) ;
#4632 = ORIENTED_EDGE ( 'NONE', *, *, #7538, .F. ) ;
#4633 = PLANE ( 'NONE',  #4975 ) ;
#4634 = CARTESIAN_POINT ( 'NONE',  ( 2.020000000000001400, 0.2999999999999999900, -16.51000000000000200 ) ) ;
#4635 = ADVANCED_FACE ( 'NONE', ( #500 ), #1932, .F. ) ;
#4636 = LINE ( 'NONE', #5201, #8124 ) ;
#4637 = AXIS2_PLACEMENT_3D ( 'NONE', #67, #4756, #750 ) ;
#4638 = CARTESIAN_POINT ( 'NONE',  ( 2.540000000000000900, 0.0000000000000000000, -0.8700000000000006600 ) ) ;
#4639 = DIRECTION ( 'NONE',  ( 0.0000000000000000000, 1.000000000000000000, 0.0000000000000000000 ) ) ;
#4640 = DIRECTION ( 'NONE',  ( -0.6782059721786390900, 0.0000000000000000000, -0.7348718659067219300 ) ) ;
#4641 = STYLED_ITEM ( 'NONE', ( #8384 ), #5898 ) ;
#4642 = ORIENTED_EDGE ( 'NONE', *, *, #6101, .F. ) ;
#4643 = MECHANICAL_DESIGN_GEOMETRIC_PRESENTATION_REPRESENTATION (  '', ( #3295 ), #5106 ) ;
#4644 = CARTESIAN_POINT ( 'NONE',  ( 0.9499999999999999600, 11.70000000000000100, -2.319999999999999800 ) ) ;
#4645 = LINE ( 'NONE', #3603, #1292 ) ;
#4646 = ORIENTED_EDGE ( 'NONE', *, *, #5007, .T. ) ;
#4647 = UNCERTAINTY_MEASURE_WITH_UNIT (LENGTH_MEASURE( 1.000000000000000100E-005 ), #2614, 'distance_accuracy_value', 'NONE');
#4648 = CARTESIAN_POINT ( 'NONE',  ( -0.9499999999999999600, -2.799999999999999400, -10.38000000000000100 ) ) ;
#4649 = FILL_AREA_STYLE ('',( #2592 ) ) ;
#4650 = EDGE_CURVE ( 'NONE', #2108, #5935, #1648, .T. ) ;
#4651 = MECHANICAL_DESIGN_GEOMETRIC_PRESENTATION_REPRESENTATION (  '', ( #3306 ), #5118 ) ;
#4652 = PLANE ( 'NONE',  #1754 ) ;
#4653 = SURFACE_SIDE_STYLE ('',( #3400 ) ) ;
#4654 = CARTESIAN_POINT ( 'NONE',  ( -2.540000000000000000, 1.700000000000000000, -0.9034210526315790100 ) ) ;
#4655 = FILL_AREA_STYLE ('',( #8577 ) ) ;
#4656 = VERTEX_POINT ( 'NONE', #3357 ) ;
#4657 = FACE_OUTER_BOUND ( 'NONE', #7621, .T. ) ;
#4658 = PRESENTATION_LAYER_ASSIGNMENT (  '', '', ( #3777 ) ) ;
#4659 = ORIENTED_EDGE ( 'NONE', *, *, #3973, .T. ) ;
#4660 = CARTESIAN_POINT ( 'NONE',  ( -1.050000000000000000, -2.799999999999999400, -4.760000000000000700 ) ) ;
#4661 = DIRECTION ( 'NONE',  ( 0.7071067811865486800, 0.0000000000000000000, 0.7071067811865464600 ) ) ;
#4662 = CARTESIAN_POINT ( 'NONE',  ( 1.590000000000000100, -2.799999999999999400, -5.300000000000000700 ) ) ;
#4663 =( NAMED_UNIT ( * ) SI_UNIT ( $, .STERADIAN. ) SOLID_ANGLE_UNIT ( ) );
#4664 = VECTOR ( 'NONE', #353, 1000.000000000000000 ) ;
#4665 = ORIENTED_EDGE ( 'NONE', *, *, #5956, .F. ) ;
#4666 = FACE_OUTER_BOUND ( 'NONE', #477, .T. ) ;
#4667 = VECTOR ( 'NONE', #340, 999.9999999999998900 ) ;
#4668 = ADVANCED_FACE ( 'NONE', ( #5014 ), #4043, .T. ) ;
#4669 = DIRECTION ( 'NONE',  ( 0.7071067811865486800, 0.0000000000000000000, 0.7071067811865464600 ) ) ;
#4670 = MECHANICAL_DESIGN_GEOMETRIC_PRESENTATION_REPRESENTATION (  '', ( #3321 ), #5142 ) ;
#4671 = EDGE_CURVE ( 'NONE', #6823, #7314, #2590, .T. ) ;
#4672 =( LENGTH_UNIT ( ) NAMED_UNIT ( * ) SI_UNIT ( .MILLI., .METRE. ) );
#4673 = UNCERTAINTY_MEASURE_WITH_UNIT (LENGTH_MEASURE( 1.000000000000000100E-005 ), #5075, 'distance_accuracy_value', 'NONE');
#4674 = COLOUR_RGB ( '',0.7960784313725489700, 0.8235294117647058400, 0.9372549019607843100 ) ;
#4675 = CARTESIAN_POINT ( 'NONE',  ( -1.490000000000000000, -2.799999999999999400, -13.02000000000000100 ) ) ;
#4676 = CARTESIAN_POINT ( 'NONE',  ( -1.590000000000000300, 11.70000000000000100, -12.92000000000000200 ) ) ;
#4677 = CARTESIAN_POINT ( 'NONE',  ( 2.140000000000000100, 1.700000000000000000, -16.51000000000000200 ) ) ;
#4678 = AXIS2_PLACEMENT_3D ( 'NONE', #4828, #827, #5515 ) ;
#4679 = PRESENTATION_STYLE_ASSIGNMENT (( #2680 ) ) ;
#4680 =( GEOMETRIC_REPRESENTATION_CONTEXT ( 3 ) GLOBAL_UNCERTAINTY_ASSIGNED_CONTEXT ( ( #4478 ) ) GLOBAL_UNIT_ASSIGNED_CONTEXT ( ( #3130, #7772, #3821 ) ) REPRESENTATION_CONTEXT ( 'NONE', 'WORKASPACE' ) );
#4681 =( LENGTH_UNIT ( ) NAMED_UNIT ( * ) SI_UNIT ( .MILLI., .METRE. ) );
#4682 = VECTOR ( 'NONE', #8518, 1000.000000000000000 ) ;
#4683 = CARTESIAN_POINT ( 'NONE',  ( -0.9499999999999999600, -2.799999999999999400, -7.839999999999999900 ) ) ;
#4684 = EDGE_LOOP ( 'NONE', ( #3093, #7999, #6679, #8438 ) ) ;
#4685 = MECHANICAL_DESIGN_GEOMETRIC_PRESENTATION_REPRESENTATION (  '', ( #3342 ), #5156 ) ;
#4686 =( NAMED_UNIT ( * ) SI_UNIT ( $, .STERADIAN. ) SOLID_ANGLE_UNIT ( ) );
#4687 = ORIENTED_EDGE ( 'NONE', *, *, #5441, .T. ) ;
#4688 = DIRECTION ( 'NONE',  ( -1.000000000000000000, 0.0000000000000000000, -1.232047923278982000E-016 ) ) ;
#4689 = PRESENTATION_STYLE_ASSIGNMENT (( #5467 ) ) ;
#4690 = EDGE_CURVE ( 'NONE', #2695, #6363, #7884, .T. ) ;
#4691 = EDGE_LOOP ( 'NONE', ( #6641, #8285, #7894, #5629 ) ) ;
#4692 = LINE ( 'NONE', #5208, #6261 ) ;
#4693 = VERTEX_POINT ( 'NONE', #6085 ) ;
#4694 = VERTEX_POINT ( 'NONE', #6724 ) ;
#4695 = VECTOR ( 'NONE', #5963, 1000.000000000000000 ) ;
#4696 = ORIENTED_EDGE ( 'NONE', *, *, #4412, .F. ) ;
#4697 = DIRECTION ( 'NONE',  ( -0.0000000000000000000, -0.0000000000000000000, -1.000000000000000000 ) ) ;
#4698 = STYLED_ITEM ( 'NONE', ( #1302 ), #7565 ) ;
#4699 = VECTOR ( 'NONE', #4771, 1000.000000000000000 ) ;
#4700 = EDGE_LOOP ( 'NONE', ( #2791, #7123, #1496, #809 ) ) ;
#4701 = CARTESIAN_POINT ( 'NONE',  ( 1.050000000000000000, 11.70000000000000100, -10.48000000000000200 ) ) ;
#4702 = DIRECTION ( 'NONE',  ( 1.000000000000000000, 0.0000000000000000000, 0.0000000000000000000 ) ) ;
#4703 = LINE ( 'NONE', #729, #2923 ) ;
#4704 = SURFACE_STYLE_FILL_AREA ( #5985 ) ;
#4705 = LINE ( 'NONE', #8545, #1164 ) ;
#4706 = FILL_AREA_STYLE ('',( #2684 ) ) ;
#4707 = CARTESIAN_POINT ( 'NONE',  ( -1.590000000000000300, -2.799999999999999400, -2.760000000000000200 ) ) ;
#4708 =( GEOMETRIC_REPRESENTATION_CONTEXT ( 3 ) GLOBAL_UNCERTAINTY_ASSIGNED_CONTEXT ( ( #8475 ) ) GLOBAL_UNIT_ASSIGNED_CONTEXT ( ( #8501, #4560, #545 ) ) REPRESENTATION_CONTEXT ( 'NONE', 'WORKASPACE' ) );
#4709 = VECTOR ( 'NONE', #5895, 1000.000000000000000 ) ;
#4710 = DIRECTION ( 'NONE',  ( 0.7071067811865486800, 0.0000000000000000000, 0.7071067811865464600 ) ) ;
#4711 = DIRECTION ( 'NONE',  ( 0.0000000000000000000, 0.0000000000000000000, -1.000000000000000000 ) ) ;
#4712 = ADVANCED_FACE ( 'NONE', ( #5950 ), #4730, .T. ) ;
#4713 = VECTOR ( 'NONE', #2521, 1000.000000000000000 ) ;
#4714 = ORIENTED_EDGE ( 'NONE', *, *, #6126, .T. ) ;
#4715 = VECTOR ( 'NONE', #4484, 1000.000000000000000 ) ;
#4716 = COLOUR_RGB ( '',0.7960784313725489700, 0.8235294117647058400, 0.9372549019607843100 ) ;
#4717 = EDGE_CURVE ( 'NONE', #377, #7508, #5331, .T. ) ;
#4718 = DIRECTION ( 'NONE',  ( 0.7071067811865477900, 0.0000000000000000000, -0.7071067811865473500 ) ) ;
#4719 = CARTESIAN_POINT ( 'NONE',  ( -1.590000000000000300, -2.799999999999999400, -4.860000000000000300 ) ) ;
#4720 = LINE ( 'NONE', #2991, #2727 ) ;
#4721 = ORIENTED_EDGE ( 'NONE', *, *, #5188, .T. ) ;
#4722 = LINE ( 'NONE', #4937, #2946 ) ;
#4723 = CARTESIAN_POINT ( 'NONE',  ( -2.540000000000000000, 1.700000000000000000, -0.9034210526315790100 ) ) ;
#4724 = EDGE_CURVE ( 'NONE', #1862, #18, #7075, .T. ) ;
#4725 = EDGE_CURVE ( 'NONE', #453, #1850, #1749, .T. ) ;
#4726 = EDGE_LOOP ( 'NONE', ( #8335, #7097, #6154, #5758 ) ) ;
#4727 = VECTOR ( 'NONE', #4352, 1000.000000000000000 ) ;
#4728 = CARTESIAN_POINT ( 'NONE',  ( 0.0000000000000000000, 0.0000000000000000000, 0.0000000000000000000 ) ) ;
#4729 = FILL_AREA_STYLE_COLOUR ( '', #3835 ) ;
#4730 = PLANE ( 'NONE',  #8064 ) ;
#4731 = VERTEX_POINT ( 'NONE', #3443 ) ;
#4732 = DIRECTION ( 'NONE',  ( 0.6756367705307529900, -0.0000000000000000000, 0.7372346670543747900 ) ) ;
#4733 =( GEOMETRIC_REPRESENTATION_CONTEXT ( 3 ) GLOBAL_UNCERTAINTY_ASSIGNED_CONTEXT ( ( #2630 ) ) GLOBAL_UNIT_ASSIGNED_CONTEXT ( ( #1353, #6042, #2004 ) ) REPRESENTATION_CONTEXT ( 'NONE', 'WORKASPACE' ) );
#4734 = CARTESIAN_POINT ( 'NONE',  ( -1.050000000000000000, -2.799999999999999400, -2.220000000000000200 ) ) ;
#4735 = AXIS2_PLACEMENT_3D ( 'NONE', #1759, #6440, #2438 ) ;
#4736 = CARTESIAN_POINT ( 'NONE',  ( -0.9499999999999999600, 11.70000000000000100, -15.45999999999999900 ) ) ;
#4737 = FILL_AREA_STYLE ('',( #36 ) ) ;
#4738 = DIRECTION ( 'NONE',  ( 0.7071067811865473500, -0.0000000000000000000, 0.7071067811865477900 ) ) ;
#4739 = SURFACE_STYLE_USAGE ( .BOTH. , #43 ) ;
#4740 = FILL_AREA_STYLE_COLOUR ( '', #5353 ) ;
#4741 = AXIS2_PLACEMENT_3D ( 'NONE', #6400, #2388, #7049 ) ;
#4742 = SURFACE_STYLE_FILL_AREA ( #7472 ) ;
#4743 =( GEOMETRIC_REPRESENTATION_CONTEXT ( 3 ) GLOBAL_UNCERTAINTY_ASSIGNED_CONTEXT ( ( #4273 ) ) GLOBAL_UNIT_ASSIGNED_CONTEXT ( ( #8392, #4458, #419 ) ) REPRESENTATION_CONTEXT ( 'NONE', 'WORKASPACE' ) );
#4744 = EDGE_CURVE ( 'NONE', #8531, #1149, #6867, .T. ) ;
#4745 = DIRECTION ( 'NONE',  ( -2.492418787322998300E-016, 0.0000000000000000000, -1.000000000000000000 ) ) ;
#4746 = PRESENTATION_STYLE_ASSIGNMENT (( #537 ) ) ;
#4747 = SURFACE_STYLE_USAGE ( .BOTH. , #51 ) ;
#4748 = DIRECTION ( 'NONE',  ( -0.0000000000000000000, -1.000000000000000000, -0.0000000000000000000 ) ) ;
#4749 = VERTEX_POINT ( 'NONE', #5567 ) ;
#4750 = STYLED_ITEM ( 'NONE', ( #1403 ), #7128 ) ;
#4751 = ADVANCED_FACE ( 'NONE', ( #3545 ), #1540, .F. ) ;
#4752 =( LENGTH_UNIT ( ) NAMED_UNIT ( * ) SI_UNIT ( .MILLI., .METRE. ) );
#4753 =( NAMED_UNIT ( * ) SI_UNIT ( $, .STERADIAN. ) SOLID_ANGLE_UNIT ( ) );
#4754 =( NAMED_UNIT ( * ) PLANE_ANGLE_UNIT ( ) SI_UNIT ( $, .RADIAN. ) );
#4755 = EDGE_LOOP ( 'NONE', ( #838, #3725, #1788, #3466 ) ) ;
#4756 = DIRECTION ( 'NONE',  ( 0.0000000000000000000, -1.000000000000000000, 0.0000000000000000000 ) ) ;
#4757 = AXIS2_PLACEMENT_3D ( 'NONE', #5648, #1029, #450 ) ;
#4758 = PRESENTATION_LAYER_ASSIGNMENT (  '', '', ( #3884 ) ) ;
#4759 = SURFACE_SIDE_STYLE ('',( #1346 ) ) ;
#4760 = COLOUR_RGB ( '',0.7960784313725489700, 0.8235294117647058400, 0.9372549019607843100 ) ;
#4761 = CARTESIAN_POINT ( 'NONE',  ( 2.140000000000001500, 0.0000000000000000000, -3.810000000000000100 ) ) ;
#4762 = VECTOR ( 'NONE', #5249, 1000.000000000000000 ) ;
#4763 = FILL_AREA_STYLE ('',( #4113 ) ) ;
#4764 = EDGE_CURVE ( 'NONE', #5017, #3402, #6054, .T. ) ;
#4765 = PRESENTATION_STYLE_ASSIGNMENT (( #6851 ) ) ;
#4766 = LINE ( 'NONE', #7856, #4569 ) ;
#4767 = SURFACE_STYLE_USAGE ( .BOTH. , #84 ) ;
#4768 =( LENGTH_UNIT ( ) NAMED_UNIT ( * ) SI_UNIT ( .MILLI., .METRE. ) );
#4769 = PLANE ( 'NONE',  #4453 ) ;
#4770 = FILL_AREA_STYLE ('',( #4124 ) ) ;
#4771 = DIRECTION ( 'NONE',  ( -0.7071067811865489100, -0.0000000000000000000, 0.7071067811865462400 ) ) ;
#4772 = VECTOR ( 'NONE', #7932, 1000.000000000000000 ) ;
#4773 = UNCERTAINTY_MEASURE_WITH_UNIT (LENGTH_MEASURE( 1.000000000000000100E-005 ), #3736, 'distance_accuracy_value', 'NONE');
#4774 = LINE ( 'NONE', #8293, #8069 ) ;
#4775 = VERTEX_POINT ( 'NONE', #2930 ) ;
#4776 = STYLED_ITEM ( 'NONE', ( #5316 ), #1165 ) ;
#4777 = FILL_AREA_STYLE ('',( #96 ) ) ;
#4778 = CARTESIAN_POINT ( 'NONE',  ( 2.020000000000001400, 0.0000000000000000000, -1.270000000000000000 ) ) ;
#4779 = ORIENTED_EDGE ( 'NONE', *, *, #1852, .F. ) ;
#4780 = DIRECTION ( 'NONE',  ( 0.0000000000000000000, 1.000000000000000000, 0.0000000000000000000 ) ) ;
#4781 = SURFACE_SIDE_STYLE ('',( #113 ) ) ;
#4782 = CARTESIAN_POINT ( 'NONE',  ( 2.540000000000000900, 0.0000000000000000000, 0.8699999999999996600 ) ) ;
#4783 =( LENGTH_UNIT ( ) NAMED_UNIT ( * ) SI_UNIT ( .MILLI., .METRE. ) );
#4784 = CARTESIAN_POINT ( 'NONE',  ( -0.9499999999999999600, -2.799999999999999400, -2.760000000000000200 ) ) ;
#4785 =( GEOMETRIC_REPRESENTATION_CONTEXT ( 3 ) GLOBAL_UNCERTAINTY_ASSIGNED_CONTEXT ( ( #2426 ) ) GLOBAL_UNIT_ASSIGNED_CONTEXT ( ( #1280, #5969, #1936 ) ) REPRESENTATION_CONTEXT ( 'NONE', 'WORKASPACE' ) );
#4786 = LINE ( 'NONE', #1266, #6550 ) ;
#4787 = ORIENTED_EDGE ( 'NONE', *, *, #1711, .T. ) ;
#4788 =( LENGTH_UNIT ( ) NAMED_UNIT ( * ) SI_UNIT ( .MILLI., .METRE. ) );
#4789 = CARTESIAN_POINT ( 'NONE',  ( 1.590000000000000100, -2.799999999999999400, -0.2200000000000001400 ) ) ;
#4790 = FACE_OUTER_BOUND ( 'NONE', #7169, .T. ) ;
#4791 = CARTESIAN_POINT ( 'NONE',  ( -1.050000000000000000, -2.799999999999999400, -2.860000000000000300 ) ) ;
#4792 = VERTEX_POINT ( 'NONE', #2897 ) ;
#4793 = SURFACE_STYLE_USAGE ( .BOTH. , #111 ) ;
#4794 = ADVANCED_FACE ( 'NONE', ( #7789 ), #6919, .T. ) ;
#4795 = MECHANICAL_DESIGN_GEOMETRIC_PRESENTATION_REPRESENTATION (  '', ( #3463 ), #5270 ) ;
#4796 = VECTOR ( 'NONE', #6863, 1000.000000000000100 ) ;
#4797 = PRESENTATION_LAYER_ASSIGNMENT (  '', '', ( #3917 ) ) ;
#4798 = ORIENTED_EDGE ( 'NONE', *, *, #1461, .F. ) ;
#4799 = DIRECTION ( 'NONE',  ( -0.0000000000000000000, -1.000000000000000000, -0.0000000000000000000 ) ) ;
#4800 = CARTESIAN_POINT ( 'NONE',  ( -1.590000000000000300, 11.70000000000000100, -4.860000000000000300 ) ) ;
#4801 = COLOUR_RGB ( '',0.7960784313725489700, 0.8235294117647058400, 0.9372549019607843100 ) ;
#4802 = ORIENTED_EDGE ( 'NONE', *, *, #82, .F. ) ;
#4803 = CARTESIAN_POINT ( 'NONE',  ( 1.050000000000000000, -2.799999999999999400, 0.3199999999999999000 ) ) ;
#4804 = CARTESIAN_POINT ( 'NONE',  ( 1.050000000000000000, -2.799999999999999400, -12.38000000000000300 ) ) ;
#4805 =( NAMED_UNIT ( * ) SI_UNIT ( $, .STERADIAN. ) SOLID_ANGLE_UNIT ( ) );
#4806 = LINE ( 'NONE', #1987, #8095 ) ;
#4807 = SURFACE_STYLE_FILL_AREA ( #5947 ) ;
#4808 = ORIENTED_EDGE ( 'NONE', *, *, #8105, .F. ) ;
#4809 = EDGE_CURVE ( 'NONE', #3985, #7571, #4289, .T. ) ;
#4810 =( NAMED_UNIT ( * ) PLANE_ANGLE_UNIT ( ) SI_UNIT ( $, .RADIAN. ) );
#4811 = STYLED_ITEM ( 'NONE', ( #2456 ), #1580 ) ;
#4812 = VECTOR ( 'NONE', #6702, 1000.000000000000000 ) ;
#4813 = CARTESIAN_POINT ( 'NONE',  ( -1.490000000000000200, 11.70000000000000100, -4.760000000000000700 ) ) ;
#4814 = FACE_OUTER_BOUND ( 'NONE', #4388, .T. ) ;
#4815 = ORIENTED_EDGE ( 'NONE', *, *, #8354, .F. ) ;
#4816 = FACE_OUTER_BOUND ( 'NONE', #7149, .T. ) ;
#4817 = DIRECTION ( 'NONE',  ( 0.7071067811865489100, 0.0000000000000000000, 0.7071067811865461300 ) ) ;
#4818 =( NAMED_UNIT ( * ) PLANE_ANGLE_UNIT ( ) SI_UNIT ( $, .RADIAN. ) );
#4819 = AXIS2_PLACEMENT_3D ( 'NONE', #7595, #3640, #8258 ) ;
#4820 = SURFACE_STYLE_FILL_AREA ( #6513 ) ;
#4821 = SURFACE_SIDE_STYLE ('',( #6329 ) ) ;
#4822 = CARTESIAN_POINT ( 'NONE',  ( 1.490000000000000000, -2.799999999999999400, -14.92000000000000200 ) ) ;
#4823 = DIRECTION ( 'NONE',  ( -1.000000000000000000, -0.0000000000000000000, -0.0000000000000000000 ) ) ;
#4824 = COLOUR_RGB ( '',0.0000000000000000000, 0.003921568627450980300, 0.09019607843137254800 ) ;
#4825 = ORIENTED_EDGE ( 'NONE', *, *, #2856, .F. ) ;
#4826 = EDGE_CURVE ( 'NONE', #2589, #7481, #1847, .T. ) ;
#4827 = UNCERTAINTY_MEASURE_WITH_UNIT (LENGTH_MEASURE( 1.000000000000000100E-005 ), #4991, 'distance_accuracy_value', 'NONE');
#4828 = CARTESIAN_POINT ( 'NONE',  ( 1.490000000000000000, -2.799999999999999400, -2.860000000000000300 ) ) ;
#4829 = SURFACE_SIDE_STYLE ('',( #6601 ) ) ;
#4830 = DIRECTION ( 'NONE',  ( 0.0000000000000000000, 1.000000000000000000, 0.0000000000000000000 ) ) ;
#4831 = CARTESIAN_POINT ( 'NONE',  ( -2.539999999999999600, 1.700000000000000000, -6.783421052631577900 ) ) ;
#4832 = PRESENTATION_LAYER_ASSIGNMENT (  '', '', ( #3948 ) ) ;
#4833 = EDGE_CURVE ( 'NONE', #1225, #6213, #3655, .T. ) ;
#4834 = ADVANCED_FACE ( 'NONE', ( #8498 ), #6979, .F. ) ;
#4835 = PRESENTATION_STYLE_ASSIGNMENT (( #7340 ) ) ;
#4836 = VECTOR ( 'NONE', #8427, 1000.000000000000000 ) ;
#4837 = SURFACE_SIDE_STYLE ('',( #2555 ) ) ;
#4838 = CARTESIAN_POINT ( 'NONE',  ( 0.9499999999999999600, -2.799999999999999400, -4.860000000000000300 ) ) ;
#4839 = AXIS2_PLACEMENT_3D ( 'NONE', #6982, #2983, #7626 ) ;
#4840 = SURFACE_SIDE_STYLE ('',( #6397 ) ) ;
#4841 = VECTOR ( 'NONE', #7916, 1000.000000000000000 ) ;
#4842 = STYLED_ITEM ( 'NONE', ( #1656 ), #2776 ) ;
#4843 = PLANE ( 'NONE',  #2945 ) ;
#4844 = VECTOR ( 'NONE', #4906, 1000.000000000000000 ) ;
#4845 = ORIENTED_EDGE ( 'NONE', *, *, #8557, .T. ) ;
#4846 = FILL_AREA_STYLE_COLOUR ( '', #7427 ) ;
#4847 = FILL_AREA_STYLE_COLOUR ( '', #7232 ) ;
#4848 = CARTESIAN_POINT ( 'NONE',  ( 0.9499999999999999600, -2.799999999999999400, -15.02000000000000000 ) ) ;
#4849 = SURFACE_SIDE_STYLE ('',( #2323 ) ) ;
#4850 =( NAMED_UNIT ( * ) PLANE_ANGLE_UNIT ( ) SI_UNIT ( $, .RADIAN. ) );
#4851 =( GEOMETRIC_REPRESENTATION_CONTEXT ( 3 ) GLOBAL_UNCERTAINTY_ASSIGNED_CONTEXT ( ( #2473 ) ) GLOBAL_UNIT_ASSIGNED_CONTEXT ( ( #5015, #1009, #5684 ) ) REPRESENTATION_CONTEXT ( 'NONE', 'WORKASPACE' ) );
#4852 = EDGE_CURVE ( 'NONE', #6100, #7555, #1033, .T. ) ;
#4853 = LINE ( 'NONE', #7349, #8144 ) ;
#4854 = EDGE_CURVE ( 'NONE', #4176, #4693, #7877, .T. ) ;
#4855 = VECTOR ( 'NONE', #3534, 999.9999999999998900 ) ;
#4856 = FILL_AREA_STYLE_COLOUR ( '', #2269 ) ;
#4857 = SURFACE_STYLE_USAGE ( .BOTH. , #169 ) ;
#4858 = DIRECTION ( 'NONE',  ( -0.0000000000000000000, 1.000000000000000000, 0.0000000000000000000 ) ) ;
#4859 = VECTOR ( 'NONE', #6871, 1000.000000000000000 ) ;
#4860 = ORIENTED_EDGE ( 'NONE', *, *, #1428, .F. ) ;
#4861 = LINE ( 'NONE', #2888, #8375 ) ;
#4862 = ORIENTED_EDGE ( 'NONE', *, *, #4322, .F. ) ;
#4863 = PRESENTATION_STYLE_ASSIGNMENT (( #3328 ) ) ;
#4864 =( LENGTH_UNIT ( ) NAMED_UNIT ( * ) SI_UNIT ( .MILLI., .METRE. ) );
#4865 = SURFACE_STYLE_FILL_AREA ( #5727 ) ;
#4866 = ORIENTED_EDGE ( 'NONE', *, *, #8280, .F. ) ;
#4867 = MECHANICAL_DESIGN_GEOMETRIC_PRESENTATION_REPRESENTATION (  '', ( #3533 ), #5340 ) ;
#4868 = SURFACE_SIDE_STYLE ('',( #3084 ) ) ;
#4869 = CARTESIAN_POINT ( 'NONE',  ( -2.540000000000000000, 1.700000000000000000, -11.06342105263158100 ) ) ;
#4870 = PRESENTATION_LAYER_ASSIGNMENT (  '', '', ( #3994 ) ) ;
#4871 = ORIENTED_EDGE ( 'NONE', *, *, #5131, .F. ) ;
#4872 = LINE ( 'NONE', #2326, #1319 ) ;
#4873 = CARTESIAN_POINT ( 'NONE',  ( -1.490000000000000200, -2.799999999999999400, -7.299999999999999800 ) ) ;
#4874 = CARTESIAN_POINT ( 'NONE',  ( 0.0000000000000000000, -2.799999999999999400, 0.0000000000000000000 ) ) ;
#4875 = EDGE_CURVE ( 'NONE', #7016, #1511, #2799, .T. ) ;
#4876 = LINE ( 'NONE', #75, #3107 ) ;
#4877 = DIRECTION ( 'NONE',  ( 0.0000000000000000000, 0.0000000000000000000, 1.000000000000000000 ) ) ;
#4878 = SURFACE_STYLE_USAGE ( .BOTH. , #4849 ) ;
#4879 = FILL_AREA_STYLE ('',( #189 ) ) ;
#4880 = ADVANCED_FACE ( 'NONE', ( #2581 ), #2366, .F. ) ;
#4881 = EDGE_CURVE ( 'NONE', #8305, #6984, #2722, .T. ) ;
#4882 = VERTEX_POINT ( 'NONE', #2398 ) ;
#4883 = EDGE_CURVE ( 'NONE', #5262, #172, #7811, .T. ) ;
#4884 = DIRECTION ( 'NONE',  ( -0.7071067811865482400, 0.0000000000000000000, -0.7071067811865469100 ) ) ;
#4885 = EDGE_LOOP ( 'NONE', ( #6288, #6314, #5049, #1627 ) ) ;
#4886 = VECTOR ( 'NONE', #2489, 1000.000000000000000 ) ;
#4887 = FACE_OUTER_BOUND ( 'NONE', #483, .T. ) ;
#4888 = UNCERTAINTY_MEASURE_WITH_UNIT (LENGTH_MEASURE( 1.000000000000000100E-005 ), #5481, 'distance_accuracy_value', 'NONE');
#4889 = DIRECTION ( 'NONE',  ( -0.7071067811865481300, 0.0000000000000000000, -0.7071067811865470200 ) ) ;
#4890 = DIRECTION ( 'NONE',  ( 0.0000000000000000000, 1.000000000000000000, 0.0000000000000000000 ) ) ;
#4891 = CARTESIAN_POINT ( 'NONE',  ( 1.490000000000000000, -2.799999999999999400, -7.940000000000001300 ) ) ;
#4892 = ORIENTED_EDGE ( 'NONE', *, *, #7759, .T. ) ;
#4893 = PRESENTATION_STYLE_ASSIGNMENT (( #8188 ) ) ;
#4894 = MECHANICAL_DESIGN_GEOMETRIC_PRESENTATION_REPRESENTATION (  '', ( #3563 ), #5364 ) ;
#4895 = PRESENTATION_LAYER_ASSIGNMENT (  '', '', ( #4018 ) ) ;
#4896 =( LENGTH_UNIT ( ) NAMED_UNIT ( * ) SI_UNIT ( .MILLI., .METRE. ) );
#4897 = STYLED_ITEM ( 'NONE', ( #1174 ), #2330 ) ;
#4898 = ORIENTED_EDGE ( 'NONE', *, *, #6507, .T. ) ;
#4899 = FILL_AREA_STYLE ('',( #4253 ) ) ;
#4900 =( NAMED_UNIT ( * ) PLANE_ANGLE_UNIT ( ) SI_UNIT ( $, .RADIAN. ) );
#4901 = FACE_OUTER_BOUND ( 'NONE', #6093, .T. ) ;
#4902 = ORIENTED_EDGE ( 'NONE', *, *, #1879, .F. ) ;
#4903 = VECTOR ( 'NONE', #7233, 1000.000000000000000 ) ;
#4904 = ORIENTED_EDGE ( 'NONE', *, *, #2213, .T. ) ;
#4905 = FILL_AREA_STYLE ('',( #8176 ) ) ;
#4906 = DIRECTION ( 'NONE',  ( 0.0000000000000000000, 0.0000000000000000000, 1.000000000000000000 ) ) ;
#4907 = MECHANICAL_DESIGN_GEOMETRIC_PRESENTATION_REPRESENTATION (  '', ( #3574 ), #5376 ) ;
#4908 = VECTOR ( 'NONE', #4748, 1000.000000000000000 ) ;
#4909 = PLANE ( 'NONE',  #3760 ) ;
#4910 = ORIENTED_EDGE ( 'NONE', *, *, #4267, .T. ) ;
#4911 =( NAMED_UNIT ( * ) SI_UNIT ( $, .STERADIAN. ) SOLID_ANGLE_UNIT ( ) );
#4912 = PLANE ( 'NONE',  #4757 ) ;
#4913 = VECTOR ( 'NONE', #290, 1000.000000000000000 ) ;
#4914 = ORIENTED_EDGE ( 'NONE', *, *, #2173, .T. ) ;
#4915 =( NAMED_UNIT ( * ) SI_UNIT ( $, .STERADIAN. ) SOLID_ANGLE_UNIT ( ) );
#4916 = CARTESIAN_POINT ( 'NONE',  ( -1.590000000000000300, 11.70000000000000100, -12.48000000000000200 ) ) ;
#4917 = FILL_AREA_STYLE_COLOUR ( '', #1579 ) ;
#4918 = SURFACE_STYLE_USAGE ( .BOTH. , #227 ) ;
#4919 = VECTOR ( 'NONE', #3165, 1000.000000000000000 ) ;
#4920 = ORIENTED_EDGE ( 'NONE', *, *, #8253, .T. ) ;
#4921 = VECTOR ( 'NONE', #7715, 1000.000000000000000 ) ;
#4922 = CARTESIAN_POINT ( 'NONE',  ( 1.490000000000000000, -2.799999999999999400, -2.220000000000000200 ) ) ;
#4923 = DIRECTION ( 'NONE',  ( 0.7071067811865487900, 0.0000000000000000000, -0.7071067811865463500 ) ) ;
#4924 = LINE ( 'NONE', #6855, #8217 ) ;
#4925 = PRESENTATION_STYLE_ASSIGNMENT (( #3331 ) ) ;
#4926 = ADVANCED_FACE ( 'NONE', ( #4321 ), #6405, .F. ) ;
#4927 = COLOUR_RGB ( '',0.7960784313725489700, 0.8235294117647058400, 0.9372549019607843100 ) ;
#4928 = EDGE_CURVE ( 'NONE', #1334, #8462, #3687, .T. ) ;
#4929 = CARTESIAN_POINT ( 'NONE',  ( -1.490000000000000000, -2.799999999999999400, -10.48000000000000200 ) ) ;
#4930 = UNCERTAINTY_MEASURE_WITH_UNIT (LENGTH_MEASURE( 1.000000000000000100E-005 ), #1804, 'distance_accuracy_value', 'NONE');
#4931 = ORIENTED_EDGE ( 'NONE', *, *, #7229, .T. ) ;
#4932 = AXIS2_PLACEMENT_3D ( 'NONE', #1480, #6177, #2137 ) ;
#4933 = ORIENTED_EDGE ( 'NONE', *, *, #6592, .T. ) ;
#4934 = LINE ( 'NONE', #7750, #4727 ) ;
#4935 = EDGE_LOOP ( 'NONE', ( #7138, #5102, #5184, #2504 ) ) ;
#4936 = CARTESIAN_POINT ( 'NONE',  ( 1.490000000000000000, -2.799999999999999400, -12.38000000000000300 ) ) ;
#4937 = CARTESIAN_POINT ( 'NONE',  ( -1.050000000000000000, -2.799999999999999400, -5.400000000000000400 ) ) ;
#4938 = EDGE_CURVE ( 'NONE', #8422, #6562, #303, .T. ) ;
#4939 = SURFACE_STYLE_FILL_AREA ( #6742 ) ;
#4940 = CARTESIAN_POINT ( 'NONE',  ( 1.050000000000000000, -2.799999999999999400, -0.3200000000000001200 ) ) ;
#4941 = FILL_AREA_STYLE_COLOUR ( '', #3285 ) ;
#4942 = DIRECTION ( 'NONE',  ( -0.7071067811865481300, 0.0000000000000000000, -0.7071067811865470200 ) ) ;
#4943 = ORIENTED_EDGE ( 'NONE', *, *, #5281, .F. ) ;
#4944 = CARTESIAN_POINT ( 'NONE',  ( -2.540000000000000000, 1.700000000000000000, -0.9034210526315790100 ) ) ;
#4945 = UNCERTAINTY_MEASURE_WITH_UNIT (LENGTH_MEASURE( 1.000000000000000100E-005 ), #3879, 'distance_accuracy_value', 'NONE');
#4946 = PRESENTATION_STYLE_ASSIGNMENT (( #2236 ) ) ;
#4947 = EDGE_CURVE ( 'NONE', #5980, #5342, #1877, .T. ) ;
#4948 = CARTESIAN_POINT ( 'NONE',  ( 0.9499999999999999600, -2.799999999999999400, -5.299999999999999800 ) ) ;
#4949 = CARTESIAN_POINT ( 'NONE',  ( 0.9499999999999999600, 11.70000000000000100, -15.45999999999999900 ) ) ;
#4950 = COLOUR_RGB ( '',0.0000000000000000000, 0.003921568627450980300, 0.09019607843137254800 ) ;
#4951 = CARTESIAN_POINT ( 'NONE',  ( 1.590000000000000100, 11.70000000000000100, -15.02000000000000000 ) ) ;
#4952 = DIRECTION ( 'NONE',  ( 1.000000000000000000, 0.0000000000000000000, 1.232047923278982200E-016 ) ) ;
#4953 = SURFACE_SIDE_STYLE ('',( #7782 ) ) ;
#4954 = SURFACE_STYLE_FILL_AREA ( #6336 ) ;
#4955 = ORIENTED_EDGE ( 'NONE', *, *, #1710, .T. ) ;
#4956 = DIRECTION ( 'NONE',  ( 0.7071067811865474600, 0.0000000000000000000, 0.7071067811865474600 ) ) ;
#4957 = LINE ( 'NONE', #7140, #6517 ) ;
#4958 = COLOUR_RGB ( '',0.7960784313725489700, 0.8235294117647058400, 0.9372549019607843100 ) ;
#4959 = EDGE_LOOP ( 'NONE', ( #2550, #1340, #59, #2050 ) ) ;
#4960 = MECHANICAL_DESIGN_GEOMETRIC_PRESENTATION_REPRESENTATION (  '', ( #3622 ), #5417 ) ;
#4961 = COLOUR_RGB ( '',0.7960784313725489700, 0.8235294117647058400, 0.9372549019607843100 ) ;
#4962 =( NAMED_UNIT ( * ) SI_UNIT ( $, .STERADIAN. ) SOLID_ANGLE_UNIT ( ) );
#4963 = STYLED_ITEM ( 'NONE', ( #4925 ), #8565 ) ;
#4964 = CARTESIAN_POINT ( 'NONE',  ( -2.540000000000000000, 1.700000000000000000, -8.523421052631579900 ) ) ;
#4965 =( LENGTH_UNIT ( ) NAMED_UNIT ( * ) SI_UNIT ( .MILLI., .METRE. ) );
#4966 = COLOUR_RGB ( '',0.7960784313725489700, 0.8235294117647058400, 0.9372549019607843100 ) ;
#4967 = PLANE ( 'NONE',  #4341 ) ;
#4968 = PRESENTATION_LAYER_ASSIGNMENT (  '', '', ( #4082 ) ) ;
#4969 = PRESENTATION_STYLE_ASSIGNMENT (( #5976 ) ) ;
#4970 = COLOUR_RGB ( '',0.0000000000000000000, 0.003921568627450980300, 0.09019607843137254800 ) ;
#4971 = CARTESIAN_POINT ( 'NONE',  ( 0.0000000000000000000, 11.70000000000000100, -7.620000000000000100 ) ) ;
#4972 =( LENGTH_UNIT ( ) NAMED_UNIT ( * ) SI_UNIT ( .MILLI., .METRE. ) );
#4973 = FILL_AREA_STYLE ('',( #4325 ) ) ;
#4974 = ADVANCED_FACE ( 'NONE', ( #7002 ), #3128, .T. ) ;
#4975 = AXIS2_PLACEMENT_3D ( 'NONE', #7931, #3995, #8601 ) ;
#4976 = EDGE_CURVE ( 'NONE', #5504, #1351, #1057, .T. ) ;
#4977 = LINE ( 'NONE', #6749, #6730 ) ;
#4978 = DIRECTION ( 'NONE',  ( 0.6782059721786389800, 0.0000000000000000000, 0.7348718659067220400 ) ) ;
#4979 = PLANE ( 'NONE',  #4073 ) ;
#4980 = SURFACE_SIDE_STYLE ('',( #4334 ) ) ;
#4981 = LINE ( 'NONE', #7846, #8274 ) ;
#4982 = SURFACE_STYLE_USAGE ( .BOTH. , #281 ) ;
#4983 = EDGE_CURVE ( 'NONE', #6576, #401, #6385, .T. ) ;
#4984 =( NAMED_UNIT ( * ) PLANE_ANGLE_UNIT ( ) SI_UNIT ( $, .RADIAN. ) );
#4985 = CARTESIAN_POINT ( 'NONE',  ( 1.590000000000000100, -2.799999999999999400, -4.860000000000000300 ) ) ;
#4986 = MANIFOLD_SOLID_BREP ( 'LPattern3[10]', #1066 ) ;
#4987 = MECHANICAL_DESIGN_GEOMETRIC_PRESENTATION_REPRESENTATION (  '', ( #3653 ), #5445 ) ;
#4988 = PRESENTATION_LAYER_ASSIGNMENT (  '', '', ( #4102 ) ) ;
#4989 = VECTOR ( 'NONE', #3515, 1000.000000000000000 ) ;
#4990 = EDGE_LOOP ( 'NONE', ( #1593, #7860, #5153, #5733 ) ) ;
#4991 =( LENGTH_UNIT ( ) NAMED_UNIT ( * ) SI_UNIT ( .MILLI., .METRE. ) );
#4992 = STYLED_ITEM ( 'NONE', ( #4399 ), #4712 ) ;
#4993 =( NAMED_UNIT ( * ) PLANE_ANGLE_UNIT ( ) SI_UNIT ( $, .RADIAN. ) );
#4994 = VERTEX_POINT ( 'NONE', #485 ) ;
#4995 = CARTESIAN_POINT ( 'NONE',  ( 2.540000000000000900, 1.700000000000000000, -16.10999999999999900 ) ) ;
#4996 = VERTEX_POINT ( 'NONE', #3873 ) ;
#4997 = DIRECTION ( 'NONE',  ( -1.232047923278982000E-016, 0.0000000000000000000, 1.000000000000000000 ) ) ;
#4998 = EDGE_CURVE ( 'NONE', #3782, #2417, #1965, .T. ) ;
#4999 = FILL_AREA_STYLE ('',( #4347 ) ) ;
#5000 = COLOUR_RGB ( '',0.7960784313725489700, 0.8235294117647058400, 0.9372549019607843100 ) ;
#5001 = DIRECTION ( 'NONE',  ( -1.000000000000000000, 0.0000000000000000000, 0.0000000000000000000 ) ) ;
#5002 = VERTEX_POINT ( 'NONE', #8479 ) ;
#5003 = CARTESIAN_POINT ( 'NONE',  ( -1.590000000000000300, -2.799999999999999400, -12.92000000000000200 ) ) ;
#5004 = VERTEX_POINT ( 'NONE', #5194 ) ;
#5005 = PRESENTATION_STYLE_ASSIGNMENT (( #4857 ) ) ;
#5006 = AXIS2_PLACEMENT_3D ( 'NONE', #6380, #2370, #7036 ) ;
#5007 = EDGE_CURVE ( 'NONE', #1139, #3436, #5551, .T. ) ;
#5008 =( LENGTH_UNIT ( ) NAMED_UNIT ( * ) SI_UNIT ( .MILLI., .METRE. ) );
#5009 = EDGE_LOOP ( 'NONE', ( #4627, #4591, #2196, #5018 ) ) ;
#5010 = DIRECTION ( 'NONE',  ( -1.000000000000000000, -0.0000000000000000000, -1.232047923278982200E-016 ) ) ;
#5011 =( NAMED_UNIT ( * ) PLANE_ANGLE_UNIT ( ) SI_UNIT ( $, .RADIAN. ) );
#5012 = VECTOR ( 'NONE', #6891, 1000.000000000000000 ) ;
#5013 = ORIENTED_EDGE ( 'NONE', *, *, #5737, .T. ) ;
#5014 = FACE_OUTER_BOUND ( 'NONE', #4885, .T. ) ;
#5015 =( LENGTH_UNIT ( ) NAMED_UNIT ( * ) SI_UNIT ( .MILLI., .METRE. ) );
#5016 = DIRECTION ( 'NONE',  ( 0.0000000000000000000, -0.0000000000000000000, 1.000000000000000000 ) ) ;
#5017 = VERTEX_POINT ( 'NONE', #1859 ) ;
#5018 = ORIENTED_EDGE ( 'NONE', *, *, #857, .T. ) ;
#5019 = ADVANCED_FACE ( 'NONE', ( #3566 ), #6534, .T. ) ;
#5020 = VECTOR ( 'NONE', #1678, 1000.000000000000000 ) ;
#5021 = ORIENTED_EDGE ( 'NONE', *, *, #7536, .T. ) ;
#5022 = STYLED_ITEM ( 'NONE', ( #7741 ), #8156 ) ;
#5023 = FILL_AREA_STYLE ('',( #2314 ) ) ;
#5024 = PRESENTATION_STYLE_ASSIGNMENT (( #1380 ) ) ;
#5025 = ORIENTED_EDGE ( 'NONE', *, *, #389, .T. ) ;
#5026 = VECTOR ( 'NONE', #4513, 1000.000000000000000 ) ;
#5027 = CARTESIAN_POINT ( 'NONE',  ( 1.490000000000000000, -2.799999999999999400, -10.48000000000000200 ) ) ;
#5028 = AXIS2_PLACEMENT_3D ( 'NONE', #4499, #460, #5176 ) ;
#5029 = PLANE ( 'NONE',  #7190 ) ;
#5030 = ORIENTED_EDGE ( 'NONE', *, *, #5762, .F. ) ;
#5031 = COLOUR_RGB ( '',0.7960784313725489700, 0.8235294117647058400, 0.9372549019607843100 ) ;
#5032 = CARTESIAN_POINT ( 'NONE',  ( -2.539999999999999600, 1.700000000000000000, -9.323421052631580600 ) ) ;
#5033 = CARTESIAN_POINT ( 'NONE',  ( -2.540000000000000000, 0.0000000000000000000, -16.14342105263157700 ) ) ;
#5034 = FACE_OUTER_BOUND ( 'NONE', #5848, .T. ) ;
#5035 = MECHANICAL_DESIGN_GEOMETRIC_PRESENTATION_REPRESENTATION (  '', ( #3701 ), #5491 ) ;
#5036 = ORIENTED_EDGE ( 'NONE', *, *, #1739, .F. ) ;
#5037 = PRESENTATION_STYLE_ASSIGNMENT (( #5649 ) ) ;
#5038 = STYLED_ITEM ( 'NONE', ( #7279 ), #4061 ) ;
#5039 = EDGE_LOOP ( 'NONE', ( #1601, #2948, #2944, #818 ) ) ;
#5040 = VECTOR ( 'NONE', #2047, 999.9999999999998900 ) ;
#5041 = EDGE_CURVE ( 'NONE', #1760, #443, #8207, .T. ) ;
#5042 = SURFACE_STYLE_USAGE ( .BOTH. , #329 ) ;
#5043 = CARTESIAN_POINT ( 'NONE',  ( -1.050000000000000000, -2.799999999999999400, -2.860000000000000300 ) ) ;
#5044 =( NAMED_UNIT ( * ) PLANE_ANGLE_UNIT ( ) SI_UNIT ( $, .RADIAN. ) );
#5045 = SURFACE_STYLE_USAGE ( .BOTH. , #333 ) ;
#5046 = ORIENTED_EDGE ( 'NONE', *, *, #2561, .T. ) ;
#5047 = LINE ( 'NONE', #4368, #3042 ) ;
#5048 = UNCERTAINTY_MEASURE_WITH_UNIT (LENGTH_MEASURE( 1.000000000000000100E-005 ), #3910, 'distance_accuracy_value', 'NONE');
#5049 = ORIENTED_EDGE ( 'NONE', *, *, #8396, .F. ) ;
#5050 = DIRECTION ( 'NONE',  ( -0.7071067811865489100, -0.0000000000000000000, 0.7071067811865462400 ) ) ;
#5051 =( GEOMETRIC_REPRESENTATION_CONTEXT ( 3 ) GLOBAL_UNCERTAINTY_ASSIGNED_CONTEXT ( ( #1443 ) ) GLOBAL_UNIT_ASSIGNED_CONTEXT ( ( #1559, #6249, #2218 ) ) REPRESENTATION_CONTEXT ( 'NONE', 'WORKASPACE' ) );
#5052 = DIRECTION ( 'NONE',  ( 0.0000000000000000000, 0.0000000000000000000, 1.000000000000000000 ) ) ;
#5053 =( NAMED_UNIT ( * ) PLANE_ANGLE_UNIT ( ) SI_UNIT ( $, .RADIAN. ) );
#5054 = CARTESIAN_POINT ( 'NONE',  ( 1.050000000000000000, 11.70000000000000100, -15.56000000000000000 ) ) ;
#5055 =( LENGTH_UNIT ( ) NAMED_UNIT ( * ) SI_UNIT ( .MILLI., .METRE. ) );
#5056 = PRESENTATION_STYLE_ASSIGNMENT (( #4918 ) ) ;
#5057 = CARTESIAN_POINT ( 'NONE',  ( 0.9499999999999999600, -2.799999999999999400, -12.48000000000000200 ) ) ;
#5058 = DIRECTION ( 'NONE',  ( 0.0000000000000000000, 0.0000000000000000000, 1.000000000000000000 ) ) ;
#5059 = ORIENTED_EDGE ( 'NONE', *, *, #6897, .T. ) ;
#5060 = PRESENTATION_LAYER_ASSIGNMENT (  '', '', ( #4164 ) ) ;
#5061 = SURFACE_STYLE_FILL_AREA ( #3714 ) ;
#5062 = PLANE ( 'NONE',  #2018 ) ;
#5063 =( LENGTH_UNIT ( ) NAMED_UNIT ( * ) SI_UNIT ( .MILLI., .METRE. ) );
#5064 = VECTOR ( 'NONE', #8169, 1000.000000000000000 ) ;
#5065 = CARTESIAN_POINT ( 'NONE',  ( -2.539999999999999600, 1.700000000000000000, -11.86342105263158000 ) ) ;
#5066 =( GEOMETRIC_REPRESENTATION_CONTEXT ( 3 ) GLOBAL_UNCERTAINTY_ASSIGNED_CONTEXT ( ( #6059 ) ) GLOBAL_UNIT_ASSIGNED_CONTEXT ( ( #4752, #744, #5443 ) ) REPRESENTATION_CONTEXT ( 'NONE', 'WORKASPACE' ) );
#5067 = ORIENTED_EDGE ( 'NONE', *, *, #4496, .T. ) ;
#5068 = PLANE ( 'NONE',  #5776 ) ;
#5069 = DIRECTION ( 'NONE',  ( 0.0000000000000000000, 0.0000000000000000000, -1.000000000000000000 ) ) ;
#5070 = UNCERTAINTY_MEASURE_WITH_UNIT (LENGTH_MEASURE( 1.000000000000000100E-005 ), #6203, 'distance_accuracy_value', 'NONE');
#5071 = LINE ( 'NONE', #1463, #3274 ) ;
#5072 = VECTOR ( 'NONE', #4697, 1000.000000000000000 ) ;
#5073 = LINE ( 'NONE', #4791, #4836 ) ;
#5074 = EDGE_CURVE ( 'NONE', #8305, #6465, #4705, .T. ) ;
#5075 =( LENGTH_UNIT ( ) NAMED_UNIT ( * ) SI_UNIT ( .MILLI., .METRE. ) );
#5076 =( LENGTH_UNIT ( ) NAMED_UNIT ( * ) SI_UNIT ( .MILLI., .METRE. ) );
#5077 = DIRECTION ( 'NONE',  ( 0.0000000000000000000, 1.000000000000000000, 0.0000000000000000000 ) ) ;
#5078 = EDGE_LOOP ( 'NONE', ( #4098, #1363, #6980, #1307 ) ) ;
#5079 = ADVANCED_FACE ( 'NONE', ( #6274 ), #4597, .T. ) ;
#5080 = LINE ( 'NONE', #7254, #4841 ) ;
#5081 = LINE ( 'NONE', #6882, #1495 ) ;
#5082 = ORIENTED_EDGE ( 'NONE', *, *, #2561, .F. ) ;
#5083 = CARTESIAN_POINT ( 'NONE',  ( 2.540000000000000900, 1.700000000000000000, -0.8700000000000006600 ) ) ;
#5084 = DIRECTION ( 'NONE',  ( 1.000000000000000000, 0.0000000000000000000, 0.0000000000000000000 ) ) ;
#5085 = SURFACE_STYLE_USAGE ( .BOTH. , #368 ) ;
#5086 =( NAMED_UNIT ( * ) PLANE_ANGLE_UNIT ( ) SI_UNIT ( $, .RADIAN. ) );
#5087 = CARTESIAN_POINT ( 'NONE',  ( -0.9499999999999999600, -2.799999999999999400, -0.2199999999999999700 ) ) ;
#5088 = VECTOR ( 'NONE', #6390, 1000.000000000000000 ) ;
#5089 = PRESENTATION_LAYER_ASSIGNMENT (  '', '', ( #4191 ) ) ;
#5090 = UNCERTAINTY_MEASURE_WITH_UNIT (LENGTH_MEASURE( 1.000000000000000100E-005 ), #7510, 'distance_accuracy_value', 'NONE');
#5091 = VECTOR ( 'NONE', #7436, 1000.000000000000100 ) ;
#5092 = DIRECTION ( 'NONE',  ( -0.7071067811865482400, 0.0000000000000000000, -0.7071067811865469100 ) ) ;
#5093 = CARTESIAN_POINT ( 'NONE',  ( -2.540000000000000000, 0.0000000000000000000, -8.523421052631579900 ) ) ;
#5094 = CARTESIAN_POINT ( 'NONE',  ( -1.590000000000000300, -2.799999999999999400, -4.860000000000000300 ) ) ;
#5095 = LINE ( 'NONE', #8143, #6836 ) ;
#5096 = PRESENTATION_LAYER_ASSIGNMENT (  '', '', ( #4203 ) ) ;
#5097 = VECTOR ( 'NONE', #8046, 1000.000000000000000 ) ;
#5098 = ORIENTED_EDGE ( 'NONE', *, *, #4009, .T. ) ;
#5099 = VECTOR ( 'NONE', #2513, 1000.000000000000000 ) ;
#5100 = VERTEX_POINT ( 'NONE', #5302 ) ;
#5101 = VECTOR ( 'NONE', #3361, 999.9999999999998900 ) ;
#5102 = ORIENTED_EDGE ( 'NONE', *, *, #3035, .F. ) ;
#5103 = AXIS2_PLACEMENT_3D ( 'NONE', #5585, #1568, #6256 ) ;
#5104 = LINE ( 'NONE', #5562, #3309 ) ;
#5105 = SURFACE_STYLE_USAGE ( .BOTH. , #5134 ) ;
#5106 =( GEOMETRIC_REPRESENTATION_CONTEXT ( 3 ) GLOBAL_UNCERTAINTY_ASSIGNED_CONTEXT ( ( #8264 ) ) GLOBAL_UNIT_ASSIGNED_CONTEXT ( ( #7615, #3667, #8282 ) ) REPRESENTATION_CONTEXT ( 'NONE', 'WORKASPACE' ) );
#5107 = ORIENTED_EDGE ( 'NONE', *, *, #1301, .T. ) ;
#5108 = MANIFOLD_SOLID_BREP ( 'LPattern3[3]', #2702 ) ;
#5109 = FILL_AREA_STYLE ('',( #7726 ) ) ;
#5110 = SURFACE_STYLE_USAGE ( .BOTH. , #397 ) ;
#5111 = PRESENTATION_STYLE_ASSIGNMENT (( #5833 ) ) ;
#5112 = DIRECTION ( 'NONE',  ( -0.7071067811865489100, -0.0000000000000000000, 0.7071067811865462400 ) ) ;
#5113 = EDGE_CURVE ( 'NONE', #4111, #2760, #8524, .T. ) ;
#5114 = CARTESIAN_POINT ( 'NONE',  ( 2.140000000000000100, 1.700000000000000000, -8.890000000000000600 ) ) ;
#5115 = FILL_AREA_STYLE_COLOUR ( '', #158 ) ;
#5116 = DIRECTION ( 'NONE',  ( 0.0000000000000000000, 0.0000000000000000000, -1.000000000000000000 ) ) ;
#5117 = ORIENTED_EDGE ( 'NONE', *, *, #5007, .F. ) ;
#5118 =( GEOMETRIC_REPRESENTATION_CONTEXT ( 3 ) GLOBAL_UNCERTAINTY_ASSIGNED_CONTEXT ( ( #637 ) ) GLOBAL_UNIT_ASSIGNED_CONTEXT ( ( #7980, #4050, #11 ) ) REPRESENTATION_CONTEXT ( 'NONE', 'WORKASPACE' ) );
#5119 = UNCERTAINTY_MEASURE_WITH_UNIT (LENGTH_MEASURE( 1.000000000000000100E-005 ), #8161, 'distance_accuracy_value', 'NONE');
#5120 = ADVANCED_FACE ( 'NONE', ( #1661 ), #4652, .T. ) ;
#5121 =( NAMED_UNIT ( * ) PLANE_ANGLE_UNIT ( ) SI_UNIT ( $, .RADIAN. ) );
#5122 = LINE ( 'NONE', #6296, #8398 ) ;
#5123 = SURFACE_SIDE_STYLE ('',( #3235 ) ) ;
#5124 = CARTESIAN_POINT ( 'NONE',  ( 1.490000000000000000, 11.70000000000000100, -12.38000000000000300 ) ) ;
#5125 = MECHANICAL_DESIGN_GEOMETRIC_PRESENTATION_REPRESENTATION (  '', ( #3777 ), #5560 ) ;
#5126 = ORIENTED_EDGE ( 'NONE', *, *, #4690, .T. ) ;
#5127 = LINE ( 'NONE', #4351, #8609 ) ;
#5128 = ORIENTED_EDGE ( 'NONE', *, *, #6101, .T. ) ;
#5129 = VECTOR ( 'NONE', #5476, 1000.000000000000000 ) ;
#5130 = COLOUR_RGB ( '',0.7960784313725489700, 0.8235294117647058400, 0.9372549019607843100 ) ;
#5131 = EDGE_CURVE ( 'NONE', #8404, #3985, #6175, .T. ) ;
#5132 = ORIENTED_EDGE ( 'NONE', *, *, #4402, .T. ) ;
#5133 = CARTESIAN_POINT ( 'NONE',  ( -2.540000000000000000, 1.700000000000000000, -5.983421052631579900 ) ) ;
#5134 = SURFACE_SIDE_STYLE ('',( #3374 ) ) ;
#5135 = PLANE ( 'NONE',  #664 ) ;
#5136 = VERTEX_POINT ( 'NONE', #5371 ) ;
#5137 = VECTOR ( 'NONE', #116, 999.9999999999998900 ) ;
#5138 = ORIENTED_EDGE ( 'NONE', *, *, #3423, .F. ) ;
#5139 = VECTOR ( 'NONE', #4589, 1000.000000000000000 ) ;
#5140 = ORIENTED_EDGE ( 'NONE', *, *, #6069, .F. ) ;
#5141 = VECTOR ( 'NONE', #1394, 999.9999999999998900 ) ;
#5142 =( GEOMETRIC_REPRESENTATION_CONTEXT ( 3 ) GLOBAL_UNCERTAINTY_ASSIGNED_CONTEXT ( ( #2151 ) ) GLOBAL_UNIT_ASSIGNED_CONTEXT ( ( #2064, #6744, #2753 ) ) REPRESENTATION_CONTEXT ( 'NONE', 'WORKASPACE' ) );
#5143 = EDGE_CURVE ( 'NONE', #1262, #8581, #4410, .T. ) ;
#5144 = PRODUCT_DEFINITION_CONTEXT ( 'detailed design', #2806, 'design' ) ;
#5145 = CARTESIAN_POINT ( 'NONE',  ( -1.590000000000000300, -2.799999999999999400, -2.760000000000000200 ) ) ;
#5146 = ORIENTED_EDGE ( 'NONE', *, *, #4928, .F. ) ;
#5147 = VERTEX_POINT ( 'NONE', #3991 ) ;
#5148 = CARTESIAN_POINT ( 'NONE',  ( -1.490000000000000200, -2.799999999999999400, -2.220000000000000200 ) ) ;
#5149 = LINE ( 'NONE', #364, #2408 ) ;
#5150 = EDGE_LOOP ( 'NONE', ( #7167, #2083, #2022, #4395, #449, #3592, #2057, #8453 ) ) ;
#5151 = PRESENTATION_LAYER_ASSIGNMENT (  '', '', ( #4251 ) ) ;
#5152 = DIRECTION ( 'NONE',  ( 0.7071067811865486800, 0.0000000000000000000, -0.7071067811865463500 ) ) ;
#5153 = ORIENTED_EDGE ( 'NONE', *, *, #273, .F. ) ;
#5154 =( LENGTH_UNIT ( ) NAMED_UNIT ( * ) SI_UNIT ( .MILLI., .METRE. ) );
#5155 = DIRECTION ( 'NONE',  ( -0.7372346670543746800, -0.0000000000000000000, 0.6756367705307528800 ) ) ;
#5156 =( GEOMETRIC_REPRESENTATION_CONTEXT ( 3 ) GLOBAL_UNCERTAINTY_ASSIGNED_CONTEXT ( ( #7566 ) ) GLOBAL_UNIT_ASSIGNED_CONTEXT ( ( #8489, #4551, #535 ) ) REPRESENTATION_CONTEXT ( 'NONE', 'WORKASPACE' ) );
#5157 = SURFACE_STYLE_FILL_AREA ( #7033 ) ;
#5158 = LINE ( 'NONE', #1283, #6682 ) ;
#5159 = STYLED_ITEM ( 'NONE', ( #2677 ), #6452 ) ;
#5160 = FACE_OUTER_BOUND ( 'NONE', #1293, .T. ) ;
#5161 = EDGE_CURVE ( 'NONE', #2474, #7477, #4201, .T. ) ;
#5162 = ORIENTED_EDGE ( 'NONE', *, *, #7186, .F. ) ;
#5163 = ORIENTED_EDGE ( 'NONE', *, *, #6947, .T. ) ;
#5164 = ORIENTED_EDGE ( 'NONE', *, *, #5210, .T. ) ;
#5165 = FILL_AREA_STYLE ('',( #7563 ) ) ;
#5166 = ADVANCED_FACE ( 'NONE', ( #615 ), #7319, .T. ) ;
#5167 = ORIENTED_EDGE ( 'NONE', *, *, #3352, .F. ) ;
#5168 =( NAMED_UNIT ( * ) PLANE_ANGLE_UNIT ( ) SI_UNIT ( $, .RADIAN. ) );
#5169 = EDGE_LOOP ( 'NONE', ( #7178, #4602, #1571, #7943 ) ) ;
#5170 = AXIS2_PLACEMENT_3D ( 'NONE', #2858, #7490, #3531 ) ;
#5171 = DIRECTION ( 'NONE',  ( -0.7071067811865469100, 0.0000000000000000000, 0.7071067811865482400 ) ) ;
#5172 = FILL_AREA_STYLE ('',( #4493 ) ) ;
#5173 = SURFACE_STYLE_FILL_AREA ( #1577 ) ;
#5174 = FILL_AREA_STYLE ('',( #2460 ) ) ;
#5175 = FILL_AREA_STYLE_COLOUR ( '', #4674 ) ;
#5176 = DIRECTION ( 'NONE',  ( -1.000000000000000000, 0.0000000000000000000, -1.232047923278982000E-016 ) ) ;
#5177 = VECTOR ( 'NONE', #2100, 1000.000000000000000 ) ;
#5178 = LINE ( 'NONE', #4374, #2742 ) ;
#5179 = CARTESIAN_POINT ( 'NONE',  ( 2.140000000000001500, 1.700000000000000000, -6.349999999999999600 ) ) ;
#5180 = UNCERTAINTY_MEASURE_WITH_UNIT (LENGTH_MEASURE( 1.000000000000000100E-005 ), #793, 'distance_accuracy_value', 'NONE');
#5181 = CARTESIAN_POINT ( 'NONE',  ( 0.9499999999999999600, 11.70000000000000100, -5.299999999999999800 ) ) ;
#5182 = CARTESIAN_POINT ( 'NONE',  ( -0.9499999999999999600, 11.70000000000000100, -5.299999999999999800 ) ) ;
#5183 = VECTOR ( 'NONE', #1651, 1000.000000000000000 ) ;
#5184 = ORIENTED_EDGE ( 'NONE', *, *, #6366, .F. ) ;
#5185 = CARTESIAN_POINT ( 'NONE',  ( 1.490000000000000000, -2.799999999999999400, -14.92000000000000200 ) ) ;
#5186 = EDGE_CURVE ( 'NONE', #2836, #4209, #3560, .T. ) ;
#5187 = LINE ( 'NONE', #6504, #6714 ) ;
#5188 = EDGE_CURVE ( 'NONE', #4209, #8591, #1765, .T. ) ;
#5189 = STYLED_ITEM ( 'NONE', ( #5056 ), #436 ) ;
#5190 = VERTEX_POINT ( 'NONE', #34 ) ;
#5191 = EDGE_CURVE ( 'NONE', #4792, #7508, #6881, .T. ) ;
#5192 = LINE ( 'NONE', #236, #6931 ) ;
#5193 = LINE ( 'NONE', #5632, #1606 ) ;
#5194 = CARTESIAN_POINT ( 'NONE',  ( -1.590000000000000300, -2.799999999999999400, -5.300000000000000700 ) ) ;
#5195 = PRESENTATION_STYLE_ASSIGNMENT (( #639 ) ) ;
#5196 = CARTESIAN_POINT ( 'NONE',  ( 2.140000000000000100, 0.0000000000000000000, -11.43000000000000100 ) ) ;
#5197 = CARTESIAN_POINT ( 'NONE',  ( 2.140000000000001500, 1.700000000000000000, 1.270000000000000000 ) ) ;
#5198 = ORIENTED_EDGE ( 'NONE', *, *, #8280, .T. ) ;
#5199 = LINE ( 'NONE', #4103, #31 ) ;
#5200 = CARTESIAN_POINT ( 'NONE',  ( 1.590000000000000100, -2.799999999999999400, -7.839999999999999900 ) ) ;
#5201 = CARTESIAN_POINT ( 'NONE',  ( 1.050000000000000000, -2.799999999999999400, -2.860000000000000300 ) ) ;
#5202 =( NAMED_UNIT ( * ) SI_UNIT ( $, .STERADIAN. ) SOLID_ANGLE_UNIT ( ) );
#5203 = STYLED_ITEM ( 'NONE', ( #175 ), #5381 ) ;
#5204 = PRESENTATION_LAYER_ASSIGNMENT (  '', '', ( #4313 ) ) ;
#5205 = COLOUR_RGB ( '',0.7960784313725489700, 0.8235294117647058400, 0.9372549019607843100 ) ;
#5206 = SURFACE_STYLE_FILL_AREA ( #8065 ) ;
#5207 = PRESENTATION_LAYER_ASSIGNMENT (  '', '', ( #4316 ) ) ;
#5208 = CARTESIAN_POINT ( 'NONE',  ( -2.140000000000000600, 1.700000000000000000, -6.350000000000000500 ) ) ;
#5209 = CARTESIAN_POINT ( 'NONE',  ( -1.490000000000000000, -2.799999999999999400, -10.48000000000000200 ) ) ;
#5210 = EDGE_CURVE ( 'NONE', #4656, #5980, #8622, .T. ) ;
#5211 = LINE ( 'NONE', #2203, #795 ) ;
#5212 = COLOUR_RGB ( '',0.7960784313725489700, 0.8235294117647058400, 0.9372549019607843100 ) ;
#5213 = VERTEX_POINT ( 'NONE', #6729 ) ;
#5214 = UNCERTAINTY_MEASURE_WITH_UNIT (LENGTH_MEASURE( 1.000000000000000100E-005 ), #369, 'distance_accuracy_value', 'NONE');
#5215 = MANIFOLD_SOLID_BREP ( 'LPattern3[9]', #8276 ) ;
#5216 = DIRECTION ( 'NONE',  ( 0.0000000000000000000, -0.0000000000000000000, -1.000000000000000000 ) ) ;
#5217 = AXIS2_PLACEMENT_3D ( 'NONE', #32, #4732, #719 ) ;
#5218 = VECTOR ( 'NONE', #1043, 999.9999999999998900 ) ;
#5219 =( NAMED_UNIT ( * ) PLANE_ANGLE_UNIT ( ) SI_UNIT ( $, .RADIAN. ) );
#5220 = VERTEX_POINT ( 'NONE', #2767 ) ;
#5221 = CARTESIAN_POINT ( 'NONE',  ( -2.540000000000000000, 1.700000000000000000, -13.60342105263158000 ) ) ;
#5222 =( NAMED_UNIT ( * ) PLANE_ANGLE_UNIT ( ) SI_UNIT ( $, .RADIAN. ) );
#5223 =( NAMED_UNIT ( * ) PLANE_ANGLE_UNIT ( ) SI_UNIT ( $, .RADIAN. ) );
#5224 = LINE ( 'NONE', #548, #63 ) ;
#5225 = UNCERTAINTY_MEASURE_WITH_UNIT (LENGTH_MEASURE( 1.000000000000000100E-005 ), #8476, 'distance_accuracy_value', 'NONE');
#5226 = EDGE_LOOP ( 'NONE', ( #7154, #2480, #711, #8544 ) ) ;
#5227 = SURFACE_STYLE_FILL_AREA ( #8286 ) ;
#5228 = PRESENTATION_LAYER_ASSIGNMENT (  '', '', ( #4336 ) ) ;
#5229 = VERTEX_POINT ( 'NONE', #4106 ) ;
#5230 = CARTESIAN_POINT ( 'NONE',  ( 0.9499999999999999600, -2.799999999999999400, -10.38000000000000100 ) ) ;
#5231 = SURFACE_STYLE_USAGE ( .BOTH. , #526 ) ;
#5232 = VECTOR ( 'NONE', #4475, 1000.000000000000000 ) ;
#5233 = SURFACE_SIDE_STYLE ('',( #7260 ) ) ;
#5234 = COLOUR_RGB ( '',0.7960784313725489700, 0.8235294117647058400, 0.9372549019607843100 ) ;
#5235 = MECHANICAL_DESIGN_GEOMETRIC_PRESENTATION_REPRESENTATION (  '', ( #3884 ), #5668 ) ;
#5236 = ORIENTED_EDGE ( 'NONE', *, *, #823, .T. ) ;
#5237 =( NAMED_UNIT ( * ) SI_UNIT ( $, .STERADIAN. ) SOLID_ANGLE_UNIT ( ) );
#5238 = VECTOR ( 'NONE', #5539, 1000.000000000000000 ) ;
#5239 = ORIENTED_EDGE ( 'NONE', *, *, #7315, .T. ) ;
#5240 =( LENGTH_UNIT ( ) NAMED_UNIT ( * ) SI_UNIT ( .MILLI., .METRE. ) );
#5241 = FACE_OUTER_BOUND ( 'NONE', #1764, .T. ) ;
#5242 = EDGE_CURVE ( 'NONE', #1508, #6194, #6664, .T. ) ;
#5243 = LINE ( 'NONE', #4430, #5020 ) ;
#5244 = VERTEX_POINT ( 'NONE', #3450 ) ;
#5245 = VERTEX_POINT ( 'NONE', #8061 ) ;
#5246 = LINE ( 'NONE', #3839, #5026 ) ;
#5247 = VERTEX_POINT ( 'NONE', #4782 ) ;
#5248 = CLOSED_SHELL ( 'NONE', ( #2098, #7095, #803, #6372, #4501, #7429, #4880, #7128, #3271, #2054, #1290, #4751, #7517, #5944, #6974, #712, #5768, #4207, #5260, #257, #6035, #1717, #6796, #5847, #1580, #5346, #3719, #6124, #2464, #222, #4635, #2330, #8023, #7339, #393, #4834, #2554, #6286, #1331, #7703, #1455, #3840, #7565, #8604, #1674, #3437, #8430, #6887, #1930, #8297 ) ) ;
#5249 = DIRECTION ( 'NONE',  ( 0.0000000000000000000, 1.000000000000000000, 0.0000000000000000000 ) ) ;
#5250 = PRESENTATION_STYLE_ASSIGNMENT (( #3892 ) ) ;
#5251 = AXIS2_PLACEMENT_3D ( 'NONE', #3742, #8356, #4421 ) ;
#5252 = ORIENTED_EDGE ( 'NONE', *, *, #2030, .F. ) ;
#5253 = VECTOR ( 'NONE', #6457, 1000.000000000000000 ) ;
#5254 =( NAMED_UNIT ( * ) SI_UNIT ( $, .STERADIAN. ) SOLID_ANGLE_UNIT ( ) );
#5255 = LINE ( 'NONE', #6731, #8329 ) ;
#5256 =( NAMED_UNIT ( * ) PLANE_ANGLE_UNIT ( ) SI_UNIT ( $, .RADIAN. ) );
#5257 = DIRECTION ( 'NONE',  ( 1.000000000000000000, 0.0000000000000000000, 0.0000000000000000000 ) ) ;
#5258 = COLOUR_RGB ( '',0.7960784313725489700, 0.8235294117647058400, 0.9372549019607843100 ) ;
#5259 = CARTESIAN_POINT ( 'NONE',  ( 2.140000000000000100, 1.700000000000000000, -6.350000000000000500 ) ) ;
#5260 = ADVANCED_FACE ( 'NONE', ( #2499 ), #104, .F. ) ;
#5261 = ORIENTED_EDGE ( 'NONE', *, *, #1844, .T. ) ;
#5262 = VERTEX_POINT ( 'NONE', #782 ) ;
#5264 = ORIENTED_EDGE ( 'NONE', *, *, #2925, .F. ) ;
#5263 = STYLED_ITEM ( 'NONE', ( #1741 ), #3437 ) ;
#5265 = DIRECTION ( 'NONE',  ( 2.492418787322998300E-016, 0.0000000000000000000, 1.000000000000000000 ) ) ;
#5266 = VECTOR ( 'NONE', #4830, 1000.000000000000000 ) ;
#5267 = FILL_AREA_STYLE_COLOUR ( '', #3072 ) ;
#5268 = VERTEX_POINT ( 'NONE', #6176 ) ;
#5269 = DIRECTION ( 'NONE',  ( 0.0000000000000000000, 0.0000000000000000000, 1.000000000000000000 ) ) ;
#5270 =( GEOMETRIC_REPRESENTATION_CONTEXT ( 3 ) GLOBAL_UNCERTAINTY_ASSIGNED_CONTEXT ( ( #5329 ) ) GLOBAL_UNIT_ASSIGNED_CONTEXT ( ( #1425, #6122, #2086 ) ) REPRESENTATION_CONTEXT ( 'NONE', 'WORKASPACE' ) );
#5271 = DIRECTION ( 'NONE',  ( 0.6782059721786389800, 0.0000000000000000000, 0.7348718659067220400 ) ) ;
#5272 = ORIENTED_EDGE ( 'NONE', *, *, #5589, .F. ) ;
#5273 = LINE ( 'NONE', #315, #115 ) ;
#5274 = MECHANICAL_DESIGN_GEOMETRIC_PRESENTATION_REPRESENTATION (  '', ( #3917 ), #5707 ) ;
#5275 = LINE ( 'NONE', #3565, #1693 ) ;
#5276 = PRESENTATION_STYLE_ASSIGNMENT (( #423 ) ) ;
#5277 = CARTESIAN_POINT ( 'NONE',  ( -1.490000000000000200, -2.799999999999999400, -7.299999999999999800 ) ) ;
#5278 = VERTEX_POINT ( 'NONE', #813 ) ;
#5279 = LINE ( 'NONE', #2784, #122 ) ;
#5280 =( NAMED_UNIT ( * ) SI_UNIT ( $, .STERADIAN. ) SOLID_ANGLE_UNIT ( ) );
#5281 = EDGE_CURVE ( 'NONE', #40, #2755, #1858, .T. ) ;
#5282 = AXIS2_PLACEMENT_3D ( 'NONE', #1861, #6536, #2538 ) ;
#5283 = CARTESIAN_POINT ( 'NONE',  ( 2.140000000000000100, 1.700000000000000000, -8.890000000000000600 ) ) ;
#5284 = PLANE ( 'NONE',  #5418 ) ;
#5285 = ORIENTED_EDGE ( 'NONE', *, *, #5441, .F. ) ;
#5286 = CARTESIAN_POINT ( 'NONE',  ( -1.050000000000000000, 11.70000000000000100, -9.840000000000001600 ) ) ;
#5287 = SURFACE_STYLE_USAGE ( .BOTH. , #587 ) ;
#5288 = VERTEX_POINT ( 'NONE', #6821 ) ;
#5289 = PRESENTATION_LAYER_ASSIGNMENT (  '', '', ( #4394 ) ) ;
#5290 = CARTESIAN_POINT ( 'NONE',  ( 1.590000000000000100, 11.70000000000000100, -10.38000000000000100 ) ) ;
#5291 = DIRECTION ( 'NONE',  ( 0.7071067811865486800, 0.0000000000000000000, 0.7071067811865464600 ) ) ;
#5292 = LINE ( 'NONE', #7712, #1709 ) ;
#5293 = CARTESIAN_POINT ( 'NONE',  ( -1.050000000000000000, -2.799999999999999400, -12.38000000000000300 ) ) ;
#5294 = EDGE_CURVE ( 'NONE', #5800, #4437, #80, .T. ) ;
#5295 = ADVANCED_FACE ( 'NONE', ( #5241 ), #4843, .T. ) ;
#5296 = MECHANICAL_DESIGN_GEOMETRIC_PRESENTATION_REPRESENTATION (  '', ( #3948 ), #5735 ) ;
#5297 = EDGE_CURVE ( 'NONE', #4882, #8139, #1045, .T. ) ;
#5298 = LINE ( 'NONE', #3815, #7044 ) ;
#5299 = ORIENTED_EDGE ( 'NONE', *, *, #4383, .T. ) ;
#5300 = VECTOR ( 'NONE', #1181, 1000.000000000000000 ) ;
#5301 = SURFACE_STYLE_USAGE ( .BOTH. , #603 ) ;
#5302 = CARTESIAN_POINT ( 'NONE',  ( 1.490000000000000000, 11.70000000000000100, -13.02000000000000100 ) ) ;
#5303 = DIRECTION ( 'NONE',  ( 0.0000000000000000000, -0.0000000000000000000, 1.000000000000000000 ) ) ;
#5304 = FILL_AREA_STYLE ('',( #609 ) ) ;
#5305 = LINE ( 'NONE', #6912, #7048 ) ;
#5306 = PRESENTATION_STYLE_ASSIGNMENT (( #2718 ) ) ;
#5307 = PRESENTATION_LAYER_ASSIGNMENT (  '', '', ( #4426 ) ) ;
#5308 = DIRECTION ( 'NONE',  ( 2.492418787322998300E-016, 0.0000000000000000000, 1.000000000000000000 ) ) ;
#5309 = CARTESIAN_POINT ( 'NONE',  ( -1.590000000000000300, -2.799999999999999400, -10.38000000000000100 ) ) ;
#5310 = UNCERTAINTY_MEASURE_WITH_UNIT (LENGTH_MEASURE( 1.000000000000000100E-005 ), #5154, 'distance_accuracy_value', 'NONE');
#5311 = UNCERTAINTY_MEASURE_WITH_UNIT (LENGTH_MEASURE( 1.000000000000000100E-005 ), #767, 'distance_accuracy_value', 'NONE');
#5312 = AXIS2_PLACEMENT_3D ( 'NONE', #7711, #3749, #8362 ) ;
#5313 = ORIENTED_EDGE ( 'NONE', *, *, #6313, .T. ) ;
#5314 = CARTESIAN_POINT ( 'NONE',  ( -1.590000000000000300, -2.799999999999999400, -2.320000000000000300 ) ) ;
#5315 = LINE ( 'NONE', #7775, #8592 ) ;
#5316 = PRESENTATION_STYLE_ASSIGNMENT (( #6432 ) ) ;
#5317 = FILL_AREA_STYLE_COLOUR ( '', #6272 ) ;
#5318 = SURFACE_STYLE_USAGE ( .BOTH. , #622 ) ;
#5319 = EDGE_CURVE ( 'NONE', #6240, #2124, #6365, .T. ) ;
#5320 = DIRECTION ( 'NONE',  ( -0.0000000000000000000, -1.000000000000000000, -0.0000000000000000000 ) ) ;
#5321 = EDGE_CURVE ( 'NONE', #4524, #8202, #7887, .T. ) ;
#5322 = COLOUR_RGB ( '',0.7960784313725489700, 0.8235294117647058400, 0.9372549019607843100 ) ;
#5323 = ORIENTED_EDGE ( 'NONE', *, *, #7958, .F. ) ;
#5324 = EDGE_LOOP ( 'NONE', ( #1030, #7079, #8117, #2270 ) ) ;
#5325 = LINE ( 'NONE', #6923, #2584 ) ;
#5326 = DIRECTION ( 'NONE',  ( 0.0000000000000000000, -1.000000000000000000, 0.0000000000000000000 ) ) ;
#5327 = VERTEX_POINT ( 'NONE', #2886 ) ;
#5328 = STYLED_ITEM ( 'NONE', ( #7335 ), #7429 ) ;
#5329 = UNCERTAINTY_MEASURE_WITH_UNIT (LENGTH_MEASURE( 1.000000000000000100E-005 ), #1425, 'distance_accuracy_value', 'NONE');
#5330 = VERTEX_POINT ( 'NONE', #3572 ) ;
#5331 = LINE ( 'NONE', #6751, #174 ) ;
#5332 = CARTESIAN_POINT ( 'NONE',  ( -1.050000000000000000, 11.70000000000000100, -7.940000000000001300 ) ) ;
#5333 = SURFACE_STYLE_USAGE ( .BOTH. , #635 ) ;
#5334 = LINE ( 'NONE', #6281, #8614 ) ;
#5335 = ORIENTED_EDGE ( 'NONE', *, *, #7364, .F. ) ;
#5336 = FILL_AREA_STYLE ('',( #3924 ) ) ;
#5337 = CARTESIAN_POINT ( 'NONE',  ( -1.590000000000000300, 11.70000000000000100, -15.45999999999999900 ) ) ;
#5338 =( LENGTH_UNIT ( ) NAMED_UNIT ( * ) SI_UNIT ( .MILLI., .METRE. ) );
#5339 = EDGE_LOOP ( 'NONE', ( #874, #3150, #2811, #203 ) ) ;
#5340 =( GEOMETRIC_REPRESENTATION_CONTEXT ( 3 ) GLOBAL_UNCERTAINTY_ASSIGNED_CONTEXT ( ( #4528 ) ) GLOBAL_UNIT_ASSIGNED_CONTEXT ( ( #2390, #7052, #3071 ) ) REPRESENTATION_CONTEXT ( 'NONE', 'WORKASPACE' ) );
#5341 = PRESENTATION_STYLE_ASSIGNMENT (( #6503 ) ) ;
#5342 = VERTEX_POINT ( 'NONE', #7527 ) ;
#5343 = MECHANICAL_DESIGN_GEOMETRIC_PRESENTATION_REPRESENTATION (  '', ( #3994 ), #5785 ) ;
#5344 = SURFACE_STYLE_USAGE ( .BOTH. , #642 ) ;
#5345 = ORIENTED_EDGE ( 'NONE', *, *, #5512, .T. ) ;
#5346 = ADVANCED_FACE ( 'NONE', ( #4400 ), #6221, .F. ) ;
#5347 = LINE ( 'NONE', #8540, #1547 ) ;
#5348 = VECTOR ( 'NONE', #8012, 1000.000000000000000 ) ;
#5349 = EDGE_CURVE ( 'NONE', #3144, #2067, #7076, .T. ) ;
#5350 = FILL_AREA_STYLE_COLOUR ( '', #400 ) ;
#5351 = EDGE_LOOP ( 'NONE', ( #1950, #3132, #4860, #2818 ) ) ;
#5352 = CARTESIAN_POINT ( 'NONE',  ( -0.9499999999999999600, 11.70000000000000100, -4.860000000000000300 ) ) ;
#5353 = COLOUR_RGB ( '',0.7960784313725489700, 0.8235294117647058400, 0.9372549019607843100 ) ;
#5354 = CARTESIAN_POINT ( 'NONE',  ( -1.050000000000000000, -2.799999999999999400, -10.48000000000000200 ) ) ;
#5355 = EDGE_CURVE ( 'NONE', #3326, #3864, #3767, .T. ) ;
#5356 = VECTOR ( 'NONE', #521, 1000.000000000000000 ) ;
#5357 = EDGE_CURVE ( 'NONE', #8581, #5100, #5334, .T. ) ;
#5358 = SURFACE_STYLE_FILL_AREA ( #6544 ) ;
#5359 = VERTEX_POINT ( 'NONE', #239 ) ;
#5360 = PLANE ( 'NONE',  #1018 ) ;
#5361 = EDGE_LOOP ( 'NONE', ( #6519, #1793, #958, #7474 ) ) ;
#5362 =( NAMED_UNIT ( * ) SI_UNIT ( $, .STERADIAN. ) SOLID_ANGLE_UNIT ( ) );
#5363 = CARTESIAN_POINT ( 'NONE',  ( 0.0000000000000000000, -2.799999999999999400, -2.540000000000000000 ) ) ;
#5364 =( GEOMETRIC_REPRESENTATION_CONTEXT ( 3 ) GLOBAL_UNCERTAINTY_ASSIGNED_CONTEXT ( ( #7258 ) ) GLOBAL_UNIT_ASSIGNED_CONTEXT ( ( #5240, #1211, #5892 ) ) REPRESENTATION_CONTEXT ( 'NONE', 'WORKASPACE' ) );
#5365 = DIRECTION ( 'NONE',  ( -0.0000000000000000000, -0.0000000000000000000, -1.000000000000000000 ) ) ;
#5366 = SURFACE_STYLE_FILL_AREA ( #1610 ) ;
#5367 = ORIENTED_EDGE ( 'NONE', *, *, #8185, .T. ) ;
#5368 = MECHANICAL_DESIGN_GEOMETRIC_PRESENTATION_REPRESENTATION (  '', ( #4018 ), #5808 ) ;
#5369 = COLOUR_RGB ( '',0.7960784313725489700, 0.8235294117647058400, 0.9372549019607843100 ) ;
#5370 = AXIS2_PLACEMENT_3D ( 'NONE', #8266, #4337, #288 ) ;
#5371 = CARTESIAN_POINT ( 'NONE',  ( 1.490000000000000000, -2.799999999999999400, -12.38000000000000300 ) ) ;
#5372 = ORIENTED_EDGE ( 'NONE', *, *, #5955, .F. ) ;
#5373 = DIRECTION ( 'NONE',  ( -0.7071067811865464600, 0.0000000000000000000, 0.7071067811865486800 ) ) ;
#5374 = CARTESIAN_POINT ( 'NONE',  ( 1.490000000000000000, -2.799999999999999400, -5.400000000000000400 ) ) ;
#5375 =( NAMED_UNIT ( * ) SI_UNIT ( $, .STERADIAN. ) SOLID_ANGLE_UNIT ( ) );
#5376 =( GEOMETRIC_REPRESENTATION_CONTEXT ( 3 ) GLOBAL_UNCERTAINTY_ASSIGNED_CONTEXT ( ( #215 ) ) GLOBAL_UNIT_ASSIGNED_CONTEXT ( ( #3627, #8242, #4315 ) ) REPRESENTATION_CONTEXT ( 'NONE', 'WORKASPACE' ) );
#5377 = CARTESIAN_POINT ( 'NONE',  ( -1.050000000000000000, -2.799999999999999400, -15.56000000000000000 ) ) ;
#5378 = SURFACE_STYLE_USAGE ( .BOTH. , #674 ) ;
#5379 = UNCERTAINTY_MEASURE_WITH_UNIT (LENGTH_MEASURE( 1.000000000000000100E-005 ), #3365, 'distance_accuracy_value', 'NONE');
#5380 = STYLED_ITEM ( 'NONE', ( #356 ), #7019 ) ;
#5381 = ADVANCED_FACE ( 'NONE', ( #6869 ), #2954, .T. ) ;
#5382 = CARTESIAN_POINT ( 'NONE',  ( 1.490000000000000000, -2.799999999999999400, -7.940000000000001300 ) ) ;
#5383 = ORIENTED_EDGE ( 'NONE', *, *, #5461, .T. ) ;
#5384 = SURFACE_SIDE_STYLE ('',( #8505 ) ) ;
#5385 = DIRECTION ( 'NONE',  ( -1.000000000000000000, -0.0000000000000000000, -0.0000000000000000000 ) ) ;
#5386 = CARTESIAN_POINT ( 'NONE',  ( -2.539999999999999600, 1.700000000000000000, -6.783421052631577900 ) ) ;
#5387 = STYLED_ITEM ( 'NONE', ( #2969 ), #1 ) ;
#5388 = PRESENTATION_LAYER_ASSIGNMENT (  '', '', ( #4500 ) ) ;
#5389 = SURFACE_STYLE_USAGE ( .BOTH. , #691 ) ;
#5390 = CARTESIAN_POINT ( 'NONE',  ( -1.590000000000000300, -2.799999999999999400, -2.760000000000000200 ) ) ;
#5391 = ORIENTED_EDGE ( 'NONE', *, *, #8424, .F. ) ;
#5392 = DIRECTION ( 'NONE',  ( 0.6756367705307529900, -0.0000000000000000000, 0.7372346670543747900 ) ) ;
#5393 = DIRECTION ( 'NONE',  ( 0.0000000000000000000, 1.000000000000000000, 0.0000000000000000000 ) ) ;
#5394 = DIRECTION ( 'NONE',  ( 0.7071067811865463500, -0.0000000000000000000, 0.7071067811865487900 ) ) ;
#5395 = EDGE_CURVE ( 'NONE', #6135, #2615, #7975, .T. ) ;
#5396 = CARTESIAN_POINT ( 'NONE',  ( -1.590000000000000300, -2.799999999999999400, -4.860000000000000300 ) ) ;
#5397 = ORIENTED_EDGE ( 'NONE', *, *, #361, .F. ) ;
#5398 = SURFACE_SIDE_STYLE ('',( #3237 ) ) ;
#5399 = FILL_AREA_STYLE_COLOUR ( '', #4950 ) ;
#5400 = DIRECTION ( 'NONE',  ( 0.7372346670543746800, 0.0000000000000000000, -0.6756367705307528800 ) ) ;
#5401 = EDGE_CURVE ( 'NONE', #2615, #7032, #4498, .T. ) ;
#5402 = DIRECTION ( 'NONE',  ( -2.492418787322998300E-016, 0.0000000000000000000, -1.000000000000000000 ) ) ;
#5403 = VECTOR ( 'NONE', #6371, 1000.000000000000000 ) ;
#5404 = LINE ( 'NONE', #4112, #3624 ) ;
#5405 = COLOUR_RGB ( '',0.0000000000000000000, 0.003921568627450980300, 0.09019607843137254800 ) ;
#5406 = ORIENTED_EDGE ( 'NONE', *, *, #4826, .F. ) ;
#5407 = DIRECTION ( 'NONE',  ( 0.0000000000000000000, -0.0000000000000000000, -1.000000000000000000 ) ) ;
#5408 = STYLED_ITEM ( 'NONE', ( #6047 ), #1032 ) ;
#5409 = DIRECTION ( 'NONE',  ( -0.7071067811865477900, -0.0000000000000000000, -0.7071067811865473500 ) ) ;
#5410 = DIRECTION ( 'NONE',  ( 0.7071067811865477900, 0.0000000000000000000, -0.7071067811865473500 ) ) ;
#5411 = PRESENTATION_STYLE_ASSIGNMENT (( #6565 ) ) ;
#5412 = VECTOR ( 'NONE', #2517, 1000.000000000000100 ) ;
#5413 = CARTESIAN_POINT ( 'NONE',  ( -2.540000000000000000, 1.700000000000000000, -13.60342105263158000 ) ) ;
#5414 = DIRECTION ( 'NONE',  ( 0.7071067811865486800, 0.0000000000000000000, -0.7071067811865463500 ) ) ;
#5415 = CARTESIAN_POINT ( 'NONE',  ( -0.9499999999999999600, -2.799999999999999400, -7.839999999999999900 ) ) ;
#5416 = SURFACE_STYLE_USAGE ( .BOTH. , #726 ) ;
#5417 =( GEOMETRIC_REPRESENTATION_CONTEXT ( 3 ) GLOBAL_UNCERTAINTY_ASSIGNED_CONTEXT ( ( #7069 ) ) GLOBAL_UNIT_ASSIGNED_CONTEXT ( ( #3011, #7660, #3713 ) ) REPRESENTATION_CONTEXT ( 'NONE', 'WORKASPACE' ) );
#5418 = AXIS2_PLACEMENT_3D ( 'NONE', #4631, #608, #5303 ) ;
#5419 = CARTESIAN_POINT ( 'NONE',  ( 0.9499999999999999600, -2.799999999999999400, -15.02000000000000000 ) ) ;
#5420 = PRESENTATION_STYLE_ASSIGNMENT (( #5344 ) ) ;
#5421 =( NAMED_UNIT ( * ) PLANE_ANGLE_UNIT ( ) SI_UNIT ( $, .RADIAN. ) );
#5422 = LINE ( 'NONE', #3017, #266 ) ;
#5423 = FILL_AREA_STYLE ('',( #4740 ) ) ;
#5424 = ADVANCED_FACE ( 'NONE', ( #6259 ), #1728, .T. ) ;
#5425 = SURFACE_STYLE_FILL_AREA ( #4333 ) ;
#5426 = STYLED_ITEM ( 'NONE', ( #5024 ), #3039 ) ;
#5427 = ORIENTED_EDGE ( 'NONE', *, *, #4671, .F. ) ;
#5428 = MECHANICAL_DESIGN_GEOMETRIC_PRESENTATION_REPRESENTATION (  '', ( #4082 ), #5869 ) ;
#5429 = ORIENTED_EDGE ( 'NONE', *, *, #3648, .F. ) ;
#5430 = PRESENTATION_LAYER_ASSIGNMENT (  '', '', ( #4534 ) ) ;
#5431 = VECTOR ( 'NONE', #274, 1000.000000000000000 ) ;
#5432 = CARTESIAN_POINT ( 'NONE',  ( -1.490000000000000000, 11.70000000000000100, -7.940000000000001300 ) ) ;
#5433 = LINE ( 'NONE', #4422, #1849 ) ;
#5434 =( NAMED_UNIT ( * ) PLANE_ANGLE_UNIT ( ) SI_UNIT ( $, .RADIAN. ) );
#5435 = EDGE_CURVE ( 'NONE', #4038, #3238, #272, .T. ) ;
#5436 = FILL_AREA_STYLE ('',( #6716 ) ) ;
#5437 = VECTOR ( 'NONE', #5265, 1000.000000000000000 ) ;
#5438 = EDGE_LOOP ( 'NONE', ( #2804, #2443, #4779, #1148 ) ) ;
#5439 = UNCERTAINTY_MEASURE_WITH_UNIT (LENGTH_MEASURE( 1.000000000000000100E-005 ), #4672, 'distance_accuracy_value', 'NONE');
#5440 = ORIENTED_EDGE ( 'NONE', *, *, #8020, .F. ) ;
#5441 = EDGE_CURVE ( 'NONE', #3511, #5875, #5433, .T. ) ;
#5442 = SURFACE_STYLE_FILL_AREA ( #850 ) ;
#5443 =( NAMED_UNIT ( * ) SI_UNIT ( $, .STERADIAN. ) SOLID_ANGLE_UNIT ( ) );
#5444 = CARTESIAN_POINT ( 'NONE',  ( 2.140000000000001500, 1.700000000000000000, 1.270000000000000000 ) ) ;
#5445 =( GEOMETRIC_REPRESENTATION_CONTEXT ( 3 ) GLOBAL_UNCERTAINTY_ASSIGNED_CONTEXT ( ( #2845 ) ) GLOBAL_UNIT_ASSIGNED_CONTEXT ( ( #6427, #2431, #7089 ) ) REPRESENTATION_CONTEXT ( 'NONE', 'WORKASPACE' ) );
#5446 = MECHANICAL_DESIGN_GEOMETRIC_PRESENTATION_REPRESENTATION (  '', ( #4102 ), #5882 ) ;
#5447 = ORIENTED_EDGE ( 'NONE', *, *, #2145, .T. ) ;
#5448 = ORIENTED_EDGE ( 'NONE', *, *, #4058, .F. ) ;
#5449 = FILL_AREA_STYLE_COLOUR ( '', #4970 ) ;
#5450 = DIRECTION ( 'NONE',  ( 0.7071067811865477900, 0.0000000000000000000, -0.7071067811865473500 ) ) ;
#5451 = ORIENTED_EDGE ( 'NONE', *, *, #1567, .T. ) ;
#5452 =( LENGTH_UNIT ( ) NAMED_UNIT ( * ) SI_UNIT ( .MILLI., .METRE. ) );
#5453 = SURFACE_SIDE_STYLE ('',( #4037 ) ) ;
#5454 = AXIS2_PLACEMENT_3D ( 'NONE', #7342, #3383, #8004 ) ;
#5455 = COLOUR_RGB ( '',0.7960784313725489700, 0.8235294117647058400, 0.9372549019607843100 ) ;
#5456 = SURFACE_STYLE_USAGE ( .BOTH. , #758 ) ;
#5457 = CARTESIAN_POINT ( 'NONE',  ( -1.490000000000000000, -2.799999999999999400, -15.56000000000000000 ) ) ;
#5458 = VERTEX_POINT ( 'NONE', #1753 ) ;
#5459 = SURFACE_STYLE_FILL_AREA ( #3200 ) ;
#5460 = SURFACE_STYLE_FILL_AREA ( #3819 ) ;
#5461 = EDGE_CURVE ( 'NONE', #804, #1933, #6977, .T. ) ;
#5462 =( NAMED_UNIT ( * ) PLANE_ANGLE_UNIT ( ) SI_UNIT ( $, .RADIAN. ) );
#5463 =( NAMED_UNIT ( * ) SI_UNIT ( $, .STERADIAN. ) SOLID_ANGLE_UNIT ( ) );
#5464 = DIRECTION ( 'NONE',  ( 1.000000000000000000, 0.0000000000000000000, 0.0000000000000000000 ) ) ;
#5465 = SURFACE_STYLE_FILL_AREA ( #1047 ) ;
#5466 = ORIENTED_EDGE ( 'NONE', *, *, #1988, .F. ) ;
#5467 = SURFACE_STYLE_USAGE ( .BOTH. , #770 ) ;
#5468 = PRESENTATION_LAYER_ASSIGNMENT (  '', '', ( #4556 ) ) ;
#5469 = EDGE_CURVE ( 'NONE', #4583, #2730, #3656, .T. ) ;
#5470 = ORIENTED_EDGE ( 'NONE', *, *, #6345, .T. ) ;
#5471 = VECTOR ( 'NONE', #1828, 999.9999999999998900 ) ;
#5472 = ADVANCED_FACE ( 'NONE', ( #3429 ), #1785, .T. ) ;
#5473 = DIRECTION ( 'NONE',  ( -0.7071067811865489100, -0.0000000000000000000, -0.7071067811865461300 ) ) ;
#5474 = SURFACE_STYLE_USAGE ( .BOTH. , #775 ) ;
#5475 = FACE_OUTER_BOUND ( 'NONE', #6023, .T. ) ;
#5476 = DIRECTION ( 'NONE',  ( -0.0000000000000000000, -0.0000000000000000000, 1.000000000000000000 ) ) ;
#5477 = VERTEX_POINT ( 'NONE', #5148 ) ;
#5478 = ORIENTED_EDGE ( 'NONE', *, *, #3834, .T. ) ;
#5479 = CARTESIAN_POINT ( 'NONE',  ( 1.050000000000000000, 11.70000000000000100, -7.299999999999999800 ) ) ;
#5480 = AXIS2_PLACEMENT_3D ( 'NONE', #6833, #2850, #7479 ) ;
#5481 =( LENGTH_UNIT ( ) NAMED_UNIT ( * ) SI_UNIT ( .MILLI., .METRE. ) );
#5483 = SURFACE_STYLE_FILL_AREA ( #1061 ) ;
#5482 = PRESENTATION_LAYER_ASSIGNMENT (  '', '', ( #4573 ) ) ;
#5484 = STYLED_ITEM ( 'NONE', ( #7275 ), #2648 ) ;
#5485 =( NAMED_UNIT ( * ) SI_UNIT ( $, .STERADIAN. ) SOLID_ANGLE_UNIT ( ) );
#5486 = PLANE ( 'NONE',  #4932 ) ;
#5487 =( NAMED_UNIT ( * ) SI_UNIT ( $, .STERADIAN. ) SOLID_ANGLE_UNIT ( ) );
#5488 = FILL_AREA_STYLE_COLOUR ( '', #2241 ) ;
#5489 =( NAMED_UNIT ( * ) PLANE_ANGLE_UNIT ( ) SI_UNIT ( $, .RADIAN. ) );
#5490 =( NAMED_UNIT ( * ) PLANE_ANGLE_UNIT ( ) SI_UNIT ( $, .RADIAN. ) );
#5491 =( GEOMETRIC_REPRESENTATION_CONTEXT ( 3 ) GLOBAL_UNCERTAINTY_ASSIGNED_CONTEXT ( ( #7115 ) ) GLOBAL_UNIT_ASSIGNED_CONTEXT ( ( #866, #5543, #1518 ) ) REPRESENTATION_CONTEXT ( 'NONE', 'WORKASPACE' ) );
#5492 = AXIS2_PLACEMENT_3D ( 'NONE', #7935, #5084, #4711 ) ;
#5493 = EDGE_CURVE ( 'NONE', #1396, #3346, #2803, .T. ) ;
#5494 = UNCERTAINTY_MEASURE_WITH_UNIT (LENGTH_MEASURE( 1.000000000000000100E-005 ), #2012, 'distance_accuracy_value', 'NONE');
#5495 = ORIENTED_EDGE ( 'NONE', *, *, #7333, .T. ) ;
#5496 = CARTESIAN_POINT ( 'NONE',  ( 2.540000000000000900, 1.700000000000000000, -6.750000000000000900 ) ) ;
#5497 = CARTESIAN_POINT ( 'NONE',  ( -1.590000000000000300, -2.799999999999999400, -4.860000000000000300 ) ) ;
#5498 = ORIENTED_EDGE ( 'NONE', *, *, #3600, .F. ) ;
#5499 = COLOUR_RGB ( '',0.0000000000000000000, 0.003921568627450980300, 0.09019607843137254800 ) ;
#5500 = ORIENTED_EDGE ( 'NONE', *, *, #5716, .F. ) ;
#5501 = MECHANICAL_DESIGN_GEOMETRIC_PRESENTATION_REPRESENTATION (  '', ( #4164 ), #5938 ) ;
#5502 = CARTESIAN_POINT ( 'NONE',  ( -2.539999999999999600, 0.0000000000000000000, -4.243421052631578800 ) ) ;
#5503 = STYLED_ITEM ( 'NONE', ( #6201 ), #257 ) ;
#5504 = VERTEX_POINT ( 'NONE', #5835 ) ;
#5505 = PRESENTATION_STYLE_ASSIGNMENT (( #3542 ) ) ;
#5506 =( LENGTH_UNIT ( ) NAMED_UNIT ( * ) SI_UNIT ( .MILLI., .METRE. ) );
#5507 = DIRECTION ( 'NONE',  ( -0.7071067811865481300, 0.0000000000000000000, -0.7071067811865470200 ) ) ;
#5508 =( LENGTH_UNIT ( ) NAMED_UNIT ( * ) SI_UNIT ( .MILLI., .METRE. ) );
#5509 = CARTESIAN_POINT ( 'NONE',  ( 2.540000000000000900, 1.700000000000000000, -11.03000000000000100 ) ) ;
#5510 = ADVANCED_FACE ( 'NONE', ( #7879 ), #1807, .F. ) ;
#5511 = FACE_OUTER_BOUND ( 'NONE', #879, .T. ) ;
#5512 = EDGE_CURVE ( 'NONE', #7464, #5800, #3761, .T. ) ;
#5513 = VECTOR ( 'NONE', #5308, 1000.000000000000000 ) ;
#5514 = PRESENTATION_STYLE_ASSIGNMENT (( #4353 ) ) ;
#5515 = DIRECTION ( 'NONE',  ( -0.7071067811865477900, 0.0000000000000000000, -0.7071067811865473500 ) ) ;
#5516 =( LENGTH_UNIT ( ) NAMED_UNIT ( * ) SI_UNIT ( .MILLI., .METRE. ) );
#5517 = PRESENTATION_STYLE_ASSIGNMENT (( #2978 ) ) ;
#5518 = DIRECTION ( 'NONE',  ( -0.6782059721786390900, 0.0000000000000000000, -0.7348718659067219300 ) ) ;
#5519 = CARTESIAN_POINT ( 'NONE',  ( -2.539999999999999600, 1.700000000000000000, -4.243421052631578800 ) ) ;
#5520 = FACE_OUTER_BOUND ( 'NONE', #6424, .T. ) ;
#5521 = VECTOR ( 'NONE', #5058, 1000.000000000000000 ) ;
#5522 = MECHANICAL_DESIGN_GEOMETRIC_PRESENTATION_REPRESENTATION (  '', ( #4191 ), #5970 ) ;
#5523 = STYLED_ITEM ( 'NONE', ( #2285 ), #5108 ) ;
#5524 =( LENGTH_UNIT ( ) NAMED_UNIT ( * ) SI_UNIT ( .MILLI., .METRE. ) );
#5525 = ORIENTED_EDGE ( 'NONE', *, *, #1141, .T. ) ;
#5526 = ORIENTED_EDGE ( 'NONE', *, *, #3142, .T. ) ;
#5527 = ORIENTED_EDGE ( 'NONE', *, *, #6044, .T. ) ;
#5528 = DIRECTION ( 'NONE',  ( 0.7071067811865486800, 0.0000000000000000000, 0.7071067811865464600 ) ) ;
#5529 =( LENGTH_UNIT ( ) NAMED_UNIT ( * ) SI_UNIT ( .MILLI., .METRE. ) );
#5530 = COLOUR_RGB ( '',0.7960784313725489700, 0.8235294117647058400, 0.9372549019607843100 ) ;
#5531 = SURFACE_SIDE_STYLE ('',( #5442 ) ) ;
#5532 = MECHANICAL_DESIGN_GEOMETRIC_PRESENTATION_REPRESENTATION (  '', ( #4203 ), #5982 ) ;
#5533 = DIRECTION ( 'NONE',  ( -0.0000000000000000000, -1.000000000000000000, -0.0000000000000000000 ) ) ;
#5534 = PLANE ( 'NONE',  #5103 ) ;
#5535 =( NAMED_UNIT ( * ) SI_UNIT ( $, .STERADIAN. ) SOLID_ANGLE_UNIT ( ) );
#5536 = ORIENTED_EDGE ( 'NONE', *, *, #4009, .F. ) ;
#5537 = PRESENTATION_LAYER_ASSIGNMENT (  '', '', ( #4641 ) ) ;
#5538 = ORIENTED_EDGE ( 'NONE', *, *, #5321, .T. ) ;
#5539 = DIRECTION ( 'NONE',  ( 0.0000000000000000000, 1.000000000000000000, 0.0000000000000000000 ) ) ;
#5540 = FILL_AREA_STYLE_COLOUR ( '', #7516 ) ;
#5541 = UNCERTAINTY_MEASURE_WITH_UNIT (LENGTH_MEASURE( 1.000000000000000100E-005 ), #518, 'distance_accuracy_value', 'NONE');
#5542 = ORIENTED_EDGE ( 'NONE', *, *, #7771, .F. ) ;
#5543 =( NAMED_UNIT ( * ) PLANE_ANGLE_UNIT ( ) SI_UNIT ( $, .RADIAN. ) );
#5544 = CARTESIAN_POINT ( 'NONE',  ( 1.050000000000000000, -2.799999999999999400, -15.56000000000000000 ) ) ;
#5545 = SURFACE_STYLE_FILL_AREA ( #5436 ) ;
#5546 = ADVANCED_FACE ( 'NONE', ( #1946 ), #4548, .F. ) ;
#5547 = ORIENTED_EDGE ( 'NONE', *, *, #6897, .F. ) ;
#5548 = LINE ( 'NONE', #2719, #402 ) ;
#5549 = EDGE_CURVE ( 'NONE', #3864, #5002, #1329, .T. ) ;
#5550 =( NAMED_UNIT ( * ) SI_UNIT ( $, .STERADIAN. ) SOLID_ANGLE_UNIT ( ) );
#5551 = LINE ( 'NONE', #5221, #5356 ) ;
#5552 =( LENGTH_UNIT ( ) NAMED_UNIT ( * ) SI_UNIT ( .MILLI., .METRE. ) );
#5553 = LINE ( 'NONE', #3161, #7096 ) ;
#5554 = PRESENTATION_STYLE_ASSIGNMENT (( #3141 ) ) ;
#5555 = ORIENTED_EDGE ( 'NONE', *, *, #387, .T. ) ;
#5556 = SURFACE_STYLE_FILL_AREA ( #3092 ) ;
#5557 = DIRECTION ( 'NONE',  ( -0.7071067811865489100, -0.0000000000000000000, -0.7071067811865461300 ) ) ;
#5558 = VECTOR ( 'NONE', #133, 1000.000000000000000 ) ;
#5559 = DIRECTION ( 'NONE',  ( 0.0000000000000000000, -0.0000000000000000000, -1.000000000000000000 ) ) ;
#5560 =( GEOMETRIC_REPRESENTATION_CONTEXT ( 3 ) GLOBAL_UNCERTAINTY_ASSIGNED_CONTEXT ( ( #1665 ) ) GLOBAL_UNIT_ASSIGNED_CONTEXT ( ( #454, #5168, #1150 ) ) REPRESENTATION_CONTEXT ( 'NONE', 'WORKASPACE' ) );
#5561 = DIRECTION ( 'NONE',  ( 0.7071067811865473500, 0.0000000000000000000, -0.7071067811865477900 ) ) ;
#5562 = CARTESIAN_POINT ( 'NONE',  ( -1.490000000000000200, -2.799999999999999400, -4.760000000000000700 ) ) ;
#5563 = SURFACE_STYLE_USAGE ( .BOTH. , #884 ) ;
#5564 = ORIENTED_EDGE ( 'NONE', *, *, #3376, .T. ) ;
#5565 = EDGE_CURVE ( 'NONE', #3244, #2474, #3112, .T. ) ;
#5566 = LINE ( 'NONE', #1477, #1986 ) ;
#5567 = CARTESIAN_POINT ( 'NONE',  ( -1.590000000000000300, -2.799999999999999400, -7.839999999999999900 ) ) ;
#5568 = CARTESIAN_POINT ( 'NONE',  ( -1.590000000000000300, -2.799999999999999400, -10.38000000000000100 ) ) ;
#5569 = DIRECTION ( 'NONE',  ( -1.000000000000000000, 0.0000000000000000000, 0.0000000000000000000 ) ) ;
#5570 = COLOUR_RGB ( '',0.7921568627450980000, 0.8196078431372548800, 0.9333333333333333500 ) ;
#5571 = PLANE ( 'NONE',  #819 ) ;
#5572 = EDGE_CURVE ( 'NONE', #5650, #5190, #8174, .T. ) ;
#5573 = VERTEX_POINT ( 'NONE', #1232 ) ;
#5574 = VERTEX_POINT ( 'NONE', #6566 ) ;
#5575 = FILL_AREA_STYLE_COLOUR ( '', #3482 ) ;
#5576 =( NAMED_UNIT ( * ) SI_UNIT ( $, .STERADIAN. ) SOLID_ANGLE_UNIT ( ) );
#5577 = MECHANICAL_DESIGN_GEOMETRIC_PRESENTATION_REPRESENTATION (  '', ( #4251 ), #6030 ) ;
#5578 = SURFACE_STYLE_USAGE ( .BOTH. , #904 ) ;
#5579 = STYLED_ITEM ( 'NONE', ( #7402 ), #8430 ) ;
#5580 = PRESENTATION_STYLE_ASSIGNMENT (( #5378 ) ) ;
#5581 = VERTEX_POINT ( 'NONE', #3255 ) ;
#5582 = SURFACE_STYLE_USAGE ( .BOTH. , #908 ) ;
#5583 = ORIENTED_EDGE ( 'NONE', *, *, #3369, .F. ) ;
#5584 = CARTESIAN_POINT ( 'NONE',  ( 2.540000000000000900, 1.700000000000000000, -3.410000000000000600 ) ) ;
#5585 = CARTESIAN_POINT ( 'NONE',  ( 2.540000000000000900, 1.700000000000000000, -5.950000000000001100 ) ) ;
#5586 = UNCERTAINTY_MEASURE_WITH_UNIT (LENGTH_MEASURE( 1.000000000000000100E-005 ), #7544, 'distance_accuracy_value', 'NONE');
#5587 = ADVANCED_FACE ( 'NONE', ( #7968 ), #7217, .T. ) ;
#5588 = AXIS2_PLACEMENT_3D ( 'NONE', #3160, #7803, #3850 ) ;
#5589 = EDGE_CURVE ( 'NONE', #453, #1522, #5622, .T. ) ;
#5590 = PRESENTATION_STYLE_ASSIGNMENT (( #1422 ) ) ;
#5591 = ORIENTED_EDGE ( 'NONE', *, *, #5401, .F. ) ;
#5592 = DIRECTION ( 'NONE',  ( 0.7071067811865474600, 0.0000000000000000000, 0.7071067811865474600 ) ) ;
#5593 = CARTESIAN_POINT ( 'NONE',  ( -1.490000000000000200, 11.70000000000000100, -7.299999999999999800 ) ) ;
#5594 =( NAMED_UNIT ( * ) PLANE_ANGLE_UNIT ( ) SI_UNIT ( $, .RADIAN. ) );
#5595 = DIRECTION ( 'NONE',  ( 0.7071067811865477900, 0.0000000000000000000, -0.7071067811865473500 ) ) ;
#5596 = FILL_AREA_STYLE_COLOUR ( '', #2155 ) ;
#5597 = PRESENTATION_LAYER_ASSIGNMENT (  '', '', ( #4698 ) ) ;
#5598 = EDGE_LOOP ( 'NONE', ( #3555, #6068, #4118, #4294 ) ) ;
#5599 = DIRECTION ( 'NONE',  ( -1.000000000000000000, 0.0000000000000000000, -1.232047923278982000E-016 ) ) ;
#5600 = SURFACE_SIDE_STYLE ('',( #6020 ) ) ;
#5601 = VECTOR ( 'NONE', #6361, 1000.000000000000000 ) ;
#5602 = LINE ( 'NONE', #2747, #2232 ) ;
#5603 = STYLED_ITEM ( 'NONE', ( #8194 ), #4588 ) ;
#5604 = PRESENTATION_STYLE_ASSIGNMENT (( #1747 ) ) ;
#5605 = DIRECTION ( 'NONE',  ( 0.0000000000000000000, 1.000000000000000000, 0.0000000000000000000 ) ) ;
#5606 = EDGE_LOOP ( 'NONE', ( #6556, #4632, #929, #6454 ) ) ;
#5607 = ORIENTED_EDGE ( 'NONE', *, *, #5321, .F. ) ;
#5608 = COLOUR_RGB ( '',0.7960784313725489700, 0.8235294117647058400, 0.9372549019607843100 ) ;
#5609 = EDGE_LOOP ( 'NONE', ( #177, #3416, #2682, #6381 ) ) ;
#5610 = FILL_AREA_STYLE ('',( #4941 ) ) ;
#5611 = CARTESIAN_POINT ( 'NONE',  ( -0.9499999999999999600, -2.799999999999999400, -0.2199999999999999700 ) ) ;
#5612 = EDGE_CURVE ( 'NONE', #5477, #7718, #2251, .T. ) ;
#5613 = DIRECTION ( 'NONE',  ( -0.7071067811865475700, 0.0000000000000000000, 0.7071067811865475700 ) ) ;
#5614 = SURFACE_STYLE_FILL_AREA ( #4547 ) ;
#5615 = EDGE_CURVE ( 'NONE', #2808, #1545, #7353, .T. ) ;
#5616 = AXIS2_PLACEMENT_3D ( 'NONE', #199, #4889, #889 ) ;
#5617 = EDGE_CURVE ( 'NONE', #280, #4694, #265, .T. ) ;
#5618 = VECTOR ( 'NONE', #659, 1000.000000000000000 ) ;
#5619 = SURFACE_STYLE_USAGE ( .BOTH. , #945 ) ;
#5620 = DIRECTION ( 'NONE',  ( 0.0000000000000000000, 0.0000000000000000000, 1.000000000000000000 ) ) ;
#5621 = CARTESIAN_POINT ( 'NONE',  ( -2.140000000000000600, 1.700000000000000000, -13.97000000000000100 ) ) ;
#5622 = LINE ( 'NONE', #4634, #482 ) ;
#5623 = DIRECTION ( 'NONE',  ( -1.000000000000000000, -0.0000000000000000000, -0.0000000000000000000 ) ) ;
#5624 =( LENGTH_UNIT ( ) NAMED_UNIT ( * ) SI_UNIT ( .MILLI., .METRE. ) );
#5625 = VERTEX_POINT ( 'NONE', #5309 ) ;
#5626 = ORIENTED_EDGE ( 'NONE', *, *, #6656, .F. ) ;
#5627 = ADVANCED_FACE ( 'NONE', ( #3856 ), #8602, .T. ) ;
#5628 = STYLED_ITEM ( 'NONE', ( #6708 ), #8023 ) ;
#5629 = ORIENTED_EDGE ( 'NONE', *, *, #2780, .T. ) ;
#5630 = PLANE ( 'NONE',  #5370 ) ;
#5631 = AXIS2_PLACEMENT_3D ( 'NONE', #2915, #7557, #3601 ) ;
#5632 = CARTESIAN_POINT ( 'NONE',  ( -2.139999999999999700, 0.0000000000000000000, 1.270000000000000000 ) ) ;
#5633 = MECHANICAL_DESIGN_GEOMETRIC_PRESENTATION_REPRESENTATION (  '', ( #4313 ), #6091 ) ;
#5634 = LINE ( 'NONE', #4580, #5437 ) ;
#5635 = EDGE_LOOP ( 'NONE', ( #1359, #3758, #5117, #7292 ) ) ;
#5636 = CARTESIAN_POINT ( 'NONE',  ( 1.490000000000000000, -2.799999999999999400, -9.840000000000001600 ) ) ;
#5637 = DIRECTION ( 'NONE',  ( -2.492418787322998300E-016, 0.0000000000000000000, -1.000000000000000000 ) ) ;
#5638 = CLOSED_SHELL ( 'NONE', ( #173, #4794, #8385, #4668, #3396, #5079, #6622, #5812, #940, #2277 ) ) ;
#5639 = MECHANICAL_DESIGN_GEOMETRIC_PRESENTATION_REPRESENTATION (  '', ( #4316 ), #6097 ) ;
#5640 =( NAMED_UNIT ( * ) SI_UNIT ( $, .STERADIAN. ) SOLID_ANGLE_UNIT ( ) );
#5641 = CARTESIAN_POINT ( 'NONE',  ( 1.590000000000000100, -2.799999999999999400, -9.940000000000001300 ) ) ;
#5642 = STYLED_ITEM ( 'NONE', ( #4516 ), #3933 ) ;
#5643 = EDGE_CURVE ( 'NONE', #7716, #2226, #1220, .T. ) ;
#5644 = VECTOR ( 'NONE', #2120, 1000.000000000000000 ) ;
#5645 = DIRECTION ( 'NONE',  ( 0.0000000000000000000, 1.000000000000000000, 0.0000000000000000000 ) ) ;
#5646 = ORIENTED_EDGE ( 'NONE', *, *, #2220, .F. ) ;
#5647 = DIRECTION ( 'NONE',  ( 0.0000000000000000000, -0.0000000000000000000, 1.000000000000000000 ) ) ;
#5648 = CARTESIAN_POINT ( 'NONE',  ( 1.490000000000000000, -2.799999999999999400, -13.02000000000000100 ) ) ;
#5649 = SURFACE_STYLE_USAGE ( .BOTH. , #969 ) ;
#5650 = VERTEX_POINT ( 'NONE', #4683 ) ;
#5651 = SURFACE_STYLE_FILL_AREA ( #6012 ) ;
#5652 = ORIENTED_EDGE ( 'NONE', *, *, #3182, .F. ) ;
#5653 = ORIENTED_EDGE ( 'NONE', *, *, #2116, .F. ) ;
#5654 = COLOUR_RGB ( '',0.7921568627450980000, 0.8196078431372548800, 0.9333333333333333500 ) ;
#5655 = PRESENTATION_LAYER_ASSIGNMENT (  '', '', ( #4750 ) ) ;
#5656 = SURFACE_SIDE_STYLE ('',( #4188 ) ) ;
#5657 =( LENGTH_UNIT ( ) NAMED_UNIT ( * ) SI_UNIT ( .MILLI., .METRE. ) );
#5658 = CARTESIAN_POINT ( 'NONE',  ( -0.9499999999999999600, -2.799999999999999400, -5.299999999999999800 ) ) ;
#5659 =( NAMED_UNIT ( * ) PLANE_ANGLE_UNIT ( ) SI_UNIT ( $, .RADIAN. ) );
#5660 = PRESENTATION_STYLE_ASSIGNMENT (( #7861 ) ) ;
#5661 = ORIENTED_EDGE ( 'NONE', *, *, #8082, .T. ) ;
#5662 = LINE ( 'NONE', #473, #2068 ) ;
#5663 = MECHANICAL_DESIGN_GEOMETRIC_PRESENTATION_REPRESENTATION (  '', ( #4336 ), #6116 ) ;
#5664 = FACE_OUTER_BOUND ( 'NONE', #7085, .T. ) ;
#5665 = ORIENTED_EDGE ( 'NONE', *, *, #8627, .T. ) ;
#5666 =( NAMED_UNIT ( * ) SI_UNIT ( $, .STERADIAN. ) SOLID_ANGLE_UNIT ( ) );
#5667 = LINE ( 'NONE', #1614, #530 ) ;
#5668 =( GEOMETRIC_REPRESENTATION_CONTEXT ( 3 ) GLOBAL_UNCERTAINTY_ASSIGNED_CONTEXT ( ( #740 ) ) GLOBAL_UNIT_ASSIGNED_CONTEXT ( ( #6367, #2357, #7026 ) ) REPRESENTATION_CONTEXT ( 'NONE', 'WORKASPACE' ) );
#5669 = EDGE_LOOP ( 'NONE', ( #5998, #3334, #6861, #2114, #7900, #561, #4642, #5466 ) ) ;
#5670 = ORIENTED_EDGE ( 'NONE', *, *, #2174, .T. ) ;
#5671 = EDGE_LOOP ( 'NONE', ( #5239, #1469, #165, #2382 ) ) ;
#5672 = VECTOR ( 'NONE', #3157, 1000.000000000000000 ) ;
#5673 = DIRECTION ( 'NONE',  ( 0.0000000000000000000, 0.0000000000000000000, 1.000000000000000000 ) ) ;
#5674 = EDGE_CURVE ( 'NONE', #3090, #7982, #8066, .T. ) ;
#5675 = SURFACE_STYLE_USAGE ( .BOTH. , #1000 ) ;
#5676 = FILL_AREA_STYLE_COLOUR ( '', #6605 ) ;
#5677 = CARTESIAN_POINT ( 'NONE',  ( 0.9499999999999999600, -2.799999999999999400, -12.48000000000000200 ) ) ;
#5678 = ADVANCED_FACE ( 'NONE', ( #1021 ), #6034, .T. ) ;
#5679 = UNCERTAINTY_MEASURE_WITH_UNIT (LENGTH_MEASURE( 1.000000000000000100E-005 ), #4864, 'distance_accuracy_value', 'NONE');
#5680 =( NAMED_UNIT ( * ) SI_UNIT ( $, .STERADIAN. ) SOLID_ANGLE_UNIT ( ) );
#5681 = FILL_AREA_STYLE_COLOUR ( '', #1531 ) ;
#5682 = CARTESIAN_POINT ( 'NONE',  ( 1.490000000000000000, 11.70000000000000100, -7.940000000000001300 ) ) ;
#5683 = CARTESIAN_POINT ( 'NONE',  ( -1.590000000000000300, 11.70000000000000100, -2.320000000000000300 ) ) ;
#5684 =( NAMED_UNIT ( * ) SI_UNIT ( $, .STERADIAN. ) SOLID_ANGLE_UNIT ( ) );
#5685 = PRESENTATION_LAYER_ASSIGNMENT (  '', '', ( #4776 ) ) ;
#5686 = FACE_OUTER_BOUND ( 'NONE', #183, .T. ) ;
#5687 = ORIENTED_EDGE ( 'NONE', *, *, #5764, .T. ) ;
#5688 = SURFACE_STYLE_USAGE ( .BOTH. , #1015 ) ;
#5689 = COLOUR_RGB ( '',0.7960784313725489700, 0.8235294117647058400, 0.9372549019607843100 ) ;
#5690 = DIRECTION ( 'NONE',  ( -0.7071067811865477900, 0.0000000000000000000, -0.7071067811865473500 ) ) ;
#5691 = PRESENTATION_STYLE_ASSIGNMENT (( #7500 ) ) ;
#5692 = VERTEX_POINT ( 'NONE', #3996 ) ;
#5693 = PRESENTATION_LAYER_ASSIGNMENT (  '', '', ( #5263 ) ) ;
#5694 = DIRECTION ( 'NONE',  ( -0.6782059721786390900, 0.0000000000000000000, -0.7348718659067219300 ) ) ;
#5695 = AXIS2_PLACEMENT_3D ( 'NONE', #2744, #6143, #2107 ) ;
#5696 = FILL_AREA_STYLE_COLOUR ( '', #1260 ) ;
#5697 = UNCERTAINTY_MEASURE_WITH_UNIT (LENGTH_MEASURE( 1.000000000000000100E-005 ), #6595, 'distance_accuracy_value', 'NONE');
#5698 = SURFACE_SIDE_STYLE ('',( #4954 ) ) ;
#5699 = STYLED_ITEM ( 'NONE', ( #474 ), #5768 ) ;
#5700 = LINE ( 'NONE', #7952, #7227 ) ;
#5701 = ORIENTED_EDGE ( 'NONE', *, *, #3639, .F. ) ;
#5702 =( NAMED_UNIT ( * ) PLANE_ANGLE_UNIT ( ) SI_UNIT ( $, .RADIAN. ) );
#5703 = SURFACE_STYLE_FILL_AREA ( #6816 ) ;
#5704 = CARTESIAN_POINT ( 'NONE',  ( -1.590000000000000300, 11.70000000000000100, -10.38000000000000100 ) ) ;
#5705 = CARTESIAN_POINT ( 'NONE',  ( -1.590000000000000300, -2.799999999999999400, -15.02000000000000000 ) ) ;
#5706 =( NAMED_UNIT ( * ) PLANE_ANGLE_UNIT ( ) SI_UNIT ( $, .RADIAN. ) );
#5707 =( GEOMETRIC_REPRESENTATION_CONTEXT ( 3 ) GLOBAL_UNCERTAINTY_ASSIGNED_CONTEXT ( ( #4324 ) ) GLOBAL_UNIT_ASSIGNED_CONTEXT ( ( #5506, #1482, #6179 ) ) REPRESENTATION_CONTEXT ( 'NONE', 'WORKASPACE' ) );
#5708 = VECTOR ( 'NONE', #3504, 1000.000000000000000 ) ;
#5709 = ORIENTED_EDGE ( 'NONE', *, *, #8072, .T. ) ;
#5710 = LINE ( 'NONE', #4172, #2125 ) ;
#5711 = CARTESIAN_POINT ( 'NONE',  ( 1.490000000000000000, -2.799999999999999400, -7.299999999999999800 ) ) ;
#5712 = CARTESIAN_POINT ( 'NONE',  ( 2.020000000000001400, 0.2999999999999999900, 1.270000000000000000 ) ) ;
#5713 = FILL_AREA_STYLE_COLOUR ( '', #2673 ) ;
#5714 = COLOUR_RGB ( '',0.7960784313725489700, 0.8235294117647058400, 0.9372549019607843100 ) ;
#5715 =( NAMED_UNIT ( * ) SI_UNIT ( $, .STERADIAN. ) SOLID_ANGLE_UNIT ( ) );
#5716 = EDGE_CURVE ( 'NONE', #7963, #1653, #2138, .T. ) ;
#5717 = FILL_AREA_STYLE ('',( #3018 ) ) ;
#5718 = PRESENTATION_LAYER_ASSIGNMENT (  '', '', ( #4811 ) ) ;
#5719 = LINE ( 'NONE', #8272, #581 ) ;
#5720 = ADVANCED_FACE ( 'NONE', ( #5520 ), #6064, .T. ) ;
#5721 = VECTOR ( 'NONE', #3642, 1000.000000000000000 ) ;
#5722 = LINE ( 'NONE', #5611, #3947 ) ;
#5723 = CARTESIAN_POINT ( 'NONE',  ( 2.540000000000000900, 1.700000000000000000, -1.670000000000000400 ) ) ;
#5724 = SURFACE_SIDE_STYLE ('',( #4085 ) ) ;
#5725 = DIRECTION ( 'NONE',  ( -0.6782059721786390900, 0.0000000000000000000, -0.7348718659067219300 ) ) ;
#5726 = MECHANICAL_DESIGN_GEOMETRIC_PRESENTATION_REPRESENTATION (  '', ( #4394 ), #6178 ) ;
#5727 = FILL_AREA_STYLE ('',( #2353 ) ) ;
#5728 = CARTESIAN_POINT ( 'NONE',  ( 2.540000000000000900, 1.700000000000000000, -13.57000000000000200 ) ) ;
#5729 = SURFACE_STYLE_FILL_AREA ( #4076 ) ;
#5730 = ORIENTED_EDGE ( 'NONE', *, *, #2873, .F. ) ;
#5731 = EDGE_CURVE ( 'NONE', #3402, #1841, #6640, .T. ) ;
#5732 =( NAMED_UNIT ( * ) SI_UNIT ( $, .STERADIAN. ) SOLID_ANGLE_UNIT ( ) );
#5733 = ORIENTED_EDGE ( 'NONE', *, *, #7753, .T. ) ;
#5734 = MANIFOLD_SOLID_BREP ( 'LPattern3[4]', #7259 ) ;
#5735 =( GEOMETRIC_REPRESENTATION_CONTEXT ( 3 ) GLOBAL_UNCERTAINTY_ASSIGNED_CONTEXT ( ( #4647 ) ) GLOBAL_UNIT_ASSIGNED_CONTEXT ( ( #2614, #7255, #3292 ) ) REPRESENTATION_CONTEXT ( 'NONE', 'WORKASPACE' ) );
#5736 = ORIENTED_EDGE ( 'NONE', *, *, #6633, .F. ) ;
#5737 = EDGE_CURVE ( 'NONE', #2760, #7206, #4277, .T. ) ;
#5738 = DIRECTION ( 'NONE',  ( 0.0000000000000000000, 0.0000000000000000000, 1.000000000000000000 ) ) ;
#5739 = ORIENTED_EDGE ( 'NONE', *, *, #2471, .T. ) ;
#5740 =( NAMED_UNIT ( * ) PLANE_ANGLE_UNIT ( ) SI_UNIT ( $, .RADIAN. ) );
#5741 = COLOUR_RGB ( '',0.0000000000000000000, 0.003921568627450980300, 0.09019607843137254800 ) ;
#5742 = VERTEX_POINT ( 'NONE', #3419 ) ;
#5743 = SURFACE_SIDE_STYLE ('',( #8536 ) ) ;
#5744 = DIRECTION ( 'NONE',  ( 0.0000000000000000000, 0.0000000000000000000, -1.000000000000000000 ) ) ;
#5745 = LINE ( 'NONE', #919, #7476 ) ;
#5746 = ORIENTED_EDGE ( 'NONE', *, *, #4459, .T. ) ;
#5747 = UNCERTAINTY_MEASURE_WITH_UNIT (LENGTH_MEASURE( 1.000000000000000100E-005 ), #2575, 'distance_accuracy_value', 'NONE');
#5748 = ORIENTED_EDGE ( 'NONE', *, *, #3792, .F. ) ;
#5749 = MECHANICAL_DESIGN_GEOMETRIC_PRESENTATION_REPRESENTATION (  '', ( #4426 ), #6199 ) ;
#5750 = CARTESIAN_POINT ( 'NONE',  ( 0.9499999999999999600, 11.70000000000000100, -0.2200000000000000000 ) ) ;
#5751 = VECTOR ( 'NONE', #6741, 1000.000000000000000 ) ;
#5752 = ORIENTED_EDGE ( 'NONE', *, *, #6015, .T. ) ;
#5753 = DIRECTION ( 'NONE',  ( 2.492418787322998300E-016, 0.0000000000000000000, 1.000000000000000000 ) ) ;
#5754 = FILL_AREA_STYLE ('',( #3062 ) ) ;
#5755 = ORIENTED_EDGE ( 'NONE', *, *, #4436, .F. ) ;
#5756 = PRESENTATION_LAYER_ASSIGNMENT (  '', '', ( #4842 ) ) ;
#5757 = CARTESIAN_POINT ( 'NONE',  ( 0.9499999999999999600, -2.799999999999999400, -7.400000000000000400 ) ) ;
#5758 = ORIENTED_EDGE ( 'NONE', *, *, #5881, .T. ) ;
#5759 = LINE ( 'NONE', #4660, #2170 ) ;
#5760 = STYLED_ITEM ( 'NONE', ( #1628 ), #6324 ) ;
#5761 = VERTEX_POINT ( 'NONE', #4144 ) ;
#5762 = EDGE_CURVE ( 'NONE', #575, #7297, #7561, .T. ) ;
#5763 = COLOUR_RGB ( '',0.7960784313725489700, 0.8235294117647058400, 0.9372549019607843100 ) ;
#5764 = EDGE_CURVE ( 'NONE', #4403, #5574, #4876, .T. ) ;
#5765 = PLANE ( 'NONE',  #7390 ) ;
#5766 = DIRECTION ( 'NONE',  ( -0.7071067811865489100, 0.0000000000000000000, 0.7071067811865462400 ) ) ;
#5767 = CARTESIAN_POINT ( 'NONE',  ( 1.590000000000000100, -2.799999999999999400, -2.760000000000000200 ) ) ;
#5768 = ADVANCED_FACE ( 'NONE', ( #684 ), #6794, .F. ) ;
#5769 = VECTOR ( 'NONE', #3113, 1000.000000000000000 ) ;
#5770 = VERTEX_POINT ( 'NONE', #4789 ) ;
#5771 = VECTOR ( 'NONE', #2383, 1000.000000000000000 ) ;
#5772 = LINE ( 'NONE', #3490, #7499 ) ;
#5773 = ORIENTED_EDGE ( 'NONE', *, *, #6890, .F. ) ;
#5774 = SURFACE_STYLE_USAGE ( .BOTH. , #1094 ) ;
#5775 = SURFACE_STYLE_FILL_AREA ( #6597 ) ;
#5776 = AXIS2_PLACEMENT_3D ( 'NONE', #3382, #8002, #4065 ) ;
#5777 =( NAMED_UNIT ( * ) PLANE_ANGLE_UNIT ( ) SI_UNIT ( $, .RADIAN. ) );
#5778 = SURFACE_SIDE_STYLE ('',( #2024 ) ) ;
#5779 =( NAMED_UNIT ( * ) SI_UNIT ( $, .STERADIAN. ) SOLID_ANGLE_UNIT ( ) );
#5780 = CARTESIAN_POINT ( 'NONE',  ( 1.050000000000000000, -2.799999999999999400, -0.3200000000000001200 ) ) ;
#5781 = FILL_AREA_STYLE ('',( #5115 ) ) ;
#5782 = CARTESIAN_POINT ( 'NONE',  ( 2.140000000000000100, 1.700000000000000000, -13.97000000000000100 ) ) ;
#5783 = ORIENTED_EDGE ( 'NONE', *, *, #5188, .F. ) ;
#5784 = ORIENTED_EDGE ( 'NONE', *, *, #801, .F. ) ;
#5785 =( GEOMETRIC_REPRESENTATION_CONTEXT ( 3 ) GLOBAL_UNCERTAINTY_ASSIGNED_CONTEXT ( ( #7821 ) ) GLOBAL_UNIT_ASSIGNED_CONTEXT ( ( #6806, #2819, #7455 ) ) REPRESENTATION_CONTEXT ( 'NONE', 'WORKASPACE' ) );
#5786 =( LENGTH_UNIT ( ) NAMED_UNIT ( * ) SI_UNIT ( .MILLI., .METRE. ) );
#5787 = EDGE_LOOP ( 'NONE', ( #313, #7742, #2072, #5299 ) ) ;
#5788 = DIRECTION ( 'NONE',  ( -1.000000000000000000, 0.0000000000000000000, 0.0000000000000000000 ) ) ;
#5789 = EDGE_CURVE ( 'NONE', #4304, #4693, #1617, .T. ) ;
#5790 = PRESENTATION_STYLE_ASSIGNMENT (( #6480 ) ) ;
#5791 = EDGE_CURVE ( 'NONE', #3351, #6471, #8482, .T. ) ;
#5792 = UNCERTAINTY_MEASURE_WITH_UNIT (LENGTH_MEASURE( 1.000000000000000100E-005 ), #3061, 'distance_accuracy_value', 'NONE');
#5793 = EDGE_CURVE ( 'NONE', #5190, #6240, #6739, .T. ) ;
#5794 = DIRECTION ( 'NONE',  ( -2.492418787322998300E-016, 0.0000000000000000000, -1.000000000000000000 ) ) ;
#5795 = CARTESIAN_POINT ( 'NONE',  ( -1.590000000000000300, -2.799999999999999400, -7.839999999999999900 ) ) ;
#5796 = SURFACE_SIDE_STYLE ('',( #7592 ) ) ;
#5797 = LINE ( 'NONE', #2669, #2439 ) ;
#5798 = ORIENTED_EDGE ( 'NONE', *, *, #4058, .T. ) ;
#5799 = COLOUR_RGB ( '',0.0000000000000000000, 0.003921568627450980300, 0.09019607843137254800 ) ;
#5800 = VERTEX_POINT ( 'NONE', #4848 ) ;
#5801 = CARTESIAN_POINT ( 'NONE',  ( 0.9499999999999999600, -2.799999999999999400, -2.760000000000000200 ) ) ;
#5802 = PLANE ( 'NONE',  #6032 ) ;
#5803 = FILL_AREA_STYLE_COLOUR ( '', #2982 ) ;
#5804 = DIRECTION ( 'NONE',  ( 0.7348718659067219300, 0.0000000000000000000, -0.6782059721786390900 ) ) ;
#5805 = PLANE ( 'NONE',  #1912 ) ;
#5806 = DIRECTION ( 'NONE',  ( -0.0000000000000000000, -1.000000000000000000, -0.0000000000000000000 ) ) ;
#5807 = COLOUR_RGB ( '',0.7960784313725489700, 0.8235294117647058400, 0.9372549019607843100 ) ;
#5808 =( GEOMETRIC_REPRESENTATION_CONTEXT ( 3 ) GLOBAL_UNCERTAINTY_ASSIGNED_CONTEXT ( ( #8100 ) ) GLOBAL_UNIT_ASSIGNED_CONTEXT ( ( #5452, #1421, #6117 ) ) REPRESENTATION_CONTEXT ( 'NONE', 'WORKASPACE' ) );
#5809 = PRESENTATION_LAYER_ASSIGNMENT (  '', '', ( #4897 ) ) ;
#5810 = VECTOR ( 'NONE', #7385, 1000.000000000000000 ) ;
#5811 = COLOUR_RGB ( '',0.7960784313725489700, 0.8235294117647058400, 0.9372549019607843100 ) ;
#5812 = ADVANCED_FACE ( 'NONE', ( #6537 ), #6205, .T. ) ;
#5813 = CARTESIAN_POINT ( 'NONE',  ( -1.050000000000000000, -2.799999999999999400, -2.220000000000000200 ) ) ;
#5814 = UNCERTAINTY_MEASURE_WITH_UNIT (LENGTH_MEASURE( 1.000000000000000100E-005 ), #3030, 'distance_accuracy_value', 'NONE');
#5815 =( NAMED_UNIT ( * ) SI_UNIT ( $, .STERADIAN. ) SOLID_ANGLE_UNIT ( ) );
#5816 = SURFACE_SIDE_STYLE ('',( #660 ) ) ;
#5817 = PRESENTATION_STYLE_ASSIGNMENT (( #1585 ) ) ;
#5818 = ORIENTED_EDGE ( 'NONE', *, *, #3834, .F. ) ;
#5819 = LINE ( 'NONE', #6561, #4044 ) ;
#5820 = CARTESIAN_POINT ( 'NONE',  ( 2.540000000000000900, 0.0000000000000000000, -14.37000000000000100 ) ) ;
#5821 = FACE_OUTER_BOUND ( 'NONE', #2831, .T. ) ;
#5822 = VECTOR ( 'NONE', #1387, 999.9999999999998900 ) ;
#5823 = DIRECTION ( 'NONE',  ( -0.7071067811865462400, 0.0000000000000000000, -0.7071067811865489100 ) ) ;
#5824 = CARTESIAN_POINT ( 'NONE',  ( 1.050000000000000000, 11.70000000000000100, -0.3200000000000001200 ) ) ;
#5825 = AXIS2_PLACEMENT_3D ( 'NONE', #5932, #1910, #6589 ) ;
#5826 = ORIENTED_EDGE ( 'NONE', *, *, #3151, .F. ) ;
#5827 = ORIENTED_EDGE ( 'NONE', *, *, #2929, .F. ) ;
#5828 = LINE ( 'NONE', #1059, #7338 ) ;
#5829 = SURFACE_STYLE_USAGE ( .BOTH. , #1153 ) ;
#5830 = VECTOR ( 'NONE', #792, 999.9999999999998900 ) ;
#5831 = ORIENTED_EDGE ( 'NONE', *, *, #4246, .T. ) ;
#5832 = PRESENTATION_LAYER_ASSIGNMENT (  '', '', ( #5387 ) ) ;
#5833 = SURFACE_STYLE_USAGE ( .BOTH. , #1158 ) ;
#5834 = SURFACE_SIDE_STYLE ('',( #2892 ) ) ;
#5835 = CARTESIAN_POINT ( 'NONE',  ( -0.9499999999999999600, -2.799999999999999400, -4.860000000000000300 ) ) ;
#5836 = MECHANICAL_DESIGN_GEOMETRIC_PRESENTATION_REPRESENTATION (  '', ( #4500 ), #6275 ) ;
#5837 = LINE ( 'NONE', #5386, #5618 ) ;
#5838 = DIRECTION ( 'NONE',  ( -0.7071067811865470200, 0.0000000000000000000, 0.7071067811865481300 ) ) ;
#5839 = FILL_AREA_STYLE ('',( #1169 ) ) ;
#5840 = DIRECTION ( 'NONE',  ( 0.7071067811865486800, 0.0000000000000000000, -0.7071067811865463500 ) ) ;
#5841 = EDGE_LOOP ( 'NONE', ( #3043, #4261, #624, #1048, #1955, #5988, #789, #5261 ) ) ;
#5842 = DIRECTION ( 'NONE',  ( 0.7071067811865477900, 0.0000000000000000000, -0.7071067811865473500 ) ) ;
#5843 = COLOUR_RGB ( '',0.7960784313725489700, 0.8235294117647058400, 0.9372549019607843100 ) ;
#5844 = ORIENTED_EDGE ( 'NONE', *, *, #5762, .T. ) ;
#5845 = SURFACE_STYLE_FILL_AREA ( #2119 ) ;
#5846 = EDGE_CURVE ( 'NONE', #2465, #3598, #5211, .T. ) ;
#5847 = ADVANCED_FACE ( 'NONE', ( #2361 ), #5534, .F. ) ;
#5848 = EDGE_LOOP ( 'NONE', ( #2771, #4808, #4349, #2854 ) ) ;
#5849 = FACE_OUTER_BOUND ( 'NONE', #5606, .T. ) ;
#5850 = EDGE_LOOP ( 'NONE', ( #7725, #7366, #2558, #6689 ) ) ;
#5851 = LINE ( 'NONE', #5996, #7585 ) ;
#5852 = DIRECTION ( 'NONE',  ( 0.6756367705307529900, -0.0000000000000000000, 0.7372346670543747900 ) ) ;
#5853 = AXIS2_PLACEMENT_3D ( 'NONE', #4276, #228, #4923 ) ;
#5854 = SURFACE_SIDE_STYLE ('',( #2832 ) ) ;
#5855 = LINE ( 'NONE', #6809, #5644 ) ;
#5856 = CARTESIAN_POINT ( 'NONE',  ( 1.490000000000000000, 11.70000000000000100, -7.299999999999999800 ) ) ;
#5857 = UNCERTAINTY_MEASURE_WITH_UNIT (LENGTH_MEASURE( 1.000000000000000100E-005 ), #4788, 'distance_accuracy_value', 'NONE');
#5858 = VECTOR ( 'NONE', #3025, 1000.000000000000000 ) ;
#5859 = ORIENTED_EDGE ( 'NONE', *, *, #171, .F. ) ;
#5860 = DIRECTION ( 'NONE',  ( -1.000000000000000000, -0.0000000000000000000, -0.0000000000000000000 ) ) ;
#5861 = PRESENTATION_LAYER_ASSIGNMENT (  '', '', ( #4963 ) ) ;
#5862 = LINE ( 'NONE', #2571, #1667 ) ;
#5863 = ORIENTED_EDGE ( 'NONE', *, *, #446, .T. ) ;
#5864 = FILL_AREA_STYLE_COLOUR ( '', #4502 ) ;
#5865 = AXIS2_PLACEMENT_3D ( 'NONE', #4032, #8641, #4688 ) ;
#5866 = SURFACE_STYLE_FILL_AREA ( #2921 ) ;
#5867 = CARTESIAN_POINT ( 'NONE',  ( 1.050000000000000000, -2.799999999999999400, -2.860000000000000300 ) ) ;
#5868 = SURFACE_STYLE_FILL_AREA ( #6676 ) ;
#5869 =( GEOMETRIC_REPRESENTATION_CONTEXT ( 3 ) GLOBAL_UNCERTAINTY_ASSIGNED_CONTEXT ( ( #1295 ) ) GLOBAL_UNIT_ASSIGNED_CONTEXT ( ( #1320, #6009, #1972 ) ) REPRESENTATION_CONTEXT ( 'NONE', 'WORKASPACE' ) );
#5870 = CARTESIAN_POINT ( 'NONE',  ( -1.050000000000000000, 11.70000000000000100, 0.3199999999999999000 ) ) ;
#5871 = MECHANICAL_DESIGN_GEOMETRIC_PRESENTATION_REPRESENTATION (  '', ( #4534 ), #6312 ) ;
#5872 = FACE_OUTER_BOUND ( 'NONE', #6585, .T. ) ;
#5873 = PRODUCT ( '2x7', '2x7', '', ( #6791 ) ) ;
#5874 = EDGE_CURVE ( 'NONE', #4694, #2604, #5305, .T. ) ;
#5875 = VERTEX_POINT ( 'NONE', #2920 ) ;
#5876 = VERTEX_POINT ( 'NONE', #7562 ) ;
#5877 = CARTESIAN_POINT ( 'NONE',  ( -2.540000000000000000, 1.700000000000000000, -3.443421052631578900 ) ) ;
#5878 = LINE ( 'NONE', #8455, #5471 ) ;
#5879 = DIRECTION ( 'NONE',  ( -1.000000000000000000, 0.0000000000000000000, 0.0000000000000000000 ) ) ;
#5880 = SURFACE_STYLE_FILL_AREA ( #1464 ) ;
#5881 = EDGE_CURVE ( 'NONE', #5213, #2551, #5104, .T. ) ;
#5882 =( GEOMETRIC_REPRESENTATION_CONTEXT ( 3 ) GLOBAL_UNCERTAINTY_ASSIGNED_CONTEXT ( ( #3282 ) ) GLOBAL_UNIT_ASSIGNED_CONTEXT ( ( #3723, #8333, #4393 ) ) REPRESENTATION_CONTEXT ( 'NONE', 'WORKASPACE' ) );
#5883 = COLOUR_RGB ( '',0.7960784313725489700, 0.8235294117647058400, 0.9372549019607843100 ) ;
#5884 = DIRECTION ( 'NONE',  ( 0.0000000000000000000, 0.0000000000000000000, 1.000000000000000000 ) ) ;
#5885 =( NAMED_UNIT ( * ) PLANE_ANGLE_UNIT ( ) SI_UNIT ( $, .RADIAN. ) );
#5886 =( LENGTH_UNIT ( ) NAMED_UNIT ( * ) SI_UNIT ( .MILLI., .METRE. ) );
#5887 = COLOUR_RGB ( '',0.7960784313725489700, 0.8235294117647058400, 0.9372549019607843100 ) ;
#5888 = PRESENTATION_LAYER_ASSIGNMENT (  '', '', ( #4992 ) ) ;
#5889 = DIRECTION ( 'NONE',  ( -0.0000000000000000000, -1.000000000000000000, -0.0000000000000000000 ) ) ;
#5890 = COLOUR_RGB ( '',0.7960784313725489700, 0.8235294117647058400, 0.9372549019607843100 ) ;
#5891 = DIRECTION ( 'NONE',  ( 0.7071067811865481300, 0.0000000000000000000, -0.7071067811865470200 ) ) ;
#5892 =( NAMED_UNIT ( * ) SI_UNIT ( $, .STERADIAN. ) SOLID_ANGLE_UNIT ( ) );
#5893 = VECTOR ( 'NONE', #629, 1000.000000000000000 ) ;
#5894 = LINE ( 'NONE', #6972, #550 ) ;
#5895 = DIRECTION ( 'NONE',  ( 0.0000000000000000000, 1.000000000000000000, 0.0000000000000000000 ) ) ;
#5896 = CARTESIAN_POINT ( 'NONE',  ( -1.050000000000000000, -2.799999999999999400, -7.940000000000001300 ) ) ;
#5897 = EDGE_CURVE ( 'NONE', #8298, #2650, #8587, .T. ) ;
#5898 = ADVANCED_FACE ( 'NONE', ( #3520 ), #2256, .T. ) ;
#5899 = MECHANICAL_DESIGN_GEOMETRIC_PRESENTATION_REPRESENTATION (  '', ( #4556 ), #6344 ) ;
#5900 = LINE ( 'NONE', #152, #560 ) ;
#5901 = ORIENTED_EDGE ( 'NONE', *, *, #2893, .T. ) ;
#5902 = EDGE_CURVE ( 'NONE', #3956, #6475, #902, .T. ) ;
#5903 = DIRECTION ( 'NONE',  ( 0.0000000000000000000, 0.0000000000000000000, -1.000000000000000000 ) ) ;
#5904 = CARTESIAN_POINT ( 'NONE',  ( -1.490000000000000200, 11.70000000000000100, -9.840000000000001600 ) ) ;
#5905 = DIRECTION ( 'NONE',  ( -0.7071067811865470200, -0.0000000000000000000, -0.7071067811865481300 ) ) ;
#5906 = COLOUR_RGB ( '',0.0000000000000000000, 0.003921568627450980300, 0.09019607843137254800 ) ;
#5907 = CARTESIAN_POINT ( 'NONE',  ( -1.590000000000000300, -2.799999999999999400, -15.02000000000000000 ) ) ;
#5908 = ORIENTED_EDGE ( 'NONE', *, *, #1695, .T. ) ;
#5909 = VECTOR ( 'NONE', #2104, 1000.000000000000000 ) ;
#5910 = PRESENTATION_LAYER_ASSIGNMENT (  '', '', ( #5022 ) ) ;
#5911 = FILL_AREA_STYLE ('',( #8517 ) ) ;
#5912 = FILL_AREA_STYLE_COLOUR ( '', #6343 ) ;
#5913 = MECHANICAL_DESIGN_GEOMETRIC_PRESENTATION_REPRESENTATION (  '', ( #4573 ), #6357 ) ;
#5914 = AXIS2_PLACEMENT_3D ( 'NONE', #5314, #1294, #5984 ) ;
#5915 = LINE ( 'NONE', #6814, #5708 ) ;
#5916 = ORIENTED_EDGE ( 'NONE', *, *, #5793, .T. ) ;
#5917 = FACE_OUTER_BOUND ( 'NONE', #2796, .T. ) ;
#5918 = EDGE_LOOP ( 'NONE', ( #1450, #7688, #5921, #7705, #1622, #3842, #3458, #1193 ) ) ;
#5919 = DIRECTION ( 'NONE',  ( -0.7071067811865461300, 0.0000000000000000000, 0.7071067811865489100 ) ) ;
#5920 = CARTESIAN_POINT ( 'NONE',  ( 1.050000000000000000, 11.70000000000000100, -7.940000000000001300 ) ) ;
#5921 = ORIENTED_EDGE ( 'NONE', *, *, #7765, .T. ) ;
#5922 = FILL_AREA_STYLE ('',( #8529 ) ) ;
#5923 = PRESENTATION_LAYER_ASSIGNMENT (  '', '', ( #5038 ) ) ;
#5924 = CARTESIAN_POINT ( 'NONE',  ( 2.140000000000000100, 1.700000000000000000, -11.43000000000000100 ) ) ;
#5925 = CARTESIAN_POINT ( 'NONE',  ( 2.140000000000000100, 1.700000000000000000, -13.97000000000000100 ) ) ;
#5926 = EDGE_CURVE ( 'NONE', #8523, #3561, #2671, .T. ) ;
#5927 = PRESENTATION_STYLE_ASSIGNMENT (( #8180 ) ) ;
#5928 = VECTOR ( 'NONE', #6940, 1000.000000000000100 ) ;
#5929 = DIRECTION ( 'NONE',  ( 0.0000000000000000000, 0.0000000000000000000, 1.000000000000000000 ) ) ;
#5930 = STYLED_ITEM ( 'NONE', ( #1602 ), #7301 ) ;
#5931 = COLOUR_RGB ( '',0.0000000000000000000, 0.003921568627450980300, 0.09019607843137254800 ) ;
#5932 = CARTESIAN_POINT ( 'NONE',  ( -2.540000000000000000, 1.700000000000000000, -3.443421052631578900 ) ) ;
#5933 = CARTESIAN_POINT ( 'NONE',  ( 1.490000000000000000, -2.799999999999999400, -0.3200000000000001200 ) ) ;
#5934 = SURFACE_SIDE_STYLE ('',( #6479 ) ) ;
#5935 = VERTEX_POINT ( 'NONE', #3669 ) ;
#5936 = SURFACE_SIDE_STYLE ('',( #7548 ) ) ;
#5937 = ORIENTED_EDGE ( 'NONE', *, *, #1404, .T. ) ;
#5938 =( GEOMETRIC_REPRESENTATION_CONTEXT ( 3 ) GLOBAL_UNCERTAINTY_ASSIGNED_CONTEXT ( ( #484 ) ) GLOBAL_UNIT_ASSIGNED_CONTEXT ( ( #8222, #4287, #246 ) ) REPRESENTATION_CONTEXT ( 'NONE', 'WORKASPACE' ) );
#5939 = AXIS2_PLACEMENT_3D ( 'NONE', #7617, #5001, #2328 ) ;
#5940 = CARTESIAN_POINT ( 'NONE',  ( 0.9499999999999999600, -2.799999999999999400, 0.2200000000000000600 ) ) ;
#5941 =( NAMED_UNIT ( * ) PLANE_ANGLE_UNIT ( ) SI_UNIT ( $, .RADIAN. ) );
#5942 = ORIENTED_EDGE ( 'NONE', *, *, #4004, .F. ) ;
#5943 = COLOUR_RGB ( '',0.7960784313725489700, 0.8235294117647058400, 0.9372549019607843100 ) ;
#5944 = ADVANCED_FACE ( 'NONE', ( #2463 ), #2979, .F. ) ;
#5945 = STYLED_ITEM ( 'NONE', ( #6701 ), #2142 ) ;
#5946 = ORIENTED_EDGE ( 'NONE', *, *, #737, .F. ) ;
#5947 = FILL_AREA_STYLE ('',( #3940 ) ) ;
#5948 = LINE ( 'NONE', #2235, #7695 ) ;
#5949 = VERTEX_POINT ( 'NONE', #305 ) ;
#5950 = FACE_OUTER_BOUND ( 'NONE', #7414, .T. ) ;
#5951 = CARTESIAN_POINT ( 'NONE',  ( -0.9499999999999999600, -2.799999999999999400, -0.2199999999999999700 ) ) ;
#5952 = DIRECTION ( 'NONE',  ( 0.0000000000000000000, 1.000000000000000000, 0.0000000000000000000 ) ) ;
#5953 = ORIENTED_EDGE ( 'NONE', *, *, #4619, .T. ) ;
#5954 = FILL_AREA_STYLE ('',( #4553 ) ) ;
#5955 = EDGE_CURVE ( 'NONE', #7808, #3033, #3623, .T. ) ;
#5956 = EDGE_CURVE ( 'NONE', #1573, #6204, #1820, .T. ) ;
#5957 = COLOUR_RGB ( '',0.7960784313725489700, 0.8235294117647058400, 0.9372549019607843100 ) ;
#5958 = VERTEX_POINT ( 'NONE', #5043 ) ;
#5959 = LINE ( 'NONE', #1405, #829 ) ;
#5960 = ORIENTED_EDGE ( 'NONE', *, *, #478, .T. ) ;
#5961 = PRESENTATION_STYLE_ASSIGNMENT (( #3898 ) ) ;
#5962 = SURFACE_STYLE_FILL_AREA ( #4706 ) ;
#5963 = DIRECTION ( 'NONE',  ( 0.0000000000000000000, 1.000000000000000000, 0.0000000000000000000 ) ) ;
#5964 = ORIENTED_EDGE ( 'NONE', *, *, #996, .T. ) ;
#5965 = UNCERTAINTY_MEASURE_WITH_UNIT (LENGTH_MEASURE( 1.000000000000000100E-005 ), #4522, 'distance_accuracy_value', 'NONE');
#5966 = LINE ( 'NONE', #3312, #7487 ) ;
#5967 = EDGE_LOOP ( 'NONE', ( #1819, #815, #6237, #3471, #7177, #4955, #7662, #4920 ) ) ;
#5968 = SURFACE_STYLE_USAGE ( .BOTH. , #1279 ) ;
#5969 =( NAMED_UNIT ( * ) PLANE_ANGLE_UNIT ( ) SI_UNIT ( $, .RADIAN. ) );
#5970 =( GEOMETRIC_REPRESENTATION_CONTEXT ( 3 ) GLOBAL_UNCERTAINTY_ASSIGNED_CONTEXT ( ( #7461 ) ) GLOBAL_UNIT_ASSIGNED_CONTEXT ( ( #7878, #3932, #5779 ) ) REPRESENTATION_CONTEXT ( 'NONE', 'WORKASPACE' ) );
#5971 = LINE ( 'NONE', #5677, #7489 ) ;
#5972 = AXIS2_PLACEMENT_3D ( 'NONE', #7906, #3957, #8572 ) ;
#5973 = SURFACE_SIDE_STYLE ('',( #7381 ) ) ;
#5974 = PRESENTATION_STYLE_ASSIGNMENT (( #105 ) ) ;
#5975 = CARTESIAN_POINT ( 'NONE',  ( 1.490000000000000000, -2.799999999999999400, -9.840000000000001600 ) ) ;
#5976 = SURFACE_STYLE_USAGE ( .BOTH. , #1284 ) ;
#5977 = SURFACE_SIDE_STYLE ('',( #6139 ) ) ;
#5978 = CARTESIAN_POINT ( 'NONE',  ( -1.050000000000000000, 11.70000000000000100, -2.220000000000000200 ) ) ;
#5979 = LINE ( 'NONE', #7758, #5769 ) ;
#5980 = VERTEX_POINT ( 'NONE', #2362 ) ;
#5981 = VECTOR ( 'NONE', #1051, 1000.000000000000000 ) ;
#5982 =( GEOMETRIC_REPRESENTATION_CONTEXT ( 3 ) GLOBAL_UNCERTAINTY_ASSIGNED_CONTEXT ( ( #4888 ) ) GLOBAL_UNIT_ASSIGNED_CONTEXT ( ( #5481, #1447, #6141 ) ) REPRESENTATION_CONTEXT ( 'NONE', 'WORKASPACE' ) );
#5983 = VERTEX_POINT ( 'NONE', #3036 ) ;
#5984 = DIRECTION ( 'NONE',  ( 0.7071067811865474600, 0.0000000000000000000, 0.7071067811865474600 ) ) ;
#5985 = FILL_AREA_STYLE ('',( #5317 ) ) ;
#5986 = LINE ( 'NONE', #6238, #4220 ) ;
#5987 =( NAMED_UNIT ( * ) PLANE_ANGLE_UNIT ( ) SI_UNIT ( $, .RADIAN. ) );
#5988 = ORIENTED_EDGE ( 'NONE', *, *, #4438, .T. ) ;
#5989 = DIRECTION ( 'NONE',  ( 0.0000000000000000000, 1.000000000000000000, 0.0000000000000000000 ) ) ;
#5990 = MECHANICAL_DESIGN_GEOMETRIC_PRESENTATION_REPRESENTATION (  '', ( #4641 ), #6418 ) ;
#5991 = ORIENTED_EDGE ( 'NONE', *, *, #219, .F. ) ;
#5992 = STYLED_ITEM ( 'NONE', ( #6638 ), #6887 ) ;
#5993 = ADVANCED_FACE ( 'NONE', ( #1612 ), #1689, .T. ) ;
#5994 = VECTOR ( 'NONE', #6271, 1000.000000000000100 ) ;
#5995 = DIRECTION ( 'NONE',  ( -1.000000000000000000, -0.0000000000000000000, -0.0000000000000000000 ) ) ;
#5996 = CARTESIAN_POINT ( 'NONE',  ( 1.590000000000000100, -2.799999999999999400, -2.760000000000000200 ) ) ;
#5997 = ORIENTED_EDGE ( 'NONE', *, *, #46, .T. ) ;
#5998 = ORIENTED_EDGE ( 'NONE', *, *, #8072, .F. ) ;
#5999 = LINE ( 'NONE', #8133, #2640 ) ;
#6000 = PLANE ( 'NONE',  #2507 ) ;
#6001 =( NAMED_UNIT ( * ) PLANE_ANGLE_UNIT ( ) SI_UNIT ( $, .RADIAN. ) );
#6002 = EDGE_CURVE ( 'NONE', #6471, #2676, #4558, .T. ) ;
#6003 = COLOUR_RGB ( '',0.0000000000000000000, 0.003921568627450980300, 0.09019607843137254800 ) ;
#6004 = STYLED_ITEM ( 'NONE', ( #3082 ), #1705 ) ;
#6005 = SURFACE_STYLE_USAGE ( .BOTH. , #1312 ) ;
#6006 = DIRECTION ( 'NONE',  ( 0.0000000000000000000, 0.0000000000000000000, 1.000000000000000000 ) ) ;
#6007 =( NAMED_UNIT ( * ) SI_UNIT ( $, .STERADIAN. ) SOLID_ANGLE_UNIT ( ) );
#6008 = CARTESIAN_POINT ( 'NONE',  ( 0.9499999999999999600, 11.70000000000000100, -2.760000000000000200 ) ) ;
#6009 =( NAMED_UNIT ( * ) PLANE_ANGLE_UNIT ( ) SI_UNIT ( $, .RADIAN. ) );
#6010 = UNCERTAINTY_MEASURE_WITH_UNIT (LENGTH_MEASURE( 1.000000000000000100E-005 ), #4972, 'distance_accuracy_value', 'NONE');
#6011 = ORIENTED_EDGE ( 'NONE', *, *, #2919, .T. ) ;
#6012 = FILL_AREA_STYLE ('',( #1296 ) ) ;
#6013 = FILL_AREA_STYLE ('',( #3348 ) ) ;
#6014 = VECTOR ( 'NONE', #2441, 1000.000000000000100 ) ;
#6015 = EDGE_CURVE ( 'NONE', #1545, #1846, #1003, .T. ) ;
#6016 = DIRECTION ( 'NONE',  ( -0.7071067811865470200, 0.0000000000000000000, -0.7071067811865481300 ) ) ;
#6017 = LINE ( 'NONE', #7524, #7539 ) ;
#6018 = UNCERTAINTY_MEASURE_WITH_UNIT (LENGTH_MEASURE( 1.000000000000000100E-005 ), #1095, 'distance_accuracy_value', 'NONE');
#6019 = SURFACE_SIDE_STYLE ('',( #549 ) ) ;
#6020 = SURFACE_STYLE_FILL_AREA ( #927 ) ;
#6021 = STYLED_ITEM ( 'NONE', ( #1151 ), #896 ) ;
#6022 = EDGE_CURVE ( 'NONE', #1434, #5327, #7859, .T. ) ;
#6023 = EDGE_LOOP ( 'NONE', ( #1208, #2404, #1908, #6299 ) ) ;
#6024 = CARTESIAN_POINT ( 'NONE',  ( 2.140000000000000100, 1.700000000000000000, -8.890000000000000600 ) ) ;
#6025 = LINE ( 'NONE', #3210, #893 ) ;
#6026 = LINE ( 'NONE', #7317, #5101 ) ;
#6027 = DIRECTION ( 'NONE',  ( 0.0000000000000000000, -0.0000000000000000000, 1.000000000000000000 ) ) ;
#6028 = CARTESIAN_POINT ( 'NONE',  ( 1.590000000000000100, 11.70000000000000100, -12.92000000000000200 ) ) ;
#6029 = CARTESIAN_POINT ( 'NONE',  ( 1.590000000000000100, 11.70000000000000100, -12.92000000000000200 ) ) ;
#6030 =( GEOMETRIC_REPRESENTATION_CONTEXT ( 3 ) GLOBAL_UNCERTAINTY_ASSIGNED_CONTEXT ( ( #5090 ) ) GLOBAL_UNIT_ASSIGNED_CONTEXT ( ( #7510, #3553, #8160 ) ) REPRESENTATION_CONTEXT ( 'NONE', 'WORKASPACE' ) );
#6031 = COLOUR_RGB ( '',0.0000000000000000000, 0.003921568627450980300, 0.09019607843137254800 ) ;
#6032 = AXIS2_PLACEMENT_3D ( 'NONE', #4492, #456, #5171 ) ;
#6033 = CARTESIAN_POINT ( 'NONE',  ( -1.590000000000000300, -2.799999999999999400, -12.48000000000000200 ) ) ;
#6034 = PLANE ( 'NONE',  #1213 ) ;
#6035 = ADVANCED_FACE ( 'NONE', ( #7658 ), #5765, .F. ) ;
#6036 = STYLED_ITEM ( 'NONE', ( #1853 ), #2904 ) ;
#6037 = ORIENTED_EDGE ( 'NONE', *, *, #7179, .T. ) ;
#6038 = DIRECTION ( 'NONE',  ( -0.7071067811865470200, 0.0000000000000000000, -0.7071067811865481300 ) ) ;
#6039 = FACE_OUTER_BOUND ( 'NONE', #5671, .T. ) ;
#6040 = PRESENTATION_LAYER_ASSIGNMENT (  '', '', ( #5159 ) ) ;
#6041 = PLANE ( 'NONE',  #8491 ) ;
#6042 =( NAMED_UNIT ( * ) PLANE_ANGLE_UNIT ( ) SI_UNIT ( $, .RADIAN. ) );
#6043 = ORIENTED_EDGE ( 'NONE', *, *, #3097, .T. ) ;
#6044 = EDGE_CURVE ( 'NONE', #3979, #5262, #1919, .T. ) ;
#6045 = FILL_AREA_STYLE_COLOUR ( '', #7898 ) ;
#6046 = COLOUR_RGB ( '',0.0000000000000000000, 0.003921568627450980300, 0.09019607843137254800 ) ;
#6047 = PRESENTATION_STYLE_ASSIGNMENT (( #952 ) ) ;
#6048 = CARTESIAN_POINT ( 'NONE',  ( 1.050000000000000000, -2.799999999999999400, -0.3200000000000001200 ) ) ;
#6049 = SURFACE_STYLE_USAGE ( .BOTH. , #3119 ) ;
#6050 =( LENGTH_UNIT ( ) NAMED_UNIT ( * ) SI_UNIT ( .MILLI., .METRE. ) );
#6051 = MECHANICAL_DESIGN_GEOMETRIC_PRESENTATION_REPRESENTATION (  '', ( #4698 ), #6488 ) ;
#6052 = VECTOR ( 'NONE', #2367, 1000.000000000000000 ) ;
#6053 = ORIENTED_EDGE ( 'NONE', *, *, #5294, .T. ) ;
#6054 = LINE ( 'NONE', #3610, #1536 ) ;
#6055 = CARTESIAN_POINT ( 'NONE',  ( 1.590000000000000100, -2.799999999999999400, -7.839999999999999900 ) ) ;
#6056 = CARTESIAN_POINT ( 'NONE',  ( 2.140000000000001500, 1.700000000000000000, -1.270000000000000000 ) ) ;
#6057 = PRESENTATION_STYLE_ASSIGNMENT (( #7063 ) ) ;
#6058 =( NAMED_UNIT ( * ) PLANE_ANGLE_UNIT ( ) SI_UNIT ( $, .RADIAN. ) );
#6059 = UNCERTAINTY_MEASURE_WITH_UNIT (LENGTH_MEASURE( 1.000000000000000100E-005 ), #4752, 'distance_accuracy_value', 'NONE');
#6060 = DIRECTION ( 'NONE',  ( -0.7071067811865489100, -0.0000000000000000000, 0.7071067811865462400 ) ) ;
#6061 = FILL_AREA_STYLE_COLOUR ( '', #447 ) ;
#6062 = AXIS2_PLACEMENT_3D ( 'NONE', #1219, #5903, #1883 ) ;
#6063 = EDGE_LOOP ( 'NONE', ( #4503, #917, #1108, #7488 ) ) ;
#6064 = PLANE ( 'NONE',  #3916 ) ;
#6065 = VECTOR ( 'NONE', #2849, 1000.000000000000000 ) ;
#6066 = VERTEX_POINT ( 'NONE', #7109 ) ;
#6067 = CARTESIAN_POINT ( 'NONE',  ( 2.140000000000001500, 0.0000000000000000000, -3.810000000000000100 ) ) ;
#6068 = ORIENTED_EDGE ( 'NONE', *, *, #3975, .F. ) ;
#6069 = EDGE_CURVE ( 'NONE', #7016, #4731, #3510, .T. ) ;
#6070 = EDGE_LOOP ( 'NONE', ( #6360, #1014, #4011, #2279 ) ) ;
#6071 = ORIENTED_EDGE ( 'NONE', *, *, #361, .T. ) ;
#6072 =( LENGTH_UNIT ( ) NAMED_UNIT ( * ) SI_UNIT ( .MILLI., .METRE. ) );
#6073 = FILL_AREA_STYLE ('',( #5399 ) ) ;
#6074 = VECTOR ( 'NONE', #1089, 1000.000000000000000 ) ;
#6075 = DIRECTION ( 'NONE',  ( -1.000000000000000000, -0.0000000000000000000, -1.232047923278982200E-016 ) ) ;
#6076 = EDGE_CURVE ( 'NONE', #4731, #1106, #5298, .T. ) ;
#6077 = PRESENTATION_LAYER_ASSIGNMENT (  '', '', ( #5189 ) ) ;
#6078 = EDGE_CURVE ( 'NONE', #1465, #6548, #141, .T. ) ;
#6079 = PRESENTATION_STYLE_ASSIGNMENT (( #6606 ) ) ;
#6080 = UNCERTAINTY_MEASURE_WITH_UNIT (LENGTH_MEASURE( 1.000000000000000100E-005 ), #1031, 'distance_accuracy_value', 'NONE');
#6081 = ADVANCED_FACE ( 'NONE', ( #8184 ), #3432, .T. ) ;
#6082 = ORIENTED_EDGE ( 'NONE', *, *, #1138, .T. ) ;
#6083 = DIRECTION ( 'NONE',  ( -0.7071067811865477900, -0.0000000000000000000, -0.7071067811865473500 ) ) ;
#6084 = VECTOR ( 'NONE', #8376, 1000.000000000000000 ) ;
#6085 = CARTESIAN_POINT ( 'NONE',  ( -1.590000000000000300, 11.70000000000000100, -15.45999999999999900 ) ) ;
#6086 = CARTESIAN_POINT ( 'NONE',  ( 1.050000000000000000, -2.799999999999999400, -2.220000000000000200 ) ) ;
#6087 = AXIS2_PLACEMENT_3D ( 'NONE', #7332, #3372, #7992 ) ;
#6088 = PRESENTATION_STYLE_ASSIGNMENT (( #341 ) ) ;
#6089 = ORIENTED_EDGE ( 'NONE', *, *, #5789, .T. ) ;
#6090 = PRESENTATION_LAYER_ASSIGNMENT (  '', '', ( #5203 ) ) ;
#6091 =( GEOMETRIC_REPRESENTATION_CONTEXT ( 3 ) GLOBAL_UNCERTAINTY_ASSIGNED_CONTEXT ( ( #1130 ) ) GLOBAL_UNIT_ASSIGNED_CONTEXT ( ( #7780, #3828, #8441 ) ) REPRESENTATION_CONTEXT ( 'NONE', 'WORKASPACE' ) );
#6092 = CARTESIAN_POINT ( 'NONE',  ( -2.540000000000000000, 1.700000000000000000, -16.14342105263157700 ) ) ;
#6093 = EDGE_LOOP ( 'NONE', ( #1707, #1881, #6788, #5844 ) ) ;
#6094 =( NAMED_UNIT ( * ) PLANE_ANGLE_UNIT ( ) SI_UNIT ( $, .RADIAN. ) );
#6095 = DIRECTION ( 'NONE',  ( -0.7071067811865470200, -0.0000000000000000000, -0.7071067811865481300 ) ) ;
#6096 = SURFACE_STYLE_USAGE ( .BOTH. , #1401 ) ;
#6097 =( GEOMETRIC_REPRESENTATION_CONTEXT ( 3 ) GLOBAL_UNCERTAINTY_ASSIGNED_CONTEXT ( ( #3117 ) ) GLOBAL_UNIT_ASSIGNED_CONTEXT ( ( #3785, #8397, #4463 ) ) REPRESENTATION_CONTEXT ( 'NONE', 'WORKASPACE' ) );
#6098 = LINE ( 'NONE', #2095, #7824 ) ;
#6099 = AXIS2_PLACEMENT_3D ( 'NONE', #1107, #5788, #1767 ) ;
#6100 = VERTEX_POINT ( 'NONE', #120 ) ;
#6101 = EDGE_CURVE ( 'NONE', #91, #6685, #706, .T. ) ;
#6102 = VERTEX_POINT ( 'NONE', #4804 ) ;
#6103 = LINE ( 'NONE', #4949, #748 ) ;
#6104 = ORIENTED_EDGE ( 'NONE', *, *, #3863, .F. ) ;
#6105 = DIRECTION ( 'NONE',  ( 0.0000000000000000000, 1.000000000000000000, 0.0000000000000000000 ) ) ;
#6106 = LINE ( 'NONE', #3502, #971 ) ;
#6107 = PRESENTATION_STYLE_ASSIGNMENT (( #3099 ) ) ;
#6108 = SURFACE_STYLE_USAGE ( .BOTH. , #1407 ) ;
#6109 = MECHANICAL_DESIGN_GEOMETRIC_PRESENTATION_REPRESENTATION (  '', ( #4750 ), #6529 ) ;
#6110 = LINE ( 'NONE', #5432, #7835 ) ;
#6111 = DIRECTION ( 'NONE',  ( -0.7071067811865470200, 0.0000000000000000000, 0.7071067811865481300 ) ) ;
#6112 = DIRECTION ( 'NONE',  ( 1.232047923278982000E-016, 0.0000000000000000000, -1.000000000000000000 ) ) ;
#6113 = MECHANICAL_DESIGN_GEOMETRIC_PRESENTATION_REPRESENTATION (  '', ( #7679 ), #6538 ) ;
#6114 = SURFACE_SIDE_STYLE ('',( #8470 ) ) ;
#6115 = PLANE ( 'NONE',  #7272 ) ;
#6116 =( GEOMETRIC_REPRESENTATION_CONTEXT ( 3 ) GLOBAL_UNCERTAINTY_ASSIGNED_CONTEXT ( ( #3718 ) ) GLOBAL_UNIT_ASSIGNED_CONTEXT ( ( #6341, #6421, #6401 ) ) REPRESENTATION_CONTEXT ( 'NONE', 'WORKASPACE' ) );
#6117 =( NAMED_UNIT ( * ) SI_UNIT ( $, .STERADIAN. ) SOLID_ANGLE_UNIT ( ) );
#6118 =( NAMED_UNIT ( * ) PLANE_ANGLE_UNIT ( ) SI_UNIT ( $, .RADIAN. ) );
#6119 = ORIENTED_EDGE ( 'NONE', *, *, #8534, .T. ) ;
#6120 =( LENGTH_UNIT ( ) NAMED_UNIT ( * ) SI_UNIT ( .MILLI., .METRE. ) );
#6121 = FILL_AREA_STYLE_COLOUR ( '', #6949 ) ;
#6122 =( NAMED_UNIT ( * ) PLANE_ANGLE_UNIT ( ) SI_UNIT ( $, .RADIAN. ) );
#6123 = DIRECTION ( 'NONE',  ( 0.0000000000000000000, 1.000000000000000000, 0.0000000000000000000 ) ) ;
#6124 = ADVANCED_FACE ( 'NONE', ( #493 ), #138, .F. ) ;
#6125 = VECTOR ( 'NONE', #4362, 1000.000000000000000 ) ;
#6126 = EDGE_CURVE ( 'NONE', #3187, #3208, #8500, .T. ) ;
#6127 = ORIENTED_EDGE ( 'NONE', *, *, #4055, .T. ) ;
#6128 = VECTOR ( 'NONE', #4780, 1000.000000000000000 ) ;
#6129 = UNCERTAINTY_MEASURE_WITH_UNIT (LENGTH_MEASURE( 1.000000000000000100E-005 ), #6755, 'distance_accuracy_value', 'NONE');
#6130 = CARTESIAN_POINT ( 'NONE',  ( 0.0000000000000000000, 11.70000000000000100, -10.16000000000000000 ) ) ;
#6131 = DIRECTION ( 'NONE',  ( -0.0000000000000000000, -0.0000000000000000000, 1.000000000000000000 ) ) ;
#6132 =( NAMED_UNIT ( * ) PLANE_ANGLE_UNIT ( ) SI_UNIT ( $, .RADIAN. ) );
#6133 = PLANE ( 'NONE',  #452 ) ;
#6134 = VECTOR ( 'NONE', #4439, 1000.000000000000000 ) ;
#6135 = VERTEX_POINT ( 'NONE', #2149 ) ;
#6136 = CARTESIAN_POINT ( 'NONE',  ( -1.490000000000000000, 11.70000000000000100, -7.940000000000001300 ) ) ;
#6137 = MECHANICAL_DESIGN_GEOMETRIC_PRESENTATION_REPRESENTATION (  '', ( #4776 ), #6557 ) ;
#6138 =( NAMED_UNIT ( * ) PLANE_ANGLE_UNIT ( ) SI_UNIT ( $, .RADIAN. ) );
#6139 = SURFACE_STYLE_FILL_AREA ( #1288 ) ;
#6140 = CARTESIAN_POINT ( 'NONE',  ( -1.490000000000000200, 11.70000000000000100, 0.3199999999999998400 ) ) ;
#6141 =( NAMED_UNIT ( * ) SI_UNIT ( $, .STERADIAN. ) SOLID_ANGLE_UNIT ( ) );
#6142 = FILL_AREA_STYLE ('',( #1453 ) ) ;
#6143 = DIRECTION ( 'NONE',  ( 0.0000000000000000000, 0.0000000000000000000, 1.000000000000000000 ) ) ;
#6144 = CARTESIAN_POINT ( 'NONE',  ( -1.050000000000000000, -2.799999999999999400, -10.48000000000000200 ) ) ;
#6145 = MECHANICAL_DESIGN_GEOMETRIC_PRESENTATION_REPRESENTATION (  '', ( #5263 ), #6571 ) ;
#6146 = PRODUCT_DEFINITION_FORMATION_WITH_SPECIFIED_SOURCE ( 'ANY', '', #5873, .NOT_KNOWN. ) ;
#6147 = CARTESIAN_POINT ( 'NONE',  ( 0.9499999999999999600, -2.799999999999999400, -7.839999999999999900 ) ) ;
#6148 = DIRECTION ( 'NONE',  ( -1.000000000000000000, -0.0000000000000000000, -1.232047923278982200E-016 ) ) ;
#6149 = ORIENTED_EDGE ( 'NONE', *, *, #2428, .T. ) ;
#6151 = FILL_AREA_STYLE_COLOUR ( '', #4132 ) ;
#6150 = VECTOR ( 'NONE', #8381, 1000.000000000000000 ) ;
#6152 = PRESENTATION_LAYER_ASSIGNMENT (  '', '', ( #5699 ) ) ;
#6153 = VECTOR ( 'NONE', #3955, 1000.000000000000100 ) ;
#6154 = ORIENTED_EDGE ( 'NONE', *, *, #1959, .F. ) ;
#6155 = COLOUR_RGB ( '',0.7960784313725489700, 0.8235294117647058400, 0.9372549019607843100 ) ;
#6156 = FILL_AREA_STYLE_COLOUR ( '', #3124 ) ;
#6157 = VECTOR ( 'NONE', #5806, 1000.000000000000000 ) ;
#6158 = FACE_OUTER_BOUND ( 'NONE', #568, .T. ) ;
#6159 = SURFACE_SIDE_STYLE ('',( #5880 ) ) ;
#6160 = DIRECTION ( 'NONE',  ( 0.7071067811865474600, 0.0000000000000000000, 0.7071067811865474600 ) ) ;
#6161 = VERTEX_POINT ( 'NONE', #1493 ) ;
#6162 = ORIENTED_EDGE ( 'NONE', *, *, #5874, .T. ) ;
#6163 = ADVANCED_FACE ( 'NONE', ( #1640 ), #8136, .T. ) ;
#6164 = VECTOR ( 'NONE', #5410, 999.9999999999998900 ) ;
#6165 = EDGE_CURVE ( 'NONE', #6562, #3102, #4391, .T. ) ;
#6166 = VECTOR ( 'NONE', #4230, 1000.000000000000000 ) ;
#6167 = DIRECTION ( 'NONE',  ( 1.000000000000000000, 0.0000000000000000000, 0.0000000000000000000 ) ) ;
#6168 = CARTESIAN_POINT ( 'NONE',  ( -2.540000000000000000, 0.0000000000000000000, -16.14342105263157700 ) ) ;
#6169 = MECHANICAL_DESIGN_GEOMETRIC_PRESENTATION_REPRESENTATION (  '', ( #4811 ), #6594 ) ;
#6170 = ORIENTED_EDGE ( 'NONE', *, *, #273, .T. ) ;
#6171 = FILL_AREA_STYLE_COLOUR ( '', #345 ) ;
#6172 = CARTESIAN_POINT ( 'NONE',  ( 2.540000000000000900, 1.700000000000000000, -14.37000000000000100 ) ) ;
#6173 = ORIENTED_EDGE ( 'NONE', *, *, #6456, .T. ) ;
#6174 = EDGE_LOOP ( 'NONE', ( #7112, #7197, #3118, #5746, #1719, #5752, #7904, #5478 ) ) ;
#6175 = LINE ( 'NONE', #4676, #7896 ) ;
#6176 = CARTESIAN_POINT ( 'NONE',  ( 1.050000000000000000, -2.799999999999999400, -7.940000000000001300 ) ) ;
#6177 = DIRECTION ( 'NONE',  ( 0.7071067811865463500, -0.0000000000000000000, 0.7071067811865487900 ) ) ;
#6178 =( GEOMETRIC_REPRESENTATION_CONTEXT ( 3 ) GLOBAL_UNCERTAINTY_ASSIGNED_CONTEXT ( ( #6335 ) ) GLOBAL_UNIT_ASSIGNED_CONTEXT ( ( #5008, #1004, #5680 ) ) REPRESENTATION_CONTEXT ( 'NONE', 'WORKASPACE' ) );
#6179 =( NAMED_UNIT ( * ) SI_UNIT ( $, .STERADIAN. ) SOLID_ANGLE_UNIT ( ) );
#6180 = PLANE ( 'NONE',  #2044 ) ;
#6181 = DIRECTION ( 'NONE',  ( 0.0000000000000000000, 1.000000000000000000, 0.0000000000000000000 ) ) ;
#6182 = ORIENTED_EDGE ( 'NONE', *, *, #3837, .T. ) ;
#6183 = PRESENTATION_STYLE_ASSIGNMENT (( #3267 ) ) ;
#6184 = VECTOR ( 'NONE', #4444, 1000.000000000000000 ) ;
#6185 = CARTESIAN_POINT ( 'NONE',  ( 0.9499999999999999600, 11.70000000000000100, -7.839999999999999900 ) ) ;
#6186 = FACE_OUTER_BOUND ( 'NONE', #6063, .T. ) ;
#6187 =( NAMED_UNIT ( * ) SI_UNIT ( $, .STERADIAN. ) SOLID_ANGLE_UNIT ( ) );
#6188 = DIRECTION ( 'NONE',  ( 0.7071067811865474600, 0.0000000000000000000, 0.7071067811865474600 ) ) ;
#6189 = ORIENTED_EDGE ( 'NONE', *, *, #2578, .F. ) ;
#6190 = FILL_AREA_STYLE_COLOUR ( '', #3874 ) ;
#6191 = ORIENTED_EDGE ( 'NONE', *, *, #2116, .T. ) ;
#6192 = EDGE_CURVE ( 'NONE', #3575, #1136, #1035, .T. ) ;
#6193 = DIRECTION ( 'NONE',  ( -0.0000000000000000000, -0.0000000000000000000, -1.000000000000000000 ) ) ;
#6194 = VERTEX_POINT ( 'NONE', #3558 ) ;
#6195 =( NAMED_UNIT ( * ) SI_UNIT ( $, .STERADIAN. ) SOLID_ANGLE_UNIT ( ) );
#6196 = COLOUR_RGB ( '',0.7960784313725489700, 0.8235294117647058400, 0.9372549019607843100 ) ;
#6197 = ORIENTED_EDGE ( 'NONE', *, *, #1937, .F. ) ;
#6198 = FACE_OUTER_BOUND ( 'NONE', #1624, .T. ) ;
#6199 =( GEOMETRIC_REPRESENTATION_CONTEXT ( 3 ) GLOBAL_UNCERTAINTY_ASSIGNED_CONTEXT ( ( #424 ) ) GLOBAL_UNIT_ASSIGNED_CONTEXT ( ( #339, #5053, #1038 ) ) REPRESENTATION_CONTEXT ( 'NONE', 'WORKASPACE' ) );
#6200 =( NAMED_UNIT ( * ) SI_UNIT ( $, .STERADIAN. ) SOLID_ANGLE_UNIT ( ) );
#6201 = PRESENTATION_STYLE_ASSIGNMENT (( #7709 ) ) ;
#6202 = MECHANICAL_DESIGN_GEOMETRIC_PRESENTATION_REPRESENTATION (  '', ( #4842 ), #6623 ) ;
#6203 =( LENGTH_UNIT ( ) NAMED_UNIT ( * ) SI_UNIT ( .MILLI., .METRE. ) );
#6204 = VERTEX_POINT ( 'NONE', #890 ) ;
#6205 = PLANE ( 'NONE',  #2386 ) ;
#6206 = DIRECTION ( 'NONE',  ( 1.232047923278982000E-016, 0.0000000000000000000, -1.000000000000000000 ) ) ;
#6207 = ADVANCED_FACE ( 'NONE', ( #6158 ), #5571, .T. ) ;
#6208 = AXIS2_PLACEMENT_3D ( 'NONE', #6352, #2340, #7013 ) ;
#6209 = EDGE_CURVE ( 'NONE', #4792, #2589, #5325, .T. ) ;
#6210 = EDGE_CURVE ( 'NONE', #6135, #4365, #7068, .T. ) ;
#6211 = PLANE ( 'NONE',  #7324 ) ;
#6212 = PLANE ( 'NONE',  #5616 ) ;
#6213 = VERTEX_POINT ( 'NONE', #7572 ) ;
#6214 = PRESENTATION_LAYER_ASSIGNMENT (  '', '', ( #5328 ) ) ;
#6215 = CARTESIAN_POINT ( 'NONE',  ( -1.590000000000000300, -2.799999999999999400, -15.45999999999999900 ) ) ;
#6216 = VECTOR ( 'NONE', #3750, 1000.000000000000000 ) ;
#6217 = CARTESIAN_POINT ( 'NONE',  ( 0.9499999999999999600, 11.70000000000000100, -15.45999999999999900 ) ) ;
#6218 = STYLED_ITEM ( 'NONE', ( #7805 ), #4425 ) ;
#6219 =( NAMED_UNIT ( * ) SI_UNIT ( $, .STERADIAN. ) SOLID_ANGLE_UNIT ( ) );
#6220 = DIRECTION ( 'NONE',  ( -0.7372346670543746800, -0.0000000000000000000, 0.6756367705307528800 ) ) ;
#6221 = PLANE ( 'NONE',  #5631 ) ;
#6222 = CARTESIAN_POINT ( 'NONE',  ( 1.050000000000000000, -2.799999999999999400, -5.400000000000000400 ) ) ;
#6223 = ORIENTED_EDGE ( 'NONE', *, *, #2780, .F. ) ;
#6224 = VECTOR ( 'NONE', #8513, 1000.000000000000000 ) ;
#6225 = ORIENTED_EDGE ( 'NONE', *, *, #6231, .F. ) ;
#6226 = EDGE_CURVE ( 'NONE', #4524, #3434, #3537, .T. ) ;
#6227 = DIRECTION ( 'NONE',  ( -0.0000000000000000000, -0.0000000000000000000, -1.000000000000000000 ) ) ;
#6228 = CARTESIAN_POINT ( 'NONE',  ( -2.140000000000000600, 0.0000000000000000000, -8.890000000000000600 ) ) ;
#6229 = UNCERTAINTY_MEASURE_WITH_UNIT (LENGTH_MEASURE( 1.000000000000000100E-005 ), #1654, 'distance_accuracy_value', 'NONE');
#6230 =( NAMED_UNIT ( * ) PLANE_ANGLE_UNIT ( ) SI_UNIT ( $, .RADIAN. ) );
#6231 = EDGE_CURVE ( 'NONE', #2375, #1848, #167, .T. ) ;
#6232 = EDGE_CURVE ( 'NONE', #5327, #1920, #5122, .T. ) ;
#6233 = COLOUR_RGB ( '',0.7960784313725489700, 0.8235294117647058400, 0.9372549019607843100 ) ;
#6234 = DIRECTION ( 'NONE',  ( 0.0000000000000000000, 1.000000000000000000, 0.0000000000000000000 ) ) ;
#6235 = VECTOR ( 'NONE', #1697, 1000.000000000000000 ) ;
#6236 = CARTESIAN_POINT ( 'NONE',  ( -2.539999999999999600, 1.700000000000000000, -4.243421052631578800 ) ) ;
#6237 = ORIENTED_EDGE ( 'NONE', *, *, #143, .T. ) ;
#6238 = CARTESIAN_POINT ( 'NONE',  ( 1.590000000000000100, 11.70000000000000100, -5.300000000000000700 ) ) ;
#6239 = SURFACE_SIDE_STYLE ('',( #1239 ) ) ;
#6240 = VERTEX_POINT ( 'NONE', #2273 ) ;
#6241 = SURFACE_STYLE_FILL_AREA ( #7159 ) ;
#6242 = ADVANCED_FACE ( 'NONE', ( #4887 ), #3650, .T. ) ;
#6243 = LINE ( 'NONE', #3823, #4486 ) ;
#6244 = STYLED_ITEM ( 'NONE', ( #3918 ), #7911 ) ;
#6245 = CARTESIAN_POINT ( 'NONE',  ( 2.540000000000000900, 1.700000000000000000, -11.03000000000000100 ) ) ;
#6246 = STYLED_ITEM ( 'NONE', ( #714 ), #5260 ) ;
#6247 = CARTESIAN_POINT ( 'NONE',  ( 2.140000000000000100, 1.700000000000000000, -13.97000000000000100 ) ) ;
#6248 = MECHANICAL_DESIGN_GEOMETRIC_PRESENTATION_REPRESENTATION (  '', ( #4897 ), #6674 ) ;
#6249 =( NAMED_UNIT ( * ) PLANE_ANGLE_UNIT ( ) SI_UNIT ( $, .RADIAN. ) );
#6250 = DIRECTION ( 'NONE',  ( -0.7071067811865482400, 0.0000000000000000000, -0.7071067811865469100 ) ) ;
#6251 = PRESENTATION_STYLE_ASSIGNMENT (( #5287 ) ) ;
#6252 = ORIENTED_EDGE ( 'NONE', *, *, #3837, .F. ) ;
#6253 =( NAMED_UNIT ( * ) PLANE_ANGLE_UNIT ( ) SI_UNIT ( $, .RADIAN. ) );
#6254 = CARTESIAN_POINT ( 'NONE',  ( -1.050000000000000000, 11.70000000000000100, -15.56000000000000000 ) ) ;
#6255 = STYLED_ITEM ( 'NONE', ( #310 ), #3759 ) ;
#6256 = DIRECTION ( 'NONE',  ( 0.0000000000000000000, 0.0000000000000000000, 1.000000000000000000 ) ) ;
#6257 = FILL_AREA_STYLE ('',( #6151 ) ) ;
#6258 = ORIENTED_EDGE ( 'NONE', *, *, #897, .F. ) ;
#6259 = FACE_OUTER_BOUND ( 'NONE', #7428, .T. ) ;
#6260 = DIRECTION ( 'NONE',  ( -0.0000000000000000000, 1.000000000000000000, 0.0000000000000000000 ) ) ;
#6261 = VECTOR ( 'NONE', #6521, 1000.000000000000000 ) ;
#6262 = PRESENTATION_LAYER_ASSIGNMENT (  '', '', ( #5380 ) ) ;
#6263 = EDGE_LOOP ( 'NONE', ( #8338, #3134, #7748, #5495, #848, #6754, #1632, #1684 ) ) ;
#6264 = CARTESIAN_POINT ( 'NONE',  ( -1.050000000000000000, 11.70000000000000100, -12.38000000000000300 ) ) ;
#6265 = SURFACE_SIDE_STYLE ('',( #5173 ) ) ;
#6266 = ORIENTED_EDGE ( 'NONE', *, *, #1537, .F. ) ;
#6267 = CARTESIAN_POINT ( 'NONE',  ( -2.539999999999999600, 0.0000000000000000000, -4.243421052631578800 ) ) ;
#6268 = EDGE_LOOP ( 'NONE', ( #2300, #1686, #1550, #3194 ) ) ;
#6269 = FACE_OUTER_BOUND ( 'NONE', #7175, .T. ) ;
#6270 = MECHANICAL_DESIGN_GEOMETRIC_PRESENTATION_REPRESENTATION (  '', ( #5387 ), #6700 ) ;
#6271 = DIRECTION ( 'NONE',  ( 0.7071067811865474600, 0.0000000000000000000, 0.7071067811865474600 ) ) ;
#6272 = COLOUR_RGB ( '',0.7960784313725489700, 0.8235294117647058400, 0.9372549019607843100 ) ;
#6273 =( LENGTH_UNIT ( ) NAMED_UNIT ( * ) SI_UNIT ( .MILLI., .METRE. ) );
#6274 = FACE_OUTER_BOUND ( 'NONE', #1270, .T. ) ;
#6275 =( GEOMETRIC_REPRESENTATION_CONTEXT ( 3 ) GLOBAL_UNCERTAINTY_ASSIGNED_CONTEXT ( ( #358 ) ) GLOBAL_UNIT_ASSIGNED_CONTEXT ( ( #3540, #8148, #4231 ) ) REPRESENTATION_CONTEXT ( 'NONE', 'WORKASPACE' ) );
#6276 = PLANE ( 'NONE',  #367 ) ;
#6277 = CARTESIAN_POINT ( 'NONE',  ( -1.590000000000000300, -2.799999999999999400, -12.92000000000000200 ) ) ;
#6278 = LINE ( 'NONE', #7888, #947 ) ;
#6279 = ORIENTED_EDGE ( 'NONE', *, *, #7003, .T. ) ;
#6280 = FACE_OUTER_BOUND ( 'NONE', #3286, .T. ) ;
#6281 = CARTESIAN_POINT ( 'NONE',  ( 1.490000000000000000, 11.70000000000000100, -13.02000000000000100 ) ) ;
#6282 = SURFACE_STYLE_USAGE ( .BOTH. , #1594 ) ;
#6283 = VECTOR ( 'NONE', #3076, 1000.000000000000000 ) ;
#6284 = DIRECTION ( 'NONE',  ( -0.7071067811865489100, -0.0000000000000000000, 0.7071067811865462400 ) ) ;
#6285 = DIRECTION ( 'NONE',  ( 1.000000000000000000, 0.0000000000000000000, 0.0000000000000000000 ) ) ;
#6286 = ADVANCED_FACE ( 'NONE', ( #4280 ), #7631, .F. ) ;
#6287 = SURFACE_STYLE_FILL_AREA ( #5023 ) ;
#6288 = ORIENTED_EDGE ( 'NONE', *, *, #6369, .T. ) ;
#6289 = EDGE_CURVE ( 'NONE', #950, #6576, #5422, .T. ) ;
#6290 = COLOUR_RGB ( '',0.0000000000000000000, 0.003921568627450980300, 0.09019607843137254800 ) ;
#6291 =( NAMED_UNIT ( * ) PLANE_ANGLE_UNIT ( ) SI_UNIT ( $, .RADIAN. ) );
#6292 = DIRECTION ( 'NONE',  ( 1.000000000000000000, 0.0000000000000000000, 1.232047923278982200E-016 ) ) ;
#6293 = CARTESIAN_POINT ( 'NONE',  ( 0.9499999999999999600, 11.70000000000000100, -12.92000000000000200 ) ) ;
#6294 = CARTESIAN_POINT ( 'NONE',  ( -2.540000000000000000, 1.700000000000000000, -13.60342105263158000 ) ) ;
#6295 = CARTESIAN_POINT ( 'NONE',  ( -0.9499999999999999600, 11.70000000000000100, -7.400000000000000400 ) ) ;
#6296 = CARTESIAN_POINT ( 'NONE',  ( 1.490000000000000000, 11.70000000000000100, -2.220000000000000200 ) ) ;
#6297 =( NAMED_UNIT ( * ) SI_UNIT ( $, .STERADIAN. ) SOLID_ANGLE_UNIT ( ) );
#6298 = PRESENTATION_LAYER_ASSIGNMENT (  '', '', ( #5408 ) ) ;
#6299 = ORIENTED_EDGE ( 'NONE', *, *, #2063, .T. ) ;
#6300 = SURFACE_SIDE_STYLE ('',( #5366 ) ) ;
#6301 = VECTOR ( 'NONE', #3816, 1000.000000000000100 ) ;
#6302 = DIRECTION ( 'NONE',  ( 1.000000000000000000, 0.0000000000000000000, 0.0000000000000000000 ) ) ;
#6303 = STYLED_ITEM ( 'NONE', ( #701 ), #3353 ) ;
#6304 = DIRECTION ( 'NONE',  ( 0.7071067811865477900, 0.0000000000000000000, -0.7071067811865473500 ) ) ;
#6305 = MECHANICAL_DESIGN_GEOMETRIC_PRESENTATION_REPRESENTATION (  '', ( #4963 ), #6733 ) ;
#6306 = FILL_AREA_STYLE_COLOUR ( '', #3896 ) ;
#6307 = UNCERTAINTY_MEASURE_WITH_UNIT (LENGTH_MEASURE( 1.000000000000000100E-005 ), #4154, 'distance_accuracy_value', 'NONE');
#6308 = PRESENTATION_LAYER_ASSIGNMENT (  '', '', ( #5426 ) ) ;
#6309 = CARTESIAN_POINT ( 'NONE',  ( 1.050000000000000000, -2.799999999999999400, -2.220000000000000200 ) ) ;
#6310 = CARTESIAN_POINT ( 'NONE',  ( 1.590000000000000100, 11.70000000000000100, -2.319999999999999800 ) ) ;
#6311 =( NAMED_UNIT ( * ) PLANE_ANGLE_UNIT ( ) SI_UNIT ( $, .RADIAN. ) );
#6312 =( GEOMETRIC_REPRESENTATION_CONTEXT ( 3 ) GLOBAL_UNCERTAINTY_ASSIGNED_CONTEXT ( ( #256 ) ) GLOBAL_UNIT_ASSIGNED_CONTEXT ( ( #4681, #665, #5375 ) ) REPRESENTATION_CONTEXT ( 'NONE', 'WORKASPACE' ) );
#6313 = EDGE_CURVE ( 'NONE', #1848, #620, #7150, .T. ) ;
#6314 = ORIENTED_EDGE ( 'NONE', *, *, #4438, .F. ) ;
#6315 =( LENGTH_UNIT ( ) NAMED_UNIT ( * ) SI_UNIT ( .MILLI., .METRE. ) );
#6316 =( NAMED_UNIT ( * ) SI_UNIT ( $, .STERADIAN. ) SOLID_ANGLE_UNIT ( ) );
#6317 = PLANE ( 'NONE',  #1388 ) ;
#6318 = EDGE_CURVE ( 'NONE', #3364, #7309, #3645, .T. ) ;
#6319 = CARTESIAN_POINT ( 'NONE',  ( 1.490000000000000000, -2.799999999999999400, -15.56000000000000000 ) ) ;
#6320 = SURFACE_SIDE_STYLE ('',( #5425 ) ) ;
#6321 = STYLED_ITEM ( 'NONE', ( #1207 ), #1486 ) ;
#6322 = ORIENTED_EDGE ( 'NONE', *, *, #5617, .F. ) ;
#6323 = EDGE_LOOP ( 'NONE', ( #1090, #5162, #8084, #407 ) ) ;
#6324 = ADVANCED_FACE ( 'NONE', ( #1838 ), #2372, .T. ) ;
#6325 = CARTESIAN_POINT ( 'NONE',  ( 2.540000000000000900, 0.0000000000000000000, -5.950000000000001100 ) ) ;
#6326 = CARTESIAN_POINT ( 'NONE',  ( 2.140000000000001500, 1.700000000000000000, -3.810000000000000100 ) ) ;
#6327 = CARTESIAN_POINT ( 'NONE',  ( -1.590000000000000300, -2.799999999999999400, -12.92000000000000200 ) ) ;
#6328 = VECTOR ( 'NONE', #3069, 1000.000000000000000 ) ;
#6329 = SURFACE_STYLE_FILL_AREA ( #2809 ) ;
#6330 = MECHANICAL_DESIGN_GEOMETRIC_PRESENTATION_REPRESENTATION (  '', ( #4992 ), #6759 ) ;
#6331 = DIRECTION ( 'NONE',  ( 1.000000000000000000, 0.0000000000000000000, 0.0000000000000000000 ) ) ;
#6332 = DIRECTION ( 'NONE',  ( 0.0000000000000000000, 0.0000000000000000000, 1.000000000000000000 ) ) ;
#6333 = VERTEX_POINT ( 'NONE', #5057 ) ;
#6334 = COLOUR_RGB ( '',0.0000000000000000000, 0.003921568627450980300, 0.09019607843137254800 ) ;
#6335 = UNCERTAINTY_MEASURE_WITH_UNIT (LENGTH_MEASURE( 1.000000000000000100E-005 ), #5008, 'distance_accuracy_value', 'NONE');
#6336 = FILL_AREA_STYLE ('',( #3702 ) ) ;
#6337 = CARTESIAN_POINT ( 'NONE',  ( 2.140000000000001500, 0.0000000000000000000, -6.349999999999999600 ) ) ;
#6338 = EDGE_CURVE ( 'NONE', #798, #2836, #2792, .T. ) ;
#6339 =( NAMED_UNIT ( * ) PLANE_ANGLE_UNIT ( ) SI_UNIT ( $, .RADIAN. ) );
#6341 =( LENGTH_UNIT ( ) NAMED_UNIT ( * ) SI_UNIT ( .MILLI., .METRE. ) );
#6340 = LINE ( 'NONE', #5940, #1215 ) ;
#6342 = CARTESIAN_POINT ( 'NONE',  ( -2.540000000000000000, 0.0000000000000000000, -5.983421052631579900 ) ) ;
#6343 = COLOUR_RGB ( '',0.0000000000000000000, 0.003921568627450980300, 0.09019607843137254800 ) ;
#6344 =( GEOMETRIC_REPRESENTATION_CONTEXT ( 3 ) GLOBAL_UNCERTAINTY_ASSIGNED_CONTEXT ( ( #3196 ) ) GLOBAL_UNIT_ASSIGNED_CONTEXT ( ( #6408, #2402, #7060 ) ) REPRESENTATION_CONTEXT ( 'NONE', 'WORKASPACE' ) );
#6345 = EDGE_CURVE ( 'NONE', #394, #8619, #4577, .T. ) ;
#6346 = CARTESIAN_POINT ( 'NONE',  ( 2.540000000000000900, 1.700000000000000000, -11.03000000000000100 ) ) ;
#6347 = FILL_AREA_STYLE ('',( #5681 ) ) ;
#6348 = DIRECTION ( 'NONE',  ( -0.7071067811865464600, 0.0000000000000000000, 0.7071067811865486800 ) ) ;
#6349 = SURFACE_STYLE_FILL_AREA ( #2688 ) ;
#6350 = VECTOR ( 'NONE', #1726, 1000.000000000000000 ) ;
#6351 = FACE_OUTER_BOUND ( 'NONE', #1901, .T. ) ;
#6352 = CARTESIAN_POINT ( 'NONE',  ( -2.540000000000000000, 1.700000000000000000, -13.60342105263158000 ) ) ;
#6353 = CARTESIAN_POINT ( 'NONE',  ( 2.140000000000000100, 1.700000000000000000, -16.51000000000000200 ) ) ;
#6354 = ORIENTED_EDGE ( 'NONE', *, *, #3593, .F. ) ;
#6355 = MECHANICAL_DESIGN_GEOMETRIC_PRESENTATION_REPRESENTATION (  '', ( #5022 ), #6785 ) ;
#6356 =( NAMED_UNIT ( * ) PLANE_ANGLE_UNIT ( ) SI_UNIT ( $, .RADIAN. ) );
#6357 =( GEOMETRIC_REPRESENTATION_CONTEXT ( 3 ) GLOBAL_UNCERTAINTY_ASSIGNED_CONTEXT ( ( #5965 ) ) GLOBAL_UNIT_ASSIGNED_CONTEXT ( ( #4522, #492, #5202 ) ) REPRESENTATION_CONTEXT ( 'NONE', 'WORKASPACE' ) );
#6358 = CARTESIAN_POINT ( 'NONE',  ( 0.9499999999999999600, -2.799999999999999400, -7.839999999999999900 ) ) ;
#6359 = PRESENTATION_LAYER_ASSIGNMENT (  '', '', ( #5484 ) ) ;
#6360 = ORIENTED_EDGE ( 'NONE', *, *, #4047, .T. ) ;
#6361 = DIRECTION ( 'NONE',  ( 0.0000000000000000000, 0.0000000000000000000, 1.000000000000000000 ) ) ;
#6362 = FILL_AREA_STYLE ('',( #5696 ) ) ;
#6363 = VERTEX_POINT ( 'NONE', #403 ) ;
#6364 = STYLED_ITEM ( 'NONE', ( #4184 ), #6207 ) ;
#6365 = LINE ( 'NONE', #185, #6166 ) ;
#6366 = EDGE_CURVE ( 'NONE', #8620, #390, #2572, .T. ) ;
#6367 =( LENGTH_UNIT ( ) NAMED_UNIT ( * ) SI_UNIT ( .MILLI., .METRE. ) );
#6368 = MECHANICAL_DESIGN_GEOMETRIC_PRESENTATION_REPRESENTATION (  '', ( #5038 ), #6801 ) ;
#6369 = EDGE_CURVE ( 'NONE', #2067, #6764, #4381, .T. ) ;
#6370 = COLOUR_RGB ( '',0.7960784313725489700, 0.8235294117647058400, 0.9372549019607843100 ) ;
#6371 = DIRECTION ( 'NONE',  ( 0.0000000000000000000, 0.0000000000000000000, 1.000000000000000000 ) ) ;
#6372 = ADVANCED_FACE ( 'NONE', ( #4174 ), #6431, .F. ) ;
#6373 = ORIENTED_EDGE ( 'NONE', *, *, #4690, .F. ) ;
#6374 = ORIENTED_EDGE ( 'NONE', *, *, #3232, .F. ) ;
#6375 = AXIS2_PLACEMENT_3D ( 'NONE', #2911, #7554, #3599 ) ;
#6376 = FILL_AREA_STYLE_COLOUR ( '', #5843 ) ;
#6377 = PRESENTATION_STYLE_ASSIGNMENT (( #7334 ) ) ;
#6378 = CARTESIAN_POINT ( 'NONE',  ( 2.140000000000000100, 1.700000000000000000, -16.51000000000000200 ) ) ;
#6379 = CARTESIAN_POINT ( 'NONE',  ( 0.9499999999999999600, 11.70000000000000100, -9.940000000000001300 ) ) ;
#6380 = CARTESIAN_POINT ( 'NONE',  ( -1.050000000000000000, -2.799999999999999400, -2.860000000000000300 ) ) ;
#6381 = ORIENTED_EDGE ( 'NONE', *, *, #6968, .T. ) ;
#6382 = SURFACE_STYLE_FILL_AREA ( #2577 ) ;
#6383 = CARTESIAN_POINT ( 'NONE',  ( 0.9499999999999999600, -2.799999999999999400, -5.299999999999999800 ) ) ;
#6384 = SURFACE_STYLE_USAGE ( .BOTH. , #1699 ) ;
#6385 = LINE ( 'NONE', #7130, #6184 ) ;
#6386 = UNCERTAINTY_MEASURE_WITH_UNIT (LENGTH_MEASURE( 1.000000000000000100E-005 ), #6273, 'distance_accuracy_value', 'NONE');
#6387 = PRESENTATION_LAYER_ASSIGNMENT (  '', '', ( #5503 ) ) ;
#6388 = ORIENTED_EDGE ( 'NONE', *, *, #6231, .T. ) ;
#6389 =( LENGTH_UNIT ( ) NAMED_UNIT ( * ) SI_UNIT ( .MILLI., .METRE. ) );
#6390 = DIRECTION ( 'NONE',  ( -0.7071067811865469100, -0.0000000000000000000, 0.7071067811865482400 ) ) ;
#6391 = AXIS2_PLACEMENT_3D ( 'NONE', #2069, #6748, #2757 ) ;
#6392 = EDGE_LOOP ( 'NONE', ( #1980, #1242, #5335, #5908 ) ) ;
#6393 = PRESENTATION_STYLE_ASSIGNMENT (( #4566 ) ) ;
#6394 = ORIENTED_EDGE ( 'NONE', *, *, #1026, .F. ) ;
#6395 = CARTESIAN_POINT ( 'NONE',  ( 0.9499999999999999600, -2.799999999999999400, 0.2200000000000000600 ) ) ;
#6396 = ORIENTED_EDGE ( 'NONE', *, *, #1959, .T. ) ;
#6397 = SURFACE_STYLE_FILL_AREA ( #150 ) ;
#6398 = EDGE_CURVE ( 'NONE', #6596, #2465, #7059, .T. ) ;
#6399 = EDGE_CURVE ( 'NONE', #4365, #1508, #5315, .T. ) ;
#6400 = CARTESIAN_POINT ( 'NONE',  ( 0.0000000000000000000, 11.70000000000000100, -10.16000000000000000 ) ) ;
#6401 =( NAMED_UNIT ( * ) SI_UNIT ( $, .STERADIAN. ) SOLID_ANGLE_UNIT ( ) );
#6402 = SURFACE_STYLE_USAGE ( .BOTH. , #1716 ) ;
#6403 = EDGE_LOOP ( 'NONE', ( #7886, #4129, #8616, #5827, #5701, #4156, #3972, #6930 ) ) ;
#6404 = SURFACE_STYLE_FILL_AREA ( #1115 ) ;
#6405 = PLANE ( 'NONE',  #4232 ) ;
#6406 = ORIENTED_EDGE ( 'NONE', *, *, #2099, .T. ) ;
#6407 = DIRECTION ( 'NONE',  ( -1.000000000000000000, 0.0000000000000000000, 0.0000000000000000000 ) ) ;
#6408 =( LENGTH_UNIT ( ) NAMED_UNIT ( * ) SI_UNIT ( .MILLI., .METRE. ) );
#6409 = CARTESIAN_POINT ( 'NONE',  ( -1.590000000000000300, -2.799999999999999400, -15.02000000000000000 ) ) ;
#6410 = FILL_AREA_STYLE ('',( #8357 ) ) ;
#6411 = PRESENTATION_LAYER_ASSIGNMENT (  '', '', ( #5523 ) ) ;
#6412 = ADVANCED_FACE ( 'NONE', ( #3528 ), #458, .T. ) ;
#6413 = CARTESIAN_POINT ( 'NONE',  ( 1.490000000000000000, 11.70000000000000100, -7.940000000000001300 ) ) ;
#6414 = SURFACE_STYLE_USAGE ( .BOTH. , #1733 ) ;
#6415 = VECTOR ( 'NONE', #2222, 1000.000000000000000 ) ;
#6416 = ORIENTED_EDGE ( 'NONE', *, *, #2475, .T. ) ;
#6417 = DIRECTION ( 'NONE',  ( 0.0000000000000000000, 1.000000000000000000, 0.0000000000000000000 ) ) ;
#6418 =( GEOMETRIC_REPRESENTATION_CONTEXT ( 3 ) GLOBAL_UNCERTAINTY_ASSIGNED_CONTEXT ( ( #7752 ) ) GLOBAL_UNIT_ASSIGNED_CONTEXT ( ( #3633, #8249, #4323 ) ) REPRESENTATION_CONTEXT ( 'NONE', 'WORKASPACE' ) );
#6419 = SURFACE_STYLE_FILL_AREA ( #4737 ) ;
#6420 = FILL_AREA_STYLE_COLOUR ( '', #786 ) ;
#6421 =( NAMED_UNIT ( * ) PLANE_ANGLE_UNIT ( ) SI_UNIT ( $, .RADIAN. ) );
#6422 = DIRECTION ( 'NONE',  ( 1.000000000000000000, 0.0000000000000000000, 0.0000000000000000000 ) ) ;
#6423 = AXIS2_PLACEMENT_3D ( 'NONE', #304, #4997, #999 ) ;
#6424 = EDGE_LOOP ( 'NONE', ( #5163, #41, #1532, #638 ) ) ;
#6425 = COLOUR_RGB ( '',0.0000000000000000000, 0.003921568627450980300, 0.09019607843137254800 ) ;
#6426 =( NAMED_UNIT ( * ) PLANE_ANGLE_UNIT ( ) SI_UNIT ( $, .RADIAN. ) );
#6427 =( LENGTH_UNIT ( ) NAMED_UNIT ( * ) SI_UNIT ( .MILLI., .METRE. ) );
#6428 = ORIENTED_EDGE ( 'NONE', *, *, #3922, .F. ) ;
#6429 = ORIENTED_EDGE ( 'NONE', *, *, #3205, .F. ) ;
#6430 = EDGE_CURVE ( 'NONE', #5742, #4111, #7960, .T. ) ;
#6431 = PLANE ( 'NONE',  #2891 ) ;
#6432 = SURFACE_STYLE_USAGE ( .BOTH. , #1751 ) ;
#6433 = FILL_AREA_STYLE_COLOUR ( '', #1637 ) ;
#6434 = AXIS2_PLACEMENT_3D ( 'NONE', #693, #5392, #1368 ) ;
#6435 = COLOUR_RGB ( '',0.7960784313725489700, 0.8235294117647058400, 0.9372549019607843100 ) ;
#6436 = LINE ( 'NONE', #7326, #8158 ) ;
#6437 = LINE ( 'NONE', #3715, #1317 ) ;
#6438 = ORIENTED_EDGE ( 'NONE', *, *, #195, .F. ) ;
#6439 = FACE_OUTER_BOUND ( 'NONE', #5039, .T. ) ;
#6440 = DIRECTION ( 'NONE',  ( 0.0000000000000000000, -1.000000000000000000, 0.0000000000000000000 ) ) ;
#6441 = UNCERTAINTY_MEASURE_WITH_UNIT (LENGTH_MEASURE( 1.000000000000000100E-005 ), #7377, 'distance_accuracy_value', 'NONE');
#6442 =( NAMED_UNIT ( * ) SI_UNIT ( $, .STERADIAN. ) SOLID_ANGLE_UNIT ( ) );
#6443 = STYLED_ITEM ( 'NONE', ( #842 ), #4986 ) ;
#6444 = CARTESIAN_POINT ( 'NONE',  ( 1.490000000000000000, -2.799999999999999400, -15.56000000000000000 ) ) ;
#6445 = LINE ( 'NONE', #2461, #1126 ) ;
#6446 = ORIENTED_EDGE ( 'NONE', *, *, #5242, .T. ) ;
#6447 = EDGE_CURVE ( 'NONE', #7100, #3621, #4485, .T. ) ;
#6448 = CARTESIAN_POINT ( 'NONE',  ( -1.050000000000000000, 11.70000000000000100, 0.3199999999999999000 ) ) ;
#6449 = LINE ( 'NONE', #2653, #2895 ) ;
#6450 = SURFACE_SIDE_STYLE ('',( #651 ) ) ;
#6451 =( LENGTH_UNIT ( ) NAMED_UNIT ( * ) SI_UNIT ( .MILLI., .METRE. ) );
#6452 = ADVANCED_FACE ( 'NONE', ( #6039 ), #1832, .T. ) ;
#6453 = COLOUR_RGB ( '',0.7960784313725489700, 0.8235294117647058400, 0.9372549019607843100 ) ;
#6454 = ORIENTED_EDGE ( 'NONE', *, *, #4412, .T. ) ;
#6455 = AXIS2_PLACEMENT_3D ( 'NONE', #3433, #8047, #4125 ) ;
#6456 = EDGE_CURVE ( 'NONE', #3125, #6704, #7143, .T. ) ;
#6457 = DIRECTION ( 'NONE',  ( 0.0000000000000000000, 0.0000000000000000000, 1.000000000000000000 ) ) ;
#6458 = FILL_AREA_STYLE ('',( #8401 ) ) ;
#6459 = FILL_AREA_STYLE ('',( #5803 ) ) ;
#6460 = ORIENTED_EDGE ( 'NONE', *, *, #2733, .T. ) ;
#6461 = CARTESIAN_POINT ( 'NONE',  ( -0.9499999999999999600, -2.799999999999999400, -9.940000000000001300 ) ) ;
#6462 = DIRECTION ( 'NONE',  ( -0.0000000000000000000, -0.0000000000000000000, -1.000000000000000000 ) ) ;
#6463 = FILL_AREA_STYLE ('',( #6433 ) ) ;
#6464 = SURFACE_STYLE_FILL_AREA ( #4770 ) ;
#6465 = VERTEX_POINT ( 'NONE', #7193 ) ;
#6466 = PRESENTATION_LAYER_ASSIGNMENT (  '', '', ( #5579 ) ) ;
#6467 = ORIENTED_EDGE ( 'NONE', *, *, #5512, .F. ) ;
#6468 = LINE ( 'NONE', #2587, #4695 ) ;
#6469 = CARTESIAN_POINT ( 'NONE',  ( -1.050000000000000000, 11.70000000000000100, -2.220000000000000200 ) ) ;
#6470 =( LENGTH_UNIT ( ) NAMED_UNIT ( * ) SI_UNIT ( .MILLI., .METRE. ) );
#6471 = VERTEX_POINT ( 'NONE', #3214 ) ;
#6472 = AXIS2_PLACEMENT_3D ( 'NONE', #1210, #5891, #1874 ) ;
#6473 = SURFACE_STYLE_FILL_AREA ( #7426 ) ;
#6474 = MECHANICAL_DESIGN_GEOMETRIC_PRESENTATION_REPRESENTATION (  '', ( #5159 ), #6915 ) ;
#6475 = VERTEX_POINT ( 'NONE', #3905 ) ;
#6476 = LINE ( 'NONE', #8101, #416 ) ;
#6477 = VECTOR ( 'NONE', #6602, 1000.000000000000000 ) ;
#6478 = EDGE_CURVE ( 'NONE', #5100, #4994, #47, .T. ) ;
#6479 = SURFACE_STYLE_FILL_AREA ( #1254 ) ;
#6480 = SURFACE_STYLE_USAGE ( .BOTH. , #6450 ) ;
#6481 = CARTESIAN_POINT ( 'NONE',  ( -1.490000000000000200, 11.70000000000000100, -2.220000000000000200 ) ) ;
#6482 = PRESENTATION_STYLE_ASSIGNMENT (( #8488 ) ) ;
#6483 = EDGE_LOOP ( 'NONE', ( #3475, #6266, #4409, #1794 ) ) ;
#6484 = LINE ( 'NONE', #8418, #4715 ) ;
#6485 = FACE_OUTER_BOUND ( 'NONE', #3891, .T. ) ;
#6486 = DIRECTION ( 'NONE',  ( 1.232047923278982000E-016, 0.0000000000000000000, -1.000000000000000000 ) ) ;
#6487 = VECTOR ( 'NONE', #6006, 1000.000000000000000 ) ;
#6488 =( GEOMETRIC_REPRESENTATION_CONTEXT ( 3 ) GLOBAL_UNCERTAINTY_ASSIGNED_CONTEXT ( ( #7892 ) ) GLOBAL_UNIT_ASSIGNED_CONTEXT ( ( #4896, #899, #5576 ) ) REPRESENTATION_CONTEXT ( 'NONE', 'WORKASPACE' ) );
#6489 = CARTESIAN_POINT ( 'NONE',  ( -2.140000000000000600, 1.700000000000000000, -1.270000000000000000 ) ) ;
#6490 =( NAMED_UNIT ( * ) PLANE_ANGLE_UNIT ( ) SI_UNIT ( $, .RADIAN. ) );
#6491 = UNCERTAINTY_MEASURE_WITH_UNIT (LENGTH_MEASURE( 1.000000000000000100E-005 ), #1805, 'distance_accuracy_value', 'NONE');
#6492 =( NAMED_UNIT ( * ) PLANE_ANGLE_UNIT ( ) SI_UNIT ( $, .RADIAN. ) );
#6493 =( LENGTH_UNIT ( ) NAMED_UNIT ( * ) SI_UNIT ( .MILLI., .METRE. ) );
#6494 = DIRECTION ( 'NONE',  ( 0.0000000000000000000, 1.000000000000000000, 0.0000000000000000000 ) ) ;
#6495 = LINE ( 'NONE', #260, #8224 ) ;
#6496 = ORIENTED_EDGE ( 'NONE', *, *, #1247, .F. ) ;
#6497 = LINE ( 'NONE', #6908, #1176 ) ;
#6498 = ORIENTED_EDGE ( 'NONE', *, *, #7815, .F. ) ;
#6499 = PRESENTATION_LAYER_ASSIGNMENT (  '', '', ( #5603 ) ) ;
#6500 = FACE_OUTER_BOUND ( 'NONE', #718, .T. ) ;
#6501 = ADVANCED_FACE ( 'NONE', ( #255 ), #556, .T. ) ;
#6502 = CARTESIAN_POINT ( 'NONE',  ( 2.140000000000001500, 1.700000000000000000, 1.270000000000000000 ) ) ;
#6503 = SURFACE_STYLE_USAGE ( .BOTH. , #1811 ) ;
#6504 = CARTESIAN_POINT ( 'NONE',  ( -0.9499999999999999600, -2.799999999999999400, -5.299999999999999800 ) ) ;
#6505 = CARTESIAN_POINT ( 'NONE',  ( -1.590000000000000300, -2.799999999999999400, -7.839999999999999900 ) ) ;
#6506 = EDGE_CURVE ( 'NONE', #5949, #355, #6340, .T. ) ;
#6507 = EDGE_CURVE ( 'NONE', #8139, #5278, #8057, .T. ) ;
#6508 = MECHANICAL_DESIGN_GEOMETRIC_PRESENTATION_REPRESENTATION (  '', ( #5189 ), #6946 ) ;
#6509 = EDGE_CURVE ( 'NONE', #2375, #8523, #2988, .T. ) ;
#6510 = FILL_AREA_STYLE ('',( #3152 ) ) ;
#6511 = COLOUR_RGB ( '',0.7960784313725489700, 0.8235294117647058400, 0.9372549019607843100 ) ;
#6512 =( LENGTH_UNIT ( ) NAMED_UNIT ( * ) SI_UNIT ( .MILLI., .METRE. ) );
#6513 = FILL_AREA_STYLE ('',( #7850 ) ) ;
#6514 = PRESENTATION_LAYER_ASSIGNMENT (  '', '', ( #5628 ) ) ;
#6515 = FILL_AREA_STYLE_COLOUR ( '', #7774 ) ;
#6516 = DIRECTION ( 'NONE',  ( -0.0000000000000000000, 1.000000000000000000, 0.0000000000000000000 ) ) ;
#6517 = VECTOR ( 'NONE', #1187, 1000.000000000000000 ) ;
#6518 = MECHANICAL_DESIGN_GEOMETRIC_PRESENTATION_REPRESENTATION (  '', ( #5203 ), #6958 ) ;
#6519 = ORIENTED_EDGE ( 'NONE', *, *, #4928, .T. ) ;
#6520 = CARTESIAN_POINT ( 'NONE',  ( 2.540000000000000900, 1.700000000000000000, -4.210000000000000000 ) ) ;
#6521 = DIRECTION ( 'NONE',  ( -0.0000000000000000000, -1.000000000000000000, -0.0000000000000000000 ) ) ;
#6522 = PLANE ( 'NONE',  #6671 ) ;
#6523 = PRESENTATION_LAYER_ASSIGNMENT (  '', '', ( #5642 ) ) ;
#6524 = DIRECTION ( 'NONE',  ( -1.000000000000000000, 0.0000000000000000000, -0.0000000000000000000 ) ) ;
#6525 = CARTESIAN_POINT ( 'NONE',  ( -2.539999999999999600, 1.700000000000000000, 0.8365789473684214200 ) ) ;
#6526 = EDGE_CURVE ( 'NONE', #2162, #2465, #4567, .T. ) ;
#6527 = COLOUR_RGB ( '',0.7960784313725489700, 0.8235294117647058400, 0.9372549019607843100 ) ;
#6528 = PLANE ( 'NONE',  #6062 ) ;
#6529 =( GEOMETRIC_REPRESENTATION_CONTEXT ( 3 ) GLOBAL_UNCERTAINTY_ASSIGNED_CONTEXT ( ( #6129 ) ) GLOBAL_UNIT_ASSIGNED_CONTEXT ( ( #6755, #2761, #7408 ) ) REPRESENTATION_CONTEXT ( 'NONE', 'WORKASPACE' ) );
#6530 = SURFACE_STYLE_FILL_AREA ( #6459 ) ;
#6531 = LINE ( 'NONE', #4648, #8378 ) ;
#6532 = DIRECTION ( 'NONE',  ( 0.0000000000000000000, 1.000000000000000000, 0.0000000000000000000 ) ) ;
#6533 = CARTESIAN_POINT ( 'NONE',  ( -1.490000000000000000, -2.799999999999999400, -0.3200000000000001200 ) ) ;
#6534 = PLANE ( 'NONE',  #3279 ) ;
#6535 = DIRECTION ( 'NONE',  ( 0.7348718659067219300, 0.0000000000000000000, -0.6782059721786390900 ) ) ;
#6536 = DIRECTION ( 'NONE',  ( 0.0000000000000000000, -1.000000000000000000, 0.0000000000000000000 ) ) ;
#6537 = FACE_OUTER_BOUND ( 'NONE', #5787, .T. ) ;
#6538 =( GEOMETRIC_REPRESENTATION_CONTEXT ( 3 ) GLOBAL_UNCERTAINTY_ASSIGNED_CONTEXT ( ( #5180 ) ) GLOBAL_UNIT_ASSIGNED_CONTEXT ( ( #793, #5490, #1454 ) ) REPRESENTATION_CONTEXT ( 'NONE', 'WORKASPACE' ) );
#6539 =( NAMED_UNIT ( * ) SI_UNIT ( $, .STERADIAN. ) SOLID_ANGLE_UNIT ( ) );
#6540 = ADVANCED_FACE ( 'NONE', ( #796 ), #4633, .T. ) ;
#6541 = STYLED_ITEM ( 'NONE', ( #7633 ), #2010 ) ;
#6542 = PLANE ( 'NONE',  #3220 ) ;
#6543 = CARTESIAN_POINT ( 'NONE',  ( 0.9499999999999999600, -2.799999999999999400, -12.92000000000000200 ) ) ;
#6544 = FILL_AREA_STYLE ('',( #8492 ) ) ;
#6545 = ORIENTED_EDGE ( 'NONE', *, *, #7815, .T. ) ;
#6546 = DIRECTION ( 'NONE',  ( -0.7071067811865470200, 0.0000000000000000000, -0.7071067811865481300 ) ) ;
#6547 = EDGE_CURVE ( 'NONE', #8298, #1862, #1927, .T. ) ;
#6548 = VERTEX_POINT ( 'NONE', #6600 ) ;
#6549 = CARTESIAN_POINT ( 'NONE',  ( 2.140000000000000100, 0.0000000000000000000, -16.51000000000000200 ) ) ;
#6550 = VECTOR ( 'NONE', #5291, 999.9999999999998900 ) ;
#6551 = VERTEX_POINT ( 'NONE', #1318 ) ;
#6552 = UNCERTAINTY_MEASURE_WITH_UNIT (LENGTH_MEASURE( 1.000000000000000100E-005 ), #6987, 'distance_accuracy_value', 'NONE');
#6553 = VECTOR ( 'NONE', #5592, 1000.000000000000100 ) ;
#6554 = ORIENTED_EDGE ( 'NONE', *, *, #5435, .F. ) ;
#6555 = DIRECTION ( 'NONE',  ( 1.000000000000000000, 0.0000000000000000000, 1.232047923278982200E-016 ) ) ;
#6556 = ORIENTED_EDGE ( 'NONE', *, *, #4346, .T. ) ;
#6557 =( GEOMETRIC_REPRESENTATION_CONTEXT ( 3 ) GLOBAL_UNCERTAINTY_ASSIGNED_CONTEXT ( ( #1281 ) ) GLOBAL_UNIT_ASSIGNED_CONTEXT ( ( #2434, #7092, #3109 ) ) REPRESENTATION_CONTEXT ( 'NONE', 'WORKASPACE' ) );
#6558 = DIRECTION ( 'NONE',  ( 0.7071067811865474600, 0.0000000000000000000, 0.7071067811865474600 ) ) ;
#6559 = LINE ( 'NONE', #3559, #3233 ) ;
#6560 = CARTESIAN_POINT ( 'NONE',  ( -1.590000000000000300, -2.799999999999999400, -5.300000000000000700 ) ) ;
#6561 = CARTESIAN_POINT ( 'NONE',  ( 1.490000000000000000, -2.799999999999999400, -5.400000000000000400 ) ) ;
#6562 = VERTEX_POINT ( 'NONE', #6008 ) ;
#6563 = FACE_OUTER_BOUND ( 'NONE', #251, .T. ) ;
#6564 = VERTEX_POINT ( 'NONE', #641 ) ;
#6565 = SURFACE_STYLE_USAGE ( .BOTH. , #1895 ) ;
#6566 = CARTESIAN_POINT ( 'NONE',  ( -1.490000000000000000, -2.799999999999999400, -5.400000000000000400 ) ) ;
#6567 = VECTOR ( 'NONE', #4057, 1000.000000000000100 ) ;
#6568 = ORIENTED_EDGE ( 'NONE', *, *, #4178, .T. ) ;
#6569 = PRESENTATION_STYLE_ASSIGNMENT (( #7147 ) ) ;
#6570 = UNCERTAINTY_MEASURE_WITH_UNIT (LENGTH_MEASURE( 1.000000000000000100E-005 ), #409, 'distance_accuracy_value', 'NONE');
#6571 =( GEOMETRIC_REPRESENTATION_CONTEXT ( 3 ) GLOBAL_UNCERTAINTY_ASSIGNED_CONTEXT ( ( #877 ) ) GLOBAL_UNIT_ASSIGNED_CONTEXT ( ( #1309, #6001, #1963 ) ) REPRESENTATION_CONTEXT ( 'NONE', 'WORKASPACE' ) );
#6572 = PRODUCT_RELATED_PRODUCT_CATEGORY ( 'part', '', ( #5873 ) ) ;
#6573 = VECTOR ( 'NONE', #4036, 1000.000000000000000 ) ;
#6574 = DIRECTION ( 'NONE',  ( 0.0000000000000000000, 1.000000000000000000, 0.0000000000000000000 ) ) ;
#6575 = LINE ( 'NONE', #6630, #7717 ) ;
#6576 = VERTEX_POINT ( 'NONE', #7298 ) ;
#6577 = SURFACE_SIDE_STYLE ('',( #2049 ) ) ;
#6578 = SURFACE_STYLE_USAGE ( .BOTH. , #1904 ) ;
#6579 = CARTESIAN_POINT ( 'NONE',  ( -2.139999999999999700, 1.700000000000000000, 1.270000000000000000 ) ) ;
#6580 = COLOUR_RGB ( '',0.7921568627450980000, 0.8196078431372548800, 0.9333333333333333500 ) ;
#6581 = MECHANICAL_DESIGN_GEOMETRIC_PRESENTATION_REPRESENTATION (  '', ( #5699 ), #7027 ) ;
#6582 = STYLED_ITEM ( 'NONE', ( #5505 ), #6746 ) ;
#6583 = ADVANCED_FACE ( 'NONE', ( #3746 ), #1971, .T. ) ;
#6584 = PRESENTATION_STYLE_ASSIGNMENT (( #4454 ) ) ;
#6585 = EDGE_LOOP ( 'NONE', ( #3189, #5748, #584, #3628 ) ) ;
#6586 = VECTOR ( 'NONE', #2976, 1000.000000000000000 ) ;
#6587 = ORIENTED_EDGE ( 'NONE', *, *, #6289, .T. ) ;
#6588 = UNCERTAINTY_MEASURE_WITH_UNIT (LENGTH_MEASURE( 1.000000000000000100E-005 ), #2805, 'distance_accuracy_value', 'NONE');
#6589 = DIRECTION ( 'NONE',  ( -2.492418787322998300E-016, 0.0000000000000000000, -1.000000000000000000 ) ) ;
#6590 = DIRECTION ( 'NONE',  ( -0.7071067811865477900, 0.0000000000000000000, -0.7071067811865473500 ) ) ;
#6591 = VECTOR ( 'NONE', #168, 1000.000000000000100 ) ;
#6592 = EDGE_CURVE ( 'NONE', #83, #4086, #6436, .T. ) ;
#6593 = ORIENTED_EDGE ( 'NONE', *, *, #6715, .F. ) ;
#6594 =( GEOMETRIC_REPRESENTATION_CONTEXT ( 3 ) GLOBAL_UNCERTAINTY_ASSIGNED_CONTEXT ( ( #3657 ) ) GLOBAL_UNIT_ASSIGNED_CONTEXT ( ( #6598, #2597, #7241 ) ) REPRESENTATION_CONTEXT ( 'NONE', 'WORKASPACE' ) );
#6595 =( LENGTH_UNIT ( ) NAMED_UNIT ( * ) SI_UNIT ( .MILLI., .METRE. ) );
#6596 = VERTEX_POINT ( 'NONE', #4052 ) ;
#6597 = FILL_AREA_STYLE ('',( #3249 ) ) ;
#6598 =( LENGTH_UNIT ( ) NAMED_UNIT ( * ) SI_UNIT ( .MILLI., .METRE. ) );
#6599 = ORIENTED_EDGE ( 'NONE', *, *, #6430, .F. ) ;
#6600 = CARTESIAN_POINT ( 'NONE',  ( -2.019999999999999600, 0.0000000000000000000, 1.270000000000000000 ) ) ;
#6601 = SURFACE_STYLE_FILL_AREA ( #136 ) ;
#6602 = DIRECTION ( 'NONE',  ( -1.000000000000000000, -0.0000000000000000000, -0.0000000000000000000 ) ) ;
#6603 = CARTESIAN_POINT ( 'NONE',  ( 2.540000000000000900, 0.0000000000000000000, -16.10999999999999900 ) ) ;
#6604 = COLOUR_RGB ( '',0.0000000000000000000, 0.003921568627450980300, 0.09019607843137254800 ) ;
#6605 = COLOUR_RGB ( '',0.7960784313725489700, 0.8235294117647058400, 0.9372549019607843100 ) ;
#6606 = SURFACE_STYLE_USAGE ( .BOTH. , #1925 ) ;
#6607 = SURFACE_STYLE_FILL_AREA ( #3971 ) ;
#6608 = CARTESIAN_POINT ( 'NONE',  ( -1.590000000000000300, -2.799999999999999400, -10.38000000000000100 ) ) ;
#6609 = STYLED_ITEM ( 'NONE', ( #1870 ), #762 ) ;
#6610 = LINE ( 'NONE', #2887, #4844 ) ;
#6611 = EDGE_LOOP ( 'NONE', ( #7399, #8610, #5146, #3298 ) ) ;
#6612 = EDGE_CURVE ( 'NONE', #8128, #7571, #1114, .T. ) ;
#6613 =( NAMED_UNIT ( * ) PLANE_ANGLE_UNIT ( ) SI_UNIT ( $, .RADIAN. ) );
#6614 =( LENGTH_UNIT ( ) NAMED_UNIT ( * ) SI_UNIT ( .MILLI., .METRE. ) );
#6615 = LINE ( 'NONE', #2714, #8368 ) ;
#6616 = FILL_AREA_STYLE_COLOUR ( '', #7602 ) ;
#6617 =( NAMED_UNIT ( * ) PLANE_ANGLE_UNIT ( ) SI_UNIT ( $, .RADIAN. ) );
#6618 = ORIENTED_EDGE ( 'NONE', *, *, #5041, .F. ) ;
#6619 = COLOUR_RGB ( '',0.7921568627450980000, 0.8196078431372548800, 0.9333333333333333500 ) ;
#6620 =( LENGTH_UNIT ( ) NAMED_UNIT ( * ) SI_UNIT ( .MILLI., .METRE. ) );
#6621 = DIRECTION ( 'NONE',  ( 0.7071067811865486800, 0.0000000000000000000, -0.7071067811865463500 ) ) ;
#6622 = ADVANCED_FACE ( 'NONE', ( #4666 ), #1373, .T. ) ;
#6623 =( GEOMETRIC_REPRESENTATION_CONTEXT ( 3 ) GLOBAL_UNCERTAINTY_ASSIGNED_CONTEXT ( ( #1129 ) ) GLOBAL_UNIT_ASSIGNED_CONTEXT ( ( #5786, #1762, #6442 ) ) REPRESENTATION_CONTEXT ( 'NONE', 'WORKASPACE' ) );
#6624 = COLOUR_RGB ( '',0.0000000000000000000, 0.003921568627450980300, 0.09019607843137254800 ) ;
#6625 = VERTEX_POINT ( 'NONE', #14 ) ;
#6626 = VECTOR ( 'NONE', #8179, 999.9999999999998900 ) ;
#6627 = ORIENTED_EDGE ( 'NONE', *, *, #4724, .F. ) ;
#6628 = EDGE_LOOP ( 'NONE', ( #5526, #2281, #3103, #2641 ) ) ;
#6629 = COLOUR_RGB ( '',0.7960784313725489700, 0.8235294117647058400, 0.9372549019607843100 ) ;
#6630 = CARTESIAN_POINT ( 'NONE',  ( 1.050000000000000000, 11.70000000000000100, -14.92000000000000200 ) ) ;
#6631 = PRESENTATION_LAYER_ASSIGNMENT (  '', '', ( #5760 ) ) ;
#6632 = SURFACE_STYLE_USAGE ( .BOTH. , #1951 ) ;
#6633 = EDGE_CURVE ( 'NONE', #5800, #3041, #463, .T. ) ;
#6634 = FILL_AREA_STYLE_COLOUR ( '', #5455 ) ;
#6635 = VECTOR ( 'NONE', #3029, 1000.000000000000100 ) ;
#6636 = EDGE_CURVE ( 'NONE', #1235, #3326, #5602, .T. ) ;
#6637 = UNCERTAINTY_MEASURE_WITH_UNIT (LENGTH_MEASURE( 1.000000000000000100E-005 ), #5516, 'distance_accuracy_value', 'NONE');
#6638 = PRESENTATION_STYLE_ASSIGNMENT (( #5042 ) ) ;
#6639 = MECHANICAL_DESIGN_GEOMETRIC_PRESENTATION_REPRESENTATION (  '', ( #5328 ), #7087 ) ;
#6640 = LINE ( 'NONE', #7387, #1521 ) ;
#6641 = ORIENTED_EDGE ( 'NONE', *, *, #7300, .T. ) ;
#6642 =( NAMED_UNIT ( * ) PLANE_ANGLE_UNIT ( ) SI_UNIT ( $, .RADIAN. ) );
#6643 = CARTESIAN_POINT ( 'NONE',  ( 1.050000000000000000, 11.70000000000000100, -4.760000000000000700 ) ) ;
#6644 = CARTESIAN_POINT ( 'NONE',  ( 0.0000000000000000000, 11.70000000000000100, -15.24000000000000000 ) ) ;
#6645 = AXIS2_PLACEMENT_3D ( 'NONE', #8370, #4441, #392 ) ;
#6646 = ORIENTED_EDGE ( 'NONE', *, *, #631, .T. ) ;
#6647 = DIRECTION ( 'NONE',  ( -0.7372346670543746800, -0.0000000000000000000, 0.6756367705307528800 ) ) ;
#6648 = COLOUR_RGB ( '',0.7960784313725489700, 0.8235294117647058400, 0.9372549019607843100 ) ;
#6649 = ORIENTED_EDGE ( 'NONE', *, *, #5874, .F. ) ;
#6650 = EDGE_CURVE ( 'NONE', #7792, #6161, #7336, .T. ) ;
#6651 = PLANE ( 'NONE',  #8553 ) ;
#6652 = VERTEX_POINT ( 'NONE', #8036 ) ;
#6653 = COLOUR_RGB ( '',0.02745098039215686200, 0.003921568627450980300, 0.0000000000000000000 ) ;
#6654 = SURFACE_STYLE_USAGE ( .BOTH. , #1982 ) ;
#6655 = CARTESIAN_POINT ( 'NONE',  ( -2.539999999999999600, 1.700000000000000000, -11.86342105263158000 ) ) ;
#6656 = EDGE_CURVE ( 'NONE', #4066, #4996, #2023, .T. ) ;
#6657 = EDGE_CURVE ( 'NONE', #3977, #2755, #5404, .T. ) ;
#6658 = VERTEX_POINT ( 'NONE', #757 ) ;
#6659 = ORIENTED_EDGE ( 'NONE', *, *, #567, .F. ) ;
#6660 = VECTOR ( 'NONE', #4799, 1000.000000000000000 ) ;
#6661 = EDGE_LOOP ( 'NONE', ( #5429, #1755, #455, #1343, #5030, #2949, #3869, #2140 ) ) ;
#6662 = ADVANCED_FACE ( 'NONE', ( #247 ), #3455, .T. ) ;
#6663 = FACE_OUTER_BOUND ( 'NONE', #6174, .T. ) ;
#6664 = LINE ( 'NONE', #7412, #4302 ) ;
#6665 =( LENGTH_UNIT ( ) NAMED_UNIT ( * ) SI_UNIT ( .MILLI., .METRE. ) );
#6666 = DIRECTION ( 'NONE',  ( 0.7071067811865489100, 0.0000000000000000000, 0.7071067811865461300 ) ) ;
#6667 = VERTEX_POINT ( 'NONE', #7415 ) ;
#6668 = VECTOR ( 'NONE', #1641, 1000.000000000000000 ) ;
#6669 = EDGE_LOOP ( 'NONE', ( #3261, #3673, #1386, #7337 ) ) ;
#6670 = CARTESIAN_POINT ( 'NONE',  ( 2.020000000000001400, 0.2999999999999999900, 1.270000000000000000 ) ) ;
#6671 = AXIS2_PLACEMENT_3D ( 'NONE', #6543, #2545, #7201 ) ;
#6672 = SURFACE_SIDE_STYLE ('',( #7684 ) ) ;
#6673 = PRESENTATION_LAYER_ASSIGNMENT (  '', '', ( #6246 ) ) ;
#6674 =( GEOMETRIC_REPRESENTATION_CONTEXT ( 3 ) GLOBAL_UNCERTAINTY_ASSIGNED_CONTEXT ( ( #8186 ) ) GLOBAL_UNIT_ASSIGNED_CONTEXT ( ( #1676, #6356, #2347 ) ) REPRESENTATION_CONTEXT ( 'NONE', 'WORKASPACE' ) );
#6675 = DIRECTION ( 'NONE',  ( -0.0000000000000000000, -0.0000000000000000000, -1.000000000000000000 ) ) ;
#6676 = FILL_AREA_STYLE ('',( #6616 ) ) ;
#6677 = DIRECTION ( 'NONE',  ( 0.0000000000000000000, -1.000000000000000000, 0.0000000000000000000 ) ) ;
#6678 = LINE ( 'NONE', #1810, #1358 ) ;
#6679 = ORIENTED_EDGE ( 'NONE', *, *, #3518, .F. ) ;
#6680 = PRESENTATION_STYLE_ASSIGNMENT (( #5563 ) ) ;
#6681 = AXIS2_PLACEMENT_3D ( 'NONE', #4964, #961, #5637 ) ;
#6682 = VECTOR ( 'NONE', #7268, 1000.000000000000000 ) ;
#6683 = CARTESIAN_POINT ( 'NONE',  ( -1.490000000000000200, 11.70000000000000100, -14.92000000000000200 ) ) ;
#6684 = VECTOR ( 'NONE', #7597, 1000.000000000000000 ) ;
#6685 = VERTEX_POINT ( 'NONE', #3488 ) ;
#6686 = FILL_AREA_STYLE ('',( #6045 ) ) ;
#6687 = ORIENTED_EDGE ( 'NONE', *, *, #4459, .F. ) ;
#6688 = MECHANICAL_DESIGN_GEOMETRIC_PRESENTATION_REPRESENTATION (  '', ( #5380 ), #7129 ) ;
#6689 = ORIENTED_EDGE ( 'NONE', *, *, #3639, .T. ) ;
#6690 = UNCERTAINTY_MEASURE_WITH_UNIT (LENGTH_MEASURE( 1.000000000000000100E-005 ), #2053, 'distance_accuracy_value', 'NONE');
#6691 = COLOUR_RGB ( '',0.7960784313725489700, 0.8235294117647058400, 0.9372549019607843100 ) ;
#6692 = FILL_AREA_STYLE ('',( #4012 ) ) ;
#6693 =( NAMED_UNIT ( * ) PLANE_ANGLE_UNIT ( ) SI_UNIT ( $, .RADIAN. ) );
#6694 =( NAMED_UNIT ( * ) SI_UNIT ( $, .STERADIAN. ) SOLID_ANGLE_UNIT ( ) );
#6695 = ORIENTED_EDGE ( 'NONE', *, *, #2612, .T. ) ;
#6696 = FACE_OUTER_BOUND ( 'NONE', #417, .T. ) ;
#6697 = ORIENTED_EDGE ( 'NONE', *, *, #2448, .T. ) ;
#6698 = SURFACE_SIDE_STYLE ('',( #4263 ) ) ;
#6699 = DIRECTION ( 'NONE',  ( 0.0000000000000000000, 1.000000000000000000, 0.0000000000000000000 ) ) ;
#6700 =( GEOMETRIC_REPRESENTATION_CONTEXT ( 3 ) GLOBAL_UNCERTAINTY_ASSIGNED_CONTEXT ( ( #2994 ) ) GLOBAL_UNIT_ASSIGNED_CONTEXT ( ( #8099, #7448, #8126 ) ) REPRESENTATION_CONTEXT ( 'NONE', 'WORKASPACE' ) );
#6701 = PRESENTATION_STYLE_ASSIGNMENT (( #4161 ) ) ;
#6702 = DIRECTION ( 'NONE',  ( -0.0000000000000000000, -0.0000000000000000000, -1.000000000000000000 ) ) ;
#6703 = DIRECTION ( 'NONE',  ( -0.7071067811865477900, -0.0000000000000000000, -0.7071067811865473500 ) ) ;
#6704 = VERTEX_POINT ( 'NONE', #7445 ) ;
#6705 = SURFACE_SIDE_STYLE ('',( #2881 ) ) ;
#6706 = CARTESIAN_POINT ( 'NONE',  ( 1.490000000000000000, -2.799999999999999400, -5.400000000000000400 ) ) ;
#6707 = DIRECTION ( 'NONE',  ( -0.0000000000000000000, -0.0000000000000000000, -1.000000000000000000 ) ) ;
#6708 = PRESENTATION_STYLE_ASSIGNMENT (( #6713 ) ) ;
#6709 = ADVANCED_FACE ( 'NONE', ( #8048 ), #8096, .F. ) ;
#6710 = VECTOR ( 'NONE', #3002, 1000.000000000000000 ) ;
#6711 = VERTEX_POINT ( 'NONE', #6825 ) ;
#6712 =( NAMED_UNIT ( * ) SI_UNIT ( $, .STERADIAN. ) SOLID_ANGLE_UNIT ( ) );
#6713 = SURFACE_STYLE_USAGE ( .BOTH. , #2034 ) ;
#6714 = VECTOR ( 'NONE', #3168, 1000.000000000000000 ) ;
#6715 = EDGE_CURVE ( 'NONE', #923, #6652, #5710, .T. ) ;
#6716 = FILL_AREA_STYLE_COLOUR ( '', #1960 ) ;
#6717 = LINE ( 'NONE', #785, #3178 ) ;
#6718 = ORIENTED_EDGE ( 'NONE', *, *, #4852, .F. ) ;
#6719 = VECTOR ( 'NONE', #2248, 1000.000000000000000 ) ;
#6720 = CARTESIAN_POINT ( 'NONE',  ( 2.140000000000000100, 1.700000000000000000, -1.270000000000000000 ) ) ;
#6721 = VECTOR ( 'NONE', #2283, 1000.000000000000000 ) ;
#6722 = MECHANICAL_DESIGN_GEOMETRIC_PRESENTATION_REPRESENTATION (  '', ( #5408 ), #7153 ) ;
#6723 = PLANE ( 'NONE',  #8400 ) ;
#6724 = CARTESIAN_POINT ( 'NONE',  ( 1.590000000000000100, 11.70000000000000100, -9.940000000000001300 ) ) ;
#6725 = SURFACE_STYLE_FILL_AREA ( #5304 ) ;
#6726 = VECTOR ( 'NONE', #8027, 1000.000000000000000 ) ;
#6727 = SURFACE_SIDE_STYLE ('',( #7146 ) ) ;
#6728 = ORIENTED_EDGE ( 'NONE', *, *, #2728, .T. ) ;
#6729 = CARTESIAN_POINT ( 'NONE',  ( -1.490000000000000200, -2.799999999999999400, -4.760000000000000700 ) ) ;
#6730 = VECTOR ( 'NONE', #2071, 999.9999999999998900 ) ;
#6731 = CARTESIAN_POINT ( 'NONE',  ( -1.490000000000000000, -2.799999999999999400, -5.400000000000000400 ) ) ;
#6732 = AXIS2_PLACEMENT_3D ( 'NONE', #4379, #338, #5052 ) ;
#6733 =( GEOMETRIC_REPRESENTATION_CONTEXT ( 3 ) GLOBAL_UNCERTAINTY_ASSIGNED_CONTEXT ( ( #6906 ) ) GLOBAL_UNIT_ASSIGNED_CONTEXT ( ( #7951, #4021, #8631 ) ) REPRESENTATION_CONTEXT ( 'NONE', 'WORKASPACE' ) );
#6734 = LINE ( 'NONE', #2532, #8474 ) ;
#6735 = DIRECTION ( 'NONE',  ( -0.7071067811865462400, 0.0000000000000000000, -0.7071067811865489100 ) ) ;
#6736 =( NAMED_UNIT ( * ) PLANE_ANGLE_UNIT ( ) SI_UNIT ( $, .RADIAN. ) );
#6737 = MECHANICAL_DESIGN_GEOMETRIC_PRESENTATION_REPRESENTATION (  '', ( #5426 ), #7170 ) ;
#6738 = STYLED_ITEM ( 'NONE', ( #2998 ), #5678 ) ;
#6739 = LINE ( 'NONE', #154, #1416 ) ;
#6740 = UNCERTAINTY_MEASURE_WITH_UNIT (LENGTH_MEASURE( 1.000000000000000100E-005 ), #1027, 'distance_accuracy_value', 'NONE');
#6741 = DIRECTION ( 'NONE',  ( 0.0000000000000000000, 1.000000000000000000, 0.0000000000000000000 ) ) ;
#6742 = FILL_AREA_STYLE ('',( #2061 ) ) ;
#6743 = EDGE_CURVE ( 'NONE', #8323, #6652, #1206, .T. ) ;
#6744 =( NAMED_UNIT ( * ) PLANE_ANGLE_UNIT ( ) SI_UNIT ( $, .RADIAN. ) );
#6745 = ORIENTED_EDGE ( 'NONE', *, *, #1538, .F. ) ;
#6746 = ADVANCED_FACE ( 'NONE', ( #352 ), #6850, .T. ) ;
#6747 = EDGE_CURVE ( 'NONE', #1092, #7940, #4861, .T. ) ;
#6748 = DIRECTION ( 'NONE',  ( 0.0000000000000000000, -1.000000000000000000, 0.0000000000000000000 ) ) ;
#6749 = CARTESIAN_POINT ( 'NONE',  ( -2.539999999999999600, 0.0000000000000000000, -1.703421052631578900 ) ) ;
#6750 = AXIS2_PLACEMENT_3D ( 'NONE', #7751, #3795, #8402 ) ;
#6751 = CARTESIAN_POINT ( 'NONE',  ( -2.540000000000000000, 0.0000000000000000000, -16.14342105263157700 ) ) ;
#6752 = STYLED_ITEM ( 'NONE', ( #1500 ), #7746 ) ;
#6753 = VECTOR ( 'NONE', #2560, 1000.000000000000000 ) ;
#6754 = ORIENTED_EDGE ( 'NONE', *, *, #7681, .T. ) ;
#6755 =( LENGTH_UNIT ( ) NAMED_UNIT ( * ) SI_UNIT ( .MILLI., .METRE. ) );
#6756 = CARTESIAN_POINT ( 'NONE',  ( 1.590000000000000100, -2.799999999999999400, -10.38000000000000100 ) ) ;
#6757 = SURFACE_STYLE_FILL_AREA ( #4219 ) ;
#6758 =( NAMED_UNIT ( * ) SI_UNIT ( $, .STERADIAN. ) SOLID_ANGLE_UNIT ( ) );
#6759 =( GEOMETRIC_REPRESENTATION_CONTEXT ( 3 ) GLOBAL_UNCERTAINTY_ASSIGNED_CONTEXT ( ( #2307 ) ) GLOBAL_UNIT_ASSIGNED_CONTEXT ( ( #62, #4754, #746 ) ) REPRESENTATION_CONTEXT ( 'NONE', 'WORKASPACE' ) );
#6760 = ORIENTED_EDGE ( 'NONE', *, *, #6526, .F. ) ;
#6761 = DIRECTION ( 'NONE',  ( -0.0000000000000000000, -1.000000000000000000, -0.0000000000000000000 ) ) ;
#6762 = LINE ( 'NONE', #8190, #1435 ) ;
#6763 = DIRECTION ( 'NONE',  ( -0.7071067811865475700, 0.0000000000000000000, 0.7071067811865475700 ) ) ;
#6764 = VERTEX_POINT ( 'NONE', #3576 ) ;
#6765 = DIRECTION ( 'NONE',  ( -0.7071067811865470200, -0.0000000000000000000, -0.7071067811865481300 ) ) ;
#6766 = PRESENTATION_STYLE_ASSIGNMENT (( #1364 ) ) ;
#6767 = EDGE_CURVE ( 'NONE', #5477, #2454, #1304, .T. ) ;
#6768 = ORIENTED_EDGE ( 'NONE', *, *, #8225, .F. ) ;
#6769 = LINE ( 'NONE', #2414, #8314 ) ;
#6770 = ORIENTED_EDGE ( 'NONE', *, *, #5395, .F. ) ;
#6771 = DIRECTION ( 'NONE',  ( -0.0000000000000000000, 1.000000000000000000, 0.0000000000000000000 ) ) ;
#6772 = DIRECTION ( 'NONE',  ( 0.0000000000000000000, -0.0000000000000000000, -1.000000000000000000 ) ) ;
#6773 = UNCERTAINTY_MEASURE_WITH_UNIT (LENGTH_MEASURE( 1.000000000000000100E-005 ), #6895, 'distance_accuracy_value', 'NONE');
#6774 = LINE ( 'NONE', #7991, #6567 ) ;
#6775 = ORIENTED_EDGE ( 'NONE', *, *, #3893, .F. ) ;
#6776 = DIRECTION ( 'NONE',  ( -1.000000000000000000, -0.0000000000000000000, -0.0000000000000000000 ) ) ;
#6777 = LINE ( 'NONE', #480, #1451 ) ;
#6778 = VECTOR ( 'NONE', #8598, 1000.000000000000000 ) ;
#6779 = EDGE_CURVE ( 'NONE', #3317, #1146, #3091, .T. ) ;
#6780 = VECTOR ( 'NONE', #1264, 1000.000000000000000 ) ;
#6781 = ORIENTED_EDGE ( 'NONE', *, *, #8051, .T. ) ;
#6782 = LINE ( 'NONE', #2960, #3246 ) ;
#6783 = VERTEX_POINT ( 'NONE', #910 ) ;
#6784 = FACE_OUTER_BOUND ( 'NONE', #4620, .T. ) ;
#6785 =( GEOMETRIC_REPRESENTATION_CONTEXT ( 3 ) GLOBAL_UNCERTAINTY_ASSIGNED_CONTEXT ( ( #5119 ) ) GLOBAL_UNIT_ASSIGNED_CONTEXT ( ( #8161, #4239, #198 ) ) REPRESENTATION_CONTEXT ( 'NONE', 'WORKASPACE' ) );
#6786 = CARTESIAN_POINT ( 'NONE',  ( -0.9499999999999999600, -2.799999999999999400, -2.319999999999999800 ) ) ;
#6787 = PRESENTATION_STYLE_ASSIGNMENT (( #1725 ) ) ;
#6788 = ORIENTED_EDGE ( 'NONE', *, *, #4402, .F. ) ;
#6789 = MECHANICAL_DESIGN_GEOMETRIC_PRESENTATION_REPRESENTATION (  '', ( #5484 ), #7220 ) ;
#6790 = SURFACE_STYLE_USAGE ( .BOTH. , #2106 ) ;
#6791 = PRODUCT_CONTEXT ( 'NONE', #3451, 'mechanical' ) ;
#6792 = ORIENTED_EDGE ( 'NONE', *, *, #3677, .F. ) ;
#6793 = DIRECTION ( 'NONE',  ( 0.0000000000000000000, 0.0000000000000000000, 1.000000000000000000 ) ) ;
#6794 = PLANE ( 'NONE',  #8342 ) ;
#6795 = CARTESIAN_POINT ( 'NONE',  ( -1.490000000000000200, -2.799999999999999400, -2.220000000000000200 ) ) ;
#6796 = ADVANCED_FACE ( 'NONE', ( #4657 ), #4909, .F. ) ;
#6797 = AXIS2_PLACEMENT_3D ( 'NONE', #2181, #6862, #2871 ) ;
#6798 = VECTOR ( 'NONE', #6188, 1000.000000000000100 ) ;
#6799 = EDGE_CURVE ( 'NONE', #3208, #510, #2365, .T. ) ;
#6800 = EDGE_LOOP ( 'NONE', ( #509, #385, #1659, #8317 ) ) ;
#6801 =( GEOMETRIC_REPRESENTATION_CONTEXT ( 3 ) GLOBAL_UNCERTAINTY_ASSIGNED_CONTEXT ( ( #6690 ) ) GLOBAL_UNIT_ASSIGNED_CONTEXT ( ( #2053, #6736, #2749 ) ) REPRESENTATION_CONTEXT ( 'NONE', 'WORKASPACE' ) );
#6802 = EDGE_CURVE ( 'NONE', #8230, #2841, #4168, .T. ) ;
#6803 = VECTOR ( 'NONE', #1663, 1000.000000000000000 ) ;
#6804 = FILL_AREA_STYLE ('',( #6156 ) ) ;
#6805 = FILL_AREA_STYLE_COLOUR ( '', #8353 ) ;
#6806 =( LENGTH_UNIT ( ) NAMED_UNIT ( * ) SI_UNIT ( .MILLI., .METRE. ) );
#6807 = VECTOR ( 'NONE', #2942, 1000.000000000000000 ) ;
#6808 = SURFACE_SIDE_STYLE ('',( #5845 ) ) ;
#6809 = CARTESIAN_POINT ( 'NONE',  ( 1.590000000000000100, -2.799999999999999400, -15.45999999999999900 ) ) ;
#6810 = PRESENTATION_LAYER_ASSIGNMENT (  '', '', ( #5930 ) ) ;
#6811 = LINE ( 'NONE', #4152, #3491 ) ;
#6812 = CARTESIAN_POINT ( 'NONE',  ( -1.490000000000000000, -2.799999999999999400, -2.860000000000000300 ) ) ;
#6813 = LINE ( 'NONE', #4822, #1700 ) ;
#6814 = CARTESIAN_POINT ( 'NONE',  ( 2.540000000000000900, 1.700000000000000000, -0.8700000000000006600 ) ) ;
#6815 = STYLED_ITEM ( 'NONE', ( #5037 ), #4288 ) ;
#6816 = FILL_AREA_STYLE ('',( #6171 ) ) ;
#6817 = CARTESIAN_POINT ( 'NONE',  ( 0.9499999999999999600, 11.70000000000000100, -12.48000000000000200 ) ) ;
#6818 = MECHANICAL_DESIGN_GEOMETRIC_PRESENTATION_REPRESENTATION (  '', ( #5503 ), #7244 ) ;
#6819 = LINE ( 'NONE', #1268, #8564 ) ;
#6820 = PRESENTATION_LAYER_ASSIGNMENT (  '', '', ( #5945 ) ) ;
#6821 = CARTESIAN_POINT ( 'NONE',  ( 1.590000000000000100, 11.70000000000000100, -15.45999999999999900 ) ) ;
#6822 = SURFACE_STYLE_FILL_AREA ( #5610 ) ;
#6823 = VERTEX_POINT ( 'NONE', #1596 ) ;
#6824 = DIRECTION ( 'NONE',  ( 0.7071067811865470200, 0.0000000000000000000, -0.7071067811865481300 ) ) ;
#6825 = CARTESIAN_POINT ( 'NONE',  ( 2.540000000000000900, 1.700000000000000000, -4.210000000000000000 ) ) ;
#6826 = CARTESIAN_POINT ( 'NONE',  ( -1.590000000000000300, -2.799999999999999400, -15.45999999999999900 ) ) ;
#6827 = UNCERTAINTY_MEASURE_WITH_UNIT (LENGTH_MEASURE( 1.000000000000000100E-005 ), #5055, 'distance_accuracy_value', 'NONE');
#6828 = PLANE ( 'NONE',  #8007 ) ;
#6829 = PLANE ( 'NONE',  #1892 ) ;
#6830 = LINE ( 'NONE', #6358, #5088 ) ;
#6831 = EDGE_CURVE ( 'NONE', #3033, #507, #586, .T. ) ;
#6832 = EDGE_CURVE ( 'NONE', #5581, #172, #5722, .T. ) ;
#6833 = CARTESIAN_POINT ( 'NONE',  ( 0.0000000000000000000, -2.799999999999999400, -15.24000000000000000 ) ) ;
#6834 = CARTESIAN_POINT ( 'NONE',  ( -1.490000000000000200, 11.70000000000000100, -12.38000000000000300 ) ) ;
#6835 = SURFACE_SIDE_STYLE ('',( #2276 ) ) ;
#6836 = VECTOR ( 'NONE', #145, 999.9999999999998900 ) ;
#6837 = ORIENTED_EDGE ( 'NONE', *, *, #6747, .F. ) ;
#6838 = COLOUR_RGB ( '',0.7960784313725489700, 0.8235294117647058400, 0.9372549019607843100 ) ;
#6839 = ORIENTED_EDGE ( 'NONE', *, *, #1818, .F. ) ;
#6840 = ADVANCED_FACE ( 'NONE', ( #366 ), #1616, .T. ) ;
#6841 = ORIENTED_EDGE ( 'NONE', *, *, #4671, .T. ) ;
#6842 = FILL_AREA_STYLE_COLOUR ( '', #5887 ) ;
#6843 = MECHANICAL_DESIGN_GEOMETRIC_PRESENTATION_REPRESENTATION (  '', ( #5523 ), #7266 ) ;
#6844 = FILL_AREA_STYLE_COLOUR ( '', #6624 ) ;
#6845 = COLOUR_RGB ( '',0.7960784313725489700, 0.8235294117647058400, 0.9372549019607843100 ) ;
#6846 = CARTESIAN_POINT ( 'NONE',  ( -1.590000000000000300, -2.799999999999999400, -10.38000000000000100 ) ) ;
#6847 =( NAMED_UNIT ( * ) SI_UNIT ( $, .STERADIAN. ) SOLID_ANGLE_UNIT ( ) );
#6848 = FILL_AREA_STYLE ('',( #4846 ) ) ;
#6849 = STYLED_ITEM ( 'NONE', ( #8119 ), #3617 ) ;
#6850 = PLANE ( 'NONE',  #1063 ) ;
#6851 = SURFACE_STYLE_USAGE ( .BOTH. , #2168 ) ;
#6853 = CARTESIAN_POINT ( 'NONE',  ( -1.590000000000000300, -2.799999999999999400, -7.400000000000000400 ) ) ;
#6852 = COLOUR_RGB ( '',0.7960784313725489700, 0.8235294117647058400, 0.9372549019607843100 ) ;
#6854 = UNCERTAINTY_MEASURE_WITH_UNIT (LENGTH_MEASURE( 1.000000000000000100E-005 ), #728, 'distance_accuracy_value', 'NONE');
#6855 = CARTESIAN_POINT ( 'NONE',  ( -1.050000000000000000, -2.799999999999999400, -7.940000000000001300 ) ) ;
#6856 = PRESENTATION_LAYER_ASSIGNMENT (  '', '', ( #5992 ) ) ;
#6857 = SURFACE_SIDE_STYLE ('',( #498 ) ) ;
#6858 = CARTESIAN_POINT ( 'NONE',  ( 2.140000000000000100, 0.0000000000000000000, -13.97000000000000100 ) ) ;
#6859 = VECTOR ( 'NONE', #4952, 1000.000000000000000 ) ;
#6860 = SURFACE_STYLE_USAGE ( .BOTH. , #2177 ) ;
#6861 = ORIENTED_EDGE ( 'NONE', *, *, #3378, .F. ) ;
#6862 = DIRECTION ( 'NONE',  ( -0.0000000000000000000, 1.000000000000000000, 0.0000000000000000000 ) ) ;
#6863 = DIRECTION ( 'NONE',  ( 0.7071067811865486800, 0.0000000000000000000, -0.7071067811865463500 ) ) ;
#6864 = ORIENTED_EDGE ( 'NONE', *, *, #7056, .F. ) ;
#6865 = PRESENTATION_STYLE_ASSIGNMENT (( #7009 ) ) ;
#6866 = ORIENTED_EDGE ( 'NONE', *, *, #1355, .T. ) ;
#6867 = LINE ( 'NONE', #1440, #8405 ) ;
#6868 = EDGE_CURVE ( 'NONE', #5278, #6704, #8387, .T. ) ;
#6869 = FACE_OUTER_BOUND ( 'NONE', #8537, .T. ) ;
#6870 = DIRECTION ( 'NONE',  ( 0.0000000000000000000, 0.0000000000000000000, 1.000000000000000000 ) ) ;
#6871 = DIRECTION ( 'NONE',  ( -0.7071067811865469100, -0.0000000000000000000, 0.7071067811865482400 ) ) ;
#6872 = PRESENTATION_LAYER_ASSIGNMENT (  '', '', ( #6004 ) ) ;
#6873 = EDGE_LOOP ( 'NONE', ( #3780, #3266, #4298, #3260 ) ) ;
#6874 = ORIENTED_EDGE ( 'NONE', *, *, #1737, .F. ) ;
#6875 = CARTESIAN_POINT ( 'NONE',  ( 1.590000000000000100, 11.70000000000000100, -0.2200000000000001400 ) ) ;
#6876 = PLANE ( 'NONE',  #4030 ) ;
#6877 = PRESENTATION_STYLE_ASSIGNMENT (( #7452 ) ) ;
#6878 = EDGE_LOOP ( 'NONE', ( #5132, #1439, #5138, #5953 ) ) ;
#6879 = EDGE_CURVE ( 'NONE', #7269, #2264, #4872, .T. ) ;
#6880 = LINE ( 'NONE', #451, #5139 ) ;
#6881 = LINE ( 'NONE', #6092, #8417 ) ;
#6882 = CARTESIAN_POINT ( 'NONE',  ( 1.490000000000000000, -2.799999999999999400, 0.3199999999999999000 ) ) ;
#6883 = AXIS2_PLACEMENT_3D ( 'NONE', #1803, #6486, #2481 ) ;
#6884 = CARTESIAN_POINT ( 'NONE',  ( 0.9499999999999999600, 11.70000000000000100, -12.92000000000000200 ) ) ;
#6885 = FILL_AREA_STYLE_COLOUR ( '', #4163 ) ;
#6886 = DIRECTION ( 'NONE',  ( 0.7071067811865474600, 0.0000000000000000000, 0.7071067811865474600 ) ) ;
#6887 = ADVANCED_FACE ( 'NONE', ( #6439 ), #7648, .F. ) ;
#6888 = ORIENTED_EDGE ( 'NONE', *, *, #46, .F. ) ;
#6889 = FACE_OUTER_BOUND ( 'NONE', #4726, .T. ) ;
#6890 = EDGE_CURVE ( 'NONE', #942, #997, #7556, .T. ) ;
#6891 = DIRECTION ( 'NONE',  ( 0.0000000000000000000, 1.000000000000000000, 0.0000000000000000000 ) ) ;
#6892 = FILL_AREA_STYLE_COLOUR ( '', #7506 ) ;
#6893 = ORIENTED_EDGE ( 'NONE', *, *, #5897, .T. ) ;
#6894 = SURFACE_SIDE_STYLE ('',( #7689 ) ) ;
#6895 =( LENGTH_UNIT ( ) NAMED_UNIT ( * ) SI_UNIT ( .MILLI., .METRE. ) );
#6896 = PRESENTATION_LAYER_ASSIGNMENT (  '', '', ( #6021 ) ) ;
#6897 = EDGE_CURVE ( 'NONE', #2333, #1415, #681, .T. ) ;
#6898 = ORIENTED_EDGE ( 'NONE', *, *, #223, .F. ) ;
#6899 = COLOUR_RGB ( '',0.0000000000000000000, 0.003921568627450980300, 0.09019607843137254800 ) ;
#6900 = ORIENTED_EDGE ( 'NONE', *, *, #6743, .F. ) ;
#6901 = LINE ( 'NONE', #4299, #1780 ) ;
#6902 = SURFACE_SIDE_STYLE ('',( #1478 ) ) ;
#6903 = EDGE_LOOP ( 'NONE', ( #5960, #386, #7647, #4062 ) ) ;
#6904 = DIRECTION ( 'NONE',  ( 0.7071067811865489100, 0.0000000000000000000, 0.7071067811865461300 ) ) ;
#6905 = STYLED_ITEM ( 'NONE', ( #3013 ), #3218 ) ;
#6906 = UNCERTAINTY_MEASURE_WITH_UNIT (LENGTH_MEASURE( 1.000000000000000100E-005 ), #7951, 'distance_accuracy_value', 'NONE');
#6907 = MECHANICAL_DESIGN_GEOMETRIC_PRESENTATION_REPRESENTATION (  '', ( #5579 ), #7325 ) ;
#6908 = CARTESIAN_POINT ( 'NONE',  ( -2.540000000000000000, 0.0000000000000000000, -5.983421052631579900 ) ) ;
#6909 = PRESENTATION_LAYER_ASSIGNMENT (  '', '', ( #6036 ) ) ;
#6910 = ORIENTED_EDGE ( 'NONE', *, *, #3728, .F. ) ;
#6911 = SURFACE_SIDE_STYLE ('',( #1509 ) ) ;
#6912 = CARTESIAN_POINT ( 'NONE',  ( 1.590000000000000100, 11.70000000000000100, -10.38000000000000100 ) ) ;
#6913 = PLANE ( 'NONE',  #7242 ) ;
#6914 = LINE ( 'NONE', #6858, #8447 ) ;
#6915 =( GEOMETRIC_REPRESENTATION_CONTEXT ( 3 ) GLOBAL_UNCERTAINTY_ASSIGNED_CONTEXT ( ( #4945 ) ) GLOBAL_UNIT_ASSIGNED_CONTEXT ( ( #3879, #8483, #4546 ) ) REPRESENTATION_CONTEXT ( 'NONE', 'WORKASPACE' ) );
#6916 = COLOUR_RGB ( '',0.7960784313725489700, 0.8235294117647058400, 0.9372549019607843100 ) ;
#6917 = EDGE_CURVE ( 'NONE', #6240, #4749, #5828, .T. ) ;
#6918 = SURFACE_STYLE_FILL_AREA ( #332 ) ;
#6919 = PLANE ( 'NONE',  #4819 ) ;
#6920 = FILL_AREA_STYLE ('',( #915 ) ) ;
#6921 =( LENGTH_UNIT ( ) NAMED_UNIT ( * ) SI_UNIT ( .MILLI., .METRE. ) );
#6922 = DIRECTION ( 'NONE',  ( 0.0000000000000000000, -1.000000000000000000, 0.0000000000000000000 ) ) ;
#6923 = CARTESIAN_POINT ( 'NONE',  ( -2.540000000000000000, 1.700000000000000000, -16.14342105263157700 ) ) ;
#6924 = ORIENTED_EDGE ( 'NONE', *, *, #4461, .F. ) ;
#6925 = STYLED_ITEM ( 'NONE', ( #5514 ), #1377 ) ;
#6926 = ADVANCED_FACE ( 'NONE', ( #467 ), #7152, .T. ) ;
#6927 = CARTESIAN_POINT ( 'NONE',  ( 0.9499999999999999600, -2.799999999999999400, -10.38000000000000100 ) ) ;
#6928 = LINE ( 'NONE', #4506, #1599 ) ;
#6929 =( NAMED_UNIT ( * ) SI_UNIT ( $, .STERADIAN. ) SOLID_ANGLE_UNIT ( ) );
#6930 = ORIENTED_EDGE ( 'NONE', *, *, #7507, .F. ) ;
#6931 = VECTOR ( 'NONE', #930, 1000.000000000000000 ) ;
#6932 = MECHANICAL_DESIGN_GEOMETRIC_PRESENTATION_REPRESENTATION (  '', ( #5603 ), #7351 ) ;
#6933 = CARTESIAN_POINT ( 'NONE',  ( -2.140000000000000600, 1.700000000000000000, -1.270000000000000000 ) ) ;
#6934 = FILL_AREA_STYLE ('',( #2912 ) ) ;
#6935 = DIRECTION ( 'NONE',  ( -0.7071067811865477900, -0.0000000000000000000, -0.7071067811865473500 ) ) ;
#6936 = LINE ( 'NONE', #4312, #1813 ) ;
#6937 =( NAMED_UNIT ( * ) PLANE_ANGLE_UNIT ( ) SI_UNIT ( $, .RADIAN. ) );
#6938 = COLOUR_RGB ( '',0.7960784313725489700, 0.8235294117647058400, 0.9372549019607843100 ) ;
#6939 = ORIENTED_EDGE ( 'NONE', *, *, #2146, .T. ) ;
#6940 = DIRECTION ( 'NONE',  ( 0.7071067811865486800, 0.0000000000000000000, -0.7071067811865463500 ) ) ;
#6941 = LINE ( 'NONE', #5413, #1608 ) ;
#6942 = EDGE_CURVE ( 'NONE', #3022, #4176, #6734, .T. ) ;
#6943 = FILL_AREA_STYLE ('',( #937 ) ) ;
#6944 = DIRECTION ( 'NONE',  ( 0.0000000000000000000, 1.000000000000000000, 0.0000000000000000000 ) ) ;
#6945 = EDGE_CURVE ( 'NONE', #7314, #1961, #4981, .T. ) ;
#6946 =( GEOMETRIC_REPRESENTATION_CONTEXT ( 3 ) GLOBAL_UNCERTAINTY_ASSIGNED_CONTEXT ( ( #2268 ) ) GLOBAL_UNIT_ASSIGNED_CONTEXT ( ( #916, #5594, #1578 ) ) REPRESENTATION_CONTEXT ( 'NONE', 'WORKASPACE' ) );
#6947 = EDGE_CURVE ( 'NONE', #6475, #5220, #1411, .T. ) ;
#6948 = VECTOR ( 'NONE', #1028, 1000.000000000000100 ) ;
#6949 = COLOUR_RGB ( '',0.7960784313725489700, 0.8235294117647058400, 0.9372549019607843100 ) ;
#6950 = CARTESIAN_POINT ( 'NONE',  ( -1.050000000000000000, 11.70000000000000100, -0.3200000000000000600 ) ) ;
#6951 = DIRECTION ( 'NONE',  ( -2.492418787322998300E-016, 0.0000000000000000000, -1.000000000000000000 ) ) ;
#6952 = ORIENTED_EDGE ( 'NONE', *, *, #4505, .T. ) ;
#6953 = DIRECTION ( 'NONE',  ( 0.7071067811865477900, 0.0000000000000000000, -0.7071067811865473500 ) ) ;
#6954 = CARTESIAN_POINT ( 'NONE',  ( 1.050000000000000000, -2.799999999999999400, -15.56000000000000000 ) ) ;
#6955 = VECTOR ( 'NONE', #4571, 1000.000000000000000 ) ;
#6956 = MECHANICAL_DESIGN_GEOMETRIC_PRESENTATION_REPRESENTATION (  '', ( #5628 ), #7376 ) ;
#6957 =( LENGTH_UNIT ( ) NAMED_UNIT ( * ) SI_UNIT ( .MILLI., .METRE. ) );
#6958 =( GEOMETRIC_REPRESENTATION_CONTEXT ( 3 ) GLOBAL_UNCERTAINTY_ASSIGNED_CONTEXT ( ( #1924 ) ) GLOBAL_UNIT_ASSIGNED_CONTEXT ( ( #4965, #962, #5640 ) ) REPRESENTATION_CONTEXT ( 'NONE', 'WORKASPACE' ) );
#6959 = STYLED_ITEM ( 'NONE', ( #6482 ), #2509 ) ;
#6960 = CARTESIAN_POINT ( 'NONE',  ( 0.9499999999999999600, -2.799999999999999400, -9.940000000000001300 ) ) ;
#6961 = SURFACE_STYLE_FILL_AREA ( #7038 ) ;
#6962 = UNCERTAINTY_MEASURE_WITH_UNIT (LENGTH_MEASURE( 1.000000000000000100E-005 ), #7924, 'distance_accuracy_value', 'NONE');
#6963 = STYLED_ITEM ( 'NONE', ( #4689 ), #6081 ) ;
#6964 = ORIENTED_EDGE ( 'NONE', *, *, #7967, .T. ) ;
#6965 = FILL_AREA_STYLE ('',( #2292 ) ) ;
#6966 = MECHANICAL_DESIGN_GEOMETRIC_PRESENTATION_REPRESENTATION (  '', ( #5642 ), #7394 ) ;
#6967 = VERTEX_POINT ( 'NONE', #5904 ) ;
#6968 = EDGE_CURVE ( 'NONE', #6685, #950, #1209, .T. ) ;
#6969 = SURFACE_SIDE_STYLE ('',( #7668 ) ) ;
#6970 = DIRECTION ( 'NONE',  ( -0.0000000000000000000, -0.0000000000000000000, -1.000000000000000000 ) ) ;
#6971 = SURFACE_STYLE_FILL_AREA ( #7872 ) ;
#6972 = CARTESIAN_POINT ( 'NONE',  ( -1.590000000000000300, -2.799999999999999400, -9.940000000000001300 ) ) ;
#6973 = VERTEX_POINT ( 'NONE', #1886 ) ;
#6974 = ADVANCED_FACE ( 'NONE', ( #2984 ), #1223, .F. ) ;
#6975 = VECTOR ( 'NONE', #4978, 999.9999999999998900 ) ;
#6976 = ORIENTED_EDGE ( 'NONE', *, *, #3349, .F. ) ;
#6977 = LINE ( 'NONE', #3798, #5232 ) ;
#6978 = ORIENTED_EDGE ( 'NONE', *, *, #193, .F. ) ;
#6979 = PLANE ( 'NONE',  #7467 ) ;
#6980 = ORIENTED_EDGE ( 'NONE', *, *, #8635, .F. ) ;
#6981 =( NAMED_UNIT ( * ) SI_UNIT ( $, .STERADIAN. ) SOLID_ANGLE_UNIT ( ) );
#6982 = CARTESIAN_POINT ( 'NONE',  ( -1.490000000000000200, -2.799999999999999400, -9.840000000000001600 ) ) ;
#6983 = DIRECTION ( 'NONE',  ( -0.0000000000000000000, -1.000000000000000000, -0.0000000000000000000 ) ) ;
#6984 = VERTEX_POINT ( 'NONE', #3245 ) ;
#6985 = DIRECTION ( 'NONE',  ( -0.7071067811865482400, 0.0000000000000000000, -0.7071067811865469100 ) ) ;
#6986 = DIRECTION ( 'NONE',  ( -0.7071067811865477900, 0.0000000000000000000, -0.7071067811865473500 ) ) ;
#6987 =( LENGTH_UNIT ( ) NAMED_UNIT ( * ) SI_UNIT ( .MILLI., .METRE. ) );
#6988 = VECTOR ( 'NONE', #2837, 1000.000000000000100 ) ;
#6989 = ORIENTED_EDGE ( 'NONE', *, *, #336, .T. ) ;
#6990 = ORIENTED_EDGE ( 'NONE', *, *, #5131, .T. ) ;
#6991 = STYLED_ITEM ( 'NONE', ( #1584 ), #140 ) ;
#6992 = ORIENTED_EDGE ( 'NONE', *, *, #3547, .T. ) ;
#6993 = LINE ( 'NONE', #5824, #1660 ) ;
#6994 = FILL_AREA_STYLE ('',( #986 ) ) ;
#6995 = DIRECTION ( 'NONE',  ( -0.7071067811865489100, 0.0000000000000000000, 0.7071067811865462400 ) ) ;
#6996 = AXIS2_PLACEMENT_3D ( 'NONE', #6608, #2620, #7262 ) ;
#6997 = FILL_AREA_STYLE ('',( #294 ) ) ;
#6998 = CARTESIAN_POINT ( 'NONE',  ( 1.590000000000000100, -2.799999999999999400, -12.92000000000000200 ) ) ;
#6999 = VERTEX_POINT ( 'NONE', #3275 ) ;
#7000 = FACE_OUTER_BOUND ( 'NONE', #723, .T. ) ;
#7001 = CARTESIAN_POINT ( 'NONE',  ( 1.590000000000000100, 11.70000000000000100, -4.860000000000000300 ) ) ;
#7002 = FACE_OUTER_BOUND ( 'NONE', #351, .T. ) ;
#7003 = EDGE_CURVE ( 'NONE', #1201, #798, #576, .T. ) ;
#7004 = DIRECTION ( 'NONE',  ( -0.7071067811865477900, -0.0000000000000000000, -0.7071067811865473500 ) ) ;
#7005 = FILL_AREA_STYLE ('',( #3709 ) ) ;
#7006 = VECTOR ( 'NONE', #7663, 999.9999999999998900 ) ;
#7007 = ORIENTED_EDGE ( 'NONE', *, *, #6165, .F. ) ;
#7008 = DIRECTION ( 'NONE',  ( 0.0000000000000000000, 0.0000000000000000000, 1.000000000000000000 ) ) ;
#7009 = SURFACE_STYLE_USAGE ( .BOTH. , #2336 ) ;
#7010 = PLANE ( 'NONE',  #7492 ) ;
#7011 = CARTESIAN_POINT ( 'NONE',  ( 2.140000000000000100, 0.0000000000000000000, -8.890000000000000600 ) ) ;
#7012 = PLANE ( 'NONE',  #7656 ) ;
#7013 = DIRECTION ( 'NONE',  ( 0.7372346670543746800, 0.0000000000000000000, -0.6756367705307528800 ) ) ;
#7014 = ORIENTED_EDGE ( 'NONE', *, *, #2645, .T. ) ;
#7015 = PRESENTATION_STYLE_ASSIGNMENT (( #781 ) ) ;
#7016 = VERTEX_POINT ( 'NONE', #602 ) ;
#7017 = UNCERTAINTY_MEASURE_WITH_UNIT (LENGTH_MEASURE( 1.000000000000000100E-005 ), #3700, 'distance_accuracy_value', 'NONE');
#7018 = LINE ( 'NONE', #8289, #6803 ) ;
#7019 = ADVANCED_FACE ( 'NONE', ( #2127 ), #7236, .T. ) ;
#7020 = DIRECTION ( 'NONE',  ( -1.000000000000000000, -0.0000000000000000000, -0.0000000000000000000 ) ) ;
#7021 = COLOUR_RGB ( '',0.0000000000000000000, 0.003921568627450980300, 0.09019607843137254800 ) ;
#7022 = FILL_AREA_STYLE ('',( #2348 ) ) ;
#7023 = CARTESIAN_POINT ( 'NONE',  ( -1.590000000000000300, 11.70000000000000100, -7.400000000000000400 ) ) ;
#7024 = SURFACE_STYLE_USAGE ( .BOTH. , #2354 ) ;
#7025 = LINE ( 'NONE', #117, #8554 ) ;
#7026 =( NAMED_UNIT ( * ) SI_UNIT ( $, .STERADIAN. ) SOLID_ANGLE_UNIT ( ) );
#7027 =( GEOMETRIC_REPRESENTATION_CONTEXT ( 3 ) GLOBAL_UNCERTAINTY_ASSIGNED_CONTEXT ( ( #3781 ) ) GLOBAL_UNIT_ASSIGNED_CONTEXT ( ( #8098, #4173, #132 ) ) REPRESENTATION_CONTEXT ( 'NONE', 'WORKASPACE' ) );
#7028 = DIRECTION ( 'NONE',  ( -0.7071067811865481300, 0.0000000000000000000, -0.7071067811865470200 ) ) ;
#7029 = CARTESIAN_POINT ( 'NONE',  ( 1.050000000000000000, -2.799999999999999400, -12.38000000000000300 ) ) ;
#7030 = ORIENTED_EDGE ( 'NONE', *, *, #3473, .F. ) ;
#7031 = AXIS2_PLACEMENT_3D ( 'NONE', #2842, #7469, #3514 ) ;
#7032 = VERTEX_POINT ( 'NONE', #3303 ) ;
#7033 = FILL_AREA_STYLE ('',( #1036 ) ) ;
#7034 = CARTESIAN_POINT ( 'NONE',  ( -0.9499999999999999600, -2.799999999999999400, -4.860000000000000300 ) ) ;
#7035 = DIRECTION ( 'NONE',  ( 0.7071067811865489100, 0.0000000000000000000, 0.7071067811865461300 ) ) ;
#7036 = DIRECTION ( 'NONE',  ( -0.7071067811865470200, 0.0000000000000000000, -0.7071067811865481300 ) ) ;
#7037 = EDGE_CURVE ( 'NONE', #5573, #3598, #6531, .T. ) ;
#7038 = FILL_AREA_STYLE ('',( #8324 ) ) ;
#7039 =( NAMED_UNIT ( * ) PLANE_ANGLE_UNIT ( ) SI_UNIT ( $, .RADIAN. ) );
#7040 = SURFACE_STYLE_USAGE ( .BOTH. , #2377 ) ;
#7041 = UNCERTAINTY_MEASURE_WITH_UNIT (LENGTH_MEASURE( 1.000000000000000100E-005 ), #8467, 'distance_accuracy_value', 'NONE');
#7042 =( NAMED_UNIT ( * ) SI_UNIT ( $, .STERADIAN. ) SOLID_ANGLE_UNIT ( ) );
#7043 = CARTESIAN_POINT ( 'NONE',  ( -1.490000000000000200, 11.70000000000000100, -2.220000000000000200 ) ) ;
#7044 = VECTOR ( 'NONE', #7767, 1000.000000000000000 ) ;
#7045 = VERTEX_POINT ( 'NONE', #5332 ) ;
#7046 = STYLED_ITEM ( 'NONE', ( #3356 ), #4880 ) ;
#7047 = LINE ( 'NONE', #4519, #5099 ) ;
#7048 = VECTOR ( 'NONE', #2228, 1000.000000000000000 ) ;
#7049 = DIRECTION ( 'NONE',  ( 0.0000000000000000000, -0.0000000000000000000, 1.000000000000000000 ) ) ;
#7051 = DIRECTION ( 'NONE',  ( -0.0000000000000000000, -1.000000000000000000, -0.0000000000000000000 ) ) ;
#7050 = SURFACE_STYLE_FILL_AREA ( #7956 ) ;
#7052 =( NAMED_UNIT ( * ) PLANE_ANGLE_UNIT ( ) SI_UNIT ( $, .RADIAN. ) );
#7053 = ADVANCED_FACE ( 'NONE', ( #3302 ), #6000, .F. ) ;
#7054 = FACE_OUTER_BOUND ( 'NONE', #2975, .T. ) ;
#7055 = AXIS2_PLACEMENT_3D ( 'NONE', #3974, #8584, #4640 ) ;
#7056 = EDGE_CURVE ( 'NONE', #4417, #8473, #6026, .T. ) ;
#7057 = CARTESIAN_POINT ( 'NONE',  ( -2.539999999999999600, 1.700000000000000000, -9.323421052631580600 ) ) ;
#7058 = CARTESIAN_POINT ( 'NONE',  ( -1.050000000000000000, -2.799999999999999400, -2.220000000000000200 ) ) ;
#7059 = LINE ( 'NONE', #6461, #156 ) ;
#7060 =( NAMED_UNIT ( * ) SI_UNIT ( $, .STERADIAN. ) SOLID_ANGLE_UNIT ( ) );
#7061 = SURFACE_STYLE_FILL_AREA ( #5781 ) ;
#7062 = CARTESIAN_POINT ( 'NONE',  ( -1.590000000000000300, -2.799999999999999400, 0.2199999999999998100 ) ) ;
#7063 = SURFACE_STYLE_USAGE ( .BOTH. , #2407 ) ;
#7064 = COLOUR_RGB ( '',0.0000000000000000000, 0.003921568627450980300, 0.09019607843137254800 ) ;
#7065 = VERTEX_POINT ( 'NONE', #6670 ) ;
#7066 = STYLED_ITEM ( 'NONE', ( #7735 ), #8309 ) ;
#7067 = FILL_AREA_STYLE ('',( #437 ) ) ;
#7068 = LINE ( 'NONE', #7513, #1743 ) ;
#7069 = UNCERTAINTY_MEASURE_WITH_UNIT (LENGTH_MEASURE( 1.000000000000000100E-005 ), #3011, 'distance_accuracy_value', 'NONE');
#7070 = CARTESIAN_POINT ( 'NONE',  ( 2.140000000000001500, 0.0000000000000000000, -8.890000000000000600 ) ) ;
#7071 =( NAMED_UNIT ( * ) PLANE_ANGLE_UNIT ( ) SI_UNIT ( $, .RADIAN. ) );
#7072 = PLANE ( 'NONE',  #6099 ) ;
#7073 = ORIENTED_EDGE ( 'NONE', *, *, #1093, .F. ) ;
#7074 = MECHANICAL_DESIGN_GEOMETRIC_PRESENTATION_REPRESENTATION (  '', ( #5760 ), #7505 ) ;
#7075 = LINE ( 'NONE', #2759, #8611 ) ;
#7076 = LINE ( 'NONE', #4940, #1953 ) ;
#7077 = EDGE_CURVE ( 'NONE', #6204, #6967, #894, .T. ) ;
#7078 = EDGE_CURVE ( 'NONE', #3010, #3351, #7764, .T. ) ;
#7079 = ORIENTED_EDGE ( 'NONE', *, *, #7077, .F. ) ;
#7080 = FILL_AREA_STYLE ('',( #6420 ) ) ;
#7081 = SURFACE_STYLE_USAGE ( .BOTH. , #7417 ) ;
#7082 = CARTESIAN_POINT ( 'NONE',  ( -1.050000000000000000, -2.799999999999999400, -5.400000000000000400 ) ) ;
#7083 = VECTOR ( 'NONE', #3775, 1000.000000000000000 ) ;
#7084 = ORIENTED_EDGE ( 'NONE', *, *, #7509, .T. ) ;
#7085 = EDGE_LOOP ( 'NONE', ( #1658, #6978, #6839, #6279 ) ) ;
#7086 = VECTOR ( 'NONE', #7180, 1000.000000000000100 ) ;
#7087 =( GEOMETRIC_REPRESENTATION_CONTEXT ( 3 ) GLOBAL_UNCERTAINTY_ASSIGNED_CONTEXT ( ( #3930 ) ) GLOBAL_UNIT_ASSIGNED_CONTEXT ( ( #4097, #61, #4753 ) ) REPRESENTATION_CONTEXT ( 'NONE', 'WORKASPACE' ) );
#7088 = DIRECTION ( 'NONE',  ( 1.000000000000000000, 0.0000000000000000000, 0.0000000000000000000 ) ) ;
#7089 =( NAMED_UNIT ( * ) SI_UNIT ( $, .STERADIAN. ) SOLID_ANGLE_UNIT ( ) );
#7090 = ORIENTED_EDGE ( 'NONE', *, *, #3949, .F. ) ;
#7091 = VECTOR ( 'NONE', #44, 1000.000000000000000 ) ;
#7092 =( NAMED_UNIT ( * ) PLANE_ANGLE_UNIT ( ) SI_UNIT ( $, .RADIAN. ) );
#7093 = COLOUR_RGB ( '',0.7960784313725489700, 0.8235294117647058400, 0.9372549019607843100 ) ;
#7094 = PRESENTATION_LAYER_ASSIGNMENT (  '', '', ( #6218 ) ) ;
#7095 = ADVANCED_FACE ( 'NONE', ( #5821 ), #7972, .F. ) ;
#7096 = VECTOR ( 'NONE', #7171, 1000.000000000000000 ) ;
#7097 = ORIENTED_EDGE ( 'NONE', *, *, #7209, .F. ) ;
#7098 = CARTESIAN_POINT ( 'NONE',  ( 0.9499999999999999600, -2.799999999999999400, -2.760000000000000200 ) ) ;
#7099 = DIRECTION ( 'NONE',  ( 0.7071067811865477900, 0.0000000000000000000, -0.7071067811865473500 ) ) ;
#7100 = VERTEX_POINT ( 'NONE', #6055 ) ;
#7101 = CARTESIAN_POINT ( 'NONE',  ( 1.590000000000000100, -2.799999999999999400, -0.2200000000000001400 ) ) ;
#7102 = EDGE_CURVE ( 'NONE', #1139, #3154, #6941, .T. ) ;
#7103 = COLOUR_RGB ( '',0.7960784313725489700, 0.8235294117647058400, 0.9372549019607843100 ) ;
#7104 = VERTEX_POINT ( 'NONE', #6086 ) ;
#7105 = VECTOR ( 'NONE', #6220, 1000.000000000000100 ) ;
#7106 = EDGE_CURVE ( 'NONE', #1961, #7269, #3403, .T. ) ;
#7107 = ORIENTED_EDGE ( 'NONE', *, *, #4881, .F. ) ;
#7108 = EDGE_CURVE ( 'NONE', #3674, #8305, #5199, .T. ) ;
#7109 = CARTESIAN_POINT ( 'NONE',  ( 1.490000000000000000, -2.799999999999999400, -14.92000000000000200 ) ) ;
#7110 = DIRECTION ( 'NONE',  ( 0.0000000000000000000, 1.000000000000000000, 0.0000000000000000000 ) ) ;
#7111 =( NAMED_UNIT ( * ) SI_UNIT ( $, .STERADIAN. ) SOLID_ANGLE_UNIT ( ) );
#7112 = ORIENTED_EDGE ( 'NONE', *, *, #604, .T. ) ;
#7113 = SURFACE_STYLE_USAGE ( .BOTH. , #2457 ) ;
#7114 = SURFACE_STYLE_USAGE ( .BOTH. , #2458 ) ;
#7115 = UNCERTAINTY_MEASURE_WITH_UNIT (LENGTH_MEASURE( 1.000000000000000100E-005 ), #866, 'distance_accuracy_value', 'NONE');
#7116 = PRESENTATION_LAYER_ASSIGNMENT (  '', '', ( #6244 ) ) ;
#7117 = CARTESIAN_POINT ( 'NONE',  ( 1.050000000000000000, -2.799999999999999400, -9.840000000000001600 ) ) ;
#7118 = SURFACE_STYLE_USAGE ( .BOTH. , #2462 ) ;
#7119 = MECHANICAL_DESIGN_GEOMETRIC_PRESENTATION_REPRESENTATION (  '', ( #6246 ), #7552 ) ;
#7120 = ORIENTED_EDGE ( 'NONE', *, *, #5161, .T. ) ;
#7121 = SURFACE_SIDE_STYLE ('',( #3998 ) ) ;
#7122 =( NAMED_UNIT ( * ) SI_UNIT ( $, .STERADIAN. ) SOLID_ANGLE_UNIT ( ) );
#7123 = ORIENTED_EDGE ( 'NONE', *, *, #4246, .F. ) ;
#7124 = PRESENTATION_LAYER_ASSIGNMENT (  '', '', ( #6255 ) ) ;
#7125 = SURFACE_SIDE_STYLE ('',( #1360 ) ) ;
#7126 = ORIENTED_EDGE ( 'NONE', *, *, #2873, .T. ) ;
#7127 = FILL_AREA_STYLE ('',( #8181 ) ) ;
#7128 = ADVANCED_FACE ( 'NONE', ( #3188 ), #3413, .F. ) ;
#7129 =( GEOMETRIC_REPRESENTATION_CONTEXT ( 3 ) GLOBAL_UNCERTAINTY_ASSIGNED_CONTEXT ( ( #2074 ) ) GLOBAL_UNIT_ASSIGNED_CONTEXT ( ( #1935, #6613, #2624 ) ) REPRESENTATION_CONTEXT ( 'NONE', 'WORKASPACE' ) );
#7130 = CARTESIAN_POINT ( 'NONE',  ( -0.9499999999999999600, -2.799999999999999400, -15.45999999999999900 ) ) ;
#7131 = CARTESIAN_POINT ( 'NONE',  ( -1.490000000000000000, 11.70000000000000100, -13.02000000000000100 ) ) ;
#7132 = ORIENTED_EDGE ( 'NONE', *, *, #193, .T. ) ;
#7133 =( NAMED_UNIT ( * ) SI_UNIT ( $, .STERADIAN. ) SOLID_ANGLE_UNIT ( ) );
#7134 = FILL_AREA_STYLE_COLOUR ( '', #1034 ) ;
#7135 = STYLED_ITEM ( 'NONE', ( #8364 ), #1898 ) ;
#7136 = VECTOR ( 'NONE', #6095, 1000.000000000000000 ) ;
#7137 = VECTOR ( 'NONE', #3052, 1000.000000000000000 ) ;
#7138 = ORIENTED_EDGE ( 'NONE', *, *, #5674, .T. ) ;
#7139 =( NAMED_UNIT ( * ) PLANE_ANGLE_UNIT ( ) SI_UNIT ( $, .RADIAN. ) );
#7140 = CARTESIAN_POINT ( 'NONE',  ( 1.490000000000000000, -2.799999999999999400, -7.940000000000001300 ) ) ;
#7141 = FILL_AREA_STYLE_COLOUR ( '', #4427 ) ;
#7142 = CARTESIAN_POINT ( 'NONE',  ( -2.540000000000000000, 1.700000000000000000, -8.523421052631579900 ) ) ;
#7143 = LINE ( 'NONE', #1863, #2031 ) ;
#7144 = LINE ( 'NONE', #1833, #5412 ) ;
#7145 = EDGE_CURVE ( 'NONE', #5268, #4317, #4359, .T. ) ;
#7146 = SURFACE_STYLE_FILL_AREA ( #2043 ) ;
#7147 = SURFACE_STYLE_USAGE ( .BOTH. , #2506 ) ;
#7148 = VECTOR ( 'NONE', #6621, 1000.000000000000100 ) ;
#7149 = EDGE_LOOP ( 'NONE', ( #2689, #3637, #8528, #8032 ) ) ;
#7150 = LINE ( 'NONE', #7664, #57 ) ;
#7151 = LINE ( 'NONE', #8262, #267 ) ;
#7152 = PLANE ( 'NONE',  #3122 ) ;
#7153 =( GEOMETRIC_REPRESENTATION_CONTEXT ( 3 ) GLOBAL_UNCERTAINTY_ASSIGNED_CONTEXT ( ( #895 ) ) GLOBAL_UNIT_ASSIGNED_CONTEXT ( ( #5624, #1605, #6297 ) ) REPRESENTATION_CONTEXT ( 'NONE', 'WORKASPACE' ) );
#7154 = ORIENTED_EDGE ( 'NONE', *, *, #7722, .T. ) ;
#7155 =( NAMED_UNIT ( * ) SI_UNIT ( $, .STERADIAN. ) SOLID_ANGLE_UNIT ( ) );
#7156 = DIRECTION ( 'NONE',  ( -0.7071067811865489100, -0.0000000000000000000, -0.7071067811865461300 ) ) ;
#7157 = PLANE ( 'NONE',  #5282 ) ;
#7158 = EDGE_LOOP ( 'NONE', ( #6446, #2720, #5591, #5447 ) ) ;
#7159 = FILL_AREA_STYLE ('',( #6515 ) ) ;
#7160 = CARTESIAN_POINT ( 'NONE',  ( 1.050000000000000000, -2.799999999999999400, -7.940000000000001300 ) ) ;
#7161 = SURFACE_STYLE_FILL_AREA ( #6463 ) ;
#7162 = FILL_AREA_STYLE_COLOUR ( '', #5530 ) ;
#7163 = PRESENTATION_LAYER_ASSIGNMENT (  '', '', ( #6303 ) ) ;
#7164 = COLOUR_RGB ( '',0.7960784313725489700, 0.8235294117647058400, 0.9372549019607843100 ) ;
#7165 = ORIENTED_EDGE ( 'NONE', *, *, #5355, .F. ) ;
#7166 = FILL_AREA_STYLE_COLOUR ( '', #2935 ) ;
#7167 = ORIENTED_EDGE ( 'NONE', *, *, #1537, .T. ) ;
#7168 = PLANE ( 'NONE',  #6472 ) ;
#7169 = EDGE_LOOP ( 'NONE', ( #8607, #599, #3730, #3073 ) ) ;
#7170 =( GEOMETRIC_REPRESENTATION_CONTEXT ( 3 ) GLOBAL_UNCERTAINTY_ASSIGNED_CONTEXT ( ( #4027 ) ) GLOBAL_UNIT_ASSIGNED_CONTEXT ( ( #6072, #2033, #6712 ) ) REPRESENTATION_CONTEXT ( 'NONE', 'WORKASPACE' ) );
#7171 = DIRECTION ( 'NONE',  ( 0.0000000000000000000, 1.000000000000000000, 0.0000000000000000000 ) ) ;
#7172 = AXIS2_PLACEMENT_3D ( 'NONE', #2662, #7299, #3336 ) ;
#7173 = PLANE ( 'NONE',  #2779 ) ;
#7174 = PRESENTATION_STYLE_ASSIGNMENT (( #2853 ) ) ;
#7175 = EDGE_LOOP ( 'NONE', ( #155, #6687, #1954, #371 ) ) ;
#7176 = STYLED_ITEM ( 'NONE', ( #5306 ), #6622 ) ;
#7177 = ORIENTED_EDGE ( 'NONE', *, *, #1026, .T. ) ;
#7178 = ORIENTED_EDGE ( 'NONE', *, *, #3600, .T. ) ;
#7179 = EDGE_CURVE ( 'NONE', #7982, #3979, #779, .T. ) ;
#7180 = DIRECTION ( 'NONE',  ( -0.7071067811865489100, -0.0000000000000000000, -0.7071067811865461300 ) ) ;
#7181 = SURFACE_STYLE_FILL_AREA ( #7280 ) ;
#7182 = EDGE_LOOP ( 'NONE', ( #126, #6496, #732, #6646 ) ) ;
#7183 = CARTESIAN_POINT ( 'NONE',  ( -1.490000000000000200, -2.799999999999999400, -14.92000000000000200 ) ) ;
#7184 = DIRECTION ( 'NONE',  ( -1.000000000000000000, 0.0000000000000000000, -1.232047923278982000E-016 ) ) ;
#7185 = VECTOR ( 'NONE', #503, 1000.000000000000000 ) ;
#7186 = EDGE_CURVE ( 'NONE', #6213, #280, #2552, .T. ) ;
#7187 = VECTOR ( 'NONE', #1121, 1000.000000000000000 ) ;
#7188 = PRESENTATION_LAYER_ASSIGNMENT (  '', '', ( #6321 ) ) ;
#7189 = DIRECTION ( 'NONE',  ( -0.7071067811865469100, -0.0000000000000000000, 0.7071067811865482400 ) ) ;
#7190 = AXIS2_PLACEMENT_3D ( 'NONE', #5065, #1050, #5725 ) ;
#7191 = PLANE ( 'NONE',  #2716 ) ;
#7192 = CARTESIAN_POINT ( 'NONE',  ( -2.539999999999999600, 1.700000000000000000, -11.86342105263158000 ) ) ;
#7193 = CARTESIAN_POINT ( 'NONE',  ( -2.140000000000000600, 1.700000000000000000, -8.890000000000000600 ) ) ;
#7194 = DIRECTION ( 'NONE',  ( -1.000000000000000000, 0.0000000000000000000, -0.0000000000000000000 ) ) ;
#7195 = CARTESIAN_POINT ( 'NONE',  ( 0.0000000000000000000, 11.70000000000000100, -5.080000000000000100 ) ) ;
#7196 = LINE ( 'NONE', #6413, #8330 ) ;
#7197 = ORIENTED_EDGE ( 'NONE', *, *, #7421, .T. ) ;
#7198 = ORIENTED_EDGE ( 'NONE', *, *, #2893, .F. ) ;
#7199 = LINE ( 'NONE', #5196, #3899 ) ;
#7200 = DIRECTION ( 'NONE',  ( 0.0000000000000000000, 0.0000000000000000000, 1.000000000000000000 ) ) ;
#7201 = DIRECTION ( 'NONE',  ( 0.0000000000000000000, 0.0000000000000000000, 1.000000000000000000 ) ) ;
#7202 = COLOUR_RGB ( '',0.7960784313725489700, 0.8235294117647058400, 0.9372549019607843100 ) ;
#7203 = SURFACE_STYLE_USAGE ( .BOTH. , #2548 ) ;
#7204 = DIRECTION ( 'NONE',  ( 0.7071067811865486800, 0.0000000000000000000, 0.7071067811865464600 ) ) ;
#7205 = EDGE_CURVE ( 'NONE', #3887, #1511, #7649, .T. ) ;
#7206 = VERTEX_POINT ( 'NONE', #4165 ) ;
#7207 = LINE ( 'NONE', #2257, #3710 ) ;
#7208 = STYLED_ITEM ( 'NONE', ( #2618 ), #625 ) ;
#7209 = EDGE_CURVE ( 'NONE', #6551, #4150, #4151, .T. ) ;
#7210 = ORIENTED_EDGE ( 'NONE', *, *, #1739, .T. ) ;
#7211 = UNCERTAINTY_MEASURE_WITH_UNIT (LENGTH_MEASURE( 1.000000000000000100E-005 ), #4565, 'distance_accuracy_value', 'NONE');
#7212 = PLANE ( 'NONE',  #3453 ) ;
#7213 = DIRECTION ( 'NONE',  ( -0.7071067811865489100, 0.0000000000000000000, 0.7071067811865462400 ) ) ;
#7214 = PLANE ( 'NONE',  #7905 ) ;
#7215 =( NAMED_UNIT ( * ) PLANE_ANGLE_UNIT ( ) SI_UNIT ( $, .RADIAN. ) );
#7216 = SURFACE_SIDE_STYLE ('',( #1217 ) ) ;
#7217 = PLANE ( 'NONE',  #4533 ) ;
#7218 = ADVANCED_FACE ( 'NONE', ( #570 ), #2131, .T. ) ;
#7219 = STYLED_ITEM ( 'NONE', ( #166 ), #5546 ) ;
#7220 =( GEOMETRIC_REPRESENTATION_CONTEXT ( 3 ) GLOBAL_UNCERTAINTY_ASSIGNED_CONTEXT ( ( #1907 ) ) GLOBAL_UNIT_ASSIGNED_CONTEXT ( ( #4031, #8639, #4686 ) ) REPRESENTATION_CONTEXT ( 'NONE', 'WORKASPACE' ) );
#7221 = ORIENTED_EDGE ( 'NONE', *, *, #3648, .T. ) ;
#7222 = CARTESIAN_POINT ( 'NONE',  ( -2.019999999999999600, 0.2999999999999999900, -16.51000000000000200 ) ) ;
#7223 = PRESENTATION_LAYER_ASSIGNMENT (  '', '', ( #6364 ) ) ;
#7224 =( LENGTH_UNIT ( ) NAMED_UNIT ( * ) SI_UNIT ( .MILLI., .METRE. ) );
#7225 =( NAMED_UNIT ( * ) PLANE_ANGLE_UNIT ( ) SI_UNIT ( $, .RADIAN. ) );
#7226 = EDGE_CURVE ( 'NONE', #7309, #8298, #1503, .T. ) ;
#7227 = VECTOR ( 'NONE', #1339, 1000.000000000000000 ) ;
#7228 = SURFACE_SIDE_STYLE ('',( #6382 ) ) ;
#7229 = EDGE_CURVE ( 'NONE', #8531, #1075, #8369, .T. ) ;
#7230 = ORIENTED_EDGE ( 'NONE', *, *, #2501, .T. ) ;
#7231 = CLOSED_SHELL ( 'NONE', ( #5720, #3353, #1898, #6324, #5678, #7388, #4247, #3311, #1800, #2425 ) ) ;
#7232 = COLOUR_RGB ( '',0.7960784313725489700, 0.8235294117647058400, 0.9372549019607843100 ) ;
#7233 = DIRECTION ( 'NONE',  ( 0.0000000000000000000, 1.000000000000000000, 0.0000000000000000000 ) ) ;
#7234 = MECHANICAL_DESIGN_GEOMETRIC_PRESENTATION_REPRESENTATION (  '', ( #5930 ), #7691 ) ;
#7235 = ORIENTED_EDGE ( 'NONE', *, *, #3205, .T. ) ;
#7236 = PLANE ( 'NONE',  #8449 ) ;
#7237 = CARTESIAN_POINT ( 'NONE',  ( -1.490000000000000200, -2.799999999999999400, -9.840000000000001600 ) ) ;
#7238 =( NAMED_UNIT ( * ) SI_UNIT ( $, .STERADIAN. ) SOLID_ANGLE_UNIT ( ) );
#7239 = VECTOR ( 'NONE', #3661, 1000.000000000000000 ) ;
#7240 = SURFACE_STYLE_USAGE ( .BOTH. , #2596 ) ;
#7241 =( NAMED_UNIT ( * ) SI_UNIT ( $, .STERADIAN. ) SOLID_ANGLE_UNIT ( ) );
#7242 = AXIS2_PLACEMENT_3D ( 'NONE', #939, #5613, #1598 ) ;
#7243 = VECTOR ( 'NONE', #279, 1000.000000000000100 ) ;
#7244 =( GEOMETRIC_REPRESENTATION_CONTEXT ( 3 ) GLOBAL_UNCERTAINTY_ASSIGNED_CONTEXT ( ( #2105 ) ) GLOBAL_UNIT_ASSIGNED_CONTEXT ( ( #5063, #3774, #2378 ) ) REPRESENTATION_CONTEXT ( 'NONE', 'WORKASPACE' ) );
#7245 = DIRECTION ( 'NONE',  ( -0.0000000000000000000, -1.000000000000000000, -0.0000000000000000000 ) ) ;
#7246 = COLOUR_RGB ( '',0.7960784313725489700, 0.8235294117647058400, 0.9372549019607843100 ) ;
#7247 = DIRECTION ( 'NONE',  ( 0.7071067811865463500, -0.0000000000000000000, 0.7071067811865487900 ) ) ;
#7248 = UNCERTAINTY_MEASURE_WITH_UNIT (LENGTH_MEASURE( 1.000000000000000100E-005 ), #6120, 'distance_accuracy_value', 'NONE');
#7249 = MECHANICAL_DESIGN_GEOMETRIC_PRESENTATION_REPRESENTATION (  '', ( #5945 ), #7714 ) ;
#7250 = MANIFOLD_SOLID_BREP ( 'Boss-Extrude2[1]', #7231 ) ;
#7251 = COLOUR_RGB ( '',0.7960784313725489700, 0.8235294117647058400, 0.9372549019607843100 ) ;
#7252 = SURFACE_SIDE_STYLE ('',( #4807 ) ) ;
#7253 = FACE_OUTER_BOUND ( 'NONE', #6323, .T. ) ;
#7254 = CARTESIAN_POINT ( 'NONE',  ( 2.140000000000001500, 0.0000000000000000000, -1.270000000000000000 ) ) ;
#7255 =( NAMED_UNIT ( * ) PLANE_ANGLE_UNIT ( ) SI_UNIT ( $, .RADIAN. ) );
#7256 = EDGE_CURVE ( 'NONE', #2650, #18, #4252, .T. ) ;
#7257 = EDGE_CURVE ( 'NONE', #7515, #3187, #6017, .T. ) ;
#7258 = UNCERTAINTY_MEASURE_WITH_UNIT (LENGTH_MEASURE( 1.000000000000000100E-005 ), #5240, 'distance_accuracy_value', 'NONE');
#7259 = CLOSED_SHELL ( 'NONE', ( #8464, #4974, #7475, #4026, #6501, #4376, #896, #45, #4466, #5546 ) ) ;
#7260 = SURFACE_STYLE_FILL_AREA ( #527 ) ;
#7261 = ADVANCED_FACE ( 'NONE', ( #4039 ), #3568, .T. ) ;
#7262 = DIRECTION ( 'NONE',  ( 0.0000000000000000000, 0.0000000000000000000, 1.000000000000000000 ) ) ;
#7263 = SURFACE_SIDE_STYLE ('',( #3126 ) ) ;
#7264 = ORIENTED_EDGE ( 'NONE', *, *, #6879, .F. ) ;
#7265 = CARTESIAN_POINT ( 'NONE',  ( -1.050000000000000000, -2.799999999999999400, -7.299999999999999800 ) ) ;
#7266 =( GEOMETRIC_REPRESENTATION_CONTEXT ( 3 ) GLOBAL_UNCERTAINTY_ASSIGNED_CONTEXT ( ( #4159 ) ) GLOBAL_UNIT_ASSIGNED_CONTEXT ( ( #6614, #2627, #7267 ) ) REPRESENTATION_CONTEXT ( 'NONE', 'WORKASPACE' ) );
#7267 =( NAMED_UNIT ( * ) SI_UNIT ( $, .STERADIAN. ) SOLID_ANGLE_UNIT ( ) );
#7268 = DIRECTION ( 'NONE',  ( 0.0000000000000000000, 1.000000000000000000, 0.0000000000000000000 ) ) ;
#7269 = VERTEX_POINT ( 'NONE', #6875 ) ;
#7270 =( NAMED_UNIT ( * ) SI_UNIT ( $, .STERADIAN. ) SOLID_ANGLE_UNIT ( ) );
#7271 = ORIENTED_EDGE ( 'NONE', *, *, #7720, .T. ) ;
#7272 = AXIS2_PLACEMENT_3D ( 'NONE', #2801, #7437, #3481 ) ;
#7273 = FACE_OUTER_BOUND ( 'NONE', #2014, .T. ) ;
#7274 = ORIENTED_EDGE ( 'NONE', *, *, #7593, .F. ) ;
#7275 = PRESENTATION_STYLE_ASSIGNMENT (( #7959 ) ) ;
#7276 = EDGE_LOOP ( 'NONE', ( #2660, #1921, #2611, #7221 ) ) ;
#7277 =( NAMED_UNIT ( * ) PLANE_ANGLE_UNIT ( ) SI_UNIT ( $, .RADIAN. ) );
#7278 = CARTESIAN_POINT ( 'NONE',  ( -1.050000000000000000, -2.799999999999999400, -14.92000000000000200 ) ) ;
#7279 = PRESENTATION_STYLE_ASSIGNMENT (( #6096 ) ) ;
#7280 = FILL_AREA_STYLE ('',( #6634 ) ) ;
#7281 = STYLED_ITEM ( 'NONE', ( #678 ), #5944 ) ;
#7282 = MECHANICAL_DESIGN_GEOMETRIC_PRESENTATION_REPRESENTATION (  '', ( #5992 ), #7747 ) ;
#7283 = VECTOR ( 'NONE', #7839, 1000.000000000000000 ) ;
#7284 = FACE_OUTER_BOUND ( 'NONE', #4504, .T. ) ;
#7285 = EDGE_LOOP ( 'NONE', ( #8516, #2258, #7375, #4029 ) ) ;
#7286 = LINE ( 'NONE', #5757, #3789 ) ;
#7287 = CARTESIAN_POINT ( 'NONE',  ( -2.139999999999999700, 0.0000000000000000000, 1.270000000000000000 ) ) ;
#7288 = SURFACE_STYLE_FILL_AREA ( #3516 ) ;
#7289 = SURFACE_SIDE_STYLE ('',( #1512 ) ) ;
#7290 = CARTESIAN_POINT ( 'NONE',  ( -2.540000000000000000, 1.700000000000000000, -16.14342105263157700 ) ) ;
#7291 = EDGE_CURVE ( 'NONE', #8214, #377, #5192, .T. ) ;
#7292 = ORIENTED_EDGE ( 'NONE', *, *, #7102, .T. ) ;
#7293 = LINE ( 'NONE', #180, #421 ) ;
#7294 = MECHANICAL_DESIGN_GEOMETRIC_PRESENTATION_REPRESENTATION (  '', ( #6004 ), #7756 ) ;
#7295 = SURFACE_SIDE_STYLE ('',( #8219 ) ) ;
#7296 = DIRECTION ( 'NONE',  ( 0.0000000000000000000, -0.0000000000000000000, -1.000000000000000000 ) ) ;
#7297 = VERTEX_POINT ( 'NONE', #8209 ) ;
#7298 = CARTESIAN_POINT ( 'NONE',  ( -0.9499999999999999600, -2.799999999999999400, -15.02000000000000000 ) ) ;
#7299 = DIRECTION ( 'NONE',  ( 0.0000000000000000000, 0.0000000000000000000, 1.000000000000000000 ) ) ;
#7300 = EDGE_CURVE ( 'NONE', #5136, #6667, #8463, .T. ) ;
#7301 = ADVANCED_FACE ( 'NONE', ( #3393 ), #6276, .T. ) ;
#7302 = LINE ( 'NONE', #1382, #2198 ) ;
#7303 = PRESENTATION_LAYER_ASSIGNMENT (  '', '', ( #6443 ) ) ;
#7304 = ORIENTED_EDGE ( 'NONE', *, *, #6226, .T. ) ;
#7305 = FILL_AREA_STYLE ('',( #5350 ) ) ;
#7306 =( NAMED_UNIT ( * ) PLANE_ANGLE_UNIT ( ) SI_UNIT ( $, .RADIAN. ) );
#7307 = PLANE ( 'NONE',  #66 ) ;
#7308 = EDGE_CURVE ( 'NONE', #1587, #5220, #7450, .T. ) ;
#7309 = VERTEX_POINT ( 'NONE', #6933 ) ;
#7310 = UNCERTAINTY_MEASURE_WITH_UNIT (LENGTH_MEASURE( 1.000000000000000100E-005 ), #296, 'distance_accuracy_value', 'NONE');
#7311 = SURFACE_STYLE_FILL_AREA ( #6013 ) ;
#7312 =( NAMED_UNIT ( * ) SI_UNIT ( $, .STERADIAN. ) SOLID_ANGLE_UNIT ( ) );
#7313 = MECHANICAL_DESIGN_GEOMETRIC_PRESENTATION_REPRESENTATION (  '', ( #6021 ), #7770 ) ;
#7314 = VERTEX_POINT ( 'NONE', #7609 ) ;
#7315 = EDGE_CURVE ( 'NONE', #5245, #2676, #360, .T. ) ;
#7316 = CARTESIAN_POINT ( 'NONE',  ( -1.590000000000000300, 11.70000000000000100, -5.300000000000000700 ) ) ;
#7317 = CARTESIAN_POINT ( 'NONE',  ( -2.539999999999999600, 0.0000000000000000000, -6.783421052631577900 ) ) ;
#7318 =( LENGTH_UNIT ( ) NAMED_UNIT ( * ) SI_UNIT ( .MILLI., .METRE. ) );
#7319 = PLANE ( 'NONE',  #4476 ) ;
#7320 = FACE_OUTER_BOUND ( 'NONE', #5169, .T. ) ;
#7321 = SURFACE_STYLE_USAGE ( .BOTH. , #2685 ) ;
#7322 = ORIENTED_EDGE ( 'NONE', *, *, #3518, .T. ) ;
#7323 = SURFACE_SIDE_STYLE ('',( #2113 ) ) ;
#7324 = AXIS2_PLACEMENT_3D ( 'NONE', #196, #4884, #887 ) ;
#7325 =( GEOMETRIC_REPRESENTATION_CONTEXT ( 3 ) GLOBAL_UNCERTAINTY_ASSIGNED_CONTEXT ( ( #2896 ) ) GLOBAL_UNIT_ASSIGNED_CONTEXT ( ( #523, #5222, #1199 ) ) REPRESENTATION_CONTEXT ( 'NONE', 'WORKASPACE' ) );
#7326 = CARTESIAN_POINT ( 'NONE',  ( -2.540000000000000000, 1.700000000000000000, -5.983421052631579900 ) ) ;
#7327 = SURFACE_SIDE_STYLE ('',( #6349 ) ) ;
#7328 = MECHANICAL_DESIGN_GEOMETRIC_PRESENTATION_REPRESENTATION (  '', ( #6036 ), #7784 ) ;
#7329 = ORIENTED_EDGE ( 'NONE', *, *, #431, .T. ) ;
#7330 = CARTESIAN_POINT ( 'NONE',  ( 1.050000000000000000, 11.70000000000000100, -12.38000000000000300 ) ) ;
#7331 = FILL_AREA_STYLE_COLOUR ( '', #4801 ) ;
#7332 = CARTESIAN_POINT ( 'NONE',  ( 0.0000000000000000000, -2.799999999999999400, -5.080000000000000100 ) ) ;
#7333 = EDGE_CURVE ( 'NONE', #1920, #6999, #5719, .T. ) ;
#7334 = SURFACE_STYLE_USAGE ( .BOTH. , #2700 ) ;
#7335 = PRESENTATION_STYLE_ASSIGNMENT (( #8025 ) ) ;
#7336 = LINE ( 'NONE', #7386, #7136 ) ;
#7337 = ORIENTED_EDGE ( 'NONE', *, *, #8248, .T. ) ;
#7338 = VECTOR ( 'NONE', #4401, 1000.000000000000000 ) ;
#7339 = ADVANCED_FACE ( 'NONE', ( #5511 ), #2319, .F. ) ;
#7340 = SURFACE_STYLE_USAGE ( .BOTH. , #2704 ) ;
#7341 = AXIS2_PLACEMENT_3D ( 'NONE', #6294, #2267, #6951 ) ;
#7342 = CARTESIAN_POINT ( 'NONE',  ( 1.050000000000000000, -2.799999999999999400, -0.3200000000000001200 ) ) ;
#7343 = STYLED_ITEM ( 'NONE', ( #5817 ), #7603 ) ;
#7344 = VECTOR ( 'NONE', #8437, 1000.000000000000000 ) ;
#7345 =( LENGTH_UNIT ( ) NAMED_UNIT ( * ) SI_UNIT ( .MILLI., .METRE. ) );
#7346 = CARTESIAN_POINT ( 'NONE',  ( 0.9499999999999999600, -2.799999999999999400, -7.839999999999999900 ) ) ;
#7347 = DIRECTION ( 'NONE',  ( -1.232047923278982000E-016, 0.0000000000000000000, 1.000000000000000000 ) ) ;
#7348 = PLANE ( 'NONE',  #2085 ) ;
#7349 = CARTESIAN_POINT ( 'NONE',  ( 1.490000000000000000, -2.799999999999999400, -13.02000000000000100 ) ) ;
#7350 = LINE ( 'NONE', #4734, #2247 ) ;
#7351 =( GEOMETRIC_REPRESENTATION_CONTEXT ( 3 ) GLOBAL_UNCERTAINTY_ASSIGNED_CONTEXT ( ( #6962 ) ) GLOBAL_UNIT_ASSIGNED_CONTEXT ( ( #7924, #3982, #8590 ) ) REPRESENTATION_CONTEXT ( 'NONE', 'WORKASPACE' ) );
#7352 =( LENGTH_UNIT ( ) NAMED_UNIT ( * ) SI_UNIT ( .MILLI., .METRE. ) );
#7353 = LINE ( 'NONE', #5978, #7148 ) ;
#7354 = DIRECTION ( 'NONE',  ( -0.7071067811865477900, -0.0000000000000000000, -0.7071067811865473500 ) ) ;
#7355 = EDGE_LOOP ( 'NONE', ( #4467, #4408, #3952, #6587 ) ) ;
#7356 = EDGE_CURVE ( 'NONE', #8089, #8202, #3096, .T. ) ;
#7357 = UNCERTAINTY_MEASURE_WITH_UNIT (LENGTH_MEASURE( 1.000000000000000100E-005 ), #7352, 'distance_accuracy_value', 'NONE');
#7358 = ORIENTED_EDGE ( 'NONE', *, *, #1798, .F. ) ;
#7359 = CARTESIAN_POINT ( 'NONE',  ( -1.490000000000000200, -2.799999999999999400, -12.38000000000000300 ) ) ;
#7360 =( NAMED_UNIT ( * ) PLANE_ANGLE_UNIT ( ) SI_UNIT ( $, .RADIAN. ) );
#7361 = CARTESIAN_POINT ( 'NONE',  ( -1.050000000000000000, -2.799999999999999400, -5.400000000000000400 ) ) ;
#7362 = CARTESIAN_POINT ( 'NONE',  ( 0.9499999999999999600, -2.799999999999999400, -0.2200000000000000000 ) ) ;
#7363 = EDGE_CURVE ( 'NONE', #2666, #6667, #8383, .T. ) ;
#7364 = EDGE_CURVE ( 'NONE', #6658, #8581, #1313, .T. ) ;
#7365 = VECTOR ( 'NONE', #7862, 999.9999999999998900 ) ;
#7366 = ORIENTED_EDGE ( 'NONE', *, *, #6044, .F. ) ;
#7367 = ORIENTED_EDGE ( 'NONE', *, *, #143, .F. ) ;
#7368 = PRESENTATION_STYLE_ASSIGNMENT (( #8623 ) ) ;
#7369 = ORIENTED_EDGE ( 'NONE', *, *, #7507, .T. ) ;
#7370 = PLANE ( 'NONE',  #6391 ) ;
#7371 = FILL_AREA_STYLE ('',( #4729 ) ) ;
#7372 = FILL_AREA_STYLE_COLOUR ( '', #820 ) ;
#7373 = LINE ( 'NONE', #2821, #2055 ) ;
#7374 = ORIENTED_EDGE ( 'NONE', *, *, #4947, .T. ) ;
#7375 = ORIENTED_EDGE ( 'NONE', *, *, #5161, .F. ) ;
#7376 =( GEOMETRIC_REPRESENTATION_CONTEXT ( 3 ) GLOBAL_UNCERTAINTY_ASSIGNED_CONTEXT ( ( #1088 ) ) GLOBAL_UNIT_ASSIGNED_CONTEXT ( ( #2725, #7360, #3405 ) ) REPRESENTATION_CONTEXT ( 'NONE', 'WORKASPACE' ) );
#7377 =( LENGTH_UNIT ( ) NAMED_UNIT ( * ) SI_UNIT ( .MILLI., .METRE. ) );
#7378 = PRESENTATION_STYLE_ASSIGNMENT (( #6654 ) ) ;
#7379 = ORIENTED_EDGE ( 'NONE', *, *, #3066, .T. ) ;
#7380 = ORIENTED_EDGE ( 'NONE', *, *, #7145, .T. ) ;
#7381 = SURFACE_STYLE_FILL_AREA ( #4630 ) ;
#7382 = AXIS2_PLACEMENT_3D ( 'NONE', #5179, #1167, #5838 ) ;
#7383 = CARTESIAN_POINT ( 'NONE',  ( 0.9499999999999999600, -2.799999999999999400, -2.760000000000000200 ) ) ;
#7384 = DIRECTION ( 'NONE',  ( 0.0000000000000000000, 1.000000000000000000, 0.0000000000000000000 ) ) ;
#7385 = DIRECTION ( 'NONE',  ( -0.0000000000000000000, -0.0000000000000000000, -1.000000000000000000 ) ) ;
#7386 = CARTESIAN_POINT ( 'NONE',  ( -1.050000000000000000, 11.70000000000000100, -5.400000000000000400 ) ) ;
#7387 = CARTESIAN_POINT ( 'NONE',  ( -1.490000000000000200, -2.799999999999999400, -9.840000000000001600 ) ) ;
#7388 = ADVANCED_FACE ( 'NONE', ( #2879 ), #5068, .T. ) ;
#7389 = SURFACE_STYLE_FILL_AREA ( #3857 ) ;
#7390 = AXIS2_PLACEMENT_3D ( 'NONE', #5133, #1113, #5794 ) ;
#7391 = ORIENTED_EDGE ( 'NONE', *, *, #4055, .F. ) ;
#7392 = VECTOR ( 'NONE', #7204, 999.9999999999998900 ) ;
#7393 = PRESENTATION_STYLE_ASSIGNMENT (( #3607 ) ) ;
#7394 =( GEOMETRIC_REPRESENTATION_CONTEXT ( 3 ) GLOBAL_UNCERTAINTY_ASSIGNED_CONTEXT ( ( #2690 ) ) GLOBAL_UNIT_ASSIGNED_CONTEXT ( ( #7785, #3831, #8446 ) ) REPRESENTATION_CONTEXT ( 'NONE', 'WORKASPACE' ) );
#7395 = EDGE_CURVE ( 'NONE', #5458, #1961, #2231, .T. ) ;
#7396 = CARTESIAN_POINT ( 'NONE',  ( 0.9499999999999999600, 11.70000000000000100, -2.319999999999999800 ) ) ;
#7397 = FILL_AREA_STYLE_COLOUR ( '', #5890 ) ;
#7398 = SURFACE_STYLE_USAGE ( .BOTH. , #2752 ) ;
#7399 = ORIENTED_EDGE ( 'NONE', *, *, #650, .T. ) ;
#7400 = SURFACE_STYLE_FILL_AREA ( #3662 ) ;
#7401 = CARTESIAN_POINT ( 'NONE',  ( -2.019999999999999600, 0.2999999999999999900, 1.270000000000000000 ) ) ;
#7402 = PRESENTATION_STYLE_ASSIGNMENT (( #4544 ) ) ;
#7403 = STYLED_ITEM ( 'NONE', ( #3929 ), #7218 ) ;
#7404 = CARTESIAN_POINT ( 'NONE',  ( 2.140000000000000100, 1.700000000000000000, -1.270000000000000000 ) ) ;
#7405 = CARTESIAN_POINT ( 'NONE',  ( 1.590000000000000100, -2.799999999999999400, -2.319999999999999800 ) ) ;
#7406 = ORIENTED_EDGE ( 'NONE', *, *, #4557, .F. ) ;
#7407 = STYLED_ITEM ( 'NONE', ( #1977 ), #4160 ) ;
#7408 =( NAMED_UNIT ( * ) SI_UNIT ( $, .STERADIAN. ) SOLID_ANGLE_UNIT ( ) );
#7409 = DIRECTION ( 'NONE',  ( -0.0000000000000000000, -0.0000000000000000000, -1.000000000000000000 ) ) ;
#7410 = AXIS2_PLACEMENT_3D ( 'NONE', #5795, #5823, #5766 ) ;
#7411 = PRESENTATION_LAYER_ASSIGNMENT (  '', '', ( #6541 ) ) ;
#7412 = CARTESIAN_POINT ( 'NONE',  ( 2.540000000000000900, 0.0000000000000000000, -13.57000000000000200 ) ) ;
#7413 = DIRECTION ( 'NONE',  ( 0.0000000000000000000, 1.000000000000000000, 0.0000000000000000000 ) ) ;
#7414 = EDGE_LOOP ( 'NONE', ( #2167, #5818, #4802, #6939 ) ) ;
#7415 = CARTESIAN_POINT ( 'NONE',  ( 1.490000000000000000, 11.70000000000000100, -12.38000000000000300 ) ) ;
#7416 = CARTESIAN_POINT ( 'NONE',  ( 1.490000000000000000, -2.799999999999999400, -2.860000000000000300 ) ) ;
#7417 = SURFACE_SIDE_STYLE ('',( #4742 ) ) ;
#7418 = FILL_AREA_STYLE_COLOUR ( '', #7993 ) ;
#7419 = VECTOR ( 'NONE', #3320, 1000.000000000000000 ) ;
#7420 = FACE_OUTER_BOUND ( 'NONE', #6070, .T. ) ;
#7421 = EDGE_CURVE ( 'NONE', #8462, #528, #4048, .T. ) ;
#7422 = CARTESIAN_POINT ( 'NONE',  ( -1.590000000000000300, -2.799999999999999400, -7.400000000000000400 ) ) ;
#7423 = FACE_OUTER_BOUND ( 'NONE', #6873, .T. ) ;
#7424 = DIRECTION ( 'NONE',  ( -0.7071067811865470200, -0.0000000000000000000, -0.7071067811865481300 ) ) ;
#7425 = DIRECTION ( 'NONE',  ( -0.7071067811865462400, 0.0000000000000000000, -0.7071067811865489100 ) ) ;
#7426 = FILL_AREA_STYLE ('',( #2788 ) ) ;
#7427 = COLOUR_RGB ( '',0.7960784313725489700, 0.8235294117647058400, 0.9372549019607843100 ) ;
#7428 = EDGE_LOOP ( 'NONE', ( #3339, #5252, #3584, #4074 ) ) ;
#7429 = ADVANCED_FACE ( 'NONE', ( #2020 ), #6723, .F. ) ;
#7430 = FILL_AREA_STYLE_COLOUR ( '', #6916 ) ;
#7431 = STYLED_ITEM ( 'NONE', ( #7961 ), #1244 ) ;
#7432 = DIRECTION ( 'NONE',  ( 0.7071067811865481300, 0.0000000000000000000, -0.7071067811865470200 ) ) ;
#7433 = VECTOR ( 'NONE', #3308, 1000.000000000000000 ) ;
#7434 = ORIENTED_EDGE ( 'NONE', *, *, #1791, .T. ) ;
#7435 = VECTOR ( 'NONE', #749, 1000.000000000000000 ) ;
#7436 = DIRECTION ( 'NONE',  ( -0.7372346670543746800, -0.0000000000000000000, 0.6756367705307528800 ) ) ;
#7437 = DIRECTION ( 'NONE',  ( 0.7071067811865473500, 0.0000000000000000000, -0.7071067811865477900 ) ) ;
#7438 =( NAMED_UNIT ( * ) PLANE_ANGLE_UNIT ( ) SI_UNIT ( $, .RADIAN. ) );
#7439 = SURFACE_STYLE_FILL_AREA ( #8170 ) ;
#7440 = APPLICATION_PROTOCOL_DEFINITION ( 'draft international standard', 'automotive_design', 1998, #2806 ) ;
#7441 = CARTESIAN_POINT ( 'NONE',  ( 1.050000000000000000, -2.799999999999999400, -10.48000000000000200 ) ) ;
#7442 = STYLED_ITEM ( 'NONE', ( #4679 ), #3492 ) ;
#7443 = ORIENTED_EDGE ( 'NONE', *, *, #7078, .T. ) ;
#7444 = VECTOR ( 'NONE', #5533, 1000.000000000000000 ) ;
#7445 = CARTESIAN_POINT ( 'NONE',  ( 2.540000000000000900, 0.0000000000000000000, -6.750000000000000900 ) ) ;
#7446 = SURFACE_STYLE_FILL_AREA ( #1252 ) ;
#7447 = SURFACE_SIDE_STYLE ('',( #4056 ) ) ;
#7448 =( NAMED_UNIT ( * ) PLANE_ANGLE_UNIT ( ) SI_UNIT ( $, .RADIAN. ) );
#7449 = DIRECTION ( 'NONE',  ( 1.000000000000000000, 0.0000000000000000000, 1.232047923278982000E-016 ) ) ;
#7450 = LINE ( 'NONE', #2287, #2358 ) ;
#7451 = PRESENTATION_LAYER_ASSIGNMENT (  '', '', ( #6582 ) ) ;
#7452 = SURFACE_STYLE_USAGE ( .BOTH. , #2817 ) ;
#7453 = DIRECTION ( 'NONE',  ( -0.7071067811865489100, -0.0000000000000000000, -0.7071067811865461300 ) ) ;
#7454 = VECTOR ( 'NONE', #7588, 1000.000000000000000 ) ;
#7455 =( NAMED_UNIT ( * ) SI_UNIT ( $, .STERADIAN. ) SOLID_ANGLE_UNIT ( ) );
#7456 =( LENGTH_UNIT ( ) NAMED_UNIT ( * ) SI_UNIT ( .MILLI., .METRE. ) );
#7457 = CARTESIAN_POINT ( 'NONE',  ( 0.9499999999999999600, -2.799999999999999400, -2.760000000000000200 ) ) ;
#7458 = EDGE_CURVE ( 'NONE', #2147, #5359, #4977, .T. ) ;
#7459 = EDGE_LOOP ( 'NONE', ( #6119, #7198, #2299, #3544 ) ) ;
#7460 = CARTESIAN_POINT ( 'NONE',  ( -1.050000000000000000, 11.70000000000000100, -9.840000000000001600 ) ) ;
#7461 = UNCERTAINTY_MEASURE_WITH_UNIT (LENGTH_MEASURE( 1.000000000000000100E-005 ), #7878, 'distance_accuracy_value', 'NONE');
#7462 = PLANE ( 'NONE',  #5170 ) ;
#7463 = STYLED_ITEM ( 'NONE', ( #4969 ), #1591 ) ;
#7464 = VERTEX_POINT ( 'NONE', #2758 ) ;
#7465 = SURFACE_STYLE_USAGE ( .BOTH. , #2833 ) ;
#7466 = CARTESIAN_POINT ( 'NONE',  ( 0.9499999999999999600, -2.799999999999999400, -15.02000000000000000 ) ) ;
#7467 = AXIS2_PLACEMENT_3D ( 'NONE', #6346, #2334, #7008 ) ;
#7468 = VERTEX_POINT ( 'NONE', #7405 ) ;
#7469 = DIRECTION ( 'NONE',  ( -0.0000000000000000000, 1.000000000000000000, 0.0000000000000000000 ) ) ;
#7470 = FILL_AREA_STYLE_COLOUR ( '', #8283 ) ;
#7471 = VECTOR ( 'NONE', #2265, 1000.000000000000000 ) ;
#7472 = FILL_AREA_STYLE ('',( #7533 ) ) ;
#7473 = UNCERTAINTY_MEASURE_WITH_UNIT (LENGTH_MEASURE( 1.000000000000000100E-005 ), #3137, 'distance_accuracy_value', 'NONE');
#7474 = ORIENTED_EDGE ( 'NONE', *, *, #8585, .T. ) ;
#7475 = ADVANCED_FACE ( 'NONE', ( #3192 ), #3442, .T. ) ;
#7476 = VECTOR ( 'NONE', #891, 1000.000000000000000 ) ;
#7477 = VERTEX_POINT ( 'NONE', #8053 ) ;
#7478 = CARTESIAN_POINT ( 'NONE',  ( 1.050000000000000000, -2.799999999999999400, -12.38000000000000300 ) ) ;
#7479 = DIRECTION ( 'NONE',  ( 0.0000000000000000000, -0.0000000000000000000, 1.000000000000000000 ) ) ;
#7480 = COLOUR_RGB ( '',0.7960784313725489700, 0.8235294117647058400, 0.9372549019607843100 ) ;
#7481 = VERTEX_POINT ( 'NONE', #4162 ) ;
#7482 = CARTESIAN_POINT ( 'NONE',  ( -1.490000000000000000, -2.799999999999999400, -13.02000000000000100 ) ) ;
#7483 = CARTESIAN_POINT ( 'NONE',  ( -1.050000000000000000, -2.799999999999999400, -0.3200000000000000600 ) ) ;
#7484 =( LENGTH_UNIT ( ) NAMED_UNIT ( * ) SI_UNIT ( .MILLI., .METRE. ) );
#7485 = PRESENTATION_LAYER_ASSIGNMENT (  '', '', ( #6609 ) ) ;
#7486 = EDGE_CURVE ( 'NONE', #6625, #697, #7655, .T. ) ;
#7487 = VECTOR ( 'NONE', #8608, 999.9999999999998900 ) ;
#7488 = ORIENTED_EDGE ( 'NONE', *, *, #2001, .T. ) ;
#7489 = VECTOR ( 'NONE', #7653, 999.9999999999998900 ) ;
#7490 = DIRECTION ( 'NONE',  ( 1.000000000000000000, 0.0000000000000000000, 0.0000000000000000000 ) ) ;
#7491 = CARTESIAN_POINT ( 'NONE',  ( -2.540000000000000000, 0.0000000000000000000, -0.9034210526315790100 ) ) ;
#7492 = AXIS2_PLACEMENT_3D ( 'NONE', #6378, #2368, #7035 ) ;
#7493 = DIRECTION ( 'NONE',  ( -0.7071067811865489100, 0.0000000000000000000, 0.7071067811865462400 ) ) ;
#7494 = LINE ( 'NONE', #4480, #2178 ) ;
#7495 = ORIENTED_EDGE ( 'NONE', *, *, #7037, .F. ) ;
#7496 = FACE_OUTER_BOUND ( 'NONE', #7158, .T. ) ;
#7497 = STYLED_ITEM ( 'NONE', ( #2391 ), #2778 ) ;
#7498 = CARTESIAN_POINT ( 'NONE',  ( 1.590000000000000100, -2.799999999999999400, -5.300000000000000700 ) ) ;
#7499 = VECTOR ( 'NONE', #6123, 1000.000000000000000 ) ;
#7500 = SURFACE_STYLE_USAGE ( .BOTH. , #2863 ) ;
#7501 = LINE ( 'NONE', #8546, #8113 ) ;
#7502 = SURFACE_SIDE_STYLE ('',( #3936 ) ) ;
#7503 =( NAMED_UNIT ( * ) PLANE_ANGLE_UNIT ( ) SI_UNIT ( $, .RADIAN. ) );
#7504 = PLANE ( 'NONE',  #4601 ) ;
#7505 =( GEOMETRIC_REPRESENTATION_CONTEXT ( 3 ) GLOBAL_UNCERTAINTY_ASSIGNED_CONTEXT ( ( #922 ) ) GLOBAL_UNIT_ASSIGNED_CONTEXT ( ( #3741, #8355, #4420 ) ) REPRESENTATION_CONTEXT ( 'NONE', 'WORKASPACE' ) );
#7506 = COLOUR_RGB ( '',0.7960784313725489700, 0.8235294117647058400, 0.9372549019607843100 ) ;
#7507 = EDGE_CURVE ( 'NONE', #6475, #8620, #783, .T. ) ;
#7508 = VERTEX_POINT ( 'NONE', #6168 ) ;
#7509 = EDGE_CURVE ( 'NONE', #7477, #1396, #5915, .T. ) ;
#7510 =( LENGTH_UNIT ( ) NAMED_UNIT ( * ) SI_UNIT ( .MILLI., .METRE. ) );
#7511 = SURFACE_SIDE_STYLE ('',( #2432 ) ) ;
#7512 =( NAMED_UNIT ( * ) PLANE_ANGLE_UNIT ( ) SI_UNIT ( $, .RADIAN. ) );
#7513 = CARTESIAN_POINT ( 'NONE',  ( 2.140000000000000100, 1.700000000000000000, -11.43000000000000100 ) ) ;
#7514 = DIRECTION ( 'NONE',  ( -0.0000000000000000000, -1.000000000000000000, -0.0000000000000000000 ) ) ;
#7515 = VERTEX_POINT ( 'NONE', #2830 ) ;
#7516 = COLOUR_RGB ( '',0.7960784313725489700, 0.8235294117647058400, 0.9372549019607843100 ) ;
#7517 = ADVANCED_FACE ( 'NONE', ( #572 ), #7462, .F. ) ;
#7518 = CARTESIAN_POINT ( 'NONE',  ( 1.490000000000000000, -2.799999999999999400, -13.02000000000000100 ) ) ;
#7519 = PRESENTATION_STYLE_ASSIGNMENT (( #60 ) ) ;
#7520 = FACE_OUTER_BOUND ( 'NONE', #2583, .T. ) ;
#7521 = CARTESIAN_POINT ( 'NONE',  ( -1.590000000000000300, 11.70000000000000100, -12.48000000000000200 ) ) ;
#7522 = UNCERTAINTY_MEASURE_WITH_UNIT (LENGTH_MEASURE( 1.000000000000000100E-005 ), #1069, 'distance_accuracy_value', 'NONE');
#7523 = MECHANICAL_DESIGN_GEOMETRIC_PRESENTATION_REPRESENTATION (  '', ( #6218 ), #7954 ) ;
#7524 = CARTESIAN_POINT ( 'NONE',  ( -1.490000000000000200, -2.799999999999999400, -12.38000000000000300 ) ) ;
#7525 = DIRECTION ( 'NONE',  ( -0.7372346670543746800, -0.0000000000000000000, 0.6756367705307528800 ) ) ;
#7526 = VECTOR ( 'NONE', #4639, 1000.000000000000000 ) ;
#7527 = CARTESIAN_POINT ( 'NONE',  ( 0.9499999999999999600, -2.799999999999999400, -2.319999999999999800 ) ) ;
#7528 = VECTOR ( 'NONE', #1615, 1000.000000000000000 ) ;
#7529 = ORIENTED_EDGE ( 'NONE', *, *, #3705, .F. ) ;
#7530 = DIRECTION ( 'NONE',  ( -0.0000000000000000000, -1.000000000000000000, -0.0000000000000000000 ) ) ;
#7531 = EDGE_CURVE ( 'NONE', #7876, #448, #5095, .T. ) ;
#7532 = FILL_AREA_STYLE ('',( #6885 ) ) ;
#7533 = FILL_AREA_STYLE_COLOUR ( '', #6511 ) ;
#7534 = DIRECTION ( 'NONE',  ( -1.000000000000000000, 0.0000000000000000000, 0.0000000000000000000 ) ) ;
#7535 = VECTOR ( 'NONE', #4482, 1000.000000000000000 ) ;
#7536 = EDGE_CURVE ( 'NONE', #6333, #2841, #3297, .T. ) ;
#7537 = LINE ( 'NONE', #2745, #5810 ) ;
#7538 = EDGE_CURVE ( 'NONE', #1415, #4042, #1507, .T. ) ;
#7539 = VECTOR ( 'NONE', #8172, 1000.000000000000000 ) ;
#7540 = FILL_AREA_STYLE ('',( #2205 ) ) ;
#7541 = CARTESIAN_POINT ( 'NONE',  ( -1.490000000000000200, 11.70000000000000100, -12.38000000000000300 ) ) ;
#7542 = DIRECTION ( 'NONE',  ( -0.0000000000000000000, -0.0000000000000000000, -1.000000000000000000 ) ) ;
#7543 = DIRECTION ( 'NONE',  ( -0.0000000000000000000, -0.0000000000000000000, -1.000000000000000000 ) ) ;
#7544 =( LENGTH_UNIT ( ) NAMED_UNIT ( * ) SI_UNIT ( .MILLI., .METRE. ) );
#7545 =( NAMED_UNIT ( * ) SI_UNIT ( $, .STERADIAN. ) SOLID_ANGLE_UNIT ( ) );
#7546 = COLOUR_RGB ( '',0.7960784313725489700, 0.8235294117647058400, 0.9372549019607843100 ) ;
#7547 = ORIENTED_EDGE ( 'NONE', *, *, #7300, .F. ) ;
#7548 = SURFACE_STYLE_FILL_AREA ( #1256 ) ;
#7549 = COLOUR_RGB ( '',0.0000000000000000000, 0.003921568627450980300, 0.09019607843137254800 ) ;
#7550 = MECHANICAL_DESIGN_GEOMETRIC_PRESENTATION_REPRESENTATION (  '', ( #6244 ), #7973 ) ;
#7551 =( LENGTH_UNIT ( ) NAMED_UNIT ( * ) SI_UNIT ( .MILLI., .METRE. ) );
#7552 =( GEOMETRIC_REPRESENTATION_CONTEXT ( 3 ) GLOBAL_UNCERTAINTY_ASSIGNED_CONTEXT ( ( #6588 ) ) GLOBAL_UNIT_ASSIGNED_CONTEXT ( ( #2805, #7438, #3483 ) ) REPRESENTATION_CONTEXT ( 'NONE', 'WORKASPACE' ) );
#7553 = STYLED_ITEM ( 'NONE', ( #3690 ), #2376 ) ;
#7554 = DIRECTION ( 'NONE',  ( 1.000000000000000000, 0.0000000000000000000, 0.0000000000000000000 ) ) ;
#7555 = VERTEX_POINT ( 'NONE', #2192 ) ;
#7556 = LINE ( 'NONE', #7682, #2466 ) ;
#7557 = DIRECTION ( 'NONE',  ( 0.6756367705307529900, -0.0000000000000000000, 0.7372346670543747900 ) ) ;
#7558 = MECHANICAL_DESIGN_GEOMETRIC_PRESENTATION_REPRESENTATION (  '', ( #6255 ), #7988 ) ;
#7559 = ORIENTED_EDGE ( 'NONE', *, *, #6398, .T. ) ;
#7560 =( LENGTH_UNIT ( ) NAMED_UNIT ( * ) SI_UNIT ( .MILLI., .METRE. ) );
#7561 = LINE ( 'NONE', #7416, #5830 ) ;
#7562 = CARTESIAN_POINT ( 'NONE',  ( -1.490000000000000000, 11.70000000000000100, -10.48000000000000200 ) ) ;
#7563 = FILL_AREA_STYLE_COLOUR ( '', #1797 ) ;
#7564 = SURFACE_SIDE_STYLE ('',( #5866 ) ) ;
#7565 = ADVANCED_FACE ( 'NONE', ( #3089 ), #2878, .F. ) ;
#7566 = UNCERTAINTY_MEASURE_WITH_UNIT (LENGTH_MEASURE( 1.000000000000000100E-005 ), #8489, 'distance_accuracy_value', 'NONE');
#7567 = FILL_AREA_STYLE_COLOUR ( '', #2486 ) ;
#7568 = SURFACE_STYLE_USAGE ( .BOTH. , #2931 ) ;
#7569 =( NAMED_UNIT ( * ) SI_UNIT ( $, .STERADIAN. ) SOLID_ANGLE_UNIT ( ) );
#7570 = CARTESIAN_POINT ( 'NONE',  ( -2.140000000000000600, 0.0000000000000000000, -16.51000000000000200 ) ) ;
#7571 = VERTEX_POINT ( 'NONE', #7521 ) ;
#7572 = CARTESIAN_POINT ( 'NONE',  ( 1.050000000000000000, 11.70000000000000100, -9.840000000000001600 ) ) ;
#7573 = VECTOR ( 'NONE', #1068, 1000.000000000000000 ) ;
#7574 = ORIENTED_EDGE ( 'NONE', *, *, #55, .T. ) ;
#7575 = STYLED_ITEM ( 'NONE', ( #7634 ), #45 ) ;
#7576 = COLOUR_RGB ( '',0.0000000000000000000, 0.003921568627450980300, 0.09019607843137254800 ) ;
#7577 = CARTESIAN_POINT ( 'NONE',  ( 0.0000000000000000000, 11.70000000000000100, -7.620000000000000100 ) ) ;
#7578 = AXIS2_PLACEMENT_3D ( 'NONE', #4874, #880, #5559 ) ;
#7579 = ORIENTED_EDGE ( 'NONE', *, *, #541, .F. ) ;
#7580 = FILL_AREA_STYLE ('',( #213 ) ) ;
#7581 = SURFACE_STYLE_USAGE ( .BOTH. , #2952 ) ;
#7582 = VECTOR ( 'NONE', #8132, 1000.000000000000000 ) ;
#7583 = UNCERTAINTY_MEASURE_WITH_UNIT (LENGTH_MEASURE( 1.000000000000000100E-005 ), #1620, 'distance_accuracy_value', 'NONE');
#7584 = ORIENTED_EDGE ( 'NONE', *, *, #53, .F. ) ;
#7585 = VECTOR ( 'NONE', #2651, 1000.000000000000000 ) ;
#7586 = SURFACE_STYLE_FILL_AREA ( #6142 ) ;
#7587 = FILL_AREA_STYLE_COLOUR ( '', #5130 ) ;
#7588 = DIRECTION ( 'NONE',  ( 0.0000000000000000000, 0.0000000000000000000, 1.000000000000000000 ) ) ;
#7589 = SURFACE_STYLE_USAGE ( .BOTH. , #2958 ) ;
#7590 = COLOUR_RGB ( '',0.7960784313725489700, 0.8235294117647058400, 0.9372549019607843100 ) ;
#7591 = ORIENTED_EDGE ( 'NONE', *, *, #4283, .F. ) ;
#7592 = SURFACE_STYLE_FILL_AREA ( #1116 ) ;
#7593 = EDGE_CURVE ( 'NONE', #8416, #8295, #2453, .T. ) ;
#7594 = ORIENTED_EDGE ( 'NONE', *, *, #4149, .F. ) ;
#7595 = CARTESIAN_POINT ( 'NONE',  ( 0.9499999999999999600, -2.799999999999999400, -0.2200000000000000000 ) ) ;
#7596 = CARTESIAN_POINT ( 'NONE',  ( 2.140000000000001500, 0.0000000000000000000, -13.97000000000000100 ) ) ;
#7597 = DIRECTION ( 'NONE',  ( 0.0000000000000000000, 1.000000000000000000, 0.0000000000000000000 ) ) ;
#7598 = COLOUR_RGB ( '',0.0000000000000000000, 0.003921568627450980300, 0.09019607843137254800 ) ;
#7599 = ORIENTED_EDGE ( 'NONE', *, *, #4512, .T. ) ;
#7600 = DIRECTION ( 'NONE',  ( -1.000000000000000000, 0.0000000000000000000, -0.0000000000000000000 ) ) ;
#7601 = LINE ( 'NONE', #912, #2510 ) ;
#7602 = COLOUR_RGB ( '',0.7921568627450980000, 0.8196078431372548800, 0.9333333333333333500 ) ;
#7603 = ADVANCED_FACE ( 'NONE', ( #668 ), #232, .F. ) ;
#7604 = VECTOR ( 'NONE', #1666, 999.9999999999998900 ) ;
#7605 =( NAMED_UNIT ( * ) SI_UNIT ( $, .STERADIAN. ) SOLID_ANGLE_UNIT ( ) );
#7606 = ORIENTED_EDGE ( 'NONE', *, *, #1336, .T. ) ;
#7607 = FILL_AREA_STYLE_COLOUR ( '', #4966 ) ;
#7608 = MECHANICAL_DESIGN_GEOMETRIC_PRESENTATION_REPRESENTATION (  '', ( #6303 ), #8034 ) ;
#7609 = CARTESIAN_POINT ( 'NONE',  ( 1.590000000000000100, -2.799999999999999400, 0.2199999999999999200 ) ) ;
#7610 = STYLED_ITEM ( 'NONE', ( #522 ), #8570 ) ;
#7611 = PLANE ( 'NONE',  #700 ) ;
#7612 = VECTOR ( 'NONE', #7424, 1000.000000000000000 ) ;
#7613 = SURFACE_STYLE_USAGE ( .BOTH. , #2977 ) ;
#7614 = PRESENTATION_LAYER_ASSIGNMENT (  '', '', ( #6738 ) ) ;
#7615 =( LENGTH_UNIT ( ) NAMED_UNIT ( * ) SI_UNIT ( .MILLI., .METRE. ) );
#7616 = CARTESIAN_POINT ( 'NONE',  ( 2.540000000000000900, 0.0000000000000000000, -3.410000000000000600 ) ) ;
#7617 = CARTESIAN_POINT ( 'NONE',  ( 2.540000000000000900, 1.700000000000000000, -8.490000000000000200 ) ) ;
#7618 = DIRECTION ( 'NONE',  ( 0.0000000000000000000, 0.0000000000000000000, -1.000000000000000000 ) ) ;
#7619 = PRESENTATION_STYLE_ASSIGNMENT (( #977 ) ) ;
#7620 = AXIS2_PLACEMENT_3D ( 'NONE', #1998, #6677, #2687 ) ;
#7621 = EDGE_LOOP ( 'NONE', ( #1079, #858, #302, #5831 ) ) ;
#7622 = VECTOR ( 'NONE', #6193, 1000.000000000000000 ) ;
#7623 = EDGE_CURVE ( 'NONE', #2195, #5100, #6936, .T. ) ;
#7624 = FILL_AREA_STYLE_COLOUR ( '', #1635 ) ;
#7625 = CARTESIAN_POINT ( 'NONE',  ( 0.0000000000000000000, 1.700000000000000000, 0.0000000000000000000 ) ) ;
#7626 = DIRECTION ( 'NONE',  ( 1.000000000000000000, 0.0000000000000000000, 1.232047923278982000E-016 ) ) ;
#7627 = FILL_AREA_STYLE_COLOUR ( '', #365 ) ;
#7628 = VECTOR ( 'NONE', #2059, 1000.000000000000000 ) ;
#7629 = DIRECTION ( 'NONE',  ( -1.000000000000000000, -0.0000000000000000000, -0.0000000000000000000 ) ) ;
#7630 = EDGE_CURVE ( 'NONE', #1850, #2492, #5193, .T. ) ;
#7631 = PLANE ( 'NONE',  #6208 ) ;
#7632 =( NAMED_UNIT ( * ) SI_UNIT ( $, .STERADIAN. ) SOLID_ANGLE_UNIT ( ) );
#7633 = PRESENTATION_STYLE_ASSIGNMENT (( #1991 ) ) ;
#7634 = PRESENTATION_STYLE_ASSIGNMENT (( #4878 ) ) ;
#7635 = MECHANICAL_DESIGN_GEOMETRIC_PRESENTATION_REPRESENTATION (  '', ( #6321 ), #8054 ) ;
#7636 = PRESENTATION_LAYER_ASSIGNMENT (  '', '', ( #6752 ) ) ;
#7637 = UNCERTAINTY_MEASURE_WITH_UNIT (LENGTH_MEASURE( 1.000000000000000100E-005 ), #7345, 'distance_accuracy_value', 'NONE');
#7638 = SURFACE_STYLE_USAGE ( .BOTH. , #2992 ) ;
#7639 = CARTESIAN_POINT ( 'NONE',  ( 0.9499999999999999600, -2.799999999999999400, -5.299999999999999800 ) ) ;
#7640 = SURFACE_STYLE_FILL_AREA ( #6848 ) ;
#7641 = EDGE_LOOP ( 'NONE', ( #6011, #6695, #4217, #1429, #1143, #5059, #932, #3883 ) ) ;
#7642 = STYLED_ITEM ( 'NONE', ( #4893 ), #4751 ) ;
#7643 = SURFACE_STYLE_USAGE ( .BOTH. , #2996 ) ;
#7644 = CARTESIAN_POINT ( 'NONE',  ( 0.9499999999999999600, -2.799999999999999400, -0.2200000000000000000 ) ) ;
#7645 = VECTOR ( 'NONE', #2993, 1000.000000000000000 ) ;
#7646 = CARTESIAN_POINT ( 'NONE',  ( -1.490000000000000200, -2.799999999999999400, -4.760000000000000700 ) ) ;
#7647 = ORIENTED_EDGE ( 'NONE', *, *, #5674, .F. ) ;
#7648 = PLANE ( 'NONE',  #426 ) ;
#7649 = LINE ( 'NONE', #5479, #7435 ) ;
#7650 = EDGE_CURVE ( 'NONE', #3782, #5949, #26, .T. ) ;
#7651 = DIRECTION ( 'NONE',  ( 0.6756367705307529900, -0.0000000000000000000, 0.7372346670543747900 ) ) ;
#7652 = DIRECTION ( 'NONE',  ( -0.0000000000000000000, -1.000000000000000000, -0.0000000000000000000 ) ) ;
#7653 = DIRECTION ( 'NONE',  ( 0.7071067811865486800, 0.0000000000000000000, 0.7071067811865464600 ) ) ;
#7654 = ADVANCED_FACE ( 'NONE', ( #3183 ), #2973, .T. ) ;
#7655 = LINE ( 'NONE', #8086, #2350 ) ;
#7656 = AXIS2_PLACEMENT_3D ( 'NONE', #7729, #3765, #8380 ) ;
#7657 = EDGE_CURVE ( 'NONE', #8323, #3364, #2547, .T. ) ;
#7658 = FACE_OUTER_BOUND ( 'NONE', #1370, .T. ) ;
#7659 = ORIENTED_EDGE ( 'NONE', *, *, #3814, .T. ) ;
#7660 =( NAMED_UNIT ( * ) PLANE_ANGLE_UNIT ( ) SI_UNIT ( $, .RADIAN. ) );
#7661 = CARTESIAN_POINT ( 'NONE',  ( -2.019999999999999600, 0.2999999999999999900, -1.270000000000000000 ) ) ;
#7662 = ORIENTED_EDGE ( 'NONE', *, *, #6650, .T. ) ;
#7663 = DIRECTION ( 'NONE',  ( 0.7071067811865486800, 0.0000000000000000000, 0.7071067811865464600 ) ) ;
#7664 = CARTESIAN_POINT ( 'NONE',  ( 2.140000000000000100, 1.700000000000000000, -3.810000000000000100 ) ) ;
#7665 = CARTESIAN_POINT ( 'NONE',  ( -1.050000000000000000, 11.70000000000000100, -0.3200000000000000600 ) ) ;
#7666 = SURFACE_STYLE_FILL_AREA ( #7532 ) ;
#7667 = STYLED_ITEM ( 'NONE', ( #4946 ), #8200 ) ;
#7668 = SURFACE_STYLE_FILL_AREA ( #2294 ) ;
#7669 = DIRECTION ( 'NONE',  ( 0.6756367705307529900, -0.0000000000000000000, 0.7372346670543747900 ) ) ;
#7670 = FILL_AREA_STYLE_COLOUR ( '', #7590 ) ;
#7671 = AXIS2_PLACEMENT_3D ( 'NONE', #1834, #6516, #2518 ) ;
#7672 = SURFACE_STYLE_USAGE ( .BOTH. , #3026 ) ;
#7673 =( NAMED_UNIT ( * ) PLANE_ANGLE_UNIT ( ) SI_UNIT ( $, .RADIAN. ) );
#7674 = EDGE_LOOP ( 'NONE', ( #1947, #4007, #5653, #1342 ) ) ;
#7675 = SURFACE_STYLE_FILL_AREA ( #3108 ) ;
#7676 = MECHANICAL_DESIGN_GEOMETRIC_PRESENTATION_REPRESENTATION (  '', ( #6364 ), #8102 ) ;
#7677 = CLOSED_SHELL ( 'NONE', ( #3617, #2229, #762, #7911, #1756, #8251, #2824, #1973, #346, #8068 ) ) ;
#7678 = EDGE_CURVE ( 'NONE', #798, #2564, #7848, .T. ) ;
#7679 = STYLED_ITEM ( 'NONE', ( #2710 ), #4115 ) ;
#7680 = ORIENTED_EDGE ( 'NONE', *, *, #4983, .T. ) ;
#7681 = EDGE_CURVE ( 'NONE', #5147, #8422, #774, .T. ) ;
#7682 = CARTESIAN_POINT ( 'NONE',  ( -2.539999999999999600, 1.700000000000000000, -4.243421052631578800 ) ) ;
#7683 = FILL_AREA_STYLE_COLOUR ( '', #5205 ) ;
#7684 = SURFACE_STYLE_FILL_AREA ( #1995 ) ;
#7685 = DIRECTION ( 'NONE',  ( -0.7071067811865470200, -0.0000000000000000000, -0.7071067811865481300 ) ) ;
#7686 = ORIENTED_EDGE ( 'NONE', *, *, #7937, .F. ) ;
#7687 = DIRECTION ( 'NONE',  ( 1.000000000000000000, 0.0000000000000000000, -0.0000000000000000000 ) ) ;
#7688 = ORIENTED_EDGE ( 'NONE', *, *, #7363, .T. ) ;
#7689 = SURFACE_STYLE_FILL_AREA ( #2209 ) ;
#7690 = SURFACE_STYLE_USAGE ( .BOTH. , #3048 ) ;
#7691 =( GEOMETRIC_REPRESENTATION_CONTEXT ( 3 ) GLOBAL_UNCERTAINTY_ASSIGNED_CONTEXT ( ( #8535 ) ) GLOBAL_UNIT_ASSIGNED_CONTEXT ( ( #4314, #264, #4962 ) ) REPRESENTATION_CONTEXT ( 'NONE', 'WORKASPACE' ) );
#7692 = ORIENTED_EDGE ( 'NONE', *, *, #3268, .T. ) ;
#7693 = CARTESIAN_POINT ( 'NONE',  ( -2.539999999999999600, 1.700000000000000000, -9.323421052631580600 ) ) ;
#7694 = PLANE ( 'NONE',  #4099 ) ;
#7695 = VECTOR ( 'NONE', #6292, 1000.000000000000000 ) ;
#7696 = ORIENTED_EDGE ( 'NONE', *, *, #3766, .F. ) ;
#7697 = VECTOR ( 'NONE', #4067, 999.9999999999998900 ) ;
#7698 = SURFACE_STYLE_USAGE ( .BOTH. , #3055 ) ;
#7699 = COLOUR_RGB ( '',0.0000000000000000000, 0.003921568627450980300, 0.09019607843137254800 ) ;
#7700 = DIRECTION ( 'NONE',  ( 0.7071067811865470200, 0.0000000000000000000, -0.7071067811865481300 ) ) ;
#7701 = EDGE_LOOP ( 'NONE', ( #8624, #3935, #7708, #8197, #6498, #1758, #2356, #2237 ) ) ;
#7702 = PRESENTATION_LAYER_ASSIGNMENT (  '', '', ( #6815 ) ) ;
#7703 = ADVANCED_FACE ( 'NONE', ( #2342 ), #5029, .F. ) ;
#7704 = SURFACE_STYLE_FILL_AREA ( #5839 ) ;
#7705 = ORIENTED_EDGE ( 'NONE', *, *, #5143, .T. ) ;
#7706 =( NAMED_UNIT ( * ) PLANE_ANGLE_UNIT ( ) SI_UNIT ( $, .RADIAN. ) );
#7707 = LINE ( 'NONE', #4087, #2394 ) ;
#7708 = ORIENTED_EDGE ( 'NONE', *, *, #5572, .F. ) ;
#7709 = SURFACE_STYLE_USAGE ( .BOTH. , #4117 ) ;
#7710 = SURFACE_STYLE_FILL_AREA ( #3206 ) ;
#7711 = CARTESIAN_POINT ( 'NONE',  ( 1.590000000000000100, -2.799999999999999400, -7.839999999999999900 ) ) ;
#7712 = CARTESIAN_POINT ( 'NONE',  ( -2.540000000000000000, 0.0000000000000000000, -11.06342105263158100 ) ) ;
#7713 = VECTOR ( 'NONE', #6675, 1000.000000000000000 ) ;
#7714 =( GEOMETRIC_REPRESENTATION_CONTEXT ( 3 ) GLOBAL_UNCERTAINTY_ASSIGNED_CONTEXT ( ( #3204 ) ) GLOBAL_UNIT_ASSIGNED_CONTEXT ( ( #123, #4810, #805 ) ) REPRESENTATION_CONTEXT ( 'NONE', 'WORKASPACE' ) );
#7715 = DIRECTION ( 'NONE',  ( -0.0000000000000000000, -0.0000000000000000000, -1.000000000000000000 ) ) ;
#7716 = VERTEX_POINT ( 'NONE', #2380 ) ;
#7717 = VECTOR ( 'NONE', #1949, 1000.000000000000000 ) ;
#7718 = VERTEX_POINT ( 'NONE', #7043 ) ;
#7719 = LINE ( 'NONE', #5003, #2613 ) ;
#7720 = EDGE_CURVE ( 'NONE', #5268, #3511, #6830, .T. ) ;
#7721 = SURFACE_STYLE_FILL_AREA ( #8062 ) ;
#7722 = EDGE_CURVE ( 'NONE', #7852, #7947, #5292, .T. ) ;
#7723 = CARTESIAN_POINT ( 'NONE',  ( 0.9499999999999999600, 11.70000000000000100, -10.38000000000000100 ) ) ;
#7724 = CARTESIAN_POINT ( 'NONE',  ( -2.539999999999999600, 0.0000000000000000000, 0.8365789473684214200 ) ) ;
#7725 = ORIENTED_EDGE ( 'NONE', *, *, #224, .T. ) ;
#7726 = FILL_AREA_STYLE_COLOUR ( '', #4518 ) ;
#7727 = PLANE ( 'NONE',  #3335 ) ;
#7728 = FILL_AREA_STYLE_COLOUR ( '', #5405 ) ;
#7729 = CARTESIAN_POINT ( 'NONE',  ( 0.0000000000000000000, -2.799999999999999400, -15.24000000000000000 ) ) ;
#7730 = CARTESIAN_POINT ( 'NONE',  ( -0.9499999999999999600, 11.70000000000000100, -15.45999999999999900 ) ) ;
#7731 = CARTESIAN_POINT ( 'NONE',  ( -2.540000000000000000, 0.0000000000000000000, -5.983421052631579900 ) ) ;
#7732 =( NAMED_UNIT ( * ) PLANE_ANGLE_UNIT ( ) SI_UNIT ( $, .RADIAN. ) );
#7733 = VERTEX_POINT ( 'NONE', #8363 ) ;
#7734 = STYLED_ITEM ( 'NONE', ( #3240 ), #5120 ) ;
#7735 = PRESENTATION_STYLE_ASSIGNMENT (( #5085 ) ) ;
#7736 = PLANE ( 'NONE',  #4735 ) ;
#7737 = FACE_OUTER_BOUND ( 'NONE', #2225, .T. ) ;
#7738 = DIRECTION ( 'NONE',  ( 0.0000000000000000000, 1.000000000000000000, 0.0000000000000000000 ) ) ;
#7739 = PRESENTATION_LAYER_ASSIGNMENT (  '', '', ( #6849 ) ) ;
#7740 = SURFACE_SIDE_STYLE ('',( #5556 ) ) ;
#7741 = PRESENTATION_STYLE_ASSIGNMENT (( #3554 ) ) ;
#7742 = ORIENTED_EDGE ( 'NONE', *, *, #4540, .F. ) ;
#7743 = LINE ( 'NONE', #5382, #871 ) ;
#7744 = SURFACE_STYLE_USAGE ( .BOTH. , #3098 ) ;
#7745 = DIRECTION ( 'NONE',  ( -0.7071067811865469100, -0.0000000000000000000, 0.7071067811865482400 ) ) ;
#7746 = ADVANCED_FACE ( 'NONE', ( #3503 ), #382, .T. ) ;
#7747 =( GEOMETRIC_REPRESENTATION_CONTEXT ( 3 ) GLOBAL_UNCERTAINTY_ASSIGNED_CONTEXT ( ( #6740 ) ) GLOBAL_UNIT_ASSIGNED_CONTEXT ( ( #1027, #5702, #1687 ) ) REPRESENTATION_CONTEXT ( 'NONE', 'WORKASPACE' ) );
#7748 = ORIENTED_EDGE ( 'NONE', *, *, #6232, .T. ) ;
#7749 = DIRECTION ( 'NONE',  ( -0.0000000000000000000, 1.000000000000000000, 0.0000000000000000000 ) ) ;
#7750 = CARTESIAN_POINT ( 'NONE',  ( -2.540000000000000000, 1.700000000000000000, -5.983421052631579900 ) ) ;
#7751 = CARTESIAN_POINT ( 'NONE',  ( 2.140000000000001500, 1.700000000000000000, -11.43000000000000100 ) ) ;
#7752 = UNCERTAINTY_MEASURE_WITH_UNIT (LENGTH_MEASURE( 1.000000000000000100E-005 ), #3633, 'distance_accuracy_value', 'NONE');
#7753 = EDGE_CURVE ( 'NONE', #3764, #8128, #2654, .T. ) ;
#7754 = SURFACE_SIDE_STYLE ('',( #7675 ) ) ;
#7755 = PRESENTATION_STYLE_ASSIGNMENT (( #1792 ) ) ;
#7756 =( GEOMETRIC_REPRESENTATION_CONTEXT ( 3 ) GLOBAL_UNCERTAINTY_ASSIGNED_CONTEXT ( ( #2062 ) ) GLOBAL_UNIT_ASSIGNED_CONTEXT ( ( #1397, #6094, #2048 ) ) REPRESENTATION_CONTEXT ( 'NONE', 'WORKASPACE' ) );
#7757 = PRESENTATION_STYLE_ASSIGNMENT (( #5578 ) ) ;
#7758 = CARTESIAN_POINT ( 'NONE',  ( -1.050000000000000000, -2.799999999999999400, -15.56000000000000000 ) ) ;
#7759 = EDGE_CURVE ( 'NONE', #8574, #475, #885, .T. ) ;
#7760 = DIRECTION ( 'NONE',  ( -0.7071067811865469100, 0.0000000000000000000, 0.7071067811865482400 ) ) ;
#7761 = ORIENTED_EDGE ( 'NONE', *, *, #996, .F. ) ;
#7762 = MECHANICAL_DESIGN_GEOMETRIC_PRESENTATION_REPRESENTATION (  '', ( #6443 ), #8178 ) ;
#7763 = VECTOR ( 'NONE', #1829, 999.9999999999998900 ) ;
#7764 = LINE ( 'NONE', #4701, #2459 ) ;
#7765 = EDGE_CURVE ( 'NONE', #6667, #1262, #4460, .T. ) ;
#7766 = SURFACE_STYLE_FILL_AREA ( #4999 ) ;
#7767 = DIRECTION ( 'NONE',  ( 0.0000000000000000000, 1.000000000000000000, 0.0000000000000000000 ) ) ;
#7768 = PLANE ( 'NONE',  #7410 ) ;
#7769 = CARTESIAN_POINT ( 'NONE',  ( 0.9499999999999999600, -2.799999999999999400, -12.92000000000000200 ) ) ;
#7770 =( GEOMETRIC_REPRESENTATION_CONTEXT ( 3 ) GLOBAL_UNCERTAINTY_ASSIGNED_CONTEXT ( ( #6307 ) ) GLOBAL_UNIT_ASSIGNED_CONTEXT ( ( #4154, #121, #4805 ) ) REPRESENTATION_CONTEXT ( 'NONE', 'WORKASPACE' ) );
#7771 = EDGE_CURVE ( 'NONE', #8139, #3125, #4249, .T. ) ;
#7772 =( NAMED_UNIT ( * ) PLANE_ANGLE_UNIT ( ) SI_UNIT ( $, .RADIAN. ) );
#7773 =( NAMED_UNIT ( * ) PLANE_ANGLE_UNIT ( ) SI_UNIT ( $, .RADIAN. ) );
#7774 = COLOUR_RGB ( '',0.7960784313725489700, 0.8235294117647058400, 0.9372549019607843100 ) ;
#7775 = CARTESIAN_POINT ( 'NONE',  ( 2.140000000000001500, 0.0000000000000000000, -11.43000000000000100 ) ) ;
#7776 =( NAMED_UNIT ( * ) PLANE_ANGLE_UNIT ( ) SI_UNIT ( $, .RADIAN. ) );
#7777 = PRESENTATION_LAYER_ASSIGNMENT (  '', '', ( #6905 ) ) ;
#7778 = ADVANCED_FACE ( 'NONE', ( #4034 ), #8415, .T. ) ;
#7779 = ORIENTED_EDGE ( 'NONE', *, *, #5242, .F. ) ;
#7780 =( LENGTH_UNIT ( ) NAMED_UNIT ( * ) SI_UNIT ( .MILLI., .METRE. ) );
#7781 = PRESENTATION_STYLE_ASSIGNMENT (( #319 ) ) ;
#7782 = SURFACE_STYLE_FILL_AREA ( #254 ) ;
#7783 = CARTESIAN_POINT ( 'NONE',  ( 0.9499999999999999600, -2.799999999999999400, -9.940000000000001300 ) ) ;
#7784 =( GEOMETRIC_REPRESENTATION_CONTEXT ( 3 ) GLOBAL_UNCERTAINTY_ASSIGNED_CONTEXT ( ( #2161 ) ) GLOBAL_UNIT_ASSIGNED_CONTEXT ( ( #7224, #3263, #7885 ) ) REPRESENTATION_CONTEXT ( 'NONE', 'WORKASPACE' ) );
#7785 =( LENGTH_UNIT ( ) NAMED_UNIT ( * ) SI_UNIT ( .MILLI., .METRE. ) );
#7786 = SURFACE_STYLE_FILL_AREA ( #3872 ) ;
#7787 = VERTEX_POINT ( 'NONE', #5094 ) ;
#7788 = STYLED_ITEM ( 'NONE', ( #5411 ), #6501 ) ;
#7789 = FACE_OUTER_BOUND ( 'NONE', #2846, .T. ) ;
#7790 = COLOUR_RGB ( '',0.7960784313725489700, 0.8235294117647058400, 0.9372549019607843100 ) ;
#7791 = EDGE_CURVE ( 'NONE', #2797, #4792, #6928, .T. ) ;
#7792 = VERTEX_POINT ( 'NONE', #5182 ) ;
#7793 = LINE ( 'NONE', #7478, #7582 ) ;
#7794 = EDGE_LOOP ( 'NONE', ( #1124, #3699, #8365, #7842, #3236, #3788, #7779, #97, #8145, #532, #1226, #2289, #6428, #1286, #5826, #5646, #5626, #3770, #837, #4193, #4623, #1681, #3739, #1555 ) ) ;
#7795 = ORIENTED_EDGE ( 'NONE', *, *, #7903, .T. ) ;
#7796 = PRESENTATION_LAYER_ASSIGNMENT (  '', '', ( #6925 ) ) ;
#7797 = FILL_AREA_STYLE_COLOUR ( '', #2616 ) ;
#7798 = AXIS2_PLACEMENT_3D ( 'NONE', #6247, #2214, #6904 ) ;
#7799 = CARTESIAN_POINT ( 'NONE',  ( 1.050000000000000000, 11.70000000000000100, -2.860000000000000300 ) ) ;
#7800 = DIRECTION ( 'NONE',  ( -0.7071067811865462400, 0.0000000000000000000, -0.7071067811865489100 ) ) ;
#7801 = ORIENTED_EDGE ( 'NONE', *, *, #7315, .F. ) ;
#7802 = EDGE_LOOP ( 'NONE', ( #3449, #2557, #5991, #5937 ) ) ;
#7803 = DIRECTION ( 'NONE',  ( 0.0000000000000000000, 0.0000000000000000000, 1.000000000000000000 ) ) ;
#7804 = CARTESIAN_POINT ( 'NONE',  ( 1.490000000000000000, -2.799999999999999400, -7.299999999999999800 ) ) ;
#7805 = PRESENTATION_STYLE_ASSIGNMENT (( #1773 ) ) ;
#7806 = COLOUR_RGB ( '',0.0000000000000000000, 0.003921568627450980300, 0.09019607843137254800 ) ;
#7807 = DIRECTION ( 'NONE',  ( -1.000000000000000000, -0.0000000000000000000, -1.232047923278982200E-016 ) ) ;
#7808 = VERTEX_POINT ( 'NONE', #470 ) ;
#7809 = CARTESIAN_POINT ( 'NONE',  ( -1.050000000000000000, -2.799999999999999400, -7.299999999999999800 ) ) ;
#7810 = SURFACE_SIDE_STYLE ('',( #7909 ) ) ;
#7811 = LINE ( 'NONE', #1720, #6084 ) ;
#7812 = EDGE_CURVE ( 'NONE', #1351, #7792, #5187, .T. ) ;
#7813 = LINE ( 'NONE', #3683, #955 ) ;
#7814 = ORIENTED_EDGE ( 'NONE', *, *, #3949, .T. ) ;
#7815 = EDGE_CURVE ( 'NONE', #3434, #826, #3387, .T. ) ;
#7816 = ORIENTED_EDGE ( 'NONE', *, *, #6779, .F. ) ;
#7817 = STYLED_ITEM ( 'NONE', ( #3580 ), #481 ) ;
#7818 = EDGE_CURVE ( 'NONE', #4507, #7045, #22, .T. ) ;
#7819 = ORIENTED_EDGE ( 'NONE', *, *, #4998, .F. ) ;
#7820 =( NAMED_UNIT ( * ) PLANE_ANGLE_UNIT ( ) SI_UNIT ( $, .RADIAN. ) );
#7821 = UNCERTAINTY_MEASURE_WITH_UNIT (LENGTH_MEASURE( 1.000000000000000100E-005 ), #6806, 'distance_accuracy_value', 'NONE');
#7822 = SURFACE_SIDE_STYLE ('',( #4053 ) ) ;
#7823 = FILL_AREA_STYLE_COLOUR ( '', #5000 ) ;
#7824 = VECTOR ( 'NONE', #6131, 1000.000000000000000 ) ;
#7825 = CARTESIAN_POINT ( 'NONE',  ( 0.9499999999999999600, -2.799999999999999400, -0.2200000000000000000 ) ) ;
#7826 = CARTESIAN_POINT ( 'NONE',  ( -1.590000000000000300, 11.70000000000000100, -2.760000000000000200 ) ) ;
#7827 = FACE_OUTER_BOUND ( 'NONE', #3589, .T. ) ;
#7828 = SURFACE_STYLE_USAGE ( .BOTH. , #3190 ) ;
#7829 = DIRECTION ( 'NONE',  ( -0.7071067811865470200, -0.0000000000000000000, -0.7071067811865481300 ) ) ;
#7830 = SURFACE_STYLE_FILL_AREA ( #8141 ) ;
#7832 = FACE_OUTER_BOUND ( 'NONE', #499, .T. ) ;
#7831 = STYLED_ITEM ( 'NONE', ( #6057 ), #5424 ) ;
#7833 = PRESENTATION_LAYER_ASSIGNMENT (  '', '', ( #6959 ) ) ;
#7834 = FILL_AREA_STYLE ('',( #7166 ) ) ;
#7835 = VECTOR ( 'NONE', #734, 1000.000000000000000 ) ;
#7836 = PRESENTATION_LAYER_ASSIGNMENT (  '', '', ( #6963 ) ) ;
#7837 = SURFACE_SIDE_STYLE ('',( #1145 ) ) ;
#7838 = FILL_AREA_STYLE_COLOUR ( '', #8029 ) ;
#7839 = DIRECTION ( 'NONE',  ( -1.000000000000000000, -0.0000000000000000000, -1.232047923278982200E-016 ) ) ;
#7840 = SURFACE_SIDE_STYLE ('',( #5459 ) ) ;
#7841 = EDGE_CURVE ( 'NONE', #980, #8281, #4957, .T. ) ;
#7842 = ORIENTED_EDGE ( 'NONE', *, *, #8175, .F. ) ;
#7843 = SURFACE_SIDE_STYLE ('',( #7710 ) ) ;
#7844 = AXIS2_PLACEMENT_3D ( 'NONE', #8059, #4133, #100 ) ;
#7845 = UNCERTAINTY_MEASURE_WITH_UNIT (LENGTH_MEASURE( 1.000000000000000100E-005 ), #1603, 'distance_accuracy_value', 'NONE');
#7846 = CARTESIAN_POINT ( 'NONE',  ( 1.590000000000000100, -2.799999999999999400, 0.2199999999999999200 ) ) ;
#7847 = CARTESIAN_POINT ( 'NONE',  ( -1.490000000000000200, 11.70000000000000100, -9.840000000000001600 ) ) ;
#7848 = LINE ( 'NONE', #7639, #7645 ) ;
#7849 = FILL_AREA_STYLE ('',( #1198 ) ) ;
#7850 = FILL_AREA_STYLE_COLOUR ( '', #3049 ) ;
#7851 = DIRECTION ( 'NONE',  ( -0.0000000000000000000, -0.0000000000000000000, -1.000000000000000000 ) ) ;
#7852 = VERTEX_POINT ( 'NONE', #1840 ) ;
#7853 = AXIS2_PLACEMENT_3D ( 'NONE', #6795, #2812, #7449 ) ;
#7854 = PRESENTATION_LAYER_ASSIGNMENT (  '', '', ( #6991 ) ) ;
#7855 = CARTESIAN_POINT ( 'NONE',  ( 1.050000000000000000, 11.70000000000000100, -13.02000000000000100 ) ) ;
#7856 = CARTESIAN_POINT ( 'NONE',  ( -1.050000000000000000, -2.799999999999999400, -0.3200000000000000600 ) ) ;
#7857 = DIRECTION ( 'NONE',  ( 0.0000000000000000000, -0.0000000000000000000, -1.000000000000000000 ) ) ;
#7858 = MECHANICAL_DESIGN_GEOMETRIC_PRESENTATION_REPRESENTATION (  '', ( #6541 ), #8304 ) ;
#7859 = LINE ( 'NONE', #1086, #2556 ) ;
#7860 = ORIENTED_EDGE ( 'NONE', *, *, #4809, .F. ) ;
#7861 = SURFACE_STYLE_USAGE ( .BOTH. , #3222 ) ;
#7862 = DIRECTION ( 'NONE',  ( 0.7071067811865477900, 0.0000000000000000000, -0.7071067811865473500 ) ) ;
#7863 =( NAMED_UNIT ( * ) PLANE_ANGLE_UNIT ( ) SI_UNIT ( $, .RADIAN. ) );
#7864 = CARTESIAN_POINT ( 'NONE',  ( -1.050000000000000000, -2.799999999999999400, -7.299999999999999800 ) ) ;
#7865 = EDGE_CURVE ( 'NONE', #4775, #5876, #2972, .T. ) ;
#7866 = VECTOR ( 'NONE', #7245, 1000.000000000000000 ) ;
#7867 = ADVANCED_FACE ( 'NONE', ( #3176 ), #6522, .T. ) ;
#7868 = DIRECTION ( 'NONE',  ( 1.000000000000000000, 0.0000000000000000000, 0.0000000000000000000 ) ) ;
#7869 = VECTOR ( 'NONE', #3079, 1000.000000000000000 ) ;
#7870 = PRESENTATION_STYLE_ASSIGNMENT (( #6384 ) ) ;
#7871 = SURFACE_SIDE_STYLE ('',( #3195 ) ) ;
#7872 = FILL_AREA_STYLE ('',( #7823 ) ) ;
#7873 = AXIS2_PLACEMENT_3D ( 'NONE', #3797, #8407, #4474 ) ;
#7874 = ORIENTED_EDGE ( 'NONE', *, *, #4764, .F. ) ;
#7875 = PRESENTATION_STYLE_ASSIGNMENT (( #5301 ) ) ;
#7876 = VERTEX_POINT ( 'NONE', #2524 ) ;
#7877 = LINE ( 'NONE', #4378, #4387 ) ;
#7878 =( LENGTH_UNIT ( ) NAMED_UNIT ( * ) SI_UNIT ( .MILLI., .METRE. ) );
#7879 = FACE_OUTER_BOUND ( 'NONE', #3301, .T. ) ;
#7880 = VECTOR ( 'NONE', #202, 1000.000000000000000 ) ;
#7881 = AXIS2_PLACEMENT_3D ( 'NONE', #7290, #3329, #7949 ) ;
#7882 = ORIENTED_EDGE ( 'NONE', *, *, #7257, .T. ) ;
#7883 = ORIENTED_EDGE ( 'NONE', *, *, #1404, .F. ) ;
#7884 = LINE ( 'NONE', #29, #7697 ) ;
#7885 =( NAMED_UNIT ( * ) SI_UNIT ( $, .STERADIAN. ) SOLID_ANGLE_UNIT ( ) );
#7886 = ORIENTED_EDGE ( 'NONE', *, *, #5902, .F. ) ;
#7887 = LINE ( 'NONE', #4873, #2594 ) ;
#7888 = CARTESIAN_POINT ( 'NONE',  ( -1.490000000000000200, -2.799999999999999400, -12.38000000000000300 ) ) ;
#7889 = STYLED_ITEM ( 'NONE', ( #4765 ), #5812 ) ;
#7890 =( LENGTH_UNIT ( ) NAMED_UNIT ( * ) SI_UNIT ( .MILLI., .METRE. ) );
#7891 = ORIENTED_EDGE ( 'NONE', *, *, #7812, .F. ) ;
#7892 = UNCERTAINTY_MEASURE_WITH_UNIT (LENGTH_MEASURE( 1.000000000000000100E-005 ), #4896, 'distance_accuracy_value', 'NONE');
#7893 = MECHANICAL_DESIGN_GEOMETRIC_PRESENTATION_REPRESENTATION (  '', ( #6582 ), #8346 ) ;
#7894 = ORIENTED_EDGE ( 'NONE', *, *, #3142, .F. ) ;
#7895 = VERTEX_POINT ( 'NONE', #3912 ) ;
#7896 = VECTOR ( 'NONE', #8630, 1000.000000000000000 ) ;
#7897 = FILL_AREA_STYLE_COLOUR ( '', #2914 ) ;
#7898 = COLOUR_RGB ( '',0.0000000000000000000, 0.003921568627450980300, 0.09019607843137254800 ) ;
#7899 = ORIENTED_EDGE ( 'NONE', *, *, #6506, .F. ) ;
#7900 = ORIENTED_EDGE ( 'NONE', *, *, #6289, .F. ) ;
#7901 = CARTESIAN_POINT ( 'NONE',  ( 2.140000000000000100, 0.0000000000000000000, -3.810000000000000100 ) ) ;
#7902 = COLOUR_RGB ( '',0.7960784313725489700, 0.8235294117647058400, 0.9372549019607843100 ) ;
#7903 = EDGE_CURVE ( 'NONE', #507, #394, #558, .T. ) ;
#7904 = ORIENTED_EDGE ( 'NONE', *, *, #3792, .T. ) ;
#7905 = AXIS2_PLACEMENT_3D ( 'NONE', #7908, #3959, #8573 ) ;
#7906 = CARTESIAN_POINT ( 'NONE',  ( 1.590000000000000100, -2.799999999999999400, -0.2200000000000001400 ) ) ;
#7907 =( NAMED_UNIT ( * ) PLANE_ANGLE_UNIT ( ) SI_UNIT ( $, .RADIAN. ) );
#7908 = CARTESIAN_POINT ( 'NONE',  ( 2.140000000000000100, 1.700000000000000000, -6.350000000000000500 ) ) ;
#7909 = SURFACE_STYLE_FILL_AREA ( #3172 ) ;
#7910 = DIRECTION ( 'NONE',  ( 0.0000000000000000000, 1.000000000000000000, 0.0000000000000000000 ) ) ;
#7911 = ADVANCED_FACE ( 'NONE', ( #7423 ), #1236, .T. ) ;
#7912 = ORIENTED_EDGE ( 'NONE', *, *, #7056, .T. ) ;
#7913 = PRESENTATION_LAYER_ASSIGNMENT (  '', '', ( #7046 ) ) ;
#7914 = ORIENTED_EDGE ( 'NONE', *, *, #8635, .T. ) ;
#7915 =( LENGTH_UNIT ( ) NAMED_UNIT ( * ) SI_UNIT ( .MILLI., .METRE. ) );
#7916 = DIRECTION ( 'NONE',  ( 0.7071067811865470200, 0.0000000000000000000, -0.7071067811865481300 ) ) ;
#7917 = ORIENTED_EDGE ( 'NONE', *, *, #7937, .T. ) ;
#7918 = VECTOR ( 'NONE', #3507, 999.9999999999998900 ) ;
#7919 = ORIENTED_EDGE ( 'NONE', *, *, #5469, .F. ) ;
#7920 = UNCERTAINTY_MEASURE_WITH_UNIT (LENGTH_MEASURE( 1.000000000000000100E-005 ), #1001, 'distance_accuracy_value', 'NONE');
#7921 = FACE_OUTER_BOUND ( 'NONE', #2707, .T. ) ;
#7922 = MECHANICAL_DESIGN_GEOMETRIC_PRESENTATION_REPRESENTATION (  '', ( #6609 ), #8372 ) ;
#7923 = EDGE_CURVE ( 'NONE', #5342, #3102, #6819, .T. ) ;
#7924 =( LENGTH_UNIT ( ) NAMED_UNIT ( * ) SI_UNIT ( .MILLI., .METRE. ) );
#7925 = ORIENTED_EDGE ( 'NONE', *, *, #2691, .T. ) ;
#7926 = CARTESIAN_POINT ( 'NONE',  ( 1.050000000000000000, -2.799999999999999400, -7.940000000000001300 ) ) ;
#7927 = PLANE ( 'NONE',  #7881 ) ;
#7928 = UNCERTAINTY_MEASURE_WITH_UNIT (LENGTH_MEASURE( 1.000000000000000100E-005 ), #7915, 'distance_accuracy_value', 'NONE');
#7929 = FILL_AREA_STYLE_COLOUR ( '', #6938 ) ;
#7930 = PRESENTATION_LAYER_ASSIGNMENT (  '', '', ( #7066 ) ) ;
#7931 = CARTESIAN_POINT ( 'NONE',  ( -1.050000000000000000, -2.799999999999999400, -12.38000000000000300 ) ) ;
#7932 = DIRECTION ( 'NONE',  ( -0.0000000000000000000, -0.0000000000000000000, -1.000000000000000000 ) ) ;
#7933 = AXIS2_PLACEMENT_3D ( 'NONE', #7098, #3115, #7760 ) ;
#7934 = ORIENTED_EDGE ( 'NONE', *, *, #1240, .T. ) ;
#7935 = CARTESIAN_POINT ( 'NONE',  ( -0.9499999999999999600, -2.799999999999999400, -5.299999999999999800 ) ) ;
#7936 = DIRECTION ( 'NONE',  ( 0.7071067811865487900, 0.0000000000000000000, -0.7071067811865463500 ) ) ;
#7937 = EDGE_CURVE ( 'NONE', #741, #3208, #3284, .T. ) ;
#7938 = SURFACE_STYLE_USAGE ( .BOTH. , #3316 ) ;
#7939 = EDGE_CURVE ( 'NONE', #3707, #8523, #5080, .T. ) ;
#7940 = VERTEX_POINT ( 'NONE', #6603 ) ;
#7941 = UNCERTAINTY_MEASURE_WITH_UNIT (LENGTH_MEASURE( 1.000000000000000100E-005 ), #7318, 'distance_accuracy_value', 'NONE');
#7942 = ADVANCED_FACE ( 'NONE', ( #1491 ), #3290, .T. ) ;
#7943 = ORIENTED_EDGE ( 'NONE', *, *, #6890, .T. ) ;
#7944 = FILL_AREA_STYLE ('',( #3323 ) ) ;
#7945 = STYLED_ITEM ( 'NONE', ( #8270 ), #7475 ) ;
#7946 = LINE ( 'NONE', #7192, #7763 ) ;
#7947 = VERTEX_POINT ( 'NONE', #2643 ) ;
#7948 =( LENGTH_UNIT ( ) NAMED_UNIT ( * ) SI_UNIT ( .MILLI., .METRE. ) );
#7949 = DIRECTION ( 'NONE',  ( -2.492418787322998300E-016, 0.0000000000000000000, -1.000000000000000000 ) ) ;
#7950 = DIRECTION ( 'NONE',  ( -1.000000000000000000, 0.0000000000000000000, 0.0000000000000000000 ) ) ;
#7951 =( LENGTH_UNIT ( ) NAMED_UNIT ( * ) SI_UNIT ( .MILLI., .METRE. ) );
#7952 = CARTESIAN_POINT ( 'NONE',  ( 1.050000000000000000, -2.799999999999999400, -2.220000000000000200 ) ) ;
#7953 = VECTOR ( 'NONE', #5393, 1000.000000000000000 ) ;
#7954 =( GEOMETRIC_REPRESENTATION_CONTEXT ( 3 ) GLOBAL_UNCERTAINTY_ASSIGNED_CONTEXT ( ( #2966 ) ) GLOBAL_UNIT_ASSIGNED_CONTEXT ( ( #6451, #2452, #7111 ) ) REPRESENTATION_CONTEXT ( 'NONE', 'WORKASPACE' ) );
#7955 = LINE ( 'NONE', #7661, #6235 ) ;
#7956 = FILL_AREA_STYLE ('',( #2661 ) ) ;
#7957 = CARTESIAN_POINT ( 'NONE',  ( 2.540000000000000900, 1.700000000000000000, -11.03000000000000100 ) ) ;
#7958 = EDGE_CURVE ( 'NONE', #6363, #3010, #1289, .T. ) ;
#7959 = SURFACE_STYLE_USAGE ( .BOTH. , #3343 ) ;
#7960 = LINE ( 'NONE', #5114, #1125 ) ;
#7961 = PRESENTATION_STYLE_ASSIGNMENT (( #1806 ) ) ;
#7962 = DIRECTION ( 'NONE',  ( 0.0000000000000000000, 0.0000000000000000000, 1.000000000000000000 ) ) ;
#7963 = VERTEX_POINT ( 'NONE', #4662 ) ;
#7964 = VERTEX_POINT ( 'NONE', #5352 ) ;
#7965 = CARTESIAN_POINT ( 'NONE',  ( 2.540000000000000900, 1.700000000000000000, -3.410000000000000600 ) ) ;
#7966 = EDGE_CURVE ( 'NONE', #1882, #7852, #4025, .T. ) ;
#7967 = EDGE_CURVE ( 'NONE', #5625, #5017, #5797, .T. ) ;
#7968 = FACE_OUTER_BOUND ( 'NONE', #5351, .T. ) ;
#7969 = CARTESIAN_POINT ( 'NONE',  ( -0.9499999999999999600, -2.799999999999999400, -12.92000000000000200 ) ) ;
#7970 = ORIENTED_EDGE ( 'NONE', *, *, #4436, .T. ) ;
#7971 = ORIENTED_EDGE ( 'NONE', *, *, #6456, .F. ) ;
#7972 = PLANE ( 'NONE',  #5217 ) ;
#7973 =( GEOMETRIC_REPRESENTATION_CONTEXT ( 3 ) GLOBAL_UNCERTAINTY_ASSIGNED_CONTEXT ( ( #5747 ) ) GLOBAL_UNIT_ASSIGNED_CONTEXT ( ( #2575, #7225, #3265 ) ) REPRESENTATION_CONTEXT ( 'NONE', 'WORKASPACE' ) );
#7974 =( NAMED_UNIT ( * ) SI_UNIT ( $, .STERADIAN. ) SOLID_ANGLE_UNIT ( ) );
#7975 = LINE ( 'NONE', #3743, #1140 ) ;
#7976 = UNCERTAINTY_MEASURE_WITH_UNIT (LENGTH_MEASURE( 1.000000000000000100E-005 ), #2253, 'distance_accuracy_value', 'NONE');
#7977 = AXIS2_PLACEMENT_3D ( 'NONE', #3023, #7669, #3721 ) ;
#7978 = DIRECTION ( 'NONE',  ( 0.7071067811865470200, 0.0000000000000000000, -0.7071067811865481300 ) ) ;
#7979 =( NAMED_UNIT ( * ) PLANE_ANGLE_UNIT ( ) SI_UNIT ( $, .RADIAN. ) );
#7980 =( LENGTH_UNIT ( ) NAMED_UNIT ( * ) SI_UNIT ( .MILLI., .METRE. ) );
#7981 = FACE_OUTER_BOUND ( 'NONE', #730, .T. ) ;
#7982 = VERTEX_POINT ( 'NONE', #8643 ) ;
#7983 =( LENGTH_UNIT ( ) NAMED_UNIT ( * ) SI_UNIT ( .MILLI., .METRE. ) );
#7984 = EDGE_LOOP ( 'NONE', ( #656, #2638, #7495, #3006 ) ) ;
#7985 = ADVANCED_FACE ( 'NONE', ( #4240 ), #4033, .F. ) ;
#7986 = AXIS2_PLACEMENT_3D ( 'NONE', #4971, #967, #5647 ) ;
#7987 = ORIENTED_EDGE ( 'NONE', *, *, #2146, .F. ) ;
#7988 =( GEOMETRIC_REPRESENTATION_CONTEXT ( 3 ) GLOBAL_UNCERTAINTY_ASSIGNED_CONTEXT ( ( #7310 ) ) GLOBAL_UNIT_ASSIGNED_CONTEXT ( ( #296, #4993, #992 ) ) REPRESENTATION_CONTEXT ( 'NONE', 'WORKASPACE' ) );
#7989 = UNCERTAINTY_MEASURE_WITH_UNIT (LENGTH_MEASURE( 1.000000000000000100E-005 ), #8406, 'distance_accuracy_value', 'NONE');
#7990 = ORIENTED_EDGE ( 'NONE', *, *, #171, .T. ) ;
#7991 = CARTESIAN_POINT ( 'NONE',  ( -1.590000000000000300, 11.70000000000000100, 0.2199999999999998100 ) ) ;
#7992 = DIRECTION ( 'NONE',  ( 0.0000000000000000000, -0.0000000000000000000, 1.000000000000000000 ) ) ;
#7993 = COLOUR_RGB ( '',0.7960784313725489700, 0.8235294117647058400, 0.9372549019607843100 ) ;
#7994 = VECTOR ( 'NONE', #3970, 1000.000000000000000 ) ;
#7995 =( NAMED_UNIT ( * ) PLANE_ANGLE_UNIT ( ) SI_UNIT ( $, .RADIAN. ) );
#7996 = COLOUR_RGB ( '',0.7960784313725489700, 0.8235294117647058400, 0.9372549019607843100 ) ;
#7997 = STYLED_ITEM ( 'NONE', ( #4863 ), #7053 ) ;
#7998 = FACE_OUTER_BOUND ( 'NONE', #6800, .T. ) ;
#7999 = ORIENTED_EDGE ( 'NONE', *, *, #6509, .F. ) ;
#8000 = COLOUR_RGB ( '',0.7960784313725489700, 0.8235294117647058400, 0.9372549019607843100 ) ;
#8001 =( NAMED_UNIT ( * ) PLANE_ANGLE_UNIT ( ) SI_UNIT ( $, .RADIAN. ) );
#8002 = DIRECTION ( 'NONE',  ( -1.232047923278982000E-016, 0.0000000000000000000, 1.000000000000000000 ) ) ;
#8003 = PRESENTATION_STYLE_ASSIGNMENT (( #5774 ) ) ;
#8004 = DIRECTION ( 'NONE',  ( -1.000000000000000000, 0.0000000000000000000, -0.0000000000000000000 ) ) ;
#8005 =( NAMED_UNIT ( * ) SI_UNIT ( $, .STERADIAN. ) SOLID_ANGLE_UNIT ( ) );
#8006 = CARTESIAN_POINT ( 'NONE',  ( -1.050000000000000000, -2.799999999999999400, -0.3200000000000000600 ) ) ;
#8007 = AXIS2_PLACEMENT_3D ( 'NONE', #6853, #6763, #6886 ) ;
#8008 = VECTOR ( 'NONE', #1639, 1000.000000000000000 ) ;
#8009 = ORIENTED_EDGE ( 'NONE', *, *, #1695, .F. ) ;
#8010 = FACE_OUTER_BOUND ( 'NONE', #8014, .T. ) ;
#8011 = PRESENTATION_LAYER_ASSIGNMENT (  '', '', ( #7135 ) ) ;
#8012 = DIRECTION ( 'NONE',  ( 0.0000000000000000000, 0.0000000000000000000, 1.000000000000000000 ) ) ;
#8013 = DIRECTION ( 'NONE',  ( -0.7071067811865477900, -0.0000000000000000000, -0.7071067811865473500 ) ) ;
#8014 = EDGE_LOOP ( 'NONE', ( #6460, #287, #7090, #4612 ) ) ;
#8015 =( NAMED_UNIT ( * ) SI_UNIT ( $, .STERADIAN. ) SOLID_ANGLE_UNIT ( ) );
#8016 = DIRECTION ( 'NONE',  ( 1.000000000000000000, 0.0000000000000000000, 1.232047923278982200E-016 ) ) ;
#8017 = CARTESIAN_POINT ( 'NONE',  ( -2.540000000000000000, 0.0000000000000000000, -11.06342105263158100 ) ) ;
#8018 = DIRECTION ( 'NONE',  ( 1.000000000000000000, 0.0000000000000000000, 1.232047923278982000E-016 ) ) ;
#8019 = FILL_AREA_STYLE_COLOUR ( '', #5570 ) ;
#8020 = EDGE_CURVE ( 'NONE', #7787, #5213, #439, .T. ) ;
#8021 = DIRECTION ( 'NONE',  ( -0.7071067811865469100, -0.0000000000000000000, 0.7071067811865482400 ) ) ;
#8022 = EDGE_LOOP ( 'NONE', ( #3234, #6900, #8331, #3629 ) ) ;
#8023 = ADVANCED_FACE ( 'NONE', ( #3166 ), #7307, .F. ) ;
#8024 = STYLED_ITEM ( 'NONE', ( #58 ), #1078 ) ;
#8025 = SURFACE_STYLE_USAGE ( .BOTH. , #3410 ) ;
#8026 = SURFACE_SIDE_STYLE ('',( #4190 ) ) ;
#8027 = DIRECTION ( 'NONE',  ( -0.0000000000000000000, -0.0000000000000000000, -1.000000000000000000 ) ) ;
#8028 =( NAMED_UNIT ( * ) SI_UNIT ( $, .STERADIAN. ) SOLID_ANGLE_UNIT ( ) );
#8029 = COLOUR_RGB ( '',0.7960784313725489700, 0.8235294117647058400, 0.9372549019607843100 ) ;
#8030 = FILL_AREA_STYLE_COLOUR ( '', #3341 ) ;
#8031 = CARTESIAN_POINT ( 'NONE',  ( 2.540000000000000900, 0.0000000000000000000, -11.03000000000000100 ) ) ;
#8032 = ORIENTED_EDGE ( 'NONE', *, *, #8645, .T. ) ;
#8033 = CARTESIAN_POINT ( 'NONE',  ( -1.590000000000000300, 11.70000000000000100, -7.839999999999999900 ) ) ;
#8034 =( GEOMETRIC_REPRESENTATION_CONTEXT ( 3 ) GLOBAL_UNCERTAINTY_ASSIGNED_CONTEXT ( ( #5541 ) ) GLOBAL_UNIT_ASSIGNED_CONTEXT ( ( #518, #5219, #1196 ) ) REPRESENTATION_CONTEXT ( 'NONE', 'WORKASPACE' ) );
#8035 = AXIS2_PLACEMENT_3D ( 'NONE', #662, #5373, #1338 ) ;
#8036 = CARTESIAN_POINT ( 'NONE',  ( -2.540000000000000000, 0.0000000000000000000, -3.443421052631578900 ) ) ;
#8037 = DIRECTION ( 'NONE',  ( -0.7071067811865464600, 0.0000000000000000000, 0.7071067811865486800 ) ) ;
#8038 = STYLED_ITEM ( 'NONE', ( #2159 ), #3085 ) ;
#8039 = MECHANICAL_DESIGN_GEOMETRIC_PRESENTATION_REPRESENTATION (  '', ( #6738 ), #8493 ) ;
#8040 = ORIENTED_EDGE ( 'NONE', *, *, #822, .F. ) ;
#8041 = PRESENTATION_LAYER_ASSIGNMENT (  '', '', ( #7176 ) ) ;
#8042 = FILL_AREA_STYLE_COLOUR ( '', #7480 ) ;
#8043 = FILL_AREA_STYLE ('',( #7397 ) ) ;
#8044 =( NAMED_UNIT ( * ) PLANE_ANGLE_UNIT ( ) SI_UNIT ( $, .RADIAN. ) );
#8045 = EDGE_CURVE ( 'NONE', #7045, #2124, #6110, .T. ) ;
#8046 = DIRECTION ( 'NONE',  ( 0.0000000000000000000, -1.000000000000000000, 0.0000000000000000000 ) ) ;
#8047 = DIRECTION ( 'NONE',  ( 0.0000000000000000000, 0.0000000000000000000, -1.000000000000000000 ) ) ;
#8048 = FACE_OUTER_BOUND ( 'NONE', #3217, .T. ) ;
#8049 = ORIENTED_EDGE ( 'NONE', *, *, #219, .T. ) ;
#8050 = VECTOR ( 'NONE', #6555, 1000.000000000000000 ) ;
#8051 = EDGE_CURVE ( 'NONE', #412, #1846, #2531, .T. ) ;
#8052 = PLANE ( 'NONE',  #383 ) ;
#8053 = CARTESIAN_POINT ( 'NONE',  ( 2.540000000000000900, 1.700000000000000000, 0.8699999999999996600 ) ) ;
#8054 =( GEOMETRIC_REPRESENTATION_CONTEXT ( 3 ) GLOBAL_UNCERTAINTY_ASSIGNED_CONTEXT ( ( #4309 ) ) GLOBAL_UNIT_ASSIGNED_CONTEXT ( ( #3131, #7773, #3822 ) ) REPRESENTATION_CONTEXT ( 'NONE', 'WORKASPACE' ) );
#8055 = DIRECTION ( 'NONE',  ( -0.0000000000000000000, -1.000000000000000000, -0.0000000000000000000 ) ) ;
#8056 = MECHANICAL_DESIGN_GEOMETRIC_PRESENTATION_REPRESENTATION (  '', ( #6752 ), #8511 ) ;
#8057 = LINE ( 'NONE', #5259, #2781 ) ;
#8058 = LINE ( 'NONE', #4572, #2990 ) ;
#8059 = CARTESIAN_POINT ( 'NONE',  ( 2.140000000000000100, 1.700000000000000000, -1.270000000000000000 ) ) ;
#8060 = FILL_AREA_STYLE ('',( #4135 ) ) ;
#8061 = CARTESIAN_POINT ( 'NONE',  ( 0.9499999999999999600, -2.799999999999999400, -9.940000000000001300 ) ) ;
#8062 = FILL_AREA_STYLE ('',( #73 ) ) ;
#8063 = DIRECTION ( 'NONE',  ( 0.7348718659067219300, 0.0000000000000000000, -0.6782059721786390900 ) ) ;
#8064 = AXIS2_PLACEMENT_3D ( 'NONE', #1414, #6112, #2073 ) ;
#8065 = FILL_AREA_STYLE ('',( #6121 ) ) ;
#8066 = LINE ( 'NONE', #4024, #4575 ) ;
#8067 = CARTESIAN_POINT ( 'NONE',  ( 2.140000000000000100, 1.700000000000000000, -8.890000000000000600 ) ) ;
#8068 = ADVANCED_FACE ( 'NONE', ( #4128 ), #2751, .F. ) ;
#8069 = VECTOR ( 'NONE', #2341, 1000.000000000000000 ) ;
#8070 = ORIENTED_EDGE ( 'NONE', *, *, #1791, .F. ) ;
#8071 = EDGE_LOOP ( 'NONE', ( #7912, #4825, #594, #335 ) ) ;
#8072 = EDGE_CURVE ( 'NONE', #3022, #4304, #5279, .T. ) ;
#8073 = ORIENTED_EDGE ( 'NONE', *, *, #6650, .F. ) ;
#8074 = CARTESIAN_POINT ( 'NONE',  ( 2.140000000000000100, 1.700000000000000000, -16.51000000000000200 ) ) ;
#8075 = DIRECTION ( 'NONE',  ( -0.0000000000000000000, -1.000000000000000000, -0.0000000000000000000 ) ) ;
#8076 = ORIENTED_EDGE ( 'NONE', *, *, #7256, .T. ) ;
#8077 = ORIENTED_EDGE ( 'NONE', *, *, #1142, .T. ) ;
#8078 = ORIENTED_EDGE ( 'NONE', *, *, #4512, .F. ) ;
#8079 = CARTESIAN_POINT ( 'NONE',  ( -1.590000000000000300, -2.799999999999999400, 0.2199999999999998100 ) ) ;
#8080 = SURFACE_STYLE_USAGE ( .BOTH. , #3468 ) ;
#8081 = PRESENTATION_LAYER_ASSIGNMENT (  '', '', ( #7208 ) ) ;
#8082 = EDGE_CURVE ( 'NONE', #2589, #1007, #7025, .T. ) ;
#8083 = ORIENTED_EDGE ( 'NONE', *, *, #3177, .F. ) ;
#8084 = ORIENTED_EDGE ( 'NONE', *, *, #4833, .F. ) ;
#8085 = SURFACE_SIDE_STYLE ('',( #1582 ) ) ;
#8086 = CARTESIAN_POINT ( 'NONE',  ( 1.490000000000000000, 11.70000000000000100, -5.400000000000000400 ) ) ;
#8087 = VECTOR ( 'NONE', #4243, 1000.000000000000000 ) ;
#8088 = ORIENTED_EDGE ( 'NONE', *, *, #3305, .F. ) ;
#8089 = VERTEX_POINT ( 'NONE', #797 ) ;
#8090 = AXIS2_PLACEMENT_3D ( 'NONE', #888, #5569, #1543 ) ;
#8091 = ORIENTED_EDGE ( 'NONE', *, *, #4383, .F. ) ;
#8092 = PRESENTATION_LAYER_ASSIGNMENT (  '', '', ( #7219 ) ) ;
#8093 = STYLED_ITEM ( 'NONE', ( #8201 ), #2692 ) ;
#8094 = SURFACE_SIDE_STYLE ('',( #8461 ) ) ;
#8095 = VECTOR ( 'NONE', #5989, 1000.000000000000000 ) ;
#8096 = PLANE ( 'NONE',  #7031 ) ;
#8097 = ORIENTED_EDGE ( 'NONE', *, *, #3473, .T. ) ;
#8098 =( LENGTH_UNIT ( ) NAMED_UNIT ( * ) SI_UNIT ( .MILLI., .METRE. ) );
#8099 =( LENGTH_UNIT ( ) NAMED_UNIT ( * ) SI_UNIT ( .MILLI., .METRE. ) );
#8100 = UNCERTAINTY_MEASURE_WITH_UNIT (LENGTH_MEASURE( 1.000000000000000100E-005 ), #5452, 'distance_accuracy_value', 'NONE');
#8101 = CARTESIAN_POINT ( 'NONE',  ( 1.050000000000000000, -2.799999999999999400, -5.400000000000000400 ) ) ;
#8102 =( GEOMETRIC_REPRESENTATION_CONTEXT ( 3 ) GLOBAL_UNCERTAINTY_ASSIGNED_CONTEXT ( ( #5586 ) ) GLOBAL_UNIT_ASSIGNED_CONTEXT ( ( #7544, #3588, #8195 ) ) REPRESENTATION_CONTEXT ( 'NONE', 'WORKASPACE' ) );
#8103 = VERTEX_POINT ( 'NONE', #4800 ) ;
#8104 = LINE ( 'NONE', #7864, #4615 ) ;
#8105 = EDGE_CURVE ( 'NONE', #528, #7718, #5071, .T. ) ;
#8106 = AXIS2_PLACEMENT_3D ( 'NONE', #3421, #8037, #4114 ) ;
#8107 = EDGE_CURVE ( 'NONE', #7032, #4038, #6811, .T. ) ;
#8108 =( NAMED_UNIT ( * ) PLANE_ANGLE_UNIT ( ) SI_UNIT ( $, .RADIAN. ) );
#8109 = CARTESIAN_POINT ( 'NONE',  ( -1.590000000000000300, -2.799999999999999400, -12.48000000000000200 ) ) ;
#8110 = CARTESIAN_POINT ( 'NONE',  ( 0.0000000000000000000, -2.799999999999999400, -10.16000000000000000 ) ) ;
#8111 = VERTEX_POINT ( 'NONE', #7422 ) ;
#8112 =( NAMED_UNIT ( * ) SI_UNIT ( $, .STERADIAN. ) SOLID_ANGLE_UNIT ( ) );
#8113 = VECTOR ( 'NONE', #4599, 1000.000000000000000 ) ;
#8114 = ORIENTED_EDGE ( 'NONE', *, *, #1240, .F. ) ;
#8115 = ADVANCED_FACE ( 'NONE', ( #1698 ), #4181, .F. ) ;
#8116 = DIRECTION ( 'NONE',  ( -0.0000000000000000000, -1.000000000000000000, -0.0000000000000000000 ) ) ;
#8117 = ORIENTED_EDGE ( 'NONE', *, *, #23, .F. ) ;
#8118 = FILL_AREA_STYLE_COLOUR ( '', #3934 ) ;
#8119 = PRESENTATION_STYLE_ASSIGNMENT (( #845 ) ) ;
#8120 = MECHANICAL_DESIGN_GEOMETRIC_PRESENTATION_REPRESENTATION (  '', ( #6815 ), #8575 ) ;
#8121 =( NAMED_UNIT ( * ) PLANE_ANGLE_UNIT ( ) SI_UNIT ( $, .RADIAN. ) );
#8122 = FILL_AREA_STYLE_COLOUR ( '', #6196 ) ;
#8123 = STYLED_ITEM ( 'NONE', ( #427 ), #301 ) ;
#8124 = VECTOR ( 'NONE', #6494, 1000.000000000000000 ) ;
#8125 = DIRECTION ( 'NONE',  ( -0.7071067811865477900, -0.0000000000000000000, -0.7071067811865473500 ) ) ;
#8126 =( NAMED_UNIT ( * ) SI_UNIT ( $, .STERADIAN. ) SOLID_ANGLE_UNIT ( ) );
#8127 = SURFACE_SIDE_STYLE ('',( #7288 ) ) ;
#8128 = VERTEX_POINT ( 'NONE', #8109 ) ;
#8129 = PRESENTATION_STYLE_ASSIGNMENT (( #245 ) ) ;
#8130 = EDGE_CURVE ( 'NONE', #8416, #3470, #868, .T. ) ;
#8131 = EDGE_CURVE ( 'NONE', #697, #5229, #5999, .T. ) ;
#8132 = DIRECTION ( 'NONE',  ( 0.0000000000000000000, 1.000000000000000000, 0.0000000000000000000 ) ) ;
#8133 = CARTESIAN_POINT ( 'NONE',  ( 1.050000000000000000, 11.70000000000000100, -5.400000000000000400 ) ) ;
#8134 = PRESENTATION_STYLE_ASSIGNMENT (( #5318 ) ) ;
#8135 = DIRECTION ( 'NONE',  ( 0.0000000000000000000, 1.000000000000000000, 0.0000000000000000000 ) ) ;
#8136 = PLANE ( 'NONE',  #6797 ) ;
#8137 =( NAMED_UNIT ( * ) SI_UNIT ( $, .STERADIAN. ) SOLID_ANGLE_UNIT ( ) );
#8138 = LINE ( 'NONE', #217, #6415 ) ;
#8139 = VERTEX_POINT ( 'NONE', #4214 ) ;
#8140 = PRODUCT_DEFINITION_SHAPE ( 'NONE', 'NONE',  #2997 ) ;
#8141 = FILL_AREA_STYLE ('',( #6842 ) ) ;
#8142 = PRESENTATION_LAYER_ASSIGNMENT (  '', '', ( #7734 ) ) ;
#8143 = CARTESIAN_POINT ( 'NONE',  ( 1.490000000000000000, 11.70000000000000100, -14.92000000000000200 ) ) ;
#8144 = VECTOR ( 'NONE', #8013, 999.9999999999998900 ) ;
#8145 = ORIENTED_EDGE ( 'NONE', *, *, #8425, .F. ) ;
#8146 = UNCERTAINTY_MEASURE_WITH_UNIT (LENGTH_MEASURE( 1.000000000000000100E-005 ), #4768, 'distance_accuracy_value', 'NONE');
#8147 = DIRECTION ( 'NONE',  ( 0.0000000000000000000, 0.0000000000000000000, -1.000000000000000000 ) ) ;
#8148 =( NAMED_UNIT ( * ) PLANE_ANGLE_UNIT ( ) SI_UNIT ( $, .RADIAN. ) );
#8149 = MECHANICAL_DESIGN_GEOMETRIC_PRESENTATION_REPRESENTATION (  '', ( #6849 ), #8606 ) ;
#8150 = ORIENTED_EDGE ( 'NONE', *, *, #1247, .T. ) ;
#8151 = VECTOR ( 'NONE', #4262, 1000.000000000000000 ) ;
#8152 = ORIENTED_EDGE ( 'NONE', *, *, #2894, .F. ) ;
#8153 =( LENGTH_UNIT ( ) NAMED_UNIT ( * ) SI_UNIT ( .MILLI., .METRE. ) );
#8154 = DIRECTION ( 'NONE',  ( 0.0000000000000000000, 1.000000000000000000, 0.0000000000000000000 ) ) ;
#8155 = DIRECTION ( 'NONE',  ( 0.0000000000000000000, 1.000000000000000000, 0.0000000000000000000 ) ) ;
#8156 = ADVANCED_FACE ( 'NONE', ( #646 ), #863, .T. ) ;
#8157 = VECTOR ( 'NONE', #6331, 1000.000000000000000 ) ;
#8158 = VECTOR ( 'NONE', #6647, 1000.000000000000100 ) ;
#8159 = FACE_OUTER_BOUND ( 'NONE', #4990, .T. ) ;
#8160 =( NAMED_UNIT ( * ) SI_UNIT ( $, .STERADIAN. ) SOLID_ANGLE_UNIT ( ) );
#8161 =( LENGTH_UNIT ( ) NAMED_UNIT ( * ) SI_UNIT ( .MILLI., .METRE. ) );
#8162 = COLOUR_RGB ( '',0.0000000000000000000, 0.003921568627450980300, 0.09019607843137254800 ) ;
#8163 = FILL_AREA_STYLE_COLOUR ( '', #6370 ) ;
#8164 = PRESENTATION_STYLE_ASSIGNMENT (( #5456 ) ) ;
#8165 = ORIENTED_EDGE ( 'NONE', *, *, #1906, .T. ) ;
#8166 = LINE ( 'NONE', #1128, #1324 ) ;
#8167 = EDGE_CURVE ( 'NONE', #942, #5761, #5, .T. ) ;
#8168 = ORIENTED_EDGE ( 'NONE', *, *, #8257, .F. ) ;
#8169 = DIRECTION ( 'NONE',  ( -0.0000000000000000000, -0.0000000000000000000, -1.000000000000000000 ) ) ;
#8170 = FILL_AREA_STYLE ('',( #6844 ) ) ;
#8171 = STYLED_ITEM ( 'NONE', ( #5590 ), #1717 ) ;
#8172 = DIRECTION ( 'NONE',  ( 0.0000000000000000000, 1.000000000000000000, 0.0000000000000000000 ) ) ;
#8173 = SURFACE_SIDE_STYLE ('',( #3800 ) ) ;
#8174 = LINE ( 'NONE', #1897, #1133 ) ;
#8175 = EDGE_CURVE ( 'NONE', #3928, #7940, #1795, .T. ) ;
#8176 = FILL_AREA_STYLE_COLOUR ( '', #7699 ) ;
#8177 = CARTESIAN_POINT ( 'NONE',  ( -0.9499999999999999600, 11.70000000000000100, -2.760000000000000200 ) ) ;
#8178 =( GEOMETRIC_REPRESENTATION_CONTEXT ( 3 ) GLOBAL_UNCERTAINTY_ASSIGNED_CONTEXT ( ( #110 ) ) GLOBAL_UNIT_ASSIGNED_CONTEXT ( ( #6512, #2511, #7155 ) ) REPRESENTATION_CONTEXT ( 'NONE', 'WORKASPACE' ) );
#8179 = DIRECTION ( 'NONE',  ( 0.7071067811865486800, 0.0000000000000000000, 0.7071067811865464600 ) ) ;
#8180 = SURFACE_STYLE_USAGE ( .BOTH. , #3577 ) ;
#8181 = FILL_AREA_STYLE_COLOUR ( '', #2437 ) ;
#8182 = ORIENTED_EDGE ( 'NONE', *, *, #4854, .T. ) ;
#8183 = CARTESIAN_POINT ( 'NONE',  ( -0.9499999999999999600, -2.799999999999999400, -7.400000000000000400 ) ) ;
#8184 = FACE_OUTER_BOUND ( 'NONE', #5361, .T. ) ;
#8185 = EDGE_CURVE ( 'NONE', #6194, #3238, #6914, .T. ) ;
#8186 = UNCERTAINTY_MEASURE_WITH_UNIT (LENGTH_MEASURE( 1.000000000000000100E-005 ), #1676, 'distance_accuracy_value', 'NONE');
#8187 = ORIENTED_EDGE ( 'NONE', *, *, #6942, .F. ) ;
#8188 = SURFACE_STYLE_USAGE ( .BOTH. , #3585 ) ;
#8189 = ORIENTED_EDGE ( 'NONE', *, *, #114, .T. ) ;
#8190 = CARTESIAN_POINT ( 'NONE',  ( 1.490000000000000000, 11.70000000000000100, -2.860000000000000300 ) ) ;
#8191 = DIRECTION ( 'NONE',  ( 0.0000000000000000000, 0.0000000000000000000, 1.000000000000000000 ) ) ;
#8192 = EDGE_LOOP ( 'NONE', ( #5798, #7107, #3644, #6866 ) ) ;
#8193 = PLANE ( 'NONE',  #8254 ) ;
#8194 = PRESENTATION_STYLE_ASSIGNMENT (( #3299 ) ) ;
#8195 =( NAMED_UNIT ( * ) SI_UNIT ( $, .STERADIAN. ) SOLID_ANGLE_UNIT ( ) );
#8196 = CARTESIAN_POINT ( 'NONE',  ( 1.490000000000000000, -2.799999999999999400, -2.220000000000000200 ) ) ;
#8197 = ORIENTED_EDGE ( 'NONE', *, *, #8645, .F. ) ;
#8198 = PRESENTATION_STYLE_ASSIGNMENT (( #752 ) ) ;
#8199 = COLOUR_RGB ( '',0.7960784313725489700, 0.8235294117647058400, 0.9372549019607843100 ) ;
#8200 = ADVANCED_FACE ( 'NONE', ( #6696 ), #2898, .T. ) ;
#8201 = PRESENTATION_STYLE_ASSIGNMENT (( #7638 ) ) ;
#8202 = VERTEX_POINT ( 'NONE', #5593 ) ;
#8203 = LINE ( 'NONE', #5457, #1157 ) ;
#8204 =( NAMED_UNIT ( * ) SI_UNIT ( $, .STERADIAN. ) SOLID_ANGLE_UNIT ( ) );
#8205 = LINE ( 'NONE', #4638, #7994 ) ;
#8206 = CARTESIAN_POINT ( 'NONE',  ( -1.050000000000000000, -2.799999999999999400, -13.02000000000000100 ) ) ;
#8207 = LINE ( 'NONE', #3247, #1357 ) ;
#8208 = MECHANICAL_DESIGN_GEOMETRIC_PRESENTATION_REPRESENTATION (  '', ( #6905 ), #12 ) ;
#8209 = CARTESIAN_POINT ( 'NONE',  ( 1.490000000000000000, -2.799999999999999400, -2.860000000000000300 ) ) ;
#8210 = STYLED_ITEM ( 'NONE', ( #6393 ), #8464 ) ;
#8211 = CARTESIAN_POINT ( 'NONE',  ( 1.050000000000000000, -2.799999999999999400, -4.760000000000000700 ) ) ;
#8212 = UNCERTAINTY_MEASURE_WITH_UNIT (LENGTH_MEASURE( 1.000000000000000100E-005 ), #7890, 'distance_accuracy_value', 'NONE');
#8213 = LINE ( 'NONE', #1837, #4713 ) ;
#8214 = VERTEX_POINT ( 'NONE', #948 ) ;
#8215 = LINE ( 'NONE', #3116, #2937 ) ;
#8216 = CARTESIAN_POINT ( 'NONE',  ( 1.490000000000000000, -2.799999999999999400, -15.56000000000000000 ) ) ;
#8217 = VECTOR ( 'NONE', #6181, 1000.000000000000000 ) ;
#8218 = CARTESIAN_POINT ( 'NONE',  ( -0.9499999999999999600, -2.799999999999999400, -12.92000000000000200 ) ) ;
#8219 = SURFACE_STYLE_FILL_AREA ( #2658 ) ;
#8220 =( NAMED_UNIT ( * ) SI_UNIT ( $, .STERADIAN. ) SOLID_ANGLE_UNIT ( ) );
#8221 = CARTESIAN_POINT ( 'NONE',  ( -2.140000000000000600, 1.700000000000000000, -6.350000000000000500 ) ) ;
#8222 =( LENGTH_UNIT ( ) NAMED_UNIT ( * ) SI_UNIT ( .MILLI., .METRE. ) );
#8223 = AXIS2_PLACEMENT_3D ( 'NONE', #5230, #1202, #5884 ) ;
#8224 = VECTOR ( 'NONE', #985, 1000.000000000000000 ) ;
#8225 = EDGE_CURVE ( 'NONE', #4042, #4437, #6103, .T. ) ;
#8226 = ORIENTED_EDGE ( 'NONE', *, *, #5617, .T. ) ;
#8227 = PRESENTATION_STYLE_ASSIGNMENT (( #7581 ) ) ;
#8228 = DIRECTION ( 'NONE',  ( 0.7071067811865474600, 0.0000000000000000000, 0.7071067811865474600 ) ) ;
#8229 = LINE ( 'NONE', #4470, #3153 ) ;
#8230 = VERTEX_POINT ( 'NONE', #6293 ) ;
#8231 =( NAMED_UNIT ( * ) PLANE_ANGLE_UNIT ( ) SI_UNIT ( $, .RADIAN. ) );
#8232 = CARTESIAN_POINT ( 'NONE',  ( 1.050000000000000000, -2.799999999999999400, -5.400000000000000400 ) ) ;
#8233 = CARTESIAN_POINT ( 'NONE',  ( 0.9499999999999999600, -2.799999999999999400, -10.38000000000000100 ) ) ;
#8234 = FILL_AREA_STYLE_COLOUR ( '', #6648 ) ;
#8235 = MECHANICAL_DESIGN_GEOMETRIC_PRESENTATION_REPRESENTATION (  '', ( #6925 ), #28 ) ;
#8236 = ORIENTED_EDGE ( 'NONE', *, *, #823, .F. ) ;
#8237 = PRESENTATION_LAYER_ASSIGNMENT (  '', '', ( #7343 ) ) ;
#8238 = DIRECTION ( 'NONE',  ( 0.0000000000000000000, -0.0000000000000000000, -1.000000000000000000 ) ) ;
#8239 = UNCERTAINTY_MEASURE_WITH_UNIT (LENGTH_MEASURE( 1.000000000000000100E-005 ), #3495, 'distance_accuracy_value', 'NONE');
#8240 = STYLED_ITEM ( 'NONE', ( #7368 ), #4635 ) ;
#8241 = SURFACE_STYLE_USAGE ( .BOTH. , #3625 ) ;
#8242 =( NAMED_UNIT ( * ) PLANE_ANGLE_UNIT ( ) SI_UNIT ( $, .RADIAN. ) );
#8243 = FILL_AREA_STYLE ('',( #7587 ) ) ;
#8244 = PRESENTATION_STYLE_ASSIGNMENT (( #1685 ) ) ;
#8245 = FACE_OUTER_BOUND ( 'NONE', #2889, .T. ) ;
#8246 = DIRECTION ( 'NONE',  ( 0.7071067811865481300, 0.0000000000000000000, -0.7071067811865470200 ) ) ;
#8247 = FILL_AREA_STYLE_COLOUR ( '', #7246 ) ;
#8248 = EDGE_CURVE ( 'NONE', #7481, #4068, #2527, .T. ) ;
#8249 =( NAMED_UNIT ( * ) PLANE_ANGLE_UNIT ( ) SI_UNIT ( $, .RADIAN. ) );
#8250 = PLANE ( 'NONE',  #1285 ) ;
#8251 = ADVANCED_FACE ( 'NONE', ( #7827 ), #2266, .T. ) ;
#8252 = SURFACE_STYLE_FILL_AREA ( #8490 ) ;
#8253 = EDGE_CURVE ( 'NONE', #6161, #2108, #5273, .T. ) ;
#8254 = AXIS2_PLACEMENT_3D ( 'NONE', #2239, #6922, #2934 ) ;
#8255 = PRESENTATION_STYLE_ASSIGNMENT (( #4171 ) ) ;
#8256 = ORIENTED_EDGE ( 'NONE', *, *, #5319, .F. ) ;
#8257 = EDGE_CURVE ( 'NONE', #1037, #5327, #1893, .T. ) ;
#8258 = DIRECTION ( 'NONE',  ( 0.0000000000000000000, 0.0000000000000000000, 1.000000000000000000 ) ) ;
#8259 = FILL_AREA_STYLE_COLOUR ( '', #5883 ) ;
#8260 = PLANE ( 'NONE',  #2301 ) ;
#8261 = SURFACE_SIDE_STYLE ('',( #1526 ) ) ;
#8262 = CARTESIAN_POINT ( 'NONE',  ( 1.050000000000000000, -2.799999999999999400, -9.840000000000001600 ) ) ;
#8263 = ORIENTED_EDGE ( 'NONE', *, *, #5764, .F. ) ;
#8264 = UNCERTAINTY_MEASURE_WITH_UNIT (LENGTH_MEASURE( 1.000000000000000100E-005 ), #7615, 'distance_accuracy_value', 'NONE');
#8265 = STYLED_ITEM ( 'NONE', ( #4343 ), #8068 ) ;
#8266 = CARTESIAN_POINT ( 'NONE',  ( 0.0000000000000000000, 11.70000000000000100, 0.0000000000000000000 ) ) ;
#8267 = AXIS2_PLACEMENT_3D ( 'NONE', #6309, #2290, #2736 ) ;
#8268 = FILL_AREA_STYLE ('',( #7607 ) ) ;
#8269 = MECHANICAL_DESIGN_GEOMETRIC_PRESENTATION_REPRESENTATION (  '', ( #6959 ), #71 ) ;
#8270 = PRESENTATION_STYLE_ASSIGNMENT (( #5474 ) ) ;
#8271 = LINE ( 'NONE', #430, #1410 ) ;
#8272 = CARTESIAN_POINT ( 'NONE',  ( 1.590000000000000100, 11.70000000000000100, -2.760000000000000200 ) ) ;
#8273 = SURFACE_SIDE_STYLE ('',( #7400 ) ) ;
#8274 = VECTOR ( 'NONE', #8506, 1000.000000000000000 ) ;
#8275 = MECHANICAL_DESIGN_GEOMETRIC_PRESENTATION_REPRESENTATION (  '', ( #6963 ), #79 ) ;
#8276 = CLOSED_SHELL ( 'NONE', ( #7778, #6452, #3672, #854, #2692, #2142, #7301, #1165, #4926, #5993 ) ) ;
#8277 = UNCERTAINTY_MEASURE_WITH_UNIT (LENGTH_MEASURE( 1.000000000000000100E-005 ), #3611, 'distance_accuracy_value', 'NONE');
#8278 =( NAMED_UNIT ( * ) PLANE_ANGLE_UNIT ( ) SI_UNIT ( $, .RADIAN. ) );
#8279 = STYLED_ITEM ( 'NONE', ( #5250 ), #3980 ) ;
#8280 = EDGE_CURVE ( 'NONE', #1933, #6783, #7018, .T. ) ;
#8281 = VERTEX_POINT ( 'NONE', #5682 ) ;
#8282 =( NAMED_UNIT ( * ) SI_UNIT ( $, .STERADIAN. ) SOLID_ANGLE_UNIT ( ) );
#8283 = COLOUR_RGB ( '',0.7960784313725489700, 0.8235294117647058400, 0.9372549019607843100 ) ;
#8284 = CARTESIAN_POINT ( 'NONE',  ( 1.050000000000000000, 11.70000000000000100, -7.940000000000001300 ) ) ;
#8285 = ORIENTED_EDGE ( 'NONE', *, *, #7363, .F. ) ;
#8286 = FILL_AREA_STYLE ('',( #7624 ) ) ;
#8287 = PRESENTATION_LAYER_ASSIGNMENT (  '', '', ( #7403 ) ) ;
#8288 = DIRECTION ( 'NONE',  ( 0.0000000000000000000, -0.0000000000000000000, -1.000000000000000000 ) ) ;
#8289 = CARTESIAN_POINT ( 'NONE',  ( -0.9499999999999999600, -2.799999999999999400, -12.92000000000000200 ) ) ;
#8290 = SURFACE_SIDE_STYLE ('',( #3747 ) ) ;
#8291 = CARTESIAN_POINT ( 'NONE',  ( -2.539999999999999600, 1.700000000000000000, -6.783421052631577900 ) ) ;
#8292 = CARTESIAN_POINT ( 'NONE',  ( -2.539999999999999600, 1.700000000000000000, -1.703421052631578900 ) ) ;
#8293 = CARTESIAN_POINT ( 'NONE',  ( -0.9499999999999999600, -2.799999999999999400, -15.02000000000000000 ) ) ;
#8294 = EDGE_LOOP ( 'NONE', ( #1243, #8040, #1333, #2157 ) ) ;
#8295 = VERTEX_POINT ( 'NONE', #2337 ) ;
#8296 = PRESENTATION_LAYER_ASSIGNMENT (  '', '', ( #7407 ) ) ;
#8297 = ADVANCED_FACE ( 'NONE', ( #8548 ), #7010, .F. ) ;
#8298 = VERTEX_POINT ( 'NONE', #1696 ) ;
#8299 = MECHANICAL_DESIGN_GEOMETRIC_PRESENTATION_REPRESENTATION (  '', ( #6991 ), #102 ) ;
#8300 = EDGE_LOOP ( 'NONE', ( #4721, #4398, #3444, #7329, #8520, #379, #7132, #4407 ) ) ;
#8301 = DIRECTION ( 'NONE',  ( -0.7071067811865469100, -0.0000000000000000000, 0.7071067811865482400 ) ) ;
#8302 =( NAMED_UNIT ( * ) PLANE_ANGLE_UNIT ( ) SI_UNIT ( $, .RADIAN. ) );
#8303 = CARTESIAN_POINT ( 'NONE',  ( -2.540000000000000000, 1.700000000000000000, -3.443421052631578900 ) ) ;
#8304 =( GEOMETRIC_REPRESENTATION_CONTEXT ( 3 ) GLOBAL_UNCERTAINTY_ASSIGNED_CONTEXT ( ( #240 ) ) GLOBAL_UNIT_ASSIGNED_CONTEXT ( ( #6665, #2674, #7312 ) ) REPRESENTATION_CONTEXT ( 'NONE', 'WORKASPACE' ) );
#8305 = VERTEX_POINT ( 'NONE', #7693 ) ;
#8306 =( NAMED_UNIT ( * ) PLANE_ANGLE_UNIT ( ) SI_UNIT ( $, .RADIAN. ) );
#8307 = SURFACE_STYLE_FILL_AREA ( #6920 ) ;
#8308 = ORIENTED_EDGE ( 'NONE', *, *, #4126, .T. ) ;
#8309 = MANIFOLD_SOLID_BREP ( 'LPattern3[2]', #3123 ) ;
#8310 = ORIENTED_EDGE ( 'NONE', *, *, #2856, .T. ) ;
#8311 = LINE ( 'NONE', #834, #4796 ) ;
#8312 = EDGE_CURVE ( 'NONE', #3090, #3024, #2632, .T. ) ;
#8313 = DIRECTION ( 'NONE',  ( -0.0000000000000000000, -1.000000000000000000, -0.0000000000000000000 ) ) ;
#8314 = VECTOR ( 'NONE', #7738, 1000.000000000000000 ) ;
#8315 = ORIENTED_EDGE ( 'NONE', *, *, #431, .F. ) ;
#8316 = FACE_OUTER_BOUND ( 'NONE', #790, .T. ) ;
#8317 = ORIENTED_EDGE ( 'NONE', *, *, #4462, .T. ) ;
#8318 = COLOUR_RGB ( '',0.7960784313725489700, 0.8235294117647058400, 0.9372549019607843100 ) ;
#8319 = SURFACE_SIDE_STYLE ('',( #5061 ) ) ;
#8320 = DIRECTION ( 'NONE',  ( 2.492418787322998300E-016, 0.0000000000000000000, 1.000000000000000000 ) ) ;
#8321 = FILL_AREA_STYLE ('',( #2339 ) ) ;
#8322 = COLOUR_RGB ( '',0.7960784313725489700, 0.8235294117647058400, 0.9372549019607843100 ) ;
#8323 = VERTEX_POINT ( 'NONE', #3763 ) ;
#8324 = FILL_AREA_STYLE_COLOUR ( '', #3420 ) ;
#8325 = CARTESIAN_POINT ( 'NONE',  ( 1.490000000000000000, -2.799999999999999400, -2.860000000000000300 ) ) ;
#8326 = PRESENTATION_LAYER_ASSIGNMENT (  '', '', ( #7431 ) ) ;
#8327 = FACE_OUTER_BOUND ( 'NONE', #2859, .T. ) ;
#8328 = ORIENTED_EDGE ( 'NONE', *, *, #1988, .T. ) ;
#8329 = VECTOR ( 'NONE', #7384, 1000.000000000000000 ) ;
#8330 = VECTOR ( 'NONE', #4428, 999.9999999999998900 ) ;
#8331 = ORIENTED_EDGE ( 'NONE', *, *, #4496, .F. ) ;
#8332 = CARTESIAN_POINT ( 'NONE',  ( -1.050000000000000000, 11.70000000000000100, -10.48000000000000200 ) ) ;
#8333 =( NAMED_UNIT ( * ) PLANE_ANGLE_UNIT ( ) SI_UNIT ( $, .RADIAN. ) );
#8334 = PRESENTATION_STYLE_ASSIGNMENT (( #7024 ) ) ;
#8335 = ORIENTED_EDGE ( 'NONE', *, *, #2646, .T. ) ;
#8336 = PRESENTATION_LAYER_ASSIGNMENT (  '', '', ( #7442 ) ) ;
#8337 = CLOSED_SHELL ( 'NONE', ( #134, #5472, #3980, #3802, #983, #6840, #1, #8156, #6583, #7603 ) ) ;
#8338 = ORIENTED_EDGE ( 'NONE', *, *, #2009, .T. ) ;
#8339 = CARTESIAN_POINT ( 'NONE',  ( 1.590000000000000100, -2.799999999999999400, -12.92000000000000200 ) ) ;
#8340 = SURFACE_STYLE_FILL_AREA ( #1492 ) ;
#8341 = ORIENTED_EDGE ( 'NONE', *, *, #330, .T. ) ;
#8342 = AXIS2_PLACEMENT_3D ( 'NONE', #817, #5507, #1483 ) ;
#8343 = FILL_AREA_STYLE ('',( #7683 ) ) ;
#8344 = CARTESIAN_POINT ( 'NONE',  ( -1.050000000000000000, 11.70000000000000100, -15.56000000000000000 ) ) ;
#8345 = ADVANCED_FACE ( 'NONE', ( #6198 ), #7727, .T. ) ;
#8346 =( GEOMETRIC_REPRESENTATION_CONTEXT ( 3 ) GLOBAL_UNCERTAINTY_ASSIGNED_CONTEXT ( ( #2738 ) ) GLOBAL_UNIT_ASSIGNED_CONTEXT ( ( #8153, #4233, #187 ) ) REPRESENTATION_CONTEXT ( 'NONE', 'WORKASPACE' ) );
#8347 = PRESENTATION_STYLE_ASSIGNMENT (( #2905 ) ) ;
#8348 =( NAMED_UNIT ( * ) PLANE_ANGLE_UNIT ( ) SI_UNIT ( $, .RADIAN. ) );
#8349 = CLOSED_SHELL ( 'NONE', ( #8565, #7867, #4425, #4288, #92, #7261, #1117, #4335, #6709, #3085 ) ) ;
#8350 = DIRECTION ( 'NONE',  ( 0.0000000000000000000, 1.000000000000000000, 0.0000000000000000000 ) ) ;
#8351 = FILL_AREA_STYLE_COLOUR ( '', #3479 ) ;
#8352 = SURFACE_SIDE_STYLE ('',( #4479 ) ) ;
#8353 = COLOUR_RGB ( '',0.7960784313725489700, 0.8235294117647058400, 0.9372549019607843100 ) ;
#8354 = EDGE_CURVE ( 'NONE', #3511, #3317, #8229, .T. ) ;
#8355 =( NAMED_UNIT ( * ) PLANE_ANGLE_UNIT ( ) SI_UNIT ( $, .RADIAN. ) );
#8356 = DIRECTION ( 'NONE',  ( 0.7071067811865473500, -0.0000000000000000000, 0.7071067811865477900 ) ) ;
#8357 = FILL_AREA_STYLE_COLOUR ( '', #7790 ) ;
#8358 = FACE_OUTER_BOUND ( 'NONE', #7794, .T. ) ;
#8359 = VECTOR ( 'NONE', #7652, 1000.000000000000000 ) ;
#8360 = PRESENTATION_LAYER_ASSIGNMENT (  '', '', ( #7463 ) ) ;
#8361 = VECTOR ( 'NONE', #5952, 1000.000000000000000 ) ;
#8362 = DIRECTION ( 'NONE',  ( 0.0000000000000000000, 0.0000000000000000000, -1.000000000000000000 ) ) ;
#8363 = CARTESIAN_POINT ( 'NONE',  ( 0.9499999999999999600, 11.70000000000000100, -7.400000000000000400 ) ) ;
#8364 = PRESENTATION_STYLE_ASSIGNMENT (( #6282 ) ) ;
#8365 = ORIENTED_EDGE ( 'NONE', *, *, #4505, .F. ) ;
#8366 = MECHANICAL_DESIGN_GEOMETRIC_PRESENTATION_REPRESENTATION (  '', ( #7046 ), #153 ) ;
#8367 = FILL_AREA_STYLE_COLOUR ( '', #1975 ) ;
#8368 = VECTOR ( 'NONE', #6703, 999.9999999999998900 ) ;
#8369 = LINE ( 'NONE', #2860, #4855 ) ;
#8370 = CARTESIAN_POINT ( 'NONE',  ( -1.490000000000000200, -2.799999999999999400, -4.760000000000000700 ) ) ;
#8371 = VECTOR ( 'NONE', #1523, 1000.000000000000000 ) ;
#8372 =( GEOMETRIC_REPRESENTATION_CONTEXT ( 3 ) GLOBAL_UNCERTAINTY_ASSIGNED_CONTEXT ( ( #4014 ) ) GLOBAL_UNIT_ASSIGNED_CONTEXT ( ( #4008, #8615, #4663 ) ) REPRESENTATION_CONTEXT ( 'NONE', 'WORKASPACE' ) );
#8373 = EDGE_CURVE ( 'NONE', #4086, #942, #4934, .T. ) ;
#8374 = ORIENTED_EDGE ( 'NONE', *, *, #3016, .F. ) ;
#8375 = VECTOR ( 'NONE', #7530, 1000.000000000000000 ) ;
#8376 = DIRECTION ( 'NONE',  ( -0.0000000000000000000, -0.0000000000000000000, -1.000000000000000000 ) ) ;
#8377 = ORIENTED_EDGE ( 'NONE', *, *, #1572, .F. ) ;
#8378 = VECTOR ( 'NONE', #4624, 1000.000000000000000 ) ;
#8379 = UNCERTAINTY_MEASURE_WITH_UNIT (LENGTH_MEASURE( 1.000000000000000100E-005 ), #7983, 'distance_accuracy_value', 'NONE');
#8380 = DIRECTION ( 'NONE',  ( 0.0000000000000000000, -0.0000000000000000000, -1.000000000000000000 ) ) ;
#8381 = DIRECTION ( 'NONE',  ( 0.0000000000000000000, 1.000000000000000000, 0.0000000000000000000 ) ) ;
#8382 = PLANE ( 'NONE',  #7873 ) ;
#8383 = LINE ( 'NONE', #1682, #8157 ) ;
#8384 = PRESENTATION_STYLE_ASSIGNMENT (( #7589 ) ) ;
#8385 = ADVANCED_FACE ( 'NONE', ( #6500 ), #5802, .T. ) ;
#8386 = MECHANICAL_DESIGN_GEOMETRIC_PRESENTATION_REPRESENTATION (  '', ( #7066 ), #179 ) ;
#8387 = LINE ( 'NONE', #6337, #1517 ) ;
#8388 = SURFACE_SIDE_STYLE ('',( #1258 ) ) ;
#8389 = FILL_AREA_STYLE_COLOUR ( '', #1445 ) ;
#8390 = DIRECTION ( 'NONE',  ( 0.7071067811865473500, -0.0000000000000000000, 0.7071067811865477900 ) ) ;
#8391 = PRESENTATION_LAYER_ASSIGNMENT (  '', '', ( #7497 ) ) ;
#8392 =( LENGTH_UNIT ( ) NAMED_UNIT ( * ) SI_UNIT ( .MILLI., .METRE. ) );
#8393 = COLOUR_RGB ( '',0.7921568627450980000, 0.8196078431372548800, 0.9333333333333333500 ) ;
#8394 = STYLED_ITEM ( 'NONE', ( #1022 ), #6372 ) ;
#8395 = EDGE_CURVE ( 'NONE', #7309, #5359, #533, .T. ) ;
#8396 = EDGE_CURVE ( 'NONE', #3144, #2264, #2304, .T. ) ;
#8397 =( NAMED_UNIT ( * ) PLANE_ANGLE_UNIT ( ) SI_UNIT ( $, .RADIAN. ) );
#8398 = VECTOR ( 'NONE', #6953, 999.9999999999998900 ) ;
#8399 = ORIENTED_EDGE ( 'NONE', *, *, #6209, .F. ) ;
#8400 = AXIS2_PLACEMENT_3D ( 'NONE', #5444, #1413, #6111 ) ;
#8401 = FILL_AREA_STYLE_COLOUR ( '', #2950 ) ;
#8402 = DIRECTION ( 'NONE',  ( -0.7071067811865470200, 0.0000000000000000000, 0.7071067811865481300 ) ) ;
#8403 = FACE_OUTER_BOUND ( 'NONE', #200, .T. ) ;
#8404 = VERTEX_POINT ( 'NONE', #7131 ) ;
#8405 = VECTOR ( 'NONE', #6234, 1000.000000000000000 ) ;
#8406 =( LENGTH_UNIT ( ) NAMED_UNIT ( * ) SI_UNIT ( .MILLI., .METRE. ) );
#8407 = DIRECTION ( 'NONE',  ( 0.0000000000000000000, 0.0000000000000000000, 1.000000000000000000 ) ) ;
#8408 = CARTESIAN_POINT ( 'NONE',  ( -1.050000000000000000, -2.799999999999999400, -10.48000000000000200 ) ) ;
#8409 = ORIENTED_EDGE ( 'NONE', *, *, #4881, .T. ) ;
#8410 = DIRECTION ( 'NONE',  ( -0.0000000000000000000, -1.000000000000000000, -0.0000000000000000000 ) ) ;
#8411 = SURFACE_STYLE_FILL_AREA ( #6804 ) ;
#8412 = ORIENTED_EDGE ( 'NONE', *, *, #3322, .T. ) ;
#8413 = LINE ( 'NONE', #574, #1345 ) ;
#8414 = FILL_AREA_STYLE ('',( #3087 ) ) ;
#8415 = PLANE ( 'NONE',  #4016 ) ;
#8416 = VERTEX_POINT ( 'NONE', #1152 ) ;
#8417 = VECTOR ( 'NONE', #2743, 1000.000000000000000 ) ;
#8418 = CARTESIAN_POINT ( 'NONE',  ( 2.540000000000000900, 0.0000000000000000000, -8.490000000000000200 ) ) ;
#8419 = EDGE_CURVE ( 'NONE', #3346, #3707, #2084, .T. ) ;
#8420 = EDGE_LOOP ( 'NONE', ( #1046, #1221, #5406, #5661 ) ) ;
#8421 = LINE ( 'NONE', #2693, #4913 ) ;
#8422 = VERTEX_POINT ( 'NONE', #7799 ) ;
#8423 = PRESENTATION_STYLE_ASSIGNMENT (( #6402 ) ) ;
#8424 = EDGE_CURVE ( 'NONE', #1149, #1944, #5878, .T. ) ;
#8425 = EDGE_CURVE ( 'NONE', #8647, #4365, #7199, .T. ) ;
#8426 = DIRECTION ( 'NONE',  ( 0.7071067811865477900, 0.0000000000000000000, -0.7071067811865473500 ) ) ;
#8427 = DIRECTION ( 'NONE',  ( 0.0000000000000000000, 1.000000000000000000, 0.0000000000000000000 ) ) ;
#8428 = UNCERTAINTY_MEASURE_WITH_UNIT (LENGTH_MEASURE( 1.000000000000000100E-005 ), #3281, 'distance_accuracy_value', 'NONE');
#8429 = DIRECTION ( 'NONE',  ( -0.7071067811865469100, 0.0000000000000000000, 0.7071067811865482400 ) ) ;
#8430 = ADVANCED_FACE ( 'NONE', ( #108 ), #2512, .F. ) ;
#8431 = LINE ( 'NONE', #1790, #4919 ) ;
#8432 = ORIENTED_EDGE ( 'NONE', *, *, #1984, .F. ) ;
#8433 = SURFACE_SIDE_STYLE ('',( #5460 ) ) ;
#8434 = LINE ( 'NONE', #3307, #1365 ) ;
#8435 = SURFACE_STYLE_FILL_AREA ( #4330 ) ;
#8436 = DIRECTION ( 'NONE',  ( 0.7071067811865470200, 0.0000000000000000000, -0.7071067811865481300 ) ) ;
#8437 = DIRECTION ( 'NONE',  ( -1.000000000000000000, -0.0000000000000000000, -1.232047923278982200E-016 ) ) ;
#8438 = ORIENTED_EDGE ( 'NONE', *, *, #966, .T. ) ;
#8439 = STYLED_ITEM ( 'NONE', ( #3664 ), #5295 ) ;
#8440 = PRESENTATION_LAYER_ASSIGNMENT (  '', '', ( #7553 ) ) ;
#8441 =( NAMED_UNIT ( * ) SI_UNIT ( $, .STERADIAN. ) SOLID_ANGLE_UNIT ( ) );
#8442 = PRESENTATION_LAYER_ASSIGNMENT (  '', '', ( #7281 ) ) ;
#8443 = CARTESIAN_POINT ( 'NONE',  ( -2.140000000000000600, 1.700000000000000000, -3.810000000000000100 ) ) ;
#8444 = FACE_OUTER_BOUND ( 'NONE', #6878, .T. ) ;
#8445 = DIRECTION ( 'NONE',  ( 0.7071067811865486800, 0.0000000000000000000, 0.7071067811865464600 ) ) ;
#8446 =( NAMED_UNIT ( * ) SI_UNIT ( $, .STERADIAN. ) SOLID_ANGLE_UNIT ( ) );
#8447 = VECTOR ( 'NONE', #4271, 1000.000000000000100 ) ;
#8448 = FACE_OUTER_BOUND ( 'NONE', #2042, .T. ) ;
#8449 = AXIS2_PLACEMENT_3D ( 'NONE', #7926, #3988, #8593 ) ;
#8450 = SURFACE_STYLE_FILL_AREA ( #6073 ) ;
#8451 = EDGE_LOOP ( 'NONE', ( #1251, #3895, #6599, #6406 ) ) ;
#8452 = LINE ( 'NONE', #7646, #5183 ) ;
#8453 = ORIENTED_EDGE ( 'NONE', *, *, #2477, .T. ) ;
#8454 = DIRECTION ( 'NONE',  ( -0.0000000000000000000, -0.0000000000000000000, -1.000000000000000000 ) ) ;
#8455 = CARTESIAN_POINT ( 'NONE',  ( 1.490000000000000000, 11.70000000000000100, -4.760000000000000700 ) ) ;
#8456 = PRESENTATION_LAYER_ASSIGNMENT (  '', '', ( #7575 ) ) ;
#8457 = DIRECTION ( 'NONE',  ( 0.7071067811865477900, 0.0000000000000000000, -0.7071067811865473500 ) ) ;
#8458 = SURFACE_STYLE_USAGE ( .BOTH. , #3852 ) ;
#8459 = VECTOR ( 'NONE', #5840, 1000.000000000000100 ) ;
#8460 = MECHANICAL_DESIGN_GEOMETRIC_PRESENTATION_REPRESENTATION (  '', ( #7135 ), #262 ) ;
#8461 = SURFACE_STYLE_FILL_AREA ( #3485 ) ;
#8462 = VERTEX_POINT ( 'NONE', #7826 ) ;
#8463 = LINE ( 'NONE', #4936, #6719 ) ;
#8464 = ADVANCED_FACE ( 'NONE', ( #1263 ), #7191, .T. ) ;
#8465 = DIRECTION ( 'NONE',  ( -0.7071067811865475700, 0.0000000000000000000, 0.7071067811865475700 ) ) ;
#8466 = SURFACE_STYLE_FILL_AREA ( #8268 ) ;
#8467 =( LENGTH_UNIT ( ) NAMED_UNIT ( * ) SI_UNIT ( .MILLI., .METRE. ) );
#8468 = COLOUR_RGB ( '',0.7921568627450980000, 0.8196078431372548800, 0.9333333333333333500 ) ;
#8469 = CARTESIAN_POINT ( 'NONE',  ( 2.020000000000001400, 0.2999999999999999900, -1.270000000000000000 ) ) ;
#8470 = SURFACE_STYLE_FILL_AREA ( #1417 ) ;
#8471 = EDGE_CURVE ( 'NONE', #5330, #6973, #7501, .T. ) ;
#8472 = ORIENTED_EDGE ( 'NONE', *, *, #4283, .T. ) ;
#8473 = VERTEX_POINT ( 'NONE', #3926 ) ;
#8474 = VECTOR ( 'NONE', #6532, 1000.000000000000000 ) ;
#8475 = UNCERTAINTY_MEASURE_WITH_UNIT (LENGTH_MEASURE( 1.000000000000000100E-005 ), #8501, 'distance_accuracy_value', 'NONE');
#8476 =( LENGTH_UNIT ( ) NAMED_UNIT ( * ) SI_UNIT ( .MILLI., .METRE. ) );
#8477 = SURFACE_SIDE_STYLE ('',( #7786 ) ) ;
#8478 = AXIS2_PLACEMENT_3D ( 'NONE', #6954, #2968, #7600 ) ;
#8479 = CARTESIAN_POINT ( 'NONE',  ( 1.050000000000000000, -2.799999999999999400, -15.56000000000000000 ) ) ;
#8480 = SURFACE_SIDE_STYLE ('',( #3698 ) ) ;
#8481 = SURFACE_SIDE_STYLE ('',( #3512 ) ) ;
#8482 = LINE ( 'NONE', #2843, #4989 ) ;
#8483 =( NAMED_UNIT ( * ) PLANE_ANGLE_UNIT ( ) SI_UNIT ( $, .RADIAN. ) );
#8484 = FILL_AREA_STYLE_COLOUR ( '', #3636 ) ;
#8485 = DIRECTION ( 'NONE',  ( 0.0000000000000000000, 0.0000000000000000000, 1.000000000000000000 ) ) ;
#8486 = EDGE_LOOP ( 'NONE', ( #2542, #5372, #2077, #5128 ) ) ;
#8487 = PRESENTATION_LAYER_ASSIGNMENT (  '', '', ( #7610 ) ) ;
#8488 = SURFACE_STYLE_USAGE ( .BOTH. , #3885 ) ;
#8489 =( LENGTH_UNIT ( ) NAMED_UNIT ( * ) SI_UNIT ( .MILLI., .METRE. ) );
#8490 = FILL_AREA_STYLE ('',( #7838 ) ) ;
#8491 = AXIS2_PLACEMENT_3D ( 'NONE', #7359, #3404, #8018 ) ;
#8492 = FILL_AREA_STYLE_COLOUR ( '', #1775 ) ;
#8493 =( GEOMETRIC_REPRESENTATION_CONTEXT ( 3 ) GLOBAL_UNCERTAINTY_ASSIGNED_CONTEXT ( ( #8379 ) ) GLOBAL_UNIT_ASSIGNED_CONTEXT ( ( #7983, #4054, #15 ) ) REPRESENTATION_CONTEXT ( 'NONE', 'WORKASPACE' ) );
#8494 =( LENGTH_UNIT ( ) NAMED_UNIT ( * ) SI_UNIT ( .MILLI., .METRE. ) );
#8495 = FACE_OUTER_BOUND ( 'NONE', #3818, .T. ) ;
#8496 = ORIENTED_EDGE ( 'NONE', *, *, #6868, .T. ) ;
#8497 = MECHANICAL_DESIGN_GEOMETRIC_PRESENTATION_REPRESENTATION (  '', ( #7176 ), #307 ) ;
#8498 = FACE_OUTER_BOUND ( 'NONE', #1989, .T. ) ;
#8499 = PRESENTATION_STYLE_ASSIGNMENT (( #7118 ) ) ;
#8500 = LINE ( 'NONE', #6834, #3430 ) ;
#8501 =( LENGTH_UNIT ( ) NAMED_UNIT ( * ) SI_UNIT ( .MILLI., .METRE. ) );
#8502 = EDGE_LOOP ( 'NONE', ( #8412, #679, #5272, #1891 ) ) ;
#8503 = LINE ( 'NONE', #4916, #6553 ) ;
#8504 = ORIENTED_EDGE ( 'NONE', *, *, #7966, .T. ) ;
#8505 = SURFACE_STYLE_FILL_AREA ( #683 ) ;
#8506 = DIRECTION ( 'NONE',  ( 0.0000000000000000000, 1.000000000000000000, 0.0000000000000000000 ) ) ;
#8507 = FILL_AREA_STYLE_COLOUR ( '', #807 ) ;
#8508 = EDGE_CURVE ( 'NONE', #4086, #4327, #633, .T. ) ;
#8509 = STYLED_ITEM ( 'NONE', ( #2352 ), #1497 ) ;
#8510 = SURFACE_STYLE_USAGE ( .BOTH. , #3903 ) ;
#8511 =( GEOMETRIC_REPRESENTATION_CONTEXT ( 3 ) GLOBAL_UNCERTAINTY_ASSIGNED_CONTEXT ( ( #1715 ) ) GLOBAL_UNIT_ASSIGNED_CONTEXT ( ( #2415, #7071, #3088 ) ) REPRESENTATION_CONTEXT ( 'NONE', 'WORKASPACE' ) );
#8512 = SURFACE_SIDE_STYLE ('',( #4820 ) ) ;
#8513 = DIRECTION ( 'NONE',  ( -0.7071067811865489100, -0.0000000000000000000, 0.7071067811865462400 ) ) ;
#8514 = ORIENTED_EDGE ( 'NONE', *, *, #3352, .T. ) ;
#8515 = LINE ( 'NONE', #1082, #3445 ) ;
#8516 = ORIENTED_EDGE ( 'NONE', *, *, #2359, .T. ) ;
#8517 = FILL_AREA_STYLE_COLOUR ( '', #5212 ) ;
#8518 = DIRECTION ( 'NONE',  ( 1.000000000000000000, 0.0000000000000000000, 0.0000000000000000000 ) ) ;
#8519 = LINE ( 'NONE', #648, #1449 ) ;
#8520 = ORIENTED_EDGE ( 'NONE', *, *, #7486, .T. ) ;
#8521 = ADVANCED_FACE ( 'NONE', ( #2184 ), #5284, .T. ) ;
#8522 = FACE_OUTER_BOUND ( 'NONE', #4108, .T. ) ;
#8523 = VERTEX_POINT ( 'NONE', #1914 ) ;
#8524 = LINE ( 'NONE', #5283, #6778 ) ;
#8525 = PRESENTATION_LAYER_ASSIGNMENT (  '', '', ( #7642 ) ) ;
#8526 =( NAMED_UNIT ( * ) PLANE_ANGLE_UNIT ( ) SI_UNIT ( $, .RADIAN. ) );
#8527 = LINE ( 'NONE', #591, #6780 ) ;
#8528 = ORIENTED_EDGE ( 'NONE', *, *, #4221, .F. ) ;
#8529 = FILL_AREA_STYLE_COLOUR ( '', #5689 ) ;
#8530 = SURFACE_STYLE_FILL_AREA ( #4973 ) ;
#8531 = VERTEX_POINT ( 'NONE', #1941 ) ;
#8532 = LINE ( 'NONE', #5415, #4812 ) ;
#8533 = DIRECTION ( 'NONE',  ( 0.0000000000000000000, 1.000000000000000000, 0.0000000000000000000 ) ) ;
#8534 = EDGE_CURVE ( 'NONE', #8111, #8089, #5158, .T. ) ;
#8535 = UNCERTAINTY_MEASURE_WITH_UNIT (LENGTH_MEASURE( 1.000000000000000100E-005 ), #4314, 'distance_accuracy_value', 'NONE');
#8536 = SURFACE_STYLE_FILL_AREA ( #1071 ) ;
#8537 = EDGE_LOOP ( 'NONE', ( #3562, #3075, #7406, #1259 ) ) ;
#8538 = MECHANICAL_DESIGN_GEOMETRIC_PRESENTATION_REPRESENTATION (  '', ( #7208 ), #334 ) ;
#8539 = EDGE_CURVE ( 'NONE', #5692, #280, #1565, .T. ) ;
#8540 = CARTESIAN_POINT ( 'NONE',  ( -1.590000000000000300, -2.799999999999999400, -7.839999999999999900 ) ) ;
#8541 =( LENGTH_UNIT ( ) NAMED_UNIT ( * ) SI_UNIT ( .MILLI., .METRE. ) );
#8542 = SURFACE_STYLE_USAGE ( .BOTH. , #3921 ) ;
#8543 = LINE ( 'NONE', #7482, #1470 ) ;
#8544 = ORIENTED_EDGE ( 'NONE', *, *, #438, .T. ) ;
#8545 = CARTESIAN_POINT ( 'NONE',  ( -2.539999999999999600, 1.700000000000000000, -9.323421052631580600 ) ) ;
#8546 = CARTESIAN_POINT ( 'NONE',  ( -1.490000000000000000, -2.799999999999999400, -2.860000000000000300 ) ) ;
#8547 = CARTESIAN_POINT ( 'NONE',  ( -1.490000000000000000, 11.70000000000000100, -0.3200000000000001200 ) ) ;
#8548 = FACE_OUTER_BOUND ( 'NONE', #3740, .T. ) ;
#8549 = PRESENTATION_LAYER_ASSIGNMENT (  '', '', ( #7667 ) ) ;
#8550 = DIRECTION ( 'NONE',  ( 0.7071067811865463500, -0.0000000000000000000, 0.7071067811865487900 ) ) ;
#8551 = FILL_AREA_STYLE_COLOUR ( '', #6453 ) ;
#8552 = LINE ( 'NONE', #4248, #5064 ) ;
#8553 = AXIS2_PLACEMENT_3D ( 'NONE', #5377, #1349, #6038 ) ;
#8554 = VECTOR ( 'NONE', #8075, 1000.000000000000000 ) ;
#8555 = CARTESIAN_POINT ( 'NONE',  ( -1.590000000000000300, -2.799999999999999400, -12.48000000000000200 ) ) ;
#8556 = DIRECTION ( 'NONE',  ( 1.000000000000000000, 0.0000000000000000000, 0.0000000000000000000 ) ) ;
#8557 = EDGE_CURVE ( 'NONE', #1146, #7016, #8434, .T. ) ;
#8558 = LINE ( 'NONE', #4234, #8359 ) ;
#8559 = PRESENTATION_LAYER_ASSIGNMENT (  '', '', ( #7679 ) ) ;
#8560 = DIRECTION ( 'NONE',  ( 1.000000000000000000, 0.0000000000000000000, 1.232047923278982200E-016 ) ) ;
#8561 =( NAMED_UNIT ( * ) SI_UNIT ( $, .STERADIAN. ) SOLID_ANGLE_UNIT ( ) );
#8562 = EDGE_CURVE ( 'NONE', #4693, #7808, #3147, .T. ) ;
#8563 = UNCERTAINTY_MEASURE_WITH_UNIT (LENGTH_MEASURE( 1.000000000000000100E-005 ), #2870, 'distance_accuracy_value', 'NONE');
#8564 = VECTOR ( 'NONE', #3889, 1000.000000000000000 ) ;
#8565 = ADVANCED_FACE ( 'NONE', ( #2940 ), #1314, .T. ) ;
#8566 = LINE ( 'NONE', #6222, #1706 ) ;
#8567 = ORIENTED_EDGE ( 'NONE', *, *, #8395, .T. ) ;
#8568 = STYLED_ITEM ( 'NONE', ( #3745 ), #7339 ) ;
#8569 = DIRECTION ( 'NONE',  ( -0.7071067811865469100, -0.0000000000000000000, 0.7071067811865482400 ) ) ;
#8570 = MANIFOLD_SOLID_BREP ( 'Boss-Extrude2[2]', #5638 ) ;
#8571 = SURFACE_STYLE_FILL_AREA ( #5754 ) ;
#8572 = DIRECTION ( 'NONE',  ( 0.0000000000000000000, 0.0000000000000000000, -1.000000000000000000 ) ) ;
#8573 = DIRECTION ( 'NONE',  ( 0.7071067811865489100, 0.0000000000000000000, 0.7071067811865461300 ) ) ;
#8574 = VERTEX_POINT ( 'NONE', #692 ) ;
#8575 =( GEOMETRIC_REPRESENTATION_CONTEXT ( 3 ) GLOBAL_UNCERTAINTY_ASSIGNED_CONTEXT ( ( #7583 ) ) GLOBAL_UNIT_ASSIGNED_CONTEXT ( ( #1620, #6311, #2297 ) ) REPRESENTATION_CONTEXT ( 'NONE', 'WORKASPACE' ) );
#8576 = AXIS2_PLACEMENT_3D ( 'NONE', #349, #5852, #5400 ) ;
#8577 = FILL_AREA_STYLE_COLOUR ( '', #1835 ) ;
#8578 = STYLED_ITEM ( 'NONE', ( #544 ), #2187 ) ;
#8579 = ORIENTED_EDGE ( 'NONE', *, *, #6478, .F. ) ;
#8580 = PRESENTATION_STYLE_ASSIGNMENT (( #4545 ) ) ;
#8581 = VERTEX_POINT ( 'NONE', #6029 ) ;
#8582 =( NAMED_UNIT ( * ) SI_UNIT ( $, .STERADIAN. ) SOLID_ANGLE_UNIT ( ) );
#8583 = PLANE ( 'NONE',  #5865 ) ;
#8584 = DIRECTION ( 'NONE',  ( 0.7348718659067219300, 0.0000000000000000000, -0.6782059721786390900 ) ) ;
#8585 = EDGE_CURVE ( 'NONE', #5330, #1334, #4101, .T. ) ;
#8586 = EDGE_CURVE ( 'NONE', #1334, #5983, #3462, .T. ) ;
#8587 = LINE ( 'NONE', #4944, #1729 ) ;
#8588 = UNCERTAINTY_MEASURE_WITH_UNIT (LENGTH_MEASURE( 1.000000000000000100E-005 ), #6315, 'distance_accuracy_value', 'NONE');
#8589 = CARTESIAN_POINT ( 'NONE',  ( -1.590000000000000300, -2.799999999999999400, -15.45999999999999900 ) ) ;
#8590 =( NAMED_UNIT ( * ) SI_UNIT ( $, .STERADIAN. ) SOLID_ANGLE_UNIT ( ) );
#8591 = VERTEX_POINT ( 'NONE', #6643 ) ;
#8592 = VECTOR ( 'NONE', #8436, 1000.000000000000000 ) ;
#8593 = DIRECTION ( 'NONE',  ( -1.000000000000000000, 0.0000000000000000000, -0.0000000000000000000 ) ) ;
#8594 = ORIENTED_EDGE ( 'NONE', *, *, #8627, .F. ) ;
#8595 = MECHANICAL_DESIGN_GEOMETRIC_PRESENTATION_REPRESENTATION (  '', ( #7734 ), #406 ) ;
#8596 = ORIENTED_EDGE ( 'NONE', *, *, #505, .T. ) ;
#8597 = AXIS2_PLACEMENT_3D ( 'NONE', #6215, #2189, #6870 ) ;
#8598 = DIRECTION ( 'NONE',  ( -0.0000000000000000000, -1.000000000000000000, -0.0000000000000000000 ) ) ;
#8599 = DIRECTION ( 'NONE',  ( 1.000000000000000000, 0.0000000000000000000, 0.0000000000000000000 ) ) ;
#8600 = FILL_AREA_STYLE ('',( #7929 ) ) ;
#8601 = DIRECTION ( 'NONE',  ( 0.7071067811865487900, 0.0000000000000000000, -0.7071067811865463500 ) ) ;
#8602 = PLANE ( 'NONE',  #7172 ) ;
#8603 = SURFACE_STYLE_FILL_AREA ( #2967 ) ;
#8604 = ADVANCED_FACE ( 'NONE', ( #6784 ), #7348, .F. ) ;
#8605 = ORIENTED_EDGE ( 'NONE', *, *, #7106, .F. ) ;
#8606 =( GEOMETRIC_REPRESENTATION_CONTEXT ( 3 ) GLOBAL_UNCERTAINTY_ASSIGNED_CONTEXT ( ( #3338 ) ) GLOBAL_UNIT_ASSIGNED_CONTEXT ( ( #5529, #1505, #6200 ) ) REPRESENTATION_CONTEXT ( 'NONE', 'WORKASPACE' ) );
#8607 = ORIENTED_EDGE ( 'NONE', *, *, #3068, .T. ) ;
#8608 = DIRECTION ( 'NONE',  ( 0.6782059721786389800, 0.0000000000000000000, 0.7348718659067220400 ) ) ;
#8609 = VECTOR ( 'NONE', #277, 1000.000000000000000 ) ;
#8610 = ORIENTED_EDGE ( 'NONE', *, *, #7421, .F. ) ;
#8611 = VECTOR ( 'NONE', #8055, 1000.000000000000000 ) ;
#8612 = DIRECTION ( 'NONE',  ( -0.7071067811865464600, 0.0000000000000000000, 0.7071067811865486800 ) ) ;
#8613 = DIRECTION ( 'NONE',  ( 0.6782059721786389800, 0.0000000000000000000, 0.7348718659067220400 ) ) ;
#8614 = VECTOR ( 'NONE', #6935, 999.9999999999998900 ) ;
#8615 =( NAMED_UNIT ( * ) PLANE_ANGLE_UNIT ( ) SI_UNIT ( $, .RADIAN. ) );
#8616 = ORIENTED_EDGE ( 'NONE', *, *, #1301, .F. ) ;
#8617 = FACE_OUTER_BOUND ( 'NONE', #5324, .T. ) ;
#8618 = STYLED_ITEM ( 'NONE', ( #3843 ), #6926 ) ;
#8619 = VERTEX_POINT ( 'NONE', #4736 ) ;
#8620 = VERTEX_POINT ( 'NONE', #725 ) ;
#8621 = LINE ( 'NONE', #1248, #4903 ) ;
#8622 = LINE ( 'NONE', #7383, #1551 ) ;
#8623 = SURFACE_STYLE_USAGE ( .BOTH. , #4013 ) ;
#8624 = ORIENTED_EDGE ( 'NONE', *, *, #6917, .F. ) ;
#8625 = ORIENTED_EDGE ( 'NONE', *, *, #7108, .T. ) ;
#8626 =( NAMED_UNIT ( * ) SI_UNIT ( $, .STERADIAN. ) SOLID_ANGLE_UNIT ( ) );
#8627 = EDGE_CURVE ( 'NONE', #6984, #40, #3248, .T. ) ;
#8628 = COLOUR_RGB ( '',0.7960784313725489700, 0.8235294117647058400, 0.9372549019607843100 ) ;
#8629 = PRESENTATION_LAYER_ASSIGNMENT (  '', '', ( #8171 ) ) ;
#8630 = DIRECTION ( 'NONE',  ( -0.7071067811865489100, -0.0000000000000000000, 0.7071067811865462400 ) ) ;
#8631 =( NAMED_UNIT ( * ) SI_UNIT ( $, .STERADIAN. ) SOLID_ANGLE_UNIT ( ) );
#8632 = FILL_AREA_STYLE_COLOUR ( '', #5499 ) ;
#8633 = PRESENTATION_STYLE_ASSIGNMENT (( #7203 ) ) ;
#8634 = SURFACE_STYLE_USAGE ( .BOTH. , #4023 ) ;
#8635 = EDGE_CURVE ( 'NONE', #5574, #2108, #5255, .T. ) ;
#8636 = ORIENTED_EDGE ( 'NONE', *, *, #330, .F. ) ;
#8637 = VECTOR ( 'NONE', #337, 1000.000000000000000 ) ;
#8638 = STYLED_ITEM ( 'NONE', ( #4424 ), #5019 ) ;
#8639 =( NAMED_UNIT ( * ) PLANE_ANGLE_UNIT ( ) SI_UNIT ( $, .RADIAN. ) );
#8640 = UNCERTAINTY_MEASURE_WITH_UNIT (LENGTH_MEASURE( 1.000000000000000100E-005 ), #7456, 'distance_accuracy_value', 'NONE');
#8641 = DIRECTION ( 'NONE',  ( 1.232047923278982000E-016, 0.0000000000000000000, -1.000000000000000000 ) ) ;
#8642 = LINE ( 'NONE', #3613, #6684 ) ;
#8643 = CARTESIAN_POINT ( 'NONE',  ( -1.490000000000000200, 11.70000000000000100, 0.3199999999999998400 ) ) ;
#8644 = ORIENTED_EDGE ( 'NONE', *, *, #3494, .F. ) ;
#8645 = EDGE_CURVE ( 'NONE', #826, #5650, #8532, .T. ) ;
#8646 = CARTESIAN_POINT ( 'NONE',  ( 0.9499999999999999600, -2.799999999999999400, -5.299999999999999800 ) ) ;
#8647 = VERTEX_POINT ( 'NONE', #8031 ) ;
ENDSEC;
END-ISO-10303-21;
