ISO-10303-21;
HEADER;
FILE_DESCRIPTION (( 'STEP AP214' ),
    '1' );
FILE_NAME ('2x9.STEP',
    '2019-03-31T22:00:55',
    ( '' ),
    ( '' ),
    'SwSTEP 2.0',
    'SolidWorks 2014',
    '' );
FILE_SCHEMA (( 'AUTOMOTIVE_DESIGN' ));
ENDSEC;

DATA;
#1 = PRESENTATION_LAYER_ASSIGNMENT (  '', '', ( #9866 ) ) ;
#2 = DIRECTION ( 'NONE',  ( -0.7071067811865489100, -0.0000000000000000000, 0.7071067811865462400 ) ) ;
#3 = ORIENTED_EDGE ( 'NONE', *, *, #2644, .T. ) ;
#4 = CARTESIAN_POINT ( 'NONE',  ( -1.490000000000000000, -2.799999999999999400, -5.400000000000000400 ) ) ;
#5 =( LENGTH_UNIT ( ) NAMED_UNIT ( * ) SI_UNIT ( .MILLI., .METRE. ) );
#6 = COLOUR_RGB ( '',0.7960784313725489700, 0.8235294117647058400, 0.9372549019607843100 ) ;
#7 =( GEOMETRIC_REPRESENTATION_CONTEXT ( 3 ) GLOBAL_UNCERTAINTY_ASSIGNED_CONTEXT ( ( #5533 ) ) GLOBAL_UNIT_ASSIGNED_CONTEXT ( ( #1593, #7514, #2434 ) ) REPRESENTATION_CONTEXT ( 'NONE', 'WORKASPACE' ) );
#8 = CARTESIAN_POINT ( 'NONE',  ( 1.490000000000000000, -2.799999999999999400, -4.760000000000000700 ) ) ;
#9 = LINE ( 'NONE', #2502, #2023 ) ;
#10 = FILL_AREA_STYLE ('',( #8459 ) ) ;
#11 = EDGE_CURVE ( 'NONE', #6772, #8010, #358, .T. ) ;
#12 = FILL_AREA_STYLE ('',( #3427 ) ) ;
#13 = MECHANICAL_DESIGN_GEOMETRIC_PRESENTATION_REPRESENTATION (  '', ( #9300 ), #591 ) ;
#14 = FILL_AREA_STYLE ('',( #1694 ) ) ;
#15 = CARTESIAN_POINT ( 'NONE',  ( -0.9499999999999999600, 11.70000000000000100, -5.299999999999999800 ) ) ;
#16 = EDGE_CURVE ( 'NONE', #9897, #2330, #4918, .T. ) ;
#17 = LINE ( 'NONE', #159, #9037 ) ;
#18 = DIRECTION ( 'NONE',  ( -0.7071067811865470200, -0.0000000000000000000, -0.7071067811865481300 ) ) ;
#19 = DIRECTION ( 'NONE',  ( -0.0000000000000000000, -0.0000000000000000000, -1.000000000000000000 ) ) ;
#20 = VERTEX_POINT ( 'NONE', #584 ) ;
#21 = EDGE_CURVE ( 'NONE', #2946, #4142, #97, .T. ) ;
#22 = PRESENTATION_STYLE_ASSIGNMENT (( #9978 ) ) ;
#23 =( NAMED_UNIT ( * ) PLANE_ANGLE_UNIT ( ) SI_UNIT ( $, .RADIAN. ) );
#24 = VERTEX_POINT ( 'NONE', #10781 ) ;
#25 = SURFACE_STYLE_USAGE ( .BOTH. , #5150 ) ;
#26 = LINE ( 'NONE', #4675, #6570 ) ;
#27 =( NAMED_UNIT ( * ) PLANE_ANGLE_UNIT ( ) SI_UNIT ( $, .RADIAN. ) );
#28 = LINE ( 'NONE', #10197, #2303 ) ;
#29 =( LENGTH_UNIT ( ) NAMED_UNIT ( * ) SI_UNIT ( .MILLI., .METRE. ) );
#30 = LINE ( 'NONE', #8872, #4321 ) ;
#31 = FILL_AREA_STYLE ('',( #3449 ) ) ;
#32 = DIRECTION ( 'NONE',  ( -1.000000000000000000, 0.0000000000000000000, 0.0000000000000000000 ) ) ;
#33 =( NAMED_UNIT ( * ) SI_UNIT ( $, .STERADIAN. ) SOLID_ANGLE_UNIT ( ) );
#34 = PLANE ( 'NONE',  #9606 ) ;
#35 = VECTOR ( 'NONE', #2744, 1000.000000000000000 ) ;
#36 = DIRECTION ( 'NONE',  ( 0.0000000000000000000, 0.0000000000000000000, -1.000000000000000000 ) ) ;
#37 = LINE ( 'NONE', #9208, #10788 ) ;
#38 = PRESENTATION_STYLE_ASSIGNMENT (( #9130 ) ) ;
#39 = CARTESIAN_POINT ( 'NONE',  ( 1.490000000000000000, -2.799999999999999400, -17.46000000000000100 ) ) ;
#40 = CARTESIAN_POINT ( 'NONE',  ( -1.490000000000000200, -2.799999999999999400, -2.220000000000000200 ) ) ;
#41 = SURFACE_STYLE_USAGE ( .BOTH. , #5165 ) ;
#42 = EDGE_CURVE ( 'NONE', #2380, #7536, #2635, .T. ) ;
#43 = FILL_AREA_STYLE_COLOUR ( '', #5907 ) ;
#44 = LINE ( 'NONE', #1382, #2057 ) ;
#45 = SURFACE_STYLE_USAGE ( .BOTH. , #5169 ) ;
#46 = CARTESIAN_POINT ( 'NONE',  ( 2.140000000000001500, 0.0000000000000000000, -3.810000000000000100 ) ) ;
#47 = ADVANCED_FACE ( 'NONE', ( #6625 ), #8263, .T. ) ;
#48 = STYLED_ITEM ( 'NONE', ( #1843 ), #6088 ) ;
#49 = UNCERTAINTY_MEASURE_WITH_UNIT (LENGTH_MEASURE( 1.000000000000000100E-005 ), #10189, 'distance_accuracy_value', 'NONE');
#50 = AXIS2_PLACEMENT_3D ( 'NONE', #10612, #5564, #445 ) ;
#51 = PRESENTATION_STYLE_ASSIGNMENT (( #6344 ) ) ;
#52 = SURFACE_SIDE_STYLE ('',( #7870 ) ) ;
#53 = UNCERTAINTY_MEASURE_WITH_UNIT (LENGTH_MEASURE( 1.000000000000000100E-005 ), #9061, 'distance_accuracy_value', 'NONE');
#54 = CARTESIAN_POINT ( 'NONE',  ( -1.050000000000000000, -2.799999999999999400, -4.760000000000000700 ) ) ;
#55 = DIRECTION ( 'NONE',  ( 0.7071067811865486800, 0.0000000000000000000, 0.7071067811865464600 ) ) ;
#56 =( LENGTH_UNIT ( ) NAMED_UNIT ( * ) SI_UNIT ( .MILLI., .METRE. ) );
#57 = ORIENTED_EDGE ( 'NONE', *, *, #8277, .F. ) ;
#58 = CARTESIAN_POINT ( 'NONE',  ( -2.539999999999999600, 1.700000000000000000, -1.703421052631578900 ) ) ;
#59 = CARTESIAN_POINT ( 'NONE',  ( -1.490000000000000200, 11.70000000000000100, -17.46000000000000100 ) ) ;
#60 = EDGE_CURVE ( 'NONE', #3681, #3175, #3584, .T. ) ;
#61 = VERTEX_POINT ( 'NONE', #6589 ) ;
#62 = EDGE_LOOP ( 'NONE', ( #504, #10346, #5443, #4007 ) ) ;
#63 = CARTESIAN_POINT ( 'NONE',  ( -1.050000000000000000, 11.70000000000000100, -5.400000000000000400 ) ) ;
#64 = MECHANICAL_DESIGN_GEOMETRIC_PRESENTATION_REPRESENTATION (  '', ( #9350 ), #648 ) ;
#65 =( NAMED_UNIT ( * ) PLANE_ANGLE_UNIT ( ) SI_UNIT ( $, .RADIAN. ) );
#66 = FILL_AREA_STYLE_COLOUR ( '', #6417 ) ;
#67 = ORIENTED_EDGE ( 'NONE', *, *, #1003, .F. ) ;
#68 =( LENGTH_UNIT ( ) NAMED_UNIT ( * ) SI_UNIT ( .MILLI., .METRE. ) );
#69 = DIRECTION ( 'NONE',  ( -0.0000000000000000000, -0.0000000000000000000, -1.000000000000000000 ) ) ;
#70 =( GEOMETRIC_REPRESENTATION_CONTEXT ( 3 ) GLOBAL_UNCERTAINTY_ASSIGNED_CONTEXT ( ( #7336 ) ) GLOBAL_UNIT_ASSIGNED_CONTEXT ( ( #6919, #1816, #7763 ) ) REPRESENTATION_CONTEXT ( 'NONE', 'WORKASPACE' ) );
#71 = FILL_AREA_STYLE_COLOUR ( '', #10429 ) ;
#72 = PLANE ( 'NONE',  #747 ) ;
#73 = PRESENTATION_STYLE_ASSIGNMENT (( #5637 ) ) ;
#74 =( GEOMETRIC_REPRESENTATION_CONTEXT ( 3 ) GLOBAL_UNCERTAINTY_ASSIGNED_CONTEXT ( ( #3216 ) ) GLOBAL_UNIT_ASSIGNED_CONTEXT ( ( #4243, #10133, #5109 ) ) REPRESENTATION_CONTEXT ( 'NONE', 'WORKASPACE' ) );
#75 =( NAMED_UNIT ( * ) SI_UNIT ( $, .STERADIAN. ) SOLID_ANGLE_UNIT ( ) );
#76 = CARTESIAN_POINT ( 'NONE',  ( 0.9499999999999999600, 11.70000000000000100, -20.54000000000000300 ) ) ;
#77 = PRESENTATION_STYLE_ASSIGNMENT (( #88 ) ) ;
#78 = AXIS2_PLACEMENT_3D ( 'NONE', #4697, #5542, #428 ) ;
#79 = SURFACE_STYLE_USAGE ( .BOTH. , #5206 ) ;
#80 = ORIENTED_EDGE ( 'NONE', *, *, #2496, .T. ) ;
#81 = DIRECTION ( 'NONE',  ( -0.0000000000000000000, -1.000000000000000000, -0.0000000000000000000 ) ) ;
#82 = CARTESIAN_POINT ( 'NONE',  ( -1.490000000000000000, -2.799999999999999400, -7.940000000000001300 ) ) ;
#83 =( NAMED_UNIT ( * ) PLANE_ANGLE_UNIT ( ) SI_UNIT ( $, .RADIAN. ) );
#84 = DIRECTION ( 'NONE',  ( -0.7071067811865481300, 0.0000000000000000000, -0.7071067811865470200 ) ) ;
#85 = ORIENTED_EDGE ( 'NONE', *, *, #10619, .T. ) ;
#86 = VECTOR ( 'NONE', #8704, 1000.000000000000000 ) ;
#87 = ORIENTED_EDGE ( 'NONE', *, *, #6033, .T. ) ;
#88 = SURFACE_STYLE_USAGE ( .BOTH. , #5216 ) ;
#89 = AXIS2_PLACEMENT_3D ( 'NONE', #991, #6928, #1821 ) ;
#90 = VECTOR ( 'NONE', #7002, 1000.000000000000000 ) ;
#91 = LINE ( 'NONE', #9973, #10836 ) ;
#92 = VERTEX_POINT ( 'NONE', #4347 ) ;
#93 = ORIENTED_EDGE ( 'NONE', *, *, #7929, .F. ) ;
#94 = FILL_AREA_STYLE ('',( #7711 ) ) ;
#95 = FILL_AREA_STYLE_COLOUR ( '', #8077 ) ;
#96 = DIRECTION ( 'NONE',  ( 0.0000000000000000000, 1.000000000000000000, 0.0000000000000000000 ) ) ;
#97 = LINE ( 'NONE', #2304, #8842 ) ;
#98 = EDGE_CURVE ( 'NONE', #5195, #9338, #5823, .T. ) ;
#99 = VECTOR ( 'NONE', #3140, 1000.000000000000000 ) ;
#100 = STYLED_ITEM ( 'NONE', ( #7459 ), #3612 ) ;
#101 = VECTOR ( 'NONE', #4664, 1000.000000000000000 ) ;
#102 = DIRECTION ( 'NONE',  ( -1.000000000000000000, 0.0000000000000000000, 0.0000000000000000000 ) ) ;
#103 = ORIENTED_EDGE ( 'NONE', *, *, #4640, .T. ) ;
#104 = PRESENTATION_STYLE_ASSIGNMENT (( #3129 ) ) ;
#105 = FILL_AREA_STYLE ('',( #10252 ) ) ;
#106 = EDGE_CURVE ( 'NONE', #621, #1546, #7808, .T. ) ;
#107 = CARTESIAN_POINT ( 'NONE',  ( 0.9499999999999999600, 11.70000000000000100, -7.400000000000000400 ) ) ;
#108 = ADVANCED_FACE ( 'NONE', ( #3305 ), #9410, .T. ) ;
#109 = ORIENTED_EDGE ( 'NONE', *, *, #7633, .T. ) ;
#110 = FILL_AREA_STYLE_COLOUR ( '', #5646 ) ;
#111 =( NAMED_UNIT ( * ) SI_UNIT ( $, .STERADIAN. ) SOLID_ANGLE_UNIT ( ) );
#112 = CARTESIAN_POINT ( 'NONE',  ( -2.540000000000000000, 1.700000000000000000, -18.68342105263158000 ) ) ;
#113 = COLOUR_RGB ( '',0.7960784313725489700, 0.8235294117647058400, 0.9372549019607843100 ) ;
#114 = EDGE_CURVE ( 'NONE', #2369, #1883, #230, .T. ) ;
#115 = CLOSED_SHELL ( 'NONE', ( #9450, #6260, #7684, #5550, #5760, #6101, #681, #4039, #8611, #3775 ) ) ;
#116 = VERTEX_POINT ( 'NONE', #4421 ) ;
#117 = LINE ( 'NONE', #9195, #2116 ) ;
#118 = SURFACE_STYLE_FILL_AREA ( #1157 ) ;
#119 = CARTESIAN_POINT ( 'NONE',  ( -2.539999999999999600, 0.0000000000000000000, -16.94342105263157800 ) ) ;
#120 = FILL_AREA_STYLE_COLOUR ( '', #9566 ) ;
#121 = PRESENTATION_LAYER_ASSIGNMENT (  '', '', ( #9977 ) ) ;
#122 = ORIENTED_EDGE ( 'NONE', *, *, #106, .F. ) ;
#123 =( LENGTH_UNIT ( ) NAMED_UNIT ( * ) SI_UNIT ( .MILLI., .METRE. ) );
#124 = ORIENTED_EDGE ( 'NONE', *, *, #6041, .F. ) ;
#125 = SURFACE_SIDE_STYLE ('',( #5078 ) ) ;
#126 = AXIS2_PLACEMENT_3D ( 'NONE', #7474, #2394, #8311 ) ;
#127 = ADVANCED_FACE ( 'NONE', ( #6751 ), #3570, .T. ) ;
#128 = ORIENTED_EDGE ( 'NONE', *, *, #5984, .T. ) ;
#129 = VERTEX_POINT ( 'NONE', #161 ) ;
#130 = CARTESIAN_POINT ( 'NONE',  ( 1.590000000000000100, 11.70000000000000100, -9.940000000000001300 ) ) ;
#131 = ORIENTED_EDGE ( 'NONE', *, *, #1064, .F. ) ;
#132 = UNCERTAINTY_MEASURE_WITH_UNIT (LENGTH_MEASURE( 1.000000000000000100E-005 ), #4133, 'distance_accuracy_value', 'NONE');
#133 = EDGE_LOOP ( 'NONE', ( #2873, #5183, #8836, #10829 ) ) ;
#134 = CARTESIAN_POINT ( 'NONE',  ( 2.140000000000001500, 1.700000000000000000, 1.270000000000000000 ) ) ;
#135 = CARTESIAN_POINT ( 'NONE',  ( 2.140000000000000100, 1.700000000000000000, -19.05000000000000100 ) ) ;
#136 = VECTOR ( 'NONE', #5490, 1000.000000000000000 ) ;
#137 = VERTEX_POINT ( 'NONE', #6153 ) ;
#138 = ORIENTED_EDGE ( 'NONE', *, *, #7218, .F. ) ;
#139 = COLOUR_RGB ( '',0.0000000000000000000, 0.003921568627450980300, 0.09019607843137254800 ) ;
#140 = ORIENTED_EDGE ( 'NONE', *, *, #8542, .F. ) ;
#141 = DIRECTION ( 'NONE',  ( 0.7071067811865477900, 0.0000000000000000000, -0.7071067811865473500 ) ) ;
#142 =( GEOMETRIC_REPRESENTATION_CONTEXT ( 3 ) GLOBAL_UNCERTAINTY_ASSIGNED_CONTEXT ( ( #5053 ) ) GLOBAL_UNIT_ASSIGNED_CONTEXT ( ( #6290, #1217, #7142 ) ) REPRESENTATION_CONTEXT ( 'NONE', 'WORKASPACE' ) );
#143 = FACE_OUTER_BOUND ( 'NONE', #1581, .T. ) ;
#144 = CARTESIAN_POINT ( 'NONE',  ( -1.490000000000000000, -2.799999999999999400, -2.860000000000000300 ) ) ;
#145 = FILL_AREA_STYLE_COLOUR ( '', #9580 ) ;
#146 = VECTOR ( 'NONE', #910, 1000.000000000000000 ) ;
#147 = EDGE_CURVE ( 'NONE', #5230, #1322, #899, .T. ) ;
#148 = DIRECTION ( 'NONE',  ( 0.7071067811865463500, -0.0000000000000000000, 0.7071067811865487900 ) ) ;
#149 = PRESENTATION_STYLE_ASSIGNMENT (( #6321 ) ) ;
#150 = CARTESIAN_POINT ( 'NONE',  ( -2.540000000000000000, 1.700000000000000000, -5.983421052631579900 ) ) ;
#151 = MECHANICAL_DESIGN_GEOMETRIC_PRESENTATION_REPRESENTATION (  '', ( #9439 ), #718 ) ;
#152 = CARTESIAN_POINT ( 'NONE',  ( 1.050000000000000000, 11.70000000000000100, -17.46000000000000100 ) ) ;
#153 = DIRECTION ( 'NONE',  ( 0.0000000000000000000, 0.0000000000000000000, 1.000000000000000000 ) ) ;
#154 = VECTOR ( 'NONE', #10099, 1000.000000000000000 ) ;
#155 =( LENGTH_UNIT ( ) NAMED_UNIT ( * ) SI_UNIT ( .MILLI., .METRE. ) );
#156 = LINE ( 'NONE', #6215, #4704 ) ;
#157 = EDGE_LOOP ( 'NONE', ( #8093, #7150, #5481, #8023 ) ) ;
#158 = AXIS2_PLACEMENT_3D ( 'NONE', #7199, #2104, #8024 ) ;
#159 = CARTESIAN_POINT ( 'NONE',  ( -1.050000000000000000, -2.799999999999999400, -5.400000000000000400 ) ) ;
#160 = AXIS2_PLACEMENT_3D ( 'NONE', #1078, #7006, #1914 ) ;
#161 = CARTESIAN_POINT ( 'NONE',  ( 2.140000000000000100, 0.0000000000000000000, -1.270000000000000000 ) ) ;
#162 = FACE_OUTER_BOUND ( 'NONE', #2738, .T. ) ;
#163 = CARTESIAN_POINT ( 'NONE',  ( 0.9499999999999999600, -2.799999999999999400, 0.2200000000000000600 ) ) ;
#164 = MECHANICAL_DESIGN_GEOMETRIC_PRESENTATION_REPRESENTATION (  '', ( #10009 ), #735 ) ;
#165 = SURFACE_STYLE_FILL_AREA ( #3055 ) ;
#166 = SURFACE_STYLE_USAGE ( .BOTH. , #5296 ) ;
#167 = ADVANCED_FACE ( 'NONE', ( #7391 ), #2660, .F. ) ;
#168 = SURFACE_STYLE_FILL_AREA ( #8098 ) ;
#169 = EDGE_CURVE ( 'NONE', #10144, #5083, #6613, .T. ) ;
#170 = EDGE_LOOP ( 'NONE', ( #3879, #2601, #9016, #10356 ) ) ;
#171 = STYLED_ITEM ( 'NONE', ( #1350 ), #3200 ) ;
#172 = LINE ( 'NONE', #1378, #2169 ) ;
#173 =( NAMED_UNIT ( * ) PLANE_ANGLE_UNIT ( ) SI_UNIT ( $, .RADIAN. ) );
#174 = CARTESIAN_POINT ( 'NONE',  ( 0.9499999999999999600, 11.70000000000000100, -9.940000000000001300 ) ) ;
#175 = PRESENTATION_LAYER_ASSIGNMENT (  '', '', ( #10020 ) ) ;
#176 = EDGE_CURVE ( 'NONE', #6999, #5489, #2356, .T. ) ;
#177 = EDGE_CURVE ( 'NONE', #7305, #8086, #8828, .T. ) ;
#178 = VECTOR ( 'NONE', #902, 1000.000000000000000 ) ;
#179 = CARTESIAN_POINT ( 'NONE',  ( 1.490000000000000000, -2.799999999999999400, -20.64000000000000100 ) ) ;
#180 = CARTESIAN_POINT ( 'NONE',  ( 2.140000000000000100, 1.700000000000000000, -16.51000000000000200 ) ) ;
#181 = ADVANCED_FACE ( 'NONE', ( #4091 ), #5391, .T. ) ;
#182 = LINE ( 'NONE', #3480, #4466 ) ;
#183 = CARTESIAN_POINT ( 'NONE',  ( -1.490000000000000200, -2.799999999999999400, -9.840000000000001600 ) ) ;
#184 = LINE ( 'NONE', #8222, #6711 ) ;
#185 = CARTESIAN_POINT ( 'NONE',  ( 0.0000000000000000000, -2.799999999999999400, -15.24000000000000000 ) ) ;
#186 = CARTESIAN_POINT ( 'NONE',  ( 1.590000000000000100, -2.799999999999999400, -9.940000000000001300 ) ) ;
#187 = LINE ( 'NONE', #1685, #6713 ) ;
#188 = VECTOR ( 'NONE', #4105, 999.9999999999998900 ) ;
#189 = VECTOR ( 'NONE', #7303, 1000.000000000000000 ) ;
#190 = CARTESIAN_POINT ( 'NONE',  ( 1.050000000000000000, -2.799999999999999400, -5.400000000000000400 ) ) ;
#191 = CARTESIAN_POINT ( 'NONE',  ( 1.050000000000000000, -2.799999999999999400, 0.3199999999999999000 ) ) ;
#192 = FILL_AREA_STYLE_COLOUR ( '', #8758 ) ;
#193 = EDGE_LOOP ( 'NONE', ( #7503, #452, #1683, #4476 ) ) ;
#194 = VECTOR ( 'NONE', #5344, 999.9999999999998900 ) ;
#195 = ORIENTED_EDGE ( 'NONE', *, *, #751, .T. ) ;
#196 =( NAMED_UNIT ( * ) SI_UNIT ( $, .STERADIAN. ) SOLID_ANGLE_UNIT ( ) );
#197 = UNCERTAINTY_MEASURE_WITH_UNIT (LENGTH_MEASURE( 1.000000000000000100E-005 ), #9451, 'distance_accuracy_value', 'NONE');
#198 = CARTESIAN_POINT ( 'NONE',  ( 1.050000000000000000, -2.799999999999999400, -13.02000000000000100 ) ) ;
#199 = EDGE_CURVE ( 'NONE', #5489, #7537, #5560, .T. ) ;
#200 =( LENGTH_UNIT ( ) NAMED_UNIT ( * ) SI_UNIT ( .MILLI., .METRE. ) );
#201 = SURFACE_STYLE_FILL_AREA ( #1899 ) ;
#202 = UNCERTAINTY_MEASURE_WITH_UNIT (LENGTH_MEASURE( 1.000000000000000100E-005 ), #8897, 'distance_accuracy_value', 'NONE');
#203 = CARTESIAN_POINT ( 'NONE',  ( -0.9499999999999999600, -2.799999999999999400, -7.400000000000000400 ) ) ;
#204 = MECHANICAL_DESIGN_GEOMETRIC_PRESENTATION_REPRESENTATION (  '', ( #9490 ), #778 ) ;
#205 = ORIENTED_EDGE ( 'NONE', *, *, #5745, .F. ) ;
#206 = STYLED_ITEM ( 'NONE', ( #8966 ), #10842 ) ;
#207 = STYLED_ITEM ( 'NONE', ( #6342 ), #7570 ) ;
#208 = FACE_OUTER_BOUND ( 'NONE', #499, .T. ) ;
#209 = CARTESIAN_POINT ( 'NONE',  ( 0.9499999999999999600, -2.799999999999999400, -12.92000000000000200 ) ) ;
#210 = CARTESIAN_POINT ( 'NONE',  ( -1.050000000000000000, -2.799999999999999400, -2.860000000000000300 ) ) ;
#211 = LINE ( 'NONE', #3619, #4760 ) ;
#212 = EDGE_CURVE ( 'NONE', #6764, #5162, #7799, .T. ) ;
#213 = ORIENTED_EDGE ( 'NONE', *, *, #114, .T. ) ;
#214 = ORIENTED_EDGE ( 'NONE', *, *, #3185, .F. ) ;
#215 = FILL_AREA_STYLE ('',( #8654 ) ) ;
#216 = ORIENTED_EDGE ( 'NONE', *, *, #4290, .T. ) ;
#217 = VERTEX_POINT ( 'NONE', #1189 ) ;
#218 = PRESENTATION_STYLE_ASSIGNMENT (( #10530 ) ) ;
#219 = CARTESIAN_POINT ( 'NONE',  ( 2.020000000000001400, 0.2999999999999999900, 1.270000000000000000 ) ) ;
#220 = ORIENTED_EDGE ( 'NONE', *, *, #6455, .T. ) ;
#221 = ADVANCED_FACE ( 'NONE', ( #3294 ), #7944, .T. ) ;
#222 = LINE ( 'NONE', #3348, #4769 ) ;
#223 = MECHANICAL_DESIGN_GEOMETRIC_PRESENTATION_REPRESENTATION (  '', ( #9508 ), #805 ) ;
#224 = ORIENTED_EDGE ( 'NONE', *, *, #6969, .F. ) ;
#225 = ORIENTED_EDGE ( 'NONE', *, *, #8999, .T. ) ;
#226 = COLOUR_RGB ( '',0.0000000000000000000, 0.003921568627450980300, 0.09019607843137254800 ) ;
#227 = CARTESIAN_POINT ( 'NONE',  ( 1.590000000000000100, -2.799999999999999400, -12.92000000000000200 ) ) ;
#228 = DIRECTION ( 'NONE',  ( 0.0000000000000000000, 1.000000000000000000, 0.0000000000000000000 ) ) ;
#229 = AXIS2_PLACEMENT_3D ( 'NONE', #535, #6496, #1410 ) ;
#230 = LINE ( 'NONE', #8598, #4777 ) ;
#231 = CARTESIAN_POINT ( 'NONE',  ( 2.140000000000000100, 1.700000000000000000, -19.05000000000000100 ) ) ;
#232 = FILL_AREA_STYLE ('',( #2773 ) ) ;
#233 = LINE ( 'NONE', #3870, #10968 ) ;
#234 =( LENGTH_UNIT ( ) NAMED_UNIT ( * ) SI_UNIT ( .MILLI., .METRE. ) );
#235 = CARTESIAN_POINT ( 'NONE',  ( 2.540000000000000900, 0.0000000000000000000, -18.64999999999999900 ) ) ;
#236 = ADVANCED_FACE ( 'NONE', ( #8955 ), #9660, .T. ) ;
#237 = PLANE ( 'NONE',  #7173 ) ;
#238 = VERTEX_POINT ( 'NONE', #3754 ) ;
#239 = PRESENTATION_LAYER_ASSIGNMENT (  '', '', ( #10091 ) ) ;
#240 = VECTOR ( 'NONE', #10847, 999.9999999999998900 ) ;
#241 =( GEOMETRIC_REPRESENTATION_CONTEXT ( 3 ) GLOBAL_UNCERTAINTY_ASSIGNED_CONTEXT ( ( #2661 ) ) GLOBAL_UNIT_ASSIGNED_CONTEXT ( ( #1620, #7541, #2471 ) ) REPRESENTATION_CONTEXT ( 'NONE', 'WORKASPACE' ) );
#242 = VERTEX_POINT ( 'NONE', #8850 ) ;
#243 = VERTEX_POINT ( 'NONE', #3813 ) ;
#244 = EDGE_CURVE ( 'NONE', #6512, #755, #8172, .T. ) ;
#245 = ORIENTED_EDGE ( 'NONE', *, *, #8340, .F. ) ;
#246 = CARTESIAN_POINT ( 'NONE',  ( -2.540000000000000000, 0.0000000000000000000, -21.22342105263157900 ) ) ;
#247 = ORIENTED_EDGE ( 'NONE', *, *, #6377, .T. ) ;
#248 = LINE ( 'NONE', #8853, #2242 ) ;
#249 = VERTEX_POINT ( 'NONE', #6361 ) ;
#250 = DIRECTION ( 'NONE',  ( 0.7071067811865481300, 0.0000000000000000000, -0.7071067811865470200 ) ) ;
#251 = CARTESIAN_POINT ( 'NONE',  ( 1.490000000000000000, -2.799999999999999400, -20.64000000000000100 ) ) ;
#252 = SURFACE_STYLE_FILL_AREA ( #1055 ) ;
#253 =( NAMED_UNIT ( * ) SI_UNIT ( $, .STERADIAN. ) SOLID_ANGLE_UNIT ( ) );
#254 = CARTESIAN_POINT ( 'NONE',  ( -2.539999999999999600, 0.0000000000000000000, -19.48342105263158100 ) ) ;
#255 = ORIENTED_EDGE ( 'NONE', *, *, #9812, .F. ) ;
#256 = EDGE_CURVE ( 'NONE', #291, #5446, #10148, .T. ) ;
#257 = UNCERTAINTY_MEASURE_WITH_UNIT (LENGTH_MEASURE( 1.000000000000000100E-005 ), #5912, 'distance_accuracy_value', 'NONE');
#258 = CLOSED_SHELL ( 'NONE', ( #8342, #9114, #8894, #9501, #1029, #6706, #507, #4256, #2134, #6143 ) ) ;
#259 = ORIENTED_EDGE ( 'NONE', *, *, #2683, .F. ) ;
#260 =( LENGTH_UNIT ( ) NAMED_UNIT ( * ) SI_UNIT ( .MILLI., .METRE. ) );
#261 = CARTESIAN_POINT ( 'NONE',  ( 0.9499999999999999600, -2.799999999999999400, -17.55999999999999900 ) ) ;
#262 = EDGE_CURVE ( 'NONE', #10567, #4686, #5687, .T. ) ;
#263 = UNCERTAINTY_MEASURE_WITH_UNIT (LENGTH_MEASURE( 1.000000000000000100E-005 ), #6515, 'distance_accuracy_value', 'NONE');
#264 = COLOUR_RGB ( '',0.0000000000000000000, 0.003921568627450980300, 0.09019607843137254800 ) ;
#265 = PLANE ( 'NONE',  #8090 ) ;
#266 = VERTEX_POINT ( 'NONE', #2990 ) ;
#267 = SURFACE_STYLE_FILL_AREA ( #10040 ) ;
#268 = FACE_OUTER_BOUND ( 'NONE', #6504, .T. ) ;
#269 = FILL_AREA_STYLE_COLOUR ( '', #2883 ) ;
#270 = CARTESIAN_POINT ( 'NONE',  ( 1.490000000000000000, 11.70000000000000100, -14.92000000000000200 ) ) ;
#271 = FILL_AREA_STYLE_COLOUR ( '', #6339 ) ;
#272 = CARTESIAN_POINT ( 'NONE',  ( -1.050000000000000000, -2.799999999999999400, -7.940000000000001300 ) ) ;
#273 = ORIENTED_EDGE ( 'NONE', *, *, #10428, .F. ) ;
#274 = CARTESIAN_POINT ( 'NONE',  ( -1.050000000000000000, -2.799999999999999400, -4.760000000000000700 ) ) ;
#275 = CARTESIAN_POINT ( 'NONE',  ( 0.0000000000000000000, -2.799999999999999400, -17.78000000000000100 ) ) ;
#276 = STYLED_ITEM ( 'NONE', ( #8592 ), #10401 ) ;
#277 = CARTESIAN_POINT ( 'NONE',  ( 2.140000000000001500, 0.0000000000000000000, -1.270000000000000000 ) ) ;
#278 = UNCERTAINTY_MEASURE_WITH_UNIT (LENGTH_MEASURE( 1.000000000000000100E-005 ), #8947, 'distance_accuracy_value', 'NONE');
#279 = ORIENTED_EDGE ( 'NONE', *, *, #4341, .F. ) ;
#280 = LINE ( 'NONE', #7003, #4823 ) ;
#281 = FACE_OUTER_BOUND ( 'NONE', #8851, .T. ) ;
#282 = ORIENTED_EDGE ( 'NONE', *, *, #7296, .F. ) ;
#283 = COLOUR_RGB ( '',0.7960784313725489700, 0.8235294117647058400, 0.9372549019607843100 ) ;
#284 = PRESENTATION_STYLE_ASSIGNMENT (( #457 ) ) ;
#285 = EDGE_CURVE ( 'NONE', #4251, #7378, #5940, .T. ) ;
#286 = ORIENTED_EDGE ( 'NONE', *, *, #4272, .F. ) ;
#287 = LINE ( 'NONE', #1775, #6807 ) ;
#288 = CARTESIAN_POINT ( 'NONE',  ( 0.0000000000000000000, 11.70000000000000100, -10.16000000000000000 ) ) ;
#289 = CARTESIAN_POINT ( 'NONE',  ( 1.590000000000000100, -2.799999999999999400, -7.839999999999999900 ) ) ;
#290 = PRESENTATION_LAYER_ASSIGNMENT (  '', '', ( #10140 ) ) ;
#291 = VERTEX_POINT ( 'NONE', #5562 ) ;
#292 = COLOUR_RGB ( '',0.7960784313725489700, 0.8235294117647058400, 0.9372549019607843100 ) ;
#293 = CARTESIAN_POINT ( 'NONE',  ( 1.490000000000000000, -2.799999999999999400, -20.64000000000000100 ) ) ;
#294 = AXIS2_PLACEMENT_3D ( 'NONE', #4143, #10022, #5011 ) ;
#295 = ADVANCED_FACE ( 'NONE', ( #9875 ), #10609, .T. ) ;
#296 = FILL_AREA_STYLE_COLOUR ( '', #2722 ) ;
#297 = PRESENTATION_STYLE_ASSIGNMENT (( #7455 ) ) ;
#298 = MECHANICAL_DESIGN_GEOMETRIC_PRESENTATION_REPRESENTATION (  '', ( #9577 ), #870 ) ;
#299 = PRESENTATION_LAYER_ASSIGNMENT (  '', '', ( #10152 ) ) ;
#300 = VECTOR ( 'NONE', #9942, 1000.000000000000000 ) ;
#301 = CARTESIAN_POINT ( 'NONE',  ( 1.050000000000000000, 11.70000000000000100, -2.860000000000000300 ) ) ;
#302 = CARTESIAN_POINT ( 'NONE',  ( 1.050000000000000000, -2.799999999999999400, -20.64000000000000100 ) ) ;
#303 = PLANE ( 'NONE',  #481 ) ;
#304 =( GEOMETRIC_REPRESENTATION_CONTEXT ( 3 ) GLOBAL_UNCERTAINTY_ASSIGNED_CONTEXT ( ( #6882 ) ) GLOBAL_UNIT_ASSIGNED_CONTEXT ( ( #771, #6724, #1626 ) ) REPRESENTATION_CONTEXT ( 'NONE', 'WORKASPACE' ) );
#305 = LINE ( 'NONE', #2962, #1766 ) ;
#306 = DIRECTION ( 'NONE',  ( 0.7071067811865474600, 0.0000000000000000000, 0.7071067811865474600 ) ) ;
#307 = FILL_AREA_STYLE ('',( #10452 ) ) ;
#308 = SURFACE_STYLE_FILL_AREA ( #2728 ) ;
#309 =( GEOMETRIC_REPRESENTATION_CONTEXT ( 3 ) GLOBAL_UNCERTAINTY_ASSIGNED_CONTEXT ( ( #887 ) ) GLOBAL_UNIT_ASSIGNED_CONTEXT ( ( #10936, #5888, #795 ) ) REPRESENTATION_CONTEXT ( 'NONE', 'WORKASPACE' ) );
#310 = DIRECTION ( 'NONE',  ( -1.000000000000000000, -0.0000000000000000000, -0.0000000000000000000 ) ) ;
#311 =( NAMED_UNIT ( * ) PLANE_ANGLE_UNIT ( ) SI_UNIT ( $, .RADIAN. ) );
#312 = DIRECTION ( 'NONE',  ( 0.7071067811865481300, 0.0000000000000000000, -0.7071067811865470200 ) ) ;
#313 = DIRECTION ( 'NONE',  ( -0.0000000000000000000, -0.0000000000000000000, -1.000000000000000000 ) ) ;
#314 = FILL_AREA_STYLE ('',( #8752 ) ) ;
#315 = EDGE_CURVE ( 'NONE', #5012, #1164, #6875, .T. ) ;
#316 = FACE_OUTER_BOUND ( 'NONE', #1987, .T. ) ;
#317 = VECTOR ( 'NONE', #8253, 1000.000000000000000 ) ;
#318 = MECHANICAL_DESIGN_GEOMETRIC_PRESENTATION_REPRESENTATION (  '', ( #9595 ), #895 ) ;
#319 = FILL_AREA_STYLE_COLOUR ( '', #5922 ) ;
#320 = FILL_AREA_STYLE ('',( #2005 ) ) ;
#321 = EDGE_CURVE ( 'NONE', #1349, #6667, #344, .T. ) ;
#322 = ORIENTED_EDGE ( 'NONE', *, *, #8891, .T. ) ;
#323 =( LENGTH_UNIT ( ) NAMED_UNIT ( * ) SI_UNIT ( .MILLI., .METRE. ) );
#324 = LINE ( 'NONE', #6309, #9067 ) ;
#325 = EDGE_CURVE ( 'NONE', #9277, #9682, #9086, .T. ) ;
#326 = CARTESIAN_POINT ( 'NONE',  ( -2.540000000000000000, 0.0000000000000000000, -0.9034210526315790100 ) ) ;
#327 =( GEOMETRIC_REPRESENTATION_CONTEXT ( 3 ) GLOBAL_UNCERTAINTY_ASSIGNED_CONTEXT ( ( #6140 ) ) GLOBAL_UNIT_ASSIGNED_CONTEXT ( ( #4544, #10421, #5396 ) ) REPRESENTATION_CONTEXT ( 'NONE', 'WORKASPACE' ) );
#328 = COLOUR_RGB ( '',0.7960784313725489700, 0.8235294117647058400, 0.9372549019607843100 ) ;
#329 = ORIENTED_EDGE ( 'NONE', *, *, #3666, .F. ) ;
#330 = ORIENTED_EDGE ( 'NONE', *, *, #9704, .T. ) ;
#331 = CARTESIAN_POINT ( 'NONE',  ( -1.590000000000000300, 11.70000000000000100, -4.860000000000000300 ) ) ;
#332 = PRESENTATION_STYLE_ASSIGNMENT (( #9562 ) ) ;
#333 =( LENGTH_UNIT ( ) NAMED_UNIT ( * ) SI_UNIT ( .MILLI., .METRE. ) );
#334 = MANIFOLD_SOLID_BREP ( 'LPattern3[12]', #4073 ) ;
#335 = SURFACE_STYLE_USAGE ( .BOTH. , #5455 ) ;
#336 = CARTESIAN_POINT ( 'NONE',  ( 1.490000000000000000, -2.799999999999999400, -15.56000000000000000 ) ) ;
#337 = ORIENTED_EDGE ( 'NONE', *, *, #10271, .T. ) ;
#338 =( NAMED_UNIT ( * ) PLANE_ANGLE_UNIT ( ) SI_UNIT ( $, .RADIAN. ) );
#339 = DIRECTION ( 'NONE',  ( 0.0000000000000000000, 1.000000000000000000, 0.0000000000000000000 ) ) ;
#340 = CARTESIAN_POINT ( 'NONE',  ( 2.140000000000000100, 1.700000000000000000, -13.97000000000000100 ) ) ;
#341 = ADVANCED_FACE ( 'NONE', ( #1548 ), #8959, .T. ) ;
#342 = CARTESIAN_POINT ( 'NONE',  ( -2.540000000000000000, 1.700000000000000000, -21.22342105263157900 ) ) ;
#343 = CARTESIAN_POINT ( 'NONE',  ( -2.540000000000000000, 1.700000000000000000, -8.523421052631579900 ) ) ;
#344 = LINE ( 'NONE', #10642, #2343 ) ;
#345 = PRESENTATION_LAYER_ASSIGNMENT (  '', '', ( #10205 ) ) ;
#346 = ORIENTED_EDGE ( 'NONE', *, *, #9177, .T. ) ;
#347 = PRESENTATION_STYLE_ASSIGNMENT (( #1928 ) ) ;
#348 = MECHANICAL_DESIGN_GEOMETRIC_PRESENTATION_REPRESENTATION (  '', ( #9628 ), #938 ) ;
#349 = DIRECTION ( 'NONE',  ( 0.0000000000000000000, -1.000000000000000000, 0.0000000000000000000 ) ) ;
#350 = FILL_AREA_STYLE ('',( #10475 ) ) ;
#351 = EDGE_CURVE ( 'NONE', #1411, #925, #7253, .T. ) ;
#352 = DIRECTION ( 'NONE',  ( -1.000000000000000000, 0.0000000000000000000, 0.0000000000000000000 ) ) ;
#353 = CARTESIAN_POINT ( 'NONE',  ( 1.490000000000000000, 11.70000000000000100, -9.840000000000001600 ) ) ;
#354 = PRESENTATION_LAYER_ASSIGNMENT (  '', '', ( #10799 ) ) ;
#355 = EDGE_LOOP ( 'NONE', ( #2516, #9268, #9624, #3759 ) ) ;
#356 = LINE ( 'NONE', #851, #1824 ) ;
#357 =( NAMED_UNIT ( * ) SI_UNIT ( $, .STERADIAN. ) SOLID_ANGLE_UNIT ( ) );
#358 = LINE ( 'NONE', #9063, #9109 ) ;
#359 =( GEOMETRIC_REPRESENTATION_CONTEXT ( 3 ) GLOBAL_UNCERTAINTY_ASSIGNED_CONTEXT ( ( #4587 ) ) GLOBAL_UNIT_ASSIGNED_CONTEXT ( ( #9465, #4442, #10326 ) ) REPRESENTATION_CONTEXT ( 'NONE', 'WORKASPACE' ) );
#360 = SURFACE_STYLE_FILL_AREA ( #10755 ) ;
#361 = STYLED_ITEM ( 'NONE', ( #4749 ), #8944 ) ;
#362 =( GEOMETRIC_REPRESENTATION_CONTEXT ( 3 ) GLOBAL_UNCERTAINTY_ASSIGNED_CONTEXT ( ( #9563 ) ) GLOBAL_UNIT_ASSIGNED_CONTEXT ( ( #8488, #3456, #9327 ) ) REPRESENTATION_CONTEXT ( 'NONE', 'WORKASPACE' ) );
#363 = SURFACE_STYLE_USAGE ( .BOTH. , #5487 ) ;
#364 = SURFACE_STYLE_USAGE ( .BOTH. , #5488 ) ;
#365 = VERTEX_POINT ( 'NONE', #8416 ) ;
#366 = ORIENTED_EDGE ( 'NONE', *, *, #7092, .F. ) ;
#367 = VECTOR ( 'NONE', #5662, 1000.000000000000000 ) ;
#368 = STYLED_ITEM ( 'NONE', ( #3833 ), #2572 ) ;
#369 = CARTESIAN_POINT ( 'NONE',  ( 1.490000000000000000, -2.799999999999999400, -17.46000000000000100 ) ) ;
#370 = SURFACE_SIDE_STYLE ('',( #2414 ) ) ;
#371 =( NAMED_UNIT ( * ) PLANE_ANGLE_UNIT ( ) SI_UNIT ( $, .RADIAN. ) );
#372 = ORIENTED_EDGE ( 'NONE', *, *, #1776, .F. ) ;
#373 = SURFACE_STYLE_USAGE ( .BOTH. , #5495 ) ;
#374 = EDGE_CURVE ( 'NONE', #4079, #4525, #5027, .T. ) ;
#375 = DIRECTION ( 'NONE',  ( 0.0000000000000000000, 0.0000000000000000000, 1.000000000000000000 ) ) ;
#376 = FILL_AREA_STYLE ('',( #9665 ) ) ;
#377 = DIRECTION ( 'NONE',  ( 0.0000000000000000000, 1.000000000000000000, 0.0000000000000000000 ) ) ;
#378 = CARTESIAN_POINT ( 'NONE',  ( 1.050000000000000000, 11.70000000000000100, -20.64000000000000100 ) ) ;
#379 = LINE ( 'NONE', #1267, #2651 ) ;
#380 = COLOUR_RGB ( '',0.7960784313725489700, 0.8235294117647058400, 0.9372549019607843100 ) ;
#381 = EDGE_LOOP ( 'NONE', ( #3470, #7852, #896, #1375 ) ) ;
#382 = ORIENTED_EDGE ( 'NONE', *, *, #8629, .T. ) ;
#383 = AXIS2_PLACEMENT_3D ( 'NONE', #8705, #3687, #9557 ) ;
#384 = EDGE_CURVE ( 'NONE', #8956, #217, #2751, .T. ) ;
#385 = EDGE_CURVE ( 'NONE', #4487, #1195, #9202, .T. ) ;
#386 = ORIENTED_EDGE ( 'NONE', *, *, #325, .T. ) ;
#387 =( NAMED_UNIT ( * ) SI_UNIT ( $, .STERADIAN. ) SOLID_ANGLE_UNIT ( ) );
#388 = COLOUR_RGB ( '',0.7960784313725489700, 0.8235294117647058400, 0.9372549019607843100 ) ;
#389 = SURFACE_STYLE_FILL_AREA ( #7351 ) ;
#390 = ORIENTED_EDGE ( 'NONE', *, *, #8792, .F. ) ;
#391 = ORIENTED_EDGE ( 'NONE', *, *, #5482, .T. ) ;
#392 =( GEOMETRIC_REPRESENTATION_CONTEXT ( 3 ) GLOBAL_UNCERTAINTY_ASSIGNED_CONTEXT ( ( #3829 ) ) GLOBAL_UNIT_ASSIGNED_CONTEXT ( ( #1882, #7810, #2741 ) ) REPRESENTATION_CONTEXT ( 'NONE', 'WORKASPACE' ) );
#393 = VECTOR ( 'NONE', #1000, 999.9999999999998900 ) ;
#394 = FILL_AREA_STYLE_COLOUR ( '', #5717 ) ;
#395 = UNCERTAINTY_MEASURE_WITH_UNIT (LENGTH_MEASURE( 1.000000000000000100E-005 ), #2417, 'distance_accuracy_value', 'NONE');
#396 = EDGE_LOOP ( 'NONE', ( #5323, #3737, #1935, #8964 ) ) ;
#397 = SURFACE_STYLE_USAGE ( .BOTH. , #5509 ) ;
#398 = SURFACE_SIDE_STYLE ('',( #4618 ) ) ;
#399 = ADVANCED_FACE ( 'NONE', ( #208 ), #5926, .T. ) ;
#400 = ORIENTED_EDGE ( 'NONE', *, *, #2602, .F. ) ;
#401 = UNCERTAINTY_MEASURE_WITH_UNIT (LENGTH_MEASURE( 1.000000000000000100E-005 ), #568, 'distance_accuracy_value', 'NONE');
#402 = DIRECTION ( 'NONE',  ( -0.0000000000000000000, 1.000000000000000000, 0.0000000000000000000 ) ) ;
#403 = VECTOR ( 'NONE', #2021, 999.9999999999998900 ) ;
#404 = LINE ( 'NONE', #7573, #1877 ) ;
#405 = LINE ( 'NONE', #9859, #9147 ) ;
#406 = VERTEX_POINT ( 'NONE', #7619 ) ;
#407 = FILL_AREA_STYLE_COLOUR ( '', #9296 ) ;
#408 = ORIENTED_EDGE ( 'NONE', *, *, #3109, .F. ) ;
#409 = EDGE_CURVE ( 'NONE', #10493, #3577, #1671, .T. ) ;
#410 = COLOUR_RGB ( '',0.7960784313725489700, 0.8235294117647058400, 0.9372549019607843100 ) ;
#411 = FILL_AREA_STYLE ('',( #6357 ) ) ;
#412 = ORIENTED_EDGE ( 'NONE', *, *, #3514, .F. ) ;
#413 = SURFACE_STYLE_USAGE ( .BOTH. , #5523 ) ;
#414 = PRESENTATION_LAYER_ASSIGNMENT (  '', '', ( #10276 ) ) ;
#415 = FILL_AREA_STYLE ('',( #4712 ) ) ;
#416 = PLANE ( 'NONE',  #10617 ) ;
#417 = PRESENTATION_STYLE_ASSIGNMENT (( #1205 ) ) ;
#418 = PLANE ( 'NONE',  #50 ) ;
#419 = CARTESIAN_POINT ( 'NONE',  ( -1.490000000000000200, 11.70000000000000100, -17.46000000000000100 ) ) ;
#420 = FILL_AREA_STYLE ('',( #9700 ) ) ;
#421 = DIRECTION ( 'NONE',  ( -1.000000000000000000, -0.0000000000000000000, -1.232047923278982200E-016 ) ) ;
#422 = MECHANICAL_DESIGN_GEOMETRIC_PRESENTATION_REPRESENTATION (  '', ( #9701 ), #1015 ) ;
#423 = LINE ( 'NONE', #5878, #4702 ) ;
#424 = EDGE_CURVE ( 'NONE', #1436, #9338, #8165, .T. ) ;
#425 = VECTOR ( 'NONE', #2481, 1000.000000000000000 ) ;
#426 = PLANE ( 'NONE',  #8041 ) ;
#427 = CARTESIAN_POINT ( 'NONE',  ( -0.9499999999999999600, -2.799999999999999400, 0.2200000000000000800 ) ) ;
#428 = DIRECTION ( 'NONE',  ( 1.000000000000000000, 0.0000000000000000000, -0.0000000000000000000 ) ) ;
#429 = SURFACE_STYLE_USAGE ( .BOTH. , #5545 ) ;
#430 = CARTESIAN_POINT ( 'NONE',  ( 1.050000000000000000, 11.70000000000000100, -5.400000000000000400 ) ) ;
#431 = DIRECTION ( 'NONE',  ( 0.0000000000000000000, 1.000000000000000000, 0.0000000000000000000 ) ) ;
#432 = STYLED_ITEM ( 'NONE', ( #8276 ), #8549 ) ;
#433 = VECTOR ( 'NONE', #3946, 1000.000000000000000 ) ;
#434 = STYLED_ITEM ( 'NONE', ( #7692 ), #2134 ) ;
#435 = DIRECTION ( 'NONE',  ( 1.000000000000000000, 0.0000000000000000000, 0.0000000000000000000 ) ) ;
#436 = VECTOR ( 'NONE', #1160, 999.9999999999998900 ) ;
#437 = MECHANICAL_DESIGN_GEOMETRIC_PRESENTATION_REPRESENTATION (  '', ( #9722 ), #1038 ) ;
#438 = DIRECTION ( 'NONE',  ( 0.0000000000000000000, -0.0000000000000000000, -1.000000000000000000 ) ) ;
#439 = DIRECTION ( 'NONE',  ( 0.0000000000000000000, -0.0000000000000000000, 1.000000000000000000 ) ) ;
#440 = FACE_OUTER_BOUND ( 'NONE', #6786, .T. ) ;
#441 = DIRECTION ( 'NONE',  ( -0.7071067811865470200, 0.0000000000000000000, 0.7071067811865481300 ) ) ;
#442 = AXIS2_PLACEMENT_3D ( 'NONE', #7329, #2250, #8170 ) ;
#443 = DIRECTION ( 'NONE',  ( -1.000000000000000000, -0.0000000000000000000, -1.232047923278982200E-016 ) ) ;
#444 = EDGE_LOOP ( 'NONE', ( #10724, #122, #8107, #4637 ) ) ;
#445 = DIRECTION ( 'NONE',  ( 0.0000000000000000000, -0.0000000000000000000, 1.000000000000000000 ) ) ;
#446 =( LENGTH_UNIT ( ) NAMED_UNIT ( * ) SI_UNIT ( .MILLI., .METRE. ) );
#447 = ADVANCED_FACE ( 'NONE', ( #10410 ), #34, .T. ) ;
#448 = PLANE ( 'NONE',  #9761 ) ;
#449 = LINE ( 'NONE', #3902, #2731 ) ;
#450 = DIRECTION ( 'NONE',  ( 0.7071067811865487900, 0.0000000000000000000, -0.7071067811865463500 ) ) ;
#451 = SURFACE_STYLE_FILL_AREA ( #3936 ) ;
#452 = ORIENTED_EDGE ( 'NONE', *, *, #2860, .F. ) ;
#453 = EDGE_LOOP ( 'NONE', ( #3172, #1734, #7901, #2653 ) ) ;
#454 = ORIENTED_EDGE ( 'NONE', *, *, #169, .F. ) ;
#455 = CARTESIAN_POINT ( 'NONE',  ( -0.9499999999999999600, 11.70000000000000100, -0.2199999999999999700 ) ) ;
#456 = DIRECTION ( 'NONE',  ( 0.7348718659067219300, 0.0000000000000000000, -0.6782059721786390900 ) ) ;
#457 = SURFACE_STYLE_USAGE ( .BOTH. , #5578 ) ;
#458 = EDGE_CURVE ( 'NONE', #9682, #4526, #2880, .T. ) ;
#459 = VECTOR ( 'NONE', #1930, 1000.000000000000000 ) ;
#460 = CARTESIAN_POINT ( 'NONE',  ( 0.0000000000000000000, 0.0000000000000000000, 0.0000000000000000000 ) ) ;
#461 =( NAMED_UNIT ( * ) PLANE_ANGLE_UNIT ( ) SI_UNIT ( $, .RADIAN. ) );
#462 = ORIENTED_EDGE ( 'NONE', *, *, #10897, .T. ) ;
#463 =( LENGTH_UNIT ( ) NAMED_UNIT ( * ) SI_UNIT ( .MILLI., .METRE. ) );
#464 = CARTESIAN_POINT ( 'NONE',  ( 1.050000000000000000, 11.70000000000000100, -20.00000000000000000 ) ) ;
#465 = EDGE_CURVE ( 'NONE', #3261, #1166, #9332, .T. ) ;
#466 = VECTOR ( 'NONE', #7579, 1000.000000000000000 ) ;
#467 = PLANE ( 'NONE',  #9999 ) ;
#468 = MECHANICAL_DESIGN_GEOMETRIC_PRESENTATION_REPRESENTATION (  '', ( #9758 ), #1075 ) ;
#469 =( GEOMETRIC_REPRESENTATION_CONTEXT ( 3 ) GLOBAL_UNCERTAINTY_ASSIGNED_CONTEXT ( ( #8405 ) ) GLOBAL_UNIT_ASSIGNED_CONTEXT ( ( #6484, #1396, #7321 ) ) REPRESENTATION_CONTEXT ( 'NONE', 'WORKASPACE' ) );
#470 = ORIENTED_EDGE ( 'NONE', *, *, #4753, .T. ) ;
#471 = ORIENTED_EDGE ( 'NONE', *, *, #9046, .F. ) ;
#472 = DIRECTION ( 'NONE',  ( 0.7348718659067219300, 0.0000000000000000000, -0.6782059721786390900 ) ) ;
#473 = DIRECTION ( 'NONE',  ( -0.7372346670543746800, -0.0000000000000000000, 0.6756367705307528800 ) ) ;
#474 = CARTESIAN_POINT ( 'NONE',  ( -2.019999999999999600, 0.2999999999999999900, 1.270000000000000000 ) ) ;
#475 = FACE_OUTER_BOUND ( 'NONE', #6340, .T. ) ;
#476 = PLANE ( 'NONE',  #3278 ) ;
#477 = EDGE_LOOP ( 'NONE', ( #1279, #1812, #3823, #1596 ) ) ;
#478 = DIRECTION ( 'NONE',  ( 0.7071067811865474600, 0.0000000000000000000, 0.7071067811865474600 ) ) ;
#479 = ORIENTED_EDGE ( 'NONE', *, *, #2977, .F. ) ;
#480 = VECTOR ( 'NONE', #10201, 1000.000000000000000 ) ;
#481 = AXIS2_PLACEMENT_3D ( 'NONE', #7977, #2912, #8807 ) ;
#482 = STYLED_ITEM ( 'NONE', ( #10537 ), #8121 ) ;
#483 = ORIENTED_EDGE ( 'NONE', *, *, #2447, .T. ) ;
#484 = ORIENTED_EDGE ( 'NONE', *, *, #1827, .T. ) ;
#485 = DIRECTION ( 'NONE',  ( -1.000000000000000000, 0.0000000000000000000, 0.0000000000000000000 ) ) ;
#486 = VECTOR ( 'NONE', #10776, 1000.000000000000000 ) ;
#487 = DIRECTION ( 'NONE',  ( 0.7071067811865477900, 0.0000000000000000000, -0.7071067811865473500 ) ) ;
#488 = CARTESIAN_POINT ( 'NONE',  ( -2.140000000000000600, 1.700000000000000000, -13.97000000000000100 ) ) ;
#489 =( NAMED_UNIT ( * ) PLANE_ANGLE_UNIT ( ) SI_UNIT ( $, .RADIAN. ) );
#490 = FILL_AREA_STYLE_COLOUR ( '', #10039 ) ;
#491 = EDGE_LOOP ( 'NONE', ( #2398, #329, #1024, #2093 ) ) ;
#492 = ORIENTED_EDGE ( 'NONE', *, *, #9344, .T. ) ;
#493 =( NAMED_UNIT ( * ) PLANE_ANGLE_UNIT ( ) SI_UNIT ( $, .RADIAN. ) );
#494 = ADVANCED_FACE ( 'NONE', ( #2607 ), #7737, .F. ) ;
#495 = VECTOR ( 'NONE', #4212, 1000.000000000000000 ) ;
#496 = COLOUR_RGB ( '',0.7960784313725489700, 0.8235294117647058400, 0.9372549019607843100 ) ;
#497 = LINE ( 'NONE', #9573, #5060 ) ;
#498 = DIRECTION ( 'NONE',  ( -0.7071067811865489100, 0.0000000000000000000, 0.7071067811865462400 ) ) ;
#499 = EDGE_LOOP ( 'NONE', ( #582, #3404, #5525, #6427 ) ) ;
#500 =( LENGTH_UNIT ( ) NAMED_UNIT ( * ) SI_UNIT ( .MILLI., .METRE. ) );
#501 = AXIS2_PLACEMENT_3D ( 'NONE', #1413, #7338, #2260 ) ;
#502 = FILL_AREA_STYLE_COLOUR ( '', #10523 ) ;
#503 = MECHANICAL_DESIGN_GEOMETRIC_PRESENTATION_REPRESENTATION (  '', ( #9804 ), #1124 ) ;
#504 = ORIENTED_EDGE ( 'NONE', *, *, #9662, .T. ) ;
#505 =( LENGTH_UNIT ( ) NAMED_UNIT ( * ) SI_UNIT ( .MILLI., .METRE. ) );
#506 = CARTESIAN_POINT ( 'NONE',  ( -0.9499999999999999600, -2.799999999999999400, -20.10000000000000100 ) ) ;
#507 = ADVANCED_FACE ( 'NONE', ( #6318 ), #2850, .T. ) ;
#508 = LINE ( 'NONE', #1017, #5073 ) ;
#509 = VECTOR ( 'NONE', #10856, 1000.000000000000100 ) ;
#510 = PLANE ( 'NONE',  #10721 ) ;
#511 = VERTEX_POINT ( 'NONE', #7922 ) ;
#512 = ORIENTED_EDGE ( 'NONE', *, *, #3343, .F. ) ;
#513 = COLOUR_RGB ( '',0.0000000000000000000, 0.003921568627450980300, 0.09019607843137254800 ) ;
#514 = CARTESIAN_POINT ( 'NONE',  ( -2.540000000000000000, 0.0000000000000000000, -3.443421052631578900 ) ) ;
#515 =( LENGTH_UNIT ( ) NAMED_UNIT ( * ) SI_UNIT ( .MILLI., .METRE. ) );
#516 = EDGE_CURVE ( 'NONE', #6857, #3089, #3272, .T. ) ;
#517 = ORIENTED_EDGE ( 'NONE', *, *, #9309, .F. ) ;
#518 = SURFACE_STYLE_USAGE ( .BOTH. , #5640 ) ;
#519 = PRESENTATION_LAYER_ASSIGNMENT (  '', '', ( #10391 ) ) ;
#520 = ORIENTED_EDGE ( 'NONE', *, *, #176, .F. ) ;
#521 = CARTESIAN_POINT ( 'NONE',  ( 1.590000000000000100, -2.799999999999999400, -5.300000000000000700 ) ) ;
#522 =( GEOMETRIC_REPRESENTATION_CONTEXT ( 3 ) GLOBAL_UNCERTAINTY_ASSIGNED_CONTEXT ( ( #10027 ) ) GLOBAL_UNIT_ASSIGNED_CONTEXT ( ( #10002, #4987, #10878 ) ) REPRESENTATION_CONTEXT ( 'NONE', 'WORKASPACE' ) );
#523 = ORIENTED_EDGE ( 'NONE', *, *, #4403, .T. ) ;
#524 = FACE_OUTER_BOUND ( 'NONE', #3284, .T. ) ;
#525 = EDGE_CURVE ( 'NONE', #5167, #1349, #1025, .T. ) ;
#526 = LINE ( 'NONE', #4080, #2537 ) ;
#527 = UNCERTAINTY_MEASURE_WITH_UNIT (LENGTH_MEASURE( 1.000000000000000100E-005 ), #1885, 'distance_accuracy_value', 'NONE');
#528 = ORIENTED_EDGE ( 'NONE', *, *, #10905, .F. ) ;
#529 = VERTEX_POINT ( 'NONE', #343 ) ;
#530 =( NAMED_UNIT ( * ) PLANE_ANGLE_UNIT ( ) SI_UNIT ( $, .RADIAN. ) );
#531 =( NAMED_UNIT ( * ) SI_UNIT ( $, .STERADIAN. ) SOLID_ANGLE_UNIT ( ) );
#532 =( NAMED_UNIT ( * ) SI_UNIT ( $, .STERADIAN. ) SOLID_ANGLE_UNIT ( ) );
#533 = UNCERTAINTY_MEASURE_WITH_UNIT (LENGTH_MEASURE( 1.000000000000000100E-005 ), #2550, 'distance_accuracy_value', 'NONE');
#534 = MECHANICAL_DESIGN_GEOMETRIC_PRESENTATION_REPRESENTATION (  '', ( #10404 ), #1144 ) ;
#535 = CARTESIAN_POINT ( 'NONE',  ( -1.590000000000000300, -2.799999999999999400, -9.940000000000001300 ) ) ;
#536 = VERTEX_POINT ( 'NONE', #5464 ) ;
#537 = VECTOR ( 'NONE', #2144, 1000.000000000000000 ) ;
#538 =( NAMED_UNIT ( * ) SI_UNIT ( $, .STERADIAN. ) SOLID_ANGLE_UNIT ( ) );
#539 = ORIENTED_EDGE ( 'NONE', *, *, #9463, .T. ) ;
#540 = VECTOR ( 'NONE', #10172, 1000.000000000000000 ) ;
#541 = FILL_AREA_STYLE_COLOUR ( '', #4656 ) ;
#542 = CARTESIAN_POINT ( 'NONE',  ( 0.9499999999999999600, 11.70000000000000100, -10.38000000000000100 ) ) ;
#543 =( NAMED_UNIT ( * ) PLANE_ANGLE_UNIT ( ) SI_UNIT ( $, .RADIAN. ) );
#544 =( LENGTH_UNIT ( ) NAMED_UNIT ( * ) SI_UNIT ( .MILLI., .METRE. ) );
#545 = SURFACE_STYLE_USAGE ( .BOTH. , #5671 ) ;
#546 = CARTESIAN_POINT ( 'NONE',  ( -1.590000000000000300, -2.799999999999999400, -12.48000000000000200 ) ) ;
#547 = LINE ( 'NONE', #9065, #4847 ) ;
#548 = LINE ( 'NONE', #7416, #2834 ) ;
#549 = COLOUR_RGB ( '',0.7960784313725489700, 0.8235294117647058400, 0.9372549019607843100 ) ;
#550 = SURFACE_SIDE_STYLE ('',( #4880 ) ) ;
#551 = AXIS2_PLACEMENT_3D ( 'NONE', #6849, #1750, #7683 ) ;
#552 = CLOSED_SHELL ( 'NONE', ( #10275, #10214, #8290, #8063, #1919, #4428, #9205, #3087, #984, #1573 ) ) ;
#553 = CARTESIAN_POINT ( 'NONE',  ( 2.140000000000001500, 1.700000000000000000, -3.810000000000000100 ) ) ;
#554 = PRESENTATION_LAYER_ASSIGNMENT (  '', '', ( #10423 ) ) ;
#555 = ADVANCED_FACE ( 'NONE', ( #5293 ), #7949, .F. ) ;
#556 = DIRECTION ( 'NONE',  ( -0.7071067811865469100, -0.0000000000000000000, 0.7071067811865482400 ) ) ;
#557 = CARTESIAN_POINT ( 'NONE',  ( 1.050000000000000000, 11.70000000000000100, -14.92000000000000200 ) ) ;
#558 = PRESENTATION_LAYER_ASSIGNMENT (  '', '', ( #10426 ) ) ;
#559 = COLOUR_RGB ( '',0.0000000000000000000, 0.003921568627450980300, 0.09019607843137254800 ) ;
#560 = SURFACE_STYLE_FILL_AREA ( #2121 ) ;
#561 = LINE ( 'NONE', #342, #2570 ) ;
#562 = EDGE_CURVE ( 'NONE', #3714, #7900, #10938, .T. ) ;
#563 = CARTESIAN_POINT ( 'NONE',  ( 1.490000000000000000, 11.70000000000000100, -7.940000000000001300 ) ) ;
#564 = PLANE ( 'NONE',  #9280 ) ;
#565 = DIRECTION ( 'NONE',  ( 0.0000000000000000000, 1.000000000000000000, 0.0000000000000000000 ) ) ;
#566 = CARTESIAN_POINT ( 'NONE',  ( 1.050000000000000000, -2.799999999999999400, -15.56000000000000000 ) ) ;
#567 = LINE ( 'NONE', #5798, #5123 ) ;
#568 =( LENGTH_UNIT ( ) NAMED_UNIT ( * ) SI_UNIT ( .MILLI., .METRE. ) );
#569 = ORIENTED_EDGE ( 'NONE', *, *, #8839, .T. ) ;
#570 = MECHANICAL_DESIGN_GEOMETRIC_PRESENTATION_REPRESENTATION (  '', ( #9862 ), #1177 ) ;
#571 =( NAMED_UNIT ( * ) SI_UNIT ( $, .STERADIAN. ) SOLID_ANGLE_UNIT ( ) );
#572 = PLANE ( 'NONE',  #3949 ) ;
#573 = LINE ( 'NONE', #3199, #4869 ) ;
#574 = MECHANICAL_DESIGN_GEOMETRIC_PRESENTATION_REPRESENTATION (  '', ( #9866 ), #1180 ) ;
#575 = DIRECTION ( 'NONE',  ( -0.0000000000000000000, 1.000000000000000000, 0.0000000000000000000 ) ) ;
#576 = VECTOR ( 'NONE', #4408, 1000.000000000000000 ) ;
#577 = PRESENTATION_STYLE_ASSIGNMENT (( #1637 ) ) ;
#578 = DIRECTION ( 'NONE',  ( -1.000000000000000000, 0.0000000000000000000, 0.0000000000000000000 ) ) ;
#579 = VERTEX_POINT ( 'NONE', #8019 ) ;
#580 = PLANE ( 'NONE',  #10149 ) ;
#581 = DIRECTION ( 'NONE',  ( -1.000000000000000000, 0.0000000000000000000, -0.0000000000000000000 ) ) ;
#582 = ORIENTED_EDGE ( 'NONE', *, *, #5393, .T. ) ;
#583 = ORIENTED_EDGE ( 'NONE', *, *, #7983, .T. ) ;
#584 = CARTESIAN_POINT ( 'NONE',  ( 0.9499999999999999600, -2.799999999999999400, -2.760000000000000200 ) ) ;
#585 = EDGE_CURVE ( 'NONE', #1349, #4090, #6726, .T. ) ;
#586 = CARTESIAN_POINT ( 'NONE',  ( 1.050000000000000000, 11.70000000000000100, -9.840000000000001600 ) ) ;
#587 =( LENGTH_UNIT ( ) NAMED_UNIT ( * ) SI_UNIT ( .MILLI., .METRE. ) );
#588 = SURFACE_STYLE_FILL_AREA ( #3265 ) ;
#589 = PRESENTATION_STYLE_ASSIGNMENT (( #8123 ) ) ;
#590 = VECTOR ( 'NONE', #5480, 1000.000000000000000 ) ;
#591 =( GEOMETRIC_REPRESENTATION_CONTEXT ( 3 ) GLOBAL_UNCERTAINTY_ASSIGNED_CONTEXT ( ( #3894 ) ) GLOBAL_UNIT_ASSIGNED_CONTEXT ( ( #2377, #8295, #3244 ) ) REPRESENTATION_CONTEXT ( 'NONE', 'WORKASPACE' ) );
#592 = CARTESIAN_POINT ( 'NONE',  ( -0.9499999999999999600, -2.799999999999999400, -0.2199999999999999700 ) ) ;
#593 = STYLED_ITEM ( 'NONE', ( #9398 ), #4832 ) ;
#594 = FACE_OUTER_BOUND ( 'NONE', #5581, .T. ) ;
#595 = FACE_OUTER_BOUND ( 'NONE', #4739, .T. ) ;
#596 = EDGE_CURVE ( 'NONE', #3930, #6601, #2197, .T. ) ;
#597 = DIRECTION ( 'NONE',  ( -0.7071067811865469100, -0.0000000000000000000, 0.7071067811865482400 ) ) ;
#598 = ORIENTED_EDGE ( 'NONE', *, *, #977, .F. ) ;
#599 = UNCERTAINTY_MEASURE_WITH_UNIT (LENGTH_MEASURE( 1.000000000000000100E-005 ), #10055, 'distance_accuracy_value', 'NONE');
#600 = SURFACE_STYLE_USAGE ( .BOTH. , #5707 ) ;
#601 = EDGE_CURVE ( 'NONE', #6601, #3261, #8681, .T. ) ;
#602 = SURFACE_STYLE_USAGE ( .BOTH. , #5709 ) ;
#603 = ORIENTED_EDGE ( 'NONE', *, *, #9690, .T. ) ;
#604 = ORIENTED_EDGE ( 'NONE', *, *, #5820, .F. ) ;
#605 =( NAMED_UNIT ( * ) PLANE_ANGLE_UNIT ( ) SI_UNIT ( $, .RADIAN. ) );
#606 = PLANE ( 'NONE',  #2810 ) ;
#607 = UNCERTAINTY_MEASURE_WITH_UNIT (LENGTH_MEASURE( 1.000000000000000100E-005 ), #1968, 'distance_accuracy_value', 'NONE');
#608 = COLOUR_RGB ( '',0.0000000000000000000, 0.003921568627450980300, 0.09019607843137254800 ) ;
#609 = PRESENTATION_STYLE_ASSIGNMENT (( #7913 ) ) ;
#610 = ORIENTED_EDGE ( 'NONE', *, *, #10101, .T. ) ;
#611 = VERTEX_POINT ( 'NONE', #6370 ) ;
#612 = UNCERTAINTY_MEASURE_WITH_UNIT (LENGTH_MEASURE( 1.000000000000000100E-005 ), #6421, 'distance_accuracy_value', 'NONE');
#613 = ORIENTED_EDGE ( 'NONE', *, *, #8691, .F. ) ;
#614 = CARTESIAN_POINT ( 'NONE',  ( 0.0000000000000000000, 11.70000000000000100, -15.24000000000000000 ) ) ;
#615 = SURFACE_SIDE_STYLE ('',( #2687 ) ) ;
#616 = PLANE ( 'NONE',  #9816 ) ;
#617 = CARTESIAN_POINT ( 'NONE',  ( -0.9499999999999999600, -2.799999999999999400, -2.760000000000000200 ) ) ;
#618 = DIRECTION ( 'NONE',  ( 0.0000000000000000000, 1.000000000000000000, 0.0000000000000000000 ) ) ;
#619 = CARTESIAN_POINT ( 'NONE',  ( -1.050000000000000000, -2.799999999999999400, -4.760000000000000700 ) ) ;
#620 = ADVANCED_FACE ( 'NONE', ( #4201 ), #5532, .T. ) ;
#621 = VERTEX_POINT ( 'NONE', #7222 ) ;
#622 = ORIENTED_EDGE ( 'NONE', *, *, #5964, .F. ) ;
#623 = LINE ( 'NONE', #8616, #4904 ) ;
#624 = EDGE_CURVE ( 'NONE', #10042, #7448, #7634, .T. ) ;
#625 =( NAMED_UNIT ( * ) SI_UNIT ( $, .STERADIAN. ) SOLID_ANGLE_UNIT ( ) );
#626 = DIRECTION ( 'NONE',  ( 0.0000000000000000000, 1.000000000000000000, 0.0000000000000000000 ) ) ;
#627 = ORIENTED_EDGE ( 'NONE', *, *, #909, .F. ) ;
#628 = DIRECTION ( 'NONE',  ( -2.492418787322998300E-016, 0.0000000000000000000, -1.000000000000000000 ) ) ;
#629 = SURFACE_STYLE_USAGE ( .BOTH. , #5732 ) ;
#630 = AXIS2_PLACEMENT_3D ( 'NONE', #340, #6295, #1222 ) ;
#631 = CARTESIAN_POINT ( 'NONE',  ( -1.050000000000000000, -2.799999999999999400, -2.860000000000000300 ) ) ;
#632 = DIRECTION ( 'NONE',  ( -0.0000000000000000000, 1.000000000000000000, 0.0000000000000000000 ) ) ;
#633 = PRESENTATION_LAYER_ASSIGNMENT (  '', '', ( #10500 ) ) ;
#634 = ORIENTED_EDGE ( 'NONE', *, *, #7244, .F. ) ;
#635 = LINE ( 'NONE', #8393, #5177 ) ;
#636 = FILL_AREA_STYLE ('',( #8230 ) ) ;
#637 =( NAMED_UNIT ( * ) SI_UNIT ( $, .STERADIAN. ) SOLID_ANGLE_UNIT ( ) );
#638 = ORIENTED_EDGE ( 'NONE', *, *, #9455, .T. ) ;
#639 = CARTESIAN_POINT ( 'NONE',  ( 1.490000000000000000, 11.70000000000000100, -20.00000000000000000 ) ) ;
#640 = EDGE_CURVE ( 'NONE', #3928, #10350, #5412, .T. ) ;
#641 = DIRECTION ( 'NONE',  ( 0.7071067811865486800, 0.0000000000000000000, 0.7071067811865464600 ) ) ;
#642 = VECTOR ( 'NONE', #3232, 1000.000000000000000 ) ;
#643 = COLOUR_RGB ( '',0.7960784313725489700, 0.8235294117647058400, 0.9372549019607843100 ) ;
#644 = FILL_AREA_STYLE_COLOUR ( '', #283 ) ;
#645 = EDGE_LOOP ( 'NONE', ( #6079, #6115, #6356, #4781 ) ) ;
#646 = PLANE ( 'NONE',  #3035 ) ;
#647 = ORIENTED_EDGE ( 'NONE', *, *, #2002, .T. ) ;
#648 =( GEOMETRIC_REPRESENTATION_CONTEXT ( 3 ) GLOBAL_UNCERTAINTY_ASSIGNED_CONTEXT ( ( #9420 ) ) GLOBAL_UNIT_ASSIGNED_CONTEXT ( ( #5046, #65, #6034 ) ) REPRESENTATION_CONTEXT ( 'NONE', 'WORKASPACE' ) );
#649 = VERTEX_POINT ( 'NONE', #4756 ) ;
#650 = ORIENTED_EDGE ( 'NONE', *, *, #1889, .T. ) ;
#651 = SURFACE_STYLE_FILL_AREA ( #2890 ) ;
#652 = PLANE ( 'NONE',  #7277 ) ;
#653 = FACE_OUTER_BOUND ( 'NONE', #10743, .T. ) ;
#654 = ORIENTED_EDGE ( 'NONE', *, *, #8431, .T. ) ;
#655 = ORIENTED_EDGE ( 'NONE', *, *, #7366, .T. ) ;
#656 = VECTOR ( 'NONE', #3791, 1000.000000000000000 ) ;
#657 = PRESENTATION_LAYER_ASSIGNMENT (  '', '', ( #10516 ) ) ;
#658 = ORIENTED_EDGE ( 'NONE', *, *, #9877, .F. ) ;
#659 = VECTOR ( 'NONE', #3459, 1000.000000000000000 ) ;
#660 = FILL_AREA_STYLE_COLOUR ( '', #2567 ) ;
#661 = ORIENTED_EDGE ( 'NONE', *, *, #5121, .T. ) ;
#662 =( NAMED_UNIT ( * ) SI_UNIT ( $, .STERADIAN. ) SOLID_ANGLE_UNIT ( ) );
#663 = PLANE ( 'NONE',  #2579 ) ;
#664 = COLOUR_RGB ( '',0.0000000000000000000, 0.003921568627450980300, 0.09019607843137254800 ) ;
#665 = STYLED_ITEM ( 'NONE', ( #3242 ), #4443 ) ;
#666 = PRESENTATION_STYLE_ASSIGNMENT (( #3418 ) ) ;
#667 = SURFACE_SIDE_STYLE ('',( #5902 ) ) ;
#668 = VECTOR ( 'NONE', #9411, 999.9999999999998900 ) ;
#669 = PRESENTATION_LAYER_ASSIGNMENT (  '', '', ( #10527 ) ) ;
#670 = CARTESIAN_POINT ( 'NONE',  ( -0.9499999999999999600, -2.799999999999999400, -15.45999999999999900 ) ) ;
#672 = VERTEX_POINT ( 'NONE', #10645 ) ;
#671 = CARTESIAN_POINT ( 'NONE',  ( 0.9499999999999999600, -2.799999999999999400, -17.55999999999999900 ) ) ;
#673 = ORIENTED_EDGE ( 'NONE', *, *, #9919, .F. ) ;
#674 = CARTESIAN_POINT ( 'NONE',  ( 0.9499999999999999600, 11.70000000000000100, -15.45999999999999900 ) ) ;
#675 = ORIENTED_EDGE ( 'NONE', *, *, #6387, .T. ) ;
#676 = SURFACE_STYLE_USAGE ( .BOTH. , #5774 ) ;
#677 = LINE ( 'NONE', #5846, #5226 ) ;
#678 = LINE ( 'NONE', #3121, #2949 ) ;
#679 = EDGE_CURVE ( 'NONE', #9540, #3977, #9589, .T. ) ;
#680 =( NAMED_UNIT ( * ) PLANE_ANGLE_UNIT ( ) SI_UNIT ( $, .RADIAN. ) );
#681 = ADVANCED_FACE ( 'NONE', ( #7365 ), #1361, .T. ) ;
#682 = AXIS2_PLACEMENT_3D ( 'NONE', #7491, #2416, #8329 ) ;
#683 = UNCERTAINTY_MEASURE_WITH_UNIT (LENGTH_MEASURE( 1.000000000000000100E-005 ), #5929, 'distance_accuracy_value', 'NONE');
#684 = VERTEX_POINT ( 'NONE', #3034 ) ;
#685 = DIRECTION ( 'NONE',  ( 0.0000000000000000000, 0.0000000000000000000, 1.000000000000000000 ) ) ;
#686 = FILL_AREA_STYLE ('',( #6633 ) ) ;
#687 = MANIFOLD_SOLID_BREP ( 'LPattern3[10]', #7538 ) ;
#688 = EDGE_CURVE ( 'NONE', #4065, #7838, #6592, .T. ) ;
#689 = LINE ( 'NONE', #4320, #9421 ) ;
#690 = DIRECTION ( 'NONE',  ( 0.7071067811865474600, 0.0000000000000000000, 0.7071067811865474600 ) ) ;
#691 =( NAMED_UNIT ( * ) PLANE_ANGLE_UNIT ( ) SI_UNIT ( $, .RADIAN. ) );
#692 = EDGE_CURVE ( 'NONE', #5971, #1897, #10800, .T. ) ;
#693 = DIRECTION ( 'NONE',  ( -0.0000000000000000000, -0.0000000000000000000, -1.000000000000000000 ) ) ;
#694 = STYLED_ITEM ( 'NONE', ( #589 ), #681 ) ;
#695 = VECTOR ( 'NONE', #3634, 1000.000000000000000 ) ;
#696 =( LENGTH_UNIT ( ) NAMED_UNIT ( * ) SI_UNIT ( .MILLI., .METRE. ) );
#697 = FACE_OUTER_BOUND ( 'NONE', #5894, .T. ) ;
#698 = CARTESIAN_POINT ( 'NONE',  ( -1.590000000000000300, -2.799999999999999400, -2.760000000000000200 ) ) ;
#699 = MECHANICAL_DESIGN_GEOMETRIC_PRESENTATION_REPRESENTATION (  '', ( #9977 ), #1278 ) ;
#700 = PRESENTATION_LAYER_ASSIGNMENT (  '', '', ( #10559 ) ) ;
#701 = CARTESIAN_POINT ( 'NONE',  ( 2.140000000000001500, 1.700000000000000000, -8.890000000000000600 ) ) ;
#702 = CARTESIAN_POINT ( 'NONE',  ( -1.590000000000000300, 11.70000000000000100, -2.320000000000000300 ) ) ;
#703 = DIRECTION ( 'NONE',  ( 0.7071067811865470200, 0.0000000000000000000, -0.7071067811865481300 ) ) ;
#704 = SURFACE_STYLE_FILL_AREA ( #4716 ) ;
#705 = CARTESIAN_POINT ( 'NONE',  ( -0.9499999999999999600, -2.799999999999999400, -5.299999999999999800 ) ) ;
#706 =( NAMED_UNIT ( * ) PLANE_ANGLE_UNIT ( ) SI_UNIT ( $, .RADIAN. ) );
#707 = VECTOR ( 'NONE', #1665, 1000.000000000000000 ) ;
#708 = PLANE ( 'NONE',  #294 ) ;
#709 = STYLED_ITEM ( 'NONE', ( #6538 ), #6754 ) ;
#710 =( NAMED_UNIT ( * ) PLANE_ANGLE_UNIT ( ) SI_UNIT ( $, .RADIAN. ) );
#711 = DIRECTION ( 'NONE',  ( -0.0000000000000000000, -0.0000000000000000000, -1.000000000000000000 ) ) ;
#712 = FILL_AREA_STYLE ('',( #4108 ) ) ;
#713 = VECTOR ( 'NONE', #2832, 999.9999999999998900 ) ;
#714 = DIRECTION ( 'NONE',  ( 1.000000000000000000, 0.0000000000000000000, -2.492418787322998300E-016 ) ) ;
#715 = EDGE_CURVE ( 'NONE', #8473, #7305, #2062, .T. ) ;
#716 = ORIENTED_EDGE ( 'NONE', *, *, #1390, .F. ) ;
#717 = VERTEX_POINT ( 'NONE', #8199 ) ;
#718 =( GEOMETRIC_REPRESENTATION_CONTEXT ( 3 ) GLOBAL_UNCERTAINTY_ASSIGNED_CONTEXT ( ( #9281 ) ) GLOBAL_UNIT_ASSIGNED_CONTEXT ( ( #9023, #3976, #9867 ) ) REPRESENTATION_CONTEXT ( 'NONE', 'WORKASPACE' ) );
#719 = DIRECTION ( 'NONE',  ( -0.7372346670543746800, -0.0000000000000000000, 0.6756367705307528800 ) ) ;
#720 = DIRECTION ( 'NONE',  ( -0.7071067811865489100, -0.0000000000000000000, 0.7071067811865462400 ) ) ;
#721 = CARTESIAN_POINT ( 'NONE',  ( -2.539999999999999600, 1.700000000000000000, -1.703421052631578900 ) ) ;
#722 = LINE ( 'NONE', #8099, #9458 ) ;
#723 = SURFACE_STYLE_FILL_AREA ( #10826 ) ;
#724 = SURFACE_SIDE_STYLE ('',( #8577 ) ) ;
#725 = ORIENTED_EDGE ( 'NONE', *, *, #8576, .T. ) ;
#726 = ORIENTED_EDGE ( 'NONE', *, *, #6300, .F. ) ;
#727 = STYLED_ITEM ( 'NONE', ( #51 ), #4039 ) ;
#728 = CARTESIAN_POINT ( 'NONE',  ( 1.490000000000000000, -2.799999999999999400, -7.940000000000001300 ) ) ;
#729 = FILL_AREA_STYLE_COLOUR ( '', #3797 ) ;
#730 = PRESENTATION_LAYER_ASSIGNMENT (  '', '', ( #10594 ) ) ;
#731 = ADVANCED_FACE ( 'NONE', ( #1014 ), #10714, .F. ) ;
#732 = PRESENTATION_LAYER_ASSIGNMENT (  '', '', ( #10595 ) ) ;
#733 = ORIENTED_EDGE ( 'NONE', *, *, #7792, .F. ) ;
#734 = PRESENTATION_STYLE_ASSIGNMENT (( #7987 ) ) ;
#735 =( GEOMETRIC_REPRESENTATION_CONTEXT ( 3 ) GLOBAL_UNCERTAINTY_ASSIGNED_CONTEXT ( ( #2734 ) ) GLOBAL_UNIT_ASSIGNED_CONTEXT ( ( #8881, #3840, #9724 ) ) REPRESENTATION_CONTEXT ( 'NONE', 'WORKASPACE' ) );
#736 = DIRECTION ( 'NONE',  ( 0.0000000000000000000, -1.000000000000000000, 0.0000000000000000000 ) ) ;
#737 = CARTESIAN_POINT ( 'NONE',  ( -1.490000000000000000, -2.799999999999999400, -20.64000000000000100 ) ) ;
#738 = LINE ( 'NONE', #3663, #459 ) ;
#739 = VECTOR ( 'NONE', #8849, 999.9999999999998900 ) ;
#740 = DIRECTION ( 'NONE',  ( -0.7071067811865482400, 0.0000000000000000000, -0.7071067811865469100 ) ) ;
#741 = ORIENTED_EDGE ( 'NONE', *, *, #7992, .T. ) ;
#742 = UNCERTAINTY_MEASURE_WITH_UNIT (LENGTH_MEASURE( 1.000000000000000100E-005 ), #3269, 'distance_accuracy_value', 'NONE');
#743 = EDGE_CURVE ( 'NONE', #1490, #5600, #2451, .T. ) ;
#744 = CARTESIAN_POINT ( 'NONE',  ( -0.9499999999999999600, 11.70000000000000100, -15.45999999999999900 ) ) ;
#745 =( NAMED_UNIT ( * ) PLANE_ANGLE_UNIT ( ) SI_UNIT ( $, .RADIAN. ) );
#746 = ORIENTED_EDGE ( 'NONE', *, *, #5529, .T. ) ;
#747 = AXIS2_PLACEMENT_3D ( 'NONE', #9404, #4376, #10261 ) ;
#748 = UNCERTAINTY_MEASURE_WITH_UNIT (LENGTH_MEASURE( 1.000000000000000100E-005 ), #4746, 'distance_accuracy_value', 'NONE');
#749 = VECTOR ( 'NONE', #3378, 1000.000000000000000 ) ;
#750 = MECHANICAL_DESIGN_GEOMETRIC_PRESENTATION_REPRESENTATION (  '', ( #10020 ), #1323 ) ;
#751 = EDGE_CURVE ( 'NONE', #8838, #10974, #8929, .T. ) ;
#752 = CARTESIAN_POINT ( 'NONE',  ( 1.050000000000000000, 11.70000000000000100, -7.940000000000001300 ) ) ;
#753 = EDGE_CURVE ( 'NONE', #5446, #3225, #6715, .T. ) ;
#754 = PLANE ( 'NONE',  #4786 ) ;
#755 = VERTEX_POINT ( 'NONE', #1504 ) ;
#756 =( NAMED_UNIT ( * ) SI_UNIT ( $, .STERADIAN. ) SOLID_ANGLE_UNIT ( ) );
#757 = ORIENTED_EDGE ( 'NONE', *, *, #5535, .T. ) ;
#758 = LINE ( 'NONE', #10626, #5303 ) ;
#759 = ORIENTED_EDGE ( 'NONE', *, *, #385, .T. ) ;
#760 = ORIENTED_EDGE ( 'NONE', *, *, #5820, .T. ) ;
#761 = STYLED_ITEM ( 'NONE', ( #218 ), #236 ) ;
#762 = FILL_AREA_STYLE ('',( #1618 ) ) ;
#763 = COLOUR_RGB ( '',0.7960784313725489700, 0.8235294117647058400, 0.9372549019607843100 ) ;
#764 = ORIENTED_EDGE ( 'NONE', *, *, #6395, .T. ) ;
#765 = SURFACE_SIDE_STYLE ('',( #8877 ) ) ;
#766 = LINE ( 'NONE', #5178, #480 ) ;
#767 =( NAMED_UNIT ( * ) PLANE_ANGLE_UNIT ( ) SI_UNIT ( $, .RADIAN. ) );
#768 =( LENGTH_UNIT ( ) NAMED_UNIT ( * ) SI_UNIT ( .MILLI., .METRE. ) );
#769 = DIRECTION ( 'NONE',  ( 0.0000000000000000000, 1.000000000000000000, 0.0000000000000000000 ) ) ;
#770 = CARTESIAN_POINT ( 'NONE',  ( -0.9499999999999999600, -2.799999999999999400, -18.00000000000000400 ) ) ;
#771 =( LENGTH_UNIT ( ) NAMED_UNIT ( * ) SI_UNIT ( .MILLI., .METRE. ) );
#772 = LINE ( 'NONE', #2475, #9500 ) ;
#773 = FILL_AREA_STYLE_COLOUR ( '', #4440 ) ;
#774 = ORIENTED_EDGE ( 'NONE', *, *, #98, .T. ) ;
#775 = ORIENTED_EDGE ( 'NONE', *, *, #7959, .T. ) ;
#776 = DIRECTION ( 'NONE',  ( -0.7071067811865464600, 0.0000000000000000000, 0.7071067811865486800 ) ) ;
#777 = CARTESIAN_POINT ( 'NONE',  ( -2.539999999999999600, 1.700000000000000000, -16.94342105263157800 ) ) ;
#778 =( GEOMETRIC_REPRESENTATION_CONTEXT ( 3 ) GLOBAL_UNCERTAINTY_ASSIGNED_CONTEXT ( ( #4858 ) ) GLOBAL_UNIT_ASSIGNED_CONTEXT ( ( #5807, #710, #6670 ) ) REPRESENTATION_CONTEXT ( 'NONE', 'WORKASPACE' ) );
#779 = EDGE_LOOP ( 'NONE', ( #10154, #10472, #2127, #7158 ) ) ;
#780 = CARTESIAN_POINT ( 'NONE',  ( -1.050000000000000000, -2.799999999999999400, -20.64000000000000100 ) ) ;
#781 = DIRECTION ( 'NONE',  ( -0.7071067811865477900, -0.0000000000000000000, -0.7071067811865473500 ) ) ;
#782 = VECTOR ( 'NONE', #2132, 999.9999999999998900 ) ;
#783 = AXIS2_PLACEMENT_3D ( 'NONE', #8502, #3471, #9341 ) ;
#784 = SURFACE_STYLE_FILL_AREA ( #10966 ) ;
#785 = AXIS2_PLACEMENT_3D ( 'NONE', #6607, #1517, #7445 ) ;
#786 = VERTEX_POINT ( 'NONE', #8271 ) ;
#787 = FACE_OUTER_BOUND ( 'NONE', #5276, .T. ) ;
#788 = FILL_AREA_STYLE ('',( #8375 ) ) ;
#789 = DIRECTION ( 'NONE',  ( 0.7071067811865487900, 0.0000000000000000000, -0.7071067811865463500 ) ) ;
#790 = ADVANCED_FACE ( 'NONE', ( #8662 ), #7432, .T. ) ;
#791 = EDGE_CURVE ( 'NONE', #3214, #7378, #5658, .T. ) ;
#792 = ORIENTED_EDGE ( 'NONE', *, *, #8277, .T. ) ;
#793 = CARTESIAN_POINT ( 'NONE',  ( -1.490000000000000200, 11.70000000000000100, -2.220000000000000200 ) ) ;
#794 = VERTEX_POINT ( 'NONE', #9994 ) ;
#795 =( NAMED_UNIT ( * ) SI_UNIT ( $, .STERADIAN. ) SOLID_ANGLE_UNIT ( ) );
#796 = COLOUR_RGB ( '',0.7960784313725489700, 0.8235294117647058400, 0.9372549019607843100 ) ;
#797 = VECTOR ( 'NONE', #4102, 1000.000000000000000 ) ;
#798 = VERTEX_POINT ( 'NONE', #10790 ) ;
#799 = ORIENTED_EDGE ( 'NONE', *, *, #4490, .F. ) ;
#800 = VECTOR ( 'NONE', #9026, 1000.000000000000000 ) ;
#801 = VECTOR ( 'NONE', #1917, 1000.000000000000000 ) ;
#802 = DIRECTION ( 'NONE',  ( 0.0000000000000000000, -0.0000000000000000000, -1.000000000000000000 ) ) ;
#803 = ORIENTED_EDGE ( 'NONE', *, *, #8830, .T. ) ;
#804 = DIRECTION ( 'NONE',  ( -0.7071067811865462400, 0.0000000000000000000, -0.7071067811865489100 ) ) ;
#805 =( GEOMETRIC_REPRESENTATION_CONTEXT ( 3 ) GLOBAL_UNCERTAINTY_ASSIGNED_CONTEXT ( ( #4583 ) ) GLOBAL_UNIT_ASSIGNED_CONTEXT ( ( #1527, #7452, #2374 ) ) REPRESENTATION_CONTEXT ( 'NONE', 'WORKASPACE' ) );
#806 = ORIENTED_EDGE ( 'NONE', *, *, #3904, .T. ) ;
#807 = DIRECTION ( 'NONE',  ( 0.0000000000000000000, 1.000000000000000000, 0.0000000000000000000 ) ) ;
#808 = SURFACE_STYLE_USAGE ( .BOTH. , #5895 ) ;
#809 = DIRECTION ( 'NONE',  ( -0.0000000000000000000, -0.0000000000000000000, -1.000000000000000000 ) ) ;
#810 = PRESENTATION_LAYER_ASSIGNMENT (  '', '', ( #10661 ) ) ;
#811 = PRESENTATION_STYLE_ASSIGNMENT (( #5156 ) ) ;
#812 = DIRECTION ( 'NONE',  ( 0.7071067811865486800, 0.0000000000000000000, 0.7071067811865464600 ) ) ;
#813 = DIRECTION ( 'NONE',  ( 0.0000000000000000000, 1.000000000000000000, 0.0000000000000000000 ) ) ;
#814 = CLOSED_SHELL ( 'NONE', ( #10107, #3309, #7251, #1104, #3593, #8389, #2235, #10459, #47, #8944 ) ) ;
#815 = PLANE ( 'NONE',  #5097 ) ;
#816 = MECHANICAL_DESIGN_GEOMETRIC_PRESENTATION_REPRESENTATION (  '', ( #10091 ), #1386 ) ;
#817 = ORIENTED_EDGE ( 'NONE', *, *, #9598, .F. ) ;
#818 = FILL_AREA_STYLE_COLOUR ( '', #4911 ) ;
#819 = DIRECTION ( 'NONE',  ( -1.000000000000000000, 0.0000000000000000000, 0.0000000000000000000 ) ) ;
#820 = VECTOR ( 'NONE', #2968, 1000.000000000000000 ) ;
#821 = FILL_AREA_STYLE_COLOUR ( '', #6683 ) ;
#822 =( NAMED_UNIT ( * ) PLANE_ANGLE_UNIT ( ) SI_UNIT ( $, .RADIAN. ) );
#823 = PRESENTATION_STYLE_ASSIGNMENT (( #4008 ) ) ;
#824 = EDGE_CURVE ( 'NONE', #10555, #5971, #10116, .T. ) ;
#825 = ORIENTED_EDGE ( 'NONE', *, *, #5984, .F. ) ;
#826 = FACE_OUTER_BOUND ( 'NONE', #9471, .T. ) ;
#827 =( NAMED_UNIT ( * ) PLANE_ANGLE_UNIT ( ) SI_UNIT ( $, .RADIAN. ) );
#828 = SURFACE_STYLE_FILL_AREA ( #762 ) ;
#829 = SURFACE_STYLE_USAGE ( .BOTH. , #5915 ) ;
#830 = DIRECTION ( 'NONE',  ( 0.7071067811865473500, -0.0000000000000000000, 0.7071067811865477900 ) ) ;
#831 = EDGE_CURVE ( 'NONE', #6671, #2931, #3399, .T. ) ;
#832 = LINE ( 'NONE', #9847, #9564 ) ;
#833 = FILL_AREA_STYLE ('',( #10972 ) ) ;
#834 = VECTOR ( 'NONE', #5189, 1000.000000000000100 ) ;
#835 = VECTOR ( 'NONE', #3532, 1000.000000000000000 ) ;
#836 = DIRECTION ( 'NONE',  ( -0.7071067811865470200, -0.0000000000000000000, -0.7071067811865481300 ) ) ;
#837 =( NAMED_UNIT ( * ) PLANE_ANGLE_UNIT ( ) SI_UNIT ( $, .RADIAN. ) );
#838 = CARTESIAN_POINT ( 'NONE',  ( -1.050000000000000000, -2.799999999999999400, -18.10000000000000100 ) ) ;
#839 = EDGE_CURVE ( 'NONE', #1080, #7162, #7895, .T. ) ;
#840 = LINE ( 'NONE', #4354, #5384 ) ;
#841 = COLOUR_RGB ( '',0.0000000000000000000, 0.003921568627450980300, 0.09019607843137254800 ) ;
#842 = LINE ( 'NONE', #2907, #9571 ) ;
#843 = SURFACE_STYLE_USAGE ( .BOTH. , #5934 ) ;
#844 =( NAMED_UNIT ( * ) SI_UNIT ( $, .STERADIAN. ) SOLID_ANGLE_UNIT ( ) );
#845 = ADVANCED_FACE ( 'NONE', ( #9846 ), #9175, .F. ) ;
#846 = STYLED_ITEM ( 'NONE', ( #5340 ), #5916 ) ;
#847 = LINE ( 'NONE', #4277, #5390 ) ;
#848 = AXIS2_PLACEMENT_3D ( 'NONE', #7890, #2813, #8708 ) ;
#849 = PRESENTATION_STYLE_ASSIGNMENT (( #2945 ) ) ;
#850 = FACE_OUTER_BOUND ( 'NONE', #7413, .T. ) ;
#851 = CARTESIAN_POINT ( 'NONE',  ( -0.9499999999999999600, -2.799999999999999400, -9.940000000000001300 ) ) ;
#852 = DIRECTION ( 'NONE',  ( 0.7071067811865463500, -0.0000000000000000000, 0.7071067811865487900 ) ) ;
#853 = DIRECTION ( 'NONE',  ( 0.0000000000000000000, 0.0000000000000000000, 1.000000000000000000 ) ) ;
#854 = CARTESIAN_POINT ( 'NONE',  ( -1.590000000000000300, -2.799999999999999400, -18.00000000000000400 ) ) ;
#855 = CARTESIAN_POINT ( 'NONE',  ( 1.590000000000000100, 11.70000000000000100, -12.48000000000000200 ) ) ;
#856 = COLOUR_RGB ( '',0.0000000000000000000, 0.003921568627450980300, 0.09019607843137254800 ) ;
#857 = EDGE_CURVE ( 'NONE', #1731, #3743, #8791, .T. ) ;
#858 = VECTOR ( 'NONE', #3328, 1000.000000000000000 ) ;
#859 = DIRECTION ( 'NONE',  ( -1.000000000000000000, -0.0000000000000000000, -0.0000000000000000000 ) ) ;
#860 = MECHANICAL_DESIGN_GEOMETRIC_PRESENTATION_REPRESENTATION (  '', ( #10140 ), #1439 ) ;
#861 = COLOUR_RGB ( '',0.7960784313725489700, 0.8235294117647058400, 0.9372549019607843100 ) ;
#862 = EDGE_LOOP ( 'NONE', ( #3452, #5190, #7054, #5595 ) ) ;
#863 = CARTESIAN_POINT ( 'NONE',  ( -2.540000000000000000, 0.0000000000000000000, -8.523421052631579900 ) ) ;
#864 = SURFACE_SIDE_STYLE ('',( #5516 ) ) ;
#865 = CARTESIAN_POINT ( 'NONE',  ( -0.9499999999999999600, 11.70000000000000100, -12.48000000000000200 ) ) ;
#866 = FACE_OUTER_BOUND ( 'NONE', #8988, .T. ) ;
#867 = PRESENTATION_LAYER_ASSIGNMENT (  '', '', ( #10726 ) ) ;
#868 = VECTOR ( 'NONE', #421, 1000.000000000000000 ) ;
#869 = DIRECTION ( 'NONE',  ( 0.0000000000000000000, 1.000000000000000000, 0.0000000000000000000 ) ) ;
#870 =( GEOMETRIC_REPRESENTATION_CONTEXT ( 3 ) GLOBAL_UNCERTAINTY_ASSIGNED_CONTEXT ( ( #9085 ) ) GLOBAL_UNIT_ASSIGNED_CONTEXT ( ( #2372, #8293, #3239 ) ) REPRESENTATION_CONTEXT ( 'NONE', 'WORKASPACE' ) );
#871 = CARTESIAN_POINT ( 'NONE',  ( 0.9499999999999999600, 11.70000000000000100, -20.54000000000000300 ) ) ;
#872 = ORIENTED_EDGE ( 'NONE', *, *, #8775, .T. ) ;
#873 = DIRECTION ( 'NONE',  ( 1.232047923278982000E-016, 0.0000000000000000000, -1.000000000000000000 ) ) ;
#874 = MECHANICAL_DESIGN_GEOMETRIC_PRESENTATION_REPRESENTATION (  '', ( #10152 ), #1452 ) ;
#875 = ORIENTED_EDGE ( 'NONE', *, *, #8867, .F. ) ;
#876 = VERTEX_POINT ( 'NONE', #3292 ) ;
#877 = FILL_AREA_STYLE_COLOUR ( '', #5991 ) ;
#878 = DIRECTION ( 'NONE',  ( -1.000000000000000000, 0.0000000000000000000, -1.232047923278982000E-016 ) ) ;
#879 =( NAMED_UNIT ( * ) SI_UNIT ( $, .STERADIAN. ) SOLID_ANGLE_UNIT ( ) );
#880 = DIRECTION ( 'NONE',  ( 2.492418787322998300E-016, 0.0000000000000000000, 1.000000000000000000 ) ) ;
#881 = SURFACE_STYLE_USAGE ( .BOTH. , #5968 ) ;
#882 = STYLED_ITEM ( 'NONE', ( #4146 ), #1520 ) ;
#883 = ORIENTED_EDGE ( 'NONE', *, *, #8397, .T. ) ;
#884 = UNCERTAINTY_MEASURE_WITH_UNIT (LENGTH_MEASURE( 1.000000000000000100E-005 ), #6771, 'distance_accuracy_value', 'NONE');
#885 = ORIENTED_EDGE ( 'NONE', *, *, #9672, .F. ) ;
#886 = SURFACE_STYLE_USAGE ( .BOTH. , #5974 ) ;
#887 = UNCERTAINTY_MEASURE_WITH_UNIT (LENGTH_MEASURE( 1.000000000000000100E-005 ), #10936, 'distance_accuracy_value', 'NONE');
#888 = SURFACE_STYLE_USAGE ( .BOTH. , #5977 ) ;
#889 = CARTESIAN_POINT ( 'NONE',  ( 2.140000000000001500, 0.0000000000000000000, -6.349999999999999600 ) ) ;
#890 = EDGE_CURVE ( 'NONE', #5471, #2097, #4602, .T. ) ;
#891 = PLANE ( 'NONE',  #1533 ) ;
#892 = SURFACE_SIDE_STYLE ('',( #2824 ) ) ;
#893 = VECTOR ( 'NONE', #3387, 1000.000000000000100 ) ;
#894 = ORIENTED_EDGE ( 'NONE', *, *, #791, .F. ) ;
#895 =( GEOMETRIC_REPRESENTATION_CONTEXT ( 3 ) GLOBAL_UNCERTAINTY_ASSIGNED_CONTEXT ( ( #263 ) ) GLOBAL_UNIT_ASSIGNED_CONTEXT ( ( #6515, #1427, #7349 ) ) REPRESENTATION_CONTEXT ( 'NONE', 'WORKASPACE' ) );
#896 = ORIENTED_EDGE ( 'NONE', *, *, #6236, .F. ) ;
#897 = STYLED_ITEM ( 'NONE', ( #3398 ), #5394 ) ;
#898 =( NAMED_UNIT ( * ) PLANE_ANGLE_UNIT ( ) SI_UNIT ( $, .RADIAN. ) );
#899 = LINE ( 'NONE', #1079, #5436 ) ;
#900 = EDGE_CURVE ( 'NONE', #137, #10399, #37, .T. ) ;
#901 = ADVANCED_FACE ( 'NONE', ( #2053 ), #2497, .T. ) ;
#902 = DIRECTION ( 'NONE',  ( -0.0000000000000000000, -1.000000000000000000, -0.0000000000000000000 ) ) ;
#903 = VECTOR ( 'NONE', #10300, 1000.000000000000000 ) ;
#904 = SURFACE_STYLE_FILL_AREA ( #9089 ) ;
#905 =( NAMED_UNIT ( * ) SI_UNIT ( $, .STERADIAN. ) SOLID_ANGLE_UNIT ( ) );
#906 = ORIENTED_EDGE ( 'NONE', *, *, #4818, .T. ) ;
#907 = SURFACE_STYLE_USAGE ( .BOTH. , #5999 ) ;
#908 = CARTESIAN_POINT ( 'NONE',  ( 2.140000000000000100, 1.700000000000000000, -16.51000000000000200 ) ) ;
#909 = EDGE_CURVE ( 'NONE', #7855, #10850, #7756, .T. ) ;
#910 = DIRECTION ( 'NONE',  ( 1.000000000000000000, 0.0000000000000000000, 1.232047923278982200E-016 ) ) ;
#911 = ORIENTED_EDGE ( 'NONE', *, *, #2044, .F. ) ;
#912 = SURFACE_SIDE_STYLE ('',( #3702 ) ) ;
#913 = CARTESIAN_POINT ( 'NONE',  ( -1.490000000000000200, -2.799999999999999400, -17.46000000000000100 ) ) ;
#914 = DIRECTION ( 'NONE',  ( 0.7071067811865477900, 0.0000000000000000000, -0.7071067811865473500 ) ) ;
#915 = LINE ( 'NONE', #617, #5187 ) ;
#916 = DIRECTION ( 'NONE',  ( 1.000000000000000000, 0.0000000000000000000, 1.232047923278982200E-016 ) ) ;
#917 =( NAMED_UNIT ( * ) PLANE_ANGLE_UNIT ( ) SI_UNIT ( $, .RADIAN. ) );
#918 = DIRECTION ( 'NONE',  ( 0.0000000000000000000, 1.000000000000000000, 0.0000000000000000000 ) ) ;
#919 = ORIENTED_EDGE ( 'NONE', *, *, #9532, .F. ) ;
#920 = ORIENTED_EDGE ( 'NONE', *, *, #6876, .F. ) ;
#921 =( NAMED_UNIT ( * ) PLANE_ANGLE_UNIT ( ) SI_UNIT ( $, .RADIAN. ) );
#922 = ORIENTED_EDGE ( 'NONE', *, *, #6395, .F. ) ;
#923 = LINE ( 'NONE', #1992, #3187 ) ;
#924 = LINE ( 'NONE', #8372, #3189 ) ;
#925 = VERTEX_POINT ( 'NONE', #793 ) ;
#926 = CARTESIAN_POINT ( 'NONE',  ( 2.140000000000001500, 1.700000000000000000, -16.51000000000000200 ) ) ;
#927 = EDGE_LOOP ( 'NONE', ( #523, #3589, #5870, #9594 ) ) ;
#928 = DIRECTION ( 'NONE',  ( 0.0000000000000000000, 0.0000000000000000000, 1.000000000000000000 ) ) ;
#929 = COLOUR_RGB ( '',0.7960784313725489700, 0.8235294117647058400, 0.9372549019607843100 ) ;
#930 = COLOUR_RGB ( '',0.02745098039215686200, 0.003921568627450980300, 0.0000000000000000000 ) ;
#931 =( NAMED_UNIT ( * ) SI_UNIT ( $, .STERADIAN. ) SOLID_ANGLE_UNIT ( ) );
#932 = VECTOR ( 'NONE', #7982, 1000.000000000000000 ) ;
#933 = MECHANICAL_DESIGN_GEOMETRIC_PRESENTATION_REPRESENTATION (  '', ( #10205 ), #1501 ) ;
#934 = CARTESIAN_POINT ( 'NONE',  ( 0.9499999999999999600, 11.70000000000000100, -7.839999999999999900 ) ) ;
#935 = ORIENTED_EDGE ( 'NONE', *, *, #6850, .F. ) ;
#936 = PLANE ( 'NONE',  #9646 ) ;
#937 = LINE ( 'NONE', #10789, #5472 ) ;
#938 =( GEOMETRIC_REPRESENTATION_CONTEXT ( 3 ) GLOBAL_UNCERTAINTY_ASSIGNED_CONTEXT ( ( #10922 ) ) GLOBAL_UNIT_ASSIGNED_CONTEXT ( ( #1923, #7858, #2779 ) ) REPRESENTATION_CONTEXT ( 'NONE', 'WORKASPACE' ) );
#939 = DIRECTION ( 'NONE',  ( -0.7071067811865470200, -0.0000000000000000000, -0.7071067811865481300 ) ) ;
#940 = ORIENTED_EDGE ( 'NONE', *, *, #5281, .F. ) ;
#941 = EDGE_LOOP ( 'NONE', ( #5843, #10837, #5410, #5695 ) ) ;
#942 = LINE ( 'NONE', #7769, #7436 ) ;
#943 = FILL_AREA_STYLE ('',( #6036 ) ) ;
#944 = EDGE_CURVE ( 'NONE', #10315, #10596, #9976, .T. ) ;
#945 =( NAMED_UNIT ( * ) SI_UNIT ( $, .STERADIAN. ) SOLID_ANGLE_UNIT ( ) );
#946 = ORIENTED_EDGE ( 'NONE', *, *, #7723, .T. ) ;
#947 = CARTESIAN_POINT ( 'NONE',  ( -1.490000000000000000, -2.799999999999999400, -5.400000000000000400 ) ) ;
#948 = MECHANICAL_DESIGN_GEOMETRIC_PRESENTATION_REPRESENTATION (  '', ( #10799 ), #1512 ) ;
#949 = ORIENTED_EDGE ( 'NONE', *, *, #688, .T. ) ;
#950 = CARTESIAN_POINT ( 'NONE',  ( 2.140000000000000100, 0.0000000000000000000, -16.51000000000000200 ) ) ;
#951 = FILL_AREA_STYLE ('',( #10221 ) ) ;
#952 = ORIENTED_EDGE ( 'NONE', *, *, #10015, .T. ) ;
#953 = CARTESIAN_POINT ( 'NONE',  ( 0.0000000000000000000, -2.799999999999999400, -15.24000000000000000 ) ) ;
#954 = ORIENTED_EDGE ( 'NONE', *, *, #4025, .T. ) ;
#955 = UNCERTAINTY_MEASURE_WITH_UNIT (LENGTH_MEASURE( 1.000000000000000100E-005 ), #1861, 'distance_accuracy_value', 'NONE');
#956 = VECTOR ( 'NONE', #10000, 1000.000000000000100 ) ;
#957 = ORIENTED_EDGE ( 'NONE', *, *, #409, .T. ) ;
#958 = AXIS2_PLACEMENT_3D ( 'NONE', #210, #6165, #1095 ) ;
#959 =( NAMED_UNIT ( * ) PLANE_ANGLE_UNIT ( ) SI_UNIT ( $, .RADIAN. ) );
#960 = DIRECTION ( 'NONE',  ( -1.000000000000000000, 0.0000000000000000000, -1.232047923278982000E-016 ) ) ;
#961 = ORIENTED_EDGE ( 'NONE', *, *, #7063, .T. ) ;
#962 = DIRECTION ( 'NONE',  ( -0.0000000000000000000, 1.000000000000000000, -0.0000000000000000000 ) ) ;
#963 = UNCERTAINTY_MEASURE_WITH_UNIT (LENGTH_MEASURE( 1.000000000000000100E-005 ), #1804, 'distance_accuracy_value', 'NONE');
#964 = CARTESIAN_POINT ( 'NONE',  ( 0.9499999999999999600, -2.799999999999999400, -2.319999999999999800 ) ) ;
#965 = AXIS2_PLACEMENT_3D ( 'NONE', #190, #6147, #1070 ) ;
#966 =( NAMED_UNIT ( * ) PLANE_ANGLE_UNIT ( ) SI_UNIT ( $, .RADIAN. ) );
#967 = VECTOR ( 'NONE', #2580, 1000.000000000000000 ) ;
#968 = ORIENTED_EDGE ( 'NONE', *, *, #2141, .F. ) ;
#969 = SURFACE_SIDE_STYLE ('',( #10780 ) ) ;
#970 = ADVANCED_FACE ( 'NONE', ( #9703 ), #8439, .T. ) ;
#971 = EDGE_CURVE ( 'NONE', #10037, #10876, #6707, .T. ) ;
#972 = UNCERTAINTY_MEASURE_WITH_UNIT (LENGTH_MEASURE( 1.000000000000000100E-005 ), #8750, 'distance_accuracy_value', 'NONE');
#973 = STYLED_ITEM ( 'NONE', ( #8764 ), #3087 ) ;
#974 = SURFACE_STYLE_USAGE ( .BOTH. , #6056 ) ;
#975 = FILL_AREA_STYLE ('',( #95 ) ) ;
#976 = PRESENTATION_LAYER_ASSIGNMENT (  '', '', ( #10824 ) ) ;
#977 = EDGE_CURVE ( 'NONE', #5297, #4343, #2439, .T. ) ;
#978 = LINE ( 'NONE', #6993, #695 ) ;
#979 = PRESENTATION_STYLE_ASSIGNMENT (( #7043 ) ) ;
#980 = EDGE_CURVE ( 'NONE', #10858, #1436, #8919, .T. ) ;
#981 = SURFACE_SIDE_STYLE ('',( #4569 ) ) ;
#982 = VECTOR ( 'NONE', #4336, 1000.000000000000000 ) ;
#983 = CARTESIAN_POINT ( 'NONE',  ( 1.050000000000000000, -2.799999999999999400, -7.940000000000001300 ) ) ;
#984 = ADVANCED_FACE ( 'NONE', ( #4181 ), #8516, .T. ) ;
#985 = SURFACE_STYLE_USAGE ( .BOTH. , #6065 ) ;
#986 = DIRECTION ( 'NONE',  ( -0.0000000000000000000, 1.000000000000000000, 0.0000000000000000000 ) ) ;
#987 = SURFACE_STYLE_FILL_AREA ( #2194 ) ;
#988 = LINE ( 'NONE', #8952, #5505 ) ;
#989 = LINE ( 'NONE', #10274, #5506 ) ;
#990 = PLANE ( 'NONE',  #2876 ) ;
#991 = CARTESIAN_POINT ( 'NONE',  ( 1.050000000000000000, -2.799999999999999400, -12.38000000000000300 ) ) ;
#992 = EDGE_LOOP ( 'NONE', ( #2614, #2858, #3707, #7946 ) ) ;
#993 = SURFACE_SIDE_STYLE ('',( #6218 ) ) ;
#994 = CARTESIAN_POINT ( 'NONE',  ( 1.590000000000000100, -2.799999999999999400, -20.10000000000000100 ) ) ;
#995 = LINE ( 'NONE', #7556, #7751 ) ;
#996 = FILL_AREA_STYLE ('',( #2702 ) ) ;
#997 = CARTESIAN_POINT ( 'NONE',  ( -2.540000000000000000, 0.0000000000000000000, -11.06342105263158100 ) ) ;
#998 = VECTOR ( 'NONE', #10143, 1000.000000000000000 ) ;
#999 =( NAMED_UNIT ( * ) SI_UNIT ( $, .STERADIAN. ) SOLID_ANGLE_UNIT ( ) );
#1000 = DIRECTION ( 'NONE',  ( 0.7071067811865486800, 0.0000000000000000000, 0.7071067811865464600 ) ) ;
#1001 =( LENGTH_UNIT ( ) NAMED_UNIT ( * ) SI_UNIT ( .MILLI., .METRE. ) );
#1002 = DIRECTION ( 'NONE',  ( -0.0000000000000000000, 1.000000000000000000, 0.0000000000000000000 ) ) ;
#1003 = EDGE_CURVE ( 'NONE', #7374, #2181, #3388, .T. ) ;
#1004 = CARTESIAN_POINT ( 'NONE',  ( 1.050000000000000000, -2.799999999999999400, -5.400000000000000400 ) ) ;
#1005 = LINE ( 'NONE', #8729, #2985 ) ;
#1006 = VECTOR ( 'NONE', #3442, 1000.000000000000000 ) ;
#1007 = PRESENTATION_STYLE_ASSIGNMENT (( #9028 ) ) ;
#1008 = DIRECTION ( 'NONE',  ( 0.6782059721786389800, 0.0000000000000000000, 0.7348718659067220400 ) ) ;
#1009 = MECHANICAL_DESIGN_GEOMETRIC_PRESENTATION_REPRESENTATION (  '', ( #10276 ), #1564 ) ;
#1010 = EDGE_LOOP ( 'NONE', ( #6314, #9613, #9721, #9740, #7550, #6232, #8443, #6794 ) ) ;
#1011 = VERTEX_POINT ( 'NONE', #9400 ) ;
#1012 = FACE_OUTER_BOUND ( 'NONE', #9871, .T. ) ;
#1013 = STYLED_ITEM ( 'NONE', ( #5956 ), #10684 ) ;
#1014 = FACE_OUTER_BOUND ( 'NONE', #9537, .T. ) ;
#1015 =( GEOMETRIC_REPRESENTATION_CONTEXT ( 3 ) GLOBAL_UNCERTAINTY_ASSIGNED_CONTEXT ( ( #8612 ) ) GLOBAL_UNIT_ASSIGNED_CONTEXT ( ( #463, #6426, #1337 ) ) REPRESENTATION_CONTEXT ( 'NONE', 'WORKASPACE' ) );
#1016 = CARTESIAN_POINT ( 'NONE',  ( 2.540000000000000900, 0.0000000000000000000, -6.750000000000000900 ) ) ;
#1017 = CARTESIAN_POINT ( 'NONE',  ( -1.050000000000000000, -2.799999999999999400, -13.02000000000000100 ) ) ;
#1018 = VECTOR ( 'NONE', #1330, 999.9999999999998900 ) ;
#1019 = DIRECTION ( 'NONE',  ( 1.000000000000000000, 0.0000000000000000000, -2.492418787322998300E-016 ) ) ;
#1020 = EDGE_LOOP ( 'NONE', ( #4006, #2517, #10965, #2189 ) ) ;
#1021 = ORIENTED_EDGE ( 'NONE', *, *, #4179, .T. ) ;
#1022 = EDGE_CURVE ( 'NONE', #10209, #9540, #9838, .T. ) ;
#1023 = VERTEX_POINT ( 'NONE', #9352 ) ;
#1024 = ORIENTED_EDGE ( 'NONE', *, *, #10215, .F. ) ;
#1025 = LINE ( 'NONE', #4619, #5539 ) ;
#1026 = STYLED_ITEM ( 'NONE', ( #10717 ), #7314 ) ;
#1027 = SURFACE_SIDE_STYLE ('',( #7108 ) ) ;
#1028 = LINE ( 'NONE', #1251, #9470 ) ;
#1029 = ADVANCED_FACE ( 'NONE', ( #5389 ), #990, .T. ) ;
#1030 = ORIENTED_EDGE ( 'NONE', *, *, #3688, .T. ) ;
#1031 = FILL_AREA_STYLE ('',( #4413 ) ) ;
#1032 = AXIS2_PLACEMENT_3D ( 'NONE', #6436, #1344, #7269 ) ;
#1033 = VERTEX_POINT ( 'NONE', #6926 ) ;
#1034 = PLANE ( 'NONE',  #4174 ) ;
#1035 = AXIS2_PLACEMENT_3D ( 'NONE', #9497, #4472, #10362 ) ;
#1036 =( NAMED_UNIT ( * ) SI_UNIT ( $, .STERADIAN. ) SOLID_ANGLE_UNIT ( ) );
#1037 = FACE_OUTER_BOUND ( 'NONE', #6600, .T. ) ;
#1038 =( GEOMETRIC_REPRESENTATION_CONTEXT ( 3 ) GLOBAL_UNCERTAINTY_ASSIGNED_CONTEXT ( ( #5737 ) ) GLOBAL_UNIT_ASSIGNED_CONTEXT ( ( #5785, #691, #6640 ) ) REPRESENTATION_CONTEXT ( 'NONE', 'WORKASPACE' ) );
#1039 = DIRECTION ( 'NONE',  ( -1.000000000000000000, -0.0000000000000000000, -1.232047923278982200E-016 ) ) ;
#1040 = ORIENTED_EDGE ( 'NONE', *, *, #4759, .T. ) ;
#1041 = SURFACE_SIDE_STYLE ('',( #8967 ) ) ;
#1042 = UNCERTAINTY_MEASURE_WITH_UNIT (LENGTH_MEASURE( 1.000000000000000100E-005 ), #4914, 'distance_accuracy_value', 'NONE');
#1043 = DIRECTION ( 'NONE',  ( 0.7071067811865473500, -0.0000000000000000000, 0.7071067811865477900 ) ) ;
#1044 = FILL_AREA_STYLE_COLOUR ( '', #930 ) ;
#1045 = SURFACE_SIDE_STYLE ('',( #9784 ) ) ;
#1046 = ADVANCED_FACE ( 'NONE', ( #6833 ), #5239, .F. ) ;
#1047 = DIRECTION ( 'NONE',  ( -0.7071067811865482400, 0.0000000000000000000, -0.7071067811865469100 ) ) ;
#1048 = ORIENTED_EDGE ( 'NONE', *, *, #10186, .T. ) ;
#1049 = UNCERTAINTY_MEASURE_WITH_UNIT (LENGTH_MEASURE( 1.000000000000000100E-005 ), #3954, 'distance_accuracy_value', 'NONE');
#1050 = COLOUR_RGB ( '',0.7960784313725489700, 0.8235294117647058400, 0.9372549019607843100 ) ;
#1051 = PRESENTATION_LAYER_ASSIGNMENT (  '', '', ( #10885 ) ) ;
#1052 =( NAMED_UNIT ( * ) PLANE_ANGLE_UNIT ( ) SI_UNIT ( $, .RADIAN. ) );
#1053 = PRESENTATION_STYLE_ASSIGNMENT (( #4159 ) ) ;
#1054 = EDGE_LOOP ( 'NONE', ( #10528, #3051, #5221, #1207 ) ) ;
#1055 = FILL_AREA_STYLE ('',( #4434 ) ) ;
#1056 = COLOUR_RGB ( '',0.7960784313725489700, 0.8235294117647058400, 0.9372549019607843100 ) ;
#1057 = SURFACE_STYLE_FILL_AREA ( #31 ) ;
#1059 = DIRECTION ( 'NONE',  ( -0.7071067811865477900, 0.0000000000000000000, -0.7071067811865473500 ) ) ;
#1058 = LINE ( 'NONE', #7302, #8968 ) ;
#1060 = DIRECTION ( 'NONE',  ( 0.7071067811865489100, 0.0000000000000000000, 0.7071067811865461300 ) ) ;
#1061 = ORIENTED_EDGE ( 'NONE', *, *, #7167, .T. ) ;
#1062 = DIRECTION ( 'NONE',  ( 1.000000000000000000, 0.0000000000000000000, 1.232047923278982000E-016 ) ) ;
#1063 = CARTESIAN_POINT ( 'NONE',  ( 1.590000000000000100, 11.70000000000000100, -10.38000000000000100 ) ) ;
#1064 = EDGE_CURVE ( 'NONE', #10850, #1725, #8261, .T. ) ;
#1065 = ORIENTED_EDGE ( 'NONE', *, *, #4038, .T. ) ;
#1066 = DIRECTION ( 'NONE',  ( 0.0000000000000000000, -0.0000000000000000000, 1.000000000000000000 ) ) ;
#1067 = ORIENTED_EDGE ( 'NONE', *, *, #6969, .T. ) ;
#1068 = DIRECTION ( 'NONE',  ( -0.0000000000000000000, -1.000000000000000000, -0.0000000000000000000 ) ) ;
#1069 = VECTOR ( 'NONE', #6367, 1000.000000000000000 ) ;
#1070 = DIRECTION ( 'NONE',  ( -1.000000000000000000, 0.0000000000000000000, -0.0000000000000000000 ) ) ;
#1071 = CARTESIAN_POINT ( 'NONE',  ( 1.490000000000000000, 11.70000000000000100, -7.299999999999999800 ) ) ;
#1072 = EDGE_CURVE ( 'NONE', #3462, #3943, #3790, .T. ) ;
#1073 = ORIENTED_EDGE ( 'NONE', *, *, #6523, .F. ) ;
#1074 = COLOUR_RGB ( '',0.7960784313725489700, 0.8235294117647058400, 0.9372549019607843100 ) ;
#1075 =( GEOMETRIC_REPRESENTATION_CONTEXT ( 3 ) GLOBAL_UNCERTAINTY_ASSIGNED_CONTEXT ( ( #3357 ) ) GLOBAL_UNIT_ASSIGNED_CONTEXT ( ( #9958, #4942, #10830 ) ) REPRESENTATION_CONTEXT ( 'NONE', 'WORKASPACE' ) );
#1076 = LINE ( 'NONE', #4646, #3052 ) ;
#1077 = DIRECTION ( 'NONE',  ( -0.7071067811865489100, -0.0000000000000000000, 0.7071067811865462400 ) ) ;
#1078 = CARTESIAN_POINT ( 'NONE',  ( 0.9499999999999999600, -2.799999999999999400, -0.2200000000000000000 ) ) ;
#1079 = CARTESIAN_POINT ( 'NONE',  ( 2.540000000000000900, 1.700000000000000000, -3.410000000000000600 ) ) ;
#1080 = VERTEX_POINT ( 'NONE', #5928 ) ;
#1081 = DIRECTION ( 'NONE',  ( 1.000000000000000000, 0.0000000000000000000, 0.0000000000000000000 ) ) ;
#1082 = DIRECTION ( 'NONE',  ( 1.000000000000000000, 0.0000000000000000000, -2.492418787322998300E-016 ) ) ;
#1083 = LINE ( 'NONE', #3574, #3057 ) ;
#1084 = DIRECTION ( 'NONE',  ( 0.0000000000000000000, 1.000000000000000000, 0.0000000000000000000 ) ) ;
#1085 = STYLED_ITEM ( 'NONE', ( #9528 ), #10289 ) ;
#1086 =( NAMED_UNIT ( * ) SI_UNIT ( $, .STERADIAN. ) SOLID_ANGLE_UNIT ( ) );
#1087 = VERTEX_POINT ( 'NONE', #10976 ) ;
#1088 = LINE ( 'NONE', #7343, #5596 ) ;
#1089 = SURFACE_SIDE_STYLE ('',( #8949 ) ) ;
#1090 = LINE ( 'NONE', #7851, #801 ) ;
#1091 = ADVANCED_FACE ( 'NONE', ( #1510 ), #3381, .T. ) ;
#1092 = ORIENTED_EDGE ( 'NONE', *, *, #7426, .F. ) ;
#1093 = ORIENTED_EDGE ( 'NONE', *, *, #5734, .T. ) ;
#1094 = FILL_AREA_STYLE ('',( #6162 ) ) ;
#1095 = DIRECTION ( 'NONE',  ( -0.7071067811865470200, 0.0000000000000000000, -0.7071067811865481300 ) ) ;
#1096 = SURFACE_STYLE_FILL_AREA ( #411 ) ;
#1097 =( LENGTH_UNIT ( ) NAMED_UNIT ( * ) SI_UNIT ( .MILLI., .METRE. ) );
#1098 = PRESENTATION_LAYER_ASSIGNMENT (  '', '', ( #10929 ) ) ;
#1099 = LINE ( 'NONE', #8441, #3073 ) ;
#1100 = PRESENTATION_STYLE_ASSIGNMENT (( #10977 ) ) ;
#1101 = ORIENTED_EDGE ( 'NONE', *, *, #4948, .F. ) ;
#1102 = SURFACE_STYLE_USAGE ( .BOTH. , #6169 ) ;
#1103 = AXIS2_PLACEMENT_3D ( 'NONE', #3138, #9036, #3993 ) ;
#1104 = ADVANCED_FACE ( 'NONE', ( #4984 ), #5960, .T. ) ;
#1105 = EDGE_LOOP ( 'NONE', ( #8607, #6355, #2240, #7444 ) ) ;
#1106 = SURFACE_STYLE_USAGE ( .BOTH. , #6172 ) ;
#1107 = COLOUR_RGB ( '',0.7960784313725489700, 0.8235294117647058400, 0.9372549019607843100 ) ;
#1108 = ORIENTED_EDGE ( 'NONE', *, *, #7816, .F. ) ;
#1109 = ORIENTED_EDGE ( 'NONE', *, *, #2124, .T. ) ;
#1110 = UNCERTAINTY_MEASURE_WITH_UNIT (LENGTH_MEASURE( 1.000000000000000100E-005 ), #3063, 'distance_accuracy_value', 'NONE');
#1111 = PRESENTATION_STYLE_ASSIGNMENT (( #1471 ) ) ;
#1112 = LINE ( 'NONE', #6383, #537 ) ;
#1113 = LINE ( 'NONE', #9013, #5619 ) ;
#1114 = STYLED_ITEM ( 'NONE', ( #2156 ), #9666 ) ;
#1115 = EDGE_LOOP ( 'NONE', ( #5465, #5357, #10266, #1228 ) ) ;
#1116 = UNCERTAINTY_MEASURE_WITH_UNIT (LENGTH_MEASURE( 1.000000000000000100E-005 ), #2733, 'distance_accuracy_value', 'NONE');
#1117 = LINE ( 'NONE', #3397, #9815 ) ;
#1118 = COLOUR_RGB ( '',0.0000000000000000000, 0.003921568627450980300, 0.09019607843137254800 ) ;
#1119 = DIRECTION ( 'NONE',  ( -0.7071067811865464600, 0.0000000000000000000, 0.7071067811865486800 ) ) ;
#1120 = PRESENTATION_LAYER_ASSIGNMENT (  '', '', ( #10945 ) ) ;
#1121 = VECTOR ( 'NONE', #6924, 1000.000000000000000 ) ;
#1122 = SURFACE_SIDE_STYLE ('',( #1422 ) ) ;
#1123 = SURFACE_SIDE_STYLE ('',( #7736 ) ) ;
#1124 =( GEOMETRIC_REPRESENTATION_CONTEXT ( 3 ) GLOBAL_UNCERTAINTY_ASSIGNED_CONTEXT ( ( #6818 ) ) GLOBAL_UNIT_ASSIGNED_CONTEXT ( ( #7388, #2318, #8241 ) ) REPRESENTATION_CONTEXT ( 'NONE', 'WORKASPACE' ) );
#1125 = DIRECTION ( 'NONE',  ( 0.7071067811865489100, 0.0000000000000000000, 0.7071067811865461300 ) ) ;
#1126 = SURFACE_STYLE_USAGE ( .BOTH. , #6186 ) ;
#1127 = VECTOR ( 'NONE', #8463, 1000.000000000000000 ) ;
#1128 =( NAMED_UNIT ( * ) SI_UNIT ( $, .STERADIAN. ) SOLID_ANGLE_UNIT ( ) );
#1129 = PLANE ( 'NONE',  #8224 ) ;
#1130 = SURFACE_STYLE_USAGE ( .BOTH. , #6192 ) ;
#1131 = VECTOR ( 'NONE', #6527, 1000.000000000000000 ) ;
#1132 = LINE ( 'NONE', #10211, #7334 ) ;
#1133 = EDGE_CURVE ( 'NONE', #5286, #3743, #8643, .T. ) ;
#1134 = CLOSED_SHELL ( 'NONE', ( #8498, #10999, #7404, #8016, #1858, #970, #9992, #3141, #1046, #5867 ) ) ;
#1135 = MECHANICAL_DESIGN_GEOMETRIC_PRESENTATION_REPRESENTATION (  '', ( #10391 ), #1670 ) ;
#1136 = CARTESIAN_POINT ( 'NONE',  ( 1.050000000000000000, -2.799999999999999400, -15.56000000000000000 ) ) ;
#1137 = PLANE ( 'NONE',  #4380 ) ;
#1138 = PLANE ( 'NONE',  #9939 ) ;
#1139 = LINE ( 'NONE', #5449, #3385 ) ;
#1140 = EDGE_CURVE ( 'NONE', #3225, #3260, #4171, .T. ) ;
#1141 = SURFACE_STYLE_FILL_AREA ( #7768 ) ;
#1142 = SURFACE_SIDE_STYLE ('',( #201 ) ) ;
#1143 = SURFACE_STYLE_FILL_AREA ( #2723 ) ;
#1144 =( GEOMETRIC_REPRESENTATION_CONTEXT ( 3 ) GLOBAL_UNCERTAINTY_ASSIGNED_CONTEXT ( ( #1049 ) ) GLOBAL_UNIT_ASSIGNED_CONTEXT ( ( #3954, #9845, #5055 ) ) REPRESENTATION_CONTEXT ( 'NONE', 'WORKASPACE' ) );
#1145 = ORIENTED_EDGE ( 'NONE', *, *, #8067, .T. ) ;
#1146 = VECTOR ( 'NONE', #2387, 1000.000000000000000 ) ;
#1147 =( NAMED_UNIT ( * ) SI_UNIT ( $, .STERADIAN. ) SOLID_ANGLE_UNIT ( ) );
#1148 = DIRECTION ( 'NONE',  ( 0.7071067811865486800, 0.0000000000000000000, 0.7071067811865464600 ) ) ;
#1149 = LINE ( 'NONE', #5840, #5660 ) ;
#1150 = CARTESIAN_POINT ( 'NONE',  ( 1.490000000000000000, -2.799999999999999400, -7.299999999999999800 ) ) ;
#1151 = VERTEX_POINT ( 'NONE', #9361 ) ;
#1152 = PRESENTATION_STYLE_ASSIGNMENT (( #9760 ) ) ;
#1153 = ORIENTED_EDGE ( 'NONE', *, *, #7392, .T. ) ;
#1154 = DIRECTION ( 'NONE',  ( 0.0000000000000000000, 1.000000000000000000, 0.0000000000000000000 ) ) ;
#1155 = FILL_AREA_STYLE ('',( #271 ) ) ;
#1156 = PLANE ( 'NONE',  #3820 ) ;
#1157 = FILL_AREA_STYLE ('',( #3652 ) ) ;
#1158 = DIRECTION ( 'NONE',  ( 0.0000000000000000000, -0.0000000000000000000, 1.000000000000000000 ) ) ;
#1159 = ADVANCED_FACE ( 'NONE', ( #8380 ), #6861, .F. ) ;
#1160 = DIRECTION ( 'NONE',  ( 0.7071067811865477900, 0.0000000000000000000, -0.7071067811865473500 ) ) ;
#1161 = DIRECTION ( 'NONE',  ( -0.7071067811865461300, 0.0000000000000000000, 0.7071067811865489100 ) ) ;
#1162 = PRESENTATION_LAYER_ASSIGNMENT (  '', '', ( #10990 ) ) ;
#1163 = ORIENTED_EDGE ( 'NONE', *, *, #4913, .T. ) ;
#1164 = VERTEX_POINT ( 'NONE', #4345 ) ;
#1165 = MECHANICAL_DESIGN_GEOMETRIC_PRESENTATION_REPRESENTATION (  '', ( #10423 ), #1700 ) ;
#1166 = VERTEX_POINT ( 'NONE', #4381 ) ;
#1167 = MECHANICAL_DESIGN_GEOMETRIC_PRESENTATION_REPRESENTATION (  '', ( #10426 ), #1704 ) ;
#1168 = DIRECTION ( 'NONE',  ( 0.0000000000000000000, -0.0000000000000000000, -1.000000000000000000 ) ) ;
#1169 = DIRECTION ( 'NONE',  ( 0.0000000000000000000, 0.0000000000000000000, -1.000000000000000000 ) ) ;
#1170 = EDGE_CURVE ( 'NONE', #3951, #10350, #3106, .T. ) ;
#1171 = EDGE_LOOP ( 'NONE', ( #3000, #10873, #7839, #1067 ) ) ;
#1172 = SURFACE_SIDE_STYLE ('',( #9511 ) ) ;
#1173 = CARTESIAN_POINT ( 'NONE',  ( 1.050000000000000000, 11.70000000000000100, -12.38000000000000300 ) ) ;
#1174 = STYLED_ITEM ( 'NONE', ( #6051 ), #9257 ) ;
#1175 = VECTOR ( 'NONE', #3848, 1000.000000000000000 ) ;
#1176 = FILL_AREA_STYLE ('',( #296 ) ) ;
#1177 =( GEOMETRIC_REPRESENTATION_CONTEXT ( 3 ) GLOBAL_UNCERTAINTY_ASSIGNED_CONTEXT ( ( #10446 ) ) GLOBAL_UNIT_ASSIGNED_CONTEXT ( ( #1744, #7674, #2604 ) ) REPRESENTATION_CONTEXT ( 'NONE', 'WORKASPACE' ) );
#1178 = LINE ( 'NONE', #7662, #893 ) ;
#1179 = STYLED_ITEM ( 'NONE', ( #8384 ), #8787 ) ;
#1180 =( GEOMETRIC_REPRESENTATION_CONTEXT ( 3 ) GLOBAL_UNCERTAINTY_ASSIGNED_CONTEXT ( ( #4522 ) ) GLOBAL_UNIT_ASSIGNED_CONTEXT ( ( #3559, #9437, #4411 ) ) REPRESENTATION_CONTEXT ( 'NONE', 'WORKASPACE' ) );
#1181 = ORIENTED_EDGE ( 'NONE', *, *, #7415, .F. ) ;
#1182 = PLANE ( 'NONE',  #7783 ) ;
#1183 = FILL_AREA_STYLE ('',( #10443 ) ) ;
#1184 = ORIENTED_EDGE ( 'NONE', *, *, #9132, .F. ) ;
#1185 = STYLED_ITEM ( 'NONE', ( #3038 ), #2404 ) ;
#1186 = MANIFOLD_SOLID_BREP ( 'LPattern3[14]', #5331 ) ;
#1187 = CARTESIAN_POINT ( 'NONE',  ( -2.539999999999999600, 0.0000000000000000000, -19.48342105263158100 ) ) ;
#1188 = SURFACE_STYLE_USAGE ( .BOTH. , #6256 ) ;
#1189 = CARTESIAN_POINT ( 'NONE',  ( 0.9499999999999999600, 11.70000000000000100, -4.860000000000000300 ) ) ;
#1190 = EDGE_CURVE ( 'NONE', #3439, #8396, #4581, .T. ) ;
#1191 = LINE ( 'NONE', #4014, #5701 ) ;
#1192 = CARTESIAN_POINT ( 'NONE',  ( -2.540000000000000000, 0.0000000000000000000, -3.443421052631578900 ) ) ;
#1193 = PLANE ( 'NONE',  #630 ) ;
#1194 = SURFACE_STYLE_USAGE ( .BOTH. , #6261 ) ;
#1195 = VERTEX_POINT ( 'NONE', #10265 ) ;
#1196 = DIRECTION ( 'NONE',  ( -0.7071067811865475700, 0.0000000000000000000, 0.7071067811865475700 ) ) ;
#1197 = AXIS2_PLACEMENT_3D ( 'NONE', #82, #6047, #960 ) ;
#1198 = EDGE_CURVE ( 'NONE', #5918, #5253, #8772, .T. ) ;
#1199 = ORIENTED_EDGE ( 'NONE', *, *, #1407, .T. ) ;
#1200 = FACE_OUTER_BOUND ( 'NONE', #4015, .T. ) ;
#1201 = EDGE_CURVE ( 'NONE', #5918, #10436, #17, .T. ) ;
#1202 = ORIENTED_EDGE ( 'NONE', *, *, #4104, .F. ) ;
#1203 = SURFACE_STYLE_FILL_AREA ( #4776 ) ;
#1204 = PLANE ( 'NONE',  #158 ) ;
#1205 = SURFACE_STYLE_USAGE ( .BOTH. , #6271 ) ;
#1206 = ORIENTED_EDGE ( 'NONE', *, *, #2496, .F. ) ;
#1207 = ORIENTED_EDGE ( 'NONE', *, *, #1529, .T. ) ;
#1208 = DIRECTION ( 'NONE',  ( 0.7071067811865477900, 0.0000000000000000000, -0.7071067811865473500 ) ) ;
#1209 =( NAMED_UNIT ( * ) SI_UNIT ( $, .STERADIAN. ) SOLID_ANGLE_UNIT ( ) );
#1210 = ADVANCED_FACE ( 'NONE', ( #2034 ), #1880, .T. ) ;
#1211 = VECTOR ( 'NONE', #5507, 1000.000000000000000 ) ;
#1212 = ORIENTED_EDGE ( 'NONE', *, *, #9901, .F. ) ;
#1213 = ORIENTED_EDGE ( 'NONE', *, *, #7659, .F. ) ;
#1214 = DIRECTION ( 'NONE',  ( -0.7071067811865482400, 0.0000000000000000000, -0.7071067811865469100 ) ) ;
#1215 = EDGE_CURVE ( 'NONE', #6983, #2896, #3511, .T. ) ;
#1216 =( NAMED_UNIT ( * ) SI_UNIT ( $, .STERADIAN. ) SOLID_ANGLE_UNIT ( ) );
#1217 =( NAMED_UNIT ( * ) PLANE_ANGLE_UNIT ( ) SI_UNIT ( $, .RADIAN. ) );
#1218 = CARTESIAN_POINT ( 'NONE',  ( -1.050000000000000000, 11.70000000000000100, -13.02000000000000100 ) ) ;
#1219 = PRESENTATION_LAYER_ASSIGNMENT (  '', '', ( #48 ) ) ;
#1220 = DIRECTION ( 'NONE',  ( -0.7071067811865469100, -0.0000000000000000000, 0.7071067811865482400 ) ) ;
#1221 = ORIENTED_EDGE ( 'NONE', *, *, #8411, .F. ) ;
#1222 = DIRECTION ( 'NONE',  ( 0.7071067811865489100, 0.0000000000000000000, 0.7071067811865461300 ) ) ;
#1223 = MECHANICAL_DESIGN_GEOMETRIC_PRESENTATION_REPRESENTATION (  '', ( #10500 ), #1769 ) ;
#1224 = FILL_AREA_STYLE_COLOUR ( '', #4856 ) ;
#1225 = EDGE_LOOP ( 'NONE', ( #4396, #2877, #2670, #5524 ) ) ;
#1226 = FILL_AREA_STYLE_COLOUR ( '', #9726 ) ;
#1227 = VECTOR ( 'NONE', #10411, 999.9999999999998900 ) ;
#1228 = ORIENTED_EDGE ( 'NONE', *, *, #7641, .T. ) ;
#1229 = LINE ( 'NONE', #1547, #5744 ) ;
#1230 = EDGE_CURVE ( 'NONE', #8473, #3439, #9953, .T. ) ;
#1231 = ORIENTED_EDGE ( 'NONE', *, *, #8126, .F. ) ;
#1232 = SURFACE_STYLE_USAGE ( .BOTH. , #6305 ) ;
#1233 = VECTOR ( 'NONE', #6821, 1000.000000000000000 ) ;
#1234 = ORIENTED_EDGE ( 'NONE', *, *, #7161, .T. ) ;
#1235 = UNCERTAINTY_MEASURE_WITH_UNIT (LENGTH_MEASURE( 1.000000000000000100E-005 ), #333, 'distance_accuracy_value', 'NONE');
#1236 = PLANE ( 'NONE',  #10279 ) ;
#1237 = STYLED_ITEM ( 'NONE', ( #7615 ), #8389 ) ;
#1238 = UNCERTAINTY_MEASURE_WITH_UNIT (LENGTH_MEASURE( 1.000000000000000100E-005 ), #2598, 'distance_accuracy_value', 'NONE');
#1239 = CARTESIAN_POINT ( 'NONE',  ( 2.140000000000000100, 1.700000000000000000, -16.51000000000000200 ) ) ;
#1240 = LINE ( 'NONE', #7490, #9951 ) ;
#1241 = STYLED_ITEM ( 'NONE', ( #4676 ), #1969 ) ;
#1242 = COLOUR_RGB ( '',0.7960784313725489700, 0.8235294117647058400, 0.9372549019607843100 ) ;
#1243 = MECHANICAL_DESIGN_GEOMETRIC_PRESENTATION_REPRESENTATION (  '', ( #10516 ), #1796 ) ;
#1244 = VECTOR ( 'NONE', #10883, 1000.000000000000000 ) ;
#1245 =( NAMED_UNIT ( * ) PLANE_ANGLE_UNIT ( ) SI_UNIT ( $, .RADIAN. ) );
#1246 =( NAMED_UNIT ( * ) PLANE_ANGLE_UNIT ( ) SI_UNIT ( $, .RADIAN. ) );
#1247 = ORIENTED_EDGE ( 'NONE', *, *, #7611, .T. ) ;
#1248 = CARTESIAN_POINT ( 'NONE',  ( 1.050000000000000000, 11.70000000000000100, -2.220000000000000200 ) ) ;
#1249 = LINE ( 'NONE', #8804, #5504 ) ;
#1250 = AXIS2_PLACEMENT_3D ( 'NONE', #3540, #9419, #4392 ) ;
#1251 = CARTESIAN_POINT ( 'NONE',  ( -1.590000000000000300, 11.70000000000000100, -2.760000000000000200 ) ) ;
#1252 = PRESENTATION_STYLE_ASSIGNMENT (( #7621 ) ) ;
#1253 = MECHANICAL_DESIGN_GEOMETRIC_PRESENTATION_REPRESENTATION (  '', ( #10527 ), #1805 ) ;
#1254 =( NAMED_UNIT ( * ) PLANE_ANGLE_UNIT ( ) SI_UNIT ( $, .RADIAN. ) );
#1255 = CARTESIAN_POINT ( 'NONE',  ( -1.590000000000000300, 11.70000000000000100, -20.54000000000000300 ) ) ;
#1256 = SURFACE_STYLE_USAGE ( .BOTH. , #6327 ) ;
#1257 = ADVANCED_FACE ( 'NONE', ( #3231 ), #4495, .T. ) ;
#1258 = DIRECTION ( 'NONE',  ( 1.232047923278982000E-016, 0.0000000000000000000, -1.000000000000000000 ) ) ;
#1259 = SURFACE_STYLE_FILL_AREA ( #2187 ) ;
#1260 = EDGE_CURVE ( 'NONE', #7655, #3951, #156, .T. ) ;
#1261 = SURFACE_STYLE_FILL_AREA ( #9523 ) ;
#1262 = VECTOR ( 'NONE', #7571, 1000.000000000000000 ) ;
#1263 = PRESENTATION_LAYER_ASSIGNMENT (  '', '', ( #100 ) ) ;
#1264 = LINE ( 'NONE', #3403, #9979 ) ;
#1265 = DIRECTION ( 'NONE',  ( 0.7071067811865470200, 0.0000000000000000000, -0.7071067811865481300 ) ) ;
#1266 = EDGE_CURVE ( 'NONE', #7933, #1979, #6953, .T. ) ;
#1267 = CARTESIAN_POINT ( 'NONE',  ( -1.490000000000000000, 11.70000000000000100, -7.940000000000001300 ) ) ;
#1268 = ORIENTED_EDGE ( 'NONE', *, *, #1390, .T. ) ;
#1269 = EDGE_LOOP ( 'NONE', ( #8147, #10932, #1292, #3608 ) ) ;
#1270 =( NAMED_UNIT ( * ) PLANE_ANGLE_UNIT ( ) SI_UNIT ( $, .RADIAN. ) );
#1271 =( LENGTH_UNIT ( ) NAMED_UNIT ( * ) SI_UNIT ( .MILLI., .METRE. ) );
#1272 = COLOUR_RGB ( '',0.7960784313725489700, 0.8235294117647058400, 0.9372549019607843100 ) ;
#1273 = EDGE_CURVE ( 'NONE', #6642, #10454, #2420, .T. ) ;
#1274 = DIRECTION ( 'NONE',  ( 0.0000000000000000000, 1.000000000000000000, 0.0000000000000000000 ) ) ;
#1275 = AXIS2_PLACEMENT_3D ( 'NONE', #10616, #5568, #450 ) ;
#1276 = ORIENTED_EDGE ( 'NONE', *, *, #1739, .F. ) ;
#1277 = CARTESIAN_POINT ( 'NONE',  ( -1.490000000000000200, -2.799999999999999400, -20.00000000000000000 ) ) ;
#1278 =( GEOMETRIC_REPRESENTATION_CONTEXT ( 3 ) GLOBAL_UNCERTAINTY_ASSIGNED_CONTEXT ( ( #3352 ) ) GLOBAL_UNIT_ASSIGNED_CONTEXT ( ( #9667, #4648, #10534 ) ) REPRESENTATION_CONTEXT ( 'NONE', 'WORKASPACE' ) );
#1279 = ORIENTED_EDGE ( 'NONE', *, *, #7569, .T. ) ;
#1280 = PLANE ( 'NONE',  #2442 ) ;
#1281 = MECHANICAL_DESIGN_GEOMETRIC_PRESENTATION_REPRESENTATION (  '', ( #10559 ), #1836 ) ;
#1282 =( NAMED_UNIT ( * ) PLANE_ANGLE_UNIT ( ) SI_UNIT ( $, .RADIAN. ) );
#1283 = ORIENTED_EDGE ( 'NONE', *, *, #6526, .T. ) ;
#1284 = DIRECTION ( 'NONE',  ( -0.0000000000000000000, -1.000000000000000000, -0.0000000000000000000 ) ) ;
#1285 = DIRECTION ( 'NONE',  ( 0.0000000000000000000, 1.000000000000000000, 0.0000000000000000000 ) ) ;
#1286 = FILL_AREA_STYLE_COLOUR ( '', #10177 ) ;
#1287 = SURFACE_STYLE_USAGE ( .BOTH. , #6369 ) ;
#1288 = ORIENTED_EDGE ( 'NONE', *, *, #4831, .T. ) ;
#1289 = FILL_AREA_STYLE_COLOUR ( '', #10670 ) ;
#1290 = AXIS2_PLACEMENT_3D ( 'NONE', #7807, #2737, #8632 ) ;
#1291 = LINE ( 'NONE', #9417, #10005 ) ;
#1292 = ORIENTED_EDGE ( 'NONE', *, *, #5211, .F. ) ;
#1293 = EDGE_LOOP ( 'NONE', ( #6347, #400, #6336, #3325, #1221, #7801, #2219, #5913 ) ) ;
#1294 = STYLED_ITEM ( 'NONE', ( #2746 ), #7964 ) ;
#1295 = SURFACE_SIDE_STYLE ('',( #9695 ) ) ;
#1296 = DIRECTION ( 'NONE',  ( 0.0000000000000000000, 1.000000000000000000, 0.0000000000000000000 ) ) ;
#1297 = ORIENTED_EDGE ( 'NONE', *, *, #4367, .F. ) ;
#1298 =( NAMED_UNIT ( * ) PLANE_ANGLE_UNIT ( ) SI_UNIT ( $, .RADIAN. ) );
#1299 = EDGE_CURVE ( 'NONE', #5446, #7327, #4436, .T. ) ;
#1301 = CARTESIAN_POINT ( 'NONE',  ( 1.590000000000000100, 11.70000000000000100, -7.400000000000000400 ) ) ;
#1300 = VECTOR ( 'NONE', #1594, 1000.000000000000000 ) ;
#1302 = FILL_AREA_STYLE ('',( #4665 ) ) ;
#1303 = ADVANCED_FACE ( 'NONE', ( #4156 ), #4573, .T. ) ;
#1304 = UNCERTAINTY_MEASURE_WITH_UNIT (LENGTH_MEASURE( 1.000000000000000100E-005 ), #5298, 'distance_accuracy_value', 'NONE');
#1305 = ORIENTED_EDGE ( 'NONE', *, *, #9854, .T. ) ;
#1306 = SURFACE_SIDE_STYLE ('',( #4597 ) ) ;
#1307 = SURFACE_STYLE_FILL_AREA ( #4382 ) ;
#1308 = AXIS2_PLACEMENT_3D ( 'NONE', #2047, #7962, #2901 ) ;
#1309 = FILL_AREA_STYLE_COLOUR ( '', #861 ) ;
#1310 = VECTOR ( 'NONE', #9918, 1000.000000000000000 ) ;
#1311 = MECHANICAL_DESIGN_GEOMETRIC_PRESENTATION_REPRESENTATION (  '', ( #10594 ), #1879 ) ;
#1312 = MECHANICAL_DESIGN_GEOMETRIC_PRESENTATION_REPRESENTATION (  '', ( #10595 ), #1881 ) ;
#1313 = ORIENTED_EDGE ( 'NONE', *, *, #624, .T. ) ;
#1314 = FACE_OUTER_BOUND ( 'NONE', #8496, .T. ) ;
#1315 = SURFACE_STYLE_USAGE ( .BOTH. , #6407 ) ;
#1316 = ORIENTED_EDGE ( 'NONE', *, *, #8980, .T. ) ;
#1317 = EDGE_CURVE ( 'NONE', #6906, #6999, #7867, .T. ) ;
#1318 =( NAMED_UNIT ( * ) SI_UNIT ( $, .STERADIAN. ) SOLID_ANGLE_UNIT ( ) );
#1319 = SURFACE_STYLE_USAGE ( .BOTH. , #6411 ) ;
#1320 = PRESENTATION_LAYER_ASSIGNMENT (  '', '', ( #171 ) ) ;
#1321 = VECTOR ( 'NONE', #7300, 1000.000000000000000 ) ;
#1322 = VERTEX_POINT ( 'NONE', #5421 ) ;
#1323 =( GEOMETRIC_REPRESENTATION_CONTEXT ( 3 ) GLOBAL_UNCERTAINTY_ASSIGNED_CONTEXT ( ( #4993 ) ) GLOBAL_UNIT_ASSIGNED_CONTEXT ( ( #8273, #3223, #9118 ) ) REPRESENTATION_CONTEXT ( 'NONE', 'WORKASPACE' ) );
#1324 = FACE_OUTER_BOUND ( 'NONE', #6348, .T. ) ;
#1325 = EDGE_CURVE ( 'NONE', #4525, #5957, #9817, .T. ) ;
#1326 = EDGE_CURVE ( 'NONE', #2931, #6764, #5626, .T. ) ;
#1327 = VERTEX_POINT ( 'NONE', #2914 ) ;
#1328 = ORIENTED_EDGE ( 'NONE', *, *, #1266, .T. ) ;
#1329 = DIRECTION ( 'NONE',  ( -0.7071067811865489100, -0.0000000000000000000, 0.7071067811865462400 ) ) ;
#1330 = DIRECTION ( 'NONE',  ( 0.6782059721786389800, 0.0000000000000000000, 0.7348718659067220400 ) ) ;
#1331 = PRESENTATION_STYLE_ASSIGNMENT (( #1808 ) ) ;
#1332 =( NAMED_UNIT ( * ) PLANE_ANGLE_UNIT ( ) SI_UNIT ( $, .RADIAN. ) );
#1333 = ORIENTED_EDGE ( 'NONE', *, *, #9877, .T. ) ;
#1334 = ORIENTED_EDGE ( 'NONE', *, *, #1574, .T. ) ;
#1335 = AXIS2_PLACEMENT_3D ( 'NONE', #7144, #2059, #7981 ) ;
#1336 = ORIENTED_EDGE ( 'NONE', *, *, #1022, .F. ) ;
#1337 =( NAMED_UNIT ( * ) SI_UNIT ( $, .STERADIAN. ) SOLID_ANGLE_UNIT ( ) );
#1338 = DIRECTION ( 'NONE',  ( 0.0000000000000000000, 0.0000000000000000000, -1.000000000000000000 ) ) ;
#1339 = VERTEX_POINT ( 'NONE', #1218 ) ;
#1340 = DIRECTION ( 'NONE',  ( 0.0000000000000000000, 1.000000000000000000, 0.0000000000000000000 ) ) ;
#1341 = FACE_OUTER_BOUND ( 'NONE', #5345, .T. ) ;
#1342 = ORIENTED_EDGE ( 'NONE', *, *, #6488, .F. ) ;
#1343 = COLOUR_RGB ( '',0.7960784313725489700, 0.8235294117647058400, 0.9372549019607843100 ) ;
#1344 = DIRECTION ( 'NONE',  ( -0.7071067811865464600, 0.0000000000000000000, 0.7071067811865486800 ) ) ;
#1345 = VECTOR ( 'NONE', #5057, 1000.000000000000000 ) ;
#1346 = DIRECTION ( 'NONE',  ( -0.7071067811865475700, 0.0000000000000000000, 0.7071067811865475700 ) ) ;
#1348 = ORIENTED_EDGE ( 'NONE', *, *, #8748, .F. ) ;
#1347 = PLANE ( 'NONE',  #10173 ) ;
#1349 = VERTEX_POINT ( 'NONE', #3789 ) ;
#1350 = PRESENTATION_STYLE_ASSIGNMENT (( #7806 ) ) ;
#1351 = DIRECTION ( 'NONE',  ( -0.0000000000000000000, -1.000000000000000000, -0.0000000000000000000 ) ) ;
#1352 = LINE ( 'NONE', #3529, #10076 ) ;
#1353 = PLANE ( 'NONE',  #8655 ) ;
#1354 = STYLED_ITEM ( 'NONE', ( #8588 ), #6311 ) ;
#1355 = DIRECTION ( 'NONE',  ( -0.7071067811865477900, -0.0000000000000000000, -0.7071067811865473500 ) ) ;
#1356 = VECTOR ( 'NONE', #3112, 1000.000000000000000 ) ;
#1357 = EDGE_LOOP ( 'NONE', ( #2763, #5604, #4632, #6231 ) ) ;
#1358 = PRESENTATION_LAYER_ASSIGNMENT (  '', '', ( #206 ) ) ;
#1359 = ADVANCED_FACE ( 'NONE', ( #5371 ), #7980, .F. ) ;
#1360 = CARTESIAN_POINT ( 'NONE',  ( 1.490000000000000000, -2.799999999999999400, -2.860000000000000300 ) ) ;
#1361 = PLANE ( 'NONE',  #4703 ) ;
#1362 = EDGE_LOOP ( 'NONE', ( #10053, #2500, #2816, #454, #3741, #3633, #214, #1635 ) ) ;
#1363 = PRESENTATION_LAYER_ASSIGNMENT (  '', '', ( #207 ) ) ;
#1364 = PRESENTATION_STYLE_ASSIGNMENT (( #7673 ) ) ;
#1365 = ORIENTED_EDGE ( 'NONE', *, *, #3732, .F. ) ;
#1366 = EDGE_CURVE ( 'NONE', #5365, #5286, #3890, .T. ) ;
#1367 = UNCERTAINTY_MEASURE_WITH_UNIT (LENGTH_MEASURE( 1.000000000000000100E-005 ), #7220, 'distance_accuracy_value', 'NONE');
#1368 = SURFACE_STYLE_FILL_AREA ( #12 ) ;
#1369 = FILL_AREA_STYLE_COLOUR ( '', #5636 ) ;
#1370 = DIRECTION ( 'NONE',  ( -0.0000000000000000000, -1.000000000000000000, -0.0000000000000000000 ) ) ;
#1371 = UNCERTAINTY_MEASURE_WITH_UNIT (LENGTH_MEASURE( 1.000000000000000100E-005 ), #10895, 'distance_accuracy_value', 'NONE');
#1372 = VECTOR ( 'NONE', #9033, 1000.000000000000000 ) ;
#1373 = VECTOR ( 'NONE', #9032, 1000.000000000000000 ) ;
#1374 = LINE ( 'NONE', #2174, #7879 ) ;
#1375 = ORIENTED_EDGE ( 'NONE', *, *, #9598, .T. ) ;
#1376 = CARTESIAN_POINT ( 'NONE',  ( -2.540000000000000000, 0.0000000000000000000, -13.60342105263158000 ) ) ;
#1377 = PRESENTATION_STYLE_ASSIGNMENT (( #4889 ) ) ;
#1378 = CARTESIAN_POINT ( 'NONE',  ( -1.050000000000000000, -2.799999999999999400, -7.299999999999999800 ) ) ;
#1379 = MECHANICAL_DESIGN_GEOMETRIC_PRESENTATION_REPRESENTATION (  '', ( #10661 ), #1948 ) ;
#1380 =( NAMED_UNIT ( * ) SI_UNIT ( $, .STERADIAN. ) SOLID_ANGLE_UNIT ( ) );
#1381 =( LENGTH_UNIT ( ) NAMED_UNIT ( * ) SI_UNIT ( .MILLI., .METRE. ) );
#1382 = CARTESIAN_POINT ( 'NONE',  ( 1.490000000000000000, -2.799999999999999400, -10.48000000000000200 ) ) ;
#1383 = VECTOR ( 'NONE', #7085, 1000.000000000000000 ) ;
#1384 =( NAMED_UNIT ( * ) SI_UNIT ( $, .STERADIAN. ) SOLID_ANGLE_UNIT ( ) );
#1385 = DIRECTION ( 'NONE',  ( -0.7071067811865475700, 0.0000000000000000000, 0.7071067811865475700 ) ) ;
#1386 =( GEOMETRIC_REPRESENTATION_CONTEXT ( 3 ) GLOBAL_UNCERTAINTY_ASSIGNED_CONTEXT ( ( #9756 ) ) GLOBAL_UNIT_ASSIGNED_CONTEXT ( ( #505, #6474, #1384 ) ) REPRESENTATION_CONTEXT ( 'NONE', 'WORKASPACE' ) );
#1387 = SURFACE_SIDE_STYLE ('',( #3747 ) ) ;
#1388 = FACE_OUTER_BOUND ( 'NONE', #6621, .T. ) ;
#1389 = STYLED_ITEM ( 'NONE', ( #1100 ), #4715 ) ;
#1390 = EDGE_CURVE ( 'NONE', #7340, #5360, #8103, .T. ) ;
#1391 = ORIENTED_EDGE ( 'NONE', *, *, #8867, .T. ) ;
#1392 =( NAMED_UNIT ( * ) SI_UNIT ( $, .STERADIAN. ) SOLID_ANGLE_UNIT ( ) );
#1393 = FACE_OUTER_BOUND ( 'NONE', #170, .T. ) ;
#1394 = CARTESIAN_POINT ( 'NONE',  ( -2.140000000000000600, 0.0000000000000000000, -21.59000000000000000 ) ) ;
#1395 = EDGE_CURVE ( 'NONE', #7017, #6642, #1619, .T. ) ;
#1396 =( NAMED_UNIT ( * ) PLANE_ANGLE_UNIT ( ) SI_UNIT ( $, .RADIAN. ) );
#1397 = COLOUR_RGB ( '',0.7960784313725489700, 0.8235294117647058400, 0.9372549019607843100 ) ;
#1398 = FILL_AREA_STYLE ('',( #6486 ) ) ;
#1399 =( LENGTH_UNIT ( ) NAMED_UNIT ( * ) SI_UNIT ( .MILLI., .METRE. ) );
#1400 = ORIENTED_EDGE ( 'NONE', *, *, #8685, .T. ) ;
#1401 = VERTEX_POINT ( 'NONE', #3145 ) ;
#1402 = ORIENTED_EDGE ( 'NONE', *, *, #465, .T. ) ;
#1403 = COLOUR_RGB ( '',0.7960784313725489700, 0.8235294117647058400, 0.9372549019607843100 ) ;
#1404 = CARTESIAN_POINT ( 'NONE',  ( -1.490000000000000000, -2.799999999999999400, -2.860000000000000300 ) ) ;
#1405 = CARTESIAN_POINT ( 'NONE',  ( 1.050000000000000000, -2.799999999999999400, -18.10000000000000100 ) ) ;
#1406 = SURFACE_SIDE_STYLE ('',( #6506 ) ) ;
#1407 = EDGE_CURVE ( 'NONE', #1539, #4584, #7862, .T. ) ;
#1408 = PRESENTATION_STYLE_ASSIGNMENT (( #2898 ) ) ;
#1409 = SURFACE_STYLE_FILL_AREA ( #7278 ) ;
#1410 = DIRECTION ( 'NONE',  ( 0.7071067811865474600, 0.0000000000000000000, 0.7071067811865474600 ) ) ;
#1411 = VERTEX_POINT ( 'NONE', #9043 ) ;
#1412 = FILL_AREA_STYLE_COLOUR ( '', #1966 ) ;
#1413 = CARTESIAN_POINT ( 'NONE',  ( 1.590000000000000100, -2.799999999999999400, -18.00000000000000400 ) ) ;
#1414 = ADVANCED_FACE ( 'NONE', ( #3639 ), #606, .F. ) ;
#1415 = ORIENTED_EDGE ( 'NONE', *, *, #10544, .F. ) ;
#1416 = ORIENTED_EDGE ( 'NONE', *, *, #3822, .T. ) ;
#1417 = EDGE_CURVE ( 'NONE', #4414, #1719, #10077, .T. ) ;
#1418 = COLOUR_RGB ( '',0.7960784313725489700, 0.8235294117647058400, 0.9372549019607843100 ) ;
#1419 = FILL_AREA_STYLE_COLOUR ( '', #5642 ) ;
#1420 = CARTESIAN_POINT ( 'NONE',  ( 1.050000000000000000, -2.799999999999999400, -13.02000000000000100 ) ) ;
#1421 = DIRECTION ( 'NONE',  ( 0.0000000000000000000, 1.000000000000000000, 0.0000000000000000000 ) ) ;
#1422 = SURFACE_STYLE_FILL_AREA ( #8670 ) ;
#1423 = AXIS2_PLACEMENT_3D ( 'NONE', #6083, #1002, #6942 ) ;
#1424 = EDGE_LOOP ( 'NONE', ( #10081, #10159, #8915, #10816 ) ) ;
#1425 = ORIENTED_EDGE ( 'NONE', *, *, #2709, .F. ) ;
#1426 =( NAMED_UNIT ( * ) SI_UNIT ( $, .STERADIAN. ) SOLID_ANGLE_UNIT ( ) );
#1427 =( NAMED_UNIT ( * ) PLANE_ANGLE_UNIT ( ) SI_UNIT ( $, .RADIAN. ) );
#1428 = PRESENTATION_LAYER_ASSIGNMENT (  '', '', ( #276 ) ) ;
#1429 = ADVANCED_FACE ( 'NONE', ( #4828 ), #1506, .T. ) ;
#1430 = PLANE ( 'NONE',  #3147 ) ;
#1431 = VECTOR ( 'NONE', #7217, 1000.000000000000000 ) ;
#1432 =( LENGTH_UNIT ( ) NAMED_UNIT ( * ) SI_UNIT ( .MILLI., .METRE. ) );
#1433 = UNCERTAINTY_MEASURE_WITH_UNIT (LENGTH_MEASURE( 1.000000000000000100E-005 ), #4741, 'distance_accuracy_value', 'NONE');
#1434 = DIRECTION ( 'NONE',  ( 1.000000000000000000, 0.0000000000000000000, 1.232047923278982200E-016 ) ) ;
#1435 = EDGE_CURVE ( 'NONE', #5038, #4649, #8233, .T. ) ;
#1436 = VERTEX_POINT ( 'NONE', #1543 ) ;
#1437 = VECTOR ( 'NONE', #7788, 1000.000000000000000 ) ;
#1438 = UNCERTAINTY_MEASURE_WITH_UNIT (LENGTH_MEASURE( 1.000000000000000100E-005 ), #5906, 'distance_accuracy_value', 'NONE');
#1439 =( GEOMETRIC_REPRESENTATION_CONTEXT ( 3 ) GLOBAL_UNCERTAINTY_ASSIGNED_CONTEXT ( ( #4368 ) ) GLOBAL_UNIT_ASSIGNED_CONTEXT ( ( #3137, #9034, #3987 ) ) REPRESENTATION_CONTEXT ( 'NONE', 'WORKASPACE' ) );
#1440 = EDGE_LOOP ( 'NONE', ( #6378, #8742, #9502, #3076 ) ) ;
#1441 = MECHANICAL_DESIGN_GEOMETRIC_PRESENTATION_REPRESENTATION (  '', ( #10726 ), #2010 ) ;
#1442 = UNCERTAINTY_MEASURE_WITH_UNIT (LENGTH_MEASURE( 1.000000000000000100E-005 ), #7593, 'distance_accuracy_value', 'NONE');
#1443 = ORIENTED_EDGE ( 'NONE', *, *, #8685, .F. ) ;
#1444 = COLOUR_RGB ( '',0.7960784313725489700, 0.8235294117647058400, 0.9372549019607843100 ) ;
#1445 = FILL_AREA_STYLE_COLOUR ( '', #139 ) ;
#1446 = CARTESIAN_POINT ( 'NONE',  ( -2.539999999999999600, 1.700000000000000000, -11.86342105263158000 ) ) ;
#1447 =( NAMED_UNIT ( * ) SI_UNIT ( $, .STERADIAN. ) SOLID_ANGLE_UNIT ( ) );
#1448 = ORIENTED_EDGE ( 'NONE', *, *, #3548, .T. ) ;
#1449 = VERTEX_POINT ( 'NONE', #9077 ) ;
#1450 = CARTESIAN_POINT ( 'NONE',  ( -2.539999999999999600, 1.700000000000000000, -14.40342105263157900 ) ) ;
#1451 = FILL_AREA_STYLE ('',( #8979 ) ) ;
#1452 =( GEOMETRIC_REPRESENTATION_CONTEXT ( 3 ) GLOBAL_UNCERTAINTY_ASSIGNED_CONTEXT ( ( #6558 ) ) GLOBAL_UNIT_ASSIGNED_CONTEXT ( ( #9570, #4552, #10427 ) ) REPRESENTATION_CONTEXT ( 'NONE', 'WORKASPACE' ) );
#1453 = CARTESIAN_POINT ( 'NONE',  ( -1.490000000000000000, 11.70000000000000100, -15.56000000000000000 ) ) ;
#1454 = ORIENTED_EDGE ( 'NONE', *, *, #11, .T. ) ;
#1455 = EDGE_LOOP ( 'NONE', ( #2786, #1988, #5607, #3982 ) ) ;
#1456 = CARTESIAN_POINT ( 'NONE',  ( 1.590000000000000100, 11.70000000000000100, -17.55999999999999900 ) ) ;
#1457 = FILL_AREA_STYLE_COLOUR ( '', #5077 ) ;
#1458 = STYLED_ITEM ( 'NONE', ( #10915 ), #4366 ) ;
#1459 = PRESENTATION_LAYER_ASSIGNMENT (  '', '', ( #882 ) ) ;
#1460 = ORIENTED_EDGE ( 'NONE', *, *, #8901, .F. ) ;
#1461 =( NAMED_UNIT ( * ) SI_UNIT ( $, .STERADIAN. ) SOLID_ANGLE_UNIT ( ) );
#1462 = VECTOR ( 'NONE', #7022, 1000.000000000000000 ) ;
#1463 = VERTEX_POINT ( 'NONE', #3256 ) ;
#1464 = ORIENTED_EDGE ( 'NONE', *, *, #3898, .F. ) ;
#1465 = EDGE_CURVE ( 'NONE', #4660, #4809, #4011, .T. ) ;
#1466 =( NAMED_UNIT ( * ) PLANE_ANGLE_UNIT ( ) SI_UNIT ( $, .RADIAN. ) );
#1467 = ADVANCED_FACE ( 'NONE', ( #6004 ), #5811, .T. ) ;
#1468 =( NAMED_UNIT ( * ) PLANE_ANGLE_UNIT ( ) SI_UNIT ( $, .RADIAN. ) );
#1469 = STYLED_ITEM ( 'NONE', ( #10896 ), #3541 ) ;
#1470 = ORIENTED_EDGE ( 'NONE', *, *, #2447, .F. ) ;
#1471 = SURFACE_STYLE_USAGE ( .BOTH. , #6567 ) ;
#1472 = DIRECTION ( 'NONE',  ( 1.000000000000000000, 0.0000000000000000000, -2.492418787322998300E-016 ) ) ;
#1473 = AXIS2_PLACEMENT_3D ( 'NONE', #1722, #7660, #2591 ) ;
#1474 = VECTOR ( 'NONE', #3059, 1000.000000000000000 ) ;
#1475 = VERTEX_POINT ( 'NONE', #7467 ) ;
#1476 = EDGE_CURVE ( 'NONE', #8294, #1862, #2948, .T. ) ;
#1477 = SURFACE_STYLE_FILL_AREA ( #10943 ) ;
#1478 = EDGE_LOOP ( 'NONE', ( #5054, #5638, #10397, #8301 ) ) ;
#1479 = ORIENTED_EDGE ( 'NONE', *, *, #9276, .F. ) ;
#1480 = DIRECTION ( 'NONE',  ( 0.0000000000000000000, -0.0000000000000000000, -1.000000000000000000 ) ) ;
#1481 =( LENGTH_UNIT ( ) NAMED_UNIT ( * ) SI_UNIT ( .MILLI., .METRE. ) );
#1482 = EDGE_CURVE ( 'NONE', #8762, #10876, #677, .T. ) ;
#1483 = STYLED_ITEM ( 'NONE', ( #4076 ), #507 ) ;
#1484 = VECTOR ( 'NONE', #6152, 999.9999999999998900 ) ;
#1485 = FILL_AREA_STYLE ('',( #4881 ) ) ;
#1486 = VECTOR ( 'NONE', #4981, 1000.000000000000000 ) ;
#1487 = FACE_OUTER_BOUND ( 'NONE', #7179, .T. ) ;
#1488 = DIRECTION ( 'NONE',  ( 0.7071067811865486800, 0.0000000000000000000, 0.7071067811865464600 ) ) ;
#1489 = CARTESIAN_POINT ( 'NONE',  ( -1.590000000000000300, -2.799999999999999400, -20.54000000000000300 ) ) ;
#1490 = VERTEX_POINT ( 'NONE', #2466 ) ;
#1491 = CARTESIAN_POINT ( 'NONE',  ( -0.9499999999999999600, -2.799999999999999400, -2.760000000000000200 ) ) ;
#1492 = FACE_OUTER_BOUND ( 'NONE', #927, .T. ) ;
#1493 = CARTESIAN_POINT ( 'NONE',  ( -1.490000000000000000, -2.799999999999999400, -7.940000000000001300 ) ) ;
#1494 =( NAMED_UNIT ( * ) PLANE_ANGLE_UNIT ( ) SI_UNIT ( $, .RADIAN. ) );
#1495 = FACE_OUTER_BOUND ( 'NONE', #1822, .T. ) ;
#1496 = DIRECTION ( 'NONE',  ( -0.7372346670543746800, -0.0000000000000000000, 0.6756367705307528800 ) ) ;
#1497 = SURFACE_SIDE_STYLE ('',( #9283 ) ) ;
#1498 = SURFACE_STYLE_USAGE ( .BOTH. , #6593 ) ;
#1499 = LINE ( 'NONE', #670, #5755 ) ;
#1500 = CARTESIAN_POINT ( 'NONE',  ( 0.0000000000000000000, 11.70000000000000100, -5.080000000000000100 ) ) ;
#1501 =( GEOMETRIC_REPRESENTATION_CONTEXT ( 3 ) GLOBAL_UNCERTAINTY_ASSIGNED_CONTEXT ( ( #2046 ) ) GLOBAL_UNIT_ASSIGNED_CONTEXT ( ( #7617, #2545, #8444 ) ) REPRESENTATION_CONTEXT ( 'NONE', 'WORKASPACE' ) );
#1502 = VERTEX_POINT ( 'NONE', #3332 ) ;
#1503 = CARTESIAN_POINT ( 'NONE',  ( -2.539999999999999600, 0.0000000000000000000, -6.783421052631577900 ) ) ;
#1504 = CARTESIAN_POINT ( 'NONE',  ( -2.140000000000000600, 1.700000000000000000, -3.810000000000000100 ) ) ;
#1505 = SURFACE_STYLE_FILL_AREA ( #7521 ) ;
#1506 = PLANE ( 'NONE',  #6216 ) ;
#1507 = FILL_AREA_STYLE ('',( #4906 ) ) ;
#1508 = MANIFOLD_SOLID_BREP ( 'LPattern3[11]', #3300 ) ;
#1509 = COLOUR_RGB ( '',0.7960784313725489700, 0.8235294117647058400, 0.9372549019607843100 ) ;
#1510 = FACE_OUTER_BOUND ( 'NONE', #7435, .T. ) ;
#1511 = EDGE_CURVE ( 'NONE', #8992, #5195, #404, .T. ) ;
#1512 =( GEOMETRIC_REPRESENTATION_CONTEXT ( 3 ) GLOBAL_UNCERTAINTY_ASSIGNED_CONTEXT ( ( #4237 ) ) GLOBAL_UNIT_ASSIGNED_CONTEXT ( ( #8840, #3804, #9683 ) ) REPRESENTATION_CONTEXT ( 'NONE', 'WORKASPACE' ) );
#1513 = FILL_AREA_STYLE ('',( #2285 ) ) ;
#1514 = CARTESIAN_POINT ( 'NONE',  ( -1.590000000000000300, -2.799999999999999400, -18.00000000000000400 ) ) ;
#1515 = CARTESIAN_POINT ( 'NONE',  ( 1.490000000000000000, 11.70000000000000100, -20.64000000000000100 ) ) ;
#1516 = STYLED_ITEM ( 'NONE', ( #7505 ), #3921 ) ;
#1517 = DIRECTION ( 'NONE',  ( 0.0000000000000000000, -1.000000000000000000, 0.0000000000000000000 ) ) ;
#1518 = PLANE ( 'NONE',  #7345 ) ;
#1519 = PRESENTATION_LAYER_ASSIGNMENT (  '', '', ( #361 ) ) ;
#1520 = ADVANCED_FACE ( 'NONE', ( #8358 ), #6709, .T. ) ;
#1521 = SURFACE_STYLE_FILL_AREA ( #6688 ) ;
#1522 = STYLED_ITEM ( 'NONE', ( #6161 ), #1159 ) ;
#1523 = DIRECTION ( 'NONE',  ( 0.0000000000000000000, 1.000000000000000000, 0.0000000000000000000 ) ) ;
#1524 = PRESENTATION_LAYER_ASSIGNMENT (  '', '', ( #368 ) ) ;
#1525 = CARTESIAN_POINT ( 'NONE',  ( 0.0000000000000000000, 11.70000000000000100, -17.78000000000000100 ) ) ;
#1526 = SURFACE_SIDE_STYLE ('',( #6245 ) ) ;
#1527 =( LENGTH_UNIT ( ) NAMED_UNIT ( * ) SI_UNIT ( .MILLI., .METRE. ) );
#1528 = ORIENTED_EDGE ( 'NONE', *, *, #8542, .T. ) ;
#1529 = EDGE_CURVE ( 'NONE', #4474, #6906, #9802, .T. ) ;
#1530 = SURFACE_SIDE_STYLE ('',( #9284 ) ) ;
#1531 = DIRECTION ( 'NONE',  ( 0.0000000000000000000, 1.000000000000000000, 0.0000000000000000000 ) ) ;
#1532 = FACE_OUTER_BOUND ( 'NONE', #7656, .T. ) ;
#1533 = AXIS2_PLACEMENT_3D ( 'NONE', #4325, #10208, #5184 ) ;
#1534 = CARTESIAN_POINT ( 'NONE',  ( 2.140000000000001500, 1.700000000000000000, 1.270000000000000000 ) ) ;
#1535 = MECHANICAL_DESIGN_GEOMETRIC_PRESENTATION_REPRESENTATION (  '', ( #10824 ), #2098 ) ;
#1536 = COLOUR_RGB ( '',0.7960784313725489700, 0.8235294117647058400, 0.9372549019607843100 ) ;
#1537 = EDGE_CURVE ( 'NONE', #6330, #116, #1099, .T. ) ;
#1538 =( NAMED_UNIT ( * ) PLANE_ANGLE_UNIT ( ) SI_UNIT ( $, .RADIAN. ) );
#1539 = VERTEX_POINT ( 'NONE', #5122 ) ;
#1540 = EDGE_CURVE ( 'NONE', #10662, #7081, #9536, .T. ) ;
#1541 = EDGE_LOOP ( 'NONE', ( #9368, #1454, #10806, #2823, #4673, #3940, #8585, #8210 ) ) ;
#1542 = DIRECTION ( 'NONE',  ( 0.7071067811865481300, 0.0000000000000000000, -0.7071067811865470200 ) ) ;
#1543 = CARTESIAN_POINT ( 'NONE',  ( -1.490000000000000200, 11.70000000000000100, -14.92000000000000200 ) ) ;
#1544 = CARTESIAN_POINT ( 'NONE',  ( -0.9499999999999999600, -2.799999999999999400, -2.760000000000000200 ) ) ;
#1545 = STYLED_ITEM ( 'NONE', ( #7661 ), #167 ) ;
#1546 = VERTEX_POINT ( 'NONE', #865 ) ;
#1547 = CARTESIAN_POINT ( 'NONE',  ( 1.490000000000000000, -2.799999999999999400, -4.760000000000000700 ) ) ;
#1548 = FACE_OUTER_BOUND ( 'NONE', #4642, .T. ) ;
#1549 = EDGE_LOOP ( 'NONE', ( #6720, #1184, #3131, #8168 ) ) ;
#1550 =( NAMED_UNIT ( * ) SI_UNIT ( $, .STERADIAN. ) SOLID_ANGLE_UNIT ( ) );
#1552 = PLANE ( 'NONE',  #4210 ) ;
#1551 = LINE ( 'NONE', #4391, #8034 ) ;
#1553 = DIRECTION ( 'NONE',  ( 0.0000000000000000000, 0.0000000000000000000, 1.000000000000000000 ) ) ;
#1554 = EDGE_LOOP ( 'NONE', ( #4572, #3715, #8432, #2509 ) ) ;
#1555 = ORIENTED_EDGE ( 'NONE', *, *, #10245, .T. ) ;
#1556 = PRESENTATION_STYLE_ASSIGNMENT (( #429 ) ) ;
#1557 = EDGE_CURVE ( 'NONE', #9228, #10298, #7568, .T. ) ;
#1558 = DIRECTION ( 'NONE',  ( 0.7071067811865473500, -0.0000000000000000000, 0.7071067811865477900 ) ) ;
#1559 = ORIENTED_EDGE ( 'NONE', *, *, #5469, .F. ) ;
#1560 = DIRECTION ( 'NONE',  ( 0.7071067811865470200, 0.0000000000000000000, -0.7071067811865481300 ) ) ;
#1561 = ORIENTED_EDGE ( 'NONE', *, *, #1574, .F. ) ;
#1562 = SURFACE_SIDE_STYLE ('',( #3193 ) ) ;
#1563 = DIRECTION ( 'NONE',  ( 0.0000000000000000000, 1.000000000000000000, 0.0000000000000000000 ) ) ;
#1564 =( GEOMETRIC_REPRESENTATION_CONTEXT ( 3 ) GLOBAL_UNCERTAINTY_ASSIGNED_CONTEXT ( ( #10722 ) ) GLOBAL_UNIT_ASSIGNED_CONTEXT ( ( #3108, #8996, #3956 ) ) REPRESENTATION_CONTEXT ( 'NONE', 'WORKASPACE' ) );
#1565 = UNCERTAINTY_MEASURE_WITH_UNIT (LENGTH_MEASURE( 1.000000000000000100E-005 ), #3774, 'distance_accuracy_value', 'NONE');
#1566 = AXIS2_PLACEMENT_3D ( 'NONE', #5830, #736, #6693 ) ;
#1567 = ORIENTED_EDGE ( 'NONE', *, *, #3467, .T. ) ;
#1568 = SURFACE_STYLE_FILL_AREA ( #14 ) ;
#1569 = SURFACE_SIDE_STYLE ('',( #5342 ) ) ;
#1570 = UNCERTAINTY_MEASURE_WITH_UNIT (LENGTH_MEASURE( 1.000000000000000100E-005 ), #1825, 'distance_accuracy_value', 'NONE');
#1571 = SURFACE_SIDE_STYLE ('',( #6451 ) ) ;
#1572 = VECTOR ( 'NONE', #3996, 1000.000000000000000 ) ;
#1573 = ADVANCED_FACE ( 'NONE', ( #524 ), #2574, .F. ) ;
#1574 = EDGE_CURVE ( 'NONE', #7543, #7655, #10745, .T. ) ;
#1575 = SURFACE_STYLE_USAGE ( .BOTH. , #6672 ) ;
#1576 = VERTEX_POINT ( 'NONE', #3486 ) ;
#1577 = ORIENTED_EDGE ( 'NONE', *, *, #5432, .T. ) ;
#1578 = LINE ( 'NONE', #4020, #5829 ) ;
#1579 = AXIS2_PLACEMENT_3D ( 'NONE', #3738, #9601, #4593 ) ;
#1580 = CARTESIAN_POINT ( 'NONE',  ( -2.539999999999999600, 1.700000000000000000, -4.243421052631578800 ) ) ;
#1581 = EDGE_LOOP ( 'NONE', ( #9119, #8969, #7068, #4198 ) ) ;
#1582 = ORIENTED_EDGE ( 'NONE', *, *, #5622, .T. ) ;
#1583 = PRESENTATION_LAYER_ASSIGNMENT (  '', '', ( #432 ) ) ;
#1584 = FILL_AREA_STYLE ('',( #5817 ) ) ;
#1585 = VECTOR ( 'NONE', #6705, 1000.000000000000000 ) ;
#1586 = SURFACE_STYLE_FILL_AREA ( #3081 ) ;
#1587 = VECTOR ( 'NONE', #5339, 1000.000000000000000 ) ;
#1588 = CARTESIAN_POINT ( 'NONE',  ( -2.140000000000000600, 0.0000000000000000000, -8.890000000000000600 ) ) ;
#1589 = DIRECTION ( 'NONE',  ( -0.6782059721786390900, 0.0000000000000000000, -0.7348718659067219300 ) ) ;
#1590 = ORIENTED_EDGE ( 'NONE', *, *, #256, .F. ) ;
#1591 = ORIENTED_EDGE ( 'NONE', *, *, #2305, .F. ) ;
#1592 = PRESENTATION_LAYER_ASSIGNMENT (  '', '', ( #434 ) ) ;
#1593 =( LENGTH_UNIT ( ) NAMED_UNIT ( * ) SI_UNIT ( .MILLI., .METRE. ) );
#1594 = DIRECTION ( 'NONE',  ( 0.0000000000000000000, 1.000000000000000000, 0.0000000000000000000 ) ) ;
#1595 = SURFACE_SIDE_STYLE ('',( #1521 ) ) ;
#1596 = ORIENTED_EDGE ( 'NONE', *, *, #9604, .T. ) ;
#1597 = EDGE_LOOP ( 'NONE', ( #9853, #1040, #9782, #6374, #10705, #9011, #1402, #7693 ) ) ;
#1598 = SURFACE_STYLE_FILL_AREA ( #975 ) ;
#1599 = ORIENTED_EDGE ( 'NONE', *, *, #5529, .F. ) ;
#1600 = CARTESIAN_POINT ( 'NONE',  ( 2.540000000000000900, 1.700000000000000000, -9.290000000000000900 ) ) ;
#1601 = MECHANICAL_DESIGN_GEOMETRIC_PRESENTATION_REPRESENTATION (  '', ( #10885 ), #2161 ) ;
#1602 = VECTOR ( 'NONE', #916, 1000.000000000000000 ) ;
#1603 = FILL_AREA_STYLE ('',( #6698 ) ) ;
#1604 = ORIENTED_EDGE ( 'NONE', *, *, #9276, .T. ) ;
#1605 = EDGE_LOOP ( 'NONE', ( #9629, #7561, #5833, #10872 ) ) ;
#1606 = DIRECTION ( 'NONE',  ( -0.0000000000000000000, -0.0000000000000000000, -1.000000000000000000 ) ) ;
#1607 = ORIENTED_EDGE ( 'NONE', *, *, #1673, .F. ) ;
#1608 = LINE ( 'NONE', #5753, #8091 ) ;
#1609 = VECTOR ( 'NONE', #807, 1000.000000000000000 ) ;
#1610 = FILL_AREA_STYLE_COLOUR ( '', #10317 ) ;
#1611 = CARTESIAN_POINT ( 'NONE',  ( 2.140000000000000100, 1.700000000000000000, -8.890000000000000600 ) ) ;
#1612 = ORIENTED_EDGE ( 'NONE', *, *, #4900, .T. ) ;
#1613 = DIRECTION ( 'NONE',  ( 0.7071067811865470200, 0.0000000000000000000, -0.7071067811865481300 ) ) ;
#1614 = ORIENTED_EDGE ( 'NONE', *, *, #4979, .T. ) ;
#1615 = LINE ( 'NONE', #7773, #8097 ) ;
#1616 = EDGE_CURVE ( 'NONE', #10876, #4964, #2006, .T. ) ;
#1617 = VECTOR ( 'NONE', #2655, 1000.000000000000000 ) ;
#1618 = FILL_AREA_STYLE_COLOUR ( '', #10087 ) ;
#1619 = LINE ( 'NONE', #557, #1356 ) ;
#1620 =( LENGTH_UNIT ( ) NAMED_UNIT ( * ) SI_UNIT ( .MILLI., .METRE. ) );
#1621 = VERTEX_POINT ( 'NONE', #5196 ) ;
#1622 = EDGE_CURVE ( 'NONE', #5253, #3874, #8476, .T. ) ;
#1623 =( NAMED_UNIT ( * ) SI_UNIT ( $, .STERADIAN. ) SOLID_ANGLE_UNIT ( ) );
#1624 = DIRECTION ( 'NONE',  ( 0.0000000000000000000, 0.0000000000000000000, -1.000000000000000000 ) ) ;
#1625 = ORIENTED_EDGE ( 'NONE', *, *, #212, .F. ) ;
#1626 =( NAMED_UNIT ( * ) SI_UNIT ( $, .STERADIAN. ) SOLID_ANGLE_UNIT ( ) );
#1627 = ADVANCED_FACE ( 'NONE', ( #6254 ), #8556, .T. ) ;
#1628 = STYLED_ITEM ( 'NONE', ( #9285 ), #5760 ) ;
#1629 = ORIENTED_EDGE ( 'NONE', *, *, #2456, .F. ) ;
#1630 = AXIS2_PLACEMENT_3D ( 'NONE', #6897, #1799, #7742 ) ;
#1631 = CARTESIAN_POINT ( 'NONE',  ( 0.9499999999999999600, -2.799999999999999400, -18.00000000000000400 ) ) ;
#1632 = FILL_AREA_STYLE ('',( #3316 ) ) ;
#1633 = LINE ( 'NONE', #3983, #1373 ) ;
#1634 = DIRECTION ( 'NONE',  ( -0.6782059721786390900, 0.0000000000000000000, -0.7348718659067219300 ) ) ;
#1635 = ORIENTED_EDGE ( 'NONE', *, *, #9604, .F. ) ;
#1636 = COLOUR_RGB ( '',0.0000000000000000000, 0.003921568627450980300, 0.09019607843137254800 ) ;
#1637 = SURFACE_STYLE_USAGE ( .BOTH. , #6736 ) ;
#1638 = MECHANICAL_DESIGN_GEOMETRIC_PRESENTATION_REPRESENTATION (  '', ( #10929 ), #2205 ) ;
#1639 = COLOUR_RGB ( '',0.7921568627450980000, 0.8196078431372548800, 0.9333333333333333500 ) ;
#1640 = LINE ( 'NONE', #277, #5900 ) ;
#1641 = FACE_OUTER_BOUND ( 'NONE', #6872, .T. ) ;
#1642 = CARTESIAN_POINT ( 'NONE',  ( 0.9499999999999999600, -2.799999999999999400, -7.400000000000000400 ) ) ;
#1643 = PRESENTATION_LAYER_ASSIGNMENT (  '', '', ( #482 ) ) ;
#1644 = LINE ( 'NONE', #7207, #6835 ) ;
#1645 = CARTESIAN_POINT ( 'NONE',  ( 0.9499999999999999600, -2.799999999999999400, -12.48000000000000200 ) ) ;
#1646 = CARTESIAN_POINT ( 'NONE',  ( -1.490000000000000200, -2.799999999999999400, -2.220000000000000200 ) ) ;
#1647 = AXIS2_PLACEMENT_3D ( 'NONE', #5035, #10917, #5869 ) ;
#1648 = VECTOR ( 'NONE', #6467, 1000.000000000000000 ) ;
#1649 = FILL_AREA_STYLE ('',( #7582 ) ) ;
#1650 =( NAMED_UNIT ( * ) PLANE_ANGLE_UNIT ( ) SI_UNIT ( $, .RADIAN. ) );
#1651 = SURFACE_SIDE_STYLE ('',( #9713 ) ) ;
#1652 = VECTOR ( 'NONE', #3555, 1000.000000000000000 ) ;
#1653 = EDGE_LOOP ( 'NONE', ( #5643, #9600, #10635, #6198 ) ) ;
#1654 = ORIENTED_EDGE ( 'NONE', *, *, #9051, .T. ) ;
#1655 = MECHANICAL_DESIGN_GEOMETRIC_PRESENTATION_REPRESENTATION (  '', ( #10945 ), #2218 ) ;
#1656 = PLANE ( 'NONE',  #5454 ) ;
#1657 = ORIENTED_EDGE ( 'NONE', *, *, #3563, .T. ) ;
#1658 = EDGE_LOOP ( 'NONE', ( #1416, #6947, #6465, #10973 ) ) ;
#1659 = COLOUR_RGB ( '',0.7960784313725489700, 0.8235294117647058400, 0.9372549019607843100 ) ;
#1660 = SURFACE_STYLE_USAGE ( .BOTH. , #6758 ) ;
#1661 = SURFACE_SIDE_STYLE ('',( #9104 ) ) ;
#1662 = FILL_AREA_STYLE_COLOUR ( '', #1074 ) ;
#1663 = VECTOR ( 'NONE', #7896, 1000.000000000000000 ) ;
#1664 = LINE ( 'NONE', #4750, #5923 ) ;
#1665 = DIRECTION ( 'NONE',  ( -0.0000000000000000000, -0.0000000000000000000, -1.000000000000000000 ) ) ;
#1666 = ORIENTED_EDGE ( 'NONE', *, *, #1273, .F. ) ;
#1667 = VERTEX_POINT ( 'NONE', #2698 ) ;
#1668 = EDGE_CURVE ( 'NONE', #10350, #3701, #3208, .T. ) ;
#1669 = FILL_AREA_STYLE ('',( #821 ) ) ;
#1670 =( GEOMETRIC_REPRESENTATION_CONTEXT ( 3 ) GLOBAL_UNCERTAINTY_ASSIGNED_CONTEXT ( ( #6199 ) ) GLOBAL_UNIT_ASSIGNED_CONTEXT ( ( #6316, #1246, #7176 ) ) REPRESENTATION_CONTEXT ( 'NONE', 'WORKASPACE' ) );
#1671 = LINE ( 'NONE', #7652, #5931 ) ;
#1672 = STYLED_ITEM ( 'NONE', ( #8279 ), #5292 ) ;
#1673 = EDGE_CURVE ( 'NONE', #717, #10112, #942, .T. ) ;
#1674 =( NAMED_UNIT ( * ) PLANE_ANGLE_UNIT ( ) SI_UNIT ( $, .RADIAN. ) );
#1675 = ADVANCED_FACE ( 'NONE', ( #9656 ), #6108, .F. ) ;
#1676 = ORIENTED_EDGE ( 'NONE', *, *, #7363, .T. ) ;
#1677 = CARTESIAN_POINT ( 'NONE',  ( -0.9499999999999999600, -2.799999999999999400, -7.400000000000000400 ) ) ;
#1678 = DIRECTION ( 'NONE',  ( 0.0000000000000000000, 0.0000000000000000000, 1.000000000000000000 ) ) ;
#1679 = SURFACE_STYLE_USAGE ( .BOTH. , #6778 ) ;
#1680 = DIRECTION ( 'NONE',  ( -0.7071067811865469100, -0.0000000000000000000, 0.7071067811865482400 ) ) ;
#1681 = SURFACE_SIDE_STYLE ('',( #3522 ) ) ;
#1682 = ORIENTED_EDGE ( 'NONE', *, *, #4490, .T. ) ;
#1683 = ORIENTED_EDGE ( 'NONE', *, *, #9436, .F. ) ;
#1684 = VECTOR ( 'NONE', #6094, 1000.000000000000000 ) ;
#1685 = CARTESIAN_POINT ( 'NONE',  ( -1.490000000000000200, -2.799999999999999400, -4.760000000000000700 ) ) ;
#1686 = VERTEX_POINT ( 'NONE', #150 ) ;
#1687 =( NAMED_UNIT ( * ) PLANE_ANGLE_UNIT ( ) SI_UNIT ( $, .RADIAN. ) );
#1688 = CARTESIAN_POINT ( 'NONE',  ( -0.9499999999999999600, -2.799999999999999400, -12.92000000000000200 ) ) ;
#1689 = UNCERTAINTY_MEASURE_WITH_UNIT (LENGTH_MEASURE( 1.000000000000000100E-005 ), #3067, 'distance_accuracy_value', 'NONE');
#1690 = VECTOR ( 'NONE', #10260, 999.9999999999998900 ) ;
#1691 = DIRECTION ( 'NONE',  ( -0.0000000000000000000, -1.000000000000000000, -0.0000000000000000000 ) ) ;
#1692 = ORIENTED_EDGE ( 'NONE', *, *, #10505, .T. ) ;
#1693 = UNCERTAINTY_MEASURE_WITH_UNIT (LENGTH_MEASURE( 1.000000000000000100E-005 ), #1950, 'distance_accuracy_value', 'NONE');
#1694 = FILL_AREA_STYLE_COLOUR ( '', #8049 ) ;
#1695 = CARTESIAN_POINT ( 'NONE',  ( -2.140000000000000600, 1.700000000000000000, -3.810000000000000100 ) ) ;
#1696 = MECHANICAL_DESIGN_GEOMETRIC_PRESENTATION_REPRESENTATION (  '', ( #10990 ), #2273 ) ;
#1697 = ORIENTED_EDGE ( 'NONE', *, *, #6134, .F. ) ;
#1698 = CARTESIAN_POINT ( 'NONE',  ( -2.539999999999999600, 1.700000000000000000, -14.40342105263157900 ) ) ;
#1699 = DIRECTION ( 'NONE',  ( -0.0000000000000000000, -1.000000000000000000, -0.0000000000000000000 ) ) ;
#1700 =( GEOMETRIC_REPRESENTATION_CONTEXT ( 3 ) GLOBAL_UNCERTAINTY_ASSIGNED_CONTEXT ( ( #8353 ) ) GLOBAL_UNIT_ASSIGNED_CONTEXT ( ( #6389, #1298, #7232 ) ) REPRESENTATION_CONTEXT ( 'NONE', 'WORKASPACE' ) );
#1701 = COLOUR_RGB ( '',0.7960784313725489700, 0.8235294117647058400, 0.9372549019607843100 ) ;
#1702 = COLOUR_RGB ( '',0.7960784313725489700, 0.8235294117647058400, 0.9372549019607843100 ) ;
#1703 = VECTOR ( 'NONE', #1208, 999.9999999999998900 ) ;
#1704 =( GEOMETRIC_REPRESENTATION_CONTEXT ( 3 ) GLOBAL_UNCERTAINTY_ASSIGNED_CONTEXT ( ( #5851 ) ) GLOBAL_UNIT_ASSIGNED_CONTEXT ( ( #6015, #921, #6869 ) ) REPRESENTATION_CONTEXT ( 'NONE', 'WORKASPACE' ) );
#1705 = ORIENTED_EDGE ( 'NONE', *, *, #743, .F. ) ;
#1706 = DIRECTION ( 'NONE',  ( -0.7071067811865489100, -0.0000000000000000000, -0.7071067811865461300 ) ) ;
#1707 = EDGE_CURVE ( 'NONE', #1875, #2266, #2128, .T. ) ;
#1708 = ORIENTED_EDGE ( 'NONE', *, *, #4394, .F. ) ;
#1709 =( LENGTH_UNIT ( ) NAMED_UNIT ( * ) SI_UNIT ( .MILLI., .METRE. ) );
#1710 = VECTOR ( 'NONE', #7048, 1000.000000000000000 ) ;
#1711 = AXIS2_PLACEMENT_3D ( 'NONE', #9467, #4445, #10329 ) ;
#1712 = PLANE ( 'NONE',  #5168 ) ;
#1713 = PLANE ( 'NONE',  #8331 ) ;
#1714 = VECTOR ( 'NONE', #10888, 1000.000000000000000 ) ;
#1715 = ORIENTED_EDGE ( 'NONE', *, *, #3037, .T. ) ;
#1716 = COLOUR_RGB ( '',0.0000000000000000000, 0.003921568627450980300, 0.09019607843137254800 ) ;
#1717 = ORIENTED_EDGE ( 'NONE', *, *, #10340, .T. ) ;
#1718 = AXIS2_PLACEMENT_3D ( 'NONE', #5944, #853, #6798 ) ;
#1719 = VERTEX_POINT ( 'NONE', #186 ) ;
#1720 = PLANE ( 'NONE',  #8757 ) ;
#1721 = DIRECTION ( 'NONE',  ( 0.0000000000000000000, 1.000000000000000000, 0.0000000000000000000 ) ) ;
#1722 = CARTESIAN_POINT ( 'NONE',  ( 1.590000000000000100, -2.799999999999999400, -12.92000000000000200 ) ) ;
#1723 = VECTOR ( 'NONE', #1351, 1000.000000000000000 ) ;
#1724 = AXIS2_PLACEMENT_3D ( 'NONE', #3304, #9186, #4157 ) ;
#1725 = VERTEX_POINT ( 'NONE', #8517 ) ;
#1726 = PRESENTATION_STYLE_ASSIGNMENT (( #4372 ) ) ;
#1727 = VECTOR ( 'NONE', #3342, 1000.000000000000000 ) ;
#1728 =( NAMED_UNIT ( * ) PLANE_ANGLE_UNIT ( ) SI_UNIT ( $, .RADIAN. ) );
#1729 = ADVANCED_FACE ( 'NONE', ( #10874 ), #7000, .F. ) ;
#1730 = EDGE_CURVE ( 'NONE', #1327, #2330, #3336, .T. ) ;
#1731 = VERTEX_POINT ( 'NONE', #5665 ) ;
#1732 =( NAMED_UNIT ( * ) PLANE_ANGLE_UNIT ( ) SI_UNIT ( $, .RADIAN. ) );
#1733 = STYLED_ITEM ( 'NONE', ( #6023 ), #2923 ) ;
#1734 = ORIENTED_EDGE ( 'NONE', *, *, #1730, .F. ) ;
#1735 =( NAMED_UNIT ( * ) PLANE_ANGLE_UNIT ( ) SI_UNIT ( $, .RADIAN. ) );
#1736 = SURFACE_SIDE_STYLE ('',( #6918 ) ) ;
#1737 = PRESENTATION_LAYER_ASSIGNMENT (  '', '', ( #593 ) ) ;
#1738 = PLANE ( 'NONE',  #5160 ) ;
#1739 = EDGE_CURVE ( 'NONE', #4941, #2081, #9791, .T. ) ;
#1740 = ORIENTED_EDGE ( 'NONE', *, *, #1482, .F. ) ;
#1741 = VECTOR ( 'NONE', #8304, 1000.000000000000000 ) ;
#1742 = LINE ( 'NONE', #488, #8234 ) ;
#1743 = SURFACE_SIDE_STYLE ('',( #5882 ) ) ;
#1744 =( LENGTH_UNIT ( ) NAMED_UNIT ( * ) SI_UNIT ( .MILLI., .METRE. ) );
#1745 = EDGE_CURVE ( 'NONE', #4101, #2778, #1088, .T. ) ;
#1746 = ORIENTED_EDGE ( 'NONE', *, *, #516, .T. ) ;
#1747 = DIRECTION ( 'NONE',  ( 0.0000000000000000000, -1.000000000000000000, 0.0000000000000000000 ) ) ;
#1748 = SURFACE_STYLE_FILL_AREA ( #10248 ) ;
#1749 = ORIENTED_EDGE ( 'NONE', *, *, #9149, .F. ) ;
#1750 = DIRECTION ( 'NONE',  ( -1.232047923278982000E-016, 0.0000000000000000000, 1.000000000000000000 ) ) ;
#1751 = LINE ( 'NONE', #4282, #4024 ) ;
#1752 = CARTESIAN_POINT ( 'NONE',  ( 0.0000000000000000000, 11.70000000000000100, -5.080000000000000100 ) ) ;
#1753 =( NAMED_UNIT ( * ) PLANE_ANGLE_UNIT ( ) SI_UNIT ( $, .RADIAN. ) );
#1754 = LINE ( 'NONE', #6617, #6279 ) ;
#1755 = CARTESIAN_POINT ( 'NONE',  ( 1.490000000000000000, 11.70000000000000100, -14.92000000000000200 ) ) ;
#1756 = FACE_OUTER_BOUND ( 'NONE', #9799, .T. ) ;
#1757 = UNCERTAINTY_MEASURE_WITH_UNIT (LENGTH_MEASURE( 1.000000000000000100E-005 ), #3703, 'distance_accuracy_value', 'NONE');
#1758 =( LENGTH_UNIT ( ) NAMED_UNIT ( * ) SI_UNIT ( .MILLI., .METRE. ) );
#1759 = CARTESIAN_POINT ( 'NONE',  ( -2.539999999999999600, 1.700000000000000000, -6.783421052631577900 ) ) ;
#1760 = EDGE_CURVE ( 'NONE', #5489, #1970, #5346, .T. ) ;
#1761 = UNCERTAINTY_MEASURE_WITH_UNIT (LENGTH_MEASURE( 1.000000000000000100E-005 ), #8213, 'distance_accuracy_value', 'NONE');
#1762 = PLANE ( 'NONE',  #4907 ) ;
#1763 = VECTOR ( 'NONE', #5300, 1000.000000000000000 ) ;
#1764 = PRESENTATION_STYLE_ASSIGNMENT (( #9762 ) ) ;
#1765 = DIRECTION ( 'NONE',  ( 0.0000000000000000000, 1.000000000000000000, 0.0000000000000000000 ) ) ;
#1766 = VECTOR ( 'NONE', #377, 1000.000000000000000 ) ;
#1767 = MECHANICAL_DESIGN_GEOMETRIC_PRESENTATION_REPRESENTATION (  '', ( #48 ), #2335 ) ;
#1768 = COLOUR_RGB ( '',0.7960784313725489700, 0.8235294117647058400, 0.9372549019607843100 ) ;
#1769 =( GEOMETRIC_REPRESENTATION_CONTEXT ( 3 ) GLOBAL_UNCERTAINTY_ASSIGNED_CONTEXT ( ( #6072 ) ) GLOBAL_UNIT_ASSIGNED_CONTEXT ( ( #500, #6470, #1380 ) ) REPRESENTATION_CONTEXT ( 'NONE', 'WORKASPACE' ) );
#1770 = UNCERTAINTY_MEASURE_WITH_UNIT (LENGTH_MEASURE( 1.000000000000000100E-005 ), #6747, 'distance_accuracy_value', 'NONE');
#1771 = CARTESIAN_POINT ( 'NONE',  ( -1.590000000000000300, -2.799999999999999400, -12.92000000000000200 ) ) ;
#1772 = FACE_OUTER_BOUND ( 'NONE', #9313, .T. ) ;
#1773 = CARTESIAN_POINT ( 'NONE',  ( -1.590000000000000300, 11.70000000000000100, -5.300000000000000700 ) ) ;
#1774 = CARTESIAN_POINT ( 'NONE',  ( -2.540000000000000000, 1.700000000000000000, -5.983421052631579900 ) ) ;
#1775 = CARTESIAN_POINT ( 'NONE',  ( 2.540000000000000900, 1.700000000000000000, -3.410000000000000600 ) ) ;
#1776 = EDGE_CURVE ( 'NONE', #3066, #1339, #6386, .T. ) ;
#1777 = DIRECTION ( 'NONE',  ( -1.000000000000000000, -0.0000000000000000000, -0.0000000000000000000 ) ) ;
#1778 = LINE ( 'NONE', #3592, #10520 ) ;
#1779 = DIRECTION ( 'NONE',  ( 0.0000000000000000000, 1.000000000000000000, 0.0000000000000000000 ) ) ;
#1780 = STYLED_ITEM ( 'NONE', ( #5200 ), #7206 ) ;
#1781 = COLOUR_RGB ( '',0.02745098039215686200, 0.003921568627450980300, 0.0000000000000000000 ) ;
#1782 = DIRECTION ( 'NONE',  ( 0.6756367705307529900, -0.0000000000000000000, 0.7372346670543747900 ) ) ;
#1783 = SURFACE_STYLE_USAGE ( .BOTH. , #6885 ) ;
#1784 = ADVANCED_FACE ( 'NONE', ( #2798 ), #580, .F. ) ;
#1785 = EDGE_LOOP ( 'NONE', ( #2076, #9851, #1925, #2166 ) ) ;
#1786 = VERTEX_POINT ( 'NONE', #4854 ) ;
#1787 = CARTESIAN_POINT ( 'NONE',  ( 0.0000000000000000000, -2.799999999999999400, -5.080000000000000100 ) ) ;
#1788 = AXIS2_PLACEMENT_3D ( 'NONE', #8580, #3554, #9432 ) ;
#1789 = DIRECTION ( 'NONE',  ( -0.7071067811865489100, -0.0000000000000000000, -0.7071067811865461300 ) ) ;
#1790 = SURFACE_STYLE_USAGE ( .BOTH. , #6890 ) ;
#1791 = SURFACE_STYLE_FILL_AREA ( #8056 ) ;
#1792 = VECTOR ( 'NONE', #597, 1000.000000000000000 ) ;
#1793 = AXIS2_PLACEMENT_3D ( 'NONE', #5942, #852, #6797 ) ;
#1794 = DIRECTION ( 'NONE',  ( 0.0000000000000000000, -0.0000000000000000000, -1.000000000000000000 ) ) ;
#1795 = ORIENTED_EDGE ( 'NONE', *, *, #4913, .F. ) ;
#1796 =( GEOMETRIC_REPRESENTATION_CONTEXT ( 3 ) GLOBAL_UNCERTAINTY_ASSIGNED_CONTEXT ( ( #612 ) ) GLOBAL_UNIT_ASSIGNED_CONTEXT ( ( #6421, #1332, #7259 ) ) REPRESENTATION_CONTEXT ( 'NONE', 'WORKASPACE' ) );
#1797 = DIRECTION ( 'NONE',  ( 0.0000000000000000000, 1.000000000000000000, 0.0000000000000000000 ) ) ;
#1798 = DIRECTION ( 'NONE',  ( 1.000000000000000000, 0.0000000000000000000, 1.232047923278982200E-016 ) ) ;
#1799 = DIRECTION ( 'NONE',  ( -0.7071067811865462400, 0.0000000000000000000, -0.7071067811865489100 ) ) ;
#1800 = CARTESIAN_POINT ( 'NONE',  ( -0.9499999999999999600, 11.70000000000000100, -18.00000000000000400 ) ) ;
#1801 = SURFACE_STYLE_FILL_AREA ( #6043 ) ;
#1802 = PRESENTATION_LAYER_ASSIGNMENT (  '', '', ( #665 ) ) ;
#1803 = FACE_OUTER_BOUND ( 'NONE', #62, .T. ) ;
#1804 =( LENGTH_UNIT ( ) NAMED_UNIT ( * ) SI_UNIT ( .MILLI., .METRE. ) );
#1805 =( GEOMETRIC_REPRESENTATION_CONTEXT ( 3 ) GLOBAL_UNCERTAINTY_ASSIGNED_CONTEXT ( ( #4031 ) ) GLOBAL_UNIT_ASSIGNED_CONTEXT ( ( #7804, #2729, #8626 ) ) REPRESENTATION_CONTEXT ( 'NONE', 'WORKASPACE' ) );
#1806 = ORIENTED_EDGE ( 'NONE', *, *, #7306, .F. ) ;
#1807 =( NAMED_UNIT ( * ) PLANE_ANGLE_UNIT ( ) SI_UNIT ( $, .RADIAN. ) );
#1808 = SURFACE_STYLE_USAGE ( .BOTH. , #6912 ) ;
#1809 = PLANE ( 'NONE',  #8521 ) ;
#1810 = EDGE_CURVE ( 'NONE', #2200, #672, #4263, .T. ) ;
#1811 =( LENGTH_UNIT ( ) NAMED_UNIT ( * ) SI_UNIT ( .MILLI., .METRE. ) );
#1812 = ORIENTED_EDGE ( 'NONE', *, *, #9747, .F. ) ;
#1813 = ORIENTED_EDGE ( 'NONE', *, *, #7934, .F. ) ;
#1814 = MECHANICAL_DESIGN_GEOMETRIC_PRESENTATION_REPRESENTATION (  '', ( #100 ), #2385 ) ;
#1815 = COLOUR_RGB ( '',0.7960784313725489700, 0.8235294117647058400, 0.9372549019607843100 ) ;
#1816 =( NAMED_UNIT ( * ) PLANE_ANGLE_UNIT ( ) SI_UNIT ( $, .RADIAN. ) );
#1817 = CARTESIAN_POINT ( 'NONE',  ( 1.050000000000000000, 11.70000000000000100, -13.02000000000000100 ) ) ;
#1818 = EDGE_CURVE ( 'NONE', #5664, #9249, #1998, .T. ) ;
#1819 = PLANE ( 'NONE',  #7382 ) ;
#1820 = LINE ( 'NONE', #9510, #10563 ) ;
#1821 = DIRECTION ( 'NONE',  ( 1.000000000000000000, 0.0000000000000000000, -0.0000000000000000000 ) ) ;
#1822 = EDGE_LOOP ( 'NONE', ( #746, #6687, #1943, #6497 ) ) ;
#1823 = ORIENTED_EDGE ( 'NONE', *, *, #4870, .F. ) ;
#1824 = VECTOR ( 'NONE', #5941, 1000.000000000000000 ) ;
#1825 =( LENGTH_UNIT ( ) NAMED_UNIT ( * ) SI_UNIT ( .MILLI., .METRE. ) );
#1826 = CARTESIAN_POINT ( 'NONE',  ( 0.9499999999999999600, -2.799999999999999400, -20.54000000000000300 ) ) ;
#1827 = EDGE_CURVE ( 'NONE', #5360, #5415, #10734, .T. ) ;
#1828 = PRESENTATION_LAYER_ASSIGNMENT (  '', '', ( #694 ) ) ;
#1829 = SURFACE_SIDE_STYLE ('',( #7599 ) ) ;
#1830 = CARTESIAN_POINT ( 'NONE',  ( 1.490000000000000000, -2.799999999999999400, -20.00000000000000000 ) ) ;
#1831 = UNCERTAINTY_MEASURE_WITH_UNIT (LENGTH_MEASURE( 1.000000000000000100E-005 ), #7047, 'distance_accuracy_value', 'NONE');
#1832 = PLANE ( 'NONE',  #4620 ) ;
#1833 = VECTOR ( 'NONE', #4123, 1000.000000000000000 ) ;
#1834 = PRESENTATION_STYLE_ASSIGNMENT (( #5583 ) ) ;
#1835 =( NAMED_UNIT ( * ) SI_UNIT ( $, .STERADIAN. ) SOLID_ANGLE_UNIT ( ) );
#1836 =( GEOMETRIC_REPRESENTATION_CONTEXT ( 3 ) GLOBAL_UNCERTAINTY_ASSIGNED_CONTEXT ( ( #3776 ) ) GLOBAL_UNIT_ASSIGNED_CONTEXT ( ( #5856, #767, #6717 ) ) REPRESENTATION_CONTEXT ( 'NONE', 'WORKASPACE' ) );
#1837 = ORIENTED_EDGE ( 'NONE', *, *, #10471, .T. ) ;
#1838 = UNCERTAINTY_MEASURE_WITH_UNIT (LENGTH_MEASURE( 1.000000000000000100E-005 ), #9518, 'distance_accuracy_value', 'NONE');
#1839 = EDGE_LOOP ( 'NONE', ( #7939, #5852, #2085, #2389, #9270, #1391, #8768, #9732 ) ) ;
#1840 = PLANE ( 'NONE',  #10212 ) ;
#1841 = ADVANCED_FACE ( 'NONE', ( #8731 ), #663, .F. ) ;
#1842 = ORIENTED_EDGE ( 'NONE', *, *, #458, .F. ) ;
#1843 = PRESENTATION_STYLE_ASSIGNMENT (( #1256 ) ) ;
#1844 = LINE ( 'NONE', #10026, #6109 ) ;
#1845 = LINE ( 'NONE', #7836, #8066 ) ;
#1846 = ORIENTED_EDGE ( 'NONE', *, *, #10763, .T. ) ;
#1847 = PLANE ( 'NONE',  #7603 ) ;
#1848 = PLANE ( 'NONE',  #1035 ) ;
#1849 = PRESENTATION_STYLE_ASSIGNMENT (( #9261 ) ) ;
#1850 = CARTESIAN_POINT ( 'NONE',  ( 2.020000000000001400, 0.0000000000000000000, -1.270000000000000000 ) ) ;
#1851 = LINE ( 'NONE', #9696, #10591 ) ;
#1852 = PRESENTATION_LAYER_ASSIGNMENT (  '', '', ( #709 ) ) ;
#1853 = ORIENTED_EDGE ( 'NONE', *, *, #9384, .F. ) ;
#1854 = DIRECTION ( 'NONE',  ( 0.0000000000000000000, 0.0000000000000000000, 1.000000000000000000 ) ) ;
#1855 = CARTESIAN_POINT ( 'NONE',  ( -1.490000000000000000, 11.70000000000000100, -5.400000000000000400 ) ) ;
#1856 = VECTOR ( 'NONE', #962, 1000.000000000000000 ) ;
#1857 = AXIS2_PLACEMENT_3D ( 'NONE', #7979, #2913, #8809 ) ;
#1858 = ADVANCED_FACE ( 'NONE', ( #9643 ), #10848, .T. ) ;
#1859 = LINE ( 'NONE', #592, #6122 ) ;
#1860 = FILL_AREA_STYLE_COLOUR ( '', #3119 ) ;
#1861 =( LENGTH_UNIT ( ) NAMED_UNIT ( * ) SI_UNIT ( .MILLI., .METRE. ) );
#1862 = VERTEX_POINT ( 'NONE', #702 ) ;
#1863 = ORIENTED_EDGE ( 'NONE', *, *, #3548, .F. ) ;
#1864 = SURFACE_STYLE_FILL_AREA ( #8660 ) ;
#1865 = LINE ( 'NONE', #4309, #6124 ) ;
#1866 = PRESENTATION_STYLE_ASSIGNMENT (( #9480 ) ) ;
#1867 = EDGE_CURVE ( 'NONE', #2931, #2255, #2381, .T. ) ;
#1868 = SURFACE_STYLE_USAGE ( .BOTH. , #3640 ) ;
#1869 = EDGE_LOOP ( 'NONE', ( #10290, #7169, #2540, #4762 ) ) ;
#1870 = SURFACE_STYLE_USAGE ( .BOTH. , #6964 ) ;
#1871 = STYLED_ITEM ( 'NONE', ( #1377 ), #9501 ) ;
#1872 = VERTEX_POINT ( 'NONE', #737 ) ;
#1873 = FILL_AREA_STYLE_COLOUR ( '', #5437 ) ;
#1874 = SURFACE_SIDE_STYLE ('',( #6139 ) ) ;
#1875 = VERTEX_POINT ( 'NONE', #1600 ) ;
#1876 = ORIENTED_EDGE ( 'NONE', *, *, #6748, .F. ) ;
#1877 = VECTOR ( 'NONE', #2499, 1000.000000000000000 ) ;
#1878 = PRESENTATION_LAYER_ASSIGNMENT (  '', '', ( #727 ) ) ;
#1879 =( GEOMETRIC_REPRESENTATION_CONTEXT ( 3 ) GLOBAL_UNCERTAINTY_ASSIGNED_CONTEXT ( ( #6877 ) ) GLOBAL_UNIT_ASSIGNED_CONTEXT ( ( #3863, #9743, #4723 ) ) REPRESENTATION_CONTEXT ( 'NONE', 'WORKASPACE' ) );
#1880 = PLANE ( 'NONE',  #160 ) ;
#1881 =( GEOMETRIC_REPRESENTATION_CONTEXT ( 3 ) GLOBAL_UNCERTAINTY_ASSIGNED_CONTEXT ( ( #1693 ) ) GLOBAL_UNIT_ASSIGNED_CONTEXT ( ( #1950, #7886, #2809 ) ) REPRESENTATION_CONTEXT ( 'NONE', 'WORKASPACE' ) );
#1882 =( LENGTH_UNIT ( ) NAMED_UNIT ( * ) SI_UNIT ( .MILLI., .METRE. ) );
#1883 = VERTEX_POINT ( 'NONE', #8364 ) ;
#1884 = DIRECTION ( 'NONE',  ( 0.0000000000000000000, 1.000000000000000000, 0.0000000000000000000 ) ) ;
#1885 =( LENGTH_UNIT ( ) NAMED_UNIT ( * ) SI_UNIT ( .MILLI., .METRE. ) );
#1886 = CARTESIAN_POINT ( 'NONE',  ( 2.140000000000000100, 1.700000000000000000, -19.05000000000000100 ) ) ;
#1887 = STYLED_ITEM ( 'NONE', ( #1764 ), #2710 ) ;
#1888 = SURFACE_STYLE_FILL_AREA ( #350 ) ;
#1889 = EDGE_CURVE ( 'NONE', #672, #9008, #117, .T. ) ;
#1890 = MECHANICAL_DESIGN_GEOMETRIC_PRESENTATION_REPRESENTATION (  '', ( #171 ), #2454 ) ;
#1891 = PRESENTATION_STYLE_ASSIGNMENT (( #10957 ) ) ;
#1892 = DIRECTION ( 'NONE',  ( -0.7071067811865461300, 0.0000000000000000000, 0.7071067811865489100 ) ) ;
#1893 = SURFACE_STYLE_USAGE ( .BOTH. , #6987 ) ;
#1894 = CARTESIAN_POINT ( 'NONE',  ( 1.050000000000000000, -2.799999999999999400, -5.400000000000000400 ) ) ;
#1895 = EDGE_CURVE ( 'NONE', #7029, #24, #4670, .T. ) ;
#1896 = EDGE_CURVE ( 'NONE', #10191, #3214, #4398, .T. ) ;
#1897 = VERTEX_POINT ( 'NONE', #5039 ) ;
#1898 = DIRECTION ( 'NONE',  ( -1.000000000000000000, -0.0000000000000000000, -1.232047923278982200E-016 ) ) ;
#1899 = FILL_AREA_STYLE ('',( #5375 ) ) ;
#1900 = CARTESIAN_POINT ( 'NONE',  ( 0.9499999999999999600, 11.70000000000000100, -18.00000000000000400 ) ) ;
#1901 = DIRECTION ( 'NONE',  ( -0.0000000000000000000, -1.000000000000000000, -0.0000000000000000000 ) ) ;
#1902 = PRESENTATION_LAYER_ASSIGNMENT (  '', '', ( #761 ) ) ;
#1903 = SURFACE_STYLE_FILL_AREA ( #10681 ) ;
#1904 = ADVANCED_FACE ( 'NONE', ( #10859 ), #6730, .T. ) ;
#1905 = SURFACE_STYLE_FILL_AREA ( #10228 ) ;
#1906 = UNCERTAINTY_MEASURE_WITH_UNIT (LENGTH_MEASURE( 1.000000000000000100E-005 ), #6125, 'distance_accuracy_value', 'NONE');
#1907 = FILL_AREA_STYLE_COLOUR ( '', #4135 ) ;
#1908 = ORIENTED_EDGE ( 'NONE', *, *, #4394, .T. ) ;
#1909 = CARTESIAN_POINT ( 'NONE',  ( -1.590000000000000300, -2.799999999999999400, -18.00000000000000400 ) ) ;
#1910 = CARTESIAN_POINT ( 'NONE',  ( 2.540000000000000900, 0.0000000000000000000, -0.8700000000000006600 ) ) ;
#1911 = UNCERTAINTY_MEASURE_WITH_UNIT (LENGTH_MEASURE( 1.000000000000000100E-005 ), #8369, 'distance_accuracy_value', 'NONE');
#1912 = SURFACE_STYLE_FILL_AREA ( #4323 ) ;
#1913 = FACE_OUTER_BOUND ( 'NONE', #8142, .T. ) ;
#1914 = DIRECTION ( 'NONE',  ( -0.7071067811865469100, 0.0000000000000000000, 0.7071067811865482400 ) ) ;
#1915 = SURFACE_STYLE_FILL_AREA ( #4233 ) ;
#1916 = FILL_AREA_STYLE_COLOUR ( '', #9614 ) ;
#1917 = DIRECTION ( 'NONE',  ( 0.0000000000000000000, 1.000000000000000000, 0.0000000000000000000 ) ) ;
#1918 = CARTESIAN_POINT ( 'NONE',  ( -1.590000000000000300, 11.70000000000000100, -20.10000000000000100 ) ) ;
#1919 = ADVANCED_FACE ( 'NONE', ( #5586 ), #2525, .T. ) ;
#1920 = CARTESIAN_POINT ( 'NONE',  ( 2.140000000000000100, 0.0000000000000000000, -8.890000000000000600 ) ) ;
#1921 = LINE ( 'NONE', #7133, #3915 ) ;
#1922 = COLOUR_RGB ( '',0.7960784313725489700, 0.8235294117647058400, 0.9372549019607843100 ) ;
#1923 =( LENGTH_UNIT ( ) NAMED_UNIT ( * ) SI_UNIT ( .MILLI., .METRE. ) );
#1924 = PRESENTATION_LAYER_ASSIGNMENT (  '', '', ( #1354 ) ) ;
#1925 = ORIENTED_EDGE ( 'NONE', *, *, #5153, .F. ) ;
#1926 = MECHANICAL_DESIGN_GEOMETRIC_PRESENTATION_REPRESENTATION (  '', ( #206 ), #2489 ) ;
#1927 = MECHANICAL_DESIGN_GEOMETRIC_PRESENTATION_REPRESENTATION (  '', ( #207 ), #2493 ) ;
#1928 = SURFACE_STYLE_USAGE ( .BOTH. , #7021 ) ;
#1929 = COLOUR_RGB ( '',0.7960784313725489700, 0.8235294117647058400, 0.9372549019607843100 ) ;
#1930 = DIRECTION ( 'NONE',  ( 0.0000000000000000000, 1.000000000000000000, 0.0000000000000000000 ) ) ;
#1931 =( NAMED_UNIT ( * ) SI_UNIT ( $, .STERADIAN. ) SOLID_ANGLE_UNIT ( ) );
#1932 = EDGE_LOOP ( 'NONE', ( #85, #1705, #10611, #9746 ) ) ;
#1933 = EDGE_LOOP ( 'NONE', ( #5338, #6384, #6546, #1048 ) ) ;
#1934 = EDGE_CURVE ( 'NONE', #755, #9097, #2510, .T. ) ;
#1935 = ORIENTED_EDGE ( 'NONE', *, *, #9567, .F. ) ;
#1936 = PLANE ( 'NONE',  #9153 ) ;
#1937 =( NAMED_UNIT ( * ) PLANE_ANGLE_UNIT ( ) SI_UNIT ( $, .RADIAN. ) );
#1938 = VECTOR ( 'NONE', #5652, 1000.000000000000000 ) ;
#1939 = VECTOR ( 'NONE', #4687, 1000.000000000000000 ) ;
#1940 = FILL_AREA_STYLE_COLOUR ( '', #6453 ) ;
#1941 =( NAMED_UNIT ( * ) PLANE_ANGLE_UNIT ( ) SI_UNIT ( $, .RADIAN. ) );
#1942 = LINE ( 'NONE', #4711, #10674 ) ;
#1943 = ORIENTED_EDGE ( 'NONE', *, *, #285, .F. ) ;
#1944 = STYLED_ITEM ( 'NONE', ( #2578 ), #8659 ) ;
#1945 = EDGE_LOOP ( 'NONE', ( #9920, #3335, #4389, #2259 ) ) ;
#1946 = DIRECTION ( 'NONE',  ( 0.7071067811865486800, 0.0000000000000000000, 0.7071067811865464600 ) ) ;
#1947 = FILL_AREA_STYLE_COLOUR ( '', #8755 ) ;
#1948 =( GEOMETRIC_REPRESENTATION_CONTEXT ( 3 ) GLOBAL_UNCERTAINTY_ASSIGNED_CONTEXT ( ( #401 ) ) GLOBAL_UNIT_ASSIGNED_CONTEXT ( ( #568, #6540, #1447 ) ) REPRESENTATION_CONTEXT ( 'NONE', 'WORKASPACE' ) );
#1949 =( LENGTH_UNIT ( ) NAMED_UNIT ( * ) SI_UNIT ( .MILLI., .METRE. ) );
#1950 =( LENGTH_UNIT ( ) NAMED_UNIT ( * ) SI_UNIT ( .MILLI., .METRE. ) );
#1951 = ORIENTED_EDGE ( 'NONE', *, *, #9436, .T. ) ;
#1952 = CARTESIAN_POINT ( 'NONE',  ( -2.540000000000000000, 1.700000000000000000, -11.06342105263158100 ) ) ;
#1953 = ORIENTED_EDGE ( 'NONE', *, *, #8268, .F. ) ;
#1954 =( NAMED_UNIT ( * ) PLANE_ANGLE_UNIT ( ) SI_UNIT ( $, .RADIAN. ) );
#1955 = DIRECTION ( 'NONE',  ( 0.0000000000000000000, 1.000000000000000000, 0.0000000000000000000 ) ) ;
#1956 = FILL_AREA_STYLE_COLOUR ( '', #10458 ) ;
#1957 =( NAMED_UNIT ( * ) PLANE_ANGLE_UNIT ( ) SI_UNIT ( $, .RADIAN. ) );
#1958 = AXIS2_PLACEMENT_3D ( 'NONE', #3341, #9215, #4190 ) ;
#1959 = EDGE_CURVE ( 'NONE', #9998, #7639, #4798, .T. ) ;
#1960 = VECTOR ( 'NONE', #4231, 1000.000000000000100 ) ;
#1961 = EDGE_CURVE ( 'NONE', #7340, #786, #8983, .T. ) ;
#1962 = CLOSED_SHELL ( 'NONE', ( #3253, #2347, #9715, #6995, #9435, #4148, #4772, #8728, #5969, #10631 ) ) ;
#1963 = FILL_AREA_STYLE_COLOUR ( '', #10217 ) ;
#1964 = VERTEX_POINT ( 'NONE', #15 ) ;
#1965 = VECTOR ( 'NONE', #1789, 1000.000000000000100 ) ;
#1967 = CARTESIAN_POINT ( 'NONE',  ( 2.540000000000000900, 0.0000000000000000000, -21.19000000000000100 ) ) ;
#1966 = COLOUR_RGB ( '',0.0000000000000000000, 0.003921568627450980300, 0.09019607843137254800 ) ;
#1968 =( LENGTH_UNIT ( ) NAMED_UNIT ( * ) SI_UNIT ( .MILLI., .METRE. ) );
#1969 = ADVANCED_FACE ( 'NONE', ( #9134 ), #6838, .T. ) ;
#1970 = VERTEX_POINT ( 'NONE', #4322 ) ;
#1971 = EDGE_CURVE ( 'NONE', #3557, #3621, #8345, .T. ) ;
#1972 = ORIENTED_EDGE ( 'NONE', *, *, #1616, .F. ) ;
#1973 = ORIENTED_EDGE ( 'NONE', *, *, #7430, .F. ) ;
#1974 = SURFACE_STYLE_FILL_AREA ( #7282 ) ;
#1975 = LINE ( 'NONE', #863, #3973 ) ;
#1976 = CARTESIAN_POINT ( 'NONE',  ( 2.540000000000000900, 1.700000000000000000, -16.10999999999999900 ) ) ;
#1977 = CARTESIAN_POINT ( 'NONE',  ( 1.050000000000000000, 11.70000000000000100, -20.64000000000000100 ) ) ;
#1978 = EDGE_CURVE ( 'NONE', #9533, #3330, #10600, .T. ) ;
#1979 = VERTEX_POINT ( 'NONE', #3509 ) ;
#1980 = ORIENTED_EDGE ( 'NONE', *, *, #6488, .T. ) ;
#1981 = COLOUR_RGB ( '',0.0000000000000000000, 0.003921568627450980300, 0.09019607843137254800 ) ;
#1982 = SURFACE_SIDE_STYLE ('',( #3490 ) ) ;
#1983 = SURFACE_SIDE_STYLE ('',( #9334 ) ) ;
#1984 = DIRECTION ( 'NONE',  ( 0.0000000000000000000, 1.000000000000000000, 0.0000000000000000000 ) ) ;
#1985 = PRESENTATION_LAYER_ASSIGNMENT (  '', '', ( #846 ) ) ;
#1986 = SURFACE_STYLE_USAGE ( .BOTH. , #7082 ) ;
#1987 = EDGE_LOOP ( 'NONE', ( #10723, #1443, #2207, #654 ) ) ;
#1988 = ORIENTED_EDGE ( 'NONE', *, *, #6668, .F. ) ;
#1989 = DIRECTION ( 'NONE',  ( 0.7071067811865474600, 0.0000000000000000000, 0.7071067811865474600 ) ) ;
#1990 = CARTESIAN_POINT ( 'NONE',  ( -1.050000000000000000, 11.70000000000000100, -5.400000000000000400 ) ) ;
#1991 = LINE ( 'NONE', #9522, #8462 ) ;
#1992 = CARTESIAN_POINT ( 'NONE',  ( -1.590000000000000300, 11.70000000000000100, -7.839999999999999900 ) ) ;
#1993 = MECHANICAL_DESIGN_GEOMETRIC_PRESENTATION_REPRESENTATION (  '', ( #276 ), #2560 ) ;
#1994 = CARTESIAN_POINT ( 'NONE',  ( -0.9499999999999999600, 11.70000000000000100, -18.00000000000000400 ) ) ;
#1995 = FILL_AREA_STYLE_COLOUR ( '', #10541 ) ;
#1996 = LINE ( 'NONE', #5838, #1714 ) ;
#1997 = ORIENTED_EDGE ( 'NONE', *, *, #8821, .F. ) ;
#1998 = LINE ( 'NONE', #7376, #8466 ) ;
#1999 = FACE_OUTER_BOUND ( 'NONE', #1020, .T. ) ;
#2000 = VECTOR ( 'NONE', #5392, 1000.000000000000000 ) ;
#2001 = ORIENTED_EDGE ( 'NONE', *, *, #8431, .F. ) ;
#2002 = EDGE_CURVE ( 'NONE', #10420, #9097, #6121, .T. ) ;
#2003 = ORIENTED_EDGE ( 'NONE', *, *, #10638, .T. ) ;
#2004 = CARTESIAN_POINT ( 'NONE',  ( 0.9499999999999999600, -2.799999999999999400, -4.860000000000000300 ) ) ;
#2005 = FILL_AREA_STYLE_COLOUR ( '', #2697 ) ;
#2006 = LINE ( 'NONE', #9279, #6531 ) ;
#2007 = EDGE_LOOP ( 'NONE', ( #9993, #4669, #11001, #2337 ) ) ;
#2008 =( LENGTH_UNIT ( ) NAMED_UNIT ( * ) SI_UNIT ( .MILLI., .METRE. ) );
#2009 = DIRECTION ( 'NONE',  ( -0.7071067811865477900, -0.0000000000000000000, -0.7071067811865473500 ) ) ;
#2010 =( GEOMETRIC_REPRESENTATION_CONTEXT ( 3 ) GLOBAL_UNCERTAINTY_ASSIGNED_CONTEXT ( ( #2230 ) ) GLOBAL_UNIT_ASSIGNED_CONTEXT ( ( #7566, #2494, #8399 ) ) REPRESENTATION_CONTEXT ( 'NONE', 'WORKASPACE' ) );
#2011 = EDGE_LOOP ( 'NONE', ( #10396, #733, #726, #3148 ) ) ;
#2012 = SURFACE_STYLE_USAGE ( .BOTH. , #7102 ) ;
#2013 = ORIENTED_EDGE ( 'NONE', *, *, #5335, .F. ) ;
#2014 = STYLED_ITEM ( 'NONE', ( #5466 ), #1858 ) ;
#2015 = PRESENTATION_STYLE_ASSIGNMENT (( #2361 ) ) ;
#2016 = ORIENTED_EDGE ( 'NONE', *, *, #7254, .F. ) ;
#2017 = DIRECTION ( 'NONE',  ( 2.492418787322998300E-016, 0.0000000000000000000, 1.000000000000000000 ) ) ;
#2019 = ORIENTED_EDGE ( 'NONE', *, *, #6175, .F. ) ;
#2018 = SURFACE_STYLE_USAGE ( .BOTH. , #7106 ) ;
#2020 = LINE ( 'NONE', #9307, #4292 ) ;
#2021 = DIRECTION ( 'NONE',  ( 0.7071067811865477900, 0.0000000000000000000, -0.7071067811865473500 ) ) ;
#2022 = AXIS2_PLACEMENT_3D ( 'NONE', #2478, #8387, #3350 ) ;
#2023 = VECTOR ( 'NONE', #5052, 1000.000000000000000 ) ;
#2024 = CARTESIAN_POINT ( 'NONE',  ( -1.050000000000000000, -2.799999999999999400, -12.38000000000000300 ) ) ;
#2025 =( NAMED_UNIT ( * ) PLANE_ANGLE_UNIT ( ) SI_UNIT ( $, .RADIAN. ) );
#2026 = MECHANICAL_DESIGN_GEOMETRIC_PRESENTATION_REPRESENTATION (  '', ( #882 ), #2594 ) ;
#2027 = DIRECTION ( 'NONE',  ( -1.000000000000000000, 0.0000000000000000000, 0.0000000000000000000 ) ) ;
#2028 = CARTESIAN_POINT ( 'NONE',  ( -2.539999999999999600, 0.0000000000000000000, -4.243421052631578800 ) ) ;
#2029 = FILL_AREA_STYLE_COLOUR ( '', #9376 ) ;
#2030 = ADVANCED_FACE ( 'NONE', ( #3614 ), #5224, .T. ) ;
#2031 =( NAMED_UNIT ( * ) PLANE_ANGLE_UNIT ( ) SI_UNIT ( $, .RADIAN. ) );
#2032 = CARTESIAN_POINT ( 'NONE',  ( 1.490000000000000000, -2.799999999999999400, -7.940000000000001300 ) ) ;
#2033 = LINE ( 'NONE', #3552, #4035 ) ;
#2034 = FACE_OUTER_BOUND ( 'NONE', #7188, .T. ) ;
#2035 = EDGE_CURVE ( 'NONE', #10017, #1339, #508, .T. ) ;
#2036 = ORIENTED_EDGE ( 'NONE', *, *, #8419, .F. ) ;
#2037 = PRESENTATION_LAYER_ASSIGNMENT (  '', '', ( #1469 ) ) ;
#2038 = LINE ( 'NONE', #1850, #6286 ) ;
#2039 = PRESENTATION_LAYER_ASSIGNMENT (  '', '', ( #897 ) ) ;
#2040 = PLANE ( 'NONE',  #7777 ) ;
#2041 =( NAMED_UNIT ( * ) PLANE_ANGLE_UNIT ( ) SI_UNIT ( $, .RADIAN. ) );
#2042 = PRESENTATION_STYLE_ASSIGNMENT (( #2983 ) ) ;
#2043 = FACE_OUTER_BOUND ( 'NONE', #10335, .T. ) ;
#2044 = EDGE_CURVE ( 'NONE', #10447, #5471, #7291, .T. ) ;
#2045 = VECTOR ( 'NONE', #6016, 1000.000000000000000 ) ;
#2046 = UNCERTAINTY_MEASURE_WITH_UNIT (LENGTH_MEASURE( 1.000000000000000100E-005 ), #7617, 'distance_accuracy_value', 'NONE');
#2047 = CARTESIAN_POINT ( 'NONE',  ( 1.050000000000000000, -2.799999999999999400, -0.3200000000000001200 ) ) ;
#2048 = COLOUR_RGB ( '',0.7960784313725489700, 0.8235294117647058400, 0.9372549019607843100 ) ;
#2049 = EDGE_CURVE ( 'NONE', #10291, #8812, #2794, .T. ) ;
#2050 = UNCERTAINTY_MEASURE_WITH_UNIT (LENGTH_MEASURE( 1.000000000000000100E-005 ), #1381, 'distance_accuracy_value', 'NONE');
#2051 = FILL_AREA_STYLE_COLOUR ( '', #5397 ) ;
#2052 = AXIS2_PLACEMENT_3D ( 'NONE', #6223, #1161, #7087 ) ;
#2053 = FACE_OUTER_BOUND ( 'NONE', #6394, .T. ) ;
#2054 = PRESENTATION_LAYER_ASSIGNMENT (  '', '', ( #7722 ) ) ;
#2055 = DIRECTION ( 'NONE',  ( 0.0000000000000000000, 1.000000000000000000, 0.0000000000000000000 ) ) ;
#2056 = DIRECTION ( 'NONE',  ( 0.0000000000000000000, 1.000000000000000000, 0.0000000000000000000 ) ) ;
#2057 = VECTOR ( 'NONE', #7242, 999.9999999999998900 ) ;
#2058 = DIRECTION ( 'NONE',  ( -0.0000000000000000000, -0.0000000000000000000, -1.000000000000000000 ) ) ;
#2059 = DIRECTION ( 'NONE',  ( -0.7071067811865462400, 0.0000000000000000000, -0.7071067811865489100 ) ) ;
#2060 = FILL_AREA_STYLE ('',( #6294 ) ) ;
#2061 = CARTESIAN_POINT ( 'NONE',  ( 1.590000000000000100, 11.70000000000000100, 0.2199999999999999200 ) ) ;
#2062 = LINE ( 'NONE', #4834, #3263 ) ;
#2063 = FILL_AREA_STYLE ('',( #1224 ) ) ;
#2064 = SURFACE_SIDE_STYLE ('',( #3003 ) ) ;
#2065 = VECTOR ( 'NONE', #1265, 1000.000000000000000 ) ;
#2066 = VERTEX_POINT ( 'NONE', #8617 ) ;
#2067 = STYLED_ITEM ( 'NONE', ( #7912 ), #7860 ) ;
#2068 = FILL_AREA_STYLE_COLOUR ( '', #7369 ) ;
#2069 =( NAMED_UNIT ( * ) PLANE_ANGLE_UNIT ( ) SI_UNIT ( $, .RADIAN. ) );
#2070 = PRESENTATION_STYLE_ASSIGNMENT (( #335 ) ) ;
#2071 = EDGE_CURVE ( 'NONE', #7701, #10191, #8991, .T. ) ;
#2072 = ORIENTED_EDGE ( 'NONE', *, *, #5062, .F. ) ;
#2073 = CARTESIAN_POINT ( 'NONE',  ( 0.9499999999999999600, 11.70000000000000100, -7.839999999999999900 ) ) ;
#2074 = ADVANCED_FACE ( 'NONE', ( #4805 ), #1848, .T. ) ;
#2075 = ORIENTED_EDGE ( 'NONE', *, *, #7983, .F. ) ;
#2076 = ORIENTED_EDGE ( 'NONE', *, *, #7786, .T. ) ;
#2077 = AXIS2_PLACEMENT_3D ( 'NONE', #180, #6138, #1060 ) ;
#2078 = MECHANICAL_DESIGN_GEOMETRIC_PRESENTATION_REPRESENTATION (  '', ( #361 ), #2657 ) ;
#2079 = AXIS2_PLACEMENT_3D ( 'NONE', #10190, #5161, #36 ) ;
#2080 = ORIENTED_EDGE ( 'NONE', *, *, #5677, .F. ) ;
#2081 = VERTEX_POINT ( 'NONE', #174 ) ;
#2082 = MECHANICAL_DESIGN_GEOMETRIC_PRESENTATION_REPRESENTATION (  '', ( #368 ), #2668 ) ;
#2083 = DIRECTION ( 'NONE',  ( 1.000000000000000000, 0.0000000000000000000, 0.0000000000000000000 ) ) ;
#2084 = VECTOR ( 'NONE', #7850, 1000.000000000000100 ) ;
#2085 = ORIENTED_EDGE ( 'NONE', *, *, #4624, .T. ) ;
#2086 = DIRECTION ( 'NONE',  ( 0.7071067811865473500, -0.0000000000000000000, 0.7071067811865477900 ) ) ;
#2087 = EDGE_CURVE ( 'NONE', #6887, #217, #10464, .T. ) ;
#2088 = LINE ( 'NONE', #3641, #4370 ) ;
#2089 = FACE_OUTER_BOUND ( 'NONE', #6722, .T. ) ;
#2090 = DIRECTION ( 'NONE',  ( 0.0000000000000000000, 0.0000000000000000000, 1.000000000000000000 ) ) ;
#2091 =( NAMED_UNIT ( * ) PLANE_ANGLE_UNIT ( ) SI_UNIT ( $, .RADIAN. ) );
#2092 = CARTESIAN_POINT ( 'NONE',  ( 1.590000000000000100, -2.799999999999999400, -4.860000000000000300 ) ) ;
#2093 = ORIENTED_EDGE ( 'NONE', *, *, #9110, .T. ) ;
#2094 = ORIENTED_EDGE ( 'NONE', *, *, #3395, .F. ) ;
#2095 = PRESENTATION_LAYER_ASSIGNMENT (  '', '', ( #973 ) ) ;
#2096 = DIRECTION ( 'NONE',  ( -0.0000000000000000000, -1.000000000000000000, -0.0000000000000000000 ) ) ;
#2097 = VERTEX_POINT ( 'NONE', #7865 ) ;
#2098 =( GEOMETRIC_REPRESENTATION_CONTEXT ( 3 ) GLOBAL_UNCERTAINTY_ASSIGNED_CONTEXT ( ( #10865 ) ) GLOBAL_UNIT_ASSIGNED_CONTEXT ( ( #5425, #311, #6257 ) ) REPRESENTATION_CONTEXT ( 'NONE', 'WORKASPACE' ) );
#2099 = EDGE_CURVE ( 'NONE', #5143, #4291, #3740, .T. ) ;
#2100 = COLOUR_RGB ( '',0.7960784313725489700, 0.8235294117647058400, 0.9372549019607843100 ) ;
#2101 = EDGE_CURVE ( 'NONE', #3054, #7543, #5975, .T. ) ;
#2102 = VECTOR ( 'NONE', #8914, 1000.000000000000000 ) ;
#2103 = ORIENTED_EDGE ( 'NONE', *, *, #6850, .T. ) ;
#2104 = DIRECTION ( 'NONE',  ( 0.0000000000000000000, -1.000000000000000000, 0.0000000000000000000 ) ) ;
#2105 = CARTESIAN_POINT ( 'NONE',  ( -1.590000000000000300, -2.799999999999999400, -20.54000000000000300 ) ) ;
#2106 = ORIENTED_EDGE ( 'NONE', *, *, #10539, .T. ) ;
#2107 = AXIS2_PLACEMENT_3D ( 'NONE', #3607, #9479, #4461 ) ;
#2108 = FILL_AREA_STYLE_COLOUR ( '', #1815 ) ;
#2109 = SURFACE_SIDE_STYLE ('',( #3469 ) ) ;
#2110 = ORIENTED_EDGE ( 'NONE', *, *, #1760, .F. ) ;
#2111 =( NAMED_UNIT ( * ) SI_UNIT ( $, .STERADIAN. ) SOLID_ANGLE_UNIT ( ) );
#2112 = LINE ( 'NONE', #7147, #10584 ) ;
#2113 = UNCERTAINTY_MEASURE_WITH_UNIT (LENGTH_MEASURE( 1.000000000000000100E-005 ), #10814, 'distance_accuracy_value', 'NONE');
#2114 = DIRECTION ( 'NONE',  ( 0.0000000000000000000, 1.000000000000000000, 0.0000000000000000000 ) ) ;
#2115 = EDGE_LOOP ( 'NONE', ( #6620, #6334, #4127, #7680 ) ) ;
#2116 = VECTOR ( 'NONE', #4168, 1000.000000000000000 ) ;
#2117 = COLOUR_RGB ( '',0.7960784313725489700, 0.8235294117647058400, 0.9372549019607843100 ) ;
#2118 = PRESENTATION_STYLE_ASSIGNMENT (( #9888 ) ) ;
#2119 = DIRECTION ( 'NONE',  ( 1.000000000000000000, 0.0000000000000000000, 1.232047923278982000E-016 ) ) ;
#2120 = ORIENTED_EDGE ( 'NONE', *, *, #4612, .F. ) ;
#2121 = FILL_AREA_STYLE ('',( #407 ) ) ;
#2122 = FILL_AREA_STYLE ('',( #6352 ) ) ;
#2123 = PRESENTATION_STYLE_ASSIGNMENT (( #9414 ) ) ;
#2124 = EDGE_CURVE ( 'NONE', #4412, #1667, #10185, .T. ) ;
#2125 = SURFACE_SIDE_STYLE ('',( #1096 ) ) ;
#2126 = ORIENTED_EDGE ( 'NONE', *, *, #5742, .F. ) ;
#2127 = ORIENTED_EDGE ( 'NONE', *, *, #3290, .F. ) ;
#2128 = LINE ( 'NONE', #5308, #4410 ) ;
#2129 = CARTESIAN_POINT ( 'NONE',  ( 2.020000000000001400, 0.0000000000000000000, -21.59000000000000000 ) ) ;
#2130 = EDGE_LOOP ( 'NONE', ( #7136, #9387, #2671, #10575, #10470, #2357, #5075, #961 ) ) ;
#2131 = FILL_AREA_STYLE ('',( #9697 ) ) ;
#2132 = DIRECTION ( 'NONE',  ( 0.7071067811865486800, 0.0000000000000000000, 0.7071067811865464600 ) ) ;
#2133 = PRESENTATION_LAYER_ASSIGNMENT (  '', '', ( #1013 ) ) ;
#2134 = ADVANCED_FACE ( 'NONE', ( #9913 ), #3662, .T. ) ;
#2135 =( NAMED_UNIT ( * ) PLANE_ANGLE_UNIT ( ) SI_UNIT ( $, .RADIAN. ) );
#2136 = ORIENTED_EDGE ( 'NONE', *, *, #9964, .T. ) ;
#2137 = FILL_AREA_STYLE ('',( #1289 ) ) ;
#2138 = STYLED_ITEM ( 'NONE', ( #9765 ), #7410 ) ;
#2139 = ORIENTED_EDGE ( 'NONE', *, *, #6098, .T. ) ;
#2140 = ORIENTED_EDGE ( 'NONE', *, *, #10695, .T. ) ;
#2141 = EDGE_CURVE ( 'NONE', #3547, #672, #379, .T. ) ;
#2142 = ORIENTED_EDGE ( 'NONE', *, *, #1198, .T. ) ;
#2143 =( LENGTH_UNIT ( ) NAMED_UNIT ( * ) SI_UNIT ( .MILLI., .METRE. ) );
#2144 = DIRECTION ( 'NONE',  ( -1.000000000000000000, -0.0000000000000000000, -1.232047923278982200E-016 ) ) ;
#2145 = PRESENTATION_LAYER_ASSIGNMENT (  '', '', ( #1026 ) ) ;
#2146 = ORIENTED_EDGE ( 'NONE', *, *, #7878, .T. ) ;
#2147 = FILL_AREA_STYLE_COLOUR ( '', #113 ) ;
#2148 = CARTESIAN_POINT ( 'NONE',  ( 1.490000000000000000, -2.799999999999999400, -9.840000000000001600 ) ) ;
#2149 = MECHANICAL_DESIGN_GEOMETRIC_PRESENTATION_REPRESENTATION (  '', ( #432 ), #2730 ) ;
#2150 =( LENGTH_UNIT ( ) NAMED_UNIT ( * ) SI_UNIT ( .MILLI., .METRE. ) );
#2151 = LINE ( 'NONE', #9172, #6414 ) ;
#2152 = MECHANICAL_DESIGN_GEOMETRIC_PRESENTATION_REPRESENTATION (  '', ( #434 ), #2736 ) ;
#2153 = VECTOR ( 'NONE', #5388, 999.9999999999998900 ) ;
#2154 = DIRECTION ( 'NONE',  ( -0.0000000000000000000, -0.0000000000000000000, -1.000000000000000000 ) ) ;
#2155 = LINE ( 'NONE', #107, #4437 ) ;
#2156 = PRESENTATION_STYLE_ASSIGNMENT (( #1660 ) ) ;
#2157 = CARTESIAN_POINT ( 'NONE',  ( -0.9499999999999999600, -2.799999999999999400, -17.55999999999999900 ) ) ;
#2158 = CARTESIAN_POINT ( 'NONE',  ( 1.490000000000000000, -2.799999999999999400, -14.92000000000000200 ) ) ;
#2159 = CARTESIAN_POINT ( 'NONE',  ( 1.590000000000000100, -2.799999999999999400, -10.38000000000000100 ) ) ;
#2160 = VECTOR ( 'NONE', #9840, 1000.000000000000000 ) ;
#2161 =( GEOMETRIC_REPRESENTATION_CONTEXT ( 3 ) GLOBAL_UNCERTAINTY_ASSIGNED_CONTEXT ( ( #8547 ) ) GLOBAL_UNIT_ASSIGNED_CONTEXT ( ( #9892, #4877, #10765 ) ) REPRESENTATION_CONTEXT ( 'NONE', 'WORKASPACE' ) );
#2162 = VECTOR ( 'NONE', #7986, 1000.000000000000100 ) ;
#2163 = CARTESIAN_POINT ( 'NONE',  ( -2.540000000000000000, 0.0000000000000000000, -11.06342105263158100 ) ) ;
#2164 = COLOUR_RGB ( '',0.7960784313725489700, 0.8235294117647058400, 0.9372549019607843100 ) ;
#2165 =( NAMED_UNIT ( * ) PLANE_ANGLE_UNIT ( ) SI_UNIT ( $, .RADIAN. ) );
#2166 = ORIENTED_EDGE ( 'NONE', *, *, #6742, .T. ) ;
#2167 = CARTESIAN_POINT ( 'NONE',  ( -1.490000000000000200, -2.799999999999999400, 0.3199999999999998400 ) ) ;
#2168 =( NAMED_UNIT ( * ) PLANE_ANGLE_UNIT ( ) SI_UNIT ( $, .RADIAN. ) );
#2169 = VECTOR ( 'NONE', #5659, 1000.000000000000000 ) ;
#2170 = LINE ( 'NONE', #9304, #6433 ) ;
#2171 = SURFACE_STYLE_FILL_AREA ( #1183 ) ;
#2172 = VECTOR ( 'NONE', #9278, 1000.000000000000000 ) ;
#2173 = UNCERTAINTY_MEASURE_WITH_UNIT (LENGTH_MEASURE( 1.000000000000000100E-005 ), #3501, 'distance_accuracy_value', 'NONE');
#2174 = CARTESIAN_POINT ( 'NONE',  ( -2.540000000000000000, 1.700000000000000000, -0.9034210526315790100 ) ) ;
#2175 = LINE ( 'NONE', #63, #8656 ) ;
#2176 = UNCERTAINTY_MEASURE_WITH_UNIT (LENGTH_MEASURE( 1.000000000000000100E-005 ), #2924, 'distance_accuracy_value', 'NONE');
#2177 = PRESENTATION_STYLE_ASSIGNMENT (( #629 ) ) ;
#2178 = EDGE_CURVE ( 'NONE', #10291, #511, #6908, .T. ) ;
#2179 =( NAMED_UNIT ( * ) SI_UNIT ( $, .STERADIAN. ) SOLID_ANGLE_UNIT ( ) );
#2180 = CARTESIAN_POINT ( 'NONE',  ( 1.050000000000000000, -2.799999999999999400, 0.3199999999999999000 ) ) ;
#2181 = VERTEX_POINT ( 'NONE', #3010 ) ;
#2182 = CARTESIAN_POINT ( 'NONE',  ( 0.9499999999999999600, -2.799999999999999400, -15.45999999999999900 ) ) ;
#2183 = SURFACE_STYLE_FILL_AREA ( #4273 ) ;
#2184 = ADVANCED_FACE ( 'NONE', ( #8857 ), #9748, .T. ) ;
#2185 = COLOUR_RGB ( '',0.7960784313725489700, 0.8235294117647058400, 0.9372549019607843100 ) ;
#2186 = EDGE_CURVE ( 'NONE', #4584, #243, #8065, .T. ) ;
#2187 = FILL_AREA_STYLE ('',( #2978 ) ) ;
#2188 = STYLED_ITEM ( 'NONE', ( #9578 ), #845 ) ;
#2189 = ORIENTED_EDGE ( 'NONE', *, *, #6954, .T. ) ;
#2190 = VECTOR ( 'NONE', #4483, 1000.000000000000100 ) ;
#2191 = ORIENTED_EDGE ( 'NONE', *, *, #10864, .F. ) ;
#2192 = CARTESIAN_POINT ( 'NONE',  ( -2.539999999999999600, 1.700000000000000000, -1.703421052631578900 ) ) ;
#2193 = AXIS2_PLACEMENT_3D ( 'NONE', #8161, #3110, #8998 ) ;
#2194 = FILL_AREA_STYLE ('',( #9763 ) ) ;
#2195 = LINE ( 'NONE', #1446, #10937 ) ;
#2196 = PRESENTATION_LAYER_ASSIGNMENT (  '', '', ( #1085 ) ) ;
#2197 = LINE ( 'NONE', #3819, #1939 ) ;
#2198 = DIRECTION ( 'NONE',  ( -0.0000000000000000000, -0.0000000000000000000, -1.000000000000000000 ) ) ;
#2199 = SURFACE_SIDE_STYLE ('',( #1409 ) ) ;
#2200 = VERTEX_POINT ( 'NONE', #8912 ) ;
#2201 = SURFACE_SIDE_STYLE ('',( #1974 ) ) ;
#2202 = DIRECTION ( 'NONE',  ( -0.7071067811865477900, -0.0000000000000000000, -0.7071067811865473500 ) ) ;
#2203 = ORIENTED_EDGE ( 'NONE', *, *, #4800, .T. ) ;
#2204 = SURFACE_SIDE_STYLE ('',( #3136 ) ) ;
#2205 =( GEOMETRIC_REPRESENTATION_CONTEXT ( 3 ) GLOBAL_UNCERTAINTY_ASSIGNED_CONTEXT ( ( #10238 ) ) GLOBAL_UNIT_ASSIGNED_CONTEXT ( ( #2986, #8885, #3845 ) ) REPRESENTATION_CONTEXT ( 'NONE', 'WORKASPACE' ) );
#2206 = VERTEX_POINT ( 'NONE', #3900 ) ;
#2207 = ORIENTED_EDGE ( 'NONE', *, *, #3176, .F. ) ;
#2208 = PRESENTATION_STYLE_ASSIGNMENT (( #10653 ) ) ;
#2209 = MECHANICAL_DESIGN_GEOMETRIC_PRESENTATION_REPRESENTATION (  '', ( #482 ), #2793 ) ;
#2210 = FILL_AREA_STYLE_COLOUR ( '', #4829 ) ;
#2211 = DIRECTION ( 'NONE',  ( 1.000000000000000000, 0.0000000000000000000, 0.0000000000000000000 ) ) ;
#2213 = CARTESIAN_POINT ( 'NONE',  ( 2.540000000000000900, 1.700000000000000000, -1.670000000000000400 ) ) ;
#2212 = LINE ( 'NONE', #5898, #6482 ) ;
#2214 = CARTESIAN_POINT ( 'NONE',  ( 2.140000000000001500, 0.0000000000000000000, -11.43000000000000100 ) ) ;
#2215 = PRESENTATION_LAYER_ASSIGNMENT (  '', '', ( #1114 ) ) ;
#2216 = ORIENTED_EDGE ( 'NONE', *, *, #199, .F. ) ;
#2217 =( NAMED_UNIT ( * ) SI_UNIT ( $, .STERADIAN. ) SOLID_ANGLE_UNIT ( ) );
#2218 =( GEOMETRIC_REPRESENTATION_CONTEXT ( 3 ) GLOBAL_UNCERTAINTY_ASSIGNED_CONTEXT ( ( #1761 ) ) GLOBAL_UNIT_ASSIGNED_CONTEXT ( ( #8213, #3158, #9055 ) ) REPRESENTATION_CONTEXT ( 'NONE', 'WORKASPACE' ) );
#2219 = ORIENTED_EDGE ( 'NONE', *, *, #4621, .F. ) ;
#2220 = STYLED_ITEM ( 'NONE', ( #9018 ), #1429 ) ;
#2221 = CARTESIAN_POINT ( 'NONE',  ( 1.490000000000000000, -2.799999999999999400, -5.400000000000000400 ) ) ;
#2222 = CARTESIAN_POINT ( 'NONE',  ( 1.050000000000000000, 11.70000000000000100, -2.860000000000000300 ) ) ;
#2223 = LINE ( 'NONE', #950, #1965 ) ;
#2224 = PRESENTATION_STYLE_ASSIGNMENT (( #4850 ) ) ;
#2225 = ORIENTED_EDGE ( 'NONE', *, *, #1934, .F. ) ;
#2226 = FACE_OUTER_BOUND ( 'NONE', #5966, .T. ) ;
#2227 =( LENGTH_UNIT ( ) NAMED_UNIT ( * ) SI_UNIT ( .MILLI., .METRE. ) );
#2228 = CARTESIAN_POINT ( 'NONE',  ( -1.590000000000000300, -2.799999999999999400, -2.320000000000000300 ) ) ;
#2229 = FILL_AREA_STYLE_COLOUR ( '', #10280 ) ;
#2230 = UNCERTAINTY_MEASURE_WITH_UNIT (LENGTH_MEASURE( 1.000000000000000100E-005 ), #7566, 'distance_accuracy_value', 'NONE');
#2231 = ORIENTED_EDGE ( 'NONE', *, *, #3777, .T. ) ;
#2232 = VERTEX_POINT ( 'NONE', #8940 ) ;
#2233 = EDGE_CURVE ( 'NONE', #4649, #6772, #3599, .T. ) ;
#2234 = SURFACE_SIDE_STYLE ('',( #7675 ) ) ;
#2235 = ADVANCED_FACE ( 'NONE', ( #10318 ), #9794, .T. ) ;
#2236 = SURFACE_STYLE_USAGE ( .BOTH. , #7322 ) ;
#2237 =( NAMED_UNIT ( * ) SI_UNIT ( $, .STERADIAN. ) SOLID_ANGLE_UNIT ( ) );
#2238 = UNCERTAINTY_MEASURE_WITH_UNIT (LENGTH_MEASURE( 1.000000000000000100E-005 ), #9806, 'distance_accuracy_value', 'NONE');
#2239 = ORIENTED_EDGE ( 'NONE', *, *, #9238, .T. ) ;
#2240 = ORIENTED_EDGE ( 'NONE', *, *, #6526, .F. ) ;
#2241 = AXIS2_PLACEMENT_3D ( 'NONE', #721, #6681, #1589 ) ;
#2242 = VECTOR ( 'NONE', #2090, 1000.000000000000000 ) ;
#2243 = VECTOR ( 'NONE', #9825, 1000.000000000000000 ) ;
#2244 = EDGE_CURVE ( 'NONE', #10970, #649, #2782, .T. ) ;
#2245 = VERTEX_POINT ( 'NONE', #3123 ) ;
#2246 = ORIENTED_EDGE ( 'NONE', *, *, #6293, .F. ) ;
#2247 = LINE ( 'NONE', #2774, #6516 ) ;
#2248 = UNCERTAINTY_MEASURE_WITH_UNIT (LENGTH_MEASURE( 1.000000000000000100E-005 ), #2150, 'distance_accuracy_value', 'NONE');
#2249 = ADVANCED_FACE ( 'NONE', ( #7036 ), #9017, .T. ) ;
#2250 = DIRECTION ( 'NONE',  ( -1.000000000000000000, 0.0000000000000000000, 0.0000000000000000000 ) ) ;
#2251 = DIRECTION ( 'NONE',  ( -1.000000000000000000, 0.0000000000000000000, -1.232047923278982000E-016 ) ) ;
#2252 = DIRECTION ( 'NONE',  ( 0.7071067811865473500, -0.0000000000000000000, 0.7071067811865477900 ) ) ;
#2253 =( LENGTH_UNIT ( ) NAMED_UNIT ( * ) SI_UNIT ( .MILLI., .METRE. ) );
#2254 = ORIENTED_EDGE ( 'NONE', *, *, #1961, .T. ) ;
#2255 = VERTEX_POINT ( 'NONE', #3968 ) ;
#2256 = STYLED_ITEM ( 'NONE', ( #8946 ), #399 ) ;
#2257 = VECTOR ( 'NONE', #10416, 1000.000000000000100 ) ;
#2258 = CARTESIAN_POINT ( 'NONE',  ( -1.590000000000000300, 11.70000000000000100, -2.760000000000000200 ) ) ;
#2259 = ORIENTED_EDGE ( 'NONE', *, *, #7766, .T. ) ;
#2260 = DIRECTION ( 'NONE',  ( 0.0000000000000000000, 0.0000000000000000000, -1.000000000000000000 ) ) ;
#2261 = ORIENTED_EDGE ( 'NONE', *, *, #3500, .T. ) ;
#2262 = PLANE ( 'NONE',  #2429 ) ;
#2263 = PLANE ( 'NONE',  #5771 ) ;
#2264 = PLANE ( 'NONE',  #6714 ) ;
#2265 = CARTESIAN_POINT ( 'NONE',  ( 0.0000000000000000000, 11.70000000000000100, -12.70000000000000100 ) ) ;
#2266 = VERTEX_POINT ( 'NONE', #9053 ) ;
#2267 = ORIENTED_EDGE ( 'NONE', *, *, #7929, .T. ) ;
#2268 = SURFACE_STYLE_FILL_AREA ( #2803 ) ;
#2269 = SURFACE_SIDE_STYLE ('',( #389 ) ) ;
#2270 = SURFACE_STYLE_FILL_AREA ( #8665 ) ;
#2271 = ORIENTED_EDGE ( 'NONE', *, *, #4110, .F. ) ;
#2272 =( NAMED_UNIT ( * ) SI_UNIT ( $, .STERADIAN. ) SOLID_ANGLE_UNIT ( ) );
#2273 =( GEOMETRIC_REPRESENTATION_CONTEXT ( 3 ) GLOBAL_UNCERTAINTY_ASSIGNED_CONTEXT ( ( #7945 ) ) GLOBAL_UNIT_ASSIGNED_CONTEXT ( ( #7727, #2643, #8553 ) ) REPRESENTATION_CONTEXT ( 'NONE', 'WORKASPACE' ) );
#2274 = LINE ( 'NONE', #8246, #8760 ) ;
#2275 = ORIENTED_EDGE ( 'NONE', *, *, #4826, .F. ) ;
#2276 = DIRECTION ( 'NONE',  ( -0.7071067811865489100, -0.0000000000000000000, 0.7071067811865462400 ) ) ;
#2277 = FILL_AREA_STYLE_COLOUR ( '', #549 ) ;
#2278 = ORIENTED_EDGE ( 'NONE', *, *, #1895, .F. ) ;
#2279 = VECTOR ( 'NONE', #10247, 999.9999999999998900 ) ;
#2280 = LINE ( 'NONE', #6743, #4571 ) ;
#2281 = ORIENTED_EDGE ( 'NONE', *, *, #7569, .F. ) ;
#2282 = EDGE_CURVE ( 'NONE', #4239, #10017, #6229, .T. ) ;
#2283 = ORIENTED_EDGE ( 'NONE', *, *, #4612, .T. ) ;
#2284 = PRESENTATION_LAYER_ASSIGNMENT (  '', '', ( #1174 ) ) ;
#2285 = FILL_AREA_STYLE_COLOUR ( '', #4289 ) ;
#2286 = DIRECTION ( 'NONE',  ( -0.0000000000000000000, -0.0000000000000000000, -1.000000000000000000 ) ) ;
#2287 = CARTESIAN_POINT ( 'NONE',  ( 2.140000000000000100, 0.0000000000000000000, -19.05000000000000100 ) ) ;
#2288 = VECTOR ( 'NONE', #10306, 1000.000000000000100 ) ;
#2289 = CARTESIAN_POINT ( 'NONE',  ( 1.050000000000000000, -2.799999999999999400, -2.860000000000000300 ) ) ;
#2290 = STYLED_ITEM ( 'NONE', ( #10761 ), #3775 ) ;
#2291 = DIRECTION ( 'NONE',  ( -0.6782059721786390900, 0.0000000000000000000, -0.7348718659067219300 ) ) ;
#2292 = SURFACE_STYLE_USAGE ( .BOTH. , #7373 ) ;
#2293 = PRESENTATION_LAYER_ASSIGNMENT (  '', '', ( #1179 ) ) ;
#2294 = ADVANCED_FACE ( 'NONE', ( #3974 ), #6578, .T. ) ;
#2295 = STYLED_ITEM ( 'NONE', ( #9048 ), #1046 ) ;
#2296 = FACE_OUTER_BOUND ( 'NONE', #1478, .T. ) ;
#2297 = PLANE ( 'NONE',  #5853 ) ;
#2298 = PRESENTATION_LAYER_ASSIGNMENT (  '', '', ( #1185 ) ) ;
#2299 = SURFACE_STYLE_FILL_AREA ( #2122 ) ;
#2300 = CARTESIAN_POINT ( 'NONE',  ( 1.490000000000000000, 11.70000000000000100, -2.860000000000000300 ) ) ;
#2301 = FILL_AREA_STYLE ('',( #1457 ) ) ;
#2302 = DIRECTION ( 'NONE',  ( -1.000000000000000000, -0.0000000000000000000, -0.0000000000000000000 ) ) ;
#2303 = VECTOR ( 'NONE', #4316, 1000.000000000000100 ) ;
#2304 = CARTESIAN_POINT ( 'NONE',  ( -2.540000000000000000, 0.0000000000000000000, -13.60342105263158000 ) ) ;
#2305 = EDGE_CURVE ( 'NONE', #2464, #6601, #9626, .T. ) ;
#2306 = PLANE ( 'NONE',  #9874 ) ;
#2307 = CARTESIAN_POINT ( 'NONE',  ( 0.0000000000000000000, 11.70000000000000100, -12.70000000000000100 ) ) ;
#2308 = AXIS2_PLACEMENT_3D ( 'NONE', #4096, #9984, #4973 ) ;
#2309 = LINE ( 'NONE', #8032, #8789 ) ;
#2310 = DIRECTION ( 'NONE',  ( -0.0000000000000000000, -1.000000000000000000, -0.0000000000000000000 ) ) ;
#2311 = MECHANICAL_DESIGN_GEOMETRIC_PRESENTATION_REPRESENTATION (  '', ( #593 ), #2893 ) ;
#2312 = EDGE_CURVE ( 'NONE', #2523, #7668, #915, .T. ) ;
#2313 = VECTOR ( 'NONE', #5256, 1000.000000000000000 ) ;
#2314 = EDGE_CURVE ( 'NONE', #7668, #7536, #5450, .T. ) ;
#2315 = VECTOR ( 'NONE', #10071, 1000.000000000000100 ) ;
#2316 = LINE ( 'NONE', #8289, #5777 ) ;
#2317 = DIRECTION ( 'NONE',  ( -0.7071067811865481300, 0.0000000000000000000, -0.7071067811865470200 ) ) ;
#2318 =( NAMED_UNIT ( * ) PLANE_ANGLE_UNIT ( ) SI_UNIT ( $, .RADIAN. ) );
#2319 = CARTESIAN_POINT ( 'NONE',  ( -1.590000000000000300, -2.799999999999999400, -9.940000000000001300 ) ) ;
#2320 = MANIFOLD_SOLID_BREP ( 'LPattern3[9]', #6660 ) ;
#2321 = LINE ( 'NONE', #2192, #6848 ) ;
#2322 = COLOUR_RGB ( '',0.7960784313725489700, 0.8235294117647058400, 0.9372549019607843100 ) ;
#2323 =( NAMED_UNIT ( * ) SI_UNIT ( $, .STERADIAN. ) SOLID_ANGLE_UNIT ( ) );
#2324 = DIRECTION ( 'NONE',  ( 2.492418787322998300E-016, 0.0000000000000000000, 1.000000000000000000 ) ) ;
#2325 = SURFACE_STYLE_USAGE ( .BOTH. , #7400 ) ;
#2326 = VERTEX_POINT ( 'NONE', #4081 ) ;
#2327 = VERTEX_POINT ( 'NONE', #8313 ) ;
#2328 = PLANE ( 'NONE',  #785 ) ;
#2329 = CARTESIAN_POINT ( 'NONE',  ( -2.539999999999999600, 1.700000000000000000, -16.94342105263157800 ) ) ;
#2330 = VERTEX_POINT ( 'NONE', #9972 ) ;
#2331 = EDGE_CURVE ( 'NONE', #9767, #4065, #4106, .T. ) ;
#2332 = DIRECTION ( 'NONE',  ( 0.0000000000000000000, 0.0000000000000000000, -1.000000000000000000 ) ) ;
#2333 = CARTESIAN_POINT ( 'NONE',  ( 0.9499999999999999600, -2.799999999999999400, -7.400000000000000400 ) ) ;
#2334 = DIRECTION ( 'NONE',  ( -0.0000000000000000000, -0.0000000000000000000, -1.000000000000000000 ) ) ;
#2335 =( GEOMETRIC_REPRESENTATION_CONTEXT ( 3 ) GLOBAL_UNCERTAINTY_ASSIGNED_CONTEXT ( ( #5669 ) ) GLOBAL_UNIT_ASSIGNED_CONTEXT ( ( #7186, #2091, #8015 ) ) REPRESENTATION_CONTEXT ( 'NONE', 'WORKASPACE' ) );
#2336 = ORIENTED_EDGE ( 'NONE', *, *, #325, .F. ) ;
#2337 = ORIENTED_EDGE ( 'NONE', *, *, #7833, .T. ) ;
#2338 = FILL_AREA_STYLE_COLOUR ( '', #2100 ) ;
#2339 = DIRECTION ( 'NONE',  ( 0.0000000000000000000, 1.000000000000000000, 0.0000000000000000000 ) ) ;
#2340 =( LENGTH_UNIT ( ) NAMED_UNIT ( * ) SI_UNIT ( .MILLI., .METRE. ) );
#2341 = STYLED_ITEM ( 'NONE', ( #104 ), #10566 ) ;
#2342 =( NAMED_UNIT ( * ) PLANE_ANGLE_UNIT ( ) SI_UNIT ( $, .RADIAN. ) );
#2343 = VECTOR ( 'NONE', #8890, 1000.000000000000000 ) ;
#2344 = DIRECTION ( 'NONE',  ( 0.0000000000000000000, -0.0000000000000000000, 1.000000000000000000 ) ) ;
#2345 = FACE_OUTER_BOUND ( 'NONE', #9179, .T. ) ;
#2346 = CARTESIAN_POINT ( 'NONE',  ( 2.540000000000000900, 0.0000000000000000000, -11.03000000000000100 ) ) ;
#2347 = ADVANCED_FACE ( 'NONE', ( #6353 ), #10003, .T. ) ;
#2348 = EDGE_CURVE ( 'NONE', #5434, #7371, #3310, .T. ) ;
#2349 = ORIENTED_EDGE ( 'NONE', *, *, #1827, .F. ) ;
#2350 = FILL_AREA_STYLE_COLOUR ( '', #2185 ) ;
#2351 = VERTEX_POINT ( 'NONE', #6719 ) ;
#2352 = FILL_AREA_STYLE ('',( #644 ) ) ;
#2353 = EDGE_LOOP ( 'NONE', ( #7726, #2749, #7032, #3762 ) ) ;
#2354 = SURFACE_STYLE_USAGE ( .BOTH. , #7434 ) ;
#2355 = AXIS2_PLACEMENT_3D ( 'NONE', #6883, #1782, #7724 ) ;
#2356 = LINE ( 'NONE', #7044, #2084 ) ;
#2357 = ORIENTED_EDGE ( 'NONE', *, *, #10766, .T. ) ;
#2358 = PRESENTATION_LAYER_ASSIGNMENT (  '', '', ( #1237 ) ) ;
#2359 = ORIENTED_EDGE ( 'NONE', *, *, #6173, .T. ) ;
#2360 = ORIENTED_EDGE ( 'NONE', *, *, #7167, .F. ) ;
#2361 = SURFACE_STYLE_USAGE ( .BOTH. , #7441 ) ;
#2362 = CARTESIAN_POINT ( 'NONE',  ( 1.490000000000000000, -2.799999999999999400, -2.220000000000000200 ) ) ;
#2363 = DIRECTION ( 'NONE',  ( 0.0000000000000000000, 0.0000000000000000000, 1.000000000000000000 ) ) ;
#2364 = PRESENTATION_LAYER_ASSIGNMENT (  '', '', ( #1241 ) ) ;
#2365 = FILL_AREA_STYLE_COLOUR ( '', #7157 ) ;
#2366 = PRESENTATION_STYLE_ASSIGNMENT (( #4060 ) ) ;
#2367 = CARTESIAN_POINT ( 'NONE',  ( -1.050000000000000000, -2.799999999999999400, -12.38000000000000300 ) ) ;
#2368 = FACE_OUTER_BOUND ( 'NONE', #10161, .T. ) ;
#2369 = VERTEX_POINT ( 'NONE', #10909 ) ;
#2370 = FACE_OUTER_BOUND ( 'NONE', #4496, .T. ) ;
#2371 = DIRECTION ( 'NONE',  ( 0.0000000000000000000, -0.0000000000000000000, 1.000000000000000000 ) ) ;
#2372 =( LENGTH_UNIT ( ) NAMED_UNIT ( * ) SI_UNIT ( .MILLI., .METRE. ) );
#2373 = MECHANICAL_DESIGN_GEOMETRIC_PRESENTATION_REPRESENTATION (  '', ( #665 ), #2955 ) ;
#2374 =( NAMED_UNIT ( * ) SI_UNIT ( $, .STERADIAN. ) SOLID_ANGLE_UNIT ( ) );
#2375 = UNCERTAINTY_MEASURE_WITH_UNIT (LENGTH_MEASURE( 1.000000000000000100E-005 ), #7421, 'distance_accuracy_value', 'NONE');
#2376 = EDGE_LOOP ( 'NONE', ( #1654, #286, #67, #2740 ) ) ;
#2377 =( LENGTH_UNIT ( ) NAMED_UNIT ( * ) SI_UNIT ( .MILLI., .METRE. ) );
#2378 = VECTOR ( 'NONE', #7233, 1000.000000000000000 ) ;
#2379 = UNCERTAINTY_MEASURE_WITH_UNIT (LENGTH_MEASURE( 1.000000000000000100E-005 ), #9829, 'distance_accuracy_value', 'NONE');
#2380 = VERTEX_POINT ( 'NONE', #5030 ) ;
#2381 = LINE ( 'NONE', #10884, #6644 ) ;
#2382 = VECTOR ( 'NONE', #1955, 1000.000000000000000 ) ;
#2383 = EDGE_CURVE ( 'NONE', #2896, #4686, #7535, .T. ) ;
#2384 = DIRECTION ( 'NONE',  ( 1.232047923278982000E-016, 0.0000000000000000000, -1.000000000000000000 ) ) ;
#2385 =( GEOMETRIC_REPRESENTATION_CONTEXT ( 3 ) GLOBAL_UNCERTAINTY_ASSIGNED_CONTEXT ( ( #3419 ) ) GLOBAL_UNIT_ASSIGNED_CONTEXT ( ( #5835, #745, #6699 ) ) REPRESENTATION_CONTEXT ( 'NONE', 'WORKASPACE' ) );
#2386 = ORIENTED_EDGE ( 'NONE', *, *, #525, .T. ) ;
#2387 = DIRECTION ( 'NONE',  ( -1.000000000000000000, -0.0000000000000000000, -0.0000000000000000000 ) ) ;
#2388 = CARTESIAN_POINT ( 'NONE',  ( 2.020000000000001400, 0.2999999999999999900, -21.59000000000000000 ) ) ;
#2389 = ORIENTED_EDGE ( 'NONE', *, *, #5062, .T. ) ;
#2390 = EDGE_CURVE ( 'NONE', #1080, #4574, #5573, .T. ) ;
#2391 = ORIENTED_EDGE ( 'NONE', *, *, #6602, .T. ) ;
#2392 = VERTEX_POINT ( 'NONE', #7648 ) ;
#2393 = CARTESIAN_POINT ( 'NONE',  ( 2.140000000000000100, 1.700000000000000000, -8.890000000000000600 ) ) ;
#2394 = DIRECTION ( 'NONE',  ( -0.7071067811865462400, 0.0000000000000000000, -0.7071067811865489100 ) ) ;
#2395 = EDGE_CURVE ( 'NONE', #8400, #8240, #772, .T. ) ;
#2396 = MECHANICAL_DESIGN_GEOMETRIC_PRESENTATION_REPRESENTATION (  '', ( #694 ), #2980 ) ;
#2397 = VECTOR ( 'NONE', #2882, 1000.000000000000000 ) ;
#2398 = ORIENTED_EDGE ( 'NONE', *, *, #3143, .T. ) ;
#2399 = CARTESIAN_POINT ( 'NONE',  ( 1.590000000000000100, -2.799999999999999400, -5.300000000000000700 ) ) ;
#2400 = ORIENTED_EDGE ( 'NONE', *, *, #1407, .F. ) ;
#2401 = SURFACE_STYLE_FILL_AREA ( #9968 ) ;
#2402 = SURFACE_SIDE_STYLE ('',( #8832 ) ) ;
#2403 = CARTESIAN_POINT ( 'NONE',  ( -1.050000000000000000, 11.70000000000000100, 0.3199999999999999000 ) ) ;
#2404 = ADVANCED_FACE ( 'NONE', ( #9764 ), #1712, .T. ) ;
#2405 = STYLED_ITEM ( 'NONE', ( #10236 ), #5657 ) ;
#2406 = VERTEX_POINT ( 'NONE', #9320 ) ;
#2407 = DIRECTION ( 'NONE',  ( -0.0000000000000000000, -0.0000000000000000000, -1.000000000000000000 ) ) ;
#2408 = VECTOR ( 'NONE', #5199, 1000.000000000000000 ) ;
#2409 = FILL_AREA_STYLE_COLOUR ( '', #1444 ) ;
#2410 =( LENGTH_UNIT ( ) NAMED_UNIT ( * ) SI_UNIT ( .MILLI., .METRE. ) );
#2411 = PLANE ( 'NONE',  #5927 ) ;
#2412 = LINE ( 'NONE', #6856, #146 ) ;
#2413 = ORIENTED_EDGE ( 'NONE', *, *, #2178, .T. ) ;
#2414 = SURFACE_STYLE_FILL_AREA ( #10526 ) ;
#2415 = CARTESIAN_POINT ( 'NONE',  ( 2.140000000000001500, 0.0000000000000000000, -13.97000000000000100 ) ) ;
#2416 = DIRECTION ( 'NONE',  ( 0.7071067811865463500, -0.0000000000000000000, 0.7071067811865487900 ) ) ;
#2417 =( LENGTH_UNIT ( ) NAMED_UNIT ( * ) SI_UNIT ( .MILLI., .METRE. ) );
#2418 = LINE ( 'NONE', #780, #154 ) ;
#2419 =( LENGTH_UNIT ( ) NAMED_UNIT ( * ) SI_UNIT ( .MILLI., .METRE. ) );
#2420 = LINE ( 'NONE', #270, #2153 ) ;
#2421 = MECHANICAL_DESIGN_GEOMETRIC_PRESENTATION_REPRESENTATION (  '', ( #709 ), #2996 ) ;
#2422 = ORIENTED_EDGE ( 'NONE', *, *, #6447, .F. ) ;
#2423 = VECTOR ( 'NONE', #8391, 1000.000000000000000 ) ;
#2424 =( NAMED_UNIT ( * ) PLANE_ANGLE_UNIT ( ) SI_UNIT ( $, .RADIAN. ) );
#2425 = PRESENTATION_LAYER_ASSIGNMENT (  '', '', ( #1294 ) ) ;
#2426 = PRESENTATION_STYLE_ASSIGNMENT (( #5670 ) ) ;
#2427 = CARTESIAN_POINT ( 'NONE',  ( 0.9499999999999999600, 11.70000000000000100, -12.48000000000000200 ) ) ;
#2428 = EDGE_CURVE ( 'NONE', #9223, #4251, #8706, .T. ) ;
#2429 = AXIS2_PLACEMENT_3D ( 'NONE', #5696, #575, #6549 ) ;
#2430 = SURFACE_STYLE_USAGE ( .BOTH. , #7510 ) ;
#2431 = VECTOR ( 'NONE', #8140, 1000.000000000000000 ) ;
#2432 = DIRECTION ( 'NONE',  ( 0.0000000000000000000, 0.0000000000000000000, 1.000000000000000000 ) ) ;
#2433 = CARTESIAN_POINT ( 'NONE',  ( -1.490000000000000200, -2.799999999999999400, -17.46000000000000100 ) ) ;
#2434 =( NAMED_UNIT ( * ) SI_UNIT ( $, .STERADIAN. ) SOLID_ANGLE_UNIT ( ) );
#2435 = MECHANICAL_DESIGN_GEOMETRIC_PRESENTATION_REPRESENTATION (  '', ( #727 ), #3017 ) ;
#2436 = PLANE ( 'NONE',  #7604 ) ;
#2437 =( LENGTH_UNIT ( ) NAMED_UNIT ( * ) SI_UNIT ( .MILLI., .METRE. ) );
#2438 = PRESENTATION_STYLE_ASSIGNMENT (( #1130 ) ) ;
#2439 = LINE ( 'NONE', #10183, #2172 ) ;
#2440 = SURFACE_SIDE_STYLE ('',( #1505 ) ) ;
#2441 = LINE ( 'NONE', #6032, #6710 ) ;
#2442 = AXIS2_PLACEMENT_3D ( 'NONE', #10597, #5555, #438 ) ;
#2443 = DIRECTION ( 'NONE',  ( 0.0000000000000000000, 1.000000000000000000, 0.0000000000000000000 ) ) ;
#2444 = COLOUR_RGB ( '',0.7960784313725489700, 0.8235294117647058400, 0.9372549019607843100 ) ;
#2445 = CARTESIAN_POINT ( 'NONE',  ( -1.050000000000000000, -2.799999999999999400, -20.64000000000000100 ) ) ;
#2446 = CARTESIAN_POINT ( 'NONE',  ( -2.539999999999999600, 0.0000000000000000000, -1.703421052631578900 ) ) ;
#2447 = EDGE_CURVE ( 'NONE', #5683, #8698, #2223, .T. ) ;
#2448 = SURFACE_STYLE_USAGE ( .BOTH. , #7525 ) ;
#2449 = DIRECTION ( 'NONE',  ( -0.7071067811865481300, 0.0000000000000000000, -0.7071067811865470200 ) ) ;
#2450 = LINE ( 'NONE', #10979, #6984 ) ;
#2451 = LINE ( 'NONE', #9076, #4733 ) ;
#2452 = UNCERTAINTY_MEASURE_WITH_UNIT (LENGTH_MEASURE( 1.000000000000000100E-005 ), #5615, 'distance_accuracy_value', 'NONE');
#2453 = LINE ( 'NONE', #2148, #189 ) ;
#2454 =( GEOMETRIC_REPRESENTATION_CONTEXT ( 3 ) GLOBAL_UNCERTAINTY_ASSIGNED_CONTEXT ( ( #1116 ) ) GLOBAL_UNIT_ASSIGNED_CONTEXT ( ( #2733, #8628, #3598 ) ) REPRESENTATION_CONTEXT ( 'NONE', 'WORKASPACE' ) );
#2455 = STYLED_ITEM ( 'NONE', ( #8456 ), #5152 ) ;
#2456 = EDGE_CURVE ( 'NONE', #4949, #4337, #6489, .T. ) ;
#2457 = VERTEX_POINT ( 'NONE', #6889 ) ;
#2458 = LINE ( 'NONE', #7798, #8934 ) ;
#2459 = EDGE_LOOP ( 'NONE', ( #9506, #2917, #9926, #8203 ) ) ;
#2460 = EDGE_CURVE ( 'NONE', #8240, #2470, #10704, .T. ) ;
#2461 = FILL_AREA_STYLE ('',( #1610 ) ) ;
#2462 = ADVANCED_FACE ( 'NONE', ( #3963 ), #4375, .T. ) ;
#2463 = ORIENTED_EDGE ( 'NONE', *, *, #1622, .F. ) ;
#2464 = VERTEX_POINT ( 'NONE', #5243 ) ;
#2465 = DIRECTION ( 'NONE',  ( 0.7071067811865489100, 0.0000000000000000000, 0.7071067811865461300 ) ) ;
#2466 = CARTESIAN_POINT ( 'NONE',  ( -1.590000000000000300, 11.70000000000000100, -7.400000000000000400 ) ) ;
#2467 = COLOUR_RGB ( '',0.7960784313725489700, 0.8235294117647058400, 0.9372549019607843100 ) ;
#2468 = MECHANICAL_DESIGN_GEOMETRIC_PRESENTATION_REPRESENTATION (  '', ( #761 ), #3043 ) ;
#2469 = SURFACE_SIDE_STYLE ('',( #828 ) ) ;
#2470 = VERTEX_POINT ( 'NONE', #152 ) ;
#2471 =( NAMED_UNIT ( * ) SI_UNIT ( $, .STERADIAN. ) SOLID_ANGLE_UNIT ( ) );
#2472 = DIRECTION ( 'NONE',  ( -0.7071067811865482400, 0.0000000000000000000, -0.7071067811865469100 ) ) ;
#2473 = VECTOR ( 'NONE', #836, 1000.000000000000000 ) ;
#2474 = CARTESIAN_POINT ( 'NONE',  ( 0.9499999999999999600, 11.70000000000000100, -2.760000000000000200 ) ) ;
#2475 = CARTESIAN_POINT ( 'NONE',  ( 0.9499999999999999600, 11.70000000000000100, -18.00000000000000400 ) ) ;
#2477 = CARTESIAN_POINT ( 'NONE',  ( 1.050000000000000000, 11.70000000000000100, -18.10000000000000100 ) ) ;
#2476 = PRESENTATION_STYLE_ASSIGNMENT (( #7012 ) ) ;
#2478 = CARTESIAN_POINT ( 'NONE',  ( 0.0000000000000000000, 11.70000000000000100, -20.32000000000000000 ) ) ;
#2479 = ORIENTED_EDGE ( 'NONE', *, *, #5937, .T. ) ;
#2480 = ORIENTED_EDGE ( 'NONE', *, *, #715, .T. ) ;
#2481 = DIRECTION ( 'NONE',  ( 0.0000000000000000000, 0.0000000000000000000, 1.000000000000000000 ) ) ;
#2482 = DIRECTION ( 'NONE',  ( -1.000000000000000000, -0.0000000000000000000, -0.0000000000000000000 ) ) ;
#2483 = FILL_AREA_STYLE ('',( #1662 ) ) ;
#2484 = CARTESIAN_POINT ( 'NONE',  ( 2.140000000000000100, 1.700000000000000000, -1.270000000000000000 ) ) ;
#2485 = ORIENTED_EDGE ( 'NONE', *, *, #1810, .F. ) ;
#2486 = MECHANICAL_DESIGN_GEOMETRIC_PRESENTATION_REPRESENTATION (  '', ( #1354 ), #3064 ) ;
#2487 = CARTESIAN_POINT ( 'NONE',  ( -0.9499999999999999600, 11.70000000000000100, 0.2200000000000000800 ) ) ;
#2488 = LINE ( 'NONE', #728, #6745 ) ;
#2489 =( GEOMETRIC_REPRESENTATION_CONTEXT ( 3 ) GLOBAL_UNCERTAINTY_ASSIGNED_CONTEXT ( ( #3283 ) ) GLOBAL_UNIT_ASSIGNED_CONTEXT ( ( #6911, #1807, #7750 ) ) REPRESENTATION_CONTEXT ( 'NONE', 'WORKASPACE' ) );
#2490 = ORIENTED_EDGE ( 'NONE', *, *, #9543, .T. ) ;
#2491 = ORIENTED_EDGE ( 'NONE', *, *, #10649, .T. ) ;
#2492 = FACE_OUTER_BOUND ( 'NONE', #6739, .T. ) ;
#2493 =( GEOMETRIC_REPRESENTATION_CONTEXT ( 3 ) GLOBAL_UNCERTAINTY_ASSIGNED_CONTEXT ( ( #742 ) ) GLOBAL_UNIT_ASSIGNED_CONTEXT ( ( #3269, #9162, #4124 ) ) REPRESENTATION_CONTEXT ( 'NONE', 'WORKASPACE' ) );
#2494 =( NAMED_UNIT ( * ) PLANE_ANGLE_UNIT ( ) SI_UNIT ( $, .RADIAN. ) );
#2495 = COLOUR_RGB ( '',0.7960784313725489700, 0.8235294117647058400, 0.9372549019607843100 ) ;
#2496 = EDGE_CURVE ( 'NONE', #10437, #8673, #9618, .T. ) ;
#2497 = PLANE ( 'NONE',  #3676 ) ;
#2498 = VECTOR ( 'NONE', #8136, 1000.000000000000000 ) ;
#2499 = DIRECTION ( 'NONE',  ( 1.000000000000000000, 0.0000000000000000000, 1.232047923278982200E-016 ) ) ;
#2500 = ORIENTED_EDGE ( 'NONE', *, *, #624, .F. ) ;
#2501 = LINE ( 'NONE', #701, #9224 ) ;
#2502 = CARTESIAN_POINT ( 'NONE',  ( -1.490000000000000200, -2.799999999999999400, -17.46000000000000100 ) ) ;
#2503 = ORIENTED_EDGE ( 'NONE', *, *, #5417, .F. ) ;
#2504 = AXIS2_PLACEMENT_3D ( 'NONE', #3241, #9136, #4094 ) ;
#2505 = CARTESIAN_POINT ( 'NONE',  ( -0.9499999999999999600, 11.70000000000000100, -7.839999999999999900 ) ) ;
#2506 = DIRECTION ( 'NONE',  ( 0.7071067811865474600, 0.0000000000000000000, 0.7071067811865474600 ) ) ;
#2507 =( LENGTH_UNIT ( ) NAMED_UNIT ( * ) SI_UNIT ( .MILLI., .METRE. ) );
#2508 = ORIENTED_EDGE ( 'NONE', *, *, #1959, .T. ) ;
#2509 = ORIENTED_EDGE ( 'NONE', *, *, #5113, .T. ) ;
#2510 = LINE ( 'NONE', #1695, #7039 ) ;
#2511 = LINE ( 'NONE', #6326, #7040 ) ;
#2512 = DIRECTION ( 'NONE',  ( 0.0000000000000000000, 1.000000000000000000, 0.0000000000000000000 ) ) ;
#2513 = DIRECTION ( 'NONE',  ( 0.0000000000000000000, 1.000000000000000000, 0.0000000000000000000 ) ) ;
#2514 = ADVANCED_FACE ( 'NONE', ( #7393 ), #6967, .T. ) ;
#2515 = UNCERTAINTY_MEASURE_WITH_UNIT (LENGTH_MEASURE( 1.000000000000000100E-005 ), #4386, 'distance_accuracy_value', 'NONE');
#2516 = ORIENTED_EDGE ( 'NONE', *, *, #384, .T. ) ;
#2517 = ORIENTED_EDGE ( 'NONE', *, *, #6708, .F. ) ;
#2518 = EDGE_CURVE ( 'NONE', #8096, #794, #8831, .T. ) ;
#2519 =( NAMED_UNIT ( * ) PLANE_ANGLE_UNIT ( ) SI_UNIT ( $, .RADIAN. ) );
#2520 = STYLED_ITEM ( 'NONE', ( #2426 ), #2758 ) ;
#2521 = VECTOR ( 'NONE', #3582, 1000.000000000000000 ) ;
#2522 = UNCERTAINTY_MEASURE_WITH_UNIT (LENGTH_MEASURE( 1.000000000000000100E-005 ), #9472, 'distance_accuracy_value', 'NONE');
#2523 = VERTEX_POINT ( 'NONE', #2765 ) ;
#2524 =( LENGTH_UNIT ( ) NAMED_UNIT ( * ) SI_UNIT ( .MILLI., .METRE. ) );
#2525 = PLANE ( 'NONE',  #1793 ) ;
#2526 = PRESENTATION_LAYER_ASSIGNMENT (  '', '', ( #1389 ) ) ;
#2527 = PLANE ( 'NONE',  #1718 ) ;
#2528 = EDGE_CURVE ( 'NONE', #4291, #1401, #10835, .T. ) ;
#2529 = SURFACE_STYLE_USAGE ( .BOTH. , #7601 ) ;
#2531 = ORIENTED_EDGE ( 'NONE', *, *, #7638, .T. ) ;
#2530 = DIRECTION ( 'NONE',  ( 1.000000000000000000, 0.0000000000000000000, 0.0000000000000000000 ) ) ;
#2532 = EDGE_CURVE ( 'NONE', #7639, #8400, #2088, .T. ) ;
#2533 = ORIENTED_EDGE ( 'NONE', *, *, #2675, .T. ) ;
#2534 = DIRECTION ( 'NONE',  ( -0.0000000000000000000, 1.000000000000000000, 0.0000000000000000000 ) ) ;
#2535 = EDGE_LOOP ( 'NONE', ( #7710, #7489, #4119, #10750 ) ) ;
#2536 = ORIENTED_EDGE ( 'NONE', *, *, #7638, .F. ) ;
#2537 = VECTOR ( 'NONE', #720, 1000.000000000000000 ) ;
#2538 = SURFACE_STYLE_FILL_AREA ( #2587 ) ;
#2539 = ORIENTED_EDGE ( 'NONE', *, *, #4341, .T. ) ;
#2540 = ORIENTED_EDGE ( 'NONE', *, *, #5778, .F. ) ;
#2541 = CARTESIAN_POINT ( 'NONE',  ( -1.590000000000000300, -2.799999999999999400, -12.92000000000000200 ) ) ;
#2542 = ORIENTED_EDGE ( 'NONE', *, *, #244, .F. ) ;
#2543 = VECTOR ( 'NONE', #4489, 1000.000000000000000 ) ;
#2544 = LINE ( 'NONE', #9476, #4564 ) ;
#2545 =( NAMED_UNIT ( * ) PLANE_ANGLE_UNIT ( ) SI_UNIT ( $, .RADIAN. ) );
#2546 = ORIENTED_EDGE ( 'NONE', *, *, #640, .F. ) ;
#2547 = SURFACE_STYLE_FILL_AREA ( #2352 ) ;
#2548 = SURFACE_STYLE_FILL_AREA ( #4724 ) ;
#2549 = FILL_AREA_STYLE_COLOUR ( '', #4757 ) ;
#2550 =( LENGTH_UNIT ( ) NAMED_UNIT ( * ) SI_UNIT ( .MILLI., .METRE. ) );
#2551 = CARTESIAN_POINT ( 'NONE',  ( 0.9499999999999999600, -2.799999999999999400, -7.400000000000000400 ) ) ;
#2552 = VERTEX_POINT ( 'NONE', #227 ) ;
#2553 = FILL_AREA_STYLE ('',( #7624 ) ) ;
#2554 = EDGE_CURVE ( 'NONE', #4343, #6930, #1820, .T. ) ;
#2555 = DIRECTION ( 'NONE',  ( 0.0000000000000000000, 1.000000000000000000, 0.0000000000000000000 ) ) ;
#2556 = LINE ( 'NONE', #58, #7076 ) ;
#2557 = DIRECTION ( 'NONE',  ( 0.0000000000000000000, 0.0000000000000000000, -1.000000000000000000 ) ) ;
#2558 = MECHANICAL_DESIGN_GEOMETRIC_PRESENTATION_REPRESENTATION (  '', ( #846 ), #3133 ) ;
#2559 = VECTOR ( 'NONE', #9340, 1000.000000000000100 ) ;
#2560 =( GEOMETRIC_REPRESENTATION_CONTEXT ( 3 ) GLOBAL_UNCERTAINTY_ASSIGNED_CONTEXT ( ( #972 ) ) GLOBAL_UNIT_ASSIGNED_CONTEXT ( ( #8750, #3723, #9587 ) ) REPRESENTATION_CONTEXT ( 'NONE', 'WORKASPACE' ) );
#2561 = DIRECTION ( 'NONE',  ( 1.000000000000000000, 0.0000000000000000000, 1.232047923278982200E-016 ) ) ;
#2562 = COLOUR_RGB ( '',0.7960784313725489700, 0.8235294117647058400, 0.9372549019607843100 ) ;
#2563 = VECTOR ( 'NONE', #2339, 1000.000000000000000 ) ;
#2564 = CARTESIAN_POINT ( 'NONE',  ( 1.490000000000000000, 11.70000000000000100, -17.46000000000000100 ) ) ;
#2565 = CARTESIAN_POINT ( 'NONE',  ( -2.539999999999999600, 1.700000000000000000, -19.48342105263158100 ) ) ;
#2566 = EDGE_CURVE ( 'NONE', #5955, #10036, #6341, .T. ) ;
#2567 = COLOUR_RGB ( '',0.7960784313725489700, 0.8235294117647058400, 0.9372549019607843100 ) ;
#2568 = CARTESIAN_POINT ( 'NONE',  ( 1.590000000000000100, 11.70000000000000100, -5.300000000000000700 ) ) ;
#2569 = STYLED_ITEM ( 'NONE', ( #8346 ), #7049 ) ;
#2570 = VECTOR ( 'NONE', #9590, 1000.000000000000000 ) ;
#2571 = DIRECTION ( 'NONE',  ( -0.0000000000000000000, -0.0000000000000000000, -1.000000000000000000 ) ) ;
#2572 = ADVANCED_FACE ( 'NONE', ( #6618 ), #9545, .F. ) ;
#2573 =( NAMED_UNIT ( * ) SI_UNIT ( $, .STERADIAN. ) SOLID_ANGLE_UNIT ( ) );
#2574 = PLANE ( 'NONE',  #7708 ) ;
#2575 = STYLED_ITEM ( 'NONE', ( #4332 ), #8236 ) ;
#2576 = DIRECTION ( 'NONE',  ( -0.0000000000000000000, -0.0000000000000000000, -1.000000000000000000 ) ) ;
#2577 = SURFACE_SIDE_STYLE ('',( #7975 ) ) ;
#2578 = PRESENTATION_STYLE_ASSIGNMENT (( #9170 ) ) ;
#2579 = AXIS2_PLACEMENT_3D ( 'NONE', #4092, #9981, #4969 ) ;
#2580 = DIRECTION ( 'NONE',  ( -0.0000000000000000000, -1.000000000000000000, -0.0000000000000000000 ) ) ;
#2581 = UNCERTAINTY_MEASURE_WITH_UNIT (LENGTH_MEASURE( 1.000000000000000100E-005 ), #4137, 'distance_accuracy_value', 'NONE');
#2582 = CARTESIAN_POINT ( 'NONE',  ( -1.490000000000000200, 11.70000000000000100, -14.92000000000000200 ) ) ;
#2583 = LINE ( 'NONE', #7743, #7104 ) ;
#2584 = STYLED_ITEM ( 'NONE', ( #417 ), #9832 ) ;
#2585 = SURFACE_STYLE_USAGE ( .BOTH. , #7654 ) ;
#2586 = LINE ( 'NONE', #2329, #317 ) ;
#2587 = FILL_AREA_STYLE ('',( #9290 ) ) ;
#2588 = CARTESIAN_POINT ( 'NONE',  ( 1.490000000000000000, -2.799999999999999400, -20.00000000000000000 ) ) ;
#2589 = CARTESIAN_POINT ( 'NONE',  ( 1.050000000000000000, -2.799999999999999400, -14.92000000000000200 ) ) ;
#2590 = UNCERTAINTY_MEASURE_WITH_UNIT (LENGTH_MEASURE( 1.000000000000000100E-005 ), #7028, 'distance_accuracy_value', 'NONE');
#2591 = DIRECTION ( 'NONE',  ( 0.0000000000000000000, 0.0000000000000000000, -1.000000000000000000 ) ) ;
#2592 = PRESENTATION_LAYER_ASSIGNMENT (  '', '', ( #1458 ) ) ;
#2593 = PLANE ( 'NONE',  #6846 ) ;
#2594 =( GEOMETRIC_REPRESENTATION_CONTEXT ( 3 ) GLOBAL_UNCERTAINTY_ASSIGNED_CONTEXT ( ( #9894 ) ) GLOBAL_UNIT_ASSIGNED_CONTEXT ( ( #5091, #10969, #5920 ) ) REPRESENTATION_CONTEXT ( 'NONE', 'WORKASPACE' ) );
#2595 = EDGE_LOOP ( 'NONE', ( #6487, #3927, #4059, #1021, #5423, #5459, #3903, #1567 ) ) ;
#2596 = UNCERTAINTY_MEASURE_WITH_UNIT (LENGTH_MEASURE( 1.000000000000000100E-005 ), #7160, 'distance_accuracy_value', 'NONE');
#2597 = VECTOR ( 'NONE', #9636, 1000.000000000000000 ) ;
#2598 =( LENGTH_UNIT ( ) NAMED_UNIT ( * ) SI_UNIT ( .MILLI., .METRE. ) );
#2599 = VECTOR ( 'NONE', #8993, 1000.000000000000100 ) ;
#2600 = ORIENTED_EDGE ( 'NONE', *, *, #9671, .F. ) ;
#2601 = ORIENTED_EDGE ( 'NONE', *, *, #262, .F. ) ;
#2602 = EDGE_CURVE ( 'NONE', #8951, #8956, #7527, .T. ) ;
#2603 =( LENGTH_UNIT ( ) NAMED_UNIT ( * ) SI_UNIT ( .MILLI., .METRE. ) );
#2604 =( NAMED_UNIT ( * ) SI_UNIT ( $, .STERADIAN. ) SOLID_ANGLE_UNIT ( ) );
#2605 = ORIENTED_EDGE ( 'NONE', *, *, #10621, .F. ) ;
#2606 = MECHANICAL_DESIGN_GEOMETRIC_PRESENTATION_REPRESENTATION (  '', ( #1469 ), #3179 ) ;
#2607 = FACE_OUTER_BOUND ( 'NONE', #6544, .T. ) ;
#2608 = MECHANICAL_DESIGN_GEOMETRIC_PRESENTATION_REPRESENTATION (  '', ( #897 ), #3184 ) ;
#2609 = DIRECTION ( 'NONE',  ( 0.7071067811865481300, 0.0000000000000000000, -0.7071067811865470200 ) ) ;
#2610 = EDGE_CURVE ( 'NONE', #3202, #10315, #3030, .T. ) ;
#2611 = CARTESIAN_POINT ( 'NONE',  ( 2.540000000000000900, 1.700000000000000000, -18.64999999999999900 ) ) ;
#2612 = VERTEX_POINT ( 'NONE', #301 ) ;
#2613 = DIRECTION ( 'NONE',  ( 0.0000000000000000000, -0.0000000000000000000, -1.000000000000000000 ) ) ;
#2614 = ORIENTED_EDGE ( 'NONE', *, *, #3629, .T. ) ;
#2615 = DIRECTION ( 'NONE',  ( -0.0000000000000000000, -1.000000000000000000, -0.0000000000000000000 ) ) ;
#2616 = EDGE_CURVE ( 'NONE', #1401, #6700, #5043, .T. ) ;
#2617 = PRESENTATION_LAYER_ASSIGNMENT (  '', '', ( #1483 ) ) ;
#2618 = CARTESIAN_POINT ( 'NONE',  ( 1.590000000000000100, -2.799999999999999400, -12.92000000000000200 ) ) ;
#2619 =( NAMED_UNIT ( * ) SI_UNIT ( $, .STERADIAN. ) SOLID_ANGLE_UNIT ( ) );
#2620 = MECHANICAL_DESIGN_GEOMETRIC_PRESENTATION_REPRESENTATION (  '', ( #7722 ), #3201 ) ;
#2621 = ORIENTED_EDGE ( 'NONE', *, *, #7218, .T. ) ;
#2622 = ORIENTED_EDGE ( 'NONE', *, *, #900, .F. ) ;
#2623 = FACE_OUTER_BOUND ( 'NONE', #10479, .T. ) ;
#2624 = DIRECTION ( 'NONE',  ( 0.0000000000000000000, 1.000000000000000000, 0.0000000000000000000 ) ) ;
#2625 = DIRECTION ( 'NONE',  ( 0.7071067811865473500, 0.0000000000000000000, -0.7071067811865477900 ) ) ;
#2626 = SURFACE_SIDE_STYLE ('',( #5655 ) ) ;
#2627 = ORIENTED_EDGE ( 'NONE', *, *, #10689, .F. ) ;
#2628 = DIRECTION ( 'NONE',  ( 0.0000000000000000000, 0.0000000000000000000, -1.000000000000000000 ) ) ;
#2629 = FILL_AREA_STYLE_COLOUR ( '', #1768 ) ;
#2630 = ADVANCED_FACE ( 'NONE', ( #475 ), #1182, .T. ) ;
#2631 = ORIENTED_EDGE ( 'NONE', *, *, #1190, .T. ) ;
#2632 = VECTOR ( 'NONE', #2482, 1000.000000000000000 ) ;
#2633 = DIRECTION ( 'NONE',  ( 0.7372346670543746800, 0.0000000000000000000, -0.6756367705307528800 ) ) ;
#2634 = STYLED_ITEM ( 'NONE', ( #7453 ), #6612 ) ;
#2635 = LINE ( 'NONE', #631, #4379 ) ;
#2636 = DIRECTION ( 'NONE',  ( -0.0000000000000000000, -1.000000000000000000, -0.0000000000000000000 ) ) ;
#2637 = DIRECTION ( 'NONE',  ( 0.0000000000000000000, 0.0000000000000000000, 1.000000000000000000 ) ) ;
#2638 = SURFACE_SIDE_STYLE ('',( #3105 ) ) ;
#2639 = AXIS2_PLACEMENT_3D ( 'NONE', #3657, #9529, #4505 ) ;
#2640 = ORIENTED_EDGE ( 'NONE', *, *, #3821, .T. ) ;
#2641 = SURFACE_STYLE_FILL_AREA ( #4814 ) ;
#2642 = FILL_AREA_STYLE ('',( #6536 ) ) ;
#2643 =( NAMED_UNIT ( * ) PLANE_ANGLE_UNIT ( ) SI_UNIT ( $, .RADIAN. ) );
#2644 = EDGE_CURVE ( 'NONE', #3054, #1151, #6166, .T. ) ;
#2645 = ORIENTED_EDGE ( 'NONE', *, *, #7449, .T. ) ;
#2646 = DIRECTION ( 'NONE',  ( 0.0000000000000000000, -0.0000000000000000000, -1.000000000000000000 ) ) ;
#2647 = FILL_AREA_STYLE_COLOUR ( '', #8220 ) ;
#2648 = STYLED_ITEM ( 'NONE', ( #10782 ), #9435 ) ;
#2649 = COLOUR_RGB ( '',0.7921568627450980000, 0.8196078431372548800, 0.9333333333333333500 ) ;
#2650 =( NAMED_UNIT ( * ) PLANE_ANGLE_UNIT ( ) SI_UNIT ( $, .RADIAN. ) );
#2651 = VECTOR ( 'NONE', #6390, 1000.000000000000000 ) ;
#2652 = VECTOR ( 'NONE', #6957, 1000.000000000000000 ) ;
#2653 = ORIENTED_EDGE ( 'NONE', *, *, #3395, .T. ) ;
#2654 = VERTEX_POINT ( 'NONE', #3784 ) ;
#2655 = DIRECTION ( 'NONE',  ( -0.0000000000000000000, -0.0000000000000000000, -1.000000000000000000 ) ) ;
#2656 = PRESENTATION_LAYER_ASSIGNMENT (  '', '', ( #1516 ) ) ;
#2657 =( GEOMETRIC_REPRESENTATION_CONTEXT ( 3 ) GLOBAL_UNCERTAINTY_ASSIGNED_CONTEXT ( ( #1757 ) ) GLOBAL_UNIT_ASSIGNED_CONTEXT ( ( #3703, #9569, #4551 ) ) REPRESENTATION_CONTEXT ( 'NONE', 'WORKASPACE' ) );
#2658 = DIRECTION ( 'NONE',  ( -0.7071067811865461300, 0.0000000000000000000, 0.7071067811865489100 ) ) ;
#2659 = PRESENTATION_LAYER_ASSIGNMENT (  '', '', ( #1522 ) ) ;
#2660 = PLANE ( 'NONE',  #5543 ) ;
#2661 = UNCERTAINTY_MEASURE_WITH_UNIT (LENGTH_MEASURE( 1.000000000000000100E-005 ), #1620, 'distance_accuracy_value', 'NONE');
#2662 = VERTEX_POINT ( 'NONE', #2878 ) ;
#2663 = CARTESIAN_POINT ( 'NONE',  ( -1.490000000000000200, -2.799999999999999400, -20.00000000000000000 ) ) ;
#2664 = PLANE ( 'NONE',  #1423 ) ;
#2665 = DIRECTION ( 'NONE',  ( 0.7071067811865470200, 0.0000000000000000000, -0.7071067811865481300 ) ) ;
#2666 = VECTOR ( 'NONE', #10167, 1000.000000000000000 ) ;
#2667 = PRESENTATION_STYLE_ASSIGNMENT (( #8193 ) ) ;
#2668 =( GEOMETRIC_REPRESENTATION_CONTEXT ( 3 ) GLOBAL_UNCERTAINTY_ASSIGNED_CONTEXT ( ( #8615 ) ) GLOBAL_UNIT_ASSIGNED_CONTEXT ( ( #260, #6211, #1147 ) ) REPRESENTATION_CONTEXT ( 'NONE', 'WORKASPACE' ) );
#2669 = MANIFOLD_SOLID_BREP ( 'Boss-Extrude2[1]', #115 ) ;
#2670 = ORIENTED_EDGE ( 'NONE', *, *, #3766, .F. ) ;
#2671 = ORIENTED_EDGE ( 'NONE', *, *, #1668, .T. ) ;
#2672 = DIRECTION ( 'NONE',  ( -1.232047923278982000E-016, 0.0000000000000000000, 1.000000000000000000 ) ) ;
#2673 = SURFACE_STYLE_FILL_AREA ( #8600 ) ;
#2674 =( NAMED_UNIT ( * ) SI_UNIT ( $, .STERADIAN. ) SOLID_ANGLE_UNIT ( ) );
#2675 = EDGE_CURVE ( 'NONE', #20, #2351, #842, .T. ) ;
#2676 = ORIENTED_EDGE ( 'NONE', *, *, #8546, .F. ) ;
#2677 = MECHANICAL_DESIGN_GEOMETRIC_PRESENTATION_REPRESENTATION (  '', ( #973 ), #3246 ) ;
#2678 = EDGE_LOOP ( 'NONE', ( #650, #128, #4835, #3918, #8366, #7509, #9505, #6949 ) ) ;
#2679 =( NAMED_UNIT ( * ) PLANE_ANGLE_UNIT ( ) SI_UNIT ( $, .RADIAN. ) );
#2680 = DIRECTION ( 'NONE',  ( -0.0000000000000000000, -0.0000000000000000000, 1.000000000000000000 ) ) ;
#2681 = FACE_OUTER_BOUND ( 'NONE', #4147, .T. ) ;
#2682 = VERTEX_POINT ( 'NONE', #9688 ) ;
#2683 = EDGE_CURVE ( 'NONE', #92, #8618, #5120, .T. ) ;
#2684 = ORIENTED_EDGE ( 'NONE', *, *, #6748, .T. ) ;
#2685 = SURFACE_STYLE_FILL_AREA ( #4184 ) ;
#2686 = EDGE_CURVE ( 'NONE', #1725, #3547, #7344, .T. ) ;
#2687 = SURFACE_STYLE_FILL_AREA ( #5718 ) ;
#2688 =( NAMED_UNIT ( * ) SI_UNIT ( $, .STERADIAN. ) SOLID_ANGLE_UNIT ( ) );
#2689 = ORIENTED_EDGE ( 'NONE', *, *, #10610, .F. ) ;
#2690 = DIRECTION ( 'NONE',  ( 0.0000000000000000000, 1.000000000000000000, 0.0000000000000000000 ) ) ;
#2691 = LINE ( 'NONE', #7691, #7198 ) ;
#2692 = PRESENTATION_LAYER_ASSIGNMENT (  '', '', ( #1545 ) ) ;
#2693 = ORIENTED_EDGE ( 'NONE', *, *, #7882, .T. ) ;
#2694 = SURFACE_SIDE_STYLE ('',( #10892 ) ) ;
#2695 = ADVANCED_FACE ( 'NONE', ( #3908 ), #1280, .T. ) ;
#2696 = SURFACE_SIDE_STYLE ('',( #1141 ) ) ;
#2697 = COLOUR_RGB ( '',0.0000000000000000000, 0.003921568627450980300, 0.09019607843137254800 ) ;
#2698 = CARTESIAN_POINT ( 'NONE',  ( 0.9499999999999999600, -2.799999999999999400, -7.839999999999999900 ) ) ;
#2699 =( NAMED_UNIT ( * ) SI_UNIT ( $, .STERADIAN. ) SOLID_ANGLE_UNIT ( ) );
#2700 = DIRECTION ( 'NONE',  ( 0.0000000000000000000, 1.000000000000000000, 0.0000000000000000000 ) ) ;
#2701 = LINE ( 'NONE', #5080, #6951 ) ;
#2702 = FILL_AREA_STYLE_COLOUR ( '', #1107 ) ;
#2703 =( LENGTH_UNIT ( ) NAMED_UNIT ( * ) SI_UNIT ( .MILLI., .METRE. ) );
#2704 = DIRECTION ( 'NONE',  ( 0.7071067811865477900, 0.0000000000000000000, -0.7071067811865473500 ) ) ;
#2705 = FILL_AREA_STYLE ('',( #7811 ) ) ;
#2706 = LINE ( 'NONE', #10008, #2423 ) ;
#2707 = CARTESIAN_POINT ( 'NONE',  ( 2.540000000000000900, 1.700000000000000000, -3.410000000000000600 ) ) ;
#2708 = PLANE ( 'NONE',  #4857 ) ;
#2709 = EDGE_CURVE ( 'NONE', #9663, #6180, #6289, .T. ) ;
#2710 = ADVANCED_FACE ( 'NONE', ( #2043 ), #3023, .T. ) ;
#2711 = PLANE ( 'NONE',  #8274 ) ;
#2712 = DIRECTION ( 'NONE',  ( -0.0000000000000000000, -1.000000000000000000, -0.0000000000000000000 ) ) ;
#2713 = STYLED_ITEM ( 'NONE', ( #6626 ), #6206 ) ;
#2714 = MECHANICAL_DESIGN_GEOMETRIC_PRESENTATION_REPRESENTATION (  '', ( #1013 ), #3282 ) ;
#2715 = AXIS2_PLACEMENT_3D ( 'NONE', #2182, #8104, #3047 ) ;
#2716 = CARTESIAN_POINT ( 'NONE',  ( -1.490000000000000200, -2.799999999999999400, -20.00000000000000000 ) ) ;
#2717 = CARTESIAN_POINT ( 'NONE',  ( -0.9499999999999999600, 11.70000000000000100, -12.92000000000000200 ) ) ;
#2718 = VECTOR ( 'NONE', #8682, 1000.000000000000100 ) ;
#2719 = EDGE_CURVE ( 'NONE', #2392, #10739, #988, .T. ) ;
#2720 = FILL_AREA_STYLE ('',( #9429 ) ) ;
#2721 = FILL_AREA_STYLE ('',( #6100 ) ) ;
#2722 = COLOUR_RGB ( '',0.7960784313725489700, 0.8235294117647058400, 0.9372549019607843100 ) ;
#2723 = FILL_AREA_STYLE ('',( #1860 ) ) ;
#2724 = MECHANICAL_DESIGN_GEOMETRIC_PRESENTATION_REPRESENTATION (  '', ( #1026 ), #3293 ) ;
#2725 =( NAMED_UNIT ( * ) SI_UNIT ( $, .STERADIAN. ) SOLID_ANGLE_UNIT ( ) );
#2726 = ORIENTED_EDGE ( 'NONE', *, *, #5014, .T. ) ;
#2727 = UNCERTAINTY_MEASURE_WITH_UNIT (LENGTH_MEASURE( 1.000000000000000100E-005 ), #4919, 'distance_accuracy_value', 'NONE');
#2728 = FILL_AREA_STYLE ('',( #6963 ) ) ;
#2729 =( NAMED_UNIT ( * ) PLANE_ANGLE_UNIT ( ) SI_UNIT ( $, .RADIAN. ) );
#2730 =( GEOMETRIC_REPRESENTATION_CONTEXT ( 3 ) GLOBAL_UNCERTAINTY_ASSIGNED_CONTEXT ( ( #10435 ) ) GLOBAL_UNIT_ASSIGNED_CONTEXT ( ( #5667, #543, #6510 ) ) REPRESENTATION_CONTEXT ( 'NONE', 'WORKASPACE' ) );
#2731 = VECTOR ( 'NONE', #4771, 1000.000000000000000 ) ;
#2732 = FILL_AREA_STYLE ('',( #1873 ) ) ;
#2733 =( LENGTH_UNIT ( ) NAMED_UNIT ( * ) SI_UNIT ( .MILLI., .METRE. ) );
#2734 = UNCERTAINTY_MEASURE_WITH_UNIT (LENGTH_MEASURE( 1.000000000000000100E-005 ), #8881, 'distance_accuracy_value', 'NONE');
#2735 = VECTOR ( 'NONE', #487, 999.9999999999998900 ) ;
#2736 =( GEOMETRIC_REPRESENTATION_CONTEXT ( 3 ) GLOBAL_UNCERTAINTY_ASSIGNED_CONTEXT ( ( #6331 ) ) GLOBAL_UNIT_ASSIGNED_CONTEXT ( ( #2973, #8866, #3832 ) ) REPRESENTATION_CONTEXT ( 'NONE', 'WORKASPACE' ) );
#2737 = DIRECTION ( 'NONE',  ( -1.232047923278982000E-016, 0.0000000000000000000, 1.000000000000000000 ) ) ;
#2738 = EDGE_LOOP ( 'NONE', ( #4797, #4140, #9259, #3643, #8471, #10296, #1400, #9555 ) ) ;
#2739 = ORIENTED_EDGE ( 'NONE', *, *, #5186, .T. ) ;
#2740 = ORIENTED_EDGE ( 'NONE', *, *, #7092, .T. ) ;
#2741 =( NAMED_UNIT ( * ) SI_UNIT ( $, .STERADIAN. ) SOLID_ANGLE_UNIT ( ) );
#2742 = DIRECTION ( 'NONE',  ( 0.7071067811865474600, 0.0000000000000000000, 0.7071067811865474600 ) ) ;
#2743 =( NAMED_UNIT ( * ) SI_UNIT ( $, .STERADIAN. ) SOLID_ANGLE_UNIT ( ) );
#2744 = DIRECTION ( 'NONE',  ( -0.7071067811865469100, -0.0000000000000000000, 0.7071067811865482400 ) ) ;
#2745 = FACE_OUTER_BOUND ( 'NONE', #5154, .T. ) ;
#2747 = DIRECTION ( 'NONE',  ( 0.7071067811865473500, -0.0000000000000000000, 0.7071067811865477900 ) ) ;
#2746 = PRESENTATION_STYLE_ASSIGNMENT (( #413 ) ) ;
#2748 = ADVANCED_FACE ( 'NONE', ( #9694 ), #8115, .T. ) ;
#2749 = ORIENTED_EDGE ( 'NONE', *, *, #3029, .F. ) ;
#2750 = ORIENTED_EDGE ( 'NONE', *, *, #1673, .T. ) ;
#2751 = LINE ( 'NONE', #9250, #7004 ) ;
#2752 =( NAMED_UNIT ( * ) PLANE_ANGLE_UNIT ( ) SI_UNIT ( $, .RADIAN. ) );
#2753 = FILL_AREA_STYLE ('',( #6133 ) ) ;
#2754 = ORIENTED_EDGE ( 'NONE', *, *, #8748, .T. ) ;
#2755 = ORIENTED_EDGE ( 'NONE', *, *, #7990, .F. ) ;
#2756 = CARTESIAN_POINT ( 'NONE',  ( -2.019999999999999600, 0.2999999999999999900, -1.270000000000000000 ) ) ;
#2757 = DIRECTION ( 'NONE',  ( -1.000000000000000000, -0.0000000000000000000, -0.0000000000000000000 ) ) ;
#2758 = ADVANCED_FACE ( 'NONE', ( #6694 ), #3952, .F. ) ;
#2759 = CARTESIAN_POINT ( 'NONE',  ( 1.590000000000000100, -2.799999999999999400, -0.2200000000000001400 ) ) ;
#2760 = CARTESIAN_POINT ( 'NONE',  ( 1.590000000000000100, 11.70000000000000100, -2.760000000000000200 ) ) ;
#2761 = EDGE_CURVE ( 'NONE', #5287, #7900, #5889, .T. ) ;
#2762 = VECTOR ( 'NONE', #2017, 1000.000000000000000 ) ;
#2763 = ORIENTED_EDGE ( 'NONE', *, *, #1760, .T. ) ;
#2764 = SURFACE_STYLE_FILL_AREA ( #94 ) ;
#2765 = CARTESIAN_POINT ( 'NONE',  ( -0.9499999999999999600, -2.799999999999999400, -2.760000000000000200 ) ) ;
#2766 = EDGE_CURVE ( 'NONE', #7536, #10970, #1633, .T. ) ;
#2767 = AXIS2_PLACEMENT_3D ( 'NONE', #6628, #1542, #7466 ) ;
#2768 = PLANE ( 'NONE',  #4719 ) ;
#2769 = CARTESIAN_POINT ( 'NONE',  ( 0.9499999999999999600, -2.799999999999999400, -5.299999999999999800 ) ) ;
#2770 = CARTESIAN_POINT ( 'NONE',  ( 2.140000000000000100, 1.700000000000000000, -13.97000000000000100 ) ) ;
#2771 = PRESENTATION_LAYER_ASSIGNMENT (  '', '', ( #1628 ) ) ;
#2772 = FILL_AREA_STYLE ('',( #1916 ) ) ;
#2773 = FILL_AREA_STYLE_COLOUR ( '', #9530 ) ;
#2774 = CARTESIAN_POINT ( 'NONE',  ( -2.539999999999999600, 1.700000000000000000, -19.48342105263158100 ) ) ;
#2775 = MECHANICAL_DESIGN_GEOMETRIC_PRESENTATION_REPRESENTATION (  '', ( #1085 ), #3354 ) ;
#2776 = CARTESIAN_POINT ( 'NONE',  ( -1.590000000000000300, -2.799999999999999400, -2.760000000000000200 ) ) ;
#2777 = ORIENTED_EDGE ( 'NONE', *, *, #2970, .T. ) ;
#2778 = VERTEX_POINT ( 'NONE', #586 ) ;
#2779 =( NAMED_UNIT ( * ) SI_UNIT ( $, .STERADIAN. ) SOLID_ANGLE_UNIT ( ) );
#2780 = ORIENTED_EDGE ( 'NONE', *, *, #5745, .T. ) ;
#2781 = PRESENTATION_STYLE_ASSIGNMENT (( #829 ) ) ;
#2782 = LINE ( 'NONE', #2258, #5059 ) ;
#2783 = LINE ( 'NONE', #7902, #7286 ) ;
#2784 = VERTEX_POINT ( 'NONE', #6556 ) ;
#2785 =( NAMED_UNIT ( * ) PLANE_ANGLE_UNIT ( ) SI_UNIT ( $, .RADIAN. ) );
#2786 = ORIENTED_EDGE ( 'NONE', *, *, #8962, .T. ) ;
#2787 = CARTESIAN_POINT ( 'NONE',  ( -1.490000000000000200, -2.799999999999999400, -20.00000000000000000 ) ) ;
#2788 = CARTESIAN_POINT ( 'NONE',  ( 0.9499999999999999600, -2.799999999999999400, -9.940000000000001300 ) ) ;
#2789 = CARTESIAN_POINT ( 'NONE',  ( 0.9499999999999999600, -2.799999999999999400, -18.00000000000000400 ) ) ;
#2790 = ORIENTED_EDGE ( 'NONE', *, *, #3249, .T. ) ;
#2791 = ORIENTED_EDGE ( 'NONE', *, *, #10610, .T. ) ;
#2792 = SURFACE_SIDE_STYLE ('',( #3856 ) ) ;
#2793 =( GEOMETRIC_REPRESENTATION_CONTEXT ( 3 ) GLOBAL_UNCERTAINTY_ASSIGNED_CONTEXT ( ( #8135 ) ) GLOBAL_UNIT_ASSIGNED_CONTEXT ( ( #10783, #5743, #637 ) ) REPRESENTATION_CONTEXT ( 'NONE', 'WORKASPACE' ) );
#2794 = LINE ( 'NONE', #2716, #2521 ) ;
#2795 = FACE_OUTER_BOUND ( 'NONE', #4909, .T. ) ;
#2796 = PLANE ( 'NONE',  #8587 ) ;
#2797 = ORIENTED_EDGE ( 'NONE', *, *, #9299, .T. ) ;
#2798 = FACE_OUTER_BOUND ( 'NONE', #1269, .T. ) ;
#2799 = LINE ( 'NONE', #9413, #7297 ) ;
#2800 = ORIENTED_EDGE ( 'NONE', *, *, #3290, .T. ) ;
#2801 = MECHANICAL_DESIGN_GEOMETRIC_PRESENTATION_REPRESENTATION (  '', ( #1114 ), #3380 ) ;
#2802 = ORIENTED_EDGE ( 'NONE', *, *, #2930, .F. ) ;
#2803 = FILL_AREA_STYLE ('',( #1947 ) ) ;
#2804 = CARTESIAN_POINT ( 'NONE',  ( 1.490000000000000000, -2.799999999999999400, -15.56000000000000000 ) ) ;
#2805 = VECTOR ( 'NONE', #8479, 1000.000000000000000 ) ;
#2806 = VECTOR ( 'NONE', #4986, 1000.000000000000100 ) ;
#2807 = EDGE_LOOP ( 'NONE', ( #6792, #1953, #8806, #725 ) ) ;
#2808 =( NAMED_UNIT ( * ) SI_UNIT ( $, .STERADIAN. ) SOLID_ANGLE_UNIT ( ) );
#2809 =( NAMED_UNIT ( * ) SI_UNIT ( $, .STERADIAN. ) SOLID_ANGLE_UNIT ( ) );
#2810 = AXIS2_PLACEMENT_3D ( 'NONE', #4041, #9922, #4905 ) ;
#2811 = CARTESIAN_POINT ( 'NONE',  ( -0.9499999999999999600, -2.799999999999999400, -15.45999999999999900 ) ) ;
#2812 = ORIENTED_EDGE ( 'NONE', *, *, #10580, .F. ) ;
#2813 = DIRECTION ( 'NONE',  ( 1.000000000000000000, 0.0000000000000000000, 0.0000000000000000000 ) ) ;
#2814 = FILL_AREA_STYLE ('',( #1956 ) ) ;
#2815 = ADVANCED_FACE ( 'NONE', ( #10094 ), #2306, .F. ) ;
#2816 = ORIENTED_EDGE ( 'NONE', *, *, #2894, .F. ) ;
#2817 = ORIENTED_EDGE ( 'NONE', *, *, #8338, .F. ) ;
#2818 = EDGE_LOOP ( 'NONE', ( #10934, #4937, #273, #5801 ) ) ;
#2819 = FACE_OUTER_BOUND ( 'NONE', #1541, .T. ) ;
#2820 = EDGE_CURVE ( 'NONE', #1011, #5034, #548, .T. ) ;
#2821 = ORIENTED_EDGE ( 'NONE', *, *, #6690, .F. ) ;
#2822 = STYLED_ITEM ( 'NONE', ( #2042 ), #3423 ) ;
#2823 = ORIENTED_EDGE ( 'NONE', *, *, #6377, .F. ) ;
#2824 = SURFACE_STYLE_FILL_AREA ( #5982 ) ;
#2825 = PRESENTATION_LAYER_ASSIGNMENT (  '', '', ( #1672 ) ) ;
#2826 = SURFACE_SIDE_STYLE ('',( #7246 ) ) ;
#2827 = FILL_AREA_STYLE ('',( #1963 ) ) ;
#2828 = EDGE_CURVE ( 'NONE', #2406, #1463, #7089, .T. ) ;
#2829 = DIRECTION ( 'NONE',  ( 0.0000000000000000000, 1.000000000000000000, 0.0000000000000000000 ) ) ;
#2830 = DIRECTION ( 'NONE',  ( 0.0000000000000000000, -1.000000000000000000, 0.0000000000000000000 ) ) ;
#2831 =( NAMED_UNIT ( * ) SI_UNIT ( $, .STERADIAN. ) SOLID_ANGLE_UNIT ( ) );
#2832 = DIRECTION ( 'NONE',  ( -0.7071067811865477900, -0.0000000000000000000, -0.7071067811865473500 ) ) ;
#2833 = PRESENTATION_STYLE_ASSIGNMENT (( #7417 ) ) ;
#2834 = VECTOR ( 'NONE', #1496, 1000.000000000000100 ) ;
#2835 = AXIS2_PLACEMENT_3D ( 'NONE', #5893, #804, #6744 ) ;
#2836 = VECTOR ( 'NONE', #3997, 1000.000000000000000 ) ;
#2837 = FACE_OUTER_BOUND ( 'NONE', #1933, .T. ) ;
#2838 = DIRECTION ( 'NONE',  ( 0.0000000000000000000, 0.0000000000000000000, 1.000000000000000000 ) ) ;
#2839 = CARTESIAN_POINT ( 'NONE',  ( -0.9499999999999999600, -2.799999999999999400, -20.10000000000000100 ) ) ;
#2840 = PRESENTATION_STYLE_ASSIGNMENT (( #9425 ) ) ;
#2841 =( LENGTH_UNIT ( ) NAMED_UNIT ( * ) SI_UNIT ( .MILLI., .METRE. ) );
#2842 = VECTOR ( 'NONE', #10557, 1000.000000000000000 ) ;
#2843 = VECTOR ( 'NONE', #10460, 1000.000000000000000 ) ;
#2844 =( LENGTH_UNIT ( ) NAMED_UNIT ( * ) SI_UNIT ( .MILLI., .METRE. ) );
#2845 = CARTESIAN_POINT ( 'NONE',  ( 0.9499999999999999600, -2.799999999999999400, 0.2200000000000000600 ) ) ;
#2846 =( NAMED_UNIT ( * ) PLANE_ANGLE_UNIT ( ) SI_UNIT ( $, .RADIAN. ) );
#2847 = FILL_AREA_STYLE_COLOUR ( '', #10736 ) ;
#2848 = SURFACE_STYLE_USAGE ( .BOTH. , #7918 ) ;
#2849 = CARTESIAN_POINT ( 'NONE',  ( -1.490000000000000000, 11.70000000000000100, -13.02000000000000100 ) ) ;
#2850 = PLANE ( 'NONE',  #5484 ) ;
#2851 = LINE ( 'NONE', #9946, #7103 ) ;
#2852 =( GEOMETRIC_REPRESENTATION_CONTEXT ( 3 ) GLOBAL_UNCERTAINTY_ASSIGNED_CONTEXT ( ( #6412 ) ) GLOBAL_UNIT_ASSIGNED_CONTEXT ( ( #6423, #7260, #2179 ) ) REPRESENTATION_CONTEXT ( 'NONE', 'WORKASPACE' ) );
#2853 = LINE ( 'NONE', #619, #7105 ) ;
#2854 = STYLED_ITEM ( 'NONE', ( #77 ), #7760 ) ;
#2855 = FACE_OUTER_BOUND ( 'NONE', #6237, .T. ) ;
#2856 = COLOUR_RGB ( '',0.7921568627450980000, 0.8196078431372548800, 0.9333333333333333500 ) ;
#2857 = CARTESIAN_POINT ( 'NONE',  ( -2.540000000000000000, 1.700000000000000000, -16.14342105263157700 ) ) ;
#2858 = ORIENTED_EDGE ( 'NONE', *, *, #10245, .F. ) ;
#2859 = ORIENTED_EDGE ( 'NONE', *, *, #5274, .F. ) ;
#2860 = EDGE_CURVE ( 'NONE', #7861, #7371, #4848, .T. ) ;
#2861 = UNCERTAINTY_MEASURE_WITH_UNIT (LENGTH_MEASURE( 1.000000000000000100E-005 ), #9204, 'distance_accuracy_value', 'NONE');
#2862 =( NAMED_UNIT ( * ) SI_UNIT ( $, .STERADIAN. ) SOLID_ANGLE_UNIT ( ) );
#2863 = FILL_AREA_STYLE_COLOUR ( '', #1403 ) ;
#2864 = VECTOR ( 'NONE', #693, 1000.000000000000000 ) ;
#2865 = MECHANICAL_DESIGN_GEOMETRIC_PRESENTATION_REPRESENTATION (  '', ( #1174 ), #3447 ) ;
#2866 = ADVANCED_FACE ( 'NONE', ( #4580 ), #10819, .T. ) ;
#2867 = COLOUR_RGB ( '',0.7960784313725489700, 0.8235294117647058400, 0.9372549019607843100 ) ;
#2868 = LINE ( 'NONE', #4631, #2597 ) ;
#2869 = UNCERTAINTY_MEASURE_WITH_UNIT (LENGTH_MEASURE( 1.000000000000000100E-005 ), #7502, 'distance_accuracy_value', 'NONE');
#2870 =( NAMED_UNIT ( * ) PLANE_ANGLE_UNIT ( ) SI_UNIT ( $, .RADIAN. ) );
#2871 = LINE ( 'NONE', #7994, #10673 ) ;
#2872 = LINE ( 'NONE', #514, #7370 ) ;
#2873 = ORIENTED_EDGE ( 'NONE', *, *, #3096, .T. ) ;
#2874 = AXIS2_PLACEMENT_3D ( 'NONE', #3476, #9343, #4326 ) ;
#2875 = MECHANICAL_DESIGN_GEOMETRIC_PRESENTATION_REPRESENTATION (  '', ( #1179 ), #3455 ) ;
#2876 = AXIS2_PLACEMENT_3D ( 'NONE', #5277, #148, #6107 ) ;
#2877 = ORIENTED_EDGE ( 'NONE', *, *, #9229, .F. ) ;
#2878 = CARTESIAN_POINT ( 'NONE',  ( -1.050000000000000000, 11.70000000000000100, -18.10000000000000100 ) ) ;
#2879 =( NAMED_UNIT ( * ) PLANE_ANGLE_UNIT ( ) SI_UNIT ( $, .RADIAN. ) );
#2880 = LINE ( 'NONE', #5205, #5149 ) ;
#2881 = MECHANICAL_DESIGN_GEOMETRIC_PRESENTATION_REPRESENTATION (  '', ( #1185 ), #3464 ) ;
#2882 = DIRECTION ( 'NONE',  ( 0.0000000000000000000, 1.000000000000000000, 0.0000000000000000000 ) ) ;
#2883 = COLOUR_RGB ( '',0.7960784313725489700, 0.8235294117647058400, 0.9372549019607843100 ) ;
#2884 = FILL_AREA_STYLE_COLOUR ( '', #10545 ) ;
#2885 = ORIENTED_EDGE ( 'NONE', *, *, #4870, .T. ) ;
#2886 = FILL_AREA_STYLE_COLOUR ( '', #1050 ) ;
#2887 = ORIENTED_EDGE ( 'NONE', *, *, #5813, .F. ) ;
#2888 = EDGE_CURVE ( 'NONE', #6990, #1964, #8249, .T. ) ;
#2889 = DIRECTION ( 'NONE',  ( 0.0000000000000000000, 1.000000000000000000, 0.0000000000000000000 ) ) ;
#2890 = FILL_AREA_STYLE ('',( #2029 ) ) ;
#2891 = ORIENTED_EDGE ( 'NONE', *, *, #4005, .T. ) ;
#2892 = PRESENTATION_LAYER_ASSIGNMENT (  '', '', ( #1733 ) ) ;
#2893 =( GEOMETRIC_REPRESENTATION_CONTEXT ( 3 ) GLOBAL_UNCERTAINTY_ASSIGNED_CONTEXT ( ( #5792 ) ) GLOBAL_UNIT_ASSIGNED_CONTEXT ( ( #4422, #10307, #5289 ) ) REPRESENTATION_CONTEXT ( 'NONE', 'WORKASPACE' ) );
#2894 = EDGE_CURVE ( 'NONE', #5083, #10042, #3780, .T. ) ;
#2895 = EDGE_CURVE ( 'NONE', #5083, #2927, #1499, .T. ) ;
#2896 = VERTEX_POINT ( 'NONE', #2415 ) ;
#2897 = VECTOR ( 'NONE', #4471, 1000.000000000000000 ) ;
#2898 = SURFACE_STYLE_USAGE ( .BOTH. , #7956 ) ;
#2899 = STYLED_ITEM ( 'NONE', ( #2366 ), #47 ) ;
#2900 = SURFACE_SIDE_STYLE ('',( #8453 ) ) ;
#2901 = DIRECTION ( 'NONE',  ( -1.000000000000000000, 0.0000000000000000000, -0.0000000000000000000 ) ) ;
#2902 = EDGE_LOOP ( 'NONE', ( #2275, #4152, #2001, #8847, #4417, #8011, #5567, #9741 ) ) ;
#2903 = VERTEX_POINT ( 'NONE', #9171 ) ;
#2904 = LINE ( 'NONE', #4203, #2632 ) ;
#2905 = DIRECTION ( 'NONE',  ( -0.0000000000000000000, -0.0000000000000000000, -1.000000000000000000 ) ) ;
#2906 = ORIENTED_EDGE ( 'NONE', *, *, #4072, .T. ) ;
#2907 = CARTESIAN_POINT ( 'NONE',  ( 0.9499999999999999600, -2.799999999999999400, -2.760000000000000200 ) ) ;
#2908 = CARTESIAN_POINT ( 'NONE',  ( 2.540000000000000900, 0.0000000000000000000, -5.950000000000001100 ) ) ;
#2909 = VECTOR ( 'NONE', #8833, 1000.000000000000000 ) ;
#2910 = EDGE_CURVE ( 'NONE', #7264, #3175, #1240, .T. ) ;
#2911 = ORIENTED_EDGE ( 'NONE', *, *, #5948, .T. ) ;
#2912 = DIRECTION ( 'NONE',  ( -0.0000000000000000000, 1.000000000000000000, 0.0000000000000000000 ) ) ;
#2913 = DIRECTION ( 'NONE',  ( 1.232047923278982000E-016, 0.0000000000000000000, -1.000000000000000000 ) ) ;
#2914 = CARTESIAN_POINT ( 'NONE',  ( 1.050000000000000000, 11.70000000000000100, -10.48000000000000200 ) ) ;
#2915 = DIRECTION ( 'NONE',  ( 0.6782059721786389800, 0.0000000000000000000, 0.7348718659067220400 ) ) ;
#2916 = ORIENTED_EDGE ( 'NONE', *, *, #4324, .T. ) ;
#2917 = ORIENTED_EDGE ( 'NONE', *, *, #7363, .F. ) ;
#2918 = CARTESIAN_POINT ( 'NONE',  ( 1.050000000000000000, 11.70000000000000100, 0.3199999999999999000 ) ) ;
#2919 = SURFACE_STYLE_USAGE ( .BOTH. , #7984 ) ;
#2920 = VECTOR ( 'NONE', #313, 1000.000000000000000 ) ;
#2921 = CARTESIAN_POINT ( 'NONE',  ( -1.490000000000000000, 11.70000000000000100, -15.56000000000000000 ) ) ;
#2922 = PRESENTATION_LAYER_ASSIGNMENT (  '', '', ( #2341 ) ) ;
#2923 = ADVANCED_FACE ( 'NONE', ( #7735 ), #5003, .F. ) ;
#2924 =( LENGTH_UNIT ( ) NAMED_UNIT ( * ) SI_UNIT ( .MILLI., .METRE. ) );
#2925 = VECTOR ( 'NONE', #4364, 1000.000000000000000 ) ;
#2926 = ORIENTED_EDGE ( 'NONE', *, *, #4547, .T. ) ;
#2927 = VERTEX_POINT ( 'NONE', #744 ) ;
#2928 = SURFACE_STYLE_FILL_AREA ( #10531 ) ;
#2929 = UNCERTAINTY_MEASURE_WITH_UNIT (LENGTH_MEASURE( 1.000000000000000100E-005 ), #9392, 'distance_accuracy_value', 'NONE');
#2930 = EDGE_CURVE ( 'NONE', #1475, #9674, #423, .T. ) ;
#2931 = VERTEX_POINT ( 'NONE', #7559 ) ;
#2932 = LINE ( 'NONE', #6828, #659 ) ;
#2933 = UNCERTAINTY_MEASURE_WITH_UNIT (LENGTH_MEASURE( 1.000000000000000100E-005 ), #6831, 'distance_accuracy_value', 'NONE');
#2934 = DIRECTION ( 'NONE',  ( -0.7071067811865489100, -0.0000000000000000000, -0.7071067811865461300 ) ) ;
#2935 = PRESENTATION_LAYER_ASSIGNMENT (  '', '', ( #1780 ) ) ;
#2936 = ORIENTED_EDGE ( 'NONE', *, *, #8980, .F. ) ;
#2937 = SURFACE_STYLE_FILL_AREA ( #1031 ) ;
#2938 = VECTOR ( 'NONE', #9253, 1000.000000000000100 ) ;
#2939 = LINE ( 'NONE', #7740, #668 ) ;
#2940 = ORIENTED_EDGE ( 'NONE', *, *, #10070, .F. ) ;
#2941 = DIRECTION ( 'NONE',  ( 0.0000000000000000000, 1.000000000000000000, 0.0000000000000000000 ) ) ;
#2942 = MECHANICAL_DESIGN_GEOMETRIC_PRESENTATION_REPRESENTATION (  '', ( #1237 ), #3525 ) ;
#2943 = UNCERTAINTY_MEASURE_WITH_UNIT (LENGTH_MEASURE( 1.000000000000000100E-005 ), #234, 'distance_accuracy_value', 'NONE');
#2944 = ORIENTED_EDGE ( 'NONE', *, *, #4072, .F. ) ;
#2945 = SURFACE_STYLE_USAGE ( .BOTH. , #8000 ) ;
#2946 = VERTEX_POINT ( 'NONE', #6734 ) ;
#2947 = MECHANICAL_DESIGN_GEOMETRIC_PRESENTATION_REPRESENTATION (  '', ( #1241 ), #3528 ) ;
#2948 = LINE ( 'NONE', #5018, #7194 ) ;
#2949 = VECTOR ( 'NONE', #4765, 1000.000000000000000 ) ;
#2950 = PRESENTATION_STYLE_ASSIGNMENT (( #2430 ) ) ;
#2951 = STYLED_ITEM ( 'NONE', ( #7969 ), #9992 ) ;
#2953 = VERTEX_POINT ( 'NONE', #2487 ) ;
#2952 = DIRECTION ( 'NONE',  ( 0.6756367705307529900, -0.0000000000000000000, 0.7372346670543747900 ) ) ;
#2954 = CARTESIAN_POINT ( 'NONE',  ( 1.490000000000000000, 11.70000000000000100, -2.860000000000000300 ) ) ;
#2955 =( GEOMETRIC_REPRESENTATION_CONTEXT ( 3 ) GLOBAL_UNCERTAINTY_ASSIGNED_CONTEXT ( ( #9961 ) ) GLOBAL_UNIT_ASSIGNED_CONTEXT ( ( #2143, #8054, #3004 ) ) REPRESENTATION_CONTEXT ( 'NONE', 'WORKASPACE' ) );
#2956 = ORIENTED_EDGE ( 'NONE', *, *, #7428, .F. ) ;
#2957 = FILL_AREA_STYLE_COLOUR ( '', #5020 ) ;
#2958 = STYLED_ITEM ( 'NONE', ( #10605 ), #1729 ) ;
#2959 = CARTESIAN_POINT ( 'NONE',  ( -2.539999999999999600, 1.700000000000000000, -4.243421052631578800 ) ) ;
#2960 = DIRECTION ( 'NONE',  ( 0.0000000000000000000, 0.0000000000000000000, 1.000000000000000000 ) ) ;
#2961 = FACE_OUTER_BOUND ( 'NONE', #1455, .T. ) ;
#2962 = CARTESIAN_POINT ( 'NONE',  ( -1.490000000000000000, -2.799999999999999400, -2.860000000000000300 ) ) ;
#2963 = CARTESIAN_POINT ( 'NONE',  ( 1.050000000000000000, -2.799999999999999400, -20.00000000000000000 ) ) ;
#2964 = COLOUR_RGB ( '',0.0000000000000000000, 0.003921568627450980300, 0.09019607843137254800 ) ;
#2965 = FACE_OUTER_BOUND ( 'NONE', #9669, .T. ) ;
#2966 = EDGE_CURVE ( 'NONE', #2654, #7029, #2418, .T. ) ;
#2967 = VECTOR ( 'NONE', #2571, 1000.000000000000000 ) ;
#2968 = DIRECTION ( 'NONE',  ( 0.0000000000000000000, 0.0000000000000000000, 1.000000000000000000 ) ) ;
#2969 = PRESENTATION_STYLE_ASSIGNMENT (( #3914 ) ) ;
#2970 = EDGE_CURVE ( 'NONE', #4636, #529, #2701, .T. ) ;
#2971 = FACE_OUTER_BOUND ( 'NONE', #381, .T. ) ;
#2972 = CARTESIAN_POINT ( 'NONE',  ( 1.490000000000000000, 11.70000000000000100, -4.760000000000000700 ) ) ;
#2973 =( LENGTH_UNIT ( ) NAMED_UNIT ( * ) SI_UNIT ( .MILLI., .METRE. ) );
#2974 = DIRECTION ( 'NONE',  ( -1.232047923278982000E-016, 0.0000000000000000000, 1.000000000000000000 ) ) ;
#2975 = CARTESIAN_POINT ( 'NONE',  ( -1.590000000000000300, -2.799999999999999400, -0.2200000000000002500 ) ) ;
#2976 = ADVANCED_FACE ( 'NONE', ( #4435 ), #10956, .T. ) ;
#2977 = EDGE_CURVE ( 'NONE', #7255, #6664, #3644, .T. ) ;
#2978 = FILL_AREA_STYLE_COLOUR ( '', #7749 ) ;
#2979 = LINE ( 'NONE', #10954, #707 ) ;
#2980 =( GEOMETRIC_REPRESENTATION_CONTEXT ( 3 ) GLOBAL_UNCERTAINTY_ASSIGNED_CONTEXT ( ( #9211 ) ) GLOBAL_UNIT_ASSIGNED_CONTEXT ( ( #3070, #8965, #3924 ) ) REPRESENTATION_CONTEXT ( 'NONE', 'WORKASPACE' ) );
#2981 = AXIS2_PLACEMENT_3D ( 'NONE', #6329, #1258, #7187 ) ;
#2982 = SURFACE_STYLE_USAGE ( .BOTH. , #8038 ) ;
#2983 = SURFACE_STYLE_USAGE ( .BOTH. , #8039 ) ;
#2984 = STYLED_ITEM ( 'NONE', ( #10195 ), #10178 ) ;
#2985 = VECTOR ( 'NONE', #9576, 1000.000000000000000 ) ;
#2986 =( LENGTH_UNIT ( ) NAMED_UNIT ( * ) SI_UNIT ( .MILLI., .METRE. ) );
#2987 = DIRECTION ( 'NONE',  ( 0.7071067811865473500, 0.0000000000000000000, -0.7071067811865477900 ) ) ;
#2988 = ORIENTED_EDGE ( 'NONE', *, *, #3191, .F. ) ;
#2989 = ORIENTED_EDGE ( 'NONE', *, *, #2566, .T. ) ;
#2990 = CARTESIAN_POINT ( 'NONE',  ( -1.590000000000000300, -2.799999999999999400, 0.2199999999999998100 ) ) ;
#2991 = SURFACE_STYLE_USAGE ( .BOTH. , #8044 ) ;
#2992 = PLANE ( 'NONE',  #7454 ) ;
#2993 = SURFACE_STYLE_USAGE ( .BOTH. , #8048 ) ;
#2994 = VECTOR ( 'NONE', #4764, 1000.000000000000000 ) ;
#2995 = VECTOR ( 'NONE', #9952, 999.9999999999998900 ) ;
#2996 =( GEOMETRIC_REPRESENTATION_CONTEXT ( 3 ) GLOBAL_UNCERTAINTY_ASSIGNED_CONTEXT ( ( #5192 ) ) GLOBAL_UNIT_ASSIGNED_CONTEXT ( ( #4492, #10375, #5353 ) ) REPRESENTATION_CONTEXT ( 'NONE', 'WORKASPACE' ) );
#2997 = ORIENTED_EDGE ( 'NONE', *, *, #5538, .F. ) ;
#2998 = ORIENTED_EDGE ( 'NONE', *, *, #8361, .T. ) ;
#2999 = ORIENTED_EDGE ( 'NONE', *, *, #4908, .T. ) ;
#3000 = ORIENTED_EDGE ( 'NONE', *, *, #7026, .T. ) ;
#3001 = UNCERTAINTY_MEASURE_WITH_UNIT (LENGTH_MEASURE( 1.000000000000000100E-005 ), #2253, 'distance_accuracy_value', 'NONE');
#3002 = MECHANICAL_DESIGN_GEOMETRIC_PRESENTATION_REPRESENTATION (  '', ( #1294 ), #3588 ) ;
#3003 = SURFACE_STYLE_FILL_AREA ( #7151 ) ;
#3004 =( NAMED_UNIT ( * ) SI_UNIT ( $, .STERADIAN. ) SOLID_ANGLE_UNIT ( ) );
#3005 = SURFACE_SIDE_STYLE ('',( #1791 ) ) ;
#3006 = UNCERTAINTY_MEASURE_WITH_UNIT (LENGTH_MEASURE( 1.000000000000000100E-005 ), #515, 'distance_accuracy_value', 'NONE');
#3007 = LINE ( 'NONE', #2788, #7507 ) ;
#3008 = SURFACE_STYLE_FILL_AREA ( #10560 ) ;
#3009 = DIRECTION ( 'NONE',  ( -1.000000000000000000, 0.0000000000000000000, 0.0000000000000000000 ) ) ;
#3011 = EDGE_CURVE ( 'NONE', #8096, #5365, #10363, .T. ) ;
#3010 = CARTESIAN_POINT ( 'NONE',  ( -1.050000000000000000, 11.70000000000000100, 0.3199999999999999000 ) ) ;
#3012 = ORIENTED_EDGE ( 'NONE', *, *, #6513, .F. ) ;
#3013 = PLANE ( 'NONE',  #8110 ) ;
#3014 = PRESENTATION_LAYER_ASSIGNMENT (  '', '', ( #1871 ) ) ;
#3015 = VERTEX_POINT ( 'NONE', #9306 ) ;
#3016 =( NAMED_UNIT ( * ) SI_UNIT ( $, .STERADIAN. ) SOLID_ANGLE_UNIT ( ) );
#3017 =( GEOMETRIC_REPRESENTATION_CONTEXT ( 3 ) GLOBAL_UNCERTAINTY_ASSIGNED_CONTEXT ( ( #7678 ) ) GLOBAL_UNIT_ASSIGNED_CONTEXT ( ( #1271, #7204, #2111 ) ) REPRESENTATION_CONTEXT ( 'NONE', 'WORKASPACE' ) );
#3018 = STYLED_ITEM ( 'NONE', ( #4736 ), #9114 ) ;
#3019 = STYLED_ITEM ( 'NONE', ( #10891 ), #1303 ) ;
#3020 = VERTEX_POINT ( 'NONE', #3434 ) ;
#3021 = ORIENTED_EDGE ( 'NONE', *, *, #2186, .T. ) ;
#3022 = SHAPE_DEFINITION_REPRESENTATION ( #4950, #4451 ) ;
#3023 = PLANE ( 'NONE',  #10671 ) ;
#3024 = DIRECTION ( 'NONE',  ( 0.0000000000000000000, 1.000000000000000000, 0.0000000000000000000 ) ) ;
#3025 = VERTEX_POINT ( 'NONE', #6802 ) ;
#3026 = PRESENTATION_LAYER_ASSIGNMENT (  '', '', ( #1887 ) ) ;
#3027 = SURFACE_SIDE_STYLE ('',( #9003 ) ) ;
#3028 = DIRECTION ( 'NONE',  ( 2.492418787322998300E-016, 0.0000000000000000000, 1.000000000000000000 ) ) ;
#3029 = EDGE_CURVE ( 'NONE', #8445, #24, #7866, .T. ) ;
#3030 = LINE ( 'NONE', #7034, #9491 ) ;
#3031 = DIRECTION ( 'NONE',  ( 1.000000000000000000, 0.0000000000000000000, 1.232047923278982000E-016 ) ) ;
#3032 = ADVANCED_FACE ( 'NONE', ( #5624 ), #891, .F. ) ;
#3033 = ORIENTED_EDGE ( 'NONE', *, *, #2686, .F. ) ;
#3034 = CARTESIAN_POINT ( 'NONE',  ( -1.590000000000000300, -2.799999999999999400, -5.300000000000000700 ) ) ;
#3035 = AXIS2_PLACEMENT_3D ( 'NONE', #9962, #4943, #10832 ) ;
#3036 = EDGE_CURVE ( 'NONE', #8481, #3113, #2556, .T. ) ;
#3037 = EDGE_CURVE ( 'NONE', #1322, #10182, #287, .T. ) ;
#3038 = PRESENTATION_STYLE_ASSIGNMENT (( #907 ) ) ;
#3039 = ORIENTED_EDGE ( 'NONE', *, *, #8891, .F. ) ;
#3040 = SURFACE_SIDE_STYLE ('',( #168 ) ) ;
#3041 = CARTESIAN_POINT ( 'NONE',  ( -2.140000000000000600, 0.0000000000000000000, -3.810000000000000100 ) ) ;
#3042 = CARTESIAN_POINT ( 'NONE',  ( 2.140000000000001500, 1.700000000000000000, -6.349999999999999600 ) ) ;
#3043 =( GEOMETRIC_REPRESENTATION_CONTEXT ( 3 ) GLOBAL_UNCERTAINTY_ASSIGNED_CONTEXT ( ( #6959 ) ) GLOBAL_UNIT_ASSIGNED_CONTEXT ( ( #5494, #371, #6323 ) ) REPRESENTATION_CONTEXT ( 'NONE', 'WORKASPACE' ) );
#3044 = APPLICATION_PROTOCOL_DEFINITION ( 'draft international standard', 'automotive_design', 1998, #3899 ) ;
#3045 = DIRECTION ( 'NONE',  ( 1.000000000000000000, 0.0000000000000000000, -0.0000000000000000000 ) ) ;
#3046 = ORIENTED_EDGE ( 'NONE', *, *, #351, .F. ) ;
#3047 = DIRECTION ( 'NONE',  ( -0.7071067811865469100, 0.0000000000000000000, 0.7071067811865482400 ) ) ;
#3048 = VECTOR ( 'NONE', #8893, 1000.000000000000000 ) ;
#3049 = VECTOR ( 'NONE', #7533, 999.9999999999998900 ) ;
#3050 = SURFACE_STYLE_USAGE ( .BOTH. , #8108 ) ;
#3051 = ORIENTED_EDGE ( 'NONE', *, *, #3698, .F. ) ;
#3052 = VECTOR ( 'NONE', #8242, 1000.000000000000000 ) ;
#3053 = ORIENTED_EDGE ( 'NONE', *, *, #7511, .T. ) ;
#3054 = VERTEX_POINT ( 'NONE', #10171 ) ;
#3055 = FILL_AREA_STYLE ('',( #9839 ) ) ;
#3056 = FILL_AREA_STYLE_COLOUR ( '', #4446 ) ;
#3057 = VECTOR ( 'NONE', #10309, 1000.000000000000100 ) ;
#3058 = LINE ( 'NONE', #1534, #7292 ) ;
#3059 = DIRECTION ( 'NONE',  ( -0.0000000000000000000, -0.0000000000000000000, -1.000000000000000000 ) ) ;
#3060 = ORIENTED_EDGE ( 'NONE', *, *, #7201, .F. ) ;
#3061 = PRESENTATION_STYLE_ASSIGNMENT (( #3165 ) ) ;
#3062 = FACE_OUTER_BOUND ( 'NONE', #4929, .T. ) ;
#3063 =( LENGTH_UNIT ( ) NAMED_UNIT ( * ) SI_UNIT ( .MILLI., .METRE. ) );
#3064 =( GEOMETRIC_REPRESENTATION_CONTEXT ( 3 ) GLOBAL_UNCERTAINTY_ASSIGNED_CONTEXT ( ( #2861 ) ) GLOBAL_UNIT_ASSIGNED_CONTEXT ( ( #9204, #4180, #10069 ) ) REPRESENTATION_CONTEXT ( 'NONE', 'WORKASPACE' ) );
#3065 = UNCERTAINTY_MEASURE_WITH_UNIT (LENGTH_MEASURE( 1.000000000000000100E-005 ), #6359, 'distance_accuracy_value', 'NONE');
#3066 = VERTEX_POINT ( 'NONE', #3512 ) ;
#3067 =( LENGTH_UNIT ( ) NAMED_UNIT ( * ) SI_UNIT ( .MILLI., .METRE. ) );
#3068 = PLANE ( 'NONE',  #2193 ) ;
#3069 = ORIENTED_EDGE ( 'NONE', *, *, #9543, .F. ) ;
#3070 =( LENGTH_UNIT ( ) NAMED_UNIT ( * ) SI_UNIT ( .MILLI., .METRE. ) );
#3071 = UNCERTAINTY_MEASURE_WITH_UNIT (LENGTH_MEASURE( 1.000000000000000100E-005 ), #7733, 'distance_accuracy_value', 'NONE');
#3072 = ORIENTED_EDGE ( 'NONE', *, *, #7924, .F. ) ;
#3073 = VECTOR ( 'NONE', #4259, 1000.000000000000000 ) ;
#3074 = EDGE_CURVE ( 'NONE', #9227, #10036, #4837, .T. ) ;
#3075 = ORIENTED_EDGE ( 'NONE', *, *, #4972, .T. ) ;
#3076 = ORIENTED_EDGE ( 'NONE', *, *, #11000, .T. ) ;
#3077 = DIRECTION ( 'NONE',  ( -0.7372346670543746800, -0.0000000000000000000, 0.6756367705307528800 ) ) ;
#3078 = CARTESIAN_POINT ( 'NONE',  ( -0.9499999999999999600, -2.799999999999999400, -7.839999999999999900 ) ) ;
#3079 = PLANE ( 'NONE',  #6938 ) ;
#3080 = APPLICATION_CONTEXT ( 'automotive_design' ) ;
#3081 = FILL_AREA_STYLE ('',( #490 ) ) ;
#3082 = LINE ( 'NONE', #8864, #7319 ) ;
#3083 = DIRECTION ( 'NONE',  ( -1.000000000000000000, -0.0000000000000000000, -0.0000000000000000000 ) ) ;
#3084 = COLOUR_RGB ( '',0.7960784313725489700, 0.8235294117647058400, 0.9372549019607843100 ) ;
#3085 = FILL_AREA_STYLE_COLOUR ( '', #8930 ) ;
#3086 = PRESENTATION_LAYER_ASSIGNMENT (  '', '', ( #1944 ) ) ;
#3087 = ADVANCED_FACE ( 'NONE', ( #9024 ), #5227, .T. ) ;
#3088 = STYLED_ITEM ( 'NONE', ( #7480 ), #970 ) ;
#3089 = VERTEX_POINT ( 'NONE', #4356 ) ;
#3090 = CARTESIAN_POINT ( 'NONE',  ( 1.490000000000000000, 11.70000000000000100, -17.46000000000000100 ) ) ;
#3091 = VECTOR ( 'NONE', #6803, 1000.000000000000000 ) ;
#3092 = STYLED_ITEM ( 'NONE', ( #10444 ), #2294 ) ;
#3093 = COLOUR_RGB ( '',0.0000000000000000000, 0.003921568627450980300, 0.09019607843137254800 ) ;
#3094 = CARTESIAN_POINT ( 'NONE',  ( -1.590000000000000300, -2.799999999999999400, -0.2200000000000002500 ) ) ;
#3095 = LINE ( 'NONE', #1645, #6553 ) ;
#3096 = EDGE_CURVE ( 'NONE', #9454, #5306, #10213, .T. ) ;
#3097 = DIRECTION ( 'NONE',  ( -0.7071067811865477900, 0.0000000000000000000, -0.7071067811865473500 ) ) ;
#3098 = CARTESIAN_POINT ( 'NONE',  ( -1.590000000000000300, -2.799999999999999400, -20.54000000000000300 ) ) ;
#3100 = ADVANCED_FACE ( 'NONE', ( #1492 ), #1713, .T. ) ;
#3099 = AXIS2_PLACEMENT_3D ( 'NONE', #2221, #8148, #3097 ) ;
#3101 =( NAMED_UNIT ( * ) SI_UNIT ( $, .STERADIAN. ) SOLID_ANGLE_UNIT ( ) );
#3102 = MECHANICAL_DESIGN_GEOMETRIC_PRESENTATION_REPRESENTATION (  '', ( #1389 ), #3695 ) ;
#3103 = LINE ( 'NONE', #8963, #1131 ) ;
#3104 = EDGE_CURVE ( 'NONE', #529, #3425, #2691, .T. ) ;
#3105 = SURFACE_STYLE_FILL_AREA ( #7721 ) ;
#3106 = LINE ( 'NONE', #9409, #835 ) ;
#3107 = SURFACE_SIDE_STYLE ('',( #8031 ) ) ;
#3108 =( LENGTH_UNIT ( ) NAMED_UNIT ( * ) SI_UNIT ( .MILLI., .METRE. ) );
#3109 = EDGE_CURVE ( 'NONE', #9369, #8698, #9416, .T. ) ;
#3110 = DIRECTION ( 'NONE',  ( -0.7071067811865475700, 0.0000000000000000000, 0.7071067811865475700 ) ) ;
#3111 =( NAMED_UNIT ( * ) PLANE_ANGLE_UNIT ( ) SI_UNIT ( $, .RADIAN. ) );
#3112 = DIRECTION ( 'NONE',  ( 1.000000000000000000, 0.0000000000000000000, 0.0000000000000000000 ) ) ;
#3113 = VERTEX_POINT ( 'NONE', #3489 ) ;
#3114 = LINE ( 'NONE', #8541, #9568 ) ;
#3115 = FACE_OUTER_BOUND ( 'NONE', #10147, .T. ) ;
#3116 = SURFACE_STYLE_FILL_AREA ( #10 ) ;
#3117 = CARTESIAN_POINT ( 'NONE',  ( -2.019999999999999600, 0.0000000000000000000, 1.270000000000000000 ) ) ;
#3118 = SURFACE_STYLE_FILL_AREA ( #8800 ) ;
#3119 = COLOUR_RGB ( '',0.7960784313725489700, 0.8235294117647058400, 0.9372549019607843100 ) ;
#3120 = CARTESIAN_POINT ( 'NONE',  ( 1.490000000000000000, 11.70000000000000100, -2.220000000000000200 ) ) ;
#3121 = CARTESIAN_POINT ( 'NONE',  ( 1.590000000000000100, -2.799999999999999400, -18.00000000000000400 ) ) ;
#3122 =( NAMED_UNIT ( * ) SI_UNIT ( $, .STERADIAN. ) SOLID_ANGLE_UNIT ( ) );
#3123 = CARTESIAN_POINT ( 'NONE',  ( -2.540000000000000000, 1.700000000000000000, -13.60342105263158000 ) ) ;
#3124 = CARTESIAN_POINT ( 'NONE',  ( 1.490000000000000000, -2.799999999999999400, -0.3200000000000001200 ) ) ;
#3125 = VECTOR ( 'NONE', #7501, 1000.000000000000000 ) ;
#3126 = EDGE_CURVE ( 'NONE', #9936, #3015, #4695, .T. ) ;
#3127 = SURFACE_STYLE_USAGE ( .BOTH. , #8181 ) ;
#3128 = COLOUR_RGB ( '',0.7960784313725489700, 0.8235294117647058400, 0.9372549019607843100 ) ;
#3129 = SURFACE_STYLE_USAGE ( .BOTH. , #8184 ) ;
#3130 = VECTOR ( 'NONE', #2154, 1000.000000000000000 ) ;
#3131 = ORIENTED_EDGE ( 'NONE', *, *, #1745, .F. ) ;
#3132 = SURFACE_SIDE_STYLE ('',( #6306 ) ) ;
#3133 =( GEOMETRIC_REPRESENTATION_CONTEXT ( 3 ) GLOBAL_UNCERTAINTY_ASSIGNED_CONTEXT ( ( #527 ) ) GLOBAL_UNIT_ASSIGNED_CONTEXT ( ( #1885, #7815, #2743 ) ) REPRESENTATION_CONTEXT ( 'NONE', 'WORKASPACE' ) );
#3134 = DIRECTION ( 'NONE',  ( 0.0000000000000000000, -0.0000000000000000000, -1.000000000000000000 ) ) ;
#3135 = LINE ( 'NONE', #3230, #7364 ) ;
#3136 = SURFACE_STYLE_FILL_AREA ( #7284 ) ;
#3137 =( LENGTH_UNIT ( ) NAMED_UNIT ( * ) SI_UNIT ( .MILLI., .METRE. ) );
#3138 = CARTESIAN_POINT ( 'NONE',  ( -0.9499999999999999600, -2.799999999999999400, -5.299999999999999800 ) ) ;
#3139 = ORIENTED_EDGE ( 'NONE', *, *, #7924, .T. ) ;
#3140 = DIRECTION ( 'NONE',  ( -1.000000000000000000, -0.0000000000000000000, -0.0000000000000000000 ) ) ;
#3141 = ADVANCED_FACE ( 'NONE', ( #143 ), #72, .T. ) ;
#3142 = CARTESIAN_POINT ( 'NONE',  ( 2.140000000000001500, 0.0000000000000000000, -19.05000000000000100 ) ) ;
#3143 = EDGE_CURVE ( 'NONE', #611, #4199, #10357, .T. ) ;
#3144 = ORIENTED_EDGE ( 'NONE', *, *, #3444, .T. ) ;
#3145 = CARTESIAN_POINT ( 'NONE',  ( -2.540000000000000000, 0.0000000000000000000, -18.68342105263158000 ) ) ;
#3146 = DIRECTION ( 'NONE',  ( 0.0000000000000000000, 1.000000000000000000, 0.0000000000000000000 ) ) ;
#3147 = AXIS2_PLACEMENT_3D ( 'NONE', #4862, #10752, #5703 ) ;
#3148 = ORIENTED_EDGE ( 'NONE', *, *, #8305, .T. ) ;
#3149 = PRESENTATION_LAYER_ASSIGNMENT (  '', '', ( #2575 ) ) ;
#3150 = FILL_AREA_STYLE ('',( #3965 ) ) ;
#3151 = CARTESIAN_POINT ( 'NONE',  ( 1.490000000000000000, 11.70000000000000100, -10.48000000000000200 ) ) ;
#3152 = EDGE_LOOP ( 'NONE', ( #1464, #1234, #5725, #3580, #9155, #2821, #9000, #1206, #4278, #7834, #7563, #8485, #7249, #6518, #10256, #7554, #9914, #9131, #8182, #4427, #7440, #9191, #10552, #3424, #528, #5070, #1101, #1479, #8321, #7978 ) ) ;
#3153 = DIRECTION ( 'NONE',  ( 0.0000000000000000000, 1.000000000000000000, 0.0000000000000000000 ) ) ;
#3154 = PRESENTATION_LAYER_ASSIGNMENT (  '', '', ( #2014 ) ) ;
#3155 = DIRECTION ( 'NONE',  ( -1.000000000000000000, 0.0000000000000000000, -0.0000000000000000000 ) ) ;
#3157 = DIRECTION ( 'NONE',  ( -1.000000000000000000, -0.0000000000000000000, -1.232047923278982200E-016 ) ) ;
#3156 = FACE_OUTER_BOUND ( 'NONE', #5584, .T. ) ;
#3158 =( NAMED_UNIT ( * ) PLANE_ANGLE_UNIT ( ) SI_UNIT ( $, .RADIAN. ) );
#3159 = AXIS2_PLACEMENT_3D ( 'NONE', #289, #6235, #1169 ) ;
#3160 = ORIENTED_EDGE ( 'NONE', *, *, #6134, .T. ) ;
#3161 = ORIENTED_EDGE ( 'NONE', *, *, #5482, .F. ) ;
#3162 = DIRECTION ( 'NONE',  ( -0.7071067811865489100, -0.0000000000000000000, -0.7071067811865461300 ) ) ;
#3163 = SURFACE_STYLE_FILL_AREA ( #2772 ) ;
#3164 = CARTESIAN_POINT ( 'NONE',  ( -1.490000000000000000, -2.799999999999999400, -0.3200000000000001200 ) ) ;
#3165 = SURFACE_STYLE_USAGE ( .BOTH. , #8219 ) ;
#3166 = MECHANICAL_DESIGN_GEOMETRIC_PRESENTATION_REPRESENTATION (  '', ( #1458 ), #3749 ) ;
#3167 = DIRECTION ( 'NONE',  ( 0.0000000000000000000, -1.000000000000000000, 0.0000000000000000000 ) ) ;
#3168 = SURFACE_SIDE_STYLE ('',( #8117 ) ) ;
#3169 = DIRECTION ( 'NONE',  ( 0.0000000000000000000, -0.0000000000000000000, 1.000000000000000000 ) ) ;
#3170 = SURFACE_STYLE_FILL_AREA ( #2732 ) ;
#3171 = VECTOR ( 'NONE', #4883, 1000.000000000000100 ) ;
#3172 = ORIENTED_EDGE ( 'NONE', *, *, #16, .T. ) ;
#3173 = CARTESIAN_POINT ( 'NONE',  ( -1.050000000000000000, -2.799999999999999400, -20.64000000000000100 ) ) ;
#3174 = FILL_AREA_STYLE_COLOUR ( '', #1536 ) ;
#3175 = VERTEX_POINT ( 'NONE', #6074 ) ;
#3176 = EDGE_CURVE ( 'NONE', #8179, #2612, #5871, .T. ) ;
#3177 = DIRECTION ( 'NONE',  ( 0.0000000000000000000, -1.000000000000000000, 0.0000000000000000000 ) ) ;
#3178 = DIRECTION ( 'NONE',  ( 0.7071067811865463500, -0.0000000000000000000, 0.7071067811865487900 ) ) ;
#3179 =( GEOMETRIC_REPRESENTATION_CONTEXT ( 3 ) GLOBAL_UNCERTAINTY_ASSIGNED_CONTEXT ( ( #9271 ) ) GLOBAL_UNIT_ASSIGNED_CONTEXT ( ( #587, #6557, #1461 ) ) REPRESENTATION_CONTEXT ( 'NONE', 'WORKASPACE' ) );
#3180 = DIRECTION ( 'NONE',  ( 0.7071067811865474600, 0.0000000000000000000, 0.7071067811865474600 ) ) ;
#3181 = VECTOR ( 'NONE', #7443, 999.9999999999998900 ) ;
#3182 = EDGE_LOOP ( 'NONE', ( #2800, #1297, #6123, #6267 ) ) ;
#3183 = ORIENTED_EDGE ( 'NONE', *, *, #4424, .F. ) ;
#3184 =( GEOMETRIC_REPRESENTATION_CONTEXT ( 3 ) GLOBAL_UNCERTAINTY_ASSIGNED_CONTEXT ( ( #2173 ) ) GLOBAL_UNIT_ASSIGNED_CONTEXT ( ( #3501, #9367, #4350 ) ) REPRESENTATION_CONTEXT ( 'NONE', 'WORKASPACE' ) );
#3185 = EDGE_CURVE ( 'NONE', #9163, #8992, #1615, .T. ) ;
#3186 = VERTEX_POINT ( 'NONE', #9441 ) ;
#3187 = VECTOR ( 'NONE', #8751, 1000.000000000000000 ) ;
#3188 = CARTESIAN_POINT ( 'NONE',  ( 2.540000000000000900, 1.700000000000000000, -5.950000000000001100 ) ) ;
#3189 = VECTOR ( 'NONE', #8551, 1000.000000000000000 ) ;
#3190 = DIRECTION ( 'NONE',  ( 2.492418787322998300E-016, 0.0000000000000000000, 1.000000000000000000 ) ) ;
#3191 = EDGE_CURVE ( 'NONE', #1449, #5167, #7856, .T. ) ;
#3192 = EDGE_LOOP ( 'NONE', ( #9655, #1813, #8668, #8162 ) ) ;
#3193 = SURFACE_STYLE_FILL_AREA ( #5765 ) ;
#3194 = MECHANICAL_DESIGN_GEOMETRIC_PRESENTATION_REPRESENTATION (  '', ( #1483 ), #3781 ) ;
#3195 = SURFACE_STYLE_FILL_AREA ( #7853 ) ;
#3196 = LINE ( 'NONE', #9617, #7425 ) ;
#3197 =( NAMED_UNIT ( * ) PLANE_ANGLE_UNIT ( ) SI_UNIT ( $, .RADIAN. ) );
#3198 = CARTESIAN_POINT ( 'NONE',  ( -1.050000000000000000, 11.70000000000000100, -2.860000000000000300 ) ) ;
#3199 = CARTESIAN_POINT ( 'NONE',  ( 1.050000000000000000, -2.799999999999999400, -4.760000000000000700 ) ) ;
#3200 = ADVANCED_FACE ( 'NONE', ( #10075 ), #1034, .F. ) ;
#3201 =( GEOMETRIC_REPRESENTATION_CONTEXT ( 3 ) GLOBAL_UNCERTAINTY_ASSIGNED_CONTEXT ( ( #9207 ) ) GLOBAL_UNIT_ASSIGNED_CONTEXT ( ( #200, #6158, #1086 ) ) REPRESENTATION_CONTEXT ( 'NONE', 'WORKASPACE' ) );
#3202 = VERTEX_POINT ( 'NONE', #10301 ) ;
#3203 = LINE ( 'NONE', #9883, #7433 ) ;
#3204 = CARTESIAN_POINT ( 'NONE',  ( -1.490000000000000000, -2.799999999999999400, -20.64000000000000100 ) ) ;
#3205 = VERTEX_POINT ( 'NONE', #6148 ) ;
#3206 = PLANE ( 'NONE',  #9141 ) ;
#3207 = FILL_AREA_STYLE_COLOUR ( '', #1716 ) ;
#3208 = LINE ( 'NONE', #3560, #5214 ) ;
#3209 = DIRECTION ( 'NONE',  ( 0.0000000000000000000, -1.000000000000000000, 0.0000000000000000000 ) ) ;
#3210 = UNCERTAINTY_MEASURE_WITH_UNIT (LENGTH_MEASURE( 1.000000000000000100E-005 ), #2841, 'distance_accuracy_value', 'NONE');
#3211 = FILL_AREA_STYLE ('',( #2338 ) ) ;
#3212 = DIRECTION ( 'NONE',  ( -1.000000000000000000, -0.0000000000000000000, -0.0000000000000000000 ) ) ;
#3214 = VERTEX_POINT ( 'NONE', #1071 ) ;
#3213 =( NAMED_UNIT ( * ) SI_UNIT ( $, .STERADIAN. ) SOLID_ANGLE_UNIT ( ) );
#3215 = ORIENTED_EDGE ( 'NONE', *, *, #6954, .F. ) ;
#3216 = UNCERTAINTY_MEASURE_WITH_UNIT (LENGTH_MEASURE( 1.000000000000000100E-005 ), #4243, 'distance_accuracy_value', 'NONE');
#3217 = AXIS2_PLACEMENT_3D ( 'NONE', #9286, #4266, #10150 ) ;
#3218 = LINE ( 'NONE', #2393, #956 ) ;
#3219 = FILL_AREA_STYLE ('',( #3252 ) ) ;
#3220 = ORIENTED_EDGE ( 'NONE', *, *, #8238, .T. ) ;
#3221 = SURFACE_STYLE_USAGE ( .BOTH. , #8272 ) ;
#3222 = PRESENTATION_LAYER_ASSIGNMENT (  '', '', ( #2067 ) ) ;
#3223 =( NAMED_UNIT ( * ) PLANE_ANGLE_UNIT ( ) SI_UNIT ( $, .RADIAN. ) );
#3224 = SURFACE_STYLE_FILL_AREA ( #3451 ) ;
#3225 = VERTEX_POINT ( 'NONE', #191 ) ;
#3226 = EDGE_CURVE ( 'NONE', #249, #2200, #280, .T. ) ;
#3227 = AXIS2_PLACEMENT_3D ( 'NONE', #5512, #402, #6349 ) ;
#3228 =( NAMED_UNIT ( * ) PLANE_ANGLE_UNIT ( ) SI_UNIT ( $, .RADIAN. ) );
#3229 = PLANE ( 'NONE',  #126 ) ;
#3230 = CARTESIAN_POINT ( 'NONE',  ( -1.590000000000000300, -2.799999999999999400, -0.2200000000000002500 ) ) ;
#3231 = FACE_OUTER_BOUND ( 'NONE', #2535, .T. ) ;
#3232 = DIRECTION ( 'NONE',  ( -0.7071067811865470200, -0.0000000000000000000, -0.7071067811865481300 ) ) ;
#3233 = MECHANICAL_DESIGN_GEOMETRIC_PRESENTATION_REPRESENTATION (  '', ( #1516 ), #3807 ) ;
#3234 = LINE ( 'NONE', #2611, #2967 ) ;
#3235 = SURFACE_SIDE_STYLE ('',( #5127 ) ) ;
#3236 = MECHANICAL_DESIGN_GEOMETRIC_PRESENTATION_REPRESENTATION (  '', ( #1522 ), #3809 ) ;
#3237 = PLANE ( 'NONE',  #9213 ) ;
#3238 = LINE ( 'NONE', #6442, #9693 ) ;
#3239 =( NAMED_UNIT ( * ) SI_UNIT ( $, .STERADIAN. ) SOLID_ANGLE_UNIT ( ) );
#3240 = COLOUR_RGB ( '',0.7960784313725489700, 0.8235294117647058400, 0.9372549019607843100 ) ;
#3241 = CARTESIAN_POINT ( 'NONE',  ( 0.9499999999999999600, -2.799999999999999400, -7.839999999999999900 ) ) ;
#3242 = PRESENTATION_STYLE_ASSIGNMENT (( #7227 ) ) ;
#3243 = EDGE_CURVE ( 'NONE', #116, #4520, #9012, .T. ) ;
#3244 =( NAMED_UNIT ( * ) SI_UNIT ( $, .STERADIAN. ) SOLID_ANGLE_UNIT ( ) );
#3245 = FILL_AREA_STYLE_COLOUR ( '', #3779 ) ;
#3246 =( GEOMETRIC_REPRESENTATION_CONTEXT ( 3 ) GLOBAL_UNCERTAINTY_ASSIGNED_CONTEXT ( ( #7020 ) ) GLOBAL_UNIT_ASSIGNED_CONTEXT ( ( #1811, #7754, #2688 ) ) REPRESENTATION_CONTEXT ( 'NONE', 'WORKASPACE' ) );
#3247 = LINE ( 'NONE', #4970, #9702 ) ;
#3248 = STYLED_ITEM ( 'NONE', ( #9916 ), #4991 ) ;
#3249 = EDGE_CURVE ( 'NONE', #3685, #3861, #7069, .T. ) ;
#3250 = DIRECTION ( 'NONE',  ( 0.7348718659067219300, 0.0000000000000000000, -0.6782059721786390900 ) ) ;
#3251 = EDGE_CURVE ( 'NONE', #2266, #6249, #9260, .T. ) ;
#3252 = FILL_AREA_STYLE_COLOUR ( '', #2649 ) ;
#3253 = ADVANCED_FACE ( 'NONE', ( #6534 ), #7035, .T. ) ;
#3254 = COLOUR_RGB ( '',0.7960784313725489700, 0.8235294117647058400, 0.9372549019607843100 ) ;
#3255 = CARTESIAN_POINT ( 'NONE',  ( 1.590000000000000100, -2.799999999999999400, -15.45999999999999900 ) ) ;
#3256 = CARTESIAN_POINT ( 'NONE',  ( -1.590000000000000300, 11.70000000000000100, -15.45999999999999900 ) ) ;
#3257 = SURFACE_STYLE_FILL_AREA ( #10179 ) ;
#3258 = FACE_OUTER_BOUND ( 'NONE', #3858, .T. ) ;
#3259 = MECHANICAL_DESIGN_GEOMETRIC_PRESENTATION_REPRESENTATION (  '', ( #1545 ), #3830 ) ;
#3260 = VERTEX_POINT ( 'NONE', #3562 ) ;
#3261 = VERTEX_POINT ( 'NONE', #1977 ) ;
#3262 = PRESENTATION_STYLE_ASSIGNMENT (( #7585 ) ) ;
#3263 = VECTOR ( 'NONE', #7358, 1000.000000000000100 ) ;
#3264 = PLANE ( 'NONE',  #3575 ) ;
#3265 = FILL_AREA_STYLE ('',( #6641 ) ) ;
#3266 = FILL_AREA_STYLE_COLOUR ( '', #10573 ) ;
#3267 = ORIENTED_EDGE ( 'NONE', *, *, #8936, .F. ) ;
#3268 = ORIENTED_EDGE ( 'NONE', *, *, #6915, .T. ) ;
#3269 =( LENGTH_UNIT ( ) NAMED_UNIT ( * ) SI_UNIT ( .MILLI., .METRE. ) );
#3270 = EDGE_LOOP ( 'NONE', ( #760, #9246, #7196, #569 ) ) ;
#3271 = EDGE_CURVE ( 'NONE', #4706, #5720, #4458, .T. ) ;
#3272 = LINE ( 'NONE', #2032, #7504 ) ;
#3273 = CARTESIAN_POINT ( 'NONE',  ( 2.140000000000000100, 1.700000000000000000, -3.810000000000000100 ) ) ;
#3274 = SURFACE_SIDE_STYLE ('',( #6761 ) ) ;
#3275 =( NAMED_UNIT ( * ) SI_UNIT ( $, .STERADIAN. ) SOLID_ANGLE_UNIT ( ) );
#3276 = VECTOR ( 'NONE', #5492, 1000.000000000000000 ) ;
#3277 = SURFACE_SIDE_STYLE ('',( #9301 ) ) ;
#3278 = AXIS2_PLACEMENT_3D ( 'NONE', #4830, #10711, #5678 ) ;
#3279 = ORIENTED_EDGE ( 'NONE', *, *, #4698, .F. ) ;
#3280 = EDGE_LOOP ( 'NONE', ( #4393, #6936, #5044, #7842 ) ) ;
#3281 = FILL_AREA_STYLE_COLOUR ( '', #2964 ) ;
#3282 =( GEOMETRIC_REPRESENTATION_CONTEXT ( 3 ) GLOBAL_UNCERTAINTY_ASSIGNED_CONTEXT ( ( #9157 ) ) GLOBAL_UNIT_ASSIGNED_CONTEXT ( ( #4167, #10052, #5037 ) ) REPRESENTATION_CONTEXT ( 'NONE', 'WORKASPACE' ) );
#3283 = UNCERTAINTY_MEASURE_WITH_UNIT (LENGTH_MEASURE( 1.000000000000000100E-005 ), #6911, 'distance_accuracy_value', 'NONE');
#3284 = EDGE_LOOP ( 'NONE', ( #7289, #10622, #3727, #6533, #330, #2926, #5090, #3686 ) ) ;
#3285 =( NAMED_UNIT ( * ) SI_UNIT ( $, .STERADIAN. ) SOLID_ANGLE_UNIT ( ) );
#3286 = PRESENTATION_LAYER_ASSIGNMENT (  '', '', ( #2138 ) ) ;
#3287 =( NAMED_UNIT ( * ) SI_UNIT ( $, .STERADIAN. ) SOLID_ANGLE_UNIT ( ) );
#3288 = VECTOR ( 'NONE', #2712, 1000.000000000000000 ) ;
#3289 = DIRECTION ( 'NONE',  ( 0.0000000000000000000, 0.0000000000000000000, 1.000000000000000000 ) ) ;
#3290 = EDGE_CURVE ( 'NONE', #3487, #3020, #8650, .T. ) ;
#3291 = ORIENTED_EDGE ( 'NONE', *, *, #2528, .T. ) ;
#3292 = CARTESIAN_POINT ( 'NONE',  ( -1.590000000000000300, -2.799999999999999400, -20.10000000000000100 ) ) ;
#3293 =( GEOMETRIC_REPRESENTATION_CONTEXT ( 3 ) GLOBAL_UNCERTAINTY_ASSIGNED_CONTEXT ( ( #1565 ) ) GLOBAL_UNIT_ASSIGNED_CONTEXT ( ( #3774, #9635, #4630 ) ) REPRESENTATION_CONTEXT ( 'NONE', 'WORKASPACE' ) );
#3294 = FACE_OUTER_BOUND ( 'NONE', #4550, .T. ) ;
#3295 = VERTEX_POINT ( 'NONE', #302 ) ;
#3296 = DIRECTION ( 'NONE',  ( 1.000000000000000000, 0.0000000000000000000, 1.232047923278982200E-016 ) ) ;
#3297 = COLOUR_RGB ( '',0.7960784313725489700, 0.8235294117647058400, 0.9372549019607843100 ) ;
#3298 = STYLED_ITEM ( 'NONE', ( #1007 ), #8554 ) ;
#3299 = ORIENTED_EDGE ( 'NONE', *, *, #4051, .T. ) ;
#3300 = CLOSED_SHELL ( 'NONE', ( #6754, #3553, #2630, #4085, #447, #5341, #7802, #1627, #10513, #3541 ) ) ;
#3301 =( NAMED_UNIT ( * ) PLANE_ANGLE_UNIT ( ) SI_UNIT ( $, .RADIAN. ) );
#3302 = CARTESIAN_POINT ( 'NONE',  ( -2.539999999999999600, 0.0000000000000000000, -9.323421052631580600 ) ) ;
#3303 = CARTESIAN_POINT ( 'NONE',  ( -1.590000000000000300, -2.799999999999999400, -2.760000000000000200 ) ) ;
#3304 = CARTESIAN_POINT ( 'NONE',  ( 0.9499999999999999600, -2.799999999999999400, -18.00000000000000400 ) ) ;
#3305 = FACE_OUTER_BOUND ( 'NONE', #491, .T. ) ;
#3306 = FILL_AREA_STYLE ('',( #6686 ) ) ;
#3307 =( NAMED_UNIT ( * ) SI_UNIT ( $, .STERADIAN. ) SOLID_ANGLE_UNIT ( ) );
#3308 = FACE_OUTER_BOUND ( 'NONE', #9075, .T. ) ;
#3309 = ADVANCED_FACE ( 'NONE', ( #1913 ), #8739, .T. ) ;
#3310 = LINE ( 'NONE', #5860, #7812 ) ;
#3311 = LINE ( 'NONE', #2213, #4516 ) ;
#3312 =( LENGTH_UNIT ( ) NAMED_UNIT ( * ) SI_UNIT ( .MILLI., .METRE. ) );
#3313 = ORIENTED_EDGE ( 'NONE', *, *, #7465, .T. ) ;
#3314 = VERTEX_POINT ( 'NONE', #6252 ) ;
#3315 = SURFACE_SIDE_STYLE ('',( #3729 ) ) ;
#3316 = FILL_AREA_STYLE_COLOUR ( '', #4120 ) ;
#3317 = STYLED_ITEM ( 'NONE', ( #2015 ), #4616 ) ;
#3318 = FILL_AREA_STYLE ('',( #8365 ) ) ;
#3319 = ORIENTED_EDGE ( 'NONE', *, *, #4592, .T. ) ;
#3320 = ORIENTED_EDGE ( 'NONE', *, *, #7676, .T. ) ;
#3321 =( NAMED_UNIT ( * ) PLANE_ANGLE_UNIT ( ) SI_UNIT ( $, .RADIAN. ) );
#3322 = DIRECTION ( 'NONE',  ( -0.7071067811865489100, -0.0000000000000000000, -0.7071067811865461300 ) ) ;
#3323 = PRESENTATION_STYLE_ASSIGNMENT (( #5565 ) ) ;
#3324 = FILL_AREA_STYLE_COLOUR ( '', #8464 ) ;
#3325 = ORIENTED_EDGE ( 'NONE', *, *, #8903, .F. ) ;
#3326 = SURFACE_STYLE_FILL_AREA ( #2483 ) ;
#3327 = VECTOR ( 'NONE', #3146, 1000.000000000000000 ) ;
#3328 = DIRECTION ( 'NONE',  ( -1.000000000000000000, -0.0000000000000000000, -0.0000000000000000000 ) ) ;
#3329 = SURFACE_STYLE_USAGE ( .BOTH. , #8376 ) ;
#3330 = VERTEX_POINT ( 'NONE', #331 ) ;
#3331 = DIRECTION ( 'NONE',  ( 1.000000000000000000, 0.0000000000000000000, 1.232047923278982200E-016 ) ) ;
#3332 = CARTESIAN_POINT ( 'NONE',  ( 0.9499999999999999600, 11.70000000000000100, -20.10000000000000100 ) ) ;
#3333 = LINE ( 'NONE', #6898, #5593 ) ;
#3334 = ORIENTED_EDGE ( 'NONE', *, *, #8477, .T. ) ;
#3335 = ORIENTED_EDGE ( 'NONE', *, *, #1170, .F. ) ;
#3336 = LINE ( 'NONE', #542, #8608 ) ;
#3337 = EDGE_CURVE ( 'NONE', #1449, #1166, #1139, .T. ) ;
#3338 =( LENGTH_UNIT ( ) NAMED_UNIT ( * ) SI_UNIT ( .MILLI., .METRE. ) );
#3339 = EDGE_LOOP ( 'NONE', ( #6478, #2126, #2278, #583 ) ) ;
#3340 = ORIENTED_EDGE ( 'NONE', *, *, #2554, .F. ) ;
#3341 = CARTESIAN_POINT ( 'NONE',  ( 1.490000000000000000, -2.799999999999999400, -0.3200000000000001200 ) ) ;
#3342 = DIRECTION ( 'NONE',  ( -1.000000000000000000, -0.0000000000000000000, -1.232047923278982200E-016 ) ) ;
#3343 = EDGE_CURVE ( 'NONE', #10042, #8535, #5645, .T. ) ;
#3344 = DIRECTION ( 'NONE',  ( 0.7071067811865481300, 0.0000000000000000000, -0.7071067811865470200 ) ) ;
#3345 = PRESENTATION_LAYER_ASSIGNMENT (  '', '', ( #2188 ) ) ;
#3346 = VECTOR ( 'NONE', #3811, 1000.000000000000000 ) ;
#3347 = VECTOR ( 'NONE', #3376, 1000.000000000000000 ) ;
#3348 = CARTESIAN_POINT ( 'NONE',  ( -2.540000000000000000, 1.700000000000000000, -18.68342105263158000 ) ) ;
#3349 = FACE_OUTER_BOUND ( 'NONE', #7013, .T. ) ;
#3350 = DIRECTION ( 'NONE',  ( 0.0000000000000000000, -0.0000000000000000000, 1.000000000000000000 ) ) ;
#3351 = MECHANICAL_DESIGN_GEOMETRIC_PRESENTATION_REPRESENTATION (  '', ( #1628 ), #3911 ) ;
#3352 = UNCERTAINTY_MEASURE_WITH_UNIT (LENGTH_MEASURE( 1.000000000000000100E-005 ), #9667, 'distance_accuracy_value', 'NONE');
#3353 = VERTEX_POINT ( 'NONE', #2908 ) ;
#3354 =( GEOMETRIC_REPRESENTATION_CONTEXT ( 3 ) GLOBAL_UNCERTAINTY_ASSIGNED_CONTEXT ( ( #6886 ) ) GLOBAL_UNIT_ASSIGNED_CONTEXT ( ( #1001, #6941, #1835 ) ) REPRESENTATION_CONTEXT ( 'NONE', 'WORKASPACE' ) );
#3355 = ORIENTED_EDGE ( 'NONE', *, *, #1140, .T. ) ;
#3356 = COLOUR_RGB ( '',0.0000000000000000000, 0.003921568627450980300, 0.09019607843137254800 ) ;
#3357 = UNCERTAINTY_MEASURE_WITH_UNIT (LENGTH_MEASURE( 1.000000000000000100E-005 ), #9958, 'distance_accuracy_value', 'NONE');
#3358 = DIRECTION ( 'NONE',  ( 2.492418787322998300E-016, 0.0000000000000000000, 1.000000000000000000 ) ) ;
#3359 = SURFACE_STYLE_USAGE ( .BOTH. , #8394 ) ;
#3360 = VECTOR ( 'NONE', #5313, 1000.000000000000000 ) ;
#3361 = ORIENTED_EDGE ( 'NONE', *, *, #10239, .T. ) ;
#3362 = COLOUR_RGB ( '',0.0000000000000000000, 0.003921568627450980300, 0.09019607843137254800 ) ;
#3363 = LINE ( 'NONE', #10543, #5617 ) ;
#3364 = PLANE ( 'NONE',  #10438 ) ;
#3365 = FACE_OUTER_BOUND ( 'NONE', #1010, .T. ) ;
#3366 = ORIENTED_EDGE ( 'NONE', *, *, #4324, .F. ) ;
#3367 = VECTOR ( 'NONE', #18, 1000.000000000000000 ) ;
#3368 = VECTOR ( 'NONE', #8810, 999.9999999999998900 ) ;
#3369 = STYLED_ITEM ( 'NONE', ( #7843 ), #6943 ) ;
#3370 = VECTOR ( 'NONE', #3296, 1000.000000000000000 ) ;
#3371 = ORIENTED_EDGE ( 'NONE', *, *, #10021, .F. ) ;
#3372 = DIRECTION ( 'NONE',  ( -0.0000000000000000000, -1.000000000000000000, -0.0000000000000000000 ) ) ;
#3373 = ADVANCED_FACE ( 'NONE', ( #3115 ), #9651, .F. ) ;
#3374 = SURFACE_SIDE_STYLE ('',( #6582 ) ) ;
#3375 = LINE ( 'NONE', #10986, #1127 ) ;
#3376 = DIRECTION ( 'NONE',  ( -0.7071067811865489100, -0.0000000000000000000, 0.7071067811865462400 ) ) ;
#3377 = ORIENTED_EDGE ( 'NONE', *, *, #4553, .T. ) ;
#3378 = DIRECTION ( 'NONE',  ( 0.0000000000000000000, 1.000000000000000000, 0.0000000000000000000 ) ) ;
#3379 = ORIENTED_EDGE ( 'NONE', *, *, #6119, .T. ) ;
#3380 =( GEOMETRIC_REPRESENTATION_CONTEXT ( 3 ) GLOBAL_UNCERTAINTY_ASSIGNED_CONTEXT ( ( #1442 ) ) GLOBAL_UNIT_ASSIGNED_CONTEXT ( ( #7593, #2519, #8424 ) ) REPRESENTATION_CONTEXT ( 'NONE', 'WORKASPACE' ) );
#3381 = PLANE ( 'NONE',  #9648 ) ;
#3382 = CARTESIAN_POINT ( 'NONE',  ( 1.590000000000000100, 11.70000000000000100, -12.92000000000000200 ) ) ;
#3383 = FACE_OUTER_BOUND ( 'NONE', #1554, .T. ) ;
#3384 =( NAMED_UNIT ( * ) SI_UNIT ( $, .STERADIAN. ) SOLID_ANGLE_UNIT ( ) );
#3385 = VECTOR ( 'NONE', #2056, 1000.000000000000000 ) ;
#3386 = STYLED_ITEM ( 'NONE', ( #38 ), #4256 ) ;
#3387 = DIRECTION ( 'NONE',  ( 0.7071067811865486800, 0.0000000000000000000, -0.7071067811865463500 ) ) ;
#3388 = LINE ( 'NONE', #4369, #7887 ) ;
#3389 = PRESENTATION_LAYER_ASSIGNMENT (  '', '', ( #2220 ) ) ;
#3390 = LINE ( 'NONE', #144, #5649 ) ;
#3391 =( NAMED_UNIT ( * ) SI_UNIT ( $, .STERADIAN. ) SOLID_ANGLE_UNIT ( ) );
#3392 = SURFACE_SIDE_STYLE ('',( #3326 ) ) ;
#3393 = SURFACE_SIDE_STYLE ('',( #7477 ) ) ;
#3394 = ORIENTED_EDGE ( 'NONE', *, *, #2528, .F. ) ;
#3395 = EDGE_CURVE ( 'NONE', #7965, #9897, #4590, .T. ) ;
#3396 =( NAMED_UNIT ( * ) PLANE_ANGLE_UNIT ( ) SI_UNIT ( $, .RADIAN. ) );
#3397 = CARTESIAN_POINT ( 'NONE',  ( 1.050000000000000000, 11.70000000000000100, -18.10000000000000100 ) ) ;
#3398 = PRESENTATION_STYLE_ASSIGNMENT (( #8527 ) ) ;
#3399 = LINE ( 'NONE', #3255, #7622 ) ;
#3400 = AXIS2_PLACEMENT_3D ( 'NONE', #8004, #2952, #8845 ) ;
#3401 = MECHANICAL_DESIGN_GEOMETRIC_PRESENTATION_REPRESENTATION (  '', ( #1672 ), #3961 ) ;
#3402 = LINE ( 'NONE', #10890, #7625 ) ;
#3403 = CARTESIAN_POINT ( 'NONE',  ( -1.590000000000000300, 11.70000000000000100, -9.940000000000001300 ) ) ;
#3404 = ORIENTED_EDGE ( 'NONE', *, *, #7558, .F. ) ;
#3405 = FACE_OUTER_BOUND ( 'NONE', #1115, .T. ) ;
#3406 = EDGE_LOOP ( 'NONE', ( #1582, #8703, #10930, #8796 ) ) ;
#3407 = EDGE_CURVE ( 'NONE', #2245, #4142, #26, .T. ) ;
#3408 = DIRECTION ( 'NONE',  ( 0.6756367705307529900, -0.0000000000000000000, 0.7372346670543747900 ) ) ;
#3409 = ORIENTED_EDGE ( 'NONE', *, *, #6273, .T. ) ;
#3410 = ORIENTED_EDGE ( 'NONE', *, *, #4831, .F. ) ;
#3411 = FILL_AREA_STYLE_COLOUR ( '', #3254 ) ;
#3412 = PRESENTATION_LAYER_ASSIGNMENT (  '', '', ( #2256 ) ) ;
#3413 = CLOSED_SHELL ( 'NONE', ( #4715, #3817, #8622, #7748, #5808, #9775, #236, #5325, #8236, #6157 ) ) ;
#3414 = UNCERTAINTY_MEASURE_WITH_UNIT (LENGTH_MEASURE( 1.000000000000000100E-005 ), #10403, 'distance_accuracy_value', 'NONE');
#3415 = SURFACE_SIDE_STYLE ('',( #9475 ) ) ;
#3416 =( NAMED_UNIT ( * ) SI_UNIT ( $, .STERADIAN. ) SOLID_ANGLE_UNIT ( ) );
#3417 = DIRECTION ( 'NONE',  ( 0.7071067811865486800, 0.0000000000000000000, 0.7071067811865464600 ) ) ;
#3418 = SURFACE_STYLE_USAGE ( .BOTH. , #8454 ) ;
#3419 = UNCERTAINTY_MEASURE_WITH_UNIT (LENGTH_MEASURE( 1.000000000000000100E-005 ), #5835, 'distance_accuracy_value', 'NONE');
#3420 = CARTESIAN_POINT ( 'NONE',  ( -1.050000000000000000, -2.799999999999999400, -0.3200000000000000600 ) ) ;
#3421 = DIRECTION ( 'NONE',  ( 0.7071067811865481300, 0.0000000000000000000, -0.7071067811865470200 ) ) ;
#3422 = CARTESIAN_POINT ( 'NONE',  ( -1.050000000000000000, -2.799999999999999400, -17.46000000000000100 ) ) ;
#3423 = ADVANCED_FACE ( 'NONE', ( #4314 ), #10558, .T. ) ;
#3424 = ORIENTED_EDGE ( 'NONE', *, *, #8215, .F. ) ;
#3425 = VERTEX_POINT ( 'NONE', #7212 ) ;
#3426 = UNCERTAINTY_MEASURE_WITH_UNIT (LENGTH_MEASURE( 1.000000000000000100E-005 ), #3312, 'distance_accuracy_value', 'NONE');
#3427 = FILL_AREA_STYLE_COLOUR ( '', #8114 ) ;
#3428 = ORIENTED_EDGE ( 'NONE', *, *, #5917, .F. ) ;
#3429 = COLOUR_RGB ( '',0.7960784313725489700, 0.8235294117647058400, 0.9372549019607843100 ) ;
#3430 = CARTESIAN_POINT ( 'NONE',  ( 1.050000000000000000, 11.70000000000000100, -13.02000000000000100 ) ) ;
#3431 = CARTESIAN_POINT ( 'NONE',  ( 1.050000000000000000, -2.799999999999999400, -18.10000000000000100 ) ) ;
#3432 = CARTESIAN_POINT ( 'NONE',  ( 1.490000000000000000, -2.799999999999999400, -13.02000000000000100 ) ) ;
#3433 = STYLED_ITEM ( 'NONE', ( #4160 ), #6493 ) ;
#3434 = CARTESIAN_POINT ( 'NONE',  ( -0.9499999999999999600, 11.70000000000000100, -20.10000000000000100 ) ) ;
#3435 = CARTESIAN_POINT ( 'NONE',  ( -2.140000000000000600, 1.700000000000000000, -21.59000000000000000 ) ) ;
#3436 = LINE ( 'NONE', #5967, #5691 ) ;
#3437 = AXIS2_PLACEMENT_3D ( 'NONE', #8059, #3009, #8910 ) ;
#3438 = ORIENTED_EDGE ( 'NONE', *, *, #5417, .T. ) ;
#3439 = VERTEX_POINT ( 'NONE', #6402 ) ;
#3440 = AXIS2_PLACEMENT_3D ( 'NONE', #7707, #2628, #8531 ) ;
#3441 = EDGE_LOOP ( 'NONE', ( #4150, #8425, #2281, #9072 ) ) ;
#3442 = DIRECTION ( 'NONE',  ( -0.0000000000000000000, -0.0000000000000000000, -1.000000000000000000 ) ) ;
#3443 = FILL_AREA_STYLE_COLOUR ( '', #1701 ) ;
#3444 = EDGE_CURVE ( 'NONE', #1979, #10577, #5763, .T. ) ;
#3445 = CARTESIAN_POINT ( 'NONE',  ( 1.590000000000000100, -2.799999999999999400, -15.45999999999999900 ) ) ;
#3446 = PRESENTATION_STYLE_ASSIGNMENT (( #9937 ) ) ;
#3447 =( GEOMETRIC_REPRESENTATION_CONTEXT ( 3 ) GLOBAL_UNCERTAINTY_ASSIGNED_CONTEXT ( ( #9954 ) ) GLOBAL_UNIT_ASSIGNED_CONTEXT ( ( #7031, #1941, #7875 ) ) REPRESENTATION_CONTEXT ( 'NONE', 'WORKASPACE' ) );
#3448 = EDGE_LOOP ( 'NONE', ( #3543, #5202, #7313, #1555 ) ) ;
#3449 = FILL_AREA_STYLE_COLOUR ( '', #7273 ) ;
#3450 =( LENGTH_UNIT ( ) NAMED_UNIT ( * ) SI_UNIT ( .MILLI., .METRE. ) );
#3451 = FILL_AREA_STYLE ('',( #7651 ) ) ;
#3452 = ORIENTED_EDGE ( 'NONE', *, *, #351, .T. ) ;
#3453 = PRESENTATION_LAYER_ASSIGNMENT (  '', '', ( #2290 ) ) ;
#3454 = DIRECTION ( 'NONE',  ( -0.7372346670543746800, -0.0000000000000000000, 0.6756367705307528800 ) ) ;
#3455 =( GEOMETRIC_REPRESENTATION_CONTEXT ( 3 ) GLOBAL_UNCERTAINTY_ASSIGNED_CONTEXT ( ( #7671 ) ) GLOBAL_UNIT_ASSIGNED_CONTEXT ( ( #56, #6024, #931 ) ) REPRESENTATION_CONTEXT ( 'NONE', 'WORKASPACE' ) );
#3456 =( NAMED_UNIT ( * ) PLANE_ANGLE_UNIT ( ) SI_UNIT ( $, .RADIAN. ) );
#3457 = PRESENTATION_LAYER_ASSIGNMENT (  '', '', ( #2295 ) ) ;
#3458 = SURFACE_STYLE_USAGE ( .BOTH. , #8489 ) ;
#3459 = DIRECTION ( 'NONE',  ( 0.0000000000000000000, 1.000000000000000000, 0.0000000000000000000 ) ) ;
#3460 = DIRECTION ( 'NONE',  ( 0.0000000000000000000, 1.000000000000000000, 0.0000000000000000000 ) ) ;
#3461 = ORIENTED_EDGE ( 'NONE', *, *, #679, .F. ) ;
#3462 = VERTEX_POINT ( 'NONE', #3883 ) ;
#3463 = LINE ( 'NONE', #9835, #367 ) ;
#3464 =( GEOMETRIC_REPRESENTATION_CONTEXT ( 3 ) GLOBAL_UNCERTAINTY_ASSIGNED_CONTEXT ( ( #3564 ) ) GLOBAL_UNIT_ASSIGNED_CONTEXT ( ( #6854, #1753, #7690 ) ) REPRESENTATION_CONTEXT ( 'NONE', 'WORKASPACE' ) );
#3465 = DIRECTION ( 'NONE',  ( -0.7071067811865461300, 0.0000000000000000000, 0.7071067811865489100 ) ) ;
#3466 = EDGE_LOOP ( 'NONE', ( #2120, #8422, #6266, #224, #366, #10759, #4626, #5002 ) ) ;
#3467 = EDGE_CURVE ( 'NONE', #2330, #2081, #1249, .T. ) ;
#3468 = MECHANICAL_DESIGN_GEOMETRIC_PRESENTATION_REPRESENTATION (  '', ( #1733 ), #4029 ) ;
#3469 = SURFACE_STYLE_FILL_AREA ( #7200 ) ;
#3470 = ORIENTED_EDGE ( 'NONE', *, *, #4424, .T. ) ;
#3471 = DIRECTION ( 'NONE',  ( 0.0000000000000000000, 0.0000000000000000000, -1.000000000000000000 ) ) ;
#3472 =( NAMED_UNIT ( * ) SI_UNIT ( $, .STERADIAN. ) SOLID_ANGLE_UNIT ( ) );
#3473 = FILL_AREA_STYLE_COLOUR ( '', #1636 ) ;
#3474 = EDGE_CURVE ( 'NONE', #5600, #7193, #7744, .T. ) ;
#3475 =( NAMED_UNIT ( * ) SI_UNIT ( $, .STERADIAN. ) SOLID_ANGLE_UNIT ( ) );
#3476 = CARTESIAN_POINT ( 'NONE',  ( 0.0000000000000000000, -2.799999999999999400, -20.32000000000000000 ) ) ;
#3477 = EDGE_CURVE ( 'NONE', #5302, #7855, #3238, .T. ) ;
#3478 = VERTEX_POINT ( 'NONE', #2158 ) ;
#3479 = PRESENTATION_STYLE_ASSIGNMENT (( #7316 ) ) ;
#3480 = CARTESIAN_POINT ( 'NONE',  ( 2.540000000000000900, 1.700000000000000000, -11.03000000000000100 ) ) ;
#3481 = PRESENTATION_LAYER_ASSIGNMENT (  '', '', ( #2899 ) ) ;
#3482 = PLANE ( 'NONE',  #3994 ) ;
#3483 = ADVANCED_FACE ( 'NONE', ( #3520 ), #1347, .T. ) ;
#3484 = FILL_AREA_STYLE_COLOUR ( '', #6438 ) ;
#3485 = ORIENTED_EDGE ( 'NONE', *, *, #8305, .F. ) ;
#3486 = CARTESIAN_POINT ( 'NONE',  ( 1.590000000000000100, 11.70000000000000100, -0.2200000000000001400 ) ) ;
#3487 = VERTEX_POINT ( 'NONE', #506 ) ;
#3488 = DIRECTION ( 'NONE',  ( 0.7071067811865463500, -0.0000000000000000000, 0.7071067811865487900 ) ) ;
#3489 = CARTESIAN_POINT ( 'NONE',  ( -2.140000000000000600, 1.700000000000000000, -1.270000000000000000 ) ) ;
#3490 = SURFACE_STYLE_FILL_AREA ( #7078 ) ;
#3491 = ORIENTED_EDGE ( 'NONE', *, *, #8022, .T. ) ;
#3492 = FILL_AREA_STYLE ('',( #8484 ) ) ;
#3493 = CARTESIAN_POINT ( 'NONE',  ( 1.490000000000000000, -2.799999999999999400, -13.02000000000000100 ) ) ;
#3494 = COLOUR_RGB ( '',0.7921568627450980000, 0.8196078431372548800, 0.9333333333333333500 ) ;
#3495 = VERTEX_POINT ( 'NONE', #8989 ) ;
#3496 = SURFACE_STYLE_USAGE ( .BOTH. , #8524 ) ;
#3497 = ORIENTED_EDGE ( 'NONE', *, *, #10897, .F. ) ;
#3498 = FILL_AREA_STYLE_COLOUR ( '', #513 ) ;
#3499 = CARTESIAN_POINT ( 'NONE',  ( -2.540000000000000000, 1.700000000000000000, -5.983421052631579900 ) ) ;
#3500 = EDGE_CURVE ( 'NONE', #4232, #2327, #5257, .T. ) ;
#3501 =( LENGTH_UNIT ( ) NAMED_UNIT ( * ) SI_UNIT ( .MILLI., .METRE. ) );
#3502 = COLOUR_RGB ( '',0.7960784313725489700, 0.8235294117647058400, 0.9372549019607843100 ) ;
#3503 = MANIFOLD_SOLID_BREP ( 'LPattern3[1]', #3891 ) ;
#3504 = COLOUR_RGB ( '',0.7921568627450980000, 0.8196078431372548800, 0.9333333333333333500 ) ;
#3505 = CARTESIAN_POINT ( 'NONE',  ( 1.050000000000000000, -2.799999999999999400, -7.940000000000001300 ) ) ;
#3506 = STYLED_ITEM ( 'NONE', ( #3323 ), #6101 ) ;
#3507 = MECHANICAL_DESIGN_GEOMETRIC_PRESENTATION_REPRESENTATION (  '', ( #2341 ), #4064 ) ;
#3508 = CARTESIAN_POINT ( 'NONE',  ( -1.590000000000000300, 11.70000000000000100, -15.02000000000000000 ) ) ;
#3509 = CARTESIAN_POINT ( 'NONE',  ( 1.590000000000000100, -2.799999999999999400, -17.55999999999999900 ) ) ;
#3510 = SURFACE_STYLE_FILL_AREA ( #1603 ) ;
#3511 = LINE ( 'NONE', #2770, #5756 ) ;
#3512 = CARTESIAN_POINT ( 'NONE',  ( -0.9499999999999999600, 11.70000000000000100, -12.92000000000000200 ) ) ;
#3513 = PLANE ( 'NONE',  #6281 ) ;
#3514 = EDGE_CURVE ( 'NONE', #6901, #2612, #3655, .T. ) ;
#3515 = FACE_OUTER_BOUND ( 'NONE', #3594, .T. ) ;
#3516 =( LENGTH_UNIT ( ) NAMED_UNIT ( * ) SI_UNIT ( .MILLI., .METRE. ) );
#3517 = CARTESIAN_POINT ( 'NONE',  ( -0.9499999999999999600, -2.799999999999999400, -12.48000000000000200 ) ) ;
#3518 = MECHANICAL_DESIGN_GEOMETRIC_PRESENTATION_REPRESENTATION (  '', ( #1780 ), #4077 ) ;
#3519 = SURFACE_STYLE_USAGE ( .BOTH. , #8550 ) ;
#3520 = FACE_OUTER_BOUND ( 'NONE', #1932, .T. ) ;
#3521 = CARTESIAN_POINT ( 'NONE',  ( -2.019999999999999600, 0.0000000000000000000, -1.270000000000000000 ) ) ;
#3522 = SURFACE_STYLE_FILL_AREA ( #6781 ) ;
#3523 = CARTESIAN_POINT ( 'NONE',  ( -1.590000000000000300, -2.799999999999999400, -7.839999999999999900 ) ) ;
#3524 = FILL_AREA_STYLE ('',( #2647 ) ) ;
#3525 =( GEOMETRIC_REPRESENTATION_CONTEXT ( 3 ) GLOBAL_UNCERTAINTY_ASSIGNED_CONTEXT ( ( #5401 ) ) GLOBAL_UNIT_ASSIGNED_CONTEXT ( ( #9466, #4444, #10328 ) ) REPRESENTATION_CONTEXT ( 'NONE', 'WORKASPACE' ) );
#3526 = VECTOR ( 'NONE', #1340, 1000.000000000000000 ) ;
#3527 = CARTESIAN_POINT ( 'NONE',  ( 0.9499999999999999600, 11.70000000000000100, -17.55999999999999900 ) ) ;
#3528 =( GEOMETRIC_REPRESENTATION_CONTEXT ( 3 ) GLOBAL_UNCERTAINTY_ASSIGNED_CONTEXT ( ( #1238 ) ) GLOBAL_UNIT_ASSIGNED_CONTEXT ( ( #2598, #8503, #3472 ) ) REPRESENTATION_CONTEXT ( 'NONE', 'WORKASPACE' ) );
#3529 = CARTESIAN_POINT ( 'NONE',  ( -2.540000000000000000, 0.0000000000000000000, -13.60342105263158000 ) ) ;
#3530 = LINE ( 'NONE', #2776, #9174 ) ;
#3531 = AXIS2_PLACEMENT_3D ( 'NONE', #3042, #8939, #3897 ) ;
#3532 = DIRECTION ( 'NONE',  ( 1.000000000000000000, 0.0000000000000000000, 0.0000000000000000000 ) ) ;
#3533 = COLOUR_RGB ( '',0.7921568627450980000, 0.8196078431372548800, 0.9333333333333333500 ) ;
#3534 = DIRECTION ( 'NONE',  ( 0.6782059721786389800, 0.0000000000000000000, 0.7348718659067220400 ) ) ;
#3535 = CARTESIAN_POINT ( 'NONE',  ( 1.490000000000000000, -2.799999999999999400, -5.400000000000000400 ) ) ;
#3536 = PLANE ( 'NONE',  #5071 ) ;
#3537 = SURFACE_SIDE_STYLE ('',( #10599 ) ) ;
#3538 = CARTESIAN_POINT ( 'NONE',  ( 1.050000000000000000, -2.799999999999999400, -7.940000000000001300 ) ) ;
#3539 = LINE ( 'NONE', #10139, #8007 ) ;
#3540 = CARTESIAN_POINT ( 'NONE',  ( -1.490000000000000200, -2.799999999999999400, -4.760000000000000700 ) ) ;
#3541 = ADVANCED_FACE ( 'NONE', ( #7876 ), #4819, .T. ) ;
#3542 = AXIS2_PLACEMENT_3D ( 'NONE', #9473, #4449, #10336 ) ;
#3543 = ORIENTED_EDGE ( 'NONE', *, *, #10180, .T. ) ;
#3544 = VECTOR ( 'NONE', #7236, 1000.000000000000000 ) ;
#3545 = DIRECTION ( 'NONE',  ( -1.000000000000000000, 0.0000000000000000000, 0.0000000000000000000 ) ) ;
#3546 = SURFACE_SIDE_STYLE ('',( #7605 ) ) ;
#3547 = VERTEX_POINT ( 'NONE', #8189 ) ;
#3548 = EDGE_CURVE ( 'NONE', #10567, #9807, #547, .T. ) ;
#3549 = ORIENTED_EDGE ( 'NONE', *, *, #9107, .T. ) ;
#3550 = ORIENTED_EDGE ( 'NONE', *, *, #1745, .T. ) ;
#3551 = STYLED_ITEM ( 'NONE', ( #1891 ), #3669 ) ;
#3552 = CARTESIAN_POINT ( 'NONE',  ( -2.139999999999999700, 1.700000000000000000, 1.270000000000000000 ) ) ;
#3553 = ADVANCED_FACE ( 'NONE', ( #7088 ), #4027, .T. ) ;
#3554 = DIRECTION ( 'NONE',  ( -0.7071067811865462400, 0.0000000000000000000, -0.7071067811865489100 ) ) ;
#3555 = DIRECTION ( 'NONE',  ( -0.0000000000000000000, -0.0000000000000000000, -1.000000000000000000 ) ) ;
#3556 = EDGE_CURVE ( 'NONE', #291, #1897, #1754, .T. ) ;
#3557 = VERTEX_POINT ( 'NONE', #671 ) ;
#3558 = UNCERTAINTY_MEASURE_WITH_UNIT (LENGTH_MEASURE( 1.000000000000000100E-005 ), #2008, 'distance_accuracy_value', 'NONE');
#3559 =( LENGTH_UNIT ( ) NAMED_UNIT ( * ) SI_UNIT ( .MILLI., .METRE. ) );
#3560 = CARTESIAN_POINT ( 'NONE',  ( 1.490000000000000000, 11.70000000000000100, -12.38000000000000300 ) ) ;
#3561 = CARTESIAN_POINT ( 'NONE',  ( 0.0000000000000000000, 0.0000000000000000000, 0.0000000000000000000 ) ) ;
#3562 = CARTESIAN_POINT ( 'NONE',  ( 1.490000000000000000, -2.799999999999999400, 0.3199999999999999000 ) ) ;
#3563 = EDGE_CURVE ( 'NONE', #6512, #10420, #8248, .T. ) ;
#3564 = UNCERTAINTY_MEASURE_WITH_UNIT (LENGTH_MEASURE( 1.000000000000000100E-005 ), #6854, 'distance_accuracy_value', 'NONE');
#3565 = ORIENTED_EDGE ( 'NONE', *, *, #1417, .T. ) ;
#3566 = LINE ( 'NONE', #6946, #3288 ) ;
#3567 =( NAMED_UNIT ( * ) SI_UNIT ( $, .STERADIAN. ) SOLID_ANGLE_UNIT ( ) );
#3568 = PRESENTATION_LAYER_ASSIGNMENT (  '', '', ( #2405 ) ) ;
#3569 = ORIENTED_EDGE ( 'NONE', *, *, #5613, .T. ) ;
#3570 = PLANE ( 'NONE',  #2107 ) ;
#3571 = ORIENTED_EDGE ( 'NONE', *, *, #8377, .T. ) ;
#3572 = SURFACE_SIDE_STYLE ('',( #2673 ) ) ;
#3573 = DIRECTION ( 'NONE',  ( 0.0000000000000000000, 0.0000000000000000000, 1.000000000000000000 ) ) ;
#3574 = CARTESIAN_POINT ( 'NONE',  ( -1.590000000000000300, 11.70000000000000100, -2.320000000000000300 ) ) ;
#3575 = AXIS2_PLACEMENT_3D ( 'NONE', #7542, #2472, #8382 ) ;
#3576 = SURFACE_STYLE_USAGE ( .BOTH. , #8604 ) ;
#3577 = VERTEX_POINT ( 'NONE', #5770 ) ;
#3578 = DIRECTION ( 'NONE',  ( 0.7071067811865486800, 0.0000000000000000000, 0.7071067811865464600 ) ) ;
#3579 = ORIENTED_EDGE ( 'NONE', *, *, #2860, .T. ) ;
#3580 = ORIENTED_EDGE ( 'NONE', *, *, #1072, .F. ) ;
#3581 = FILL_AREA_STYLE_COLOUR ( '', #10156 ) ;
#3582 = DIRECTION ( 'NONE',  ( 1.000000000000000000, 0.0000000000000000000, 1.232047923278982200E-016 ) ) ;
#3583 = CARTESIAN_POINT ( 'NONE',  ( -2.540000000000000000, 1.700000000000000000, -3.443421052631578900 ) ) ;
#3584 = LINE ( 'NONE', #9362, #8050 ) ;
#3585 = SURFACE_STYLE_FILL_AREA ( #9956 ) ;
#3586 = SURFACE_STYLE_USAGE ( .BOTH. , #8620 ) ;
#3587 = SURFACE_STYLE_USAGE ( .BOTH. , #8621 ) ;
#3588 =( GEOMETRIC_REPRESENTATION_CONTEXT ( 3 ) GLOBAL_UNCERTAINTY_ASSIGNED_CONTEXT ( ( #3065 ) ) GLOBAL_UNIT_ASSIGNED_CONTEXT ( ( #6359, #1282, #7215 ) ) REPRESENTATION_CONTEXT ( 'NONE', 'WORKASPACE' ) );
#3589 = ORIENTED_EDGE ( 'NONE', *, *, #6599, .F. ) ;
#3590 = SURFACE_STYLE_FILL_AREA ( #4054 ) ;
#3591 = SURFACE_STYLE_USAGE ( .BOTH. , #8623 ) ;
#3592 = CARTESIAN_POINT ( 'NONE',  ( 2.540000000000000900, 1.700000000000000000, -0.8700000000000006600 ) ) ;
#3593 = ADVANCED_FACE ( 'NONE', ( #4032 ), #9139, .T. ) ;
#3594 = EDGE_LOOP ( 'NONE', ( #6130, #3929, #8982, #2391 ) ) ;
#3595 = SURFACE_STYLE_USAGE ( .BOTH. , #8625 ) ;
#3596 = MECHANICAL_DESIGN_GEOMETRIC_PRESENTATION_REPRESENTATION (  '', ( #1871 ), #4154 ) ;
#3597 = SURFACE_STYLE_USAGE ( .BOTH. , #8627 ) ;
#3598 =( NAMED_UNIT ( * ) SI_UNIT ( $, .STERADIAN. ) SOLID_ANGLE_UNIT ( ) );
#3599 = LINE ( 'NONE', #6464, #1321 ) ;
#3600 = PRESENTATION_STYLE_ASSIGNMENT (( #8693 ) ) ;
#3601 = EDGE_LOOP ( 'NONE', ( #5582, #1073, #259, #6658 ) ) ;
#3602 = LINE ( 'NONE', #10457, #7831 ) ;
#3603 = DIRECTION ( 'NONE',  ( -0.0000000000000000000, -1.000000000000000000, -0.0000000000000000000 ) ) ;
#3604 = AXIS2_PLACEMENT_3D ( 'NONE', #5577, #456, #6420 ) ;
#3605 = FILL_AREA_STYLE ('',( #8635 ) ) ;
#3606 = AXIS2_PLACEMENT_3D ( 'NONE', #3684, #9553, #4535 ) ;
#3607 = CARTESIAN_POINT ( 'NONE',  ( 0.9499999999999999600, -2.799999999999999400, -20.10000000000000100 ) ) ;
#3608 = ORIENTED_EDGE ( 'NONE', *, *, #5813, .T. ) ;
#3609 = SURFACE_SIDE_STYLE ('',( #8350 ) ) ;
#3610 = SURFACE_SIDE_STYLE ('',( #4264 ) ) ;
#3611 = CARTESIAN_POINT ( 'NONE',  ( -1.050000000000000000, -2.799999999999999400, -14.92000000000000200 ) ) ;
#3612 = ADVANCED_FACE ( 'NONE', ( #9684 ), #4138, .F. ) ;
#3613 = FILL_AREA_STYLE_COLOUR ( '', #5775 ) ;
#3614 = FACE_OUTER_BOUND ( 'NONE', #5223, .T. ) ;
#3615 = MECHANICAL_DESIGN_GEOMETRIC_PRESENTATION_REPRESENTATION (  '', ( #1887 ), #8954 ) ;
#3616 = ORIENTED_EDGE ( 'NONE', *, *, #9671, .T. ) ;
#3617 = ORIENTED_EDGE ( 'NONE', *, *, #2428, .T. ) ;
#3618 = COLOUR_RGB ( '',0.7960784313725489700, 0.8235294117647058400, 0.9372549019607843100 ) ;
#3619 = CARTESIAN_POINT ( 'NONE',  ( 0.9499999999999999600, 11.70000000000000100, -9.940000000000001300 ) ) ;
#3620 = EDGE_CURVE ( 'NONE', #4744, #6983, #6682, .T. ) ;
#3621 = VERTEX_POINT ( 'NONE', #4173 ) ;
#3622 = STYLED_ITEM ( 'NONE', ( #6795 ), #3253 ) ;
#3623 = ORIENTED_EDGE ( 'NONE', *, *, #9593, .T. ) ;
#3624 = PRESENTATION_LAYER_ASSIGNMENT (  '', '', ( #2455 ) ) ;
#3625 = SURFACE_STYLE_USAGE ( .BOTH. , #8648 ) ;
#3626 = VECTOR ( 'NONE', #6319, 1000.000000000000000 ) ;
#3627 = EDGE_CURVE ( 'NONE', #1576, #10555, #2151, .T. ) ;
#3628 = ORIENTED_EDGE ( 'NONE', *, *, #10766, .F. ) ;
#3629 = EDGE_CURVE ( 'NONE', #10145, #10128, #10889, .T. ) ;
#3630 = VECTOR ( 'NONE', #8281, 999.9999999999998900 ) ;
#3631 = LINE ( 'NONE', #10942, #7847 ) ;
#3632 = ORIENTED_EDGE ( 'NONE', *, *, #3407, .F. ) ;
#3633 = ORIENTED_EDGE ( 'NONE', *, *, #1511, .F. ) ;
#3634 = DIRECTION ( 'NONE',  ( -0.0000000000000000000, -1.000000000000000000, -0.0000000000000000000 ) ) ;
#3635 = ORIENTED_EDGE ( 'NONE', *, *, #3343, .T. ) ;
#3636 = VECTOR ( 'NONE', #2700, 1000.000000000000000 ) ;
#3637 = FILL_AREA_STYLE_COLOUR ( '', #6303 ) ;
#3638 = VECTOR ( 'NONE', #8595, 1000.000000000000100 ) ;
#3639 = FACE_OUTER_BOUND ( 'NONE', #7776, .T. ) ;
#3640 = SURFACE_SIDE_STYLE ('',( #1864 ) ) ;
#3641 = CARTESIAN_POINT ( 'NONE',  ( 0.9499999999999999600, 11.70000000000000100, -18.00000000000000400 ) ) ;
#3643 = ORIENTED_EDGE ( 'NONE', *, *, #1818, .T. ) ;
#3642 = CARTESIAN_POINT ( 'NONE',  ( 2.540000000000000900, 0.0000000000000000000, -11.03000000000000100 ) ) ;
#3644 = LINE ( 'NONE', #1698, #8109 ) ;
#3645 = SURFACE_SIDE_STYLE ('',( #2270 ) ) ;
#3646 = ORIENTED_EDGE ( 'NONE', *, *, #9955, .F. ) ;
#3647 = FILL_AREA_STYLE_COLOUR ( '', #8166 ) ;
#3648 = CARTESIAN_POINT ( 'NONE',  ( -2.140000000000000600, 1.700000000000000000, -11.43000000000000100 ) ) ;
#3649 = SURFACE_STYLE_USAGE ( .BOTH. , #8675 ) ;
#3650 = DIRECTION ( 'NONE',  ( 0.0000000000000000000, 1.000000000000000000, 0.0000000000000000000 ) ) ;
#3651 = LINE ( 'NONE', #6793, #9166 ) ;
#3652 = FILL_AREA_STYLE_COLOUR ( '', #2117 ) ;
#3653 = DIRECTION ( 'NONE',  ( 0.6782059721786389800, 0.0000000000000000000, 0.7348718659067220400 ) ) ;
#3654 = FILL_AREA_STYLE_COLOUR ( '', #6971 ) ;
#3655 = LINE ( 'NONE', #2222, #1372 ) ;
#3656 = COLOUR_RGB ( '',0.7960784313725489700, 0.8235294117647058400, 0.9372549019607843100 ) ;
#3657 = CARTESIAN_POINT ( 'NONE',  ( -2.540000000000000000, 1.700000000000000000, -21.22342105263157900 ) ) ;
#3658 = PRESENTATION_STYLE_ASSIGNMENT (( #10685 ) ) ;
#3659 = ORIENTED_EDGE ( 'NONE', *, *, #3772, .T. ) ;
#3660 = STYLED_ITEM ( 'NONE', ( #5950 ), #10894 ) ;
#3661 = STYLED_ITEM ( 'NONE', ( #1053 ), #7632 ) ;
#3662 = PLANE ( 'NONE',  #4456 ) ;
#3663 = CARTESIAN_POINT ( 'NONE',  ( 1.490000000000000000, -2.799999999999999400, -2.860000000000000300 ) ) ;
#3664 = DIRECTION ( 'NONE',  ( -0.7071067811865469100, 0.0000000000000000000, 0.7071067811865482400 ) ) ;
#3665 = FACE_OUTER_BOUND ( 'NONE', #1171, .T. ) ;
#3666 = EDGE_CURVE ( 'NONE', #6238, #4199, #4432, .T. ) ;
#3667 =( LENGTH_UNIT ( ) NAMED_UNIT ( * ) SI_UNIT ( .MILLI., .METRE. ) );
#3668 = DIRECTION ( 'NONE',  ( 0.7348718659067219300, 0.0000000000000000000, -0.6782059721786390900 ) ) ;
#3669 = ADVANCED_FACE ( 'NONE', ( #6150 ), #3364, .T. ) ;
#3670 = FILL_AREA_STYLE ('',( #1940 ) ) ;
#3671 = CARTESIAN_POINT ( 'NONE',  ( 0.9499999999999999600, -2.799999999999999400, -10.38000000000000100 ) ) ;
#3672 = COLOUR_RGB ( '',0.7960784313725489700, 0.8235294117647058400, 0.9372549019607843100 ) ;
#3673 = VECTOR ( 'NONE', #918, 1000.000000000000000 ) ;
#3674 = MECHANICAL_DESIGN_GEOMETRIC_PRESENTATION_REPRESENTATION (  '', ( #1944 ), #4223 ) ;
#3675 = FACE_OUTER_BOUND ( 'NONE', #2902, .T. ) ;
#3676 = AXIS2_PLACEMENT_3D ( 'NONE', #5919, #830, #6773 ) ;
#3677 = SURFACE_STYLE_USAGE ( .BOTH. , #8700 ) ;
#3678 = PRESENTATION_STYLE_ASSIGNMENT (( #3519 ) ) ;
#3679 = AXIS2_PLACEMENT_3D ( 'NONE', #2289, #8211, #3155 ) ;
#3680 = CARTESIAN_POINT ( 'NONE',  ( -2.539999999999999600, 1.700000000000000000, -9.323421052631580600 ) ) ;
#3681 = VERTEX_POINT ( 'NONE', #7560 ) ;
#3682 = EDGE_LOOP ( 'NONE', ( #9547, #282, #799, #7720 ) ) ;
#3683 = CARTESIAN_POINT ( 'NONE',  ( 1.490000000000000000, 11.70000000000000100, -5.400000000000000400 ) ) ;
#3684 = CARTESIAN_POINT ( 'NONE',  ( -1.490000000000000200, -2.799999999999999400, -17.46000000000000100 ) ) ;
#3685 = VERTEX_POINT ( 'NONE', #9267 ) ;
#3686 = ORIENTED_EDGE ( 'NONE', *, *, #7244, .T. ) ;
#3687 = DIRECTION ( 'NONE',  ( 0.0000000000000000000, -1.000000000000000000, 0.0000000000000000000 ) ) ;
#3688 = EDGE_CURVE ( 'NONE', #1164, #7639, #1117, .T. ) ;
#3689 = CARTESIAN_POINT ( 'NONE',  ( -1.050000000000000000, -2.799999999999999400, -20.00000000000000000 ) ) ;
#3690 = SURFACE_STYLE_USAGE ( .BOTH. , #8709 ) ;
#3691 = CARTESIAN_POINT ( 'NONE',  ( 2.140000000000000100, 1.700000000000000000, -11.43000000000000100 ) ) ;
#3692 = VECTOR ( 'NONE', #2009, 999.9999999999998900 ) ;
#3693 = PRESENTATION_LAYER_ASSIGNMENT (  '', '', ( #2520 ) ) ;
#3694 = SURFACE_SIDE_STYLE ('',( #7126 ) ) ;
#3695 =( GEOMETRIC_REPRESENTATION_CONTEXT ( 3 ) GLOBAL_UNCERTAINTY_ASSIGNED_CONTEXT ( ( #683 ) ) GLOBAL_UNIT_ASSIGNED_CONTEXT ( ( #5929, #837, #6783 ) ) REPRESENTATION_CONTEXT ( 'NONE', 'WORKASPACE' ) );
#3696 = FACE_OUTER_BOUND ( 'NONE', #4568, .T. ) ;
#3697 = COLOUR_RGB ( '',0.7960784313725489700, 0.8235294117647058400, 0.9372549019607843100 ) ;
#3698 = EDGE_CURVE ( 'NONE', #5985, #9151, #7586, .T. ) ;
#3699 = ORIENTED_EDGE ( 'NONE', *, *, #458, .T. ) ;
#3700 = EDGE_CURVE ( 'NONE', #5816, #8762, #5367, .T. ) ;
#3701 = VERTEX_POINT ( 'NONE', #855 ) ;
#3702 = SURFACE_STYLE_FILL_AREA ( #6006 ) ;
#3703 =( LENGTH_UNIT ( ) NAMED_UNIT ( * ) SI_UNIT ( .MILLI., .METRE. ) );
#3704 = PRESENTATION_LAYER_ASSIGNMENT (  '', '', ( #4585 ) ) ;
#3705 = SURFACE_STYLE_USAGE ( .BOTH. , #8722 ) ;
#3706 = VECTOR ( 'NONE', #7942, 1000.000000000000000 ) ;
#3707 = ORIENTED_EDGE ( 'NONE', *, *, #6810, .F. ) ;
#3708 = UNCERTAINTY_MEASURE_WITH_UNIT (LENGTH_MEASURE( 1.000000000000000100E-005 ), #446, 'distance_accuracy_value', 'NONE');
#3709 = EDGE_LOOP ( 'NONE', ( #6136, #2887, #2036, #8802 ) ) ;
#3710 = FILL_AREA_STYLE_COLOUR ( '', #7037 ) ;
#3711 = CARTESIAN_POINT ( 'NONE',  ( -2.139999999999999700, 0.0000000000000000000, 1.270000000000000000 ) ) ;
#3712 = UNCERTAINTY_MEASURE_WITH_UNIT (LENGTH_MEASURE( 1.000000000000000100E-005 ), #10347, 'distance_accuracy_value', 'NONE');
#3713 = VECTOR ( 'NONE', #1284, 1000.000000000000000 ) ;
#3714 = VERTEX_POINT ( 'NONE', #2565 ) ;
#3715 = ORIENTED_EDGE ( 'NONE', *, *, #4025, .F. ) ;
#3716 = FACE_OUTER_BOUND ( 'NONE', #7395, .T. ) ;
#3717 = CARTESIAN_POINT ( 'NONE',  ( 0.9499999999999999600, -2.799999999999999400, -5.299999999999999800 ) ) ;
#3718 = DIRECTION ( 'NONE',  ( -0.7071067811865477900, -0.0000000000000000000, -0.7071067811865473500 ) ) ;
#3719 = EDGE_CURVE ( 'NONE', #3681, #10493, #9549, .T. ) ;
#3720 =( NAMED_UNIT ( * ) SI_UNIT ( $, .STERADIAN. ) SOLID_ANGLE_UNIT ( ) );
#3721 =( NAMED_UNIT ( * ) SI_UNIT ( $, .STERADIAN. ) SOLID_ANGLE_UNIT ( ) );
#3722 = CARTESIAN_POINT ( 'NONE',  ( 0.9499999999999999600, -2.799999999999999400, -9.940000000000001300 ) ) ;
#3723 =( NAMED_UNIT ( * ) PLANE_ANGLE_UNIT ( ) SI_UNIT ( $, .RADIAN. ) );
#3724 = CARTESIAN_POINT ( 'NONE',  ( -1.490000000000000200, 11.70000000000000100, -20.00000000000000000 ) ) ;
#3725 = STYLED_ITEM ( 'NONE', ( #5587 ), #10459 ) ;
#3726 = ADVANCED_FACE ( 'NONE', ( #826 ), #4288, .F. ) ;
#3727 = ORIENTED_EDGE ( 'NONE', *, *, #7506, .T. ) ;
#3728 = SURFACE_SIDE_STYLE ('',( #1801 ) ) ;
#3729 = SURFACE_STYLE_FILL_AREA ( #8363 ) ;
#3730 = ORIENTED_EDGE ( 'NONE', *, *, #7161, .F. ) ;
#3731 = ORIENTED_EDGE ( 'NONE', *, *, #10271, .F. ) ;
#3732 = EDGE_CURVE ( 'NONE', #6264, #6990, #2020, .T. ) ;
#3733 = ORIENTED_EDGE ( 'NONE', *, *, #5211, .T. ) ;
#3734 = DIRECTION ( 'NONE',  ( 0.7071067811865470200, 0.0000000000000000000, -0.7071067811865481300 ) ) ;
#3735 = PRESENTATION_LAYER_ASSIGNMENT (  '', '', ( #2569 ) ) ;
#3736 = ORIENTED_EDGE ( 'NONE', *, *, #2518, .F. ) ;
#3737 = ORIENTED_EDGE ( 'NONE', *, *, #9964, .F. ) ;
#3738 = CARTESIAN_POINT ( 'NONE',  ( -2.539999999999999600, 1.700000000000000000, -4.243421052631578800 ) ) ;
#3739 = MECHANICAL_DESIGN_GEOMETRIC_PRESENTATION_REPRESENTATION (  '', ( #2575 ), #4300 ) ;
#3740 = LINE ( 'NONE', #5333, #7950 ) ;
#3741 = ORIENTED_EDGE ( 'NONE', *, *, #5432, .F. ) ;
#3742 = MECHANICAL_DESIGN_GEOMETRIC_PRESENTATION_REPRESENTATION (  '', ( #2014 ), #4303 ) ;
#3743 = VERTEX_POINT ( 'NONE', #59 ) ;
#3744 = PRESENTATION_LAYER_ASSIGNMENT (  '', '', ( #2584 ) ) ;
#3745 = ORIENTED_EDGE ( 'NONE', *, *, #8198, .F. ) ;
#3746 = SURFACE_SIDE_STYLE ('',( #7261 ) ) ;
#3747 = SURFACE_STYLE_FILL_AREA ( #6476 ) ;
#3748 = CARTESIAN_POINT ( 'NONE',  ( 1.590000000000000100, -2.799999999999999400, -7.839999999999999900 ) ) ;
#3749 =( GEOMETRIC_REPRESENTATION_CONTEXT ( 3 ) GLOBAL_UNCERTAINTY_ASSIGNED_CONTEXT ( ( #4923 ) ) GLOBAL_UNIT_ASSIGNED_CONTEXT ( ( #10983, #5935, #844 ) ) REPRESENTATION_CONTEXT ( 'NONE', 'WORKASPACE' ) );
#3750 = COLOUR_RGB ( '',0.7960784313725489700, 0.8235294117647058400, 0.9372549019607843100 ) ;
#3751 = FACE_OUTER_BOUND ( 'NONE', #8206, .T. ) ;
#3752 = DIRECTION ( 'NONE',  ( -0.7071067811865462400, 0.0000000000000000000, -0.7071067811865489100 ) ) ;
#3753 = STYLED_ITEM ( 'NONE', ( #811 ), #1573 ) ;
#3754 = CARTESIAN_POINT ( 'NONE',  ( -1.590000000000000300, -2.799999999999999400, -0.2200000000000002500 ) ) ;
#3755 = ORIENTED_EDGE ( 'NONE', *, *, #944, .T. ) ;
#3756 = CARTESIAN_POINT ( 'NONE',  ( 2.540000000000000900, 1.700000000000000000, -18.64999999999999900 ) ) ;
#3757 = SURFACE_STYLE_USAGE ( .BOTH. , #8785 ) ;
#3758 = DIRECTION ( 'NONE',  ( 1.000000000000000000, 0.0000000000000000000, 0.0000000000000000000 ) ) ;
#3759 = ORIENTED_EDGE ( 'NONE', *, *, #2602, .T. ) ;
#3760 = DIRECTION ( 'NONE',  ( 0.7071067811865486800, 0.0000000000000000000, 0.7071067811865464600 ) ) ;
#3761 = ORIENTED_EDGE ( 'NONE', *, *, #2828, .T. ) ;
#3762 = ORIENTED_EDGE ( 'NONE', *, *, #2966, .T. ) ;
#3763 = UNCERTAINTY_MEASURE_WITH_UNIT (LENGTH_MEASURE( 1.000000000000000100E-005 ), #9498, 'distance_accuracy_value', 'NONE');
#3764 = PRESENTATION_STYLE_ASSIGNMENT (( #1575 ) ) ;
#3765 = VECTOR ( 'NONE', #8131, 1000.000000000000000 ) ;
#3766 = EDGE_CURVE ( 'NONE', #6330, #3314, #8493, .T. ) ;
#3767 = ORIENTED_EDGE ( 'NONE', *, *, #3860, .T. ) ;
#3768 = UNCERTAINTY_MEASURE_WITH_UNIT (LENGTH_MEASURE( 1.000000000000000100E-005 ), #10693, 'distance_accuracy_value', 'NONE');
#3769 = PRESENTATION_STYLE_ASSIGNMENT (( #8482 ) ) ;
#3770 =( NAMED_UNIT ( * ) PLANE_ANGLE_UNIT ( ) SI_UNIT ( $, .RADIAN. ) );
#3771 = DIRECTION ( 'NONE',  ( -1.000000000000000000, 0.0000000000000000000, 0.0000000000000000000 ) ) ;
#3772 = EDGE_CURVE ( 'NONE', #7323, #7081, #6269, .T. ) ;
#3773 = VECTOR ( 'NONE', #10395, 1000.000000000000100 ) ;
#3774 =( LENGTH_UNIT ( ) NAMED_UNIT ( * ) SI_UNIT ( .MILLI., .METRE. ) );
#3775 = ADVANCED_FACE ( 'NONE', ( #6013 ), #3513, .F. ) ;
#3776 = UNCERTAINTY_MEASURE_WITH_UNIT (LENGTH_MEASURE( 1.000000000000000100E-005 ), #5856, 'distance_accuracy_value', 'NONE');
#3777 = EDGE_CURVE ( 'NONE', #3943, #4526, #5379, .T. ) ;
#3778 = FILL_AREA_STYLE ('',( #7966 ) ) ;
#3779 = COLOUR_RGB ( '',0.7960784313725489700, 0.8235294117647058400, 0.9372549019607843100 ) ;
#3780 = LINE ( 'NONE', #10852, #10222 ) ;
#3781 =( GEOMETRIC_REPRESENTATION_CONTEXT ( 3 ) GLOBAL_UNCERTAINTY_ASSIGNED_CONTEXT ( ( #4166 ) ) GLOBAL_UNIT_ASSIGNED_CONTEXT ( ( #4579, #10463, #5429 ) ) REPRESENTATION_CONTEXT ( 'NONE', 'WORKASPACE' ) );
#3782 = STYLED_ITEM ( 'NONE', ( #2438 ), #5497 ) ;
#3783 = VECTOR ( 'NONE', #4130, 999.9999999999998900 ) ;
#3784 = CARTESIAN_POINT ( 'NONE',  ( -0.9499999999999999600, -2.799999999999999400, -20.54000000000000300 ) ) ;
#3785 = CARTESIAN_POINT ( 'NONE',  ( 0.9499999999999999600, -2.799999999999999400, -10.38000000000000100 ) ) ;
#3786 = CARTESIAN_POINT ( 'NONE',  ( -1.490000000000000000, 11.70000000000000100, -10.48000000000000200 ) ) ;
#3787 = VECTOR ( 'NONE', #8855, 1000.000000000000000 ) ;
#3788 = DIRECTION ( 'NONE',  ( -0.0000000000000000000, -0.0000000000000000000, -1.000000000000000000 ) ) ;
#3789 = CARTESIAN_POINT ( 'NONE',  ( 1.050000000000000000, -2.799999999999999400, -20.00000000000000000 ) ) ;
#3790 = LINE ( 'NONE', #8417, #10237 ) ;
#3791 = DIRECTION ( 'NONE',  ( 1.000000000000000000, 0.0000000000000000000, 0.0000000000000000000 ) ) ;
#3792 =( NAMED_UNIT ( * ) PLANE_ANGLE_UNIT ( ) SI_UNIT ( $, .RADIAN. ) );
#3793 = PLANE ( 'NONE',  #4058 ) ;
#3794 = SURFACE_STYLE_USAGE ( .BOTH. , #8817 ) ;
#3795 =( NAMED_UNIT ( * ) SI_UNIT ( $, .STERADIAN. ) SOLID_ANGLE_UNIT ( ) );
#3796 = PRESENTATION_LAYER_ASSIGNMENT (  '', '', ( #2634 ) ) ;
#3797 = COLOUR_RGB ( '',0.7960784313725489700, 0.8235294117647058400, 0.9372549019607843100 ) ;
#3798 = MECHANICAL_DESIGN_GEOMETRIC_PRESENTATION_REPRESENTATION (  '', ( #2067 ), #4360 ) ;
#3799 = DIRECTION ( 'NONE',  ( -0.7071067811865462400, 0.0000000000000000000, -0.7071067811865489100 ) ) ;
#3800 = EDGE_CURVE ( 'NONE', #6249, #4139, #7598, .T. ) ;
#3801 = FILL_AREA_STYLE_COLOUR ( '', #643 ) ;
#3802 = PRESENTATION_LAYER_ASSIGNMENT (  '', '', ( #2648 ) ) ;
#3803 = VECTOR ( 'NONE', #431, 1000.000000000000000 ) ;
#3804 =( NAMED_UNIT ( * ) PLANE_ANGLE_UNIT ( ) SI_UNIT ( $, .RADIAN. ) );
#3805 = VECTOR ( 'NONE', #7381, 1000.000000000000000 ) ;
#3806 = ORIENTED_EDGE ( 'NONE', *, *, #10679, .T. ) ;
#3807 =( GEOMETRIC_REPRESENTATION_CONTEXT ( 3 ) GLOBAL_UNCERTAINTY_ASSIGNED_CONTEXT ( ( #2590 ) ) GLOBAL_UNIT_ASSIGNED_CONTEXT ( ( #7028, #1937, #7872 ) ) REPRESENTATION_CONTEXT ( 'NONE', 'WORKASPACE' ) );
#3808 = STYLED_ITEM ( 'NONE', ( #1408 ), #8997 ) ;
#3809 =( GEOMETRIC_REPRESENTATION_CONTEXT ( 3 ) GLOBAL_UNCERTAINTY_ASSIGNED_CONTEXT ( ( #7616 ) ) GLOBAL_UNIT_ASSIGNED_CONTEXT ( ( #6044, #959, #6895 ) ) REPRESENTATION_CONTEXT ( 'NONE', 'WORKASPACE' ) );
#3810 = STYLED_ITEM ( 'NONE', ( #5307 ), #2630 ) ;
#3811 = DIRECTION ( 'NONE',  ( -1.000000000000000000, -0.0000000000000000000, -1.232047923278982200E-016 ) ) ;
#3812 = ORIENTED_EDGE ( 'NONE', *, *, #2282, .F. ) ;
#3813 = CARTESIAN_POINT ( 'NONE',  ( -1.590000000000000300, 11.70000000000000100, -9.940000000000001300 ) ) ;
#3814 = EDGE_CURVE ( 'NONE', #2457, #7835, #1132, .T. ) ;
#3815 = CARTESIAN_POINT ( 'NONE',  ( -2.140000000000000600, 1.700000000000000000, -21.59000000000000000 ) ) ;
#3816 = DIRECTION ( 'NONE',  ( 0.6756367705307529900, -0.0000000000000000000, 0.7372346670543747900 ) ) ;
#3817 = ADVANCED_FACE ( 'NONE', ( #2837 ), #936, .T. ) ;
#3818 = ORIENTED_EDGE ( 'NONE', *, *, #10456, .F. ) ;
#3819 = CARTESIAN_POINT ( 'NONE',  ( 1.490000000000000000, -2.799999999999999400, -20.64000000000000100 ) ) ;
#3820 = AXIS2_PLACEMENT_3D ( 'NONE', #7112, #2027, #7947 ) ;
#3821 = EDGE_CURVE ( 'NONE', #3089, #4412, #4305, .T. ) ;
#3822 = EDGE_CURVE ( 'NONE', #8812, #9187, #6560, .T. ) ;
#3823 = ORIENTED_EDGE ( 'NONE', *, *, #2828, .F. ) ;
#3824 = UNCERTAINTY_MEASURE_WITH_UNIT (LENGTH_MEASURE( 1.000000000000000100E-005 ), #4462, 'distance_accuracy_value', 'NONE');
#3825 = ORIENTED_EDGE ( 'NONE', *, *, #971, .T. ) ;
#3826 = FACE_OUTER_BOUND ( 'NONE', #6322, .T. ) ;
#3827 = CARTESIAN_POINT ( 'NONE',  ( 2.140000000000001500, 1.700000000000000000, -13.97000000000000100 ) ) ;
#3828 = PLANE ( 'NONE',  #78 ) ;
#3829 = UNCERTAINTY_MEASURE_WITH_UNIT (LENGTH_MEASURE( 1.000000000000000100E-005 ), #1882, 'distance_accuracy_value', 'NONE');
#3830 =( GEOMETRIC_REPRESENTATION_CONTEXT ( 3 ) GLOBAL_UNCERTAINTY_ASSIGNED_CONTEXT ( ( #1838 ) ) GLOBAL_UNIT_ASSIGNED_CONTEXT ( ( #9518, #4497, #10381 ) ) REPRESENTATION_CONTEXT ( 'NONE', 'WORKASPACE' ) );
#3831 = PLANE ( 'NONE',  #3437 ) ;
#3832 =( NAMED_UNIT ( * ) SI_UNIT ( $, .STERADIAN. ) SOLID_ANGLE_UNIT ( ) );
#3833 = PRESENTATION_STYLE_ASSIGNMENT (( #5383 ) ) ;
#3834 = CARTESIAN_POINT ( 'NONE',  ( 0.9499999999999999600, 11.70000000000000100, -0.2200000000000000000 ) ) ;
#3835 = DIRECTION ( 'NONE',  ( 0.0000000000000000000, 0.0000000000000000000, 1.000000000000000000 ) ) ;
#3836 = ORIENTED_EDGE ( 'NONE', *, *, #5538, .T. ) ;
#3837 = VECTOR ( 'NONE', #4242, 1000.000000000000000 ) ;
#3838 = FILL_AREA_STYLE_COLOUR ( '', #2048 ) ;
#3839 = CARTESIAN_POINT ( 'NONE',  ( -0.9499999999999999600, -2.799999999999999400, -20.54000000000000300 ) ) ;
#3840 =( NAMED_UNIT ( * ) PLANE_ANGLE_UNIT ( ) SI_UNIT ( $, .RADIAN. ) );
#3841 =( NAMED_UNIT ( * ) PLANE_ANGLE_UNIT ( ) SI_UNIT ( $, .RADIAN. ) );
#3842 = EDGE_CURVE ( 'NONE', #6541, #3943, #2033, .T. ) ;
#3843 = VERTEX_POINT ( 'NONE', #9430 ) ;
#3844 = LINE ( 'NONE', #7411, #10032 ) ;
#3845 =( NAMED_UNIT ( * ) SI_UNIT ( $, .STERADIAN. ) SOLID_ANGLE_UNIT ( ) );
#3846 = CARTESIAN_POINT ( 'NONE',  ( -1.490000000000000000, -2.799999999999999400, -20.64000000000000100 ) ) ;
#3847 = PRESENTATION_LAYER_ASSIGNMENT (  '', '', ( #2713 ) ) ;
#3848 = DIRECTION ( 'NONE',  ( 0.0000000000000000000, 1.000000000000000000, 0.0000000000000000000 ) ) ;
#3849 = ORIENTED_EDGE ( 'NONE', *, *, #409, .F. ) ;
#3850 = ORIENTED_EDGE ( 'NONE', *, *, #2460, .T. ) ;
#3851 =( NAMED_UNIT ( * ) PLANE_ANGLE_UNIT ( ) SI_UNIT ( $, .RADIAN. ) );
#3852 = FILL_AREA_STYLE_COLOUR ( '', #7281 ) ;
#3853 = DIRECTION ( 'NONE',  ( 1.000000000000000000, 0.0000000000000000000, 0.0000000000000000000 ) ) ;
#3854 =( NAMED_UNIT ( * ) PLANE_ANGLE_UNIT ( ) SI_UNIT ( $, .RADIAN. ) );
#3855 = SURFACE_STYLE_FILL_AREA ( #2461 ) ;
#3856 = SURFACE_STYLE_FILL_AREA ( #7871 ) ;
#3857 = MECHANICAL_DESIGN_GEOMETRIC_PRESENTATION_REPRESENTATION (  '', ( #2138 ), #4431 ) ;
#3858 = EDGE_LOOP ( 'NONE', ( #3699, #3730, #5875, #2621 ) ) ;
#3859 = ORIENTED_EDGE ( 'NONE', *, *, #4994, .T. ) ;
#3860 = EDGE_CURVE ( 'NONE', #10297, #6054, #10768, .T. ) ;
#3861 = VERTEX_POINT ( 'NONE', #5270 ) ;
#3862 = PLANE ( 'NONE',  #4679 ) ;
#3863 =( LENGTH_UNIT ( ) NAMED_UNIT ( * ) SI_UNIT ( .MILLI., .METRE. ) );
#3864 = VECTOR ( 'NONE', #7712, 999.9999999999998900 ) ;
#3865 = SURFACE_STYLE_FILL_AREA ( #636 ) ;
#3866 = DIRECTION ( 'NONE',  ( 0.7071067811865486800, 0.0000000000000000000, -0.7071067811865463500 ) ) ;
#3867 = ORIENTED_EDGE ( 'NONE', *, *, #9309, .T. ) ;
#3868 = SURFACE_STYLE_FILL_AREA ( #9365 ) ;
#3869 = EDGE_LOOP ( 'NONE', ( #6782, #7192, #255, #1065 ) ) ;
#3870 = CARTESIAN_POINT ( 'NONE',  ( 2.540000000000000900, 1.700000000000000000, -11.03000000000000100 ) ) ;
#3871 = SURFACE_STYLE_USAGE ( .BOTH. , #8916 ) ;
#3872 = PRESENTATION_LAYER_ASSIGNMENT (  '', '', ( #3298 ) ) ;
#3873 = ADVANCED_FACE ( 'NONE', ( #1756 ), #7797, .F. ) ;
#3874 = VERTEX_POINT ( 'NONE', #1855 ) ;
#3875 = CARTESIAN_POINT ( 'NONE',  ( 1.490000000000000000, -2.799999999999999400, -18.10000000000000100 ) ) ;
#3876 = ORIENTED_EDGE ( 'NONE', *, *, #5742, .T. ) ;
#3877 = STYLED_ITEM ( 'NONE', ( #6639 ), #2184 ) ;
#3878 = ORIENTED_EDGE ( 'NONE', *, *, #3620, .F. ) ;
#3879 = ORIENTED_EDGE ( 'NONE', *, *, #2383, .T. ) ;
#3880 = VECTOR ( 'NONE', #4912, 1000.000000000000000 ) ;
#3881 = SURFACE_SIDE_STYLE ('',( #5408 ) ) ;
#3882 = SURFACE_SIDE_STYLE ('',( #8513 ) ) ;
#3884 = ORIENTED_EDGE ( 'NONE', *, *, #4213, .T. ) ;
#3883 = CARTESIAN_POINT ( 'NONE',  ( -2.539999999999999600, 0.0000000000000000000, 0.8365789473684214200 ) ) ;
#3885 = VECTOR ( 'NONE', #6932, 1000.000000000000000 ) ;
#3886 =( LENGTH_UNIT ( ) NAMED_UNIT ( * ) SI_UNIT ( .MILLI., .METRE. ) );
#3887 = AXIS2_PLACEMENT_3D ( 'NONE', #614, #6573, #1480 ) ;
#3888 = CARTESIAN_POINT ( 'NONE',  ( 0.9499999999999999600, -2.799999999999999400, -4.860000000000000300 ) ) ;
#3889 = UNCERTAINTY_MEASURE_WITH_UNIT (LENGTH_MEASURE( 1.000000000000000100E-005 ), #6052, 'distance_accuracy_value', 'NONE');
#3890 = LINE ( 'NONE', #4836, #6145 ) ;
#3891 = CLOSED_SHELL ( 'NONE', ( #2462, #7148, #1729, #3921, #10047, #7101, #1841, #494, #7517, #6545, #8554, #9489, #10354, #3373, #8835, #5275, #555, #10289, #10894, #8787, #1784, #7304, #5672, #10842, #1159, #5152, #3032, #8128, #9940, #4502, #845, #6368, #10333, #9057, #3612, #7570, #5497, #6088, #1414, #6943, #731, #9603, #6037, #1359, #6493, #7464, #5394, #2572, #3873, #7860, #3200, #8680, #1675, #10566, #167, #9882, #7817, #5048, #2923, #6925, #9832, #4387 ) ) ;
#3892 = CARTESIAN_POINT ( 'NONE',  ( 2.140000000000001500, 1.700000000000000000, -3.810000000000000100 ) ) ;
#3893 = ORIENTED_EDGE ( 'NONE', *, *, #6810, .T. ) ;
#3894 = UNCERTAINTY_MEASURE_WITH_UNIT (LENGTH_MEASURE( 1.000000000000000100E-005 ), #2377, 'distance_accuracy_value', 'NONE');
#3895 =( LENGTH_UNIT ( ) NAMED_UNIT ( * ) SI_UNIT ( .MILLI., .METRE. ) );
#3896 = CARTESIAN_POINT ( 'NONE',  ( 0.9499999999999999600, -2.799999999999999400, -18.00000000000000400 ) ) ;
#3897 = DIRECTION ( 'NONE',  ( -0.7071067811865470200, 0.0000000000000000000, 0.7071067811865481300 ) ) ;
#3898 = EDGE_CURVE ( 'NONE', #8010, #10448, #7460, .T. ) ;
#3899 = APPLICATION_CONTEXT ( 'automotive_design' ) ;
#3900 = CARTESIAN_POINT ( 'NONE',  ( 2.540000000000000900, 0.0000000000000000000, -19.45000000000000300 ) ) ;
#3901 = CARTESIAN_POINT ( 'NONE',  ( 2.140000000000001500, 0.0000000000000000000, -16.51000000000000200 ) ) ;
#3902 = CARTESIAN_POINT ( 'NONE',  ( 1.590000000000000100, -2.799999999999999400, -15.02000000000000000 ) ) ;
#3903 = ORIENTED_EDGE ( 'NONE', *, *, #1730, .T. ) ;
#3904 = EDGE_CURVE ( 'NONE', #4744, #10739, #978, .T. ) ;
#3905 =( NAMED_UNIT ( * ) PLANE_ANGLE_UNIT ( ) SI_UNIT ( $, .RADIAN. ) );
#3906 = VECTOR ( 'NONE', #8504, 1000.000000000000000 ) ;
#3907 = MECHANICAL_DESIGN_GEOMETRIC_PRESENTATION_REPRESENTATION (  '', ( #2188 ), #4491 ) ;
#3908 = FACE_OUTER_BOUND ( 'NONE', #8357, .T. ) ;
#3909 = DIRECTION ( 'NONE',  ( -0.0000000000000000000, -0.0000000000000000000, -1.000000000000000000 ) ) ;
#3910 = LINE ( 'NONE', #6221, #436 ) ;
#3911 =( GEOMETRIC_REPRESENTATION_CONTEXT ( 3 ) GLOBAL_UNCERTAINTY_ASSIGNED_CONTEXT ( ( #6473 ) ) GLOBAL_UNIT_ASSIGNED_CONTEXT ( ( #6564, #1468, #7385 ) ) REPRESENTATION_CONTEXT ( 'NONE', 'WORKASPACE' ) );
#3912 = VECTOR ( 'NONE', #2513, 1000.000000000000000 ) ;
#3913 = DIRECTION ( 'NONE',  ( -0.0000000000000000000, -0.0000000000000000000, -1.000000000000000000 ) ) ;
#3914 = SURFACE_STYLE_USAGE ( .BOTH. , #8953 ) ;
#3915 = VECTOR ( 'NONE', #2905, 1000.000000000000000 ) ;
#3916 = FILL_AREA_STYLE_COLOUR ( '', #5728 ) ;
#3917 =( NAMED_UNIT ( * ) SI_UNIT ( $, .STERADIAN. ) SOLID_ANGLE_UNIT ( ) );
#3918 = ORIENTED_EDGE ( 'NONE', *, *, #3474, .T. ) ;
#3919 = FILL_AREA_STYLE_COLOUR ( '', #6603 ) ;
#3920 =( NAMED_UNIT ( * ) SI_UNIT ( $, .STERADIAN. ) SOLID_ANGLE_UNIT ( ) );
#3921 = ADVANCED_FACE ( 'NONE', ( #2965 ), #10366, .F. ) ;
#3922 = DIRECTION ( 'NONE',  ( -0.0000000000000000000, -1.000000000000000000, -0.0000000000000000000 ) ) ;
#3923 = LINE ( 'NONE', #3124, #5909 ) ;
#3924 =( NAMED_UNIT ( * ) SI_UNIT ( $, .STERADIAN. ) SOLID_ANGLE_UNIT ( ) );
#3925 = VECTOR ( 'NONE', #5684, 1000.000000000000000 ) ;
#3926 = AXIS2_PLACEMENT_3D ( 'NONE', #10603, #5559, #441 ) ;
#3927 = ORIENTED_EDGE ( 'NONE', *, *, #9132, .T. ) ;
#3928 = VERTEX_POINT ( 'NONE', #4479 ) ;
#3929 = ORIENTED_EDGE ( 'NONE', *, *, #3904, .F. ) ;
#3930 = VERTEX_POINT ( 'NONE', #251 ) ;
#3931 = VECTOR ( 'NONE', #2324, 1000.000000000000000 ) ;
#3932 = STYLED_ITEM ( 'NONE', ( #5284 ), #8128 ) ;
#3933 = PRESENTATION_STYLE_ASSIGNMENT (( #2993 ) ) ;
#3934 = ADVANCED_FACE ( 'NONE', ( #6727 ), #4518, .T. ) ;
#3935 = CARTESIAN_POINT ( 'NONE',  ( 2.540000000000000900, 0.0000000000000000000, -16.91000000000000000 ) ) ;
#3936 = FILL_AREA_STYLE ('',( #10652 ) ) ;
#3937 = VECTOR ( 'NONE', #9597, 1000.000000000000000 ) ;
#3938 = VECTOR ( 'NONE', #3028, 1000.000000000000000 ) ;
#3939 = SURFACE_STYLE_USAGE ( .BOTH. , #8976 ) ;
#3940 = ORIENTED_EDGE ( 'NONE', *, *, #60, .T. ) ;
#3941 = CARTESIAN_POINT ( 'NONE',  ( -1.490000000000000000, -2.799999999999999400, -15.56000000000000000 ) ) ;
#3942 = FILL_AREA_STYLE ('',( #3085 ) ) ;
#3943 = VERTEX_POINT ( 'NONE', #3711 ) ;
#3944 = ORIENTED_EDGE ( 'NONE', *, *, #2895, .T. ) ;
#3945 = VECTOR ( 'NONE', #9326, 1000.000000000000000 ) ;
#3946 = DIRECTION ( 'NONE',  ( -0.7071067811865470200, -0.0000000000000000000, -0.7071067811865481300 ) ) ;
#3947 = CARTESIAN_POINT ( 'NONE',  ( -2.140000000000000600, 1.700000000000000000, -1.270000000000000000 ) ) ;
#3948 = DIRECTION ( 'NONE',  ( 1.000000000000000000, 0.0000000000000000000, -2.492418787322998300E-016 ) ) ;
#3949 = AXIS2_PLACEMENT_3D ( 'NONE', #9899, #4884, #10772 ) ;
#3950 = MECHANICAL_DESIGN_GEOMETRIC_PRESENTATION_REPRESENTATION (  '', ( #2220 ), #4536 ) ;
#3951 = VERTEX_POINT ( 'NONE', #1173 ) ;
#3952 = PLANE ( 'NONE',  #6517 ) ;
#3953 = CARTESIAN_POINT ( 'NONE',  ( -1.490000000000000000, -2.799999999999999400, -20.64000000000000100 ) ) ;
#3954 =( LENGTH_UNIT ( ) NAMED_UNIT ( * ) SI_UNIT ( .MILLI., .METRE. ) );
#3955 = EDGE_CURVE ( 'NONE', #61, #3930, #10402, .T. ) ;
#3956 =( NAMED_UNIT ( * ) SI_UNIT ( $, .STERADIAN. ) SOLID_ANGLE_UNIT ( ) );
#3957 = CLOSED_SHELL ( 'NONE', ( #9841, #4782, #5106, #2294, #6311, #7760, #3483, #4940, #6206, #6812 ) ) ;
#3958 = PRESENTATION_LAYER_ASSIGNMENT (  '', '', ( #2822 ) ) ;
#3959 = LINE ( 'NONE', #10281, #1437 ) ;
#3960 = DIRECTION ( 'NONE',  ( 0.6756367705307529900, -0.0000000000000000000, 0.7372346670543747900 ) ) ;
#3961 =( GEOMETRIC_REPRESENTATION_CONTEXT ( 3 ) GLOBAL_UNCERTAINTY_ASSIGNED_CONTEXT ( ( #8073 ) ) GLOBAL_UNIT_ASSIGNED_CONTEXT ( ( #768, #6718, #1623 ) ) REPRESENTATION_CONTEXT ( 'NONE', 'WORKASPACE' ) );
#3962 = EDGE_CURVE ( 'NONE', #579, #4239, #8937, .T. ) ;
#3963 = FACE_OUTER_BOUND ( 'NONE', #3152, .T. ) ;
#3964 = ORIENTED_EDGE ( 'NONE', *, *, #1273, .T. ) ;
#3965 = FILL_AREA_STYLE_COLOUR ( '', #3084 ) ;
#3966 = CARTESIAN_POINT ( 'NONE',  ( 1.050000000000000000, 11.70000000000000100, -9.840000000000001600 ) ) ;
#3967 = MECHANICAL_DESIGN_GEOMETRIC_PRESENTATION_REPRESENTATION (  '', ( #2256 ), #4563 ) ;
#3968 = CARTESIAN_POINT ( 'NONE',  ( 1.590000000000000100, 11.70000000000000100, -15.45999999999999900 ) ) ;
#3969 = ORIENTED_EDGE ( 'NONE', *, *, #10398, .F. ) ;
#3970 = EDGE_LOOP ( 'NONE', ( #5694, #598, #3012, #2533 ) ) ;
#3971 = FILL_AREA_STYLE ('',( #1412 ) ) ;
#3972 = ADVANCED_FACE ( 'NONE', ( #10130 ), #7932, .T. ) ;
#3973 = VECTOR ( 'NONE', #10998, 1000.000000000000000 ) ;
#3974 = FACE_OUTER_BOUND ( 'NONE', #5972, .T. ) ;
#3975 = FACE_OUTER_BOUND ( 'NONE', #2459, .T. ) ;
#3976 =( NAMED_UNIT ( * ) PLANE_ANGLE_UNIT ( ) SI_UNIT ( $, .RADIAN. ) );
#3977 = VERTEX_POINT ( 'NONE', #9602 ) ;
#3978 =( NAMED_UNIT ( * ) PLANE_ANGLE_UNIT ( ) SI_UNIT ( $, .RADIAN. ) );
#3979 = CARTESIAN_POINT ( 'NONE',  ( -1.490000000000000200, -2.799999999999999400, -12.38000000000000300 ) ) ;
#3980 =( LENGTH_UNIT ( ) NAMED_UNIT ( * ) SI_UNIT ( .MILLI., .METRE. ) );
#3981 = ORIENTED_EDGE ( 'NONE', *, *, #4553, .F. ) ;
#3982 = ORIENTED_EDGE ( 'NONE', *, *, #7201, .T. ) ;
#3983 = CARTESIAN_POINT ( 'NONE',  ( -1.490000000000000000, 11.70000000000000100, -2.860000000000000300 ) ) ;
#3984 = FILL_AREA_STYLE_COLOUR ( '', #10092 ) ;
#3985 = FACE_OUTER_BOUND ( 'NONE', #7056, .T. ) ;
#3986 = SURFACE_STYLE_FILL_AREA ( #9201 ) ;
#3987 =( NAMED_UNIT ( * ) SI_UNIT ( $, .STERADIAN. ) SOLID_ANGLE_UNIT ( ) );
#3988 = ORIENTED_EDGE ( 'NONE', *, *, #6634, .F. ) ;
#3989 = ORIENTED_EDGE ( 'NONE', *, *, #6634, .T. ) ;
#3990 = VECTOR ( 'NONE', #9944, 1000.000000000000000 ) ;
#3991 = COLOUR_RGB ( '',0.0000000000000000000, 0.003921568627450980300, 0.09019607843137254800 ) ;
#3992 = PRESENTATION_STYLE_ASSIGNMENT (( #10455 ) ) ;
#3993 = DIRECTION ( 'NONE',  ( 0.0000000000000000000, 0.0000000000000000000, -1.000000000000000000 ) ) ;
#3994 = AXIS2_PLACEMENT_3D ( 'NONE', #9399, #4365, #10255 ) ;
#3995 = VERTEX_POINT ( 'NONE', #8798 ) ;
#3996 = DIRECTION ( 'NONE',  ( 0.0000000000000000000, 1.000000000000000000, 0.0000000000000000000 ) ) ;
#3997 = DIRECTION ( 'NONE',  ( 0.7071067811865470200, 0.0000000000000000000, -0.7071067811865481300 ) ) ;
#3998 = ORIENTED_EDGE ( 'NONE', *, *, #5182, .T. ) ;
#3999 = DIRECTION ( 'NONE',  ( 1.000000000000000000, 0.0000000000000000000, 0.0000000000000000000 ) ) ;
#4000 = FILL_AREA_STYLE ('',( #9887 ) ) ;
#4001 = PRESENTATION_LAYER_ASSIGNMENT (  '', '', ( #2854 ) ) ;
#4002 = SURFACE_SIDE_STYLE ('',( #8593 ) ) ;
#4003 = SURFACE_STYLE_FILL_AREA ( #3524 ) ;
#4004 = ORIENTED_EDGE ( 'NONE', *, *, #8195, .T. ) ;
#4005 = EDGE_CURVE ( 'NONE', #1033, #8179, #9319, .T. ) ;
#4006 = ORIENTED_EDGE ( 'NONE', *, *, #7991, .T. ) ;
#4007 = ORIENTED_EDGE ( 'NONE', *, *, #9919, .T. ) ;
#4008 = SURFACE_STYLE_USAGE ( .BOTH. , #9049 ) ;
#4009 = PLANE ( 'NONE',  #10305 ) ;
#4010 = DIRECTION ( 'NONE',  ( -0.7071067811865489100, -0.0000000000000000000, -0.7071067811865461300 ) ) ;
#4011 = LINE ( 'NONE', #6630, #1486 ) ;
#4012 = MECHANICAL_DESIGN_GEOMETRIC_PRESENTATION_REPRESENTATION (  '', ( #2290 ), #4599 ) ;
#4013 = LINE ( 'NONE', #9789, #6265 ) ;
#4014 = CARTESIAN_POINT ( 'NONE',  ( -2.540000000000000000, 1.700000000000000000, -3.443421052631578900 ) ) ;
#4015 = EDGE_LOOP ( 'NONE', ( #1980, #6102, #8212, #6363, #2797, #5232, #1145, #3659 ) ) ;
#4016 = MECHANICAL_DESIGN_GEOMETRIC_PRESENTATION_REPRESENTATION (  '', ( #2295 ), #4604 ) ;
#4017 = ORIENTED_EDGE ( 'NONE', *, *, #4977, .F. ) ;
#4018 = FILL_AREA_STYLE ('',( #1419 ) ) ;
#4019 = VECTOR ( 'NONE', #19, 1000.000000000000000 ) ;
#4020 = CARTESIAN_POINT ( 'NONE',  ( -1.590000000000000300, 11.70000000000000100, -0.2200000000000002500 ) ) ;
#4021 =( NAMED_UNIT ( * ) PLANE_ANGLE_UNIT ( ) SI_UNIT ( $, .RADIAN. ) );
#4022 = UNCERTAINTY_MEASURE_WITH_UNIT (LENGTH_MEASURE( 1.000000000000000100E-005 ), #3338, 'distance_accuracy_value', 'NONE');
#4023 = DIRECTION ( 'NONE',  ( 0.0000000000000000000, 1.000000000000000000, 0.0000000000000000000 ) ) ;
#4024 = VECTOR ( 'NONE', #4511, 1000.000000000000000 ) ;
#4025 = EDGE_CURVE ( 'NONE', #8320, #7668, #2868, .T. ) ;
#4026 =( LENGTH_UNIT ( ) NAMED_UNIT ( * ) SI_UNIT ( .MILLI., .METRE. ) );
#4027 = PLANE ( 'NONE',  #8270 ) ;
#4028 = VERTEX_POINT ( 'NONE', #353 ) ;
#4029 =( GEOMETRIC_REPRESENTATION_CONTEXT ( 3 ) GLOBAL_UNCERTAINTY_ASSIGNED_CONTEXT ( ( #1911 ) ) GLOBAL_UNIT_ASSIGNED_CONTEXT ( ( #8369, #3321, #9199 ) ) REPRESENTATION_CONTEXT ( 'NONE', 'WORKASPACE' ) );
#4030 = DIRECTION ( 'NONE',  ( 0.0000000000000000000, 1.000000000000000000, 0.0000000000000000000 ) ) ;
#4031 = UNCERTAINTY_MEASURE_WITH_UNIT (LENGTH_MEASURE( 1.000000000000000100E-005 ), #7804, 'distance_accuracy_value', 'NONE');
#4032 = FACE_OUTER_BOUND ( 'NONE', #1440, .T. ) ;
#4033 = STYLED_ITEM ( 'NONE', ( #1866 ), #4842 ) ;
#4034 = EDGE_CURVE ( 'NONE', #6999, #6766, #7117, .T. ) ;
#4035 = VECTOR ( 'NONE', #7758, 1000.000000000000000 ) ;
#4036 = FILL_AREA_STYLE ('',( #3174 ) ) ;
#4037 = CARTESIAN_POINT ( 'NONE',  ( -1.590000000000000300, -2.799999999999999400, -7.400000000000000400 ) ) ;
#4038 = EDGE_CURVE ( 'NONE', #7835, #8089, #324, .T. ) ;
#4039 = ADVANCED_FACE ( 'NONE', ( #4876 ), #10550, .T. ) ;
#4040 = CARTESIAN_POINT ( 'NONE',  ( 1.050000000000000000, 11.70000000000000100, -4.760000000000000700 ) ) ;
#4041 = CARTESIAN_POINT ( 'NONE',  ( -2.540000000000000000, 1.700000000000000000, -13.60342105263158000 ) ) ;
#4042 = PRESENTATION_STYLE_ASSIGNMENT (( #3625 ) ) ;
#4043 = COLOUR_RGB ( '',0.7960784313725489700, 0.8235294117647058400, 0.9372549019607843100 ) ;
#4044 = MECHANICAL_DESIGN_GEOMETRIC_PRESENTATION_REPRESENTATION (  '', ( #2899 ), #4628 ) ;
#4045 = VECTOR ( 'NONE', #9371, 1000.000000000000000 ) ;
#4046 = DIRECTION ( 'NONE',  ( 0.0000000000000000000, 0.0000000000000000000, -1.000000000000000000 ) ) ;
#4047 = SURFACE_SIDE_STYLE ('',( #6188 ) ) ;
#4048 = SURFACE_STYLE_FILL_AREA ( #3318 ) ;
#4049 = SURFACE_SIDE_STYLE ('',( #904 ) ) ;
#4050 = FILL_AREA_STYLE_COLOUR ( '', #4603 ) ;
#4051 = EDGE_CURVE ( 'NONE', #2784, #9135, #10259, .T. ) ;
#4052 = CARTESIAN_POINT ( 'NONE',  ( -1.590000000000000300, -2.799999999999999400, -7.400000000000000400 ) ) ;
#4053 = LINE ( 'NONE', #7837, #8528 ) ;
#4054 = FILL_AREA_STYLE ('',( #6584 ) ) ;
#4055 = VECTOR ( 'NONE', #8986, 1000.000000000000000 ) ;
#4056 = FILL_AREA_STYLE_COLOUR ( '', #929 ) ;
#4057 = PLANE ( 'NONE',  #2504 ) ;
#4058 = AXIS2_PLACEMENT_3D ( 'NONE', #8854, #3816, #9698 ) ;
#4059 = ORIENTED_EDGE ( 'NONE', *, *, #6817, .T. ) ;
#4060 = SURFACE_STYLE_USAGE ( .BOTH. , #9100 ) ;
#4061 = CARTESIAN_POINT ( 'NONE',  ( 1.050000000000000000, 11.70000000000000100, -5.400000000000000400 ) ) ;
#4062 = CARTESIAN_POINT ( 'NONE',  ( 0.9499999999999999600, -2.799999999999999400, -12.92000000000000200 ) ) ;
#4063 = COLOUR_RGB ( '',0.7960784313725489700, 0.8235294117647058400, 0.9372549019607843100 ) ;
#4064 =( GEOMETRIC_REPRESENTATION_CONTEXT ( 3 ) GLOBAL_UNCERTAINTY_ASSIGNED_CONTEXT ( ( #4099 ) ) GLOBAL_UNIT_ASSIGNED_CONTEXT ( ( #9025, #3978, #9869 ) ) REPRESENTATION_CONTEXT ( 'NONE', 'WORKASPACE' ) );
#4065 = VERTEX_POINT ( 'NONE', #6393 ) ;
#4066 = PRESENTATION_STYLE_ASSIGNMENT (( #2236 ) ) ;
#4067 = DIRECTION ( 'NONE',  ( -1.000000000000000000, 0.0000000000000000000, 0.0000000000000000000 ) ) ;
#4068 = VECTOR ( 'NONE', #5541, 1000.000000000000000 ) ;
#4069 = SURFACE_STYLE_FILL_AREA ( #4036 ) ;
#4070 = CARTESIAN_POINT ( 'NONE',  ( 0.9499999999999999600, -2.799999999999999400, -7.400000000000000400 ) ) ;
#4071 = ORIENTED_EDGE ( 'NONE', *, *, #1326, .F. ) ;
#4072 = EDGE_CURVE ( 'NONE', #8714, #129, #5784, .T. ) ;
#4073 = CLOSED_SHELL ( 'NONE', ( #6483, #5602, #10401, #1091, #5916, #7356, #4616, #1429, #6649, #4559 ) ) ;
#4074 = SURFACE_STYLE_USAGE ( .BOTH. , #9115 ) ;
#4075 =( NAMED_UNIT ( * ) PLANE_ANGLE_UNIT ( ) SI_UNIT ( $, .RADIAN. ) );
#4076 = PRESENTATION_STYLE_ASSIGNMENT (( #9591 ) ) ;
#4077 =( GEOMETRIC_REPRESENTATION_CONTEXT ( 3 ) GLOBAL_UNCERTAINTY_ASSIGNED_CONTEXT ( ( #7472 ) ) GLOBAL_UNIT_ASSIGNED_CONTEXT ( ( #9464, #4441, #10325 ) ) REPRESENTATION_CONTEXT ( 'NONE', 'WORKASPACE' ) );
#4078 = VECTOR ( 'NONE', #8778, 1000.000000000000000 ) ;
#4079 = VERTEX_POINT ( 'NONE', #9712 ) ;
#4080 = CARTESIAN_POINT ( 'NONE',  ( -1.590000000000000300, -2.799999999999999400, -10.38000000000000100 ) ) ;
#4081 = CARTESIAN_POINT ( 'NONE',  ( -2.539999999999999600, 1.700000000000000000, 0.8365789473684214200 ) ) ;
#4082 = CARTESIAN_POINT ( 'NONE',  ( -1.490000000000000000, 11.70000000000000100, -13.02000000000000100 ) ) ;
#4083 =( LENGTH_UNIT ( ) NAMED_UNIT ( * ) SI_UNIT ( .MILLI., .METRE. ) );
#4084 = PRESENTATION_LAYER_ASSIGNMENT (  '', '', ( #2951 ) ) ;
#4085 = ADVANCED_FACE ( 'NONE', ( #1532 ), #3013, .T. ) ;
#4086 = ORIENTED_EDGE ( 'NONE', *, *, #4547, .F. ) ;
#4087 = EDGE_LOOP ( 'NONE', ( #386, #138, #10311, #5983 ) ) ;
#4088 = VECTOR ( 'NONE', #7058, 1000.000000000000000 ) ;
#4089 = SURFACE_SIDE_STYLE ('',( #9042 ) ) ;
#4090 = VERTEX_POINT ( 'NONE', #464 ) ;
#4091 = FACE_OUTER_BOUND ( 'NONE', #8701, .T. ) ;
#4092 = CARTESIAN_POINT ( 'NONE',  ( 2.540000000000000900, 1.700000000000000000, -0.8700000000000006600 ) ) ;
#4093 = STYLED_ITEM ( 'NONE', ( #4447 ), #4486 ) ;
#4094 = DIRECTION ( 'NONE',  ( -0.7071067811865469100, 0.0000000000000000000, 0.7071067811865482400 ) ) ;
#4095 = PRESENTATION_LAYER_ASSIGNMENT (  '', '', ( #2958 ) ) ;
#4096 = CARTESIAN_POINT ( 'NONE',  ( -1.050000000000000000, -2.799999999999999400, -20.00000000000000000 ) ) ;
#4097 = FILL_AREA_STYLE ('',( #3281 ) ) ;
#4098 = VECTOR ( 'NONE', #8699, 1000.000000000000000 ) ;
#4099 = UNCERTAINTY_MEASURE_WITH_UNIT (LENGTH_MEASURE( 1.000000000000000100E-005 ), #9025, 'distance_accuracy_value', 'NONE');
#4100 = ORIENTED_EDGE ( 'NONE', *, *, #7426, .T. ) ;
#4101 = VERTEX_POINT ( 'NONE', #8943 ) ;
#4102 = DIRECTION ( 'NONE',  ( 0.0000000000000000000, 0.0000000000000000000, 1.000000000000000000 ) ) ;
#4103 = CARTESIAN_POINT ( 'NONE',  ( 1.050000000000000000, -2.799999999999999400, -2.860000000000000300 ) ) ;
#4104 = EDGE_CURVE ( 'NONE', #3025, #6054, #5006, .T. ) ;
#4105 = DIRECTION ( 'NONE',  ( 0.7071067811865477900, 0.0000000000000000000, -0.7071067811865473500 ) ) ;
#4106 = LINE ( 'NONE', #2399, #1833 ) ;
#4107 = COLOUR_RGB ( '',0.7960784313725489700, 0.8235294117647058400, 0.9372549019607843100 ) ;
#4108 = FILL_AREA_STYLE_COLOUR ( '', #10206 ) ;
#4109 = ORIENTED_EDGE ( 'NONE', *, *, #4826, .T. ) ;
#4110 = EDGE_CURVE ( 'NONE', #6671, #10454, #449, .T. ) ;
#4111 =( LENGTH_UNIT ( ) NAMED_UNIT ( * ) SI_UNIT ( .MILLI., .METRE. ) );
#4112 = VERTEX_POINT ( 'NONE', #5620 ) ;
#4113 = SURFACE_STYLE_FILL_AREA ( #376 ) ;
#4114 = CARTESIAN_POINT ( 'NONE',  ( 2.140000000000000100, 1.700000000000000000, -8.890000000000000600 ) ) ;
#4115 = VECTOR ( 'NONE', #8341, 999.9999999999998900 ) ;
#4116 = VECTOR ( 'NONE', #8653, 1000.000000000000000 ) ;
#4117 = EDGE_CURVE ( 'NONE', #4414, #4028, #2453, .T. ) ;
#4118 = SURFACE_STYLE_USAGE ( .BOTH. , #9159 ) ;
#4119 = ORIENTED_EDGE ( 'NONE', *, *, #1133, .F. ) ;
#4120 = COLOUR_RGB ( '',0.7960784313725489700, 0.8235294117647058400, 0.9372549019607843100 ) ;
#4121 = STYLED_ITEM ( 'NONE', ( #4066 ), #687 ) ;
#4122 = FACE_OUTER_BOUND ( 'NONE', #1105, .T. ) ;
#4123 = DIRECTION ( 'NONE',  ( -0.0000000000000000000, -0.0000000000000000000, -1.000000000000000000 ) ) ;
#4124 =( NAMED_UNIT ( * ) SI_UNIT ( $, .STERADIAN. ) SOLID_ANGLE_UNIT ( ) );
#4125 = CARTESIAN_POINT ( 'NONE',  ( -2.540000000000000000, 1.700000000000000000, -18.68342105263158000 ) ) ;
#4126 = MECHANICAL_DESIGN_GEOMETRIC_PRESENTATION_REPRESENTATION (  '', ( #2405 ), #4707 ) ;
#4127 = ORIENTED_EDGE ( 'NONE', *, *, #147, .F. ) ;
#4128 = LINE ( 'NONE', #9366, #1856 ) ;
#4129 = PRESENTATION_LAYER_ASSIGNMENT (  '', '', ( #2984 ) ) ;
#4130 = DIRECTION ( 'NONE',  ( 0.6782059721786389800, 0.0000000000000000000, 0.7348718659067220400 ) ) ;
#4131 = LINE ( 'NONE', #10706, #10601 ) ;
#4132 = ORIENTED_EDGE ( 'NONE', *, *, #8839, .F. ) ;
#4133 =( LENGTH_UNIT ( ) NAMED_UNIT ( * ) SI_UNIT ( .MILLI., .METRE. ) );
#4134 = CARTESIAN_POINT ( 'NONE',  ( 1.490000000000000000, -2.799999999999999400, -15.56000000000000000 ) ) ;
#4135 = COLOUR_RGB ( '',0.0000000000000000000, 0.003921568627450980300, 0.09019607843137254800 ) ;
#4136 = LINE ( 'NONE', #2588, #8610 ) ;
#4137 =( LENGTH_UNIT ( ) NAMED_UNIT ( * ) SI_UNIT ( .MILLI., .METRE. ) );
#4139 = VERTEX_POINT ( 'NONE', #2214 ) ;
#4138 = PLANE ( 'NONE',  #7071 ) ;
#4140 = ORIENTED_EDGE ( 'NONE', *, *, #6879, .T. ) ;
#4141 = CARTESIAN_POINT ( 'NONE',  ( 2.140000000000001500, 1.700000000000000000, 1.270000000000000000 ) ) ;
#4142 = VERTEX_POINT ( 'NONE', #1376 ) ;
#4143 = CARTESIAN_POINT ( 'NONE',  ( 0.9499999999999999600, -2.799999999999999400, -2.760000000000000200 ) ) ;
#4144 = STYLED_ITEM ( 'NONE', ( #7967 ), #6812 ) ;
#4145 = ORIENTED_EDGE ( 'NONE', *, *, #2683, .T. ) ;
#4146 = PRESENTATION_STYLE_ASSIGNMENT (( #10110 ) ) ;
#4147 = EDGE_LOOP ( 'NONE', ( #4773, #1590, #5238, #1092, #5175, #10569, #5554, #7917 ) ) ;
#4148 = ADVANCED_FACE ( 'NONE', ( #4734 ), #10656, .T. ) ;
#4149 = FILL_AREA_STYLE ('',( #5810 ) ) ;
#4150 = ORIENTED_EDGE ( 'NONE', *, *, #5917, .T. ) ;
#4151 = DIRECTION ( 'NONE',  ( -0.7071067811865464600, 0.0000000000000000000, 0.7071067811865486800 ) ) ;
#4152 = ORIENTED_EDGE ( 'NONE', *, *, #2675, .F. ) ;
#4153 = PRESENTATION_STYLE_ASSIGNMENT (( #1232 ) ) ;
#4154 =( GEOMETRIC_REPRESENTATION_CONTEXT ( 3 ) GLOBAL_UNCERTAINTY_ASSIGNED_CONTEXT ( ( #7350 ) ) GLOBAL_UNIT_ASSIGNED_CONTEXT ( ( #10774, #5727, #625 ) ) REPRESENTATION_CONTEXT ( 'NONE', 'WORKASPACE' ) );
#4155 = SURFACE_STYLE_FILL_AREA ( #10100 ) ;
#4156 = FACE_OUTER_BOUND ( 'NONE', #1054, .T. ) ;
#4157 = DIRECTION ( 'NONE',  ( 0.0000000000000000000, 0.0000000000000000000, 1.000000000000000000 ) ) ;
#4158 = STYLED_ITEM ( 'NONE', ( #9987 ), #4085 ) ;
#4159 = SURFACE_STYLE_USAGE ( .BOTH. , #9189 ) ;
#4160 = PRESENTATION_STYLE_ASSIGNMENT (( #9154 ) ) ;
#4161 = VERTEX_POINT ( 'NONE', #9020 ) ;
#4162 = PRESENTATION_LAYER_ASSIGNMENT (  '', '', ( #3018 ) ) ;
#4163 = PRESENTATION_LAYER_ASSIGNMENT (  '', '', ( #3019 ) ) ;
#4164 = UNCERTAINTY_MEASURE_WITH_UNIT (LENGTH_MEASURE( 1.000000000000000100E-005 ), #5, 'distance_accuracy_value', 'NONE');
#4165 =( NAMED_UNIT ( * ) SI_UNIT ( $, .STERADIAN. ) SOLID_ANGLE_UNIT ( ) );
#4166 = UNCERTAINTY_MEASURE_WITH_UNIT (LENGTH_MEASURE( 1.000000000000000100E-005 ), #4579, 'distance_accuracy_value', 'NONE');
#4167 =( LENGTH_UNIT ( ) NAMED_UNIT ( * ) SI_UNIT ( .MILLI., .METRE. ) );
#4168 = DIRECTION ( 'NONE',  ( -0.7071067811865489100, -0.0000000000000000000, 0.7071067811865462400 ) ) ;
#4169 = SURFACE_STYLE_USAGE ( .BOTH. , #9197 ) ;
#4170 = VECTOR ( 'NONE', #2202, 999.9999999999998900 ) ;
#4171 = LINE ( 'NONE', #6824, #10640 ) ;
#4172 = EDGE_CURVE ( 'NONE', #8401, #7869, #3923, .T. ) ;
#4173 = CARTESIAN_POINT ( 'NONE',  ( 1.050000000000000000, -2.799999999999999400, -17.46000000000000100 ) ) ;
#4174 = AXIS2_PLACEMENT_3D ( 'NONE', #4454, #10339, #5312 ) ;
#4175 = SURFACE_SIDE_STYLE ('',( #3986 ) ) ;
#4176 = FACE_OUTER_BOUND ( 'NONE', #3709, .T. ) ;
#4177 = MECHANICAL_DESIGN_GEOMETRIC_PRESENTATION_REPRESENTATION (  '', ( #2455 ), #4758 ) ;
#4178 = VECTOR ( 'NONE', #9579, 1000.000000000000000 ) ;
#4179 = EDGE_CURVE ( 'NONE', #7785, #9227, #8138, .T. ) ;
#4180 =( NAMED_UNIT ( * ) PLANE_ANGLE_UNIT ( ) SI_UNIT ( $, .RADIAN. ) );
#4181 = FACE_OUTER_BOUND ( 'NONE', #5146, .T. ) ;
#4182 = LINE ( 'NONE', #5067, #8652 ) ;
#4183 = CARTESIAN_POINT ( 'NONE',  ( -1.590000000000000300, 11.70000000000000100, -17.55999999999999900 ) ) ;
#4184 = FILL_AREA_STYLE ('',( #9209 ) ) ;
#4185 = LINE ( 'NONE', #326, #6443 ) ;
#4186 = VECTOR ( 'NONE', #4361, 1000.000000000000000 ) ;
#4187 = STYLED_ITEM ( 'NONE', ( #5430 ), #295 ) ;
#4188 =( NAMED_UNIT ( * ) SI_UNIT ( $, .STERADIAN. ) SOLID_ANGLE_UNIT ( ) );
#4189 = PRESENTATION_STYLE_ASSIGNMENT (( #4074 ) ) ;
#4190 = DIRECTION ( 'NONE',  ( -0.7071067811865477900, 0.0000000000000000000, -0.7071067811865473500 ) ) ;
#4191 = CARTESIAN_POINT ( 'NONE',  ( -2.540000000000000000, 0.0000000000000000000, -8.523421052631579900 ) ) ;
#4192 = PLANE ( 'NONE',  #9045 ) ;
#4193 = FACE_OUTER_BOUND ( 'NONE', #3970, .T. ) ;
#4194 = ORIENTED_EDGE ( 'NONE', *, *, #2099, .T. ) ;
#4195 = PRESENTATION_STYLE_ASSIGNMENT (( #4523 ) ) ;
#4196 = ORIENTED_EDGE ( 'NONE', *, *, #10137, .T. ) ;
#4197 = ADVANCED_FACE ( 'NONE', ( #3675 ), #572, .F. ) ;
#4198 = ORIENTED_EDGE ( 'NONE', *, *, #9113, .T. ) ;
#4199 = VERTEX_POINT ( 'NONE', #5693 ) ;
#4200 = LINE ( 'NONE', #5688, #1938 ) ;
#4201 = FACE_OUTER_BOUND ( 'NONE', #5100, .T. ) ;
#4202 = CARTESIAN_POINT ( 'NONE',  ( -1.490000000000000000, -2.799999999999999400, -18.10000000000000100 ) ) ;
#4203 = CARTESIAN_POINT ( 'NONE',  ( 1.050000000000000000, 11.70000000000000100, -15.56000000000000000 ) ) ;
#4204 =( NAMED_UNIT ( * ) PLANE_ANGLE_UNIT ( ) SI_UNIT ( $, .RADIAN. ) );
#4205 = FACE_OUTER_BOUND ( 'NONE', #1869, .T. ) ;
#4206 = FILL_AREA_STYLE_COLOUR ( '', #9442 ) ;
#4207 = STYLED_ITEM ( 'NONE', ( #2781 ), #6368 ) ;
#4208 = ORIENTED_EDGE ( 'NONE', *, *, #10456, .T. ) ;
#4209 = AXIS2_PLACEMENT_3D ( 'NONE', #8573, #3545, #9423 ) ;
#4210 = AXIS2_PLACEMENT_3D ( 'NONE', #4989, #10879, #5824 ) ;
#4211 = FILL_AREA_STYLE_COLOUR ( '', #3128 ) ;
#4212 = DIRECTION ( 'NONE',  ( -0.0000000000000000000, -0.0000000000000000000, -1.000000000000000000 ) ) ;
#4213 = EDGE_CURVE ( 'NONE', #10399, #6863, #2853, .T. ) ;
#4214 = ORIENTED_EDGE ( 'NONE', *, *, #1465, .F. ) ;
#4215 =( LENGTH_UNIT ( ) NAMED_UNIT ( * ) SI_UNIT ( .MILLI., .METRE. ) );
#4216 = ORIENTED_EDGE ( 'NONE', *, *, #9593, .F. ) ;
#4217 = SURFACE_SIDE_STYLE ('',( #4957 ) ) ;
#4218 = ORIENTED_EDGE ( 'NONE', *, *, #5400, .F. ) ;
#4219 = ORIENTED_EDGE ( 'NONE', *, *, #3500, .F. ) ;
#4220 = UNCERTAINTY_MEASURE_WITH_UNIT (LENGTH_MEASURE( 1.000000000000000100E-005 ), #2419, 'distance_accuracy_value', 'NONE');
#4221 = CARTESIAN_POINT ( 'NONE',  ( 2.540000000000000900, 1.700000000000000000, -16.91000000000000000 ) ) ;
#4222 = SURFACE_STYLE_FILL_AREA ( #10982 ) ;
#4223 =( GEOMETRIC_REPRESENTATION_CONTEXT ( 3 ) GLOBAL_UNCERTAINTY_ASSIGNED_CONTEXT ( ( #2581 ) ) GLOBAL_UNIT_ASSIGNED_CONTEXT ( ( #4137, #10014, #5000 ) ) REPRESENTATION_CONTEXT ( 'NONE', 'WORKASPACE' ) );
#4224 = FILL_AREA_STYLE ('',( #4269 ) ) ;
#4225 = PRESENTATION_LAYER_ASSIGNMENT (  '', '', ( #3088 ) ) ;
#4226 = EDGE_LOOP ( 'NONE', ( #2508, #6927, #5958, #7268 ) ) ;
#4227 = UNCERTAINTY_MEASURE_WITH_UNIT (LENGTH_MEASURE( 1.000000000000000100E-005 ), #8882, 'distance_accuracy_value', 'NONE');
#4228 = CARTESIAN_POINT ( 'NONE',  ( 1.050000000000000000, -2.799999999999999400, -7.299999999999999800 ) ) ;
#4229 = VERTEX_POINT ( 'NONE', #6579 ) ;
#4230 = PRESENTATION_LAYER_ASSIGNMENT (  '', '', ( #3092 ) ) ;
#4231 = DIRECTION ( 'NONE',  ( -0.7071067811865489100, -0.0000000000000000000, -0.7071067811865461300 ) ) ;
#4232 = VERTEX_POINT ( 'NONE', #1489 ) ;
#4233 = FILL_AREA_STYLE ('',( #9256 ) ) ;
#4234 = EDGE_CURVE ( 'NONE', #2457, #6700, #2586, .T. ) ;
#4235 = PRESENTATION_STYLE_ASSIGNMENT (( #6931 ) ) ;
#4236 = VECTOR ( 'NONE', #8176, 1000.000000000000000 ) ;
#4237 = UNCERTAINTY_MEASURE_WITH_UNIT (LENGTH_MEASURE( 1.000000000000000100E-005 ), #8840, 'distance_accuracy_value', 'NONE');
#4238 = CARTESIAN_POINT ( 'NONE',  ( 0.0000000000000000000, 11.70000000000000100, -2.540000000000000000 ) ) ;
#4239 = VERTEX_POINT ( 'NONE', #9090 ) ;
#4240 = MECHANICAL_DESIGN_GEOMETRIC_PRESENTATION_REPRESENTATION (  '', ( #2520 ), #4821 ) ;
#4241 = ORIENTED_EDGE ( 'NONE', *, *, #315, .F. ) ;
#4242 = DIRECTION ( 'NONE',  ( 0.0000000000000000000, 1.000000000000000000, 0.0000000000000000000 ) ) ;
#4243 =( LENGTH_UNIT ( ) NAMED_UNIT ( * ) SI_UNIT ( .MILLI., .METRE. ) );
#4244 =( LENGTH_UNIT ( ) NAMED_UNIT ( * ) SI_UNIT ( .MILLI., .METRE. ) );
#4245 = EDGE_CURVE ( 'NONE', #9487, #8838, #573, .T. ) ;
#4246 = ORIENTED_EDGE ( 'NONE', *, *, #2766, .T. ) ;
#4247 = CARTESIAN_POINT ( 'NONE',  ( 2.140000000000000100, 1.700000000000000000, -6.350000000000000500 ) ) ;
#4248 = LINE ( 'NONE', #9735, #10710 ) ;
#4249 = EDGE_CURVE ( 'NONE', #4101, #4414, #9058, .T. ) ;
#4250 = VECTOR ( 'NONE', #3372, 1000.000000000000000 ) ;
#4251 = VERTEX_POINT ( 'NONE', #6608 ) ;
#4252 = COLOUR_RGB ( '',0.7960784313725489700, 0.8235294117647058400, 0.9372549019607843100 ) ;
#4253 = VECTOR ( 'NONE', #9923, 1000.000000000000000 ) ;
#4254 = MECHANICAL_DESIGN_GEOMETRIC_PRESENTATION_REPRESENTATION (  '', ( #4585 ), #4838 ) ;
#4255 = CARTESIAN_POINT ( 'NONE',  ( -2.140000000000000600, 1.700000000000000000, -21.59000000000000000 ) ) ;
#4256 = ADVANCED_FACE ( 'NONE', ( #6844 ), #1518, .T. ) ;
#4257 = EDGE_LOOP ( 'NONE', ( #803, #7829, #8560, #391 ) ) ;
#4258 = CARTESIAN_POINT ( 'NONE',  ( -1.490000000000000000, -2.799999999999999400, -0.3200000000000001200 ) ) ;
#4259 = DIRECTION ( 'NONE',  ( -0.0000000000000000000, -1.000000000000000000, -0.0000000000000000000 ) ) ;
#4260 = VECTOR ( 'NONE', #7854, 999.9999999999998900 ) ;
#4261 = DIRECTION ( 'NONE',  ( 0.0000000000000000000, 0.0000000000000000000, 1.000000000000000000 ) ) ;
#4262 = ORIENTED_EDGE ( 'NONE', *, *, #10964, .T. ) ;
#4263 = LINE ( 'NONE', #1493, #6520 ) ;
#4264 = SURFACE_STYLE_FILL_AREA ( #8637 ) ;
#4265 = LINE ( 'NONE', #10383, #8468 ) ;
#4266 = DIRECTION ( 'NONE',  ( 1.000000000000000000, 0.0000000000000000000, 0.0000000000000000000 ) ) ;
#4267 = ORIENTED_EDGE ( 'NONE', *, *, #10539, .F. ) ;
#4268 =( LENGTH_UNIT ( ) NAMED_UNIT ( * ) SI_UNIT ( .MILLI., .METRE. ) );
#4269 = FILL_AREA_STYLE_COLOUR ( '', #6038 ) ;
#4270 = VERTEX_POINT ( 'NONE', #8316 ) ;
#4271 =( NAMED_UNIT ( * ) PLANE_ANGLE_UNIT ( ) SI_UNIT ( $, .RADIAN. ) );
#4272 = EDGE_CURVE ( 'NONE', #2181, #2953, #6045, .T. ) ;
#4273 = FILL_AREA_STYLE ('',( #5932 ) ) ;
#4274 = ORIENTED_EDGE ( 'NONE', *, *, #7734, .F. ) ;
#4275 = VECTOR ( 'NONE', #10218, 999.9999999999998900 ) ;
#4276 = CARTESIAN_POINT ( 'NONE',  ( 1.050000000000000000, -2.799999999999999400, -2.220000000000000200 ) ) ;
#4277 = CARTESIAN_POINT ( 'NONE',  ( -1.050000000000000000, 11.70000000000000100, -20.00000000000000000 ) ) ;
#4278 = ORIENTED_EDGE ( 'NONE', *, *, #8022, .F. ) ;
#4279 = STYLED_ITEM ( 'NONE', ( #6241 ), #5969 ) ;
#4280 = ORIENTED_EDGE ( 'NONE', *, *, #10111, .T. ) ;
#4281 = AXIS2_PLACEMENT_3D ( 'NONE', #5426, #312, #6259 ) ;
#4282 = CARTESIAN_POINT ( 'NONE',  ( -1.590000000000000300, 11.70000000000000100, -15.45999999999999900 ) ) ;
#4283 = VERTEX_POINT ( 'NONE', #5790 ) ;
#4284 = DIRECTION ( 'NONE',  ( -1.000000000000000000, -0.0000000000000000000, -0.0000000000000000000 ) ) ;
#4285 = FILL_AREA_STYLE_COLOUR ( '', #388 ) ;
#4286 = DIRECTION ( 'NONE',  ( 0.0000000000000000000, 0.0000000000000000000, 1.000000000000000000 ) ) ;
#4287 = DIRECTION ( 'NONE',  ( 0.6782059721786389800, 0.0000000000000000000, 0.7348718659067220400 ) ) ;
#4288 = PLANE ( 'NONE',  #2874 ) ;
#4289 = COLOUR_RGB ( '',0.7960784313725489700, 0.8235294117647058400, 0.9372549019607843100 ) ;
#4290 = EDGE_CURVE ( 'NONE', #9990, #9235, #2316, .T. ) ;
#4291 = VERTEX_POINT ( 'NONE', #4125 ) ;
#4292 = VECTOR ( 'NONE', #5185, 1000.000000000000000 ) ;
#4293 = PLANE ( 'NONE',  #9353 ) ;
#4294 = MECHANICAL_DESIGN_GEOMETRIC_PRESENTATION_REPRESENTATION (  '', ( #2569 ), #4875 ) ;
#4295 = PRESENTATION_STYLE_ASSIGNMENT (( #1679 ) ) ;
#4296 = SURFACE_SIDE_STYLE ('',( #8451 ) ) ;
#4297 = DIRECTION ( 'NONE',  ( 0.0000000000000000000, 0.0000000000000000000, -1.000000000000000000 ) ) ;
#4298 = FILL_AREA_STYLE ('',( #9317 ) ) ;
#4299 = ORIENTED_EDGE ( 'NONE', *, *, #3814, .T. ) ;
#4300 =( GEOMETRIC_REPRESENTATION_CONTEXT ( 3 ) GLOBAL_UNCERTAINTY_ASSIGNED_CONTEXT ( ( #257 ) ) GLOBAL_UNIT_ASSIGNED_CONTEXT ( ( #5912, #827, #6769 ) ) REPRESENTATION_CONTEXT ( 'NONE', 'WORKASPACE' ) );
#4301 = DIRECTION ( 'NONE',  ( 0.0000000000000000000, 0.0000000000000000000, 1.000000000000000000 ) ) ;
#4302 =( NAMED_UNIT ( * ) SI_UNIT ( $, .STERADIAN. ) SOLID_ANGLE_UNIT ( ) );
#4303 =( GEOMETRIC_REPRESENTATION_CONTEXT ( 3 ) GLOBAL_UNCERTAINTY_ASSIGNED_CONTEXT ( ( #7154 ) ) GLOBAL_UNIT_ASSIGNED_CONTEXT ( ( #2410, #8324, #3275 ) ) REPRESENTATION_CONTEXT ( 'NONE', 'WORKASPACE' ) );
#4304 = SURFACE_STYLE_USAGE ( .BOTH. , #9324 ) ;
#4305 = LINE ( 'NONE', #983, #8771 ) ;
#4306 = SURFACE_STYLE_FILL_AREA ( #3605 ) ;
#4307 = MECHANICAL_DESIGN_GEOMETRIC_PRESENTATION_REPRESENTATION (  '', ( #2584 ), #4885 ) ;
#4308 =( NAMED_UNIT ( * ) PLANE_ANGLE_UNIT ( ) SI_UNIT ( $, .RADIAN. ) );
#4309 = CARTESIAN_POINT ( 'NONE',  ( -2.140000000000000600, 1.700000000000000000, -8.890000000000000600 ) ) ;
#4310 = PLANE ( 'NONE',  #8987 ) ;
#4311 = CARTESIAN_POINT ( 'NONE',  ( -1.590000000000000300, -2.799999999999999400, -17.55999999999999900 ) ) ;
#4312 = LINE ( 'NONE', #2717, #1763 ) ;
#4313 = MANIFOLD_SOLID_BREP ( 'LPattern3[2]', #258 ) ;
#4314 = FACE_OUTER_BOUND ( 'NONE', #2595, .T. ) ;
#4315 = PLANE ( 'NONE',  #3440 ) ;
#4316 = DIRECTION ( 'NONE',  ( 0.7071067811865474600, 0.0000000000000000000, 0.7071067811865474600 ) ) ;
#4317 = ADVANCED_FACE ( 'NONE', ( #9445 ), #4990, .T. ) ;
#4318 = LINE ( 'NONE', #46, #4045 ) ;
#4319 = AXIS2_PLACEMENT_3D ( 'NONE', #6774, #1678, #7613 ) ;
#4320 = CARTESIAN_POINT ( 'NONE',  ( 2.140000000000001500, 0.0000000000000000000, -8.890000000000000600 ) ) ;
#4321 = VECTOR ( 'NONE', #9717, 1000.000000000000000 ) ;
#4322 = CARTESIAN_POINT ( 'NONE',  ( -1.490000000000000200, 11.70000000000000100, -12.38000000000000300 ) ) ;
#4323 = FILL_AREA_STYLE ('',( #3473 ) ) ;
#4324 = EDGE_CURVE ( 'NONE', #5337, #7255, #4182, .T. ) ;
#4325 = CARTESIAN_POINT ( 'NONE',  ( -2.540000000000000000, 1.700000000000000000, -8.523421052631579900 ) ) ;
#4326 = DIRECTION ( 'NONE',  ( 0.0000000000000000000, -0.0000000000000000000, 1.000000000000000000 ) ) ;
#4327 = PRESENTATION_STYLE_ASSIGNMENT (( #3576 ) ) ;
#4328 = VECTOR ( 'NONE', #5886, 1000.000000000000000 ) ;
#4329 = STYLED_ITEM ( 'NONE', ( #2833 ), #3553 ) ;
#4330 = DIRECTION ( 'NONE',  ( 1.000000000000000000, 0.0000000000000000000, 0.0000000000000000000 ) ) ;
#4331 = STYLED_ITEM ( 'NONE', ( #4327 ), #5442 ) ;
#4332 = PRESENTATION_STYLE_ASSIGNMENT (( #10963 ) ) ;
#4333 = CARTESIAN_POINT ( 'NONE',  ( -0.9499999999999999600, -2.799999999999999400, -7.839999999999999900 ) ) ;
#4334 = SURFACE_STYLE_FILL_AREA ( #9837 ) ;
#4335 = EDGE_CURVE ( 'NONE', #10582, #9198, #6439, .T. ) ;
#4336 = DIRECTION ( 'NONE',  ( -0.0000000000000000000, -1.000000000000000000, -0.0000000000000000000 ) ) ;
#4337 = VERTEX_POINT ( 'NONE', #5899 ) ;
#4338 = FILL_AREA_STYLE ('',( #3484 ) ) ;
#4339 = CARTESIAN_POINT ( 'NONE',  ( 0.9499999999999999600, -2.799999999999999400, -12.48000000000000200 ) ) ;
#4340 = VECTOR ( 'NONE', #5680, 1000.000000000000000 ) ;
#4341 = EDGE_CURVE ( 'NONE', #684, #9533, #6168, .T. ) ;
#4342 = SURFACE_STYLE_USAGE ( .BOTH. , #9358 ) ;
#4343 = VERTEX_POINT ( 'NONE', #7591 ) ;
#4344 = DIRECTION ( 'NONE',  ( -0.7071067811865477900, 0.0000000000000000000, -0.7071067811865473500 ) ) ;
#4345 = CARTESIAN_POINT ( 'NONE',  ( 1.490000000000000000, 11.70000000000000100, -18.10000000000000100 ) ) ;
#4346 = PRESENTATION_LAYER_ASSIGNMENT (  '', '', ( #3782 ) ) ;
#4347 = CARTESIAN_POINT ( 'NONE',  ( -1.490000000000000200, -2.799999999999999400, 0.3199999999999998400 ) ) ;
#4348 =( NAMED_UNIT ( * ) PLANE_ANGLE_UNIT ( ) SI_UNIT ( $, .RADIAN. ) );
#4349 = SURFACE_SIDE_STYLE ('',( #3868 ) ) ;
#4350 =( NAMED_UNIT ( * ) SI_UNIT ( $, .STERADIAN. ) SOLID_ANGLE_UNIT ( ) );
#4351 = ORIENTED_EDGE ( 'NONE', *, *, #2930, .T. ) ;
#4352 = ORIENTED_EDGE ( 'NONE', *, *, #3029, .T. ) ;
#4353 = DIRECTION ( 'NONE',  ( 0.7071067811865470200, 0.0000000000000000000, -0.7071067811865481300 ) ) ;
#4354 = CARTESIAN_POINT ( 'NONE',  ( 2.140000000000000100, 1.700000000000000000, -16.51000000000000200 ) ) ;
#4355 = MECHANICAL_DESIGN_GEOMETRIC_PRESENTATION_REPRESENTATION (  '', ( #2634 ), #4938 ) ;
#4356 = CARTESIAN_POINT ( 'NONE',  ( 1.490000000000000000, -2.799999999999999400, -7.940000000000001300 ) ) ;
#4357 = CARTESIAN_POINT ( 'NONE',  ( 2.140000000000000100, 0.0000000000000000000, -11.43000000000000100 ) ) ;
#4358 = ORIENTED_EDGE ( 'NONE', *, *, #7791, .T. ) ;
#4359 =( NAMED_UNIT ( * ) SI_UNIT ( $, .STERADIAN. ) SOLID_ANGLE_UNIT ( ) );
#4360 =( GEOMETRIC_REPRESENTATION_CONTEXT ( 3 ) GLOBAL_UNCERTAINTY_ASSIGNED_CONTEXT ( ( #8942 ) ) GLOBAL_UNIT_ASSIGNED_CONTEXT ( ( #1949, #7885, #2808 ) ) REPRESENTATION_CONTEXT ( 'NONE', 'WORKASPACE' ) );
#4361 = DIRECTION ( 'NONE',  ( 0.0000000000000000000, 1.000000000000000000, 0.0000000000000000000 ) ) ;
#4362 = PRESENTATION_STYLE_ASSIGNMENT (( #1986 ) ) ;
#4363 =( NAMED_UNIT ( * ) PLANE_ANGLE_UNIT ( ) SI_UNIT ( $, .RADIAN. ) );
#4364 = DIRECTION ( 'NONE',  ( -0.0000000000000000000, -0.0000000000000000000, 1.000000000000000000 ) ) ;
#4365 = DIRECTION ( 'NONE',  ( -0.7071067811865462400, 0.0000000000000000000, -0.7071067811865489100 ) ) ;
#4366 = ADVANCED_FACE ( 'NONE', ( #1641 ), #1656, .T. ) ;
#4367 = EDGE_CURVE ( 'NONE', #9187, #3020, #847, .T. ) ;
#4368 = UNCERTAINTY_MEASURE_WITH_UNIT (LENGTH_MEASURE( 1.000000000000000100E-005 ), #3137, 'distance_accuracy_value', 'NONE');
#4369 = CARTESIAN_POINT ( 'NONE',  ( -1.050000000000000000, -2.799999999999999400, 0.3199999999999999000 ) ) ;
#4370 = VECTOR ( 'NONE', #10373, 1000.000000000000000 ) ;
#4371 = VECTOR ( 'NONE', #4960, 1000.000000000000000 ) ;
#4372 = SURFACE_STYLE_USAGE ( .BOTH. , #9402 ) ;
#4373 = MECHANICAL_DESIGN_GEOMETRIC_PRESENTATION_REPRESENTATION (  '', ( #2648 ), #4951 ) ;
#4374 = ORIENTED_EDGE ( 'NONE', *, *, #4753, .F. ) ;
#4375 = PLANE ( 'NONE',  #8529 ) ;
#4376 = DIRECTION ( 'NONE',  ( 0.0000000000000000000, 0.0000000000000000000, 1.000000000000000000 ) ) ;
#4377 = UNCERTAINTY_MEASURE_WITH_UNIT (LENGTH_MEASURE( 1.000000000000000100E-005 ), #5580, 'distance_accuracy_value', 'NONE');
#4378 = CARTESIAN_POINT ( 'NONE',  ( -2.539999999999999600, 0.0000000000000000000, -14.40342105263157900 ) ) ;
#4379 = VECTOR ( 'NONE', #7414, 1000.000000000000000 ) ;
#4380 = AXIS2_PLACEMENT_3D ( 'NONE', #288, #6234, #1168 ) ;
#4381 = CARTESIAN_POINT ( 'NONE',  ( 0.9499999999999999600, 11.70000000000000100, -20.54000000000000300 ) ) ;
#4382 = FILL_AREA_STYLE ('',( #5207 ) ) ;
#4383 = CARTESIAN_POINT ( 'NONE',  ( 0.9499999999999999600, 11.70000000000000100, -4.860000000000000300 ) ) ;
#4384 = LINE ( 'NONE', #5548, #10843 ) ;
#4385 = DIRECTION ( 'NONE',  ( 0.7071067811865486800, 0.0000000000000000000, -0.7071067811865463500 ) ) ;
#4386 =( LENGTH_UNIT ( ) NAMED_UNIT ( * ) SI_UNIT ( .MILLI., .METRE. ) );
#4387 = ADVANCED_FACE ( 'NONE', ( #7610 ), #5134, .F. ) ;
#4388 = CARTESIAN_POINT ( 'NONE',  ( -1.490000000000000000, 11.70000000000000100, -10.48000000000000200 ) ) ;
#4389 = ORIENTED_EDGE ( 'NONE', *, *, #1260, .F. ) ;
#4390 = AXIS2_PLACEMENT_3D ( 'NONE', #1976, #7908, #2838 ) ;
#4391 = CARTESIAN_POINT ( 'NONE',  ( 1.050000000000000000, -2.799999999999999400, -20.64000000000000100 ) ) ;
#4392 = DIRECTION ( 'NONE',  ( 1.000000000000000000, 0.0000000000000000000, 1.232047923278982000E-016 ) ) ;
#4393 = ORIENTED_EDGE ( 'NONE', *, *, #5805, .T. ) ;
#4394 = EDGE_CURVE ( 'NONE', #365, #8618, #28, .T. ) ;
#4395 = STYLED_ITEM ( 'NONE', ( #3769 ), #3100 ) ;
#4396 = ORIENTED_EDGE ( 'NONE', *, *, #3243, .T. ) ;
#4397 = DIRECTION ( 'NONE',  ( 0.0000000000000000000, 0.0000000000000000000, 1.000000000000000000 ) ) ;
#4398 = LINE ( 'NONE', #10054, #6375 ) ;
#4399 = PRESENTATION_LAYER_ASSIGNMENT (  '', '', ( #3248 ) ) ;
#4400 = VECTOR ( 'NONE', #10417, 1000.000000000000100 ) ;
#4401 =( LENGTH_UNIT ( ) NAMED_UNIT ( * ) SI_UNIT ( .MILLI., .METRE. ) );
#4402 = EDGE_CURVE ( 'NONE', #5082, #5998, #6571, .T. ) ;
#4403 = EDGE_CURVE ( 'NONE', #5167, #1502, #8781, .T. ) ;
#4404 = ORIENTED_EDGE ( 'NONE', *, *, #8515, .F. ) ;
#4405 = CARTESIAN_POINT ( 'NONE',  ( -1.050000000000000000, 11.70000000000000100, -7.299999999999999800 ) ) ;
#4406 = VECTOR ( 'NONE', #9330, 1000.000000000000000 ) ;
#4407 = DIRECTION ( 'NONE',  ( -0.0000000000000000000, -0.0000000000000000000, -1.000000000000000000 ) ) ;
#4408 = DIRECTION ( 'NONE',  ( -0.0000000000000000000, -0.0000000000000000000, -1.000000000000000000 ) ) ;
#4409 = ORIENTED_EDGE ( 'NONE', *, *, #10050, .T. ) ;
#4410 = VECTOR ( 'NONE', #1068, 1000.000000000000000 ) ;
#4411 =( NAMED_UNIT ( * ) SI_UNIT ( $, .STERADIAN. ) SOLID_ANGLE_UNIT ( ) );
#4412 = VERTEX_POINT ( 'NONE', #3505 ) ;
#4413 = FILL_AREA_STYLE_COLOUR ( '', #664 ) ;
#4414 = VERTEX_POINT ( 'NONE', #8532 ) ;
#4415 = DIRECTION ( 'NONE',  ( 0.0000000000000000000, -0.0000000000000000000, -1.000000000000000000 ) ) ;
#4416 = PRESENTATION_STYLE_ASSIGNMENT (( #5453 ) ) ;
#4417 = ORIENTED_EDGE ( 'NONE', *, *, #5682, .F. ) ;
#4418 = PLANE ( 'NONE',  #1290 ) ;
#4419 = ORIENTED_EDGE ( 'NONE', *, *, #6873, .T. ) ;
#4420 = CARTESIAN_POINT ( 'NONE',  ( -1.490000000000000000, -2.799999999999999400, -5.400000000000000400 ) ) ;
#4421 = CARTESIAN_POINT ( 'NONE',  ( 2.540000000000000900, 0.0000000000000000000, 0.8699999999999996600 ) ) ;
#4422 =( LENGTH_UNIT ( ) NAMED_UNIT ( * ) SI_UNIT ( .MILLI., .METRE. ) );
#4423 = ORIENTED_EDGE ( 'NONE', *, *, #8515, .T. ) ;
#4424 = EDGE_CURVE ( 'NONE', #7974, #7162, #4318, .T. ) ;
#4425 =( NAMED_UNIT ( * ) PLANE_ANGLE_UNIT ( ) SI_UNIT ( $, .RADIAN. ) );
#4426 = FILL_AREA_STYLE_COLOUR ( '', #5552 ) ;
#4427 = ORIENTED_EDGE ( 'NONE', *, *, #6665, .F. ) ;
#4428 = ADVANCED_FACE ( 'NONE', ( #6291 ), #5218, .T. ) ;
#4429 = MECHANICAL_DESIGN_GEOMETRIC_PRESENTATION_REPRESENTATION (  '', ( #2713 ), #5001 ) ;
#4430 = STYLED_ITEM ( 'NONE', ( #6888 ), #10742 ) ;
#4431 =( GEOMETRIC_REPRESENTATION_CONTEXT ( 3 ) GLOBAL_UNCERTAINTY_ASSIGNED_CONTEXT ( ( #6677 ) ) GLOBAL_UNIT_ASSIGNED_CONTEXT ( ( #5618, #493, #6466 ) ) REPRESENTATION_CONTEXT ( 'NONE', 'WORKASPACE' ) );
#4432 = LINE ( 'NONE', #5879, #10633 ) ;
#4433 = SURFACE_SIDE_STYLE ('',( #10425 ) ) ;
#4434 = FILL_AREA_STYLE_COLOUR ( '', #4545 ) ;
#4435 = FACE_OUTER_BOUND ( 'NONE', #6910, .T. ) ;
#4436 = LINE ( 'NONE', #2845, #8633 ) ;
#4437 = VECTOR ( 'NONE', #5237, 999.9999999999998900 ) ;
#4438 = ORIENTED_EDGE ( 'NONE', *, *, #3126, .F. ) ;
#4439 = EDGE_CURVE ( 'NONE', #5849, #2662, #989, .T. ) ;
#4440 = COLOUR_RGB ( '',0.7960784313725489700, 0.8235294117647058400, 0.9372549019607843100 ) ;
#4441 =( NAMED_UNIT ( * ) PLANE_ANGLE_UNIT ( ) SI_UNIT ( $, .RADIAN. ) );
#4442 =( NAMED_UNIT ( * ) PLANE_ANGLE_UNIT ( ) SI_UNIT ( $, .RADIAN. ) );
#4443 = ADVANCED_FACE ( 'NONE', ( #5262 ), #3862, .T. ) ;
#4444 =( NAMED_UNIT ( * ) PLANE_ANGLE_UNIT ( ) SI_UNIT ( $, .RADIAN. ) );
#4445 = DIRECTION ( 'NONE',  ( -0.7071067811865475700, 0.0000000000000000000, 0.7071067811865475700 ) ) ;
#4446 = COLOUR_RGB ( '',0.7921568627450980000, 0.8196078431372548800, 0.9333333333333333500 ) ;
#4447 = PRESENTATION_STYLE_ASSIGNMENT (( #8938 ) ) ;
#4448 =( NAMED_UNIT ( * ) PLANE_ANGLE_UNIT ( ) SI_UNIT ( $, .RADIAN. ) );
#4449 = DIRECTION ( 'NONE',  ( -0.7071067811865481300, 0.0000000000000000000, -0.7071067811865470200 ) ) ;
#4450 = MECHANICAL_DESIGN_GEOMETRIC_PRESENTATION_REPRESENTATION (  '', ( #3298 ), #5023 ) ;
#4451 = ADVANCED_BREP_SHAPE_REPRESENTATION ( '2x9', ( #2669, #8549, #3503, #4313, #9692, #10522, #9348, #8218, #4659, #5475, #2320, #687, #1508, #334, #10178, #1186, #6612, #7410, #6272, #6530 ), #2852 ) ;
#4452 = SURFACE_STYLE_FILL_AREA ( #8981 ) ;
#4453 =( NAMED_UNIT ( * ) PLANE_ANGLE_UNIT ( ) SI_UNIT ( $, .RADIAN. ) );
#4454 = CARTESIAN_POINT ( 'NONE',  ( -2.540000000000000000, 1.700000000000000000, -18.68342105263158000 ) ) ;
#4455 = LINE ( 'NONE', #5979, #10646 ) ;
#4456 = AXIS2_PLACEMENT_3D ( 'NONE', #4699, #10579, #5546 ) ;
#4457 = CARTESIAN_POINT ( 'NONE',  ( -1.590000000000000300, 11.70000000000000100, -20.54000000000000300 ) ) ;
#4458 = LINE ( 'NONE', #7909, #10910 ) ;
#4459 = SURFACE_STYLE_USAGE ( .BOTH. , #9477 ) ;
#4460 = PRESENTATION_STYLE_ASSIGNMENT (( #5194 ) ) ;
#4461 = DIRECTION ( 'NONE',  ( 0.7071067811865486800, 0.0000000000000000000, 0.7071067811865464600 ) ) ;
#4462 =( LENGTH_UNIT ( ) NAMED_UNIT ( * ) SI_UNIT ( .MILLI., .METRE. ) );
#4463 =( LENGTH_UNIT ( ) NAMED_UNIT ( * ) SI_UNIT ( .MILLI., .METRE. ) );
#4464 = DIRECTION ( 'NONE',  ( 0.7071067811865487900, 0.0000000000000000000, -0.7071067811865463500 ) ) ;
#4465 = FILL_AREA_STYLE ('',( #3613 ) ) ;
#4466 = VECTOR ( 'NONE', #9312, 1000.000000000000000 ) ;
#4467 = FACE_OUTER_BOUND ( 'NONE', #3466, .T. ) ;
#4468 = PRESENTATION_LAYER_ASSIGNMENT (  '', '', ( #3317 ) ) ;
#4469 = COLOUR_RGB ( '',0.7960784313725489700, 0.8235294117647058400, 0.9372549019607843100 ) ;
#4470 = VECTOR ( 'NONE', #3999, 1000.000000000000000 ) ;
#4471 = DIRECTION ( 'NONE',  ( -0.7071067811865469100, -0.0000000000000000000, 0.7071067811865482400 ) ) ;
#4472 = DIRECTION ( 'NONE',  ( -1.000000000000000000, 0.0000000000000000000, 0.0000000000000000000 ) ) ;
#4473 =( NAMED_UNIT ( * ) PLANE_ANGLE_UNIT ( ) SI_UNIT ( $, .RADIAN. ) );
#4474 = VERTEX_POINT ( 'NONE', #5260 ) ;
#4475 = LINE ( 'NONE', #6171, #8667 ) ;
#4476 = ORIENTED_EDGE ( 'NONE', *, *, #8903, .T. ) ;
#4477 = ORIENTED_EDGE ( 'NONE', *, *, #6668, .T. ) ;
#4478 = CARTESIAN_POINT ( 'NONE',  ( -1.590000000000000300, 11.70000000000000100, -15.45999999999999900 ) ) ;
#4479 = CARTESIAN_POINT ( 'NONE',  ( 1.490000000000000000, -2.799999999999999400, -12.38000000000000300 ) ) ;
#4480 = LINE ( 'NONE', #2287, #6725 ) ;
#4481 = VECTOR ( 'NONE', #2096, 1000.000000000000000 ) ;
#4482 = PRESENTATION_STYLE_ASSIGNMENT (( #7066 ) ) ;
#4483 = DIRECTION ( 'NONE',  ( -0.7372346670543746800, -0.0000000000000000000, 0.6756367705307528800 ) ) ;
#4484 = PLANE ( 'NONE',  #5157 ) ;
#4485 = EDGE_CURVE ( 'NONE', #3874, #9533, #6697, .T. ) ;
#4486 = ADVANCED_FACE ( 'NONE', ( #10901 ), #426, .T. ) ;
#4487 = VERTEX_POINT ( 'NONE', #455 ) ;
#4488 = DIRECTION ( 'NONE',  ( -0.0000000000000000000, -1.000000000000000000, -0.0000000000000000000 ) ) ;
#4489 = DIRECTION ( 'NONE',  ( -0.0000000000000000000, -0.0000000000000000000, -1.000000000000000000 ) ) ;
#4490 = EDGE_CURVE ( 'NONE', #3113, #6195, #1374, .T. ) ;
#4491 =( GEOMETRIC_REPRESENTATION_CONTEXT ( 3 ) GLOBAL_UNCERTAINTY_ASSIGNED_CONTEXT ( ( #1371 ) ) GLOBAL_UNIT_ASSIGNED_CONTEXT ( ( #10895, #5844, #756 ) ) REPRESENTATION_CONTEXT ( 'NONE', 'WORKASPACE' ) );
#4492 =( LENGTH_UNIT ( ) NAMED_UNIT ( * ) SI_UNIT ( .MILLI., .METRE. ) );
#4493 = FACE_OUTER_BOUND ( 'NONE', #8590, .T. ) ;
#4494 = CARTESIAN_POINT ( 'NONE',  ( 1.590000000000000100, 11.70000000000000100, -5.300000000000000700 ) ) ;
#4495 = PLANE ( 'NONE',  #3606 ) ;
#4496 = EDGE_LOOP ( 'NONE', ( #8619, #2422, #9094, #6385 ) ) ;
#4497 =( NAMED_UNIT ( * ) PLANE_ANGLE_UNIT ( ) SI_UNIT ( $, .RADIAN. ) );
#4498 = SURFACE_STYLE_FILL_AREA ( #9793 ) ;
#4499 = PLANE ( 'NONE',  #848 ) ;
#4500 = CARTESIAN_POINT ( 'NONE',  ( 1.490000000000000000, -2.799999999999999400, -10.48000000000000200 ) ) ;
#4501 = STYLED_ITEM ( 'NONE', ( #10735 ), #10333 ) ;
#4502 = ADVANCED_FACE ( 'NONE', ( #5892 ), #8129, .F. ) ;
#4503 = CARTESIAN_POINT ( 'NONE',  ( -1.490000000000000200, -2.799999999999999400, -12.38000000000000300 ) ) ;
#4504 = COLOUR_RGB ( '',0.7960784313725489700, 0.8235294117647058400, 0.9372549019607843100 ) ;
#4505 = DIRECTION ( 'NONE',  ( 0.7372346670543746800, 0.0000000000000000000, -0.6756367705307528800 ) ) ;
#4506 = PRESENTATION_STYLE_ASSIGNMENT (( #843 ) ) ;
#4507 = ORIENTED_EDGE ( 'NONE', *, *, #5877, .F. ) ;
#4508 = VERTEX_POINT ( 'NONE', #8970 ) ;
#4509 = DIRECTION ( 'NONE',  ( 1.000000000000000000, 0.0000000000000000000, 0.0000000000000000000 ) ) ;
#4510 = DIRECTION ( 'NONE',  ( -0.7071067811865470200, -0.0000000000000000000, -0.7071067811865481300 ) ) ;
#4511 = DIRECTION ( 'NONE',  ( 0.0000000000000000000, 0.0000000000000000000, 1.000000000000000000 ) ) ;
#4512 = PRESENTATION_LAYER_ASSIGNMENT (  '', '', ( #3369 ) ) ;
#4513 = PRESENTATION_STYLE_ASSIGNMENT (( #6974 ) ) ;
#4514 = ORIENTED_EDGE ( 'NONE', *, *, #1707, .T. ) ;
#4515 = UNCERTAINTY_MEASURE_WITH_UNIT (LENGTH_MEASURE( 1.000000000000000100E-005 ), #6012, 'distance_accuracy_value', 'NONE');
#4517 =( NAMED_UNIT ( * ) SI_UNIT ( $, .STERADIAN. ) SOLID_ANGLE_UNIT ( ) );
#4516 = VECTOR ( 'NONE', #9830, 1000.000000000000000 ) ;
#4518 = PLANE ( 'NONE',  #8874 ) ;
#4519 = AXIS2_PLACEMENT_3D ( 'NONE', #1500, #7427, #2344 ) ;
#4520 = VERTEX_POINT ( 'NONE', #9857 ) ;
#4521 = COLOUR_RGB ( '',0.7960784313725489700, 0.8235294117647058400, 0.9372549019607843100 ) ;
#4522 = UNCERTAINTY_MEASURE_WITH_UNIT (LENGTH_MEASURE( 1.000000000000000100E-005 ), #3559, 'distance_accuracy_value', 'NONE');
#4523 = SURFACE_STYLE_USAGE ( .BOTH. , #9541 ) ;
#4524 = DIRECTION ( 'NONE',  ( -0.7071067811865469100, 0.0000000000000000000, 0.7071067811865482400 ) ) ;
#4525 = VERTEX_POINT ( 'NONE', #3935 ) ;
#4526 = VERTEX_POINT ( 'NONE', #3117 ) ;
#4527 = STYLED_ITEM ( 'NONE', ( #5631 ), #9692 ) ;
#4528 = FILL_AREA_STYLE ('',( #7881 ) ) ;
#4529 =( NAMED_UNIT ( * ) PLANE_ANGLE_UNIT ( ) SI_UNIT ( $, .RADIAN. ) );
#4530 = EDGE_LOOP ( 'NONE', ( #3635, #10811, #4546, #4694 ) ) ;
#4531 = PRESENTATION_STYLE_ASSIGNMENT (( #2991 ) ) ;
#4532 = LINE ( 'NONE', #5780, #4253 ) ;
#4533 = PRESENTATION_LAYER_ASSIGNMENT (  '', '', ( #3386 ) ) ;
#4534 = DIRECTION ( 'NONE',  ( 0.6756367705307529900, -0.0000000000000000000, 0.7372346670543747900 ) ) ;
#4535 = DIRECTION ( 'NONE',  ( 1.000000000000000000, 0.0000000000000000000, 1.232047923278982000E-016 ) ) ;
#4536 =( GEOMETRIC_REPRESENTATION_CONTEXT ( 3 ) GLOBAL_UNCERTAINTY_ASSIGNED_CONTEXT ( ( #4863 ) ) GLOBAL_UNIT_ASSIGNED_CONTEXT ( ( #9116, #4075, #9960 ) ) REPRESENTATION_CONTEXT ( 'NONE', 'WORKASPACE' ) );
#4537 = DIRECTION ( 'NONE',  ( 2.492418787322998300E-016, 0.0000000000000000000, 1.000000000000000000 ) ) ;
#4538 = ORIENTED_EDGE ( 'NONE', *, *, #753, .T. ) ;
#4539 = ORIENTED_EDGE ( 'NONE', *, *, #2460, .F. ) ;
#4540 = CARTESIAN_POINT ( 'NONE',  ( -1.590000000000000300, -2.799999999999999400, 0.2199999999999998100 ) ) ;
#4541 = VECTOR ( 'NONE', #1084, 1000.000000000000000 ) ;
#4542 =( NAMED_UNIT ( * ) PLANE_ANGLE_UNIT ( ) SI_UNIT ( $, .RADIAN. ) );
#4543 = DIRECTION ( 'NONE',  ( 0.7071067811865489100, 0.0000000000000000000, 0.7071067811865461300 ) ) ;
#4544 =( LENGTH_UNIT ( ) NAMED_UNIT ( * ) SI_UNIT ( .MILLI., .METRE. ) );
#4545 = COLOUR_RGB ( '',0.7960784313725489700, 0.8235294117647058400, 0.9372549019607843100 ) ;
#4546 = ORIENTED_EDGE ( 'NONE', *, *, #2895, .F. ) ;
#4547 = EDGE_CURVE ( 'NONE', #7033, #1964, #1113, .T. ) ;
#4548 = ORIENTED_EDGE ( 'NONE', *, *, #10471, .F. ) ;
#4549 = MECHANICAL_DESIGN_GEOMETRIC_PRESENTATION_REPRESENTATION (  '', ( #2822 ), #5116 ) ;
#4550 = EDGE_LOOP ( 'NONE', ( #2261, #1876, #919, #9795 ) ) ;
#4551 =( NAMED_UNIT ( * ) SI_UNIT ( $, .STERADIAN. ) SOLID_ANGLE_UNIT ( ) );
#4552 =( NAMED_UNIT ( * ) PLANE_ANGLE_UNIT ( ) SI_UNIT ( $, .RADIAN. ) );
#4553 = EDGE_CURVE ( 'NONE', #7838, #7861, #9813, .T. ) ;
#4554 = PRESENTATION_STYLE_ASSIGNMENT (( #3458 ) ) ;
#4555 = EDGE_LOOP ( 'NONE', ( #4944, #825, #9754, #9933 ) ) ;
#4556 = ORIENTED_EDGE ( 'NONE', *, *, #3700, .T. ) ;
#4557 = CARTESIAN_POINT ( 'NONE',  ( 1.490000000000000000, 11.70000000000000100, -2.220000000000000200 ) ) ;
#4558 = DIRECTION ( 'NONE',  ( 0.7071067811865481300, 0.0000000000000000000, -0.7071067811865470200 ) ) ;
#4559 = ADVANCED_FACE ( 'NONE', ( #3365 ), #8207, .F. ) ;
#4560 = VERTEX_POINT ( 'NONE', #563 ) ;
#4561 = VECTOR ( 'NONE', #228, 1000.000000000000000 ) ;
#4562 = CARTESIAN_POINT ( 'NONE',  ( 1.590000000000000100, -2.799999999999999400, -12.92000000000000200 ) ) ;
#4563 =( GEOMETRIC_REPRESENTATION_CONTEXT ( 3 ) GLOBAL_UNCERTAINTY_ASSIGNED_CONTEXT ( ( #10033 ) ) GLOBAL_UNIT_ASSIGNED_CONTEXT ( ( #4268, #10151, #5125 ) ) REPRESENTATION_CONTEXT ( 'NONE', 'WORKASPACE' ) );
#4564 = VECTOR ( 'NONE', #3603, 1000.000000000000000 ) ;
#4565 = ORIENTED_EDGE ( 'NONE', *, *, #285, .T. ) ;
#4566 = LINE ( 'NONE', #9083, #11009 ) ;
#4567 = CARTESIAN_POINT ( 'NONE',  ( -2.540000000000000000, 0.0000000000000000000, -18.68342105263158000 ) ) ;
#4568 = EDGE_LOOP ( 'NONE', ( #2684, #1837, #1717, #87, #7294, #3220, #4352, #3876 ) ) ;
#4569 = SURFACE_STYLE_FILL_AREA ( #6062 ) ;
#4570 = CARTESIAN_POINT ( 'NONE',  ( 0.0000000000000000000, 11.70000000000000100, -7.620000000000000100 ) ) ;
#4571 = VECTOR ( 'NONE', #5021, 1000.000000000000100 ) ;
#4572 = ORIENTED_EDGE ( 'NONE', *, *, #2312, .T. ) ;
#4573 = PLANE ( 'NONE',  #7007 ) ;
#4574 = VERTEX_POINT ( 'NONE', #3188 ) ;
#4575 = DIRECTION ( 'NONE',  ( 0.0000000000000000000, 0.0000000000000000000, 1.000000000000000000 ) ) ;
#4576 = SURFACE_SIDE_STYLE ('',( #8732 ) ) ;
#4577 = ORIENTED_EDGE ( 'NONE', *, *, #9818, .T. ) ;
#4578 = CARTESIAN_POINT ( 'NONE',  ( 1.590000000000000100, 11.70000000000000100, -7.839999999999999900 ) ) ;
#4579 =( LENGTH_UNIT ( ) NAMED_UNIT ( * ) SI_UNIT ( .MILLI., .METRE. ) );
#4580 = FACE_OUTER_BOUND ( 'NONE', #3182, .T. ) ;
#4581 = LINE ( 'NONE', #997, #2288 ) ;
#4582 = PRESENTATION_LAYER_ASSIGNMENT (  '', '', ( #3433 ) ) ;
#4583 = UNCERTAINTY_MEASURE_WITH_UNIT (LENGTH_MEASURE( 1.000000000000000100E-005 ), #1527, 'distance_accuracy_value', 'NONE');
#4584 = VERTEX_POINT ( 'NONE', #7396 ) ;
#4585 = STYLED_ITEM ( 'NONE', ( #2208 ), #4451 ) ;
#4586 = VECTOR ( 'NONE', #4924, 1000.000000000000000 ) ;
#4587 = UNCERTAINTY_MEASURE_WITH_UNIT (LENGTH_MEASURE( 1.000000000000000100E-005 ), #9465, 'distance_accuracy_value', 'NONE');
#4588 = MECHANICAL_DESIGN_GEOMETRIC_PRESENTATION_REPRESENTATION (  '', ( #2854 ), #5148 ) ;
#4589 = CARTESIAN_POINT ( 'NONE',  ( 1.050000000000000000, -2.799999999999999400, -0.3200000000000001200 ) ) ;
#4590 = LINE ( 'NONE', #3785, #6829 ) ;
#4591 = COLOUR_RGB ( '',0.7960784313725489700, 0.8235294117647058400, 0.9372549019607843100 ) ;
#4592 = EDGE_CURVE ( 'NONE', #8714, #5230, #2274, .T. ) ;
#4593 = DIRECTION ( 'NONE',  ( -0.6782059721786390900, 0.0000000000000000000, -0.7348718659067219300 ) ) ;
#4594 = FILL_AREA_STYLE ('',( #2863 ) ) ;
#4595 = STYLED_ITEM ( 'NONE', ( #5271 ), #9315 ) ;
#4596 = UNCERTAINTY_MEASURE_WITH_UNIT (LENGTH_MEASURE( 1.000000000000000100E-005 ), #7127, 'distance_accuracy_value', 'NONE');
#4597 = SURFACE_STYLE_FILL_AREA ( #6396 ) ;
#4598 = DIRECTION ( 'NONE',  ( 0.7071067811865473500, 0.0000000000000000000, -0.7071067811865477900 ) ) ;
#4599 =( GEOMETRIC_REPRESENTATION_CONTEXT ( 3 ) GLOBAL_UNCERTAINTY_ASSIGNED_CONTEXT ( ( #8474 ) ) GLOBAL_UNIT_ASSIGNED_CONTEXT ( ( #5147, #23, #5986 ) ) REPRESENTATION_CONTEXT ( 'NONE', 'WORKASPACE' ) );
#4600 = LINE ( 'NONE', #3538, #2313 ) ;
#4601 = STYLED_ITEM ( 'NONE', ( #2840 ), #8835 ) ;
#4602 = LINE ( 'NONE', #10935, #4328 ) ;
#4603 = COLOUR_RGB ( '',0.7960784313725489700, 0.8235294117647058400, 0.9372549019607843100 ) ;
#4604 =( GEOMETRIC_REPRESENTATION_CONTEXT ( 3 ) GLOBAL_UNCERTAINTY_ASSIGNED_CONTEXT ( ( #2522 ) ) GLOBAL_UNIT_ASSIGNED_CONTEXT ( ( #9472, #4448, #10334 ) ) REPRESENTATION_CONTEXT ( 'NONE', 'WORKASPACE' ) );
#4605 =( LENGTH_UNIT ( ) NAMED_UNIT ( * ) SI_UNIT ( .MILLI., .METRE. ) );
#4606 = DIRECTION ( 'NONE',  ( 1.232047923278982000E-016, 0.0000000000000000000, -1.000000000000000000 ) ) ;
#4607 = STYLED_ITEM ( 'NONE', ( #4235 ), #2462 ) ;
#4608 = FILL_AREA_STYLE ('',( #7941 ) ) ;
#4609 = LINE ( 'NONE', #8111, #6585 ) ;
#4610 = SURFACE_SIDE_STYLE ('',( #7522 ) ) ;
#4611 = DIRECTION ( 'NONE',  ( -0.7372346670543746800, -0.0000000000000000000, 0.6756367705307528800 ) ) ;
#4612 = EDGE_CURVE ( 'NONE', #10596, #238, #4566, .T. ) ;
#4613 = CARTESIAN_POINT ( 'NONE',  ( 1.590000000000000100, 11.70000000000000100, -15.02000000000000000 ) ) ;
#4614 =( NAMED_UNIT ( * ) PLANE_ANGLE_UNIT ( ) SI_UNIT ( $, .RADIAN. ) );
#4615 = ORIENTED_EDGE ( 'NONE', *, *, #857, .F. ) ;
#4616 = ADVANCED_FACE ( 'NONE', ( #6543 ), #652, .T. ) ;
#4617 = CARTESIAN_POINT ( 'NONE',  ( -2.540000000000000000, 0.0000000000000000000, -16.14342105263157700 ) ) ;
#4618 = SURFACE_STYLE_FILL_AREA ( #5510 ) ;
#4619 = CARTESIAN_POINT ( 'NONE',  ( 0.9499999999999999600, -2.799999999999999400, -20.10000000000000100 ) ) ;
#4620 = AXIS2_PLACEMENT_3D ( 'NONE', #6116, #1043, #6975 ) ;
#4621 = EDGE_CURVE ( 'NONE', #7706, #9767, #1229, .T. ) ;
#4622 = ORIENTED_EDGE ( 'NONE', *, *, #3126, .T. ) ;
#4623 = ORIENTED_EDGE ( 'NONE', *, *, #831, .T. ) ;
#4624 = EDGE_CURVE ( 'NONE', #6766, #1970, #7970, .T. ) ;
#4625 = ORIENTED_EDGE ( 'NONE', *, *, #890, .T. ) ;
#4626 = ORIENTED_EDGE ( 'NONE', *, *, #4900, .F. ) ;
#4627 = CARTESIAN_POINT ( 'NONE',  ( -1.050000000000000000, -2.799999999999999400, -17.46000000000000100 ) ) ;
#4628 =( GEOMETRIC_REPRESENTATION_CONTEXT ( 3 ) GLOBAL_UNCERTAINTY_ASSIGNED_CONTEXT ( ( #7762 ) ) GLOBAL_UNIT_ASSIGNED_CONTEXT ( ( #9948, #4930, #10817 ) ) REPRESENTATION_CONTEXT ( 'NONE', 'WORKASPACE' ) );
#4629 = ORIENTED_EDGE ( 'NONE', *, *, #7611, .F. ) ;
#4630 =( NAMED_UNIT ( * ) SI_UNIT ( $, .STERADIAN. ) SOLID_ANGLE_UNIT ( ) );
#4631 = CARTESIAN_POINT ( 'NONE',  ( -0.9499999999999999600, 11.70000000000000100, -2.760000000000000200 ) ) ;
#4632 = ORIENTED_EDGE ( 'NONE', *, *, #4034, .F. ) ;
#4633 = ORIENTED_EDGE ( 'NONE', *, *, #5274, .T. ) ;
#4634 = SURFACE_STYLE_FILL_AREA ( #4787 ) ;
#4635 = SURFACE_STYLE_USAGE ( .BOTH. , #9640 ) ;
#4636 = VERTEX_POINT ( 'NONE', #4910 ) ;
#4637 = ORIENTED_EDGE ( 'NONE', *, *, #7734, .T. ) ;
#4638 = FILL_AREA_STYLE_COLOUR ( '', #1639 ) ;
#4639 = FILL_AREA_STYLE_COLOUR ( '', #841 ) ;
#4640 = EDGE_CURVE ( 'NONE', #10540, #4660, #3218, .T. ) ;
#4641 = EDGE_LOOP ( 'NONE', ( #2531, #4802, #1599, #1746 ) ) ;
#4642 = EDGE_LOOP ( 'NONE', ( #5788, #2755, #7497, #470 ) ) ;
#4643 = CARTESIAN_POINT ( 'NONE',  ( -2.539999999999999600, 1.700000000000000000, 0.8365789473684214200 ) ) ;
#4644 = PRESENTATION_LAYER_ASSIGNMENT (  '', '', ( #3506 ) ) ;
#4645 = SURFACE_SIDE_STYLE ('',( #6741 ) ) ;
#4646 = CARTESIAN_POINT ( 'NONE',  ( -1.490000000000000200, 11.70000000000000100, -12.38000000000000300 ) ) ;
#4647 = DIRECTION ( 'NONE',  ( -0.7071067811865470200, -0.0000000000000000000, -0.7071067811865481300 ) ) ;
#4648 =( NAMED_UNIT ( * ) PLANE_ANGLE_UNIT ( ) SI_UNIT ( $, .RADIAN. ) );
#4649 = VERTEX_POINT ( 'NONE', #8309 ) ;
#4650 = CARTESIAN_POINT ( 'NONE',  ( 2.140000000000001500, 1.700000000000000000, -1.270000000000000000 ) ) ;
#4651 = VECTOR ( 'NONE', #4023, 1000.000000000000000 ) ;
#4652 = LINE ( 'NONE', #7355, #9111 ) ;
#4653 = EDGE_CURVE ( 'NONE', #6916, #2245, #9938, .T. ) ;
#4654 = UNCERTAINTY_MEASURE_WITH_UNIT (LENGTH_MEASURE( 1.000000000000000100E-005 ), #8355, 'distance_accuracy_value', 'NONE');
#4655 = ORIENTED_EDGE ( 'NONE', *, *, #2383, .F. ) ;
#4656 = COLOUR_RGB ( '',0.0000000000000000000, 0.003921568627450980300, 0.09019607843137254800 ) ;
#4657 = SURFACE_STYLE_USAGE ( .BOTH. , #9675 ) ;
#4658 = DIRECTION ( 'NONE',  ( 0.0000000000000000000, 1.000000000000000000, 0.0000000000000000000 ) ) ;
#4659 = MANIFOLD_SOLID_BREP ( 'LPattern3[7]', #3413 ) ;
#4660 = VERTEX_POINT ( 'NONE', #4114 ) ;
#4661 = DIRECTION ( 'NONE',  ( 0.0000000000000000000, 0.0000000000000000000, 1.000000000000000000 ) ) ;
#4662 = ORIENTED_EDGE ( 'NONE', *, *, #3226, .T. ) ;
#4663 = ORIENTED_EDGE ( 'NONE', *, *, #2719, .F. ) ;
#4664 = DIRECTION ( 'NONE',  ( 0.0000000000000000000, 0.0000000000000000000, 1.000000000000000000 ) ) ;
#4665 = FILL_AREA_STYLE_COLOUR ( '', #1272 ) ;
#4666 = STYLED_ITEM ( 'NONE', ( #4195 ), #8438 ) ;
#4667 = ADVANCED_FACE ( 'NONE', ( #9673 ), #10902, .T. ) ;
#4668 = VECTOR ( 'NONE', #10654, 1000.000000000000000 ) ;
#4669 = ORIENTED_EDGE ( 'NONE', *, *, #8051, .F. ) ;
#4670 = LINE ( 'NONE', #2445, #8859 ) ;
#4671 = STYLED_ITEM ( 'NONE', ( #1331 ), #2030 ) ;
#4672 = MECHANICAL_DESIGN_GEOMETRIC_PRESENTATION_REPRESENTATION (  '', ( #2951 ), #5251 ) ;
#4673 = ORIENTED_EDGE ( 'NONE', *, *, #3719, .F. ) ;
#4674 = CARTESIAN_POINT ( 'NONE',  ( -1.050000000000000000, 11.70000000000000100, -7.940000000000001300 ) ) ;
#4675 = CARTESIAN_POINT ( 'NONE',  ( -2.540000000000000000, 1.700000000000000000, -13.60342105263158000 ) ) ;
#4676 = PRESENTATION_STYLE_ASSIGNMENT (( #7670 ) ) ;
#4677 = CARTESIAN_POINT ( 'NONE',  ( -2.140000000000000600, 1.700000000000000000, -13.97000000000000100 ) ) ;
#4678 = ORIENTED_EDGE ( 'NONE', *, *, #8974, .T. ) ;
#4679 = AXIS2_PLACEMENT_3D ( 'NONE', #9742, #4722, #10624 ) ;
#4680 = PLANE ( 'NONE',  #5304 ) ;
#4681 = MECHANICAL_DESIGN_GEOMETRIC_PRESENTATION_REPRESENTATION (  '', ( #2958 ), #5263 ) ;
#4682 = CARTESIAN_POINT ( 'NONE',  ( 1.590000000000000100, 11.70000000000000100, -18.00000000000000400 ) ) ;
#4683 = ORIENTED_EDGE ( 'NONE', *, *, #3962, .T. ) ;
#4684 = CARTESIAN_POINT ( 'NONE',  ( -1.490000000000000200, -2.799999999999999400, -9.840000000000001600 ) ) ;
#4685 = CARTESIAN_POINT ( 'NONE',  ( 1.590000000000000100, 11.70000000000000100, -2.319999999999999800 ) ) ;
#4686 = VERTEX_POINT ( 'NONE', #10080 ) ;
#4687 = DIRECTION ( 'NONE',  ( 0.0000000000000000000, 1.000000000000000000, 0.0000000000000000000 ) ) ;
#4688 = LINE ( 'NONE', #6253, #3626 ) ;
#4689 = ORIENTED_EDGE ( 'NONE', *, *, #2124, .F. ) ;
#4690 = ORIENTED_EDGE ( 'NONE', *, *, #3036, .T. ) ;
#4691 = FACE_OUTER_BOUND ( 'NONE', #10683, .T. ) ;
#4692 = EDGE_CURVE ( 'NONE', #10200, #2662, #10345, .T. ) ;
#4693 = EDGE_LOOP ( 'NONE', ( #7767, #4216, #1202, #492 ) ) ;
#4694 = ORIENTED_EDGE ( 'NONE', *, *, #2894, .T. ) ;
#4695 = LINE ( 'NONE', #6855, #2408 ) ;
#4696 = CARTESIAN_POINT ( 'NONE',  ( 1.050000000000000000, -2.799999999999999400, -17.46000000000000100 ) ) ;
#4697 = CARTESIAN_POINT ( 'NONE',  ( -2.140000000000000600, 1.700000000000000000, -21.59000000000000000 ) ) ;
#4698 = EDGE_CURVE ( 'NONE', #5415, #4584, #8092, .T. ) ;
#4699 = CARTESIAN_POINT ( 'NONE',  ( 0.0000000000000000000, -2.799999999999999400, -2.540000000000000000 ) ) ;
#4700 = ORIENTED_EDGE ( 'NONE', *, *, #2616, .T. ) ;
#4701 = EDGE_CURVE ( 'NONE', #3495, #137, #3631, .T. ) ;
#4702 = VECTOR ( 'NONE', #10886, 999.9999999999998900 ) ;
#4703 = AXIS2_PLACEMENT_3D ( 'NONE', #4793, #10682, #5641 ) ;
#4704 = VECTOR ( 'NONE', #1154, 1000.000000000000000 ) ;
#4705 = CARTESIAN_POINT ( 'NONE',  ( -2.539999999999999600, 1.700000000000000000, -1.703421052631578900 ) ) ;
#4706 = VERTEX_POINT ( 'NONE', #3382 ) ;
#4707 =( GEOMETRIC_REPRESENTATION_CONTEXT ( 3 ) GLOBAL_UNCERTAINTY_ASSIGNED_CONTEXT ( ( #1367 ) ) GLOBAL_UNIT_ASSIGNED_CONTEXT ( ( #7220, #2135, #8046 ) ) REPRESENTATION_CONTEXT ( 'NONE', 'WORKASPACE' ) );
#4708 = SURFACE_STYLE_FILL_AREA ( #10090 ) ;
#4709 = MECHANICAL_DESIGN_GEOMETRIC_PRESENTATION_REPRESENTATION (  '', ( #2984 ), #5291 ) ;
#4710 = CARTESIAN_POINT ( 'NONE',  ( 1.050000000000000000, 11.70000000000000100, -2.220000000000000200 ) ) ;
#4711 = CARTESIAN_POINT ( 'NONE',  ( -1.590000000000000300, 11.70000000000000100, -18.00000000000000400 ) ) ;
#4712 = FILL_AREA_STYLE_COLOUR ( '', #3429 ) ;
#4713 = UNCERTAINTY_MEASURE_WITH_UNIT (LENGTH_MEASURE( 1.000000000000000100E-005 ), #10740, 'distance_accuracy_value', 'NONE');
#4714 = FILL_AREA_STYLE ('',( #3852 ) ) ;
#4715 = ADVANCED_FACE ( 'NONE', ( #3349 ), #10118, .T. ) ;
#4716 = FILL_AREA_STYLE ('',( #10614 ) ) ;
#4717 = LINE ( 'NONE', #6469, #433 ) ;
#4718 = UNCERTAINTY_MEASURE_WITH_UNIT (LENGTH_MEASURE( 1.000000000000000100E-005 ), #6315, 'distance_accuracy_value', 'NONE');
#4719 = AXIS2_PLACEMENT_3D ( 'NONE', #6178, #1119, #7041 ) ;
#4720 = FACE_OUTER_BOUND ( 'NONE', #2011, .T. ) ;
#4721 = STYLED_ITEM ( 'NONE', ( #8154 ), #8016 ) ;
#4722 = DIRECTION ( 'NONE',  ( 1.000000000000000000, 0.0000000000000000000, 0.0000000000000000000 ) ) ;
#4723 =( NAMED_UNIT ( * ) SI_UNIT ( $, .STERADIAN. ) SOLID_ANGLE_UNIT ( ) );
#4724 = FILL_AREA_STYLE ('',( #9744 ) ) ;
#4725 = LINE ( 'NONE', #7346, #6980 ) ;
#4726 = FILL_AREA_STYLE_COLOUR ( '', #9481 ) ;
#4727 = SURFACE_SIDE_STYLE ('',( #9125 ) ) ;
#4728 = ORIENTED_EDGE ( 'NONE', *, *, #4213, .F. ) ;
#4729 = ORIENTED_EDGE ( 'NONE', *, *, #9149, .T. ) ;
#4730 = FILL_AREA_STYLE ('',( #9711 ) ) ;
#4731 =( NAMED_UNIT ( * ) PLANE_ANGLE_UNIT ( ) SI_UNIT ( $, .RADIAN. ) );
#4732 = FACE_OUTER_BOUND ( 'NONE', #8461, .T. ) ;
#4733 = VECTOR ( 'NONE', #3180, 1000.000000000000100 ) ;
#4734 = FACE_OUTER_BOUND ( 'NONE', #3280, .T. ) ;
#4735 = DIRECTION ( 'NONE',  ( -0.7071067811865477900, 0.0000000000000000000, -0.7071067811865473500 ) ) ;
#4736 = PRESENTATION_STYLE_ASSIGNMENT (( #4804 ) ) ;
#4737 = EDGE_LOOP ( 'NONE', ( #1305, #7111, #5407, #3355 ) ) ;
#4738 = FACE_OUTER_BOUND ( 'NONE', #1658, .T. ) ;
#4739 = EDGE_LOOP ( 'NONE', ( #6346, #4086, #1853, #7567 ) ) ;
#4740 = AXIS2_PLACEMENT_3D ( 'NONE', #2975, #8870, #3835 ) ;
#4741 =( LENGTH_UNIT ( ) NAMED_UNIT ( * ) SI_UNIT ( .MILLI., .METRE. ) );
#4742 = MECHANICAL_DESIGN_GEOMETRIC_PRESENTATION_REPRESENTATION (  '', ( #3018 ), #5315 ) ;
#4743 = MECHANICAL_DESIGN_GEOMETRIC_PRESENTATION_REPRESENTATION (  '', ( #3019 ), #5317 ) ;
#4744 = VERTEX_POINT ( 'NONE', #10155 ) ;
#4745 = ORIENTED_EDGE ( 'NONE', *, *, #1810, .T. ) ;
#4746 =( LENGTH_UNIT ( ) NAMED_UNIT ( * ) SI_UNIT ( .MILLI., .METRE. ) );
#4747 = DIRECTION ( 'NONE',  ( 0.0000000000000000000, 0.0000000000000000000, 1.000000000000000000 ) ) ;
#4748 =( NAMED_UNIT ( * ) SI_UNIT ( $, .STERADIAN. ) SOLID_ANGLE_UNIT ( ) );
#4749 = PRESENTATION_STYLE_ASSIGNMENT (( #8720 ) ) ;
#4750 = CARTESIAN_POINT ( 'NONE',  ( 2.540000000000000900, 1.700000000000000000, -16.10999999999999900 ) ) ;
#4751 = ORIENTED_EDGE ( 'NONE', *, *, #8067, .F. ) ;
#4752 = DIRECTION ( 'NONE',  ( 0.7071067811865486800, 0.0000000000000000000, 0.7071067811865464600 ) ) ;
#4753 = EDGE_CURVE ( 'NONE', #5418, #8096, #4817, .T. ) ;
#4754 = DIRECTION ( 'NONE',  ( -0.7071067811865470200, 0.0000000000000000000, 0.7071067811865481300 ) ) ;
#4755 = PRESENTATION_LAYER_ASSIGNMENT (  '', '', ( #3622 ) ) ;
#4756 = CARTESIAN_POINT ( 'NONE',  ( -1.590000000000000300, 11.70000000000000100, -2.760000000000000200 ) ) ;
#4757 = COLOUR_RGB ( '',0.7960784313725489700, 0.8235294117647058400, 0.9372549019607843100 ) ;
#4758 =( GEOMETRIC_REPRESENTATION_CONTEXT ( 3 ) GLOBAL_UNCERTAINTY_ASSIGNED_CONTEXT ( ( #3001 ) ) GLOBAL_UNIT_ASSIGNED_CONTEXT ( ( #2253, #8173, #3122 ) ) REPRESENTATION_CONTEXT ( 'NONE', 'WORKASPACE' ) );
#4759 = EDGE_CURVE ( 'NONE', #4090, #6238, #5864, .T. ) ;
#4760 = VECTOR ( 'NONE', #3578, 999.9999999999998900 ) ;
#4761 = ORIENTED_EDGE ( 'NONE', *, *, #6243, .T. ) ;
#4762 = ORIENTED_EDGE ( 'NONE', *, *, #212, .T. ) ;
#4763 =( NAMED_UNIT ( * ) SI_UNIT ( $, .STERADIAN. ) SOLID_ANGLE_UNIT ( ) );
#4764 = DIRECTION ( 'NONE',  ( -0.7071067811865469100, -0.0000000000000000000, 0.7071067811865482400 ) ) ;
#4765 = DIRECTION ( 'NONE',  ( -0.0000000000000000000, -0.0000000000000000000, -1.000000000000000000 ) ) ;
#4766 = AXIS2_PLACEMENT_3D ( 'NONE', #7183, #2086, #8012 ) ;
#4767 = SURFACE_SIDE_STYLE ('',( #4498 ) ) ;
#4768 = CARTESIAN_POINT ( 'NONE',  ( -1.590000000000000300, 11.70000000000000100, -10.38000000000000100 ) ) ;
#4770 = SURFACE_SIDE_STYLE ('',( #5574 ) ) ;
#4769 = VECTOR ( 'NONE', #9220, 1000.000000000000000 ) ;
#4771 = DIRECTION ( 'NONE',  ( 0.0000000000000000000, 1.000000000000000000, 0.0000000000000000000 ) ) ;
#4772 = ADVANCED_FACE ( 'NONE', ( #268 ), #1720, .T. ) ;
#4773 = ORIENTED_EDGE ( 'NONE', *, *, #753, .F. ) ;
#4774 = ORIENTED_EDGE ( 'NONE', *, *, #7091, .F. ) ;
#4775 = VECTOR ( 'NONE', #8538, 1000.000000000000000 ) ;
#4776 = FILL_AREA_STYLE ('',( #1286 ) ) ;
#4777 = VECTOR ( 'NONE', #3534, 999.9999999999998900 ) ;
#4778 = FILL_AREA_STYLE ('',( #9805 ) ) ;
#4779 =( NAMED_UNIT ( * ) PLANE_ANGLE_UNIT ( ) SI_UNIT ( $, .RADIAN. ) );
#4780 = LINE ( 'NONE', #3901, #2498 ) ;
#4781 = ORIENTED_EDGE ( 'NONE', *, *, #321, .T. ) ;
#4782 = ADVANCED_FACE ( 'NONE', ( #3751 ), #6864, .T. ) ;
#4783 = LINE ( 'NONE', #9980, #240 ) ;
#4784 = CARTESIAN_POINT ( 'NONE',  ( 2.140000000000000100, 1.700000000000000000, -13.97000000000000100 ) ) ;
#4785 = CARTESIAN_POINT ( 'NONE',  ( 1.050000000000000000, -2.799999999999999400, -15.56000000000000000 ) ) ;
#4786 = AXIS2_PLACEMENT_3D ( 'NONE', #10933, #5885, #789 ) ;
#4787 = FILL_AREA_STYLE ('',( #3919 ) ) ;
#4788 = ORIENTED_EDGE ( 'NONE', *, *, #4335, .T. ) ;
#4789 = ORIENTED_EDGE ( 'NONE', *, *, #1889, .F. ) ;
#4790 = CARTESIAN_POINT ( 'NONE',  ( 0.0000000000000000000, 11.70000000000000100, -2.540000000000000000 ) ) ;
#4791 = PRESENTATION_LAYER_ASSIGNMENT (  '', '', ( #3660 ) ) ;
#4792 = FILL_AREA_STYLE_COLOUR ( '', #6422 ) ;
#4793 = CARTESIAN_POINT ( 'NONE',  ( -1.590000000000000300, -2.799999999999999400, 0.2199999999999998100 ) ) ;
#4794 = PRESENTATION_STYLE_ASSIGNMENT (( #5690 ) ) ;
#4795 = PRESENTATION_STYLE_ASSIGNMENT (( #7100 ) ) ;
#4796 = PRESENTATION_LAYER_ASSIGNMENT (  '', '', ( #3661 ) ) ;
#4797 = ORIENTED_EDGE ( 'NONE', *, *, #2554, .T. ) ;
#4798 = LINE ( 'NONE', #3431, #6767 ) ;
#4799 = LINE ( 'NONE', #1255, #6768 ) ;
#4800 = EDGE_CURVE ( 'NONE', #925, #9235, #7438, .T. ) ;
#4801 = ORIENTED_EDGE ( 'NONE', *, *, #5686, .F. ) ;
#4802 = ORIENTED_EDGE ( 'NONE', *, *, #9299, .F. ) ;
#4803 = SURFACE_SIDE_STYLE ('',( #10097 ) ) ;
#4804 = SURFACE_STYLE_USAGE ( .BOTH. , #9823 ) ;
#4805 = FACE_OUTER_BOUND ( 'NONE', #7280, .T. ) ;
#4806 = SURFACE_STYLE_USAGE ( .BOTH. , #9824 ) ;
#4807 = VERTEX_POINT ( 'NONE', #3535 ) ;
#4808 =( NAMED_UNIT ( * ) PLANE_ANGLE_UNIT ( ) SI_UNIT ( $, .RADIAN. ) );
#4809 = VERTEX_POINT ( 'NONE', #8561 ) ;
#4810 = SURFACE_STYLE_USAGE ( .BOTH. , #9831 ) ;
#4811 = MECHANICAL_DESIGN_GEOMETRIC_PRESENTATION_REPRESENTATION (  '', ( #3088 ), #5382 ) ;
#4812 = ORIENTED_EDGE ( 'NONE', *, *, #3477, .F. ) ;
#4813 = MECHANICAL_DESIGN_GEOMETRIC_PRESENTATION_REPRESENTATION (  '', ( #3092 ), #5385 ) ;
#4814 = FILL_AREA_STYLE ('',( #541 ) ) ;
#4815 = LINE ( 'NONE', #5819, #9006 ) ;
#4816 = SURFACE_SIDE_STYLE ('',( #4334 ) ) ;
#4817 = LINE ( 'NONE', #5128, #7062 ) ;
#4818 = EDGE_CURVE ( 'NONE', #2369, #2903, #5217, .T. ) ;
#4820 = EDGE_LOOP ( 'NONE', ( #675, #7775, #2627, #7241 ) ) ;
#4819 = PLANE ( 'NONE',  #4903 ) ;
#4821 =( GEOMETRIC_REPRESENTATION_CONTEXT ( 3 ) GLOBAL_UNCERTAINTY_ASSIGNED_CONTEXT ( ( #7825 ) ) GLOBAL_UNIT_ASSIGNED_CONTEXT ( ( #544, #6514, #1426 ) ) REPRESENTATION_CONTEXT ( 'NONE', 'WORKASPACE' ) );
#4822 = ORIENTED_EDGE ( 'NONE', *, *, #10120, .F. ) ;
#4823 = VECTOR ( 'NONE', #8663, 1000.000000000000000 ) ;
#4824 = DIRECTION ( 'NONE',  ( -1.000000000000000000, 0.0000000000000000000, -1.232047923278982000E-016 ) ) ;
#4825 = STYLED_ITEM ( 'NONE', ( #4554 ), #4772 ) ;
#4826 = EDGE_CURVE ( 'NONE', #2351, #1621, #2939, .T. ) ;
#4827 = CARTESIAN_POINT ( 'NONE',  ( -2.539999999999999600, 1.700000000000000000, -9.323421052631580600 ) ) ;
#4828 = FACE_OUTER_BOUND ( 'NONE', #477, .T. ) ;
#4829 = COLOUR_RGB ( '',0.7960784313725489700, 0.8235294117647058400, 0.9372549019607843100 ) ;
#4830 = CARTESIAN_POINT ( 'NONE',  ( 0.0000000000000000000, 11.70000000000000100, -7.620000000000000100 ) ) ;
#4831 = EDGE_CURVE ( 'NONE', #217, #8838, #4947, .T. ) ;
#4832 = ADVANCED_FACE ( 'NONE', ( #6923 ), #1832, .T. ) ;
#4833 = CARTESIAN_POINT ( 'NONE',  ( 1.490000000000000000, 11.70000000000000100, -13.02000000000000100 ) ) ;
#4834 = CARTESIAN_POINT ( 'NONE',  ( -2.540000000000000000, 1.700000000000000000, -11.06342105263158100 ) ) ;
#4835 = ORIENTED_EDGE ( 'NONE', *, *, #743, .T. ) ;
#4836 = CARTESIAN_POINT ( 'NONE',  ( -1.590000000000000300, -2.799999999999999400, -17.55999999999999900 ) ) ;
#4837 = LINE ( 'NONE', #7717, #2279 ) ;
#4838 =( GEOMETRIC_REPRESENTATION_CONTEXT ( 3 ) GLOBAL_UNCERTAINTY_ASSIGNED_CONTEXT ( ( #2452 ) ) GLOBAL_UNIT_ASSIGNED_CONTEXT ( ( #5615, #489, #6463 ) ) REPRESENTATION_CONTEXT ( 'NONE', 'WORKASPACE' ) );
#4839 = ORIENTED_EDGE ( 'NONE', *, *, #8759, .F. ) ;
#4840 = EDGE_LOOP ( 'NONE', ( #7937, #6676, #9093, #2386 ) ) ;
#4841 = LINE ( 'NONE', #5137, #2559 ) ;
#4842 = ADVANCED_FACE ( 'NONE', ( #10607 ), #8636, .T. ) ;
#4843 = DIRECTION ( 'NONE',  ( -0.0000000000000000000, -0.0000000000000000000, -1.000000000000000000 ) ) ;
#4844 = CARTESIAN_POINT ( 'NONE',  ( 1.590000000000000100, -2.799999999999999400, -20.54000000000000300 ) ) ;
#4845 = CARTESIAN_POINT ( 'NONE',  ( -1.050000000000000000, -2.799999999999999400, -13.02000000000000100 ) ) ;
#4846 = DIRECTION ( 'NONE',  ( 0.6756367705307529900, -0.0000000000000000000, 0.7372346670543747900 ) ) ;
#4847 = VECTOR ( 'NONE', #9873, 1000.000000000000000 ) ;
#4848 = LINE ( 'NONE', #4061, #9035 ) ;
#4849 = FILL_AREA_STYLE ('',( #8174 ) ) ;
#4850 = SURFACE_STYLE_USAGE ( .BOTH. , #9863 ) ;
#4851 = CARTESIAN_POINT ( 'NONE',  ( 1.590000000000000100, 11.70000000000000100, -10.38000000000000100 ) ) ;
#4852 = VECTOR ( 'NONE', #1523, 1000.000000000000000 ) ;
#4853 = EDGE_CURVE ( 'NONE', #5799, #7017, #5348, .T. ) ;
#4854 = CARTESIAN_POINT ( 'NONE',  ( -2.539999999999999600, 0.0000000000000000000, -11.86342105263158000 ) ) ;
#4855 =( NAMED_UNIT ( * ) SI_UNIT ( $, .STERADIAN. ) SOLID_ANGLE_UNIT ( ) );
#4856 = COLOUR_RGB ( '',0.7960784313725489700, 0.8235294117647058400, 0.9372549019607843100 ) ;
#4857 = AXIS2_PLACEMENT_3D ( 'NONE', #3611, #9483, #4464 ) ;
#4858 = UNCERTAINTY_MEASURE_WITH_UNIT (LENGTH_MEASURE( 1.000000000000000100E-005 ), #5807, 'distance_accuracy_value', 'NONE');
#4859 = CARTESIAN_POINT ( 'NONE',  ( -2.540000000000000000, 0.0000000000000000000, -21.22342105263157900 ) ) ;
#4860 = FILL_AREA_STYLE ('',( #3984 ) ) ;
#4861 = PRESENTATION_LAYER_ASSIGNMENT (  '', '', ( #3725 ) ) ;
#4862 = CARTESIAN_POINT ( 'NONE',  ( 1.050000000000000000, -2.799999999999999400, -18.10000000000000100 ) ) ;
#4863 = UNCERTAINTY_MEASURE_WITH_UNIT (LENGTH_MEASURE( 1.000000000000000100E-005 ), #9116, 'distance_accuracy_value', 'NONE');
#4864 = COLOUR_RGB ( '',0.7960784313725489700, 0.8235294117647058400, 0.9372549019607843100 ) ;
#4865 = ORIENTED_EDGE ( 'NONE', *, *, #3096, .F. ) ;
#4866 = SURFACE_STYLE_FILL_AREA ( #6084 ) ;
#4867 = PLANE ( 'NONE',  #6696 ) ;
#4868 = PLANE ( 'NONE',  #5630 ) ;
#4869 = VECTOR ( 'NONE', #5759, 1000.000000000000000 ) ;
#4870 = EDGE_CURVE ( 'NONE', #10596, #6018, #1090, .T. ) ;
#4871 = SURFACE_SIDE_STYLE ('',( #5530 ) ) ;
#4872 = DIRECTION ( 'NONE',  ( 0.0000000000000000000, 1.000000000000000000, 0.0000000000000000000 ) ) ;
#4873 =( LENGTH_UNIT ( ) NAMED_UNIT ( * ) SI_UNIT ( .MILLI., .METRE. ) );
#4874 = PRESENTATION_STYLE_ASSIGNMENT (( #6961 ) ) ;
#4875 =( GEOMETRIC_REPRESENTATION_CONTEXT ( 3 ) GLOBAL_UNCERTAINTY_ASSIGNED_CONTEXT ( ( #2375 ) ) GLOBAL_UNIT_ASSIGNED_CONTEXT ( ( #7421, #2342, #8266 ) ) REPRESENTATION_CONTEXT ( 'NONE', 'WORKASPACE' ) );
#4876 = FACE_OUTER_BOUND ( 'NONE', #7524, .T. ) ;
#4877 =( NAMED_UNIT ( * ) PLANE_ANGLE_UNIT ( ) SI_UNIT ( $, .RADIAN. ) );
#4878 = CARTESIAN_POINT ( 'NONE',  ( -1.050000000000000000, -2.799999999999999400, -15.56000000000000000 ) ) ;
#4879 = FILL_AREA_STYLE_COLOUR ( '', #1659 ) ;
#4880 = SURFACE_STYLE_FILL_AREA ( #5675 ) ;
#4881 = FILL_AREA_STYLE_COLOUR ( '', #1702 ) ;
#4882 = ORIENTED_EDGE ( 'NONE', *, *, #10844, .F. ) ;
#4883 = DIRECTION ( 'NONE',  ( 0.7071067811865474600, 0.0000000000000000000, 0.7071067811865474600 ) ) ;
#4884 = DIRECTION ( 'NONE',  ( -0.0000000000000000000, 1.000000000000000000, 0.0000000000000000000 ) ) ;
#4885 =( GEOMETRIC_REPRESENTATION_CONTEXT ( 3 ) GLOBAL_UNCERTAINTY_ASSIGNED_CONTEXT ( ( #4596 ) ) GLOBAL_UNIT_ASSIGNED_CONTEXT ( ( #7127, #2041, #7958 ) ) REPRESENTATION_CONTEXT ( 'NONE', 'WORKASPACE' ) );
#4886 = ADVANCED_FACE ( 'NONE', ( #3062 ), #5356, .T. ) ;
#4887 = ORIENTED_EDGE ( 'NONE', *, *, #3176, .T. ) ;
#4888 = VECTOR ( 'NONE', #1680, 1000.000000000000000 ) ;
#4889 = SURFACE_STYLE_USAGE ( .BOTH. , #9902 ) ;
#4890 = CARTESIAN_POINT ( 'NONE',  ( -1.490000000000000200, -2.799999999999999400, -7.299999999999999800 ) ) ;
#4891 = STYLED_ITEM ( 'NONE', ( #7347 ), #4387 ) ;
#4892 = FILL_AREA_STYLE_COLOUR ( '', #2444 ) ;
#4893 = PRESENTATION_LAYER_ASSIGNMENT (  '', '', ( #3753 ) ) ;
#4894 = ORIENTED_EDGE ( 'NONE', *, *, #2035, .T. ) ;
#4895 = CARTESIAN_POINT ( 'NONE',  ( -1.050000000000000000, 11.70000000000000100, -12.38000000000000300 ) ) ;
#4896 =( NAMED_UNIT ( * ) SI_UNIT ( $, .STERADIAN. ) SOLID_ANGLE_UNIT ( ) );
#4897 = ORIENTED_EDGE ( 'NONE', *, *, #831, .F. ) ;
#4898 = PLANE ( 'NONE',  #6569 ) ;
#4899 = SURFACE_STYLE_USAGE ( .BOTH. , #9917 ) ;
#4900 = EDGE_CURVE ( 'NONE', #266, #92, #10989, .T. ) ;
#4901 = ORIENTED_EDGE ( 'NONE', *, *, #1934, .T. ) ;
#4902 = ORIENTED_EDGE ( 'NONE', *, *, #2428, .F. ) ;
#4903 = AXIS2_PLACEMENT_3D ( 'NONE', #2307, #8226, #3169 ) ;
#4904 = VECTOR ( 'NONE', #5332, 999.9999999999998900 ) ;
#4905 = DIRECTION ( 'NONE',  ( -2.492418787322998300E-016, 0.0000000000000000000, -1.000000000000000000 ) ) ;
#4906 = FILL_AREA_STYLE_COLOUR ( '', #7545 ) ;
#4907 = AXIS2_PLACEMENT_3D ( 'NONE', #5212, #84, #6050 ) ;
#4908 = EDGE_CURVE ( 'NONE', #8308, #249, #6522, .T. ) ;
#4909 = EDGE_LOOP ( 'NONE', ( #9359, #10122, #9428, #5591 ) ) ;
#4910 = CARTESIAN_POINT ( 'NONE',  ( -2.140000000000000600, 1.700000000000000000, -8.890000000000000600 ) ) ;
#4911 = COLOUR_RGB ( '',0.7960784313725489700, 0.8235294117647058400, 0.9372549019607843100 ) ;
#4912 = DIRECTION ( 'NONE',  ( -0.0000000000000000000, -1.000000000000000000, -0.0000000000000000000 ) ) ;
#4913 = EDGE_CURVE ( 'NONE', #3186, #717, #4265, .T. ) ;
#4914 =( LENGTH_UNIT ( ) NAMED_UNIT ( * ) SI_UNIT ( .MILLI., .METRE. ) );
#4915 = STYLED_ITEM ( 'NONE', ( #734 ), #555 ) ;
#4916 = DIRECTION ( 'NONE',  ( 1.000000000000000000, 0.0000000000000000000, 0.0000000000000000000 ) ) ;
#4917 = UNCERTAINTY_MEASURE_WITH_UNIT (LENGTH_MEASURE( 1.000000000000000100E-005 ), #10686, 'distance_accuracy_value', 'NONE');
#4918 = LINE ( 'NONE', #9910, #4651 ) ;
#4919 =( LENGTH_UNIT ( ) NAMED_UNIT ( * ) SI_UNIT ( .MILLI., .METRE. ) );
#4920 = DIRECTION ( 'NONE',  ( 1.000000000000000000, 0.0000000000000000000, 0.0000000000000000000 ) ) ;
#4921 = MECHANICAL_DESIGN_GEOMETRIC_PRESENTATION_REPRESENTATION (  '', ( #3782 ), #5486 ) ;
#4922 = PRESENTATION_STYLE_ASSIGNMENT (( #5787 ) ) ;
#4923 = UNCERTAINTY_MEASURE_WITH_UNIT (LENGTH_MEASURE( 1.000000000000000100E-005 ), #10983, 'distance_accuracy_value', 'NONE');
#4924 = DIRECTION ( 'NONE',  ( 0.0000000000000000000, 1.000000000000000000, 0.0000000000000000000 ) ) ;
#4925 = ORIENTED_EDGE ( 'NONE', *, *, #3271, .F. ) ;
#4926 = VECTOR ( 'NONE', #8143, 1000.000000000000000 ) ;
#4927 = SURFACE_STYLE_USAGE ( .BOTH. , #9943 ) ;
#4928 = CARTESIAN_POINT ( 'NONE',  ( -1.490000000000000200, 11.70000000000000100, 0.3199999999999998400 ) ) ;
#4929 = EDGE_LOOP ( 'NONE', ( #7124, #10088, #3812, #8061, #4274, #2216, #520, #9380 ) ) ;
#4930 =( NAMED_UNIT ( * ) PLANE_ANGLE_UNIT ( ) SI_UNIT ( $, .RADIAN. ) );
#4931 = DIRECTION ( 'NONE',  ( 0.0000000000000000000, 1.000000000000000000, 0.0000000000000000000 ) ) ;
#4932 = DIRECTION ( 'NONE',  ( 0.0000000000000000000, 0.0000000000000000000, 1.000000000000000000 ) ) ;
#4933 = UNCERTAINTY_MEASURE_WITH_UNIT (LENGTH_MEASURE( 1.000000000000000100E-005 ), #4463, 'distance_accuracy_value', 'NONE');
#4934 = SURFACE_STYLE_FILL_AREA ( #3219 ) ;
#4935 = SURFACE_STYLE_FILL_AREA ( #2720 ) ;
#4936 = DIRECTION ( 'NONE',  ( 0.0000000000000000000, 0.0000000000000000000, 1.000000000000000000 ) ) ;
#4937 = ORIENTED_EDGE ( 'NONE', *, *, #4439, .F. ) ;
#4938 =( GEOMETRIC_REPRESENTATION_CONTEXT ( 3 ) GLOBAL_UNCERTAINTY_ASSIGNED_CONTEXT ( ( #49 ) ) GLOBAL_UNIT_ASSIGNED_CONTEXT ( ( #10189, #5159, #33 ) ) REPRESENTATION_CONTEXT ( 'NONE', 'WORKASPACE' ) );
#4939 = SURFACE_SIDE_STYLE ('',( #3585 ) ) ;
#4940 = ADVANCED_FACE ( 'NONE', ( #6248 ), #1156, .T. ) ;
#4941 = VERTEX_POINT ( 'NONE', #3722 ) ;
#4942 =( NAMED_UNIT ( * ) PLANE_ANGLE_UNIT ( ) SI_UNIT ( $, .RADIAN. ) );
#4943 = DIRECTION ( 'NONE',  ( 0.7071067811865481300, 0.0000000000000000000, -0.7071067811865470200 ) ) ;
#4944 = ORIENTED_EDGE ( 'NONE', *, *, #6225, .T. ) ;
#4945 = ORIENTED_EDGE ( 'NONE', *, *, #3109, .T. ) ;
#4946 = FACE_OUTER_BOUND ( 'NONE', #10949, .T. ) ;
#4947 = LINE ( 'NONE', #4383, #393 ) ;
#4948 = EDGE_CURVE ( 'NONE', #2682, #1401, #5468, .T. ) ;
#4949 = VERTEX_POINT ( 'NONE', #7083 ) ;
#4950 = PRODUCT_DEFINITION_SHAPE ( 'NONE', 'NONE',  #7096 ) ;
#4951 =( GEOMETRIC_REPRESENTATION_CONTEXT ( 3 ) GLOBAL_UNCERTAINTY_ASSIGNED_CONTEXT ( ( #2248 ) ) GLOBAL_UNIT_ASSIGNED_CONTEXT ( ( #2150, #8068, #3016 ) ) REPRESENTATION_CONTEXT ( 'NONE', 'WORKASPACE' ) );
#4952 = ORIENTED_EDGE ( 'NONE', *, *, #10679, .F. ) ;
#4953 = DIRECTION ( 'NONE',  ( -0.7071067811865475700, 0.0000000000000000000, 0.7071067811865475700 ) ) ;
#4954 = SURFACE_SIDE_STYLE ('',( #2401 ) ) ;
#4955 = CARTESIAN_POINT ( 'NONE',  ( -1.490000000000000000, -2.799999999999999400, -5.400000000000000400 ) ) ;
#4956 = FILL_AREA_STYLE ('',( #2365 ) ) ;
#4957 = SURFACE_STYLE_FILL_AREA ( #9243 ) ;
#4958 = STYLED_ITEM ( 'NONE', ( #4482 ), #3934 ) ;
#4959 = LINE ( 'NONE', #5685, #7195 ) ;
#4960 = DIRECTION ( 'NONE',  ( -1.000000000000000000, -0.0000000000000000000, -1.232047923278982200E-016 ) ) ;
#4961 =( NAMED_UNIT ( * ) SI_UNIT ( $, .STERADIAN. ) SOLID_ANGLE_UNIT ( ) );
#4962 = PRESENTATION_LAYER_ASSIGNMENT (  '', '', ( #3808 ) ) ;
#4963 = STYLED_ITEM ( 'NONE', ( #5380 ), #1186 ) ;
#4964 = VERTEX_POINT ( 'NONE', #10497 ) ;
#4965 =( LENGTH_UNIT ( ) NAMED_UNIT ( * ) SI_UNIT ( .MILLI., .METRE. ) );
#4966 = PRESENTATION_STYLE_ASSIGNMENT (( #1790 ) ) ;
#4967 = PRESENTATION_LAYER_ASSIGNMENT (  '', '', ( #3810 ) ) ;
#4968 = PLANE ( 'NONE',  #5005 ) ;
#4969 = DIRECTION ( 'NONE',  ( 0.0000000000000000000, 0.0000000000000000000, 1.000000000000000000 ) ) ;
#4970 = CARTESIAN_POINT ( 'NONE',  ( 0.9499999999999999600, 11.70000000000000100, -2.760000000000000200 ) ) ;
#4971 = SURFACE_STYLE_FILL_AREA ( #320 ) ;
#4972 = EDGE_CURVE ( 'NONE', #798, #3861, #3196, .T. ) ;
#4973 = DIRECTION ( 'NONE',  ( 0.7071067811865487900, 0.0000000000000000000, -0.7071067811865463500 ) ) ;
#4974 = SURFACE_SIDE_STYLE ('',( #10502 ) ) ;
#4975 = AXIS2_PLACEMENT_3D ( 'NONE', #7840, #9282, #4261 ) ;
#4976 = MECHANICAL_DESIGN_GEOMETRIC_PRESENTATION_REPRESENTATION (  '', ( #3248 ), #5534 ) ;
#4977 = EDGE_CURVE ( 'NONE', #3701, #4706, #9645, .T. ) ;
#4978 = CARTESIAN_POINT ( 'NONE',  ( 2.140000000000001500, 0.0000000000000000000, -11.43000000000000100 ) ) ;
#4979 = EDGE_CURVE ( 'NONE', #3995, #10297, #5203, .T. ) ;
#4980 = SURFACE_SIDE_STYLE ('',( #4934 ) ) ;
#4981 = DIRECTION ( 'NONE',  ( -0.0000000000000000000, -1.000000000000000000, -0.0000000000000000000 ) ) ;
#4982 = STYLED_ITEM ( 'NONE', ( #4362 ), #181 ) ;
#4983 =( NAMED_UNIT ( * ) SI_UNIT ( $, .STERADIAN. ) SOLID_ANGLE_UNIT ( ) );
#4984 = FACE_OUTER_BOUND ( 'NONE', #133, .T. ) ;
#4985 = CARTESIAN_POINT ( 'NONE',  ( -2.540000000000000000, 1.700000000000000000, -13.60342105263158000 ) ) ;
#4986 = DIRECTION ( 'NONE',  ( -0.7071067811865489100, -0.0000000000000000000, -0.7071067811865461300 ) ) ;
#4987 =( NAMED_UNIT ( * ) PLANE_ANGLE_UNIT ( ) SI_UNIT ( $, .RADIAN. ) );
#4988 = DIRECTION ( 'NONE',  ( 0.7071067811865470200, 0.0000000000000000000, -0.7071067811865481300 ) ) ;
#4989 = CARTESIAN_POINT ( 'NONE',  ( 2.540000000000000900, 1.700000000000000000, -11.03000000000000100 ) ) ;
#4990 = PLANE ( 'NONE',  #2022 ) ;
#4991 = ADVANCED_FACE ( 'NONE', ( #7172 ), #8814, .T. ) ;
#4992 = PRESENTATION_STYLE_ASSIGNMENT (( #5865 ) ) ;
#4993 = UNCERTAINTY_MEASURE_WITH_UNIT (LENGTH_MEASURE( 1.000000000000000100E-005 ), #8273, 'distance_accuracy_value', 'NONE');
#4994 = EDGE_CURVE ( 'NONE', #876, #10291, #6376, .T. ) ;
#4995 = FILL_AREA_STYLE_COLOUR ( '', #9959 ) ;
#4996 = VECTOR ( 'NONE', #5414, 1000.000000000000000 ) ;
#4997 = UNCERTAINTY_MEASURE_WITH_UNIT (LENGTH_MEASURE( 1.000000000000000100E-005 ), #7250, 'distance_accuracy_value', 'NONE');
#4998 =( NAMED_UNIT ( * ) SI_UNIT ( $, .STERADIAN. ) SOLID_ANGLE_UNIT ( ) );
#4999 = DIRECTION ( 'NONE',  ( -0.7071067811865477900, 0.0000000000000000000, -0.7071067811865473500 ) ) ;
#5000 =( NAMED_UNIT ( * ) SI_UNIT ( $, .STERADIAN. ) SOLID_ANGLE_UNIT ( ) );
#5001 =( GEOMETRIC_REPRESENTATION_CONTEXT ( 3 ) GLOBAL_UNCERTAINTY_ASSIGNED_CONTEXT ( ( #8747 ) ) GLOBAL_UNIT_ASSIGNED_CONTEXT ( ( #6563, #1466, #7384 ) ) REPRESENTATION_CONTEXT ( 'NONE', 'WORKASPACE' ) );
#5002 = ORIENTED_EDGE ( 'NONE', *, *, #5231, .F. ) ;
#5003 = PLANE ( 'NONE',  #5738 ) ;
#5004 = SURFACE_SIDE_STYLE ('',( #5245 ) ) ;
#5005 = AXIS2_PLACEMENT_3D ( 'NONE', #5872, #776, #6729 ) ;
#5006 = LINE ( 'NONE', #8105, #9180 ) ;
#5007 = DIRECTION ( 'NONE',  ( -0.7071067811865470200, 0.0000000000000000000, 0.7071067811865481300 ) ) ;
#5008 = STYLED_ITEM ( 'NONE', ( #2224 ), #7464 ) ;
#5009 = LINE ( 'NONE', #7290, #9185 ) ;
#5010 = FACE_OUTER_BOUND ( 'NONE', #7008, .T. ) ;
#5011 = DIRECTION ( 'NONE',  ( 0.0000000000000000000, 0.0000000000000000000, 1.000000000000000000 ) ) ;
#5012 = VERTEX_POINT ( 'NONE', #4682 ) ;
#5013 = ORIENTED_EDGE ( 'NONE', *, *, #5477, .T. ) ;
#5014 = EDGE_CURVE ( 'NONE', #10112, #406, #1851, .T. ) ;
#5015 = ORIENTED_EDGE ( 'NONE', *, *, #8544, .F. ) ;
#5016 = ORIENTED_EDGE ( 'NONE', *, *, #3251, .F. ) ;
#5017 = SURFACE_STYLE_USAGE ( .BOTH. , #10028 ) ;
#5018 = CARTESIAN_POINT ( 'NONE',  ( -1.590000000000000300, -2.799999999999999400, -2.320000000000000300 ) ) ;
#5019 = VECTOR ( 'NONE', #4510, 1000.000000000000000 ) ;
#5020 = COLOUR_RGB ( '',0.7960784313725489700, 0.8235294117647058400, 0.9372549019607843100 ) ;
#5021 = DIRECTION ( 'NONE',  ( 0.7071067811865486800, 0.0000000000000000000, -0.7071067811865463500 ) ) ;
#5022 = ORIENTED_EDGE ( 'NONE', *, *, #8005, .T. ) ;
#5023 =( GEOMETRIC_REPRESENTATION_CONTEXT ( 3 ) GLOBAL_UNCERTAINTY_ASSIGNED_CONTEXT ( ( #8469 ) ) GLOBAL_UNIT_ASSIGNED_CONTEXT ( ( #3980, #9870, #4855 ) ) REPRESENTATION_CONTEXT ( 'NONE', 'WORKASPACE' ) );
#5024 = ORIENTED_EDGE ( 'NONE', *, *, #1616, .T. ) ;
#5025 = FILL_AREA_STYLE_COLOUR ( '', #5229 ) ;
#5026 = SURFACE_SIDE_STYLE ('',( #267 ) ) ;
#5027 = LINE ( 'NONE', #4221, #466 ) ;
#5028 = FILL_AREA_STYLE ('',( #7512 ) ) ;
#5029 = PRESENTATION_LAYER_ASSIGNMENT (  '', '', ( #3877 ) ) ;
#5030 = CARTESIAN_POINT ( 'NONE',  ( -1.050000000000000000, -2.799999999999999400, -2.860000000000000300 ) ) ;
#5031 =( NAMED_UNIT ( * ) PLANE_ANGLE_UNIT ( ) SI_UNIT ( $, .RADIAN. ) );
#5032 = FILL_AREA_STYLE ('',( #729 ) ) ;
#5033 = ORIENTED_EDGE ( 'NONE', *, *, #9690, .F. ) ;
#5034 = VERTEX_POINT ( 'NONE', #6364 ) ;
#5035 = CARTESIAN_POINT ( 'NONE',  ( 2.540000000000000900, 1.700000000000000000, -13.57000000000000200 ) ) ;
#5036 = ORIENTED_EDGE ( 'NONE', *, *, #8563, .F. ) ;
#5037 =( NAMED_UNIT ( * ) SI_UNIT ( $, .STERADIAN. ) SOLID_ANGLE_UNIT ( ) );
#5038 = VERTEX_POINT ( 'NONE', #2129 ) ;
#5039 = CARTESIAN_POINT ( 'NONE',  ( 0.9499999999999999600, 11.70000000000000100, -0.2200000000000000000 ) ) ;
#5040 = MECHANICAL_DESIGN_GEOMETRIC_PRESENTATION_REPRESENTATION (  '', ( #3317 ), #5597 ) ;
#5041 =( NAMED_UNIT ( * ) PLANE_ANGLE_UNIT ( ) SI_UNIT ( $, .RADIAN. ) );
#5042 = DIRECTION ( 'NONE',  ( 0.7348718659067219300, 0.0000000000000000000, -0.6782059721786390900 ) ) ;
#5043 = LINE ( 'NONE', #4567, #2762 ) ;
#5044 = ORIENTED_EDGE ( 'NONE', *, *, #3444, .F. ) ;
#5045 = LINE ( 'NONE', #54, #9494 ) ;
#5046 =( LENGTH_UNIT ( ) NAMED_UNIT ( * ) SI_UNIT ( .MILLI., .METRE. ) );
#5047 = DIRECTION ( 'NONE',  ( -0.7372346670543746800, -0.0000000000000000000, 0.6756367705307528800 ) ) ;
#5048 = ADVANCED_FACE ( 'NONE', ( #4122 ), #416, .F. ) ;
#5049 = SURFACE_STYLE_USAGE ( .BOTH. , #10073 ) ;
#5050 = ORIENTED_EDGE ( 'NONE', *, *, #9384, .T. ) ;
#5051 = EDGE_CURVE ( 'NONE', #3186, #243, #9780, .T. ) ;
#5052 = DIRECTION ( 'NONE',  ( 1.000000000000000000, 0.0000000000000000000, 1.232047923278982200E-016 ) ) ;
#5053 = UNCERTAINTY_MEASURE_WITH_UNIT (LENGTH_MEASURE( 1.000000000000000100E-005 ), #6290, 'distance_accuracy_value', 'NONE');
#5054 = ORIENTED_EDGE ( 'NONE', *, *, #4104, .T. ) ;
#5055 =( NAMED_UNIT ( * ) SI_UNIT ( $, .STERADIAN. ) SOLID_ANGLE_UNIT ( ) );
#5056 = FACE_OUTER_BOUND ( 'NONE', #3601, .T. ) ;
#5057 = DIRECTION ( 'NONE',  ( -0.7071067811865489100, -0.0000000000000000000, 0.7071067811865462400 ) ) ;
#5058 = COLOUR_RGB ( '',0.0000000000000000000, 0.003921568627450980300, 0.09019607843137254800 ) ;
#5059 = VECTOR ( 'NONE', #7335, 1000.000000000000000 ) ;
#5060 = VECTOR ( 'NONE', #10430, 1000.000000000000000 ) ;
#5061 = CARTESIAN_POINT ( 'NONE',  ( 2.540000000000000900, 0.0000000000000000000, -3.410000000000000600 ) ) ;
#5062 = EDGE_CURVE ( 'NONE', #1970, #621, #1076, .T. ) ;
#5063 = UNCERTAINTY_MEASURE_WITH_UNIT (LENGTH_MEASURE( 1.000000000000000100E-005 ), #3450, 'distance_accuracy_value', 'NONE');
#5064 = CARTESIAN_POINT ( 'NONE',  ( -0.9499999999999999600, 11.70000000000000100, -10.38000000000000100 ) ) ;
#5065 = ORIENTED_EDGE ( 'NONE', *, *, #5373, .F. ) ;
#5066 = CARTESIAN_POINT ( 'NONE',  ( 0.9499999999999999600, -2.799999999999999400, -15.02000000000000000 ) ) ;
#5067 = CARTESIAN_POINT ( 'NONE',  ( -2.540000000000000000, 1.700000000000000000, -16.14342105263157700 ) ) ;
#5068 = STYLED_ITEM ( 'NONE', ( #9652 ), #5808 ) ;
#5069 = EDGE_LOOP ( 'NONE', ( #9633, #3632, #8047, #2136 ) ) ;
#5070 = ORIENTED_EDGE ( 'NONE', *, *, #2616, .F. ) ;
#5071 = AXIS2_PLACEMENT_3D ( 'NONE', #2707, #8601, #3573 ) ;
#5072 = DIRECTION ( 'NONE',  ( 0.0000000000000000000, 1.000000000000000000, 0.0000000000000000000 ) ) ;
#5073 = VECTOR ( 'NONE', #6950, 1000.000000000000000 ) ;
#5074 = LINE ( 'NONE', #9988, #509 ) ;
#5075 = ORIENTED_EDGE ( 'NONE', *, *, #8691, .T. ) ;
#5076 = PLANE ( 'NONE',  #8371 ) ;
#5077 = COLOUR_RGB ( '',0.0000000000000000000, 0.003921568627450980300, 0.09019607843137254800 ) ;
#5078 = SURFACE_STYLE_FILL_AREA ( #5254 ) ;
#5079 = DIRECTION ( 'NONE',  ( -0.7071067811865469100, -0.0000000000000000000, 0.7071067811865482400 ) ) ;
#5080 = CARTESIAN_POINT ( 'NONE',  ( -2.540000000000000000, 1.700000000000000000, -8.523421052631579900 ) ) ;
#5082 = VERTEX_POINT ( 'NONE', #10794 ) ;
#5081 = SURFACE_SIDE_STYLE ('',( #4155 ) ) ;
#5083 = VERTEX_POINT ( 'NONE', #9078 ) ;
#5084 = SURFACE_SIDE_STYLE ('',( #6583 ) ) ;
#5085 = MECHANICAL_DESIGN_GEOMETRIC_PRESENTATION_REPRESENTATION (  '', ( #3369 ), #5644 ) ;
#5086 = SURFACE_STYLE_FILL_AREA ( #4298 ) ;
#5087 = PRESENTATION_STYLE_ASSIGNMENT (( #10904 ) ) ;
#5088 = ORIENTED_EDGE ( 'NONE', *, *, #7224, .F. ) ;
#5089 =( NAMED_UNIT ( * ) SI_UNIT ( $, .STERADIAN. ) SOLID_ANGLE_UNIT ( ) );
#5090 = ORIENTED_EDGE ( 'NONE', *, *, #8338, .T. ) ;
#5091 =( LENGTH_UNIT ( ) NAMED_UNIT ( * ) SI_UNIT ( .MILLI., .METRE. ) );
#5092 = PRESENTATION_LAYER_ASSIGNMENT (  '', '', ( #3932 ) ) ;
#5093 = ORIENTED_EDGE ( 'NONE', *, *, #525, .F. ) ;
#5094 = PLANE ( 'NONE',  #3217 ) ;
#5095 = LINE ( 'NONE', #5503, #9265 ) ;
#5096 = ORIENTED_EDGE ( 'NONE', *, *, #3011, .T. ) ;
#5097 = AXIS2_PLACEMENT_3D ( 'NONE', #4238, #10131, #5107 ) ;
#5098 = DIRECTION ( 'NONE',  ( 0.6782059721786389800, 0.0000000000000000000, 0.7348718659067220400 ) ) ;
#5099 = SURFACE_SIDE_STYLE ('',( #10067 ) ) ;
#5100 = EDGE_LOOP ( 'NONE', ( #8692, #8724, #8106, #9354 ) ) ;
#5101 = CARTESIAN_POINT ( 'NONE',  ( 1.050000000000000000, 11.70000000000000100, -7.299999999999999800 ) ) ;
#5102 = DIRECTION ( 'NONE',  ( 1.000000000000000000, 0.0000000000000000000, -0.0000000000000000000 ) ) ;
#5103 = PRESENTATION_STYLE_ASSIGNMENT (( #6842 ) ) ;
#5104 = MECHANICAL_DESIGN_GEOMETRIC_PRESENTATION_REPRESENTATION (  '', ( #3386 ), #5666 ) ;
#5105 = SURFACE_STYLE_USAGE ( .BOTH. , #10126 ) ;
#5106 = ADVANCED_FACE ( 'NONE', ( #787 ), #646, .T. ) ;
#5107 = DIRECTION ( 'NONE',  ( 0.0000000000000000000, -0.0000000000000000000, 1.000000000000000000 ) ) ;
#5108 = DIRECTION ( 'NONE',  ( 0.0000000000000000000, 0.0000000000000000000, -1.000000000000000000 ) ) ;
#5109 =( NAMED_UNIT ( * ) SI_UNIT ( $, .STERADIAN. ) SOLID_ANGLE_UNIT ( ) );
#5110 =( NAMED_UNIT ( * ) SI_UNIT ( $, .STERADIAN. ) SOLID_ANGLE_UNIT ( ) );
#5111 = SURFACE_STYLE_FILL_AREA ( #10756 ) ;
#5112 = COLOUR_RGB ( '',0.7960784313725489700, 0.8235294117647058400, 0.9372549019607843100 ) ;
#5113 = EDGE_CURVE ( 'NONE', #5881, #2523, #8721, .T. ) ;
#5114 = DIRECTION ( 'NONE',  ( 0.7071067811865473500, -0.0000000000000000000, 0.7071067811865477900 ) ) ;
#5115 = ORIENTED_EDGE ( 'NONE', *, *, #2966, .F. ) ;
#5116 =( GEOMETRIC_REPRESENTATION_CONTEXT ( 3 ) GLOBAL_UNCERTAINTY_ASSIGNED_CONTEXT ( ( #4227 ) ) GLOBAL_UNIT_ASSIGNED_CONTEXT ( ( #8882, #3841, #9725 ) ) REPRESENTATION_CONTEXT ( 'NONE', 'WORKASPACE' ) );
#5117 = VECTOR ( 'NONE', #6059, 1000.000000000000000 ) ;
#5118 = STYLED_ITEM ( 'NONE', ( #3262 ), #5325 ) ;
#5119 = DIRECTION ( 'NONE',  ( -0.0000000000000000000, -0.0000000000000000000, -1.000000000000000000 ) ) ;
#5120 = LINE ( 'NONE', #9650, #2842 ) ;
#5121 = EDGE_CURVE ( 'NONE', #7933, #8737, #4532, .T. ) ;
#5122 = CARTESIAN_POINT ( 'NONE',  ( -1.590000000000000300, -2.799999999999999400, -10.38000000000000100 ) ) ;
#5123 = VECTOR ( 'NONE', #703, 1000.000000000000000 ) ;
#5124 = CARTESIAN_POINT ( 'NONE',  ( 2.540000000000000900, 1.700000000000000000, -21.19000000000000100 ) ) ;
#5125 =( NAMED_UNIT ( * ) SI_UNIT ( $, .STERADIAN. ) SOLID_ANGLE_UNIT ( ) );
#5126 = DIRECTION ( 'NONE',  ( 1.000000000000000000, 0.0000000000000000000, 0.0000000000000000000 ) ) ;
#5127 = SURFACE_STYLE_FILL_AREA ( #7447 ) ;
#5128 = CARTESIAN_POINT ( 'NONE',  ( -1.590000000000000300, -2.799999999999999400, -18.00000000000000400 ) ) ;
#5129 = SURFACE_STYLE_USAGE ( .BOTH. , #10158 ) ;
#5130 = LINE ( 'NONE', #8582, #1652 ) ;
#5131 = FACE_OUTER_BOUND ( 'NONE', #10198, .T. ) ;
#5132 = EDGE_LOOP ( 'NONE', ( #5547, #10169, #10547, #4945 ) ) ;
#5133 = CARTESIAN_POINT ( 'NONE',  ( 1.050000000000000000, -2.799999999999999400, -7.299999999999999800 ) ) ;
#5134 = PLANE ( 'NONE',  #8808 ) ;
#5135 = VECTOR ( 'NONE', #7476, 1000.000000000000000 ) ;
#5136 = VECTOR ( 'NONE', #478, 1000.000000000000100 ) ;
#5137 = CARTESIAN_POINT ( 'NONE',  ( -1.050000000000000000, 11.70000000000000100, -4.760000000000000700 ) ) ;
#5138 = PLANE ( 'NONE',  #783 ) ;
#5139 = LINE ( 'NONE', #3827, #2065 ) ;
#5140 = LINE ( 'NONE', #8155, #7120 ) ;
#5141 = CARTESIAN_POINT ( 'NONE',  ( 1.050000000000000000, -2.799999999999999400, -20.64000000000000100 ) ) ;
#5142 = MECHANICAL_DESIGN_GEOMETRIC_PRESENTATION_REPRESENTATION (  '', ( #3433 ), #5705 ) ;
#5143 = VERTEX_POINT ( 'NONE', #10688 ) ;
#5144 = CARTESIAN_POINT ( 'NONE',  ( -1.050000000000000000, 11.70000000000000100, -20.64000000000000100 ) ) ;
#5145 = FILL_AREA_STYLE_COLOUR ( '', #9273 ) ;
#5146 = EDGE_LOOP ( 'NONE', ( #1212, #5609, #7379, #1365, #6061, #2622, #8935, #5033 ) ) ;
#5147 =( LENGTH_UNIT ( ) NAMED_UNIT ( * ) SI_UNIT ( .MILLI., .METRE. ) );
#5148 =( GEOMETRIC_REPRESENTATION_CONTEXT ( 3 ) GLOBAL_UNCERTAINTY_ASSIGNED_CONTEXT ( ( #3889 ) ) GLOBAL_UNIT_ASSIGNED_CONTEXT ( ( #6052, #966, #6903 ) ) REPRESENTATION_CONTEXT ( 'NONE', 'WORKASPACE' ) );
#5149 = VECTOR ( 'NONE', #10225, 1000.000000000000000 ) ;
#5150 = SURFACE_SIDE_STYLE ('',( #3257 ) ) ;
#5151 =( LENGTH_UNIT ( ) NAMED_UNIT ( * ) SI_UNIT ( .MILLI., .METRE. ) );
#5152 = ADVANCED_FACE ( 'NONE', ( #10720 ), #6495, .F. ) ;
#5153 = EDGE_CURVE ( 'NONE', #9649, #8473, #2195, .T. ) ;
#5154 = EDGE_LOOP ( 'NONE', ( #9462, #3021, #792, #3989, #1692, #11003, #1528, #7422 ) ) ;
#5155 = CARTESIAN_POINT ( 'NONE',  ( -1.590000000000000300, 11.70000000000000100, -15.02000000000000000 ) ) ;
#5156 = SURFACE_STYLE_USAGE ( .BOTH. , #10184 ) ;
#5157 = AXIS2_PLACEMENT_3D ( 'NONE', #3671, #9542, #4524 ) ;
#5158 = CARTESIAN_POINT ( 'NONE',  ( 0.9499999999999999600, -2.799999999999999400, -20.54000000000000300 ) ) ;
#5159 =( NAMED_UNIT ( * ) PLANE_ANGLE_UNIT ( ) SI_UNIT ( $, .RADIAN. ) );
#5160 = AXIS2_PLACEMENT_3D ( 'NONE', #1774, #7713, #2633 ) ;
#5161 = DIRECTION ( 'NONE',  ( 1.000000000000000000, 0.0000000000000000000, 0.0000000000000000000 ) ) ;
#5162 = VERTEX_POINT ( 'NONE', #566 ) ;
#5163 = SURFACE_STYLE_FILL_AREA ( #1094 ) ;
#5164 = DIRECTION ( 'NONE',  ( -0.0000000000000000000, -1.000000000000000000, -0.0000000000000000000 ) ) ;
#5165 = SURFACE_SIDE_STYLE ('',( #7703 ) ) ;
#5166 = CARTESIAN_POINT ( 'NONE',  ( -1.490000000000000000, -2.799999999999999400, -13.02000000000000100 ) ) ;
#5167 = VERTEX_POINT ( 'NONE', #6537 ) ;
#5168 = AXIS2_PLACEMENT_3D ( 'NONE', #8519, #3488, #9356 ) ;
#5169 = SURFACE_SIDE_STYLE ('',( #7653 ) ) ;
#5170 = CARTESIAN_POINT ( 'NONE',  ( 0.9499999999999999600, -2.799999999999999400, -20.10000000000000100 ) ) ;
#5171 = EDGE_CURVE ( 'NONE', #10144, #8941, #4200, .T. ) ;
#5172 = PRESENTATION_STYLE_ASSIGNMENT (( #3597 ) ) ;
#5173 = FACE_OUTER_BOUND ( 'NONE', #6532, .T. ) ;
#5174 = FILL_AREA_STYLE ('',( #8500 ) ) ;
#5175 = ORIENTED_EDGE ( 'NONE', *, *, #4172, .F. ) ;
#5176 = STYLED_ITEM ( 'NONE', ( #9160 ), #2976 ) ;
#5177 = VECTOR ( 'NONE', #3358, 1000.000000000000000 ) ;
#5178 = CARTESIAN_POINT ( 'NONE',  ( 1.490000000000000000, -2.799999999999999400, -18.10000000000000100 ) ) ;
#5179 = DIRECTION ( 'NONE',  ( -0.7071067811865464600, 0.0000000000000000000, 0.7071067811865486800 ) ) ;
#5180 = PRESENTATION_LAYER_ASSIGNMENT (  '', '', ( #4033 ) ) ;
#5181 = SURFACE_STYLE_USAGE ( .BOTH. , #10203 ) ;
#5182 = EDGE_CURVE ( 'NONE', #5957, #2097, #4480, .T. ) ;
#5183 = ORIENTED_EDGE ( 'NONE', *, *, #5328, .F. ) ;
#5184 = DIRECTION ( 'NONE',  ( -2.492418787322998300E-016, 0.0000000000000000000, -1.000000000000000000 ) ) ;
#5185 = DIRECTION ( 'NONE',  ( -0.0000000000000000000, -0.0000000000000000000, -1.000000000000000000 ) ) ;
#5186 = EDGE_CURVE ( 'NONE', #7706, #10974, #10669, .T. ) ;
#5187 = VECTOR ( 'NONE', #8287, 1000.000000000000000 ) ;
#5188 = LINE ( 'NONE', #6275, #2909 ) ;
#5189 = DIRECTION ( 'NONE',  ( -0.7071067811865489100, -0.0000000000000000000, -0.7071067811865461300 ) ) ;
#5190 = ORIENTED_EDGE ( 'NONE', *, *, #5884, .F. ) ;
#5191 = CARTESIAN_POINT ( 'NONE',  ( -0.9499999999999999600, 11.70000000000000100, -2.319999999999999800 ) ) ;
#5192 = UNCERTAINTY_MEASURE_WITH_UNIT (LENGTH_MEASURE( 1.000000000000000100E-005 ), #4492, 'distance_accuracy_value', 'NONE');
#5193 = ORIENTED_EDGE ( 'NONE', *, *, #8282, .T. ) ;
#5194 = SURFACE_STYLE_USAGE ( .BOTH. , #10216 ) ;
#5195 = VERTEX_POINT ( 'NONE', #6576 ) ;
#5196 = CARTESIAN_POINT ( 'NONE',  ( 1.050000000000000000, -2.799999999999999400, -2.220000000000000200 ) ) ;
#5197 = PRESENTATION_STYLE_ASSIGNMENT (( #3757 ) ) ;
#5198 = CARTESIAN_POINT ( 'NONE',  ( 2.140000000000001500, 1.700000000000000000, -11.43000000000000100 ) ) ;
#5199 = DIRECTION ( 'NONE',  ( 1.000000000000000000, 0.0000000000000000000, 0.0000000000000000000 ) ) ;
#5200 = PRESENTATION_STYLE_ASSIGNMENT (( #3586 ) ) ;
#5201 = UNCERTAINTY_MEASURE_WITH_UNIT (LENGTH_MEASURE( 1.000000000000000100E-005 ), #9225, 'distance_accuracy_value', 'NONE');
#5202 = ORIENTED_EDGE ( 'NONE', *, *, #3104, .F. ) ;
#5203 = LINE ( 'NONE', #2918, #656 ) ;
#5204 =( NAMED_UNIT ( * ) PLANE_ANGLE_UNIT ( ) SI_UNIT ( $, .RADIAN. ) );
#5205 = CARTESIAN_POINT ( 'NONE',  ( -2.019999999999999600, 0.2999999999999999900, 1.270000000000000000 ) ) ;
#5206 = SURFACE_SIDE_STYLE ('',( #1905 ) ) ;
#5207 = FILL_AREA_STYLE_COLOUR ( '', #1056 ) ;
#5208 = ORIENTED_EDGE ( 'NONE', *, *, #7107, .F. ) ;
#5209 =( LENGTH_UNIT ( ) NAMED_UNIT ( * ) SI_UNIT ( .MILLI., .METRE. ) );
#5210 = FACE_OUTER_BOUND ( 'NONE', #4641, .T. ) ;
#5211 = EDGE_CURVE ( 'NONE', #1686, #6512, #6457, .T. ) ;
#5212 = CARTESIAN_POINT ( 'NONE',  ( 2.140000000000001500, 1.700000000000000000, -13.97000000000000100 ) ) ;
#5213 = VERTEX_POINT ( 'NONE', #5719 ) ;
#5214 = VECTOR ( 'NONE', #9438, 999.9999999999998900 ) ;
#5215 = LINE ( 'NONE', #4191, #2938 ) ;
#5216 = SURFACE_SIDE_STYLE ('',( #8822 ) ) ;
#5217 = LINE ( 'NONE', #1759, #7181 ) ;
#5218 = PLANE ( 'NONE',  #1250 ) ;
#5219 = ADVANCED_FACE ( 'NONE', ( #8678 ), #616, .T. ) ;
#5220 = MECHANICAL_DESIGN_GEOMETRIC_PRESENTATION_REPRESENTATION (  '', ( #3506 ), #5768 ) ;
#5221 = ORIENTED_EDGE ( 'NONE', *, *, #5393, .F. ) ;
#5222 = STYLED_ITEM ( 'NONE', ( #5576 ), #10631 ) ;
#5223 = EDGE_LOOP ( 'NONE', ( #2739, #10142, #5715, #4419 ) ) ;
#5224 = PLANE ( 'NONE',  #8594 ) ;
#5225 = ORIENTED_EDGE ( 'NONE', *, *, #6333, .F. ) ;
#5226 = VECTOR ( 'NONE', #1613, 1000.000000000000000 ) ;
#5227 = PLANE ( 'NONE',  #4975 ) ;
#5228 = SURFACE_SIDE_STYLE ('',( #1748 ) ) ;
#5229 = COLOUR_RGB ( '',0.7960784313725489700, 0.8235294117647058400, 0.9372549019607843100 ) ;
#5230 = VERTEX_POINT ( 'NONE', #9127 ) ;
#5231 = EDGE_CURVE ( 'NONE', #238, #266, #3135, .T. ) ;
#5232 = ORIENTED_EDGE ( 'NONE', *, *, #8198, .T. ) ;
#5233 = CARTESIAN_POINT ( 'NONE',  ( 0.9499999999999999600, -2.799999999999999400, -7.839999999999999900 ) ) ;
#5234 = CARTESIAN_POINT ( 'NONE',  ( -2.540000000000000000, 0.0000000000000000000, -11.06342105263158100 ) ) ;
#5235 = STYLED_ITEM ( 'NONE', ( #3600 ), #7251 ) ;
#5236 = CARTESIAN_POINT ( 'NONE',  ( 2.540000000000000900, 0.0000000000000000000, -4.210000000000000000 ) ) ;
#5237 = DIRECTION ( 'NONE',  ( 0.7071067811865486800, 0.0000000000000000000, 0.7071067811865464600 ) ) ;
#5238 = ORIENTED_EDGE ( 'NONE', *, *, #5762, .F. ) ;
#5239 = PLANE ( 'NONE',  #6283 ) ;
#5240 = LINE ( 'NONE', #2857, #7202 ) ;
#5241 =( NAMED_UNIT ( * ) PLANE_ANGLE_UNIT ( ) SI_UNIT ( $, .RADIAN. ) );
#5242 = AXIS2_PLACEMENT_3D ( 'NONE', #183, #6141, #1062 ) ;
#5243 = CARTESIAN_POINT ( 'NONE',  ( 1.590000000000000100, 11.70000000000000100, -20.54000000000000300 ) ) ;
#5244 = CARTESIAN_POINT ( 'NONE',  ( 1.050000000000000000, -2.799999999999999400, -2.860000000000000300 ) ) ;
#5245 = SURFACE_STYLE_FILL_AREA ( #4097 ) ;
#5246 = AXIS2_PLACEMENT_3D ( 'NONE', #10202, #5179, #55 ) ;
#5247 = DIRECTION ( 'NONE',  ( 2.492418787322998300E-016, 0.0000000000000000000, 1.000000000000000000 ) ) ;
#5248 = COLOUR_RGB ( '',0.0000000000000000000, 0.003921568627450980300, 0.09019607843137254800 ) ;
#5249 = COLOUR_RGB ( '',0.7960784313725489700, 0.8235294117647058400, 0.9372549019607843100 ) ;
#5250 = ORIENTED_EDGE ( 'NONE', *, *, #2395, .F. ) ;
#5251 =( GEOMETRIC_REPRESENTATION_CONTEXT ( 3 ) GLOBAL_UNCERTAINTY_ASSIGNED_CONTEXT ( ( #9623 ) ) GLOBAL_UNIT_ASSIGNED_CONTEXT ( ( #10687, #5651, #532 ) ) REPRESENTATION_CONTEXT ( 'NONE', 'WORKASPACE' ) );
#5252 = SURFACE_STYLE_USAGE ( .BOTH. , #10267 ) ;
#5253 = VERTEX_POINT ( 'NONE', #4955 ) ;
#5254 = FILL_AREA_STYLE ('',( #3498 ) ) ;
#5255 =( NAMED_UNIT ( * ) SI_UNIT ( $, .STERADIAN. ) SOLID_ANGLE_UNIT ( ) );
#5256 = DIRECTION ( 'NONE',  ( 0.0000000000000000000, 1.000000000000000000, 0.0000000000000000000 ) ) ;
#5257 = LINE ( 'NONE', #3098, #2160 ) ;
#5258 = PRESENTATION_LAYER_ASSIGNMENT (  '', '', ( #4093 ) ) ;
#5259 = DIRECTION ( 'NONE',  ( 1.000000000000000000, 0.0000000000000000000, 0.0000000000000000000 ) ) ;
#5260 = CARTESIAN_POINT ( 'NONE',  ( -1.490000000000000000, -2.799999999999999400, -13.02000000000000100 ) ) ;
#5261 = PRESENTATION_STYLE_ASSIGNMENT (( #518 ) ) ;
#5262 = FACE_OUTER_BOUND ( 'NONE', #8606, .T. ) ;
#5263 =( GEOMETRIC_REPRESENTATION_CONTEXT ( 3 ) GLOBAL_UNCERTAINTY_ASSIGNED_CONTEXT ( ( #2050 ) ) GLOBAL_UNIT_ASSIGNED_CONTEXT ( ( #1381, #7309, #2217 ) ) REPRESENTATION_CONTEXT ( 'NONE', 'WORKASPACE' ) );
#5264 = CARTESIAN_POINT ( 'NONE',  ( -0.9499999999999999600, 11.70000000000000100, -7.400000000000000400 ) ) ;
#5265 = PRESENTATION_STYLE_ASSIGNMENT (( #9262 ) ) ;
#5266 = DIRECTION ( 'NONE',  ( -0.7071067811865489100, -0.0000000000000000000, -0.7071067811865461300 ) ) ;
#5267 =( NAMED_UNIT ( * ) SI_UNIT ( $, .STERADIAN. ) SOLID_ANGLE_UNIT ( ) );
#5268 = EDGE_CURVE ( 'NONE', #4229, #9454, #10400, .T. ) ;
#5269 = CARTESIAN_POINT ( 'NONE',  ( 1.590000000000000100, -2.799999999999999400, -2.760000000000000200 ) ) ;
#5270 = CARTESIAN_POINT ( 'NONE',  ( 0.9499999999999999600, 11.70000000000000100, -15.45999999999999900 ) ) ;
#5271 = PRESENTATION_STYLE_ASSIGNMENT (( #2012 ) ) ;
#5272 = DIRECTION ( 'NONE',  ( -1.000000000000000000, -0.0000000000000000000, -1.232047923278982200E-016 ) ) ;
#5273 = FILL_AREA_STYLE ('',( #145 ) ) ;
#5274 = EDGE_CURVE ( 'NONE', #3557, #8240, #9588, .T. ) ;
#5275 = ADVANCED_FACE ( 'NONE', ( #866 ), #8312, .F. ) ;
#5276 = EDGE_LOOP ( 'NONE', ( #1247, #3033, #10337, #2999 ) ) ;
#5277 = CARTESIAN_POINT ( 'NONE',  ( -1.050000000000000000, -2.799999999999999400, -2.220000000000000200 ) ) ;
#5278 = DIRECTION ( 'NONE',  ( 1.000000000000000000, 0.0000000000000000000, 1.232047923278982200E-016 ) ) ;
#5279 = UNCERTAINTY_MEASURE_WITH_UNIT (LENGTH_MEASURE( 1.000000000000000100E-005 ), #6837, 'distance_accuracy_value', 'NONE');
#5280 = CARTESIAN_POINT ( 'NONE',  ( -2.540000000000000000, 0.0000000000000000000, -3.443421052631578900 ) ) ;
#5281 = EDGE_CURVE ( 'NONE', #6091, #8294, #6310, .T. ) ;
#5282 = PRESENTATION_LAYER_ASSIGNMENT (  '', '', ( #4121 ) ) ;
#5283 = FACE_OUTER_BOUND ( 'NONE', #8433, .T. ) ;
#5284 = PRESENTATION_STYLE_ASSIGNMENT (( #676 ) ) ;
#5285 = SURFACE_STYLE_USAGE ( .BOTH. , #10303 ) ;
#5286 = VERTEX_POINT ( 'NONE', #2433 ) ;
#5287 = VERTEX_POINT ( 'NONE', #8356 ) ;
#5288 = FILL_AREA_STYLE_COLOUR ( '', #2495 ) ;
#5289 =( NAMED_UNIT ( * ) SI_UNIT ( $, .STERADIAN. ) SOLID_ANGLE_UNIT ( ) );
#5290 = CARTESIAN_POINT ( 'NONE',  ( -1.490000000000000200, 11.70000000000000100, -9.840000000000001600 ) ) ;
#5291 =( GEOMETRIC_REPRESENTATION_CONTEXT ( 3 ) GLOBAL_UNCERTAINTY_ASSIGNED_CONTEXT ( ( #1770 ) ) GLOBAL_UNIT_ASSIGNED_CONTEXT ( ( #6747, #1650, #7584 ) ) REPRESENTATION_CONTEXT ( 'NONE', 'WORKASPACE' ) );
#5292 = ADVANCED_FACE ( 'NONE', ( #10533 ), #10041, .T. ) ;
#5293 = FACE_OUTER_BOUND ( 'NONE', #5409, .T. ) ;
#5294 = LINE ( 'NONE', #1894, #9469 ) ;
#5296 = SURFACE_SIDE_STYLE ('',( #7793 ) ) ;
#5295 = VECTOR ( 'NONE', #3788, 1000.000000000000000 ) ;
#5297 = VERTEX_POINT ( 'NONE', #2474 ) ;
#5298 =( LENGTH_UNIT ( ) NAMED_UNIT ( * ) SI_UNIT ( .MILLI., .METRE. ) );
#5299 = DIRECTION ( 'NONE',  ( 0.0000000000000000000, 1.000000000000000000, 0.0000000000000000000 ) ) ;
#5300 = DIRECTION ( 'NONE',  ( -0.0000000000000000000, -0.0000000000000000000, -1.000000000000000000 ) ) ;
#5301 = PRESENTATION_LAYER_ASSIGNMENT (  '', '', ( #4144 ) ) ;
#5302 = VERTEX_POINT ( 'NONE', #10083 ) ;
#5303 = VECTOR ( 'NONE', #5579, 1000.000000000000100 ) ;
#5304 = AXIS2_PLACEMENT_3D ( 'NONE', #8042, #2987, #8889 ) ;
#5305 = PRESENTATION_STYLE_ASSIGNMENT (( #10496 ) ) ;
#5306 = VERTEX_POINT ( 'NONE', #5064 ) ;
#5307 = PRESENTATION_STYLE_ASSIGNMENT (( #9610 ) ) ;
#5308 = CARTESIAN_POINT ( 'NONE',  ( 2.540000000000000900, 1.700000000000000000, -9.290000000000000900 ) ) ;
#5309 = STYLED_ITEM ( 'NONE', ( #22 ), #9560 ) ;
#5310 = ORIENTED_EDGE ( 'NONE', *, *, #7792, .T. ) ;
#5311 = EDGE_LOOP ( 'NONE', ( #9117, #9609, #10676, #2203, #10489, #954, #7431, #4246 ) ) ;
#5312 = DIRECTION ( 'NONE',  ( -2.492418787322998300E-016, 0.0000000000000000000, -1.000000000000000000 ) ) ;
#5313 = DIRECTION ( 'NONE',  ( -0.0000000000000000000, -1.000000000000000000, -0.0000000000000000000 ) ) ;
#5314 = PRESENTATION_LAYER_ASSIGNMENT (  '', '', ( #4158 ) ) ;
#5315 =( GEOMETRIC_REPRESENTATION_CONTEXT ( 3 ) GLOBAL_UNCERTAINTY_ASSIGNED_CONTEXT ( ( #4917 ) ) GLOBAL_UNIT_ASSIGNED_CONTEXT ( ( #10686, #5650, #531 ) ) REPRESENTATION_CONTEXT ( 'NONE', 'WORKASPACE' ) );
#5316 =( NAMED_UNIT ( * ) PLANE_ANGLE_UNIT ( ) SI_UNIT ( $, .RADIAN. ) );
#5317 =( GEOMETRIC_REPRESENTATION_CONTEXT ( 3 ) GLOBAL_UNCERTAINTY_ASSIGNED_CONTEXT ( ( #10731 ) ) GLOBAL_UNIT_ASSIGNED_CONTEXT ( ( #7110, #2025, #7943 ) ) REPRESENTATION_CONTEXT ( 'NONE', 'WORKASPACE' ) );
#5318 =( NAMED_UNIT ( * ) SI_UNIT ( $, .STERADIAN. ) SOLID_ANGLE_UNIT ( ) );
#5319 = VECTOR ( 'NONE', #4988, 1000.000000000000000 ) ;
#5320 =( NAMED_UNIT ( * ) SI_UNIT ( $, .STERADIAN. ) SOLID_ANGLE_UNIT ( ) );
#5321 = CARTESIAN_POINT ( 'NONE',  ( -1.050000000000000000, -2.799999999999999400, -5.400000000000000400 ) ) ;
#5322 = SURFACE_STYLE_USAGE ( .BOTH. , #10355 ) ;
#5323 = ORIENTED_EDGE ( 'NONE', *, *, #10469, .T. ) ;
#5324 = FILL_AREA_STYLE_COLOUR ( '', #6737 ) ;
#5325 = ADVANCED_FACE ( 'NONE', ( #1012 ), #4192, .T. ) ;
#5326 = EDGE_LOOP ( 'NONE', ( #4700, #9808, #6224, #3291 ) ) ;
#5327 = ORIENTED_EDGE ( 'NONE', *, *, #8005, .F. ) ;
#5328 = EDGE_CURVE ( 'NONE', #536, #5306, #2450, .T. ) ;
#5329 = LINE ( 'NONE', #4684, #3048 ) ;
#5330 = MECHANICAL_DESIGN_GEOMETRIC_PRESENTATION_REPRESENTATION (  '', ( #3622 ), #5880 ) ;
#5331 = CLOSED_SHELL ( 'NONE', ( #341, #7920, #3934, #7632, #620, #1257, #2710, #5219, #10680, #9010 ) ) ;
#5332 = DIRECTION ( 'NONE',  ( 0.6782059721786389800, 0.0000000000000000000, 0.7348718659067220400 ) ) ;
#5333 = CARTESIAN_POINT ( 'NONE',  ( -2.540000000000000000, 1.700000000000000000, -18.68342105263158000 ) ) ;
#5334 = SURFACE_STYLE_FILL_AREA ( #1507 ) ;
#5335 = EDGE_CURVE ( 'NONE', #137, #242, #187, .T. ) ;
#5336 = UNCERTAINTY_MEASURE_WITH_UNIT (LENGTH_MEASURE( 1.000000000000000100E-005 ), #7116, 'distance_accuracy_value', 'NONE');
#5337 = VERTEX_POINT ( 'NONE', #5896 ) ;
#5338 = ORIENTED_EDGE ( 'NONE', *, *, #1540, .T. ) ;
#5339 = DIRECTION ( 'NONE',  ( -0.7071067811865489100, -0.0000000000000000000, 0.7071067811865462400 ) ) ;
#5340 = PRESENTATION_STYLE_ASSIGNMENT (( #6977 ) ) ;
#5341 = ADVANCED_FACE ( 'NONE', ( #4732 ), #9293, .T. ) ;
#5342 = SURFACE_STYLE_FILL_AREA ( #6661 ) ;
#5343 = UNCERTAINTY_MEASURE_WITH_UNIT (LENGTH_MEASURE( 1.000000000000000100E-005 ), #5710, 'distance_accuracy_value', 'NONE');
#5344 = DIRECTION ( 'NONE',  ( -0.7071067811865477900, -0.0000000000000000000, -0.7071067811865473500 ) ) ;
#5345 = EDGE_LOOP ( 'NONE', ( #2780, #3060, #6806, #4625 ) ) ;
#5346 = LINE ( 'NONE', #3979, #800 ) ;
#5347 = PRESENTATION_LAYER_ASSIGNMENT (  '', '', ( #4187 ) ) ;
#5348 = LINE ( 'NONE', #8676, #9792 ) ;
#5349 = EDGE_LOOP ( 'NONE', ( #3320, #9925, #3878, #806 ) ) ;
#5350 = EDGE_LOOP ( 'NONE', ( #10623, #93, #2271, #4623 ) ) ;
#5351 = CARTESIAN_POINT ( 'NONE',  ( 1.490000000000000000, -2.799999999999999400, -10.48000000000000200 ) ) ;
#5352 = COLOUR_RGB ( '',0.0000000000000000000, 0.003921568627450980300, 0.09019607843137254800 ) ;
#5353 =( NAMED_UNIT ( * ) SI_UNIT ( $, .STERADIAN. ) SOLID_ANGLE_UNIT ( ) );
#5354 = COLOUR_RGB ( '',0.7960784313725489700, 0.8235294117647058400, 0.9372549019607843100 ) ;
#5355 = FILL_AREA_STYLE ('',( #269 ) ) ;
#5356 = PLANE ( 'NONE',  #383 ) ;
#5357 = ORIENTED_EDGE ( 'NONE', *, *, #7511, .F. ) ;
#5358 = SURFACE_STYLE_USAGE ( .BOTH. , #10384 ) ;
#5359 = ORIENTED_EDGE ( 'NONE', *, *, #424, .F. ) ;
#5360 = VERTEX_POINT ( 'NONE', #9333 ) ;
#5361 = PRESENTATION_LAYER_ASSIGNMENT (  '', '', ( #4207 ) ) ;
#5362 = VECTOR ( 'NONE', #6337, 1000.000000000000100 ) ;
#5363 = VECTOR ( 'NONE', #6535, 999.9999999999998900 ) ;
#5364 = MECHANICAL_DESIGN_GEOMETRIC_PRESENTATION_REPRESENTATION (  '', ( #3660 ), #5908 ) ;
#5365 = VERTEX_POINT ( 'NONE', #4311 ) ;
#5366 = MECHANICAL_DESIGN_GEOMETRIC_PRESENTATION_REPRESENTATION (  '', ( #3661 ), #5910 ) ;
#5367 = LINE ( 'NONE', #4247, #7325 ) ;
#5368 = DIRECTION ( 'NONE',  ( -0.7372346670543746800, -0.0000000000000000000, 0.6756367705307528800 ) ) ;
#5369 = FILL_AREA_STYLE_COLOUR ( '', #9196 ) ;
#5370 = CARTESIAN_POINT ( 'NONE',  ( 2.140000000000000100, 0.0000000000000000000, -6.350000000000000500 ) ) ;
#5371 = FACE_OUTER_BOUND ( 'NONE', #3869, .T. ) ;
#5372 = VECTOR ( 'NONE', #10899, 1000.000000000000000 ) ;
#5373 = EDGE_CURVE ( 'NONE', #10315, #1195, #10114, .T. ) ;
#5374 = CARTESIAN_POINT ( 'NONE',  ( -1.050000000000000000, -2.799999999999999400, -10.48000000000000200 ) ) ;
#5375 = FILL_AREA_STYLE_COLOUR ( '', #2467 ) ;
#5376 =( NAMED_UNIT ( * ) PLANE_ANGLE_UNIT ( ) SI_UNIT ( $, .RADIAN. ) );
#5377 = DIRECTION ( 'NONE',  ( 0.6782059721786389800, 0.0000000000000000000, 0.7348718659067220400 ) ) ;
#5378 = LINE ( 'NONE', #10712, #9827 ) ;
#5379 = LINE ( 'NONE', #9347, #9828 ) ;
#5380 = PRESENTATION_STYLE_ASSIGNMENT (( #7778 ) ) ;
#5381 = STYLED_ITEM ( 'NONE', ( #8520 ), #8680 ) ;
#5382 =( GEOMETRIC_REPRESENTATION_CONTEXT ( 3 ) GLOBAL_UNCERTAINTY_ASSIGNED_CONTEXT ( ( #8410 ) ) GLOBAL_UNIT_ASSIGNED_CONTEXT ( ( #1709, #7645, #2573 ) ) REPRESENTATION_CONTEXT ( 'NONE', 'WORKASPACE' ) );
#5383 = SURFACE_STYLE_USAGE ( .BOTH. , #10408 ) ;
#5384 = VECTOR ( 'NONE', #10244, 1000.000000000000100 ) ;
#5385 =( GEOMETRIC_REPRESENTATION_CONTEXT ( 3 ) GLOBAL_UNCERTAINTY_ASSIGNED_CONTEXT ( ( #9422 ) ) GLOBAL_UNIT_ASSIGNED_CONTEXT ( ( #8251, #3197, #9087 ) ) REPRESENTATION_CONTEXT ( 'NONE', 'WORKASPACE' ) );
#5386 = VECTOR ( 'NONE', #7139, 1000.000000000000000 ) ;
#5387 = CARTESIAN_POINT ( 'NONE',  ( 2.540000000000000900, 1.700000000000000000, -8.490000000000000200 ) ) ;
#5388 = DIRECTION ( 'NONE',  ( 0.7071067811865477900, 0.0000000000000000000, -0.7071067811865473500 ) ) ;
#5389 = FACE_OUTER_BOUND ( 'NONE', #8499, .T. ) ;
#5390 = VECTOR ( 'NONE', #10162, 1000.000000000000100 ) ;
#5391 = PLANE ( 'NONE',  #8909 ) ;
#5392 = DIRECTION ( 'NONE',  ( -0.7071067811865470200, -0.0000000000000000000, -0.7071067811865481300 ) ) ;
#5393 = EDGE_CURVE ( 'NONE', #4474, #5985, #8137, .T. ) ;
#5394 = ADVANCED_FACE ( 'NONE', ( #1393 ), #1762, .F. ) ;
#5395 = CARTESIAN_POINT ( 'NONE',  ( 1.590000000000000100, -2.799999999999999400, -7.839999999999999900 ) ) ;
#5396 =( NAMED_UNIT ( * ) SI_UNIT ( $, .STERADIAN. ) SOLID_ANGLE_UNIT ( ) );
#5397 = COLOUR_RGB ( '',0.7960784313725489700, 0.8235294117647058400, 0.9372549019607843100 ) ;
#5398 = VECTOR ( 'NONE', #4407, 1000.000000000000000 ) ;
#5399 = AXIS2_PLACEMENT_3D ( 'NONE', #2551, #8450, #3417 ) ;
#5400 = EDGE_CURVE ( 'NONE', #3015, #116, #2583, .T. ) ;
#5401 = UNCERTAINTY_MEASURE_WITH_UNIT (LENGTH_MEASURE( 1.000000000000000100E-005 ), #9466, 'distance_accuracy_value', 'NONE');
#5402 = EDGE_CURVE ( 'NONE', #2351, #4343, #9308, .T. ) ;
#5403 = SURFACE_STYLE_FILL_AREA ( #4149 ) ;
#5404 = UNCERTAINTY_MEASURE_WITH_UNIT (LENGTH_MEASURE( 1.000000000000000100E-005 ), #5800, 'distance_accuracy_value', 'NONE');
#5405 = LINE ( 'NONE', #10065, #7361 ) ;
#5406 = CARTESIAN_POINT ( 'NONE',  ( 0.9499999999999999600, -2.799999999999999400, -5.299999999999999800 ) ) ;
#5407 = ORIENTED_EDGE ( 'NONE', *, *, #5714, .F. ) ;
#5408 = SURFACE_STYLE_FILL_AREA ( #8918 ) ;
#5409 = EDGE_LOOP ( 'NONE', ( #757, #2956, #9325, #2906 ) ) ;
#5410 = ORIENTED_EDGE ( 'NONE', *, *, #2312, .F. ) ;
#5411 = PLANE ( 'NONE',  #1579 ) ;
#5412 = LINE ( 'NONE', #8931, #9856 ) ;
#5413 = UNCERTAINTY_MEASURE_WITH_UNIT (LENGTH_MEASURE( 1.000000000000000100E-005 ), #4965, 'distance_accuracy_value', 'NONE');
#5414 = DIRECTION ( 'NONE',  ( 0.0000000000000000000, 1.000000000000000000, 0.0000000000000000000 ) ) ;
#5415 = VERTEX_POINT ( 'NONE', #4388 ) ;
#5416 = ORIENTED_EDGE ( 'NONE', *, *, #1465, .T. ) ;
#5417 = EDGE_CURVE ( 'NONE', #4412, #9258, #4600, .T. ) ;
#5418 = VERTEX_POINT ( 'NONE', #9415 ) ;
#5419 = DIRECTION ( 'NONE',  ( 0.0000000000000000000, -0.0000000000000000000, -1.000000000000000000 ) ) ;
#5420 = DIRECTION ( 'NONE',  ( -0.7071067811865475700, 0.0000000000000000000, 0.7071067811865475700 ) ) ;
#5421 = CARTESIAN_POINT ( 'NONE',  ( 2.540000000000000900, 1.700000000000000000, -3.410000000000000600 ) ) ;
#5422 = PRESENTATION_LAYER_ASSIGNMENT (  '', '', ( #4279 ) ) ;
#5423 = ORIENTED_EDGE ( 'NONE', *, *, #3074, .T. ) ;
#5424 = CARTESIAN_POINT ( 'NONE',  ( -1.490000000000000200, -2.799999999999999400, -12.38000000000000300 ) ) ;
#5425 =( LENGTH_UNIT ( ) NAMED_UNIT ( * ) SI_UNIT ( .MILLI., .METRE. ) );
#5426 = CARTESIAN_POINT ( 'NONE',  ( -1.050000000000000000, -2.799999999999999400, -15.56000000000000000 ) ) ;
#5427 = MECHANICAL_DESIGN_GEOMETRIC_PRESENTATION_REPRESENTATION (  '', ( #3725 ), #5973 ) ;
#5428 = PLANE ( 'NONE',  #10554 ) ;
#5429 =( NAMED_UNIT ( * ) SI_UNIT ( $, .STERADIAN. ) SOLID_ANGLE_UNIT ( ) );
#5430 = PRESENTATION_STYLE_ASSIGNMENT (( #1315 ) ) ;
#5431 = VECTOR ( 'NONE', #6830, 1000.000000000000000 ) ;
#5432 = EDGE_CURVE ( 'NONE', #5195, #10144, #6843, .T. ) ;
#5433 = ORIENTED_EDGE ( 'NONE', *, *, #10340, .F. ) ;
#5434 = VERTEX_POINT ( 'NONE', #1004 ) ;
#5435 = PLANE ( 'NONE',  #6581 ) ;
#5436 = VECTOR ( 'NONE', #7009, 1000.000000000000000 ) ;
#5437 = COLOUR_RGB ( '',0.7960784313725489700, 0.8235294117647058400, 0.9372549019607843100 ) ;
#5439 = FILL_AREA_STYLE_COLOUR ( '', #10445 ) ;
#5438 = LINE ( 'NONE', #10771, #9619 ) ;
#5440 = SURFACE_STYLE_USAGE ( .BOTH. , #10481 ) ;
#5441 = STYLED_ITEM ( 'NONE', ( #7483 ), #8290 ) ;
#5442 = ADVANCED_FACE ( 'NONE', ( #316 ), #2711, .T. ) ;
#5443 = ORIENTED_EDGE ( 'NONE', *, *, #4692, .F. ) ;
#5444 = DIRECTION ( 'NONE',  ( 2.492418787322998300E-016, 0.0000000000000000000, 1.000000000000000000 ) ) ;
#5445 = STYLED_ITEM ( 'NONE', ( #10590 ), #1904 ) ;
#5446 = VERTEX_POINT ( 'NONE', #163 ) ;
#5447 = COLOUR_RGB ( '',0.7960784313725489700, 0.8235294117647058400, 0.9372549019607843100 ) ;
#5448 =( NAMED_UNIT ( * ) SI_UNIT ( $, .STERADIAN. ) SOLID_ANGLE_UNIT ( ) );
#5449 = CARTESIAN_POINT ( 'NONE',  ( 0.9499999999999999600, -2.799999999999999400, -20.54000000000000300 ) ) ;
#5450 = LINE ( 'NONE', #5757, #642 ) ;
#5451 = PRESENTATION_STYLE_ASSIGNMENT (( #397 ) ) ;
#5452 = ORIENTED_EDGE ( 'NONE', *, *, #2099, .F. ) ;
#5453 = SURFACE_STYLE_USAGE ( .BOTH. , #10492 ) ;
#5454 = AXIS2_PLACEMENT_3D ( 'NONE', #1688, #7631, #2557 ) ;
#5455 = SURFACE_SIDE_STYLE ('',( #6320 ) ) ;
#5456 = CARTESIAN_POINT ( 'NONE',  ( 2.540000000000000900, 0.0000000000000000000, -18.64999999999999900 ) ) ;
#5457 = MECHANICAL_DESIGN_GEOMETRIC_PRESENTATION_REPRESENTATION (  '', ( #3753 ), #6017 ) ;
#5458 =( LENGTH_UNIT ( ) NAMED_UNIT ( * ) SI_UNIT ( .MILLI., .METRE. ) );
#5459 = ORIENTED_EDGE ( 'NONE', *, *, #8268, .T. ) ;
#5460 = EDGE_LOOP ( 'NONE', ( #10187, #1348, #1559, #1625, #4071, #4897, #9582, #7519 ) ) ;
#5461 = CARTESIAN_POINT ( 'NONE',  ( 1.590000000000000100, 11.70000000000000100, -12.92000000000000200 ) ) ;
#5462 = CARTESIAN_POINT ( 'NONE',  ( 1.590000000000000100, -2.799999999999999400, -12.48000000000000200 ) ) ;
#5463 = LINE ( 'NONE', #4578, #2920 ) ;
#5464 = CARTESIAN_POINT ( 'NONE',  ( -0.9499999999999999600, 11.70000000000000100, -9.940000000000001300 ) ) ;
#5465 = ORIENTED_EDGE ( 'NONE', *, *, #4853, .T. ) ;
#5466 = PRESENTATION_STYLE_ASSIGNMENT (( #7485 ) ) ;
#5467 = LINE ( 'NONE', #1918, #9915 ) ;
#5468 = LINE ( 'NONE', #8783, #7695 ) ;
#5469 = EDGE_CURVE ( 'NONE', #5162, #3685, #8001, .T. ) ;
#5470 = PRESENTATION_LAYER_ASSIGNMENT (  '', '', ( #4329 ) ) ;
#5471 = VERTEX_POINT ( 'NONE', #1886 ) ;
#5472 = VECTOR ( 'NONE', #5746, 1000.000000000000000 ) ;
#5473 = PRESENTATION_LAYER_ASSIGNMENT (  '', '', ( #4331 ) ) ;
#5474 = CARTESIAN_POINT ( 'NONE',  ( 0.0000000000000000000, 11.70000000000000100, -20.32000000000000000 ) ) ;
#5475 = MANIFOLD_SOLID_BREP ( 'LPattern3[8]', #814 ) ;
#5476 = ORIENTED_EDGE ( 'NONE', *, *, #9183, .T. ) ;
#5477 = EDGE_CURVE ( 'NONE', #4964, #4809, #10249, .T. ) ;
#5478 = ORIENTED_EDGE ( 'NONE', *, *, #7296, .T. ) ;
#5479 = CARTESIAN_POINT ( 'NONE',  ( 0.9499999999999999600, -2.799999999999999400, -0.2200000000000000000 ) ) ;
#5480 = DIRECTION ( 'NONE',  ( -1.000000000000000000, -0.0000000000000000000, -0.0000000000000000000 ) ) ;
#5481 = ORIENTED_EDGE ( 'NONE', *, *, #10763, .F. ) ;
#5482 = EDGE_CURVE ( 'NONE', #3843, #6091, #3530, .T. ) ;
#5483 =( NAMED_UNIT ( * ) PLANE_ANGLE_UNIT ( ) SI_UNIT ( $, .RADIAN. ) );
#5484 = AXIS2_PLACEMENT_3D ( 'NONE', #6263, #1196, #7118 ) ;
#5485 = SURFACE_STYLE_FILL_AREA ( #1584 ) ;
#5486 =( GEOMETRIC_REPRESENTATION_CONTEXT ( 3 ) GLOBAL_UNCERTAINTY_ASSIGNED_CONTEXT ( ( #7270 ) ) GLOBAL_UNIT_ASSIGNED_CONTEXT ( ( #7050, #1957, #7893 ) ) REPRESENTATION_CONTEXT ( 'NONE', 'WORKASPACE' ) );
#5487 = SURFACE_SIDE_STYLE ('',( #8125 ) ) ;
#5489 = VERTEX_POINT ( 'NONE', #4503 ) ;
#5488 = SURFACE_SIDE_STYLE ('',( #9834 ) ) ;
#5490 = DIRECTION ( 'NONE',  ( 1.000000000000000000, 0.0000000000000000000, 0.0000000000000000000 ) ) ;
#5491 = COLOUR_RGB ( '',0.7960784313725489700, 0.8235294117647058400, 0.9372549019607843100 ) ;
#5492 = DIRECTION ( 'NONE',  ( -0.0000000000000000000, -0.0000000000000000000, -1.000000000000000000 ) ) ;
#5493 = DIRECTION ( 'NONE',  ( 0.7071067811865474600, 0.0000000000000000000, 0.7071067811865474600 ) ) ;
#5494 =( LENGTH_UNIT ( ) NAMED_UNIT ( * ) SI_UNIT ( .MILLI., .METRE. ) );
#5495 = SURFACE_SIDE_STYLE ('',( #2928 ) ) ;
#5496 = DIRECTION ( 'NONE',  ( -1.000000000000000000, 0.0000000000000000000, 0.0000000000000000000 ) ) ;
#5497 = ADVANCED_FACE ( 'NONE', ( #4720 ), #237, .F. ) ;
#5498 = DIRECTION ( 'NONE',  ( -0.7071067811865470200, 0.0000000000000000000, 0.7071067811865481300 ) ) ;
#5499 = VECTOR ( 'NONE', #8671, 1000.000000000000000 ) ;
#5500 = STYLED_ITEM ( 'NONE', ( #6674 ), #6649 ) ;
#5501 = STYLED_ITEM ( 'NONE', ( #609 ), #7873 ) ;
#5502 =( NAMED_UNIT ( * ) PLANE_ANGLE_UNIT ( ) SI_UNIT ( $, .RADIAN. ) );
#5503 = CARTESIAN_POINT ( 'NONE',  ( -1.590000000000000300, -2.799999999999999400, -5.300000000000000700 ) ) ;
#5504 = VECTOR ( 'NONE', #4747, 1000.000000000000000 ) ;
#5505 = VECTOR ( 'NONE', #3913, 1000.000000000000000 ) ;
#5506 = VECTOR ( 'NONE', #6870, 1000.000000000000000 ) ;
#5508 = EDGE_CURVE ( 'NONE', #3260, #3025, #3910, .T. ) ;
#5507 = DIRECTION ( 'NONE',  ( -0.7071067811865469100, -0.0000000000000000000, 0.7071067811865482400 ) ) ;
#5509 = SURFACE_SIDE_STYLE ('',( #7407 ) ) ;
#5510 = FILL_AREA_STYLE ('',( #8834 ) ) ;
#5511 = FACE_OUTER_BOUND ( 'NONE', #9375, .T. ) ;
#5512 = CARTESIAN_POINT ( 'NONE',  ( 0.0000000000000000000, -2.799999999999999400, -5.080000000000000100 ) ) ;
#5513 = FACE_OUTER_BOUND ( 'NONE', #7075, .T. ) ;
#5514 = AXIS2_PLACEMENT_3D ( 'NONE', #8694, #3668, #9539 ) ;
#5515 = MECHANICAL_DESIGN_GEOMETRIC_PRESENTATION_REPRESENTATION (  '', ( #3808 ), #6077 ) ;
#5516 = SURFACE_STYLE_FILL_AREA ( #5953 ) ;
#5517 = AXIS2_PLACEMENT_3D ( 'NONE', #7738, #2658, #8559 ) ;
#5518 = DIRECTION ( 'NONE',  ( -0.7071067811865470200, -0.0000000000000000000, -0.7071067811865481300 ) ) ;
#5519 = DIRECTION ( 'NONE',  ( -0.0000000000000000000, -1.000000000000000000, -0.0000000000000000000 ) ) ;
#5520 = LINE ( 'NONE', #2568, #1006 ) ;
#5521 = MECHANICAL_DESIGN_GEOMETRIC_PRESENTATION_REPRESENTATION (  '', ( #3810 ), #6086 ) ;
#5522 = PLANE ( 'NONE',  #3926 ) ;
#5523 = SURFACE_SIDE_STYLE ('',( #3008 ) ) ;
#5524 = ORIENTED_EDGE ( 'NONE', *, *, #1537, .T. ) ;
#5525 = ORIENTED_EDGE ( 'NONE', *, *, #2035, .F. ) ;
#5526 = CARTESIAN_POINT ( 'NONE',  ( 2.540000000000000900, 1.700000000000000000, -14.37000000000000100 ) ) ;
#5527 = UNCERTAINTY_MEASURE_WITH_UNIT (LENGTH_MEASURE( 1.000000000000000100E-005 ), #3667, 'distance_accuracy_value', 'NONE');
#5528 = DIRECTION ( 'NONE',  ( 0.7071067811865474600, 0.0000000000000000000, 0.7071067811865474600 ) ) ;
#5529 = EDGE_CURVE ( 'NONE', #6857, #7818, #8388, .T. ) ;
#5530 = SURFACE_STYLE_FILL_AREA ( #9885 ) ;
#5531 = PRESENTATION_LAYER_ASSIGNMENT (  '', '', ( #4395 ) ) ;
#5532 = PLANE ( 'NONE',  #1275 ) ;
#5533 = UNCERTAINTY_MEASURE_WITH_UNIT (LENGTH_MEASURE( 1.000000000000000100E-005 ), #1593, 'distance_accuracy_value', 'NONE');
#5534 =( GEOMETRIC_REPRESENTATION_CONTEXT ( 3 ) GLOBAL_UNCERTAINTY_ASSIGNED_CONTEXT ( ( #8880 ) ) GLOBAL_UNIT_ASSIGNED_CONTEXT ( ( #6325, #1254, #7184 ) ) REPRESENTATION_CONTEXT ( 'NONE', 'WORKASPACE' ) );
#5535 = EDGE_CURVE ( 'NONE', #129, #4112, #1640, .T. ) ;
#5536 = ORIENTED_EDGE ( 'NONE', *, *, #4245, .T. ) ;
#5537 = ORIENTED_EDGE ( 'NONE', *, *, #3074, .F. ) ;
#5538 = EDGE_CURVE ( 'NONE', #6180, #5849, #6167, .T. ) ;
#5539 = VECTOR ( 'NONE', #3760, 999.9999999999998900 ) ;
#5540 = FILL_AREA_STYLE_COLOUR ( '', #7471 ) ;
#5541 = DIRECTION ( 'NONE',  ( 0.0000000000000000000, 1.000000000000000000, 0.0000000000000000000 ) ) ;
#5542 = DIRECTION ( 'NONE',  ( 0.0000000000000000000, 0.0000000000000000000, 1.000000000000000000 ) ) ;
#5543 = AXIS2_PLACEMENT_3D ( 'NONE', #231, #6185, #1125 ) ;
#5544 = LINE ( 'NONE', #9658, #5295 ) ;
#5545 = SURFACE_SIDE_STYLE ('',( #8303 ) ) ;
#5546 = DIRECTION ( 'NONE',  ( 0.0000000000000000000, -0.0000000000000000000, -1.000000000000000000 ) ) ;
#5547 = ORIENTED_EDGE ( 'NONE', *, *, #7415, .T. ) ;
#5548 = CARTESIAN_POINT ( 'NONE',  ( -1.590000000000000300, -2.799999999999999400, -4.860000000000000300 ) ) ;
#5549 = CARTESIAN_POINT ( 'NONE',  ( 1.490000000000000000, -2.799999999999999400, -2.220000000000000200 ) ) ;
#5550 = ADVANCED_FACE ( 'NONE', ( #3665 ), #5428, .T. ) ;
#5551 = PLANE ( 'NONE',  #6637 ) ;
#5552 = COLOUR_RGB ( '',0.7960784313725489700, 0.8235294117647058400, 0.9372549019607843100 ) ;
#5553 = PLANE ( 'NONE',  #1032 ) ;
#5554 = ORIENTED_EDGE ( 'NONE', *, *, #5508, .F. ) ;
#5555 = DIRECTION ( 'NONE',  ( 0.0000000000000000000, -1.000000000000000000, 0.0000000000000000000 ) ) ;
#5556 = DIRECTION ( 'NONE',  ( -0.0000000000000000000, 1.000000000000000000, 0.0000000000000000000 ) ) ;
#5557 = EDGE_CURVE ( 'NONE', #4161, #6664, #9298, .T. ) ;
#5558 = ORIENTED_EDGE ( 'NONE', *, *, #1366, .T. ) ;
#5559 = DIRECTION ( 'NONE',  ( -0.7071067811865481300, 0.0000000000000000000, -0.7071067811865470200 ) ) ;
#5560 = LINE ( 'NONE', #5424, #10010 ) ;
#5561 = CARTESIAN_POINT ( 'NONE',  ( -2.019999999999999600, 0.0000000000000000000, -21.59000000000000000 ) ) ;
#5562 = CARTESIAN_POINT ( 'NONE',  ( 0.9499999999999999600, -2.799999999999999400, -0.2200000000000000000 ) ) ;
#5563 = SURFACE_STYLE_FILL_AREA ( #3306 ) ;
#5564 = DIRECTION ( 'NONE',  ( -0.0000000000000000000, 1.000000000000000000, 0.0000000000000000000 ) ) ;
#5565 = SURFACE_STYLE_USAGE ( .BOTH. , #10613 ) ;
#5566 = PRESENTATION_LAYER_ASSIGNMENT (  '', '', ( #4430 ) ) ;
#5567 = ORIENTED_EDGE ( 'NONE', *, *, #10101, .F. ) ;
#5568 = DIRECTION ( 'NONE',  ( 0.7071067811865463500, -0.0000000000000000000, 0.7071067811865487900 ) ) ;
#5569 = PRESENTATION_LAYER_ASSIGNMENT (  '', '', ( #5008 ) ) ;
#5570 = VECTOR ( 'NONE', #1797, 1000.000000000000000 ) ;
#5571 = VECTOR ( 'NONE', #8269, 999.9999999999998900 ) ;
#5572 = EDGE_CURVE ( 'NONE', #3577, #5287, #561, .T. ) ;
#5573 = LINE ( 'NONE', #7546, #10029 ) ;
#5574 = SURFACE_STYLE_FILL_AREA ( #9796 ) ;
#5575 = ORIENTED_EDGE ( 'NONE', *, *, #42, .F. ) ;
#5576 = PRESENTATION_STYLE_ASSIGNMENT (( #4927 ) ) ;
#5577 = CARTESIAN_POINT ( 'NONE',  ( -2.539999999999999600, 1.700000000000000000, -9.323421052631580600 ) ) ;
#5578 = SURFACE_SIDE_STYLE ('',( #2548 ) ) ;
#5579 = DIRECTION ( 'NONE',  ( 0.7071067811865486800, 0.0000000000000000000, -0.7071067811865463500 ) ) ;
#5580 =( LENGTH_UNIT ( ) NAMED_UNIT ( * ) SI_UNIT ( .MILLI., .METRE. ) );
#5581 = EDGE_LOOP ( 'NONE', ( #7646, #1153, #7644, #7685, #4004, #3836, #8871, #9983 ) ) ;
#5582 = ORIENTED_EDGE ( 'NONE', *, *, #1003, .T. ) ;
#5583 = SURFACE_STYLE_USAGE ( .BOTH. , #10629 ) ;
#5584 = EDGE_LOOP ( 'NONE', ( #3438, #3745, #2536, #2640 ) ) ;
#5585 = EDGE_LOOP ( 'NONE', ( #9066, #2997, #1425, #5914 ) ) ;
#5586 = FACE_OUTER_BOUND ( 'NONE', #9928, .T. ) ;
#5587 = PRESENTATION_STYLE_ASSIGNMENT (( #2919 ) ) ;
#5588 = MECHANICAL_DESIGN_GEOMETRIC_PRESENTATION_REPRESENTATION (  '', ( #3877 ), #6151 ) ;
#5589 =( NAMED_UNIT ( * ) SI_UNIT ( $, .STERADIAN. ) SOLID_ANGLE_UNIT ( ) );
#5590 = ORIENTED_EDGE ( 'NONE', *, *, #10905, .T. ) ;
#5591 = ORIENTED_EDGE ( 'NONE', *, *, #10844, .T. ) ;
#5592 =( NAMED_UNIT ( * ) SI_UNIT ( $, .STERADIAN. ) SOLID_ANGLE_UNIT ( ) );
#5593 = VECTOR ( 'NONE', #7782, 1000.000000000000000 ) ;
#5594 = CARTESIAN_POINT ( 'NONE',  ( -2.539999999999999600, 1.700000000000000000, -11.86342105263158000 ) ) ;
#5595 = ORIENTED_EDGE ( 'NONE', *, *, #8058, .T. ) ;
#5596 = VECTOR ( 'NONE', #1421, 1000.000000000000000 ) ;
#5597 =( GEOMETRIC_REPRESENTATION_CONTEXT ( 3 ) GLOBAL_UNCERTAINTY_ASSIGNED_CONTEXT ( ( #6611 ) ) GLOBAL_UNIT_ASSIGNED_CONTEXT ( ( #8280, #3228, #9124 ) ) REPRESENTATION_CONTEXT ( 'NONE', 'WORKASPACE' ) );
#5598 = DIRECTION ( 'NONE',  ( -0.0000000000000000000, -1.000000000000000000, -0.0000000000000000000 ) ) ;
#5599 = DIRECTION ( 'NONE',  ( -1.000000000000000000, -0.0000000000000000000, -0.0000000000000000000 ) ) ;
#5600 = VERTEX_POINT ( 'NONE', #6296 ) ;
#5601 = FILL_AREA_STYLE_COLOUR ( '', #5447 ) ;
#5602 = ADVANCED_FACE ( 'NONE', ( #7099 ), #7149, .T. ) ;
#5603 = CARTESIAN_POINT ( 'NONE',  ( -2.140000000000000600, 1.700000000000000000, -6.350000000000000500 ) ) ;
#5604 = ORIENTED_EDGE ( 'NONE', *, *, #4624, .F. ) ;
#5605 = CARTESIAN_POINT ( 'NONE',  ( -1.590000000000000300, -2.799999999999999400, -7.400000000000000400 ) ) ;
#5606 = LINE ( 'NONE', #3786, #3346 ) ;
#5607 = ORIENTED_EDGE ( 'NONE', *, *, #8483, .F. ) ;
#5608 = COLOUR_RGB ( '',0.7960784313725489700, 0.8235294117647058400, 0.9372549019607843100 ) ;
#5609 = ORIENTED_EDGE ( 'NONE', *, *, #1198, .F. ) ;
#5610 = ORIENTED_EDGE ( 'NONE', *, *, #9079, .T. ) ;
#5611 = VECTOR ( 'NONE', #153, 1000.000000000000000 ) ;
#5612 = CARTESIAN_POINT ( 'NONE',  ( 0.9499999999999999600, -2.799999999999999400, -10.38000000000000100 ) ) ;
#5613 = EDGE_CURVE ( 'NONE', #3843, #10970, #305, .T. ) ;
#5614 = VECTOR ( 'NONE', #6935, 1000.000000000000000 ) ;
#5615 =( LENGTH_UNIT ( ) NAMED_UNIT ( * ) SI_UNIT ( .MILLI., .METRE. ) );
#5616 = VECTOR ( 'NONE', #4872, 1000.000000000000000 ) ;
#5617 = VECTOR ( 'NONE', #4658, 1000.000000000000000 ) ;
#5618 =( LENGTH_UNIT ( ) NAMED_UNIT ( * ) SI_UNIT ( .MILLI., .METRE. ) );
#5619 = VECTOR ( 'NONE', #4843, 1000.000000000000000 ) ;
#5620 = CARTESIAN_POINT ( 'NONE',  ( 2.540000000000000900, 0.0000000000000000000, -1.670000000000000400 ) ) ;
#5621 = ORIENTED_EDGE ( 'NONE', *, *, #5682, .T. ) ;
#5622 = EDGE_CURVE ( 'NONE', #9767, #4508, #8260, .T. ) ;
#5623 = DIRECTION ( 'NONE',  ( -0.7071067811865462400, 0.0000000000000000000, -0.7071067811865489100 ) ) ;
#5624 = FACE_OUTER_BOUND ( 'NONE', #4820, .T. ) ;
#5625 = STYLED_ITEM ( 'NONE', ( #6302 ), #901 ) ;
#5626 = LINE ( 'NONE', #336, #3368 ) ;
#5627 = SURFACE_STYLE_USAGE ( .BOTH. , #10663 ) ;
#5628 = FILL_AREA_STYLE_COLOUR ( '', #1781 ) ;
#5629 = LINE ( 'NONE', #9178, #3370 ) ;
#5630 = AXIS2_PLACEMENT_3D ( 'NONE', #8237, #3178, #9074 ) ;
#5631 = PRESENTATION_STYLE_ASSIGNMENT (( #886 ) ) ;
#5632 = SURFACE_STYLE_USAGE ( .BOTH. , #10667 ) ;
#5633 = PRESENTATION_LAYER_ASSIGNMENT (  '', '', ( #4501 ) ) ;
#5634 = FILL_AREA_STYLE_COLOUR ( '', #9390 ) ;
#5635 = DIRECTION ( 'NONE',  ( -1.000000000000000000, 0.0000000000000000000, -0.0000000000000000000 ) ) ;
#5636 = COLOUR_RGB ( '',0.0000000000000000000, 0.003921568627450980300, 0.09019607843137254800 ) ;
#5637 = SURFACE_STYLE_USAGE ( .BOTH. , #10677 ) ;
#5638 = ORIENTED_EDGE ( 'NONE', *, *, #3860, .F. ) ;
#5639 = DIRECTION ( 'NONE',  ( 0.0000000000000000000, -0.0000000000000000000, -1.000000000000000000 ) ) ;
#5640 = SURFACE_SIDE_STYLE ('',( #1903 ) ) ;
#5641 = DIRECTION ( 'NONE',  ( 0.7071067811865474600, 0.0000000000000000000, 0.7071067811865474600 ) ) ;
#5642 = COLOUR_RGB ( '',0.7960784313725489700, 0.8235294117647058400, 0.9372549019607843100 ) ;
#5643 = ORIENTED_EDGE ( 'NONE', *, *, #5373, .T. ) ;
#5644 =( GEOMETRIC_REPRESENTATION_CONTEXT ( 3 ) GLOBAL_UNCERTAINTY_ASSIGNED_CONTEXT ( ( #8278 ) ) GLOBAL_UNIT_ASSIGNED_CONTEXT ( ( #3886, #9768, #4748 ) ) REPRESENTATION_CONTEXT ( 'NONE', 'WORKASPACE' ) );
#5645 = LINE ( 'NONE', #6285, #5386 ) ;
#5646 = COLOUR_RGB ( '',0.7960784313725489700, 0.8235294117647058400, 0.9372549019607843100 ) ;
#5647 = MECHANICAL_DESIGN_GEOMETRIC_PRESENTATION_REPRESENTATION (  '', ( #3932 ), #6205 ) ;
#5648 =( LENGTH_UNIT ( ) NAMED_UNIT ( * ) SI_UNIT ( .MILLI., .METRE. ) );
#5649 = VECTOR ( 'NONE', #5272, 1000.000000000000000 ) ;
#5650 =( NAMED_UNIT ( * ) PLANE_ANGLE_UNIT ( ) SI_UNIT ( $, .RADIAN. ) );
#5651 =( NAMED_UNIT ( * ) PLANE_ANGLE_UNIT ( ) SI_UNIT ( $, .RADIAN. ) );
#5652 = DIRECTION ( 'NONE',  ( 0.0000000000000000000, 1.000000000000000000, 0.0000000000000000000 ) ) ;
#5653 = DIRECTION ( 'NONE',  ( -0.0000000000000000000, -0.0000000000000000000, -1.000000000000000000 ) ) ;
#5654 =( NAMED_UNIT ( * ) PLANE_ANGLE_UNIT ( ) SI_UNIT ( $, .RADIAN. ) );
#5655 = SURFACE_STYLE_FILL_AREA ( #7705 ) ;
#5656 = PRESENTATION_LAYER_ASSIGNMENT (  '', '', ( #4527 ) ) ;
#5657 = ADVANCED_FACE ( 'NONE', ( #10508 ), #10568, .T. ) ;
#5658 = LINE ( 'NONE', #9150, #188 ) ;
#5659 = DIRECTION ( 'NONE',  ( 0.0000000000000000000, 1.000000000000000000, 0.0000000000000000000 ) ) ;
#5660 = VECTOR ( 'NONE', #7531, 1000.000000000000100 ) ;
#5661 = ORIENTED_EDGE ( 'NONE', *, *, #1971, .T. ) ;
#5662 = DIRECTION ( 'NONE',  ( 0.7071067811865470200, 0.0000000000000000000, -0.7071067811865481300 ) ) ;
#5663 = LINE ( 'NONE', #3839, #7899 ) ;
#5664 = VERTEX_POINT ( 'NONE', #4685 ) ;
#5665 = CARTESIAN_POINT ( 'NONE',  ( -1.590000000000000300, 11.70000000000000100, -17.55999999999999900 ) ) ;
#5666 =( GEOMETRIC_REPRESENTATION_CONTEXT ( 3 ) GLOBAL_UNCERTAINTY_ASSIGNED_CONTEXT ( ( #10792 ) ) GLOBAL_UNIT_ASSIGNED_CONTEXT ( ( #4083, #9974, #4961 ) ) REPRESENTATION_CONTEXT ( 'NONE', 'WORKASPACE' ) );
#5667 =( LENGTH_UNIT ( ) NAMED_UNIT ( * ) SI_UNIT ( .MILLI., .METRE. ) );
#5668 = STYLED_ITEM ( 'NONE', ( #3764 ), #1467 ) ;
#5669 = UNCERTAINTY_MEASURE_WITH_UNIT (LENGTH_MEASURE( 1.000000000000000100E-005 ), #7186, 'distance_accuracy_value', 'NONE');
#5670 = SURFACE_STYLE_USAGE ( .BOTH. , #10702 ) ;
#5671 = SURFACE_SIDE_STYLE ('',( #6692 ) ) ;
#5672 = ADVANCED_FACE ( 'NONE', ( #2971 ), #448, .F. ) ;
#5673 = CARTESIAN_POINT ( 'NONE',  ( -0.9499999999999999600, -2.799999999999999400, -5.299999999999999800 ) ) ;
#5674 = UNCERTAINTY_MEASURE_WITH_UNIT (LENGTH_MEASURE( 1.000000000000000100E-005 ), #2703, 'distance_accuracy_value', 'NONE');
#5675 = FILL_AREA_STYLE ('',( #6479 ) ) ;
#5676 = ORIENTED_EDGE ( 'NONE', *, *, #7225, .F. ) ;
#5677 = EDGE_CURVE ( 'NONE', #9338, #8941, #10898, .T. ) ;
#5678 = DIRECTION ( 'NONE',  ( 0.0000000000000000000, -0.0000000000000000000, 1.000000000000000000 ) ) ;
#5679 = DIRECTION ( 'NONE',  ( 0.0000000000000000000, 1.000000000000000000, 0.0000000000000000000 ) ) ;
#5680 = DIRECTION ( 'NONE',  ( 0.0000000000000000000, 1.000000000000000000, 0.0000000000000000000 ) ) ;
#5681 = AXIS2_PLACEMENT_3D ( 'NONE', #8383, #3344, #9218 ) ;
#5682 = EDGE_CURVE ( 'NONE', #7190, #1033, #8642, .T. ) ;
#5683 = VERTEX_POINT ( 'NONE', #7283 ) ;
#5684 = DIRECTION ( 'NONE',  ( -0.0000000000000000000, -0.0000000000000000000, -1.000000000000000000 ) ) ;
#5685 = CARTESIAN_POINT ( 'NONE',  ( 1.590000000000000100, -2.799999999999999400, -2.760000000000000200 ) ) ;
#5686 = EDGE_CURVE ( 'NONE', #1883, #1011, #10639, .T. ) ;
#5687 = LINE ( 'NONE', #5526, #3713 ) ;
#5688 = CARTESIAN_POINT ( 'NONE',  ( -0.9499999999999999600, -2.799999999999999400, -15.02000000000000000 ) ) ;
#5689 = STYLED_ITEM ( 'NONE', ( #10138 ), #447 ) ;
#5690 = SURFACE_STYLE_USAGE ( .BOTH. , #10738 ) ;
#5692 =( NAMED_UNIT ( * ) PLANE_ANGLE_UNIT ( ) SI_UNIT ( $, .RADIAN. ) );
#5691 = VECTOR ( 'NONE', #880, 1000.000000000000000 ) ;
#5693 = CARTESIAN_POINT ( 'NONE',  ( 1.590000000000000100, 11.70000000000000100, -20.10000000000000100 ) ) ;
#5694 = ORIENTED_EDGE ( 'NONE', *, *, #5402, .T. ) ;
#5695 = ORIENTED_EDGE ( 'NONE', *, *, #9460, .T. ) ;
#5696 = CARTESIAN_POINT ( 'NONE',  ( -2.019999999999999600, 0.2999999999999999900, -1.270000000000000000 ) ) ;
#5697 = CARTESIAN_POINT ( 'NONE',  ( 2.540000000000000900, 1.700000000000000000, -18.64999999999999900 ) ) ;
#5698 = CARTESIAN_POINT ( 'NONE',  ( -1.050000000000000000, 11.70000000000000100, -13.02000000000000100 ) ) ;
#5699 = CARTESIAN_POINT ( 'NONE',  ( -2.019999999999999600, 0.2999999999999999900, -1.270000000000000000 ) ) ;
#5700 = SURFACE_STYLE_USAGE ( .BOTH. , #10749 ) ;
#5701 = VECTOR ( 'NONE', #9898, 1000.000000000000000 ) ;
#5702 = ORIENTED_EDGE ( 'NONE', *, *, #5231, .T. ) ;
#5703 = DIRECTION ( 'NONE',  ( -1.000000000000000000, 0.0000000000000000000, -0.0000000000000000000 ) ) ;
#5704 = CARTESIAN_POINT ( 'NONE',  ( 0.9499999999999999600, 11.70000000000000100, -7.839999999999999900 ) ) ;
#5705 =( GEOMETRIC_REPRESENTATION_CONTEXT ( 3 ) GLOBAL_UNCERTAINTY_ASSIGNED_CONTEXT ( ( #5993 ) ) GLOBAL_UNIT_ASSIGNED_CONTEXT ( ( #4111, #9996, #4983 ) ) REPRESENTATION_CONTEXT ( 'NONE', 'WORKASPACE' ) );
#5706 = ORIENTED_EDGE ( 'NONE', *, *, #9395, .F. ) ;
#5707 = SURFACE_SIDE_STYLE ('',( #360 ) ) ;
#5708 = ADVANCED_FACE ( 'NONE', ( #6160 ), #3068, .T. ) ;
#5709 = SURFACE_SIDE_STYLE ('',( #5111 ) ) ;
#5710 =( LENGTH_UNIT ( ) NAMED_UNIT ( * ) SI_UNIT ( .MILLI., .METRE. ) );
#5711 = EDGE_LOOP ( 'NONE', ( #7439, #4539, #2859, #5661 ) ) ;
#5712 =( NAMED_UNIT ( * ) SI_UNIT ( $, .STERADIAN. ) SOLID_ANGLE_UNIT ( ) );
#5713 = LINE ( 'NONE', #3947, #9120 ) ;
#5714 = EDGE_CURVE ( 'NONE', #3225, #3995, #5378, .T. ) ;
#5715 = ORIENTED_EDGE ( 'NONE', *, *, #4245, .F. ) ;
#5716 = PRESENTATION_LAYER_ASSIGNMENT (  '', '', ( #4595 ) ) ;
#5717 = COLOUR_RGB ( '',0.7960784313725489700, 0.8235294117647058400, 0.9372549019607843100 ) ;
#5718 = FILL_AREA_STYLE ('',( #1445 ) ) ;
#5719 = CARTESIAN_POINT ( 'NONE',  ( 1.590000000000000100, -2.799999999999999400, -12.48000000000000200 ) ) ;
#5720 = VERTEX_POINT ( 'NONE', #4833 ) ;
#5721 = UNCERTAINTY_MEASURE_WITH_UNIT (LENGTH_MEASURE( 1.000000000000000100E-005 ), #4401, 'distance_accuracy_value', 'NONE');
#5722 = STYLED_ITEM ( 'NONE', ( #9565 ), #3817 ) ;
#5723 = PRESENTATION_LAYER_ASSIGNMENT (  '', '', ( #4601 ) ) ;
#5724 = STYLED_ITEM ( 'NONE', ( #1252 ), #1091 ) ;
#5725 = ORIENTED_EDGE ( 'NONE', *, *, #3777, .F. ) ;
#5726 = UNCERTAINTY_MEASURE_WITH_UNIT (LENGTH_MEASURE( 1.000000000000000100E-005 ), #9752, 'distance_accuracy_value', 'NONE');
#5727 =( NAMED_UNIT ( * ) PLANE_ANGLE_UNIT ( ) SI_UNIT ( $, .RADIAN. ) );
#5728 = COLOUR_RGB ( '',0.7960784313725489700, 0.8235294117647058400, 0.9372549019607843100 ) ;
#5729 = PRESENTATION_LAYER_ASSIGNMENT (  '', '', ( #4607 ) ) ;
#5730 = DIRECTION ( 'NONE',  ( -0.7071067811865489100, -0.0000000000000000000, 0.7071067811865462400 ) ) ;
#5731 = DIRECTION ( 'NONE',  ( 1.000000000000000000, 0.0000000000000000000, -2.492418787322998300E-016 ) ) ;
#5732 = SURFACE_SIDE_STYLE ('',( #8924 ) ) ;
#5733 = DIRECTION ( 'NONE',  ( -0.7372346670543746800, -0.0000000000000000000, 0.6756367705307528800 ) ) ;
#5734 = EDGE_CURVE ( 'NONE', #3977, #5302, #832, .T. ) ;
#5735 = CARTESIAN_POINT ( 'NONE',  ( 0.0000000000000000000, -2.799999999999999400, -10.16000000000000000 ) ) ;
#5736 = ORIENTED_EDGE ( 'NONE', *, *, #1417, .F. ) ;
#5737 = UNCERTAINTY_MEASURE_WITH_UNIT (LENGTH_MEASURE( 1.000000000000000100E-005 ), #5785, 'distance_accuracy_value', 'NONE');
#5738 = AXIS2_PLACEMENT_3D ( 'NONE', #10057, #5042, #10923 ) ;
#5739 = ORIENTED_EDGE ( 'NONE', *, *, #3627, .T. ) ;
#5740 = MECHANICAL_DESIGN_GEOMETRIC_PRESENTATION_REPRESENTATION (  '', ( #4033 ), #6299 ) ;
#5741 = LINE ( 'NONE', #3680, #1227 ) ;
#5742 = EDGE_CURVE ( 'NONE', #24, #7823, #3103, .T. ) ;
#5743 =( NAMED_UNIT ( * ) PLANE_ANGLE_UNIT ( ) SI_UNIT ( $, .RADIAN. ) );
#5744 = VECTOR ( 'NONE', #7473, 999.9999999999998900 ) ;
#5745 = EDGE_CURVE ( 'NONE', #2097, #2206, #7597, .T. ) ;
#5746 = DIRECTION ( 'NONE',  ( -0.7071067811865469100, -0.0000000000000000000, 0.7071067811865482400 ) ) ;
#5747 = FILL_AREA_STYLE ('',( #2350 ) ) ;
#5748 = ORIENTED_EDGE ( 'NONE', *, *, #6301, .F. ) ;
#5749 = CARTESIAN_POINT ( 'NONE',  ( 1.490000000000000000, -2.799999999999999400, -9.840000000000001600 ) ) ;
#5750 = VECTOR ( 'NONE', #869, 1000.000000000000000 ) ;
#5751 = STYLED_ITEM ( 'NONE', ( #9759 ), #108 ) ;
#5752 = DIRECTION ( 'NONE',  ( -0.7071067811865489100, -0.0000000000000000000, 0.7071067811865462400 ) ) ;
#5753 = CARTESIAN_POINT ( 'NONE',  ( -2.540000000000000000, 1.700000000000000000, -13.60342105263158000 ) ) ;
#5754 =( NAMED_UNIT ( * ) SI_UNIT ( $, .STERADIAN. ) SOLID_ANGLE_UNIT ( ) );
#5755 = VECTOR ( 'NONE', #8328, 1000.000000000000000 ) ;
#5756 = VECTOR ( 'NONE', #7849, 1000.000000000000000 ) ;
#5757 = CARTESIAN_POINT ( 'NONE',  ( -1.050000000000000000, 11.70000000000000100, -2.860000000000000300 ) ) ;
#5758 =( NAMED_UNIT ( * ) SI_UNIT ( $, .STERADIAN. ) SOLID_ANGLE_UNIT ( ) );
#5759 = DIRECTION ( 'NONE',  ( 0.0000000000000000000, 1.000000000000000000, 0.0000000000000000000 ) ) ;
#5760 = ADVANCED_FACE ( 'NONE', ( #7333 ), #4868, .T. ) ;
#5761 = VECTOR ( 'NONE', #2407, 1000.000000000000000 ) ;
#5762 = EDGE_CURVE ( 'NONE', #5845, #291, #937, .T. ) ;
#5763 = LINE ( 'NONE', #7243, #9963 ) ;
#5764 =( NAMED_UNIT ( * ) PLANE_ANGLE_UNIT ( ) SI_UNIT ( $, .RADIAN. ) );
#5765 = FILL_AREA_STYLE ('',( #4056 ) ) ;
#5766 = FILL_AREA_STYLE ('',( #9906 ) ) ;
#5767 = COLOUR_RGB ( '',0.7960784313725489700, 0.8235294117647058400, 0.9372549019607843100 ) ;
#5768 =( GEOMETRIC_REPRESENTATION_CONTEXT ( 3 ) GLOBAL_UNCERTAINTY_ASSIGNED_CONTEXT ( ( #3708 ) ) GLOBAL_UNIT_ASSIGNED_CONTEXT ( ( #446, #6410, #1318 ) ) REPRESENTATION_CONTEXT ( 'NONE', 'WORKASPACE' ) );
#5769 = FILL_AREA_STYLE_COLOUR ( '', #6819 ) ;
#5770 = CARTESIAN_POINT ( 'NONE',  ( -2.540000000000000000, 1.700000000000000000, -21.22342105263157900 ) ) ;
#5771 = AXIS2_PLACEMENT_3D ( 'NONE', #5697, #578, #6550 ) ;
#5772 = PRESENTATION_STYLE_ASSIGNMENT (( #3050 ) ) ;
#5773 = CARTESIAN_POINT ( 'NONE',  ( -0.9499999999999999600, -2.799999999999999400, -18.00000000000000400 ) ) ;
#5774 = SURFACE_SIDE_STYLE ('',( #723 ) ) ;
#5775 = COLOUR_RGB ( '',0.7921568627450980000, 0.8196078431372548800, 0.9333333333333333500 ) ;
#5776 =( LENGTH_UNIT ( ) NAMED_UNIT ( * ) SI_UNIT ( .MILLI., .METRE. ) );
#5777 = VECTOR ( 'NONE', #10880, 1000.000000000000000 ) ;
#5778 = EDGE_CURVE ( 'NONE', #6764, #8743, #3203, .T. ) ;
#5779 = DIRECTION ( 'NONE',  ( -1.000000000000000000, 0.0000000000000000000, 0.0000000000000000000 ) ) ;
#5780 = CARTESIAN_POINT ( 'NONE',  ( 1.490000000000000000, -2.799999999999999400, -17.46000000000000100 ) ) ;
#5781 = LINE ( 'NONE', #10928, #7761 ) ;
#5782 = AXIS2_PLACEMENT_3D ( 'NONE', #179, #6137, #1059 ) ;
#5783 = PRESENTATION_LAYER_ASSIGNMENT (  '', '', ( #4666 ) ) ;
#5784 = LINE ( 'NONE', #10583, #3544 ) ;
#5785 =( LENGTH_UNIT ( ) NAMED_UNIT ( * ) SI_UNIT ( .MILLI., .METRE. ) );
#5786 = PRESENTATION_LAYER_ASSIGNMENT (  '', '', ( #4671 ) ) ;
#5787 = SURFACE_STYLE_USAGE ( .BOTH. , #10841 ) ;
#5788 = ORIENTED_EDGE ( 'NONE', *, *, #2518, .T. ) ;
#5789 = FILL_AREA_STYLE_COLOUR ( '', #8569 ) ;
#5790 = CARTESIAN_POINT ( 'NONE',  ( 1.590000000000000100, -2.799999999999999400, -2.319999999999999800 ) ) ;
#5791 = ORIENTED_EDGE ( 'NONE', *, *, #6300, .T. ) ;
#5792 = UNCERTAINTY_MEASURE_WITH_UNIT (LENGTH_MEASURE( 1.000000000000000100E-005 ), #4422, 'distance_accuracy_value', 'NONE');
#5793 =( NAMED_UNIT ( * ) SI_UNIT ( $, .STERADIAN. ) SOLID_ANGLE_UNIT ( ) );
#5794 = UNCERTAINTY_MEASURE_WITH_UNIT (LENGTH_MEASURE( 1.000000000000000100E-005 ), #123, 'distance_accuracy_value', 'NONE');
#5795 = PLANE ( 'NONE',  #1566 ) ;
#5796 = DIRECTION ( 'NONE',  ( 0.0000000000000000000, 1.000000000000000000, 0.0000000000000000000 ) ) ;
#5797 = MECHANICAL_DESIGN_GEOMETRIC_PRESENTATION_REPRESENTATION (  '', ( #4093 ), #6358 ) ;
#5798 = CARTESIAN_POINT ( 'NONE',  ( 2.140000000000001500, 1.700000000000000000, -19.05000000000000100 ) ) ;
#5799 = VERTEX_POINT ( 'NONE', #2589 ) ;
#5800 =( LENGTH_UNIT ( ) NAMED_UNIT ( * ) SI_UNIT ( .MILLI., .METRE. ) );
#5801 = ORIENTED_EDGE ( 'NONE', *, *, #6068, .T. ) ;
#5802 = PLANE ( 'NONE',  #9924 ) ;
#5803 = PRESENTATION_STYLE_ASSIGNMENT (( #8994 ) ) ;
#5804 = DIRECTION ( 'NONE',  ( 1.000000000000000000, 0.0000000000000000000, 1.232047923278982200E-016 ) ) ;
#5805 = EDGE_CURVE ( 'NONE', #1475, #5012, #2932, .T. ) ;
#5806 = LINE ( 'NONE', #10273, #10284 ) ;
#5807 =( LENGTH_UNIT ( ) NAMED_UNIT ( * ) SI_UNIT ( .MILLI., .METRE. ) );
#5808 = ADVANCED_FACE ( 'NONE', ( #5210 ), #4310, .T. ) ;
#5809 = ORIENTED_EDGE ( 'NONE', *, *, #5051, .T. ) ;
#5810 = FILL_AREA_STYLE_COLOUR ( '', #856 ) ;
#5811 = PLANE ( 'NONE',  #9584 ) ;
#5812 = EDGE_LOOP ( 'NONE', ( #10424, #6539, #7053, #4538 ) ) ;
#5813 = EDGE_CURVE ( 'NONE', #1686, #5034, #10869, .T. ) ;
#5814 = CARTESIAN_POINT ( 'NONE',  ( -2.540000000000000000, 1.700000000000000000, -16.14342105263157700 ) ) ;
#5815 = EDGE_LOOP ( 'NONE', ( #1460, #5088, #2094, #9403, #5015, #5839, #5736, #9520 ) ) ;
#5816 = VERTEX_POINT ( 'NONE', #10233 ) ;
#5817 = FILL_AREA_STYLE_COLOUR ( '', #3494 ) ;
#5818 = PRESENTATION_STYLE_ASSIGNMENT (( #888 ) ) ;
#5819 = CARTESIAN_POINT ( 'NONE',  ( -1.590000000000000300, 11.70000000000000100, -0.2200000000000002500 ) ) ;
#5820 = EDGE_CURVE ( 'NONE', #9936, #9277, #4128, .T. ) ;
#5821 = MECHANICAL_DESIGN_GEOMETRIC_PRESENTATION_REPRESENTATION (  '', ( #4121 ), #6397 ) ;
#5822 = FILL_AREA_STYLE ('',( #3266 ) ) ;
#5823 = LINE ( 'NONE', #6046, #5570 ) ;
#5824 = DIRECTION ( 'NONE',  ( 0.0000000000000000000, 0.0000000000000000000, 1.000000000000000000 ) ) ;
#5825 = LINE ( 'NONE', #1503, #5571 ) ;
#5826 = STYLED_ITEM ( 'NONE', ( #7214 ), #5672 ) ;
#5827 = STYLED_ITEM ( 'NONE', ( #666 ), #10214 ) ;
#5828 = ORIENTED_EDGE ( 'NONE', *, *, #5572, .F. ) ;
#5829 = VECTOR ( 'NONE', #5730, 1000.000000000000000 ) ;
#5830 = CARTESIAN_POINT ( 'NONE',  ( 0.0000000000000000000, -2.799999999999999400, -17.78000000000000100 ) ) ;
#5831 = CARTESIAN_POINT ( 'NONE',  ( 0.9499999999999999600, -2.799999999999999400, -5.299999999999999800 ) ) ;
#5832 = ORIENTED_EDGE ( 'NONE', *, *, #3226, .F. ) ;
#5833 = ORIENTED_EDGE ( 'NONE', *, *, #2644, .F. ) ;
#5834 = DIRECTION ( 'NONE',  ( -0.7071067811865489100, -0.0000000000000000000, -0.7071067811865461300 ) ) ;
#5835 =( LENGTH_UNIT ( ) NAMED_UNIT ( * ) SI_UNIT ( .MILLI., .METRE. ) );
#5836 = PRESENTATION_STYLE_ASSIGNMENT (( #3939 ) ) ;
#5837 = COLOUR_RGB ( '',0.7960784313725489700, 0.8235294117647058400, 0.9372549019607843100 ) ;
#5838 = CARTESIAN_POINT ( 'NONE',  ( -1.590000000000000300, -2.799999999999999400, -7.839999999999999900 ) ) ;
#5839 = ORIENTED_EDGE ( 'NONE', *, *, #6962, .F. ) ;
#5840 = CARTESIAN_POINT ( 'NONE',  ( -1.050000000000000000, 11.70000000000000100, -17.46000000000000100 ) ) ;
#5841 = MECHANICAL_DESIGN_GEOMETRIC_PRESENTATION_REPRESENTATION (  '', ( #4144 ), #6416 ) ;
#5842 = CARTESIAN_POINT ( 'NONE',  ( -1.590000000000000300, -2.799999999999999400, -20.54000000000000300 ) ) ;
#5843 = ORIENTED_EDGE ( 'NONE', *, *, #42, .T. ) ;
#5844 =( NAMED_UNIT ( * ) PLANE_ANGLE_UNIT ( ) SI_UNIT ( $, .RADIAN. ) );
#5845 = VERTEX_POINT ( 'NONE', #6049 ) ;
#5846 = CARTESIAN_POINT ( 'NONE',  ( 2.140000000000001500, 0.0000000000000000000, -6.349999999999999600 ) ) ;
#5847 = PRESENTATION_LAYER_ASSIGNMENT (  '', '', ( #4721 ) ) ;
#5848 = VECTOR ( 'NONE', #10243, 999.9999999999998900 ) ;
#5849 = VERTEX_POINT ( 'NONE', #1800 ) ;
#5850 = VECTOR ( 'NONE', #2624, 1000.000000000000000 ) ;
#5851 = UNCERTAINTY_MEASURE_WITH_UNIT (LENGTH_MEASURE( 1.000000000000000100E-005 ), #6015, 'distance_accuracy_value', 'NONE');
#5852 = ORIENTED_EDGE ( 'NONE', *, *, #6293, .T. ) ;
#5853 = AXIS2_PLACEMENT_3D ( 'NONE', #1491, #7408, #2332 ) ;
#5854 = ORIENTED_EDGE ( 'NONE', *, *, #3627, .F. ) ;
#5855 = FILL_AREA_STYLE ('',( #5025 ) ) ;
#5856 =( LENGTH_UNIT ( ) NAMED_UNIT ( * ) SI_UNIT ( .MILLI., .METRE. ) );
#5857 = UNCERTAINTY_MEASURE_WITH_UNIT (LENGTH_MEASURE( 1.000000000000000100E-005 ), #4026, 'distance_accuracy_value', 'NONE');
#5858 = SURFACE_STYLE_USAGE ( .BOTH. , #10906 ) ;
#5859 = LINE ( 'NONE', #1248, #10064 ) ;
#5860 = CARTESIAN_POINT ( 'NONE',  ( 1.050000000000000000, -2.799999999999999400, -5.400000000000000400 ) ) ;
#5861 = ORIENTED_EDGE ( 'NONE', *, *, #1260, .T. ) ;
#5862 = MECHANICAL_DESIGN_GEOMETRIC_PRESENTATION_REPRESENTATION (  '', ( #4158 ), #6435 ) ;
#5863 = PRESENTATION_STYLE_ASSIGNMENT (( #10839 ) ) ;
#5864 = LINE ( 'NONE', #5961, #9007 ) ;
#5865 = SURFACE_STYLE_USAGE ( .BOTH. , #10912 ) ;
#5866 = EDGE_LOOP ( 'NONE', ( #1951, #3981, #7094, #9102 ) ) ;
#5867 = ADVANCED_FACE ( 'NONE', ( #6379 ), #2664, .T. ) ;
#5868 = ORIENTED_EDGE ( 'NONE', *, *, #7791, .F. ) ;
#5869 = DIRECTION ( 'NONE',  ( 0.0000000000000000000, 0.0000000000000000000, 1.000000000000000000 ) ) ;
#5870 = ORIENTED_EDGE ( 'NONE', *, *, #3337, .F. ) ;
#5871 = LINE ( 'NONE', #5244, #3636 ) ;
#5872 = CARTESIAN_POINT ( 'NONE',  ( 0.9499999999999999600, -2.799999999999999400, -9.940000000000001300 ) ) ;
#5873 = DIRECTION ( 'NONE',  ( 1.000000000000000000, 0.0000000000000000000, 0.0000000000000000000 ) ) ;
#5874 = LINE ( 'NONE', #5124, #5614 ) ;
#5875 = ORIENTED_EDGE ( 'NONE', *, *, #11, .F. ) ;
#5876 = VECTOR ( 'NONE', #6529, 1000.000000000000000 ) ;
#5877 = EDGE_CURVE ( 'NONE', #9674, #9998, #3333, .T. ) ;
#5878 = CARTESIAN_POINT ( 'NONE',  ( 1.490000000000000000, -2.799999999999999400, -18.10000000000000100 ) ) ;
#5879 = CARTESIAN_POINT ( 'NONE',  ( 1.490000000000000000, 11.70000000000000100, -20.00000000000000000 ) ) ;
#5880 =( GEOMETRIC_REPRESENTATION_CONTEXT ( 3 ) GLOBAL_UNCERTAINTY_ASSIGNED_CONTEXT ( ( #10103 ) ) GLOBAL_UNIT_ASSIGNED_CONTEXT ( ( #9546, #4529, #10409 ) ) REPRESENTATION_CONTEXT ( 'NONE', 'WORKASPACE' ) );
#5881 = VERTEX_POINT ( 'NONE', #8603 ) ;
#5882 = SURFACE_STYLE_FILL_AREA ( #6841 ) ;
#5883 = STYLED_ITEM ( 'NONE', ( #8149 ), #5219 ) ;
#5884 = EDGE_CURVE ( 'NONE', #1862, #925, #1083, .T. ) ;
#5885 = DIRECTION ( 'NONE',  ( 0.7071067811865463500, -0.0000000000000000000, 0.7071067811865487900 ) ) ;
#5886 = DIRECTION ( 'NONE',  ( -0.0000000000000000000, -1.000000000000000000, -0.0000000000000000000 ) ) ;
#5887 = LINE ( 'NONE', #10951, #10089 ) ;
#5888 =( NAMED_UNIT ( * ) PLANE_ANGLE_UNIT ( ) SI_UNIT ( $, .RADIAN. ) );
#5889 = LINE ( 'NONE', #4859, #10371 ) ;
#5890 = MECHANICAL_DESIGN_GEOMETRIC_PRESENTATION_REPRESENTATION (  '', ( #4187 ), #6461 ) ;
#5891 = DIRECTION ( 'NONE',  ( 0.0000000000000000000, -1.000000000000000000, 0.0000000000000000000 ) ) ;
#5892 = FACE_OUTER_BOUND ( 'NONE', #8030, .T. ) ;
#5893 = CARTESIAN_POINT ( 'NONE',  ( -1.590000000000000300, -2.799999999999999400, -18.00000000000000400 ) ) ;
#5894 = EDGE_LOOP ( 'NONE', ( #3761, #5676, #5706, #2359 ) ) ;
#5895 = SURFACE_SIDE_STYLE ('',( #1477 ) ) ;
#5896 = CARTESIAN_POINT ( 'NONE',  ( -2.540000000000000000, 1.700000000000000000, -16.14342105263157700 ) ) ;
#5897 = PRESENTATION_STYLE_ASSIGNMENT (( #363 ) ) ;
#5898 = CARTESIAN_POINT ( 'NONE',  ( -1.590000000000000300, -2.799999999999999400, -20.10000000000000100 ) ) ;
#5899 = CARTESIAN_POINT ( 'NONE',  ( 2.540000000000000900, 1.700000000000000000, -11.83000000000000200 ) ) ;
#5900 = VECTOR ( 'NONE', #7921, 1000.000000000000000 ) ;
#5901 = CARTESIAN_POINT ( 'NONE',  ( 2.540000000000000900, 0.0000000000000000000, -13.57000000000000200 ) ) ;
#5902 = SURFACE_STYLE_FILL_AREA ( #5766 ) ;
#5903 = CARTESIAN_POINT ( 'NONE',  ( -1.590000000000000300, -2.799999999999999400, -12.92000000000000200 ) ) ;
#5904 = MECHANICAL_DESIGN_GEOMETRIC_PRESENTATION_REPRESENTATION (  '', ( #4207 ), #6480 ) ;
#5905 = DIRECTION ( 'NONE',  ( -0.7372346670543746800, -0.0000000000000000000, 0.6756367705307528800 ) ) ;
#5906 =( LENGTH_UNIT ( ) NAMED_UNIT ( * ) SI_UNIT ( .MILLI., .METRE. ) );
#5907 = COLOUR_RGB ( '',0.0000000000000000000, 0.003921568627450980300, 0.09019607843137254800 ) ;
#5908 =( GEOMETRIC_REPRESENTATION_CONTEXT ( 3 ) GLOBAL_UNCERTAINTY_ASSIGNED_CONTEXT ( ( #1304 ) ) GLOBAL_UNIT_ASSIGNED_CONTEXT ( ( #5298, #173, #6132 ) ) REPRESENTATION_CONTEXT ( 'NONE', 'WORKASPACE' ) );
#5909 = VECTOR ( 'NONE', #9864, 999.9999999999998900 ) ;
#5910 =( GEOMETRIC_REPRESENTATION_CONTEXT ( 3 ) GLOBAL_UNCERTAINTY_ASSIGNED_CONTEXT ( ( #9749 ) ) GLOBAL_UNIT_ASSIGNED_CONTEXT ( ( #10045, #5031, #10911 ) ) REPRESENTATION_CONTEXT ( 'NONE', 'WORKASPACE' ) );
#5911 = COLOUR_RGB ( '',0.7960784313725489700, 0.8235294117647058400, 0.9372549019607843100 ) ;
#5912 =( LENGTH_UNIT ( ) NAMED_UNIT ( * ) SI_UNIT ( .MILLI., .METRE. ) );
#5913 = ORIENTED_EDGE ( 'NONE', *, *, #6873, .F. ) ;
#5914 = ORIENTED_EDGE ( 'NONE', *, *, #8761, .T. ) ;
#5915 = SURFACE_SIDE_STYLE ('',( #784 ) ) ;
#5916 = ADVANCED_FACE ( 'NONE', ( #7551 ), #2708, .T. ) ;
#5917 = EDGE_CURVE ( 'NONE', #8992, #1436, #10985, .T. ) ;
#5918 = VERTEX_POINT ( 'NONE', #5321 ) ;
#5919 = CARTESIAN_POINT ( 'NONE',  ( 1.490000000000000000, -2.799999999999999400, -9.840000000000001600 ) ) ;
#5920 =( NAMED_UNIT ( * ) SI_UNIT ( $, .STERADIAN. ) SOLID_ANGLE_UNIT ( ) );
#5921 = SURFACE_STYLE_FILL_AREA ( #4594 ) ;
#5922 = COLOUR_RGB ( '',0.7960784313725489700, 0.8235294117647058400, 0.9372549019607843100 ) ;
#5923 = VECTOR ( 'NONE', #5598, 1000.000000000000000 ) ;
#5924 = CARTESIAN_POINT ( 'NONE',  ( 2.540000000000000900, 1.700000000000000000, -11.83000000000000200 ) ) ;
#5925 = ORIENTED_EDGE ( 'NONE', *, *, #3821, .F. ) ;
#5926 = PLANE ( 'NONE',  #6246 ) ;
#5927 = AXIS2_PLACEMENT_3D ( 'NONE', #5831, #740, #6695 ) ;
#5928 = CARTESIAN_POINT ( 'NONE',  ( 2.540000000000000900, 1.700000000000000000, -4.210000000000000000 ) ) ;
#5929 =( LENGTH_UNIT ( ) NAMED_UNIT ( * ) SI_UNIT ( .MILLI., .METRE. ) );
#5930 = PLANE ( 'NONE',  #9192 ) ;
#5931 = VECTOR ( 'NONE', #3454, 1000.000000000000100 ) ;
#5932 = FILL_AREA_STYLE_COLOUR ( '', #4469 ) ;
#5934 = SURFACE_SIDE_STYLE ('',( #4222 ) ) ;
#5933 = VECTOR ( 'NONE', #9516, 1000.000000000000000 ) ;
#5935 =( NAMED_UNIT ( * ) PLANE_ANGLE_UNIT ( ) SI_UNIT ( $, .RADIAN. ) );
#5936 = EDGE_LOOP ( 'NONE', ( #1316, #8558, #2676, #4100 ) ) ;
#5937 = EDGE_CURVE ( 'NONE', #8956, #9487, #6775, .T. ) ;
#5938 = CARTESIAN_POINT ( 'NONE',  ( 1.490000000000000000, -2.799999999999999400, -18.10000000000000100 ) ) ;
#5939 = STYLED_ITEM ( 'NONE', ( #7877 ), #2815 ) ;
#5940 = LINE ( 'NONE', #9733, #1175 ) ;
#5941 = DIRECTION ( 'NONE',  ( 0.0000000000000000000, 1.000000000000000000, 0.0000000000000000000 ) ) ;
#5942 = CARTESIAN_POINT ( 'NONE',  ( -1.050000000000000000, -2.799999999999999400, -4.760000000000000700 ) ) ;
#5943 = PRESENTATION_LAYER_ASSIGNMENT (  '', '', ( #4825 ) ) ;
#5944 = CARTESIAN_POINT ( 'NONE',  ( 1.050000000000000000, -2.799999999999999400, -17.46000000000000100 ) ) ;
#5945 = EDGE_CURVE ( 'NONE', #3714, #5143, #2247, .T. ) ;
#5946 = DIRECTION ( 'NONE',  ( 0.0000000000000000000, 0.0000000000000000000, 1.000000000000000000 ) ) ;
#5947 = CARTESIAN_POINT ( 'NONE',  ( -1.590000000000000300, 11.70000000000000100, -12.92000000000000200 ) ) ;
#5948 = EDGE_CURVE ( 'NONE', #6541, #7288, #1991, .T. ) ;
#5949 = ORIENTED_EDGE ( 'NONE', *, *, #562, .T. ) ;
#5950 = PRESENTATION_STYLE_ASSIGNMENT (( #10321 ) ) ;
#5951 = EDGE_LOOP ( 'NONE', ( #7185, #4789, #2485, #7627 ) ) ;
#5952 = CARTESIAN_POINT ( 'NONE',  ( 2.140000000000000100, 1.700000000000000000, -21.59000000000000000 ) ) ;
#5953 = FILL_AREA_STYLE ('',( #3411 ) ) ;
#5954 = CARTESIAN_POINT ( 'NONE',  ( 0.9499999999999999600, -2.799999999999999400, -15.02000000000000000 ) ) ;
#5955 = VERTEX_POINT ( 'NONE', #4500 ) ;
#5956 = PRESENTATION_STYLE_ASSIGNMENT (( #9194 ) ) ;
#5957 = VERTEX_POINT ( 'NONE', #235 ) ;
#5958 = ORIENTED_EDGE ( 'NONE', *, *, #10818, .F. ) ;
#5959 = CARTESIAN_POINT ( 'NONE',  ( -1.490000000000000000, -2.799999999999999400, -13.02000000000000100 ) ) ;
#5960 = PLANE ( 'NONE',  #2079 ) ;
#5961 = CARTESIAN_POINT ( 'NONE',  ( 1.050000000000000000, 11.70000000000000100, -20.00000000000000000 ) ) ;
#5962 = PRESENTATION_STYLE_ASSIGNMENT (( #10181 ) ) ;
#5963 = DIRECTION ( 'NONE',  ( 1.232047923278982000E-016, 0.0000000000000000000, -1.000000000000000000 ) ) ;
#5964 = EDGE_CURVE ( 'NONE', #8883, #10582, #8726, .T. ) ;
#5965 =( NAMED_UNIT ( * ) PLANE_ANGLE_UNIT ( ) SI_UNIT ( $, .RADIAN. ) );
#5966 = EDGE_LOOP ( 'NONE', ( #4374, #673, #9723, #8069, #7960, #9772, #6753, #6179 ) ) ;
#5967 = CARTESIAN_POINT ( 'NONE',  ( -2.540000000000000000, 0.0000000000000000000, -5.983421052631579900 ) ) ;
#5968 = SURFACE_SIDE_STYLE ('',( #3116 ) ) ;
#5969 = ADVANCED_FACE ( 'NONE', ( #3985 ), #1129, .F. ) ;
#5970 = MECHANICAL_DESIGN_GEOMETRIC_PRESENTATION_REPRESENTATION (  '', ( #4279 ), #6555 ) ;
#5971 = VERTEX_POINT ( 'NONE', #6189 ) ;
#5972 = EDGE_LOOP ( 'NONE', ( #2239, #131, #627, #5476 ) ) ;
#5973 =( GEOMETRIC_REPRESENTATION_CONTEXT ( 3 ) GLOBAL_UNCERTAINTY_ASSIGNED_CONTEXT ( ( #9965 ) ) GLOBAL_UNIT_ASSIGNED_CONTEXT ( ( #8815, #3792, #9664 ) ) REPRESENTATION_CONTEXT ( 'NONE', 'WORKASPACE' ) );
#5974 = SURFACE_SIDE_STYLE ('',( #1368 ) ) ;
#5975 = LINE ( 'NONE', #209, #8208 ) ;
#5976 = ORIENTED_EDGE ( 'NONE', *, *, #6119, .F. ) ;
#5977 = SURFACE_SIDE_STYLE ('',( #1568 ) ) ;
#5978 = CARTESIAN_POINT ( 'NONE',  ( 0.9499999999999999600, -2.799999999999999400, -17.55999999999999900 ) ) ;
#5979 = CARTESIAN_POINT ( 'NONE',  ( -0.9499999999999999600, -2.799999999999999400, -18.00000000000000400 ) ) ;
#5980 = CARTESIAN_POINT ( 'NONE',  ( 0.0000000000000000000, -2.799999999999999400, -10.16000000000000000 ) ) ;
#5981 = FILL_AREA_STYLE_COLOUR ( '', #1118 ) ;
#5983 = ORIENTED_EDGE ( 'NONE', *, *, #7156, .T. ) ;
#5982 = FILL_AREA_STYLE ('',( #5145 ) ) ;
#5984 = EDGE_CURVE ( 'NONE', #9008, #1490, #923, .T. ) ;
#5985 = VERTEX_POINT ( 'NONE', #2849 ) ;
#5986 =( NAMED_UNIT ( * ) SI_UNIT ( $, .STERADIAN. ) SOLID_ANGLE_UNIT ( ) );
#5987 = LINE ( 'NONE', #2159, #1474 ) ;
#5988 =( LENGTH_UNIT ( ) NAMED_UNIT ( * ) SI_UNIT ( .MILLI., .METRE. ) );
#5989 = STYLED_ITEM ( 'NONE', ( #7052 ), #7101 ) ;
#5990 = COLOUR_RGB ( '',0.7921568627450980000, 0.8196078431372548800, 0.9333333333333333500 ) ;
#5991 = COLOUR_RGB ( '',0.7960784313725489700, 0.8235294117647058400, 0.9372549019607843100 ) ;
#5992 =( NAMED_UNIT ( * ) SI_UNIT ( $, .STERADIAN. ) SOLID_ANGLE_UNIT ( ) );
#5993 = UNCERTAINTY_MEASURE_WITH_UNIT (LENGTH_MEASURE( 1.000000000000000100E-005 ), #4111, 'distance_accuracy_value', 'NONE');
#5994 = CARTESIAN_POINT ( 'NONE',  ( 2.540000000000000900, 1.700000000000000000, -6.750000000000000900 ) ) ;
#5995 = ORIENTED_EDGE ( 'NONE', *, *, #8361, .F. ) ;
#5996 =( NAMED_UNIT ( * ) PLANE_ANGLE_UNIT ( ) SI_UNIT ( $, .RADIAN. ) );
#5997 = AXIS2_PLACEMENT_3D ( 'NONE', #7606, #2534, #8435 ) ;
#5998 = VERTEX_POINT ( 'NONE', #7891 ) ;
#5999 = SURFACE_SIDE_STYLE ('',( #1057 ) ) ;
#6000 = DIRECTION ( 'NONE',  ( 0.0000000000000000000, 0.0000000000000000000, 1.000000000000000000 ) ) ;
#6001 = UNCERTAINTY_MEASURE_WITH_UNIT (LENGTH_MEASURE( 1.000000000000000100E-005 ), #10258, 'distance_accuracy_value', 'NONE');
#6002 = AXIS2_PLACEMENT_3D ( 'NONE', #4134, #10013, #4999 ) ;
#6003 = ORIENTED_EDGE ( 'NONE', *, *, #8483, .T. ) ;
#6004 = FACE_OUTER_BOUND ( 'NONE', #10812, .T. ) ;
#6005 = VECTOR ( 'NONE', #565, 1000.000000000000000 ) ;
#6006 = FILL_AREA_STYLE ('',( #8486 ) ) ;
#6007 = STYLED_ITEM ( 'NONE', ( #4153 ), #9841 ) ;
#6008 = DIRECTION ( 'NONE',  ( 0.0000000000000000000, 1.000000000000000000, 0.0000000000000000000 ) ) ;
#6009 = DIRECTION ( 'NONE',  ( 0.7071067811865473500, -0.0000000000000000000, 0.7071067811865477900 ) ) ;
#6010 = ORIENTED_EDGE ( 'NONE', *, *, #3800, .F. ) ;
#6011 = CARTESIAN_POINT ( 'NONE',  ( 0.9499999999999999600, -2.799999999999999400, -18.00000000000000400 ) ) ;
#6012 =( LENGTH_UNIT ( ) NAMED_UNIT ( * ) SI_UNIT ( .MILLI., .METRE. ) );
#6013 = FACE_OUTER_BOUND ( 'NONE', #8837, .T. ) ;
#6014 = PRESENTATION_LAYER_ASSIGNMENT (  '', '', ( #4891 ) ) ;
#6015 =( LENGTH_UNIT ( ) NAMED_UNIT ( * ) SI_UNIT ( .MILLI., .METRE. ) );
#6016 = DIRECTION ( 'NONE',  ( 0.0000000000000000000, 1.000000000000000000, 0.0000000000000000000 ) ) ;
#6017 =( GEOMETRIC_REPRESENTATION_CONTEXT ( 3 ) GLOBAL_UNCERTAINTY_ASSIGNED_CONTEXT ( ( #7951 ) ) GLOBAL_UNIT_ASSIGNED_CONTEXT ( ( #29, #5996, #905 ) ) REPRESENTATION_CONTEXT ( 'NONE', 'WORKASPACE' ) );
#6018 = VERTEX_POINT ( 'NONE', #7919 ) ;
#6019 = PRESENTATION_STYLE_ASSIGNMENT (( #3705 ) ) ;
#6020 = SURFACE_STYLE_USAGE ( .BOTH. , #52 ) ;
#6021 = VECTOR ( 'NONE', #8296, 1000.000000000000000 ) ;
#6022 = DIRECTION ( 'NONE',  ( 0.7071067811865486800, 0.0000000000000000000, -0.7071067811865463500 ) ) ;
#6023 = PRESENTATION_STYLE_ASSIGNMENT (( #2448 ) ) ;
#6024 =( NAMED_UNIT ( * ) PLANE_ANGLE_UNIT ( ) SI_UNIT ( $, .RADIAN. ) );
#6025 = SURFACE_STYLE_FILL_AREA ( #2721 ) ;
#6026 = EDGE_CURVE ( 'NONE', #7378, #7818, #5463, .T. ) ;
#6027 = FILL_AREA_STYLE_COLOUR ( '', #6 ) ;
#6028 = MECHANICAL_DESIGN_GEOMETRIC_PRESENTATION_REPRESENTATION (  '', ( #4329 ), #6597 ) ;
#6029 = LINE ( 'NONE', #8319, #5761 ) ;
#6030 = COLOUR_RGB ( '',0.7960784313725489700, 0.8235294117647058400, 0.9372549019607843100 ) ;
#6031 = MECHANICAL_DESIGN_GEOMETRIC_PRESENTATION_REPRESENTATION (  '', ( #4331 ), #6598 ) ;
#6032 = CARTESIAN_POINT ( 'NONE',  ( 1.050000000000000000, -2.799999999999999400, -10.48000000000000200 ) ) ;
#6033 = EDGE_CURVE ( 'NONE', #511, #9187, #9637, .T. ) ;
#6034 =( NAMED_UNIT ( * ) SI_UNIT ( $, .STERADIAN. ) SOLID_ANGLE_UNIT ( ) );
#6035 = SURFACE_STYLE_FILL_AREA ( #420 ) ;
#6036 = FILL_AREA_STYLE_COLOUR ( '', #5249 ) ;
#6037 = ADVANCED_FACE ( 'NONE', ( #7164 ), #1193, .F. ) ;
#6038 = COLOUR_RGB ( '',0.7960784313725489700, 0.8235294117647058400, 0.9372549019607843100 ) ;
#6039 =( NAMED_UNIT ( * ) PLANE_ANGLE_UNIT ( ) SI_UNIT ( $, .RADIAN. ) );
#6040 = DIRECTION ( 'NONE',  ( 0.7071067811865477900, 0.0000000000000000000, -0.7071067811865473500 ) ) ;
#6041 = EDGE_CURVE ( 'NONE', #8535, #9525, #6366, .T. ) ;
#6042 = PRESENTATION_LAYER_ASSIGNMENT (  '', '', ( #4915 ) ) ;
#6043 = FILL_AREA_STYLE ('',( #1995 ) ) ;
#6044 =( LENGTH_UNIT ( ) NAMED_UNIT ( * ) SI_UNIT ( .MILLI., .METRE. ) );
#6045 = LINE ( 'NONE', #2403, #10250 ) ;
#6046 = CARTESIAN_POINT ( 'NONE',  ( -1.050000000000000000, -2.799999999999999400, -14.92000000000000200 ) ) ;
#6047 = DIRECTION ( 'NONE',  ( 1.232047923278982000E-016, 0.0000000000000000000, -1.000000000000000000 ) ) ;
#6048 =( NAMED_UNIT ( * ) SI_UNIT ( $, .STERADIAN. ) SOLID_ANGLE_UNIT ( ) );
#6049 = CARTESIAN_POINT ( 'NONE',  ( 1.050000000000000000, -2.799999999999999400, -0.3200000000000001200 ) ) ;
#6050 = DIRECTION ( 'NONE',  ( -0.7071067811865470200, 0.0000000000000000000, 0.7071067811865481300 ) ) ;
#6051 = PRESENTATION_STYLE_ASSIGNMENT (( #1106 ) ) ;
#6052 =( LENGTH_UNIT ( ) NAMED_UNIT ( * ) SI_UNIT ( .MILLI., .METRE. ) );
#6053 = FILL_AREA_STYLE ('',( #2629 ) ) ;
#6054 = VERTEX_POINT ( 'NONE', #2061 ) ;
#6055 = SURFACE_STYLE_FILL_AREA ( #1302 ) ;
#6056 = SURFACE_SIDE_STYLE ('',( #2764 ) ) ;
#6057 = FACE_OUTER_BOUND ( 'NONE', #992, .T. ) ;
#6058 = LINE ( 'NONE', #6561, #3805 ) ;
#6059 = DIRECTION ( 'NONE',  ( -0.0000000000000000000, -0.0000000000000000000, -1.000000000000000000 ) ) ;
#6060 = PRESENTATION_LAYER_ASSIGNMENT (  '', '', ( #5500 ) ) ;
#6061 = ORIENTED_EDGE ( 'NONE', *, *, #10797, .F. ) ;
#6062 = FILL_AREA_STYLE ('',( #6027 ) ) ;
#6063 = DIRECTION ( 'NONE',  ( 0.0000000000000000000, 0.0000000000000000000, 1.000000000000000000 ) ) ;
#6064 = AXIS2_PLACEMENT_3D ( 'NONE', #9552, #4534, #10413 ) ;
#6065 = SURFACE_SIDE_STYLE ('',( #6444 ) ) ;
#6066 = CARTESIAN_POINT ( 'NONE',  ( 0.0000000000000000000, 11.70000000000000100, 0.0000000000000000000 ) ) ;
#6067 = CARTESIAN_POINT ( 'NONE',  ( 0.9499999999999999600, -2.799999999999999400, -2.760000000000000200 ) ) ;
#6068 = EDGE_CURVE ( 'NONE', #7064, #10200, #2112, .T. ) ;
#6069 = ORIENTED_EDGE ( 'NONE', *, *, #1971, .F. ) ;
#6070 = DIRECTION ( 'NONE',  ( 0.0000000000000000000, 0.0000000000000000000, 1.000000000000000000 ) ) ;
#6071 = STYLED_ITEM ( 'NONE', ( #5772 ), #9450 ) ;
#6072 = UNCERTAINTY_MEASURE_WITH_UNIT (LENGTH_MEASURE( 1.000000000000000100E-005 ), #500, 'distance_accuracy_value', 'NONE');
#6073 = FILL_AREA_STYLE ('',( #71 ) ) ;
#6074 = CARTESIAN_POINT ( 'NONE',  ( 2.140000000000000100, 0.0000000000000000000, -21.59000000000000000 ) ) ;
#6075 = CARTESIAN_POINT ( 'NONE',  ( 1.590000000000000100, -2.799999999999999400, -15.02000000000000000 ) ) ;
#6076 = PRESENTATION_LAYER_ASSIGNMENT (  '', '', ( #4958 ) ) ;
#6077 =( GEOMETRIC_REPRESENTATION_CONTEXT ( 3 ) GLOBAL_UNCERTAINTY_ASSIGNED_CONTEXT ( ( #10785 ) ) GLOBAL_UNIT_ASSIGNED_CONTEXT ( ( #8793, #3770, #9630 ) ) REPRESENTATION_CONTEXT ( 'NONE', 'WORKASPACE' ) );
#6078 = PRESENTATION_LAYER_ASSIGNMENT (  '', '', ( #4963 ) ) ;
#6079 = ORIENTED_EDGE ( 'NONE', *, *, #10215, .T. ) ;
#6080 =( NAMED_UNIT ( * ) PLANE_ANGLE_UNIT ( ) SI_UNIT ( $, .RADIAN. ) );
#6081 = VECTOR ( 'NONE', #5368, 1000.000000000000100 ) ;
#6082 = SURFACE_STYLE_USAGE ( .BOTH. , #125 ) ;
#6083 = CARTESIAN_POINT ( 'NONE',  ( 0.0000000000000000000, 11.70000000000000100, -15.24000000000000000 ) ) ;
#6084 = FILL_AREA_STYLE ('',( #6900 ) ) ;
#6085 = ORIENTED_EDGE ( 'NONE', *, *, #8282, .F. ) ;
#6086 =( GEOMETRIC_REPRESENTATION_CONTEXT ( 3 ) GLOBAL_UNCERTAINTY_ASSIGNED_CONTEXT ( ( #6680 ) ) GLOBAL_UNIT_ASSIGNED_CONTEXT ( ( #4605, #10487, #5448 ) ) REPRESENTATION_CONTEXT ( 'NONE', 'WORKASPACE' ) );
#6087 = CARTESIAN_POINT ( 'NONE',  ( -1.590000000000000300, 11.70000000000000100, -5.300000000000000700 ) ) ;
#6088 = ADVANCED_FACE ( 'NONE', ( #8330 ), #3793, .F. ) ;
#6089 = EDGE_CURVE ( 'NONE', #3743, #5998, #7539, .T. ) ;
#6090 = COLOUR_RGB ( '',0.0000000000000000000, 0.003921568627450980300, 0.09019607843137254800 ) ;
#6091 = VERTEX_POINT ( 'NONE', #10565 ) ;
#6092 = MECHANICAL_DESIGN_GEOMETRIC_PRESENTATION_REPRESENTATION (  '', ( #4395 ), #6659 ) ;
#6093 = FACE_OUTER_BOUND ( 'NONE', #7844, .T. ) ;
#6094 = DIRECTION ( 'NONE',  ( -0.0000000000000000000, -1.000000000000000000, -0.0000000000000000000 ) ) ;
#6095 = CARTESIAN_POINT ( 'NONE',  ( 1.050000000000000000, -2.799999999999999400, -7.299999999999999800 ) ) ;
#6096 = CARTESIAN_POINT ( 'NONE',  ( -2.540000000000000000, 1.700000000000000000, -3.443421052631578900 ) ) ;
#6097 = EDGE_CURVE ( 'NONE', #1502, #4090, #9773, .T. ) ;
#6098 = EDGE_CURVE ( 'NONE', #717, #10324, #5329, .T. ) ;
#6099 = CARTESIAN_POINT ( 'NONE',  ( 2.540000000000000900, 1.700000000000000000, -19.45000000000000300 ) ) ;
#6100 = FILL_AREA_STYLE_COLOUR ( '', #8250 ) ;
#6101 = ADVANCED_FACE ( 'NONE', ( #5056 ), #2992, .T. ) ;
#6102 = ORIENTED_EDGE ( 'NONE', *, *, #1896, .T. ) ;
#6103 = VECTOR ( 'NONE', #626, 1000.000000000000000 ) ;
#6104 = CARTESIAN_POINT ( 'NONE',  ( 0.9499999999999999600, -2.799999999999999400, -15.02000000000000000 ) ) ;
#6105 = PRESENTATION_LAYER_ASSIGNMENT (  '', '', ( #4982 ) ) ;
#6106 = ORIENTED_EDGE ( 'NONE', *, *, #10551, .T. ) ;
#6107 = DIRECTION ( 'NONE',  ( 0.7071067811865487900, 0.0000000000000000000, -0.7071067811865463500 ) ) ;
#6108 = PLANE ( 'NONE',  #3542 ) ;
#6109 = VECTOR ( 'NONE', #10893, 1000.000000000000100 ) ;
#6110 = FILL_AREA_STYLE_COLOUR ( '', #3356 ) ;
#6111 = VECTOR ( 'NONE', #1854, 1000.000000000000000 ) ;
#6112 = ORIENTED_EDGE ( 'NONE', *, *, #5622, .F. ) ;
#6113 =( NAMED_UNIT ( * ) PLANE_ANGLE_UNIT ( ) SI_UNIT ( $, .RADIAN. ) );
#6114 = FILL_AREA_STYLE ('',( #5288 ) ) ;
#6115 = ORIENTED_EDGE ( 'NONE', *, *, #4759, .F. ) ;
#6116 = CARTESIAN_POINT ( 'NONE',  ( 1.490000000000000000, -2.799999999999999400, -4.760000000000000700 ) ) ;
#6117 = CARTESIAN_POINT ( 'NONE',  ( 0.9499999999999999600, -2.799999999999999400, -7.839999999999999900 ) ) ;
#6118 = FILL_AREA_STYLE ('',( #9449 ) ) ;
#6119 = EDGE_CURVE ( 'NONE', #3295, #1449, #8715, .T. ) ;
#6120 = CARTESIAN_POINT ( 'NONE',  ( 0.9499999999999999600, -2.799999999999999400, -2.760000000000000200 ) ) ;
#6121 = LINE ( 'NONE', #9381, #5848 ) ;
#6122 = VECTOR ( 'NONE', #4030, 1000.000000000000000 ) ;
#6123 = ORIENTED_EDGE ( 'NONE', *, *, #3822, .F. ) ;
#6124 = VECTOR ( 'NONE', #5164, 1000.000000000000000 ) ;
#6125 =( LENGTH_UNIT ( ) NAMED_UNIT ( * ) SI_UNIT ( .MILLI., .METRE. ) );
#6126 = COLOUR_RGB ( '',0.7960784313725489700, 0.8235294117647058400, 0.9372549019607843100 ) ;
#6127 = STYLED_ITEM ( 'NONE', ( #7809 ), #6260 ) ;
#6128 = ORIENTED_EDGE ( 'NONE', *, *, #10024, .F. ) ;
#6129 = MECHANICAL_DESIGN_GEOMETRIC_PRESENTATION_REPRESENTATION (  '', ( #4430 ), #6701 ) ;
#6130 = ORIENTED_EDGE ( 'NONE', *, *, #2719, .T. ) ;
#6131 = MECHANICAL_DESIGN_GEOMETRIC_PRESENTATION_REPRESENTATION (  '', ( #5008 ), #6704 ) ;
#6132 =( NAMED_UNIT ( * ) SI_UNIT ( $, .STERADIAN. ) SOLID_ANGLE_UNIT ( ) );
#6133 = FILL_AREA_STYLE_COLOUR ( '', #6030 ) ;
#6134 = EDGE_CURVE ( 'NONE', #3928, #5213, #4248, .T. ) ;
#6135 = UNCERTAINTY_MEASURE_WITH_UNIT (LENGTH_MEASURE( 1.000000000000000100E-005 ), #2507, 'distance_accuracy_value', 'NONE');
#6136 = ORIENTED_EDGE ( 'NONE', *, *, #2820, .T. ) ;
#6137 = DIRECTION ( 'NONE',  ( 0.7071067811865473500, 0.0000000000000000000, -0.7071067811865477900 ) ) ;
#6138 = DIRECTION ( 'NONE',  ( -0.7071067811865461300, 0.0000000000000000000, 0.7071067811865489100 ) ) ;
#6139 = SURFACE_STYLE_FILL_AREA ( #6968 ) ;
#6140 = UNCERTAINTY_MEASURE_WITH_UNIT (LENGTH_MEASURE( 1.000000000000000100E-005 ), #4544, 'distance_accuracy_value', 'NONE');
#6141 = DIRECTION ( 'NONE',  ( -1.232047923278982000E-016, 0.0000000000000000000, 1.000000000000000000 ) ) ;
#6142 = CARTESIAN_POINT ( 'NONE',  ( 1.490000000000000000, -2.799999999999999400, -7.299999999999999800 ) ) ;
#6143 = ADVANCED_FACE ( 'NONE', ( #6499 ), #6448, .F. ) ;
#6144 = DIRECTION ( 'NONE',  ( -0.0000000000000000000, 1.000000000000000000, 0.0000000000000000000 ) ) ;
#6145 = VECTOR ( 'NONE', #5493, 1000.000000000000100 ) ;
#6146 = STYLED_ITEM ( 'NONE', ( #2177 ), #8611 ) ;
#6147 = DIRECTION ( 'NONE',  ( 0.0000000000000000000, 0.0000000000000000000, -1.000000000000000000 ) ) ;
#6149 = EDGE_LOOP ( 'NONE', ( #2146, #2072, #2110, #11007 ) ) ;
#6148 = CARTESIAN_POINT ( 'NONE',  ( -2.140000000000000600, 0.0000000000000000000, -1.270000000000000000 ) ) ;
#6150 = FACE_OUTER_BOUND ( 'NONE', #4693, .T. ) ;
#6151 =( GEOMETRIC_REPRESENTATION_CONTEXT ( 3 ) GLOBAL_UNCERTAINTY_ASSIGNED_CONTEXT ( ( #4377 ) ) GLOBAL_UNIT_ASSIGNED_CONTEXT ( ( #5580, #461, #6425 ) ) REPRESENTATION_CONTEXT ( 'NONE', 'WORKASPACE' ) );
#6152 = DIRECTION ( 'NONE',  ( 0.7071067811865486800, 0.0000000000000000000, 0.7071067811865464600 ) ) ;
#6153 = CARTESIAN_POINT ( 'NONE',  ( -1.490000000000000200, -2.799999999999999400, -4.760000000000000700 ) ) ;
#6154 = CARTESIAN_POINT ( 'NONE',  ( 1.590000000000000100, -2.799999999999999400, -10.38000000000000100 ) ) ;
#6155 = CARTESIAN_POINT ( 'NONE',  ( -2.540000000000000000, 1.700000000000000000, -11.06342105263158100 ) ) ;
#6156 = CARTESIAN_POINT ( 'NONE',  ( -1.490000000000000200, -2.799999999999999400, -14.92000000000000200 ) ) ;
#6157 = ADVANCED_FACE ( 'NONE', ( #1200 ), #476, .T. ) ;
#6158 =( NAMED_UNIT ( * ) PLANE_ANGLE_UNIT ( ) SI_UNIT ( $, .RADIAN. ) );
#6159 = FILL_AREA_STYLE ('',( #5324 ) ) ;
#6160 = FACE_OUTER_BOUND ( 'NONE', #6210, .T. ) ;
#6161 = PRESENTATION_STYLE_ASSIGNMENT (( #79 ) ) ;
#6162 = FILL_AREA_STYLE_COLOUR ( '', #7137 ) ;
#6163 = LINE ( 'NONE', #5141, #3906 ) ;
#6164 = CARTESIAN_POINT ( 'NONE',  ( 0.9499999999999999600, 11.70000000000000100, -5.299999999999999800 ) ) ;
#6165 = DIRECTION ( 'NONE',  ( 0.7071067811865481300, 0.0000000000000000000, -0.7071067811865470200 ) ) ;
#6166 = LINE ( 'NONE', #7973, #8386 ) ;
#6167 = LINE ( 'NONE', #1994, #1383 ) ;
#6168 = LINE ( 'NONE', #9221, #3912 ) ;
#6169 = SURFACE_SIDE_STYLE ('',( #9727 ) ) ;
#6170 = SURFACE_STYLE_FILL_AREA ( #3778 ) ;
#6171 = CARTESIAN_POINT ( 'NONE',  ( 0.9499999999999999600, -2.799999999999999400, -2.760000000000000200 ) ) ;
#6172 = SURFACE_SIDE_STYLE ('',( #10795 ) ) ;
#6173 = EDGE_CURVE ( 'NONE', #7448, #2406, #4652, .T. ) ;
#6174 = DIRECTION ( 'NONE',  ( -0.0000000000000000000, -0.0000000000000000000, -1.000000000000000000 ) ) ;
#6175 = EDGE_CURVE ( 'NONE', #3175, #5038, #6894, .T. ) ;
#6176 = AXIS2_PLACEMENT_3D ( 'NONE', #1611, #7534, #2465 ) ;
#6177 = LINE ( 'NONE', #4844, #3925 ) ;
#6178 = CARTESIAN_POINT ( 'NONE',  ( 0.9499999999999999600, -2.799999999999999400, -12.48000000000000200 ) ) ;
#6179 = ORIENTED_EDGE ( 'NONE', *, *, #3011, .F. ) ;
#6180 = VERTEX_POINT ( 'NONE', #8197 ) ;
#6181 = PLANE ( 'NONE',  #6064 ) ;
#6182 = FILL_AREA_STYLE ('',( #10379 ) ) ;
#6183 = PRESENTATION_LAYER_ASSIGNMENT (  '', '', ( #5068 ) ) ;
#6184 = ORIENTED_EDGE ( 'NONE', *, *, #6665, .T. ) ;
#6185 = DIRECTION ( 'NONE',  ( -0.7071067811865461300, 0.0000000000000000000, 0.7071067811865489100 ) ) ;
#6186 = SURFACE_SIDE_STYLE ('',( #7557 ) ) ;
#6187 =( NAMED_UNIT ( * ) PLANE_ANGLE_UNIT ( ) SI_UNIT ( $, .RADIAN. ) );
#6188 = SURFACE_STYLE_FILL_AREA ( #8247 ) ;
#6189 = CARTESIAN_POINT ( 'NONE',  ( 1.050000000000000000, 11.70000000000000100, -0.3200000000000001200 ) ) ;
#6190 = MECHANICAL_DESIGN_GEOMETRIC_PRESENTATION_REPRESENTATION (  '', ( #4501 ), #6757 ) ;
#6191 = SURFACE_STYLE_FILL_AREA ( #2137 ) ;
#6192 = SURFACE_SIDE_STYLE ('',( #1261 ) ) ;
#6193 = SURFACE_STYLE_FILL_AREA ( #10473 ) ;
#6194 = LINE ( 'NONE', #8925, #10406 ) ;
#6195 = VERTEX_POINT ( 'NONE', #9040 ) ;
#6196 = ORIENTED_EDGE ( 'NONE', *, *, #2390, .T. ) ;
#6197 = UNCERTAINTY_MEASURE_WITH_UNIT (LENGTH_MEASURE( 1.000000000000000100E-005 ), #6623, 'distance_accuracy_value', 'NONE');
#6198 = ORIENTED_EDGE ( 'NONE', *, *, #2610, .T. ) ;
#6199 = UNCERTAINTY_MEASURE_WITH_UNIT (LENGTH_MEASURE( 1.000000000000000100E-005 ), #6316, 'distance_accuracy_value', 'NONE');
#6200 = CARTESIAN_POINT ( 'NONE',  ( 1.590000000000000100, -2.799999999999999400, -10.38000000000000100 ) ) ;
#6201 = CARTESIAN_POINT ( 'NONE',  ( -0.9499999999999999600, 11.70000000000000100, -15.02000000000000000 ) ) ;
#6202 = CARTESIAN_POINT ( 'NONE',  ( 1.590000000000000100, -2.799999999999999400, -4.860000000000000300 ) ) ;
#6203 = EDGE_LOOP ( 'NONE', ( #5536, #3410, #6991, #2479 ) ) ;
#6204 = DIRECTION ( 'NONE',  ( -0.7071067811865470200, 0.0000000000000000000, -0.7071067811865481300 ) ) ;
#6205 =( GEOMETRIC_REPRESENTATION_CONTEXT ( 3 ) GLOBAL_UNCERTAINTY_ASSIGNED_CONTEXT ( ( #6197 ) ) GLOBAL_UNIT_ASSIGNED_CONTEXT ( ( #6623, #1538, #7461 ) ) REPRESENTATION_CONTEXT ( 'NONE', 'WORKASPACE' ) );
#6206 = ADVANCED_FACE ( 'NONE', ( #2368 ), #4867, .T. ) ;
#6207 = UNCERTAINTY_MEASURE_WITH_UNIT (LENGTH_MEASURE( 1.000000000000000100E-005 ), #10514, 'distance_accuracy_value', 'NONE');
#6208 = CARTESIAN_POINT ( 'NONE',  ( 1.490000000000000000, 11.70000000000000100, -7.940000000000001300 ) ) ;
#6209 = MECHANICAL_DESIGN_GEOMETRIC_PRESENTATION_REPRESENTATION (  '', ( #4527 ), #6780 ) ;
#6210 = EDGE_LOOP ( 'NONE', ( #2413, #5433, #1213, #3859 ) ) ;
#6211 =( NAMED_UNIT ( * ) PLANE_ANGLE_UNIT ( ) SI_UNIT ( $, .RADIAN. ) );
#6212 = DIRECTION ( 'NONE',  ( -0.7071067811865464600, 0.0000000000000000000, 0.7071067811865486800 ) ) ;
#6213 = FILL_AREA_STYLE_COLOUR ( '', #9932 ) ;
#6214 = CARTESIAN_POINT ( 'NONE',  ( 1.490000000000000000, -2.799999999999999400, -0.3200000000000001200 ) ) ;
#6215 = CARTESIAN_POINT ( 'NONE',  ( 1.050000000000000000, -2.799999999999999400, -12.38000000000000300 ) ) ;
#6216 = AXIS2_PLACEMENT_3D ( 'NONE', #10831, #5779, #685 ) ;
#6217 = DIRECTION ( 'NONE',  ( 1.000000000000000000, 0.0000000000000000000, 1.232047923278982200E-016 ) ) ;
#6218 = SURFACE_STYLE_FILL_AREA ( #6073 ) ;
#6219 = PLANE ( 'NONE',  #4281 ) ;
#6220 = DIRECTION ( 'NONE',  ( -0.0000000000000000000, 1.000000000000000000, 0.0000000000000000000 ) ) ;
#6221 = CARTESIAN_POINT ( 'NONE',  ( 1.490000000000000000, -2.799999999999999400, 0.3199999999999999000 ) ) ;
#6222 = EDGE_LOOP ( 'NONE', ( #10538, #8403, #922, #4477 ) ) ;
#6223 = CARTESIAN_POINT ( 'NONE',  ( 2.140000000000000100, 1.700000000000000000, -1.270000000000000000 ) ) ;
#6224 = ORIENTED_EDGE ( 'NONE', *, *, #7633, .F. ) ;
#6225 = EDGE_CURVE ( 'NONE', #9540, #1490, #8052, .T. ) ;
#6226 = PRESENTATION_STYLE_ASSIGNMENT (( #8120 ) ) ;
#6227 = STYLED_ITEM ( 'NONE', ( #2969 ), #3483 ) ;
#6228 = LINE ( 'NONE', #5952, #10441 ) ;
#6229 = LINE ( 'NONE', #9896, #8452 ) ;
#6230 = LINE ( 'NONE', #4557, #1703 ) ;
#6231 = ORIENTED_EDGE ( 'NONE', *, *, #176, .T. ) ;
#6232 = ORIENTED_EDGE ( 'NONE', *, *, #10021, .T. ) ;
#6233 = PRESENTATION_LAYER_ASSIGNMENT (  '', '', ( #5118 ) ) ;
#6234 = DIRECTION ( 'NONE',  ( 0.0000000000000000000, -1.000000000000000000, 0.0000000000000000000 ) ) ;
#6235 = DIRECTION ( 'NONE',  ( 1.000000000000000000, 0.0000000000000000000, 0.0000000000000000000 ) ) ;
#6236 = EDGE_CURVE ( 'NONE', #8684, #1080, #10304, .T. ) ;
#6237 = EDGE_LOOP ( 'NONE', ( #8434, #10664, #10007, #10048 ) ) ;
#6238 = VERTEX_POINT ( 'NONE', #639 ) ;
#6239 = FILL_AREA_STYLE ('',( #3710 ) ) ;
#6240 = CARTESIAN_POINT ( 'NONE',  ( -0.9499999999999999600, -2.799999999999999400, -12.92000000000000200 ) ) ;
#6241 = PRESENTATION_STYLE_ASSIGNMENT (( #3690 ) ) ;
#6242 = LINE ( 'NONE', #6703, #10729 ) ;
#6243 = EDGE_CURVE ( 'NONE', #2903, #1011, #5825, .T. ) ;
#6244 = ORIENTED_EDGE ( 'NONE', *, *, #1326, .T. ) ;
#6245 = SURFACE_STYLE_FILL_AREA ( #6614 ) ;
#6246 = AXIS2_PLACEMENT_3D ( 'NONE', #5959, #873, #6823 ) ;
#6247 = VECTOR ( 'NONE', #1884, 1000.000000000000000 ) ;
#6248 = FACE_OUTER_BOUND ( 'NONE', #4555, .T. ) ;
#6249 = VERTEX_POINT ( 'NONE', #2346 ) ;
#6250 = ORIENTED_EDGE ( 'NONE', *, *, #6236, .T. ) ;
#6251 = FILL_AREA_STYLE_COLOUR ( '', #763 ) ;
#6252 = CARTESIAN_POINT ( 'NONE',  ( 2.540000000000000900, 1.700000000000000000, -0.8700000000000006600 ) ) ;
#6253 = CARTESIAN_POINT ( 'NONE',  ( -2.540000000000000000, 1.700000000000000000, -3.443421052631578900 ) ) ;
#6254 = FACE_OUTER_BOUND ( 'NONE', #1945, .T. ) ;
#6255 = PLANE ( 'NONE',  #1857 ) ;
#6256 = SURFACE_SIDE_STYLE ('',( #8902 ) ) ;
#6257 =( NAMED_UNIT ( * ) SI_UNIT ( $, .STERADIAN. ) SOLID_ANGLE_UNIT ( ) );
#6258 = EDGE_LOOP ( 'NONE', ( #2491, #1614, #3767, #3623, #5739, #6733, #6588, #1676 ) ) ;
#6259 = DIRECTION ( 'NONE',  ( -0.7071067811865470200, 0.0000000000000000000, -0.7071067811865481300 ) ) ;
#6260 = ADVANCED_FACE ( 'NONE', ( #3308 ), #10786, .T. ) ;
#6261 = SURFACE_SIDE_STYLE ('',( #8127 ) ) ;
#6262 = ORIENTED_EDGE ( 'NONE', *, *, #5469, .T. ) ;
#6263 = CARTESIAN_POINT ( 'NONE',  ( -1.590000000000000300, -2.799999999999999400, -2.320000000000000300 ) ) ;
#6264 = VERTEX_POINT ( 'NONE', #9112 ) ;
#6265 = VECTOR ( 'NONE', #3866, 1000.000000000000100 ) ;
#6266 = ORIENTED_EDGE ( 'NONE', *, *, #2610, .F. ) ;
#6267 = ORIENTED_EDGE ( 'NONE', *, *, #10398, .T. ) ;
#6268 = STYLED_ITEM ( 'NONE', ( #9738 ), #7802 ) ;
#6269 = LINE ( 'NONE', #934, #10491 ) ;
#6270 = CARTESIAN_POINT ( 'NONE',  ( -1.490000000000000200, -2.799999999999999400, -14.92000000000000200 ) ) ;
#6271 = SURFACE_SIDE_STYLE ('',( #4971 ) ) ;
#6272 = MANIFOLD_SOLID_BREP ( 'LPattern3[17]', #7572 ) ;
#6273 = EDGE_CURVE ( 'NONE', #2255, #8743, #6371, .T. ) ;
#6274 = ORIENTED_EDGE ( 'NONE', *, *, #10024, .T. ) ;
#6275 = CARTESIAN_POINT ( 'NONE',  ( -1.590000000000000300, -2.799999999999999400, -7.839999999999999900 ) ) ;
#6276 =( NAMED_UNIT ( * ) PLANE_ANGLE_UNIT ( ) SI_UNIT ( $, .RADIAN. ) );
#6277 = MECHANICAL_DESIGN_GEOMETRIC_PRESENTATION_REPRESENTATION (  '', ( #4595 ), #6852 ) ;
#6278 = CARTESIAN_POINT ( 'NONE',  ( -1.050000000000000000, 11.70000000000000100, -14.92000000000000200 ) ) ;
#6279 = VECTOR ( 'NONE', #1531, 1000.000000000000000 ) ;
#6280 = VECTOR ( 'NONE', #141, 999.9999999999998900 ) ;
#6281 = AXIS2_PLACEMENT_3D ( 'NONE', #6845, #1747, #7677 ) ;
#6282 = MECHANICAL_DESIGN_GEOMETRIC_PRESENTATION_REPRESENTATION (  '', ( #4601 ), #6860 ) ;
#6283 = AXIS2_PLACEMENT_3D ( 'NONE', #185, #6144, #1066 ) ;
#6284 = CARTESIAN_POINT ( 'NONE',  ( 0.9499999999999999600, -2.799999999999999400, -12.92000000000000200 ) ) ;
#6285 = CARTESIAN_POINT ( 'NONE',  ( -1.050000000000000000, -2.799999999999999400, -15.56000000000000000 ) ) ;
#6286 = VECTOR ( 'NONE', #2680, 1000.000000000000000 ) ;
#6287 = MECHANICAL_DESIGN_GEOMETRIC_PRESENTATION_REPRESENTATION (  '', ( #4607 ), #6868 ) ;
#6288 =( NAMED_UNIT ( * ) PLANE_ANGLE_UNIT ( ) SI_UNIT ( $, .RADIAN. ) );
#6289 = LINE ( 'NONE', #2157, #10778 ) ;
#6290 =( LENGTH_UNIT ( ) NAMED_UNIT ( * ) SI_UNIT ( .MILLI., .METRE. ) );
#6291 = FACE_OUTER_BOUND ( 'NONE', #7125, .T. ) ;
#6292 =( NAMED_UNIT ( * ) SI_UNIT ( $, .STERADIAN. ) SOLID_ANGLE_UNIT ( ) );
#6293 = EDGE_CURVE ( 'NONE', #9151, #6766, #9377, .T. ) ;
#6294 = FILL_AREA_STYLE_COLOUR ( '', #7544 ) ;
#6295 = DIRECTION ( 'NONE',  ( -0.7071067811865461300, 0.0000000000000000000, 0.7071067811865489100 ) ) ;
#6296 = CARTESIAN_POINT ( 'NONE',  ( -1.490000000000000200, 11.70000000000000100, -7.299999999999999800 ) ) ;
#6297 = PRESENTATION_LAYER_ASSIGNMENT (  '', '', ( #5176 ) ) ;
#6298 = COLOUR_RGB ( '',0.0000000000000000000, 0.003921568627450980300, 0.09019607843137254800 ) ;
#6299 =( GEOMETRIC_REPRESENTATION_CONTEXT ( 3 ) GLOBAL_UNCERTAINTY_ASSIGNED_CONTEXT ( ( #3824 ) ) GLOBAL_UNIT_ASSIGNED_CONTEXT ( ( #4462, #10349, #5318 ) ) REPRESENTATION_CONTEXT ( 'NONE', 'WORKASPACE' ) );
#6300 = EDGE_CURVE ( 'NONE', #10823, #4949, #1844, .T. ) ;
#6301 = EDGE_CURVE ( 'NONE', #1872, #4232, #8332, .T. ) ;
#6302 = PRESENTATION_STYLE_ASSIGNMENT (( #9241 ) ) ;
#6303 = COLOUR_RGB ( '',0.7960784313725489700, 0.8235294117647058400, 0.9372549019607843100 ) ;
#6304 = DIRECTION ( 'NONE',  ( 0.0000000000000000000, -0.0000000000000000000, -1.000000000000000000 ) ) ;
#6305 = SURFACE_SIDE_STYLE ('',( #1888 ) ) ;
#6306 = SURFACE_STYLE_FILL_AREA ( #8186 ) ;
#6307 = AXIS2_PLACEMENT_3D ( 'NONE', #5980, #2830, #8913 ) ;
#6308 = DIRECTION ( 'NONE',  ( 0.0000000000000000000, 0.0000000000000000000, 1.000000000000000000 ) ) ;
#6309 = CARTESIAN_POINT ( 'NONE',  ( -2.140000000000000600, 1.700000000000000000, -16.51000000000000200 ) ) ;
#6310 = LINE ( 'NONE', #3303, #10798 ) ;
#6311 = ADVANCED_FACE ( 'NONE', ( #8064 ), #754, .T. ) ;
#6312 = SURFACE_STYLE_FILL_AREA ( #1398 ) ;
#6313 = LINE ( 'NONE', #427, #10536 ) ;
#6314 = ORIENTED_EDGE ( 'NONE', *, *, #7225, .T. ) ;
#6315 =( LENGTH_UNIT ( ) NAMED_UNIT ( * ) SI_UNIT ( .MILLI., .METRE. ) );
#6316 =( LENGTH_UNIT ( ) NAMED_UNIT ( * ) SI_UNIT ( .MILLI., .METRE. ) );
#6317 = EDGE_CURVE ( 'NONE', #3478, #6671, #9509, .T. ) ;
#6318 = FACE_OUTER_BOUND ( 'NONE', #862, .T. ) ;
#6319 = DIRECTION ( 'NONE',  ( 2.492418787322998300E-016, 0.0000000000000000000, 1.000000000000000000 ) ) ;
#6320 = SURFACE_STYLE_FILL_AREA ( #10494 ) ;
#6321 = SURFACE_STYLE_USAGE ( .BOTH. , #370 ) ;
#6322 = EDGE_LOOP ( 'NONE', ( #8021, #4774, #7629, #2754 ) ) ;
#6323 =( NAMED_UNIT ( * ) SI_UNIT ( $, .STERADIAN. ) SOLID_ANGLE_UNIT ( ) );
#6324 = UNCERTAINTY_MEASURE_WITH_UNIT (LENGTH_MEASURE( 1.000000000000000100E-005 ), #2227, 'distance_accuracy_value', 'NONE');
#6325 =( LENGTH_UNIT ( ) NAMED_UNIT ( * ) SI_UNIT ( .MILLI., .METRE. ) );
#6326 = CARTESIAN_POINT ( 'NONE',  ( -2.539999999999999600, 0.0000000000000000000, -14.40342105263157900 ) ) ;
#6327 = SURFACE_SIDE_STYLE ('',( #4113 ) ) ;
#6328 = PRESENTATION_LAYER_ASSIGNMENT (  '', '', ( #5222 ) ) ;
#6329 = CARTESIAN_POINT ( 'NONE',  ( -1.490000000000000000, -2.799999999999999400, -15.56000000000000000 ) ) ;
#6330 = VERTEX_POINT ( 'NONE', #9148 ) ;
#6331 = UNCERTAINTY_MEASURE_WITH_UNIT (LENGTH_MEASURE( 1.000000000000000100E-005 ), #2973, 'distance_accuracy_value', 'NONE');
#6332 = STYLED_ITEM ( 'NONE', ( #5451 ), #7356 ) ;
#6333 = EDGE_CURVE ( 'NONE', #4251, #6857, #7285, .T. ) ;
#6334 = ORIENTED_EDGE ( 'NONE', *, *, #3037, .F. ) ;
#6335 = LINE ( 'NONE', #246, #6081 ) ;
#6336 = ORIENTED_EDGE ( 'NONE', *, *, #7833, .F. ) ;
#6337 = DIRECTION ( 'NONE',  ( 0.7071067811865486800, 0.0000000000000000000, -0.7071067811865463500 ) ) ;
#6338 = PRESENTATION_LAYER_ASSIGNMENT (  '', '', ( #5235 ) ) ;
#6339 = COLOUR_RGB ( '',0.7960784313725489700, 0.8235294117647058400, 0.9372549019607843100 ) ;
#6340 = EDGE_LOOP ( 'NONE', ( #3, #613, #7715, #462 ) ) ;
#6341 = LINE ( 'NONE', #5351, #4098 ) ;
#6343 =( LENGTH_UNIT ( ) NAMED_UNIT ( * ) SI_UNIT ( .MILLI., .METRE. ) );
#6342 = PRESENTATION_STYLE_ASSIGNMENT (( #8315 ) ) ;
#6344 = SURFACE_STYLE_USAGE ( .BOTH. , #398 ) ;
#6345 = MECHANICAL_DESIGN_GEOMETRIC_PRESENTATION_REPRESENTATION (  '', ( #4666 ), #6929 ) ;
#6346 = ORIENTED_EDGE ( 'NONE', *, *, #2888, .T. ) ;
#6347 = ORIENTED_EDGE ( 'NONE', *, *, #5937, .F. ) ;
#6348 = EDGE_LOOP ( 'NONE', ( #5809, #8074, #2400, #6759 ) ) ;
#6349 = DIRECTION ( 'NONE',  ( 0.0000000000000000000, -0.0000000000000000000, 1.000000000000000000 ) ) ;
#6350 = MECHANICAL_DESIGN_GEOMETRIC_PRESENTATION_REPRESENTATION (  '', ( #4671 ), #6934 ) ;
#6351 = STYLED_ITEM ( 'NONE', ( #8875 ), #10047 ) ;
#6352 = FILL_AREA_STYLE_COLOUR ( '', #8777 ) ;
#6353 = FACE_OUTER_BOUND ( 'NONE', #6922, .T. ) ;
#6354 = FACE_OUTER_BOUND ( 'NONE', #10061, .T. ) ;
#6355 = ORIENTED_EDGE ( 'NONE', *, *, #562, .F. ) ;
#6356 = ORIENTED_EDGE ( 'NONE', *, *, #585, .F. ) ;
#6357 = FILL_AREA_STYLE_COLOUR ( '', #5352 ) ;
#6358 =( GEOMETRIC_REPRESENTATION_CONTEXT ( 3 ) GLOBAL_UNCERTAINTY_ASSIGNED_CONTEXT ( ( #8006 ) ) GLOBAL_UNIT_ASSIGNED_CONTEXT ( ( #3895, #9786, #4763 ) ) REPRESENTATION_CONTEXT ( 'NONE', 'WORKASPACE' ) );
#6359 =( LENGTH_UNIT ( ) NAMED_UNIT ( * ) SI_UNIT ( .MILLI., .METRE. ) );
#6360 = STYLED_ITEM ( 'NONE', ( #3061 ), #1784 ) ;
#6361 = CARTESIAN_POINT ( 'NONE',  ( -1.050000000000000000, -2.799999999999999400, -7.940000000000001300 ) ) ;
#6362 = ORIENTED_EDGE ( 'NONE', *, *, #9484, .T. ) ;
#6363 = ORIENTED_EDGE ( 'NONE', *, *, #6026, .T. ) ;
#6364 = CARTESIAN_POINT ( 'NONE',  ( -2.540000000000000000, 0.0000000000000000000, -5.983421052631579900 ) ) ;
#6365 = DIRECTION ( 'NONE',  ( 0.7071067811865486800, 0.0000000000000000000, -0.7071067811865463500 ) ) ;
#6366 = LINE ( 'NONE', #2921, #10854 ) ;
#6367 = DIRECTION ( 'NONE',  ( 1.000000000000000000, 0.0000000000000000000, 1.232047923278982200E-016 ) ) ;
#6368 = ADVANCED_FACE ( 'NONE', ( #9232 ), #10106, .F. ) ;
#6369 = SURFACE_SIDE_STYLE ('',( #6035 ) ) ;
#6370 = CARTESIAN_POINT ( 'NONE',  ( 1.590000000000000100, -2.799999999999999400, -20.10000000000000100 ) ) ;
#6371 = LINE ( 'NONE', #9991, #4115 ) ;
#6372 = LINE ( 'NONE', #6992, #6111 ) ;
#6373 = EDGE_LOOP ( 'NONE', ( #655, #8710, #279, #603 ) ) ;
#6374 = ORIENTED_EDGE ( 'NONE', *, *, #8821, .T. ) ;
#6375 = VECTOR ( 'NONE', #5873, 1000.000000000000000 ) ;
#6376 = LINE ( 'NONE', #10562, #10861 ) ;
#6377 = EDGE_CURVE ( 'NONE', #10493, #10448, #10715, .T. ) ;
#6378 = ORIENTED_EDGE ( 'NONE', *, *, #10754, .T. ) ;
#6379 = FACE_OUTER_BOUND ( 'NONE', #6746, .T. ) ;
#6380 = FILL_AREA_STYLE ('',( #5540 ) ) ;
#6381 = PLANE ( 'NONE',  #3604 ) ;
#6382 = COLOUR_RGB ( '',0.7960784313725489700, 0.8235294117647058400, 0.9372549019607843100 ) ;
#6383 = CARTESIAN_POINT ( 'NONE',  ( -1.490000000000000000, -2.799999999999999400, -18.10000000000000100 ) ) ;
#6384 = ORIENTED_EDGE ( 'NONE', *, *, #3772, .F. ) ;
#6385 = ORIENTED_EDGE ( 'NONE', *, *, #374, .T. ) ;
#6386 = LINE ( 'NONE', #5698, #7295 ) ;
#6387 = EDGE_CURVE ( 'NONE', #3425, #2903, #1975, .T. ) ;
#6388 = FACE_OUTER_BOUND ( 'NONE', #8487, .T. ) ;
#6389 =( LENGTH_UNIT ( ) NAMED_UNIT ( * ) SI_UNIT ( .MILLI., .METRE. ) );
#6390 = DIRECTION ( 'NONE',  ( -1.000000000000000000, -0.0000000000000000000, -1.232047923278982200E-016 ) ) ;
#6391 = ORIENTED_EDGE ( 'NONE', *, *, #4034, .T. ) ;
#6392 = DIRECTION ( 'NONE',  ( 0.0000000000000000000, 1.000000000000000000, 0.0000000000000000000 ) ) ;
#6393 = CARTESIAN_POINT ( 'NONE',  ( 1.590000000000000100, -2.799999999999999400, -5.300000000000000700 ) ) ;
#6394 = EDGE_LOOP ( 'NONE', ( #1846, #8478, #8829, #3565 ) ) ;
#6395 = EDGE_CURVE ( 'NONE', #2066, #3681, #6228, .T. ) ;
#6396 = FILL_AREA_STYLE ('',( #3838 ) ) ;
#6397 =( GEOMETRIC_REPRESENTATION_CONTEXT ( 3 ) GLOBAL_UNCERTAINTY_ASSIGNED_CONTEXT ( ( #7276 ) ) GLOBAL_UNIT_ASSIGNED_CONTEXT ( ( #8163, #3111, #9001 ) ) REPRESENTATION_CONTEXT ( 'NONE', 'WORKASPACE' ) );
#6398 = ORIENTED_EDGE ( 'NONE', *, *, #10621, .T. ) ;
#6399 = CARTESIAN_POINT ( 'NONE',  ( 2.540000000000000900, 1.700000000000000000, -21.19000000000000100 ) ) ;
#6400 = AXIS2_PLACEMENT_3D ( 'NONE', #8895, #3853, #9736 ) ;
#6401 = FILL_AREA_STYLE_COLOUR ( '', #4043 ) ;
#6403 = ORIENTED_EDGE ( 'NONE', *, *, #3143, .F. ) ;
#6402 = CARTESIAN_POINT ( 'NONE',  ( -2.140000000000000600, 0.0000000000000000000, -11.43000000000000100 ) ) ;
#6404 = PRESENTATION_LAYER_ASSIGNMENT (  '', '', ( #5827 ) ) ;
#6405 = PLANE ( 'NONE',  #7326 ) ;
#6406 = DIRECTION ( 'NONE',  ( -0.7071067811865489100, -0.0000000000000000000, 0.7071067811865462400 ) ) ;
#6407 = SURFACE_SIDE_STYLE ('',( #7650 ) ) ;
#6408 = FACE_OUTER_BOUND ( 'NONE', #5951, .T. ) ;
#6409 = CARTESIAN_POINT ( 'NONE',  ( 2.540000000000000900, 1.700000000000000000, -8.490000000000000200 ) ) ;
#6410 =( NAMED_UNIT ( * ) PLANE_ANGLE_UNIT ( ) SI_UNIT ( $, .RADIAN. ) );
#6411 = SURFACE_SIDE_STYLE ('',( #704 ) ) ;
#6412 = UNCERTAINTY_MEASURE_WITH_UNIT (LENGTH_MEASURE( 1.000000000000000100E-005 ), #6423, 'distance_accuracy_value', 'NONE');
#6413 = CARTESIAN_POINT ( 'NONE',  ( -1.490000000000000000, -2.799999999999999400, -15.56000000000000000 ) ) ;
#6414 = VECTOR ( 'NONE', #781, 999.9999999999998900 ) ;
#6415 = COLOUR_RGB ( '',0.7960784313725489700, 0.8235294117647058400, 0.9372549019607843100 ) ;
#6416 =( GEOMETRIC_REPRESENTATION_CONTEXT ( 3 ) GLOBAL_UNCERTAINTY_ASSIGNED_CONTEXT ( ( #3210 ) ) GLOBAL_UNIT_ASSIGNED_CONTEXT ( ( #2841, #8741, #3720 ) ) REPRESENTATION_CONTEXT ( 'NONE', 'WORKASPACE' ) );
#6417 = COLOUR_RGB ( '',0.0000000000000000000, 0.003921568627450980300, 0.09019607843137254800 ) ;
#6418 = ORIENTED_EDGE ( 'NONE', *, *, #177, .T. ) ;
#6419 = MECHANICAL_DESIGN_GEOMETRIC_PRESENTATION_REPRESENTATION (  '', ( #4721 ), #6994 ) ;
#6420 = DIRECTION ( 'NONE',  ( -0.6782059721786390900, 0.0000000000000000000, -0.7348718659067219300 ) ) ;
#6421 =( LENGTH_UNIT ( ) NAMED_UNIT ( * ) SI_UNIT ( .MILLI., .METRE. ) );
#6422 = COLOUR_RGB ( '',0.7960784313725489700, 0.8235294117647058400, 0.9372549019607843100 ) ;
#6423 =( LENGTH_UNIT ( ) NAMED_UNIT ( * ) SI_UNIT ( .MILLI., .METRE. ) );
#6424 = COLOUR_RGB ( '',0.0000000000000000000, 0.003921568627450980300, 0.09019607843137254800 ) ;
#6425 =( NAMED_UNIT ( * ) SI_UNIT ( $, .STERADIAN. ) SOLID_ANGLE_UNIT ( ) );
#6426 =( NAMED_UNIT ( * ) PLANE_ANGLE_UNIT ( ) SI_UNIT ( $, .RADIAN. ) );
#6427 = ORIENTED_EDGE ( 'NONE', *, *, #7498, .T. ) ;
#6428 = CARTESIAN_POINT ( 'NONE',  ( 1.050000000000000000, -2.799999999999999400, -13.02000000000000100 ) ) ;
#6429 = PRESENTATION_LAYER_ASSIGNMENT (  '', '', ( #5309 ) ) ;
#6430 = ADVANCED_FACE ( 'NONE', ( #8200 ), #6811, .T. ) ;
#6431 = PRESENTATION_STYLE_ASSIGNMENT (( #3127 ) ) ;
#6432 = CARTESIAN_POINT ( 'NONE',  ( 1.490000000000000000, -2.799999999999999400, -5.400000000000000400 ) ) ;
#6433 = VECTOR ( 'NONE', #4286, 1000.000000000000000 ) ;
#6434 = COLOUR_RGB ( '',0.7960784313725489700, 0.8235294117647058400, 0.9372549019607843100 ) ;
#6435 =( GEOMETRIC_REPRESENTATION_CONTEXT ( 3 ) GLOBAL_UNCERTAINTY_ASSIGNED_CONTEXT ( ( #5726 ) ) GLOBAL_UNIT_ASSIGNED_CONTEXT ( ( #9752, #4731, #10630 ) ) REPRESENTATION_CONTEXT ( 'NONE', 'WORKASPACE' ) );
#6436 = CARTESIAN_POINT ( 'NONE',  ( 0.9499999999999999600, -2.799999999999999400, -15.02000000000000000 ) ) ;
#6437 = STYLED_ITEM ( 'NONE', ( #3678 ), #9165 ) ;
#6438 = COLOUR_RGB ( '',0.7960784313725489700, 0.8235294117647058400, 0.9372549019607843100 ) ;
#6439 = LINE ( 'NONE', #10046, #10648 ) ;
#6440 = STYLED_ITEM ( 'NONE', ( #149 ), #1359 ) ;
#6441 = CARTESIAN_POINT ( 'NONE',  ( -1.590000000000000300, -2.799999999999999400, -17.55999999999999900 ) ) ;
#6442 = CARTESIAN_POINT ( 'NONE',  ( -1.050000000000000000, -2.799999999999999400, -7.299999999999999800 ) ) ;
#6443 = VECTOR ( 'NONE', #5444, 1000.000000000000000 ) ;
#6444 = SURFACE_STYLE_FILL_AREA ( #105 ) ;
#6445 = DIRECTION ( 'NONE',  ( -0.6782059721786390900, 0.0000000000000000000, -0.7348718659067219300 ) ) ;
#6446 = CARTESIAN_POINT ( 'NONE',  ( 1.490000000000000000, 11.70000000000000100, -18.10000000000000100 ) ) ;
#6447 = EDGE_CURVE ( 'NONE', #10447, #5957, #7462, .T. ) ;
#6448 = PLANE ( 'NONE',  #10849 ) ;
#6449 = SURFACE_STYLE_FILL_AREA ( #5747 ) ;
#6450 = AXIS2_PLACEMENT_3D ( 'NONE', #9860, #4846, #10732 ) ;
#6451 = SURFACE_STYLE_FILL_AREA ( #6666 ) ;
#6452 = EDGE_LOOP ( 'NONE', ( #9720, #2360, #8614, #5478 ) ) ;
#6453 = COLOUR_RGB ( '',0.7960784313725489700, 0.8235294117647058400, 0.9372549019607843100 ) ;
#6454 = ORIENTED_EDGE ( 'NONE', *, *, #9038, .T. ) ;
#6455 = EDGE_CURVE ( 'NONE', #4079, #10447, #3234, .T. ) ;
#6456 = EDGE_LOOP ( 'NONE', ( #3161, #5995, #8749, #10165, #7794, #10980, #8666, #940 ) ) ;
#6457 = LINE ( 'NONE', #7399, #3931 ) ;
#6458 = ORIENTED_EDGE ( 'NONE', *, *, #3719, .T. ) ;
#6459 = VECTOR ( 'NONE', #8856, 1000.000000000000000 ) ;
#6460 = DIRECTION ( 'NONE',  ( 0.0000000000000000000, 0.0000000000000000000, 1.000000000000000000 ) ) ;
#6461 =( GEOMETRIC_REPRESENTATION_CONTEXT ( 3 ) GLOBAL_UNCERTAINTY_ASSIGNED_CONTEXT ( ( #4997 ) ) GLOBAL_UNIT_ASSIGNED_CONTEXT ( ( #7250, #2165, #8082 ) ) REPRESENTATION_CONTEXT ( 'NONE', 'WORKASPACE' ) );
#6462 = VECTOR ( 'NONE', #443, 1000.000000000000000 ) ;
#6463 =( NAMED_UNIT ( * ) SI_UNIT ( $, .STERADIAN. ) SOLID_ANGLE_UNIT ( ) );
#6464 = CARTESIAN_POINT ( 'NONE',  ( -2.019999999999999600, 0.2999999999999999900, -21.59000000000000000 ) ) ;
#6465 = ORIENTED_EDGE ( 'NONE', *, *, #2178, .F. ) ;
#6466 =( NAMED_UNIT ( * ) SI_UNIT ( $, .STERADIAN. ) SOLID_ANGLE_UNIT ( ) );
#6467 = DIRECTION ( 'NONE',  ( -0.0000000000000000000, -0.0000000000000000000, -1.000000000000000000 ) ) ;
#6468 = EDGE_LOOP ( 'NONE', ( #10388, #2817, #7121, #638 ) ) ;
#6469 = CARTESIAN_POINT ( 'NONE',  ( -1.050000000000000000, -2.799999999999999400, -2.860000000000000300 ) ) ;
#6470 =( NAMED_UNIT ( * ) PLANE_ANGLE_UNIT ( ) SI_UNIT ( $, .RADIAN. ) );
#6471 = DIRECTION ( 'NONE',  ( -0.7071067811865470200, -0.0000000000000000000, -0.7071067811865481300 ) ) ;
#6472 = ORIENTED_EDGE ( 'NONE', *, *, #9632, .F. ) ;
#6473 = UNCERTAINTY_MEASURE_WITH_UNIT (LENGTH_MEASURE( 1.000000000000000100E-005 ), #6564, 'distance_accuracy_value', 'NONE');
#6474 =( NAMED_UNIT ( * ) PLANE_ANGLE_UNIT ( ) SI_UNIT ( $, .RADIAN. ) );
#6475 = CARTESIAN_POINT ( 'NONE',  ( -1.590000000000000300, -2.799999999999999400, -7.400000000000000400 ) ) ;
#6476 = FILL_AREA_STYLE ('',( #3916 ) ) ;
#6477 = UNCERTAINTY_MEASURE_WITH_UNIT (LENGTH_MEASURE( 1.000000000000000100E-005 ), #68, 'distance_accuracy_value', 'NONE');
#6478 = ORIENTED_EDGE ( 'NONE', *, *, #9532, .T. ) ;
#6479 = FILL_AREA_STYLE_COLOUR ( '', #328 ) ;
#6480 =( GEOMETRIC_REPRESENTATION_CONTEXT ( 3 ) GLOBAL_UNCERTAINTY_ASSIGNED_CONTEXT ( ( #884 ) ) GLOBAL_UNIT_ASSIGNED_CONTEXT ( ( #6771, #1674, #7608 ) ) REPRESENTATION_CONTEXT ( 'NONE', 'WORKASPACE' ) );
#6481 =( NAMED_UNIT ( * ) PLANE_ANGLE_UNIT ( ) SI_UNIT ( $, .RADIAN. ) );
#6482 = VECTOR ( 'NONE', #2512, 1000.000000000000000 ) ;
#6483 = ADVANCED_FACE ( 'NONE', ( #697 ), #3482, .T. ) ;
#6484 =( LENGTH_UNIT ( ) NAMED_UNIT ( * ) SI_UNIT ( .MILLI., .METRE. ) );
#6485 = ORIENTED_EDGE ( 'NONE', *, *, #9101, .F. ) ;
#6486 = FILL_AREA_STYLE_COLOUR ( '', #8536 ) ;
#6487 = ORIENTED_EDGE ( 'NONE', *, *, #7816, .T. ) ;
#6488 = EDGE_CURVE ( 'NONE', #7081, #10191, #2155, .T. ) ;
#6489 = LINE ( 'NONE', #5198, #8440 ) ;
#6490 = LINE ( 'NONE', #7337, #4236 ) ;
#6491 = PRESENTATION_LAYER_ASSIGNMENT (  '', '', ( #6437 ) ) ;
#6492 = ORIENTED_EDGE ( 'NONE', *, *, #8533, .T. ) ;
#6493 = ADVANCED_FACE ( 'NONE', ( #8634 ), #1819, .F. ) ;
#6494 =( NAMED_UNIT ( * ) SI_UNIT ( $, .STERADIAN. ) SOLID_ANGLE_UNIT ( ) );
#6495 = PLANE ( 'NONE',  #6450 ) ;
#6496 = DIRECTION ( 'NONE',  ( -0.7071067811865475700, 0.0000000000000000000, 0.7071067811865475700 ) ) ;
#6497 = ORIENTED_EDGE ( 'NONE', *, *, #6333, .T. ) ;
#6498 = ORIENTED_EDGE ( 'NONE', *, *, #5945, .T. ) ;
#6499 = FACE_OUTER_BOUND ( 'NONE', #5311, .T. ) ;
#6500 = PRESENTATION_LAYER_ASSIGNMENT (  '', '', ( #5381 ) ) ;
#6501 = STYLED_ITEM ( 'NONE', ( #4460 ), #984 ) ;
#6502 = CARTESIAN_POINT ( 'NONE',  ( 1.050000000000000000, -2.799999999999999400, -4.760000000000000700 ) ) ;
#6503 = VERTEX_POINT ( 'NONE', #2427 ) ;
#6504 = EDGE_LOOP ( 'NONE', ( #3144, #8455, #8613, #1328 ) ) ;
#6505 = VECTOR ( 'NONE', #6365, 1000.000000000000100 ) ;
#6506 = SURFACE_STYLE_FILL_AREA ( #686 ) ;
#6507 = STYLED_ITEM ( 'NONE', ( #4922 ), #2320 ) ;
#6508 = CARTESIAN_POINT ( 'NONE',  ( 1.490000000000000000, 11.70000000000000100, -0.3200000000000001200 ) ) ;
#6509 = DIRECTION ( 'NONE',  ( -0.7071067811865469100, -0.0000000000000000000, 0.7071067811865482400 ) ) ;
#6510 =( NAMED_UNIT ( * ) SI_UNIT ( $, .STERADIAN. ) SOLID_ANGLE_UNIT ( ) );
#6511 = ORIENTED_EDGE ( 'NONE', *, *, #8544, .T. ) ;
#6512 = VERTEX_POINT ( 'NONE', #1580 ) ;
#6513 = EDGE_CURVE ( 'NONE', #20, #5297, #7868, .T. ) ;
#6514 =( NAMED_UNIT ( * ) PLANE_ANGLE_UNIT ( ) SI_UNIT ( $, .RADIAN. ) );
#6515 =( LENGTH_UNIT ( ) NAMED_UNIT ( * ) SI_UNIT ( .MILLI., .METRE. ) );
#6516 = VECTOR ( 'NONE', #3653, 999.9999999999998900 ) ;
#6517 = AXIS2_PLACEMENT_3D ( 'NONE', #2265, #8188, #3134 ) ;
#6518 = ORIENTED_EDGE ( 'NONE', *, *, #6387, .F. ) ;
#6519 = ORIENTED_EDGE ( 'NONE', *, *, #5734, .F. ) ;
#6520 = VECTOR ( 'NONE', #8257, 1000.000000000000000 ) ;
#6521 = MECHANICAL_DESIGN_GEOMETRIC_PRESENTATION_REPRESENTATION (  '', ( #4825 ), #7090 ) ;
#6522 = LINE ( 'NONE', #272, #2000 ) ;
#6523 = EDGE_CURVE ( 'NONE', #8618, #2181, #5629, .T. ) ;
#6524 = SURFACE_STYLE_USAGE ( .BOTH. , #550 ) ;
#6525 = ORIENTED_EDGE ( 'NONE', *, *, #9305, .F. ) ;
#6526 = EDGE_CURVE ( 'NONE', #3577, #3714, #9819, .T. ) ;
#6527 = DIRECTION ( 'NONE',  ( -1.000000000000000000, -0.0000000000000000000, -1.232047923278982200E-016 ) ) ;
#6528 = ORIENTED_EDGE ( 'NONE', *, *, #2071, .T. ) ;
#6529 = DIRECTION ( 'NONE',  ( -1.000000000000000000, -0.0000000000000000000, -1.232047923278982200E-016 ) ) ;
#6530 = AXIS2_PLACEMENT_3D ( 'NONE', #460, #7299, #2211 ) ;
#6531 = VECTOR ( 'NONE', #69, 1000.000000000000000 ) ;
#6532 = EDGE_LOOP ( 'NONE', ( #7863, #3319, #6654, #6398, #6250, #6196, #4280, #6106, #2693, #103, #3806, #10135, #5791, #6653, #6492, #9022, #6454, #1448, #10708, #10570, #220, #7805, #9142, #6003, #764, #6458, #957, #1283, #6498, #4194, #109, #4299, #8555, #2916, #8112, #9029, #8674, #10049, #2480, #6418, #3893, #2777, #7038, #213, #8144, #3733, #10882, #741, #7279, #4690, #1682, #2003, #775, #2911, #7301, #10851 ) ) ;
#6533 = ORIENTED_EDGE ( 'NONE', *, *, #9672, .T. ) ;
#6534 = FACE_OUTER_BOUND ( 'NONE', #5711, .T. ) ;
#6535 = DIRECTION ( 'NONE',  ( -0.7071067811865477900, -0.0000000000000000000, -0.7071067811865473500 ) ) ;
#6536 = FILL_AREA_STYLE_COLOUR ( '', #5911 ) ;
#6537 = CARTESIAN_POINT ( 'NONE',  ( 0.9499999999999999600, -2.799999999999999400, -20.10000000000000100 ) ) ;
#6538 = PRESENTATION_STYLE_ASSIGNMENT (( #9515 ) ) ;
#6539 = ORIENTED_EDGE ( 'NONE', *, *, #10649, .F. ) ;
#6540 =( NAMED_UNIT ( * ) PLANE_ANGLE_UNIT ( ) SI_UNIT ( $, .RADIAN. ) );
#6541 = VERTEX_POINT ( 'NONE', #6712 ) ;
#6542 = UNCERTAINTY_MEASURE_WITH_UNIT (LENGTH_MEASURE( 1.000000000000000100E-005 ), #6587, 'distance_accuracy_value', 'NONE');
#6543 = FACE_OUTER_BOUND ( 'NONE', #3441, .T. ) ;
#6544 = EDGE_LOOP ( 'NONE', ( #225, #2944, #9374, #6635 ) ) ;
#6545 = ADVANCED_FACE ( 'NONE', ( #7589 ), #8351, .T. ) ;
#6546 = ORIENTED_EDGE ( 'NONE', *, *, #10331, .F. ) ;
#6547 = EDGE_CURVE ( 'NONE', #7193, #10850, #2280, .T. ) ;
#6548 = UNCERTAINTY_MEASURE_WITH_UNIT (LENGTH_MEASURE( 1.000000000000000100E-005 ), #3516, 'distance_accuracy_value', 'NONE');
#6549 = DIRECTION ( 'NONE',  ( 0.0000000000000000000, -0.0000000000000000000, 1.000000000000000000 ) ) ;
#6550 = DIRECTION ( 'NONE',  ( 0.0000000000000000000, 0.0000000000000000000, 1.000000000000000000 ) ) ;
#6551 = DIRECTION ( 'NONE',  ( -0.7071067811865470200, -0.0000000000000000000, -0.7071067811865481300 ) ) ;
#6552 = DIRECTION ( 'NONE',  ( -0.0000000000000000000, 0.0000000000000000000, 1.000000000000000000 ) ) ;
#6553 = VECTOR ( 'NONE', #8414, 1000.000000000000000 ) ;
#6554 = ORIENTED_EDGE ( 'NONE', *, *, #9818, .F. ) ;
#6555 =( GEOMETRIC_REPRESENTATION_CONTEXT ( 3 ) GLOBAL_UNCERTAINTY_ASSIGNED_CONTEXT ( ( #9556 ) ) GLOBAL_UNIT_ASSIGNED_CONTEXT ( ( #9558, #4542, #10418 ) ) REPRESENTATION_CONTEXT ( 'NONE', 'WORKASPACE' ) );
#6556 = CARTESIAN_POINT ( 'NONE',  ( 1.490000000000000000, -2.799999999999999400, -2.220000000000000200 ) ) ;
#6557 =( NAMED_UNIT ( * ) PLANE_ANGLE_UNIT ( ) SI_UNIT ( $, .RADIAN. ) );
#6558 = UNCERTAINTY_MEASURE_WITH_UNIT (LENGTH_MEASURE( 1.000000000000000100E-005 ), #9570, 'distance_accuracy_value', 'NONE');
#6559 = CARTESIAN_POINT ( 'NONE',  ( 1.050000000000000000, 11.70000000000000100, -14.92000000000000200 ) ) ;
#6560 = LINE ( 'NONE', #6917, #8505 ) ;
#6561 = CARTESIAN_POINT ( 'NONE',  ( 0.9499999999999999600, -2.799999999999999400, -5.299999999999999800 ) ) ;
#6562 = VECTOR ( 'NONE', #1039, 1000.000000000000000 ) ;
#6563 =( LENGTH_UNIT ( ) NAMED_UNIT ( * ) SI_UNIT ( .MILLI., .METRE. ) );
#6564 =( LENGTH_UNIT ( ) NAMED_UNIT ( * ) SI_UNIT ( .MILLI., .METRE. ) );
#6565 = EDGE_CURVE ( 'NONE', #7543, #6503, #3095, .T. ) ;
#6566 =( NAMED_UNIT ( * ) SI_UNIT ( $, .STERADIAN. ) SOLID_ANGLE_UNIT ( ) );
#6567 = SURFACE_SIDE_STYLE ('',( #10360 ) ) ;
#6568 = CARTESIAN_POINT ( 'NONE',  ( -2.540000000000000000, 1.700000000000000000, -21.22342105263157900 ) ) ;
#6569 = AXIS2_PLACEMENT_3D ( 'NONE', #9105, #4067, #9950 ) ;
#6570 = VECTOR ( 'NONE', #5519, 1000.000000000000000 ) ;
#6571 = LINE ( 'NONE', #3422, #2045 ) ;
#6572 = PRESENTATION_LAYER_ASSIGNMENT (  '', '', ( #5441 ) ) ;
#6573 = DIRECTION ( 'NONE',  ( 0.0000000000000000000, -1.000000000000000000, 0.0000000000000000000 ) ) ;
#6574 = FACE_OUTER_BOUND ( 'NONE', #9123, .T. ) ;
#6575 = SURFACE_STYLE_USAGE ( .BOTH. , #615 ) ;
#6576 = CARTESIAN_POINT ( 'NONE',  ( -1.050000000000000000, -2.799999999999999400, -14.92000000000000200 ) ) ;
#6577 = PRESENTATION_LAYER_ASSIGNMENT (  '', '', ( #5445 ) ) ;
#6578 = PLANE ( 'NONE',  #7077 ) ;
#6579 = CARTESIAN_POINT ( 'NONE',  ( -0.9499999999999999600, -2.799999999999999400, -9.940000000000001300 ) ) ;
#6580 = COLOUR_RGB ( '',0.7960784313725489700, 0.8235294117647058400, 0.9372549019607843100 ) ;
#6581 = AXIS2_PLACEMENT_3D ( 'NONE', #8794, #3771, #9631 ) ;
#6582 = SURFACE_STYLE_FILL_AREA ( #8406 ) ;
#6583 = SURFACE_STYLE_FILL_AREA ( #10104 ) ;
#6584 = FILL_AREA_STYLE_COLOUR ( '', #7819 ) ;
#6585 = VECTOR ( 'NONE', #3909, 1000.000000000000000 ) ;
#6586 = MECHANICAL_DESIGN_GEOMETRIC_PRESENTATION_REPRESENTATION (  '', ( #4891 ), #7141 ) ;
#6587 =( LENGTH_UNIT ( ) NAMED_UNIT ( * ) SI_UNIT ( .MILLI., .METRE. ) );
#6588 = ORIENTED_EDGE ( 'NONE', *, *, #692, .T. ) ;
#6589 = CARTESIAN_POINT ( 'NONE',  ( 1.590000000000000100, -2.799999999999999400, -20.54000000000000300 ) ) ;
#6590 = DIRECTION ( 'NONE',  ( 0.0000000000000000000, -0.0000000000000000000, 1.000000000000000000 ) ) ;
#6591 = FILL_AREA_STYLE ('',( #9912 ) ) ;
#6592 = LINE ( 'NONE', #521, #4340 ) ;
#6593 = SURFACE_SIDE_STYLE ('',( #3865 ) ) ;
#6594 = ORIENTED_EDGE ( 'NONE', *, *, #900, .T. ) ;
#6595 = EDGE_CURVE ( 'NONE', #5286, #5082, #9, .T. ) ;
#6596 = ADVANCED_FACE ( 'NONE', ( #8495 ), #5094, .T. ) ;
#6597 =( GEOMETRIC_REPRESENTATION_CONTEXT ( 3 ) GLOBAL_UNCERTAINTY_ASSIGNED_CONTEXT ( ( #7341 ) ) GLOBAL_UNIT_ASSIGNED_CONTEXT ( ( #2340, #8265, #3213 ) ) REPRESENTATION_CONTEXT ( 'NONE', 'WORKASPACE' ) );
#6598 =( GEOMETRIC_REPRESENTATION_CONTEXT ( 3 ) GLOBAL_UNCERTAINTY_ASSIGNED_CONTEXT ( ( #197 ) ) GLOBAL_UNIT_ASSIGNED_CONTEXT ( ( #9451, #4425, #10310 ) ) REPRESENTATION_CONTEXT ( 'NONE', 'WORKASPACE' ) );
#6599 = EDGE_CURVE ( 'NONE', #1166, #1502, #7725, .T. ) ;
#6600 = EDGE_LOOP ( 'NONE', ( #4208, #8713, #2546, #3160 ) ) ;
#6601 = VERTEX_POINT ( 'NONE', #11006 ) ;
#6602 = EDGE_CURVE ( 'NONE', #4337, #2392, #9947, .T. ) ;
#6603 = COLOUR_RGB ( '',0.7921568627450980000, 0.8196078431372548800, 0.9333333333333333500 ) ;
#6604 = CARTESIAN_POINT ( 'NONE',  ( 0.9499999999999999600, -2.799999999999999400, -17.55999999999999900 ) ) ;
#6605 = MECHANICAL_DESIGN_GEOMETRIC_PRESENTATION_REPRESENTATION (  '', ( #4915 ), #7171 ) ;
#6607 = CARTESIAN_POINT ( 'NONE',  ( 0.0000000000000000000, 1.700000000000000000, 0.0000000000000000000 ) ) ;
#6606 = COLOUR_RGB ( '',0.7960784313725489700, 0.8235294117647058400, 0.9372549019607843100 ) ;
#6608 = CARTESIAN_POINT ( 'NONE',  ( 1.590000000000000100, -2.799999999999999400, -7.400000000000000400 ) ) ;
#6609 = STYLED_ITEM ( 'NONE', ( #7884 ), #5550 ) ;
#6610 = ORIENTED_EDGE ( 'NONE', *, *, #4234, .T. ) ;
#6611 = UNCERTAINTY_MEASURE_WITH_UNIT (LENGTH_MEASURE( 1.000000000000000100E-005 ), #8280, 'distance_accuracy_value', 'NONE');
#6612 = MANIFOLD_SOLID_BREP ( 'LPattern3[15]', #1962 ) ;
#6613 = LINE ( 'NONE', #2811, #86 ) ;
#6614 = FILL_AREA_STYLE ('',( #3207 ) ) ;
#6615 = SURFACE_STYLE_USAGE ( .BOTH. , #667 ) ;
#6616 = FILL_AREA_STYLE ('',( #5769 ) ) ;
#6617 = CARTESIAN_POINT ( 'NONE',  ( 0.9499999999999999600, -2.799999999999999400, -0.2200000000000000000 ) ) ;
#6618 = FACE_OUTER_BOUND ( 'NONE', #8868, .T. ) ;
#6619 = LINE ( 'NONE', #4082, #4371 ) ;
#6620 = ORIENTED_EDGE ( 'NONE', *, *, #9305, .T. ) ;
#6621 = EDGE_LOOP ( 'NONE', ( #7590, #4751, #2503, #1109 ) ) ;
#6622 = CARTESIAN_POINT ( 'NONE',  ( 0.9499999999999999600, 11.70000000000000100, -7.400000000000000400 ) ) ;
#6623 =( LENGTH_UNIT ( ) NAMED_UNIT ( * ) SI_UNIT ( .MILLI., .METRE. ) );
#6624 = MECHANICAL_DESIGN_GEOMETRIC_PRESENTATION_REPRESENTATION (  '', ( #5500 ), #7191 ) ;
#6625 = FACE_OUTER_BOUND ( 'NONE', #8169, .T. ) ;
#6626 = PRESENTATION_STYLE_ASSIGNMENT (( #600 ) ) ;
#6627 =( NAMED_UNIT ( * ) SI_UNIT ( $, .STERADIAN. ) SOLID_ANGLE_UNIT ( ) );
#6628 = CARTESIAN_POINT ( 'NONE',  ( -1.050000000000000000, -2.799999999999999400, -20.64000000000000100 ) ) ;
#6629 = LINE ( 'NONE', #3834, #101 ) ;
#6630 = CARTESIAN_POINT ( 'NONE',  ( 2.140000000000000100, 1.700000000000000000, -8.890000000000000600 ) ) ;
#6631 = PRESENTATION_LAYER_ASSIGNMENT (  '', '', ( #5501 ) ) ;
#6632 = ORIENTED_EDGE ( 'NONE', *, *, #7659, .T. ) ;
#6633 = FILL_AREA_STYLE_COLOUR ( '', #1981 ) ;
#6634 = EDGE_CURVE ( 'NONE', #10324, #406, #2412, .T. ) ;
#6635 = ORIENTED_EDGE ( 'NONE', *, *, #9229, .T. ) ;
#6636 = EDGE_LOOP ( 'NONE', ( #4565, #894, #935, #3617 ) ) ;
#6637 = AXIS2_PLACEMENT_3D ( 'NONE', #3875, #9757, #4735 ) ;
#6638 = CARTESIAN_POINT ( 'NONE',  ( -1.590000000000000300, 11.70000000000000100, -12.48000000000000200 ) ) ;
#6639 = PRESENTATION_STYLE_ASSIGNMENT (( #10627 ) ) ;
#6640 =( NAMED_UNIT ( * ) SI_UNIT ( $, .STERADIAN. ) SOLID_ANGLE_UNIT ( ) );
#6641 = FILL_AREA_STYLE_COLOUR ( '', #9318 ) ;
#6642 = VERTEX_POINT ( 'NONE', #1755 ) ;
#6643 = ORIENTED_EDGE ( 'NONE', *, *, #1395, .T. ) ;
#6644 = VECTOR ( 'NONE', #5796, 1000.000000000000000 ) ;
#6645 = FACE_OUTER_BOUND ( 'NONE', #4530, .T. ) ;
#6646 =( NAMED_UNIT ( * ) PLANE_ANGLE_UNIT ( ) SI_UNIT ( $, .RADIAN. ) );
#6647 = MECHANICAL_DESIGN_GEOMETRIC_PRESENTATION_REPRESENTATION (  '', ( #4958 ), #7208 ) ;
#6648 = DIRECTION ( 'NONE',  ( -1.000000000000000000, 0.0000000000000000000, 0.0000000000000000000 ) ) ;
#6649 = ADVANCED_FACE ( 'NONE', ( #8887 ), #7697, .T. ) ;
#6650 = MECHANICAL_DESIGN_GEOMETRIC_PRESENTATION_REPRESENTATION (  '', ( #4963 ), #7211 ) ;
#6651 = ORIENTED_EDGE ( 'NONE', *, *, #10120, .T. ) ;
#6652 = CARTESIAN_POINT ( 'NONE',  ( 1.490000000000000000, -2.799999999999999400, 0.3199999999999999000 ) ) ;
#6653 = ORIENTED_EDGE ( 'NONE', *, *, #2456, .T. ) ;
#6654 = ORIENTED_EDGE ( 'NONE', *, *, #147, .T. ) ;
#6655 = EDGE_CURVE ( 'NONE', #5213, #2552, #10359, .T. ) ;
#6656 = DIRECTION ( 'NONE',  ( -0.7071067811865470200, -0.0000000000000000000, -0.7071067811865481300 ) ) ;
#6658 = ORIENTED_EDGE ( 'NONE', *, *, #8187, .T. ) ;
#6657 =( NAMED_UNIT ( * ) SI_UNIT ( $, .STERADIAN. ) SOLID_ANGLE_UNIT ( ) );
#6659 =( GEOMETRIC_REPRESENTATION_CONTEXT ( 3 ) GLOBAL_UNCERTAINTY_ASSIGNED_CONTEXT ( ( #5063 ) ) GLOBAL_UNIT_ASSIGNED_CONTEXT ( ( #3450, #9321, #4302 ) ) REPRESENTATION_CONTEXT ( 'NONE', 'WORKASPACE' ) );
#6660 = CLOSED_SHELL ( 'NONE', ( #10684, #4486, #9257, #10742, #7964, #4842, #901, #1520, #2815, #3423 ) ) ;
#6661 = FILL_AREA_STYLE ('',( #7457 ) ) ;
#6662 = STYLED_ITEM ( 'NONE', ( #2118 ), #5048 ) ;
#6663 = SURFACE_STYLE_FILL_AREA ( #4608 ) ;
#6664 = VERTEX_POINT ( 'NONE', #4378 ) ;
#6665 = EDGE_CURVE ( 'NONE', #4142, #1786, #1352, .T. ) ;
#6666 = FILL_AREA_STYLE ('',( #10862 ) ) ;
#6667 = VERTEX_POINT ( 'NONE', #10263 ) ;
#6668 = EDGE_CURVE ( 'NONE', #2066, #7264, #5874, .T. ) ;
#6669 = PRESENTATION_STYLE_ASSIGNMENT (( #6716 ) ) ;
#6670 =( NAMED_UNIT ( * ) SI_UNIT ( $, .STERADIAN. ) SOLID_ANGLE_UNIT ( ) );
#6671 = VERTEX_POINT ( 'NONE', #6075 ) ;
#6672 = SURFACE_SIDE_STYLE ('',( #10484 ) ) ;
#6673 = MECHANICAL_DESIGN_GEOMETRIC_PRESENTATION_REPRESENTATION (  '', ( #4982 ), #7231 ) ;
#6674 = PRESENTATION_STYLE_ASSIGNMENT (( #4342 ) ) ;
#6675 = DIRECTION ( 'NONE',  ( -2.492418787322998300E-016, 0.0000000000000000000, -1.000000000000000000 ) ) ;
#6676 = ORIENTED_EDGE ( 'NONE', *, *, #6097, .F. ) ;
#6677 = UNCERTAINTY_MEASURE_WITH_UNIT (LENGTH_MEASURE( 1.000000000000000100E-005 ), #5618, 'distance_accuracy_value', 'NONE');
#6678 = CARTESIAN_POINT ( 'NONE',  ( -1.590000000000000300, 11.70000000000000100, -10.38000000000000100 ) ) ;
#6679 = CARTESIAN_POINT ( 'NONE',  ( -0.9499999999999999600, -2.799999999999999400, -15.02000000000000000 ) ) ;
#6680 = UNCERTAINTY_MEASURE_WITH_UNIT (LENGTH_MEASURE( 1.000000000000000100E-005 ), #4605, 'distance_accuracy_value', 'NONE');
#6681 = DIRECTION ( 'NONE',  ( 0.7348718659067219300, 0.0000000000000000000, -0.6782059721786390900 ) ) ;
#6682 = LINE ( 'NONE', #9200, #8898 ) ;
#6683 = COLOUR_RGB ( '',0.7960784313725489700, 0.8235294117647058400, 0.9372549019607843100 ) ;
#6684 = VECTOR ( 'NONE', #9517, 999.9999999999998900 ) ;
#6685 = SURFACE_STYLE_USAGE ( .BOTH. , #724 ) ;
#6686 = FILL_AREA_STYLE_COLOUR ( '', #3297 ) ;
#6687 = ORIENTED_EDGE ( 'NONE', *, *, #6026, .F. ) ;
#6688 = FILL_AREA_STYLE ('',( #10006 ) ) ;
#6689 = VECTOR ( 'NONE', #5072, 1000.000000000000000 ) ;
#6690 = EDGE_CURVE ( 'NONE', #3205, #1023, #7859, .T. ) ;
#6691 = PLANE ( 'NONE',  #1647 ) ;
#6692 = SURFACE_STYLE_FILL_AREA ( #10703 ) ;
#6693 = DIRECTION ( 'NONE',  ( 0.0000000000000000000, -0.0000000000000000000, -1.000000000000000000 ) ) ;
#6694 = FACE_OUTER_BOUND ( 'NONE', #1839, .T. ) ;
#6695 = DIRECTION ( 'NONE',  ( -0.7071067811865469100, 0.0000000000000000000, 0.7071067811865482400 ) ) ;
#6696 = AXIS2_PLACEMENT_3D ( 'NONE', #8235, #3177, #9073 ) ;
#6697 = LINE ( 'NONE', #6087, #8911 ) ;
#6698 = FILL_AREA_STYLE_COLOUR ( '', #7988 ) ;
#6699 =( NAMED_UNIT ( * ) SI_UNIT ( $, .STERADIAN. ) SOLID_ANGLE_UNIT ( ) );
#6700 = VERTEX_POINT ( 'NONE', #119 ) ;
#6701 =( GEOMETRIC_REPRESENTATION_CONTEXT ( 3 ) GLOBAL_UNCERTAINTY_ASSIGNED_CONTEXT ( ( #7221 ) ) GLOBAL_UNIT_ASSIGNED_CONTEXT ( ( #2524, #8426, #3391 ) ) REPRESENTATION_CONTEXT ( 'NONE', 'WORKASPACE' ) );
#6702 = VECTOR ( 'NONE', #9833, 999.9999999999998900 ) ;
#6703 = CARTESIAN_POINT ( 'NONE',  ( 2.540000000000000900, 0.0000000000000000000, -5.950000000000001100 ) ) ;
#6704 =( GEOMETRIC_REPRESENTATION_CONTEXT ( 3 ) GLOBAL_UNCERTAINTY_ASSIGNED_CONTEXT ( ( #4713 ) ) GLOBAL_UNIT_ASSIGNED_CONTEXT ( ( #10740, #5692, #571 ) ) REPRESENTATION_CONTEXT ( 'NONE', 'WORKASPACE' ) );
#6705 = DIRECTION ( 'NONE',  ( -0.7071067811865489100, -0.0000000000000000000, 0.7071067811865462400 ) ) ;
#6706 = ADVANCED_FACE ( 'NONE', ( #9809 ), #4418, .T. ) ;
#6707 = LINE ( 'NONE', #5994, #178 ) ;
#6708 = EDGE_CURVE ( 'NONE', #8086, #10145, #9015, .T. ) ;
#6709 = PLANE ( 'NONE',  #4319 ) ;
#6710 = VECTOR ( 'NONE', #1779, 1000.000000000000000 ) ;
#6711 = VECTOR ( 'NONE', #2302, 1000.000000000000000 ) ;
#6712 = CARTESIAN_POINT ( 'NONE',  ( -2.139999999999999700, 1.700000000000000000, 1.270000000000000000 ) ) ;
#6713 = VECTOR ( 'NONE', #2555, 1000.000000000000000 ) ;
#6714 = AXIS2_PLACEMENT_3D ( 'NONE', #5699, #581, #6552 ) ;
#6715 = LINE ( 'NONE', #9921, #10925 ) ;
#6716 = SURFACE_STYLE_USAGE ( .BOTH. , #765 ) ;
#6717 =( NAMED_UNIT ( * ) SI_UNIT ( $, .STERADIAN. ) SOLID_ANGLE_UNIT ( ) );
#6718 =( NAMED_UNIT ( * ) PLANE_ANGLE_UNIT ( ) SI_UNIT ( $, .RADIAN. ) );
#6719 = CARTESIAN_POINT ( 'NONE',  ( 0.9499999999999999600, -2.799999999999999400, -2.319999999999999800 ) ) ;
#6720 = ORIENTED_EDGE ( 'NONE', *, *, #4117, .T. ) ;
#6721 = LINE ( 'NONE', #6996, #2190 ) ;
#6722 = EDGE_LOOP ( 'NONE', ( #7827, #3485, #1973, #4514 ) ) ;
#6723 = DIRECTION ( 'NONE',  ( 1.000000000000000000, 0.0000000000000000000, 0.0000000000000000000 ) ) ;
#6724 =( NAMED_UNIT ( * ) PLANE_ANGLE_UNIT ( ) SI_UNIT ( $, .RADIAN. ) );
#6725 = VECTOR ( 'NONE', #4010, 1000.000000000000100 ) ;
#6726 = LINE ( 'NONE', #2963, #6459 ) ;
#6727 = FACE_OUTER_BOUND ( 'NONE', #2818, .T. ) ;
#6728 = CARTESIAN_POINT ( 'NONE',  ( -0.9499999999999999600, -2.799999999999999400, -17.55999999999999900 ) ) ;
#6729 = DIRECTION ( 'NONE',  ( 0.7071067811865486800, 0.0000000000000000000, 0.7071067811865464600 ) ) ;
#6730 = PLANE ( 'NONE',  #9357 ) ;
#6731 = STYLED_ITEM ( 'NONE', ( #2950 ), #4659 ) ;
#6732 = DIRECTION ( 'NONE',  ( 0.7348718659067219300, 0.0000000000000000000, -0.6782059721786390900 ) ) ;
#6733 = ORIENTED_EDGE ( 'NONE', *, *, #824, .T. ) ;
#6734 = CARTESIAN_POINT ( 'NONE',  ( -2.140000000000000600, 0.0000000000000000000, -13.97000000000000100 ) ) ;
#6735 = DIRECTION ( 'NONE',  ( 0.6782059721786389800, 0.0000000000000000000, 0.7348718659067220400 ) ) ;
#6736 = SURFACE_SIDE_STYLE ('',( #9581 ) ) ;
#6737 = COLOUR_RGB ( '',0.0000000000000000000, 0.003921568627450980300, 0.09019607843137254800 ) ;
#6738 = CARTESIAN_POINT ( 'NONE',  ( 1.490000000000000000, -2.799999999999999400, -14.92000000000000200 ) ) ;
#6739 = EDGE_LOOP ( 'NONE', ( #8288, #5036, #9188, #9478 ) ) ;
#6740 = FILL_AREA_STYLE_COLOUR ( '', #8523 ) ;
#6741 = SURFACE_STYLE_FILL_AREA ( #8782 ) ;
#6742 = EDGE_CURVE ( 'NONE', #9649, #1786, #2544, .T. ) ;
#6743 = CARTESIAN_POINT ( 'NONE',  ( -1.050000000000000000, 11.70000000000000100, -7.299999999999999800 ) ) ;
#6744 = DIRECTION ( 'NONE',  ( -0.7071067811865489100, 0.0000000000000000000, 0.7071067811865462400 ) ) ;
#6745 = VECTOR ( 'NONE', #10086, 1000.000000000000000 ) ;
#6746 = EDGE_LOOP ( 'NONE', ( #3053, #6643, #3964, #2267, #3409, #9641, #3075, #10961 ) ) ;
#6747 =( LENGTH_UNIT ( ) NAMED_UNIT ( * ) SI_UNIT ( .MILLI., .METRE. ) );
#6748 = EDGE_CURVE ( 'NONE', #7823, #2327, #6799, .T. ) ;
#6749 = FILL_AREA_STYLE ('',( #10944 ) ) ;
#6750 = PRESENTATION_LAYER_ASSIGNMENT (  '', '', ( #5625 ) ) ;
#6751 = FACE_OUTER_BOUND ( 'NONE', #4840, .T. ) ;
#6752 = CARTESIAN_POINT ( 'NONE',  ( -0.9499999999999999600, 11.70000000000000100, -2.760000000000000200 ) ) ;
#6753 = ORIENTED_EDGE ( 'NONE', *, *, #1366, .F. ) ;
#6754 = ADVANCED_FACE ( 'NONE', ( #281 ), #2768, .T. ) ;
#6755 = MECHANICAL_DESIGN_GEOMETRIC_PRESENTATION_REPRESENTATION (  '', ( #5068 ), #7311 ) ;
#6756 = SURFACE_STYLE_FILL_AREA ( #3971 ) ;
#6757 =( GEOMETRIC_REPRESENTATION_CONTEXT ( 3 ) GLOBAL_UNCERTAINTY_ASSIGNED_CONTEXT ( ( #4933 ) ) GLOBAL_UNIT_ASSIGNED_CONTEXT ( ( #4463, #10351, #5320 ) ) REPRESENTATION_CONTEXT ( 'NONE', 'WORKASPACE' ) );
#6758 = SURFACE_SIDE_STYLE ('',( #4708 ) ) ;
#6759 = ORIENTED_EDGE ( 'NONE', *, *, #10490, .T. ) ;
#6760 = ORIENTED_EDGE ( 'NONE', *, *, #8901, .T. ) ;
#6761 = SURFACE_STYLE_FILL_AREA ( #8323 ) ;
#6762 = DIRECTION ( 'NONE',  ( 0.0000000000000000000, 0.0000000000000000000, 1.000000000000000000 ) ) ;
#6763 = CARTESIAN_POINT ( 'NONE',  ( -1.490000000000000000, 11.70000000000000100, -18.10000000000000100 ) ) ;
#6764 = VERTEX_POINT ( 'NONE', #2804 ) ;
#6765 =( NAMED_UNIT ( * ) SI_UNIT ( $, .STERADIAN. ) SOLID_ANGLE_UNIT ( ) );
#6766 = VERTEX_POINT ( 'NONE', #8702 ) ;
#6767 = VECTOR ( 'NONE', #9302, 1000.000000000000000 ) ;
#6768 = VECTOR ( 'NONE', #8014, 1000.000000000000000 ) ;
#6769 =( NAMED_UNIT ( * ) SI_UNIT ( $, .STERADIAN. ) SOLID_ANGLE_UNIT ( ) );
#6770 = STYLED_ITEM ( 'NONE', ( #3479 ), #6982 ) ;
#6771 =( LENGTH_UNIT ( ) NAMED_UNIT ( * ) SI_UNIT ( .MILLI., .METRE. ) );
#6772 = VERTEX_POINT ( 'NONE', #7846 ) ;
#6773 = DIRECTION ( 'NONE',  ( 0.7071067811865477900, 0.0000000000000000000, -0.7071067811865473500 ) ) ;
#6774 = CARTESIAN_POINT ( 'NONE',  ( 1.050000000000000000, -2.799999999999999400, -9.840000000000001600 ) ) ;
#6775 = LINE ( 'NONE', #10352, #4260 ) ;
#6776 = VECTOR ( 'NONE', #5299, 1000.000000000000000 ) ;
#6777 = ORIENTED_EDGE ( 'NONE', *, *, #3337, .T. ) ;
#6778 = SURFACE_SIDE_STYLE ('',( #8767 ) ) ;
#6779 = ORIENTED_EDGE ( 'NONE', *, *, #7676, .F. ) ;
#6780 =( GEOMETRIC_REPRESENTATION_CONTEXT ( 3 ) GLOBAL_UNCERTAINTY_ASSIGNED_CONTEXT ( ( #10461 ) ) GLOBAL_UNIT_ASSIGNED_CONTEXT ( ( #6834, #1732, #7667 ) ) REPRESENTATION_CONTEXT ( 'NONE', 'WORKASPACE' ) );
#6781 = FILL_AREA_STYLE ('',( #10115 ) ) ;
#6782 = ORIENTED_EDGE ( 'NONE', *, *, #8215, .T. ) ;
#6783 =( NAMED_UNIT ( * ) SI_UNIT ( $, .STERADIAN. ) SOLID_ANGLE_UNIT ( ) );
#6784 = CARTESIAN_POINT ( 'NONE',  ( -1.590000000000000300, -2.799999999999999400, -7.839999999999999900 ) ) ;
#6785 = FACE_OUTER_BOUND ( 'NONE', #1785, .T. ) ;
#6786 = EDGE_LOOP ( 'NONE', ( #10486, #2812, #6128, #5621 ) ) ;
#6787 = STYLED_ITEM ( 'NONE', ( #8002 ), #4313 ) ;
#6788 = FACE_OUTER_BOUND ( 'NONE', #8865, .T. ) ;
#6789 =( LENGTH_UNIT ( ) NAMED_UNIT ( * ) SI_UNIT ( .MILLI., .METRE. ) );
#6790 = COLOUR_RGB ( '',0.7960784313725489700, 0.8235294117647058400, 0.9372549019607843100 ) ;
#6791 = PRESENTATION_LAYER_ASSIGNMENT (  '', '', ( #5668 ) ) ;
#6792 = ORIENTED_EDGE ( 'NONE', *, *, #8327, .T. ) ;
#6793 = CARTESIAN_POINT ( 'NONE',  ( -2.140000000000000600, 1.700000000000000000, -19.05000000000000100 ) ) ;
#6794 = ORIENTED_EDGE ( 'NONE', *, *, #6041, .T. ) ;
#6795 = PRESENTATION_STYLE_ASSIGNMENT (( #3677 ) ) ;
#6796 = CARTESIAN_POINT ( 'NONE',  ( 1.590000000000000100, -2.799999999999999400, -9.940000000000001300 ) ) ;
#6797 = DIRECTION ( 'NONE',  ( 0.7071067811865487900, 0.0000000000000000000, -0.7071067811865463500 ) ) ;
#6798 = DIRECTION ( 'NONE',  ( 1.000000000000000000, 0.0000000000000000000, -0.0000000000000000000 ) ) ;
#6799 = LINE ( 'NONE', #4457, #11005 ) ;
#6800 = ORIENTED_EDGE ( 'NONE', *, *, #6655, .T. ) ;
#6801 = EDGE_CURVE ( 'NONE', #6503, #3951, #10204, .T. ) ;
#6802 = CARTESIAN_POINT ( 'NONE',  ( 1.590000000000000100, -2.799999999999999400, 0.2199999999999999200 ) ) ;
#6803 = DIRECTION ( 'NONE',  ( -0.7071067811865489100, -0.0000000000000000000, 0.7071067811865462400 ) ) ;
#6804 = SURFACE_STYLE_FILL_AREA ( #1513 ) ;
#6805 = AXIS2_PLACEMENT_3D ( 'NONE', #10598, #5556, #439 ) ;
#6806 = ORIENTED_EDGE ( 'NONE', *, *, #8624, .F. ) ;
#6807 = VECTOR ( 'NONE', #2636, 1000.000000000000000 ) ;
#6808 = MECHANICAL_DESIGN_GEOMETRIC_PRESENTATION_REPRESENTATION (  '', ( #5118 ), #7359 ) ;
#6809 = FILL_AREA_STYLE_COLOUR ( '', #9706 ) ;
#6810 = EDGE_CURVE ( 'NONE', #8086, #4636, #5741, .T. ) ;
#6811 = PLANE ( 'NONE',  #551 ) ;
#6812 = ADVANCED_FACE ( 'NONE', ( #7714 ), #265, .F. ) ;
#6813 = UNCERTAINTY_MEASURE_WITH_UNIT (LENGTH_MEASURE( 1.000000000000000100E-005 ), #5776, 'distance_accuracy_value', 'NONE');
#6814 = SURFACE_STYLE_USAGE ( .BOTH. , #864 ) ;
#6815 = DIRECTION ( 'NONE',  ( 0.0000000000000000000, 1.000000000000000000, 0.0000000000000000000 ) ) ;
#6816 = FILL_AREA_STYLE_COLOUR ( '', #3502 ) ;
#6817 = EDGE_CURVE ( 'NONE', #4028, #7785, #6933, .T. ) ;
#6818 = UNCERTAINTY_MEASURE_WITH_UNIT (LENGTH_MEASURE( 1.000000000000000100E-005 ), #7388, 'distance_accuracy_value', 'NONE');
#6819 = COLOUR_RGB ( '',0.7960784313725489700, 0.8235294117647058400, 0.9372549019607843100 ) ;
#6820 = PRESENTATION_LAYER_ASSIGNMENT (  '', '', ( #5689 ) ) ;
#6821 = DIRECTION ( 'NONE',  ( 0.0000000000000000000, 0.0000000000000000000, 1.000000000000000000 ) ) ;
#6822 = COLOUR_RGB ( '',0.7960784313725489700, 0.8235294117647058400, 0.9372549019607843100 ) ;
#6823 = DIRECTION ( 'NONE',  ( -1.000000000000000000, 0.0000000000000000000, -1.232047923278982000E-016 ) ) ;
#6824 = CARTESIAN_POINT ( 'NONE',  ( 1.050000000000000000, -2.799999999999999400, 0.3199999999999999000 ) ) ;
#6825 = DIRECTION ( 'NONE',  ( 1.000000000000000000, 0.0000000000000000000, 0.0000000000000000000 ) ) ;
#6826 = LINE ( 'NONE', #9059, #4586 ) ;
#6827 = CARTESIAN_POINT ( 'NONE',  ( -1.050000000000000000, -2.799999999999999400, -10.48000000000000200 ) ) ;
#6828 = CARTESIAN_POINT ( 'NONE',  ( 1.590000000000000100, -2.799999999999999400, -18.00000000000000400 ) ) ;
#6829 = VECTOR ( 'NONE', #9689, 1000.000000000000000 ) ;
#6830 = DIRECTION ( 'NONE',  ( 1.000000000000000000, 0.0000000000000000000, 0.0000000000000000000 ) ) ;
#6831 =( LENGTH_UNIT ( ) NAMED_UNIT ( * ) SI_UNIT ( .MILLI., .METRE. ) );
#6832 = PRESENTATION_STYLE_ASSIGNMENT (( #3794 ) ) ;
#6833 = FACE_OUTER_BOUND ( 'NONE', #5460, .T. ) ;
#6834 =( LENGTH_UNIT ( ) NAMED_UNIT ( * ) SI_UNIT ( .MILLI., .METRE. ) );
#6835 = VECTOR ( 'NONE', #1274, 1000.000000000000000 ) ;
#6836 = LINE ( 'NONE', #9503, #194 ) ;
#6837 =( LENGTH_UNIT ( ) NAMED_UNIT ( * ) SI_UNIT ( .MILLI., .METRE. ) );
#6838 = PLANE ( 'NONE',  #5246 ) ;
#6839 = DIRECTION ( 'NONE',  ( -0.0000000000000000000, -0.0000000000000000000, -1.000000000000000000 ) ) ;
#6840 = STYLED_ITEM ( 'NONE', ( #9551 ), #6545 ) ;
#6841 = FILL_AREA_STYLE ('',( #5981 ) ) ;
#6842 = SURFACE_STYLE_USAGE ( .BOTH. , #892 ) ;
#6843 = LINE ( 'NONE', #10272, #8790 ) ;
#6844 = FACE_OUTER_BOUND ( 'NONE', #3192, .T. ) ;
#6845 = CARTESIAN_POINT ( 'NONE',  ( 0.0000000000000000000, 11.70000000000000100, 0.0000000000000000000 ) ) ;
#6846 = AXIS2_PLACEMENT_3D ( 'NONE', #7746, #2672, #8566 ) ;
#6847 =( NAMED_UNIT ( * ) SI_UNIT ( $, .STERADIAN. ) SOLID_ANGLE_UNIT ( ) );
#6848 = VECTOR ( 'NONE', #8071, 1000.000000000000000 ) ;
#6849 = CARTESIAN_POINT ( 'NONE',  ( -1.490000000000000200, -2.799999999999999400, -12.38000000000000300 ) ) ;
#6850 = EDGE_CURVE ( 'NONE', #9223, #3214, #9143, .T. ) ;
#6851 = ORIENTED_EDGE ( 'NONE', *, *, #2910, .F. ) ;
#6852 =( GEOMETRIC_REPRESENTATION_CONTEXT ( 3 ) GLOBAL_UNCERTAINTY_ASSIGNED_CONTEXT ( ( #8150 ) ) GLOBAL_UNIT_ASSIGNED_CONTEXT ( ( #7935, #2870, #8770 ) ) REPRESENTATION_CONTEXT ( 'NONE', 'WORKASPACE' ) );
#6853 = VECTOR ( 'NONE', #2941, 1000.000000000000000 ) ;
#6854 =( LENGTH_UNIT ( ) NAMED_UNIT ( * ) SI_UNIT ( .MILLI., .METRE. ) );
#6855 = CARTESIAN_POINT ( 'NONE',  ( -2.139999999999999700, 0.0000000000000000000, 1.270000000000000000 ) ) ;
#6856 = CARTESIAN_POINT ( 'NONE',  ( -1.490000000000000200, 11.70000000000000100, -9.840000000000001600 ) ) ;
#6857 = VERTEX_POINT ( 'NONE', #3748 ) ;
#6858 = PRESENTATION_LAYER_ASSIGNMENT (  '', '', ( #5722 ) ) ;
#6859 = SURFACE_STYLE_USAGE ( .BOTH. , #912 ) ;
#6860 =( GEOMETRIC_REPRESENTATION_CONTEXT ( 3 ) GLOBAL_UNCERTAINTY_ASSIGNED_CONTEXT ( ( #5721 ) ) GLOBAL_UNIT_ASSIGNED_CONTEXT ( ( #4401, #10283, #5267 ) ) REPRESENTATION_CONTEXT ( 'NONE', 'WORKASPACE' ) );
#6861 = PLANE ( 'NONE',  #5517 ) ;
#6862 = PRESENTATION_LAYER_ASSIGNMENT (  '', '', ( #5724 ) ) ;
#6863 = VERTEX_POINT ( 'NONE', #8776 ) ;
#6864 = PLANE ( 'NONE',  #1197 ) ;
#6865 = PLANE ( 'NONE',  #1630 ) ;
#6866 =( NAMED_UNIT ( * ) SI_UNIT ( $, .STERADIAN. ) SOLID_ANGLE_UNIT ( ) );
#6867 = DIRECTION ( 'NONE',  ( 0.0000000000000000000, 1.000000000000000000, 0.0000000000000000000 ) ) ;
#6868 =( GEOMETRIC_REPRESENTATION_CONTEXT ( 3 ) GLOBAL_UNCERTAINTY_ASSIGNED_CONTEXT ( ( #1570 ) ) GLOBAL_UNIT_ASSIGNED_CONTEXT ( ( #1825, #7772, #2699 ) ) REPRESENTATION_CONTEXT ( 'NONE', 'WORKASPACE' ) );
#6869 =( NAMED_UNIT ( * ) SI_UNIT ( $, .STERADIAN. ) SOLID_ANGLE_UNIT ( ) );
#6870 = DIRECTION ( 'NONE',  ( -0.7071067811865470200, -0.0000000000000000000, -0.7071067811865481300 ) ) ;
#6871 = ADVANCED_FACE ( 'NONE', ( #2681 ), #303, .F. ) ;
#6872 = EDGE_LOOP ( 'NONE', ( #8354, #875, #245, #4683 ) ) ;
#6873 = EDGE_CURVE ( 'NONE', #9487, #7706, #8088, .T. ) ;
#6874 = MECHANICAL_DESIGN_GEOMETRIC_PRESENTATION_REPRESENTATION (  '', ( #5176 ), #7419 ) ;
#6875 = LINE ( 'NONE', #6446, #10422 ) ;
#6876 = EDGE_CURVE ( 'NONE', #8858, #8481, #4688, .T. ) ;
#6877 = UNCERTAINTY_MEASURE_WITH_UNIT (LENGTH_MEASURE( 1.000000000000000100E-005 ), #3863, 'distance_accuracy_value', 'NONE');
#6878 = CARTESIAN_POINT ( 'NONE',  ( 2.540000000000000900, 1.700000000000000000, -0.8700000000000006600 ) ) ;
#6879 = EDGE_CURVE ( 'NONE', #6930, #9135, #5859, .T. ) ;
#6880 = ORIENTED_EDGE ( 'NONE', *, *, #9395, .T. ) ;
#6881 = FILL_AREA_STYLE_COLOUR ( '', #5112 ) ;
#6882 = UNCERTAINTY_MEASURE_WITH_UNIT (LENGTH_MEASURE( 1.000000000000000100E-005 ), #771, 'distance_accuracy_value', 'NONE');
#6883 = CARTESIAN_POINT ( 'NONE',  ( -2.540000000000000000, 1.700000000000000000, -0.9034210526315790100 ) ) ;
#6884 = PRESENTATION_LAYER_ASSIGNMENT (  '', '', ( #5751 ) ) ;
#6885 = SURFACE_SIDE_STYLE ('',( #9686 ) ) ;
#6886 = UNCERTAINTY_MEASURE_WITH_UNIT (LENGTH_MEASURE( 1.000000000000000100E-005 ), #1001, 'distance_accuracy_value', 'NONE');
#6887 = VERTEX_POINT ( 'NONE', #7178 ) ;
#6888 = PRESENTATION_STYLE_ASSIGNMENT (( #7594 ) ) ;
#6889 = CARTESIAN_POINT ( 'NONE',  ( -2.539999999999999600, 1.700000000000000000, -16.94342105263157800 ) ) ;
#6890 = SURFACE_SIDE_STYLE ('',( #6945 ) ) ;
#6891 = DIRECTION ( 'NONE',  ( 0.0000000000000000000, -1.000000000000000000, 0.0000000000000000000 ) ) ;
#6892 = SURFACE_STYLE_FILL_AREA ( #3211 ) ;
#6893 = FILL_AREA_STYLE_COLOUR ( '', #608 ) ;
#6894 = LINE ( 'NONE', #1394, #99 ) ;
#6895 =( NAMED_UNIT ( * ) SI_UNIT ( $, .STERADIAN. ) SOLID_ANGLE_UNIT ( ) );
#6896 = DIRECTION ( 'NONE',  ( 0.7071067811865486800, 0.0000000000000000000, -0.7071067811865463500 ) ) ;
#6897 = CARTESIAN_POINT ( 'NONE',  ( -1.590000000000000300, -2.799999999999999400, -5.300000000000000700 ) ) ;
#6898 = CARTESIAN_POINT ( 'NONE',  ( 1.050000000000000000, -2.799999999999999400, -18.10000000000000100 ) ) ;
#6899 = EDGE_CURVE ( 'NONE', #786, #5415, #5606, .T. ) ;
#6900 = FILL_AREA_STYLE_COLOUR ( '', #6580 ) ;
#6901 = VERTEX_POINT ( 'NONE', #2954 ) ;
#6902 = LINE ( 'NONE', #2300, #10312 ) ;
#6903 =( NAMED_UNIT ( * ) SI_UNIT ( $, .STERADIAN. ) SOLID_ANGLE_UNIT ( ) );
#6904 = SURFACE_STYLE_USAGE ( .BOTH. , #969 ) ;
#6905 = STYLED_ITEM ( 'NONE', ( #6226 ), #6143 ) ;
#6906 = VERTEX_POINT ( 'NONE', #8848 ) ;
#6907 = MECHANICAL_DESIGN_GEOMETRIC_PRESENTATION_REPRESENTATION (  '', ( #5222 ), #7456 ) ;
#6908 = LINE ( 'NONE', #2787, #2378 ) ;
#6909 = AXIS2_PLACEMENT_3D ( 'NONE', #5479, #352, #6308 ) ;
#6910 = EDGE_LOOP ( 'NONE', ( #2490, #1806, #9328, #610 ) ) ;
#6911 =( LENGTH_UNIT ( ) NAMED_UNIT ( * ) SI_UNIT ( .MILLI., .METRE. ) );
#6912 = SURFACE_SIDE_STYLE ('',( #1598 ) ) ;
#6913 = CARTESIAN_POINT ( 'NONE',  ( 1.050000000000000000, 11.70000000000000100, -4.760000000000000700 ) ) ;
#6914 = SURFACE_STYLE_USAGE ( .BOTH. , #981 ) ;
#6915 = EDGE_CURVE ( 'NONE', #5365, #1731, #9801, .T. ) ;
#6916 = VERTEX_POINT ( 'NONE', #4677 ) ;
#6917 = CARTESIAN_POINT ( 'NONE',  ( -1.050000000000000000, -2.799999999999999400, -20.00000000000000000 ) ) ;
#6918 = SURFACE_STYLE_FILL_AREA ( #7595 ) ;
#6919 =( LENGTH_UNIT ( ) NAMED_UNIT ( * ) SI_UNIT ( .MILLI., .METRE. ) );
#6920 = MECHANICAL_DESIGN_GEOMETRIC_PRESENTATION_REPRESENTATION (  '', ( #5235 ), #7468 ) ;
#6921 = DIRECTION ( 'NONE',  ( 0.0000000000000000000, -0.0000000000000000000, 1.000000000000000000 ) ) ;
#6922 = EDGE_LOOP ( 'NONE', ( #4633, #5250, #7130, #2645 ) ) ;
#6923 = FACE_OUTER_BOUND ( 'NONE', #3406, .T. ) ;
#6924 = DIRECTION ( 'NONE',  ( 0.0000000000000000000, 1.000000000000000000, 0.0000000000000000000 ) ) ;
#6925 = ADVANCED_FACE ( 'NONE', ( #1341 ), #5522, .F. ) ;
#6926 = CARTESIAN_POINT ( 'NONE',  ( 1.490000000000000000, -2.799999999999999400, -2.860000000000000300 ) ) ;
#6927 = ORIENTED_EDGE ( 'NONE', *, *, #3688, .F. ) ;
#6928 = DIRECTION ( 'NONE',  ( 0.0000000000000000000, 0.0000000000000000000, 1.000000000000000000 ) ) ;
#6929 =( GEOMETRIC_REPRESENTATION_CONTEXT ( 3 ) GLOBAL_UNCERTAINTY_ASSIGNED_CONTEXT ( ( #3414 ) ) GLOBAL_UNIT_ASSIGNED_CONTEXT ( ( #10403, #5376, #253 ) ) REPRESENTATION_CONTEXT ( 'NONE', 'WORKASPACE' ) );
#6930 = VERTEX_POINT ( 'NONE', #4710 ) ;
#6931 = SURFACE_STYLE_USAGE ( .BOTH. , #993 ) ;
#6932 = DIRECTION ( 'NONE',  ( 0.0000000000000000000, 1.000000000000000000, 0.0000000000000000000 ) ) ;
#6933 = LINE ( 'NONE', #7109, #403 ) ;
#6934 =( GEOMETRIC_REPRESENTATION_CONTEXT ( 3 ) GLOBAL_UNCERTAINTY_ASSIGNED_CONTEXT ( ( #10241 ) ) GLOBAL_UNIT_ASSIGNED_CONTEXT ( ( #7752, #2679, #8574 ) ) REPRESENTATION_CONTEXT ( 'NONE', 'WORKASPACE' ) );
#6935 = DIRECTION ( 'NONE',  ( -0.0000000000000000000, -1.000000000000000000, -0.0000000000000000000 ) ) ;
#6936 = ORIENTED_EDGE ( 'NONE', *, *, #8377, .F. ) ;
#6937 = LINE ( 'NONE', #10802, #3880 ) ;
#6938 = AXIS2_PLACEMENT_3D ( 'NONE', #7331, #2252, #8171 ) ;
#6939 = FILL_AREA_STYLE ('',( #120 ) ) ;
#6940 = ORIENTED_EDGE ( 'NONE', *, *, #465, .F. ) ;
#6941 =( NAMED_UNIT ( * ) PLANE_ANGLE_UNIT ( ) SI_UNIT ( $, .RADIAN. ) );
#6942 = DIRECTION ( 'NONE',  ( 0.0000000000000000000, -0.0000000000000000000, 1.000000000000000000 ) ) ;
#6943 = ADVANCED_FACE ( 'NONE', ( #6785 ), #6405, .F. ) ;
#6944 = DIRECTION ( 'NONE',  ( 0.7071067811865486800, 0.0000000000000000000, -0.7071067811865463500 ) ) ;
#6945 = SURFACE_STYLE_FILL_AREA ( #951 ) ;
#6946 = CARTESIAN_POINT ( 'NONE',  ( 2.140000000000000100, 1.700000000000000000, -11.43000000000000100 ) ) ;
#6947 = ORIENTED_EDGE ( 'NONE', *, *, #6033, .F. ) ;
#6948 = AXIS2_PLACEMENT_3D ( 'NONE', #8985, #3948, #9836 ) ;
#6949 = ORIENTED_EDGE ( 'NONE', *, *, #2141, .T. ) ;
#6950 = DIRECTION ( 'NONE',  ( 0.0000000000000000000, 1.000000000000000000, 0.0000000000000000000 ) ) ;
#6951 = VECTOR ( 'NONE', #5905, 1000.000000000000100 ) ;
#6952 = DIRECTION ( 'NONE',  ( -2.492418787322998300E-016, 0.0000000000000000000, -1.000000000000000000 ) ) ;
#6953 = LINE ( 'NONE', #10414, #6684 ) ;
#6954 = EDGE_CURVE ( 'NONE', #7305, #8396, #10474, .T. ) ;
#6955 = UNCERTAINTY_MEASURE_WITH_UNIT (LENGTH_MEASURE( 1.000000000000000100E-005 ), #4873, 'distance_accuracy_value', 'NONE');
#6956 = LINE ( 'NONE', #7552, #425 ) ;
#6957 = DIRECTION ( 'NONE',  ( -0.0000000000000000000, -1.000000000000000000, -0.0000000000000000000 ) ) ;
#6958 = CARTESIAN_POINT ( 'NONE',  ( -2.140000000000000600, 0.0000000000000000000, -21.59000000000000000 ) ) ;
#6959 = UNCERTAINTY_MEASURE_WITH_UNIT (LENGTH_MEASURE( 1.000000000000000100E-005 ), #5494, 'distance_accuracy_value', 'NONE');
#6960 = PLANE ( 'NONE',  #5242 ) ;
#6961 = SURFACE_STYLE_USAGE ( .BOTH. , #1027 ) ;
#6962 = EDGE_CURVE ( 'NONE', #1719, #10984, #5987, .T. ) ;
#6963 = FILL_AREA_STYLE_COLOUR ( '', #4591 ) ;
#6964 = SURFACE_SIDE_STYLE ('',( #2937 ) ) ;
#6965 = ORIENTED_EDGE ( 'NONE', *, *, #5805, .F. ) ;
#6966 = LINE ( 'NONE', #7266, #2431 ) ;
#6967 = PLANE ( 'NONE',  #965 ) ;
#6968 = FILL_AREA_STYLE ('',( #6110 ) ) ;
#6969 = EDGE_CURVE ( 'NONE', #4270, #3202, #8217, .T. ) ;
#6970 = STYLED_ITEM ( 'NONE', ( #9716 ), #731 ) ;
#6971 = COLOUR_RGB ( '',0.0000000000000000000, 0.003921568627450980300, 0.09019607843137254800 ) ;
#6972 = DIRECTION ( 'NONE',  ( 0.0000000000000000000, 1.000000000000000000, 0.0000000000000000000 ) ) ;
#6973 = PRESENTATION_LAYER_ASSIGNMENT (  '', '', ( #5826 ) ) ;
#6974 = SURFACE_STYLE_USAGE ( .BOTH. , #1041 ) ;
#6975 = DIRECTION ( 'NONE',  ( 0.7071067811865477900, 0.0000000000000000000, -0.7071067811865473500 ) ) ;
#6976 = PLANE ( 'NONE',  #8423 ) ;
#6977 = SURFACE_STYLE_USAGE ( .BOTH. , #1045 ) ;
#6978 = MECHANICAL_DESIGN_GEOMETRIC_PRESENTATION_REPRESENTATION (  '', ( #5827 ), #7520 ) ;
#6979 = DIRECTION ( 'NONE',  ( -0.7071067811865469100, 0.0000000000000000000, 0.7071067811865482400 ) ) ;
#6980 = VECTOR ( 'NONE', #7377, 1000.000000000000000 ) ;
#6981 =( NAMED_UNIT ( * ) SI_UNIT ( $, .STERADIAN. ) SOLID_ANGLE_UNIT ( ) );
#6982 = ADVANCED_FACE ( 'NONE', ( #10194 ), #510, .T. ) ;
#6983 = VERTEX_POINT ( 'NONE', #4784 ) ;
#6984 = VECTOR ( 'NONE', #809, 1000.000000000000000 ) ;
#6985 = PRESENTATION_STYLE_ASSIGNMENT (( #4810 ) ) ;
#6986 = CARTESIAN_POINT ( 'NONE',  ( 2.140000000000000100, 1.700000000000000000, -3.810000000000000100 ) ) ;
#6987 = SURFACE_SIDE_STYLE ('',( #252 ) ) ;
#6988 = COLOUR_RGB ( '',0.7960784313725489700, 0.8235294117647058400, 0.9372549019607843100 ) ;
#6989 = DIRECTION ( 'NONE',  ( 0.0000000000000000000, 1.000000000000000000, 0.0000000000000000000 ) ) ;
#6990 = VERTEX_POINT ( 'NONE', #5673 ) ;
#6991 = ORIENTED_EDGE ( 'NONE', *, *, #384, .F. ) ;
#6992 = CARTESIAN_POINT ( 'NONE',  ( 0.9499999999999999600, -2.799999999999999400, -10.38000000000000100 ) ) ;
#6993 = CARTESIAN_POINT ( 'NONE',  ( 2.540000000000000900, 1.700000000000000000, -13.57000000000000200 ) ) ;
#6994 =( GEOMETRIC_REPRESENTATION_CONTEXT ( 3 ) GLOBAL_UNCERTAINTY_ASSIGNED_CONTEXT ( ( #1110 ) ) GLOBAL_UNIT_ASSIGNED_CONTEXT ( ( #3063, #8958, #3917 ) ) REPRESENTATION_CONTEXT ( 'NONE', 'WORKASPACE' ) );
#6995 = ADVANCED_FACE ( 'NONE', ( #7177 ), #1430, .T. ) ;
#6996 = CARTESIAN_POINT ( 'NONE',  ( -2.540000000000000000, 1.700000000000000000, -5.983421052631579900 ) ) ;
#6997 = CARTESIAN_POINT ( 'NONE',  ( -1.050000000000000000, 11.70000000000000100, -2.220000000000000200 ) ) ;
#6998 = LINE ( 'NONE', #7928, #3937 ) ;
#6999 = VERTEX_POINT ( 'NONE', #546 ) ;
#7000 = PLANE ( 'NONE',  #6948 ) ;
#7001 = MECHANICAL_DESIGN_GEOMETRIC_PRESENTATION_REPRESENTATION (  '', ( #5309 ), #7540 ) ;
#7002 = DIRECTION ( 'NONE',  ( 0.0000000000000000000, 1.000000000000000000, 0.0000000000000000000 ) ) ;
#7003 = CARTESIAN_POINT ( 'NONE',  ( -1.490000000000000000, -2.799999999999999400, -7.940000000000001300 ) ) ;
#7004 = VECTOR ( 'NONE', #10113, 1000.000000000000000 ) ;
#7005 = AXIS2_PLACEMENT_3D ( 'NONE', #1404, #7330, #2251 ) ;
#7006 = DIRECTION ( 'NONE',  ( -0.7071067811865482400, 0.0000000000000000000, -0.7071067811865469100 ) ) ;
#7007 = AXIS2_PLACEMENT_3D ( 'NONE', #8779, #3752, #9615 ) ;
#7008 = EDGE_LOOP ( 'NONE', ( #4761, #4801, #9821, #906 ) ) ;
#7009 = DIRECTION ( 'NONE',  ( -0.0000000000000000000, -0.0000000000000000000, -1.000000000000000000 ) ) ;
#7010 = DIRECTION ( 'NONE',  ( 0.0000000000000000000, 0.0000000000000000000, -1.000000000000000000 ) ) ;
#7011 = DIRECTION ( 'NONE',  ( -2.492418787322998300E-016, 0.0000000000000000000, -1.000000000000000000 ) ) ;
#7012 = SURFACE_STYLE_USAGE ( .BOTH. , #1089 ) ;
#7013 = EDGE_LOOP ( 'NONE', ( #6528, #1342, #7409, #9531 ) ) ;
#7014 = UNCERTAINTY_MEASURE_WITH_UNIT (LENGTH_MEASURE( 1.000000000000000100E-005 ), #2844, 'distance_accuracy_value', 'NONE');
#7015 = EDGE_CURVE ( 'NONE', #10540, #4964, #4131, .T. ) ;
#7016 = FACE_OUTER_BOUND ( 'NONE', #1653, .T. ) ;
#7017 = VERTEX_POINT ( 'NONE', #6559 ) ;
#7018 = STYLED_ITEM ( 'NONE', ( #10647 ), #3309 ) ;
#7019 = VECTOR ( 'NONE', #4353, 1000.000000000000000 ) ;
#7020 = UNCERTAINTY_MEASURE_WITH_UNIT (LENGTH_MEASURE( 1.000000000000000100E-005 ), #1811, 'distance_accuracy_value', 'NONE');
#7021 = SURFACE_SIDE_STYLE ('',( #5163 ) ) ;
#7022 = DIRECTION ( 'NONE',  ( 0.0000000000000000000, 0.0000000000000000000, 1.000000000000000000 ) ) ;
#7023 = PRESENTATION_LAYER_ASSIGNMENT (  '', '', ( #5883 ) ) ;
#7024 = CARTESIAN_POINT ( 'NONE',  ( -1.050000000000000000, 11.70000000000000100, -15.56000000000000000 ) ) ;
#7025 =( NAMED_UNIT ( * ) PLANE_ANGLE_UNIT ( ) SI_UNIT ( $, .RADIAN. ) );
#7026 = EDGE_CURVE ( 'NONE', #3202, #4487, #1859, .T. ) ;
#7027 = CARTESIAN_POINT ( 'NONE',  ( -2.540000000000000000, 1.700000000000000000, -11.06342105263158100 ) ) ;
#7028 =( LENGTH_UNIT ( ) NAMED_UNIT ( * ) SI_UNIT ( .MILLI., .METRE. ) );
#7029 = VERTEX_POINT ( 'NONE', #3173 ) ;
#7030 = LINE ( 'NONE', #8292, #486 ) ;
#7031 =( LENGTH_UNIT ( ) NAMED_UNIT ( * ) SI_UNIT ( .MILLI., .METRE. ) );
#7032 = ORIENTED_EDGE ( 'NONE', *, *, #8470, .F. ) ;
#7033 = VERTEX_POINT ( 'NONE', #9068 ) ;
#7034 = CARTESIAN_POINT ( 'NONE',  ( -1.050000000000000000, -2.799999999999999400, -0.3200000000000000600 ) ) ;
#7035 = PLANE ( 'NONE',  #7562 ) ;
#7036 = FACE_OUTER_BOUND ( 'NONE', #10286, .T. ) ;
#7037 = COLOUR_RGB ( '',0.0000000000000000000, 0.003921568627450980300, 0.09019607843137254800 ) ;
#7038 = ORIENTED_EDGE ( 'NONE', *, *, #10689, .T. ) ;
#7039 = VECTOR ( 'NONE', #8427, 1000.000000000000000 ) ;
#7040 = VECTOR ( 'NONE', #7146, 999.9999999999998900 ) ;
#7041 = DIRECTION ( 'NONE',  ( 0.7071067811865486800, 0.0000000000000000000, 0.7071067811865464600 ) ) ;
#7042 = SURFACE_STYLE_USAGE ( .BOTH. , #1122 ) ;
#7043 = SURFACE_STYLE_USAGE ( .BOTH. , #1123 ) ;
#7044 = CARTESIAN_POINT ( 'NONE',  ( -1.590000000000000300, -2.799999999999999400, -12.48000000000000200 ) ) ;
#7045 = ORIENTED_EDGE ( 'NONE', *, *, #16, .F. ) ;
#7046 = ORIENTED_EDGE ( 'NONE', *, *, #8546, .T. ) ;
#7047 =( LENGTH_UNIT ( ) NAMED_UNIT ( * ) SI_UNIT ( .MILLI., .METRE. ) );
#7048 = DIRECTION ( 'NONE',  ( -1.000000000000000000, -0.0000000000000000000, -0.0000000000000000000 ) ) ;
#7049 = ADVANCED_FACE ( 'NONE', ( #8605 ), #4898, .T. ) ;
#7050 =( LENGTH_UNIT ( ) NAMED_UNIT ( * ) SI_UNIT ( .MILLI., .METRE. ) );
#7051 = VECTOR ( 'NONE', #5266, 1000.000000000000100 ) ;
#7052 = PRESENTATION_STYLE_ASSIGNMENT (( #7493 ) ) ;
#7053 = ORIENTED_EDGE ( 'NONE', *, *, #1299, .F. ) ;
#7054 = ORIENTED_EDGE ( 'NONE', *, *, #1476, .F. ) ;
#7055 = STYLED_ITEM ( 'NONE', ( #347 ), #10947 ) ;
#7056 = EDGE_LOOP ( 'NONE', ( #6069, #10314, #7592, #4507, #2802, #9642, #10175, #8083 ) ) ;
#7057 = STYLED_ITEM ( 'NONE', ( #4506 ), #7684 ) ;
#7058 = DIRECTION ( 'NONE',  ( 0.0000000000000000000, 1.000000000000000000, 0.0000000000000000000 ) ) ;
#7059 = FILL_AREA_STYLE ('',( #5369 ) ) ;
#7060 = PLANE ( 'NONE',  #3159 ) ;
#7061 = COLOUR_RGB ( '',0.7960784313725489700, 0.8235294117647058400, 0.9372549019607843100 ) ;
#7062 = VECTOR ( 'NONE', #2, 1000.000000000000000 ) ;
#7063 = EDGE_CURVE ( 'NONE', #1151, #6503, #7553, .T. ) ;
#7064 = VERTEX_POINT ( 'NONE', #5773 ) ;
#7065 = CARTESIAN_POINT ( 'NONE',  ( -2.539999999999999600, 1.700000000000000000, -14.40342105263157900 ) ) ;
#7066 = SURFACE_STYLE_USAGE ( .BOTH. , #1142 ) ;
#7067 = MECHANICAL_DESIGN_GEOMETRIC_PRESENTATION_REPRESENTATION (  '', ( #6437 ), #7614 ) ;
#7068 = ORIENTED_EDGE ( 'NONE', *, *, #4853, .F. ) ;
#7069 = LINE ( 'NONE', #10374, #4561 ) ;
#7070 = VECTOR ( 'NONE', #10791, 999.9999999999998900 ) ;
#7071 = AXIS2_PLACEMENT_3D ( 'NONE', #7526, #2449, #8370 ) ;
#7072 = COLOUR_RGB ( '',0.0000000000000000000, 0.003921568627450980300, 0.09019607843137254800 ) ;
#7073 = MECHANICAL_DESIGN_GEOMETRIC_PRESENTATION_REPRESENTATION (  '', ( #5381 ), #7620 ) ;
#7074 = AXIS2_PLACEMENT_3D ( 'NONE', #3445, #9316, #4297 ) ;
#7075 = EDGE_LOOP ( 'NONE', ( #661, #9814, #471, #10226 ) ) ;
#7076 = VECTOR ( 'NONE', #4287, 999.9999999999998900 ) ;
#7077 = AXIS2_PLACEMENT_3D ( 'NONE', #9935, #4916, #10805 ) ;
#7078 = FILL_AREA_STYLE ('',( #6213 ) ) ;
#7079 = ORIENTED_EDGE ( 'NONE', *, *, #10137, .F. ) ;
#7080 = PLANE ( 'NONE',  #9431 ) ;
#7081 = VERTEX_POINT ( 'NONE', #6622 ) ;
#7082 = SURFACE_SIDE_STYLE ('',( #10833 ) ) ;
#7083 = CARTESIAN_POINT ( 'NONE',  ( 2.140000000000000100, 1.700000000000000000, -11.43000000000000100 ) ) ;
#7084 = EDGE_CURVE ( 'NONE', #7288, #6330, #3058, .T. ) ;
#7085 = DIRECTION ( 'NONE',  ( -0.0000000000000000000, -0.0000000000000000000, -1.000000000000000000 ) ) ;
#7086 = PRESENTATION_LAYER_ASSIGNMENT (  '', '', ( #5939 ) ) ;
#7087 = DIRECTION ( 'NONE',  ( 0.7071067811865489100, 0.0000000000000000000, 0.7071067811865461300 ) ) ;
#7088 = FACE_OUTER_BOUND ( 'NONE', #1605, .T. ) ;
#7089 = LINE ( 'NONE', #8264, #2563 ) ;
#7090 =( GEOMETRIC_REPRESENTATION_CONTEXT ( 3 ) GLOBAL_UNCERTAINTY_ASSIGNED_CONTEXT ( ( #9687 ) ) GLOBAL_UNIT_ASSIGNED_CONTEXT ( ( #9329, #4308, #10192 ) ) REPRESENTATION_CONTEXT ( 'NONE', 'WORKASPACE' ) );
#7091 = EDGE_CURVE ( 'NONE', #3861, #10298, #9524, .T. ) ;
#7092 = EDGE_CURVE ( 'NONE', #7374, #4270, #5074, .T. ) ;
#7093 = LINE ( 'NONE', #10813, #4852 ) ;
#7094 = ORIENTED_EDGE ( 'NONE', *, *, #688, .F. ) ;
#7095 = CARTESIAN_POINT ( 'NONE',  ( 2.540000000000000900, 0.0000000000000000000, -21.19000000000000100 ) ) ;
#7096 = PRODUCT_DEFINITION ( 'UNKNOWN', '', #7642, #9680 ) ;
#7097 = CARTESIAN_POINT ( 'NONE',  ( 2.540000000000000900, 1.700000000000000000, -16.10999999999999900 ) ) ;
#7098 = PRESENTATION_STYLE_ASSIGNMENT (( #2982 ) ) ;
#7099 = FACE_OUTER_BOUND ( 'NONE', #9005, .T. ) ;
#7100 = SURFACE_STYLE_USAGE ( .BOTH. , #1172 ) ;
#7101 = ADVANCED_FACE ( 'NONE', ( #2795 ), #5802, .F. ) ;
#7102 = SURFACE_SIDE_STYLE ('',( #7228 ) ) ;
#7103 = VECTOR ( 'NONE', #1563, 1000.000000000000000 ) ;
#7104 = VECTOR ( 'NONE', #2665, 1000.000000000000000 ) ;
#7105 = VECTOR ( 'NONE', #7403, 1000.000000000000000 ) ;
#7106 = SURFACE_SIDE_STYLE ('',( #2171 ) ) ;
#7107 = EDGE_CURVE ( 'NONE', #7162, #3353, #6242, .T. ) ;
#7108 = SURFACE_STYLE_FILL_AREA ( #5273 ) ;
#7109 = CARTESIAN_POINT ( 'NONE',  ( 1.490000000000000000, 11.70000000000000100, -9.840000000000001600 ) ) ;
#7110 =( LENGTH_UNIT ( ) NAMED_UNIT ( * ) SI_UNIT ( .MILLI., .METRE. ) );
#7111 = ORIENTED_EDGE ( 'NONE', *, *, #4979, .F. ) ;
#7112 = CARTESIAN_POINT ( 'NONE',  ( -1.590000000000000300, -2.799999999999999400, -7.839999999999999900 ) ) ;
#7113 = PRESENTATION_STYLE_ASSIGNMENT (( #4118 ) ) ;
#7114 = DIRECTION ( 'NONE',  ( 1.000000000000000000, 0.0000000000000000000, 1.232047923278982200E-016 ) ) ;
#7115 = STYLED_ITEM ( 'NONE', ( #4531 ), #10513 ) ;
#7116 =( LENGTH_UNIT ( ) NAMED_UNIT ( * ) SI_UNIT ( .MILLI., .METRE. ) );
#7117 = LINE ( 'NONE', #7163, #6853 ) ;
#7118 = DIRECTION ( 'NONE',  ( 0.7071067811865474600, 0.0000000000000000000, 0.7071067811865474600 ) ) ;
#7119 = PRESENTATION_STYLE_ASSIGNMENT (( #4657 ) ) ;
#7120 = VECTOR ( 'NONE', #7317, 1000.000000000000000 ) ;
#7121 = ORIENTED_EDGE ( 'NONE', *, *, #2888, .F. ) ;
#7122 = EDGE_CURVE ( 'NONE', #2200, #10209, #1996, .T. ) ;
#7123 = EDGE_LOOP ( 'NONE', ( #3550, #1108, #1276, #6760 ) ) ;
#7124 = ORIENTED_EDGE ( 'NONE', *, *, #1529, .F. ) ;
#7125 = EDGE_LOOP ( 'NONE', ( #3884, #885, #2013, #6594 ) ) ;
#7126 = SURFACE_STYLE_FILL_AREA ( #8711 ) ;
#7127 =( LENGTH_UNIT ( ) NAMED_UNIT ( * ) SI_UNIT ( .MILLI., .METRE. ) );
#7128 = PRESENTATION_LAYER_ASSIGNMENT (  '', '', ( #5989 ) ) ;
#7129 = FACE_OUTER_BOUND ( 'NONE', #1357, .T. ) ;
#7130 = ORIENTED_EDGE ( 'NONE', *, *, #10695, .F. ) ;
#7131 = CARTESIAN_POINT ( 'NONE',  ( -1.050000000000000000, -2.799999999999999400, -10.48000000000000200 ) ) ;
#7132 = MECHANICAL_DESIGN_GEOMETRIC_PRESENTATION_REPRESENTATION (  '', ( #5441 ), #7688 ) ;
#7133 = CARTESIAN_POINT ( 'NONE',  ( 1.590000000000000100, -2.799999999999999400, -0.2200000000000001400 ) ) ;
#7134 = MECHANICAL_DESIGN_GEOMETRIC_PRESENTATION_REPRESENTATION (  '', ( #5445 ), #7696 ) ;
#7135 = PRESENTATION_LAYER_ASSIGNMENT (  '', '', ( #6007 ) ) ;
#7136 = ORIENTED_EDGE ( 'NONE', *, *, #6801, .T. ) ;
#7137 = COLOUR_RGB ( '',0.7960784313725489700, 0.8235294117647058400, 0.9372549019607843100 ) ;
#7138 = DIRECTION ( 'NONE',  ( -0.7071067811865469100, 0.0000000000000000000, 0.7071067811865482400 ) ) ;
#7139 = DIRECTION ( 'NONE',  ( 0.0000000000000000000, 1.000000000000000000, 0.0000000000000000000 ) ) ;
#7140 = EDGE_LOOP ( 'NONE', ( #4132, #2019, #6851, #7219, #205, #8977, #8232, #1181, #1470, #3072, #4655, #6779, #4663, #10330, #6010, #5016, #6554, #8415, #1972, #1740, #7386, #5208, #3183, #10846, #6525, #8978, #9790, #9941, #4218, #4438 ) ) ;
#7141 =( GEOMETRIC_REPRESENTATION_CONTEXT ( 3 ) GLOBAL_UNCERTAINTY_ASSIGNED_CONTEXT ( ( #2933 ) ) GLOBAL_UNIT_ASSIGNED_CONTEXT ( ( #6831, #1728, #7663 ) ) REPRESENTATION_CONTEXT ( 'NONE', 'WORKASPACE' ) );
#7142 =( NAMED_UNIT ( * ) SI_UNIT ( $, .STERADIAN. ) SOLID_ANGLE_UNIT ( ) );
#7143 = STYLED_ITEM ( 'NONE', ( #1726 ), #1627 ) ;
#7144 = CARTESIAN_POINT ( 'NONE',  ( -1.590000000000000300, -2.799999999999999400, -20.54000000000000300 ) ) ;
#7145 = UNCERTAINTY_MEASURE_WITH_UNIT (LENGTH_MEASURE( 1.000000000000000100E-005 ), #155, 'distance_accuracy_value', 'NONE');
#7146 = DIRECTION ( 'NONE',  ( 0.6782059721786389800, 0.0000000000000000000, 0.7348718659067220400 ) ) ;
#7147 = CARTESIAN_POINT ( 'NONE',  ( -1.050000000000000000, -2.799999999999999400, -18.10000000000000100 ) ) ;
#7148 = ADVANCED_FACE ( 'NONE', ( #10465 ), #7530, .F. ) ;
#7149 = PLANE ( 'NONE',  #2981 ) ;
#7150 = ORIENTED_EDGE ( 'NONE', *, *, #4179, .F. ) ;
#7151 = FILL_AREA_STYLE ('',( #1226 ) ) ;
#7152 = ORIENTED_EDGE ( 'NONE', *, *, #10186, .F. ) ;
#7153 = VECTOR ( 'NONE', #2443, 1000.000000000000000 ) ;
#7154 = UNCERTAINTY_MEASURE_WITH_UNIT (LENGTH_MEASURE( 1.000000000000000100E-005 ), #2410, 'distance_accuracy_value', 'NONE');
#7155 = ORIENTED_EDGE ( 'NONE', *, *, #3814, .F. ) ;
#7156 = EDGE_CURVE ( 'NONE', #4649, #9277, #924, .T. ) ;
#7157 = COLOUR_RGB ( '',0.7921568627450980000, 0.8196078431372548800, 0.9333333333333333500 ) ;
#7158 = ORIENTED_EDGE ( 'NONE', *, *, #8723, .T. ) ;
#7159 = FILL_AREA_STYLE ('',( #2068 ) ) ;
#7160 =( LENGTH_UNIT ( ) NAMED_UNIT ( * ) SI_UNIT ( .MILLI., .METRE. ) );
#7161 = EDGE_CURVE ( 'NONE', #8010, #4526, #7420, .T. ) ;
#7162 = VERTEX_POINT ( 'NONE', #5236 ) ;
#7163 = CARTESIAN_POINT ( 'NONE',  ( -1.590000000000000300, -2.799999999999999400, -12.48000000000000200 ) ) ;
#7164 = FACE_OUTER_BOUND ( 'NONE', #5349, .T. ) ;
#7165 = PRESENTATION_STYLE_ASSIGNMENT (( #10863 ) ) ;
#7166 = VECTOR ( 'NONE', #10287, 1000.000000000000000 ) ;
#7167 = EDGE_CURVE ( 'NONE', #2326, #3462, #9378, .T. ) ;
#7168 = PLANE ( 'NONE',  #3227 ) ;
#7169 = ORIENTED_EDGE ( 'NONE', *, *, #10713, .F. ) ;
#7170 = ORIENTED_EDGE ( 'NONE', *, *, #9901, .T. ) ;
#7171 =( GEOMETRIC_REPRESENTATION_CONTEXT ( 3 ) GLOBAL_UNCERTAINTY_ASSIGNED_CONTEXT ( ( #2176 ) ) GLOBAL_UNIT_ASSIGNED_CONTEXT ( ( #2924, #8819, #3795 ) ) REPRESENTATION_CONTEXT ( 'NONE', 'WORKASPACE' ) );
#7172 = FACE_OUTER_BOUND ( 'NONE', #645, .T. ) ;
#7173 = AXIS2_PLACEMENT_3D ( 'NONE', #3691, #9561, #4543 ) ;
#7174 = ORIENTED_EDGE ( 'NONE', *, *, #8477, .F. ) ;
#7175 =( NAMED_UNIT ( * ) SI_UNIT ( $, .STERADIAN. ) SOLID_ANGLE_UNIT ( ) );
#7176 =( NAMED_UNIT ( * ) SI_UNIT ( $, .STERADIAN. ) SOLID_ANGLE_UNIT ( ) );
#7177 = FACE_OUTER_BOUND ( 'NONE', #4226, .T. ) ;
#7178 = CARTESIAN_POINT ( 'NONE',  ( 0.9499999999999999600, 11.70000000000000100, -5.299999999999999800 ) ) ;
#7179 = EDGE_LOOP ( 'NONE', ( #7927, #1666, #8037, #10323 ) ) ;
#7180 = VECTOR ( 'NONE', #10978, 1000.000000000000000 ) ;
#7181 = VECTOR ( 'NONE', #10268, 1000.000000000000000 ) ;
#7182 = CARTESIAN_POINT ( 'NONE',  ( 1.050000000000000000, -2.799999999999999400, -10.48000000000000200 ) ) ;
#7183 = CARTESIAN_POINT ( 'NONE',  ( 1.490000000000000000, -2.799999999999999400, -7.299999999999999800 ) ) ;
#7184 =( NAMED_UNIT ( * ) SI_UNIT ( $, .STERADIAN. ) SOLID_ANGLE_UNIT ( ) );
#7185 = ORIENTED_EDGE ( 'NONE', *, *, #7354, .T. ) ;
#7186 =( LENGTH_UNIT ( ) NAMED_UNIT ( * ) SI_UNIT ( .MILLI., .METRE. ) );
#7187 = DIRECTION ( 'NONE',  ( -1.000000000000000000, 0.0000000000000000000, -1.232047923278982000E-016 ) ) ;
#7188 = EDGE_LOOP ( 'NONE', ( #10548, #8718, #2936, #9288 ) ) ;
#7189 = CARTESIAN_POINT ( 'NONE',  ( -2.539999999999999600, 1.700000000000000000, -19.48342105263158100 ) ) ;
#7190 = VERTEX_POINT ( 'NONE', #5269 ) ;
#7191 =( GEOMETRIC_REPRESENTATION_CONTEXT ( 3 ) GLOBAL_UNCERTAINTY_ASSIGNED_CONTEXT ( ( #9081 ) ) GLOBAL_UNIT_ASSIGNED_CONTEXT ( ( #10223, #5204, #75 ) ) REPRESENTATION_CONTEXT ( 'NONE', 'WORKASPACE' ) );
#7192 = ORIENTED_EDGE ( 'NONE', *, *, #10050, .F. ) ;
#7193 = VERTEX_POINT ( 'NONE', #4405 ) ;
#7194 = VECTOR ( 'NONE', #10868, 1000.000000000000000 ) ;
#7195 = VECTOR ( 'NONE', #9050, 1000.000000000000000 ) ;
#7196 = ORIENTED_EDGE ( 'NONE', *, *, #1435, .F. ) ;
#7197 = MECHANICAL_DESIGN_GEOMETRIC_PRESENTATION_REPRESENTATION (  '', ( #5501 ), #7759 ) ;
#7198 = VECTOR ( 'NONE', #2615, 1000.000000000000000 ) ;
#7199 = CARTESIAN_POINT ( 'NONE',  ( 0.0000000000000000000, 11.70000000000000100, -17.78000000000000100 ) ) ;
#7201 = EDGE_CURVE ( 'NONE', #1087, #2206, #9639, .T. ) ;
#7200 = FILL_AREA_STYLE ('',( #394 ) ) ;
#7202 = VECTOR ( 'NONE', #8766, 1000.000000000000100 ) ;
#7203 =( NAMED_UNIT ( * ) SI_UNIT ( $, .STERADIAN. ) SOLID_ANGLE_UNIT ( ) );
#7204 =( NAMED_UNIT ( * ) PLANE_ANGLE_UNIT ( ) SI_UNIT ( $, .RADIAN. ) );
#7205 = PRESENTATION_LAYER_ASSIGNMENT (  '', '', ( #6071 ) ) ;
#7206 = ADVANCED_FACE ( 'NONE', ( #653 ), #7796, .T. ) ;
#7207 = CARTESIAN_POINT ( 'NONE',  ( -0.9499999999999999600, -2.799999999999999400, -4.860000000000000300 ) ) ;
#7208 =( GEOMETRIC_REPRESENTATION_CONTEXT ( 3 ) GLOBAL_UNCERTAINTY_ASSIGNED_CONTEXT ( ( #607 ) ) GLOBAL_UNIT_ASSIGNED_CONTEXT ( ( #1968, #7903, #2831 ) ) REPRESENTATION_CONTEXT ( 'NONE', 'WORKASPACE' ) );
#7209 = DIRECTION ( 'NONE',  ( -1.232047923278982000E-016, 0.0000000000000000000, 1.000000000000000000 ) ) ;
#7210 = STYLED_ITEM ( 'NONE', ( #7119 ), #9010 ) ;
#7211 =( GEOMETRIC_REPRESENTATION_CONTEXT ( 3 ) GLOBAL_UNCERTAINTY_ASSIGNED_CONTEXT ( ( #5674 ) ) GLOBAL_UNIT_ASSIGNED_CONTEXT ( ( #2703, #8597, #3567 ) ) REPRESENTATION_CONTEXT ( 'NONE', 'WORKASPACE' ) );
#7212 = CARTESIAN_POINT ( 'NONE',  ( -2.540000000000000000, 0.0000000000000000000, -8.523421052631579900 ) ) ;
#7213 = STYLED_ITEM ( 'NONE', ( #5897 ), #2669 ) ;
#7214 = PRESENTATION_STYLE_ASSIGNMENT (( #1319 ) ) ;
#7215 =( NAMED_UNIT ( * ) SI_UNIT ( $, .STERADIAN. ) SOLID_ANGLE_UNIT ( ) );
#7216 = PRESENTATION_STYLE_ASSIGNMENT (( #2585 ) ) ;
#7217 = DIRECTION ( 'NONE',  ( 0.0000000000000000000, 0.0000000000000000000, 1.000000000000000000 ) ) ;
#7218 = EDGE_CURVE ( 'NONE', #6772, #9682, #10587, .T. ) ;
#7219 = ORIENTED_EDGE ( 'NONE', *, *, #8962, .F. ) ;
#7220 =( LENGTH_UNIT ( ) NAMED_UNIT ( * ) SI_UNIT ( .MILLI., .METRE. ) );
#7221 = UNCERTAINTY_MEASURE_WITH_UNIT (LENGTH_MEASURE( 1.000000000000000100E-005 ), #2524, 'distance_accuracy_value', 'NONE');
#7222 = CARTESIAN_POINT ( 'NONE',  ( -1.050000000000000000, 11.70000000000000100, -12.38000000000000300 ) ) ;
#7223 = AXIS2_PLACEMENT_3D ( 'NONE', #8013, #2960, #8852 ) ;
#7224 = EDGE_CURVE ( 'NONE', #9897, #4941, #6372, .T. ) ;
#7225 = EDGE_CURVE ( 'NONE', #9525, #1463, #8333, .T. ) ;
#7226 = SURFACE_STYLE_FILL_AREA ( #5032 ) ;
#7227 = SURFACE_STYLE_USAGE ( .BOTH. , #1295 ) ;
#7228 = SURFACE_STYLE_FILL_AREA ( #1176 ) ;
#7229 = FILL_AREA_STYLE_COLOUR ( '', #8285 ) ;
#7230 = PLANE ( 'NONE',  #3531 ) ;
#7231 =( GEOMETRIC_REPRESENTATION_CONTEXT ( 3 ) GLOBAL_UNCERTAINTY_ASSIGNED_CONTEXT ( ( #10870 ) ) GLOBAL_UNIT_ASSIGNED_CONTEXT ( ( #7916, #2846, #8746 ) ) REPRESENTATION_CONTEXT ( 'NONE', 'WORKASPACE' ) );
#7232 =( NAMED_UNIT ( * ) SI_UNIT ( $, .STERADIAN. ) SOLID_ANGLE_UNIT ( ) );
#7233 = DIRECTION ( 'NONE',  ( 0.0000000000000000000, 1.000000000000000000, 0.0000000000000000000 ) ) ;
#7234 = EDGE_LOOP ( 'NONE', ( #4145, #1708, #8579, #1612 ) ) ;
#7235 = CARTESIAN_POINT ( 'NONE',  ( -1.050000000000000000, -2.799999999999999400, 0.3199999999999999000 ) ) ;
#7236 = DIRECTION ( 'NONE',  ( -0.0000000000000000000, -1.000000000000000000, -0.0000000000000000000 ) ) ;
#7237 = SURFACE_STYLE_USAGE ( .BOTH. , #1306 ) ;
#7238 = LINE ( 'NONE', #9707, #2735 ) ;
#7239 = COLOUR_RGB ( '',0.0000000000000000000, 0.003921568627450980300, 0.09019607843137254800 ) ;
#7240 = ORIENTED_EDGE ( 'NONE', *, *, #7882, .F. ) ;
#7241 = ORIENTED_EDGE ( 'NONE', *, *, #3104, .T. ) ;
#7242 = DIRECTION ( 'NONE',  ( -0.7071067811865477900, -0.0000000000000000000, -0.7071067811865473500 ) ) ;
#7243 = CARTESIAN_POINT ( 'NONE',  ( 1.590000000000000100, -2.799999999999999400, -17.55999999999999900 ) ) ;
#7244 = EDGE_CURVE ( 'NONE', #10436, #3874, #1845, .T. ) ;
#7245 = FILL_AREA_STYLE_COLOUR ( '', #264 ) ;
#7246 = SURFACE_STYLE_FILL_AREA ( #7059 ) ;
#7247 = FACE_OUTER_BOUND ( 'NONE', #9401, .T. ) ;
#7248 = PRESENTATION_LAYER_ASSIGNMENT (  '', '', ( #6127 ) ) ;
#7249 = ORIENTED_EDGE ( 'NONE', *, *, #6243, .F. ) ;
#7250 =( LENGTH_UNIT ( ) NAMED_UNIT ( * ) SI_UNIT ( .MILLI., .METRE. ) );
#7251 = ADVANCED_FACE ( 'NONE', ( #10319 ), #1936, .T. ) ;
#7252 =( LENGTH_UNIT ( ) NAMED_UNIT ( * ) SI_UNIT ( .MILLI., .METRE. ) );
#7253 = LINE ( 'NONE', #1646, #749 ) ;
#7254 = EDGE_CURVE ( 'NONE', #4239, #3066, #2783, .T. ) ;
#7255 = VERTEX_POINT ( 'NONE', #7065 ) ;
#7256 = ORIENTED_EDGE ( 'NONE', *, *, #971, .F. ) ;
#7257 = FILL_AREA_STYLE_COLOUR ( '', #2164 ) ;
#7258 = CARTESIAN_POINT ( 'NONE',  ( -2.539999999999999600, 0.0000000000000000000, -1.703421052631578900 ) ) ;
#7259 =( NAMED_UNIT ( * ) SI_UNIT ( $, .STERADIAN. ) SOLID_ANGLE_UNIT ( ) );
#7260 =( NAMED_UNIT ( * ) PLANE_ANGLE_UNIT ( ) SI_UNIT ( $, .RADIAN. ) );
#7261 = SURFACE_STYLE_FILL_AREA ( #8773 ) ;
#7262 = DIRECTION ( 'NONE',  ( -1.000000000000000000, 0.0000000000000000000, -0.0000000000000000000 ) ) ;
#7263 = PRESENTATION_LAYER_ASSIGNMENT (  '', '', ( #6146 ) ) ;
#7264 = VERTEX_POINT ( 'NONE', #1967 ) ;
#7265 = LINE ( 'NONE', #1771, #4775 ) ;
#7266 = CARTESIAN_POINT ( 'NONE',  ( -1.050000000000000000, -2.799999999999999400, -5.400000000000000400 ) ) ;
#7267 = STYLED_ITEM ( 'NONE', ( #5836 ), #2235 ) ;
#7268 = ORIENTED_EDGE ( 'NONE', *, *, #5877, .T. ) ;
#7269 = DIRECTION ( 'NONE',  ( 0.7071067811865486800, 0.0000000000000000000, 0.7071067811865464600 ) ) ;
#7270 = UNCERTAINTY_MEASURE_WITH_UNIT (LENGTH_MEASURE( 1.000000000000000100E-005 ), #7050, 'distance_accuracy_value', 'NONE');
#7271 = DIRECTION ( 'NONE',  ( 0.7071067811865474600, 0.0000000000000000000, 0.7071067811865474600 ) ) ;
#7272 = DIRECTION ( 'NONE',  ( 0.7071067811865486800, 0.0000000000000000000, -0.7071067811865463500 ) ) ;
#7273 = COLOUR_RGB ( '',0.7960784313725489700, 0.8235294117647058400, 0.9372549019607843100 ) ;
#7274 = ORIENTED_EDGE ( 'NONE', *, *, #9881, .T. ) ;
#7275 = CARTESIAN_POINT ( 'NONE',  ( -2.540000000000000000, 1.700000000000000000, -11.06342105263158100 ) ) ;
#7276 = UNCERTAINTY_MEASURE_WITH_UNIT (LENGTH_MEASURE( 1.000000000000000100E-005 ), #8163, 'distance_accuracy_value', 'NONE');
#7277 = AXIS2_PLACEMENT_3D ( 'NONE', #9966, #4953, #10838 ) ;
#7278 = FILL_AREA_STYLE ('',( #10608 ) ) ;
#7279 = ORIENTED_EDGE ( 'NONE', *, *, #6876, .T. ) ;
#7280 = EDGE_LOOP ( 'NONE', ( #6632, #4548, #4219, #1333 ) ) ;
#7281 = COLOUR_RGB ( '',0.7960784313725489700, 0.8235294117647058400, 0.9372549019607843100 ) ;
#7282 = FILL_AREA_STYLE ('',( #10643 ) ) ;
#7283 = CARTESIAN_POINT ( 'NONE',  ( 2.540000000000000900, 0.0000000000000000000, -16.10999999999999900 ) ) ;
#7284 = FILL_AREA_STYLE ('',( #9777 ) ) ;
#7285 = LINE ( 'NONE', #8402, #495 ) ;
#7286 = VECTOR ( 'NONE', #2829, 1000.000000000000000 ) ;
#7287 = CLOSED_SHELL ( 'NONE', ( #295, #7049, #8659, #2514, #2748, #10947, #4832, #2030, #9372, #8121 ) ) ;
#7288 = VERTEX_POINT ( 'NONE', #8725 ) ;
#7289 = ORIENTED_EDGE ( 'NONE', *, *, #4485, .T. ) ;
#7290 = CARTESIAN_POINT ( 'NONE',  ( 1.050000000000000000, -2.799999999999999400, -14.92000000000000200 ) ) ;
#7291 = LINE ( 'NONE', #135, #7051 ) ;
#7292 = VECTOR ( 'NONE', #8297, 1000.000000000000000 ) ;
#7293 = CARTESIAN_POINT ( 'NONE',  ( 1.590000000000000100, -2.799999999999999400, -2.760000000000000200 ) ) ;
#7294 = ORIENTED_EDGE ( 'NONE', *, *, #4367, .T. ) ;
#7295 = VECTOR ( 'NONE', #6551, 1000.000000000000000 ) ;
#7296 = EDGE_CURVE ( 'NONE', #6195, #1023, #497, .T. ) ;
#7297 = VECTOR ( 'NONE', #4385, 1000.000000000000100 ) ;
#7298 = PRESENTATION_STYLE_ASSIGNMENT (( #1126 ) ) ;
#7299 = DIRECTION ( 'NONE',  ( 0.0000000000000000000, 0.0000000000000000000, 1.000000000000000000 ) ) ;
#7300 = DIRECTION ( 'NONE',  ( -1.000000000000000000, -0.0000000000000000000, -0.0000000000000000000 ) ) ;
#7301 = ORIENTED_EDGE ( 'NONE', *, *, #7084, .T. ) ;
#7302 = CARTESIAN_POINT ( 'NONE',  ( 1.050000000000000000, -2.799999999999999400, -0.3200000000000001200 ) ) ;
#7303 = DIRECTION ( 'NONE',  ( 0.0000000000000000000, 1.000000000000000000, 0.0000000000000000000 ) ) ;
#7304 = ADVANCED_FACE ( 'NONE', ( #9234 ), #5411, .F. ) ;
#7305 = VERTEX_POINT ( 'NONE', #7027 ) ;
#7306 = EDGE_CURVE ( 'NONE', #9135, #5664, #6230, .T. ) ;
#7307 = MECHANICAL_DESIGN_GEOMETRIC_PRESENTATION_REPRESENTATION (  '', ( #5625 ), #7883 ) ;
#7308 = ORIENTED_EDGE ( 'NONE', *, *, #7766, .F. ) ;
#7309 =( NAMED_UNIT ( * ) PLANE_ANGLE_UNIT ( ) SI_UNIT ( $, .RADIAN. ) );
#7310 = VECTOR ( 'NONE', #6815, 1000.000000000000000 ) ;
#7311 =( GEOMETRIC_REPRESENTATION_CONTEXT ( 3 ) GLOBAL_UNCERTAINTY_ASSIGNED_CONTEXT ( ( #4515 ) ) GLOBAL_UNIT_ASSIGNED_CONTEXT ( ( #6012, #917, #6866 ) ) REPRESENTATION_CONTEXT ( 'NONE', 'WORKASPACE' ) );
#7313 = ORIENTED_EDGE ( 'NONE', *, *, #2970, .F. ) ;
#7312 = DIRECTION ( 'NONE',  ( 0.7071067811865474600, 0.0000000000000000000, 0.7071067811865474600 ) ) ;
#7314 = ADVANCED_FACE ( 'NONE', ( #3975 ), #10480, .T. ) ;
#7315 = ORIENTED_EDGE ( 'NONE', *, *, #9704, .F. ) ;
#7316 = SURFACE_STYLE_USAGE ( .BOTH. , #1387 ) ;
#7317 = DIRECTION ( 'NONE',  ( -0.7071067811865469100, -0.0000000000000000000, 0.7071067811865482400 ) ) ;
#7318 = ORIENTED_EDGE ( 'NONE', *, *, #4908, .F. ) ;
#7319 = VECTOR ( 'NONE', #9708, 1000.000000000000100 ) ;
#7320 = FILL_AREA_STYLE ('',( #5601 ) ) ;
#7321 =( NAMED_UNIT ( * ) SI_UNIT ( $, .STERADIAN. ) SOLID_ANGLE_UNIT ( ) );
#7322 = SURFACE_SIDE_STYLE ('',( #6312 ) ) ;
#7323 = VERTEX_POINT ( 'NONE', #2073 ) ;
#7324 =( NAMED_UNIT ( * ) PLANE_ANGLE_UNIT ( ) SI_UNIT ( $, .RADIAN. ) );
#7325 = VECTOR ( 'NONE', #1699, 1000.000000000000000 ) ;
#7326 = AXIS2_PLACEMENT_3D ( 'NONE', #5594, #472, #6445 ) ;
#7327 = VERTEX_POINT ( 'NONE', #7999 ) ;
#7328 = STYLED_ITEM ( 'NONE', ( #10660 ), #8177 ) ;
#7329 = CARTESIAN_POINT ( 'NONE',  ( 2.540000000000000900, 1.700000000000000000, -8.490000000000000200 ) ) ;
#7330 = DIRECTION ( 'NONE',  ( 1.232047923278982000E-016, 0.0000000000000000000, -1.000000000000000000 ) ) ;
#7331 = CARTESIAN_POINT ( 'NONE',  ( 1.490000000000000000, -2.799999999999999400, -14.92000000000000200 ) ) ;
#7332 = SURFACE_STYLE_USAGE ( .BOTH. , #1406 ) ;
#7333 = FACE_OUTER_BOUND ( 'NONE', #2376, .T. ) ;
#7334 = VECTOR ( 'NONE', #8509, 999.9999999999998900 ) ;
#7335 = DIRECTION ( 'NONE',  ( -0.7071067811865489100, -0.0000000000000000000, 0.7071067811865462400 ) ) ;
#7336 = UNCERTAINTY_MEASURE_WITH_UNIT (LENGTH_MEASURE( 1.000000000000000100E-005 ), #6919, 'distance_accuracy_value', 'NONE');
#7337 = CARTESIAN_POINT ( 'NONE',  ( 0.9499999999999999600, -2.799999999999999400, -18.00000000000000400 ) ) ;
#7338 = DIRECTION ( 'NONE',  ( 1.000000000000000000, 0.0000000000000000000, 0.0000000000000000000 ) ) ;
#7339 = STYLED_ITEM ( 'NONE', ( #9031 ), #9715 ) ;
#7340 = VERTEX_POINT ( 'NONE', #7131 ) ;
#7341 = UNCERTAINTY_MEASURE_WITH_UNIT (LENGTH_MEASURE( 1.000000000000000100E-005 ), #2340, 'distance_accuracy_value', 'NONE');
#7342 = LINE ( 'NONE', #9382, #5117 ) ;
#7343 = CARTESIAN_POINT ( 'NONE',  ( 1.050000000000000000, -2.799999999999999400, -9.840000000000001600 ) ) ;
#7344 = LINE ( 'NONE', #4674, #10376 ) ;
#7345 = AXIS2_PLACEMENT_3D ( 'NONE', #698, #6648, #1553 ) ;
#7346 = CARTESIAN_POINT ( 'NONE',  ( 2.540000000000000900, 1.700000000000000000, -5.950000000000001100 ) ) ;
#7347 = PRESENTATION_STYLE_ASSIGNMENT (( #881 ) ) ;
#7348 = MECHANICAL_DESIGN_GEOMETRIC_PRESENTATION_REPRESENTATION (  '', ( #5668 ), #7914 ) ;
#7349 =( NAMED_UNIT ( * ) SI_UNIT ( $, .STERADIAN. ) SOLID_ANGLE_UNIT ( ) );
#7350 = UNCERTAINTY_MEASURE_WITH_UNIT (LENGTH_MEASURE( 1.000000000000000100E-005 ), #10774, 'distance_accuracy_value', 'NONE');
#7351 = FILL_AREA_STYLE ('',( #5634 ) ) ;
#7352 = FACE_OUTER_BOUND ( 'NONE', #2007, .T. ) ;
#7353 =( NAMED_UNIT ( * ) PLANE_ANGLE_UNIT ( ) SI_UNIT ( $, .RADIAN. ) );
#7354 = EDGE_CURVE ( 'NONE', #10209, #9008, #5188, .T. ) ;
#7355 = CARTESIAN_POINT ( 'NONE',  ( -1.590000000000000300, -2.799999999999999400, -15.45999999999999900 ) ) ;
#7356 = ADVANCED_FACE ( 'NONE', ( #9627 ), #1236, .T. ) ;
#7357 = PRESENTATION_LAYER_ASSIGNMENT (  '', '', ( #6227 ) ) ;
#7358 = DIRECTION ( 'NONE',  ( -0.7372346670543746800, -0.0000000000000000000, 0.6756367705307528800 ) ) ;
#7359 =( GEOMETRIC_REPRESENTATION_CONTEXT ( 3 ) GLOBAL_UNCERTAINTY_ASSIGNED_CONTEXT ( ( #6135 ) ) GLOBAL_UNIT_ASSIGNED_CONTEXT ( ( #2507, #8420, #3384 ) ) REPRESENTATION_CONTEXT ( 'NONE', 'WORKASPACE' ) );
#7360 = LINE ( 'NONE', #3078, #576 ) ;
#7361 = VECTOR ( 'NONE', #5047, 1000.000000000000100 ) ;
#7362 = ORIENTED_EDGE ( 'NONE', *, *, #1739, .T. ) ;
#7363 = EDGE_CURVE ( 'NONE', #1897, #7327, #6629, .T. ) ;
#7364 = VECTOR ( 'NONE', #9970, 1000.000000000000000 ) ;
#7365 = FACE_OUTER_BOUND ( 'NONE', #7234, .T. ) ;
#7366 = EDGE_CURVE ( 'NONE', #3495, #3330, #4384, .T. ) ;
#7367 = DIRECTION ( 'NONE',  ( 0.6782059721786389800, 0.0000000000000000000, 0.7348718659067220400 ) ) ;
#7368 = MECHANICAL_DESIGN_GEOMETRIC_PRESENTATION_REPRESENTATION (  '', ( #5689 ), #7936 ) ;
#7369 = COLOUR_RGB ( '',0.7960784313725489700, 0.8235294117647058400, 0.9372549019607843100 ) ;
#7370 = VECTOR ( 'NONE', #473, 1000.000000000000100 ) ;
#7371 = VERTEX_POINT ( 'NONE', #430 ) ;
#7372 = DIRECTION ( 'NONE',  ( 0.7348718659067219300, 0.0000000000000000000, -0.6782059721786390900 ) ) ;
#7373 = SURFACE_SIDE_STYLE ('',( #10390 ) ) ;
#7374 = VERTEX_POINT ( 'NONE', #7235 ) ;
#7375 = ORIENTED_EDGE ( 'NONE', *, *, #11000, .F. ) ;
#7376 = CARTESIAN_POINT ( 'NONE',  ( 1.590000000000000100, 11.70000000000000100, -2.760000000000000200 ) ) ;
#7377 = DIRECTION ( 'NONE',  ( -0.0000000000000000000, -1.000000000000000000, -0.0000000000000000000 ) ) ;
#7378 = VERTEX_POINT ( 'NONE', #1301 ) ;
#7379 = ORIENTED_EDGE ( 'NONE', *, *, #9455, .F. ) ;
#7380 = FILL_AREA_STYLE_COLOUR ( '', #3656 ) ;
#7381 = DIRECTION ( 'NONE',  ( 0.0000000000000000000, 1.000000000000000000, 0.0000000000000000000 ) ) ;
#7382 = AXIS2_PLACEMENT_3D ( 'NONE', #5814, #714, #6675 ) ;
#7383 = PRESENTATION_STYLE_ASSIGNMENT (( #45 ) ) ;
#7384 =( NAMED_UNIT ( * ) SI_UNIT ( $, .STERADIAN. ) SOLID_ANGLE_UNIT ( ) );
#7385 =( NAMED_UNIT ( * ) SI_UNIT ( $, .STERADIAN. ) SOLID_ANGLE_UNIT ( ) );
#7386 = ORIENTED_EDGE ( 'NONE', *, *, #9755, .F. ) ;
#7387 = CARTESIAN_POINT ( 'NONE',  ( 2.140000000000001500, 1.700000000000000000, -11.43000000000000100 ) ) ;
#7388 =( LENGTH_UNIT ( ) NAMED_UNIT ( * ) SI_UNIT ( .MILLI., .METRE. ) );
#7389 = PRESENTATION_LAYER_ASSIGNMENT (  '', '', ( #6268 ) ) ;
#7390 = DIRECTION ( 'NONE',  ( -2.492418787322998300E-016, 0.0000000000000000000, -1.000000000000000000 ) ) ;
#7391 = FACE_OUTER_BOUND ( 'NONE', #10433, .T. ) ;
#7392 = EDGE_CURVE ( 'NONE', #794, #1731, #8846, .T. ) ;
#7393 = FACE_OUTER_BOUND ( 'NONE', #193, .T. ) ;
#7394 = COLOUR_RGB ( '',0.0000000000000000000, 0.003921568627450980300, 0.09019607843137254800 ) ;
#7395 = EDGE_LOOP ( 'NONE', ( #7274, #817, #2605, #1715 ) ) ;
#7396 = CARTESIAN_POINT ( 'NONE',  ( -1.590000000000000300, 11.70000000000000100, -10.38000000000000100 ) ) ;
#7397 = LINE ( 'NONE', #1631, #7153 ) ;
#7398 =( NAMED_UNIT ( * ) PLANE_ANGLE_UNIT ( ) SI_UNIT ( $, .RADIAN. ) );
#7399 = CARTESIAN_POINT ( 'NONE',  ( -2.540000000000000000, 1.700000000000000000, -5.983421052631579900 ) ) ;
#7400 = SURFACE_SIDE_STYLE ('',( #10716 ) ) ;
#7401 = ORIENTED_EDGE ( 'NONE', *, *, #169, .T. ) ;
#7402 = MECHANICAL_DESIGN_GEOMETRIC_PRESENTATION_REPRESENTATION (  '', ( #5722 ), #7968 ) ;
#7403 = DIRECTION ( 'NONE',  ( 0.0000000000000000000, 1.000000000000000000, 0.0000000000000000000 ) ) ;
#7404 = ADVANCED_FACE ( 'NONE', ( #6354 ), #9751, .T. ) ;
#7405 = MECHANICAL_DESIGN_GEOMETRIC_PRESENTATION_REPRESENTATION (  '', ( #5724 ), #7972 ) ;
#7406 = SURFACE_STYLE_FILL_AREA ( #4956 ) ;
#7407 = SURFACE_STYLE_FILL_AREA ( #10549 ) ;
#7408 = DIRECTION ( 'NONE',  ( 1.000000000000000000, 0.0000000000000000000, 0.0000000000000000000 ) ) ;
#7409 = ORIENTED_EDGE ( 'NONE', *, *, #1540, .F. ) ;
#7410 = MANIFOLD_SOLID_BREP ( 'LPattern3[16]', #7906 ) ;
#7411 = CARTESIAN_POINT ( 'NONE',  ( 2.140000000000000100, 1.700000000000000000, -3.810000000000000100 ) ) ;
#7412 =( NAMED_UNIT ( * ) SI_UNIT ( $, .STERADIAN. ) SOLID_ANGLE_UNIT ( ) );
#7413 = EDGE_LOOP ( 'NONE', ( #2726, #3988, #8360, #2750 ) ) ;
#7414 = DIRECTION ( 'NONE',  ( 0.0000000000000000000, 1.000000000000000000, 0.0000000000000000000 ) ) ;
#7415 = EDGE_CURVE ( 'NONE', #8698, #4525, #4780, .T. ) ;
#7416 = CARTESIAN_POINT ( 'NONE',  ( -2.540000000000000000, 0.0000000000000000000, -5.983421052631579900 ) ) ;
#7417 = SURFACE_STYLE_USAGE ( .BOTH. , #1497 ) ;
#7418 = VECTOR ( 'NONE', #7114, 1000.000000000000000 ) ;
#7419 =( GEOMETRIC_REPRESENTATION_CONTEXT ( 3 ) GLOBAL_UNCERTAINTY_ASSIGNED_CONTEXT ( ( #10926 ) ) GLOBAL_UNIT_ASSIGNED_CONTEXT ( ( #8429, #3396, #9266 ) ) REPRESENTATION_CONTEXT ( 'NONE', 'WORKASPACE' ) );
#7420 = LINE ( 'NONE', #3521, #2925 ) ;
#7421 =( LENGTH_UNIT ( ) NAMED_UNIT ( * ) SI_UNIT ( .MILLI., .METRE. ) );
#7422 = ORIENTED_EDGE ( 'NONE', *, *, #6899, .T. ) ;
#7423 = STYLED_ITEM ( 'NONE', ( #7298 ), #4886 ) ;
#7424 = PRESENTATION_STYLE_ASSIGNMENT (( #5358 ) ) ;
#7425 = VECTOR ( 'NONE', #1220, 1000.000000000000000 ) ;
#7426 = EDGE_CURVE ( 'NONE', #7869, #5845, #1058, .T. ) ;
#7427 = DIRECTION ( 'NONE',  ( -0.0000000000000000000, 1.000000000000000000, 0.0000000000000000000 ) ) ;
#7428 = EDGE_CURVE ( 'NONE', #5230, #4112, #3311, .T. ) ;
#7429 = FILL_AREA_STYLE_COLOUR ( '', #10025 ) ;
#7430 = EDGE_CURVE ( 'NONE', #1875, #10823, #233, .T. ) ;
#7431 = ORIENTED_EDGE ( 'NONE', *, *, #2314, .T. ) ;
#7432 = PLANE ( 'NONE',  #2767 ) ;
#7433 = VECTOR ( 'NONE', #1721, 1000.000000000000000 ) ;
#7434 = SURFACE_SIDE_STYLE ('',( #5334 ) ) ;
#7435 = EDGE_LOOP ( 'NONE', ( #3944, #3371, #9592, #7401 ) ) ;
#7436 = VECTOR ( 'NONE', #5278, 1000.000000000000000 ) ;
#7437 = MECHANICAL_DESIGN_GEOMETRIC_PRESENTATION_REPRESENTATION (  '', ( #5751 ), #7997 ) ;
#7438 = LINE ( 'NONE', #7702, #9657 ) ;
#7439 = ORIENTED_EDGE ( 'NONE', *, *, #9046, .T. ) ;
#7440 = ORIENTED_EDGE ( 'NONE', *, *, #21, .F. ) ;
#7441 = SURFACE_SIDE_STYLE ('',( #6804 ) ) ;
#7442 = DIRECTION ( 'NONE',  ( -1.000000000000000000, 0.0000000000000000000, 0.0000000000000000000 ) ) ;
#7443 = DIRECTION ( 'NONE',  ( -0.7071067811865477900, -0.0000000000000000000, -0.7071067811865473500 ) ) ;
#7444 = ORIENTED_EDGE ( 'NONE', *, *, #5572, .T. ) ;
#7445 = DIRECTION ( 'NONE',  ( 0.0000000000000000000, -0.0000000000000000000, -1.000000000000000000 ) ) ;
#7446 = VECTOR ( 'NONE', #719, 1000.000000000000100 ) ;
#7447 = FILL_AREA_STYLE ('',( #4050 ) ) ;
#7448 = VERTEX_POINT ( 'NONE', #3941 ) ;
#7449 = EDGE_CURVE ( 'NONE', #10264, #3557, #6490, .T. ) ;
#7450 = DIRECTION ( 'NONE',  ( -0.0000000000000000000, 1.000000000000000000, 0.0000000000000000000 ) ) ;
#7451 = SURFACE_STYLE_USAGE ( .BOTH. , #1526 ) ;
#7452 =( NAMED_UNIT ( * ) PLANE_ANGLE_UNIT ( ) SI_UNIT ( $, .RADIAN. ) );
#7453 = PRESENTATION_STYLE_ASSIGNMENT (( #4304 ) ) ;
#7454 = AXIS2_PLACEMENT_3D ( 'NONE', #2167, #8084, #3031 ) ;
#7455 = SURFACE_STYLE_USAGE ( .BOTH. , #1530 ) ;
#7456 =( GEOMETRIC_REPRESENTATION_CONTEXT ( 3 ) GLOBAL_UNCERTAINTY_ASSIGNED_CONTEXT ( ( #2113 ) ) GLOBAL_UNIT_ASSIGNED_CONTEXT ( ( #10814, #5764, #662 ) ) REPRESENTATION_CONTEXT ( 'NONE', 'WORKASPACE' ) );
#7457 = FILL_AREA_STYLE_COLOUR ( '', #9245 ) ;
#7458 = PRESENTATION_LAYER_ASSIGNMENT (  '', '', ( #6332 ) ) ;
#7459 = PRESENTATION_STYLE_ASSIGNMENT (( #10887 ) ) ;
#7460 = LINE ( 'NONE', #6958, #9685 ) ;
#7461 =( NAMED_UNIT ( * ) SI_UNIT ( $, .STERADIAN. ) SOLID_ANGLE_UNIT ( ) );
#7462 = LINE ( 'NONE', #9351, #982 ) ;
#7463 = CARTESIAN_POINT ( 'NONE',  ( -1.490000000000000000, -2.799999999999999400, -0.3200000000000001200 ) ) ;
#7464 = ADVANCED_FACE ( 'NONE', ( #8707 ), #10692, .F. ) ;
#7465 = EDGE_CURVE ( 'NONE', #8858, #10437, #1191, .T. ) ;
#7466 = DIRECTION ( 'NONE',  ( -0.7071067811865470200, 0.0000000000000000000, -0.7071067811865481300 ) ) ;
#7467 = CARTESIAN_POINT ( 'NONE',  ( 1.590000000000000100, -2.799999999999999400, -18.00000000000000400 ) ) ;
#7468 =( GEOMETRIC_REPRESENTATION_CONTEXT ( 3 ) GLOBAL_UNCERTAINTY_ASSIGNED_CONTEXT ( ( #5527 ) ) GLOBAL_UNIT_ASSIGNED_CONTEXT ( ( #3667, #9538, #4517 ) ) REPRESENTATION_CONTEXT ( 'NONE', 'WORKASPACE' ) );
#7469 = COLOUR_RGB ( '',0.7960784313725489700, 0.8235294117647058400, 0.9372549019607843100 ) ;
#7470 = PRESENTATION_STYLE_ASSIGNMENT (( #5632 ) ) ;
#7471 = COLOUR_RGB ( '',0.7960784313725489700, 0.8235294117647058400, 0.9372549019607843100 ) ;
#7472 = UNCERTAINTY_MEASURE_WITH_UNIT (LENGTH_MEASURE( 1.000000000000000100E-005 ), #9464, 'distance_accuracy_value', 'NONE');
#7473 = DIRECTION ( 'NONE',  ( 0.7071067811865477900, 0.0000000000000000000, -0.7071067811865473500 ) ) ;
#7474 = CARTESIAN_POINT ( 'NONE',  ( -1.590000000000000300, -2.799999999999999400, -10.38000000000000100 ) ) ;
#7475 = UNCERTAINTY_MEASURE_WITH_UNIT (LENGTH_MEASURE( 1.000000000000000100E-005 ), #696, 'distance_accuracy_value', 'NONE');
#7476 = DIRECTION ( 'NONE',  ( 0.0000000000000000000, 1.000000000000000000, 0.0000000000000000000 ) ) ;
#7477 = SURFACE_STYLE_FILL_AREA ( #8428 ) ;
#7478 = FILL_AREA_STYLE ('',( #5789 ) ) ;
#7479 = PRESENTATION_LAYER_ASSIGNMENT (  '', '', ( #6351 ) ) ;
#7480 = PRESENTATION_STYLE_ASSIGNMENT (( #6814 ) ) ;
#7481 = DIRECTION ( 'NONE',  ( 0.7071067811865477900, 0.0000000000000000000, -0.7071067811865473500 ) ) ;
#7482 = LINE ( 'NONE', #6208, #713 ) ;
#7483 = PRESENTATION_STYLE_ASSIGNMENT (( #25 ) ) ;
#7484 = FILL_AREA_STYLE_COLOUR ( '', #4521 ) ;
#7485 = SURFACE_STYLE_USAGE ( .BOTH. , #1562 ) ;
#7486 = STYLED_ITEM ( 'NONE', ( #3658 ), #4502 ) ;
#7487 = CARTESIAN_POINT ( 'NONE',  ( 2.140000000000000100, 1.700000000000000000, -3.810000000000000100 ) ) ;
#7488 = PRESENTATION_LAYER_ASSIGNMENT (  '', '', ( #6360 ) ) ;
#7489 = ORIENTED_EDGE ( 'NONE', *, *, #6089, .F. ) ;
#7490 = CARTESIAN_POINT ( 'NONE',  ( 2.140000000000000100, 0.0000000000000000000, -21.59000000000000000 ) ) ;
#7491 = CARTESIAN_POINT ( 'NONE',  ( -1.050000000000000000, -2.799999999999999400, -9.840000000000001600 ) ) ;
#7492 = COLOUR_RGB ( '',0.7960784313725489700, 0.8235294117647058400, 0.9372549019607843100 ) ;
#7493 = SURFACE_STYLE_USAGE ( .BOTH. , #1569 ) ;
#7494 = LINE ( 'NONE', #3896, #2994 ) ;
#7495 = SURFACE_STYLE_USAGE ( .BOTH. , #1571 ) ;
#7496 = ORIENTED_EDGE ( 'NONE', *, *, #6273, .F. ) ;
#7497 = ORIENTED_EDGE ( 'NONE', *, *, #9662, .F. ) ;
#7498 = EDGE_CURVE ( 'NONE', #10017, #4474, #7930, .T. ) ;
#7499 = CARTESIAN_POINT ( 'NONE',  ( -1.590000000000000300, 11.70000000000000100, -12.92000000000000200 ) ) ;
#7500 = ORIENTED_EDGE ( 'NONE', *, *, #3842, .F. ) ;
#7501 = DIRECTION ( 'NONE',  ( -0.0000000000000000000, -1.000000000000000000, -0.0000000000000000000 ) ) ;
#7502 =( LENGTH_UNIT ( ) NAMED_UNIT ( * ) SI_UNIT ( .MILLI., .METRE. ) );
#7503 = ORIENTED_EDGE ( 'NONE', *, *, #2348, .T. ) ;
#7504 = VECTOR ( 'NONE', #8754, 999.9999999999998900 ) ;
#7505 = PRESENTATION_STYLE_ASSIGNMENT (( #1102 ) ) ;
#7506 = EDGE_CURVE ( 'NONE', #3330, #242, #9890, .T. ) ;
#7507 = VECTOR ( 'NONE', #8689, 999.9999999999998900 ) ;
#7508 = LINE ( 'NONE', #4643, #739 ) ;
#7509 = ORIENTED_EDGE ( 'NONE', *, *, #1064, .T. ) ;
#7510 = SURFACE_SIDE_STYLE ('',( #5485 ) ) ;
#7511 = EDGE_CURVE ( 'NONE', #10298, #7017, #5438, .T. ) ;
#7512 = FILL_AREA_STYLE_COLOUR ( '', #4063 ) ;
#7513 = PRESENTATION_LAYER_ASSIGNMENT (  '', '', ( #6970 ) ) ;
#7514 =( NAMED_UNIT ( * ) PLANE_ANGLE_UNIT ( ) SI_UNIT ( $, .RADIAN. ) );
#7515 = CARTESIAN_POINT ( 'NONE',  ( -1.050000000000000000, -2.799999999999999400, -7.940000000000001300 ) ) ;
#7516 = SURFACE_STYLE_USAGE ( .BOTH. , #1595 ) ;
#7517 = ADVANCED_FACE ( 'NONE', ( #5173 ), #2328, .F. ) ;
#7518 = MECHANICAL_DESIGN_GEOMETRIC_PRESENTATION_REPRESENTATION (  '', ( #5826 ), #8072 ) ;
#7519 = ORIENTED_EDGE ( 'NONE', *, *, #9113, .F. ) ;
#7520 =( GEOMETRIC_REPRESENTATION_CONTEXT ( 3 ) GLOBAL_UNCERTAINTY_ASSIGNED_CONTEXT ( ( #10801 ) ) GLOBAL_UNIT_ASSIGNED_CONTEXT ( ( #9292, #4271, #10157 ) ) REPRESENTATION_CONTEXT ( 'NONE', 'WORKASPACE' ) );
#7521 = FILL_AREA_STYLE ('',( #4995 ) ) ;
#7522 = SURFACE_STYLE_FILL_AREA ( #9616 ) ;
#7523 = PLANE ( 'NONE',  #9289 ) ;
#7524 = EDGE_LOOP ( 'NONE', ( #9486, #7079, #4267, #5702 ) ) ;
#7525 = SURFACE_SIDE_STYLE ('',( #3510 ) ) ;
#7526 = CARTESIAN_POINT ( 'NONE',  ( 2.140000000000001500, 1.700000000000000000, -8.890000000000000600 ) ) ;
#7527 = LINE ( 'NONE', #3717, #9750 ) ;
#7528 = ORIENTED_EDGE ( 'NONE', *, *, #2282, .T. ) ;
#7529 = ORIENTED_EDGE ( 'NONE', *, *, #3955, .F. ) ;
#7530 = PLANE ( 'NONE',  #2355 ) ;
#7531 = DIRECTION ( 'NONE',  ( 0.7071067811865486800, 0.0000000000000000000, -0.7071067811865463500 ) ) ;
#7532 = STYLED_ITEM ( 'NONE', ( #4416 ), #6871 ) ;
#7533 = DIRECTION ( 'NONE',  ( 0.7071067811865477900, 0.0000000000000000000, -0.7071067811865473500 ) ) ;
#7534 = DIRECTION ( 'NONE',  ( -0.7071067811865461300, 0.0000000000000000000, 0.7071067811865489100 ) ) ;
#7535 = LINE ( 'NONE', #10044, #5319 ) ;
#7536 = VERTEX_POINT ( 'NONE', #3198 ) ;
#7537 = VERTEX_POINT ( 'NONE', #2367 ) ;
#7538 = CLOSED_SHELL ( 'NONE', ( #1303, #399, #5292, #4366, #2404, #6430, #7873, #1904, #4886, #2758 ) ) ;
#7539 = LINE ( 'NONE', #419, #1069 ) ;
#7540 =( GEOMETRIC_REPRESENTATION_CONTEXT ( 3 ) GLOBAL_UNCERTAINTY_ASSIGNED_CONTEXT ( ( #5413 ) ) GLOBAL_UNIT_ASSIGNED_CONTEXT ( ( #4965, #10845, #5793 ) ) REPRESENTATION_CONTEXT ( 'NONE', 'WORKASPACE' ) );
#7541 =( NAMED_UNIT ( * ) PLANE_ANGLE_UNIT ( ) SI_UNIT ( $, .RADIAN. ) );
#7542 = CARTESIAN_POINT ( 'NONE',  ( 0.9499999999999999600, -2.799999999999999400, -20.54000000000000300 ) ) ;
#7543 = VERTEX_POINT ( 'NONE', #9129 ) ;
#7544 = COLOUR_RGB ( '',0.7960784313725489700, 0.8235294117647058400, 0.9372549019607843100 ) ;
#7545 = COLOUR_RGB ( '',0.7960784313725489700, 0.8235294117647058400, 0.9372549019607843100 ) ;
#7546 = CARTESIAN_POINT ( 'NONE',  ( 2.540000000000000900, 1.700000000000000000, -5.950000000000001100 ) ) ;
#7547 = STYLED_ITEM ( 'NONE', ( #6985 ), #4148 ) ;
#7548 = CARTESIAN_POINT ( 'NONE',  ( 1.050000000000000000, -2.799999999999999400, -12.38000000000000300 ) ) ;
#7549 = PRESENTATION_LAYER_ASSIGNMENT (  '', '', ( #6440 ) ) ;
#7550 = ORIENTED_EDGE ( 'NONE', *, *, #5677, .T. ) ;
#7551 = FACE_OUTER_BOUND ( 'NONE', #8583, .T. ) ;
#7552 = CARTESIAN_POINT ( 'NONE',  ( -1.590000000000000300, -2.799999999999999400, -15.45999999999999900 ) ) ;
#7553 = LINE ( 'NONE', #10822, #9788 ) ;
#7554 = ORIENTED_EDGE ( 'NONE', *, *, #3629, .F. ) ;
#7555 = VECTOR ( 'NONE', #8185, 1000.000000000000000 ) ;
#7556 = CARTESIAN_POINT ( 'NONE',  ( 0.9499999999999999600, 11.70000000000000100, -12.92000000000000200 ) ) ;
#7557 = SURFACE_STYLE_FILL_AREA ( #232 ) ;
#7558 = EDGE_CURVE ( 'NONE', #1339, #5985, #6619, .T. ) ;
#7559 = CARTESIAN_POINT ( 'NONE',  ( 1.590000000000000100, -2.799999999999999400, -15.45999999999999900 ) ) ;
#7561 = ORIENTED_EDGE ( 'NONE', *, *, #7063, .F. ) ;
#7560 = CARTESIAN_POINT ( 'NONE',  ( 2.140000000000000100, 1.700000000000000000, -21.59000000000000000 ) ) ;
#7562 = AXIS2_PLACEMENT_3D ( 'NONE', #261, #6212, #1148 ) ;
#7563 = ORIENTED_EDGE ( 'NONE', *, *, #7716, .F. ) ;
#7564 = MECHANICAL_DESIGN_GEOMETRIC_PRESENTATION_REPRESENTATION (  '', ( #5883 ), #8124 ) ;
#7565 = VECTOR ( 'NONE', #9654, 1000.000000000000000 ) ;
#7566 =( LENGTH_UNIT ( ) NAMED_UNIT ( * ) SI_UNIT ( .MILLI., .METRE. ) );
#7567 = ORIENTED_EDGE ( 'NONE', *, *, #3732, .T. ) ;
#7568 = LINE ( 'NONE', #5954, #2805 ) ;
#7569 = EDGE_CURVE ( 'NONE', #9163, #10858, #91, .T. ) ;
#7570 = ADVANCED_FACE ( 'NONE', ( #2089 ), #1552, .F. ) ;
#7571 = DIRECTION ( 'NONE',  ( 0.0000000000000000000, 1.000000000000000000, 0.0000000000000000000 ) ) ;
#7572 = CLOSED_SHELL ( 'NONE', ( #127, #3100, #10163, #10787, #7206, #4443, #108, #4991, #3726, #4317 ) ) ;
#7573 = CARTESIAN_POINT ( 'NONE',  ( -1.490000000000000200, -2.799999999999999400, -14.92000000000000200 ) ) ;
#7574 = ORIENTED_EDGE ( 'NONE', *, *, #3955, .T. ) ;
#7575 = STYLED_ITEM ( 'NONE', ( #73 ), #334 ) ;
#7576 = PRESENTATION_STYLE_ASSIGNMENT (( #5285 ) ) ;
#7577 = ORIENTED_EDGE ( 'NONE', *, *, #2049, .F. ) ;
#7578 = LINE ( 'NONE', #2105, #820 ) ;
#7579 = DIRECTION ( 'NONE',  ( -0.0000000000000000000, -1.000000000000000000, -0.0000000000000000000 ) ) ;
#7580 = SURFACE_STYLE_FILL_AREA ( #3150 ) ;
#7581 = DIRECTION ( 'NONE',  ( -0.0000000000000000000, -0.0000000000000000000, -1.000000000000000000 ) ) ;
#7582 = FILL_AREA_STYLE_COLOUR ( '', #5608 ) ;
#7583 = ORIENTED_EDGE ( 'NONE', *, *, #1317, .T. ) ;
#7584 =( NAMED_UNIT ( * ) SI_UNIT ( $, .STERADIAN. ) SOLID_ANGLE_UNIT ( ) );
#7585 = SURFACE_STYLE_USAGE ( .BOTH. , #1651 ) ;
#7586 = LINE ( 'NONE', #5947, #3091 ) ;
#7587 = VECTOR ( 'NONE', #2058, 1000.000000000000000 ) ;
#7588 = CARTESIAN_POINT ( 'NONE',  ( 2.140000000000000100, 0.0000000000000000000, -13.97000000000000100 ) ) ;
#7589 = FACE_OUTER_BOUND ( 'NONE', #7140, .T. ) ;
#7590 = ORIENTED_EDGE ( 'NONE', *, *, #10331, .T. ) ;
#7591 = CARTESIAN_POINT ( 'NONE',  ( 0.9499999999999999600, 11.70000000000000100, -2.319999999999999800 ) ) ;
#7592 = ORIENTED_EDGE ( 'NONE', *, *, #9107, .F. ) ;
#7593 =( LENGTH_UNIT ( ) NAMED_UNIT ( * ) SI_UNIT ( .MILLI., .METRE. ) );
#7594 = SURFACE_STYLE_USAGE ( .BOTH. , #1661 ) ;
#7595 = FILL_AREA_STYLE ('',( #4285 ) ) ;
#7596 = CARTESIAN_POINT ( 'NONE',  ( 1.490000000000000000, 11.70000000000000100, -15.56000000000000000 ) ) ;
#7597 = LINE ( 'NONE', #3142, #2836 ) ;
#7598 = LINE ( 'NONE', #4357, #834 ) ;
#7599 = SURFACE_STYLE_FILL_AREA ( #6939 ) ;
#7600 = STYLED_ITEM ( 'NONE', ( #5962 ), #6430 ) ;
#7601 = SURFACE_SIDE_STYLE ('',( #8899 ) ) ;
#7602 = CARTESIAN_POINT ( 'NONE',  ( 1.590000000000000100, -2.799999999999999400, -0.2200000000000001400 ) ) ;
#7603 = AXIS2_PLACEMENT_3D ( 'NONE', #6986, #1892, #7828 ) ;
#7604 = AXIS2_PLACEMENT_3D ( 'NONE', #770, #6723, #1624 ) ;
#7605 = SURFACE_STYLE_FILL_AREA ( #8575 ) ;
#7606 = CARTESIAN_POINT ( 'NONE',  ( 0.0000000000000000000, -2.799999999999999400, -7.620000000000000100 ) ) ;
#7607 = PRESENTATION_STYLE_ASSIGNMENT (( #364 ) ) ;
#7608 =( NAMED_UNIT ( * ) SI_UNIT ( $, .STERADIAN. ) SOLID_ANGLE_UNIT ( ) );
#7609 = VECTOR ( 'NONE', #6070, 1000.000000000000000 ) ;
#7610 = FACE_OUTER_BOUND ( 'NONE', #6222, .T. ) ;
#7611 = EDGE_CURVE ( 'NONE', #249, #3547, #10016, .T. ) ;
#7612 = UNCERTAINTY_MEASURE_WITH_UNIT (LENGTH_MEASURE( 1.000000000000000100E-005 ), #9621, 'distance_accuracy_value', 'NONE');
#7613 = DIRECTION ( 'NONE',  ( 1.000000000000000000, 0.0000000000000000000, -0.0000000000000000000 ) ) ;
#7614 =( GEOMETRIC_REPRESENTATION_CONTEXT ( 3 ) GLOBAL_UNCERTAINTY_ASSIGNED_CONTEXT ( ( #2929 ) ) GLOBAL_UNIT_ASSIGNED_CONTEXT ( ( #9392, #4363, #10253 ) ) REPRESENTATION_CONTEXT ( 'NONE', 'WORKASPACE' ) );
#7615 = PRESENTATION_STYLE_ASSIGNMENT (( #3591 ) ) ;
#7616 = UNCERTAINTY_MEASURE_WITH_UNIT (LENGTH_MEASURE( 1.000000000000000100E-005 ), #6044, 'distance_accuracy_value', 'NONE');
#7617 =( LENGTH_UNIT ( ) NAMED_UNIT ( * ) SI_UNIT ( .MILLI., .METRE. ) );
#7618 = PRESENTATION_LAYER_ASSIGNMENT (  '', '', ( #3551 ) ) ;
#7619 = CARTESIAN_POINT ( 'NONE',  ( -1.050000000000000000, 11.70000000000000100, -9.840000000000001600 ) ) ;
#7620 =( GEOMETRIC_REPRESENTATION_CONTEXT ( 3 ) GLOBAL_UNCERTAINTY_ASSIGNED_CONTEXT ( ( #599 ) ) GLOBAL_UNIT_ASSIGNED_CONTEXT ( ( #10055, #5041, #10920 ) ) REPRESENTATION_CONTEXT ( 'NONE', 'WORKASPACE' ) );
#7621 = SURFACE_STYLE_USAGE ( .BOTH. , #1681 ) ;
#7622 = VECTOR ( 'NONE', #711, 1000.000000000000000 ) ;
#7623 = PRESENTATION_LAYER_ASSIGNMENT (  '', '', ( #6501 ) ) ;
#7624 = FILL_AREA_STYLE_COLOUR ( '', #3750 ) ;
#7625 = VECTOR ( 'NONE', #5804, 1000.000000000000000 ) ;
#7626 = PRESENTATION_LAYER_ASSIGNMENT (  '', '', ( #6507 ) ) ;
#7627 = ORIENTED_EDGE ( 'NONE', *, *, #7122, .T. ) ;
#7628 = VECTOR ( 'NONE', #435, 1000.000000000000000 ) ;
#7629 = ORIENTED_EDGE ( 'NONE', *, *, #3249, .F. ) ;
#7630 =( NAMED_UNIT ( * ) SI_UNIT ( $, .STERADIAN. ) SOLID_ANGLE_UNIT ( ) );
#7631 = DIRECTION ( 'NONE',  ( 1.000000000000000000, 0.0000000000000000000, 0.0000000000000000000 ) ) ;
#7632 = ADVANCED_FACE ( 'NONE', ( #7803 ), #2436, .T. ) ;
#7633 = EDGE_CURVE ( 'NONE', #4291, #2457, #222, .T. ) ;
#7634 = LINE ( 'NONE', #6413, #868 ) ;
#7635 = CARTESIAN_POINT ( 'NONE',  ( -2.019999999999999600, 0.2999999999999999900, 1.270000000000000000 ) ) ;
#7636 = MECHANICAL_DESIGN_GEOMETRIC_PRESENTATION_REPRESENTATION (  '', ( #5939 ), #8191 ) ;
#7637 = CARTESIAN_POINT ( 'NONE',  ( -1.050000000000000000, -2.799999999999999400, -10.48000000000000200 ) ) ;
#7638 = EDGE_CURVE ( 'NONE', #3089, #4560, #2488, .T. ) ;
#7639 = VERTEX_POINT ( 'NONE', #2477 ) ;
#7640 = DIRECTION ( 'NONE',  ( -0.0000000000000000000, -1.000000000000000000, -0.0000000000000000000 ) ) ;
#7641 = EDGE_CURVE ( 'NONE', #9228, #5799, #8960, .T. ) ;
#7642 = PRODUCT_DEFINITION_FORMATION_WITH_SPECIFIED_SOURCE ( 'ANY', '', #8564, .NOT_KNOWN. ) ;
#7643 = DIRECTION ( 'NONE',  ( 0.7071067811865474600, 0.0000000000000000000, 0.7071067811865474600 ) ) ;
#7644 = ORIENTED_EDGE ( 'NONE', *, *, #857, .T. ) ;
#7645 =( NAMED_UNIT ( * ) PLANE_ANGLE_UNIT ( ) SI_UNIT ( $, .RADIAN. ) );
#7646 = ORIENTED_EDGE ( 'NONE', *, *, #7990, .T. ) ;
#7647 = ORIENTED_EDGE ( 'NONE', *, *, #2087, .T. ) ;
#7648 = CARTESIAN_POINT ( 'NONE',  ( 2.540000000000000900, 0.0000000000000000000, -11.83000000000000200 ) ) ;
#7649 = FILL_AREA_STYLE ('',( #6816 ) ) ;
#7650 = SURFACE_STYLE_FILL_AREA ( #415 ) ;
#7651 = FILL_AREA_STYLE_COLOUR ( '', #3504 ) ;
#7652 = CARTESIAN_POINT ( 'NONE',  ( -2.540000000000000000, 1.700000000000000000, -21.22342105263157900 ) ) ;
#7653 = SURFACE_STYLE_FILL_AREA ( #10196 ) ;
#7654 = SURFACE_SIDE_STYLE ('',( #7998 ) ) ;
#7655 = VERTEX_POINT ( 'NONE', #7548 ) ;
#7656 = EDGE_LOOP ( 'NONE', ( #4788, #3628, #7925, #8214 ) ) ;
#7657 = CARTESIAN_POINT ( 'NONE',  ( 1.050000000000000000, -2.799999999999999400, -2.220000000000000200 ) ) ;
#7658 = FILL_AREA_STYLE_COLOUR ( '', #8602 ) ;
#7659 = EDGE_CURVE ( 'NONE', #876, #9240, #2212, .T. ) ;
#7660 = DIRECTION ( 'NONE',  ( 1.000000000000000000, 0.0000000000000000000, 0.0000000000000000000 ) ) ;
#7661 = PRESENTATION_STYLE_ASSIGNMENT (( #3649 ) ) ;
#7662 = CARTESIAN_POINT ( 'NONE',  ( -1.050000000000000000, -2.799999999999999400, -12.38000000000000300 ) ) ;
#7663 =( NAMED_UNIT ( * ) SI_UNIT ( $, .STERADIAN. ) SOLID_ANGLE_UNIT ( ) );
#7664 = STYLED_ITEM ( 'NONE', ( #5197 ), #6037 ) ;
#7665 = VECTOR ( 'NONE', #3157, 1000.000000000000000 ) ;
#7666 = AXIS2_PLACEMENT_3D ( 'NONE', #10532, #5496, #375 ) ;
#7667 =( NAMED_UNIT ( * ) SI_UNIT ( $, .STERADIAN. ) SOLID_ANGLE_UNIT ( ) );
#7668 = VERTEX_POINT ( 'NONE', #6752 ) ;
#7669 =( NAMED_UNIT ( * ) SI_UNIT ( $, .STERADIAN. ) SOLID_ANGLE_UNIT ( ) );
#7670 = SURFACE_STYLE_USAGE ( .BOTH. , #1736 ) ;
#7671 = UNCERTAINTY_MEASURE_WITH_UNIT (LENGTH_MEASURE( 1.000000000000000100E-005 ), #56, 'distance_accuracy_value', 'NONE');
#7672 = ORIENTED_EDGE ( 'NONE', *, *, #7992, .F. ) ;
#7673 = SURFACE_STYLE_USAGE ( .BOTH. , #1743 ) ;
#7674 =( NAMED_UNIT ( * ) PLANE_ANGLE_UNIT ( ) SI_UNIT ( $, .RADIAN. ) );
#7675 = SURFACE_STYLE_FILL_AREA ( #7320 ) ;
#7676 = EDGE_CURVE ( 'NONE', #10739, #2896, #8697, .T. ) ;
#7677 = DIRECTION ( 'NONE',  ( 0.0000000000000000000, -0.0000000000000000000, -1.000000000000000000 ) ) ;
#7678 = UNCERTAINTY_MEASURE_WITH_UNIT (LENGTH_MEASURE( 1.000000000000000100E-005 ), #1271, 'distance_accuracy_value', 'NONE');
#7679 = ORIENTED_EDGE ( 'NONE', *, *, #1072, .T. ) ;
#7680 = ORIENTED_EDGE ( 'NONE', *, *, #7428, .T. ) ;
#7681 = CARTESIAN_POINT ( 'NONE',  ( -1.050000000000000000, -2.799999999999999400, -5.400000000000000400 ) ) ;
#7682 = MECHANICAL_DESIGN_GEOMETRIC_PRESENTATION_REPRESENTATION (  '', ( #5989 ), #8244 ) ;
#7683 = DIRECTION ( 'NONE',  ( 1.000000000000000000, 0.0000000000000000000, 1.232047923278982000E-016 ) ) ;
#7684 = ADVANCED_FACE ( 'NONE', ( #7016 ), #10125, .T. ) ;
#7685 = ORIENTED_EDGE ( 'NONE', *, *, #6089, .T. ) ;
#7686 = DIRECTION ( 'NONE',  ( 0.7071067811865474600, 0.0000000000000000000, 0.7071067811865474600 ) ) ;
#7687 = DIRECTION ( 'NONE',  ( 0.0000000000000000000, -1.000000000000000000, 0.0000000000000000000 ) ) ;
#7688 =( GEOMETRIC_REPRESENTATION_CONTEXT ( 3 ) GLOBAL_UNCERTAINTY_ASSIGNED_CONTEXT ( ( #9264 ) ) GLOBAL_UNIT_ASSIGNED_CONTEXT ( ( #5988, #898, #6847 ) ) REPRESENTATION_CONTEXT ( 'NONE', 'WORKASPACE' ) );
#7689 = UNCERTAINTY_MEASURE_WITH_UNIT (LENGTH_MEASURE( 1.000000000000000100E-005 ), #1481, 'distance_accuracy_value', 'NONE');
#7690 =( NAMED_UNIT ( * ) SI_UNIT ( $, .STERADIAN. ) SOLID_ANGLE_UNIT ( ) );
#7691 = CARTESIAN_POINT ( 'NONE',  ( -2.540000000000000000, 1.700000000000000000, -8.523421052631579900 ) ) ;
#7692 = PRESENTATION_STYLE_ASSIGNMENT (( #8026 ) ) ;
#7693 = ORIENTED_EDGE ( 'NONE', *, *, #6599, .T. ) ;
#7694 = LINE ( 'NONE', #4540, #2382 ) ;
#7695 = VECTOR ( 'NONE', #4611, 1000.000000000000100 ) ;
#7696 =( GEOMETRIC_REPRESENTATION_CONTEXT ( 3 ) GLOBAL_UNCERTAINTY_ASSIGNED_CONTEXT ( ( #5201 ) ) GLOBAL_UNIT_ASSIGNED_CONTEXT ( ( #9225, #4204, #10093 ) ) REPRESENTATION_CONTEXT ( 'NONE', 'WORKASPACE' ) );
#7697 = PLANE ( 'NONE',  #8861 ) ;
#7698 =( NAMED_UNIT ( * ) PLANE_ANGLE_UNIT ( ) SI_UNIT ( $, .RADIAN. ) );
#7699 = MECHANICAL_DESIGN_GEOMETRIC_PRESENTATION_REPRESENTATION (  '', ( #6007 ), #8254 ) ;
#7700 = DIRECTION ( 'NONE',  ( 1.000000000000000000, 0.0000000000000000000, 0.0000000000000000000 ) ) ;
#7701 = VERTEX_POINT ( 'NONE', #5133 ) ;
#7702 = CARTESIAN_POINT ( 'NONE',  ( -1.490000000000000200, 11.70000000000000100, -2.220000000000000200 ) ) ;
#7703 = SURFACE_STYLE_FILL_AREA ( #10193 ) ;
#7704 = CARTESIAN_POINT ( 'NONE',  ( 1.490000000000000000, -2.799999999999999400, -7.940000000000001300 ) ) ;
#7705 = FILL_AREA_STYLE ('',( #43 ) ) ;
#7706 = VERTEX_POINT ( 'NONE', #8 ) ;
#7707 = CARTESIAN_POINT ( 'NONE',  ( 1.050000000000000000, -2.799999999999999400, -7.940000000000001300 ) ) ;
#7708 = AXIS2_PLACEMENT_3D ( 'NONE', #1752, #7687, #2613 ) ;
#7709 = EDGE_LOOP ( 'NONE', ( #1199, #3279, #2349, #6651 ) ) ;
#7710 = ORIENTED_EDGE ( 'NONE', *, *, #4402, .T. ) ;
#7711 = FILL_AREA_STYLE_COLOUR ( '', #226 ) ;
#7712 = DIRECTION ( 'NONE',  ( 0.7071067811865486800, 0.0000000000000000000, 0.7071067811865464600 ) ) ;
#7713 = DIRECTION ( 'NONE',  ( 0.6756367705307529900, -0.0000000000000000000, 0.7372346670543747900 ) ) ;
#7714 = FACE_OUTER_BOUND ( 'NONE', #2678, .T. ) ;
#7715 = ORIENTED_EDGE ( 'NONE', *, *, #4335, .F. ) ;
#7716 = EDGE_CURVE ( 'NONE', #5034, #10420, #3436, .T. ) ;
#7717 = CARTESIAN_POINT ( 'NONE',  ( 1.490000000000000000, 11.70000000000000100, -10.48000000000000200 ) ) ;
#7718 = VECTOR ( 'NONE', #690, 1000.000000000000100 ) ;
#7719 = STYLED_ITEM ( 'NONE', ( #8501 ), #3593 ) ;
#7720 = ORIENTED_EDGE ( 'NONE', *, *, #10544, .T. ) ;
#7721 = FILL_AREA_STYLE ('',( #6881 ) ) ;
#7722 = STYLED_ITEM ( 'NONE', ( #7755 ), #5475 ) ;
#7723 = EDGE_CURVE ( 'NONE', #1621, #2784, #9879, .T. ) ;
#7724 = DIRECTION ( 'NONE',  ( 0.7372346670543746800, 0.0000000000000000000, -0.6756367705307528800 ) ) ;
#7725 = LINE ( 'NONE', #871, #1233 ) ;
#7726 = ORIENTED_EDGE ( 'NONE', *, *, #1895, .T. ) ;
#7727 =( LENGTH_UNIT ( ) NAMED_UNIT ( * ) SI_UNIT ( .MILLI., .METRE. ) );
#7728 = ORIENTED_EDGE ( 'NONE', *, *, #2395, .T. ) ;
#7729 = DIRECTION ( 'NONE',  ( 0.0000000000000000000, -1.000000000000000000, 0.0000000000000000000 ) ) ;
#7730 = DIRECTION ( 'NONE',  ( 0.0000000000000000000, 1.000000000000000000, 0.0000000000000000000 ) ) ;
#7731 = ORIENTED_EDGE ( 'NONE', *, *, #7015, .T. ) ;
#7732 = DIRECTION ( 'NONE',  ( 0.7071067811865470200, 0.0000000000000000000, -0.7071067811865481300 ) ) ;
#7733 =( LENGTH_UNIT ( ) NAMED_UNIT ( * ) SI_UNIT ( .MILLI., .METRE. ) );
#7734 = EDGE_CURVE ( 'NONE', #7537, #579, #1178, .T. ) ;
#7735 = FACE_OUTER_BOUND ( 'NONE', #10604, .T. ) ;
#7736 = SURFACE_STYLE_FILL_AREA ( #6182 ) ;
#7737 = PLANE ( 'NONE',  #2052 ) ;
#7738 = CARTESIAN_POINT ( 'NONE',  ( 2.140000000000000100, 1.700000000000000000, -6.350000000000000500 ) ) ;
#7739 = PRESENTATION_LAYER_ASSIGNMENT (  '', '', ( #6609 ) ) ;
#7740 = CARTESIAN_POINT ( 'NONE',  ( 0.9499999999999999600, -2.799999999999999400, -2.319999999999999800 ) ) ;
#7741 = PRESENTATION_STYLE_ASSIGNMENT (( #8362 ) ) ;
#7742 = DIRECTION ( 'NONE',  ( -0.7071067811865489100, 0.0000000000000000000, 0.7071067811865462400 ) ) ;
#7743 = CARTESIAN_POINT ( 'NONE',  ( 2.140000000000001500, 0.0000000000000000000, 1.270000000000000000 ) ) ;
#7744 = LINE ( 'NONE', #10637, #7996 ) ;
#7745 = SURFACE_STYLE_FILL_AREA ( #4778 ) ;
#7746 = CARTESIAN_POINT ( 'NONE',  ( -1.490000000000000200, -2.799999999999999400, -7.299999999999999800 ) ) ;
#7747 =( NAMED_UNIT ( * ) PLANE_ANGLE_UNIT ( ) SI_UNIT ( $, .RADIAN. ) );
#7748 = ADVANCED_FACE ( 'NONE', ( #3156 ), #4315, .T. ) ;
#7749 = COLOUR_RGB ( '',0.7960784313725489700, 0.8235294117647058400, 0.9372549019607843100 ) ;
#7750 =( NAMED_UNIT ( * ) SI_UNIT ( $, .STERADIAN. ) SOLID_ANGLE_UNIT ( ) );
#7751 = VECTOR ( 'NONE', #5079, 1000.000000000000000 ) ;
#7752 =( LENGTH_UNIT ( ) NAMED_UNIT ( * ) SI_UNIT ( .MILLI., .METRE. ) );
#7753 = FILL_AREA_STYLE_COLOUR ( '', #559 ) ;
#7754 =( NAMED_UNIT ( * ) PLANE_ANGLE_UNIT ( ) SI_UNIT ( $, .RADIAN. ) );
#7755 = PRESENTATION_STYLE_ASSIGNMENT (( #5322 ) ) ;
#7756 = LINE ( 'NONE', #1677, #1262 ) ;
#7757 = UNCERTAINTY_MEASURE_WITH_UNIT (LENGTH_MEASURE( 1.000000000000000100E-005 ), #9363, 'distance_accuracy_value', 'NONE');
#7758 = DIRECTION ( 'NONE',  ( -0.0000000000000000000, -1.000000000000000000, -0.0000000000000000000 ) ) ;
#7759 =( GEOMETRIC_REPRESENTATION_CONTEXT ( 3 ) GLOBAL_UNCERTAINTY_ASSIGNED_CONTEXT ( ( #7014 ) ) GLOBAL_UNIT_ASSIGNED_CONTEXT ( ( #2844, #8744, #3721 ) ) REPRESENTATION_CONTEXT ( 'NONE', 'WORKASPACE' ) );
#7760 = ADVANCED_FACE ( 'NONE', ( #2345 ), #2593, .T. ) ;
#7761 = VECTOR ( 'NONE', #859, 1000.000000000000000 ) ;
#7762 = UNCERTAINTY_MEASURE_WITH_UNIT (LENGTH_MEASURE( 1.000000000000000100E-005 ), #9948, 'distance_accuracy_value', 'NONE');
#7763 =( NAMED_UNIT ( * ) SI_UNIT ( $, .STERADIAN. ) SOLID_ANGLE_UNIT ( ) );
#7764 = PLANE ( 'NONE',  #1711 ) ;
#7765 = FILL_AREA_STYLE ('',( #66 ) ) ;
#7766 = EDGE_CURVE ( 'NONE', #7655, #3928, #5806, .T. ) ;
#7767 = ORIENTED_EDGE ( 'NONE', *, *, #9101, .T. ) ;
#7768 = FILL_AREA_STYLE ('',( #110 ) ) ;
#7769 = CARTESIAN_POINT ( 'NONE',  ( -1.490000000000000200, -2.799999999999999400, -9.840000000000001600 ) ) ;
#7770 = MECHANICAL_DESIGN_GEOMETRIC_PRESENTATION_REPRESENTATION (  '', ( #6071 ), #8307 ) ;
#7771 = VECTOR ( 'NONE', #556, 1000.000000000000000 ) ;
#7772 =( NAMED_UNIT ( * ) PLANE_ANGLE_UNIT ( ) SI_UNIT ( $, .RADIAN. ) );
#7773 = CARTESIAN_POINT ( 'NONE',  ( -1.590000000000000300, -2.799999999999999400, -15.02000000000000000 ) ) ;
#7774 = CARTESIAN_POINT ( 'NONE',  ( -2.540000000000000000, 0.0000000000000000000, -0.9034210526315790100 ) ) ;
#7775 = ORIENTED_EDGE ( 'NONE', *, *, #4818, .F. ) ;
#7776 = EDGE_LOOP ( 'NONE', ( #6184, #9512, #2940, #10012 ) ) ;
#7777 = AXIS2_PLACEMENT_3D ( 'NONE', #5474, #349, #6304 ) ;
#7778 = SURFACE_STYLE_USAGE ( .BOTH. , #1829 ) ;
#7779 = STYLED_ITEM ( 'NONE', ( #10769 ), #1210 ) ;
#7780 = DIRECTION ( 'NONE',  ( 0.7071067811865473500, -0.0000000000000000000, 0.7071067811865477900 ) ) ;
#7781 = FILL_AREA_STYLE_COLOUR ( '', #9137 ) ;
#7782 = DIRECTION ( 'NONE',  ( -1.000000000000000000, -0.0000000000000000000, -0.0000000000000000000 ) ) ;
#7783 = AXIS2_PLACEMENT_3D ( 'NONE', #6284, #1214, #7138 ) ;
#7784 = DIRECTION ( 'NONE',  ( -1.000000000000000000, -0.0000000000000000000, -0.0000000000000000000 ) ) ;
#7785 = VERTEX_POINT ( 'NONE', #130 ) ;
#7786 = EDGE_CURVE ( 'NONE', #1786, #3439, #1291, .T. ) ;
#7787 = STYLED_ITEM ( 'NONE', ( #4966 ), #3141 ) ;
#7788 = DIRECTION ( 'NONE',  ( -1.000000000000000000, -0.0000000000000000000, -1.232047923278982200E-016 ) ) ;
#7789 = PRESENTATION_LAYER_ASSIGNMENT (  '', '', ( #6662 ) ) ;
#7790 = CARTESIAN_POINT ( 'NONE',  ( 1.490000000000000000, -2.799999999999999400, -13.02000000000000100 ) ) ;
#7791 = EDGE_CURVE ( 'NONE', #3930, #3295, #1551, .T. ) ;
#7792 = EDGE_CURVE ( 'NONE', #4949, #4139, #3566, .T. ) ;
#7793 = SURFACE_STYLE_FILL_AREA ( #10313 ) ;
#7794 = ORIENTED_EDGE ( 'NONE', *, *, #10285, .F. ) ;
#7795 = ORIENTED_EDGE ( 'NONE', *, *, #5051, .F. ) ;
#7796 = PLANE ( 'NONE',  #5782 ) ;
#7797 = PLANE ( 'NONE',  #2077 ) ;
#7798 = CARTESIAN_POINT ( 'NONE',  ( 1.490000000000000000, 11.70000000000000100, -4.760000000000000700 ) ) ;
#7799 = LINE ( 'NONE', #7888, #9745 ) ;
#7800 =( NAMED_UNIT ( * ) PLANE_ANGLE_UNIT ( ) SI_UNIT ( $, .RADIAN. ) );
#7801 = ORIENTED_EDGE ( 'NONE', *, *, #2331, .F. ) ;
#7802 = ADVANCED_FACE ( 'NONE', ( #1037 ), #1840, .T. ) ;
#7803 = FACE_OUTER_BOUND ( 'NONE', #5585, .T. ) ;
#7804 =( LENGTH_UNIT ( ) NAMED_UNIT ( * ) SI_UNIT ( .MILLI., .METRE. ) );
#7805 = ORIENTED_EDGE ( 'NONE', *, *, #2044, .T. ) ;
#7806 = SURFACE_STYLE_USAGE ( .BOTH. , #1874 ) ;
#7807 = CARTESIAN_POINT ( 'NONE',  ( -1.490000000000000200, -2.799999999999999400, -2.220000000000000200 ) ) ;
#7808 = LINE ( 'NONE', #4895, #10023 ) ;
#7809 = PRESENTATION_STYLE_ASSIGNMENT (( #10828 ) ) ;
#7810 =( NAMED_UNIT ( * ) PLANE_ANGLE_UNIT ( ) SI_UNIT ( $, .RADIAN. ) );
#7811 = FILL_AREA_STYLE_COLOUR ( '', #6126 ) ;
#7812 = VECTOR ( 'NONE', #769, 1000.000000000000000 ) ;
#7813 = COLOUR_RGB ( '',0.7921568627450980000, 0.8196078431372548800, 0.9333333333333333500 ) ;
#7814 = FILL_AREA_STYLE_COLOUR ( '', #3991 ) ;
#7815 =( NAMED_UNIT ( * ) PLANE_ANGLE_UNIT ( ) SI_UNIT ( $, .RADIAN. ) );
#7816 = EDGE_CURVE ( 'NONE', #2081, #2778, #211, .T. ) ;
#7817 = ADVANCED_FACE ( 'NONE', ( #4493 ), #10358, .F. ) ;
#7818 = VERTEX_POINT ( 'NONE', #9488 ) ;
#7819 = COLOUR_RGB ( '',0.7960784313725489700, 0.8235294117647058400, 0.9372549019607843100 ) ;
#7820 = CARTESIAN_POINT ( 'NONE',  ( 1.490000000000000000, -2.799999999999999400, -12.38000000000000300 ) ) ;
#7821 = MECHANICAL_DESIGN_GEOMETRIC_PRESENTATION_REPRESENTATION (  '', ( #6127 ), #8367 ) ;
#7822 = UNCERTAINTY_MEASURE_WITH_UNIT (LENGTH_MEASURE( 1.000000000000000100E-005 ), #6789, 'distance_accuracy_value', 'NONE');
#7823 = VERTEX_POINT ( 'NONE', #7848 ) ;
#7824 = STYLED_ITEM ( 'NONE', ( #5818 ), #10787 ) ;
#7825 = UNCERTAINTY_MEASURE_WITH_UNIT (LENGTH_MEASURE( 1.000000000000000100E-005 ), #544, 'distance_accuracy_value', 'NONE');
#7826 = STYLED_ITEM ( 'NONE', ( #3446 ), #7517 ) ;
#7827 = ORIENTED_EDGE ( 'NONE', *, *, #3251, .T. ) ;
#7828 = DIRECTION ( 'NONE',  ( 0.7071067811865489100, 0.0000000000000000000, 0.7071067811865461300 ) ) ;
#7829 = ORIENTED_EDGE ( 'NONE', *, *, #2244, .F. ) ;
#7830 =( LENGTH_UNIT ( ) NAMED_UNIT ( * ) SI_UNIT ( .MILLI., .METRE. ) );
#7831 = VECTOR ( 'NONE', #2889, 1000.000000000000000 ) ;
#7832 = PLANE ( 'NONE',  #958 ) ;
#7833 = EDGE_CURVE ( 'NONE', #5434, #8951, #10412, .T. ) ;
#7834 = ORIENTED_EDGE ( 'NONE', *, *, #2002, .F. ) ;
#7835 = VERTEX_POINT ( 'NONE', #10378 ) ;
#7836 = CARTESIAN_POINT ( 'NONE',  ( -1.490000000000000000, 11.70000000000000100, -5.400000000000000400 ) ) ;
#7837 = CARTESIAN_POINT ( 'NONE',  ( -0.9499999999999999600, -2.799999999999999400, -7.839999999999999900 ) ) ;
#7838 = VERTEX_POINT ( 'NONE', #4494 ) ;
#7839 = ORIENTED_EDGE ( 'NONE', *, *, #9051, .F. ) ;
#7840 = CARTESIAN_POINT ( 'NONE',  ( -1.590000000000000300, -2.799999999999999400, -5.300000000000000700 ) ) ;
#7841 = MECHANICAL_DESIGN_GEOMETRIC_PRESENTATION_REPRESENTATION (  '', ( #6146 ), #8381 ) ;
#7842 = ORIENTED_EDGE ( 'NONE', *, *, #9997, .T. ) ;
#7843 = PRESENTATION_STYLE_ASSIGNMENT (( #8923 ) ) ;
#7844 = EDGE_LOOP ( 'NONE', ( #872, #9625, #9739, #4358 ) ) ;
#7845 = AXIS2_PLACEMENT_3D ( 'NONE', #2180, #8102, #3045 ) ;
#7846 = CARTESIAN_POINT ( 'NONE',  ( -2.019999999999999600, 0.2999999999999999900, -21.59000000000000000 ) ) ;
#7847 = VECTOR ( 'NONE', #2506, 1000.000000000000100 ) ;
#7848 = CARTESIAN_POINT ( 'NONE',  ( -1.490000000000000000, 11.70000000000000100, -20.64000000000000100 ) ) ;
#7849 = DIRECTION ( 'NONE',  ( -0.0000000000000000000, -1.000000000000000000, -0.0000000000000000000 ) ) ;
#7850 = DIRECTION ( 'NONE',  ( 0.7071067811865474600, 0.0000000000000000000, 0.7071067811865474600 ) ) ;
#7851 = CARTESIAN_POINT ( 'NONE',  ( -1.490000000000000000, -2.799999999999999400, -0.3200000000000001200 ) ) ;
#7852 = ORIENTED_EDGE ( 'NONE', *, *, #839, .F. ) ;
#7853 = FILL_AREA_STYLE ('',( #1044 ) ) ;
#7854 = DIRECTION ( 'NONE',  ( 0.7071067811865486800, 0.0000000000000000000, 0.7071067811865464600 ) ) ;
#7855 = VERTEX_POINT ( 'NONE', #203 ) ;
#7856 = LINE ( 'NONE', #1826, #5611 ) ;
#7857 = PRESENTATION_LAYER_ASSIGNMENT (  '', '', ( #6731 ) ) ;
#7858 =( NAMED_UNIT ( * ) PLANE_ANGLE_UNIT ( ) SI_UNIT ( $, .RADIAN. ) );
#7859 = LINE ( 'NONE', #7774, #3638 ) ;
#7860 = ADVANCED_FACE ( 'NONE', ( #10141 ), #6181, .F. ) ;
#7861 = VERTEX_POINT ( 'NONE', #3683 ) ;
#7862 = LINE ( 'NONE', #8201, #5616 ) ;
#7863 = ORIENTED_EDGE ( 'NONE', *, *, #9499, .T. ) ;
#7864 =( LENGTH_UNIT ( ) NAMED_UNIT ( * ) SI_UNIT ( .MILLI., .METRE. ) );
#7865 = CARTESIAN_POINT ( 'NONE',  ( 2.140000000000001500, 0.0000000000000000000, -19.05000000000000100 ) ) ;
#7866 = LINE ( 'NONE', #5144, #3367 ) ;
#7867 = LINE ( 'NONE', #8745, #10085 ) ;
#7868 = LINE ( 'NONE', #6067, #1121 ) ;
#7869 = VERTEX_POINT ( 'NONE', #6214 ) ;
#7870 = SURFACE_STYLE_FILL_AREA ( #5174 ) ;
#7871 = FILL_AREA_STYLE ('',( #10365 ) ) ;
#7872 =( NAMED_UNIT ( * ) SI_UNIT ( $, .STERADIAN. ) SOLID_ANGLE_UNIT ( ) );
#7873 = ADVANCED_FACE ( 'NONE', ( #7129 ), #7080, .T. ) ;
#7874 = CARTESIAN_POINT ( 'NONE',  ( -0.9499999999999999600, 11.70000000000000100, -20.54000000000000300 ) ) ;
#7875 =( NAMED_UNIT ( * ) SI_UNIT ( $, .STERADIAN. ) SOLID_ANGLE_UNIT ( ) );
#7876 = FACE_OUTER_BOUND ( 'NONE', #2130, .T. ) ;
#7877 = PRESENTATION_STYLE_ASSIGNMENT (( #9064 ) ) ;
#7878 = EDGE_CURVE ( 'NONE', #7537, #621, #8552, .T. ) ;
#7879 = VECTOR ( 'NONE', #3077, 1000.000000000000100 ) ;
#7880 = LINE ( 'NONE', #8216, #8917 ) ;
#7881 = FILL_AREA_STYLE_COLOUR ( '', #6090 ) ;
#7882 = EDGE_CURVE ( 'NONE', #10037, #10540, #10815, .T. ) ;
#7883 =( GEOMETRIC_REPRESENTATION_CONTEXT ( 3 ) GLOBAL_UNCERTAINTY_ASSIGNED_CONTEXT ( ( #10387 ) ) GLOBAL_UNIT_ASSIGNED_CONTEXT ( ( #4215, #10109, #5089 ) ) REPRESENTATION_CONTEXT ( 'NONE', 'WORKASPACE' ) );
#7884 = PRESENTATION_STYLE_ASSIGNMENT (( #1194 ) ) ;
#7885 =( NAMED_UNIT ( * ) PLANE_ANGLE_UNIT ( ) SI_UNIT ( $, .RADIAN. ) );
#7886 =( NAMED_UNIT ( * ) PLANE_ANGLE_UNIT ( ) SI_UNIT ( $, .RADIAN. ) );
#7887 = VECTOR ( 'NONE', #10257, 1000.000000000000000 ) ;
#7888 = CARTESIAN_POINT ( 'NONE',  ( 1.050000000000000000, -2.799999999999999400, -15.56000000000000000 ) ) ;
#7889 =( NAMED_UNIT ( * ) SI_UNIT ( $, .STERADIAN. ) SOLID_ANGLE_UNIT ( ) );
#7890 = CARTESIAN_POINT ( 'NONE',  ( 2.020000000000001400, 0.2999999999999999900, -1.270000000000000000 ) ) ;
#7891 = CARTESIAN_POINT ( 'NONE',  ( -1.050000000000000000, 11.70000000000000100, -17.46000000000000100 ) ) ;
#7892 = STYLED_ITEM ( 'NONE', ( #7424 ), #10354 ) ;
#7893 =( NAMED_UNIT ( * ) SI_UNIT ( $, .STERADIAN. ) SOLID_ANGLE_UNIT ( ) );
#7894 = VECTOR ( 'NONE', #3460, 1000.000000000000000 ) ;
#7895 = LINE ( 'NONE', #10867, #3125 ) ;
#7896 = DIRECTION ( 'NONE',  ( -0.0000000000000000000, -0.0000000000000000000, -1.000000000000000000 ) ) ;
#7897 = PRESENTATION_LAYER_ASSIGNMENT (  '', '', ( #6770 ) ) ;
#7898 = EDGE_LOOP ( 'NONE', ( #4894, #372, #2016, #7528 ) ) ;
#7899 = VECTOR ( 'NONE', #8876, 1000.000000000000000 ) ;
#7900 = VERTEX_POINT ( 'NONE', #1187 ) ;
#7901 = ORIENTED_EDGE ( 'NONE', *, *, #8327, .F. ) ;
#7902 = CARTESIAN_POINT ( 'NONE',  ( -0.9499999999999999600, -2.799999999999999400, -12.92000000000000200 ) ) ;
#7903 =( NAMED_UNIT ( * ) PLANE_ANGLE_UNIT ( ) SI_UNIT ( $, .RADIAN. ) );
#7904 = AXIS2_PLACEMENT_3D ( 'NONE', #8298, #3250, #9145 ) ;
#7905 = PRESENTATION_STYLE_ASSIGNMENT (( #5440 ) ) ;
#7906 = CLOSED_SHELL ( 'NONE', ( #221, #6982, #790, #5657, #2866, #8438, #5708, #2074, #2695, #8997 ) ) ;
#7907 = PRESENTATION_LAYER_ASSIGNMENT (  '', '', ( #7339 ) ) ;
#7908 = DIRECTION ( 'NONE',  ( -1.000000000000000000, 0.0000000000000000000, 0.0000000000000000000 ) ) ;
#7909 = CARTESIAN_POINT ( 'NONE',  ( 1.490000000000000000, 11.70000000000000100, -13.02000000000000100 ) ) ;
#7910 = SURFACE_STYLE_USAGE ( .BOTH. , #1982 ) ;
#7911 = PRESENTATION_LAYER_ASSIGNMENT (  '', '', ( #6787 ) ) ;
#7912 = PRESENTATION_STYLE_ASSIGNMENT (( #7042 ) ) ;
#7913 = SURFACE_STYLE_USAGE ( .BOTH. , #1983 ) ;
#7914 =( GEOMETRIC_REPRESENTATION_CONTEXT ( 3 ) GLOBAL_UNCERTAINTY_ASSIGNED_CONTEXT ( ( #2869 ) ) GLOBAL_UNIT_ASSIGNED_CONTEXT ( ( #7502, #2424, #8344 ) ) REPRESENTATION_CONTEXT ( 'NONE', 'WORKASPACE' ) );
#7915 = ORIENTED_EDGE ( 'NONE', *, *, #10285, .T. ) ;
#7916 =( LENGTH_UNIT ( ) NAMED_UNIT ( * ) SI_UNIT ( .MILLI., .METRE. ) );
#7917 = ORIENTED_EDGE ( 'NONE', *, *, #1140, .F. ) ;
#7918 = SURFACE_SIDE_STYLE ('',( #118 ) ) ;
#7919 = CARTESIAN_POINT ( 'NONE',  ( -1.490000000000000000, 11.70000000000000100, -0.3200000000000001200 ) ) ;
#7920 = ADVANCED_FACE ( 'NONE', ( #1803 ), #6255, .T. ) ;
#7921 = DIRECTION ( 'NONE',  ( 0.7071067811865470200, 0.0000000000000000000, -0.7071067811865481300 ) ) ;
#7922 = CARTESIAN_POINT ( 'NONE',  ( -1.490000000000000200, 11.70000000000000100, -20.00000000000000000 ) ) ;
#7923 = VECTOR ( 'NONE', #2915, 999.9999999999998900 ) ;
#7924 = EDGE_CURVE ( 'NONE', #4686, #5683, #9730, .T. ) ;
#7925 = ORIENTED_EDGE ( 'NONE', *, *, #8629, .F. ) ;
#7926 = MECHANICAL_DESIGN_GEOMETRIC_PRESENTATION_REPRESENTATION (  '', ( #6227 ), #8472 ) ;
#7927 = ORIENTED_EDGE ( 'NONE', *, *, #4110, .T. ) ;
#7928 = CARTESIAN_POINT ( 'NONE',  ( 1.050000000000000000, 11.70000000000000100, -17.46000000000000100 ) ) ;
#7929 = EDGE_CURVE ( 'NONE', #10454, #2255, #5544, .T. ) ;
#7931 =( NAMED_UNIT ( * ) PLANE_ANGLE_UNIT ( ) SI_UNIT ( $, .RADIAN. ) );
#7930 = LINE ( 'NONE', #9054, #7665 ) ;
#7932 = PLANE ( 'NONE',  #1308 ) ;
#7933 = VERTEX_POINT ( 'NONE', #369 ) ;
#7934 = EDGE_CURVE ( 'NONE', #649, #1862, #1028, .T. ) ;
#7935 =( LENGTH_UNIT ( ) NAMED_UNIT ( * ) SI_UNIT ( .MILLI., .METRE. ) );
#7936 =( GEOMETRIC_REPRESENTATION_CONTEXT ( 3 ) GLOBAL_UNCERTAINTY_ASSIGNED_CONTEXT ( ( #8079 ) ) GLOBAL_UNIT_ASSIGNED_CONTEXT ( ( #1758, #7698, #2619 ) ) REPRESENTATION_CONTEXT ( 'NONE', 'WORKASPACE' ) );
#7937 = ORIENTED_EDGE ( 'NONE', *, *, #585, .T. ) ;
#7938 =( LENGTH_UNIT ( ) NAMED_UNIT ( * ) SI_UNIT ( .MILLI., .METRE. ) );
#7939 = ORIENTED_EDGE ( 'NONE', *, *, #3698, .T. ) ;
#7940 = LINE ( 'NONE', #3094, #4926 ) ;
#7941 = FILL_AREA_STYLE_COLOUR ( '', #8873 ) ;
#7942 = DIRECTION ( 'NONE',  ( 0.0000000000000000000, 1.000000000000000000, 0.0000000000000000000 ) ) ;
#7943 =( NAMED_UNIT ( * ) SI_UNIT ( $, .STERADIAN. ) SOLID_ANGLE_UNIT ( ) );
#7944 = PLANE ( 'NONE',  #1335 ) ;
#7945 = UNCERTAINTY_MEASURE_WITH_UNIT (LENGTH_MEASURE( 1.000000000000000100E-005 ), #7727, 'distance_accuracy_value', 'NONE');
#7946 = ORIENTED_EDGE ( 'NONE', *, *, #6708, .T. ) ;
#7947 = DIRECTION ( 'NONE',  ( 0.0000000000000000000, 0.0000000000000000000, 1.000000000000000000 ) ) ;
#7948 =( NAMED_UNIT ( * ) SI_UNIT ( $, .STERADIAN. ) SOLID_ANGLE_UNIT ( ) );
#7949 = PLANE ( 'NONE',  #8841 ) ;
#7950 = VECTOR ( 'NONE', #8688, 1000.000000000000100 ) ;
#7951 = UNCERTAINTY_MEASURE_WITH_UNIT (LENGTH_MEASURE( 1.000000000000000100E-005 ), #29, 'distance_accuracy_value', 'NONE');
#7952 = ORIENTED_EDGE ( 'NONE', *, *, #10239, .F. ) ;
#7953 = PRESENTATION_LAYER_ASSIGNMENT (  '', '', ( #6840 ) ) ;
#7954 = ORIENTED_EDGE ( 'NONE', *, *, #9969, .T. ) ;
#7955 = MECHANICAL_DESIGN_GEOMETRIC_PRESENTATION_REPRESENTATION (  '', ( #6268 ), #8510 ) ;
#7956 = SURFACE_SIDE_STYLE ('',( #6193 ) ) ;
#7957 = VECTOR ( 'NONE', #2198, 1000.000000000000000 ) ;
#7958 =( NAMED_UNIT ( * ) SI_UNIT ( $, .STERADIAN. ) SOLID_ANGLE_UNIT ( ) );
#7959 = EDGE_CURVE ( 'NONE', #2326, #6541, #7508, .T. ) ;
#7960 = ORIENTED_EDGE ( 'NONE', *, *, #9872, .F. ) ;
#7961 = FILL_AREA_STYLE ('',( #5439 ) ) ;
#7962 = DIRECTION ( 'NONE',  ( 0.0000000000000000000, 0.0000000000000000000, -1.000000000000000000 ) ) ;
#7963 = STYLED_ITEM ( 'NONE', ( #10386 ), #9348 ) ;
#7964 = ADVANCED_FACE ( 'NONE', ( #7247 ), #4680, .T. ) ;
#7965 = VERTEX_POINT ( 'NONE', #7182 ) ;
#7966 = FILL_AREA_STYLE_COLOUR ( '', #10650 ) ;
#7967 = PRESENTATION_STYLE_ASSIGNMENT (( #7910 ) ) ;
#7968 =( GEOMETRIC_REPRESENTATION_CONTEXT ( 3 ) GLOBAL_UNCERTAINTY_ASSIGNED_CONTEXT ( ( #6548 ) ) GLOBAL_UNIT_ASSIGNED_CONTEXT ( ( #3516, #9388, #4359 ) ) REPRESENTATION_CONTEXT ( 'NONE', 'WORKASPACE' ) );
#7969 = PRESENTATION_STYLE_ASSIGNMENT (( #4806 ) ) ;
#7970 = LINE ( 'NONE', #6638, #7718 ) ;
#7971 = STYLED_ITEM ( 'NONE', ( #4042 ), #8894 ) ;
#7972 =( GEOMETRIC_REPRESENTATION_CONTEXT ( 3 ) GLOBAL_UNCERTAINTY_ASSIGNED_CONTEXT ( ( #533 ) ) GLOBAL_UNIT_ASSIGNED_CONTEXT ( ( #2550, #8449, #3416 ) ) REPRESENTATION_CONTEXT ( 'NONE', 'WORKASPACE' ) );
#7973 = CARTESIAN_POINT ( 'NONE',  ( 0.9499999999999999600, -2.799999999999999400, -12.92000000000000200 ) ) ;
#7974 = VERTEX_POINT ( 'NONE', #9731 ) ;
#7975 = SURFACE_STYLE_FILL_AREA ( #7649 ) ;
#7976 = STYLED_ITEM ( 'NONE', ( #5172 ), #2514 ) ;
#7977 = CARTESIAN_POINT ( 'NONE',  ( 0.0000000000000000000, -2.799999999999999400, 0.0000000000000000000 ) ) ;
#7978 = ORIENTED_EDGE ( 'NONE', *, *, #10964, .F. ) ;
#7979 = CARTESIAN_POINT ( 'NONE',  ( -1.490000000000000000, -2.799999999999999400, -18.10000000000000100 ) ) ;
#7980 = PLANE ( 'NONE',  #10380 ) ;
#7981 = DIRECTION ( 'NONE',  ( -0.7071067811865489100, 0.0000000000000000000, 0.7071067811865462400 ) ) ;
#7982 = DIRECTION ( 'NONE',  ( -0.0000000000000000000, -0.0000000000000000000, -1.000000000000000000 ) ) ;
#7983 = EDGE_CURVE ( 'NONE', #7029, #1872, #8683, .T. ) ;
#7984 = SURFACE_SIDE_STYLE ('',( #10860 ) ) ;
#7985 = CARTESIAN_POINT ( 'NONE',  ( 0.9499999999999999600, 11.70000000000000100, -20.10000000000000100 ) ) ;
#7986 = DIRECTION ( 'NONE',  ( 0.7071067811865486800, 0.0000000000000000000, -0.7071067811865463500 ) ) ;
#7987 = SURFACE_STYLE_USAGE ( .BOTH. , #2064 ) ;
#7988 = COLOUR_RGB ( '',0.0000000000000000000, 0.003921568627450980300, 0.09019607843137254800 ) ;
#7989 = AXIS2_PLACEMENT_3D ( 'NONE', #6154, #1081, #7010 ) ;
#7990 = EDGE_CURVE ( 'NONE', #8734, #794, #1942, .T. ) ;
#7991 = EDGE_CURVE ( 'NONE', #8396, #10145, #8413, .T. ) ;
#7992 = EDGE_CURVE ( 'NONE', #755, #8858, #6194, .T. ) ;
#7993 = LINE ( 'NONE', #3273, #1244 ) ;
#7994 = CARTESIAN_POINT ( 'NONE',  ( 2.140000000000000100, 0.0000000000000000000, -1.270000000000000000 ) ) ;
#7995 =( NAMED_UNIT ( * ) SI_UNIT ( $, .STERADIAN. ) SOLID_ANGLE_UNIT ( ) );
#7996 = VECTOR ( 'NONE', #8076, 1000.000000000000000 ) ;
#7997 =( GEOMETRIC_REPRESENTATION_CONTEXT ( 3 ) GLOBAL_UNCERTAINTY_ASSIGNED_CONTEXT ( ( #5794 ) ) GLOBAL_UNIT_ASSIGNED_CONTEXT ( ( #123, #6080, #999 ) ) REPRESENTATION_CONTEXT ( 'NONE', 'WORKASPACE' ) );
#7998 = SURFACE_STYLE_FILL_AREA ( #4224 ) ;
#7999 = CARTESIAN_POINT ( 'NONE',  ( 0.9499999999999999600, 11.70000000000000100, 0.2200000000000000600 ) ) ;
#8000 = SURFACE_SIDE_STYLE ('',( #3118 ) ) ;
#8001 = LINE ( 'NONE', #8639, #35 ) ;
#8002 = PRESENTATION_STYLE_ASSIGNMENT (( #7516 ) ) ;
#8003 = DIRECTION ( 'NONE',  ( 0.0000000000000000000, 0.0000000000000000000, 1.000000000000000000 ) ) ;
#8004 = CARTESIAN_POINT ( 'NONE',  ( -2.540000000000000000, 1.700000000000000000, -3.443421052631578900 ) ) ;
#8005 = EDGE_CURVE ( 'NONE', #9807, #5683, #1664, .T. ) ;
#8006 = UNCERTAINTY_MEASURE_WITH_UNIT (LENGTH_MEASURE( 1.000000000000000100E-005 ), #3895, 'distance_accuracy_value', 'NONE');
#8007 = VECTOR ( 'NONE', #5119, 1000.000000000000000 ) ;
#8008 = DIRECTION ( 'NONE',  ( 0.0000000000000000000, 0.0000000000000000000, 1.000000000000000000 ) ) ;
#8009 = PRESENTATION_LAYER_ASSIGNMENT (  '', '', ( #6905 ) ) ;
#8010 = VERTEX_POINT ( 'NONE', #5561 ) ;
#8011 = ORIENTED_EDGE ( 'NONE', *, *, #9969, .F. ) ;
#8012 = DIRECTION ( 'NONE',  ( 0.7071067811865477900, 0.0000000000000000000, -0.7071067811865473500 ) ) ;
#8013 = CARTESIAN_POINT ( 'NONE',  ( 1.050000000000000000, -2.799999999999999400, -20.00000000000000000 ) ) ;
#8014 = DIRECTION ( 'NONE',  ( 0.0000000000000000000, 0.0000000000000000000, 1.000000000000000000 ) ) ;
#8015 =( NAMED_UNIT ( * ) SI_UNIT ( $, .STERADIAN. ) SOLID_ANGLE_UNIT ( ) );
#8016 = ADVANCED_FACE ( 'NONE', ( #4205 ), #1353, .T. ) ;
#8017 = UNCERTAINTY_MEASURE_WITH_UNIT (LENGTH_MEASURE( 1.000000000000000100E-005 ), #8892, 'distance_accuracy_value', 'NONE');
#8018 = SURFACE_STYLE_FILL_AREA ( #3942 ) ;
#8019 = CARTESIAN_POINT ( 'NONE',  ( -0.9499999999999999600, -2.799999999999999400, -12.48000000000000200 ) ) ;
#8020 = MECHANICAL_DESIGN_GEOMETRIC_PRESENTATION_REPRESENTATION (  '', ( #6332 ), #8572 ) ;
#8021 = ORIENTED_EDGE ( 'NONE', *, *, #1557, .T. ) ;
#8022 = EDGE_CURVE ( 'NONE', #9097, #10437, #2872, .T. ) ;
#8023 = ORIENTED_EDGE ( 'NONE', *, *, #6962, .T. ) ;
#8024 = DIRECTION ( 'NONE',  ( 0.0000000000000000000, -0.0000000000000000000, -1.000000000000000000 ) ) ;
#8025 = CARTESIAN_POINT ( 'NONE',  ( -1.490000000000000000, 11.70000000000000100, -2.860000000000000300 ) ) ;
#8026 = SURFACE_STYLE_USAGE ( .BOTH. , #2109 ) ;
#8027 = ORIENTED_EDGE ( 'NONE', *, *, #7122, .F. ) ;
#8028 = CARTESIAN_POINT ( 'NONE',  ( -1.490000000000000200, -2.799999999999999400, -14.92000000000000200 ) ) ;
#8029 = STYLED_ITEM ( 'NONE', ( #1152 ), #8498 ) ;
#8030 = EDGE_LOOP ( 'NONE', ( #5024, #8679, #7240, #3825 ) ) ;
#8031 = SURFACE_STYLE_FILL_AREA ( #8158 ) ;
#8032 = CARTESIAN_POINT ( 'NONE',  ( -1.490000000000000000, -2.799999999999999400, -15.56000000000000000 ) ) ;
#8033 = STYLED_ITEM ( 'NONE', ( #9244 ), #2074 ) ;
#8034 = VECTOR ( 'NONE', #7784, 1000.000000000000000 ) ;
#8035 = CARTESIAN_POINT ( 'NONE',  ( 1.050000000000000000, -2.799999999999999400, -7.299999999999999800 ) ) ;
#8036 = MECHANICAL_DESIGN_GEOMETRIC_PRESENTATION_REPRESENTATION (  '', ( #6351 ), #8596 ) ;
#8037 = ORIENTED_EDGE ( 'NONE', *, *, #9548, .F. ) ;
#8038 = SURFACE_SIDE_STYLE ('',( #560 ) ) ;
#8039 = SURFACE_SIDE_STYLE ('',( #2299 ) ) ;
#8040 = SURFACE_STYLE_USAGE ( .BOTH. , #2125 ) ;
#8041 = AXIS2_PLACEMENT_3D ( 'NONE', #5612, #485, #6460 ) ;
#8042 = CARTESIAN_POINT ( 'NONE',  ( 1.490000000000000000, -2.799999999999999400, -10.48000000000000200 ) ) ;
#8043 = FILL_AREA_STYLE_COLOUR ( '', #8337 ) ;
#8044 = SURFACE_SIDE_STYLE ('',( #10981 ) ) ;
#8045 = DIRECTION ( 'NONE',  ( -0.7071067811865469100, -0.0000000000000000000, 0.7071067811865482400 ) ) ;
#8046 =( NAMED_UNIT ( * ) SI_UNIT ( $, .STERADIAN. ) SOLID_ANGLE_UNIT ( ) );
#8047 = ORIENTED_EDGE ( 'NONE', *, *, #4653, .F. ) ;
#8048 = SURFACE_SIDE_STYLE ('',( #6191 ) ) ;
#8049 = COLOUR_RGB ( '',0.7960784313725489700, 0.8235294117647058400, 0.9372549019607843100 ) ;
#8050 = VECTOR ( 'NONE', #81, 1000.000000000000000 ) ;
#8051 = EDGE_CURVE ( 'NONE', #7371, #6887, #5140, .T. ) ;
#8052 = LINE ( 'NONE', #4037, #1572 ) ;
#8053 = ORIENTED_EDGE ( 'NONE', *, *, #7959, .F. ) ;
#8054 =( NAMED_UNIT ( * ) PLANE_ANGLE_UNIT ( ) SI_UNIT ( $, .RADIAN. ) );
#8055 = LINE ( 'NONE', #4890, #6103 ) ;
#8056 = FILL_AREA_STYLE ('',( #7229 ) ) ;
#8057 = DIRECTION ( 'NONE',  ( -0.7071067811865489100, -0.0000000000000000000, 0.7071067811865462400 ) ) ;
#8058 = EDGE_CURVE ( 'NONE', #8294, #1411, #9323, .T. ) ;
#8059 = CARTESIAN_POINT ( 'NONE',  ( 0.9499999999999999600, -2.799999999999999400, -15.45999999999999900 ) ) ;
#8060 = FILL_AREA_STYLE ('',( #2147 ) ) ;
#8061 = ORIENTED_EDGE ( 'NONE', *, *, #3962, .F. ) ;
#8062 = CARTESIAN_POINT ( 'NONE',  ( -1.590000000000000300, 11.70000000000000100, -18.00000000000000400 ) ) ;
#8063 = ADVANCED_FACE ( 'NONE', ( #595 ), #10707, .T. ) ;
#8064 = FACE_OUTER_BOUND ( 'NONE', #1424, .T. ) ;
#8065 = LINE ( 'NONE', #4768, #4668 ) ;
#8066 = VECTOR ( 'NONE', #1898, 1000.000000000000000 ) ;
#8067 = EDGE_CURVE ( 'NONE', #9258, #7323, #8286, .T. ) ;
#8068 =( NAMED_UNIT ( * ) PLANE_ANGLE_UNIT ( ) SI_UNIT ( $, .RADIAN. ) );
#8069 = ORIENTED_EDGE ( 'NONE', *, *, #8761, .F. ) ;
#8070 = MECHANICAL_DESIGN_GEOMETRIC_PRESENTATION_REPRESENTATION (  '', ( #6970 ), #8631 ) ;
#8071 = DIRECTION ( 'NONE',  ( -0.0000000000000000000, -1.000000000000000000, -0.0000000000000000000 ) ) ;
#8072 =( GEOMETRIC_REPRESENTATION_CONTEXT ( 3 ) GLOBAL_UNCERTAINTY_ASSIGNED_CONTEXT ( ( #10382 ) ) GLOBAL_UNIT_ASSIGNED_CONTEXT ( ( #7252, #2168, #8085 ) ) REPRESENTATION_CONTEXT ( 'NONE', 'WORKASPACE' ) );
#8073 = UNCERTAINTY_MEASURE_WITH_UNIT (LENGTH_MEASURE( 1.000000000000000100E-005 ), #768, 'distance_accuracy_value', 'NONE');
#8074 = ORIENTED_EDGE ( 'NONE', *, *, #2186, .F. ) ;
#8075 = DIRECTION ( 'NONE',  ( 0.0000000000000000000, 1.000000000000000000, 0.0000000000000000000 ) ) ;
#8076 = DIRECTION ( 'NONE',  ( 1.000000000000000000, 0.0000000000000000000, 1.232047923278982200E-016 ) ) ;
#8077 = COLOUR_RGB ( '',0.7960784313725489700, 0.8235294117647058400, 0.9372549019607843100 ) ;
#8078 = FILL_AREA_STYLE ('',( #7245 ) ) ;
#8079 = UNCERTAINTY_MEASURE_WITH_UNIT (LENGTH_MEASURE( 1.000000000000000100E-005 ), #1758, 'distance_accuracy_value', 'NONE');
#8080 = CLOSED_SHELL ( 'NONE', ( #1969, #7314, #1210, #3972, #4667, #3669, #9560, #2184, #6871, #9165 ) ) ;
#8081 = LINE ( 'NONE', #7657, #5850 ) ;
#8082 =( NAMED_UNIT ( * ) SI_UNIT ( $, .STERADIAN. ) SOLID_ANGLE_UNIT ( ) );
#8083 = ORIENTED_EDGE ( 'NONE', *, *, #9405, .F. ) ;
#8084 = DIRECTION ( 'NONE',  ( -1.232047923278982000E-016, 0.0000000000000000000, 1.000000000000000000 ) ) ;
#8085 =( NAMED_UNIT ( * ) SI_UNIT ( $, .STERADIAN. ) SOLID_ANGLE_UNIT ( ) );
#8086 = VERTEX_POINT ( 'NONE', #4827 ) ;
#8087 = DIRECTION ( 'NONE',  ( 0.0000000000000000000, 1.000000000000000000, 0.0000000000000000000 ) ) ;
#8088 = LINE ( 'NONE', #10521, #136 ) ;
#8089 = VERTEX_POINT ( 'NONE', #9878 ) ;
#8090 = AXIS2_PLACEMENT_3D ( 'NONE', #4570, #10450, #5419 ) ;
#8091 = VECTOR ( 'NONE', #3190, 1000.000000000000000 ) ;
#8092 = LINE ( 'NONE', #6678, #1345 ) ;
#8093 = ORIENTED_EDGE ( 'NONE', *, *, #9632, .T. ) ;
#8094 = ORIENTED_EDGE ( 'NONE', *, *, #4948, .T. ) ;
#8095 = STYLED_ITEM ( 'NONE', ( #9069 ), #8063 ) ;
#8096 = VERTEX_POINT ( 'NONE', #10753 ) ;
#8097 = VECTOR ( 'NONE', #8589, 1000.000000000000100 ) ;
#8098 = FILL_AREA_STYLE ('',( #7257 ) ) ;
#8099 = CARTESIAN_POINT ( 'NONE',  ( 1.590000000000000100, -2.799999999999999400, -0.2200000000000001400 ) ) ;
#8100 = FILL_AREA_STYLE ('',( #2210 ) ) ;
#8101 = SURFACE_STYLE_FILL_AREA ( #996 ) ;
#8102 = DIRECTION ( 'NONE',  ( 0.0000000000000000000, 0.0000000000000000000, 1.000000000000000000 ) ) ;
#8103 = LINE ( 'NONE', #10718, #5876 ) ;
#8104 = DIRECTION ( 'NONE',  ( -0.7071067811865482400, 0.0000000000000000000, -0.7071067811865469100 ) ) ;
#8105 = CARTESIAN_POINT ( 'NONE',  ( 1.590000000000000100, -2.799999999999999400, 0.2199999999999999200 ) ) ;
#8106 = ORIENTED_EDGE ( 'NONE', *, *, #4402, .F. ) ;
#8107 = ORIENTED_EDGE ( 'NONE', *, *, #7878, .F. ) ;
#8108 = SURFACE_SIDE_STYLE ('',( #1259 ) ) ;
#8109 = VECTOR ( 'NONE', #7640, 1000.000000000000000 ) ;
#8110 = AXIS2_PLACEMENT_3D ( 'NONE', #6428, #1338, #7262 ) ;
#8111 = CARTESIAN_POINT ( 'NONE',  ( 2.540000000000000900, 1.700000000000000000, -13.57000000000000200 ) ) ;
#8112 = ORIENTED_EDGE ( 'NONE', *, *, #9567, .T. ) ;
#8113 = MECHANICAL_DESIGN_GEOMETRIC_PRESENTATION_REPRESENTATION (  '', ( #6440 ), #8672 ) ;
#8114 = COLOUR_RGB ( '',0.7921568627450980000, 0.8196078431372548800, 0.9333333333333333500 ) ;
#8115 = PLANE ( 'NONE',  #3099 ) ;
#8116 = CARTESIAN_POINT ( 'NONE',  ( -0.9499999999999999600, -2.799999999999999400, -0.2199999999999999700 ) ) ;
#8117 = SURFACE_STYLE_FILL_AREA ( #8225 ) ;
#8118 = SURFACE_STYLE_USAGE ( .BOTH. , #2199 ) ;
#8119 = EDGE_CURVE ( 'NONE', #8951, #6887, #6058, .T. ) ;
#8120 = SURFACE_STYLE_USAGE ( .BOTH. , #2201 ) ;
#8121 = ADVANCED_FACE ( 'NONE', ( #10262 ), #8231, .T. ) ;
#8122 = PRESENTATION_LAYER_ASSIGNMENT (  '', '', ( #7018 ) ) ;
#8123 = SURFACE_STYLE_USAGE ( .BOTH. , #2204 ) ;
#8124 =( GEOMETRIC_REPRESENTATION_CONTEXT ( 3 ) GLOBAL_UNCERTAINTY_ASSIGNED_CONTEXT ( ( #1042 ) ) GLOBAL_UNIT_ASSIGNED_CONTEXT ( ( #4914, #10803, #5754 ) ) REPRESENTATION_CONTEXT ( 'NONE', 'WORKASPACE' ) );
#8125 = SURFACE_STYLE_FILL_AREA ( #10518 ) ;
#8126 = EDGE_CURVE ( 'NONE', #10662, #7701, #9459, .T. ) ;
#8127 = SURFACE_STYLE_FILL_AREA ( #314 ) ;
#8128 = ADVANCED_FACE ( 'NONE', ( #5010 ), #9108, .F. ) ;
#8129 = PLANE ( 'NONE',  #442 ) ;
#8130 = DIRECTION ( 'NONE',  ( 1.000000000000000000, 0.0000000000000000000, 0.0000000000000000000 ) ) ;
#8131 = DIRECTION ( 'NONE',  ( -0.0000000000000000000, -0.0000000000000000000, -1.000000000000000000 ) ) ;
#8132 = PRESENTATION_STYLE_ASSIGNMENT (( #6615 ) ) ;
#8133 = AXIS2_PLACEMENT_3D ( 'NONE', #3888, #9770, #4752 ) ;
#8134 = PRODUCT_CONTEXT ( 'NONE', #3899, 'mechanical' ) ;
#8135 = UNCERTAINTY_MEASURE_WITH_UNIT (LENGTH_MEASURE( 1.000000000000000100E-005 ), #10783, 'distance_accuracy_value', 'NONE');
#8136 = DIRECTION ( 'NONE',  ( 0.7071067811865470200, 0.0000000000000000000, -0.7071067811865481300 ) ) ;
#8137 = LINE ( 'NONE', #5166, #3673 ) ;
#8138 = LINE ( 'NONE', #4851, #1648 ) ;
#8139 = UNCERTAINTY_MEASURE_WITH_UNIT (LENGTH_MEASURE( 1.000000000000000100E-005 ), #7938, 'distance_accuracy_value', 'NONE');
#8140 = DIRECTION ( 'NONE',  ( -0.7071067811865470200, -0.0000000000000000000, -0.7071067811865481300 ) ) ;
#8141 = SURFACE_STYLE_FILL_AREA ( #2642 ) ;
#8142 = EDGE_LOOP ( 'NONE', ( #484, #10031, #10074, #1268 ) ) ;
#8143 = DIRECTION ( 'NONE',  ( 0.0000000000000000000, 1.000000000000000000, 0.0000000000000000000 ) ) ;
#8144 = ORIENTED_EDGE ( 'NONE', *, *, #8419, .T. ) ;
#8145 = CARTESIAN_POINT ( 'NONE',  ( 1.490000000000000000, -2.799999999999999400, -0.3200000000000001200 ) ) ;
#8146 = EDGE_LOOP ( 'NONE', ( #7046, #5854, #6485, #8352 ) ) ;
#8147 = ORIENTED_EDGE ( 'NONE', *, *, #7716, .T. ) ;
#8148 = DIRECTION ( 'NONE',  ( 0.7071067811865473500, 0.0000000000000000000, -0.7071067811865477900 ) ) ;
#8149 = PRESENTATION_STYLE_ASSIGNMENT (( #9931 ) ) ;
#8150 = UNCERTAINTY_MEASURE_WITH_UNIT (LENGTH_MEASURE( 1.000000000000000100E-005 ), #7935, 'distance_accuracy_value', 'NONE');
#8151 = VECTOR ( 'NONE', #8769, 1000.000000000000000 ) ;
#8152 =( NAMED_UNIT ( * ) PLANE_ANGLE_UNIT ( ) SI_UNIT ( $, .RADIAN. ) );
#8153 = VECTOR ( 'NONE', #8765, 1000.000000000000000 ) ;
#8154 = PRESENTATION_STYLE_ASSIGNMENT (( #8118 ) ) ;
#8155 = CARTESIAN_POINT ( 'NONE',  ( 0.9499999999999999600, 11.70000000000000100, -5.299999999999999800 ) ) ;
#8156 = AXIS2_PLACEMENT_3D ( 'NONE', #8437, #3408, #9275 ) ;
#8157 = ORIENTED_EDGE ( 'NONE', *, *, #6655, .F. ) ;
#8158 = FILL_AREA_STYLE ('',( #2229 ) ) ;
#8159 = SURFACE_STYLE_USAGE ( .BOTH. , #2234 ) ;
#8160 = PRESENTATION_LAYER_ASSIGNMENT (  '', '', ( #7055 ) ) ;
#8161 = CARTESIAN_POINT ( 'NONE',  ( -1.590000000000000300, -2.799999999999999400, -20.10000000000000100 ) ) ;
#8162 = ORIENTED_EDGE ( 'NONE', *, *, #5281, .T. ) ;
#8163 =( LENGTH_UNIT ( ) NAMED_UNIT ( * ) SI_UNIT ( .MILLI., .METRE. ) );
#8164 = PRESENTATION_LAYER_ASSIGNMENT (  '', '', ( #7057 ) ) ;
#8165 = LINE ( 'NONE', #2582, #3945 ) ;
#8166 = COLOUR_RGB ( '',0.0000000000000000000, 0.003921568627450980300, 0.09019607843137254800 ) ;
#8167 = EDGE_CURVE ( 'NONE', #4139, #2392, #8664, .T. ) ;
#8168 = ORIENTED_EDGE ( 'NONE', *, *, #4249, .T. ) ;
#8169 = EDGE_LOOP ( 'NONE', ( #4822, #716, #7952, #10072, #7375, #1607, #1795, #8825 ) ) ;
#8170 = DIRECTION ( 'NONE',  ( 0.0000000000000000000, 0.0000000000000000000, 1.000000000000000000 ) ) ;
#8171 = DIRECTION ( 'NONE',  ( 0.7071067811865477900, 0.0000000000000000000, -0.7071067811865473500 ) ) ;
#8172 = LINE ( 'NONE', #2959, #7923 ) ;
#8173 =( NAMED_UNIT ( * ) PLANE_ANGLE_UNIT ( ) SI_UNIT ( $, .RADIAN. ) );
#8174 = FILL_AREA_STYLE_COLOUR ( '', #496 ) ;
#8175 = MECHANICAL_DESIGN_GEOMETRIC_PRESENTATION_REPRESENTATION (  '', ( #3551 ), #8733 ) ;
#8176 = DIRECTION ( 'NONE',  ( 0.0000000000000000000, 0.0000000000000000000, 1.000000000000000000 ) ) ;
#8177 = ADVANCED_FACE ( 'NONE', ( #4193 ), #708, .T. ) ;
#8178 = MECHANICAL_DESIGN_GEOMETRIC_PRESENTATION_REPRESENTATION (  '', ( #6501 ), #8736 ) ;
#8179 = VERTEX_POINT ( 'NONE', #4103 ) ;
#8180 = LINE ( 'NONE', #134, #1684 ) ;
#8181 = SURFACE_SIDE_STYLE ('',( #4452 ) ) ;
#8182 = ORIENTED_EDGE ( 'NONE', *, *, #7786, .F. ) ;
#8183 = MECHANICAL_DESIGN_GEOMETRIC_PRESENTATION_REPRESENTATION (  '', ( #6507 ), #8740 ) ;
#8184 = SURFACE_SIDE_STYLE ('',( #2641 ) ) ;
#8185 = DIRECTION ( 'NONE',  ( 0.0000000000000000000, 1.000000000000000000, 0.0000000000000000000 ) ) ;
#8186 = FILL_AREA_STYLE ('',( #5628 ) ) ;
#8187 = EDGE_CURVE ( 'NONE', #92, #7374, #3402, .T. ) ;
#8188 = DIRECTION ( 'NONE',  ( 0.0000000000000000000, -1.000000000000000000, 0.0000000000000000000 ) ) ;
#8189 = CARTESIAN_POINT ( 'NONE',  ( -1.050000000000000000, 11.70000000000000100, -7.940000000000001300 ) ) ;
#8190 = ORIENTED_EDGE ( 'NONE', *, *, #10111, .F. ) ;
#8191 =( GEOMETRIC_REPRESENTATION_CONTEXT ( 3 ) GLOBAL_UNCERTAINTY_ASSIGNED_CONTEXT ( ( #5857 ) ) GLOBAL_UNIT_ASSIGNED_CONTEXT ( ( #4026, #9911, #4896 ) ) REPRESENTATION_CONTEXT ( 'NONE', 'WORKASPACE' ) );
#8192 = FACE_OUTER_BOUND ( 'NONE', #7123, .T. ) ;
#8193 = SURFACE_STYLE_USAGE ( .BOTH. , #2269 ) ;
#8194 = STYLED_ITEM ( 'NONE', ( #10478 ), #4782 ) ;
#8195 = EDGE_CURVE ( 'NONE', #5998, #6180, #1149, .T. ) ;
#8196 = ORIENTED_EDGE ( 'NONE', *, *, #516, .F. ) ;
#8197 = CARTESIAN_POINT ( 'NONE',  ( -0.9499999999999999600, 11.70000000000000100, -17.55999999999999900 ) ) ;
#8198 = EDGE_CURVE ( 'NONE', #4560, #9258, #9850, .T. ) ;
#8199 = CARTESIAN_POINT ( 'NONE',  ( -1.490000000000000200, -2.799999999999999400, -9.840000000000001600 ) ) ;
#8200 = FACE_OUTER_BOUND ( 'NONE', #6149, .T. ) ;
#8201 = CARTESIAN_POINT ( 'NONE',  ( -1.590000000000000300, -2.799999999999999400, -10.38000000000000100 ) ) ;
#8202 = MECHANICAL_DESIGN_GEOMETRIC_PRESENTATION_REPRESENTATION (  '', ( #6360 ), #8763 ) ;
#8203 = ORIENTED_EDGE ( 'NONE', *, *, #256, .T. ) ;
#8204 = ORIENTED_EDGE ( 'NONE', *, *, #4800, .F. ) ;
#8205 = PRODUCT_RELATED_PRODUCT_CATEGORY ( 'part', '', ( #8564 ) ) ;
#8206 = EDGE_LOOP ( 'NONE', ( #4745, #968, #4629, #4662 ) ) ;
#8207 = PLANE ( 'NONE',  #3887 ) ;
#8208 = VECTOR ( 'NONE', #4661, 1000.000000000000000 ) ;
#8209 = PRESENTATION_STYLE_ASSIGNMENT (( #10062 ) ) ;
#8210 = ORIENTED_EDGE ( 'NONE', *, *, #1435, .T. ) ;
#8211 = DIRECTION ( 'NONE',  ( 0.0000000000000000000, 0.0000000000000000000, -1.000000000000000000 ) ) ;
#8212 = ORIENTED_EDGE ( 'NONE', *, *, #791, .T. ) ;
#8213 =( LENGTH_UNIT ( ) NAMED_UNIT ( * ) SI_UNIT ( .MILLI., .METRE. ) );
#8214 = ORIENTED_EDGE ( 'NONE', *, *, #5964, .T. ) ;
#8215 = EDGE_CURVE ( 'NONE', #8089, #4161, #5405, .T. ) ;
#8216 = CARTESIAN_POINT ( 'NONE',  ( 2.140000000000000100, 1.700000000000000000, -1.270000000000000000 ) ) ;
#8217 = LINE ( 'NONE', #8116, #7957 ) ;
#8218 = MANIFOLD_SOLID_BREP ( 'LPattern3[6]', #3957 ) ;
#8219 = SURFACE_SIDE_STYLE ('',( #9526 ) ) ;
#8220 = COLOUR_RGB ( '',0.7960784313725489700, 0.8235294117647058400, 0.9372549019607843100 ) ;
#8221 = SURFACE_STYLE_FILL_AREA ( #2553 ) ;
#8222 = CARTESIAN_POINT ( 'NONE',  ( 1.050000000000000000, -2.799999999999999400, -10.48000000000000200 ) ) ;
#8223 = SURFACE_STYLE_FILL_AREA ( #9252 ) ;
#8224 = AXIS2_PLACEMENT_3D ( 'NONE', #275, #6220, #1158 ) ;
#8225 = FILL_AREA_STYLE ('',( #7380 ) ) ;
#8227 = ORIENTED_EDGE ( 'NONE', *, *, #2331, .T. ) ;
#8226 = DIRECTION ( 'NONE',  ( -0.0000000000000000000, 1.000000000000000000, 0.0000000000000000000 ) ) ;
#8228 = PRESENTATION_LAYER_ASSIGNMENT (  '', '', ( #7115 ) ) ;
#8229 = ORIENTED_EDGE ( 'NONE', *, *, #1482, .T. ) ;
#8230 = FILL_AREA_STYLE_COLOUR ( '', #6382 ) ;
#8231 = PLANE ( 'NONE',  #4519 ) ;
#8232 = ORIENTED_EDGE ( 'NONE', *, *, #1325, .F. ) ;
#8233 = LINE ( 'NONE', #2388, #1741 ) ;
#8234 = VECTOR ( 'NONE', #1370, 1000.000000000000000 ) ;
#8235 = CARTESIAN_POINT ( 'NONE',  ( 0.0000000000000000000, -2.799999999999999400, -7.620000000000000100 ) ) ;
#8236 = ADVANCED_FACE ( 'NONE', ( #5131 ), #9237, .F. ) ;
#8237 = CARTESIAN_POINT ( 'NONE',  ( -1.050000000000000000, -2.799999999999999400, 0.3199999999999999000 ) ) ;
#8238 = EDGE_CURVE ( 'NONE', #3020, #8445, #3539, .T. ) ;
#8239 = DIRECTION ( 'NONE',  ( -0.7071067811865470200, 0.0000000000000000000, 0.7071067811865481300 ) ) ;
#8240 = VERTEX_POINT ( 'NONE', #9274 ) ;
#8241 =( NAMED_UNIT ( * ) SI_UNIT ( $, .STERADIAN. ) SOLID_ANGLE_UNIT ( ) );
#8242 = DIRECTION ( 'NONE',  ( 1.000000000000000000, 0.0000000000000000000, 1.232047923278982200E-016 ) ) ;
#8243 = COLOUR_RGB ( '',0.7960784313725489700, 0.8235294117647058400, 0.9372549019607843100 ) ;
#8244 =( GEOMETRIC_REPRESENTATION_CONTEXT ( 3 ) GLOBAL_UNCERTAINTY_ASSIGNED_CONTEXT ( ( #395 ) ) GLOBAL_UNIT_ASSIGNED_CONTEXT ( ( #2417, #8334, #3285 ) ) REPRESENTATION_CONTEXT ( 'NONE', 'WORKASPACE' ) );
#8245 = LINE ( 'NONE', #5370, #3773 ) ;
#8246 = CARTESIAN_POINT ( 'NONE',  ( 2.140000000000001500, 1.700000000000000000, -1.270000000000000000 ) ) ;
#8247 = FILL_AREA_STYLE ('',( #4879 ) ) ;
#8248 = LINE ( 'NONE', #10820, #6021 ) ;
#8249 = LINE ( 'NONE', #705, #10503 ) ;
#8250 = COLOUR_RGB ( '',0.0000000000000000000, 0.003921568627450980300, 0.09019607843137254800 ) ;
#8251 =( LENGTH_UNIT ( ) NAMED_UNIT ( * ) SI_UNIT ( .MILLI., .METRE. ) );
#8252 = FILL_AREA_STYLE_COLOUR ( '', #7394 ) ;
#8253 = DIRECTION ( 'NONE',  ( -0.0000000000000000000, -1.000000000000000000, -0.0000000000000000000 ) ) ;
#8254 =( GEOMETRIC_REPRESENTATION_CONTEXT ( 3 ) GLOBAL_UNCERTAINTY_ASSIGNED_CONTEXT ( ( #2596 ) ) GLOBAL_UNIT_ASSIGNED_CONTEXT ( ( #7160, #2069, #7995 ) ) REPRESENTATION_CONTEXT ( 'NONE', 'WORKASPACE' ) );
#8255 = VECTOR ( 'NONE', #6989, 1000.000000000000000 ) ;
#8256 = DIRECTION ( 'NONE',  ( -0.7071067811865489100, -0.0000000000000000000, -0.7071067811865461300 ) ) ;
#8257 = DIRECTION ( 'NONE',  ( 0.0000000000000000000, 1.000000000000000000, 0.0000000000000000000 ) ) ;
#8258 = STYLED_ITEM ( 'NONE', ( #10510 ), #4428 ) ;
#8259 = CARTESIAN_POINT ( 'NONE',  ( 0.0000000000000000000, -2.799999999999999400, 0.0000000000000000000 ) ) ;
#8260 = LINE ( 'NONE', #2092, #3787 ) ;
#8261 = LINE ( 'NONE', #2505, #10509 ) ;
#8262 = PRESENTATION_LAYER_ASSIGNMENT (  '', '', ( #7143 ) ) ;
#8263 = PLANE ( 'NONE',  #6307 ) ;
#8264 = CARTESIAN_POINT ( 'NONE',  ( -1.590000000000000300, -2.799999999999999400, -15.45999999999999900 ) ) ;
#8265 =( NAMED_UNIT ( * ) PLANE_ANGLE_UNIT ( ) SI_UNIT ( $, .RADIAN. ) );
#8266 =( NAMED_UNIT ( * ) SI_UNIT ( $, .STERADIAN. ) SOLID_ANGLE_UNIT ( ) );
#8267 = DIRECTION ( 'NONE',  ( 0.7071067811865470200, 0.0000000000000000000, -0.7071067811865481300 ) ) ;
#8268 = EDGE_CURVE ( 'NONE', #10036, #1327, #5781, .T. ) ;
#8269 = DIRECTION ( 'NONE',  ( 0.6782059721786389800, 0.0000000000000000000, 0.7348718659067220400 ) ) ;
#8270 = AXIS2_PLACEMENT_3D ( 'NONE', #4062, #9949, #4932 ) ;
#8271 = CARTESIAN_POINT ( 'NONE',  ( -1.050000000000000000, 11.70000000000000100, -10.48000000000000200 ) ) ;
#8272 = SURFACE_SIDE_STYLE ('',( #2547 ) ) ;
#8273 =( LENGTH_UNIT ( ) NAMED_UNIT ( * ) SI_UNIT ( .MILLI., .METRE. ) );
#8274 = AXIS2_PLACEMENT_3D ( 'NONE', #6120, #1047, #6979 ) ;
#8275 = FACE_OUTER_BOUND ( 'NONE', #453, .T. ) ;
#8276 = PRESENTATION_STYLE_ASSIGNMENT (( #10700 ) ) ;
#8277 = EDGE_CURVE ( 'NONE', #243, #10324, #1264, .T. ) ;
#8278 = UNCERTAINTY_MEASURE_WITH_UNIT (LENGTH_MEASURE( 1.000000000000000100E-005 ), #3886, 'distance_accuracy_value', 'NONE');
#8279 = PRESENTATION_STYLE_ASSIGNMENT (( #5858 ) ) ;
#8280 =( LENGTH_UNIT ( ) NAMED_UNIT ( * ) SI_UNIT ( .MILLI., .METRE. ) );
#8281 = DIRECTION ( 'NONE',  ( 0.7071067811865477900, 0.0000000000000000000, -0.7071067811865473500 ) ) ;
#8282 = EDGE_CURVE ( 'NONE', #4508, #7838, #5520, .T. ) ;
#8283 = UNCERTAINTY_MEASURE_WITH_UNIT (LENGTH_MEASURE( 1.000000000000000100E-005 ), #7830, 'distance_accuracy_value', 'NONE');
#8284 = STYLED_ITEM ( 'NONE', ( #3933 ), #620 ) ;
#8285 = COLOUR_RGB ( '',0.0000000000000000000, 0.003921568627450980300, 0.09019607843137254800 ) ;
#8286 = LINE ( 'NONE', #5704, #1792 ) ;
#8287 = DIRECTION ( 'NONE',  ( 0.0000000000000000000, 1.000000000000000000, 0.0000000000000000000 ) ) ;
#8288 = ORIENTED_EDGE ( 'NONE', *, *, #7107, .T. ) ;
#8289 = CARTESIAN_POINT ( 'NONE',  ( -1.050000000000000000, -2.799999999999999400, -2.220000000000000200 ) ) ;
#8290 = ADVANCED_FACE ( 'NONE', ( #10251 ), #4293, .T. ) ;
#8291 = MECHANICAL_DESIGN_GEOMETRIC_PRESENTATION_REPRESENTATION (  '', ( #6609 ), #8844 ) ;
#8292 = CARTESIAN_POINT ( 'NONE',  ( -2.540000000000000000, 1.700000000000000000, -0.9034210526315790100 ) ) ;
#8293 =( NAMED_UNIT ( * ) PLANE_ANGLE_UNIT ( ) SI_UNIT ( $, .RADIAN. ) );
#8294 = VERTEX_POINT ( 'NONE', #10997 ) ;
#8295 =( NAMED_UNIT ( * ) PLANE_ANGLE_UNIT ( ) SI_UNIT ( $, .RADIAN. ) );
#8296 = DIRECTION ( 'NONE',  ( -0.0000000000000000000, -1.000000000000000000, -0.0000000000000000000 ) ) ;
#8297 = DIRECTION ( 'NONE',  ( 0.7071067811865470200, 0.0000000000000000000, -0.7071067811865481300 ) ) ;
#8298 = CARTESIAN_POINT ( 'NONE',  ( -2.539999999999999600, 1.700000000000000000, -6.783421052631577900 ) ) ;
#8299 = STYLED_ITEM ( 'NONE', ( #7576 ), #6706 ) ;
#8300 = DIRECTION ( 'NONE',  ( -1.000000000000000000, 0.0000000000000000000, -1.232047923278982000E-016 ) ) ;
#8301 = ORIENTED_EDGE ( 'NONE', *, *, #5508, .T. ) ;
#8302 = CARTESIAN_POINT ( 'NONE',  ( 1.050000000000000000, 11.70000000000000100, -0.3200000000000001200 ) ) ;
#8303 = SURFACE_STYLE_FILL_AREA ( #10578 ) ;
#8304 = DIRECTION ( 'NONE',  ( -0.0000000000000000000, 1.000000000000000000, -0.0000000000000000000 ) ) ;
#8305 = EDGE_CURVE ( 'NONE', #10823, #6249, #182, .T. ) ;
#8306 = SURFACE_STYLE_FILL_AREA ( #4528 ) ;
#8307 =( GEOMETRIC_REPRESENTATION_CONTEXT ( 3 ) GLOBAL_UNCERTAINTY_ASSIGNED_CONTEXT ( ( #278 ) ) GLOBAL_UNIT_ASSIGNED_CONTEXT ( ( #8947, #3905, #9800 ) ) REPRESENTATION_CONTEXT ( 'NONE', 'WORKASPACE' ) );
#8308 = VERTEX_POINT ( 'NONE', #4333 ) ;
#8309 = CARTESIAN_POINT ( 'NONE',  ( 2.020000000000001800, 0.2999999999999999300, -21.59000000000000000 ) ) ;
#8310 = LINE ( 'NONE', #6796, #3837 ) ;
#8311 = DIRECTION ( 'NONE',  ( -0.7071067811865489100, 0.0000000000000000000, 0.7071067811865462400 ) ) ;
#8312 = PLANE ( 'NONE',  #2241 ) ;
#8313 = CARTESIAN_POINT ( 'NONE',  ( -1.590000000000000300, 11.70000000000000100, -20.54000000000000300 ) ) ;
#8314 = STYLED_ITEM ( 'NONE', ( #7905 ), #3972 ) ;
#8315 = SURFACE_STYLE_USAGE ( .BOTH. , #2402 ) ;
#8316 = CARTESIAN_POINT ( 'NONE',  ( -0.9499999999999999600, -2.799999999999999400, 0.2200000000000000800 ) ) ;
#8317 = PRESENTATION_LAYER_ASSIGNMENT (  '', '', ( #7210 ) ) ;
#8318 = PRESENTATION_LAYER_ASSIGNMENT (  '', '', ( #7779 ) ) ;
#8319 = CARTESIAN_POINT ( 'NONE',  ( 1.590000000000000100, 11.70000000000000100, -0.2200000000000001400 ) ) ;
#8320 = VERTEX_POINT ( 'NONE', #5191 ) ;
#8321 = ORIENTED_EDGE ( 'NONE', *, *, #2761, .F. ) ;
#8322 = PRESENTATION_LAYER_ASSIGNMENT (  '', '', ( #7213 ) ) ;
#8323 = FILL_AREA_STYLE ('',( #7484 ) ) ;
#8324 =( NAMED_UNIT ( * ) PLANE_ANGLE_UNIT ( ) SI_UNIT ( $, .RADIAN. ) );
#8325 = FILL_AREA_STYLE ('',( #9982 ) ) ;
#8326 = ORIENTED_EDGE ( 'NONE', *, *, #1818, .F. ) ;
#8327 = EDGE_CURVE ( 'NONE', #7965, #1327, #2441, .T. ) ;
#8328 = DIRECTION ( 'NONE',  ( 0.0000000000000000000, 1.000000000000000000, 0.0000000000000000000 ) ) ;
#8329 = DIRECTION ( 'NONE',  ( 0.7071067811865487900, 0.0000000000000000000, -0.7071067811865463500 ) ) ;
#8330 = FACE_OUTER_BOUND ( 'NONE', #5069, .T. ) ;
#8331 = AXIS2_PLACEMENT_3D ( 'NONE', #5158, #32, #6000 ) ;
#8332 = LINE ( 'NONE', #5842, #1585 ) ;
#8333 = LINE ( 'NONE', #4478, #1587 ) ;
#8334 =( NAMED_UNIT ( * ) PLANE_ANGLE_UNIT ( ) SI_UNIT ( $, .RADIAN. ) );
#8335 = ORIENTED_EDGE ( 'NONE', *, *, #1230, .T. ) ;
#8336 = MECHANICAL_DESIGN_GEOMETRIC_PRESENTATION_REPRESENTATION (  '', ( #6662 ), #8900 ) ;
#8337 = COLOUR_RGB ( '',0.0000000000000000000, 0.003921568627450980300, 0.09019607843137254800 ) ;
#8338 = EDGE_CURVE ( 'NONE', #1964, #10436, #2175, .T. ) ;
#8339 =( NAMED_UNIT ( * ) PLANE_ANGLE_UNIT ( ) SI_UNIT ( $, .RADIAN. ) );
#8340 = EDGE_CURVE ( 'NONE', #579, #1546, #8922, .T. ) ;
#8341 = DIRECTION ( 'NONE',  ( -0.7071067811865477900, -0.0000000000000000000, -0.7071067811865473500 ) ) ;
#8342 = ADVANCED_FACE ( 'NONE', ( #10651 ), #9391, .T. ) ;
#8343 = ORIENTED_EDGE ( 'NONE', *, *, #10864, .T. ) ;
#8344 =( NAMED_UNIT ( * ) SI_UNIT ( $, .STERADIAN. ) SOLID_ANGLE_UNIT ( ) );
#8345 = LINE ( 'NONE', #5978, #3864 ) ;
#8346 = PRESENTATION_STYLE_ASSIGNMENT (( #1498 ) ) ;
#8347 = ORIENTED_EDGE ( 'NONE', *, *, #890, .F. ) ;
#8348 = STYLED_ITEM ( 'NONE', ( #5305 ), #221 ) ;
#8349 = LINE ( 'NONE', #40, #1602 ) ;
#8350 = SURFACE_STYLE_FILL_AREA ( #2705 ) ;
#8351 = PLANE ( 'NONE',  #10784 ) ;
#8352 = ORIENTED_EDGE ( 'NONE', *, *, #4172, .T. ) ;
#8353 = UNCERTAINTY_MEASURE_WITH_UNIT (LENGTH_MEASURE( 1.000000000000000100E-005 ), #6389, 'distance_accuracy_value', 'NONE');
#8354 = ORIENTED_EDGE ( 'NONE', *, *, #7254, .T. ) ;
#8355 =( LENGTH_UNIT ( ) NAMED_UNIT ( * ) SI_UNIT ( .MILLI., .METRE. ) );
#8356 = CARTESIAN_POINT ( 'NONE',  ( -2.540000000000000000, 0.0000000000000000000, -21.22342105263157900 ) ) ;
#8357 = EDGE_LOOP ( 'NONE', ( #5748, #2075, #5115, #10407, #3969, #7577, #9345, #658 ) ) ;
#8358 = FACE_OUTER_BOUND ( 'NONE', #1549, .T. ) ;
#8359 =( NAMED_UNIT ( * ) PLANE_ANGLE_UNIT ( ) SI_UNIT ( $, .RADIAN. ) );
#8360 = ORIENTED_EDGE ( 'NONE', *, *, #6098, .F. ) ;
#8361 = EDGE_CURVE ( 'NONE', #2380, #3843, #3390, .T. ) ;
#8362 = SURFACE_STYLE_USAGE ( .BOTH. , #2440 ) ;
#8363 = FILL_AREA_STYLE ('',( #2409 ) ) ;
#8364 = CARTESIAN_POINT ( 'NONE',  ( -2.140000000000000600, 1.700000000000000000, -6.350000000000000500 ) ) ;
#8365 = FILL_AREA_STYLE_COLOUR ( '', #6298 ) ;
#8366 = ORIENTED_EDGE ( 'NONE', *, *, #6547, .T. ) ;
#8367 =( GEOMETRIC_REPRESENTATION_CONTEXT ( 3 ) GLOBAL_UNCERTAINTY_ASSIGNED_CONTEXT ( ( #6813 ) ) GLOBAL_UNIT_ASSIGNED_CONTEXT ( ( #5776, #680, #6627 ) ) REPRESENTATION_CONTEXT ( 'NONE', 'WORKASPACE' ) );
#8368 = ORIENTED_EDGE ( 'NONE', *, *, #3474, .F. ) ;
#8369 =( LENGTH_UNIT ( ) NAMED_UNIT ( * ) SI_UNIT ( .MILLI., .METRE. ) );
#8370 = DIRECTION ( 'NONE',  ( -0.7071067811865470200, 0.0000000000000000000, 0.7071067811865481300 ) ) ;
#8371 = AXIS2_PLACEMENT_3D ( 'NONE', #10132, #5108, #10988 ) ;
#8372 = CARTESIAN_POINT ( 'NONE',  ( 2.020000000000001400, 0.2999999999999999900, -1.270000000000000000 ) ) ;
#8373 = AXIS2_PLACEMENT_3D ( 'NONE', #1450, #7372, #2291 ) ;
#8374 = COLOUR_RGB ( '',0.7960784313725489700, 0.8235294117647058400, 0.9372549019607843100 ) ;
#8375 = FILL_AREA_STYLE_COLOUR ( '', #2856 ) ;
#8376 = SURFACE_SIDE_STYLE ('',( #3855 ) ) ;
#8377 = EDGE_CURVE ( 'NONE', #10577, #5012, #9842, .T. ) ;
#8378 = VECTOR ( 'NONE', #3922, 1000.000000000000000 ) ;
#8379 = SURFACE_STYLE_USAGE ( .BOTH. , #2469 ) ;
#8380 = FACE_OUTER_BOUND ( 'NONE', #10697, .T. ) ;
#8381 =( GEOMETRIC_REPRESENTATION_CONTEXT ( 3 ) GLOBAL_UNCERTAINTY_ASSIGNED_CONTEXT ( ( #6542 ) ) GLOBAL_UNIT_ASSIGNED_CONTEXT ( ( #6587, #1494, #7412 ) ) REPRESENTATION_CONTEXT ( 'NONE', 'WORKASPACE' ) );
#8382 = DIRECTION ( 'NONE',  ( -0.7071067811865469100, 0.0000000000000000000, 0.7071067811865482400 ) ) ;
#8383 = CARTESIAN_POINT ( 'NONE',  ( -1.050000000000000000, -2.799999999999999400, -13.02000000000000100 ) ) ;
#8384 = PRESENTATION_STYLE_ASSIGNMENT (( #5181 ) ) ;
#8385 = PRESENTATION_LAYER_ASSIGNMENT (  '', '', ( #7267 ) ) ;
#8386 = VECTOR ( 'NONE', #2055, 1000.000000000000000 ) ;
#8387 = DIRECTION ( 'NONE',  ( -0.0000000000000000000, 1.000000000000000000, 0.0000000000000000000 ) ) ;
#8388 = LINE ( 'NONE', #5395, #10377 ) ;
#8389 = ADVANCED_FACE ( 'NONE', ( #850 ), #6960, .T. ) ;
#8390 = COLOUR_RGB ( '',0.7960784313725489700, 0.8235294117647058400, 0.9372549019607843100 ) ;
#8391 = DIRECTION ( 'NONE',  ( 0.0000000000000000000, 1.000000000000000000, 0.0000000000000000000 ) ) ;
#8392 = FACE_OUTER_BOUND ( 'NONE', #1293, .T. ) ;
#8393 = CARTESIAN_POINT ( 'NONE',  ( -2.540000000000000000, 1.700000000000000000, -8.523421052631579900 ) ) ;
#8394 = SURFACE_SIDE_STYLE ('',( #8591 ) ) ;
#8395 = MECHANICAL_DESIGN_GEOMETRIC_PRESENTATION_REPRESENTATION (  '', ( #6731 ), #8957 ) ;
#8396 = VERTEX_POINT ( 'NONE', #5234 ) ;
#8397 = EDGE_CURVE ( 'NONE', #10974, #4508, #2458, .T. ) ;
#8398 = LINE ( 'NONE', #3966, #10659 ) ;
#8399 =( NAMED_UNIT ( * ) SI_UNIT ( $, .STERADIAN. ) SOLID_ANGLE_UNIT ( ) );
#8400 = VERTEX_POINT ( 'NONE', #1900 ) ;
#8401 = VERTEX_POINT ( 'NONE', #2759 ) ;
#8402 = CARTESIAN_POINT ( 'NONE',  ( 1.590000000000000100, -2.799999999999999400, -7.839999999999999900 ) ) ;
#8403 = ORIENTED_EDGE ( 'NONE', *, *, #60, .F. ) ;
#8404 = ORIENTED_EDGE ( 'NONE', *, *, #8775, .F. ) ;
#8405 = UNCERTAINTY_MEASURE_WITH_UNIT (LENGTH_MEASURE( 1.000000000000000100E-005 ), #6484, 'distance_accuracy_value', 'NONE');
#8406 = FILL_AREA_STYLE ('',( #6740 ) ) ;
#8407 = FILL_AREA_STYLE_COLOUR ( '', #10620 ) ;
#8408 = VECTOR ( 'NONE', #3153, 1000.000000000000000 ) ;
#8409 = VECTOR ( 'NONE', #10501, 1000.000000000000000 ) ;
#8410 = UNCERTAINTY_MEASURE_WITH_UNIT (LENGTH_MEASURE( 1.000000000000000100E-005 ), #1709, 'distance_accuracy_value', 'NONE');
#8411 = EDGE_CURVE ( 'NONE', #4065, #4807, #6836, .T. ) ;
#8412 = LINE ( 'NONE', #7095, #1663 ) ;
#8413 = LINE ( 'NONE', #2163, #3938 ) ;
#8414 = DIRECTION ( 'NONE',  ( 0.0000000000000000000, 1.000000000000000000, 0.0000000000000000000 ) ) ;
#8415 = ORIENTED_EDGE ( 'NONE', *, *, #5477, .F. ) ;
#8416 = CARTESIAN_POINT ( 'NONE',  ( -1.590000000000000300, 11.70000000000000100, 0.2199999999999998100 ) ) ;
#8417 = CARTESIAN_POINT ( 'NONE',  ( -2.539999999999999600, 0.0000000000000000000, 0.8365789473684214200 ) ) ;
#8418 = CARTESIAN_POINT ( 'NONE',  ( 0.9499999999999999600, -2.799999999999999400, -7.839999999999999900 ) ) ;
#8419 = EDGE_CURVE ( 'NONE', #1883, #1686, #6721, .T. ) ;
#8420 =( NAMED_UNIT ( * ) PLANE_ANGLE_UNIT ( ) SI_UNIT ( $, .RADIAN. ) );
#8421 = STYLED_ITEM ( 'NONE', ( #2123 ), #5867 ) ;
#8422 = ORIENTED_EDGE ( 'NONE', *, *, #944, .F. ) ;
#8423 = AXIS2_PLACEMENT_3D ( 'NONE', #6155, #1082, #7011 ) ;
#8424 =( NAMED_UNIT ( * ) SI_UNIT ( $, .STERADIAN. ) SOLID_ANGLE_UNIT ( ) );
#8425 = ORIENTED_EDGE ( 'NONE', *, *, #980, .F. ) ;
#8426 =( NAMED_UNIT ( * ) PLANE_ANGLE_UNIT ( ) SI_UNIT ( $, .RADIAN. ) );
#8427 = DIRECTION ( 'NONE',  ( -0.0000000000000000000, -1.000000000000000000, -0.0000000000000000000 ) ) ;
#8428 = FILL_AREA_STYLE ('',( #4206 ) ) ;
#8429 =( LENGTH_UNIT ( ) NAMED_UNIT ( * ) SI_UNIT ( .MILLI., .METRE. ) );
#8430 = DIRECTION ( 'NONE',  ( 0.0000000000000000000, 0.0000000000000000000, -1.000000000000000000 ) ) ;
#8431 = EDGE_CURVE ( 'NONE', #8179, #20, #4475, .T. ) ;
#8432 = ORIENTED_EDGE ( 'NONE', *, *, #10015, .F. ) ;
#8433 = EDGE_LOOP ( 'NONE', ( #3569, #10589, #5575, #2998 ) ) ;
#8434 = ORIENTED_EDGE ( 'NONE', *, *, #5335, .T. ) ;
#8435 = DIRECTION ( 'NONE',  ( 0.0000000000000000000, -0.0000000000000000000, 1.000000000000000000 ) ) ;
#8436 = MECHANICAL_DESIGN_GEOMETRIC_PRESENTATION_REPRESENTATION (  '', ( #6770 ), #9004 ) ;
#8437 = CARTESIAN_POINT ( 'NONE',  ( -2.540000000000000000, 1.700000000000000000, -11.06342105263158100 ) ) ;
#8438 = ADVANCED_FACE ( 'NONE', ( #4738 ), #2796, .T. ) ;
#8439 = PLANE ( 'NONE',  #7074 ) ;
#8440 = VECTOR ( 'NONE', #7732, 1000.000000000000000 ) ;
#8441 = CARTESIAN_POINT ( 'NONE',  ( 2.540000000000000900, 1.700000000000000000, 0.8699999999999996600 ) ) ;
#8442 = PRESENTATION_LAYER_ASSIGNMENT (  '', '', ( #7328 ) ) ;
#8443 = ORIENTED_EDGE ( 'NONE', *, *, #8921, .T. ) ;
#8444 =( NAMED_UNIT ( * ) SI_UNIT ( $, .STERADIAN. ) SOLID_ANGLE_UNIT ( ) );
#8445 = VERTEX_POINT ( 'NONE', #7874 ) ;
#8446 = FILL_AREA_STYLE ('',( #2549 ) ) ;
#8447 = COLOUR_RGB ( '',0.7960784313725489700, 0.8235294117647058400, 0.9372549019607843100 ) ;
#8448 = MECHANICAL_DESIGN_GEOMETRIC_PRESENTATION_REPRESENTATION (  '', ( #7339 ), #9021 ) ;
#8449 =( NAMED_UNIT ( * ) PLANE_ANGLE_UNIT ( ) SI_UNIT ( $, .RADIAN. ) );
#8450 = DIRECTION ( 'NONE',  ( -0.7071067811865464600, 0.0000000000000000000, 0.7071067811865486800 ) ) ;
#8451 = SURFACE_STYLE_FILL_AREA ( #9314 ) ;
#8452 = VECTOR ( 'NONE', #10770, 1000.000000000000000 ) ;
#8453 = SURFACE_STYLE_FILL_AREA ( #7961 ) ;
#8454 = SURFACE_SIDE_STYLE ('',( #8221 ) ) ;
#8455 = ORIENTED_EDGE ( 'NONE', *, *, #9463, .F. ) ;
#8456 = PRESENTATION_STYLE_ASSIGNMENT (( #7332 ) ) ;
#8457 = MECHANICAL_DESIGN_GEOMETRIC_PRESENTATION_REPRESENTATION (  '', ( #6787 ), #9027 ) ;
#8458 = CARTESIAN_POINT ( 'NONE',  ( -1.050000000000000000, -2.799999999999999400, -0.3200000000000000600 ) ) ;
#8459 = FILL_AREA_STYLE_COLOUR ( '', #9572 ) ;
#8460 = ORIENTED_EDGE ( 'NONE', *, *, #4640, .F. ) ;
#8461 = EDGE_LOOP ( 'NONE', ( #3867, #4017, #3818, #6800 ) ) ;
#8462 = VECTOR ( 'NONE', #10385, 1000.000000000000000 ) ;
#8463 = DIRECTION ( 'NONE',  ( 0.0000000000000000000, 0.0000000000000000000, 1.000000000000000000 ) ) ;
#8464 = COLOUR_RGB ( '',0.0000000000000000000, 0.003921568627450980300, 0.09019607843137254800 ) ;
#8465 = ORIENTED_EDGE ( 'NONE', *, *, #1622, .T. ) ;
#8466 = VECTOR ( 'NONE', #2334, 1000.000000000000000 ) ;
#8467 = LINE ( 'NONE', #6117, #6247 ) ;
#8468 = VECTOR ( 'NONE', #1989, 1000.000000000000100 ) ;
#8469 = UNCERTAINTY_MEASURE_WITH_UNIT (LENGTH_MEASURE( 1.000000000000000100E-005 ), #3980, 'distance_accuracy_value', 'NONE');
#8470 = EDGE_CURVE ( 'NONE', #2654, #8445, #5663, .T. ) ;
#8471 = ORIENTED_EDGE ( 'NONE', *, *, #10580, .T. ) ;
#8472 =( GEOMETRIC_REPRESENTATION_CONTEXT ( 3 ) GLOBAL_UNCERTAINTY_ASSIGNED_CONTEXT ( ( #2238 ) ) GLOBAL_UNIT_ASSIGNED_CONTEXT ( ( #9806, #4779, #10668 ) ) REPRESENTATION_CONTEXT ( 'NONE', 'WORKASPACE' ) );
#8473 = VERTEX_POINT ( 'NONE', #10593 ) ;
#8474 = UNCERTAINTY_MEASURE_WITH_UNIT (LENGTH_MEASURE( 1.000000000000000100E-005 ), #5147, 'distance_accuracy_value', 'NONE');
#8475 = STYLED_ITEM ( 'NONE', ( #8926 ), #5341 ) ;
#8476 = LINE ( 'NONE', #947, #10476 ) ;
#8477 = EDGE_CURVE ( 'NONE', #7701, #9223, #9852, .T. ) ;
#8478 = ORIENTED_EDGE ( 'NONE', *, *, #6817, .F. ) ;
#8479 = DIRECTION ( 'NONE',  ( 0.0000000000000000000, 1.000000000000000000, 0.0000000000000000000 ) ) ;
#8480 = UNCERTAINTY_MEASURE_WITH_UNIT (LENGTH_MEASURE( 1.000000000000000100E-005 ), #1097, 'distance_accuracy_value', 'NONE');
#8481 = VERTEX_POINT ( 'NONE', #4705 ) ;
#8482 = SURFACE_STYLE_USAGE ( .BOTH. , #2577 ) ;
#8483 = EDGE_CURVE ( 'NONE', #1087, #2066, #10123, .T. ) ;
#8484 = FILL_AREA_STYLE_COLOUR ( '', #5491 ) ;
#8485 = ORIENTED_EDGE ( 'NONE', *, *, #2820, .F. ) ;
#8486 = FILL_AREA_STYLE_COLOUR ( '', #1418 ) ;
#8487 = EDGE_LOOP ( 'NONE', ( #2539, #9412, #2463, #7170 ) ) ;
#8488 =( LENGTH_UNIT ( ) NAMED_UNIT ( * ) SI_UNIT ( .MILLI., .METRE. ) );
#8489 = SURFACE_SIDE_STYLE ('',( #2538 ) ) ;
#8490 = ORIENTED_EDGE ( 'NONE', *, *, #5557, .T. ) ;
#8491 = DIRECTION ( 'NONE',  ( 0.0000000000000000000, 1.000000000000000000, 0.0000000000000000000 ) ) ;
#8492 = FILL_AREA_STYLE_COLOUR ( '', #9389 ) ;
#8493 = LINE ( 'NONE', #6878, #4019 ) ;
#8494 = FILL_AREA_STYLE_COLOUR ( '', #9608 ) ;
#8495 = FACE_OUTER_BOUND ( 'NONE', #10940, .T. ) ;
#8496 = EDGE_LOOP ( 'NONE', ( #3850, #4678, #539, #3571, #8888, #1030, #9771, #7728 ) ) ;
#8497 = CARTESIAN_POINT ( 'NONE',  ( 2.140000000000000100, 1.700000000000000000, -21.59000000000000000 ) ) ;
#8498 = ADVANCED_FACE ( 'NONE', ( #3405 ), #5553, .T. ) ;
#8499 = EDGE_LOOP ( 'NONE', ( #952, #3646, #9903, #7915 ) ) ;
#8500 = FILL_AREA_STYLE_COLOUR ( '', #292 ) ;
#8501 = PRESENTATION_STYLE_ASSIGNMENT (( #10853 ) ) ;
#8502 = CARTESIAN_POINT ( 'NONE',  ( 1.050000000000000000, -2.799999999999999400, -20.64000000000000100 ) ) ;
#8503 =( NAMED_UNIT ( * ) PLANE_ANGLE_UNIT ( ) SI_UNIT ( $, .RADIAN. ) );
#8504 = DIRECTION ( 'NONE',  ( 0.0000000000000000000, 1.000000000000000000, 0.0000000000000000000 ) ) ;
#8505 = VECTOR ( 'NONE', #2690, 1000.000000000000000 ) ;
#8506 = MECHANICAL_DESIGN_GEOMETRIC_PRESENTATION_REPRESENTATION (  '', ( #6840 ), #9071 ) ;
#8507 =( NAMED_UNIT ( * ) PLANE_ANGLE_UNIT ( ) SI_UNIT ( $, .RADIAN. ) );
#8508 = ORIENTED_EDGE ( 'NONE', *, *, #5402, .F. ) ;
#8509 = DIRECTION ( 'NONE',  ( 0.6782059721786389800, 0.0000000000000000000, 0.7348718659067220400 ) ) ;
#8510 =( GEOMETRIC_REPRESENTATION_CONTEXT ( 3 ) GLOBAL_UNCERTAINTY_ASSIGNED_CONTEXT ( ( #1906 ) ) GLOBAL_UNIT_ASSIGNED_CONTEXT ( ( #6125, #1052, #6981 ) ) REPRESENTATION_CONTEXT ( 'NONE', 'WORKASPACE' ) );
#8511 = SURFACE_STYLE_FILL_AREA ( #2753 ) ;
#8512 = DIRECTION ( 'NONE',  ( -0.7071067811865470200, 0.0000000000000000000, -0.7071067811865481300 ) ) ;
#8513 = SURFACE_STYLE_FILL_AREA ( #8920 ) ;
#8514 = VECTOR ( 'NONE', #1765, 1000.000000000000000 ) ;
#8515 = EDGE_CURVE ( 'NONE', #8481, #8673, #2321, .T. ) ;
#8516 = PLANE ( 'NONE',  #10440 ) ;
#8517 = CARTESIAN_POINT ( 'NONE',  ( -0.9499999999999999600, 11.70000000000000100, -7.839999999999999900 ) ) ;
#8518 = AXIS2_PLACEMENT_3D ( 'NONE', #9605, #4598, #10483 ) ;
#8519 = CARTESIAN_POINT ( 'NONE',  ( -1.050000000000000000, -2.799999999999999400, -12.38000000000000300 ) ) ;
#8520 = PRESENTATION_STYLE_ASSIGNMENT (( #4169 ) ) ;
#8521 = AXIS2_PLACEMENT_3D ( 'NONE', #6096, #1019, #6952 ) ;
#8522 = FILL_AREA_STYLE_COLOUR ( '', #6424 ) ;
#8523 = COLOUR_RGB ( '',0.7960784313725489700, 0.8235294117647058400, 0.9372549019607843100 ) ;
#8524 = SURFACE_SIDE_STYLE ('',( #8223 ) ) ;
#8525 = FILL_AREA_STYLE_COLOUR ( '', #3618 ) ;
#8526 = DIRECTION ( 'NONE',  ( -0.7071067811865477900, 0.0000000000000000000, -0.7071067811865473500 ) ) ;
#8527 = SURFACE_STYLE_USAGE ( .BOTH. , #2626 ) ;
#8528 = VECTOR ( 'NONE', #9504, 1000.000000000000000 ) ;
#8529 = AXIS2_PLACEMENT_3D ( 'NONE', #3561, #9440, #4415 ) ;
#8530 = LINE ( 'NONE', #8145, #4055 ) ;
#8531 = DIRECTION ( 'NONE',  ( -1.000000000000000000, 0.0000000000000000000, -0.0000000000000000000 ) ) ;
#8532 = CARTESIAN_POINT ( 'NONE',  ( 1.490000000000000000, -2.799999999999999400, -9.840000000000001600 ) ) ;
#8533 = EDGE_CURVE ( 'NONE', #4337, #4744, #4609, .T. ) ;
#8534 = SURFACE_STYLE_FILL_AREA ( #5028 ) ;
#8535 = VERTEX_POINT ( 'NONE', #8950 ) ;
#8536 = COLOUR_RGB ( '',0.7921568627450980000, 0.8196078431372548800, 0.9333333333333333500 ) ;
#8537 = STYLED_ITEM ( 'NONE', ( #1364 ), #3032 ) ;
#8538 = DIRECTION ( 'NONE',  ( 0.0000000000000000000, 1.000000000000000000, 0.0000000000000000000 ) ) ;
#8539 = PRESENTATION_LAYER_ASSIGNMENT (  '', '', ( #7423 ) ) ;
#8540 = PRESENTATION_STYLE_ASSIGNMENT (( #8905 ) ) ;
#8541 = CARTESIAN_POINT ( 'NONE',  ( -1.590000000000000300, -2.799999999999999400, -2.760000000000000200 ) ) ;
#8542 = EDGE_CURVE ( 'NONE', #5306, #786, #8795, .T. ) ;
#8543 = ORIENTED_EDGE ( 'NONE', *, *, #9110, .F. ) ;
#8544 = EDGE_CURVE ( 'NONE', #10984, #5955, #44, .T. ) ;
#8545 = CARTESIAN_POINT ( 'NONE',  ( -0.9499999999999999600, -2.799999999999999400, -10.38000000000000100 ) ) ;
#8546 = EDGE_CURVE ( 'NONE', #7869, #10555, #8530, .T. ) ;
#8547 = UNCERTAINTY_MEASURE_WITH_UNIT (LENGTH_MEASURE( 1.000000000000000100E-005 ), #9892, 'distance_accuracy_value', 'NONE');
#8548 = SURFACE_STYLE_USAGE ( .BOTH. , #2638 ) ;
#8549 = MANIFOLD_SOLID_BREP ( 'Boss-Extrude2[2]', #8080 ) ;
#8550 = SURFACE_SIDE_STYLE ('',( #8141 ) ) ;
#8551 = DIRECTION ( 'NONE',  ( -0.0000000000000000000, -0.0000000000000000000, 1.000000000000000000 ) ) ;
#8552 = LINE ( 'NONE', #2024, #3706 ) ;
#8553 =( NAMED_UNIT ( * ) SI_UNIT ( $, .STERADIAN. ) SOLID_ANGLE_UNIT ( ) );
#8554 = ADVANCED_FACE ( 'NONE', ( #3258 ), #2264, .F. ) ;
#8555 = ORIENTED_EDGE ( 'NONE', *, *, #9812, .T. ) ;
#8556 = PLANE ( 'NONE',  #89 ) ;
#8557 =( NAMED_UNIT ( * ) SI_UNIT ( $, .STERADIAN. ) SOLID_ANGLE_UNIT ( ) );
#8558 = ORIENTED_EDGE ( 'NONE', *, *, #824, .F. ) ;
#8559 = DIRECTION ( 'NONE',  ( 0.7071067811865489100, 0.0000000000000000000, 0.7071067811865461300 ) ) ;
#8560 = ORIENTED_EDGE ( 'NONE', *, *, #5613, .F. ) ;
#8561 = CARTESIAN_POINT ( 'NONE',  ( 2.140000000000001500, 0.0000000000000000000, -8.890000000000000600 ) ) ;
#8562 = FILL_AREA_STYLE ('',( #7658 ) ) ;
#8563 = EDGE_CURVE ( 'NONE', #4574, #3353, #4725, .T. ) ;
#8564 = PRODUCT ( '2x9', '2x9', '', ( #8134 ) ) ;
#8565 = VECTOR ( 'NONE', #4537, 1000.000000000000000 ) ;
#8566 = DIRECTION ( 'NONE',  ( 1.000000000000000000, 0.0000000000000000000, 1.232047923278982000E-016 ) ) ;
#8567 = MECHANICAL_DESIGN_GEOMETRIC_PRESENTATION_REPRESENTATION (  '', ( #6905 ), #9138 ) ;
#8568 = VECTOR ( 'NONE', #4488, 1000.000000000000000 ) ;
#8569 = COLOUR_RGB ( '',0.0000000000000000000, 0.003921568627450980300, 0.09019607843137254800 ) ;
#8570 = STYLED_ITEM ( 'NONE', ( #8971 ), #10680 ) ;
#8571 = ORIENTED_EDGE ( 'NONE', *, *, #1707, .F. ) ;
#8572 =( GEOMETRIC_REPRESENTATION_CONTEXT ( 3 ) GLOBAL_UNCERTAINTY_ASSIGNED_CONTEXT ( ( #10581 ) ) GLOBAL_UNIT_ASSIGNED_CONTEXT ( ( #6343, #1270, #7203 ) ) REPRESENTATION_CONTEXT ( 'NONE', 'WORKASPACE' ) );
#8573 = CARTESIAN_POINT ( 'NONE',  ( 2.540000000000000900, 1.700000000000000000, -5.950000000000001100 ) ) ;
#8574 =( NAMED_UNIT ( * ) SI_UNIT ( $, .STERADIAN. ) SOLID_ANGLE_UNIT ( ) );
#8575 = FILL_AREA_STYLE ('',( #7753 ) ) ;
#8576 = EDGE_CURVE ( 'NONE', #5955, #7965, #184, .T. ) ;
#8577 = SURFACE_STYLE_FILL_AREA ( #5822 ) ;
#8578 = SURFACE_STYLE_FILL_AREA ( #4730 ) ;
#8579 = ORIENTED_EDGE ( 'NONE', *, *, #10389, .F. ) ;
#8580 = CARTESIAN_POINT ( 'NONE',  ( -1.590000000000000300, -2.799999999999999400, -2.760000000000000200 ) ) ;
#8581 = STYLED_ITEM ( 'NONE', ( #4795 ), #7304 ) ;
#8582 = CARTESIAN_POINT ( 'NONE',  ( -0.9499999999999999600, 11.70000000000000100, -0.2199999999999999700 ) ) ;
#8583 = EDGE_LOOP ( 'NONE', ( #9599, #2080, #8599, #1577 ) ) ;
#8584 = SURFACE_STYLE_USAGE ( .BOTH. , #2696 ) ;
#8585 = ORIENTED_EDGE ( 'NONE', *, *, #6175, .T. ) ;
#8586 = COLOUR_RGB ( '',0.0000000000000000000, 0.003921568627450980300, 0.09019607843137254800 ) ;
#8587 = AXIS2_PLACEMENT_3D ( 'NONE', #1277, #7209, #2119 ) ;
#8588 = PRESENTATION_STYLE_ASSIGNMENT (( #3329 ) ) ;
#8589 = DIRECTION ( 'NONE',  ( 0.7071067811865474600, 0.0000000000000000000, 0.7071067811865474600 ) ) ;
#8590 = EDGE_LOOP ( 'NONE', ( #4262, #5828, #3849, #247 ) ) ;
#8591 = SURFACE_STYLE_FILL_AREA ( #1632 ) ;
#8592 = PRESENTATION_STYLE_ASSIGNMENT (( #2848 ) ) ;
#8593 = SURFACE_STYLE_FILL_AREA ( #9044 ) ;
#8594 = AXIS2_PLACEMENT_3D ( 'NONE', #9424, #4397, #10282 ) ;
#8595 = DIRECTION ( 'NONE',  ( -0.7372346670543746800, -0.0000000000000000000, 0.6756367705307528800 ) ) ;
#8596 =( GEOMETRIC_REPRESENTATION_CONTEXT ( 3 ) GLOBAL_UNCERTAINTY_ASSIGNED_CONTEXT ( ( #7689 ) ) GLOBAL_UNIT_ASSIGNED_CONTEXT ( ( #1481, #7398, #2323 ) ) REPRESENTATION_CONTEXT ( 'NONE', 'WORKASPACE' ) );
#8597 =( NAMED_UNIT ( * ) PLANE_ANGLE_UNIT ( ) SI_UNIT ( $, .RADIAN. ) );
#8598 = CARTESIAN_POINT ( 'NONE',  ( -2.539999999999999600, 1.700000000000000000, -6.783421052631577900 ) ) ;
#8599 = ORIENTED_EDGE ( 'NONE', *, *, #98, .F. ) ;
#8600 = FILL_AREA_STYLE ('',( #7781 ) ) ;
#8601 = DIRECTION ( 'NONE',  ( -1.000000000000000000, 0.0000000000000000000, 0.0000000000000000000 ) ) ;
#8602 = COLOUR_RGB ( '',0.7960784313725489700, 0.8235294117647058400, 0.9372549019607843100 ) ;
#8603 = CARTESIAN_POINT ( 'NONE',  ( -0.9499999999999999600, -2.799999999999999400, -2.319999999999999800 ) ) ;
#8604 = SURFACE_SIDE_STYLE ('',( #4866 ) ) ;
#8605 = FACE_OUTER_BOUND ( 'NONE', #355, .T. ) ;
#8606 = EDGE_LOOP ( 'NONE', ( #322, #1997, #6403, #4729 ) ) ;
#8607 = ORIENTED_EDGE ( 'NONE', *, *, #2761, .T. ) ;
#8608 = VECTOR ( 'NONE', #6509, 1000.000000000000000 ) ;
#8609 = PRESENTATION_LAYER_ASSIGNMENT (  '', '', ( #7486 ) ) ;
#8610 = VECTOR ( 'NONE', #8491, 1000.000000000000000 ) ;
#8611 = ADVANCED_FACE ( 'NONE', ( #4467 ), #9062, .T. ) ;
#8612 = UNCERTAINTY_MEASURE_WITH_UNIT (LENGTH_MEASURE( 1.000000000000000100E-005 ), #463, 'distance_accuracy_value', 'NONE');
#8613 = ORIENTED_EDGE ( 'NONE', *, *, #5121, .F. ) ;
#8614 = ORIENTED_EDGE ( 'NONE', *, *, #10638, .F. ) ;
#8615 = UNCERTAINTY_MEASURE_WITH_UNIT (LENGTH_MEASURE( 1.000000000000000100E-005 ), #260, 'distance_accuracy_value', 'NONE');
#8616 = CARTESIAN_POINT ( 'NONE',  ( -2.539999999999999600, 0.0000000000000000000, -16.94342105263157800 ) ) ;
#8617 = CARTESIAN_POINT ( 'NONE',  ( 2.540000000000000900, 1.700000000000000000, -21.19000000000000100 ) ) ;
#8618 = VERTEX_POINT ( 'NONE', #4928 ) ;
#8619 = ORIENTED_EDGE ( 'NONE', *, *, #1325, .T. ) ;
#8620 = SURFACE_SIDE_STYLE ('',( #4935 ) ) ;
#8621 = SURFACE_SIDE_STYLE ('',( #6025 ) ) ;
#8622 = ADVANCED_FACE ( 'NONE', ( #1388 ), #4057, .T. ) ;
#8623 = SURFACE_SIDE_STYLE ('',( #1143 ) ) ;
#8624 = EDGE_CURVE ( 'NONE', #5471, #1087, #567, .T. ) ;
#8625 = SURFACE_SIDE_STYLE ('',( #308 ) ) ;
#8626 =( NAMED_UNIT ( * ) SI_UNIT ( $, .STERADIAN. ) SOLID_ANGLE_UNIT ( ) );
#8627 = SURFACE_SIDE_STYLE ('',( #3170 ) ) ;
#8628 =( NAMED_UNIT ( * ) PLANE_ANGLE_UNIT ( ) SI_UNIT ( $, .RADIAN. ) );
#8629 = EDGE_CURVE ( 'NONE', #8883, #5720, #2851, .T. ) ;
#8630 = VECTOR ( 'NONE', #6735, 999.9999999999998900 ) ;
#8631 =( GEOMETRIC_REPRESENTATION_CONTEXT ( 3 ) GLOBAL_UNCERTAINTY_ASSIGNED_CONTEXT ( ( #5343 ) ) GLOBAL_UNIT_ASSIGNED_CONTEXT ( ( #5710, #605, #6566 ) ) REPRESENTATION_CONTEXT ( 'NONE', 'WORKASPACE' ) );
#8632 = DIRECTION ( 'NONE',  ( 1.000000000000000000, 0.0000000000000000000, 1.232047923278982000E-016 ) ) ;
#8633 = VECTOR ( 'NONE', #1984, 1000.000000000000000 ) ;
#8634 = FACE_OUTER_BOUND ( 'NONE', #10059, .T. ) ;
#8635 = FILL_AREA_STYLE_COLOUR ( '', #6822 ) ;
#8636 = PLANE ( 'NONE',  #7989 ) ;
#8637 = FILL_AREA_STYLE ('',( #7814 ) ) ;
#8638 = STYLED_ITEM ( 'NONE', ( #10332 ), #10275 ) ;
#8639 = CARTESIAN_POINT ( 'NONE',  ( 0.9499999999999999600, -2.799999999999999400, -15.45999999999999900 ) ) ;
#8640 = PRESENTATION_STYLE_ASSIGNMENT (( #545 ) ) ;
#8641 = DIRECTION ( 'NONE',  ( 0.7071067811865477900, 0.0000000000000000000, -0.7071067811865473500 ) ) ;
#8642 = LINE ( 'NONE', #1360, #4170 ) ;
#8643 = LINE ( 'NONE', #913, #10900 ) ;
#8644 = FACE_OUTER_BOUND ( 'NONE', #4087, .T. ) ;
#8645 = PLANE ( 'NONE',  #10994 ) ;
#8646 = VECTOR ( 'NONE', #10168, 999.9999999999998900 ) ;
#8647 =( NAMED_UNIT ( * ) SI_UNIT ( $, .STERADIAN. ) SOLID_ANGLE_UNIT ( ) );
#8648 = SURFACE_SIDE_STYLE ('',( #8511 ) ) ;
#8649 = PRESENTATION_LAYER_ASSIGNMENT (  '', '', ( #7532 ) ) ;
#8650 = LINE ( 'NONE', #2839, #4178 ) ;
#8651 = VECTOR ( 'NONE', #7686, 1000.000000000000100 ) ;
#8652 = VECTOR ( 'NONE', #10946, 1000.000000000000000 ) ;
#8653 = DIRECTION ( 'NONE',  ( -0.0000000000000000000, -0.0000000000000000000, 1.000000000000000000 ) ) ;
#8654 = FILL_AREA_STYLE_COLOUR ( '', #5248 ) ;
#8655 = AXIS2_PLACEMENT_3D ( 'NONE', #4785, #10675, #5635 ) ;
#8656 = VECTOR ( 'NONE', #939, 1000.000000000000000 ) ;
#8657 = DIRECTION ( 'NONE',  ( 0.7071067811865477900, 0.0000000000000000000, -0.7071067811865473500 ) ) ;
#8658 = CARTESIAN_POINT ( 'NONE',  ( -1.590000000000000300, 11.70000000000000100, -20.10000000000000100 ) ) ;
#8659 = ADVANCED_FACE ( 'NONE', ( #7352 ), #2411, .T. ) ;
#8660 = FILL_AREA_STYLE ('',( #1907 ) ) ;
#8661 = STYLED_ITEM ( 'NONE', ( #7741 ), #9603 ) ;
#8662 = FACE_OUTER_BOUND ( 'NONE', #2353, .T. ) ;
#8663 = DIRECTION ( 'NONE',  ( -1.000000000000000000, -0.0000000000000000000, -1.232047923278982200E-016 ) ) ;
#8664 = LINE ( 'NONE', #4978, #10927 ) ;
#8665 = FILL_AREA_STYLE ('',( #192 ) ) ;
#8666 = ORIENTED_EDGE ( 'NONE', *, *, #8058, .F. ) ;
#8667 = VECTOR ( 'NONE', #10369, 1000.000000000000000 ) ;
#8668 = ORIENTED_EDGE ( 'NONE', *, *, #8830, .F. ) ;
#8669 = PRESENTATION_LAYER_ASSIGNMENT (  '', '', ( #7547 ) ) ;
#8670 = FILL_AREA_STYLE ('',( #3647 ) ) ;
#8671 = DIRECTION ( 'NONE',  ( -0.0000000000000000000, -1.000000000000000000, -0.0000000000000000000 ) ) ;
#8672 =( GEOMETRIC_REPRESENTATION_CONTEXT ( 3 ) GLOBAL_UNCERTAINTY_ASSIGNED_CONTEXT ( ( #8756 ) ) GLOBAL_UNIT_ASSIGNED_CONTEXT ( ( #1399, #7324, #2237 ) ) REPRESENTATION_CONTEXT ( 'NONE', 'WORKASPACE' ) );
#8673 = VERTEX_POINT ( 'NONE', #2446 ) ;
#8674 = ORIENTED_EDGE ( 'NONE', *, *, #10070, .T. ) ;
#8675 = SURFACE_SIDE_STYLE ('',( #3163 ) ) ;
#8676 = CARTESIAN_POINT ( 'NONE',  ( 1.050000000000000000, -2.799999999999999400, -14.92000000000000200 ) ) ;
#8677 = CARTESIAN_POINT ( 'NONE',  ( 1.490000000000000000, 11.70000000000000100, -12.38000000000000300 ) ) ;
#8678 = FACE_OUTER_BOUND ( 'NONE', #9039, .T. ) ;
#8679 = ORIENTED_EDGE ( 'NONE', *, *, #7015, .F. ) ;
#8680 = ADVANCED_FACE ( 'NONE', ( #1772 ), #7523, .F. ) ;
#8681 = LINE ( 'NONE', #378, #8409 ) ;
#8682 = DIRECTION ( 'NONE',  ( -0.7071067811865489100, -0.0000000000000000000, -0.7071067811865461300 ) ) ;
#8683 = LINE ( 'NONE', #3846, #6462 ) ;
#8684 = VERTEX_POINT ( 'NONE', #7487 ) ;
#8685 = EDGE_CURVE ( 'NONE', #2612, #5297, #3247, .T. ) ;
#8686 = MECHANICAL_DESIGN_GEOMETRIC_PRESENTATION_REPRESENTATION (  '', ( #7018 ), #9231 ) ;
#8687 =( NAMED_UNIT ( * ) SI_UNIT ( $, .STERADIAN. ) SOLID_ANGLE_UNIT ( ) );
#8688 = DIRECTION ( 'NONE',  ( -0.7372346670543746800, -0.0000000000000000000, 0.6756367705307528800 ) ) ;
#8689 = DIRECTION ( 'NONE',  ( 0.7071067811865486800, 0.0000000000000000000, 0.7071067811865464600 ) ) ;
#8690 = DIRECTION ( 'NONE',  ( -0.7071067811865482400, 0.0000000000000000000, -0.7071067811865469100 ) ) ;
#8691 = EDGE_CURVE ( 'NONE', #9198, #1151, #995, .T. ) ;
#8692 = ORIENTED_EDGE ( 'NONE', *, *, #2709, .T. ) ;
#8693 = SURFACE_STYLE_USAGE ( .BOTH. , #2792 ) ;
#8694 = CARTESIAN_POINT ( 'NONE',  ( -2.539999999999999600, 1.700000000000000000, 0.8365789473684214200 ) ) ;
#8695 = CARTESIAN_POINT ( 'NONE',  ( 1.050000000000000000, 11.70000000000000100, -7.940000000000001300 ) ) ;
#8696 = PRESENTATION_LAYER_ASSIGNMENT (  '', '', ( #7575 ) ) ;
#8697 = LINE ( 'NONE', #7588, #1960 ) ;
#8698 = VERTEX_POINT ( 'NONE', #10096 ) ;
#8699 = DIRECTION ( 'NONE',  ( 0.0000000000000000000, 1.000000000000000000, 0.0000000000000000000 ) ) ;
#8700 = SURFACE_SIDE_STYLE ('',( #2268 ) ) ;
#8701 = EDGE_LOOP ( 'NONE', ( #3299, #10295, #3731, #946 ) ) ;
#8702 = CARTESIAN_POINT ( 'NONE',  ( -1.590000000000000300, 11.70000000000000100, -12.48000000000000200 ) ) ;
#8703 = ORIENTED_EDGE ( 'NONE', *, *, #8397, .F. ) ;
#8704 = DIRECTION ( 'NONE',  ( -0.0000000000000000000, -0.0000000000000000000, -1.000000000000000000 ) ) ;
#8705 = CARTESIAN_POINT ( 'NONE',  ( 0.0000000000000000000, -2.799999999999999400, -12.70000000000000100 ) ) ;
#8706 = LINE ( 'NONE', #10220, #10967 ) ;
#8707 = FACE_OUTER_BOUND ( 'NONE', #396, .T. ) ;
#8708 = DIRECTION ( 'NONE',  ( 0.0000000000000000000, 0.0000000000000000000, -1.000000000000000000 ) ) ;
#8709 = SURFACE_SIDE_STYLE ('',( #10725 ) ) ;
#8710 = ORIENTED_EDGE ( 'NONE', *, *, #1978, .F. ) ;
#8711 = FILL_AREA_STYLE ('',( #6893 ) ) ;
#8712 = PRESENTATION_LAYER_ASSIGNMENT (  '', '', ( #7600 ) ) ;
#8713 = ORIENTED_EDGE ( 'NONE', *, *, #1668, .F. ) ;
#8714 = VERTEX_POINT ( 'NONE', #2484 ) ;
#8715 = LINE ( 'NONE', #9774, #10975 ) ;
#8716 = MECHANICAL_DESIGN_GEOMETRIC_PRESENTATION_REPRESENTATION (  '', ( #7055 ), #9269 ) ;
#8717 = MECHANICAL_DESIGN_GEOMETRIC_PRESENTATION_REPRESENTATION (  '', ( #7057 ), #9272 ) ;
#8718 = ORIENTED_EDGE ( 'NONE', *, *, #692, .F. ) ;
#8719 = FACE_OUTER_BOUND ( 'NONE', #9418, .T. ) ;
#8720 = SURFACE_STYLE_USAGE ( .BOTH. , #2826 ) ;
#8721 = LINE ( 'NONE', #1544, #2243 ) ;
#8722 = SURFACE_SIDE_STYLE ('',( #10498 ) ) ;
#8723 = EDGE_CURVE ( 'NONE', #3487, #2654, #2979, .T. ) ;
#8724 = ORIENTED_EDGE ( 'NONE', *, *, #8195, .F. ) ;
#8725 = CARTESIAN_POINT ( 'NONE',  ( 2.140000000000001500, 1.700000000000000000, 1.270000000000000000 ) ) ;
#8726 = LINE ( 'NONE', #198, #1710 ) ;
#8727 = STYLED_ITEM ( 'NONE', ( #4874 ), #9205 ) ;
#8728 = ADVANCED_FACE ( 'NONE', ( #5513 ), #2527, .T. ) ;
#8729 = CARTESIAN_POINT ( 'NONE',  ( 2.540000000000000900, 0.0000000000000000000, -3.410000000000000600 ) ) ;
#8730 = ORIENTED_EDGE ( 'NONE', *, *, #1201, .F. ) ;
#8731 = FACE_OUTER_BOUND ( 'NONE', #1225, .T. ) ;
#8732 = SURFACE_STYLE_FILL_AREA ( #9586 ) ;
#8733 =( GEOMETRIC_REPRESENTATION_CONTEXT ( 3 ) GLOBAL_UNCERTAINTY_ASSIGNED_CONTEXT ( ( #1438 ) ) GLOBAL_UNIT_ASSIGNED_CONTEXT ( ( #5906, #822, #6765 ) ) REPRESENTATION_CONTEXT ( 'NONE', 'WORKASPACE' ) );
#8734 = VERTEX_POINT ( 'NONE', #6763 ) ;
#8735 = STYLED_ITEM ( 'NONE', ( #5265 ), #8728 ) ;
#8736 =( GEOMETRIC_REPRESENTATION_CONTEXT ( 3 ) GLOBAL_UNCERTAINTY_ASSIGNED_CONTEXT ( ( #6477 ) ) GLOBAL_UNIT_ASSIGNED_CONTEXT ( ( #68, #6039, #945 ) ) REPRESENTATION_CONTEXT ( 'NONE', 'WORKASPACE' ) );
#8737 = VERTEX_POINT ( 'NONE', #2564 ) ;
#8738 = DIRECTION ( 'NONE',  ( 0.0000000000000000000, 0.0000000000000000000, 1.000000000000000000 ) ) ;
#8739 = PLANE ( 'NONE',  #10960 ) ;
#8740 =( GEOMETRIC_REPRESENTATION_CONTEXT ( 3 ) GLOBAL_UNCERTAINTY_ASSIGNED_CONTEXT ( ( #7475 ) ) GLOBAL_UNIT_ASSIGNED_CONTEXT ( ( #696, #6646, #1550 ) ) REPRESENTATION_CONTEXT ( 'NONE', 'WORKASPACE' ) );
#8741 =( NAMED_UNIT ( * ) PLANE_ANGLE_UNIT ( ) SI_UNIT ( $, .RADIAN. ) );
#8742 = ORIENTED_EDGE ( 'NONE', *, *, #10505, .F. ) ;
#8743 = VERTEX_POINT ( 'NONE', #7596 ) ;
#8744 =( NAMED_UNIT ( * ) PLANE_ANGLE_UNIT ( ) SI_UNIT ( $, .RADIAN. ) );
#8745 = CARTESIAN_POINT ( 'NONE',  ( -1.590000000000000300, -2.799999999999999400, -12.92000000000000200 ) ) ;
#8746 =( NAMED_UNIT ( * ) SI_UNIT ( $, .STERADIAN. ) SOLID_ANGLE_UNIT ( ) );
#8747 = UNCERTAINTY_MEASURE_WITH_UNIT (LENGTH_MEASURE( 1.000000000000000100E-005 ), #6563, 'distance_accuracy_value', 'NONE');
#8748 = EDGE_CURVE ( 'NONE', #3685, #9228, #2170, .T. ) ;
#8749 = ORIENTED_EDGE ( 'NONE', *, *, #9460, .F. ) ;
#8750 =( LENGTH_UNIT ( ) NAMED_UNIT ( * ) SI_UNIT ( .MILLI., .METRE. ) );
#8751 = DIRECTION ( 'NONE',  ( 0.0000000000000000000, 0.0000000000000000000, 1.000000000000000000 ) ) ;
#8752 = FILL_AREA_STYLE_COLOUR ( '', #10105 ) ;
#8753 = ORIENTED_EDGE ( 'NONE', *, *, #8563, .T. ) ;
#8754 = DIRECTION ( 'NONE',  ( -0.7071067811865477900, -0.0000000000000000000, -0.7071067811865473500 ) ) ;
#8755 = COLOUR_RGB ( '',0.7960784313725489700, 0.8235294117647058400, 0.9372549019607843100 ) ;
#8756 = UNCERTAINTY_MEASURE_WITH_UNIT (LENGTH_MEASURE( 1.000000000000000100E-005 ), #1399, 'distance_accuracy_value', 'NONE');
#8757 = AXIS2_PLACEMENT_3D ( 'NONE', #39, #6009, #914 ) ;
#8758 = COLOUR_RGB ( '',0.7960784313725489700, 0.8235294117647058400, 0.9372549019607843100 ) ;
#8759 = EDGE_CURVE ( 'NONE', #2552, #8883, #10907, .T. ) ;
#8760 = VECTOR ( 'NONE', #9929, 1000.000000000000000 ) ;
#8761 = EDGE_CURVE ( 'NONE', #9663, #7064, #4455, .T. ) ;
#8762 = VERTEX_POINT ( 'NONE', #889 ) ;
#8763 =( GEOMETRIC_REPRESENTATION_CONTEXT ( 3 ) GLOBAL_UNCERTAINTY_ASSIGNED_CONTEXT ( ( #53 ) ) GLOBAL_UNIT_ASSIGNED_CONTEXT ( ( #9061, #4021, #9905 ) ) REPRESENTATION_CONTEXT ( 'NONE', 'WORKASPACE' ) );
#8764 = PRESENTATION_STYLE_ASSIGNMENT (( #6914 ) ) ;
#8765 = DIRECTION ( 'NONE',  ( 0.0000000000000000000, 1.000000000000000000, 0.0000000000000000000 ) ) ;
#8766 = DIRECTION ( 'NONE',  ( -0.7372346670543746800, -0.0000000000000000000, 0.6756367705307528800 ) ) ;
#8767 = SURFACE_STYLE_FILL_AREA ( #833 ) ;
#8768 = ORIENTED_EDGE ( 'NONE', *, *, #1776, .T. ) ;
#8769 = DIRECTION ( 'NONE',  ( -0.0000000000000000000, -0.0000000000000000000, -1.000000000000000000 ) ) ;
#8770 =( NAMED_UNIT ( * ) SI_UNIT ( $, .STERADIAN. ) SOLID_ANGLE_UNIT ( ) );
#8771 = VECTOR ( 'NONE', #1777, 1000.000000000000000 ) ;
#8772 = LINE ( 'NONE', #4420, #6562 ) ;
#8773 = FILL_AREA_STYLE ('',( #6251 ) ) ;
#8774 =( NAMED_UNIT ( * ) SI_UNIT ( $, .STERADIAN. ) SOLID_ANGLE_UNIT ( ) );
#8775 = EDGE_CURVE ( 'NONE', #3295, #3261, #6163, .T. ) ;
#8776 = CARTESIAN_POINT ( 'NONE',  ( -1.050000000000000000, 11.70000000000000100, -4.760000000000000700 ) ) ;
#8777 = COLOUR_RGB ( '',0.7960784313725489700, 0.8235294117647058400, 0.9372549019607843100 ) ;
#8778 = DIRECTION ( 'NONE',  ( -0.0000000000000000000, -0.0000000000000000000, -1.000000000000000000 ) ) ;
#8779 = CARTESIAN_POINT ( 'NONE',  ( -1.590000000000000300, -2.799999999999999400, -12.92000000000000200 ) ) ;
#8780 = PRESENTATION_LAYER_ASSIGNMENT (  '', '', ( #7664 ) ) ;
#8781 = LINE ( 'NONE', #5170, #8514 ) ;
#8782 = FILL_AREA_STYLE ('',( #8813 ) ) ;
#8783 = CARTESIAN_POINT ( 'NONE',  ( -2.540000000000000000, 0.0000000000000000000, -18.68342105263158000 ) ) ;
#8784 = PLANE ( 'NONE',  #7666 ) ;
#8785 = SURFACE_SIDE_STYLE ('',( #651 ) ) ;
#8786 = MECHANICAL_DESIGN_GEOMETRIC_PRESENTATION_REPRESENTATION (  '', ( #7115 ), #9339 ) ;
#8787 = ADVANCED_FACE ( 'NONE', ( #4176 ), #1738, .F. ) ;
#8788 = CARTESIAN_POINT ( 'NONE',  ( -0.9499999999999999600, -2.799999999999999400, -0.2199999999999999700 ) ) ;
#8789 = VECTOR ( 'NONE', #2114, 1000.000000000000000 ) ;
#8790 = VECTOR ( 'NONE', #6944, 1000.000000000000100 ) ;
#8791 = LINE ( 'NONE', #4183, #2315 ) ;
#8792 = EDGE_CURVE ( 'NONE', #9807, #9369, #840, .T. ) ;
#8793 =( LENGTH_UNIT ( ) NAMED_UNIT ( * ) SI_UNIT ( .MILLI., .METRE. ) );
#8794 = CARTESIAN_POINT ( 'NONE',  ( 2.540000000000000900, 1.700000000000000000, -21.19000000000000100 ) ) ;
#8795 = LINE ( 'NONE', #10665, #10796 ) ;
#8796 = ORIENTED_EDGE ( 'NONE', *, *, #4621, .T. ) ;
#8797 = SURFACE_STYLE_USAGE ( .BOTH. , #2900 ) ;
#8798 = CARTESIAN_POINT ( 'NONE',  ( 1.050000000000000000, 11.70000000000000100, 0.3199999999999999000 ) ) ;
#8799 = STYLED_ITEM ( 'NONE', ( #10918 ), #8342 ) ;
#8800 = FILL_AREA_STYLE ('',( #2051 ) ) ;
#8801 = STYLED_ITEM ( 'NONE', ( #1849 ), #1919 ) ;
#8802 = ORIENTED_EDGE ( 'NONE', *, *, #5686, .T. ) ;
#8803 = UNCERTAINTY_MEASURE_WITH_UNIT (LENGTH_MEASURE( 1.000000000000000100E-005 ), #10542, 'distance_accuracy_value', 'NONE');
#8804 = CARTESIAN_POINT ( 'NONE',  ( 0.9499999999999999600, 11.70000000000000100, -10.38000000000000100 ) ) ;
#8805 = UNCERTAINTY_MEASURE_WITH_UNIT (LENGTH_MEASURE( 1.000000000000000100E-005 ), #2437, 'distance_accuracy_value', 'NONE');
#8806 = ORIENTED_EDGE ( 'NONE', *, *, #2566, .F. ) ;
#8807 = DIRECTION ( 'NONE',  ( 0.0000000000000000000, -0.0000000000000000000, 1.000000000000000000 ) ) ;
#8808 = AXIS2_PLACEMENT_3D ( 'NONE', #8497, #3465, #9336 ) ;
#8809 = DIRECTION ( 'NONE',  ( -1.000000000000000000, 0.0000000000000000000, -1.232047923278982000E-016 ) ) ;
#8810 = DIRECTION ( 'NONE',  ( -0.7071067811865477900, -0.0000000000000000000, -0.7071067811865473500 ) ) ;
#8811 = MECHANICAL_DESIGN_GEOMETRIC_PRESENTATION_REPRESENTATION (  '', ( #7143 ), #9373 ) ;
#8812 = VERTEX_POINT ( 'NONE', #9342 ) ;
#8813 = FILL_AREA_STYLE_COLOUR ( '', #4504 ) ;
#8814 = PLANE ( 'NONE',  #7223 ) ;
#8815 =( LENGTH_UNIT ( ) NAMED_UNIT ( * ) SI_UNIT ( .MILLI., .METRE. ) );
#8816 = DIRECTION ( 'NONE',  ( -1.000000000000000000, -0.0000000000000000000, -1.232047923278982200E-016 ) ) ;
#8817 = SURFACE_SIDE_STYLE ('',( #9047 ) ) ;
#8818 = UNCERTAINTY_MEASURE_WITH_UNIT (LENGTH_MEASURE( 1.000000000000000100E-005 ), #5209, 'distance_accuracy_value', 'NONE');
#8819 =( NAMED_UNIT ( * ) PLANE_ANGLE_UNIT ( ) SI_UNIT ( $, .RADIAN. ) );
#8820 = VECTOR ( 'NONE', #5599, 1000.000000000000000 ) ;
#8821 = EDGE_CURVE ( 'NONE', #4199, #2464, #7342, .T. ) ;
#8822 = SURFACE_STYLE_FILL_AREA ( #10235 ) ;
#8823 = ORIENTED_EDGE ( 'NONE', *, *, #6523, .T. ) ;
#8824 = PRESENTATION_LAYER_ASSIGNMENT (  '', '', ( #7719 ) ) ;
#8825 = ORIENTED_EDGE ( 'NONE', *, *, #10490, .F. ) ;
#8826 = CARTESIAN_POINT ( 'NONE',  ( -1.590000000000000300, 11.70000000000000100, -7.839999999999999900 ) ) ;
#8827 = CARTESIAN_POINT ( 'NONE',  ( -1.590000000000000300, -2.799999999999999400, -7.839999999999999900 ) ) ;
#8828 = LINE ( 'NONE', #1952, #8565 ) ;
#8829 = ORIENTED_EDGE ( 'NONE', *, *, #4117, .F. ) ;
#8830 = EDGE_CURVE ( 'NONE', #6091, #649, #3114, .T. ) ;
#8831 = LINE ( 'NONE', #1909, #90 ) ;
#8833 = DIRECTION ( 'NONE',  ( 0.0000000000000000000, 1.000000000000000000, 0.0000000000000000000 ) ) ;
#8832 = SURFACE_STYLE_FILL_AREA ( #7478 ) ;
#8834 = FILL_AREA_STYLE_COLOUR ( '', #2322 ) ;
#8835 = ADVANCED_FACE ( 'NONE', ( #9294 ), #1809, .F. ) ;
#8836 = ORIENTED_EDGE ( 'NONE', *, *, #10754, .F. ) ;
#8837 = EDGE_LOOP ( 'NONE', ( #2791, #4196, #1908, #8823, #10751, #346, #759, #8343 ) ) ;
#8838 = VERTEX_POINT ( 'NONE', #6913 ) ;
#8839 = EDGE_CURVE ( 'NONE', #5038, #9936, #2038, .T. ) ;
#8840 =( LENGTH_UNIT ( ) NAMED_UNIT ( * ) SI_UNIT ( .MILLI., .METRE. ) );
#8841 = AXIS2_PLACEMENT_3D ( 'NONE', #4650, #10535, #5498 ) ;
#8842 = VECTOR ( 'NONE', #5733, 1000.000000000000100 ) ;
#8843 = COLOUR_RGB ( '',0.7960784313725489700, 0.8235294117647058400, 0.9372549019607843100 ) ;
#8844 =( GEOMETRIC_REPRESENTATION_CONTEXT ( 3 ) GLOBAL_UNCERTAINTY_ASSIGNED_CONTEXT ( ( #5336 ) ) GLOBAL_UNIT_ASSIGNED_CONTEXT ( ( #7116, #2031, #7948 ) ) REPRESENTATION_CONTEXT ( 'NONE', 'WORKASPACE' ) );
#8845 = DIRECTION ( 'NONE',  ( 0.7372346670543746800, 0.0000000000000000000, -0.6756367705307528800 ) ) ;
#8846 = LINE ( 'NONE', #8062, #2102 ) ;
#8847 = ORIENTED_EDGE ( 'NONE', *, *, #4005, .F. ) ;
#8848 = CARTESIAN_POINT ( 'NONE',  ( -1.590000000000000300, -2.799999999999999400, -12.92000000000000200 ) ) ;
#8849 = DIRECTION ( 'NONE',  ( 0.6782059721786389800, 0.0000000000000000000, 0.7348718659067220400 ) ) ;
#8850 = CARTESIAN_POINT ( 'NONE',  ( -1.490000000000000200, 11.70000000000000100, -4.760000000000000700 ) ) ;
#8851 = EDGE_LOOP ( 'NONE', ( #5861, #10694, #10995, #1334 ) ) ;
#8852 = DIRECTION ( 'NONE',  ( 1.000000000000000000, 0.0000000000000000000, -0.0000000000000000000 ) ) ;
#8853 = CARTESIAN_POINT ( 'NONE',  ( -1.590000000000000300, -2.799999999999999400, -10.38000000000000100 ) ) ;
#8854 = CARTESIAN_POINT ( 'NONE',  ( -2.540000000000000000, 1.700000000000000000, -13.60342105263158000 ) ) ;
#8855 = DIRECTION ( 'NONE',  ( 0.0000000000000000000, 1.000000000000000000, 0.0000000000000000000 ) ) ;
#8856 = DIRECTION ( 'NONE',  ( 0.0000000000000000000, 1.000000000000000000, 0.0000000000000000000 ) ) ;
#8857 = FACE_OUTER_BOUND ( 'NONE', #4737, .T. ) ;
#8858 = VERTEX_POINT ( 'NONE', #3583 ) ;
#8859 = VECTOR ( 'NONE', #10919, 1000.000000000000000 ) ;
#8860 = LINE ( 'NONE', #3689, #4400 ) ;
#8861 = AXIS2_PLACEMENT_3D ( 'NONE', #953, #6891, #1794 ) ;
#8862 = ORIENTED_EDGE ( 'NONE', *, *, #10246, .T. ) ;
#8863 = STYLED_ITEM ( 'NONE', ( #2070 ), #7920 ) ;
#8864 = CARTESIAN_POINT ( 'NONE',  ( 2.140000000000000100, 0.0000000000000000000, -3.810000000000000100 ) ) ;
#8865 = EDGE_LOOP ( 'NONE', ( #6777, #6940, #8404, #3379 ) ) ;
#8867 = EDGE_CURVE ( 'NONE', #1546, #3066, #4312, .T. ) ;
#8866 =( NAMED_UNIT ( * ) PLANE_ANGLE_UNIT ( ) SI_UNIT ( $, .RADIAN. ) );
#8868 = EDGE_LOOP ( 'NONE', ( #3139, #5327, #1863, #10210 ) ) ;
#8869 = DIRECTION ( 'NONE',  ( 1.000000000000000000, 0.0000000000000000000, 1.232047923278982000E-016 ) ) ;
#8870 = DIRECTION ( 'NONE',  ( -1.000000000000000000, 0.0000000000000000000, 0.0000000000000000000 ) ) ;
#8871 = ORIENTED_EDGE ( 'NONE', *, *, #4439, .T. ) ;
#8872 = CARTESIAN_POINT ( 'NONE',  ( 1.050000000000000000, -2.799999999999999400, -17.46000000000000100 ) ) ;
#8873 = COLOUR_RGB ( '',0.7960784313725489700, 0.8235294117647058400, 0.9372549019607843100 ) ;
#8874 = AXIS2_PLACEMENT_3D ( 'NONE', #9574, #4558, #10431 ) ;
#8875 = PRESENTATION_STYLE_ASSIGNMENT (( #6575 ) ) ;
#8876 = DIRECTION ( 'NONE',  ( 0.0000000000000000000, 1.000000000000000000, 0.0000000000000000000 ) ) ;
#8877 = SURFACE_STYLE_FILL_AREA ( #5855 ) ;
#8878 = MECHANICAL_DESIGN_GEOMETRIC_PRESENTATION_REPRESENTATION (  '', ( #7210 ), #9444 ) ;
#8879 = MECHANICAL_DESIGN_GEOMETRIC_PRESENTATION_REPRESENTATION (  '', ( #7779 ), #9446 ) ;
#8880 = UNCERTAINTY_MEASURE_WITH_UNIT (LENGTH_MEASURE( 1.000000000000000100E-005 ), #6325, 'distance_accuracy_value', 'NONE');
#8881 =( LENGTH_UNIT ( ) NAMED_UNIT ( * ) SI_UNIT ( .MILLI., .METRE. ) );
#8883 = VERTEX_POINT ( 'NONE', #7790 ) ;
#8882 =( LENGTH_UNIT ( ) NAMED_UNIT ( * ) SI_UNIT ( .MILLI., .METRE. ) );
#8884 = MECHANICAL_DESIGN_GEOMETRIC_PRESENTATION_REPRESENTATION (  '', ( #7213 ), #9453 ) ;
#8885 =( NAMED_UNIT ( * ) PLANE_ANGLE_UNIT ( ) SI_UNIT ( $, .RADIAN. ) );
#8886 = UNCERTAINTY_MEASURE_WITH_UNIT (LENGTH_MEASURE( 1.000000000000000100E-005 ), #5458, 'distance_accuracy_value', 'NONE');
#8887 = FACE_OUTER_BOUND ( 'NONE', #1362, .T. ) ;
#8888 = ORIENTED_EDGE ( 'NONE', *, *, #315, .T. ) ;
#8889 = DIRECTION ( 'NONE',  ( -0.7071067811865477900, 0.0000000000000000000, -0.7071067811865473500 ) ) ;
#8890 = DIRECTION ( 'NONE',  ( 1.000000000000000000, 0.0000000000000000000, 0.0000000000000000000 ) ) ;
#8891 = EDGE_CURVE ( 'NONE', #61, #2464, #10775, .T. ) ;
#8892 =( LENGTH_UNIT ( ) NAMED_UNIT ( * ) SI_UNIT ( .MILLI., .METRE. ) );
#8893 = DIRECTION ( 'NONE',  ( 0.0000000000000000000, 1.000000000000000000, 0.0000000000000000000 ) ) ;
#8894 = ADVANCED_FACE ( 'NONE', ( #10506 ), #7832, .T. ) ;
#8895 = CARTESIAN_POINT ( 'NONE',  ( -0.9499999999999999600, -2.799999999999999400, -20.54000000000000300 ) ) ;
#8896 = PRESENTATION_LAYER_ASSIGNMENT (  '', '', ( #7787 ) ) ;
#8897 =( LENGTH_UNIT ( ) NAMED_UNIT ( * ) SI_UNIT ( .MILLI., .METRE. ) );
#8898 = VECTOR ( 'NONE', #3322, 1000.000000000000100 ) ;
#8899 = SURFACE_STYLE_FILL_AREA ( #1669 ) ;
#8900 =( GEOMETRIC_REPRESENTATION_CONTEXT ( 3 ) GLOBAL_UNCERTAINTY_ASSIGNED_CONTEXT ( ( #6955 ) ) GLOBAL_UNIT_ASSIGNED_CONTEXT ( ( #4873, #10760, #5712 ) ) REPRESENTATION_CONTEXT ( 'NONE', 'WORKASPACE' ) );
#8901 = EDGE_CURVE ( 'NONE', #4941, #4101, #3007, .T. ) ;
#8902 = SURFACE_STYLE_FILL_AREA ( #307 ) ;
#8903 = EDGE_CURVE ( 'NONE', #4807, #5434, #5294, .T. ) ;
#8904 = LINE ( 'NONE', #4202, #6689 ) ;
#8905 = SURFACE_STYLE_USAGE ( .BOTH. , #3005 ) ;
#8906 = CARTESIAN_POINT ( 'NONE',  ( 2.020000000000001400, 0.0000000000000000000, 1.270000000000000000 ) ) ;
#8907 = SURFACE_STYLE_FILL_AREA ( #4860 ) ;
#8908 = COLOUR_RGB ( '',0.7960784313725489700, 0.8235294117647058400, 0.9372549019607843100 ) ;
#8909 = AXIS2_PLACEMENT_3D ( 'NONE', #9585, #4575, #10453 ) ;
#8910 = DIRECTION ( 'NONE',  ( 0.0000000000000000000, 0.0000000000000000000, 1.000000000000000000 ) ) ;
#8911 = VECTOR ( 'NONE', #1329, 1000.000000000000000 ) ;
#8912 = CARTESIAN_POINT ( 'NONE',  ( -1.490000000000000000, -2.799999999999999400, -7.940000000000001300 ) ) ;
#8913 = DIRECTION ( 'NONE',  ( 0.0000000000000000000, -0.0000000000000000000, -1.000000000000000000 ) ) ;
#8914 = DIRECTION ( 'NONE',  ( 0.0000000000000000000, 0.0000000000000000000, 1.000000000000000000 ) ) ;
#8915 = ORIENTED_EDGE ( 'NONE', *, *, #9484, .F. ) ;
#8916 = SURFACE_SIDE_STYLE ('',( #6055 ) ) ;
#8917 = VECTOR ( 'NONE', #3162, 1000.000000000000100 ) ;
#8918 = FILL_AREA_STYLE ('',( #1309 ) ) ;
#8919 = LINE ( 'NONE', #5155, #8651 ) ;
#8920 = FILL_AREA_STYLE ('',( #6401 ) ) ;
#8921 = EDGE_CURVE ( 'NONE', #2927, #8535, #9729, .T. ) ;
#8922 = LINE ( 'NONE', #3517, #4186 ) ;
#8923 = SURFACE_STYLE_USAGE ( .BOTH. , #3027 ) ;
#8924 = SURFACE_STYLE_FILL_AREA ( #10779 ) ;
#8925 = CARTESIAN_POINT ( 'NONE',  ( -2.540000000000000000, 1.700000000000000000, -3.443421052631578900 ) ) ;
#8926 = PRESENTATION_STYLE_ASSIGNMENT (( #5129 ) ) ;
#8927 = DIRECTION ( 'NONE',  ( 0.7071067811865477900, 0.0000000000000000000, -0.7071067811865473500 ) ) ;
#8928 = PRESENTATION_LAYER_ASSIGNMENT (  '', '', ( #7824 ) ) ;
#8929 = LINE ( 'NONE', #4040, #4470 ) ;
#8930 = COLOUR_RGB ( '',0.7960784313725489700, 0.8235294117647058400, 0.9372549019607843100 ) ;
#8931 = CARTESIAN_POINT ( 'NONE',  ( 1.490000000000000000, -2.799999999999999400, -12.38000000000000300 ) ) ;
#8932 = PRESENTATION_LAYER_ASSIGNMENT (  '', '', ( #7826 ) ) ;
#8933 = ORIENTED_EDGE ( 'NONE', *, *, #6915, .F. ) ;
#8934 = VECTOR ( 'NONE', #8657, 999.9999999999998900 ) ;
#8935 = ORIENTED_EDGE ( 'NONE', *, *, #4701, .F. ) ;
#8936 = EDGE_CURVE ( 'NONE', #1033, #6901, #738, .T. ) ;
#8937 = LINE ( 'NONE', #6240, #8151 ) ;
#8938 = SURFACE_STYLE_USAGE ( .BOTH. , #3040 ) ;
#8939 = DIRECTION ( 'NONE',  ( -0.7071067811865481300, 0.0000000000000000000, -0.7071067811865470200 ) ) ;
#8940 = CARTESIAN_POINT ( 'NONE',  ( -1.590000000000000300, 11.70000000000000100, -0.2200000000000002500 ) ) ;
#8941 = VERTEX_POINT ( 'NONE', #6201 ) ;
#8942 = UNCERTAINTY_MEASURE_WITH_UNIT (LENGTH_MEASURE( 1.000000000000000100E-005 ), #1949, 'distance_accuracy_value', 'NONE');
#8943 = CARTESIAN_POINT ( 'NONE',  ( 1.050000000000000000, -2.799999999999999400, -9.840000000000001600 ) ) ;
#8944 = ADVANCED_FACE ( 'NONE', ( #2745 ), #1137, .F. ) ;
#8945 = UNCERTAINTY_MEASURE_WITH_UNIT (LENGTH_MEASURE( 1.000000000000000100E-005 ), #2603, 'distance_accuracy_value', 'NONE');
#8946 = PRESENTATION_STYLE_ASSIGNMENT (( #9287 ) ) ;
#8947 =( LENGTH_UNIT ( ) NAMED_UNIT ( * ) SI_UNIT ( .MILLI., .METRE. ) );
#8948 = MECHANICAL_DESIGN_GEOMETRIC_PRESENTATION_REPRESENTATION (  '', ( #7267 ), #9514 ) ;
#8949 = SURFACE_STYLE_FILL_AREA ( #6159 ) ;
#8950 = CARTESIAN_POINT ( 'NONE',  ( -1.050000000000000000, 11.70000000000000100, -15.56000000000000000 ) ) ;
#8951 = VERTEX_POINT ( 'NONE', #5406 ) ;
#8952 = CARTESIAN_POINT ( 'NONE',  ( 2.540000000000000900, 0.0000000000000000000, -13.57000000000000200 ) ) ;
#8953 = SURFACE_SIDE_STYLE ('',( #987 ) ) ;
#8954 =( GEOMETRIC_REPRESENTATION_CONTEXT ( 3 ) GLOBAL_UNCERTAINTY_ASSIGNED_CONTEXT ( ( #748 ) ) GLOBAL_UNIT_ASSIGNED_CONTEXT ( ( #4746, #10636, #5592 ) ) REPRESENTATION_CONTEXT ( 'NONE', 'WORKASPACE' ) );
#8955 = FACE_OUTER_BOUND ( 'NONE', #6636, .T. ) ;
#8956 = VERTEX_POINT ( 'NONE', #2004 ) ;
#8957 =( GEOMETRIC_REPRESENTATION_CONTEXT ( 3 ) GLOBAL_UNCERTAINTY_ASSIGNED_CONTEXT ( ( #4654 ) ) GLOBAL_UNIT_ASSIGNED_CONTEXT ( ( #8355, #3301, #9181 ) ) REPRESENTATION_CONTEXT ( 'NONE', 'WORKASPACE' ) );
#8958 =( NAMED_UNIT ( * ) PLANE_ANGLE_UNIT ( ) SI_UNIT ( $, .RADIAN. ) );
#8959 = PLANE ( 'NONE',  #2835 ) ;
#8960 = LINE ( 'NONE', #5066, #10958 ) ;
#8961 =( NAMED_UNIT ( * ) PLANE_ANGLE_UNIT ( ) SI_UNIT ( $, .RADIAN. ) );
#8962 = EDGE_CURVE ( 'NONE', #2206, #7264, #8412, .T. ) ;
#8963 = CARTESIAN_POINT ( 'NONE',  ( -1.490000000000000000, 11.70000000000000100, -20.64000000000000100 ) ) ;
#8964 = ORIENTED_EDGE ( 'NONE', *, *, #2977, .T. ) ;
#8965 =( NAMED_UNIT ( * ) PLANE_ANGLE_UNIT ( ) SI_UNIT ( $, .RADIAN. ) );
#8966 = PRESENTATION_STYLE_ASSIGNMENT (( #974 ) ) ;
#8967 = SURFACE_STYLE_FILL_AREA ( #6114 ) ;
#8968 = VECTOR ( 'NONE', #3083, 1000.000000000000000 ) ;
#8969 = ORIENTED_EDGE ( 'NONE', *, *, #1395, .F. ) ;
#8970 = CARTESIAN_POINT ( 'NONE',  ( 1.590000000000000100, 11.70000000000000100, -4.860000000000000300 ) ) ;
#8971 = PRESENTATION_STYLE_ASSIGNMENT (( #9168 ) ) ;
#8972 = PLANE ( 'NONE',  #7005 ) ;
#8973 = CARTESIAN_POINT ( 'NONE',  ( -1.050000000000000000, -2.799999999999999400, -2.220000000000000200 ) ) ;
#8974 = EDGE_CURVE ( 'NONE', #2470, #8737, #6998, .T. ) ;
#8975 = APPLICATION_PROTOCOL_DEFINITION ( 'draft international standard', 'automotive_design', 1998, #3080 ) ;
#8976 = SURFACE_SIDE_STYLE ('',( #1586 ) ) ;
#8977 = ORIENTED_EDGE ( 'NONE', *, *, #5182, .F. ) ;
#8978 = ORIENTED_EDGE ( 'NONE', *, *, #5535, .F. ) ;
#8979 = FILL_AREA_STYLE_COLOUR ( '', #1397 ) ;
#8980 = EDGE_CURVE ( 'NONE', #5845, #5971, #10405, .T. ) ;
#8981 = FILL_AREA_STYLE ('',( #10696 ) ) ;
#8982 = ORIENTED_EDGE ( 'NONE', *, *, #8533, .F. ) ;
#8983 = LINE ( 'NONE', #7637, #2666 ) ;
#8984 = LINE ( 'NONE', #10564, #6505 ) ;
#8985 = CARTESIAN_POINT ( 'NONE',  ( -2.540000000000000000, 1.700000000000000000, -0.9034210526315790100 ) ) ;
#8986 = DIRECTION ( 'NONE',  ( 0.0000000000000000000, 1.000000000000000000, 0.0000000000000000000 ) ) ;
#8987 = AXIS2_PLACEMENT_3D ( 'NONE', #7704, #2625, #8526 ) ;
#8988 = EDGE_LOOP ( 'NONE', ( #5610, #1415, #10987, #4423 ) ) ;
#8989 = CARTESIAN_POINT ( 'NONE',  ( -1.590000000000000300, -2.799999999999999400, -4.860000000000000300 ) ) ;
#8990 = PRESENTATION_LAYER_ASSIGNMENT (  '', '', ( #7892 ) ) ;
#8991 = LINE ( 'NONE', #6095, #6776 ) ;
#8992 = VERTEX_POINT ( 'NONE', #6270 ) ;
#8993 = DIRECTION ( 'NONE',  ( 0.7071067811865474600, 0.0000000000000000000, 0.7071067811865474600 ) ) ;
#8994 = SURFACE_STYLE_USAGE ( .BOTH. , #3107 ) ;
#8995 = EDGE_LOOP ( 'NONE', ( #216, #8204, #3046, #8862 ) ) ;
#8996 =( NAMED_UNIT ( * ) PLANE_ANGLE_UNIT ( ) SI_UNIT ( $, .RADIAN. ) );
#8997 = ADVANCED_FACE ( 'NONE', ( #3696 ), #2040, .F. ) ;
#8998 = DIRECTION ( 'NONE',  ( 0.7071067811865474600, 0.0000000000000000000, 0.7071067811865474600 ) ) ;
#8999 = EDGE_CURVE ( 'NONE', #4520, #129, #2871, .T. ) ;
#9000 = ORIENTED_EDGE ( 'NONE', *, *, #9079, .F. ) ;
#9001 =( NAMED_UNIT ( * ) SI_UNIT ( $, .STERADIAN. ) SOLID_ANGLE_UNIT ( ) );
#9002 = CARTESIAN_POINT ( 'NONE',  ( -2.540000000000000000, 1.700000000000000000, -16.14342105263157700 ) ) ;
#9003 = SURFACE_STYLE_FILL_AREA ( #8078 ) ;
#9004 =( GEOMETRIC_REPRESENTATION_CONTEXT ( 3 ) GLOBAL_UNCERTAINTY_ASSIGNED_CONTEXT ( ( #6324 ) ) GLOBAL_UNIT_ASSIGNED_CONTEXT ( ( #2227, #8152, #3101 ) ) REPRESENTATION_CONTEXT ( 'NONE', 'WORKASPACE' ) );
#9005 = EDGE_LOOP ( 'NONE', ( #6880, #124, #512, #1313 ) ) ;
#9006 = VECTOR ( 'NONE', #2432, 1000.000000000000000 ) ;
#9007 = VECTOR ( 'NONE', #6825, 1000.000000000000000 ) ;
#9008 = VERTEX_POINT ( 'NONE', #8826 ) ;
#9009 = MECHANICAL_DESIGN_GEOMETRIC_PRESENTATION_REPRESENTATION (  '', ( #7328 ), #9575 ) ;
#9010 = ADVANCED_FACE ( 'NONE', ( #594 ), #1204, .F. ) ;
#9011 = ORIENTED_EDGE ( 'NONE', *, *, #601, .T. ) ;
#9012 = LINE ( 'NONE', #1910, #2543 ) ;
#9013 = CARTESIAN_POINT ( 'NONE',  ( -0.9499999999999999600, 11.70000000000000100, -5.299999999999999800 ) ) ;
#9014 = DIRECTION ( 'NONE',  ( 1.000000000000000000, 0.0000000000000000000, 0.0000000000000000000 ) ) ;
#9015 = LINE ( 'NONE', #10343, #3360 ) ;
#9016 = ORIENTED_EDGE ( 'NONE', *, *, #9038, .F. ) ;
#9017 = PLANE ( 'NONE',  #3679 ) ;
#9018 = PRESENTATION_STYLE_ASSIGNMENT (( #3221 ) ) ;
#9019 = CARTESIAN_POINT ( 'NONE',  ( -1.590000000000000300, 11.70000000000000100, -4.860000000000000300 ) ) ;
#9020 = CARTESIAN_POINT ( 'NONE',  ( -2.540000000000000000, 0.0000000000000000000, -16.14342105263157700 ) ) ;
#9021 =( GEOMETRIC_REPRESENTATION_CONTEXT ( 3 ) GLOBAL_UNCERTAINTY_ASSIGNED_CONTEXT ( ( #8480 ) ) GLOBAL_UNIT_ASSIGNED_CONTEXT ( ( #1097, #7025, #1931 ) ) REPRESENTATION_CONTEXT ( 'NONE', 'WORKASPACE' ) );
#9022 = ORIENTED_EDGE ( 'NONE', *, *, #3620, .T. ) ;
#9023 =( LENGTH_UNIT ( ) NAMED_UNIT ( * ) SI_UNIT ( .MILLI., .METRE. ) );
#9024 = FACE_OUTER_BOUND ( 'NONE', #6373, .T. ) ;
#9025 =( LENGTH_UNIT ( ) NAMED_UNIT ( * ) SI_UNIT ( .MILLI., .METRE. ) );
#9026 = DIRECTION ( 'NONE',  ( 0.0000000000000000000, 1.000000000000000000, 0.0000000000000000000 ) ) ;
#9027 =( GEOMETRIC_REPRESENTATION_CONTEXT ( 3 ) GLOBAL_UNCERTAINTY_ASSIGNED_CONTEXT ( ( #8805 ) ) GLOBAL_UNIT_ASSIGNED_CONTEXT ( ( #2437, #8359, #3307 ) ) REPRESENTATION_CONTEXT ( 'NONE', 'WORKASPACE' ) );
#9028 = SURFACE_STYLE_USAGE ( .BOTH. , #3132 ) ;
#9029 = ORIENTED_EDGE ( 'NONE', *, *, #4653, .T. ) ;
#9030 = STYLED_ITEM ( 'NONE', ( #9146 ), #1508 ) ;
#9031 = PRESENTATION_STYLE_ASSIGNMENT (( #6020 ) ) ;
#9032 = DIRECTION ( 'NONE',  ( -1.000000000000000000, -0.0000000000000000000, -1.232047923278982200E-016 ) ) ;
#9033 = DIRECTION ( 'NONE',  ( -1.000000000000000000, -0.0000000000000000000, -0.0000000000000000000 ) ) ;
#9034 =( NAMED_UNIT ( * ) PLANE_ANGLE_UNIT ( ) SI_UNIT ( $, .RADIAN. ) );
#9035 = VECTOR ( 'NONE', #3212, 1000.000000000000000 ) ;
#9036 = DIRECTION ( 'NONE',  ( 1.000000000000000000, 0.0000000000000000000, 0.0000000000000000000 ) ) ;
#9037 = VECTOR ( 'NONE', #6972, 1000.000000000000000 ) ;
#9038 = EDGE_CURVE ( 'NONE', #6983, #10567, #5139, .T. ) ;
#9039 = EDGE_LOOP ( 'NONE', ( #3268, #10415, #3736, #5096 ) ) ;
#9040 = CARTESIAN_POINT ( 'NONE',  ( -2.540000000000000000, 1.700000000000000000, -0.9034210526315790100 ) ) ;
#9041 = FILL_AREA_STYLE_COLOUR ( '', #9986 ) ;
#9042 = SURFACE_STYLE_FILL_AREA ( #9133 ) ;
#9043 = CARTESIAN_POINT ( 'NONE',  ( -1.490000000000000200, -2.799999999999999400, -2.220000000000000200 ) ) ;
#9044 = FILL_AREA_STYLE ('',( #8043 ) ) ;
#9045 = AXIS2_PLACEMENT_3D ( 'NONE', #4228, #10121, #5102 ) ;
#9046 = EDGE_CURVE ( 'NONE', #3621, #2470, #10804, .T. ) ;
#9047 = SURFACE_STYLE_FILL_AREA ( #2063 ) ;
#9048 = PRESENTATION_STYLE_ASSIGNMENT (( #3595 ) ) ;
#9049 = SURFACE_SIDE_STYLE ('',( #7580 ) ) ;
#9050 = DIRECTION ( 'NONE',  ( 0.0000000000000000000, 1.000000000000000000, 0.0000000000000000000 ) ) ;
#9051 = EDGE_CURVE ( 'NONE', #4270, #2953, #6313, .T. ) ;
#9052 = STYLED_ITEM ( 'NONE', ( #332 ), #494 ) ;
#9053 = CARTESIAN_POINT ( 'NONE',  ( 2.540000000000000900, 0.0000000000000000000, -9.290000000000000900 ) ) ;
#9054 = CARTESIAN_POINT ( 'NONE',  ( -1.490000000000000000, -2.799999999999999400, -13.02000000000000100 ) ) ;
#9055 =( NAMED_UNIT ( * ) SI_UNIT ( $, .STERADIAN. ) SOLID_ANGLE_UNIT ( ) );
#9056 = VECTOR ( 'NONE', #6867, 1000.000000000000000 ) ;
#9057 = ADVANCED_FACE ( 'NONE', ( #6057 ), #6381, .F. ) ;
#9058 = LINE ( 'NONE', #10809, #9310 ) ;
#9059 = CARTESIAN_POINT ( 'NONE',  ( 1.590000000000000100, -2.799999999999999400, -2.319999999999999800 ) ) ;
#9060 = DIRECTION ( 'NONE',  ( -0.7071067811865477900, -0.0000000000000000000, -0.7071067811865473500 ) ) ;
#9061 =( LENGTH_UNIT ( ) NAMED_UNIT ( * ) SI_UNIT ( .MILLI., .METRE. ) );
#9062 = PLANE ( 'NONE',  #10079 ) ;
#9063 = CARTESIAN_POINT ( 'NONE',  ( -2.019999999999999600, 0.2999999999999999900, -21.59000000000000000 ) ) ;
#9064 = SURFACE_STYLE_USAGE ( .BOTH. , #3168 ) ;
#9065 = CARTESIAN_POINT ( 'NONE',  ( 2.540000000000000900, 1.700000000000000000, -16.10999999999999900 ) ) ;
#9066 = ORIENTED_EDGE ( 'NONE', *, *, #10428, .T. ) ;
#9067 = VECTOR ( 'NONE', #9681, 1000.000000000000000 ) ;
#9068 = CARTESIAN_POINT ( 'NONE',  ( -0.9499999999999999600, 11.70000000000000100, -4.860000000000000300 ) ) ;
#9069 = PRESENTATION_STYLE_ASSIGNMENT (( #6524 ) ) ;
#9070 = FILL_AREA_STYLE_COLOUR ( '', #7239 ) ;
#9071 =( GEOMETRIC_REPRESENTATION_CONTEXT ( 3 ) GLOBAL_UNCERTAINTY_ASSIGNED_CONTEXT ( ( #4022 ) ) GLOBAL_UNIT_ASSIGNED_CONTEXT ( ( #3338, #9212, #4188 ) ) REPRESENTATION_CONTEXT ( 'NONE', 'WORKASPACE' ) );
#9072 = ORIENTED_EDGE ( 'NONE', *, *, #3185, .T. ) ;
#9073 = DIRECTION ( 'NONE',  ( 0.0000000000000000000, -0.0000000000000000000, -1.000000000000000000 ) ) ;
#9074 = DIRECTION ( 'NONE',  ( 0.7071067811865487900, 0.0000000000000000000, -0.7071067811865463500 ) ) ;
#9075 = EDGE_LOOP ( 'NONE', ( #2885, #2191, #5065, #3755 ) ) ;
#9076 = CARTESIAN_POINT ( 'NONE',  ( -1.590000000000000300, 11.70000000000000100, -7.400000000000000400 ) ) ;
#9077 = CARTESIAN_POINT ( 'NONE',  ( 0.9499999999999999600, -2.799999999999999400, -20.54000000000000300 ) ) ;
#9078 = CARTESIAN_POINT ( 'NONE',  ( -0.9499999999999999600, -2.799999999999999400, -15.45999999999999900 ) ) ;
#9079 = EDGE_CURVE ( 'NONE', #8673, #3205, #9718, .T. ) ;
#9080 = ORIENTED_EDGE ( 'NONE', *, *, #8167, .T. ) ;
#9081 = UNCERTAINTY_MEASURE_WITH_UNIT (LENGTH_MEASURE( 1.000000000000000100E-005 ), #10223, 'distance_accuracy_value', 'NONE');
#9082 = PRESENTATION_LAYER_ASSIGNMENT (  '', '', ( #7963 ) ) ;
#9083 = CARTESIAN_POINT ( 'NONE',  ( -1.590000000000000300, -2.799999999999999400, -0.2200000000000002500 ) ) ;
#9084 = CARTESIAN_POINT ( 'NONE',  ( -2.139999999999999700, 1.700000000000000000, 1.270000000000000000 ) ) ;
#9085 = UNCERTAINTY_MEASURE_WITH_UNIT (LENGTH_MEASURE( 1.000000000000000100E-005 ), #2372, 'distance_accuracy_value', 'NONE');
#9086 = LINE ( 'NONE', #474, #8820 ) ;
#9087 =( NAMED_UNIT ( * ) SI_UNIT ( $, .STERADIAN. ) SOLID_ANGLE_UNIT ( ) );
#9088 = STYLED_ITEM ( 'NONE', ( #10504 ), #3873 ) ;
#9089 = FILL_AREA_STYLE ('',( #8252 ) ) ;
#9090 = CARTESIAN_POINT ( 'NONE',  ( -0.9499999999999999600, -2.799999999999999400, -12.92000000000000200 ) ) ;
#9091 = PRESENTATION_LAYER_ASSIGNMENT (  '', '', ( #7971 ) ) ;
#9092 = STYLED_ITEM ( 'NONE', ( #7216 ), #1104 ) ;
#9093 = ORIENTED_EDGE ( 'NONE', *, *, #4403, .F. ) ;
#9094 = ORIENTED_EDGE ( 'NONE', *, *, #6455, .F. ) ;
#9095 = CARTESIAN_POINT ( 'NONE',  ( -1.590000000000000300, 11.70000000000000100, -5.300000000000000700 ) ) ;
#9096 = PRESENTATION_LAYER_ASSIGNMENT (  '', '', ( #7976 ) ) ;
#9097 = VERTEX_POINT ( 'NONE', #3041 ) ;
#9098 = CARTESIAN_POINT ( 'NONE',  ( -1.490000000000000000, -2.799999999999999400, -10.48000000000000200 ) ) ;
#9099 = DIRECTION ( 'NONE',  ( 0.0000000000000000000, -0.0000000000000000000, -1.000000000000000000 ) ) ;
#9100 = SURFACE_SIDE_STYLE ('',( #6892 ) ) ;
#9101 = EDGE_CURVE ( 'NONE', #8401, #1576, #722, .T. ) ;
#9102 = ORIENTED_EDGE ( 'NONE', *, *, #8411, .T. ) ;
#9103 = AXIS2_PLACEMENT_3D ( 'NONE', #10136, #5114, #10991 ) ;
#9104 = SURFACE_STYLE_FILL_AREA ( #10953 ) ;
#9105 = CARTESIAN_POINT ( 'NONE',  ( 0.9499999999999999600, -2.799999999999999400, -5.299999999999999800 ) ) ;
#9106 = MECHANICAL_DESIGN_GEOMETRIC_PRESENTATION_REPRESENTATION (  '', ( #7423 ), #9670 ) ;
#9107 = EDGE_CURVE ( 'NONE', #9998, #10264, #7494, .T. ) ;
#9108 = PLANE ( 'NONE',  #7904 ) ;
#9109 = VECTOR ( 'NONE', #3167, 1000.000000000000000 ) ;
#9110 = EDGE_CURVE ( 'NONE', #6667, #611, #7238, .T. ) ;
#9111 = VECTOR ( 'NONE', #2276, 1000.000000000000000 ) ;
#9112 = CARTESIAN_POINT ( 'NONE',  ( -0.9499999999999999600, -2.799999999999999400, -4.860000000000000300 ) ) ;
#9113 = EDGE_CURVE ( 'NONE', #5799, #3478, #5009, .T. ) ;
#9114 = ADVANCED_FACE ( 'NONE', ( #5283 ), #8972, .T. ) ;
#9115 = SURFACE_SIDE_STYLE ('',( #6449 ) ) ;
#9116 =( LENGTH_UNIT ( ) NAMED_UNIT ( * ) SI_UNIT ( .MILLI., .METRE. ) );
#9117 = ORIENTED_EDGE ( 'NONE', *, *, #2244, .T. ) ;
#9118 =( NAMED_UNIT ( * ) SI_UNIT ( $, .STERADIAN. ) SOLID_ANGLE_UNIT ( ) );
#9119 = ORIENTED_EDGE ( 'NONE', *, *, #9548, .T. ) ;
#9120 = VECTOR ( 'NONE', #10698, 1000.000000000000000 ) ;
#9121 = STYLED_ITEM ( 'NONE', ( #4513 ), #127 ) ;
#9122 = ORIENTED_EDGE ( 'NONE', *, *, #6602, .F. ) ;
#9123 = EDGE_LOOP ( 'NONE', ( #10361, #4241, #6965, #4351 ) ) ;
#9124 =( NAMED_UNIT ( * ) SI_UNIT ( $, .STERADIAN. ) SOLID_ANGLE_UNIT ( ) );
#9125 = SURFACE_STYLE_FILL_AREA ( #8060 ) ;
#9126 = FILL_AREA_STYLE_COLOUR ( '', #1343 ) ;
#9127 = CARTESIAN_POINT ( 'NONE',  ( 2.540000000000000900, 1.700000000000000000, -1.670000000000000400 ) ) ;
#9128 = ORIENTED_EDGE ( 'NONE', *, *, #10551, .F. ) ;
#9129 = CARTESIAN_POINT ( 'NONE',  ( 0.9499999999999999600, -2.799999999999999400, -12.48000000000000200 ) ) ;
#9130 = SURFACE_STYLE_USAGE ( .BOTH. , #3235 ) ;
#9131 = ORIENTED_EDGE ( 'NONE', *, *, #1190, .F. ) ;
#9132 = EDGE_CURVE ( 'NONE', #2778, #4028, #8398, .T. ) ;
#9133 = FILL_AREA_STYLE ('',( #660 ) ) ;
#9134 = FACE_OUTER_BOUND ( 'NONE', #5812, .T. ) ;
#9135 = VERTEX_POINT ( 'NONE', #3120 ) ;
#9136 = DIRECTION ( 'NONE',  ( -0.7071067811865482400, 0.0000000000000000000, -0.7071067811865469100 ) ) ;
#9137 = COLOUR_RGB ( '',0.7960784313725489700, 0.8235294117647058400, 0.9372549019607843100 ) ;
#9138 =( GEOMETRIC_REPRESENTATION_CONTEXT ( 3 ) GLOBAL_UNCERTAINTY_ASSIGNED_CONTEXT ( ( #1689 ) ) GLOBAL_UNIT_ASSIGNED_CONTEXT ( ( #3067, #8961, #3920 ) ) REPRESENTATION_CONTEXT ( 'NONE', 'WORKASPACE' ) );
#9140 = EDGE_LOOP ( 'NONE', ( #6391, #2246, #9393, #7583 ) ) ;
#9139 = PLANE ( 'NONE',  #682 ) ;
#9141 = AXIS2_PLACEMENT_3D ( 'NONE', #1525, #7450, #2371 ) ;
#9142 = ORIENTED_EDGE ( 'NONE', *, *, #8624, .T. ) ;
#9143 = LINE ( 'NONE', #1150, #2397 ) ;
#9144 = ORIENTED_EDGE ( 'NONE', *, *, #6447, .T. ) ;
#9145 = DIRECTION ( 'NONE',  ( -0.6782059721786390900, 0.0000000000000000000, -0.7348718659067219300 ) ) ;
#9146 = PRESENTATION_STYLE_ASSIGNMENT (( #5049 ) ) ;
#9147 = VECTOR ( 'NONE', #2286, 1000.000000000000000 ) ;
#9148 = CARTESIAN_POINT ( 'NONE',  ( 2.540000000000000900, 1.700000000000000000, 0.8699999999999996600 ) ) ;
#9149 = EDGE_CURVE ( 'NONE', #611, #61, #6177, .T. ) ;
#9150 = CARTESIAN_POINT ( 'NONE',  ( 1.490000000000000000, 11.70000000000000100, -7.299999999999999800 ) ) ;
#9151 = VERTEX_POINT ( 'NONE', #10728 ) ;
#9152 = VECTOR ( 'NONE', #10146, 1000.000000000000000 ) ;
#9153 = AXIS2_PLACEMENT_3D ( 'NONE', #5374, #250, #6204 ) ;
#9154 = SURFACE_STYLE_USAGE ( .BOTH. , #2694 ) ;
#9155 = ORIENTED_EDGE ( 'NONE', *, *, #9331, .F. ) ;
#9156 = PRESENTATION_LAYER_ASSIGNMENT (  '', '', ( #8029 ) ) ;
#9157 = UNCERTAINTY_MEASURE_WITH_UNIT (LENGTH_MEASURE( 1.000000000000000100E-005 ), #4167, 'distance_accuracy_value', 'NONE');
#9158 = CARTESIAN_POINT ( 'NONE',  ( -1.050000000000000000, -2.799999999999999400, -9.840000000000001600 ) ) ;
#9159 = SURFACE_SIDE_STYLE ('',( #588 ) ) ;
#9160 = PRESENTATION_STYLE_ASSIGNMENT (( #2529 ) ) ;
#9161 = PRESENTATION_LAYER_ASSIGNMENT (  '', '', ( #8033 ) ) ;
#9162 =( NAMED_UNIT ( * ) PLANE_ANGLE_UNIT ( ) SI_UNIT ( $, .RADIAN. ) );
#9163 = VERTEX_POINT ( 'NONE', #9858 ) ;
#9164 = DIRECTION ( 'NONE',  ( 0.7071067811865486800, 0.0000000000000000000, -0.7071067811865463500 ) ) ;
#9165 = ADVANCED_FACE ( 'NONE', ( #10394 ), #564, .T. ) ;
#9166 = VECTOR ( 'NONE', #1691, 1000.000000000000000 ) ;
#9167 = CARTESIAN_POINT ( 'NONE',  ( -2.539999999999999600, 1.700000000000000000, -14.40342105263157900 ) ) ;
#9168 = SURFACE_STYLE_USAGE ( .BOTH. , #3274 ) ;
#9169 = MECHANICAL_DESIGN_GEOMETRIC_PRESENTATION_REPRESENTATION (  '', ( #7486 ), #9728 ) ;
#9170 = SURFACE_STYLE_USAGE ( .BOTH. , #3277 ) ;
#9171 = CARTESIAN_POINT ( 'NONE',  ( -2.539999999999999600, 0.0000000000000000000, -6.783421052631577900 ) ) ;
#9172 = CARTESIAN_POINT ( 'NONE',  ( 1.490000000000000000, 11.70000000000000100, -0.3200000000000001200 ) ) ;
#9173 = LINE ( 'NONE', #3090, #6702 ) ;
#9174 = VECTOR ( 'NONE', #9485, 1000.000000000000000 ) ;
#9175 = PLANE ( 'NONE',  #6176 ) ;
#9176 = CARTESIAN_POINT ( 'NONE',  ( 0.9499999999999999600, -2.799999999999999400, -2.319999999999999800 ) ) ;
#9177 = EDGE_CURVE ( 'NONE', #2953, #4487, #5130, .T. ) ;
#9178 = CARTESIAN_POINT ( 'NONE',  ( -1.490000000000000200, 11.70000000000000100, 0.3199999999999998400 ) ) ;
#9179 = EDGE_LOOP ( 'NONE', ( #6362, #8368, #9214, #1093 ) ) ;
#9180 = VECTOR ( 'NONE', #9797, 1000.000000000000000 ) ;
#9181 =( NAMED_UNIT ( * ) SI_UNIT ( $, .STERADIAN. ) SOLID_ANGLE_UNIT ( ) );
#9182 = FILL_AREA_STYLE_COLOUR ( '', #7061 ) ;
#9183 = EDGE_CURVE ( 'NONE', #7855, #8308, #7360, .T. ) ;
#9184 = DIRECTION ( 'NONE',  ( 0.0000000000000000000, 0.0000000000000000000, 1.000000000000000000 ) ) ;
#9185 = VECTOR ( 'NONE', #8130, 1000.000000000000000 ) ;
#9186 = DIRECTION ( 'NONE',  ( -1.000000000000000000, 0.0000000000000000000, 0.0000000000000000000 ) ) ;
#9187 = VERTEX_POINT ( 'NONE', #9433 ) ;
#9188 = ORIENTED_EDGE ( 'NONE', *, *, #2390, .F. ) ;
#9189 = SURFACE_SIDE_STYLE ('',( #5563 ) ) ;
#9190 = STYLED_ITEM ( 'NONE', ( #5261 ), #5708 ) ;
#9191 = ORIENTED_EDGE ( 'NONE', *, *, #10469, .F. ) ;
#9192 = AXIS2_PLACEMENT_3D ( 'NONE', #4, #5963, #878 ) ;
#9193 =( NAMED_UNIT ( * ) PLANE_ANGLE_UNIT ( ) SI_UNIT ( $, .RADIAN. ) );
#9194 = SURFACE_STYLE_USAGE ( .BOTH. , #3315 ) ;
#9195 = CARTESIAN_POINT ( 'NONE',  ( -1.590000000000000300, 11.70000000000000100, -7.839999999999999900 ) ) ;
#9196 = COLOUR_RGB ( '',0.7960784313725489700, 0.8235294117647058400, 0.9372549019607843100 ) ;
#9197 = SURFACE_SIDE_STYLE ('',( #4048 ) ) ;
#9198 = VERTEX_POINT ( 'NONE', #1817 ) ;
#9199 =( NAMED_UNIT ( * ) SI_UNIT ( $, .STERADIAN. ) SOLID_ANGLE_UNIT ( ) );
#9200 = CARTESIAN_POINT ( 'NONE',  ( 2.140000000000000100, 1.700000000000000000, -13.97000000000000100 ) ) ;
#9201 = FILL_AREA_STYLE ('',( #3324 ) ) ;
#9202 = LINE ( 'NONE', #9810, #2473 ) ;
#9203 = MECHANICAL_DESIGN_GEOMETRIC_PRESENTATION_REPRESENTATION (  '', ( #7532 ), #9781 ) ;
#9204 =( LENGTH_UNIT ( ) NAMED_UNIT ( * ) SI_UNIT ( .MILLI., .METRE. ) );
#9205 = ADVANCED_FACE ( 'NONE', ( #2855 ), #7764, .T. ) ;
#9206 = ORIENTED_EDGE ( 'NONE', *, *, #3467, .F. ) ;
#9207 = UNCERTAINTY_MEASURE_WITH_UNIT (LENGTH_MEASURE( 1.000000000000000100E-005 ), #200, 'distance_accuracy_value', 'NONE');
#9208 = CARTESIAN_POINT ( 'NONE',  ( -1.490000000000000200, -2.799999999999999400, -4.760000000000000700 ) ) ;
#9209 = FILL_AREA_STYLE_COLOUR ( '', #9407 ) ;
#9210 = PRESENTATION_LAYER_ASSIGNMENT (  '', '', ( #8095 ) ) ;
#9211 = UNCERTAINTY_MEASURE_WITH_UNIT (LENGTH_MEASURE( 1.000000000000000100E-005 ), #3070, 'distance_accuracy_value', 'NONE');
#9212 =( NAMED_UNIT ( * ) PLANE_ANGLE_UNIT ( ) SI_UNIT ( $, .RADIAN. ) );
#9213 = AXIS2_PLACEMENT_3D ( 'NONE', #6652, #1558, #7481 ) ;
#9214 = ORIENTED_EDGE ( 'NONE', *, *, #10619, .F. ) ;
#9215 = DIRECTION ( 'NONE',  ( 0.7071067811865473500, 0.0000000000000000000, -0.7071067811865477900 ) ) ;
#9216 = LINE ( 'NONE', #926, #7019 ) ;
#9217 = CARTESIAN_POINT ( 'NONE',  ( -1.490000000000000000, 11.70000000000000100, -18.10000000000000100 ) ) ;
#9218 = DIRECTION ( 'NONE',  ( -0.7071067811865470200, 0.0000000000000000000, -0.7071067811865481300 ) ) ;
#9219 = MECHANICAL_DESIGN_GEOMETRIC_PRESENTATION_REPRESENTATION (  '', ( #7547 ), #9803 ) ;
#9220 = DIRECTION ( 'NONE',  ( 2.492418787322998300E-016, 0.0000000000000000000, 1.000000000000000000 ) ) ;
#9221 = CARTESIAN_POINT ( 'NONE',  ( -1.590000000000000300, -2.799999999999999400, -5.300000000000000700 ) ) ;
#9222 = CARTESIAN_POINT ( 'NONE',  ( -2.539999999999999600, 1.700000000000000000, -11.86342105263158000 ) ) ;
#9223 = VERTEX_POINT ( 'NONE', #6142 ) ;
#9224 = VECTOR ( 'NONE', #1560, 1000.000000000000000 ) ;
#9225 =( LENGTH_UNIT ( ) NAMED_UNIT ( * ) SI_UNIT ( .MILLI., .METRE. ) );
#9226 = DIRECTION ( 'NONE',  ( -0.7071067811865469100, -0.0000000000000000000, 0.7071067811865482400 ) ) ;
#9227 = VERTEX_POINT ( 'NONE', #1063 ) ;
#9228 = VERTEX_POINT ( 'NONE', #6104 ) ;
#9229 = EDGE_CURVE ( 'NONE', #3314, #4520, #1778, .T. ) ;
#9230 = FILL_AREA_STYLE_COLOUR ( '', #8374 ) ;
#9231 =( GEOMETRIC_REPRESENTATION_CONTEXT ( 3 ) GLOBAL_UNCERTAINTY_ASSIGNED_CONTEXT ( ( #8139 ) ) GLOBAL_UNIT_ASSIGNED_CONTEXT ( ( #7938, #2879, #8774 ) ) REPRESENTATION_CONTEXT ( 'NONE', 'WORKASPACE' ) );
#9232 = FACE_OUTER_BOUND ( 'NONE', #9379, .T. ) ;
#9233 = SURFACE_STYLE_FILL_AREA ( #4849 ) ;
#9234 = FACE_OUTER_BOUND ( 'NONE', #10482, .T. ) ;
#9235 = VERTEX_POINT ( 'NONE', #6997 ) ;
#9236 = STYLED_ITEM ( 'NONE', ( #7113 ), #5275 ) ;
#9237 = PLANE ( 'NONE',  #5997 ) ;
#9238 = EDGE_CURVE ( 'NONE', #8308, #1725, #4053, .T. ) ;
#9239 = FILL_AREA_STYLE_COLOUR ( '', #5058 ) ;
#9240 = VERTEX_POINT ( 'NONE', #8658 ) ;
#9241 = SURFACE_STYLE_USAGE ( .BOTH. , #3374 ) ;
#9242 = ORIENTED_EDGE ( 'NONE', *, *, #4038, .F. ) ;
#9243 = FILL_AREA_STYLE ('',( #8407 ) ) ;
#9244 = PRESENTATION_STYLE_ASSIGNMENT (( #1893 ) ) ;
#9245 = COLOUR_RGB ( '',0.0000000000000000000, 0.003921568627450980300, 0.09019607843137254800 ) ;
#9246 = ORIENTED_EDGE ( 'NONE', *, *, #7156, .F. ) ;
#9247 = MECHANICAL_DESIGN_GEOMETRIC_PRESENTATION_REPRESENTATION (  '', ( #7575 ), #9826 ) ;
#9248 = FACE_OUTER_BOUND ( 'NONE', #2115, .T. ) ;
#9249 = VERTEX_POINT ( 'NONE', #2760 ) ;
#9250 = CARTESIAN_POINT ( 'NONE',  ( 0.9499999999999999600, -2.799999999999999400, -4.860000000000000300 ) ) ;
#9251 = EDGE_LOOP ( 'NONE', ( #8094, #3394, #5452, #3616 ) ) ;
#9252 = FILL_AREA_STYLE ('',( #877 ) ) ;
#9253 = DIRECTION ( 'NONE',  ( -0.7372346670543746800, -0.0000000000000000000, 0.6756367705307528800 ) ) ;
#9254 = LINE ( 'NONE', #10001, #2806 ) ;
#9255 = FILL_AREA_STYLE_COLOUR ( '', #10691 ) ;
#9256 = FILL_AREA_STYLE_COLOUR ( '', #8390 ) ;
#9257 = ADVANCED_FACE ( 'NONE', ( #8275 ), #4484, .T. ) ;
#9258 = VERTEX_POINT ( 'NONE', #8695 ) ;
#9259 = ORIENTED_EDGE ( 'NONE', *, *, #7306, .T. ) ;
#9260 = LINE ( 'NONE', #3642, #11004 ) ;
#9261 = SURFACE_STYLE_USAGE ( .BOTH. , #3392 ) ;
#9262 = SURFACE_STYLE_USAGE ( .BOTH. , #3393 ) ;
#9263 = MECHANICAL_DESIGN_GEOMETRIC_PRESENTATION_REPRESENTATION (  '', ( #7600 ), #9844 ) ;
#9264 = UNCERTAINTY_MEASURE_WITH_UNIT (LENGTH_MEASURE( 1.000000000000000100E-005 ), #5988, 'distance_accuracy_value', 'NONE');
#9265 = VECTOR ( 'NONE', #8057, 1000.000000000000000 ) ;
#9266 =( NAMED_UNIT ( * ) SI_UNIT ( $, .STERADIAN. ) SOLID_ANGLE_UNIT ( ) );
#9267 = CARTESIAN_POINT ( 'NONE',  ( 0.9499999999999999600, -2.799999999999999400, -15.45999999999999900 ) ) ;
#9268 = ORIENTED_EDGE ( 'NONE', *, *, #2087, .F. ) ;
#9269 =( GEOMETRIC_REPRESENTATION_CONTEXT ( 3 ) GLOBAL_UNCERTAINTY_ASSIGNED_CONTEXT ( ( #10316 ) ) GLOBAL_UNIT_ASSIGNED_CONTEXT ( ( #7864, #2785, #8687 ) ) REPRESENTATION_CONTEXT ( 'NONE', 'WORKASPACE' ) );
#9270 = ORIENTED_EDGE ( 'NONE', *, *, #106, .T. ) ;
#9271 = UNCERTAINTY_MEASURE_WITH_UNIT (LENGTH_MEASURE( 1.000000000000000100E-005 ), #587, 'distance_accuracy_value', 'NONE');
#9272 =( GEOMETRIC_REPRESENTATION_CONTEXT ( 3 ) GLOBAL_UNCERTAINTY_ASSIGNED_CONTEXT ( ( #7822 ) ) GLOBAL_UNIT_ASSIGNED_CONTEXT ( ( #6789, #1687, #7630 ) ) REPRESENTATION_CONTEXT ( 'NONE', 'WORKASPACE' ) );
#9273 = COLOUR_RGB ( '',0.7960784313725489700, 0.8235294117647058400, 0.9372549019607843100 ) ;
#9274 = CARTESIAN_POINT ( 'NONE',  ( 0.9499999999999999600, 11.70000000000000100, -17.55999999999999900 ) ) ;
#9275 = DIRECTION ( 'NONE',  ( 0.7372346670543746800, 0.0000000000000000000, -0.6756367705307528800 ) ) ;
#9276 = EDGE_CURVE ( 'NONE', #7900, #2682, #9705, .T. ) ;
#9277 = VERTEX_POINT ( 'NONE', #219 ) ;
#9278 = DIRECTION ( 'NONE',  ( 0.0000000000000000000, 0.0000000000000000000, 1.000000000000000000 ) ) ;
#9279 = CARTESIAN_POINT ( 'NONE',  ( 2.540000000000000900, 0.0000000000000000000, -8.490000000000000200 ) ) ;
#9280 = AXIS2_PLACEMENT_3D ( 'NONE', #6066, #986, #6921 ) ;
#9281 = UNCERTAINTY_MEASURE_WITH_UNIT (LENGTH_MEASURE( 1.000000000000000100E-005 ), #9023, 'distance_accuracy_value', 'NONE');
#9282 = DIRECTION ( 'NONE',  ( -1.000000000000000000, 0.0000000000000000000, 0.0000000000000000000 ) ) ;
#9283 = SURFACE_STYLE_FILL_AREA ( #6591 ) ;
#9284 = SURFACE_STYLE_FILL_AREA ( #6616 ) ;
#9285 = PRESENTATION_STYLE_ASSIGNMENT (( #602 ) ) ;
#9286 = CARTESIAN_POINT ( 'NONE',  ( 1.590000000000000100, -2.799999999999999400, -2.760000000000000200 ) ) ;
#9287 = SURFACE_STYLE_USAGE ( .BOTH. , #3415 ) ;
#9288 = ORIENTED_EDGE ( 'NONE', *, *, #5762, .T. ) ;
#9289 = AXIS2_PLACEMENT_3D ( 'NONE', #777, #6732, #1634 ) ;
#9290 = FILL_AREA_STYLE_COLOUR ( '', #6790 ) ;
#9291 = LINE ( 'NONE', #3204, #300 ) ;
#9292 =( LENGTH_UNIT ( ) NAMED_UNIT ( * ) SI_UNIT ( .MILLI., .METRE. ) );
#9293 = PLANE ( 'NONE',  #1473 ) ;
#9294 = FACE_OUTER_BOUND ( 'NONE', #10666, .T. ) ;
#9295 = STYLED_ITEM ( 'NONE', ( #9364 ), #2347 ) ;
#9296 = COLOUR_RGB ( '',0.7960784313725489700, 0.8235294117647058400, 0.9372549019607843100 ) ;
#9297 = DIRECTION ( 'NONE',  ( -0.7071067811865470200, 0.0000000000000000000, -0.7071067811865481300 ) ) ;
#9298 = LINE ( 'NONE', #4617, #2843 ) ;
#9299 = EDGE_CURVE ( 'NONE', #7818, #4560, #7482, .T. ) ;
#9300 = STYLED_ITEM ( 'NONE', ( #297 ), #2866 ) ;
#9301 = SURFACE_STYLE_FILL_AREA ( #8325 ) ;
#9302 = DIRECTION ( 'NONE',  ( 0.0000000000000000000, 1.000000000000000000, 0.0000000000000000000 ) ) ;
#9303 = PRESENTATION_LAYER_ASSIGNMENT (  '', '', ( #8194 ) ) ;
#9304 = CARTESIAN_POINT ( 'NONE',  ( 0.9499999999999999600, -2.799999999999999400, -15.45999999999999900 ) ) ;
#9305 = EDGE_CURVE ( 'NONE', #4112, #10182, #1005, .T. ) ;
#9306 = CARTESIAN_POINT ( 'NONE',  ( 2.140000000000001500, 0.0000000000000000000, 1.270000000000000000 ) ) ;
#9307 = CARTESIAN_POINT ( 'NONE',  ( -0.9499999999999999600, -2.799999999999999400, -5.299999999999999800 ) ) ;
#9308 = LINE ( 'NONE', #964, #9056 ) ;
#9309 = EDGE_CURVE ( 'NONE', #2552, #4706, #9452, .T. ) ;
#9310 = VECTOR ( 'NONE', #4920, 1000.000000000000000 ) ;
#9311 = VECTOR ( 'NONE', #5377, 999.9999999999998900 ) ;
#9312 = DIRECTION ( 'NONE',  ( -0.0000000000000000000, -1.000000000000000000, -0.0000000000000000000 ) ) ;
#9313 = EDGE_LOOP ( 'NONE', ( #5590, #9242, #7155, #6610 ) ) ;
#9314 = FILL_AREA_STYLE ('',( #3443 ) ) ;
#9315 = ADVANCED_FACE ( 'NONE', ( #440 ), #10434, .T. ) ;
#9316 = DIRECTION ( 'NONE',  ( 1.000000000000000000, 0.0000000000000000000, 0.0000000000000000000 ) ) ;
#9317 = FILL_AREA_STYLE_COLOUR ( '', #5354 ) ;
#9318 = COLOUR_RGB ( '',0.0000000000000000000, 0.003921568627450980300, 0.09019607843137254800 ) ;
#9319 = LINE ( 'NONE', #10511, #590 ) ;
#9320 = CARTESIAN_POINT ( 'NONE',  ( -1.590000000000000300, -2.799999999999999400, -15.45999999999999900 ) ) ;
#9321 =( NAMED_UNIT ( * ) PLANE_ANGLE_UNIT ( ) SI_UNIT ( $, .RADIAN. ) );
#9322 = SURFACE_STYLE_FILL_AREA ( #7159 ) ;
#9323 = LINE ( 'NONE', #2228, #2599 ) ;
#9324 = SURFACE_SIDE_STYLE ('',( #3224 ) ) ;
#9325 = ORIENTED_EDGE ( 'NONE', *, *, #4592, .F. ) ;
#9326 = DIRECTION ( 'NONE',  ( 1.000000000000000000, 0.0000000000000000000, 1.232047923278982200E-016 ) ) ;
#9327 =( NAMED_UNIT ( * ) SI_UNIT ( $, .STERADIAN. ) SOLID_ANGLE_UNIT ( ) );
#9328 = ORIENTED_EDGE ( 'NONE', *, *, #4051, .F. ) ;
#9329 =( LENGTH_UNIT ( ) NAMED_UNIT ( * ) SI_UNIT ( .MILLI., .METRE. ) );
#9330 = DIRECTION ( 'NONE',  ( -0.0000000000000000000, -1.000000000000000000, -0.0000000000000000000 ) ) ;
#9331 = EDGE_CURVE ( 'NONE', #1023, #3462, #4185, .T. ) ;
#9332 = LINE ( 'NONE', #76, #4888 ) ;
#9333 = CARTESIAN_POINT ( 'NONE',  ( -1.490000000000000000, -2.799999999999999400, -10.48000000000000200 ) ) ;
#9335 = FILL_AREA_STYLE_COLOUR ( '', #6606 ) ;
#9334 = SURFACE_STYLE_FILL_AREA ( #5355 ) ;
#9336 = DIRECTION ( 'NONE',  ( 0.7071067811865489100, 0.0000000000000000000, 0.7071067811865461300 ) ) ;
#9337 = MECHANICAL_DESIGN_GEOMETRIC_PRESENTATION_REPRESENTATION (  '', ( #7664 ), #9907 ) ;
#9338 = VERTEX_POINT ( 'NONE', #6278 ) ;
#9339 =( GEOMETRIC_REPRESENTATION_CONTEXT ( 3 ) GLOBAL_UNCERTAINTY_ASSIGNED_CONTEXT ( ( #8017 ) ) GLOBAL_UNIT_ASSIGNED_CONTEXT ( ( #8892, #3851, #9734 ) ) REPRESENTATION_CONTEXT ( 'NONE', 'WORKASPACE' ) );
#9340 = DIRECTION ( 'NONE',  ( 0.7071067811865486800, 0.0000000000000000000, -0.7071067811865463500 ) ) ;
#9341 = DIRECTION ( 'NONE',  ( -1.000000000000000000, 0.0000000000000000000, -0.0000000000000000000 ) ) ;
#9342 = CARTESIAN_POINT ( 'NONE',  ( -1.050000000000000000, -2.799999999999999400, -20.00000000000000000 ) ) ;
#9343 = DIRECTION ( 'NONE',  ( -0.0000000000000000000, 1.000000000000000000, 0.0000000000000000000 ) ) ;
#9344 = EDGE_CURVE ( 'NONE', #3025, #8401, #1921, .T. ) ;
#9345 = ORIENTED_EDGE ( 'NONE', *, *, #4994, .F. ) ;
#9346 = LINE ( 'NONE', #9496, #2897 ) ;
#9347 = CARTESIAN_POINT ( 'NONE',  ( -2.139999999999999700, 0.0000000000000000000, 1.270000000000000000 ) ) ;
#9348 = MANIFOLD_SOLID_BREP ( 'LPattern3[5]', #7287 ) ;
#9349 = ORIENTED_EDGE ( 'NONE', *, *, #5778, .T. ) ;
#9350 = STYLED_ITEM ( 'NONE', ( #8209 ), #7148 ) ;
#9351 = CARTESIAN_POINT ( 'NONE',  ( 2.540000000000000900, 1.700000000000000000, -18.64999999999999900 ) ) ;
#9352 = CARTESIAN_POINT ( 'NONE',  ( -2.540000000000000000, 0.0000000000000000000, -0.9034210526315790100 ) ) ;
#9353 = AXIS2_PLACEMENT_3D ( 'NONE', #7681, #2609, #8512 ) ;
#9354 = ORIENTED_EDGE ( 'NONE', *, *, #9872, .T. ) ;
#9355 = FACE_OUTER_BOUND ( 'NONE', #2807, .T. ) ;
#9356 = DIRECTION ( 'NONE',  ( 0.7071067811865487900, 0.0000000000000000000, -0.7071067811865463500 ) ) ;
#9357 = AXIS2_PLACEMENT_3D ( 'NONE', #5903, #819, #6762 ) ;
#9358 = SURFACE_SIDE_STYLE ('',( #9678 ) ) ;
#9359 = ORIENTED_EDGE ( 'NONE', *, *, #5400, .T. ) ;
#9360 = DIRECTION ( 'NONE',  ( 0.7071067811865473500, 0.0000000000000000000, -0.7071067811865477900 ) ) ;
#9361 = CARTESIAN_POINT ( 'NONE',  ( 0.9499999999999999600, 11.70000000000000100, -12.92000000000000200 ) ) ;
#9362 = CARTESIAN_POINT ( 'NONE',  ( 2.140000000000000100, 1.700000000000000000, -21.59000000000000000 ) ) ;
#9363 =( LENGTH_UNIT ( ) NAMED_UNIT ( * ) SI_UNIT ( .MILLI., .METRE. ) );
#9364 = PRESENTATION_STYLE_ASSIGNMENT (( #6685 ) ) ;
#9365 = FILL_AREA_STYLE ('',( #8525 ) ) ;
#9366 = CARTESIAN_POINT ( 'NONE',  ( 2.020000000000001400, 0.2999999999999999900, 1.270000000000000000 ) ) ;
#9367 =( NAMED_UNIT ( * ) PLANE_ANGLE_UNIT ( ) SI_UNIT ( $, .RADIAN. ) );
#9368 = ORIENTED_EDGE ( 'NONE', *, *, #2233, .T. ) ;
#9369 = VERTEX_POINT ( 'NONE', #1239 ) ;
#9370 = PRESENTATION_LAYER_ASSIGNMENT (  '', '', ( #8258 ) ) ;
#9371 = DIRECTION ( 'NONE',  ( 0.7071067811865470200, 0.0000000000000000000, -0.7071067811865481300 ) ) ;
#9372 = ADVANCED_FACE ( 'NONE', ( #8392 ), #7168, .F. ) ;
#9373 =( GEOMETRIC_REPRESENTATION_CONTEXT ( 3 ) GLOBAL_UNCERTAINTY_ASSIGNED_CONTEXT ( ( #6001 ) ) GLOBAL_UNIT_ASSIGNED_CONTEXT ( ( #10258, #5241, #111 ) ) REPRESENTATION_CONTEXT ( 'NONE', 'WORKASPACE' ) );
#9374 = ORIENTED_EDGE ( 'NONE', *, *, #9499, .F. ) ;
#9375 = EDGE_LOOP ( 'NONE', ( #2106, #2689, #1823, #2283 ) ) ;
#9376 = COLOUR_RGB ( '',0.0000000000000000000, 0.003921568627450980300, 0.09019607843137254800 ) ;
#9377 = LINE ( 'NONE', #7499, #10586 ) ;
#9378 = LINE ( 'NONE', #9396, #7166 ) ;
#9379 = EDGE_LOOP ( 'NONE', ( #2631, #3215, #9710, #8335 ) ) ;
#9380 = ORIENTED_EDGE ( 'NONE', *, *, #1317, .F. ) ;
#9381 = CARTESIAN_POINT ( 'NONE',  ( -2.539999999999999600, 0.0000000000000000000, -4.243421052631578800 ) ) ;
#9382 = CARTESIAN_POINT ( 'NONE',  ( 1.590000000000000100, 11.70000000000000100, -20.54000000000000300 ) ) ;
#9383 = COLOUR_RGB ( '',0.7960784313725489700, 0.8235294117647058400, 0.9372549019607843100 ) ;
#9384 = EDGE_CURVE ( 'NONE', #6264, #7033, #1644, .T. ) ;
#9385 = FILL_AREA_STYLE_COLOUR ( '', #8243 ) ;
#9386 = MECHANICAL_DESIGN_GEOMETRIC_PRESENTATION_REPRESENTATION (  '', ( #7719 ), #9957 ) ;
#9387 = ORIENTED_EDGE ( 'NONE', *, *, #1170, .T. ) ;
#9388 =( NAMED_UNIT ( * ) PLANE_ANGLE_UNIT ( ) SI_UNIT ( $, .RADIAN. ) );
#9389 = COLOUR_RGB ( '',0.7960784313725489700, 0.8235294117647058400, 0.9372549019607843100 ) ;
#9390 = COLOUR_RGB ( '',0.7960784313725489700, 0.8235294117647058400, 0.9372549019607843100 ) ;
#9391 = PLANE ( 'NONE',  #1788 ) ;
#9392 =( LENGTH_UNIT ( ) NAMED_UNIT ( * ) SI_UNIT ( .MILLI., .METRE. ) );
#9393 = ORIENTED_EDGE ( 'NONE', *, *, #10825, .F. ) ;
#9394 = PRESENTATION_STYLE_ASSIGNMENT (( #1870 ) ) ;
#9395 = EDGE_CURVE ( 'NONE', #7448, #9525, #2309, .T. ) ;
#9396 = CARTESIAN_POINT ( 'NONE',  ( -2.539999999999999600, 1.700000000000000000, 0.8365789473684214200 ) ) ;
#9397 = LINE ( 'NONE', #8418, #7180 ) ;
#9398 = PRESENTATION_STYLE_ASSIGNMENT (( #9447 ) ) ;
#9399 = CARTESIAN_POINT ( 'NONE',  ( -1.590000000000000300, -2.799999999999999400, -15.45999999999999900 ) ) ;
#9400 = CARTESIAN_POINT ( 'NONE',  ( -2.140000000000000600, 0.0000000000000000000, -6.350000000000000500 ) ) ;
#9401 = EDGE_LOOP ( 'NONE', ( #2989, #5537, #6472, #6511 ) ) ;
#9402 = SURFACE_SIDE_STYLE ('',( #4003 ) ) ;
#9403 = ORIENTED_EDGE ( 'NONE', *, *, #8576, .F. ) ;
#9404 = CARTESIAN_POINT ( 'NONE',  ( 1.050000000000000000, -2.799999999999999400, -14.92000000000000200 ) ) ;
#9405 = EDGE_CURVE ( 'NONE', #3621, #7933, #30, .T. ) ;
#9406 = PRESENTATION_LAYER_ASSIGNMENT (  '', '', ( #8284 ) ) ;
#9407 = COLOUR_RGB ( '',0.7921568627450980000, 0.8196078431372548800, 0.9333333333333333500 ) ;
#9408 = LINE ( 'NONE', #10730, #6005 ) ;
#9409 = CARTESIAN_POINT ( 'NONE',  ( 1.050000000000000000, 11.70000000000000100, -12.38000000000000300 ) ) ;
#9410 = PLANE ( 'NONE',  #9677 ) ;
#9411 = DIRECTION ( 'NONE',  ( 0.7071067811865486800, 0.0000000000000000000, 0.7071067811865464600 ) ) ;
#9412 = ORIENTED_EDGE ( 'NONE', *, *, #4485, .F. ) ;
#9413 = CARTESIAN_POINT ( 'NONE',  ( -1.050000000000000000, -2.799999999999999400, -2.220000000000000200 ) ) ;
#9414 = SURFACE_STYLE_USAGE ( .BOTH. , #3537 ) ;
#9415 = CARTESIAN_POINT ( 'NONE',  ( -1.490000000000000000, -2.799999999999999400, -18.10000000000000100 ) ) ;
#9416 = LINE ( 'NONE', #908, #9152 ) ;
#9417 = CARTESIAN_POINT ( 'NONE',  ( -2.539999999999999600, 0.0000000000000000000, -11.86342105263158000 ) ) ;
#9418 = EDGE_LOOP ( 'NONE', ( #1561, #10051, #3497, #622, #4839, #8157, #1697, #7308 ) ) ;
#9419 = DIRECTION ( 'NONE',  ( -1.232047923278982000E-016, 0.0000000000000000000, 1.000000000000000000 ) ) ;
#9420 = UNCERTAINTY_MEASURE_WITH_UNIT (LENGTH_MEASURE( 1.000000000000000100E-005 ), #5046, 'distance_accuracy_value', 'NONE');
#9421 = VECTOR ( 'NONE', #3734, 1000.000000000000000 ) ;
#9422 = UNCERTAINTY_MEASURE_WITH_UNIT (LENGTH_MEASURE( 1.000000000000000100E-005 ), #8251, 'distance_accuracy_value', 'NONE');
#9423 = DIRECTION ( 'NONE',  ( 0.0000000000000000000, 0.0000000000000000000, 1.000000000000000000 ) ) ;
#9424 = CARTESIAN_POINT ( 'NONE',  ( 1.050000000000000000, -2.799999999999999400, -4.760000000000000700 ) ) ;
#9425 = SURFACE_STYLE_USAGE ( .BOTH. , #3546 ) ;
#9426 = PRESENTATION_LAYER_ASSIGNMENT (  '', '', ( #8299 ) ) ;
#9427 = PRESENTATION_STYLE_ASSIGNMENT (( #1783 ) ) ;
#9428 = ORIENTED_EDGE ( 'NONE', *, *, #7084, .F. ) ;
#9429 = FILL_AREA_STYLE_COLOUR ( '', #380 ) ;
#9430 = CARTESIAN_POINT ( 'NONE',  ( -1.490000000000000000, -2.799999999999999400, -2.860000000000000300 ) ) ;
#9431 = AXIS2_PLACEMENT_3D ( 'NONE', #10451, #5420, #306 ) ;
#9432 = DIRECTION ( 'NONE',  ( -0.7071067811865489100, 0.0000000000000000000, 0.7071067811865462400 ) ) ;
#9433 = CARTESIAN_POINT ( 'NONE',  ( -1.050000000000000000, 11.70000000000000100, -20.00000000000000000 ) ) ;
#9434 = COLOUR_RGB ( '',0.0000000000000000000, 0.003921568627450980300, 0.09019607843137254800 ) ;
#9435 = ADVANCED_FACE ( 'NONE', ( #6574 ), #5551, .T. ) ;
#9436 = EDGE_CURVE ( 'NONE', #4807, #7861, #9967, .T. ) ;
#9437 =( NAMED_UNIT ( * ) PLANE_ANGLE_UNIT ( ) SI_UNIT ( $, .RADIAN. ) );
#9438 = DIRECTION ( 'NONE',  ( 0.7071067811865477900, 0.0000000000000000000, -0.7071067811865473500 ) ) ;
#9439 = STYLED_ITEM ( 'NONE', ( #6431 ), #9489 ) ;
#9440 = DIRECTION ( 'NONE',  ( 0.0000000000000000000, -1.000000000000000000, 0.0000000000000000000 ) ) ;
#9441 = CARTESIAN_POINT ( 'NONE',  ( -1.590000000000000300, -2.799999999999999400, -9.940000000000001300 ) ) ;
#9442 = COLOUR_RGB ( '',0.7960784313725489700, 0.8235294117647058400, 0.9372549019607843100 ) ;
#9443 = PRESENTATION_LAYER_ASSIGNMENT (  '', '', ( #8314 ) ) ;
#9444 =( GEOMETRIC_REPRESENTATION_CONTEXT ( 3 ) GLOBAL_UNCERTAINTY_ASSIGNED_CONTEXT ( ( #8803 ) ) GLOBAL_UNIT_ASSIGNED_CONTEXT ( ( #10542, #5502, #387 ) ) REPRESENTATION_CONTEXT ( 'NONE', 'WORKASPACE' ) );
#9445 = FACE_OUTER_BOUND ( 'NONE', #1597, .T. ) ;
#9446 =( GEOMETRIC_REPRESENTATION_CONTEXT ( 3 ) GLOBAL_UNCERTAINTY_ASSIGNED_CONTEXT ( ( #3712 ) ) GLOBAL_UNIT_ASSIGNED_CONTEXT ( ( #10347, #5316, #196 ) ) REPRESENTATION_CONTEXT ( 'NONE', 'WORKASPACE' ) );
#9447 = SURFACE_STYLE_USAGE ( .BOTH. , #3572 ) ;
#9448 = CARTESIAN_POINT ( 'NONE',  ( 1.490000000000000000, 11.70000000000000100, 0.3199999999999999000 ) ) ;
#9449 = FILL_AREA_STYLE_COLOUR ( '', #796 ) ;
#9450 = ADVANCED_FACE ( 'NONE', ( #5511 ), #467, .T. ) ;
#9451 =( LENGTH_UNIT ( ) NAMED_UNIT ( * ) SI_UNIT ( .MILLI., .METRE. ) );
#9452 = LINE ( 'NONE', #4562, #4996 ) ;
#9453 =( GEOMETRIC_REPRESENTATION_CONTEXT ( 3 ) GLOBAL_UNCERTAINTY_ASSIGNED_CONTEXT ( ( #4718 ) ) GLOBAL_UNIT_ASSIGNED_CONTEXT ( ( #6315, #1245, #7175 ) ) REPRESENTATION_CONTEXT ( 'NONE', 'WORKASPACE' ) );
#9454 = VERTEX_POINT ( 'NONE', #10632 ) ;
#9455 = EDGE_CURVE ( 'NONE', #6990, #5918, #6966, .T. ) ;
#9456 = MECHANICAL_DESIGN_GEOMETRIC_PRESENTATION_REPRESENTATION (  '', ( #7787 ), #10018 ) ;
#9457 = FILL_AREA_STYLE ('',( #3581 ) ) ;
#9458 = VECTOR ( 'NONE', #9787, 1000.000000000000000 ) ;
#9459 = LINE ( 'NONE', #4070, #2995 ) ;
#9460 = EDGE_CURVE ( 'NONE', #2523, #2380, #4717, .T. ) ;
#9461 = EDGE_LOOP ( 'NONE', ( #8229, #7256, #9128, #4556 ) ) ;
#9462 = ORIENTED_EDGE ( 'NONE', *, *, #4698, .T. ) ;
#9463 = EDGE_CURVE ( 'NONE', #8737, #10577, #9173, .T. ) ;
#9464 =( LENGTH_UNIT ( ) NAMED_UNIT ( * ) SI_UNIT ( .MILLI., .METRE. ) );
#9465 =( LENGTH_UNIT ( ) NAMED_UNIT ( * ) SI_UNIT ( .MILLI., .METRE. ) );
#9466 =( LENGTH_UNIT ( ) NAMED_UNIT ( * ) SI_UNIT ( .MILLI., .METRE. ) );
#9467 = CARTESIAN_POINT ( 'NONE',  ( -1.590000000000000300, -2.799999999999999400, -4.860000000000000300 ) ) ;
#9468 = PRESENTATION_LAYER_ASSIGNMENT (  '', '', ( #8348 ) ) ;
#9469 = VECTOR ( 'NONE', #9535, 1000.000000000000000 ) ;
#9470 = VECTOR ( 'NONE', #8008, 1000.000000000000000 ) ;
#9471 = EDGE_LOOP ( 'NONE', ( #5093, #2988, #5976, #5868, #7529, #1749, #8543, #9886 ) ) ;
#9472 =( LENGTH_UNIT ( ) NAMED_UNIT ( * ) SI_UNIT ( .MILLI., .METRE. ) );
#9473 = CARTESIAN_POINT ( 'NONE',  ( 2.140000000000001500, 1.700000000000000000, -16.51000000000000200 ) ) ;
#9474 =( LENGTH_UNIT ( ) NAMED_UNIT ( * ) SI_UNIT ( .MILLI., .METRE. ) );
#9475 = SURFACE_STYLE_FILL_AREA ( #8446 ) ;
#9476 = CARTESIAN_POINT ( 'NONE',  ( -2.539999999999999600, 1.700000000000000000, -11.86342105263158000 ) ) ;
#9477 = SURFACE_SIDE_STYLE ('',( #4306 ) ) ;
#9478 = ORIENTED_EDGE ( 'NONE', *, *, #839, .T. ) ;
#9479 = DIRECTION ( 'NONE',  ( -0.7071067811865464600, 0.0000000000000000000, 0.7071067811865486800 ) ) ;
#9480 = SURFACE_STYLE_USAGE ( .BOTH. , #3609 ) ;
#9481 = COLOUR_RGB ( '',0.7921568627450980000, 0.8196078431372548800, 0.9333333333333333500 ) ;
#9482 = SURFACE_STYLE_USAGE ( .BOTH. , #3610 ) ;
#9483 = DIRECTION ( 'NONE',  ( 0.7071067811865463500, -0.0000000000000000000, 0.7071067811865487900 ) ) ;
#9484 = EDGE_CURVE ( 'NONE', #5302, #7193, #172, .T. ) ;
#9485 = DIRECTION ( 'NONE',  ( -0.7071067811865489100, -0.0000000000000000000, 0.7071067811865462400 ) ) ;
#9486 = ORIENTED_EDGE ( 'NONE', *, *, #10389, .T. ) ;
#9487 = VERTEX_POINT ( 'NONE', #6502 ) ;
#9488 = CARTESIAN_POINT ( 'NONE',  ( 1.590000000000000100, 11.70000000000000100, -7.839999999999999900 ) ) ;
#9489 = ADVANCED_FACE ( 'NONE', ( #8644 ), #2262, .F. ) ;
#9490 = STYLED_ITEM ( 'NONE', ( #7165 ), #6272 ) ;
#9491 = VECTOR ( 'NONE', #10442, 1000.000000000000000 ) ;
#9492 = MECHANICAL_DESIGN_GEOMETRIC_PRESENTATION_REPRESENTATION (  '', ( #7824 ), #10060 ) ;
#9493 = EDGE_LOOP ( 'NONE', ( #382, #4925, #517, #10709 ) ) ;
#9494 = VECTOR ( 'NONE', #6022, 1000.000000000000100 ) ;
#9495 = MECHANICAL_DESIGN_GEOMETRIC_PRESENTATION_REPRESENTATION (  '', ( #7826 ), #10063 ) ;
#9496 = CARTESIAN_POINT ( 'NONE',  ( 0.9499999999999999600, -2.799999999999999400, -12.92000000000000200 ) ) ;
#9497 = CARTESIAN_POINT ( 'NONE',  ( -1.590000000000000300, -2.799999999999999400, -20.54000000000000300 ) ) ;
#9498 =( LENGTH_UNIT ( ) NAMED_UNIT ( * ) SI_UNIT ( .MILLI., .METRE. ) );
#9499 = EDGE_CURVE ( 'NONE', #3314, #8714, #7880, .T. ) ;
#9500 = VECTOR ( 'NONE', #4301, 1000.000000000000000 ) ;
#9501 = ADVANCED_FACE ( 'NONE', ( #3383 ), #2297, .T. ) ;
#9502 = ORIENTED_EDGE ( 'NONE', *, *, #5014, .F. ) ;
#9503 = CARTESIAN_POINT ( 'NONE',  ( 1.490000000000000000, -2.799999999999999400, -5.400000000000000400 ) ) ;
#9504 = DIRECTION ( 'NONE',  ( 0.0000000000000000000, 1.000000000000000000, 0.0000000000000000000 ) ) ;
#9505 = ORIENTED_EDGE ( 'NONE', *, *, #2686, .T. ) ;
#9506 = ORIENTED_EDGE ( 'NONE', *, *, #1299, .T. ) ;
#9507 = SURFACE_STYLE_FILL_AREA ( #4714 ) ;
#9508 = STYLED_ITEM ( 'NONE', ( #8132 ), #8622 ) ;
#9509 = LINE ( 'NONE', #6738, #3049 ) ;
#9510 = CARTESIAN_POINT ( 'NONE',  ( 0.9499999999999999600, 11.70000000000000100, -2.319999999999999800 ) ) ;
#9511 = SURFACE_STYLE_FILL_AREA ( #6239 ) ;
#9512 = ORIENTED_EDGE ( 'NONE', *, *, #6742, .F. ) ;
#9513 = PRESENTATION_STYLE_ASSIGNMENT (( #2354 ) ) ;
#9514 =( GEOMETRIC_REPRESENTATION_CONTEXT ( 3 ) GLOBAL_UNCERTAINTY_ASSIGNED_CONTEXT ( ( #2379 ) ) GLOBAL_UNIT_ASSIGNED_CONTEXT ( ( #9829, #4808, #10690 ) ) REPRESENTATION_CONTEXT ( 'NONE', 'WORKASPACE' ) );
#9515 = SURFACE_STYLE_USAGE ( .BOTH. , #3645 ) ;
#9516 = DIRECTION ( 'NONE',  ( -0.7071067811865469100, -0.0000000000000000000, 0.7071067811865482400 ) ) ;
#9517 = DIRECTION ( 'NONE',  ( 0.7071067811865477900, 0.0000000000000000000, -0.7071067811865473500 ) ) ;
#9518 =( LENGTH_UNIT ( ) NAMED_UNIT ( * ) SI_UNIT ( .MILLI., .METRE. ) );
#9519 = ORIENTED_EDGE ( 'NONE', *, *, #9755, .T. ) ;
#9520 = ORIENTED_EDGE ( 'NONE', *, *, #4249, .F. ) ;
#9521 = CARTESIAN_POINT ( 'NONE',  ( -1.590000000000000300, -2.799999999999999400, 0.2199999999999998100 ) ) ;
#9522 = CARTESIAN_POINT ( 'NONE',  ( -2.139999999999999700, 1.700000000000000000, 1.270000000000000000 ) ) ;
#9523 = FILL_AREA_STYLE ('',( #3654 ) ) ;
#9524 = LINE ( 'NONE', #674, #797 ) ;
#9525 = VERTEX_POINT ( 'NONE', #1453 ) ;
#9526 = SURFACE_STYLE_FILL_AREA ( #2301 ) ;
#9527 = STYLED_ITEM ( 'NONE', ( #6669 ), #4667 ) ;
#9528 = PRESENTATION_STYLE_ASSIGNMENT (( #6082 ) ) ;
#9529 = DIRECTION ( 'NONE',  ( 0.6756367705307529900, -0.0000000000000000000, 0.7372346670543747900 ) ) ;
#9530 = COLOUR_RGB ( '',0.7960784313725489700, 0.8235294117647058400, 0.9372549019607843100 ) ;
#9531 = ORIENTED_EDGE ( 'NONE', *, *, #8126, .T. ) ;
#9532 = EDGE_CURVE ( 'NONE', #1872, #7823, #9291, .T. ) ;
#9533 = VERTEX_POINT ( 'NONE', #9095 ) ;
#9534 = CARTESIAN_POINT ( 'NONE',  ( 1.590000000000000100, -2.799999999999999400, -5.300000000000000700 ) ) ;
#9535 = DIRECTION ( 'NONE',  ( -1.000000000000000000, -0.0000000000000000000, -0.0000000000000000000 ) ) ;
#9536 = LINE ( 'NONE', #1642, #7310 ) ;
#9537 = EDGE_LOOP ( 'NONE', ( #9080, #9122, #1629, #5310 ) ) ;
#9538 =( NAMED_UNIT ( * ) PLANE_ANGLE_UNIT ( ) SI_UNIT ( $, .RADIAN. ) );
#9539 = DIRECTION ( 'NONE',  ( -0.6782059721786390900, 0.0000000000000000000, -0.7348718659067219300 ) ) ;
#9540 = VERTEX_POINT ( 'NONE', #4052 ) ;
#9541 = SURFACE_SIDE_STYLE ('',( #10931 ) ) ;
#9542 = DIRECTION ( 'NONE',  ( -0.7071067811865482400, 0.0000000000000000000, -0.7071067811865469100 ) ) ;
#9543 = EDGE_CURVE ( 'NONE', #4283, #5664, #6826, .T. ) ;
#9544 = FACE_OUTER_BOUND ( 'NONE', #9461, .T. ) ;
#9545 = PLANE ( 'NONE',  #4390 ) ;
#9547 = ORIENTED_EDGE ( 'NONE', *, *, #6690, .T. ) ;
#9546 =( LENGTH_UNIT ( ) NAMED_UNIT ( * ) SI_UNIT ( .MILLI., .METRE. ) );
#9548 = EDGE_CURVE ( 'NONE', #3478, #6642, #7093, .T. ) ;
#9549 = LINE ( 'NONE', #3435, #540 ) ;
#9550 = CARTESIAN_POINT ( 'NONE',  ( 0.9499999999999999600, 11.70000000000000100, -12.48000000000000200 ) ) ;
#9551 = PRESENTATION_STYLE_ASSIGNMENT (( #8379 ) ) ;
#9552 = CARTESIAN_POINT ( 'NONE',  ( -2.540000000000000000, 1.700000000000000000, -18.68342105263158000 ) ) ;
#9553 = DIRECTION ( 'NONE',  ( -1.232047923278982000E-016, 0.0000000000000000000, 1.000000000000000000 ) ) ;
#9554 = PRESENTATION_LAYER_ASSIGNMENT (  '', '', ( #8421 ) ) ;
#9555 = ORIENTED_EDGE ( 'NONE', *, *, #977, .T. ) ;
#9556 = UNCERTAINTY_MEASURE_WITH_UNIT (LENGTH_MEASURE( 1.000000000000000100E-005 ), #9558, 'distance_accuracy_value', 'NONE');
#9557 = DIRECTION ( 'NONE',  ( 0.0000000000000000000, -0.0000000000000000000, -1.000000000000000000 ) ) ;
#9558 =( LENGTH_UNIT ( ) NAMED_UNIT ( * ) SI_UNIT ( .MILLI., .METRE. ) );
#9559 = MECHANICAL_DESIGN_GEOMETRIC_PRESENTATION_REPRESENTATION (  '', ( #7892 ), #10129 ) ;
#9560 = ADVANCED_FACE ( 'NONE', ( #2296 ), #3237, .T. ) ;
#9561 = DIRECTION ( 'NONE',  ( -0.7071067811865461300, 0.0000000000000000000, 0.7071067811865489100 ) ) ;
#9562 = SURFACE_STYLE_USAGE ( .BOTH. , #3694 ) ;
#9563 = UNCERTAINTY_MEASURE_WITH_UNIT (LENGTH_MEASURE( 1.000000000000000100E-005 ), #8488, 'distance_accuracy_value', 'NONE');
#9564 = VECTOR ( 'NONE', #1434, 1000.000000000000000 ) ;
#9565 = PRESENTATION_STYLE_ASSIGNMENT (( #8548 ) ) ;
#9566 = COLOUR_RGB ( '',0.7921568627450980000, 0.8196078431372548800, 0.9333333333333333500 ) ;
#9567 = EDGE_CURVE ( 'NONE', #7255, #6916, #10231, .T. ) ;
#9568 = VECTOR ( 'NONE', #96, 1000.000000000000000 ) ;
#9569 =( NAMED_UNIT ( * ) PLANE_ANGLE_UNIT ( ) SI_UNIT ( $, .RADIAN. ) );
#9570 =( LENGTH_UNIT ( ) NAMED_UNIT ( * ) SI_UNIT ( .MILLI., .METRE. ) );
#9571 = VECTOR ( 'NONE', #8003, 1000.000000000000000 ) ;
#9572 = COLOUR_RGB ( '',0.0000000000000000000, 0.003921568627450980300, 0.09019607843137254800 ) ;
#9573 = CARTESIAN_POINT ( 'NONE',  ( -2.540000000000000000, 1.700000000000000000, -0.9034210526315790100 ) ) ;
#9574 = CARTESIAN_POINT ( 'NONE',  ( -1.050000000000000000, -2.799999999999999400, -18.10000000000000100 ) ) ;
#9575 =( GEOMETRIC_REPRESENTATION_CONTEXT ( 3 ) GLOBAL_UNCERTAINTY_ASSIGNED_CONTEXT ( ( #4220 ) ) GLOBAL_UNIT_ASSIGNED_CONTEXT ( ( #2419, #8339, #3287 ) ) REPRESENTATION_CONTEXT ( 'NONE', 'WORKASPACE' ) );
#9576 = DIRECTION ( 'NONE',  ( -0.0000000000000000000, -0.0000000000000000000, -1.000000000000000000 ) ) ;
#9577 = STYLED_ITEM ( 'NONE', ( #10467 ), #1841 ) ;
#9578 = PRESENTATION_STYLE_ASSIGNMENT (( #5017 ) ) ;
#9579 = DIRECTION ( 'NONE',  ( 0.0000000000000000000, 1.000000000000000000, 0.0000000000000000000 ) ) ;
#9580 = COLOUR_RGB ( '',0.7960784313725489700, 0.8235294117647058400, 0.9372549019607843100 ) ;
#9581 = SURFACE_STYLE_FILL_AREA ( #788 ) ;
#9582 = ORIENTED_EDGE ( 'NONE', *, *, #6317, .F. ) ;
#9583 = STYLED_ITEM ( 'NONE', ( #4992 ), #4317 ) ;
#9584 = AXIS2_PLACEMENT_3D ( 'NONE', #9176, #4151, #10030 ) ;
#9585 = CARTESIAN_POINT ( 'NONE',  ( 1.050000000000000000, -2.799999999999999400, -2.220000000000000200 ) ) ;
#9586 = FILL_AREA_STYLE ('',( #2847 ) ) ;
#9587 =( NAMED_UNIT ( * ) SI_UNIT ( $, .STERADIAN. ) SOLID_ANGLE_UNIT ( ) );
#9588 = LINE ( 'NONE', #6604, #5135 ) ;
#9589 = LINE ( 'NONE', #5605, #5136 ) ;
#9590 = DIRECTION ( 'NONE',  ( -0.0000000000000000000, -1.000000000000000000, -0.0000000000000000000 ) ) ;
#9591 = SURFACE_STYLE_USAGE ( .BOTH. , #3728 ) ;
#9592 = ORIENTED_EDGE ( 'NONE', *, *, #5171, .F. ) ;
#9593 = EDGE_CURVE ( 'NONE', #6054, #1576, #6029, .T. ) ;
#9594 = ORIENTED_EDGE ( 'NONE', *, *, #3191, .T. ) ;
#9595 = STYLED_ITEM ( 'NONE', ( #8640 ), #3503 ) ;
#9596 = PRESENTATION_LAYER_ASSIGNMENT (  '', '', ( #8475 ) ) ;
#9597 = DIRECTION ( 'NONE',  ( 1.000000000000000000, 0.0000000000000000000, 0.0000000000000000000 ) ) ;
#9598 = EDGE_CURVE ( 'NONE', #8684, #7974, #7993, .T. ) ;
#9599 = ORIENTED_EDGE ( 'NONE', *, *, #5171, .T. ) ;
#9600 = ORIENTED_EDGE ( 'NONE', *, *, #385, .F. ) ;
#9601 = DIRECTION ( 'NONE',  ( 0.7348718659067219300, 0.0000000000000000000, -0.6782059721786390900 ) ) ;
#9602 = CARTESIAN_POINT ( 'NONE',  ( -1.490000000000000200, -2.799999999999999400, -7.299999999999999800 ) ) ;
#9603 = ADVANCED_FACE ( 'NONE', ( #3515 ), #6691, .F. ) ;
#9604 = EDGE_CURVE ( 'NONE', #2406, #9163, #6956, .T. ) ;
#9605 = CARTESIAN_POINT ( 'NONE',  ( 1.490000000000000000, -2.799999999999999400, -2.860000000000000300 ) ) ;
#9606 = AXIS2_PLACEMENT_3D ( 'NONE', #3493, #9360, #4344 ) ;
#9607 = UNCERTAINTY_MEASURE_WITH_UNIT (LENGTH_MEASURE( 1.000000000000000100E-005 ), #4244, 'distance_accuracy_value', 'NONE');
#9608 = COLOUR_RGB ( '',0.7960784313725489700, 0.8235294117647058400, 0.9372549019607843100 ) ;
#9609 = ORIENTED_EDGE ( 'NONE', *, *, #7934, .T. ) ;
#9610 = SURFACE_STYLE_USAGE ( .BOTH. , #3746 ) ;
#9611 = CARTESIAN_POINT ( 'NONE',  ( -1.490000000000000000, -2.799999999999999400, -10.48000000000000200 ) ) ;
#9612 = UNCERTAINTY_MEASURE_WITH_UNIT (LENGTH_MEASURE( 1.000000000000000100E-005 ), #323, 'distance_accuracy_value', 'NONE');
#9613 = ORIENTED_EDGE ( 'NONE', *, *, #9747, .T. ) ;
#9614 = COLOUR_RGB ( '',0.0000000000000000000, 0.003921568627450980300, 0.09019607843137254800 ) ;
#9615 = DIRECTION ( 'NONE',  ( -0.7071067811865489100, 0.0000000000000000000, 0.7071067811865462400 ) ) ;
#9616 = FILL_AREA_STYLE ('',( #2886 ) ) ;
#9617 = CARTESIAN_POINT ( 'NONE',  ( 0.9499999999999999600, 11.70000000000000100, -15.45999999999999900 ) ) ;
#9618 = LINE ( 'NONE', #5280, #903 ) ;
#9619 = VECTOR ( 'NONE', #1488, 999.9999999999998900 ) ;
#9620 = CARTESIAN_POINT ( 'NONE',  ( -2.140000000000000600, 0.0000000000000000000, -21.59000000000000000 ) ) ;
#9621 =( LENGTH_UNIT ( ) NAMED_UNIT ( * ) SI_UNIT ( .MILLI., .METRE. ) );
#9622 = DIRECTION ( 'NONE',  ( 0.0000000000000000000, 0.0000000000000000000, -1.000000000000000000 ) ) ;
#9623 = UNCERTAINTY_MEASURE_WITH_UNIT (LENGTH_MEASURE( 1.000000000000000100E-005 ), #10687, 'distance_accuracy_value', 'NONE');
#9624 = ORIENTED_EDGE ( 'NONE', *, *, #8119, .F. ) ;
#9625 = ORIENTED_EDGE ( 'NONE', *, *, #601, .F. ) ;
#9626 = LINE ( 'NONE', #1515, #3181 ) ;
#9627 = FACE_OUTER_BOUND ( 'NONE', #10719, .T. ) ;
#9628 = STYLED_ITEM ( 'NONE', ( #2476 ), #7817 ) ;
#9629 = ORIENTED_EDGE ( 'NONE', *, *, #6565, .T. ) ;
#9630 =( NAMED_UNIT ( * ) SI_UNIT ( $, .STERADIAN. ) SOLID_ANGLE_UNIT ( ) );
#9631 = DIRECTION ( 'NONE',  ( 0.0000000000000000000, 0.0000000000000000000, 1.000000000000000000 ) ) ;
#9632 = EDGE_CURVE ( 'NONE', #10984, #9227, #2706, .T. ) ;
#9633 = ORIENTED_EDGE ( 'NONE', *, *, #21, .T. ) ;
#9634 = EDGE_LOOP ( 'NONE', ( #7362, #9206, #7045, #10078 ) ) ;
#9635 =( NAMED_UNIT ( * ) PLANE_ANGLE_UNIT ( ) SI_UNIT ( $, .RADIAN. ) );
#9636 = DIRECTION ( 'NONE',  ( -0.0000000000000000000, -0.0000000000000000000, -1.000000000000000000 ) ) ;
#9637 = LINE ( 'NONE', #3724, #7418 ) ;
#9638 = MECHANICAL_DESIGN_GEOMETRIC_PRESENTATION_REPRESENTATION (  '', ( #7963 ), #10219 ) ;
#9639 = LINE ( 'NONE', #6099, #2652 ) ;
#9640 = SURFACE_SIDE_STYLE ('',( #6170 ) ) ;
#9641 = ORIENTED_EDGE ( 'NONE', *, *, #10713, .T. ) ;
#9642 = ORIENTED_EDGE ( 'NONE', *, *, #9997, .F. ) ;
#9643 = FACE_OUTER_BOUND ( 'NONE', #10618, .T. ) ;
#9644 = FACE_OUTER_BOUND ( 'NONE', #3270, .T. ) ;
#9645 = LINE ( 'NONE', #5461, #932 ) ;
#9646 = AXIS2_PLACEMENT_3D ( 'NONE', #5233, #102, #6063 ) ;
#9647 = MECHANICAL_DESIGN_GEOMETRIC_PRESENTATION_REPRESENTATION (  '', ( #7971 ), #10227 ) ;
#9648 = AXIS2_PLACEMENT_3D ( 'NONE', #10153, #5126, #11011 ) ;
#9649 = VERTEX_POINT ( 'NONE', #9222 ) ;
#9650 = CARTESIAN_POINT ( 'NONE',  ( -1.490000000000000200, -2.799999999999999400, 0.3199999999999998400 ) ) ;
#9651 = PLANE ( 'NONE',  #3400 ) ;
#9652 = PRESENTATION_STYLE_ASSIGNMENT (( #41 ) ) ;
#9653 = MECHANICAL_DESIGN_GEOMETRIC_PRESENTATION_REPRESENTATION (  '', ( #7976 ), #10234 ) ;
#9654 = DIRECTION ( 'NONE',  ( 0.0000000000000000000, 1.000000000000000000, 0.0000000000000000000 ) ) ;
#9655 = ORIENTED_EDGE ( 'NONE', *, *, #1476, .T. ) ;
#9656 = FACE_OUTER_BOUND ( 'NONE', #5132, .T. ) ;
#9657 = VECTOR ( 'NONE', #1798, 1000.000000000000000 ) ;
#9658 = CARTESIAN_POINT ( 'NONE',  ( 1.590000000000000100, 11.70000000000000100, -15.45999999999999900 ) ) ;
#9659 = FILL_AREA_STYLE_COLOUR ( '', #3093 ) ;
#9660 = PLANE ( 'NONE',  #4766 ) ;
#9661 = FILL_AREA_STYLE_COLOUR ( '', #9383 ) ;
#9662 = EDGE_CURVE ( 'NONE', #5418, #8734, #8904, .T. ) ;
#9663 = VERTEX_POINT ( 'NONE', #6728 ) ;
#9664 =( NAMED_UNIT ( * ) SI_UNIT ( $, .STERADIAN. ) SOLID_ANGLE_UNIT ( ) );
#9665 = FILL_AREA_STYLE_COLOUR ( '', #8586 ) ;
#9666 = ADVANCED_FACE ( 'NONE', ( #162 ), #815, .T. ) ;
#9667 =( LENGTH_UNIT ( ) NAMED_UNIT ( * ) SI_UNIT ( .MILLI., .METRE. ) );
#9668 = PRESENTATION_LAYER_ASSIGNMENT (  '', '', ( #8537 ) ) ;
#9669 = EDGE_LOOP ( 'NONE', ( #7679, #7500, #8053, #1061 ) ) ;
#9670 =( GEOMETRIC_REPRESENTATION_CONTEXT ( 3 ) GLOBAL_UNCERTAINTY_ASSIGNED_CONTEXT ( ( #1831 ) ) GLOBAL_UNIT_ASSIGNED_CONTEXT ( ( #7047, #1954, #7889 ) ) REPRESENTATION_CONTEXT ( 'NONE', 'WORKASPACE' ) );
#9671 = EDGE_CURVE ( 'NONE', #5143, #2682, #3651, .T. ) ;
#9672 = EDGE_CURVE ( 'NONE', #242, #6863, #5887, .T. ) ;
#9673 = FACE_OUTER_BOUND ( 'NONE', #8146, .T. ) ;
#9674 = VERTEX_POINT ( 'NONE', #5938 ) ;
#9675 = SURFACE_SIDE_STYLE ('',( #9322 ) ) ;
#9676 = DIRECTION ( 'NONE',  ( -0.7071067811865489100, 0.0000000000000000000, 0.7071067811865462400 ) ) ;
#9677 = AXIS2_PLACEMENT_3D ( 'NONE', #1830, #7780, #2704 ) ;
#9678 = SURFACE_STYLE_FILL_AREA ( #3492 ) ;
#9679 = FILL_AREA_STYLE_COLOUR ( '', #7813 ) ;
#9680 = PRODUCT_DEFINITION_CONTEXT ( 'detailed design', #3080, 'design' ) ;
#9681 = DIRECTION ( 'NONE',  ( -0.0000000000000000000, -1.000000000000000000, -0.0000000000000000000 ) ) ;
#9682 = VERTEX_POINT ( 'NONE', #7635 ) ;
#9683 =( NAMED_UNIT ( * ) SI_UNIT ( $, .STERADIAN. ) SOLID_ANGLE_UNIT ( ) );
#9684 = FACE_OUTER_BOUND ( 'NONE', #10952, .T. ) ;
#9685 = VECTOR ( 'NONE', #2757, 1000.000000000000000 ) ;
#9686 = SURFACE_STYLE_FILL_AREA ( #943 ) ;
#9687 = UNCERTAINTY_MEASURE_WITH_UNIT (LENGTH_MEASURE( 1.000000000000000100E-005 ), #9329, 'distance_accuracy_value', 'NONE');
#9688 = CARTESIAN_POINT ( 'NONE',  ( -2.140000000000000600, 0.0000000000000000000, -19.05000000000000100 ) ) ;
#9689 = DIRECTION ( 'NONE',  ( -0.7071067811865469100, -0.0000000000000000000, 0.7071067811865482400 ) ) ;
#9690 = EDGE_CURVE ( 'NONE', #684, #3495, #3375, .T. ) ;
#9691 = CARTESIAN_POINT ( 'NONE',  ( -1.590000000000000300, -2.799999999999999400, -17.55999999999999900 ) ) ;
#9692 = MANIFOLD_SOLID_BREP ( 'LPattern3[3]', #10950 ) ;
#9693 = VECTOR ( 'NONE', #7272, 1000.000000000000100 ) ;
#9694 = FACE_OUTER_BOUND ( 'NONE', #5866, .T. ) ;
#9695 = SURFACE_STYLE_FILL_AREA ( #6380 ) ;
#9696 = CARTESIAN_POINT ( 'NONE',  ( -1.050000000000000000, -2.799999999999999400, -9.840000000000001600 ) ) ;
#9697 = FILL_AREA_STYLE_COLOUR ( '', #4252 ) ;
#9698 = DIRECTION ( 'NONE',  ( 0.7372346670543746800, 0.0000000000000000000, -0.6756367705307528800 ) ) ;
#9699 = PRESENTATION_LAYER_ASSIGNMENT (  '', '', ( #8570 ) ) ;
#9700 = FILL_AREA_STYLE_COLOUR ( '', #1509 ) ;
#9701 = STYLED_ITEM ( 'NONE', ( #1834 ), #7404 ) ;
#9702 = VECTOR ( 'NONE', #9226, 1000.000000000000000 ) ;
#9703 = FACE_OUTER_BOUND ( 'NONE', #5350, .T. ) ;
#9704 = EDGE_CURVE ( 'NONE', #6863, #7033, #4841, .T. ) ;
#9705 = LINE ( 'NONE', #254, #9311 ) ;
#9706 = COLOUR_RGB ( '',0.7960784313725489700, 0.8235294117647058400, 0.9372549019607843100 ) ;
#9707 = CARTESIAN_POINT ( 'NONE',  ( 1.490000000000000000, -2.799999999999999400, -20.00000000000000000 ) ) ;
#9708 = DIRECTION ( 'NONE',  ( -0.7071067811865489100, -0.0000000000000000000, -0.7071067811865461300 ) ) ;
#9709 = PRESENTATION_LAYER_ASSIGNMENT (  '', '', ( #8581 ) ) ;
#9710 = ORIENTED_EDGE ( 'NONE', *, *, #715, .F. ) ;
#9711 = FILL_AREA_STYLE_COLOUR ( '', #4107 ) ;
#9712 = CARTESIAN_POINT ( 'NONE',  ( 2.540000000000000900, 1.700000000000000000, -16.91000000000000000 ) ) ;
#9713 = SURFACE_STYLE_FILL_AREA ( #6749 ) ;
#9714 = MECHANICAL_DESIGN_GEOMETRIC_PRESENTATION_REPRESENTATION (  '', ( #8029 ), #10294 ) ;
#9715 = ADVANCED_FACE ( 'NONE', ( #9820 ), #10199, .T. ) ;
#9716 = PRESENTATION_STYLE_ASSIGNMENT (( #10758 ) ) ;
#9717 = DIRECTION ( 'NONE',  ( 1.000000000000000000, 0.0000000000000000000, 0.0000000000000000000 ) ) ;
#9718 = LINE ( 'NONE', #7258, #1018 ) ;
#9719 = MECHANICAL_DESIGN_GEOMETRIC_PRESENTATION_REPRESENTATION (  '', ( #8033 ), #10302 ) ;
#9720 = ORIENTED_EDGE ( 'NONE', *, *, #9331, .T. ) ;
#9721 = ORIENTED_EDGE ( 'NONE', *, *, #980, .T. ) ;
#9722 = STYLED_ITEM ( 'NONE', ( #5863 ), #10107 ) ;
#9723 = ORIENTED_EDGE ( 'NONE', *, *, #6068, .F. ) ;
#9724 =( NAMED_UNIT ( * ) SI_UNIT ( $, .STERADIAN. ) SOLID_ANGLE_UNIT ( ) );
#9725 =( NAMED_UNIT ( * ) SI_UNIT ( $, .STERADIAN. ) SOLID_ANGLE_UNIT ( ) );
#9726 = COLOUR_RGB ( '',0.0000000000000000000, 0.003921568627450980300, 0.09019607843137254800 ) ;
#9727 = SURFACE_STYLE_FILL_AREA ( #215 ) ;
#9728 =( GEOMETRIC_REPRESENTATION_CONTEXT ( 3 ) GLOBAL_UNCERTAINTY_ASSIGNED_CONTEXT ( ( #10517 ) ) GLOBAL_UNIT_ASSIGNED_CONTEXT ( ( #5648, #530, #6494 ) ) REPRESENTATION_CONTEXT ( 'NONE', 'WORKASPACE' ) );
#9729 = LINE ( 'NONE', #7024, #5019 ) ;
#9730 = LINE ( 'NONE', #10525, #3276 ) ;
#9731 = CARTESIAN_POINT ( 'NONE',  ( 2.140000000000001500, 0.0000000000000000000, -3.810000000000000100 ) ) ;
#9732 = ORIENTED_EDGE ( 'NONE', *, *, #7558, .T. ) ;
#9733 = CARTESIAN_POINT ( 'NONE',  ( 1.590000000000000100, -2.799999999999999400, -7.400000000000000400 ) ) ;
#9734 =( NAMED_UNIT ( * ) SI_UNIT ( $, .STERADIAN. ) SOLID_ANGLE_UNIT ( ) );
#9735 = CARTESIAN_POINT ( 'NONE',  ( 1.490000000000000000, -2.799999999999999400, -12.38000000000000300 ) ) ;
#9736 = DIRECTION ( 'NONE',  ( 0.0000000000000000000, 0.0000000000000000000, -1.000000000000000000 ) ) ;
#9737 =( NAMED_UNIT ( * ) SI_UNIT ( $, .STERADIAN. ) SOLID_ANGLE_UNIT ( ) );
#9738 = PRESENTATION_STYLE_ASSIGNMENT (( #166 ) ) ;
#9739 = ORIENTED_EDGE ( 'NONE', *, *, #596, .F. ) ;
#9740 = ORIENTED_EDGE ( 'NONE', *, *, #424, .T. ) ;
#9741 = ORIENTED_EDGE ( 'NONE', *, *, #7723, .F. ) ;
#9742 = CARTESIAN_POINT ( 'NONE',  ( 1.590000000000000100, -2.799999999999999400, -20.54000000000000300 ) ) ;
#9743 =( NAMED_UNIT ( * ) PLANE_ANGLE_UNIT ( ) SI_UNIT ( $, .RADIAN. ) );
#9744 = FILL_AREA_STYLE_COLOUR ( '', #7072 ) ;
#9745 = VECTOR ( 'NONE', #310, 1000.000000000000000 ) ;
#9746 = ORIENTED_EDGE ( 'NONE', *, *, #679, .T. ) ;
#9747 = EDGE_CURVE ( 'NONE', #1463, #10858, #1751, .T. ) ;
#9748 = PLANE ( 'NONE',  #7845 ) ;
#9749 = UNCERTAINTY_MEASURE_WITH_UNIT (LENGTH_MEASURE( 1.000000000000000100E-005 ), #10045, 'distance_accuracy_value', 'NONE');
#9750 = VECTOR ( 'NONE', #8738, 1000.000000000000000 ) ;
#9751 = PLANE ( 'NONE',  #2715 ) ;
#9752 =( LENGTH_UNIT ( ) NAMED_UNIT ( * ) SI_UNIT ( .MILLI., .METRE. ) );
#9753 = ORIENTED_EDGE ( 'NONE', *, *, #2532, .F. ) ;
#9754 = ORIENTED_EDGE ( 'NONE', *, *, #7354, .F. ) ;
#9755 = EDGE_CURVE ( 'NONE', #3353, #8762, #8245, .T. ) ;
#9756 = UNCERTAINTY_MEASURE_WITH_UNIT (LENGTH_MEASURE( 1.000000000000000100E-005 ), #505, 'distance_accuracy_value', 'NONE');
#9757 = DIRECTION ( 'NONE',  ( 0.7071067811865473500, 0.0000000000000000000, -0.7071067811865477900 ) ) ;
#9758 = STYLED_ITEM ( 'NONE', ( #4189 ), #790 ) ;
#9759 = PRESENTATION_STYLE_ASSIGNMENT (( #5252 ) ) ;
#9760 = SURFACE_STYLE_USAGE ( .BOTH. , #3881 ) ;
#9761 = AXIS2_PLACEMENT_3D ( 'NONE', #3892, #9776, #4754 ) ;
#9762 = SURFACE_STYLE_USAGE ( .BOTH. , #3882 ) ;
#9763 = FILL_AREA_STYLE_COLOUR ( '', #7469 ) ;
#9764 = FACE_OUTER_BOUND ( 'NONE', #444, .T. ) ;
#9765 = PRESENTATION_STYLE_ASSIGNMENT (( #10655 ) ) ;
#9766 = PRESENTATION_LAYER_ASSIGNMENT (  '', '', ( #8638 ) ) ;
#9767 = VERTEX_POINT ( 'NONE', #6202 ) ;
#9768 =( NAMED_UNIT ( * ) PLANE_ANGLE_UNIT ( ) SI_UNIT ( $, .RADIAN. ) );
#9769 = DIRECTION ( 'NONE',  ( -0.7372346670543746800, -0.0000000000000000000, 0.6756367705307528800 ) ) ;
#9770 = DIRECTION ( 'NONE',  ( -0.7071067811865464600, 0.0000000000000000000, 0.7071067811865486800 ) ) ;
#9771 = ORIENTED_EDGE ( 'NONE', *, *, #2532, .T. ) ;
#9772 = ORIENTED_EDGE ( 'NONE', *, *, #6595, .F. ) ;
#9773 = LINE ( 'NONE', #7985, #782 ) ;
#9774 = CARTESIAN_POINT ( 'NONE',  ( 0.9499999999999999600, -2.799999999999999400, -20.54000000000000300 ) ) ;
#9775 = ADVANCED_FACE ( 'NONE', ( #1495 ), #7060, .T. ) ;
#9776 = DIRECTION ( 'NONE',  ( -0.7071067811865481300, 0.0000000000000000000, -0.7071067811865470200 ) ) ;
#9777 = FILL_AREA_STYLE_COLOUR ( '', #2867 ) ;
#9778 = EDGE_LOOP ( 'NONE', ( #2139, #57, #7795, #1163 ) ) ;
#9779 = VECTOR ( 'NONE', #339, 1000.000000000000000 ) ;
#9780 = LINE ( 'NONE', #2319, #3327 ) ;
#9781 =( GEOMETRIC_REPRESENTATION_CONTEXT ( 3 ) GLOBAL_UNCERTAINTY_ASSIGNED_CONTEXT ( ( #1235 ) ) GLOBAL_UNIT_ASSIGNED_CONTEXT ( ( #333, #6288, #1216 ) ) REPRESENTATION_CONTEXT ( 'NONE', 'WORKASPACE' ) );
#9782 = ORIENTED_EDGE ( 'NONE', *, *, #3666, .T. ) ;
#9783 = ORIENTED_EDGE ( 'NONE', *, *, #1133, .T. ) ;
#9784 = SURFACE_STYLE_FILL_AREA ( #6118 ) ;
#9785 = MECHANICAL_DESIGN_GEOMETRIC_PRESENTATION_REPRESENTATION (  '', ( #8095 ), #10368 ) ;
#9786 =( NAMED_UNIT ( * ) PLANE_ANGLE_UNIT ( ) SI_UNIT ( $, .RADIAN. ) );
#9787 = DIRECTION ( 'NONE',  ( 0.0000000000000000000, 1.000000000000000000, 0.0000000000000000000 ) ) ;
#9788 = VECTOR ( 'NONE', #4936, 1000.000000000000000 ) ;
#9789 = CARTESIAN_POINT ( 'NONE',  ( -1.050000000000000000, 11.70000000000000100, -2.220000000000000200 ) ) ;
#9790 = ORIENTED_EDGE ( 'NONE', *, *, #8999, .F. ) ;
#9791 = LINE ( 'NONE', #10699, #7555 ) ;
#9792 = VECTOR ( 'NONE', #3650, 1000.000000000000000 ) ;
#9793 = FILL_AREA_STYLE ('',( #4726 ) ) ;
#9794 = PLANE ( 'NONE',  #229 ) ;
#9795 = ORIENTED_EDGE ( 'NONE', *, *, #6301, .T. ) ;
#9796 = FILL_AREA_STYLE ('',( #9679 ) ) ;
#9797 = DIRECTION ( 'NONE',  ( 0.0000000000000000000, 1.000000000000000000, 0.0000000000000000000 ) ) ;
#9798 = PRESENTATION_LAYER_ASSIGNMENT (  '', '', ( #8661 ) ) ;
#9799 = EDGE_LOOP ( 'NONE', ( #483, #408, #390, #5022 ) ) ;
#9800 =( NAMED_UNIT ( * ) SI_UNIT ( $, .STERADIAN. ) SOLID_ANGLE_UNIT ( ) );
#9801 = LINE ( 'NONE', #9691, #7565 ) ;
#9802 = LINE ( 'NONE', #2541, #3347 ) ;
#9803 =( GEOMETRIC_REPRESENTATION_CONTEXT ( 3 ) GLOBAL_UNCERTAINTY_ASSIGNED_CONTEXT ( ( #3768 ) ) GLOBAL_UNIT_ASSIGNED_CONTEXT ( ( #10693, #5654, #538 ) ) REPRESENTATION_CONTEXT ( 'NONE', 'WORKASPACE' ) );
#9804 = STYLED_ITEM ( 'NONE', ( #1111 ), #1414 ) ;
#9805 = FILL_AREA_STYLE_COLOUR ( '', #3240 ) ;
#9807 = VERTEX_POINT ( 'NONE', #7097 ) ;
#9806 =( LENGTH_UNIT ( ) NAMED_UNIT ( * ) SI_UNIT ( .MILLI., .METRE. ) );
#9808 = ORIENTED_EDGE ( 'NONE', *, *, #4234, .F. ) ;
#9809 = FACE_OUTER_BOUND ( 'NONE', #8995, .T. ) ;
#9810 = CARTESIAN_POINT ( 'NONE',  ( -1.050000000000000000, 11.70000000000000100, -0.3200000000000000600 ) ) ;
#9811 = LINE ( 'NONE', #4627, #5362 ) ;
#9812 = EDGE_CURVE ( 'NONE', #7835, #5337, #5240, .T. ) ;
#9813 = LINE ( 'NONE', #10727, #5363 ) ;
#9814 = ORIENTED_EDGE ( 'NONE', *, *, #8974, .F. ) ;
#9815 = VECTOR ( 'NONE', #10992, 1000.000000000000000 ) ;
#9816 = AXIS2_PLACEMENT_3D ( 'NONE', #1514, #7442, #2363 ) ;
#9817 = LINE ( 'NONE', #5456, #7587 ) ;
#9818 = EDGE_CURVE ( 'NONE', #4809, #2266, #689, .T. ) ;
#9819 = LINE ( 'NONE', #10035, #5372 ) ;
#9820 = FACE_OUTER_BOUND ( 'NONE', #10277, .T. ) ;
#9821 = ORIENTED_EDGE ( 'NONE', *, *, #114, .F. ) ;
#9822 = FILL_AREA_STYLE ('',( #1369 ) ) ;
#9823 = SURFACE_SIDE_STYLE ('',( #451 ) ) ;
#9824 = SURFACE_SIDE_STYLE ('',( #10207 ) ) ;
#9825 = DIRECTION ( 'NONE',  ( -0.0000000000000000000, -0.0000000000000000000, -1.000000000000000000 ) ) ;
#9826 =( GEOMETRIC_REPRESENTATION_CONTEXT ( 3 ) GLOBAL_UNCERTAINTY_ASSIGNED_CONTEXT ( ( #3006 ) ) GLOBAL_UNIT_ASSIGNED_CONTEXT ( ( #515, #6481, #1392 ) ) REPRESENTATION_CONTEXT ( 'NONE', 'WORKASPACE' ) );
#9827 = VECTOR ( 'NONE', #5679, 1000.000000000000000 ) ;
#9828 = VECTOR ( 'NONE', #4330, 1000.000000000000000 ) ;
#9829 =( LENGTH_UNIT ( ) NAMED_UNIT ( * ) SI_UNIT ( .MILLI., .METRE. ) );
#9830 = DIRECTION ( 'NONE',  ( -0.0000000000000000000, -1.000000000000000000, -0.0000000000000000000 ) ) ;
#9831 = SURFACE_SIDE_STYLE ('',( #8018 ) ) ;
#9832 = ADVANCED_FACE ( 'NONE', ( #2961 ), #5435, .F. ) ;
#9833 = DIRECTION ( 'NONE',  ( 0.7071067811865477900, 0.0000000000000000000, -0.7071067811865473500 ) ) ;
#9834 = SURFACE_STYLE_FILL_AREA ( #10519 ) ;
#9835 = CARTESIAN_POINT ( 'NONE',  ( 2.140000000000001500, 1.700000000000000000, -6.349999999999999600 ) ) ;
#9836 = DIRECTION ( 'NONE',  ( -2.492418787322998300E-016, 0.0000000000000000000, -1.000000000000000000 ) ) ;
#9837 = FILL_AREA_STYLE ('',( #502 ) ) ;
#9838 = LINE ( 'NONE', #3523, #7609 ) ;
#9839 = FILL_AREA_STYLE_COLOUR ( '', #8908 ) ;
#9840 = DIRECTION ( 'NONE',  ( 0.0000000000000000000, 1.000000000000000000, 0.0000000000000000000 ) ) ;
#9841 = ADVANCED_FACE ( 'NONE', ( #6408 ), #1138, .T. ) ;
#9842 = LINE ( 'NONE', #10292, #5398 ) ;
#9843 = DIRECTION ( 'NONE',  ( 1.232047923278982000E-016, 0.0000000000000000000, -1.000000000000000000 ) ) ;
#9844 =( GEOMETRIC_REPRESENTATION_CONTEXT ( 3 ) GLOBAL_UNCERTAINTY_ASSIGNED_CONTEXT ( ( #9889 ) ) GLOBAL_UNIT_ASSIGNED_CONTEXT ( ( #5151, #27, #5992 ) ) REPRESENTATION_CONTEXT ( 'NONE', 'WORKASPACE' ) );
#9845 =( NAMED_UNIT ( * ) PLANE_ANGLE_UNIT ( ) SI_UNIT ( $, .RADIAN. ) );
#9846 = FACE_OUTER_BOUND ( 'NONE', #10068, .T. ) ;
#9847 = CARTESIAN_POINT ( 'NONE',  ( -1.490000000000000200, -2.799999999999999400, -7.299999999999999800 ) ) ;
#9848 = CARTESIAN_POINT ( 'NONE',  ( 0.9499999999999999600, 11.70000000000000100, -0.2200000000000000000 ) ) ;
#9849 = DIRECTION ( 'NONE',  ( 0.7372346670543746800, 0.0000000000000000000, -0.6756367705307528800 ) ) ;
#9850 = LINE ( 'NONE', #752, #858 ) ;
#9851 = ORIENTED_EDGE ( 'NONE', *, *, #1230, .F. ) ;
#9852 = LINE ( 'NONE', #8035, #7628 ) ;
#9853 = ORIENTED_EDGE ( 'NONE', *, *, #6097, .T. ) ;
#9854 = EDGE_CURVE ( 'NONE', #3260, #10297, #3363, .T. ) ;
#9855 = PRESENTATION_LAYER_ASSIGNMENT (  '', '', ( #8727 ) ) ;
#9856 = VECTOR ( 'NONE', #8087, 1000.000000000000000 ) ;
#9857 = CARTESIAN_POINT ( 'NONE',  ( 2.540000000000000900, 0.0000000000000000000, -0.8700000000000006600 ) ) ;
#9858 = CARTESIAN_POINT ( 'NONE',  ( -1.590000000000000300, -2.799999999999999400, -15.02000000000000000 ) ) ;
#9859 = CARTESIAN_POINT ( 'NONE',  ( -0.9499999999999999600, 11.70000000000000100, -15.45999999999999900 ) ) ;
#9860 = CARTESIAN_POINT ( 'NONE',  ( -2.540000000000000000, 1.700000000000000000, -8.523421052631579900 ) ) ;
#9861 = ORIENTED_EDGE ( 'NONE', *, *, #7465, .F. ) ;
#9862 = STYLED_ITEM ( 'NONE', ( #5103 ), #3726 ) ;
#9863 = SURFACE_SIDE_STYLE ('',( #6756 ) ) ;
#9864 = DIRECTION ( 'NONE',  ( -0.7071067811865477900, -0.0000000000000000000, -0.7071067811865473500 ) ) ;
#9865 = PRESENTATION_LAYER_ASSIGNMENT (  '', '', ( #8735 ) ) ;
#9866 = STYLED_ITEM ( 'NONE', ( #10108 ), #1029 ) ;
#9867 =( NAMED_UNIT ( * ) SI_UNIT ( $, .STERADIAN. ) SOLID_ANGLE_UNIT ( ) );
#9868 = PRESENTATION_LAYER_ASSIGNMENT (  '', '', ( #9295 ) ) ;
#9869 =( NAMED_UNIT ( * ) SI_UNIT ( $, .STERADIAN. ) SOLID_ANGLE_UNIT ( ) );
#9870 =( NAMED_UNIT ( * ) PLANE_ANGLE_UNIT ( ) SI_UNIT ( $, .RADIAN. ) );
#9871 = EDGE_LOOP ( 'NONE', ( #2103, #10993, #9909, #3334 ) ) ;
#9872 = EDGE_CURVE ( 'NONE', #5082, #9663, #9811, .T. ) ;
#9873 = DIRECTION ( 'NONE',  ( -0.0000000000000000000, -0.0000000000000000000, -1.000000000000000000 ) ) ;
#9874 = AXIS2_PLACEMENT_3D ( 'NONE', #5735, #632, #6590 ) ;
#9875 = FACE_OUTER_BOUND ( 'NONE', #6203, .T. ) ;
#9876 = MECHANICAL_DESIGN_GEOMETRIC_PRESENTATION_REPRESENTATION (  '', ( #8194 ), #10468 ) ;
#9877 = EDGE_CURVE ( 'NONE', #4232, #876, #7578, .T. ) ;
#9878 = CARTESIAN_POINT ( 'NONE',  ( -2.140000000000000600, 0.0000000000000000000, -16.51000000000000200 ) ) ;
#9879 = LINE ( 'NONE', #4276, #5431 ) ;
#9880 = FILL_AREA_STYLE_COLOUR ( '', #8843 ) ;
#9881 = EDGE_CURVE ( 'NONE', #10182, #7974, #3082, .T. ) ;
#9882 = ADVANCED_FACE ( 'NONE', ( #2819 ), #3828, .F. ) ;
#9883 = CARTESIAN_POINT ( 'NONE',  ( 1.490000000000000000, -2.799999999999999400, -15.56000000000000000 ) ) ;
#9884 = ORIENTED_EDGE ( 'NONE', *, *, #3842, .T. ) ;
#9885 = FILL_AREA_STYLE ('',( #9041 ) ) ;
#9886 = ORIENTED_EDGE ( 'NONE', *, *, #321, .F. ) ;
#9887 = FILL_AREA_STYLE_COLOUR ( '', #3362 ) ;
#9888 = SURFACE_STYLE_USAGE ( .BOTH. , #4002 ) ;
#9889 = UNCERTAINTY_MEASURE_WITH_UNIT (LENGTH_MEASURE( 1.000000000000000100E-005 ), #5151, 'distance_accuracy_value', 'NONE');
#9890 = LINE ( 'NONE', #9019, #3171 ) ;
#9891 = ORIENTED_EDGE ( 'NONE', *, *, #10955, .F. ) ;
#9892 =( LENGTH_UNIT ( ) NAMED_UNIT ( * ) SI_UNIT ( .MILLI., .METRE. ) );
#9893 = CARTESIAN_POINT ( 'NONE',  ( 2.540000000000000900, 1.700000000000000000, -6.750000000000000900 ) ) ;
#9894 = UNCERTAINTY_MEASURE_WITH_UNIT (LENGTH_MEASURE( 1.000000000000000100E-005 ), #5091, 'distance_accuracy_value', 'NONE');
#9895 = CARTESIAN_POINT ( 'NONE',  ( 1.490000000000000000, -2.799999999999999400, -4.760000000000000700 ) ) ;
#9896 = CARTESIAN_POINT ( 'NONE',  ( -1.050000000000000000, -2.799999999999999400, -13.02000000000000100 ) ) ;
#9897 = VERTEX_POINT ( 'NONE', #10576 ) ;
#9898 = DIRECTION ( 'NONE',  ( -0.0000000000000000000, -1.000000000000000000, -0.0000000000000000000 ) ) ;
#9899 = CARTESIAN_POINT ( 'NONE',  ( 0.0000000000000000000, -2.799999999999999400, -2.540000000000000000 ) ) ;
#9900 = PRESENTATION_STYLE_ASSIGNMENT (( #8159 ) ) ;
#9901 = EDGE_CURVE ( 'NONE', #5253, #684, #5095, .T. ) ;
#9902 = SURFACE_SIDE_STYLE ('',( #10102 ) ) ;
#9903 = ORIENTED_EDGE ( 'NONE', *, *, #4290, .F. ) ;
#9904 = PRESENTATION_STYLE_ASSIGNMENT (( #5627 ) ) ;
#9905 =( NAMED_UNIT ( * ) SI_UNIT ( $, .STERADIAN. ) SOLID_ANGLE_UNIT ( ) );
#9906 = FILL_AREA_STYLE_COLOUR ( '', #3672 ) ;
#9907 =( GEOMETRIC_REPRESENTATION_CONTEXT ( 3 ) GLOBAL_UNCERTAINTY_ASSIGNED_CONTEXT ( ( #7612 ) ) GLOBAL_UNIT_ASSIGNED_CONTEXT ( ( #9621, #4614, #10499 ) ) REPRESENTATION_CONTEXT ( 'NONE', 'WORKASPACE' ) );
#9908 = EDGE_LOOP ( 'NONE', ( #2254, #140, #4865, #3361 ) ) ;
#9909 = ORIENTED_EDGE ( 'NONE', *, *, #2071, .F. ) ;
#9910 = CARTESIAN_POINT ( 'NONE',  ( 0.9499999999999999600, -2.799999999999999400, -10.38000000000000100 ) ) ;
#9911 =( NAMED_UNIT ( * ) PLANE_ANGLE_UNIT ( ) SI_UNIT ( $, .RADIAN. ) );
#9912 = FILL_AREA_STYLE_COLOUR ( '', #2562 ) ;
#9913 = FACE_OUTER_BOUND ( 'NONE', #6456, .T. ) ;
#9914 = ORIENTED_EDGE ( 'NONE', *, *, #7991, .F. ) ;
#9915 = VECTOR ( 'NONE', #2742, 1000.000000000000100 ) ;
#9916 = PRESENTATION_STYLE_ASSIGNMENT (( #373 ) ) ;
#9917 = SURFACE_SIDE_STYLE ('',( #4069 ) ) ;
#9918 = DIRECTION ( 'NONE',  ( 0.7071067811865470200, 0.0000000000000000000, -0.7071067811865481300 ) ) ;
#9919 = EDGE_CURVE ( 'NONE', #10200, #5418, #1112, .T. ) ;
#9920 = ORIENTED_EDGE ( 'NONE', *, *, #640, .T. ) ;
#9921 = CARTESIAN_POINT ( 'NONE',  ( 0.9499999999999999600, -2.799999999999999400, 0.2200000000000000600 ) ) ;
#9922 = DIRECTION ( 'NONE',  ( 1.000000000000000000, 0.0000000000000000000, -2.492418787322998300E-016 ) ) ;
#9923 = DIRECTION ( 'NONE',  ( 0.0000000000000000000, 1.000000000000000000, 0.0000000000000000000 ) ) ;
#9924 = AXIS2_PLACEMENT_3D ( 'NONE', #4141, #10019, #5007 ) ;
#9925 = ORIENTED_EDGE ( 'NONE', *, *, #1215, .F. ) ;
#9926 = ORIENTED_EDGE ( 'NONE', *, *, #3556, .F. ) ;
#9927 = PRESENTATION_LAYER_ASSIGNMENT (  '', '', ( #8799 ) ) ;
#9928 = EDGE_LOOP ( 'NONE', ( #5050, #7315, #4728, #10466 ) ) ;
#9929 = DIRECTION ( 'NONE',  ( 0.7071067811865470200, 0.0000000000000000000, -0.7071067811865481300 ) ) ;
#9930 = DIRECTION ( 'NONE',  ( -1.000000000000000000, 0.0000000000000000000, -0.0000000000000000000 ) ) ;
#9931 = SURFACE_STYLE_USAGE ( .BOTH. , #4047 ) ;
#9932 = COLOUR_RGB ( '',0.7960784313725489700, 0.8235294117647058400, 0.9372549019607843100 ) ;
#9933 = ORIENTED_EDGE ( 'NONE', *, *, #1022, .T. ) ;
#9934 = PRESENTATION_LAYER_ASSIGNMENT (  '', '', ( #8801 ) ) ;
#9935 = CARTESIAN_POINT ( 'NONE',  ( -0.9499999999999999600, -2.799999999999999400, -7.839999999999999900 ) ) ;
#9936 = VERTEX_POINT ( 'NONE', #8906 ) ;
#9937 = SURFACE_STYLE_USAGE ( .BOTH. , #4049 ) ;
#9938 = LINE ( 'NONE', #4985, #7446 ) ;
#9939 = AXIS2_PLACEMENT_3D ( 'NONE', #8827, #3799, #9676 ) ;
#9940 = ADVANCED_FACE ( 'NONE', ( #9544 ), #7230, .F. ) ;
#9941 = ORIENTED_EDGE ( 'NONE', *, *, #3243, .F. ) ;
#9942 = DIRECTION ( 'NONE',  ( 0.0000000000000000000, 1.000000000000000000, 0.0000000000000000000 ) ) ;
#9943 = SURFACE_SIDE_STYLE ('',( #3590 ) ) ;
#9944 = DIRECTION ( 'NONE',  ( 0.0000000000000000000, 1.000000000000000000, 0.0000000000000000000 ) ) ;
#9945 = MECHANICAL_DESIGN_GEOMETRIC_PRESENTATION_REPRESENTATION (  '', ( #8258 ), #10524 ) ;
#9946 = CARTESIAN_POINT ( 'NONE',  ( 1.490000000000000000, -2.799999999999999400, -13.02000000000000100 ) ) ;
#9947 = LINE ( 'NONE', #5924, #967 ) ;
#9948 =( LENGTH_UNIT ( ) NAMED_UNIT ( * ) SI_UNIT ( .MILLI., .METRE. ) );
#9949 = DIRECTION ( 'NONE',  ( -1.000000000000000000, 0.0000000000000000000, 0.0000000000000000000 ) ) ;
#9950 = DIRECTION ( 'NONE',  ( 0.0000000000000000000, 0.0000000000000000000, 1.000000000000000000 ) ) ;
#9951 = VECTOR ( 'NONE', #5834, 1000.000000000000100 ) ;
#9952 = DIRECTION ( 'NONE',  ( 0.7071067811865486800, 0.0000000000000000000, 0.7071067811865464600 ) ) ;
#9953 = LINE ( 'NONE', #3648, #5499 ) ;
#9954 = UNCERTAINTY_MEASURE_WITH_UNIT (LENGTH_MEASURE( 1.000000000000000100E-005 ), #7031, 'distance_accuracy_value', 'NONE');
#9955 = EDGE_CURVE ( 'NONE', #9235, #8320, #4013, .T. ) ;
#9956 = FILL_AREA_STYLE ('',( #7429 ) ) ;
#9957 =( GEOMETRIC_REPRESENTATION_CONTEXT ( 3 ) GLOBAL_UNCERTAINTY_ASSIGNED_CONTEXT ( ( #5404 ) ) GLOBAL_UNIT_ASSIGNED_CONTEXT ( ( #5800, #706, #6657 ) ) REPRESENTATION_CONTEXT ( 'NONE', 'WORKASPACE' ) );
#9958 =( LENGTH_UNIT ( ) NAMED_UNIT ( * ) SI_UNIT ( .MILLI., .METRE. ) );
#9959 = COLOUR_RGB ( '',0.0000000000000000000, 0.003921568627450980300, 0.09019607843137254800 ) ;
#9960 =( NAMED_UNIT ( * ) SI_UNIT ( $, .STERADIAN. ) SOLID_ANGLE_UNIT ( ) );
#9961 = UNCERTAINTY_MEASURE_WITH_UNIT (LENGTH_MEASURE( 1.000000000000000100E-005 ), #2143, 'distance_accuracy_value', 'NONE');
#9962 = CARTESIAN_POINT ( 'NONE',  ( -1.050000000000000000, -2.799999999999999400, -7.940000000000001300 ) ) ;
#9963 = VECTOR ( 'NONE', #3024, 1000.000000000000000 ) ;
#9964 = EDGE_CURVE ( 'NONE', #6916, #2946, #1742, .T. ) ;
#9965 = UNCERTAINTY_MEASURE_WITH_UNIT (LENGTH_MEASURE( 1.000000000000000100E-005 ), #8815, 'distance_accuracy_value', 'NONE');
#9966 = CARTESIAN_POINT ( 'NONE',  ( -1.590000000000000300, -2.799999999999999400, -15.02000000000000000 ) ) ;
#9967 = LINE ( 'NONE', #6432, #3526 ) ;
#9968 = FILL_AREA_STYLE ('',( #9126 ) ) ;
#9969 = EDGE_CURVE ( 'NONE', #4283, #7190, #10485, .T. ) ;
#9970 = DIRECTION ( 'NONE',  ( 0.0000000000000000000, 0.0000000000000000000, 1.000000000000000000 ) ) ;
#9971 = MECHANICAL_DESIGN_GEOMETRIC_PRESENTATION_REPRESENTATION (  '', ( #8284 ), #10553 ) ;
#9972 = CARTESIAN_POINT ( 'NONE',  ( 0.9499999999999999600, 11.70000000000000100, -10.38000000000000100 ) ) ;
#9973 = CARTESIAN_POINT ( 'NONE',  ( -1.590000000000000300, -2.799999999999999400, -15.02000000000000000 ) ) ;
#9974 =( NAMED_UNIT ( * ) PLANE_ANGLE_UNIT ( ) SI_UNIT ( $, .RADIAN. ) );
#9975 = SURFACE_STYLE_FILL_AREA ( #4465 ) ;
#9976 = LINE ( 'NONE', #4258, #998 ) ;
#9977 = STYLED_ITEM ( 'NONE', ( #6832 ), #5602 ) ;
#9978 = SURFACE_STYLE_USAGE ( .BOTH. , #4089 ) ;
#9979 = VECTOR ( 'NONE', #7643, 1000.000000000000100 ) ;
#9980 = CARTESIAN_POINT ( 'NONE',  ( 0.9499999999999999600, 11.70000000000000100, 0.2200000000000000600 ) ) ;
#9981 = DIRECTION ( 'NONE',  ( -1.000000000000000000, 0.0000000000000000000, 0.0000000000000000000 ) ) ;
#9982 = FILL_AREA_STYLE_COLOUR ( '', #4864 ) ;
#9983 = ORIENTED_EDGE ( 'NONE', *, *, #10170, .T. ) ;
#9984 = DIRECTION ( 'NONE',  ( 0.7071067811865463500, -0.0000000000000000000, 0.7071067811865487900 ) ) ;
#9985 = FILL_AREA_STYLE ('',( #3245 ) ) ;
#9986 = COLOUR_RGB ( '',0.0000000000000000000, 0.003921568627450980300, 0.09019607843137254800 ) ;
#9987 = PRESENTATION_STYLE_ASSIGNMENT (( #3871 ) ) ;
#9988 = CARTESIAN_POINT ( 'NONE',  ( -1.050000000000000000, -2.799999999999999400, 0.3199999999999999000 ) ) ;
#9989 = MECHANICAL_DESIGN_GEOMETRIC_PRESENTATION_REPRESENTATION (  '', ( #8299 ), #10572 ) ;
#9990 = VERTEX_POINT ( 'NONE', #8973 ) ;
#9991 = CARTESIAN_POINT ( 'NONE',  ( 1.490000000000000000, 11.70000000000000100, -15.56000000000000000 ) ) ;
#9992 = ADVANCED_FACE ( 'NONE', ( #1487 ), #3079, .T. ) ;
#9993 = ORIENTED_EDGE ( 'NONE', *, *, #8119, .T. ) ;
#9994 = CARTESIAN_POINT ( 'NONE',  ( -1.590000000000000300, 11.70000000000000100, -18.00000000000000400 ) ) ;
#9995 = PRESENTATION_LAYER_ASSIGNMENT (  '', '', ( #8863 ) ) ;
#9996 =( NAMED_UNIT ( * ) PLANE_ANGLE_UNIT ( ) SI_UNIT ( $, .RADIAN. ) );
#9997 = EDGE_CURVE ( 'NONE', #1979, #1475, #678, .T. ) ;
#9998 = VERTEX_POINT ( 'NONE', #1405 ) ;
#9999 = AXIS2_PLACEMENT_3D ( 'NONE', #10658, #5623, #498 ) ;
#10000 = DIRECTION ( 'NONE',  ( -0.7071067811865489100, -0.0000000000000000000, -0.7071067811865461300 ) ) ;
#10001 = CARTESIAN_POINT ( 'NONE',  ( 2.140000000000000100, 1.700000000000000000, -6.350000000000000500 ) ) ;
#10002 =( LENGTH_UNIT ( ) NAMED_UNIT ( * ) SI_UNIT ( .MILLI., .METRE. ) );
#10003 = PLANE ( 'NONE',  #1724 ) ;
#10004 = MECHANICAL_DESIGN_GEOMETRIC_PRESENTATION_REPRESENTATION (  '', ( #8314 ), #10592 ) ;
#10005 = VECTOR ( 'NONE', #1008, 999.9999999999998900 ) ;
#10006 = FILL_AREA_STYLE_COLOUR ( '', #3533 ) ;
#10007 = ORIENTED_EDGE ( 'NONE', *, *, #7366, .F. ) ;
#10008 = CARTESIAN_POINT ( 'NONE',  ( 1.590000000000000100, -2.799999999999999400, -10.38000000000000100 ) ) ;
#10009 = STYLED_ITEM ( 'NONE', ( #7098 ), #2695 ) ;
#10010 = VECTOR ( 'NONE', #6217, 1000.000000000000000 ) ;
#10011 =( NAMED_UNIT ( * ) PLANE_ANGLE_UNIT ( ) SI_UNIT ( $, .RADIAN. ) );
#10012 = ORIENTED_EDGE ( 'NONE', *, *, #3407, .T. ) ;
#10013 = DIRECTION ( 'NONE',  ( 0.7071067811865473500, 0.0000000000000000000, -0.7071067811865477900 ) ) ;
#10014 =( NAMED_UNIT ( * ) PLANE_ANGLE_UNIT ( ) SI_UNIT ( $, .RADIAN. ) );
#10015 = EDGE_CURVE ( 'NONE', #5881, #8320, #9408, .T. ) ;
#10016 = LINE ( 'NONE', #7515, #1300 ) ;
#10017 = VERTEX_POINT ( 'NONE', #4845 ) ;
#10018 =( GEOMETRIC_REPRESENTATION_CONTEXT ( 3 ) GLOBAL_UNCERTAINTY_ASSIGNED_CONTEXT ( ( #3071 ) ) GLOBAL_UNIT_ASSIGNED_CONTEXT ( ( #7733, #2650, #8557 ) ) REPRESENTATION_CONTEXT ( 'NONE', 'WORKASPACE' ) );
#10019 = DIRECTION ( 'NONE',  ( -0.7071067811865481300, 0.0000000000000000000, -0.7071067811865470200 ) ) ;
#10020 = STYLED_ITEM ( 'NONE', ( #9513 ), #5106 ) ;
#10021 = EDGE_CURVE ( 'NONE', #8941, #2927, #405, .T. ) ;
#10022 = DIRECTION ( 'NONE',  ( -1.000000000000000000, 0.0000000000000000000, 0.0000000000000000000 ) ) ;
#10023 = VECTOR ( 'NONE', #6896, 1000.000000000000100 ) ;
#10024 = EDGE_CURVE ( 'NONE', #7190, #9249, #4959, .T. ) ;
#10025 = COLOUR_RGB ( '',0.7960784313725489700, 0.8235294117647058400, 0.9372549019607843100 ) ;
#10026 = CARTESIAN_POINT ( 'NONE',  ( 2.140000000000000100, 1.700000000000000000, -11.43000000000000100 ) ) ;
#10027 = UNCERTAINTY_MEASURE_WITH_UNIT (LENGTH_MEASURE( 1.000000000000000100E-005 ), #10002, 'distance_accuracy_value', 'NONE');
#10028 = SURFACE_SIDE_STYLE ('',( #5403 ) ) ;
#10029 = VECTOR ( 'NONE', #2576, 1000.000000000000000 ) ;
#10030 = DIRECTION ( 'NONE',  ( 0.7071067811865486800, 0.0000000000000000000, 0.7071067811865464600 ) ) ;
#10031 = ORIENTED_EDGE ( 'NONE', *, *, #6899, .F. ) ;
#10032 = VECTOR ( 'NONE', #8256, 1000.000000000000100 ) ;
#10033 = UNCERTAINTY_MEASURE_WITH_UNIT (LENGTH_MEASURE( 1.000000000000000100E-005 ), #4268, 'distance_accuracy_value', 'NONE');
#10034 = MECHANICAL_DESIGN_GEOMETRIC_PRESENTATION_REPRESENTATION (  '', ( #8348 ), #10625 ) ;
#10035 = CARTESIAN_POINT ( 'NONE',  ( -2.540000000000000000, 1.700000000000000000, -21.22342105263157900 ) ) ;
#10036 = VERTEX_POINT ( 'NONE', #3151 ) ;
#10037 = VERTEX_POINT ( 'NONE', #9893 ) ;
#10038 = CARTESIAN_POINT ( 'NONE',  ( -1.050000000000000000, -2.799999999999999400, -18.10000000000000100 ) ) ;
#10039 = COLOUR_RGB ( '',0.7960784313725489700, 0.8235294117647058400, 0.9372549019607843100 ) ;
#10040 = FILL_AREA_STYLE ('',( #9182 ) ) ;
#10041 = PLANE ( 'NONE',  #5681 ) ;
#10042 = VERTEX_POINT ( 'NONE', #4878 ) ;
#10043 = LINE ( 'NONE', #5462, #9779 ) ;
#10044 = CARTESIAN_POINT ( 'NONE',  ( 2.140000000000001500, 0.0000000000000000000, -13.97000000000000100 ) ) ;
#10045 =( LENGTH_UNIT ( ) NAMED_UNIT ( * ) SI_UNIT ( .MILLI., .METRE. ) );
#10046 = CARTESIAN_POINT ( 'NONE',  ( 1.050000000000000000, -2.799999999999999400, -13.02000000000000100 ) ) ;
#10047 = ADVANCED_FACE ( 'NONE', ( #4691 ), #4009, .F. ) ;
#10048 = ORIENTED_EDGE ( 'NONE', *, *, #4701, .T. ) ;
#10049 = ORIENTED_EDGE ( 'NONE', *, *, #5153, .T. ) ;
#10050 = EDGE_CURVE ( 'NONE', #5337, #4161, #6937, .T. ) ;
#10051 = ORIENTED_EDGE ( 'NONE', *, *, #2101, .F. ) ;
#10052 =( NAMED_UNIT ( * ) PLANE_ANGLE_UNIT ( ) SI_UNIT ( $, .RADIAN. ) );
#10053 = ORIENTED_EDGE ( 'NONE', *, *, #6173, .F. ) ;
#10054 = CARTESIAN_POINT ( 'NONE',  ( 1.050000000000000000, 11.70000000000000100, -7.299999999999999800 ) ) ;
#10055 =( LENGTH_UNIT ( ) NAMED_UNIT ( * ) SI_UNIT ( .MILLI., .METRE. ) );
#10056 = AXIS2_PLACEMENT_3D ( 'NONE', #7463, #2384, #8300 ) ;
#10057 = CARTESIAN_POINT ( 'NONE',  ( -2.539999999999999600, 1.700000000000000000, -19.48342105263158100 ) ) ;
#10059 = EDGE_LOOP ( 'NONE', ( #8490, #479, #3366, #4409 ) ) ;
#10058 = DIRECTION ( 'NONE',  ( 0.7071067811865477900, 0.0000000000000000000, -0.7071067811865473500 ) ) ;
#10060 =( GEOMETRIC_REPRESENTATION_CONTEXT ( 3 ) GLOBAL_UNCERTAINTY_ASSIGNED_CONTEXT ( ( #5279 ) ) GLOBAL_UNIT_ASSIGNED_CONTEXT ( ( #6837, #1735, #7669 ) ) REPRESENTATION_CONTEXT ( 'NONE', 'WORKASPACE' ) );
#10061 = EDGE_LOOP ( 'NONE', ( #2790, #10367, #9891, #6262 ) ) ;
#10062 = SURFACE_STYLE_USAGE ( .BOTH. , #4175 ) ;
#10063 =( GEOMETRIC_REPRESENTATION_CONTEXT ( 3 ) GLOBAL_UNCERTAINTY_ASSIGNED_CONTEXT ( ( #2727 ) ) GLOBAL_UNIT_ASSIGNED_CONTEXT ( ( #4919, #10808, #5758 ) ) REPRESENTATION_CONTEXT ( 'NONE', 'WORKASPACE' ) );
#10064 = VECTOR ( 'NONE', #2083, 1000.000000000000000 ) ;
#10065 = CARTESIAN_POINT ( 'NONE',  ( -2.540000000000000000, 0.0000000000000000000, -16.14342105263157700 ) ) ;
#10066 = FACE_OUTER_BOUND ( 'NONE', #7709, .T. ) ;
#10067 = SURFACE_STYLE_FILL_AREA ( #1649 ) ;
#10068 = EDGE_LOOP ( 'NONE', ( #5013, #4214, #8460, #7731 ) ) ;
#10069 =( NAMED_UNIT ( * ) SI_UNIT ( $, .STERADIAN. ) SOLID_ANGLE_UNIT ( ) );
#10070 = EDGE_CURVE ( 'NONE', #2245, #9649, #1608, .T. ) ;
#10071 = DIRECTION ( 'NONE',  ( 0.7071067811865474600, 0.0000000000000000000, 0.7071067811865474600 ) ) ;
#10072 = ORIENTED_EDGE ( 'NONE', *, *, #5268, .F. ) ;
#10073 = SURFACE_SIDE_STYLE ('',( #2685 ) ) ;
#10074 = ORIENTED_EDGE ( 'NONE', *, *, #1961, .F. ) ;
#10075 = FACE_OUTER_BOUND ( 'NONE', #5326, .T. ) ;
#10076 = VECTOR ( 'NONE', #5247, 1000.000000000000000 ) ;
#10077 = LINE ( 'NONE', #5749, #7070 ) ;
#10078 = ORIENTED_EDGE ( 'NONE', *, *, #7224, .T. ) ;
#10079 = AXIS2_PLACEMENT_3D ( 'NONE', #8259, #3209, #9099 ) ;
#10080 = CARTESIAN_POINT ( 'NONE',  ( 2.540000000000000900, 0.0000000000000000000, -14.37000000000000100 ) ) ;
#10081 = ORIENTED_EDGE ( 'NONE', *, *, #909, .T. ) ;
#10082 = FILL_AREA_STYLE_COLOUR ( '', #5990 ) ;
#10083 = CARTESIAN_POINT ( 'NONE',  ( -1.050000000000000000, -2.799999999999999400, -7.299999999999999800 ) ) ;
#10084 = VECTOR ( 'NONE', #5946, 1000.000000000000000 ) ;
#10085 = VECTOR ( 'NONE', #10495, 1000.000000000000000 ) ;
#10086 = DIRECTION ( 'NONE',  ( 0.0000000000000000000, 1.000000000000000000, 0.0000000000000000000 ) ) ;
#10087 = COLOUR_RGB ( '',0.0000000000000000000, 0.003921568627450980300, 0.09019607843137254800 ) ;
#10088 = ORIENTED_EDGE ( 'NONE', *, *, #7498, .F. ) ;
#10089 = VECTOR ( 'NONE', #2561, 1000.000000000000000 ) ;
#10090 = FILL_AREA_STYLE ('',( #773 ) ) ;
#10091 = STYLED_ITEM ( 'NONE', ( #7470 ), #2748 ) ;
#10092 = COLOUR_RGB ( '',0.7960784313725489700, 0.8235294117647058400, 0.9372549019607843100 ) ;
#10093 =( NAMED_UNIT ( * ) SI_UNIT ( $, .STERADIAN. ) SOLID_ANGLE_UNIT ( ) );
#10094 = FACE_OUTER_BOUND ( 'NONE', #5815, .T. ) ;
#10095 = PRESENTATION_LAYER_ASSIGNMENT (  '', '', ( #9527 ) ) ;
#10096 = CARTESIAN_POINT ( 'NONE',  ( 2.140000000000001500, 0.0000000000000000000, -16.51000000000000200 ) ) ;
#10097 = SURFACE_STYLE_FILL_AREA ( #9822 ) ;
#10098 = UNCERTAINTY_MEASURE_WITH_UNIT (LENGTH_MEASURE( 1.000000000000000100E-005 ), #1432, 'distance_accuracy_value', 'NONE');
#10099 = DIRECTION ( 'NONE',  ( -0.7071067811865470200, -0.0000000000000000000, -0.7071067811865481300 ) ) ;
#10100 = FILL_AREA_STYLE ('',( #9230 ) ) ;
#10101 = EDGE_CURVE ( 'NONE', #2784, #4283, #10344, .T. ) ;
#10102 = SURFACE_STYLE_FILL_AREA ( #4018 ) ;
#10103 = UNCERTAINTY_MEASURE_WITH_UNIT (LENGTH_MEASURE( 1.000000000000000100E-005 ), #9546, 'distance_accuracy_value', 'NONE');
#10104 = FILL_AREA_STYLE ('',( #4211 ) ) ;
#10105 = COLOUR_RGB ( '',0.7960784313725489700, 0.8235294117647058400, 0.9372549019607843100 ) ;
#10106 = PLANE ( 'NONE',  #8156 ) ;
#10107 = ADVANCED_FACE ( 'NONE', ( #10066 ), #3229, .T. ) ;
#10108 = PRESENTATION_STYLE_ASSIGNMENT (( #8584 ) ) ;
#10109 =( NAMED_UNIT ( * ) PLANE_ANGLE_UNIT ( ) SI_UNIT ( $, .RADIAN. ) );
#10110 = SURFACE_STYLE_USAGE ( .BOTH. , #4217 ) ;
#10111 = EDGE_CURVE ( 'NONE', #4574, #5816, #9254, .T. ) ;
#10112 = VERTEX_POINT ( 'NONE', #9158 ) ;
#10113 = DIRECTION ( 'NONE',  ( 0.0000000000000000000, 1.000000000000000000, 0.0000000000000000000 ) ) ;
#10114 = LINE ( 'NONE', #3420, #7894 ) ;
#10115 = FILL_AREA_STYLE_COLOUR ( '', #5767 ) ;
#10116 = LINE ( 'NONE', #8302, #1146 ) ;
#10117 = PRESENTATION_STYLE_ASSIGNMENT (( #2292 ) ) ;
#10118 = PLANE ( 'NONE',  #5399 ) ;
#10119 = DIRECTION ( 'NONE',  ( -0.7071067811865470200, -0.0000000000000000000, -0.7071067811865481300 ) ) ;
#10120 = EDGE_CURVE ( 'NONE', #5360, #1539, #526, .T. ) ;
#10121 = DIRECTION ( 'NONE',  ( 0.0000000000000000000, 0.0000000000000000000, 1.000000000000000000 ) ) ;
#10122 = ORIENTED_EDGE ( 'NONE', *, *, #1537, .F. ) ;
#10123 = LINE ( 'NONE', #6399, #3130 ) ;
#10124 = ORIENTED_EDGE ( 'NONE', *, *, #5945, .F. ) ;
#10125 = PLANE ( 'NONE',  #10996 ) ;
#10126 = SURFACE_SIDE_STYLE ('',( #1915 ) ) ;
#10127 = MECHANICAL_DESIGN_GEOMETRIC_PRESENTATION_REPRESENTATION (  '', ( #8421 ), #10701 ) ;
#10128 = VERTEX_POINT ( 'NONE', #1588 ) ;
#10129 =( GEOMETRIC_REPRESENTATION_CONTEXT ( 3 ) GLOBAL_UNCERTAINTY_ASSIGNED_CONTEXT ( ( #2943 ) ) GLOBAL_UNIT_ASSIGNED_CONTEXT ( ( #234, #6187, #1128 ) ) REPRESENTATION_CONTEXT ( 'NONE', 'WORKASPACE' ) );
#10130 = FACE_OUTER_BOUND ( 'NONE', #5936, .T. ) ;
#10131 = DIRECTION ( 'NONE',  ( -0.0000000000000000000, 1.000000000000000000, 0.0000000000000000000 ) ) ;
#10132 = CARTESIAN_POINT ( 'NONE',  ( 1.050000000000000000, -2.799999999999999400, -10.48000000000000200 ) ) ;
#10133 =( NAMED_UNIT ( * ) PLANE_ANGLE_UNIT ( ) SI_UNIT ( $, .RADIAN. ) );
#10134 =( NAMED_UNIT ( * ) PLANE_ANGLE_UNIT ( ) SI_UNIT ( $, .RADIAN. ) );
#10135 = ORIENTED_EDGE ( 'NONE', *, *, #7430, .T. ) ;
#10136 = CARTESIAN_POINT ( 'NONE',  ( 1.490000000000000000, -2.799999999999999400, -2.220000000000000200 ) ) ;
#10137 = EDGE_CURVE ( 'NONE', #2232, #365, #4815, .T. ) ;
#10138 = PRESENTATION_STYLE_ASSIGNMENT (( #6859 ) ) ;
#10139 = CARTESIAN_POINT ( 'NONE',  ( -0.9499999999999999600, 11.70000000000000100, -20.54000000000000300 ) ) ;
#10140 = STYLED_ITEM ( 'NONE', ( #2667 ), #6995 ) ;
#10141 = FACE_OUTER_BOUND ( 'NONE', #9251, .T. ) ;
#10142 = ORIENTED_EDGE ( 'NONE', *, *, #751, .F. ) ;
#10143 = DIRECTION ( 'NONE',  ( -1.000000000000000000, -0.0000000000000000000, -1.232047923278982200E-016 ) ) ;
#10144 = VERTEX_POINT ( 'NONE', #6679 ) ;
#10145 = VERTEX_POINT ( 'NONE', #3302 ) ;
#10146 = DIRECTION ( 'NONE',  ( -0.0000000000000000000, -1.000000000000000000, -0.0000000000000000000 ) ) ;
#10147 = EDGE_LOOP ( 'NONE', ( #3491, #9861, #7672, #4901 ) ) ;
#10148 = LINE ( 'NONE', #10561, #1431 ) ;
#10149 = AXIS2_PLACEMENT_3D ( 'NONE', #10777, #5731, #628 ) ;
#10150 = DIRECTION ( 'NONE',  ( 0.0000000000000000000, 0.0000000000000000000, -1.000000000000000000 ) ) ;
#10151 =( NAMED_UNIT ( * ) PLANE_ANGLE_UNIT ( ) SI_UNIT ( $, .RADIAN. ) );
#10152 = STYLED_ITEM ( 'NONE', ( #6019 ), #9775 ) ;
#10153 = CARTESIAN_POINT ( 'NONE',  ( -0.9499999999999999600, -2.799999999999999400, -15.45999999999999900 ) ) ;
#10154 = ORIENTED_EDGE ( 'NONE', *, *, #8470, .T. ) ;
#10155 = CARTESIAN_POINT ( 'NONE',  ( 2.540000000000000900, 1.700000000000000000, -13.57000000000000200 ) ) ;
#10156 = COLOUR_RGB ( '',0.0000000000000000000, 0.003921568627450980300, 0.09019607843137254800 ) ;
#10157 =( NAMED_UNIT ( * ) SI_UNIT ( $, .STERADIAN. ) SOLID_ANGLE_UNIT ( ) );
#10158 = SURFACE_SIDE_STYLE ('',( #2183 ) ) ;
#10159 = ORIENTED_EDGE ( 'NONE', *, *, #6547, .F. ) ;
#10160 = PRESENTATION_LAYER_ASSIGNMENT (  '', '', ( #9583 ) ) ;
#10161 = EDGE_LOOP ( 'NONE', ( #8027, #5832, #7318, #10959, #4812, #6519, #3461, #1336 ) ) ;
#10162 = DIRECTION ( 'NONE',  ( 0.7071067811865486800, 0.0000000000000000000, -0.7071067811865463500 ) ) ;
#10163 = ADVANCED_FACE ( 'NONE', ( #6788 ), #3264, .T. ) ;
#10164 = PRESENTATION_LAYER_ASSIGNMENT (  '', '', ( #9030 ) ) ;
#10165 = ORIENTED_EDGE ( 'NONE', *, *, #5113, .F. ) ;
#10166 = CARTESIAN_POINT ( 'NONE',  ( 2.540000000000000900, 1.700000000000000000, -11.03000000000000100 ) ) ;
#10167 = DIRECTION ( 'NONE',  ( 0.0000000000000000000, 1.000000000000000000, 0.0000000000000000000 ) ) ;
#10168 = DIRECTION ( 'NONE',  ( -0.7071067811865477900, -0.0000000000000000000, -0.7071067811865473500 ) ) ;
#10169 = ORIENTED_EDGE ( 'NONE', *, *, #374, .F. ) ;
#10170 = EDGE_CURVE ( 'NONE', #2662, #8734, #10477, .T. ) ;
#10171 = CARTESIAN_POINT ( 'NONE',  ( 0.9499999999999999600, -2.799999999999999400, -12.92000000000000200 ) ) ;
#10172 = DIRECTION ( 'NONE',  ( -1.000000000000000000, -0.0000000000000000000, -0.0000000000000000000 ) ) ;
#10173 = AXIS2_PLACEMENT_3D ( 'NONE', #6475, #1385, #7312 ) ;
#10174 = SURFACE_STYLE_USAGE ( .BOTH. , #5228 ) ;
#10175 = ORIENTED_EDGE ( 'NONE', *, *, #1266, .F. ) ;
#10176 = MECHANICAL_DESIGN_GEOMETRIC_PRESENTATION_REPRESENTATION (  '', ( #8475 ), #10762 ) ;
#10177 = COLOUR_RGB ( '',0.7921568627450980000, 0.8196078431372548800, 0.9333333333333333500 ) ;
#10178 = MANIFOLD_SOLID_BREP ( 'LPattern3[13]', #1134 ) ;
#10179 = FILL_AREA_STYLE ('',( #6809 ) ) ;
#10180 = EDGE_CURVE ( 'NONE', #10128, #3425, #5215, .T. ) ;
#10181 = SURFACE_STYLE_USAGE ( .BOTH. , #4296 ) ;
#10182 = VERTEX_POINT ( 'NONE', #5061 ) ;
#10183 = CARTESIAN_POINT ( 'NONE',  ( 0.9499999999999999600, 11.70000000000000100, -2.760000000000000200 ) ) ;
#10184 = SURFACE_SIDE_STYLE ('',( #5086 ) ) ;
#10185 = LINE ( 'NONE', #10546, #1211 ) ;
#10186 = EDGE_CURVE ( 'NONE', #1667, #10662, #9397, .T. ) ;
#10187 = ORIENTED_EDGE ( 'NONE', *, *, #7641, .F. ) ;
#10188 = PRESENTATION_LAYER_ASSIGNMENT (  '', '', ( #9052 ) ) ;
#10189 =( LENGTH_UNIT ( ) NAMED_UNIT ( * ) SI_UNIT ( .MILLI., .METRE. ) );
#10190 = CARTESIAN_POINT ( 'NONE',  ( -0.9499999999999999600, -2.799999999999999400, -10.38000000000000100 ) ) ;
#10191 = VERTEX_POINT ( 'NONE', #5101 ) ;
#10192 =( NAMED_UNIT ( * ) SI_UNIT ( $, .STERADIAN. ) SOLID_ANGLE_UNIT ( ) );
#10193 = FILL_AREA_STYLE ('',( #8492 ) ) ;
#10194 = FACE_OUTER_BOUND ( 'NONE', #3339, .T. ) ;
#10195 = PRESENTATION_STYLE_ASSIGNMENT (( #808 ) ) ;
#10196 = FILL_AREA_STYLE ('',( #8494 ) ) ;
#10197 = CARTESIAN_POINT ( 'NONE',  ( -1.590000000000000300, 11.70000000000000100, 0.2199999999999998100 ) ) ;
#10198 = EDGE_LOOP ( 'NONE', ( #1231, #7152, #4689, #5925, #8196, #5225, #4902, #7174 ) ) ;
#10199 = PLANE ( 'NONE',  #10741 ) ;
#10200 = VERTEX_POINT ( 'NONE', #838 ) ;
#10201 = DIRECTION ( 'NONE',  ( 0.0000000000000000000, 1.000000000000000000, 0.0000000000000000000 ) ) ;
#10202 = CARTESIAN_POINT ( 'NONE',  ( 0.9499999999999999600, -2.799999999999999400, 0.2200000000000000600 ) ) ;
#10203 = SURFACE_SIDE_STYLE ('',( #1912 ) ) ;
#10204 = LINE ( 'NONE', #9550, #1484 ) ;
#10205 = STYLED_ITEM ( 'NONE', ( #4295 ), #6596 ) ;
#10206 = COLOUR_RGB ( '',0.7960784313725489700, 0.8235294117647058400, 0.9372549019607843100 ) ;
#10207 = SURFACE_STYLE_FILL_AREA ( #8100 ) ;
#10208 = DIRECTION ( 'NONE',  ( 1.000000000000000000, 0.0000000000000000000, -2.492418787322998300E-016 ) ) ;
#10209 = VERTEX_POINT ( 'NONE', #6784 ) ;
#10210 = ORIENTED_EDGE ( 'NONE', *, *, #262, .T. ) ;
#10211 = CARTESIAN_POINT ( 'NONE',  ( -2.539999999999999600, 1.700000000000000000, -16.94342105263157800 ) ) ;
#10212 = AXIS2_PLACEMENT_3D ( 'NONE', #7820, #2747, #8641 ) ;
#10213 = LINE ( 'NONE', #8545, #5750 ) ;
#10214 = ADVANCED_FACE ( 'NONE', ( #4946 ), #5930, .T. ) ;
#10215 = EDGE_CURVE ( 'NONE', #6667, #6238, #4136, .T. ) ;
#10216 = SURFACE_SIDE_STYLE ('',( #10913 ) ) ;
#10217 = COLOUR_RGB ( '',0.7960784313725489700, 0.8235294117647058400, 0.9372549019607843100 ) ;
#10218 = DIRECTION ( 'NONE',  ( 0.7071067811865486800, 0.0000000000000000000, 0.7071067811865464600 ) ) ;
#10219 =( GEOMETRIC_REPRESENTATION_CONTEXT ( 3 ) GLOBAL_UNCERTAINTY_ASSIGNED_CONTEXT ( ( #6207 ) ) GLOBAL_UNIT_ASSIGNED_CONTEXT ( ( #10514, #5483, #357 ) ) REPRESENTATION_CONTEXT ( 'NONE', 'WORKASPACE' ) );
#10220 = CARTESIAN_POINT ( 'NONE',  ( 1.490000000000000000, -2.799999999999999400, -7.299999999999999800 ) ) ;
#10221 = FILL_AREA_STYLE_COLOUR ( '', #410 ) ;
#10222 = VECTOR ( 'NONE', #6656, 1000.000000000000000 ) ;
#10223 =( LENGTH_UNIT ( ) NAMED_UNIT ( * ) SI_UNIT ( .MILLI., .METRE. ) );
#10224 = PRESENTATION_LAYER_ASSIGNMENT (  '', '', ( #9088 ) ) ;
#10225 = DIRECTION ( 'NONE',  ( 0.0000000000000000000, -1.000000000000000000, 0.0000000000000000000 ) ) ;
#10226 = ORIENTED_EDGE ( 'NONE', *, *, #9405, .T. ) ;
#10227 =( GEOMETRIC_REPRESENTATION_CONTEXT ( 3 ) GLOBAL_UNCERTAINTY_ASSIGNED_CONTEXT ( ( #3763 ) ) GLOBAL_UNIT_ASSIGNED_CONTEXT ( ( #9498, #4473, #10364 ) ) REPRESENTATION_CONTEXT ( 'NONE', 'WORKASPACE' ) );
#10228 = FILL_AREA_STYLE ('',( #8522 ) ) ;
#10229 = PRESENTATION_LAYER_ASSIGNMENT (  '', '', ( #9092 ) ) ;
#10230 =( NAMED_UNIT ( * ) SI_UNIT ( $, .STERADIAN. ) SOLID_ANGLE_UNIT ( ) );
#10231 = LINE ( 'NONE', #9167, #3783 ) ;
#10232 = SURFACE_STYLE_USAGE ( .BOTH. , #4349 ) ;
#10233 = CARTESIAN_POINT ( 'NONE',  ( 2.140000000000000100, 1.700000000000000000, -6.350000000000000500 ) ) ;
#10234 =( GEOMETRIC_REPRESENTATION_CONTEXT ( 3 ) GLOBAL_UNCERTAINTY_ASSIGNED_CONTEXT ( ( #10588 ) ) GLOBAL_UNIT_ASSIGNED_CONTEXT ( ( #9474, #4453, #10338 ) ) REPRESENTATION_CONTEXT ( 'NONE', 'WORKASPACE' ) );
#10235 = FILL_AREA_STYLE ('',( #9335 ) ) ;
#10236 = PRESENTATION_STYLE_ASSIGNMENT (( #1287 ) ) ;
#10237 = VECTOR ( 'NONE', #5098, 999.9999999999998900 ) ;
#10238 = UNCERTAINTY_MEASURE_WITH_UNIT (LENGTH_MEASURE( 1.000000000000000100E-005 ), #2986, 'distance_accuracy_value', 'NONE');
#10239 = EDGE_CURVE ( 'NONE', #9454, #7340, #10875, .T. ) ;
#10240 = MECHANICAL_DESIGN_GEOMETRIC_PRESENTATION_REPRESENTATION (  '', ( #8537 ), #10821 ) ;
#10241 = UNCERTAINTY_MEASURE_WITH_UNIT (LENGTH_MEASURE( 1.000000000000000100E-005 ), #7752, 'distance_accuracy_value', 'NONE');
#10242 = PLANE ( 'NONE',  #4209 ) ;
#10243 = DIRECTION ( 'NONE',  ( 0.6782059721786389800, 0.0000000000000000000, 0.7348718659067220400 ) ) ;
#10244 = DIRECTION ( 'NONE',  ( -0.7071067811865489100, -0.0000000000000000000, -0.7071067811865461300 ) ) ;
#10245 = EDGE_CURVE ( 'NONE', #4636, #10128, #1865, .T. ) ;
#10246 = EDGE_CURVE ( 'NONE', #1411, #9990, #8349, .T. ) ;
#10247 = DIRECTION ( 'NONE',  ( -0.7071067811865477900, -0.0000000000000000000, -0.7071067811865473500 ) ) ;
#10248 = FILL_AREA_STYLE ('',( #9385 ) ) ;
#10249 = LINE ( 'NONE', #1920, #2718 ) ;
#10250 = VECTOR ( 'NONE', #9164, 1000.000000000000100 ) ;
#10251 = FACE_OUTER_BOUND ( 'NONE', #6468, .T. ) ;
#10252 = FILL_AREA_STYLE_COLOUR ( '', #1922 ) ;
#10253 =( NAMED_UNIT ( * ) SI_UNIT ( $, .STERADIAN. ) SOLID_ANGLE_UNIT ( ) );
#10254 = PRESENTATION_LAYER_ASSIGNMENT (  '', '', ( #9121 ) ) ;
#10255 = DIRECTION ( 'NONE',  ( -0.7071067811865489100, 0.0000000000000000000, 0.7071067811865462400 ) ) ;
#10256 = ORIENTED_EDGE ( 'NONE', *, *, #10180, .F. ) ;
#10257 = DIRECTION ( 'NONE',  ( 0.0000000000000000000, 1.000000000000000000, 0.0000000000000000000 ) ) ;
#10258 =( LENGTH_UNIT ( ) NAMED_UNIT ( * ) SI_UNIT ( .MILLI., .METRE. ) );
#10259 = LINE ( 'NONE', #5549, #3803 ) ;
#10260 = DIRECTION ( 'NONE',  ( 0.7071067811865486800, 0.0000000000000000000, 0.7071067811865464600 ) ) ;
#10261 = DIRECTION ( 'NONE',  ( 1.000000000000000000, 0.0000000000000000000, -0.0000000000000000000 ) ) ;
#10262 = FACE_OUTER_BOUND ( 'NONE', #10320, .T. ) ;
#10263 = CARTESIAN_POINT ( 'NONE',  ( 1.490000000000000000, -2.799999999999999400, -20.00000000000000000 ) ) ;
#10264 = VERTEX_POINT ( 'NONE', #6011 ) ;
#10265 = CARTESIAN_POINT ( 'NONE',  ( -1.050000000000000000, 11.70000000000000100, -0.3200000000000000600 ) ) ;
#10266 = ORIENTED_EDGE ( 'NONE', *, *, #1557, .F. ) ;
#10267 = SURFACE_SIDE_STYLE ('',( #1307 ) ) ;
#10268 = DIRECTION ( 'NONE',  ( -0.0000000000000000000, -1.000000000000000000, -0.0000000000000000000 ) ) ;
#10269 = CARTESIAN_POINT ( 'NONE',  ( 0.9499999999999999600, 11.70000000000000100, -15.02000000000000000 ) ) ;
#10270 =( NAMED_UNIT ( * ) PLANE_ANGLE_UNIT ( ) SI_UNIT ( $, .RADIAN. ) );
#10271 = EDGE_CURVE ( 'NONE', #1621, #6930, #8081, .T. ) ;
#10272 = CARTESIAN_POINT ( 'NONE',  ( -1.050000000000000000, -2.799999999999999400, -14.92000000000000200 ) ) ;
#10273 = CARTESIAN_POINT ( 'NONE',  ( 1.050000000000000000, -2.799999999999999400, -12.38000000000000300 ) ) ;
#10274 = CARTESIAN_POINT ( 'NONE',  ( -1.050000000000000000, 11.70000000000000100, -18.10000000000000100 ) ) ;
#10275 = ADVANCED_FACE ( 'NONE', ( #6388 ), #6865, .T. ) ;
#10276 = STYLED_ITEM ( 'NONE', ( #9900 ), #6157 ) ;
#10277 = EDGE_LOOP ( 'NONE', ( #2140, #9753, #10615, #3549 ) ) ;
#10278 = MECHANICAL_DESIGN_GEOMETRIC_PRESENTATION_REPRESENTATION (  '', ( #8570 ), #10855 ) ;
#10279 = AXIS2_PLACEMENT_3D ( 'NONE', #8028, #2974, #8869 ) ;
#10280 = COLOUR_RGB ( '',0.7960784313725489700, 0.8235294117647058400, 0.9372549019607843100 ) ;
#10281 = CARTESIAN_POINT ( 'NONE',  ( -1.490000000000000000, 11.70000000000000100, -0.3200000000000001200 ) ) ;
#10282 = DIRECTION ( 'NONE',  ( 1.000000000000000000, 0.0000000000000000000, -0.0000000000000000000 ) ) ;
#10283 =( NAMED_UNIT ( * ) PLANE_ANGLE_UNIT ( ) SI_UNIT ( $, .RADIAN. ) );
#10284 = VECTOR ( 'NONE', #5259, 1000.000000000000000 ) ;
#10285 = EDGE_CURVE ( 'NONE', #9990, #5881, #2799, .T. ) ;
#10286 = EDGE_LOOP ( 'NONE', ( #4887, #412, #3267, #2891 ) ) ;
#10287 = DIRECTION ( 'NONE',  ( -0.0000000000000000000, -1.000000000000000000, -0.0000000000000000000 ) ) ;
#10288 = CARTESIAN_POINT ( 'NONE',  ( 1.490000000000000000, 11.70000000000000100, 0.3199999999999999000 ) ) ;
#10289 = ADVANCED_FACE ( 'NONE', ( #9248 ), #3536, .F. ) ;
#10290 = ORIENTED_EDGE ( 'NONE', *, *, #10955, .T. ) ;
#10291 = VERTEX_POINT ( 'NONE', #2663 ) ;
#10292 = CARTESIAN_POINT ( 'NONE',  ( 1.590000000000000100, 11.70000000000000100, -18.00000000000000400 ) ) ;
#10293 = MECHANICAL_DESIGN_GEOMETRIC_PRESENTATION_REPRESENTATION (  '', ( #8581 ), #10871 ) ;
#10294 =( GEOMETRIC_REPRESENTATION_CONTEXT ( 3 ) GLOBAL_UNCERTAINTY_ASSIGNED_CONTEXT ( ( #1433 ) ) GLOBAL_UNIT_ASSIGNED_CONTEXT ( ( #4741, #10634, #5589 ) ) REPRESENTATION_CONTEXT ( 'NONE', 'WORKASPACE' ) );
#10295 = ORIENTED_EDGE ( 'NONE', *, *, #6879, .F. ) ;
#10296 = ORIENTED_EDGE ( 'NONE', *, *, #3514, .T. ) ;
#10297 = VERTEX_POINT ( 'NONE', #9448 ) ;
#10298 = VERTEX_POINT ( 'NONE', #10269 ) ;
#10299 = VECTOR ( 'NONE', #4284, 1000.000000000000000 ) ;
#10300 = DIRECTION ( 'NONE',  ( 2.492418787322998300E-016, 0.0000000000000000000, 1.000000000000000000 ) ) ;
#10301 = CARTESIAN_POINT ( 'NONE',  ( -0.9499999999999999600, -2.799999999999999400, -0.2199999999999999700 ) ) ;
#10302 =( GEOMETRIC_REPRESENTATION_CONTEXT ( 3 ) GLOBAL_UNCERTAINTY_ASSIGNED_CONTEXT ( ( #8283 ) ) GLOBAL_UNIT_ASSIGNED_CONTEXT ( ( #7830, #2752, #8647 ) ) REPRESENTATION_CONTEXT ( 'NONE', 'WORKASPACE' ) );
#10303 = SURFACE_SIDE_STYLE ('',( #8101 ) ) ;
#10304 = LINE ( 'NONE', #553, #1310 ) ;
#10305 = AXIS2_PLACEMENT_3D ( 'NONE', #9084, #4046, #9930 ) ;
#10306 = DIRECTION ( 'NONE',  ( -0.7372346670543746800, -0.0000000000000000000, 0.6756367705307528800 ) ) ;
#10307 =( NAMED_UNIT ( * ) PLANE_ANGLE_UNIT ( ) SI_UNIT ( $, .RADIAN. ) );
#10308 = CARTESIAN_POINT ( 'NONE',  ( -1.050000000000000000, -2.799999999999999400, -0.3200000000000000600 ) ) ;
#10309 = DIRECTION ( 'NONE',  ( 0.7071067811865474600, 0.0000000000000000000, 0.7071067811865474600 ) ) ;
#10310 =( NAMED_UNIT ( * ) SI_UNIT ( $, .STERADIAN. ) SOLID_ANGLE_UNIT ( ) );
#10311 = ORIENTED_EDGE ( 'NONE', *, *, #2233, .F. ) ;
#10312 = VECTOR ( 'NONE', #9060, 999.9999999999998900 ) ;
#10313 = FILL_AREA_STYLE ('',( #4426 ) ) ;
#10314 = ORIENTED_EDGE ( 'NONE', *, *, #7449, .F. ) ;
#10315 = VERTEX_POINT ( 'NONE', #10308 ) ;
#10316 = UNCERTAINTY_MEASURE_WITH_UNIT (LENGTH_MEASURE( 1.000000000000000100E-005 ), #7864, 'distance_accuracy_value', 'NONE');
#10317 = COLOUR_RGB ( '',0.7960784313725489700, 0.8235294117647058400, 0.9372549019607843100 ) ;
#10318 = FACE_OUTER_BOUND ( 'NONE', #9778, .T. ) ;
#10319 = FACE_OUTER_BOUND ( 'NONE', #9908, .T. ) ;
#10320 = EDGE_LOOP ( 'NONE', ( #1288, #195, #883, #5193, #3377, #3579, #10877, #7647 ) ) ;
#10321 = SURFACE_STYLE_USAGE ( .BOTH. , #4433 ) ;
#10322 = CARTESIAN_POINT ( 'NONE',  ( 1.590000000000000100, -2.799999999999999400, -20.54000000000000300 ) ) ;
#10323 = ORIENTED_EDGE ( 'NONE', *, *, #6317, .T. ) ;
#10324 = VERTEX_POINT ( 'NONE', #5290 ) ;
#10325 =( NAMED_UNIT ( * ) SI_UNIT ( $, .STERADIAN. ) SOLID_ANGLE_UNIT ( ) );
#10326 =( NAMED_UNIT ( * ) SI_UNIT ( $, .STERADIAN. ) SOLID_ANGLE_UNIT ( ) );
#10327 = VECTOR ( 'NONE', #928, 1000.000000000000000 ) ;
#10328 =( NAMED_UNIT ( * ) SI_UNIT ( $, .STERADIAN. ) SOLID_ANGLE_UNIT ( ) );
#10329 = DIRECTION ( 'NONE',  ( 0.7071067811865474600, 0.0000000000000000000, 0.7071067811865474600 ) ) ;
#10330 = ORIENTED_EDGE ( 'NONE', *, *, #8167, .F. ) ;
#10331 = EDGE_CURVE ( 'NONE', #1667, #7323, #8467, .T. ) ;
#10332 = PRESENTATION_STYLE_ASSIGNMENT (( #10232 ) ) ;
#10333 = ADVANCED_FACE ( 'NONE', ( #1999 ), #6976, .F. ) ;
#10334 =( NAMED_UNIT ( * ) SI_UNIT ( $, .STERADIAN. ) SOLID_ANGLE_UNIT ( ) );
#10335 = EDGE_LOOP ( 'NONE', ( #9783, #4615, #8933, #5558 ) ) ;
#10336 = DIRECTION ( 'NONE',  ( -0.7071067811865470200, 0.0000000000000000000, 0.7071067811865481300 ) ) ;
#10337 = ORIENTED_EDGE ( 'NONE', *, *, #9238, .F. ) ;
#10338 =( NAMED_UNIT ( * ) SI_UNIT ( $, .STERADIAN. ) SOLID_ANGLE_UNIT ( ) );
#10339 = DIRECTION ( 'NONE',  ( 1.000000000000000000, 0.0000000000000000000, -2.492418787322998300E-016 ) ) ;
#10340 = EDGE_CURVE ( 'NONE', #9240, #511, #5467, .T. ) ;
#10341 = AXIS2_PLACEMENT_3D ( 'NONE', #7387, #2317, #8239 ) ;
#10342 = PRESENTATION_STYLE_ASSIGNMENT (( #8040 ) ) ;
#10343 = CARTESIAN_POINT ( 'NONE',  ( -2.539999999999999600, 1.700000000000000000, -9.323421052631580600 ) ) ;
#10344 = LINE ( 'NONE', #2362, #3630 ) ;
#10345 = LINE ( 'NONE', #10038, #1609 ) ;
#10346 = ORIENTED_EDGE ( 'NONE', *, *, #10170, .F. ) ;
#10347 =( LENGTH_UNIT ( ) NAMED_UNIT ( * ) SI_UNIT ( .MILLI., .METRE. ) );
#10348 = PRESENTATION_LAYER_ASSIGNMENT (  '', '', ( #9190 ) ) ;
#10349 =( NAMED_UNIT ( * ) PLANE_ANGLE_UNIT ( ) SI_UNIT ( $, .RADIAN. ) );
#10350 = VERTEX_POINT ( 'NONE', #8677 ) ;
#10351 =( NAMED_UNIT ( * ) PLANE_ANGLE_UNIT ( ) SI_UNIT ( $, .RADIAN. ) );
#10352 = CARTESIAN_POINT ( 'NONE',  ( 0.9499999999999999600, -2.799999999999999400, -4.860000000000000300 ) ) ;
#10353 = MECHANICAL_DESIGN_GEOMETRIC_PRESENTATION_REPRESENTATION (  '', ( #8638 ), #10916 ) ;
#10354 = ADVANCED_FACE ( 'NONE', ( #9644 ), #4499, .F. ) ;
#10355 = SURFACE_SIDE_STYLE ('',( #9975 ) ) ;
#10356 = ORIENTED_EDGE ( 'NONE', *, *, #1215, .T. ) ;
#10357 = LINE ( 'NONE', #994, #3885 ) ;
#10358 = PLANE ( 'NONE',  #2639 ) ;
#10359 = LINE ( 'NONE', #2618, #1617 ) ;
#10360 = SURFACE_STYLE_FILL_AREA ( #4000 ) ;
#10361 = ORIENTED_EDGE ( 'NONE', *, *, #10818, .T. ) ;
#10362 = DIRECTION ( 'NONE',  ( 0.0000000000000000000, 0.0000000000000000000, 1.000000000000000000 ) ) ;
#10363 = LINE ( 'NONE', #854, #10084 ) ;
#10364 =( NAMED_UNIT ( * ) SI_UNIT ( $, .STERADIAN. ) SOLID_ANGLE_UNIT ( ) );
#10365 = FILL_AREA_STYLE_COLOUR ( '', #5837 ) ;
#10366 = PLANE ( 'NONE',  #5514 ) ;
#10367 = ORIENTED_EDGE ( 'NONE', *, *, #4972, .F. ) ;
#10368 =( GEOMETRIC_REPRESENTATION_CONTEXT ( 3 ) GLOBAL_UNCERTAINTY_ASSIGNED_CONTEXT ( ( #10098 ) ) GLOBAL_UNIT_ASSIGNED_CONTEXT ( ( #1432, #7353, #2272 ) ) REPRESENTATION_CONTEXT ( 'NONE', 'WORKASPACE' ) );
#10369 = DIRECTION ( 'NONE',  ( -0.7071067811865469100, -0.0000000000000000000, 0.7071067811865482400 ) ) ;
#10370 = FILL_AREA_STYLE ('',( #3637 ) ) ;
#10371 = VECTOR ( 'NONE', #10748, 1000.000000000000000 ) ;
#10372 = MECHANICAL_DESIGN_GEOMETRIC_PRESENTATION_REPRESENTATION (  '', ( #8661 ), #10941 ) ;
#10373 = DIRECTION ( 'NONE',  ( -0.7071067811865469100, -0.0000000000000000000, 0.7071067811865482400 ) ) ;
#10374 = CARTESIAN_POINT ( 'NONE',  ( 0.9499999999999999600, -2.799999999999999400, -15.45999999999999900 ) ) ;
#10375 =( NAMED_UNIT ( * ) PLANE_ANGLE_UNIT ( ) SI_UNIT ( $, .RADIAN. ) );
#10376 = VECTOR ( 'NONE', #5518, 1000.000000000000000 ) ;
#10377 = VECTOR ( 'NONE', #10419, 1000.000000000000000 ) ;
#10378 = CARTESIAN_POINT ( 'NONE',  ( -2.140000000000000600, 1.700000000000000000, -16.51000000000000200 ) ) ;
#10379 = FILL_AREA_STYLE_COLOUR ( '', #1242 ) ;
#10380 = AXIS2_PLACEMENT_3D ( 'NONE', #9002, #3960, #9849 ) ;
#10381 =( NAMED_UNIT ( * ) SI_UNIT ( $, .STERADIAN. ) SOLID_ANGLE_UNIT ( ) );
#10382 = UNCERTAINTY_MEASURE_WITH_UNIT (LENGTH_MEASURE( 1.000000000000000100E-005 ), #7252, 'distance_accuracy_value', 'NONE');
#10383 = CARTESIAN_POINT ( 'NONE',  ( -1.590000000000000300, -2.799999999999999400, -9.940000000000001300 ) ) ;
#10384 = SURFACE_SIDE_STYLE ('',( #3195 ) ) ;
#10385 = DIRECTION ( 'NONE',  ( 1.000000000000000000, 0.0000000000000000000, 0.0000000000000000000 ) ) ;
#10386 = PRESENTATION_STYLE_ASSIGNMENT (( #4635 ) ) ;
#10387 = UNCERTAINTY_MEASURE_WITH_UNIT (LENGTH_MEASURE( 1.000000000000000100E-005 ), #4215, 'distance_accuracy_value', 'NONE');
#10388 = ORIENTED_EDGE ( 'NONE', *, *, #1201, .T. ) ;
#10389 = EDGE_CURVE ( 'NONE', #266, #365, #7694, .T. ) ;
#10390 = SURFACE_STYLE_FILL_AREA ( #1451 ) ;
#10391 = STYLED_ITEM ( 'NONE', ( #7607 ), #3373 ) ;
#10392 = DIRECTION ( 'NONE',  ( 0.0000000000000000000, 0.0000000000000000000, -1.000000000000000000 ) ) ;
#10393 = PRESENTATION_LAYER_ASSIGNMENT (  '', '', ( #9236 ) ) ;
#10394 = FACE_OUTER_BOUND ( 'NONE', #6258, .T. ) ;
#10395 = DIRECTION ( 'NONE',  ( -0.7071067811865489100, -0.0000000000000000000, -0.7071067811865461300 ) ) ;
#10396 = ORIENTED_EDGE ( 'NONE', *, *, #3800, .T. ) ;
#10397 = ORIENTED_EDGE ( 'NONE', *, *, #9854, .F. ) ;
#10398 = EDGE_CURVE ( 'NONE', #8812, #3487, #8860, .T. ) ;
#10399 = VERTEX_POINT ( 'NONE', #274 ) ;
#10400 = LINE ( 'NONE', #10840, #2864 ) ;
#10401 = ADVANCED_FACE ( 'NONE', ( #6645 ), #6219, .T. ) ;
#10402 = LINE ( 'NONE', #293, #3692 ) ;
#10403 =( LENGTH_UNIT ( ) NAMED_UNIT ( * ) SI_UNIT ( .MILLI., .METRE. ) );
#10404 = STYLED_ITEM ( 'NONE', ( #5803 ), #341 ) ;
#10405 = LINE ( 'NONE', #4589, #8153 ) ;
#10406 = VECTOR ( 'NONE', #9769, 1000.000000000000100 ) ;
#10407 = ORIENTED_EDGE ( 'NONE', *, *, #8723, .F. ) ;
#10408 = SURFACE_SIDE_STYLE ('',( #8306 ) ) ;
#10409 =( NAMED_UNIT ( * ) SI_UNIT ( $, .STERADIAN. ) SOLID_ANGLE_UNIT ( ) );
#10410 = FACE_OUTER_BOUND ( 'NONE', #9493, .T. ) ;
#10411 = DIRECTION ( 'NONE',  ( 0.6782059721786389800, 0.0000000000000000000, 0.7348718659067220400 ) ) ;
#10412 = LINE ( 'NONE', #2769, #5933 ) ;
#10413 = DIRECTION ( 'NONE',  ( 0.7372346670543746800, 0.0000000000000000000, -0.6756367705307528800 ) ) ;
#10414 = CARTESIAN_POINT ( 'NONE',  ( 1.490000000000000000, -2.799999999999999400, -17.46000000000000100 ) ) ;
#10415 = ORIENTED_EDGE ( 'NONE', *, *, #7392, .F. ) ;
#10416 = DIRECTION ( 'NONE',  ( 0.7071067811865474600, 0.0000000000000000000, 0.7071067811865474600 ) ) ;
#10417 = DIRECTION ( 'NONE',  ( 0.7071067811865486800, 0.0000000000000000000, -0.7071067811865463500 ) ) ;
#10418 =( NAMED_UNIT ( * ) SI_UNIT ( $, .STERADIAN. ) SOLID_ANGLE_UNIT ( ) );
#10419 = DIRECTION ( 'NONE',  ( 0.0000000000000000000, 1.000000000000000000, 0.0000000000000000000 ) ) ;
#10420 = VERTEX_POINT ( 'NONE', #2028 ) ;
#10421 =( NAMED_UNIT ( * ) PLANE_ANGLE_UNIT ( ) SI_UNIT ( $, .RADIAN. ) );
#10422 = VECTOR ( 'NONE', #1355, 999.9999999999998900 ) ;
#10423 = STYLED_ITEM ( 'NONE', ( #1556 ), #10999 ) ;
#10424 = ORIENTED_EDGE ( 'NONE', *, *, #5714, .T. ) ;
#10425 = SURFACE_STYLE_FILL_AREA ( #9457 ) ;
#10426 = STYLED_ITEM ( 'NONE', ( #7383 ), #7748 ) ;
#10427 =( NAMED_UNIT ( * ) SI_UNIT ( $, .STERADIAN. ) SOLID_ANGLE_UNIT ( ) );
#10428 = EDGE_CURVE ( 'NONE', #7064, #5849, #3602, .T. ) ;
#10429 = COLOUR_RGB ( '',0.0000000000000000000, 0.003921568627450980300, 0.09019607843137254800 ) ;
#10430 = DIRECTION ( 'NONE',  ( -0.0000000000000000000, -1.000000000000000000, -0.0000000000000000000 ) ) ;
#10431 = DIRECTION ( 'NONE',  ( -0.7071067811865470200, 0.0000000000000000000, -0.7071067811865481300 ) ) ;
#10432 = MECHANICAL_DESIGN_GEOMETRIC_PRESENTATION_REPRESENTATION (  '', ( #8727 ), #11002 ) ;
#10433 = EDGE_LOOP ( 'NONE', ( #3998, #8347, #911, #9144 ) ) ;
#10434 = PLANE ( 'NONE',  #8518 ) ;
#10435 = UNCERTAINTY_MEASURE_WITH_UNIT (LENGTH_MEASURE( 1.000000000000000100E-005 ), #5667, 'distance_accuracy_value', 'NONE');
#10436 = VERTEX_POINT ( 'NONE', #1990 ) ;
#10437 = VERTEX_POINT ( 'NONE', #1192 ) ;
#10438 = AXIS2_PLACEMENT_3D ( 'NONE', #7602, #2530, #8430 ) ;
#10439 = MECHANICAL_DESIGN_GEOMETRIC_PRESENTATION_REPRESENTATION (  '', ( #8735 ), #11010 ) ;
#10440 = AXIS2_PLACEMENT_3D ( 'NONE', #1787, #7729, #2646 ) ;
#10441 = VECTOR ( 'NONE', #1706, 1000.000000000000100 ) ;
#10442 = DIRECTION ( 'NONE',  ( -0.7071067811865470200, -0.0000000000000000000, -0.7071067811865481300 ) ) ;
#10443 = FILL_AREA_STYLE_COLOUR ( '', #6434 ) ;
#10444 = PRESENTATION_STYLE_ASSIGNMENT (( #2325 ) ) ;
#10445 = COLOUR_RGB ( '',0.7960784313725489700, 0.8235294117647058400, 0.9372549019607843100 ) ;
#10446 = UNCERTAINTY_MEASURE_WITH_UNIT (LENGTH_MEASURE( 1.000000000000000100E-005 ), #1744, 'distance_accuracy_value', 'NONE');
#10447 = VERTEX_POINT ( 'NONE', #3756 ) ;
#10448 = VERTEX_POINT ( 'NONE', #9620 ) ;
#10449 = MECHANICAL_DESIGN_GEOMETRIC_PRESENTATION_REPRESENTATION (  '', ( #9295 ), #7 ) ;
#10450 = DIRECTION ( 'NONE',  ( 0.0000000000000000000, -1.000000000000000000, 0.0000000000000000000 ) ) ;
#10451 = CARTESIAN_POINT ( 'NONE',  ( -1.590000000000000300, -2.799999999999999400, -12.48000000000000200 ) ) ;
#10452 = FILL_AREA_STYLE_COLOUR ( '', #6415 ) ;
#10453 = DIRECTION ( 'NONE',  ( 1.000000000000000000, 0.0000000000000000000, -0.0000000000000000000 ) ) ;
#10454 = VERTEX_POINT ( 'NONE', #4613 ) ;
#10455 = SURFACE_STYLE_USAGE ( .BOTH. , #4576 ) ;
#10456 = EDGE_CURVE ( 'NONE', #5213, #3701, #10043, .T. ) ;
#10457 = CARTESIAN_POINT ( 'NONE',  ( -0.9499999999999999600, -2.799999999999999400, -18.00000000000000400 ) ) ;
#10458 = COLOUR_RGB ( '',0.7960784313725489700, 0.8235294117647058400, 0.9372549019607843100 ) ;
#10459 = ADVANCED_FACE ( 'NONE', ( #1324 ), #8784, .T. ) ;
#10460 = DIRECTION ( 'NONE',  ( 2.492418787322998300E-016, 0.0000000000000000000, 1.000000000000000000 ) ) ;
#10461 = UNCERTAINTY_MEASURE_WITH_UNIT (LENGTH_MEASURE( 1.000000000000000100E-005 ), #6834, 'distance_accuracy_value', 'NONE');
#10462 = PRESENTATION_LAYER_ASSIGNMENT (  '', '', ( #9300 ) ) ;
#10463 =( NAMED_UNIT ( * ) PLANE_ANGLE_UNIT ( ) SI_UNIT ( $, .RADIAN. ) );
#10464 = LINE ( 'NONE', #6164, #1462 ) ;
#10465 = FACE_OUTER_BOUND ( 'NONE', #3682, .T. ) ;
#10466 = ORIENTED_EDGE ( 'NONE', *, *, #10797, .T. ) ;
#10467 = PRESENTATION_STYLE_ASSIGNMENT (( #7451 ) ) ;
#10468 =( GEOMETRIC_REPRESENTATION_CONTEXT ( 3 ) GLOBAL_UNCERTAINTY_ASSIGNED_CONTEXT ( ( #7757 ) ) GLOBAL_UNIT_ASSIGNED_CONTEXT ( ( #9363, #4348, #10230 ) ) REPRESENTATION_CONTEXT ( 'NONE', 'WORKASPACE' ) );
#10469 = EDGE_CURVE ( 'NONE', #6664, #2946, #2511, .T. ) ;
#10470 = ORIENTED_EDGE ( 'NONE', *, *, #3271, .T. ) ;
#10471 = EDGE_CURVE ( 'NONE', #2327, #9240, #4799, .T. ) ;
#10472 = ORIENTED_EDGE ( 'NONE', *, *, #8238, .F. ) ;
#10473 = FILL_AREA_STYLE ('',( #319 ) ) ;
#10474 = LINE ( 'NONE', #7275, #1723 ) ;
#10475 = FILL_AREA_STYLE_COLOUR ( '', #10628 ) ;
#10476 = VECTOR ( 'NONE', #7730, 1000.000000000000000 ) ;
#10477 = LINE ( 'NONE', #9217, #1727 ) ;
#10478 = PRESENTATION_STYLE_ASSIGNMENT (( #3496 ) ) ;
#10479 = EDGE_LOOP ( 'NONE', ( #949, #6085, #6112, #8227 ) ) ;
#10480 = PLANE ( 'NONE',  #6909 ) ;
#10481 = SURFACE_SIDE_STYLE ('',( #5921 ) ) ;
#10482 = EDGE_LOOP ( 'NONE', ( #647, #2225, #2542, #1657 ) ) ;
#10483 = DIRECTION ( 'NONE',  ( -0.7071067811865477900, 0.0000000000000000000, -0.7071067811865473500 ) ) ;
#10484 = SURFACE_STYLE_FILL_AREA ( #712 ) ;
#10485 = LINE ( 'NONE', #7293, #3765 ) ;
#10486 = ORIENTED_EDGE ( 'NONE', *, *, #8936, .T. ) ;
#10487 =( NAMED_UNIT ( * ) PLANE_ANGLE_UNIT ( ) SI_UNIT ( $, .RADIAN. ) );
#10489 = ORIENTED_EDGE ( 'NONE', *, *, #9955, .T. ) ;
#10488 = DIRECTION ( 'NONE',  ( -1.000000000000000000, 0.0000000000000000000, -1.232047923278982000E-016 ) ) ;
#10490 = EDGE_CURVE ( 'NONE', #1539, #3186, #248, .T. ) ;
#10491 = VECTOR ( 'NONE', #2637, 1000.000000000000000 ) ;
#10492 = SURFACE_SIDE_STYLE ('',( #6663 ) ) ;
#10493 = VERTEX_POINT ( 'NONE', #3815 ) ;
#10494 = FILL_AREA_STYLE ('',( #2884 ) ) ;
#10495 = DIRECTION ( 'NONE',  ( 0.0000000000000000000, 0.0000000000000000000, 1.000000000000000000 ) ) ;
#10496 = SURFACE_STYLE_USAGE ( .BOTH. , #4610 ) ;
#10497 = CARTESIAN_POINT ( 'NONE',  ( 2.540000000000000900, 0.0000000000000000000, -8.490000000000000200 ) ) ;
#10498 = SURFACE_STYLE_FILL_AREA ( #2827 ) ;
#10499 =( NAMED_UNIT ( * ) SI_UNIT ( $, .STERADIAN. ) SOLID_ANGLE_UNIT ( ) );
#10500 = STYLED_ITEM ( 'NONE', ( #9904 ), #10522 ) ;
#10501 = DIRECTION ( 'NONE',  ( -1.000000000000000000, -0.0000000000000000000, -0.0000000000000000000 ) ) ;
#10502 = SURFACE_STYLE_FILL_AREA ( #9985 ) ;
#10503 = VECTOR ( 'NONE', #4931, 1000.000000000000000 ) ;
#10504 = PRESENTATION_STYLE_ASSIGNMENT (( #3587 ) ) ;
#10505 = EDGE_CURVE ( 'NONE', #406, #536, #8984, .T. ) ;
#10506 = FACE_OUTER_BOUND ( 'NONE', #941, .T. ) ;
#10507 = PRESENTATION_LAYER_ASSIGNMENT (  '', '', ( #9350 ) ) ;
#10508 = FACE_OUTER_BOUND ( 'NONE', #779, .T. ) ;
#10509 = VECTOR ( 'NONE', #7581, 1000.000000000000000 ) ;
#10510 = PRESENTATION_STYLE_ASSIGNMENT (( #6904 ) ) ;
#10511 = CARTESIAN_POINT ( 'NONE',  ( 1.050000000000000000, -2.799999999999999400, -2.860000000000000300 ) ) ;
#10512 = MECHANICAL_DESIGN_GEOMETRIC_PRESENTATION_REPRESENTATION (  '', ( #8799 ), #70 ) ;
#10513 = ADVANCED_FACE ( 'NONE', ( #8719 ), #418, .F. ) ;
#10514 =( LENGTH_UNIT ( ) NAMED_UNIT ( * ) SI_UNIT ( .MILLI., .METRE. ) );
#10515 = MECHANICAL_DESIGN_GEOMETRIC_PRESENTATION_REPRESENTATION (  '', ( #8801 ), #74 ) ;
#10516 = STYLED_ITEM ( 'NONE', ( #284 ), #9940 ) ;
#10517 = UNCERTAINTY_MEASURE_WITH_UNIT (LENGTH_MEASURE( 1.000000000000000100E-005 ), #5648, 'distance_accuracy_value', 'NONE');
#10518 = FILL_AREA_STYLE ('',( #4638 ) ) ;
#10519 = FILL_AREA_STYLE ('',( #4639 ) ) ;
#10520 = VECTOR ( 'NONE', #1901, 1000.000000000000000 ) ;
#10521 = CARTESIAN_POINT ( 'NONE',  ( 1.050000000000000000, -2.799999999999999400, -4.760000000000000700 ) ) ;
#10522 = MANIFOLD_SOLID_BREP ( 'LPattern3[4]', #552 ) ;
#10523 = COLOUR_RGB ( '',0.7921568627450980000, 0.8196078431372548800, 0.9333333333333333500 ) ;
#10524 =( GEOMETRIC_REPRESENTATION_CONTEXT ( 3 ) GLOBAL_UNCERTAINTY_ASSIGNED_CONTEXT ( ( #963 ) ) GLOBAL_UNIT_ASSIGNED_CONTEXT ( ( #1804, #7747, #2674 ) ) REPRESENTATION_CONTEXT ( 'NONE', 'WORKASPACE' ) );
#10525 = CARTESIAN_POINT ( 'NONE',  ( 2.540000000000000900, 0.0000000000000000000, -16.10999999999999900 ) ) ;
#10526 = FILL_AREA_STYLE ('',( #9659 ) ) ;
#10527 = STYLED_ITEM ( 'NONE', ( #9394 ), #1675 ) ;
#10528 = ORIENTED_EDGE ( 'NONE', *, *, #10825, .T. ) ;
#10529 = ORIENTED_EDGE ( 'NONE', *, *, #5948, .F. ) ;
#10530 = SURFACE_STYLE_USAGE ( .BOTH. , #4645 ) ;
#10531 = FILL_AREA_STYLE ('',( #9661 ) ) ;
#10532 = CARTESIAN_POINT ( 'NONE',  ( -1.590000000000000300, -2.799999999999999400, -10.38000000000000100 ) ) ;
#10533 = FACE_OUTER_BOUND ( 'NONE', #7898, .T. ) ;
#10534 =( NAMED_UNIT ( * ) SI_UNIT ( $, .STERADIAN. ) SOLID_ANGLE_UNIT ( ) );
#10535 = DIRECTION ( 'NONE',  ( -0.7071067811865481300, 0.0000000000000000000, -0.7071067811865470200 ) ) ;
#10536 = VECTOR ( 'NONE', #1296, 1000.000000000000000 ) ;
#10537 = PRESENTATION_STYLE_ASSIGNMENT (( #4899 ) ) ;
#10538 = ORIENTED_EDGE ( 'NONE', *, *, #2910, .T. ) ;
#10539 = EDGE_CURVE ( 'NONE', #238, #2232, #7940, .T. ) ;
#10540 = VERTEX_POINT ( 'NONE', #6409 ) ;
#10541 = COLOUR_RGB ( '',0.7960784313725489700, 0.8235294117647058400, 0.9372549019607843100 ) ;
#10542 =( LENGTH_UNIT ( ) NAMED_UNIT ( * ) SI_UNIT ( .MILLI., .METRE. ) );
#10543 = CARTESIAN_POINT ( 'NONE',  ( 1.490000000000000000, -2.799999999999999400, 0.3199999999999999000 ) ) ;
#10544 = EDGE_CURVE ( 'NONE', #3113, #3205, #5713, .T. ) ;
#10545 = COLOUR_RGB ( '',0.7960784313725489700, 0.8235294117647058400, 0.9372549019607843100 ) ;
#10546 = CARTESIAN_POINT ( 'NONE',  ( 0.9499999999999999600, -2.799999999999999400, -7.839999999999999900 ) ) ;
#10547 = ORIENTED_EDGE ( 'NONE', *, *, #10827, .F. ) ;
#10548 = ORIENTED_EDGE ( 'NONE', *, *, #3556, .T. ) ;
#10549 = FILL_AREA_STYLE ('',( #3801 ) ) ;
#10550 = PLANE ( 'NONE',  #4740 ) ;
#10551 = EDGE_CURVE ( 'NONE', #5816, #10037, #3463, .T. ) ;
#10552 = ORIENTED_EDGE ( 'NONE', *, *, #5557, .F. ) ;
#10553 =( GEOMETRIC_REPRESENTATION_CONTEXT ( 3 ) GLOBAL_UNCERTAINTY_ASSIGNED_CONTEXT ( ( #202 ) ) GLOBAL_UNIT_ASSIGNED_CONTEXT ( ( #8897, #3854, #9737 ) ) REPRESENTATION_CONTEXT ( 'NONE', 'WORKASPACE' ) );
#10554 = AXIS2_PLACEMENT_3D ( 'NONE', #8788, #3758, #9622 ) ;
#10555 = VERTEX_POINT ( 'NONE', #6508 ) ;
#10556 = LINE ( 'NONE', #1136, #4088 ) ;
#10557 = DIRECTION ( 'NONE',  ( 0.0000000000000000000, 1.000000000000000000, 0.0000000000000000000 ) ) ;
#10558 = PLANE ( 'NONE',  #6805 ) ;
#10559 = STYLED_ITEM ( 'NONE', ( #5087 ), #10163 ) ;
#10560 = FILL_AREA_STYLE ('',( #2957 ) ) ;
#10561 = CARTESIAN_POINT ( 'NONE',  ( 0.9499999999999999600, -2.799999999999999400, -0.2200000000000000000 ) ) ;
#10562 = CARTESIAN_POINT ( 'NONE',  ( -1.590000000000000300, -2.799999999999999400, -20.10000000000000100 ) ) ;
#10563 = VECTOR ( 'NONE', #1946, 999.9999999999998900 ) ;
#10564 = CARTESIAN_POINT ( 'NONE',  ( -1.050000000000000000, 11.70000000000000100, -9.840000000000001600 ) ) ;
#10565 = CARTESIAN_POINT ( 'NONE',  ( -1.590000000000000300, -2.799999999999999400, -2.760000000000000200 ) ) ;
#10566 = ADVANCED_FACE ( 'NONE', ( #2370 ), #2263, .F. ) ;
#10567 = VERTEX_POINT ( 'NONE', #10744 ) ;
#10568 = PLANE ( 'NONE',  #6400 ) ;
#10569 = ORIENTED_EDGE ( 'NONE', *, *, #9344, .F. ) ;
#10570 = ORIENTED_EDGE ( 'NONE', *, *, #10827, .T. ) ;
#10571 = LINE ( 'NONE', #3430, #10299 ) ;
#10572 =( GEOMETRIC_REPRESENTATION_CONTEXT ( 3 ) GLOBAL_UNCERTAINTY_ASSIGNED_CONTEXT ( ( #7145 ) ) GLOBAL_UNIT_ASSIGNED_CONTEXT ( ( #155, #6113, #1036 ) ) REPRESENTATION_CONTEXT ( 'NONE', 'WORKASPACE' ) );
#10573 = COLOUR_RGB ( '',0.7960784313725489700, 0.8235294117647058400, 0.9372549019607843100 ) ;
#10574 = MECHANICAL_DESIGN_GEOMETRIC_PRESENTATION_REPRESENTATION (  '', ( #8863 ), #142 ) ;
#10575 = ORIENTED_EDGE ( 'NONE', *, *, #4977, .T. ) ;
#10576 = CARTESIAN_POINT ( 'NONE',  ( 0.9499999999999999600, -2.799999999999999400, -10.38000000000000100 ) ) ;
#10577 = VERTEX_POINT ( 'NONE', #1456 ) ;
#10578 = FILL_AREA_STYLE ('',( #2108 ) ) ;
#10580 = EDGE_CURVE ( 'NONE', #9249, #6901, #6902, .T. ) ;
#10579 = DIRECTION ( 'NONE',  ( 0.0000000000000000000, -1.000000000000000000, 0.0000000000000000000 ) ) ;
#10581 = UNCERTAINTY_MEASURE_WITH_UNIT (LENGTH_MEASURE( 1.000000000000000100E-005 ), #6343, 'distance_accuracy_value', 'NONE');
#10582 = VERTEX_POINT ( 'NONE', #1420 ) ;
#10583 = CARTESIAN_POINT ( 'NONE',  ( 2.140000000000000100, 1.700000000000000000, -1.270000000000000000 ) ) ;
#10584 = VECTOR ( 'NONE', #4647, 1000.000000000000000 ) ;
#10585 = PRESENTATION_LAYER_ASSIGNMENT (  '', '', ( #9439 ) ) ;
#10586 = VECTOR ( 'NONE', #3289, 1000.000000000000000 ) ;
#10587 = LINE ( 'NONE', #2756, #4116 ) ;
#10588 = UNCERTAINTY_MEASURE_WITH_UNIT (LENGTH_MEASURE( 1.000000000000000100E-005 ), #9474, 'distance_accuracy_value', 'NONE');
#10589 = ORIENTED_EDGE ( 'NONE', *, *, #2766, .F. ) ;
#10590 = PRESENTATION_STYLE_ASSIGNMENT (( #3359 ) ) ;
#10591 = VECTOR ( 'NONE', #1285, 1000.000000000000000 ) ;
#10592 =( GEOMETRIC_REPRESENTATION_CONTEXT ( 3 ) GLOBAL_UNCERTAINTY_ASSIGNED_CONTEXT ( ( #9612 ) ) GLOBAL_UNIT_ASSIGNED_CONTEXT ( ( #323, #6276, #1209 ) ) REPRESENTATION_CONTEXT ( 'NONE', 'WORKASPACE' ) );
#10593 = CARTESIAN_POINT ( 'NONE',  ( -2.140000000000000600, 1.700000000000000000, -11.43000000000000100 ) ) ;
#10594 = STYLED_ITEM ( 'NONE', ( #8540 ), #9057 ) ;
#10595 = STYLED_ITEM ( 'NONE', ( #979 ), #1257 ) ;
#10596 = VERTEX_POINT ( 'NONE', #3164 ) ;
#10597 = CARTESIAN_POINT ( 'NONE',  ( 0.0000000000000000000, -2.799999999999999400, -20.32000000000000000 ) ) ;
#10598 = CARTESIAN_POINT ( 'NONE',  ( 0.0000000000000000000, 11.70000000000000100, -10.16000000000000000 ) ) ;
#10599 = SURFACE_STYLE_FILL_AREA ( #8562 ) ;
#10600 = LINE ( 'NONE', #1773, #10327 ) ;
#10601 = VECTOR ( 'NONE', #2310, 1000.000000000000000 ) ;
#10602 = PRESENTATION_LAYER_ASSIGNMENT (  '', '', ( #10009 ) ) ;
#10603 = CARTESIAN_POINT ( 'NONE',  ( 2.140000000000001500, 1.700000000000000000, -19.05000000000000100 ) ) ;
#10604 = EDGE_LOOP ( 'NONE', ( #1604, #2600, #10124, #5949 ) ) ;
#10605 = PRESENTATION_STYLE_ASSIGNMENT (( #1868 ) ) ;
#10606 = VECTOR ( 'NONE', #10119, 1000.000000000000000 ) ;
#10607 = FACE_OUTER_BOUND ( 'NONE', #157, .T. ) ;
#10608 = FILL_AREA_STYLE_COLOUR ( '', #3697 ) ;
#10609 = PLANE ( 'NONE',  #8133 ) ;
#10610 = EDGE_CURVE ( 'NONE', #6018, #2232, #1578, .T. ) ;
#10611 = ORIENTED_EDGE ( 'NONE', *, *, #6225, .F. ) ;
#10612 = CARTESIAN_POINT ( 'NONE',  ( 0.0000000000000000000, -2.799999999999999400, -12.70000000000000100 ) ) ;
#10613 = SURFACE_SIDE_STYLE ('',( #9507 ) ) ;
#10614 = FILL_AREA_STYLE_COLOUR ( '', #9434 ) ;
#10615 = ORIENTED_EDGE ( 'NONE', *, *, #1959, .F. ) ;
#10616 = CARTESIAN_POINT ( 'NONE',  ( -1.050000000000000000, -2.799999999999999400, -17.46000000000000100 ) ) ;
#10617 = AXIS2_PLACEMENT_3D ( 'NONE', #6568, #1472, #7390 ) ;
#10618 = EDGE_LOOP ( 'NONE', ( #9349, #7496, #10921, #6244 ) ) ;
#10619 = EDGE_CURVE ( 'NONE', #3977, #5600, #8055, .T. ) ;
#10620 = COLOUR_RGB ( '',0.7960784313725489700, 0.8235294117647058400, 0.9372549019607843100 ) ;
#10621 = EDGE_CURVE ( 'NONE', #1322, #8684, #3844, .T. ) ;
#10622 = ORIENTED_EDGE ( 'NONE', *, *, #1978, .T. ) ;
#10623 = ORIENTED_EDGE ( 'NONE', *, *, #1867, .T. ) ;
#10624 = DIRECTION ( 'NONE',  ( 0.0000000000000000000, 0.0000000000000000000, -1.000000000000000000 ) ) ;
#10625 =( GEOMETRIC_REPRESENTATION_CONTEXT ( 3 ) GLOBAL_UNCERTAINTY_ASSIGNED_CONTEXT ( ( #8886 ) ) GLOBAL_UNIT_ASSIGNED_CONTEXT ( ( #5458, #338, #6292 ) ) REPRESENTATION_CONTEXT ( 'NONE', 'WORKASPACE' ) );
#10626 = CARTESIAN_POINT ( 'NONE',  ( -1.050000000000000000, -2.799999999999999400, -9.840000000000001600 ) ) ;
#10627 = SURFACE_STYLE_USAGE ( .BOTH. , #4727 ) ;
#10628 = COLOUR_RGB ( '',0.7960784313725489700, 0.8235294117647058400, 0.9372549019607843100 ) ;
#10629 = SURFACE_SIDE_STYLE ('',( #8578 ) ) ;
#10630 =( NAMED_UNIT ( * ) SI_UNIT ( $, .STERADIAN. ) SOLID_ANGLE_UNIT ( ) );
#10631 = ADVANCED_FACE ( 'NONE', ( #1314 ), #3206, .T. ) ;
#10632 = CARTESIAN_POINT ( 'NONE',  ( -0.9499999999999999600, -2.799999999999999400, -10.38000000000000100 ) ) ;
#10633 = VECTOR ( 'NONE', #10058, 999.9999999999998900 ) ;
#10634 =( NAMED_UNIT ( * ) PLANE_ANGLE_UNIT ( ) SI_UNIT ( $, .RADIAN. ) );
#10635 = ORIENTED_EDGE ( 'NONE', *, *, #7026, .F. ) ;
#10636 =( NAMED_UNIT ( * ) PLANE_ANGLE_UNIT ( ) SI_UNIT ( $, .RADIAN. ) );
#10637 = CARTESIAN_POINT ( 'NONE',  ( -1.490000000000000200, 11.70000000000000100, -7.299999999999999800 ) ) ;
#10638 = EDGE_CURVE ( 'NONE', #6195, #2326, #7030, .T. ) ;
#10639 = LINE ( 'NONE', #5603, #8378 ) ;
#10640 = VECTOR ( 'NONE', #7700, 1000.000000000000000 ) ;
#10641 = PRESENTATION_LAYER_ASSIGNMENT (  '', '', ( #9490 ) ) ;
#10642 = CARTESIAN_POINT ( 'NONE',  ( 1.050000000000000000, -2.799999999999999400, -20.00000000000000000 ) ) ;
#10643 = FILL_AREA_STYLE_COLOUR ( '', #8447 ) ;
#10644 = CARTESIAN_POINT ( 'NONE',  ( -1.050000000000000000, 11.70000000000000100, -14.92000000000000200 ) ) ;
#10645 = CARTESIAN_POINT ( 'NONE',  ( -1.490000000000000000, 11.70000000000000100, -7.940000000000001300 ) ) ;
#10646 = VECTOR ( 'NONE', #6839, 1000.000000000000000 ) ;
#10647 = PRESENTATION_STYLE_ASSIGNMENT (( #2018 ) ) ;
#10648 = VECTOR ( 'NONE', #813, 1000.000000000000000 ) ;
#10649 = EDGE_CURVE ( 'NONE', #7327, #3995, #4783, .T. ) ;
#10650 = COLOUR_RGB ( '',0.7921568627450980000, 0.8196078431372548800, 0.9333333333333333500 ) ;
#10651 = FACE_OUTER_BOUND ( 'NONE', #4257, .T. ) ;
#10652 = FILL_AREA_STYLE_COLOUR ( '', #6988 ) ;
#10653 = SURFACE_STYLE_USAGE ( .BOTH. , #4767 ) ;
#10654 = DIRECTION ( 'NONE',  ( 0.0000000000000000000, 0.0000000000000000000, 1.000000000000000000 ) ) ;
#10655 = SURFACE_STYLE_USAGE ( .BOTH. , #4770 ) ;
#10656 = PLANE ( 'NONE',  #501 ) ;
#10657 = PRESENTATION_LAYER_ASSIGNMENT (  '', '', ( #9508 ) ) ;
#10658 = CARTESIAN_POINT ( 'NONE',  ( -1.590000000000000300, -2.799999999999999400, -0.2200000000000002500 ) ) ;
#10659 = VECTOR ( 'NONE', #9014, 1000.000000000000000 ) ;
#10660 = PRESENTATION_STYLE_ASSIGNMENT (( #7495 ) ) ;
#10661 = STYLED_ITEM ( 'NONE', ( #4794 ), #2249 ) ;
#10662 = VERTEX_POINT ( 'NONE', #2333 ) ;
#10663 = SURFACE_SIDE_STYLE ('',( #1203 ) ) ;
#10664 = ORIENTED_EDGE ( 'NONE', *, *, #7506, .F. ) ;
#10665 = CARTESIAN_POINT ( 'NONE',  ( -1.050000000000000000, 11.70000000000000100, -10.48000000000000200 ) ) ;
#10666 = EDGE_LOOP ( 'NONE', ( #80, #4404, #920, #3313 ) ) ;
#10667 = SURFACE_SIDE_STYLE ('',( #7745 ) ) ;
#10668 =( NAMED_UNIT ( * ) SI_UNIT ( $, .STERADIAN. ) SOLID_ANGLE_UNIT ( ) );
#10669 = LINE ( 'NONE', #9895, #8408 ) ;
#10670 = COLOUR_RGB ( '',0.7960784313725489700, 0.8235294117647058400, 0.9372549019607843100 ) ;
#10671 = AXIS2_PLACEMENT_3D ( 'NONE', #6441, #1346, #7271 ) ;
#10672 = MECHANICAL_DESIGN_GEOMETRIC_PRESENTATION_REPRESENTATION (  '', ( #9527 ), #241 ) ;
#10673 = VECTOR ( 'NONE', #2934, 1000.000000000000100 ) ;
#10674 = VECTOR ( 'NONE', #6406, 1000.000000000000000 ) ;
#10675 = DIRECTION ( 'NONE',  ( 0.0000000000000000000, 0.0000000000000000000, -1.000000000000000000 ) ) ;
#10676 = ORIENTED_EDGE ( 'NONE', *, *, #5884, .T. ) ;
#10677 = SURFACE_SIDE_STYLE ('',( #4634 ) ) ;
#10678 = DIRECTION ( 'NONE',  ( 0.0000000000000000000, -1.000000000000000000, 0.0000000000000000000 ) ) ;
#10679 = EDGE_CURVE ( 'NONE', #4660, #1875, #2501, .T. ) ;
#10680 = ADVANCED_FACE ( 'NONE', ( #2226 ), #5795, .T. ) ;
#10681 = FILL_AREA_STYLE ('',( #4792 ) ) ;
#10682 = DIRECTION ( 'NONE',  ( -0.7071067811865475700, 0.0000000000000000000, 0.7071067811865475700 ) ) ;
#10683 = EDGE_LOOP ( 'NONE', ( #2231, #1842, #2336, #604, #4622, #4882, #10529, #9884 ) ) ;
#10684 = ADVANCED_FACE ( 'NONE', ( #8192 ), #4968, .T. ) ;
#10685 = SURFACE_STYLE_USAGE ( .BOTH. , #4803 ) ;
#10686 =( LENGTH_UNIT ( ) NAMED_UNIT ( * ) SI_UNIT ( .MILLI., .METRE. ) );
#10687 =( LENGTH_UNIT ( ) NAMED_UNIT ( * ) SI_UNIT ( .MILLI., .METRE. ) );
#10688 = CARTESIAN_POINT ( 'NONE',  ( -2.140000000000000600, 1.700000000000000000, -19.05000000000000100 ) ) ;
#10689 = EDGE_CURVE ( 'NONE', #529, #2369, #635, .T. ) ;
#10690 =( NAMED_UNIT ( * ) SI_UNIT ( $, .STERADIAN. ) SOLID_ANGLE_UNIT ( ) );
#10692 = PLANE ( 'NONE',  #8373 ) ;
#10691 = COLOUR_RGB ( '',0.7960784313725489700, 0.8235294117647058400, 0.9372549019607843100 ) ;
#10693 =( LENGTH_UNIT ( ) NAMED_UNIT ( * ) SI_UNIT ( .MILLI., .METRE. ) );
#10694 = ORIENTED_EDGE ( 'NONE', *, *, #6801, .F. ) ;
#10695 = EDGE_CURVE ( 'NONE', #10264, #8400, #7397, .T. ) ;
#10696 = FILL_AREA_STYLE_COLOUR ( '', #10903 ) ;
#10697 = EDGE_LOOP ( 'NONE', ( #9519, #10773, #8190, #8753 ) ) ;
#10698 = DIRECTION ( 'NONE',  ( -0.0000000000000000000, -1.000000000000000000, -0.0000000000000000000 ) ) ;
#10699 = CARTESIAN_POINT ( 'NONE',  ( 0.9499999999999999600, -2.799999999999999400, -9.940000000000001300 ) ) ;
#10700 = SURFACE_STYLE_USAGE ( .BOTH. , #4816 ) ;
#10701 =( GEOMETRIC_REPRESENTATION_CONTEXT ( 3 ) GLOBAL_UNCERTAINTY_ASSIGNED_CONTEXT ( ( #2515 ) ) GLOBAL_UNIT_ASSIGNED_CONTEXT ( ( #4386, #10270, #5255 ) ) REPRESENTATION_CONTEXT ( 'NONE', 'WORKASPACE' ) );
#10702 = SURFACE_SIDE_STYLE ('',( #165 ) ) ;
#10703 = FILL_AREA_STYLE ('',( #3056 ) ) ;
#10704 = LINE ( 'NONE', #3527, #1690 ) ;
#10705 = ORIENTED_EDGE ( 'NONE', *, *, #2305, .T. ) ;
#10706 = CARTESIAN_POINT ( 'NONE',  ( 2.540000000000000900, 1.700000000000000000, -8.490000000000000200 ) ) ;
#10707 = PLANE ( 'NONE',  #1103 ) ;
#10708 = ORIENTED_EDGE ( 'NONE', *, *, #8792, .T. ) ;
#10709 = ORIENTED_EDGE ( 'NONE', *, *, #8759, .T. ) ;
#10710 = VECTOR ( 'NONE', #8927, 999.9999999999998900 ) ;
#10711 = DIRECTION ( 'NONE',  ( -0.0000000000000000000, 1.000000000000000000, 0.0000000000000000000 ) ) ;
#10712 = CARTESIAN_POINT ( 'NONE',  ( 1.050000000000000000, -2.799999999999999400, 0.3199999999999999000 ) ) ;
#10713 = EDGE_CURVE ( 'NONE', #8743, #798, #2904, .T. ) ;
#10714 = PLANE ( 'NONE',  #10341 ) ;
#10715 = LINE ( 'NONE', #4255, #4250 ) ;
#10716 = SURFACE_STYLE_FILL_AREA ( #1485 ) ;
#10717 = PRESENTATION_STYLE_ASSIGNMENT (( #8797 ) ) ;
#10718 = CARTESIAN_POINT ( 'NONE',  ( -1.490000000000000000, -2.799999999999999400, -10.48000000000000200 ) ) ;
#10719 = EDGE_LOOP ( 'NONE', ( #774, #5359, #3428, #10733 ) ) ;
#10720 = FACE_OUTER_BOUND ( 'NONE', #3448, .T. ) ;
#10721 = AXIS2_PLACEMENT_3D ( 'NONE', #3953, #9843, #4824 ) ;
#10722 = UNCERTAINTY_MEASURE_WITH_UNIT (LENGTH_MEASURE( 1.000000000000000100E-005 ), #3108, 'distance_accuracy_value', 'NONE');
#10723 = ORIENTED_EDGE ( 'NONE', *, *, #6513, .T. ) ;
#10724 = ORIENTED_EDGE ( 'NONE', *, *, #8340, .T. ) ;
#10725 = SURFACE_STYLE_FILL_AREA ( #2814 ) ;
#10726 = STYLED_ITEM ( 'NONE', ( #577 ), #8218 ) ;
#10727 = CARTESIAN_POINT ( 'NONE',  ( 1.490000000000000000, 11.70000000000000100, -5.400000000000000400 ) ) ;
#10728 = CARTESIAN_POINT ( 'NONE',  ( -1.590000000000000300, 11.70000000000000100, -12.92000000000000200 ) ) ;
#10729 = VECTOR ( 'NONE', #1606, 1000.000000000000000 ) ;
#10730 = CARTESIAN_POINT ( 'NONE',  ( -0.9499999999999999600, -2.799999999999999400, -2.319999999999999800 ) ) ;
#10731 = UNCERTAINTY_MEASURE_WITH_UNIT (LENGTH_MEASURE( 1.000000000000000100E-005 ), #7110, 'distance_accuracy_value', 'NONE');
#10732 = DIRECTION ( 'NONE',  ( 0.7372346670543746800, 0.0000000000000000000, -0.6756367705307528800 ) ) ;
#10733 = ORIENTED_EDGE ( 'NONE', *, *, #1511, .T. ) ;
#10734 = LINE ( 'NONE', #9098, #3990 ) ;
#10735 = PRESENTATION_STYLE_ASSIGNMENT (( #9482 ) ) ;
#10736 = COLOUR_RGB ( '',0.7960784313725489700, 0.8235294117647058400, 0.9372549019607843100 ) ;
#10737 = PRESENTATION_LAYER_ASSIGNMENT (  '', '', ( #9577 ) ) ;
#10738 = SURFACE_SIDE_STYLE ('',( #9233 ) ) ;
#10739 = VERTEX_POINT ( 'NONE', #5901 ) ;
#10740 =( LENGTH_UNIT ( ) NAMED_UNIT ( * ) SI_UNIT ( .MILLI., .METRE. ) );
#10741 = AXIS2_PLACEMENT_3D ( 'NONE', #2789, #8690, #3664 ) ;
#10742 = ADVANCED_FACE ( 'NONE', ( #9355 ), #5076, .T. ) ;
#10743 = EDGE_LOOP ( 'NONE', ( #10866, #1591, #3039, #7574 ) ) ;
#10744 = CARTESIAN_POINT ( 'NONE',  ( 2.540000000000000900, 1.700000000000000000, -14.37000000000000100 ) ) ;
#10745 = LINE ( 'NONE', #4339, #4275 ) ;
#10746 = MECHANICAL_DESIGN_GEOMETRIC_PRESENTATION_REPRESENTATION (  '', ( #9583 ), #304 ) ;
#10747 = MECHANICAL_DESIGN_GEOMETRIC_PRESENTATION_REPRESENTATION (  '', ( #9030 ), #309 ) ;
#10748 = DIRECTION ( 'NONE',  ( 2.492418787322998300E-016, 0.0000000000000000000, 1.000000000000000000 ) ) ;
#10750 = ORIENTED_EDGE ( 'NONE', *, *, #6595, .T. ) ;
#10749 = SURFACE_SIDE_STYLE ('',( #8907 ) ) ;
#10751 = ORIENTED_EDGE ( 'NONE', *, *, #4272, .T. ) ;
#10752 = DIRECTION ( 'NONE',  ( 0.0000000000000000000, 0.0000000000000000000, -1.000000000000000000 ) ) ;
#10753 = CARTESIAN_POINT ( 'NONE',  ( -1.590000000000000300, -2.799999999999999400, -18.00000000000000400 ) ) ;
#10754 = EDGE_CURVE ( 'NONE', #4229, #536, #356, .T. ) ;
#10755 = FILL_AREA_STYLE ('',( #9880 ) ) ;
#10756 = FILL_AREA_STYLE ('',( #2277 ) ) ;
#10757 = PRESENTATION_LAYER_ASSIGNMENT (  '', '', ( #9595 ) ) ;
#10758 = SURFACE_STYLE_USAGE ( .BOTH. , #4871 ) ;
#10759 = ORIENTED_EDGE ( 'NONE', *, *, #8187, .F. ) ;
#10760 =( NAMED_UNIT ( * ) PLANE_ANGLE_UNIT ( ) SI_UNIT ( $, .RADIAN. ) );
#10761 = PRESENTATION_STYLE_ASSIGNMENT (( #10174 ) ) ;
#10762 =( GEOMETRIC_REPRESENTATION_CONTEXT ( 3 ) GLOBAL_UNCERTAINTY_ASSIGNED_CONTEXT ( ( #4164 ) ) GLOBAL_UNIT_ASSIGNED_CONTEXT ( ( #5, #5965, #879 ) ) REPRESENTATION_CONTEXT ( 'NONE', 'WORKASPACE' ) );
#10763 = EDGE_CURVE ( 'NONE', #1719, #7785, #8310, .T. ) ;
#10764 = COLOUR_RGB ( '',0.7960784313725489700, 0.8235294117647058400, 0.9372549019607843100 ) ;
#10765 =( NAMED_UNIT ( * ) SI_UNIT ( $, .STERADIAN. ) SOLID_ANGLE_UNIT ( ) );
#10766 = EDGE_CURVE ( 'NONE', #5720, #9198, #10571, .T. ) ;
#10767 = MECHANICAL_DESIGN_GEOMETRIC_PRESENTATION_REPRESENTATION (  '', ( #9052 ), #327 ) ;
#10768 = LINE ( 'NONE', #10288, #6280 ) ;
#10769 = PRESENTATION_STYLE_ASSIGNMENT (( #4459 ) ) ;
#10770 = DIRECTION ( 'NONE',  ( -0.7071067811865470200, -0.0000000000000000000, -0.7071067811865481300 ) ) ;
#10771 = CARTESIAN_POINT ( 'NONE',  ( 0.9499999999999999600, 11.70000000000000100, -15.02000000000000000 ) ) ;
#10772 = DIRECTION ( 'NONE',  ( 0.0000000000000000000, -0.0000000000000000000, 1.000000000000000000 ) ) ;
#10773 = ORIENTED_EDGE ( 'NONE', *, *, #3700, .F. ) ;
#10774 =( LENGTH_UNIT ( ) NAMED_UNIT ( * ) SI_UNIT ( .MILLI., .METRE. ) );
#10775 = LINE ( 'NONE', #10322, #8255 ) ;
#10776 = DIRECTION ( 'NONE',  ( 2.492418787322998300E-016, 0.0000000000000000000, 1.000000000000000000 ) ) ;
#10777 = CARTESIAN_POINT ( 'NONE',  ( -2.540000000000000000, 1.700000000000000000, -5.983421052631579900 ) ) ;
#10778 = VECTOR ( 'NONE', #8075, 1000.000000000000000 ) ;
#10779 = FILL_AREA_STYLE ('',( #4892 ) ) ;
#10780 = SURFACE_STYLE_FILL_AREA ( #6053 ) ;
#10781 = CARTESIAN_POINT ( 'NONE',  ( -1.050000000000000000, 11.70000000000000100, -20.64000000000000100 ) ) ;
#10782 = PRESENTATION_STYLE_ASSIGNMENT (( #7237 ) ) ;
#10783 =( LENGTH_UNIT ( ) NAMED_UNIT ( * ) SI_UNIT ( .MILLI., .METRE. ) );
#10784 = AXIS2_PLACEMENT_3D ( 'NONE', #10939, #5891, #802 ) ;
#10785 = UNCERTAINTY_MEASURE_WITH_UNIT (LENGTH_MEASURE( 1.000000000000000100E-005 ), #8793, 'distance_accuracy_value', 'NONE');
#10786 = PLANE ( 'NONE',  #10056 ) ;
#10787 = ADVANCED_FACE ( 'NONE', ( #6093 ), #5138, .T. ) ;
#10788 = VECTOR ( 'NONE', #3331, 1000.000000000000000 ) ;
#10789 = CARTESIAN_POINT ( 'NONE',  ( 0.9499999999999999600, -2.799999999999999400, -0.2200000000000000000 ) ) ;
#10790 = CARTESIAN_POINT ( 'NONE',  ( 1.050000000000000000, 11.70000000000000100, -15.56000000000000000 ) ) ;
#10791 = DIRECTION ( 'NONE',  ( 0.7071067811865477900, 0.0000000000000000000, -0.7071067811865473500 ) ) ;
#10792 = UNCERTAINTY_MEASURE_WITH_UNIT (LENGTH_MEASURE( 1.000000000000000100E-005 ), #4083, 'distance_accuracy_value', 'NONE');
#10793 = PRESENTATION_LAYER_ASSIGNMENT (  '', '', ( #9628 ) ) ;
#10794 = CARTESIAN_POINT ( 'NONE',  ( -1.050000000000000000, -2.799999999999999400, -17.46000000000000100 ) ) ;
#10795 = SURFACE_STYLE_FILL_AREA ( #10370 ) ;
#10796 = VECTOR ( 'NONE', #6471, 1000.000000000000000 ) ;
#10797 = EDGE_CURVE ( 'NONE', #10399, #6264, #5045, .T. ) ;
#10798 = VECTOR ( 'NONE', #9184, 1000.000000000000000 ) ;
#10799 = STYLED_ITEM ( 'NONE', ( #849 ), #9372 ) ;
#10800 = LINE ( 'NONE', #9848, #7771 ) ;
#10801 = UNCERTAINTY_MEASURE_WITH_UNIT (LENGTH_MEASURE( 1.000000000000000100E-005 ), #9292, 'distance_accuracy_value', 'NONE');
#10802 = CARTESIAN_POINT ( 'NONE',  ( -2.540000000000000000, 1.700000000000000000, -16.14342105263157700 ) ) ;
#10803 =( NAMED_UNIT ( * ) PLANE_ANGLE_UNIT ( ) SI_UNIT ( $, .RADIAN. ) );
#10804 = LINE ( 'NONE', #4696, #4068 ) ;
#10805 = DIRECTION ( 'NONE',  ( 0.0000000000000000000, 0.0000000000000000000, -1.000000000000000000 ) ) ;
#10806 = ORIENTED_EDGE ( 'NONE', *, *, #3898, .T. ) ;
#10807 = MECHANICAL_DESIGN_GEOMETRIC_PRESENTATION_REPRESENTATION (  '', ( #9088 ), #359 ) ;
#10808 =( NAMED_UNIT ( * ) PLANE_ANGLE_UNIT ( ) SI_UNIT ( $, .RADIAN. ) );
#10809 = CARTESIAN_POINT ( 'NONE',  ( 1.050000000000000000, -2.799999999999999400, -9.840000000000001600 ) ) ;
#10810 = MECHANICAL_DESIGN_GEOMETRIC_PRESENTATION_REPRESENTATION (  '', ( #9092 ), #362 ) ;
#10811 = ORIENTED_EDGE ( 'NONE', *, *, #8921, .F. ) ;
#10812 = EDGE_LOOP ( 'NONE', ( #337, #3340, #8508, #4109 ) ) ;
#10813 = CARTESIAN_POINT ( 'NONE',  ( 1.490000000000000000, -2.799999999999999400, -14.92000000000000200 ) ) ;
#10814 =( LENGTH_UNIT ( ) NAMED_UNIT ( * ) SI_UNIT ( .MILLI., .METRE. ) );
#10815 = LINE ( 'NONE', #5387, #4078 ) ;
#10816 = ORIENTED_EDGE ( 'NONE', *, *, #3477, .T. ) ;
#10817 =( NAMED_UNIT ( * ) SI_UNIT ( $, .STERADIAN. ) SOLID_ANGLE_UNIT ( ) );
#10818 = EDGE_CURVE ( 'NONE', #9674, #1164, #766, .T. ) ;
#10819 = PLANE ( 'NONE',  #2308 ) ;
#10820 = CARTESIAN_POINT ( 'NONE',  ( -2.539999999999999600, 1.700000000000000000, -4.243421052631578800 ) ) ;
#10821 =( GEOMETRIC_REPRESENTATION_CONTEXT ( 3 ) GLOBAL_UNCERTAINTY_ASSIGNED_CONTEXT ( ( #8945 ) ) GLOBAL_UNIT_ASSIGNED_CONTEXT ( ( #2603, #8507, #3475 ) ) REPRESENTATION_CONTEXT ( 'NONE', 'WORKASPACE' ) );
#10822 = CARTESIAN_POINT ( 'NONE',  ( 0.9499999999999999600, 11.70000000000000100, -12.92000000000000200 ) ) ;
#10823 = VERTEX_POINT ( 'NONE', #10166 ) ;
#10824 = STYLED_ITEM ( 'NONE', ( #3992 ), #4940 ) ;
#10825 = EDGE_CURVE ( 'NONE', #6906, #9151, #7265, .T. ) ;
#10826 = FILL_AREA_STYLE ('',( #9070 ) ) ;
#10827 = EDGE_CURVE ( 'NONE', #9369, #4079, #9216, .T. ) ;
#10828 = SURFACE_STYLE_USAGE ( .BOTH. , #4939 ) ;
#10829 = ORIENTED_EDGE ( 'NONE', *, *, #5268, .T. ) ;
#10830 =( NAMED_UNIT ( * ) SI_UNIT ( $, .STERADIAN. ) SOLID_ANGLE_UNIT ( ) );
#10831 = CARTESIAN_POINT ( 'NONE',  ( -1.590000000000000300, -2.799999999999999400, -15.45999999999999900 ) ) ;
#10832 = DIRECTION ( 'NONE',  ( -0.7071067811865470200, 0.0000000000000000000, -0.7071067811865481300 ) ) ;
#10833 = SURFACE_STYLE_FILL_AREA ( #1155 ) ;
#10834 = MECHANICAL_DESIGN_GEOMETRIC_PRESENTATION_REPRESENTATION (  '', ( #9121 ), #392 ) ;
#10835 = LINE ( 'NONE', #112, #8568 ) ;
#10836 = VECTOR ( 'NONE', #618, 1000.000000000000000 ) ;
#10837 = ORIENTED_EDGE ( 'NONE', *, *, #2314, .F. ) ;
#10838 = DIRECTION ( 'NONE',  ( 0.7071067811865474600, 0.0000000000000000000, 0.7071067811865474600 ) ) ;
#10839 = SURFACE_STYLE_USAGE ( .BOTH. , #4954 ) ;
#10840 = CARTESIAN_POINT ( 'NONE',  ( -0.9499999999999999600, -2.799999999999999400, -10.38000000000000100 ) ) ;
#10841 = SURFACE_SIDE_STYLE ('',( #7406 ) ) ;
#10842 = ADVANCED_FACE ( 'NONE', ( #2492 ), #10242, .F. ) ;
#10843 = VECTOR ( 'NONE', #6392, 1000.000000000000000 ) ;
#10844 = EDGE_CURVE ( 'NONE', #7288, #3015, #8180, .T. ) ;
#10845 =( NAMED_UNIT ( * ) PLANE_ANGLE_UNIT ( ) SI_UNIT ( $, .RADIAN. ) );
#10846 = ORIENTED_EDGE ( 'NONE', *, *, #9881, .F. ) ;
#10847 = DIRECTION ( 'NONE',  ( 0.7071067811865486800, 0.0000000000000000000, 0.7071067811865464600 ) ) ;
#10848 = PLANE ( 'NONE',  #6002 ) ;
#10849 = AXIS2_PLACEMENT_3D ( 'NONE', #4790, #10678, #5639 ) ;
#10850 = VERTEX_POINT ( 'NONE', #5264 ) ;
#10851 = ORIENTED_EDGE ( 'NONE', *, *, #3766, .T. ) ;
#10852 = CARTESIAN_POINT ( 'NONE',  ( -1.050000000000000000, -2.799999999999999400, -15.56000000000000000 ) ) ;
#10853 = SURFACE_STYLE_USAGE ( .BOTH. , #4974 ) ;
#10854 = VECTOR ( 'NONE', #8816, 1000.000000000000000 ) ;
#10855 =( GEOMETRIC_REPRESENTATION_CONTEXT ( 3 ) GLOBAL_UNCERTAINTY_ASSIGNED_CONTEXT ( ( #132 ) ) GLOBAL_UNIT_ASSIGNED_CONTEXT ( ( #4133, #10011, #4998 ) ) REPRESENTATION_CONTEXT ( 'NONE', 'WORKASPACE' ) );
#10856 = DIRECTION ( 'NONE',  ( 0.7071067811865486800, 0.0000000000000000000, -0.7071067811865463500 ) ) ;
#10857 = PRESENTATION_LAYER_ASSIGNMENT (  '', '', ( #9701 ) ) ;
#10858 = VERTEX_POINT ( 'NONE', #3508 ) ;
#10859 = FACE_OUTER_BOUND ( 'NONE', #9140, .T. ) ;
#10860 = SURFACE_STYLE_FILL_AREA ( #2060 ) ;
#10861 = VECTOR ( 'NONE', #5528, 1000.000000000000100 ) ;
#10862 = FILL_AREA_STYLE_COLOUR ( '', #1929 ) ;
#10863 = SURFACE_STYLE_USAGE ( .BOTH. , #4980 ) ;
#10864 = EDGE_CURVE ( 'NONE', #1195, #6018, #3959, .T. ) ;
#10865 = UNCERTAINTY_MEASURE_WITH_UNIT (LENGTH_MEASURE( 1.000000000000000100E-005 ), #5425, 'distance_accuracy_value', 'NONE');
#10866 = ORIENTED_EDGE ( 'NONE', *, *, #596, .T. ) ;
#10867 = CARTESIAN_POINT ( 'NONE',  ( 2.540000000000000900, 1.700000000000000000, -4.210000000000000000 ) ) ;
#10868 = DIRECTION ( 'NONE',  ( 0.0000000000000000000, 1.000000000000000000, 0.0000000000000000000 ) ) ;
#10869 = LINE ( 'NONE', #3499, #4406 ) ;
#10870 = UNCERTAINTY_MEASURE_WITH_UNIT (LENGTH_MEASURE( 1.000000000000000100E-005 ), #7916, 'distance_accuracy_value', 'NONE');
#10871 =( GEOMETRIC_REPRESENTATION_CONTEXT ( 3 ) GLOBAL_UNCERTAINTY_ASSIGNED_CONTEXT ( ( #3558 ) ) GLOBAL_UNIT_ASSIGNED_CONTEXT ( ( #2008, #7931, #2862 ) ) REPRESENTATION_CONTEXT ( 'NONE', 'WORKASPACE' ) );
#10872 = ORIENTED_EDGE ( 'NONE', *, *, #2101, .T. ) ;
#10873 = ORIENTED_EDGE ( 'NONE', *, *, #9177, .F. ) ;
#10874 = FACE_OUTER_BOUND ( 'NONE', #6452, .T. ) ;
#10875 = LINE ( 'NONE', #6827, #10606 ) ;
#10876 = VERTEX_POINT ( 'NONE', #1016 ) ;
#10877 = ORIENTED_EDGE ( 'NONE', *, *, #8051, .T. ) ;
#10878 =( NAMED_UNIT ( * ) SI_UNIT ( $, .STERADIAN. ) SOLID_ANGLE_UNIT ( ) );
#10879 = DIRECTION ( 'NONE',  ( -1.000000000000000000, 0.0000000000000000000, 0.0000000000000000000 ) ) ;
#10880 = DIRECTION ( 'NONE',  ( 0.0000000000000000000, 1.000000000000000000, 0.0000000000000000000 ) ) ;
#10881 = PRESENTATION_LAYER_ASSIGNMENT (  '', '', ( #9722 ) ) ;
#10882 = ORIENTED_EDGE ( 'NONE', *, *, #244, .T. ) ;
#10883 = DIRECTION ( 'NONE',  ( -0.0000000000000000000, -1.000000000000000000, -0.0000000000000000000 ) ) ;
#10884 = CARTESIAN_POINT ( 'NONE',  ( 1.590000000000000100, -2.799999999999999400, -15.45999999999999900 ) ) ;
#10885 = STYLED_ITEM ( 'NONE', ( #823 ), #4559 ) ;
#10886 = DIRECTION ( 'NONE',  ( -0.7071067811865477900, -0.0000000000000000000, -0.7071067811865473500 ) ) ;
#10887 = SURFACE_STYLE_USAGE ( .BOTH. , #5004 ) ;
#10888 = DIRECTION ( 'NONE',  ( -0.7071067811865489100, -0.0000000000000000000, 0.7071067811865462400 ) ) ;
#10889 = LINE ( 'NONE', #10924, #8630 ) ;
#10890 = CARTESIAN_POINT ( 'NONE',  ( -1.490000000000000200, -2.799999999999999400, 0.3199999999999998400 ) ) ;
#10891 = PRESENTATION_STYLE_ASSIGNMENT (( #1188 ) ) ;
#10892 = SURFACE_STYLE_FILL_AREA ( #7765 ) ;
#10893 = DIRECTION ( 'NONE',  ( -0.7071067811865489100, -0.0000000000000000000, -0.7071067811865461300 ) ) ;
#10894 = ADVANCED_FACE ( 'NONE', ( #3716 ), #1847, .F. ) ;
#10895 =( LENGTH_UNIT ( ) NAMED_UNIT ( * ) SI_UNIT ( .MILLI., .METRE. ) );
#10896 = PRESENTATION_STYLE_ASSIGNMENT (( #5700 ) ) ;
#10897 = EDGE_CURVE ( 'NONE', #10582, #3054, #9346, .T. ) ;
#10898 = LINE ( 'NONE', #10644, #2162 ) ;
#10899 = DIRECTION ( 'NONE',  ( 2.492418787322998300E-016, 0.0000000000000000000, 1.000000000000000000 ) ) ;
#10900 = VECTOR ( 'NONE', #6008, 1000.000000000000000 ) ;
#10901 = FACE_OUTER_BOUND ( 'NONE', #9634, .T. ) ;
#10902 = PLANE ( 'NONE',  #1958 ) ;
#10903 = COLOUR_RGB ( '',0.02745098039215686200, 0.003921568627450980300, 0.0000000000000000000 ) ;
#10904 = SURFACE_STYLE_USAGE ( .BOTH. , #5026 ) ;
#10905 = EDGE_CURVE ( 'NONE', #6700, #8089, #623, .T. ) ;
#10906 = SURFACE_SIDE_STYLE ('',( #8534 ) ) ;
#10907 = LINE ( 'NONE', #3432, #8646 ) ;
#10908 = PRESENTATION_LAYER_ASSIGNMENT (  '', '', ( #9758 ) ) ;
#10909 = CARTESIAN_POINT ( 'NONE',  ( -2.539999999999999600, 1.700000000000000000, -6.783421052631577900 ) ) ;
#10910 = VECTOR ( 'NONE', #3718, 999.9999999999998900 ) ;
#10911 =( NAMED_UNIT ( * ) SI_UNIT ( $, .STERADIAN. ) SOLID_ANGLE_UNIT ( ) );
#10912 = SURFACE_SIDE_STYLE ('',( #7226 ) ) ;
#10913 = SURFACE_STYLE_FILL_AREA ( #4338 ) ;
#10914 = MECHANICAL_DESIGN_GEOMETRIC_PRESENTATION_REPRESENTATION (  '', ( #9190 ), #469 ) ;
#10915 = PRESENTATION_STYLE_ASSIGNMENT (( #5105 ) ) ;
#10916 =( GEOMETRIC_REPRESENTATION_CONTEXT ( 3 ) GLOBAL_UNCERTAINTY_ASSIGNED_CONTEXT ( ( #8818 ) ) GLOBAL_UNIT_ASSIGNED_CONTEXT ( ( #5209, #83, #6048 ) ) REPRESENTATION_CONTEXT ( 'NONE', 'WORKASPACE' ) );
#10917 = DIRECTION ( 'NONE',  ( -1.000000000000000000, 0.0000000000000000000, 0.0000000000000000000 ) ) ;
#10918 = PRESENTATION_STYLE_ASSIGNMENT (( #985 ) ) ;
#10919 = DIRECTION ( 'NONE',  ( 0.0000000000000000000, 1.000000000000000000, 0.0000000000000000000 ) ) ;
#10920 =( NAMED_UNIT ( * ) SI_UNIT ( $, .STERADIAN. ) SOLID_ANGLE_UNIT ( ) );
#10921 = ORIENTED_EDGE ( 'NONE', *, *, #1867, .F. ) ;
#10922 = UNCERTAINTY_MEASURE_WITH_UNIT (LENGTH_MEASURE( 1.000000000000000100E-005 ), #1923, 'distance_accuracy_value', 'NONE');
#10923 = DIRECTION ( 'NONE',  ( -0.6782059721786390900, 0.0000000000000000000, -0.7348718659067219300 ) ) ;
#10924 = CARTESIAN_POINT ( 'NONE',  ( -2.539999999999999600, 0.0000000000000000000, -9.323421052631580600 ) ) ;
#10925 = VECTOR ( 'NONE', #641, 999.9999999999998900 ) ;
#10926 = UNCERTAINTY_MEASURE_WITH_UNIT (LENGTH_MEASURE( 1.000000000000000100E-005 ), #8429, 'distance_accuracy_value', 'NONE');
#10927 = VECTOR ( 'NONE', #8267, 1000.000000000000000 ) ;
#10928 = CARTESIAN_POINT ( 'NONE',  ( 1.050000000000000000, 11.70000000000000100, -10.48000000000000200 ) ) ;
#10929 = STYLED_ITEM ( 'NONE', ( #10342 ), #6925 ) ;
#10930 = ORIENTED_EDGE ( 'NONE', *, *, #5186, .F. ) ;
#10931 = SURFACE_STYLE_FILL_AREA ( #3670 ) ;
#10932 = ORIENTED_EDGE ( 'NONE', *, *, #3563, .F. ) ;
#10933 = CARTESIAN_POINT ( 'NONE',  ( -1.050000000000000000, -2.799999999999999400, -7.299999999999999800 ) ) ;
#10934 = ORIENTED_EDGE ( 'NONE', *, *, #4692, .T. ) ;
#10935 = CARTESIAN_POINT ( 'NONE',  ( 2.140000000000000100, 1.700000000000000000, -19.05000000000000100 ) ) ;
#10936 =( LENGTH_UNIT ( ) NAMED_UNIT ( * ) SI_UNIT ( .MILLI., .METRE. ) );
#10937 = VECTOR ( 'NONE', #7367, 999.9999999999998900 ) ;
#10938 = LINE ( 'NONE', #7189, #4481 ) ;
#10939 = CARTESIAN_POINT ( 'NONE',  ( 0.0000000000000000000, 0.0000000000000000000, 0.0000000000000000000 ) ) ;
#10940 = EDGE_LOOP ( 'NONE', ( #6274, #8326, #3069, #7954 ) ) ;
#10941 =( GEOMETRIC_REPRESENTATION_CONTEXT ( 3 ) GLOBAL_UNCERTAINTY_ASSIGNED_CONTEXT ( ( #3426 ) ) GLOBAL_UNIT_ASSIGNED_CONTEXT ( ( #3312, #9193, #4165 ) ) REPRESENTATION_CONTEXT ( 'NONE', 'WORKASPACE' ) );
#10942 = CARTESIAN_POINT ( 'NONE',  ( -1.590000000000000300, -2.799999999999999400, -4.860000000000000300 ) ) ;
#10943 = FILL_AREA_STYLE ('',( #10082 ) ) ;
#10944 = FILL_AREA_STYLE_COLOUR ( '', #7492 ) ;
#10945 = STYLED_ITEM ( 'NONE', ( #10117 ), #4197 ) ;
#10946 = DIRECTION ( 'NONE',  ( 2.492418787322998300E-016, 0.0000000000000000000, 1.000000000000000000 ) ) ;
#10947 = ADVANCED_FACE ( 'NONE', ( #2623 ), #8645, .T. ) ;
#10948 = PRESENTATION_LAYER_ASSIGNMENT (  '', '', ( #9804 ) ) ;
#10949 = EDGE_LOOP ( 'NONE', ( #8465, #634, #8730, #2142 ) ) ;
#10950 = CLOSED_SHELL ( 'NONE', ( #1467, #8177, #5442, #2249, #9315, #6596, #2976, #181, #4197, #9666 ) ) ;
#10951 = CARTESIAN_POINT ( 'NONE',  ( -1.490000000000000200, 11.70000000000000100, -4.760000000000000700 ) ) ;
#10952 = EDGE_LOOP ( 'NONE', ( #4577, #8571, #4952, #5416 ) ) ;
#10953 = FILL_AREA_STYLE ('',( #818 ) ) ;
#10954 = CARTESIAN_POINT ( 'NONE',  ( -0.9499999999999999600, -2.799999999999999400, -20.54000000000000300 ) ) ;
#10955 = EDGE_CURVE ( 'NONE', #5162, #798, #10556, .T. ) ;
#10956 = PLANE ( 'NONE',  #9103 ) ;
#10957 = SURFACE_STYLE_USAGE ( .BOTH. , #5081 ) ;
#10958 = VECTOR ( 'NONE', #812, 999.9999999999998900 ) ;
#10959 = ORIENTED_EDGE ( 'NONE', *, *, #9183, .F. ) ;
#10960 = AXIS2_PLACEMENT_3D ( 'NONE', #9611, #4606, #10488 ) ;
#10961 = ORIENTED_EDGE ( 'NONE', *, *, #7091, .T. ) ;
#10962 = MECHANICAL_DESIGN_GEOMETRIC_PRESENTATION_REPRESENTATION (  '', ( #9236 ), #522 ) ;
#10963 = SURFACE_STYLE_USAGE ( .BOTH. , #5084 ) ;
#10964 = EDGE_CURVE ( 'NONE', #10448, #5287, #6335, .T. ) ;
#10965 = ORIENTED_EDGE ( 'NONE', *, *, #177, .F. ) ;
#10966 = FILL_AREA_STYLE ('',( #9239 ) ) ;
#10967 = VECTOR ( 'NONE', #6040, 999.9999999999998900 ) ;
#10968 = VECTOR ( 'NONE', #5653, 1000.000000000000000 ) ;
#10969 =( NAMED_UNIT ( * ) PLANE_ANGLE_UNIT ( ) SI_UNIT ( $, .RADIAN. ) );
#10970 = VERTEX_POINT ( 'NONE', #8025 ) ;
#10971 = PRESENTATION_LAYER_ASSIGNMENT (  '', '', ( #10404 ) ) ;
#10972 = FILL_AREA_STYLE_COLOUR ( '', #10764 ) ;
#10973 = ORIENTED_EDGE ( 'NONE', *, *, #2049, .T. ) ;
#10974 = VERTEX_POINT ( 'NONE', #2972 ) ;
#10975 = VECTOR ( 'NONE', #8045, 1000.000000000000000 ) ;
#10976 = CARTESIAN_POINT ( 'NONE',  ( 2.540000000000000900, 1.700000000000000000, -19.45000000000000300 ) ) ;
#10977 = SURFACE_STYLE_USAGE ( .BOTH. , #5099 ) ;
#10978 = DIRECTION ( 'NONE',  ( 0.0000000000000000000, 0.0000000000000000000, 1.000000000000000000 ) ) ;
#10979 = CARTESIAN_POINT ( 'NONE',  ( -0.9499999999999999600, 11.70000000000000100, -10.38000000000000100 ) ) ;
#10980 = ORIENTED_EDGE ( 'NONE', *, *, #10246, .F. ) ;
#10981 = SURFACE_STYLE_FILL_AREA ( #2131 ) ;
#10982 = FILL_AREA_STYLE ('',( #9255 ) ) ;
#10983 =( LENGTH_UNIT ( ) NAMED_UNIT ( * ) SI_UNIT ( .MILLI., .METRE. ) );
#10984 = VERTEX_POINT ( 'NONE', #6200 ) ;
#10985 = LINE ( 'NONE', #6156, #4541 ) ;
#10986 = CARTESIAN_POINT ( 'NONE',  ( -1.590000000000000300, -2.799999999999999400, -5.300000000000000700 ) ) ;
#10987 = ORIENTED_EDGE ( 'NONE', *, *, #3036, .F. ) ;
#10988 = DIRECTION ( 'NONE',  ( -1.000000000000000000, 0.0000000000000000000, -0.0000000000000000000 ) ) ;
#10989 = LINE ( 'NONE', #9521, #2257 ) ;
#10990 = STYLED_ITEM ( 'NONE', ( #9427 ), #6483 ) ;
#10991 = DIRECTION ( 'NONE',  ( 0.7071067811865477900, 0.0000000000000000000, -0.7071067811865473500 ) ) ;
#10993 = ORIENTED_EDGE ( 'NONE', *, *, #1896, .F. ) ;
#10992 = DIRECTION ( 'NONE',  ( -1.000000000000000000, -0.0000000000000000000, -0.0000000000000000000 ) ) ;
#10994 = AXIS2_PLACEMENT_3D ( 'NONE', #9534, #4509, #10392 ) ;
#10995 = ORIENTED_EDGE ( 'NONE', *, *, #6565, .F. ) ;
#10996 = AXIS2_PLACEMENT_3D ( 'NONE', #8458, #3421, #9297 ) ;
#10997 = CARTESIAN_POINT ( 'NONE',  ( -1.590000000000000300, -2.799999999999999400, -2.320000000000000300 ) ) ;
#10998 = DIRECTION ( 'NONE',  ( 2.492418787322998300E-016, 0.0000000000000000000, 1.000000000000000000 ) ) ;
#10999 = ADVANCED_FACE ( 'NONE', ( #3826 ), #3831, .T. ) ;
#11000 = EDGE_CURVE ( 'NONE', #10112, #4229, #758, .T. ) ;
#11001 = ORIENTED_EDGE ( 'NONE', *, *, #2348, .F. ) ;
#11002 =( GEOMETRIC_REPRESENTATION_CONTEXT ( 3 ) GLOBAL_UNCERTAINTY_ASSIGNED_CONTEXT ( ( #955 ) ) GLOBAL_UNIT_ASSIGNED_CONTEXT ( ( #1861, #7800, #2725 ) ) REPRESENTATION_CONTEXT ( 'NONE', 'WORKASPACE' ) );
#11003 = ORIENTED_EDGE ( 'NONE', *, *, #5328, .T. ) ;
#11004 = VECTOR ( 'NONE', #6174, 1000.000000000000000 ) ;
#11005 = VECTOR ( 'NONE', #1077, 1000.000000000000000 ) ;
#11006 = CARTESIAN_POINT ( 'NONE',  ( 1.490000000000000000, 11.70000000000000100, -20.64000000000000100 ) ) ;
#11007 = ORIENTED_EDGE ( 'NONE', *, *, #199, .T. ) ;
#11008 = PRESENTATION_LAYER_ASSIGNMENT (  '', '', ( #9862 ) ) ;
#11009 = VECTOR ( 'NONE', #5752, 1000.000000000000000 ) ;
#11010 =( GEOMETRIC_REPRESENTATION_CONTEXT ( 3 ) GLOBAL_UNCERTAINTY_ASSIGNED_CONTEXT ( ( #9607 ) ) GLOBAL_UNIT_ASSIGNED_CONTEXT ( ( #4244, #10134, #5110 ) ) REPRESENTATION_CONTEXT ( 'NONE', 'WORKASPACE' ) );
#11011 = DIRECTION ( 'NONE',  ( 0.0000000000000000000, 0.0000000000000000000, -1.000000000000000000 ) ) ;
ENDSEC;
END-ISO-10303-21;
